y_true,y_pred,y_proba
0,0,0.014807111543744918
0,1,0.5856113298373041
0,0,0.0592791743087979
0,0,0.0159191665960359
0,0,0.014901440682161872
0,0,0.028490836608056246
1,0,0.40242295170865655
0,0,0.03303239444980675
1,1,0.6746893376439049
0,0,0.007020452111873109
0,0,0.02953777639055709
0,0,0.01053721284906531
0,0,0.012830152762582583
0,0,0.0019313025333950295
0,0,0.10709499813693457
0,0,0.024433811218624743
0,0,0.03034600650486379
0,0,0.24330403298769654
0,0,0.02562189481003197
0,0,0.07303313151375976
0,0,0.0016749325631589109
1,1,0.9999974214555729
0,0,0.0005824666787163234
0,0,0.2147990131876295
0,0,0.031133763066440723
0,0,0.1955178718363599
0,0,0.0614391022708373
0,0,0.30228680363000077
0,0,0.021796242338943006
0,0,0.009681334967400031
0,0,0.031382107802341096
0,0,0.12864765799035927
0,0,0.004418649538666075
0,0,0.07337462622253246
0,0,0.02536542750137463
0,0,0.03202892477823746
0,0,0.12256752262427821
0,0,0.23962719242547506
0,0,0.054529306469387515
0,0,0.025471538606308786
0,0,0.007183265763336903
0,0,0.02335228702521998
0,0,0.08575571930350474
0,0,0.09830229444567443
0,0,0.293161028343443
0,0,0.0800566544342171
0,0,0.01491593513056361
0,0,0.008723667849868468
0,0,0.29249249685776635
1,0,0.30766246124378305
0,0,0.18925171091488982
0,0,0.0019092879247128078
0,0,0.12443504414659151
0,0,0.055334470966109064
1,1,0.9999966804291738
0,0,0.11062650435237309
1,1,0.999928530827892
0,0,0.028610745122734864
0,0,0.01376752406522867
0,0,0.0131859345515772
0,0,0.00595714571080744
0,0,0.18798839506106846
0,0,0.007916560136735638
0,0,0.0067565249011317585
1,1,0.9999967418747816
1,1,0.9868793377051698
0,0,0.02375335226221708
0,0,0.003803145937862461
0,0,0.06369953353581223
1,1,0.9999944141014446
0,0,0.05473069087975935
0,0,0.01451162271534084
0,0,0.013472472698782396
0,0,0.00042149861434239545
0,0,0.01480610455236348
0,0,0.008642817130325877
0,0,0.018916504205957703
0,0,0.11774385774276619
0,0,0.008362056208105057
0,0,0.059071834399421985
1,1,0.9991063787949174
0,0,0.08902954336632822
0,1,0.5753202923953963
0,0,0.003353986627296333
1,1,0.9999766532327304
0,0,0.06227805732694666
0,0,0.011967282916398274
0,0,0.018931613597892638
0,0,0.15065751097210767
0,0,0.16418246635726397
1,0,0.19011870622416094
0,0,0.07335242098127115
0,0,0.02025821401905539
1,1,0.9621965513210841
0,0,0.0044005501678083024
0,0,0.017783284391492172
0,0,0.014910129965352953
0,0,0.0039584074031438965
0,0,0.024881681084492693
0,0,0.03968851358548374
1,1,0.9999966804291738
0,0,0.00017911352481470854
1,1,0.9999974214555729
0,0,0.08687700336403331
0,0,2.0944821007212456e-05
0,0,0.16741752682233593
0,0,0.009284871364944509
0,0,0.18520995487585618
0,0,0.03035163637834951
0,0,0.022856987364727792
0,0,0.13883883158175317
0,0,0.05758799839192823
0,0,0.07727371464218342
1,1,0.6869823000500699
0,0,0.08195357236951366
0,0,0.008974668289932179
1,1,0.9999967418747816
0,0,0.005269293670067581
1,0,0.48277820899590146
0,0,0.39721539941158585
0,0,0.12334564144599038
0,0,0.05902339486438309
0,0,0.01024100108003194
0,0,0.04381261205160076
0,0,0.38809283360657065
0,0,0.0006199262892311434
0,0,0.011124274470781716
0,0,0.031382107802341096
0,0,0.09866601107840413
1,1,0.9999964734721614
0,0,0.0682506348050494
0,0,0.20399417045076657
1,1,0.9997971779411544
1,1,0.9999967418747816
0,0,0.042909603495948447
0,0,0.039864168014031184
0,0,0.24042575407264086
0,0,0.0022907627202048866
0,0,0.03580232645757211
1,1,0.9999944141014446
1,1,0.993967251653729
0,0,0.0016891891502794395
0,0,0.04819953925404832
0,0,0.006720114128265582
0,0,0.02009797002014562
0,0,0.3181539788982164
0,0,0.06219817972855997
0,0,0.01938458249224715
0,0,0.3085440285330547
0,0,0.0029561259490110173
0,0,0.3085440285330547
0,0,0.004956319084613412
1,1,0.9999979498821073
0,0,0.013174348988608569
0,0,0.09740105184298146
0,0,0.06839080380453587
0,0,0.2772060912940177
0,0,0.02599911130207525
0,0,0.03141991391617134
0,0,0.06811548458884216
0,0,0.014287196483435759
0,0,0.03319550082122969
1,1,0.9979617152922879
0,0,0.02147142438958164
0,0,0.04404979685626802
1,1,0.999998765996982
0,0,0.021385385208644202
0,0,0.0022537826464849317
0,0,0.4549237215723787
0,0,0.15132504325742824
0,0,0.004945027765136813
0,0,0.24503213772463187
0,1,0.5131567507730159
0,0,0.0006649513200787981
0,0,0.01425922455234728
0,0,0.04361351195955826
0,0,0.018470134332500332
1,0,0.3011533087292679
0,0,0.0056253749974307194
0,0,0.10429302025172016
0,0,0.017506816329962253
0,0,0.00283860649543318
0,0,0.012888070395194589
0,0,0.033751275356607734
1,1,0.9989058505717952
1,1,0.9999967421133994
0,0,0.0007392288039950762
1,1,0.999998765996982
1,1,0.9999967418747816
1,1,0.998703078201657
0,0,0.061118305976121404
0,0,0.009385459112414282
0,0,0.08727967325328274
0,0,0.025373448284406807
0,0,0.022240907635250516
0,0,0.017103407866155666
0,0,0.02225010037064756
0,0,0.009629817516798424
1,1,0.999998765996982
1,0,0.46288329456567645
1,1,0.9999298645867918
0,0,0.30663444814112767
1,1,0.9999967418747816
0,0,0.07349387202338108
0,0,0.013494148673635445
0,0,0.17289794970986933
1,1,0.5973055010269056
0,0,0.22313777400185095
0,0,0.01132432987011091
0,0,0.0036432271143454977
0,0,0.019398354859677263
0,0,0.01297130084565677
0,0,0.0012149245799797724
0,0,0.04475696091733897
0,0,0.005041222143528272
0,0,0.06658920783328248
1,1,0.9999966804291738
0,0,0.04495498678877461
0,0,0.1061113865021241
0,0,0.00578846816551792
0,0,0.014603727529154158
1,1,0.9736304696411827
0,0,0.012423047859089096
0,0,0.05239219158873835
0,0,0.005032747769479996
0,0,0.24241946079466076
0,0,0.028408191915220805
0,1,0.5654954395176452
0,0,0.004316772787259067
1,0,0.3931720835217615
0,0,0.0007536440271828032
1,1,0.9877880111621803
0,0,0.0721014110224559
0,0,0.021577866794524555
0,0,0.2325072278388586
1,1,0.9999974214555729
0,0,0.002455521722471271
0,0,0.009967023856540285
1,1,0.9999966804291738
0,0,0.0011253557730002569
0,0,0.04204554897742971
1,1,0.7432990855829007
0,0,0.07110721562710492
1,1,0.9999966804291738
0,0,0.003101088119846662
0,0,0.1545156642395403
0,0,0.033824097235700734
1,1,0.9244427502542373
0,0,0.01672455717750327
0,0,0.01924043802549177
1,1,0.999915564608854
0,0,0.0071188467720073945
0,0,0.01175090016854202
0,0,0.10753980480853972
0,0,0.0018083565389547505
0,0,0.03506329496542057
0,0,0.04868163768165603
0,0,0.000537631543415259
0,0,0.4549237215723787
0,0,0.04979226462326195
0,0,0.1035150176185418
0,0,0.028130532663283834
0,0,0.005970937135725742
0,0,0.3951246145071267
0,0,0.00045384872152820255
0,0,0.0007958304630448484
0,0,0.014347902422617334
1,1,0.9999966804291738
0,0,0.006185576548203319
0,0,0.002683237702313814
0,0,0.00911703082372363
0,0,0.011383475805657753
0,0,0.018705768592627146
0,0,0.013024378496265478
0,0,0.3115488850442968
0,0,0.0878496276868316
0,0,0.004728770804989083
0,0,0.04946857115387864
0,0,0.05829561965848933
0,0,0.12006284896379117
0,0,0.012931114417379038
1,1,0.8954098984329832
0,0,0.025860377066549773
1,1,0.9667585710481882
0,1,0.5842615907625167
0,0,0.003622672630845047
0,0,0.03055672844899252
0,0,0.05998885821249891
0,0,0.002883328259084049
0,0,0.04304369084349306
0,0,0.09294972220182118
0,0,0.016440371907667107
0,0,0.36333490173095373
1,0,0.07448954958698363
0,0,0.09185132693445054
0,0,0.030087379138779558
0,0,0.02414854842225301
0,0,0.012466958078315389
0,0,0.09224711807407693
0,0,0.0034484370462634075
0,0,0.01944044157968503
0,0,0.014703827691755777
0,0,0.03561961675678374
0,0,0.06368461540736942
0,0,0.11062644990313023
0,0,0.03136187354382858
0,0,0.007460079359097203
0,0,0.039316384119309454
0,0,0.029154505353860403
0,0,0.4330363305425265
0,0,0.0011327331437805425
0,0,0.4224068605829569
0,0,0.013382977539033905
0,0,0.02824961226190561
0,0,0.012813137984178718
0,0,0.03260594749740712
0,0,0.012646055726313976
1,1,0.9999964734721614
0,0,6.301445766842241e-05
0,0,0.05113349925976549
1,1,0.9999977168367039
1,1,0.9999986485205823
0,0,0.09217931814449064
0,0,0.01687628189008566
0,0,0.16199197580074642
0,0,0.022112391806642324
1,1,0.9999202191461362
0,0,0.035594499400069556
0,0,0.019792644461254914
0,1,0.6739730354118404
1,1,0.9999977168367039
1,1,0.9165569391123046
0,0,0.034063986172270806
0,0,0.019599186784471825
0,0,0.00032602618240732583
1,1,0.9999911655392478
0,0,0.00028572254149334016
0,0,0.003055423178032531
0,0,0.014888735505057506
0,0,0.36039154166365905
0,0,0.002357218850613922
0,0,0.00390984197685567
1,1,0.999998765996982
0,0,0.01864644611940322
0,0,0.01092780126187194
0,0,0.03439837924872412
0,1,0.5995599649459091
0,0,0.34194615380407956
1,1,0.8876300467662886
0,0,0.06726550106183438
0,0,0.019372666724166467
0,0,0.02258862271825332
0,0,0.4549237215723787
0,0,0.00885047228800786
0,0,0.016214806451197765
1,1,0.5754436079882903
0,0,0.01792654475873502
0,0,0.015731285300890428
0,0,0.01901023569888089
0,0,0.005288141594947671
0,0,0.008612218687853647
0,0,0.10868415870591691
0,0,0.20762417472261802
0,0,0.004741397992087916
1,1,0.9999981310497241
0,0,0.1667464428315271
0,0,0.004579942695077424
0,0,0.03960779319842123
0,0,0.027102367080316252
1,1,0.9999986485205823
0,0,0.02577731772735326
0,0,0.014571505447239178
0,0,0.016607253119209693
0,0,0.09887202472690991
0,0,0.00012482359698499305
0,0,0.07730681478002828
0,0,0.04231501375064345
0,0,0.09294972220182118
0,0,0.005202994845996929
0,0,0.011284726284063995
0,0,0.015310942125189245
1,1,0.9501538789271645
1,1,0.9999974214555729
0,0,0.037437874644463714
0,0,0.0001413387921374175
0,0,0.3846088116825737
0,0,0.005797439105779711
0,0,0.010862442949203403
0,0,0.062023251230031363
0,0,0.11082031859572354
0,0,0.051680644683927135
0,0,0.0012954254438502222
0,0,0.07320542274472348
0,0,0.3064794475940181
0,0,0.04339965290703713
0,0,0.009457767769889703
0,0,0.007440215658702291
0,0,0.00664245992633313
0,0,0.10795252369073086
0,0,0.023403998273933434
0,0,0.0710451969170564
0,0,0.01105515655015349
0,0,0.22366744034109276
0,0,0.04550219102081986
0,0,0.0050014176469846405
0,0,0.00428415574815103
0,0,0.003854077287642124
0,0,0.015228706806000861
0,0,0.15558399510521945
1,1,0.99249995081136
0,0,0.18792756094893479
0,0,0.010633215940790062
1,1,0.9999966804291738
0,0,0.035338825976239836
0,0,0.020800724835351544
1,1,0.9998710415765693
0,0,0.031072867256777346
0,0,0.010585066079509858
0,0,0.012737425432925019
0,0,0.019442327964191184
0,0,0.006103803601240983
0,0,0.028270805697384473
0,0,0.031640105346384874
0,0,0.01040882944445667
0,0,0.10973738907867109
0,0,0.014583782640304308
0,0,0.01015109836044939
0,0,0.0073249774877999566
0,0,0.022151592973570767
0,0,0.042928418533667426
0,0,0.008368478716058707
0,0,0.20644635435246023
1,1,0.998697166494207
0,0,0.024534336355935393
0,0,0.028077146558608105
0,0,0.04315491384848418
0,0,0.0008660729333957666
0,0,0.027763455155067174
0,0,0.0065153873940260645
0,0,0.059864190532751695
1,0,0.12099451458060778
1,1,0.9540770370461449
0,0,5.046870826648522e-05
0,0,0.0004279934530012527
1,0,0.003607577229071763
0,0,0.07203946546869598
0,0,0.01644291116669598
0,0,0.0002021166825928044
1,1,0.999915564608854
0,0,0.06699953122968176
0,0,0.04567974681934238
1,1,0.9976470939073567
0,0,0.015160370925062606
0,0,0.07907790547554197
0,0,0.001166186034065596
0,0,0.020395631671083343
0,0,0.06213354923117396
0,0,0.059071834399421985
0,0,0.045051393946234204
1,1,0.999995874961105
0,0,0.007568602386471243
0,0,0.06903615650724176
0,0,0.030986172664248458
0,0,0.0007305113929565725
1,1,0.9984282525842969
1,0,0.24693138553710373
0,0,0.0033465122704931047
0,0,0.06460269659728722
0,0,0.004441653020048105
0,0,0.06572426341406115
0,0,0.007044529912801948
1,1,0.9999094556934308
1,1,0.9373479518196728
1,0,0.34271066352312124
0,0,3.6401171136144345e-05
0,0,0.05475410776963124
0,0,0.006909297684615194
1,1,0.7635186010808295
1,0,0.21660581048368593
0,0,0.13257063846266304
0,0,0.33277048281541444
0,0,0.0006462527903417826
0,0,0.017472806470279253
0,0,0.0023468935449698193
1,1,0.9907914023965074
0,0,0.19195842706401087
0,0,0.023587562312753312
0,0,0.0059252722138978765
0,0,0.06117147296514907
1,1,0.9999971242915849
0,0,0.07934522001055719
0,0,0.02451747998460093
0,0,0.20416542965870788
0,0,0.007006334299641685
0,0,0.0016874302158376
0,0,0.005342069071408174
0,0,0.021965524253855444
0,0,0.03832687873204114
0,0,0.017232814339800222
0,0,0.0012914801471500424
0,0,0.09735824037023821
0,0,0.06491324631387357
1,0,0.31614114804811877
0,1,0.6159013742943887
0,0,0.0020660104637934365
0,0,0.020451052241522678
0,0,0.024229649377845924
0,0,0.004980962570342087
0,0,0.0024460317032646774
0,0,0.33000016086585937
0,0,0.05769860531420223
0,0,0.03980007570144651
0,0,0.0033107658093678347
0,0,0.3315923605950882
0,0,0.10827145200776704
0,0,0.3032766018842613
0,0,0.0036586908492284172
0,0,0.011177025765015162
0,0,0.013499221933307015
0,0,0.03265225939587562
0,0,0.005561268176080912
0,0,0.0050446605241621905
1,1,0.982455357387503
0,0,0.15695777130342264
0,0,0.09578972553722472
0,0,0.009465562488269824
1,1,0.9999966804291738
0,0,0.00686174489204814
0,0,0.007682598209041479
1,1,0.9999967421133994
0,0,0.11644473220099347
0,0,0.06453455315475307
0,0,0.014201047946059702
0,0,0.07710682831644931
0,0,0.0024460317032646774
0,0,0.03220241063040975
0,0,0.0777673532367284
0,0,0.027661877526786397
0,0,0.022198933254522876
0,0,0.06077656467825216
0,0,0.01285755908142255
0,0,0.0032452621820088343
1,0,0.11264417214243705
0,0,0.02115577642807045
1,1,0.9999964734721614
0,0,0.03241651340368653
0,0,0.12770706430928258
0,0,0.1726639095894728
1,1,0.9769073064451473
0,0,0.05037459098488181
0,0,0.002799407989763314
0,0,0.18854611708218896
0,0,0.01816745344619627
1,1,0.9910135862634494
0,0,0.018617755424557337
1,1,0.9999966804291738
0,0,0.004819428133375467
0,0,0.013752688225975291
0,0,0.016848701909789456
1,1,0.9627688245822903
0,0,0.09392462444150201
1,1,0.9598277487480176
1,1,0.9999967418747816
0,0,0.05657431050847056
0,0,0.014135656663096272
0,0,0.01160486697633554
0,0,0.055101923419565976
0,0,0.00023121312074454066
0,0,0.30158973320152793
1,1,0.9999964734721614
1,1,0.9999966804291738
0,0,0.3838996945185977
0,0,0.15134212794535523
0,0,0.0010329652043541495
1,1,0.9999964734721614
0,0,0.00714520756481604
0,0,0.016035673285390337
0,0,0.021793627020121553
0,0,0.005060528682117044
0,0,0.002560949063619837
0,0,0.3085440285330547
0,0,0.3085440285330547
0,0,0.00023465262353741624
1,1,0.999998765996982
0,0,0.20718522166083633
1,1,0.9749358210868357
0,0,0.033019182486776814
0,0,0.09132435716431556
0,1,0.6771004175882059
0,0,0.1149538427683572
0,0,0.19543757609597073
0,0,0.013852623066879777
0,0,0.025000509440652154
0,0,0.03524398029994948
0,0,0.009691183121457088
0,0,0.006033714541196829
0,0,0.0467095089286181
0,0,0.005783862841526548
1,1,0.9999974214555729
0,0,0.007593360090730192
0,0,0.015032381289535476
0,0,0.018134290330300867
0,0,0.06584548515398475
0,0,0.10858199909899907
0,0,0.004322281071201824
0,0,0.136716440431623
0,0,0.019389263500926266
0,0,0.08907318330260756
1,1,0.9999974214555729
0,0,0.019065134827836654
0,0,0.015263187660159787
0,0,0.015604855789519718
0,0,0.002476048352075094
0,0,0.029993587982442376
1,0,0.3212019152761691
0,0,0.10244271724555462
0,0,0.09624424669814335
0,0,0.006897319137066531
0,0,0.004161264112748698
0,0,0.004085141386801308
0,0,0.013916342522184324
0,0,0.060909974723494006
0,0,0.033588081464012695
0,0,0.013499221933307015
0,0,0.43750593178616165
0,0,0.010024543051347623
0,0,0.2715502490806171
0,0,0.007224790065936675
0,0,0.05989402642798733
0,0,0.12533529857027162
0,0,0.004674066370843235
0,0,0.03522275156717566
0,0,0.007851793648751233
0,0,0.006947553853890174
0,0,0.0033497860980936265
0,0,0.006968577305402398
0,0,0.048769697549435435
0,0,0.024536366950783033
0,0,0.1645545293740881
0,0,0.01981703773712845
1,1,0.9999962623084329
0,0,0.02301522898882254
0,0,0.0033926651662604846
1,0,0.01731239856241639
0,0,0.0202368362229055
1,1,0.9986865734520055
0,0,0.09144454585525981
0,0,0.006196283545182399
1,1,0.9999966804291738
0,0,0.007740211863116909
0,0,0.04113095608343304
0,0,0.02304709218338914
1,1,0.9862014966042078
0,0,0.008649900772543821
0,0,0.0006568734282056678
0,0,0.025180748589845446
0,0,0.0032510278060977663
0,0,0.04873775155431276
0,0,0.06645829755476258
0,0,0.07274924850137297
0,0,0.00043570993686263944
0,0,0.03531401012806995
0,0,0.13429909274182855
0,0,0.22399518082571482
0,0,0.022860011424271458
0,0,0.015989018511870203
0,0,0.01670231750426709
0,0,0.04025278703698788
0,0,0.022641921017533637
0,0,0.0056253749974307194
0,0,0.013153469820027873
0,0,0.019272836621380483
0,0,0.021510979442967332
0,0,0.019482839109176437
0,1,0.5838506909959524
0,0,5.9026036049484314e-05
0,0,0.07021627520300956
0,0,0.0051265645834537394
0,0,0.00392491842531021
0,0,0.04186491874648879
1,1,0.9598277487480176
0,0,0.07882749730931604
0,0,0.012193025780039415
1,1,0.9999981310497241
0,0,0.0002415772964971242
1,0,0.254856082998704
0,0,0.006794147340329756
1,1,0.89275415126758
0,0,0.034729195622054586
1,1,0.9880981066083241
1,1,0.9999966804291738
0,0,0.005304372909324795
0,0,0.017817441458969335
0,0,0.011082606720109009
0,0,0.022057593023227875
0,0,0.2736097229270114
0,0,0.01893914791541741
1,1,0.9764860155776663
0,0,0.08690559081350221
0,0,0.07808781134334707
0,0,0.01656295783083402
0,0,0.013242937898341585
0,0,0.029720633866765885
0,0,0.0010183717558994098
0,0,0.03167192510935961
0,0,0.027383043290161127
0,0,0.0040860972450882365
0,0,0.006195950372561509
0,0,0.009368724070984668
0,0,0.10257001198430792
0,0,0.08014662935851329
0,0,0.02323680205942063
0,0,0.12472350918072214
0,0,0.04480128405784842
0,0,0.009998329280332828
0,0,0.0035169533758601843
0,0,0.012584524946137354
0,0,0.07889054007718199
0,0,0.4520969679169435
0,1,0.8450348815015504
0,0,0.015976346520974568
0,0,0.00153164255771962
0,0,0.033716560308997806
0,0,0.015749414496466514
1,1,0.9999986485205823
0,0,0.004155209474471443
1,1,0.6552740753903151
0,0,0.07254541658832947
0,0,0.004238115646608214
1,1,0.9869186508637005
0,0,0.10334013145085212
0,0,0.05666896399787933
0,0,0.041700368880232194
0,0,0.02061491819521099
0,0,0.0032711605643044343
0,0,0.01146691795145696
0,0,0.00507676468787277
0,0,0.057550076221886626
0,0,0.001970646219424278
1,1,0.9807603498590227
0,0,0.07113891203558961
0,0,0.29367947672439126
0,0,0.037807908196230866
1,1,0.8153102636399924
1,0,0.38809283360657065
0,0,0.00036768973415727527
0,0,0.026323085012373893
0,0,0.023006036719861647
1,1,0.9999966804291738
0,0,0.015318591150247831
0,0,0.0095392630429768
1,1,0.9727211732417885
1,1,0.9999966804291738
0,0,0.006960977941949568
1,1,0.9256728211284965
0,1,0.5775137107009355
0,0,0.016039414013536563
0,0,0.04235323697992381
0,0,0.0009351390632064005
0,0,0.09830798564392275
0,0,0.0022027543189100315
0,0,0.020777755687102804
0,0,0.007608510638376209
0,0,0.006968577305402398
0,0,0.024759320933446096
0,0,0.08239212121690472
0,0,0.03780422381441676
0,0,0.32408266731124746
1,1,0.9856842865908936
0,0,0.14708103481308665
0,0,0.009753557288647057
0,0,0.0716665382304448
0,0,0.007967433160451124
0,0,0.24424146083649267
0,0,0.0012959091831333878
0,0,0.056346084731516616
0,0,0.026040222030437626
0,0,0.0091459156195311
0,0,0.014313207298631357
0,0,1.1128226180628186e-05
0,0,0.12027552735274659
0,0,0.1691962947994216
0,0,0.017703471754364625
0,0,0.3085440285330547
0,0,0.1132201284694324
0,0,0.003106997965876529
0,0,0.09250443895509997
0,0,0.0012707534076158097
0,0,0.03743379900684237
0,0,0.10882611660576028
0,0,0.02146379379589231
0,0,0.043141742885021414
0,0,0.01568537490087869
0,0,0.06991556006632195
0,0,0.030863462047132886
0,0,0.11772686866905334
0,0,0.029125899913023785
1,0,0.1368895279878159
0,0,0.013227350280624807
0,0,0.01906828317946188
0,0,0.03790477982056752
0,0,0.01516691942927738
0,0,0.0209748529276052
0,0,0.014843752838611616
0,0,0.2615660739140181
0,0,0.019548158735654016
0,0,0.03158061022444691
0,0,0.41007075356039385
0,0,0.003361071346906161
0,0,0.03574329624859347
1,1,0.8474651508354899
0,0,0.03316701696242984
0,0,0.056886015134493366
0,0,0.2842388202707215
0,0,0.011934783943915261
0,0,0.01350243209731135
0,0,0.0003245929124470479
0,0,0.1675902493709218
0,0,0.002603780928868191
0,0,0.21053810998294206
0,0,0.11256572769402325
0,0,0.047181657920034696
0,0,0.02750849113150779
1,1,0.9912080980030457
0,0,0.01681917598979639
0,0,0.003288723132264826
0,0,0.015719443607391727
0,0,0.11405044377964633
0,0,0.02321993200300247
0,0,0.00076102495335269
0,0,0.4097957352124084
0,0,0.12148198436511239
0,0,0.013499221933307015
0,0,0.05832010938852125
0,0,0.16727652033779675
0,0,0.13461560194655617
0,0,0.0033440196982689996
0,0,0.2309068697068961
0,0,0.0017101807723018194
0,0,0.04378817880432257
1,1,0.9999974214555729
0,0,0.047097370007099404
0,0,0.23272810061581573
0,0,0.006464413562368586
0,0,0.007851829647945117
0,0,0.0515189588609629
0,0,0.005653803837689147
0,0,0.01850506495714535
1,1,0.9999974214555729
0,0,0.04047591099697443
0,0,0.13537861215760005
0,0,0.3857101492110346
0,0,0.10971601897256833
0,0,0.005060913734969965
0,0,0.03053783226795303
1,1,0.6081817583208506
1,1,0.9999966804291738
1,1,0.9999967418747816
0,0,0.041442089716899104
0,0,0.013499221933307015
1,1,0.9999966804291738
1,1,0.9999964734721614
0,0,0.007745716012365725
0,0,0.036722711021861684
1,1,0.9999986485205823
0,0,0.04472722124434534
0,0,0.026740069712439387
0,0,0.04938198489428315
0,0,0.026149670373388337
0,0,0.00019763720424381754
0,0,0.020239873546191493
0,0,0.07793366583520656
0,0,0.06373614644472288
0,0,0.0017713650548937504
1,1,0.9999944141014446
1,1,0.9862871843398804
0,0,0.005992760630998561
0,0,0.018896979145020518
0,0,0.05979607871228587
1,1,0.9999966804291738
1,1,0.9771179293908973
0,0,0.022984052631617923
0,0,0.005175037708284158
0,0,0.45702870594244055
0,0,0.006278523148461372
0,0,0.38348306739351895
0,0,0.05398626451453423
0,0,0.013465234711846436
0,0,0.25044622392116667
0,0,0.012230161637867004
0,0,0.010339886217821366
0,0,0.02040868435851789
0,0,0.001502746623940288
0,0,0.04628922269792415
0,0,0.01117573712795904
0,0,0.21641300478846612
0,0,0.014871142265197815
0,0,0.044099260366398885
0,0,0.21152885610953873
0,0,0.014776515204768892
0,0,0.019909658474095822
0,0,0.07763059297771888
1,0,0.38660479504884676
0,0,0.00793117324398838
1,1,0.9912036214938417
0,0,0.12864376019551269
0,0,0.017305074448519323
1,1,0.9999977168367039
1,1,0.9999298645867918
0,0,0.10404613912419813
0,0,0.0555259904607341
0,0,0.027680007562286092
0,0,0.0005101583391183736
0,1,0.5568926357696397
0,0,0.020548578430511194
1,1,0.9999944141014446
0,0,0.004971223959744204
0,0,0.0713153255700893
0,0,0.0024674219615615713
0,0,0.0585306789209166
0,0,0.021319289936580645
1,1,0.9999974214555729
0,0,0.009406981355300456
0,0,0.4827596603527495
0,0,0.14218181335803134
0,0,0.0010238089358460736
0,0,9.710312222850308e-05
0,0,0.057571724161817134
0,0,0.0036373267680160117
1,1,0.9999986485205823
0,0,0.0052765788515959445
0,0,6.801906649404131e-05
0,0,0.006921299033756538
0,0,0.15248807803217954
0,0,0.19782646604079812
0,0,0.00048284492667049095
0,0,0.0825703760210286
0,0,0.039487814169933314
0,0,0.005275383207905566
0,0,0.018805512070670237
0,0,0.19182246019005383
0,1,0.5952678979030198
0,0,0.25167430315911304
0,0,0.08449128501948988
0,0,0.0144448574405769
0,0,0.3085440285330547
0,0,0.010351749936116903
0,0,0.01599073023704577
0,0,0.012554212738066733
0,0,0.00011912005612423959
0,0,0.06640932141446447
1,0,0.33849438775664226
0,0,0.09270159786887854
0,0,0.2772060912940177
0,0,0.03524325612187368
0,0,0.0611100198559769
0,0,0.08575085927627112
0,0,0.008315822745694722
0,0,0.15810854856113343
0,0,0.08079121103106447
0,0,0.23694006760065375
0,0,0.0462759473825835
1,1,0.9999974214555729
0,0,0.063958982393848
0,0,0.09360451160191754
0,1,0.7256336977818351
0,0,0.0064866696491407295
0,0,0.03695356530164849
0,0,0.01808465778451492
1,1,0.9999967421133994
0,0,0.14798053562645339
0,0,0.027060052418047816
0,0,0.13708911185024997
0,0,0.05296330831851768
0,0,0.02869947338189139
0,1,0.7399259314803245
0,0,0.0016655990797542842
0,0,0.00345444589519521
0,0,0.00889500103860738
0,0,0.0523967090130672
1,1,0.9999966804291738
0,0,0.002065329812692164
0,0,0.14818994027630358
0,0,0.020580008263290747
0,0,0.3645952593455218
0,0,0.06623054448807854
0,0,0.0442434099967995
0,0,0.0933875949847166
1,1,0.9978296901801436
0,0,0.03681351126916946
0,0,0.013499221933307015
0,0,0.008865534769689758
0,0,0.03855802059884652
1,1,0.9999966804291738
0,0,0.017248635260668686
1,0,0.3128757157093065
0,1,0.5132918927926338
0,0,0.17058996330469203
0,0,0.028593991520921586
0,0,0.059600988483718566
0,0,0.0734119770991536
1,1,0.6864857709548677
1,1,0.9999974214555729
0,0,0.40242295170865655
0,0,0.34400094800276404
0,0,0.012266338130434373
0,0,0.007013172323007071
0,0,0.006407269834696441
0,0,0.018740466769533663
0,0,0.24602461639098117
0,0,0.003473879640820396
0,0,0.32683799578823985
0,0,0.0430812981547688
0,0,0.0169010814918274
1,1,0.9942429905584079
0,0,0.13949866595911772
0,0,0.030220003481798787
0,0,0.022333839409534595
0,0,0.11787982612474666
1,1,0.9589385768928749
0,0,0.025002184298796994
0,0,0.06397476084094647
1,1,0.9999974214555729
0,0,0.09894356844162416
0,0,0.017504759055349258
1,1,0.9999966804291738
0,0,0.0020270566009913623
0,0,0.0013859575238860111
1,1,0.8902243485528532
0,0,0.4856674928579105
0,0,0.018609470458478588
1,1,0.9999967418747816
0,0,0.005700992034547828
1,1,0.993967251653729
0,0,0.05872997462845206
0,0,0.02510095684585571
0,0,0.09586862951487887
0,0,0.11867951304979224
0,0,0.0580413802153912
0,0,0.11299201369538396
0,0,0.008472501786326646
0,0,0.08441400618745494
0,0,0.02323802539433136
0,0,0.005276430865485289
0,0,0.059595593114922775
0,0,0.0011298138032337457
1,1,0.9999986485205823
0,0,0.053367152267261415
0,0,0.13170662713956666
0,0,0.010884392786372751
1,1,0.9961655661918465
0,0,0.17939201207817682
0,0,0.02756034703113653
1,1,0.9999986485205823
1,1,0.9999982935068383
0,0,0.14971081177275103
0,0,0.48697187420033045
0,0,0.0013349934060880697
0,0,0.037877148009363135
1,1,0.9999966804291738
0,0,0.1879267674107185
0,0,0.014617380310248219
0,0,0.06374194943858462
0,0,0.0008618657676355906
0,0,0.05531940517964519
0,0,0.007755587869215312
0,0,0.02682274779246166
1,1,0.9999966804291738
0,0,0.1523208602236454
0,0,0.01910102670322347
1,1,0.9999974214555729
0,0,0.10653872885339141
1,1,0.9956586441355241
0,0,0.09990780779665907
0,0,0.09103952808558795
0,0,0.012132146161615995
0,0,0.004073523685871121
0,0,0.0065439213312576735
0,0,0.0874635742836274
0,0,0.023239347133595625
0,0,0.03788143541011434
0,0,0.0072225896340256685
0,0,0.023604774045318196
0,0,0.014335000814700025
0,0,0.018213707627053453
0,0,0.025655099060561515
0,0,0.006735941959954836
0,0,0.005515434993484549
1,1,0.9999979498821073
0,0,0.003659145955313907
0,0,0.049599445087166814
0,0,0.005365255254515481
0,0,0.029720633866765885
0,0,0.11309707293542876
0,0,0.06553095308465079
0,0,0.03385662669334977
0,0,0.002945039712279801
0,0,0.0007935135286486102
0,0,0.0011687232019095045
1,1,0.7193929227954132
0,0,0.030585393951634614
0,0,0.034032652811438344
0,0,0.02288281951543192
0,0,0.006085575711692212
0,0,0.028059417274181722
0,0,0.007510009946869444
0,0,0.02655032752155628
0,0,0.15939521424396536
0,0,0.07440773379330103
0,0,0.015457098560033692
1,1,0.5654954395176452
0,0,0.0086368976903915
0,1,0.6358341988390813
0,0,0.006981855936862809
0,0,0.017237575443102122
0,0,0.006028458614141943
0,0,0.04544099768037707
0,0,0.14476172635101384
0,0,0.03988375310928451
0,0,0.08851934721918946
0,0,0.06787587871522612
0,0,0.02000827398051102
0,0,0.047097370007099404
1,1,0.9583215955995099
0,0,0.35794393180337536
1,1,0.9999967421133994
0,0,0.10306451096355676
0,0,0.019937380776299585
0,0,0.2602001597736685
0,0,0.30368755929256824
0,0,0.0005429342359864082
0,0,0.25044622392116667
1,1,0.9999974214555729
0,0,0.1341163977769937
1,1,0.9999964734721614
0,0,0.0010485269165389926
0,0,0.0864281570653021
0,0,0.02824040842087784
0,0,0.010720225059988877
0,0,0.38809283360657065
0,0,0.02295401616763219
0,0,0.042537037863641644
0,0,0.03924789857130777
1,0,0.2427865226747299
0,0,0.07564219868602493
0,0,0.0022458653128630476
0,0,0.02228446716009967
0,0,0.00468030004162008
0,0,0.015140018096858334
0,0,0.20584971818767528
0,0,0.039643583059786935
0,0,0.08238238589135895
0,0,0.003841779902650283
0,0,0.0290495609938442
0,0,0.038460285994443365
0,0,0.06144806390116785
0,0,0.0037159660741139747
0,0,0.027583107625826327
0,0,0.0166147737116134
0,0,0.031994853927800125
0,0,0.10166990559501725
0,0,0.006754903240621903
0,0,0.3281468612269945
0,0,0.0318571284655264
0,0,0.0047223526325330025
1,1,0.9999974214555729
0,0,0.03785869005792163
0,0,5.9026036049484314e-05
0,0,0.007549429631294514
0,0,0.01687929548124038
0,0,0.026249433996079326
1,0,0.37555809661686856
1,1,0.9999974214555729
1,0,0.12582203696751762
1,1,0.9999881613643185
0,0,0.012682614736532098
0,0,0.04069747039233063
0,0,0.0014276898583979495
0,0,0.024923843058901822
0,0,0.004178077289981969
0,0,0.35794316934371245
0,0,0.02846463899027212
0,0,0.20745019025302133
0,0,0.13500245659398444
0,0,0.006807092168043352
0,0,0.008465800143645761
0,0,0.014825456563617553
0,0,0.149622917463074
0,0,0.06377826344636284
0,0,0.007572276561029378
0,0,0.30594455689308214
1,1,0.9999964734721614
1,1,0.6493029854121829
0,0,0.055681102083669984
1,1,0.9999974474866807
0,0,0.02300532396167439
0,0,0.1816598300549158
0,0,0.39397444319461433
1,1,0.9981090446127147
1,1,0.8283065670563866
0,0,0.09492342042577337
0,0,0.010261138131341361
0,0,0.08469800387183167
0,0,0.3085440285330547
0,0,0.014988935406979839
1,1,0.9999094556934308
0,0,0.40962558880364963
0,0,0.10264779771817187
0,0,0.0008347721392968048
0,0,0.0064130889431132715
0,0,0.11087987437626841
0,0,0.04814874581077272
0,0,0.328352610243411
0,0,0.001114481254786871
0,0,0.3677982792340104
0,0,0.48164900195120575
0,0,0.08494205346949785
0,0,9.803935866094995e-05
0,0,0.007593360090730192
0,0,0.004876882111153853
0,0,0.028186932989900975
1,1,0.9999974214555729
0,0,0.3513877543337305
1,1,0.6330499735189749
0,0,0.0011691549624161877
1,0,0.1025897641395282
0,0,0.06693272591449231
0,0,0.015297189656459795
0,0,0.004107342174060386
0,0,0.03821964475172688
0,0,0.13741125834020598
0,0,0.02005359606468832
0,0,0.10754624278719851
1,1,0.9999964734721614
0,0,0.005295693494093307
0,0,0.0004573236665408031
1,1,0.9185946508243297
0,0,0.017035831904255498
0,0,0.08185527864583521
0,0,0.2710811956554557
0,0,0.040826409818363614
0,0,0.011169321033658475
0,0,0.05590637054727327
0,0,0.04809915252084628
0,0,0.20769590427126272
0,0,0.022277258837886286
0,0,0.024544239296419603
0,0,0.027866746524160227
0,0,0.09238506428804363
0,0,0.016115632654562895
0,0,0.009161661213175833
1,1,0.9643389157110991
0,0,0.042742379440359204
0,0,0.03327506609948264
0,0,0.019599186784471825
0,0,0.006805233995208861
1,1,0.9908792363904179
0,0,0.004511869300163574
0,0,0.02309020259807465
0,0,0.036944287078759214
1,1,0.9687354239047208
0,0,0.08128117339203257
0,0,0.08721343598112757
0,0,0.03355439488510201
1,1,0.7760935144954295
0,0,0.06927467350588988
0,0,0.06082427136502734
1,1,0.5073841929061501
0,0,0.017566144178421846
1,1,0.9999889516030024
1,1,0.9999966804291738
0,0,0.0005906956137062967
0,0,0.06008519205084502
0,0,0.05531940517964519
0,0,0.0996043134477931
0,0,0.010814337266278506
1,1,0.6386581697681838
0,0,0.012180472667815669
0,0,0.009436103739279094
0,0,0.4391502757170056
0,0,0.015741369080382126
0,0,0.056567843688946365
0,0,0.004614860871192745
0,0,0.012630136848792804
0,0,0.015365747838215912
1,1,0.9999974214555729
0,0,0.005689499041441108
1,1,0.9095558075399222
0,0,0.000537389950643623
0,1,0.5654954395176452
0,0,0.05621286286331898
0,0,0.062491559000167805
0,0,0.03249725481864386
0,0,0.04328950792352806
0,0,0.08957836834666809
1,1,0.9999967418747816
1,1,0.9823075207760394
0,0,0.0739682039321515
0,0,0.36897291227475604
0,0,0.0003874314096531647
0,0,0.012154865200239227
0,0,0.0036828471447337688
1,1,0.9972623678024288
0,0,0.16233676050928822
0,1,0.5461681516649493
0,0,0.011303522279771277
0,0,0.038101622764526076
0,0,0.0193006600659048
0,0,0.24900569677117582
0,0,0.13511572962459045
0,0,0.39717870113315623
0,0,0.007430818814893814
0,0,0.013665935916090279
0,0,0.07331969242970818
0,0,0.0538660067501448
0,0,0.018805512070670237
0,0,0.011578369807594661
0,0,0.08810014552186017
0,0,0.012450099850319748
0,0,0.055739049922120046
0,0,0.05527749523035985
0,0,0.012091785841960537
0,0,0.02294357739992443
0,0,0.008015266106835138
0,0,0.32587811292663754
0,0,0.14168056294373138
0,0,0.06226619882744355
0,0,0.02230264670397622
0,0,0.10760513454710645
0,0,0.017600279814393143
0,0,0.009166649032286336
0,0,0.010601732409867752
0,0,0.05848145149812057
0,0,0.027913096583330153
0,0,0.08702646461524653
0,0,0.09015806647825107
1,1,0.999998765996982
0,0,0.007332471961972086
0,0,0.005931783450431822
0,0,0.029328336666231303
0,0,0.08565756953447731
0,0,0.02252705327146715
1,1,0.9999966804291738
1,1,0.9999964734721614
1,1,0.67599146012619
0,1,0.6022651010975961
0,0,0.1299093195471882
0,0,0.0033762652078760803
0,0,0.00361545124965704
1,1,0.9999974214555729
0,0,0.014997015902730317
0,0,0.012559186487982169
0,0,0.011147591510897434
0,0,0.049339633121644334
1,1,0.9999966804291738
1,1,0.9477919565515264
0,0,0.006004890445227735
0,0,0.033366050974217104
0,0,0.003639428672574236
0,0,0.03961508539592778
0,0,0.20241866868391775
0,0,0.25469272298539336
0,0,0.17601940161003857
0,0,0.021196527833220416
0,0,0.03513153418026885
0,0,0.017376673914587616
0,0,0.15905937902650422
0,0,0.2927723400676811
1,1,0.9871160352202366
0,0,0.03636805251402702
0,0,0.22480449176444964
0,0,0.012995270580284162
0,0,0.030793165718478684
0,0,0.004238995588386683
1,1,0.9999979498821073
0,0,0.47477092808080945
0,0,0.3085440285330547
0,0,0.020837255259254766
0,0,0.007498893592489348
0,0,0.02051557966983337
0,0,0.008805244269930521
0,0,0.012713795372707845
1,1,0.9911344989531045
1,0,0.40242295170865655
0,0,0.01970842171256944
0,1,0.5160057304568518
0,0,0.1930076179071805
1,1,0.9999094556934308
0,0,0.008242399590658943
0,0,0.2565386691259464
0,0,0.014770790340649518
1,1,0.9841845647369776
0,0,0.02736720992992587
0,0,0.15541980447372983
0,0,0.355347397847881
0,0,0.004975854289619051
0,1,0.5995599649459091
0,0,0.2155168415897161
0,0,0.0038657657287817586
0,0,0.25484990280908165
0,0,0.06382475855287427
0,0,0.003912467527509948
1,1,0.999998765996982
1,1,0.5823219981763653
0,0,0.01673289246294612
0,0,0.04145805063177231
0,0,0.018797745123669864
0,0,0.02704120154883641
0,0,0.03989062415691893
0,0,0.3085440285330547
0,0,0.023637505718096016
0,0,0.04197809000690074
0,0,0.0026160265726658007
1,1,0.9999974214555729
0,0,0.0008480289090246779
0,0,0.03730482942887966
0,0,0.07161634638198867
0,0,0.0013505903111968366
0,0,0.006857586601843034
0,0,0.0921054393632018
0,0,0.008014386513824412
0,0,0.033066371870413044
0,0,0.0011590260254460713
0,0,0.002944666949605463
0,0,0.2067618593489182
0,0,0.10192727219880049
0,0,0.012322014530835285
0,0,0.08471928139074303
0,0,0.0031395981572681073
0,0,0.007815645550308822
0,0,0.037656109231961256
0,0,0.008956182568732374
1,1,0.9999974474866807
0,0,0.011119106011083917
0,0,0.007114720571914515
0,0,0.2269202620254253
1,1,0.9823075207760394
0,0,0.0641890797693102
0,0,0.0468360235088986
0,0,0.000538712889780768
0,0,0.048314436528136225
0,0,0.002767189381523247
0,0,0.05669534790859269
1,1,0.9777852595355522
0,0,0.015521446479129723
0,0,0.02952531193535909
1,1,0.9911344989531045
0,0,0.3352404471790197
0,0,0.008570833005445115
0,0,0.2332933873525218
0,0,0.02146379097412019
0,0,0.38809283360657065
1,1,0.9999986485205823
0,0,0.02380344211907713
0,0,0.047902014166019066
0,0,0.002908239738144268
0,0,0.016947312675441167
0,0,0.009066975155838817
0,1,0.5030186431691377
1,1,0.9999966804291738
0,0,0.00255278669982683
0,0,0.011508513634123979
0,0,0.04664028997962834
0,0,0.03327506609948264
0,0,0.018421204911841335
0,0,0.021202488414691394
1,1,0.9999979498821073
0,0,0.14038779991664238
0,0,0.035559361742182584
0,0,0.26477703489257154
0,0,0.015679141374260384
0,0,0.014234335761778924
0,0,0.08978848479963124
1,0,0.03296706295400237
0,0,0.09094063364131807
0,0,0.001416579630225526
0,0,0.026680078317776572
0,0,0.06138306607989893
0,0,0.0211156067374846
0,0,0.04404979685626802
1,0,0.4549237215723787
1,1,0.9999964734721614
0,0,0.0918201088184584
1,1,0.9999974214555729
0,0,0.017132699339426113
0,1,0.5041402025281763
0,0,0.00024637103583270925
0,0,0.0001999344658684906
0,0,0.03313555990712285
0,0,0.0712691173111526
0,0,0.007755372552462111
0,0,0.006733709693688511
1,1,0.9837488042656024
1,1,0.9999967418747816
0,0,0.11474284091169908
0,0,0.042037557745681374
0,0,0.08559935367264446
0,0,0.04267622867032595
0,0,0.30392077348637925
0,0,0.0023475216487069883
0,0,0.05462663914542178
0,0,0.052926769302621884
0,0,0.25044622392116667
0,0,0.04619552421575065
0,0,0.03777543062296083
0,0,0.09019108417074405
0,0,0.0020599875917003373
1,1,0.9999966804291738
0,0,0.19846925905172907
0,0,0.014770790340649518
0,0,0.23152288725607678
0,0,0.23804737094709094
0,0,0.0009461990805447304
0,0,0.0008643642727743143
0,0,0.012983061197955158
1,1,0.540589423816199
1,1,0.9949126452858729
0,0,0.003875579071204946
0,0,0.003089076502579659
1,1,0.9836938418118628
0,0,0.10760513454710645
0,0,0.0011824304487828112
0,0,0.08138517524958927
0,0,0.0023860789323171022
0,1,0.5256365267884031
0,0,0.004569190482867237
1,1,0.9999964734721614
1,1,0.9999966804291738
0,0,0.049903552721762334
0,0,0.29466903518344917
0,0,0.16199197580074642
0,0,0.08411413687036276
1,1,0.9787556601132572
0,0,0.053698324962602795
0,0,0.19146047120324788
1,1,0.9999977168367039
1,1,0.999995874961105
0,0,0.05516791532556975
0,0,0.029879298507362168
0,0,0.019072597595204598
1,0,0.035513671790992456
0,0,0.14497512084172684
0,0,0.009765898449546081
1,1,0.9999986485205823
0,0,0.032982759324477626
0,0,0.013044821399807187
0,0,0.18693116656646053
0,0,0.05876880751622048
1,1,0.9999966804291738
0,0,0.010492645796363236
0,0,0.04865462712995119
0,0,0.4549237215723787
0,0,0.0053149477496020675
0,0,0.14436520510565562
1,1,0.9999966804291738
0,0,0.2636019659776582
0,0,0.0020967135446200245
0,0,0.005457022463615122
0,0,0.16109985579717734
0,0,0.001579545152156236
0,0,0.0038169311804452217
1,1,0.9999967421133994
0,0,0.016732342907378957
0,0,0.02542717121466445
1,1,0.9999964734721614
0,0,0.17781878461531087
0,0,0.006124894043668729
0,0,0.001602941830666954
0,0,0.003484613127016904
1,1,0.6747325726133347
0,0,0.060157087869002
0,0,0.17587089878501178
0,0,0.18135623420332447
0,0,0.03888498838292789
0,0,0.013324878314924547
0,0,0.021298625014121473
1,1,0.9999974214555729
0,0,0.0030671497488226054
0,0,0.018841960197311783
0,0,0.015464039990521119
1,1,0.9999964734721614
0,0,0.016488096740727157
0,0,0.034397650029386086
1,0,0.49073391544511274
0,0,0.006520473041173209
0,0,0.052774191826053786
0,0,0.028522465514332122
1,1,0.9999974214555729
0,0,0.22976034158512015
0,0,0.007594698812102436
1,1,0.9999964734721614
0,0,0.005842181023715059
0,0,0.019403997353372504
0,0,0.008334411236943914
0,0,0.058917368819639965
0,0,0.024832986134123256
0,0,0.1441662262135345
0,0,0.13350422671537945
0,0,0.021306568994432607
0,0,0.0005193942738129972
0,0,0.49078089687574145
0,0,0.05840980617924526
0,0,0.06129325761039239
0,0,0.011789540760795076
1,1,0.9999986485205823
0,0,0.37650359408843415
0,0,0.05305123506811481
0,0,0.02782984991176268
0,0,0.07292107222276578
0,0,0.009243659493630478
0,0,0.0030499033168847464
1,1,0.9999966804291738
1,1,0.8052074359560374
0,0,0.24205511099810395
0,0,0.009963460812536983
0,0,0.08700017826128356
0,0,0.11942569160819416
0,0,0.06265648129732806
1,1,0.992032738277691
1,1,0.9960854596134338
0,0,0.3762945502520771
0,0,0.006977767456973147
0,0,0.015294245257395462
1,1,0.9999977168367039
0,0,0.011820828092076291
1,1,0.9999974214555729
1,1,0.9999981310497241
0,0,0.018725232439828515
0,0,0.09960744515844225
0,0,0.2977407526144583
0,0,0.4266936330273104
0,0,0.4743474611824561
0,0,0.07155943853951771
0,0,0.10591650477027477
0,0,0.08087042680678466
0,0,0.005296674482791997
0,0,0.0023049729235723945
0,0,0.014617380310248219
0,0,0.006084260057817025
0,0,0.045124973287032896
1,0,0.40242295170865655
0,0,0.07965042535128114
0,0,0.0800746081993353
0,0,0.05781599838127286
0,0,0.11075733968497045
0,0,0.0013389621126924298
0,0,0.028708231644345317
0,0,0.10131692073959225
0,0,0.02745313826751779
1,1,0.9643389157110991
0,0,0.37116015718958206
0,0,0.041874060731925636
0,0,0.04318392321517663
0,0,0.2872773665592312
0,0,0.006702092025805982
0,0,0.05904008872021782
0,0,0.01541802282223825
0,0,0.013611107306592258
0,0,0.3424623554668349
0,0,0.03372202976855522
0,0,0.0406926903455209
0,0,0.0021030239905482154
0,0,0.04880066101444724
0,0,0.0032141482235267358
0,0,0.031746632535263664
0,0,0.008381400919093463
0,0,0.010113869389277516
0,0,0.0007380168223718541
0,0,0.025716674097358692
0,0,0.0004649424175291564
0,0,0.01894545142223243
0,0,0.0028845444027751836
0,0,0.37650359408843415
0,0,0.028961266870461497
0,0,0.0024557916182281125
0,0,0.304976947204817
0,0,0.01113604513783321
0,0,0.40242295170865655
1,1,0.9027517871497358
0,0,0.004722497457574278
0,0,0.004111880033141065
0,0,0.028657702002910547
1,1,0.9328679181119431
0,0,0.0025687589736470067
0,0,0.036098291115742795
0,0,0.005610744872614752
0,0,0.0016523057503305977
0,0,0.009839080110128387
0,0,0.0037276889545312863
0,0,0.1745295420546514
0,0,0.02317023354110955
0,0,0.0006787484810401655
1,0,0.06140022077294617
0,0,0.12540574402306792
0,0,0.0007571591561906632
0,0,0.002767189381523247
1,1,0.89275415126758
0,0,0.01703842751503241
0,0,0.10549124702189853
0,0,0.06258408770952828
0,0,0.3428319978189001
0,0,0.0032195918250205622
0,0,0.04036181635604313
0,0,0.13048088209709927
0,0,0.014224371945574951
0,0,0.026458162534688193
0,0,0.052280696093747143
0,0,0.06906196932386839
1,0,0.2726509846252981
0,0,0.36733950917699165
1,1,0.9999974214555729
0,0,0.0007399011524978957
0,0,0.007483044637297937
0,0,0.021711872712847736
0,0,0.24755443610781291
0,0,0.4307557065472574
0,0,0.0766171516616856
0,0,0.017654748465307367
0,0,0.057313273580239146
0,0,0.003790603217893296
0,0,0.0036334461929005226
0,0,0.0012874670057186608
0,0,0.057285596467950554
0,0,0.1612581381495199
0,0,0.011320207095305115
0,0,0.09875616281159634
0,0,0.01226814117569138
0,0,0.4808407992615076
0,0,0.08051404819485992
0,0,0.3085440285330547
0,0,0.009090791853713073
1,1,0.8782525343729543
1,1,0.9999986485205823
0,0,0.021478804984678808
1,1,0.9733253391034336
0,0,0.010076395948292738
0,0,0.001644694617028695
0,0,0.0006443524048246966
0,0,0.011759811840421934
0,0,0.003776645526817837
0,0,0.0580783147102678
0,0,0.02359587275224703
0,0,0.043585162221397765
1,1,0.9239956097893405
0,0,0.05710094407632831
0,0,0.032508531599245036
0,0,0.004957842530000552
0,0,0.06927378758670719
0,0,0.005074992180305808
0,0,0.021196527833220416
0,0,0.021578291364811916
0,0,0.010135382666745086
0,1,0.6508375439663567
0,0,0.07194950931556247
0,0,0.0011867977181919324
0,0,0.003883883412541849
0,0,0.03383401615369338
0,1,0.5654954395176452
1,1,0.8782544789063581
0,1,0.6507187637717206
0,0,0.11592095197394892
0,0,0.21260745417881366
0,0,0.012626066417331177
0,0,0.13841619680949846
0,0,0.41594922431998166
0,0,0.17489003402642178
0,0,0.036214197944974345
0,0,0.04032288504849693
0,0,0.2858699333037115
0,0,0.11527358822909071
0,0,0.022761464947684287
0,0,0.006172080011334374
0,0,0.015407924405944183
0,0,0.266352809063993
0,0,0.028427090636784405
0,0,0.006650528764380977
0,0,0.17798539243235972
1,1,0.9999977168367039
1,1,0.9999971242915849
0,0,0.0063967300227484565
0,0,0.004127721388672238
1,1,0.9999136663230908
1,1,0.8651584369310539
0,0,0.04309979324342372
0,0,0.22094177918995433
1,1,0.9999964734721614
0,0,0.03454986997727045
0,0,0.33131771308354035
0,0,0.05301452423496482
0,0,0.0072326024680667515
0,0,0.01542617638011621
0,0,0.002753747117468912
0,0,0.019766280686568653
0,0,0.007624615530777001
0,0,0.011825523736039319
0,0,0.007980967007369347
0,0,0.2060018383284013
0,0,0.007980967007369347
0,0,0.3208284071865246
0,0,0.004711549148304016
1,1,0.9999989875016777
0,0,0.03175945710991416
0,0,0.19605330835358306
0,0,0.3085440285330547
0,0,0.14762615301928372
0,0,0.0011751077504190929
0,0,0.008497078808901451
0,0,0.00843911387918809
0,0,0.0048234798515292415
0,0,0.0012722193832188208
0,0,0.016791327219278777
0,0,0.0641890797693102
0,0,0.0019012511495914337
1,1,0.9935282530661612
0,0,0.055011405428480493
0,0,0.019978246982921645
0,0,0.009222726288955022
0,0,0.046009415986460495
0,0,0.0005056183836086811
1,1,0.9999974474866807
0,0,0.194113563568369
0,0,0.034490094533897196
0,0,0.03288110006216382
0,0,0.06160120808926456
0,0,0.15063912698923115
0,0,0.3489296576594456
1,1,0.9999986485205823
0,0,0.053053774778992105
0,0,0.04868163768165603
0,0,0.015604855789519718
0,0,0.00022024206483592192
0,0,0.019929660346088156
0,0,0.0002861622303337783
0,0,0.02229132260867294
0,0,0.048732479629709516
0,0,0.13137819937479656
0,0,0.16161513058507104
0,0,0.011599394177104809
0,1,0.5160057304568518
1,1,0.9999957589384425
0,0,0.017767036716623254
0,0,0.003823696710313809
0,0,0.05557862192329591
0,0,0.0181881450280868
0,0,0.10298224236281629
0,0,0.004069460636083919
0,0,0.0029539123099043547
0,0,0.01708007653409637
0,0,0.03215354314615488
0,0,0.011476587991823101
0,0,0.1044457793104709
0,0,0.013086555242435738
0,0,0.0612729975709659
0,0,0.041937595215295054
0,0,0.014536735650745758
0,0,0.020981297533222577
0,0,0.45402828528490613
0,0,0.004413723854079298
0,0,0.024466344869658298
0,1,0.7568140858981757
0,0,0.016683449310712414
0,0,0.013304039077440759
0,0,0.011933040274574423
0,0,0.005717035125628659
1,1,0.9999986485205823
0,0,0.21382978572214886
0,0,0.1006320067132092
0,0,0.016784045076942877
0,0,0.02511747761169623
0,0,0.016121056252752685
0,0,0.023157719207236
0,0,0.029779003713790227
1,1,0.9948682642439431
0,0,0.002708459811470676
0,0,0.00044932127648196756
1,1,0.9999974214555729
0,0,0.014325514476147008
1,1,0.9999977168367039
0,0,0.20037049230501655
0,0,0.19681538570852658
0,0,0.3809959168378719
1,1,0.9999967418747816
0,0,0.007069052282939182
1,1,0.9998910621212973
0,0,0.007286882337595254
1,1,0.5659715015238767
0,0,0.036769766373733644
0,0,0.003314907874644708
0,0,0.22533895940803825
1,1,0.9727211732417885
1,1,0.999915564608854
0,0,0.005797439105779711
0,0,0.1784365127406128
0,0,0.14309802773047264
0,1,0.5402356703995315
0,0,0.4210861652154546
0,0,0.08771188282668672
1,1,0.9985584545107408
0,0,0.09338381233241969
0,0,0.1334750046643428
0,0,0.3085440285330547
0,0,0.08107876436865132
0,0,0.0006518075071377817
0,0,0.07387651561410394
1,1,0.5160057304568518
0,0,0.10048395542012664
0,0,0.016538034895442075
0,0,0.019482847382754825
0,0,0.0076382753772216375
0,0,0.0007958304630448484
0,0,0.19635453700149158
0,0,0.06738201567724278
0,0,0.0029056114147821012
0,0,0.012753614858611956
0,0,0.015604088412366254
1,1,0.9999974214555729
1,1,0.5838506909959524
0,0,0.07270894608905283
0,0,0.0005154409667971711
1,1,0.9999974214555729
0,0,0.00014298045230812644
0,0,0.014202217395958271
0,0,0.005082403050889756
0,0,0.015124237954514196
0,0,0.007956932920531143
0,0,0.07210383001222817
0,0,0.12359048986241782
0,0,0.004268007312985176
0,0,0.015707144972083798
0,0,0.0011956563706966895
0,0,0.002229976172435496
1,1,0.999915564608854
0,0,0.0019143525702788975
0,0,0.005060528682117044
0,0,0.03387557207792758
0,0,0.07767954750951792
0,0,0.03945114314729954
0,0,0.015187840367259843
0,0,0.07317108282406677
1,1,0.9999979498821073
0,0,0.004942404113991296
0,1,0.5868641975009558
0,0,0.001224078107787497
1,1,0.9999966804291738
0,0,0.14674585911510493
0,0,0.11621988604944744
0,0,0.13918780002258355
0,0,0.011124578275498098
0,0,0.003875579071204946
0,0,0.03887831600119619
0,0,0.005689037644763924
0,0,0.0069341009539104805
0,0,0.054077391621077414
0,0,0.10203389892024393
0,0,0.0012148001349649537
0,0,0.0320715753719665
0,0,0.48760593544656244
0,0,0.19429844774092242
0,0,0.0014482461916544241
0,0,0.005082403050889756
0,0,0.09867840290970156
0,0,0.08398537383122351
0,0,0.06646930479195383
0,0,0.0008683385099384979
0,0,0.1039755818738923
0,0,0.003411966355455738
1,1,0.5655909420957426
0,0,8.166031231289346e-05
0,0,0.3003853788660651
0,0,0.25732328958945466
0,0,0.11111093010254258
0,0,0.07736762014912908
0,0,0.044886149053338785
0,0,0.024130243938000378
0,0,0.018939673373842107
0,0,0.006971820092464838
0,0,0.09244158964371754
0,0,0.024563096885336363
0,0,0.008571510860082355
0,0,0.011933040274574423
1,1,0.9988082744800186
0,0,0.015746035246645387
0,0,0.07089860040373802
0,0,0.008365833251591378
0,0,0.016184480538134684
0,0,0.017376673914587616
1,1,0.5144433872525649
1,1,0.9999974214555729
0,0,0.02747313682262449
0,0,0.004517891797360718
0,0,0.014663988180976022
0,0,0.0038050988618680767
0,0,0.003870783259286828
1,1,0.9754575451042005
0,0,0.034840163042983444
0,0,0.081186878998165
0,0,0.00677573523608125
0,0,0.005684083437946059
1,1,0.9999979498821073
0,0,0.0015005212302864064
0,0,0.004244651103525586
0,1,0.6767466106524936
0,0,0.0011630693293710114
0,0,0.2292996235208824
0,0,0.03180830258532931
0,0,0.0190365989179733
0,0,0.03486156128724679
0,0,0.0049568839986859625
1,1,0.9999966804291738
0,0,0.04240168555286478
0,0,0.0002235395101484474
1,1,0.9999986485205823
1,1,0.9999964734721614
0,0,0.0026952435873365366
0,0,0.023164992848629905
0,0,0.02955506033004459
0,0,0.00314402287053391
0,0,0.00381653505182101
1,0,0.21264366322898226
0,0,0.23576966823099604
0,0,0.18064342442875128
0,0,0.04230713820300464
0,0,0.19593732566104138
1,1,0.9663411930396836
0,0,0.021226190710224926
0,0,0.0046482468933035535
0,0,0.05089072470447886
1,0,0.025195068380046082
0,0,0.00036256205495979353
1,1,0.9999964734721614
1,1,0.9999970717796709
0,0,0.08760151539088615
0,0,0.029548743910733078
1,1,0.9999894312113486
0,0,0.007605156696536925
0,0,0.07667527868565026
0,0,0.03174032129941669
0,0,0.4549237215723787
0,0,0.017861042644949785
0,0,0.003836409180279684
0,0,0.0044005501678083024
0,0,0.004005151243915415
0,0,0.04464742972121945
0,0,0.07997273901780255
0,0,0.003311023185727598
0,1,0.6386518198372572
0,0,0.006991531150191856
0,0,0.06471346823440217
1,1,0.9999966804291738
0,0,0.004789834486514426
0,0,0.27399727023010106
0,0,0.014074212771544598
0,0,0.026777479310957412
0,0,0.0028646375910104244
0,0,0.0532288459642242
1,1,0.9999977168367039
0,1,0.5160057304568518
0,0,0.01470521149027649
0,0,0.07183991636593928
0,0,0.010987135027195227
1,1,0.9999962960084147
1,1,0.9999974214555729
0,0,0.020551967963949907
0,0,0.02756034703113653
0,0,0.01381420721673949
0,0,0.013465234711846436
0,0,0.18271707900024892
1,1,0.9533241563839513
0,0,0.016193316656494122
0,0,0.25044622392116667
0,0,0.016617889532556326
1,1,0.9520717889230764
1,1,0.9999957814087109
0,0,0.1081253999071501
0,0,0.017305775113039018
0,0,0.027537028090733787
0,0,0.028002872986180326
0,0,0.02609622510856054
0,0,0.01989394837454655
0,0,0.057524092335476014
1,1,0.9999780619684105
0,0,0.03172281138199722
0,0,0.04102093251568363
0,0,0.002892264786440959
0,0,0.12386570341619323
0,0,0.08139960343619337
0,1,0.593824508648713
0,0,0.3485266370208406
0,0,0.003733719137828809
0,0,0.03843769796629697
0,0,0.0777046401696027
0,0,0.030149886468088936
0,1,0.5791173291418009
0,0,0.0893222783532901
0,0,0.0037806558732824203
0,0,0.09713204957382428
0,0,0.019244463791556397
1,1,0.9909608094892726
0,0,0.40689836068588636
0,0,0.04040174973410929
1,1,0.8109201614154535
0,0,0.37650359408843415
0,0,0.4743474611824561
0,0,0.014781326921068514
0,0,0.156436751485168
0,0,0.026388610487507517
0,0,0.029184344486166868
0,0,0.4955403293547748
1,1,0.9887820166230578
0,0,0.18966381639329444
0,0,0.007149938369050691
0,0,0.023401566437797228
0,0,0.0483549856965778
0,0,0.01321393567771896
0,0,0.0777623458854652
1,1,0.9999967418747816
0,0,0.008355609140965621
0,0,0.05657431050847056
0,0,0.03170745445096632
1,1,0.9998935403264242
0,0,0.00045268606151877596
0,0,0.00445821191391916
0,0,6.152773985411868e-05
0,0,0.15269225044889215
0,0,0.3574293678571235
0,0,0.23092044156559544
1,1,0.9999974474866807
0,0,0.004950838504212659
0,0,0.05723372202900608
0,0,0.026043451840957764
0,0,0.040194717357601384
0,0,0.1384080225413169
0,0,0.022312499385573965
0,0,0.0014559058073928724
1,1,0.9894412806988718
0,0,0.26215791233775854
0,0,0.014385100158648282
0,0,0.008081717291580455
0,0,0.017345727331163047
0,0,0.007176114997635732
0,0,0.0849385908413738
0,0,0.23242824130452666
0,0,0.01115434724149576
0,0,0.027034159103966993
0,0,0.00920221436065333
0,0,0.012098511492682325
0,0,0.1207745218601912
0,0,0.04880339474606917
1,1,0.9663411930396836
0,0,0.003411966355455738
0,0,0.2006790121915485
0,0,0.025096426837034135
0,0,0.013812441617784733
0,0,0.08012789556009653
1,1,0.9999974474866807
0,0,0.256852514596478
0,0,0.029813540856047222
1,1,0.9999989875016777
0,0,0.01015109836044939
0,0,0.07090380603916671
0,0,0.016796713162919773
1,0,0.2215139915575778
0,0,0.0025585230145351544
0,0,0.05637697196334643
0,0,0.02041917337751035
0,0,0.025656909931112817
1,1,0.9837367297147059
0,0,0.2561480635154747
0,0,0.0072505698087869715
0,0,0.026193173425190647
1,1,0.9999970717796709
0,0,0.006413355909036
0,0,0.005667484211621441
1,1,0.9999964734721614
0,0,0.08048363432326604
0,0,0.052825933141886924
0,0,0.012564964125338897
0,0,0.002591228804464632
0,0,0.008692600875086946
1,1,0.9942327222895657
1,1,0.9999974214555729
0,0,0.009756743973450816
1,1,0.5496356044451026
0,0,0.007765117277364209
0,0,0.021212623533389055
0,0,0.0035424148230857994
0,0,0.005528174989944237
0,0,0.005233824544741748
0,0,0.37650359408843415
0,0,0.007823460992997565
1,1,0.9928735652619708
0,0,0.02203785710807625
0,0,0.0012516034387487901
1,1,0.5838506909959524
0,0,0.0845161834894796
1,1,0.9641563315492296
0,0,0.0015715200499438315
0,0,0.06319329887789728
1,1,0.9999990755124109
0,0,0.030060234724376893
1,1,0.9999967418747816
0,0,0.036790386217013755
0,0,0.03283843452816165
0,0,0.08875874265222243
0,0,0.10721200021599783
0,0,0.013298088881907531
1,1,0.9999970717796709
0,0,0.01903031210857292
0,0,0.017736903413281782
1,1,0.999715183370018
0,0,0.06332016666860082
0,0,0.20992532394291918
0,0,0.0034780570029863804
1,1,0.999998765996982
0,0,0.03961304620351032
0,0,0.009706151741411213
0,0,0.059874369703390405
0,0,0.007775579806880152
1,1,0.8166191945252774
1,1,0.6799041388074744
0,0,0.38809283360657065
0,0,0.010028325026726518
0,0,0.16835807937080038
0,0,0.20230288187549103
0,0,0.009460270041095103
0,0,0.02836522904766688
1,1,0.9999986485205823
0,0,0.09217744112057445
0,0,0.00038203481661294936
0,0,0.02216862045932817
0,0,0.03309862772534535
0,0,0.03657657981055737
1,1,0.8033096533500841
0,0,0.02519288445713768
0,0,0.056504792056150596
0,0,0.0386336931528937
0,0,0.019748482542409115
0,0,0.07210381988199939
1,1,0.9999977168367039
0,0,0.0641890797693102
0,0,0.034362152207492704
0,0,0.0033115120679176728
0,0,0.16936708659566307
0,0,0.06830905269819214
0,0,0.017020335100956276
1,0,0.4532618993903255
1,1,0.9876246368582066
0,0,0.4611014170531928
0,0,0.07183991636593928
0,0,0.001358194186735235
0,0,0.06288922018144945
0,0,0.0010120494213770204
0,0,0.018669998802462836
0,0,0.012457614162217776
0,0,0.004684259292564926
1,1,0.524866976985634
0,0,0.01186838608645506
0,0,0.015604855789519718
0,0,0.02749177857518645
0,0,0.30515959869438386
0,0,0.021435113719344052
0,0,0.16810824249328327
0,0,0.00342584836953127
0,0,0.014933221810134834
0,0,0.04056426591358783
0,0,0.00026496743672691463
1,1,0.9999971242915849
0,0,0.06717311415075727
0,0,0.008553352024538765
0,0,0.18132901948447458
0,0,0.48239297332980174
0,0,0.05158556847013657
0,0,0.046190684206566364
0,0,7.119689191084618e-05
1,1,0.9999974214555729
1,1,0.9999944704924432
0,0,0.002304701526265115
0,0,0.04028783392588917
0,0,0.020045332002272428
0,0,0.01853489745480961
0,0,0.05815840168148869
0,0,0.009732412116566357
0,0,0.06540802417971768
0,0,0.03204189620148071
0,0,0.017695777434048456
0,0,0.12801925630428493
0,0,0.03066533632145823
0,0,0.10930632980982818
0,0,0.052560940745546805
0,0,0.012365682595125658
0,0,0.0004258445120386132
0,0,0.07286832439969809
0,0,0.013804744169964479
0,0,0.003973739528665897
0,0,0.007593360090730192
1,1,0.9999976198535029
0,0,0.031006648893831555
0,0,0.019056984265802417
0,0,0.01161108567272162
1,1,0.7411731786744885
0,0,0.0003968070368606274
0,0,0.08116969241422427
1,1,0.9877880111621803
0,0,0.4549237215723787
0,0,0.04008651477350422
0,0,0.029255993527235877
0,0,0.028041827783211522
0,0,0.0014186537571059218
0,0,0.11211806677536228
0,0,0.03366264495634216
0,0,0.047265729176355735
0,0,0.0646265046818214
0,0,0.007524634769735005
0,0,0.11331793993750809
0,0,0.014048603771855434
1,1,0.9999971242915849
0,0,0.0188834641402694
0,0,0.14462495638656428
0,0,0.012490554417178619
0,0,0.013575356877171945
0,0,0.019112149757647065
0,0,0.01780886728869453
0,0,0.11087987437626841
0,0,0.04618112861112739
0,0,0.15671569392146795
0,0,0.06893777979624392
1,1,0.9999977168367039
1,1,0.999998765996982
0,0,0.09245122025564131
0,0,0.024286886583342843
0,0,0.03182480828696987
1,1,0.999995874961105
0,0,0.012835123121023462
0,0,0.37518810488424564
1,0,0.09634341234596519
0,0,0.10644442405533205
0,0,0.019290597554651307
0,0,0.013522691820658078
1,1,0.9999967421133994
1,1,0.9999974214555729
0,1,0.5596383936171141
0,0,0.013039873394068261
0,0,0.008765658317141068
0,0,0.02073580820068303
0,0,0.145225469043617
0,0,0.14884348169167277
0,0,0.1974152941685924
0,0,0.06497432365082649
0,0,0.06966578983073253
0,0,0.03483562011521626
0,0,0.03729722553250548
0,0,0.10403640089392853
0,0,0.026149670373388337
0,0,0.028934249637506616
0,0,0.26675312385956257
0,0,0.26793200316681953
0,0,0.009127387736527992
0,1,0.5401934028742356
1,0,0.12619935156830073
0,0,0.08852615807290562
0,0,0.0021238056051321027
0,0,0.03739473332725976
0,0,0.04324526778879238
0,0,0.038151716085954
0,0,0.024913128204570933
0,0,0.10167596131375602
0,0,0.15746595926480064
0,0,0.10988732861467342
0,0,0.0013226196868473682
0,0,0.44165331961927384
0,0,7.775334528195526e-05
0,0,0.0001924658223791081
0,0,0.11063215250011037
0,0,0.016488096740727157
0,0,0.01166501423290741
0,0,0.013960034786243473
0,0,0.3190328776719776
0,0,0.01690588007233714
0,0,4.017104754624138e-05
1,0,0.07748883763123156
0,0,0.027567223672459815
0,0,0.008448342486659478
0,0,0.06599975482282353
0,0,0.0058352252830348806
0,0,0.19511067089096662
0,0,0.2435344715343975
0,0,0.006968577305402398
0,0,0.11234821050882517
0,0,0.02310746162154511
0,0,0.025975577561912756
0,0,0.0007958304630448484
0,0,0.0074553238075071694
0,0,0.0005163674081042155
0,0,0.03818381386551296
0,0,0.01470521149027649
0,0,0.0029323149308524373
0,0,0.021949965012267883
0,0,0.042100269163465896
0,0,0.0005559654117604288
1,1,0.9999967418747816
0,0,0.07353689592402061
0,0,0.008346385480326258
0,0,0.022882266342626603
0,0,0.0008675013579639161
0,0,0.0010223477836319324
0,0,0.02430085921252422
0,0,0.014552782360465862
0,0,0.04006539512952722
0,0,0.01915191533849733
1,1,0.9999974214555729
0,0,0.009273250420101697
0,0,0.0009096299085200718
0,0,0.01961655754905834
0,0,0.02395517139603627
0,0,0.003995864642001323
0,0,0.02924335038418122
0,0,0.007467280917680482
1,1,0.9999966804291738
0,0,0.003803145937862461
1,1,0.9978929583151062
0,0,0.01924043802549177
0,0,0.0016354872125652594
1,1,0.957457255217383
0,0,0.06133305134108526
1,1,0.999995874961105
0,0,0.08182659634339855
0,0,0.03342335330903943
0,0,0.32560588831678616
1,1,0.9999979498821073
0,0,0.0589781000744765
0,0,0.004915024529518103
0,0,0.11950073054743099
0,0,0.024582236828159777
0,0,0.021628991337305406
0,0,0.0621316072903694
0,0,0.07666812412601876
1,0,0.465433927562849
1,1,0.9999966804291738
0,0,0.011575998456649434
0,0,0.01706313448003259
1,1,0.9999966804291738
0,1,0.8897057819123628
0,0,0.004420688661978081
1,0,0.253645000357853
0,0,0.15504052764981685
0,0,0.20426932203886564
0,0,0.05873700223811431
0,0,0.03198247504817342
1,1,0.9999974474866807
0,0,0.0102059376449992
0,0,0.05733192807147926
0,0,0.027294543325363015
0,0,0.0004587553875375464
0,0,0.03738829363085878
0,0,0.0044522366092232864
0,0,0.009638281522078983
0,0,0.014175862968892436
1,1,0.7118207277681262
0,0,0.23027639936715802
0,0,0.14841553286460693
0,0,0.02962963607523318
0,0,0.37650359408843415
0,0,0.03172614827433025
1,1,0.999995874961105
0,0,0.03471599719010615
0,0,0.002477008751635986
0,0,0.008172270430134776
0,0,0.023099765234743514
1,1,0.9999974214555729
0,0,0.08239781100624834
0,0,0.0017402473024892742
1,1,0.999998765996982
0,0,0.007334945715739477
0,0,0.0825793378301817
0,0,0.001732655696045299
1,1,0.7257657608940584
1,1,0.9999977168367039
1,1,0.9999962625821728
0,0,0.0020994989874389886
0,0,0.07261549048717662
0,0,0.06144759782802354
0,0,0.34400094800276404
1,1,0.9999967418747816
0,0,0.08087693345018541
0,0,0.01122583813210866
0,0,0.014702626757352573
0,0,0.004004970860417076
0,0,0.37650359408843415
0,0,0.2614889879302673
0,0,0.036734571716062446
0,0,0.048668644962537005
0,0,0.003638754528653992
0,0,0.007959040499982143
1,1,0.9999966804291738
1,1,0.9999966804291738
0,0,0.01074538207123841
0,0,0.010909228517193373
0,0,0.07695878203595315
0,0,0.29441692212363335
0,0,0.034675644982573105
0,0,0.0017163081112838503
0,0,0.05527749523035985
0,0,0.10020296537167389
0,0,0.013375460734229062
0,0,0.10397257402732916
1,1,0.6785148110681625
0,0,0.0033133655855381457
1,1,0.9999973431607314
0,0,0.0838021741191554
1,1,0.9999966804291738
0,0,0.25221009683134615
0,0,0.01189487400486438
0,0,0.049752849562418995
1,1,0.9999974214555729
0,0,0.0209576918538339
0,0,0.002529702085757545
0,0,0.0008802696917247982
0,0,0.002944666949605463
0,0,0.06558487030751602
0,0,0.05820495542478718
1,1,0.9999979498821073
0,0,0.010392352561381596
0,0,0.015456103144313076
0,0,0.46818599205828687
0,0,0.008078051606396018
0,0,0.049023745529591385
0,0,0.047057684557396146
0,0,0.0032012957489009645
0,0,0.013186616392297627
0,0,0.050285086177102686
0,0,0.002252428356175558
1,0,0.18704855415298774
0,0,0.0622444878928555
0,0,8.857839635671864e-05
0,0,0.016937975531485516
0,0,0.02062985709875354
0,0,0.017859554673389146
0,0,0.022023837001854906
0,0,0.02171132974980453
0,0,0.003954724722030161
0,0,0.00832434985116607
0,0,0.010796215314268442
0,0,0.033897305491789737
0,0,0.01706894143188968
1,1,0.9999964734721614
0,1,0.5859874767036851
0,0,0.17626659806226425
1,1,0.5814739476800413
0,0,0.10628559739933281
0,0,0.0026037327184957287
0,0,0.0727200407095268
1,0,0.051827387290098066
0,0,0.15929785051680728
0,0,0.024736356234425452
0,0,0.00690301757381693
0,0,0.045158998216752344
0,0,0.11603536451057453
0,0,0.04753241615037804
0,0,0.003954724722030161
0,0,0.010585066079509858
0,0,0.04028907209652798
1,1,0.999915564608854
0,0,0.03387557207792758
0,0,0.09658026275619258
0,0,0.002904471805363904
1,0,0.26787596843065953
0,0,0.09289289244040996
0,0,0.1741887800165366
0,0,0.005123585494005624
0,0,0.005692250282617658
0,0,0.10614755713363934
0,0,0.02062985709875354
0,0,0.018033465007227682
0,0,0.03296229548356593
0,0,0.1346173424094813
0,0,0.035609227475896475
0,0,0.15428063926540447
0,0,0.11539815889183067
0,0,0.017729451568318864
0,0,0.005848703016187285
0,0,0.03890944036560649
0,0,0.14466434848102547
0,0,0.0034958191909438188
0,0,0.0040768072981358615
0,0,0.10714113586814777
0,0,0.020209172137161602
0,0,0.0013812742348396183
0,0,0.014534136264459444
1,0,0.34424552104411377
0,0,0.01633173519932458
0,0,0.10096321425531128
0,0,0.2585538330509699
0,0,0.07242995375539585
0,0,0.05369768511004016
0,0,0.1685263639846575
0,0,0.00043077866141697
1,1,0.5199029772217005
1,1,0.9999986485205823
1,1,0.9999944704924432
1,1,0.9999202191461362
0,0,0.014469239029345419
0,0,0.07051962541321406
1,0,0.031894316995375586
0,0,0.01610335864566085
1,0,0.015455441720553907
0,0,0.002323586664673899
1,1,0.9999966804291738
0,0,0.15570077863047577
1,1,0.9999966804291738
0,0,0.021848518342155135
0,0,0.0021755833342323814
0,0,0.029397001845910674
0,0,0.006207406707294264
1,1,0.9272979541749549
0,0,0.0028172260244822096
0,0,0.02573936105393323
0,0,0.0017777476106869868
0,0,0.1902123220063869
0,0,0.016877696198948036
0,0,0.0176830673000212
0,0,0.004835228430479727
0,0,0.0267321341946311
0,0,0.053938466540671755
1,1,0.9110450966267535
0,0,0.19310847756946214
1,1,0.9999966804291738
0,0,0.11498505814674098
0,0,0.03369632493527308
0,0,0.02079943411436742
0,0,0.16456849925446823
0,0,0.06049951016579115
0,0,0.034840163042983444
0,0,0.0020967135446200245
0,0,0.2758164807834774
0,0,0.025157934491180745
1,1,0.9999986485205823
0,0,0.004985951837249389
0,1,0.5829482622848527
0,0,0.019823662853598236
0,0,0.01700074999786186
0,0,0.475045457032218
0,0,0.006874659837960149
0,0,0.02980707471092841
0,0,0.05946461450447097
0,0,0.0071403028667296675
0,0,0.003391433130415999
0,0,0.0051867214758648875
0,0,0.1476785580929591
0,0,0.010764832633982547
0,0,0.14787109268726759
0,0,0.3454868423456245
0,0,0.12297102278334958
0,0,0.06412909106737162
0,0,0.1741451149603647
1,1,0.9999971242915849
0,0,0.029185027087190715
0,0,0.04335080111001359
1,1,0.9956967203514072
0,0,0.07329720918405437
0,0,0.01147568855609967
1,0,0.32361786373794865
0,0,0.06347031960858981
1,1,0.9408668074553252
1,1,0.7769061885155203
0,0,0.2700532819765942
0,0,0.42245382795094644
0,0,0.006131041917640764
0,0,0.0019536660274994135
0,0,0.25440267537757033
1,1,0.9539952283856517
0,0,0.0022642920514631187
0,0,0.058910523629712615
0,0,0.006837959437456847
0,0,0.013226915475806187
0,0,0.005115673076639041
0,0,0.027100847207121005
0,0,0.10579618434972089
1,1,0.5941051353733484
0,0,0.21525236227458072
0,0,0.0031067249085240155
0,0,0.018498128204350168
0,0,0.023099765234743514
0,0,0.001118951326929728
0,0,0.006633522649014851
0,0,0.351978794888889
0,0,0.02717532710365873
0,0,0.002500464778480508
0,0,0.04763667597165799
0,0,0.12620249111833048
0,0,0.0031052767598386453
1,1,0.9999966804291738
0,0,0.06770479431435111
0,0,0.009825962155418217
1,1,0.9547048286767414
0,0,0.0007591288403474853
0,0,0.030175016539313766
0,0,0.10030277166560035
0,0,0.14556105616062925
0,0,0.03944682731216908
1,1,0.9999979498821073
0,0,0.03682350384173854
0,0,0.27249864486139114
0,0,0.40053254461503157
0,0,0.08703670881244796
0,0,0.011637587623477923
0,0,0.014469239029345419
0,0,0.015805547410391352
1,1,0.9999966804291738
0,0,0.012450099850319748
0,0,0.15441875185867293
0,0,0.004319532907844137
0,0,0.03913723786168234
0,0,0.033876529538122105
0,0,0.0013590544808062403
0,0,0.0005816871361989699
0,0,0.020323800063176863
1,1,0.9968360099002588
0,0,0.028034810175427086
1,1,0.9999974474866807
0,0,0.030827495986323842
1,1,0.9945962523581459
0,0,0.10770832758987975
1,1,0.9999966804291738
0,0,0.006695979706827352
0,0,0.031547482131640055
0,0,0.18937147039397145
0,0,0.00022697618702229854
0,0,0.3472464590097897
0,0,0.0030073282926023027
0,0,0.01368330685381393
0,0,0.016348007052790964
0,0,0.17333057837628257
0,0,0.016464733757022208
0,0,0.19167702304887754
0,0,0.022529687668479126
0,0,0.018787926945200494
1,1,0.9999966804291738
0,0,0.042515298888577864
0,0,0.09314079880648118
0,0,0.03439837924872412
0,0,0.004614860871192745
0,0,0.0790194935502766
1,1,0.9999986485205823
1,1,0.9999966804291738
0,0,0.020208947261789845
0,0,0.06818308407179782
0,0,0.005684166733611955
0,0,0.0004936087160974191
0,1,0.6604735778178009
0,0,0.17418456855780823
0,0,0.06621657741671637
0,0,0.06123788410909961
0,0,0.007460079359097203
0,0,0.006422440257518963
0,0,0.00036878361007234076
1,1,0.9999974214555729
0,0,0.002441239003500571
0,0,0.22187753755657907
0,0,0.002590120497663022
0,0,0.0382877708427293
0,0,0.018646111386972492
0,0,0.031629711620771786
0,0,0.01201070630198764
0,0,0.057980598921025465
0,0,0.011394461671557029
0,0,0.061738876283264396
0,0,0.038151716085954
0,0,0.08976390496665902
0,0,0.014124343519261218
0,0,0.002477877643257625
1,1,0.993967251653729
0,0,0.03185024614469906
0,0,0.0018921938896054816
0,0,0.02275475678612633
0,0,0.028751232057387457
0,0,0.03263824010028157
0,0,0.06184264946448711
0,0,0.009613209597582604
0,0,0.11282155120835351
1,1,0.9999977168367039
0,0,0.07920687426628334
1,1,0.9999974214555729
0,0,0.23063425538606097
0,1,0.6286462038566887
1,1,0.9999974214555729
0,0,0.06995718284168798
0,0,0.0033605738107217596
1,1,0.9999966804291738
0,0,0.001074816955861337
0,0,0.006046260289363126
0,0,0.009042016807680105
0,0,0.051694740471608366
0,0,0.05368727567958478
0,0,0.2524023303360719
0,0,0.033546655678910145
0,0,0.07665134894269715
0,0,0.043897003888778985
1,1,0.9999966804291738
0,0,0.0681073895404255
0,0,0.37650359408843415
0,0,0.023460367431724513
0,0,0.1408370614403041
1,1,0.9999977168367039
0,0,0.04635909195610834
0,0,0.009060011982002661
0,0,0.03318534616724035
0,0,0.04341394748811656
0,0,0.006450091537350885
0,0,0.0017502597054723287
0,0,0.022550252688319
1,1,0.9761255885741792
0,0,0.007159291263936902
0,0,0.1994406686014912
0,0,0.0521169189343476
0,0,0.060775168347744594
0,0,0.04107615638731086
0,0,0.05353283624610882
0,0,0.00563004949168818
0,0,0.28859390689349657
0,0,0.007301036544355779
0,0,0.03927668144865427
0,0,0.007136447075043536
0,0,0.09982381294809252
0,0,0.006217586118817149
0,0,0.22917419368591052
0,0,0.03361806523637837
0,0,0.0440323687624593
1,1,0.7668309945714361
0,1,0.5654954395176452
0,0,0.0014949451879952176
1,0,0.03348716430813656
0,0,0.010758426926186787
0,0,0.0328755079007789
1,1,0.999998765996982
0,0,0.0017886328750636232
0,0,0.05145625367369438
0,0,0.12297364467285138
1,1,0.9999977168367039
0,0,0.05038754683237573
0,0,0.01870295967050188
0,0,0.003154130157037678
1,1,0.7386614573460135
0,0,0.012640074925393867
0,0,0.0004638203644762876
0,0,0.017035831904255498
0,0,0.1328069138979979
1,1,0.9694484843402923
1,1,0.9999964734721614
0,0,0.011895821751599898
0,0,0.0015447792092520996
0,0,0.17650462848518417
0,0,0.029841875231817545
0,0,0.03883825057164858
0,0,0.026097436420717626
0,0,0.003737576200681037
0,0,0.03481298813353203
0,0,0.02509177975089928
0,0,0.2685096588211641
0,0,0.015077075020842797
0,0,0.06399569925931746
0,0,0.03707734596163226
1,1,0.8299610553628382
1,1,0.9999986485205823
0,0,0.010173689933409794
0,0,0.09912094147529305
0,0,0.0022293680729239735
0,0,0.4549237215723787
0,0,0.038759154226019006
0,0,0.03330626588400266
0,0,0.007464494048585636
1,1,0.9420893248035621
0,0,0.01047361489870045
0,0,0.3688598147889028
0,0,0.006520753173503405
0,0,0.1248088391215888
0,0,0.004711549148304016
1,1,0.9999974214555729
0,0,0.05669534790859269
1,1,0.9980098200643922
0,0,0.0036921172909818237
0,0,0.06630694023359122
0,0,0.05007578172119998
0,0,0.03362436511125097
0,0,0.05840980617924526
0,0,0.21180878768583392
0,0,0.044318407542660455
0,0,0.1760257500327786
0,0,0.40242295170865655
0,0,0.011771506931816226
0,0,0.05603118642671567
0,0,0.011067669175575504
1,1,0.8996497375497944
0,0,0.041384143107133474
0,0,0.0016531381044825157
0,0,0.0283635004320199
0,0,0.006925745572035966
0,0,0.0068453276768206
0,0,0.04212354150177604
0,0,0.033106099686177434
0,0,0.0012700009325693905
0,0,0.0012516054424516728
1,1,0.6784873440065882
0,0,0.0019845418706461973
0,0,0.014150194029780804
0,0,0.030045050628760187
0,0,0.07363991280248489
0,0,0.02364699640457736
1,1,0.9444098099552156
0,0,0.031006648893831555
0,0,0.021646406573032493
0,0,0.30515959869438386
0,0,0.08430182411463938
0,0,0.006593778365681696
0,0,0.004326803743074949
0,0,0.04057761939098859
0,0,0.037191592231419414
0,0,0.03162951546778834
0,0,0.06767028008699191
0,0,0.011581835491557009
0,0,0.15394108911856982
0,0,0.16708450732400637
0,0,0.08088007746805344
0,0,0.03324654811124972
0,0,0.024025521159011205
1,1,0.999998765996982
1,1,0.6749206184969387
0,0,0.055386695396275436
0,0,0.05804487381582605
0,0,0.030735217886928023
0,0,0.025356065001296762
0,0,0.18119734868396833
0,0,0.019972325277216377
0,0,0.001092487191270924
1,1,0.9999974474866807
1,1,0.9936248921916514
0,0,0.07923990283505099
1,1,0.9999966804291738
0,0,0.0014559058073928724
0,0,0.01873645709748047
0,0,0.017494144870985426
0,0,0.05867581126382027
0,0,0.005015022577512418
0,0,0.17954147846181895
0,0,0.110661366849396
0,0,0.033495833415462105
0,0,0.019544256595033723
0,0,0.10512991100769396
0,0,0.12668054447483248
0,0,0.005600181803283596
0,0,0.009491266717762285
0,0,0.007938250344037593
0,0,0.04027710923025518
1,1,0.990019589980726
1,1,0.9999977168367039
0,0,0.03779072001559996
0,0,0.021062625082425762
0,0,0.006056161855458431
0,0,0.004365152970475796
0,0,0.004396085632642029
0,0,0.008034603703387606
0,0,0.02310696240947463
0,0,0.03777543062296083
0,0,0.0034596502042715414
0,0,0.037030456968923896
0,0,0.12418131020567467
0,0,0.005891149068352905
0,0,0.07657598257501887
0,0,0.030088019004761903
0,0,0.07979552473625656
0,0,0.31082713371469384
0,0,0.07506964797367625
1,0,0.013525677990011547
0,1,0.8222046348826354
0,0,0.016588100558645548
0,0,0.004660992747989947
0,0,0.3085440285330547
1,1,0.9594109838998491
0,0,0.39690444172808537
0,0,0.37340823636837195
0,0,0.013814672400772415
0,0,0.21213135071380224
1,1,0.898441876635093
0,0,0.006075891568263573
0,0,0.022913171589201135
0,0,0.153849880875791
0,0,0.004139036952211319
0,0,0.03791013756180688
0,0,0.008213988941507466
0,0,0.05929595886991735
0,0,0.029937048071275296
0,0,0.014175862968892436
0,0,0.020355574175379275
0,0,0.001984638777335569
0,0,0.001908679573771797
0,0,0.004115093195719572
0,0,0.005684083437946059
0,0,0.008393854765914803
1,1,0.9999962623084329
0,0,0.01713332451494263
0,0,0.3234339757499142
0,0,0.0670322084698657
0,0,0.001546816018930465
0,0,0.023959648692569606
0,0,0.052521021045440514
0,0,0.016376327071413493
0,0,0.02434629516343052
0,0,0.005853929141008838
0,0,0.003474010220043673
0,0,0.01140616639047678
0,0,0.03628410691453184
0,0,0.02254799758492845
0,0,0.05313832472712893
0,0,0.0016606519527712711
0,1,0.5838506909959524
0,0,0.09778385032931006
1,1,0.907550478384145
1,1,0.9999966804291738
0,0,0.0035920119893013925
0,0,0.008242399590658943
0,0,0.01414555553086878
0,0,0.000878555937845135
1,1,0.9999964734721614
1,0,0.36897291227475604
0,0,0.014505665062377235
0,0,0.038285952771628336
0,0,0.18705056348650623
0,0,0.02617448246141901
0,0,0.22835794836588905
0,0,0.3516964359228428
0,0,0.03607214561872396
0,0,0.0032655613607850344
0,0,0.05840980617924526
0,0,0.026687884802790544
0,0,0.07437101443226471
0,0,0.4184111156701725
0,0,0.2679878456745121
0,0,0.08398189716088075
0,0,0.004434912032215311
0,0,0.3951246145071267
0,0,0.06741035124758724
0,0,0.0025258153907351246
0,0,0.005500367780315066
0,0,0.13343375714427816
0,0,0.012765018505584763
0,0,0.04443147678407436
1,1,0.9999974237616135
0,0,0.0761223380750261
0,0,0.0038216428164103925
0,0,0.39919476377256824
0,0,0.011068917769711516
0,0,0.013239759341885707
0,0,0.0582547572910022
0,0,0.03914627452500315
0,0,0.07619408706743748
1,1,0.9999979498821073
0,0,0.01628915429059377
1,1,0.9999989875016777
0,0,0.003068024497731609
1,1,0.7297556025681746
0,0,0.003865447026330806
0,0,0.010104710514121158
1,1,0.6291708232676707
1,0,0.12347747119274861
0,0,0.03913723786168234
0,0,0.17028807961456205
0,0,0.01335562054767451
1,1,0.9999977168367039
0,0,0.40242295170865655
0,0,0.05527244385815375
0,0,0.04726653458914091
0,0,0.1501701503519004
1,1,0.9866480604907478
0,0,0.00550764357056323
0,0,0.000317839920284451
0,0,0.052837608927973234
1,1,0.698355726092557
0,0,0.018126587121129967
1,1,0.9999965126581061
0,0,0.0038371921021319484
0,0,0.013086555242435738
0,0,0.03289722857358147
0,0,0.004626259460159432
0,0,0.008722485676071047
0,0,0.07663899374309287
0,0,0.05745240898014582
0,0,0.037813945660882406
0,0,0.006998867918716161
1,1,0.9999974214555729
0,0,0.04868163768165603
0,0,0.020253552440294906
0,0,0.001910310366998588
0,0,0.017020335100956276
0,0,0.012917687903701357
0,0,0.026859144802325256
0,0,0.05527244385815375
0,0,0.004420688661978081
0,0,0.16373853955246934
1,1,0.9999966804291738
0,0,0.021197643881657787
0,0,0.007704098913540235
0,0,0.0007888833719985238
0,0,0.004629818096091972
1,1,0.9999094556934308
0,0,0.00019742966900919423
0,0,0.05021198074336347
0,0,0.006205252351365176
0,0,0.007337731889403213
0,0,0.008193569159843978
0,0,0.007129406526405201
0,0,0.29323571850689173
0,0,0.06384804342712504
0,0,0.0015244907866357252
0,0,0.024019515845746374
0,0,0.06273562546379452
0,0,0.005241611216295858
0,0,0.008835151174913838
0,0,0.0019354646380673913
0,0,0.0002235395101484474
0,0,0.0038579490758375097
1,1,0.9999977168367039
0,0,0.011255096702751786
0,0,0.033308707468845074
0,0,0.04833241347174892
0,0,0.016586145242028484
0,0,0.005887261031458942
0,0,0.008213027136253558
0,0,0.08569999359875653
0,0,0.026217002306592223
0,0,0.006441349129160944
0,0,0.07637541367397496
0,0,0.2858699333037115
0,0,0.02550924460543983
1,1,0.7518044623814027
0,0,0.04781176483041762
0,0,0.004993343620717565
1,0,0.3924164646350503
1,1,0.8288278516082063
0,0,0.07791678069676368
0,0,0.0006291727626913387
0,0,0.016769416674372532
0,0,0.13125354883073465
0,0,0.01604545967408491
0,0,0.01226864464638362
0,0,0.00915528181598952
0,0,0.027911644477076312
0,0,0.055070401778995554
0,0,0.48983308526093117
0,0,0.002612298007671503
0,0,0.034840163042983444
1,1,0.9996213301804313
0,0,0.03534126945811547
0,0,0.07042959982619536
0,0,0.018043642788135195
0,0,0.08099898673635049
0,0,0.019967565095415012
1,1,0.9999974214555729
0,0,0.011424577078825856
0,0,0.008095346842743985
1,0,0.3675762420801793
0,0,0.06939071436217448
0,0,0.22744787825355403
0,0,0.011097720370188363
0,0,0.0001330796221348337
0,0,0.03308435513858802
0,0,0.021438432039707037
1,1,0.9999966804291738
0,0,0.09051293685121113
0,0,0.07214063429948331
0,0,0.3053094723488298
1,1,0.9918352879108563
0,0,0.0941596748549788
0,0,0.2084834276764775
0,0,0.28221465453543065
0,0,0.04415831266480172
0,0,0.34319372303424045
0,0,0.007052154245792282
0,0,0.05822688831899212
0,0,0.005890899083703621
1,1,0.9999967418747816
0,0,0.1981652346562473
0,0,0.00794740469172436
0,0,0.02982918189012372
0,0,0.0295928885983015
0,0,0.013560212604285339
1,1,0.7513875790534691
0,0,0.002701842760208332
1,1,0.9999957586278144
1,1,0.968888573315068
1,0,0.44157961389288297
0,0,0.007501835730304869
0,0,0.026103807239219748
0,0,0.06991096378896935
0,0,0.0001185162845177491
0,0,0.005331843184764416
0,0,0.011842141141670008
0,0,0.01811826686512762
0,0,0.009622370917030686
0,0,0.0016454010131541083
0,0,0.04240168555286478
0,0,0.02538477163036952
0,0,0.024232534294953586
0,0,0.06093576477268302
0,0,0.008298617710554412
0,0,0.016035673285390337
0,0,0.01092134928962404
0,0,0.06565785192728127
0,0,0.060703407847441805
0,0,0.018703117022272783
0,0,0.05554871803928773
0,0,0.07580355978666642
1,1,0.8959896705283018
1,1,0.9999966804291738
0,0,0.011808635909283275
0,0,0.14724736914248934
0,0,0.0007424559505879863
0,0,0.03582352725990494
0,0,0.16896167485839203
0,1,0.5654954395176452
0,0,0.06627305117572797
1,1,0.9002783334683662
0,0,0.01942474025320643
0,0,0.004487403943799488
0,0,0.25044622392116667
0,0,0.010722861737740333
0,0,0.3752851936350139
0,0,0.028677437883404055
0,0,0.0008152279541954056
0,0,0.028124107113468563
0,0,0.030843530724417995
0,0,0.04410054082389781
0,0,0.00020920784046361108
1,1,0.9999979498821073
0,0,0.11335760027433564
0,0,0.4549237215723787
0,0,0.06777455022408295
0,0,0.0029704280369017566
0,0,0.16040298417398094
0,0,0.0047854362803442406
0,0,0.08902964047566271
0,0,0.011303522279771277
1,1,0.974811437377572
0,0,0.09466052623917198
0,0,0.0009913536151484959
0,0,0.19121628345005637
1,1,0.9999964734721614
0,0,0.07807656237399196
0,0,0.026940620539395426
1,1,0.7646605889075748
0,0,0.16319896465768294
0,0,0.0002538147522919263
0,0,0.0002885166095539199
0,0,0.01501681669227466
0,1,0.701395013968432
0,0,0.022296564362810262
0,0,0.0007226759391027124
0,0,0.021464105578713637
0,0,0.12268590963119333
0,0,0.020895055085532667
1,1,0.9999906755245695
0,0,0.00013424305515289043
0,0,0.05026531389558302
0,0,0.020636381006609028
0,0,0.00019444994981737836
0,0,0.04363797966546267
0,0,0.03270060106005938
0,0,0.00047961319997742935
0,0,0.12074764280818011
0,0,0.03528727454075631
0,0,0.007658799329988161
0,0,0.0297655223204524
0,0,0.0229442030956519
0,0,0.17628108419494462
0,0,0.002282471299739602
0,0,0.029879298507362168
0,0,0.0025687589736470067
1,1,0.9855655966539166
0,0,0.053916624376499744
0,0,0.014066688636019096
0,0,0.03481298813353203
0,0,0.10189004103817431
0,0,0.0325851160306005
0,0,0.14769152484180134
0,0,0.03403570319714009
0,0,0.052985025712313824
0,0,0.27173913914044034
0,0,0.16261934146838042
0,0,0.00025334329673945295
1,0,0.3085440285330547
0,0,0.07394899778797243
0,0,0.014843752838611616
0,0,0.02629199494350366
0,0,0.17668944915345597
0,0,0.019077549748390803
0,0,0.08759849839477742
0,0,0.02722438999022818
0,0,0.022093521197741155
0,0,0.09433910197470365
0,0,0.0005413718946759733
1,1,0.8250544017412984
1,1,0.9999966771807174
1,1,0.9999944141014446
0,0,0.1727159665921051
0,0,0.023292076716923425
0,0,0.0006505033619611608
0,0,0.006901493040902942
1,1,0.9999966804291738
0,0,0.029676342080909725
0,0,0.00949957140809222
0,0,0.056983914070090055
0,0,0.22253304792103326
0,0,0.12257780518331088
0,0,0.03270910742444767
0,0,0.002808959443661183
0,0,0.0001579079547094006
0,0,0.3388654080651849
0,0,0.1860343656005111
0,0,0.018342834278008476
0,0,0.0384239802259067
1,1,0.9999966804291738
0,0,0.08372256711232985
1,1,0.9874612059509827
0,0,0.32193644247903913
0,0,0.029023789342276132
0,0,0.009391607690437394
0,0,0.04475696091733897
0,0,0.0007673902127258588
1,1,0.9999979498821073
0,0,0.0050643459883302905
0,0,0.00786218078216256
0,0,0.09890209191063674
0,0,0.0008496950748108763
0,0,0.0011202550868769166
0,0,0.00889658559188744
0,0,0.3085440285330547
0,0,0.12805575408961337
0,0,0.014224394009948326
0,0,0.0010278174560968984
0,0,0.19819200439236972
0,0,0.002105354840111266
0,0,0.006064724634549211
1,1,0.9539321315861176
1,1,0.9999967418747816
0,0,0.10882611660576028
0,0,0.0063925501629620044
0,0,0.04536637800907554
0,0,0.0014886801523359616
0,0,0.3479615467437844
0,1,0.6030574746130203
0,0,0.09390739890106935
0,0,0.09370754004140225
0,1,0.6217699454935836
0,0,0.0185960219854853
0,0,0.049181806414620055
0,0,0.0012897070553361204
1,1,0.9999094556934308
0,0,0.0332076425185928
0,0,0.0003856137205820498
0,0,0.37650359408843415
0,0,0.0360462093229086
1,1,0.6355712942273538
0,0,0.2134226576899501
1,1,0.9999979498821073
0,0,0.16814734869141307
0,0,0.04379403252089351
0,0,0.03886684517381044
0,0,0.003764043974763512
0,0,0.37650359408843415
0,0,0.0018015331811465044
0,0,0.029589223870424574
0,0,0.034663550524808524
1,1,0.9999967421133994
1,0,0.320446427997656
0,0,0.019591530778894087
0,0,0.027160302309161923
0,0,0.03349041589633002
0,0,0.010723438697122271
0,0,0.010369587593739973
0,0,0.006997886485970543
0,0,0.012203902526601761
0,0,0.4673986581400055
0,0,0.014765225047527116
0,0,0.014549538014205485
0,0,0.34400094800276404
0,0,0.01657765973817503
0,0,0.039314507451238906
1,1,0.9999977168367039
0,0,0.015964006970640737
1,1,0.8643495643022571
1,1,0.9712400410651695
0,0,0.3951246145071267
0,0,0.05646275941496816
0,0,0.010758426926186787
0,0,0.12026039983306262
0,0,0.01932867442457457
0,0,0.03241651340368653
0,0,0.06668266193871261
0,0,0.07028647656263874
0,0,0.028399967017846476
0,0,0.0807491555792263
1,1,0.884197172274332
0,0,0.0192555613759773
0,0,0.016729897197857474
0,0,0.22615786606044705
0,0,0.07271920583796308
0,0,0.018110136815942722
0,0,0.11819591683402937
0,0,0.004120284386379272
0,0,0.11894323837537536
0,0,0.21340861659862723
0,0,0.014112600759388616
0,0,0.0026095763411156016
0,0,0.006253879267892003
0,0,0.019922369029205755
1,1,0.9999749593469971
0,0,0.061702673669677556
0,0,0.013835968834693653
0,0,0.0026789415431835812
0,0,0.04158651685753774
0,0,0.018855465235841945
0,0,0.0029015162616506493
0,0,0.02674522698439666
0,0,0.009197091054664586
0,0,0.020578180949467697
0,0,0.2586775307779261
0,0,0.01128478653064279
0,0,0.009687752506296539
0,0,0.14474704151937257
1,1,0.9999977168367039
0,0,0.12964724681971704
0,0,0.020904818395191517
0,0,0.2484703301209468
0,0,0.0017511893168970626
0,0,0.06259589423387624
0,0,0.2744189409047932
1,1,0.9999967421133994
0,0,0.2813826412979938
1,1,0.9999974214555729
0,0,0.0011715480064715686
0,0,0.006201537262300375
0,0,0.009637675294711026
0,0,0.23752994402875072
1,1,0.9998978409497742
0,0,0.32898169941394984
1,1,0.998828471931009
0,0,0.023981005615846648
1,1,0.9999977168367039
0,0,0.03313184159441031
0,0,0.08244028864336171
1,1,0.9999967418747816
1,1,0.9999979498821073
0,0,0.00445243784200071
0,0,0.001430804158220641
0,0,0.001548023512284412
0,0,0.1800616322845813
0,0,0.004526745948226848
0,0,0.014712036219771166
0,0,0.07641098044478284
1,1,0.9999974214555729
0,0,0.03904885107172761
0,0,0.007786459542049371
0,0,0.008542990442619065
0,0,0.012012719903691238
0,0,0.03170147137106876
1,1,0.9999967418747816
0,0,0.006187863073049587
0,0,0.0247710746669018
0,0,0.05351798649777523
0,0,0.04304369084349306
1,1,0.7175496516792653
0,0,0.0016933754361272149
0,0,0.039096946389984594
1,1,0.9999986485205823
0,0,0.015028104702465682
1,1,0.9999974214555729
0,0,0.36897291227475604
0,0,0.010386396932156686
0,0,0.014312935859329605
1,1,0.9926373556325887
0,0,0.02442121767993991
0,0,0.46818599205828687
0,0,0.040530475960260416
0,0,0.08727967325328274
0,0,0.08172567182539447
0,0,0.06798803933205454
1,1,0.9999974214555729
0,0,0.06659322789508851
0,0,0.020695450327972795
1,1,0.9999974214555729
0,0,0.05233404640167146
0,0,0.03564277419236909
0,0,0.004627611742197
0,0,0.0427992169955624
0,0,0.4549237215723787
0,0,0.007528621599515573
1,1,0.9999974214555729
0,0,0.028049046541787293
0,0,0.040962600507959294
0,0,0.08705513484724708
0,0,0.18853320576349097
0,0,0.011156616742449419
0,0,0.16482292261823198
0,0,0.08052289612016286
1,1,0.9999974214555729
0,0,0.017288123777829893
0,0,0.008809816030328725
1,1,0.8527002642331899
0,0,0.007008082267985714
0,0,0.01628782563795383
0,0,0.000912263290365128
0,0,0.2227167153039052
0,0,0.46818599205828687
0,0,0.05491113184207439
0,0,0.04413973978142966
0,1,0.6036617017706122
0,0,0.006797519580346915
0,0,0.0024196221637047322
0,0,0.002279656005384002
1,1,0.9999979498821073
0,0,0.047136792204653714
0,0,0.023120596875852783
0,0,0.03415708703635616
0,0,0.0028231599748922026
0,0,0.04034862552227456
0,0,0.007075546143543122
1,1,0.5216012450437763
0,0,0.009725919008652427
0,0,0.017575904915092012
0,0,0.007593259296296058
0,0,0.06750706898194744
0,0,0.04676655713753161
0,0,0.011969311858346559
0,0,0.014219178558023586
0,0,0.01713279413256258
0,0,0.0019893111279191238
0,0,0.038395622438515874
0,0,0.005054486006611899
0,1,0.5708511983222799
0,0,0.033106099686177434
1,1,0.9999964734721614
0,0,0.005517329851151288
0,0,0.14367510872814726
0,0,0.06398181316246616
0,0,0.01877576943036345
0,0,0.015575374904856203
0,0,0.002383705297550718
0,0,0.047254543505343
1,1,0.9999986485205823
0,0,0.02050990009768228
0,0,0.005697545976494289
1,1,0.999962922966755
0,0,0.05007472648455443
0,0,0.016549303544952897
0,0,0.06337753040213923
0,0,0.42196945710146183
0,0,0.0026154438252316337
0,0,0.06495750638535826
0,0,0.02900701750167418
1,0,0.16187598247331175
0,0,0.026388610487507517
0,0,0.2646970458385639
0,0,0.2531009858699554
0,0,0.16944341489975176
1,0,0.04870376731143801
0,0,0.014038161610788464
0,0,0.19914378008750477
0,0,0.006271287880863493
0,0,0.006375356015384504
0,0,0.04016914183940754
0,0,0.39125495420710105
0,0,0.00901738109816053
1,1,0.9419920979236537
0,0,0.011252483231433713
0,0,0.04008094028824138
1,1,0.9999966804291738
0,0,0.002512614898717033
0,0,0.001358194186735235
0,0,0.0016479720479418332
1,1,0.999998765996982
0,0,0.02980470279929942
0,0,0.002381025956621045
0,0,0.0010539647296821332
0,0,0.0018902676446831252
0,0,0.010828510818810977
1,0,0.36897291227475604
0,0,0.0013782548749248194
0,0,0.03966002744614643
0,0,0.00334028337480795
0,0,0.03906046189169815
0,0,0.012499044965349973
0,0,0.020333924774298302
0,0,0.032772024173395975
1,1,0.9999962625821728
0,0,0.2064057472329338
0,0,0.007819855971778877
0,0,0.284565097634374
0,0,0.015134516090291181
0,0,0.4356119431219774
0,0,0.38809283360657065
0,0,0.050978053596547585
0,0,0.0198324349778429
0,0,0.05264882774133427
0,0,0.0018873442090972007
0,0,0.01789523790125024
0,0,0.0012274857517569518
0,0,0.0697878657944351
0,0,0.006921299033756538
0,0,0.03287010329286237
0,0,0.006401070039469123
0,0,0.07434057180774618
0,0,0.011773075965980026
0,0,0.07800680386468305
0,0,0.00306213197458919
0,0,0.009532312414776162
1,1,0.9812219262649866
1,1,0.9440392861989589
0,0,0.009085612667761504
0,0,0.10105705626096417
0,0,0.051014441807299395
1,1,0.999998765996982
0,0,0.04066072385615501
0,0,0.04395281637891204
0,0,7.75118995964297e-05
0,0,0.008781004426536617
0,0,0.19734837687693252
0,0,0.0025076386030511147
0,0,0.47578269087335856
0,0,0.01410565022626046
0,0,0.09674995508796563
0,0,0.031653076178554465
1,0,0.30734652834335807
0,0,0.0025687589736470067
0,0,0.025546459184074097
0,0,0.024737528760383234
0,0,0.02601037498629757
0,0,0.0017710867473482688
0,0,0.00383308111109631
0,0,0.0072945881403645016
0,0,0.1880702107909471
1,1,0.9193797089846766
0,0,0.009023851796691375
0,0,0.014619490379550695
0,0,0.006794050036655097
0,0,0.0007235383607471572
1,1,0.9999989875016777
0,0,0.025811878246939386
0,0,0.01317832590571351
0,0,0.005328818452901739
0,0,0.042537037863641644
0,0,0.0055212299440259545
0,0,0.009685731380196497
0,0,0.0036432271143454977
0,0,0.005345335153366039
0,0,0.018498128204350168
0,0,0.1630288079872175
0,0,0.3085440285330547
0,0,0.0009692507681639916
0,0,0.0036973775543697987
0,0,0.22888257490010525
1,1,0.9999977785150863
0,0,0.0073633632007903665
0,0,0.019011158784763893
1,1,0.9999966804291738
0,0,0.06173687324558381
1,1,0.9999962960084147
0,0,0.07225977427396846
0,0,0.049770536053454724
0,0,0.005925216311834707
1,1,0.9999202191461362
0,0,0.08148118109578584
0,0,0.0020748068579454332
0,0,0.16261934146838042
0,0,0.018280558158544142
1,1,0.9999944141014446
0,0,0.03388109854305878
0,0,0.15467584512880167
0,0,0.15618414652406834
0,0,0.04757297547690587
0,0,0.002386561800059805
0,0,0.015560064069771352
0,0,0.07177106944545601
0,0,0.1437461462965372
0,0,0.018264551081886002
0,0,0.255897607960464
0,0,0.01663519585702654
0,0,0.008842677332556408
0,1,0.7036325406555609
0,0,0.30338602092653233
0,0,0.031710629108597566
0,0,0.03142648510227175
0,0,0.021690992902301587
0,0,0.04567493951891218
1,1,0.9999966804291738
0,0,0.007969746277867727
0,0,0.0020033699615580576
1,1,0.9278738957366647
0,0,0.0005492033206691407
0,0,0.4391502757170056
0,0,0.002683914495369458
0,0,0.01632916581452464
0,0,0.012022321928099733
0,0,0.002255507776429357
0,0,0.012873619023809953
0,0,0.018617755424557337
0,0,0.018000304030912163
0,0,0.026300678295816546
0,0,0.02325247668527141
1,1,0.9999966804291738
0,0,0.0008786056047036385
0,0,0.012134109465347948
0,0,0.050908462079877835
0,0,0.012426414097906506
1,1,0.9999957814087109
1,1,0.9881261822386929
0,0,0.06207259917075845
0,0,0.011124578275498098
0,0,0.008120675106465284
0,0,0.000174665854420762
0,0,0.37650359408843415
0,0,0.034490094533897196
0,0,0.21271702584798374
0,0,0.05535340954730997
0,0,0.03965461761599494
0,0,0.007675546220247456
1,0,0.05550120537624661
0,0,0.008270321204022019
0,0,0.010736938313774848
0,0,0.05720847329822681
1,1,0.9999974214555729
0,0,0.006960753189436849
0,0,0.045521644705075005
0,0,0.013562859789143636
0,0,0.009970072737666508
0,0,0.08631314698661818
0,0,0.023316899671991687
0,0,0.004376431459202322
0,0,0.004690842856056793
0,0,0.3548172147348913
0,0,0.07918240140724825
0,0,0.0005188829982214799
0,0,0.06816773583116172
0,0,0.0020779935751750445
0,0,0.0009211645309087433
0,0,0.002701026444998023
1,1,0.9999971242915849
0,0,0.001315486609308832
0,1,0.5697350677570773
1,0,0.23863009735665167
0,0,0.007851857230698651
0,0,0.009171247735181342
0,0,0.039316384119309454
0,0,0.025527604753031466
0,0,0.2810423713668774
0,0,0.007340213203171419
0,0,6.365510414777298e-05
0,0,0.2835928335557168
0,0,0.26082078838756595
0,0,0.015190483380997202
1,1,0.8153256073247953
0,0,0.0008768316619972403
0,0,0.01207161741364821
1,1,0.9999989875016777
0,0,0.03472693612843823
0,0,0.007070704565049267
0,0,0.03391589858635952
0,0,0.006404339528109498
0,0,0.05145205562431342
0,0,0.028803127294153366
0,0,0.12841419052142317
0,0,0.0017483103183283837
0,0,0.02602031251001222
0,0,0.030137540196402832
0,0,0.10058063167656991
0,0,0.003361071346906161
0,0,0.006862828906250433
0,0,0.026270851087881325
0,0,0.049021877631958526
0,0,0.1302440883267894
0,0,0.005753472768258484
0,0,0.03459188310050185
1,1,0.890521113981936
1,1,0.9831030582031559
0,0,0.03348761645730437
0,0,0.03276283846633497
0,0,0.006429593611641074
0,0,0.0012384707160617609
0,0,0.03615678600174545
0,0,0.3214935786980041
0,0,0.08826512577327764
0,0,0.03277607130627886
0,0,0.1983716233028386
0,0,0.45702870594244055
0,0,0.36897291227475604
0,0,0.04910628994714885
0,0,0.21440110331597373
0,0,0.004971604312273393
0,0,0.0003830652168950352
1,1,0.999915564608854
0,0,0.0046688365582421105
0,0,0.020107549079256878
1,1,0.9965451889050398
0,0,0.009138898757901021
1,1,0.9999979498821073
0,0,0.059995419131768035
0,0,0.1955820012825999
0,0,0.006432118544468866
1,1,0.9999981310497241
0,0,0.005684083437946059
0,0,0.10836721082127357
0,0,0.0065061082049399765
1,1,0.9999977168367039
0,0,0.015681049037196065
0,0,0.0005358876656218317
0,0,0.01319518402873576
1,1,0.9999974214555729
0,0,0.00379491053780498
1,1,0.9999979498821073
0,0,0.001479910868624634
0,0,0.010323199959595766
0,0,0.19110987531623125
0,0,0.3922545647777147
0,0,0.04368696528219661
1,1,0.9999974214555729
0,0,0.00039364271187832764
0,0,0.07636409748190144
0,0,0.05021966062900218
0,0,0.03942514409811192
0,0,0.014994108586779242
0,0,0.003719490055295266
0,0,0.30106624449207375
0,0,0.42305956172497916
0,0,0.027327028550999673
0,0,0.1282413188899733
0,0,0.11724878504896104
0,0,0.07367884523510802
0,0,0.04182662276906613
1,0,0.08689312828717914
0,0,0.017724392073747024
0,0,0.03180830258532931
0,0,0.07092201844281325
0,0,0.03920051824025231
0,0,0.03241651340368653
0,0,0.019214143362126197
0,0,0.046362304365559215
0,0,0.10635463906751956
0,0,0.19486845858075158
0,0,0.46818599205828687
0,0,0.37567455269292144
0,0,0.025546459184074097
0,0,0.2048027707914107
0,0,0.005210655773128315
1,1,0.5438229749734833
0,0,0.051203276440714436
0,0,0.02808380043919795
0,0,0.1252425515633911
0,0,0.0029598601165691813
0,0,0.004709493299189742
0,0,0.034729195622054586
0,0,0.016241995719618065
0,0,0.01444552134632573
0,0,0.026807708203815624
0,0,0.01674964809933355
0,0,0.0010559907930342632
0,0,0.09981092450563586
0,0,0.0010435404794179545
0,0,0.005361012002872434
0,0,0.25044622392116667
0,0,0.2992754948280536
1,1,0.9999986485205823
0,0,0.00355337389106061
0,0,0.0034662385875802956
1,1,0.9999966804291738
0,0,0.09493687322613853
0,0,0.18804575918516625
0,0,0.052703189804054855
0,0,0.004769785793464838
0,0,0.00645044058247128
0,0,0.21811812893165747
0,0,0.006258005642314169
1,0,0.31857497604673285
0,0,0.017715444605044702
1,1,0.9944653175104113
0,0,0.03180830258532931
0,0,0.3936228250207608
0,0,0.006999121965426161
0,0,0.40242295170865655
0,0,0.08640674756307636
1,1,0.9964385534745791
0,0,0.4254033916827914
0,0,0.013313253066578812
0,0,0.024830596407468573
0,0,0.0017716016011167764
0,0,0.12529195873573415
1,1,0.999995874961105
0,0,0.05340303424274641
0,0,0.019301461570319187
0,0,0.04240168555286478
0,0,0.02074348230908881
0,0,0.012310004723981692
0,0,0.0063925501629620044
1,1,0.90073880129816
0,0,0.38809283360657065
0,0,0.0057150505130621355
0,0,0.012483059829825786
0,0,0.14215505112122823
0,0,0.022335813316762505
0,0,0.11726633415201157
0,0,0.01282865925036646
0,0,0.014549538014205485
1,1,0.999998765996982
0,0,0.030447883727119544
0,0,0.10784115918088771
0,0,0.029893220121516923
1,0,0.4673805070346782
0,0,0.013956691733756178
0,0,0.06473868472079321
0,0,0.3622071659990097
0,0,0.0010726705299816531
0,0,0.006651607824346348
0,0,0.0011547936415460555
0,0,0.032991261695884164
0,0,0.0028966083744961725
0,0,0.016000189315575064
0,0,0.004488879404010392
0,0,0.025728732615605734
0,0,0.15017117202875468
1,1,0.5693277984343346
0,0,0.021505974635266798
0,0,0.02210137426517399
1,0,0.09251125595589953
0,0,0.08714745316596886
0,0,0.008969346184064305
0,0,0.3092748039950191
0,0,0.002514440031507727
0,0,0.010123508796830665
0,0,0.13398303719237928
0,0,0.043452287332567494
0,0,0.011476017777816596
0,0,0.13054679825151658
0,0,0.00810669876767402
0,0,0.042934939190160476
0,0,0.09695404027469989
0,0,0.19627614758826842
0,0,0.0029561259490110173
0,0,0.02138049115160879
0,0,0.0016740478521600462
0,0,0.03710238158973382
0,0,0.48239297332980174
0,0,0.02105343957285589
0,0,0.01924043802549177
0,0,0.046005326109196755
0,0,0.013340082513449248
0,0,0.09573901754643267
0,1,0.5134037912575372
1,1,0.9999964734721614
0,0,0.029948034743001697
0,0,0.057921742051529244
0,0,0.0072439009010413415
0,0,0.0017439718180290978
0,0,0.011883500396089536
0,0,0.04877257185996183
0,0,0.18685539879176793
0,0,0.0026833402558213365
0,0,0.027734354814821463
1,1,0.9999899426805838
0,0,0.08714534091318328
0,0,0.020686100152908053
0,0,0.008858782702457465
0,0,0.003875579071204946
0,0,0.00037562134238119797
0,0,0.34243513489793326
1,1,0.5275546037457887
0,0,0.11670289362538147
0,0,0.010909228517193373
0,0,0.03865201685651455
0,0,0.00018905852367306236
0,0,0.04413863624226327
0,0,0.1777220609532038
0,0,0.07719785085241002
0,0,0.02236521619500885
0,0,0.0006040337637580687
0,0,0.029986496294690874
0,0,0.24994508516644276
0,0,0.0003018181755429249
0,0,0.019715588682605544
0,0,0.0040743164359232295
0,0,0.014060314311768638
0,0,0.2858699333037115
0,1,0.5131567507730159
0,0,0.09119008377299616
0,0,0.011474586314235497
0,0,0.05129917589258605
0,1,0.5211931276726939
0,0,0.1039820920324988
0,0,0.0024230484683854295
0,0,0.02471771292342916
1,1,0.9999966804291738
0,0,0.18831902588598262
0,0,0.032235786607789786
0,0,0.10389181052550983
0,0,0.0009954810701914229
0,0,0.024669935009630956
0,0,0.024147324383377553
0,0,0.006254731821909214
0,0,0.1647404942794758
0,0,0.42578202853388364
0,0,0.0019628907352268418
0,0,0.02746969362618411
0,0,0.09132649442749274
0,0,0.025172743719255892
0,0,0.05004251364265141
0,0,0.015316106090618625
0,0,0.044636570823006864
0,0,0.10810593677893597
0,0,0.0006245518970429959
0,0,0.008422507325801853
0,0,0.04471668948217961
1,1,0.9999966804291738
1,1,0.9862108124512848
0,0,0.10826012943997158
0,0,0.005481544449098041
1,1,0.9999877254651867
0,0,0.003360187373236775
0,0,0.015755419336951612
1,1,0.9999732155073785
0,0,0.0016264043698734642
0,0,0.02648091469130445
0,0,0.005030659054448925
0,0,0.04102488891227585
0,0,0.01769896321675569
1,1,0.7963410372223368
0,0,0.1629917132519226
0,0,0.07723211577076955
0,0,0.026094176217581262
0,0,0.03054838914840667
0,0,0.02907438307409248
0,0,0.01621224282904971
0,0,0.04477756858500963
1,1,0.9034005228650366
0,0,0.01746794054174286
0,0,0.018476598560625855
0,0,0.08494205346949785
0,0,0.0015732190636729686
0,0,0.00016080772125242175
0,0,0.020717108880626982
0,0,0.013436173626175227
0,0,0.012506367717705642
0,0,0.02011194342405103
0,0,0.02882311329822263
1,0,0.2571725765940036
0,0,0.0014056073926006407
0,0,0.00866768409765502
0,0,0.029867328742223448
0,0,0.004565327324898813
0,0,0.03427223702745094
0,0,0.01397063081772945
0,0,0.04994987575689696
0,0,0.003825922999591957
0,0,0.07779346037438457
0,0,0.007815645550308822
0,0,0.14249566410747133
0,0,0.04680195918705102
0,0,0.016310209775497925
0,0,0.08958241566231309
0,0,0.02900701750167418
0,0,0.13834909581948465
0,0,0.001017119794318098
0,0,0.09711432798359693
0,0,0.016870200051617542
0,0,0.0032474025711464
0,0,0.25044622392116667
0,0,0.05423504885422211
0,0,0.33811021046857015
1,1,0.9999976198535029
0,0,0.12273941408980744
0,0,0.00010897290444500565
1,1,0.9874938203667574
0,0,0.02778353313140754
0,0,0.0859216110048923
0,0,0.210687366280294
0,1,0.530441720393097
0,0,0.00910622136806734
0,0,0.17683182376253984
0,0,0.12596678141411266
0,0,0.10036775164418182
0,0,0.02253919996088381
0,0,0.15525286906010985
0,0,0.021034098560836233
0,0,0.30154681646224285
0,0,0.29873227639582844
0,0,0.0040299450911160115
0,0,0.0013569781633812577
0,0,0.06484323099526716
0,0,0.00010680297752037064
1,1,0.999998765996982
0,0,0.10873910804102571
0,0,0.2622689145229505
1,1,0.9999695368671084
1,1,0.9958832198606004
0,0,0.007861911414262485
0,0,0.02601037498629757
0,0,0.030730579786205567
0,0,0.004045368374250797
0,0,0.009985461256234974
0,0,0.059209716906907975
0,0,0.0026784187769229055
0,0,0.017273119806204437
1,1,0.9999895053044824
0,0,0.062023251230031363
0,0,0.036435193655163775
0,0,0.02808380043919795
0,0,0.00573152164762888
0,0,0.00782553453544344
0,0,0.01588298462593467
1,1,0.9999966804291738
0,0,0.023403998273933434
0,0,0.04232960999458943
0,0,0.12596751523282312
0,0,0.02010519172064451
0,0,0.3716726173296746
0,0,0.001910310366998588
0,0,0.009749506330001526
0,0,0.06667343333159668
0,0,0.06566539004992979
0,0,0.002642535019051983
0,0,0.009970352276562155
0,0,0.21197335806035433
1,1,0.9942327222895657
0,0,0.07060938123458622
0,0,0.05811197731752808
0,0,0.01998976711175572
0,0,0.0017522541749682612
1,1,0.999998765996982
0,0,0.04964938714247152
0,0,0.02315371893448959
1,1,0.9157413414389645
0,0,0.23904386354550725
0,0,0.4520969679169435
0,0,0.0061579584832145914
0,0,0.013280859888322276
0,0,0.006868315243222422
0,0,0.003447711072055181
1,1,0.9999944141014446
0,0,0.005143041548123651
1,1,0.9999976650563936
0,0,0.015464430306793687
0,0,0.0300581004829916
0,0,0.10744403338229709
0,0,0.12770706430928258
0,0,0.000394641766506677
0,0,0.0011064368009655757
0,0,0.002560949063619837
0,0,0.38809283360657065
0,0,0.048400480486043444
1,1,0.9999966804291738
0,1,0.8005245410680896
0,0,0.08550501550095192
1,1,0.9999967418747816
0,0,0.026501536636749416
0,0,0.044530721204548124
0,0,0.004015266385388157
0,0,0.04051802611335612
0,0,0.038677593560453714
0,0,0.026998681138245263
0,0,0.010370581077576076
0,0,0.2551251383233204
0,0,0.005194298910410894
0,0,0.023488574038461607
0,0,0.05480747239695302
0,0,0.0740450455404737
0,0,0.02808380043919795
1,1,0.8499364146793426
1,0,0.45357147092253736
0,0,0.014155572726222709
0,0,0.014157080545243951
0,0,0.0008395455942692337
1,1,0.9999967421133994
0,0,0.011110158320067391
0,0,0.05015879696975899
0,0,0.008005983298499872
0,0,0.022565483205088235
0,0,0.05475410776963124
0,0,0.048854834806580066
0,0,0.11999265901470789
0,0,0.12351320629366065
0,0,0.03603898925064144
1,1,0.6630914984887262
0,0,0.04031533124623189
0,0,0.033926413373603255
0,0,0.00018078949422535833
0,0,0.046125741230564545
0,0,0.011245790925162633
0,0,0.04643861603132817
0,0,0.007596781030997588
0,0,0.00845559411457106
0,0,0.09686792272054251
0,0,0.04339348299443823
0,0,0.03251962326079305
0,0,0.012176942655896498
0,0,0.0016358308939496999
1,1,0.9999966804291738
0,0,0.12142973948286746
1,1,0.9749956609658369
0,0,6.95899453736578e-05
0,0,0.052199271006460046
0,0,0.07959427750158293
0,0,0.028054240273511014
1,1,0.999995874961105
1,1,0.9999863014508135
0,0,0.1788962511413225
1,1,0.9812848185912689
0,0,0.014616449534768886
0,0,0.02446907335314302
0,0,0.00041859652343924066
0,0,0.06819015254167708
0,0,0.02457623605668293
0,0,0.03585762929281013
0,0,0.13799670601725902
0,0,0.016245589255215822
0,0,0.33811021046857015
0,0,0.0350201291574046
0,0,0.010240022134168627
0,0,0.01614859729778089
1,0,0.30454662589260667
1,1,0.528359749042549
0,0,0.015125993954086715
0,0,0.032299638290972585
0,0,0.02730769001967129
0,0,0.05661390987090595
0,0,0.0057862671980409616
0,0,0.0686997889958931
1,0,0.08355548800677796
0,0,0.02549857525976119
0,0,0.009607455663226764
0,0,0.15142814029964385
0,0,0.03057951627011487
0,0,0.01613099423085695
0,0,0.010585066079509858
0,0,0.055604916387276423
0,0,0.04457659244044896
0,0,0.08079631257765625
0,0,0.13450769297365342
1,1,0.9866480604907478
0,0,0.013404394626456382
0,0,0.0002235395101484474
0,0,0.15034068685958735
0,0,0.055066824727559575
0,0,0.00014241906838523283
0,0,0.016461484723926452
0,0,0.015735065961302332
0,0,0.060750398068623285
0,0,0.08710758492395086
0,0,0.06545577821153607
0,0,0.0071698945389141
0,0,0.0209576918538339
0,0,0.017333011442628363
0,0,0.09805109350204019
0,0,0.09925065143996162
0,0,0.06187452937673932
0,0,0.007640779875117225
0,0,0.027067720488895712
0,0,0.07043225699849948
0,0,0.01574278482245823
1,1,0.9999989875016777
0,0,0.32777864556215514
1,1,0.9999969520979264
0,0,0.04448805935577904
0,0,0.0020660104637934365
0,0,0.021779364573002738
0,0,0.029507873900305705
0,0,0.018714633663348117
0,0,0.1855302426951909
0,0,0.06266609472499488
0,0,0.26119482721155
0,0,0.028390129375269003
0,0,0.1781406426929429
0,1,0.5200154404219935
0,0,0.1573098154342509
0,0,0.002962254184382546
0,0,0.00628938406825253
0,0,0.061677686586570954
0,0,0.37650359408843415
0,0,0.002559831132460146
1,1,0.9999966804291738
0,0,0.010492645796363236
0,1,0.5041677059162998
0,0,0.003341074936703802
1,1,0.9834518668452135
0,0,0.04873468540817432
0,0,0.01951565261168444
0,0,0.012706123813580461
0,0,0.008435925889840372
0,0,0.0020543016671994425
0,0,0.04415720495346315
0,0,0.01593657802039237
0,0,0.015464039990521119
0,0,0.02069404247055677
0,0,0.05862735703387638
0,0,0.11673535824468839
0,0,0.0038488788165870185
0,0,0.008114307362689544
0,0,0.3085440285330547
1,1,0.9906881627451574
0,0,0.011702995227906311
1,1,0.9999976198535029
0,0,0.015790982944291265
0,0,0.0015195447729241618
0,0,0.0522526372054214
0,0,0.03319348743413248
0,0,0.08448904363249013
0,0,0.1205707247135206
0,0,0.01474099670479431
0,0,0.008345425292835633
0,0,0.0009971795531481344
0,0,0.17261635201932476
0,0,0.030853499255449075
0,0,0.03483562011521626
1,1,0.9999977168367039
0,0,0.4930127614930923
0,0,0.011488716672417526
0,0,0.052382940230841585
0,0,0.08085715925993879
0,0,0.07038666444357963
0,0,0.029867328742223448
0,0,0.006546812111461058
0,0,0.07533180749814203
0,0,0.19305197488958142
0,0,0.0006022182684033542
0,0,0.01386764165449928
0,0,0.06535033365546411
0,0,0.006234705756171704
0,0,0.040978461034128735
1,1,0.9999974474866807
0,0,0.000727895951130457
0,0,0.00817425869918844
0,0,0.02523975792752976
0,0,0.268807047986255
0,0,0.0072762321939711105
0,0,0.0004415823152663137
0,0,0.05372496234090691
0,0,0.03623199622547345
0,1,0.582703233585188
0,0,0.0023653059544661184
0,0,0.006107640403073885
1,1,0.9938607759405722
0,1,0.5453423062523788
0,0,0.03397945226377624
0,0,0.008993623978530747
0,0,0.17849339813913587
0,0,0.2383228712676756
0,0,0.055027239918197184
0,0,0.00019359470040309593
0,0,0.0004107520857160585
0,0,0.02259482021170116
0,0,0.026612385512953786
0,0,0.006344446175006887
0,0,0.00038577566975512504
1,1,0.999998765996982
0,0,0.008633734978287688
1,0,0.32255454031136976
0,0,0.04910924080041911
1,1,0.9999964734721614
1,1,0.9978598520910705
1,0,0.17281469443511788
0,0,0.4520969679169435
0,0,0.009364205730286445
0,0,0.003035834754505265
0,0,0.01925996440758727
0,0,0.020868178880643847
0,0,0.004273068051929276
0,0,0.005098342080616446
0,0,0.006219201157239344
0,0,0.11656915022931513
0,0,0.06690520139410573
0,0,0.007422575491564292
0,0,0.0019580466121234363
0,0,0.004268007312985176
0,0,0.08668918074207906
0,0,0.07979552473625656
0,0,0.00014678608925180784
0,0,0.003180696107611388
0,0,0.004659596328811654
0,0,0.03484543192798884
1,1,0.8569133374505855
0,0,0.033571416736468115
0,0,0.01386899250183076
0,0,0.004278002376716072
0,0,0.037336425460516874
0,0,0.04961539880941981
0,0,0.03265702037717362
0,0,0.1553673000120562
0,0,0.008702654894267933
0,0,0.003077150331541938
0,0,0.049951501920435605
0,0,0.003045310367847076
0,0,0.009500569327824499
0,0,0.057591163512652414
0,0,0.1533064527851411
0,0,0.13052924100912794
0,0,0.000684769375626733
0,0,0.005322634682547987
0,0,0.3483192893534643
0,0,0.009715462429213659
1,1,0.9999979498821073
1,1,0.9999964734721614
0,0,0.020298854221062475
0,0,0.061163474675976943
0,0,0.03547745069050886
0,0,0.025052624697670504
0,0,0.02260469825675433
0,0,0.03476986810919121
0,0,0.0306961735697587
0,0,0.04288301444814343
1,1,0.9999989875016777
0,0,0.10214175315774973
0,0,0.21611495583439524
0,0,0.12762967625281088
1,1,0.9999977168367039
0,0,0.06466194234194586
1,1,0.9911961287324415
0,0,0.025198461008523458
0,0,0.0012345565793807757
0,0,0.2124884260103268
1,1,0.9999966804291738
1,1,0.9999966804291738
0,0,0.033468469896824816
0,0,0.02253919996088381
0,0,0.03707734596163226
0,0,0.13901185506841038
0,0,0.020905088634899822
0,0,0.024637905530351584
0,0,0.007430075383542352
0,0,0.010546357886918463
0,0,0.08966593334589144
0,0,0.01842856086129708
0,0,0.011985146640880693
0,0,0.026391789973570067
1,1,0.9999967418747816
0,0,0.2116820125980124
1,1,0.9999944141014446
0,0,0.22838687123068202
0,0,0.007482225324476443
0,0,0.0512018072451556
0,0,0.0035774021905887773
0,0,0.32691013433719346
0,0,0.37650359408843415
0,0,0.030175016539313766
1,1,0.9901719444184349
0,0,0.10939642294661381
0,0,0.006693350347445854
0,0,0.051940838430915
0,0,0.0010736676617296888
0,0,0.007258276078347059
0,0,0.012282496138564946
0,0,0.036799359984177916
0,0,0.00392451153219743
1,1,0.728014637301615
0,0,0.008784343653828562
0,0,0.02210023175006627
0,0,0.04537401360748072
1,1,0.695359531160295
0,0,0.042895758688554934
0,0,0.050978053596547585
0,0,0.004990103640622095
0,0,0.021453660453800788
0,0,0.10225383110352439
0,0,0.02711754322716008
1,1,0.9999974214555729
1,1,0.9999964734721614
0,0,0.02019957201372118
0,0,0.00024908938314428575
0,0,0.0042377850239816274
0,0,0.009460954995677662
1,1,0.9871754906788401
0,0,0.0028647381529626286
0,0,0.013272461328785115
0,0,0.10867157287951512
0,0,0.026477945845831238
1,1,0.9999966804291738
0,0,0.0138008547907832
0,0,0.01935485422788552
0,0,0.1272024173307574
0,0,0.2896248907888523
0,0,0.21677266121491953
0,0,0.0005774267881815385
0,0,0.046730583570530004
0,0,0.24080244810953408
0,0,0.23486222879140448
0,0,0.08907656007017474
0,0,0.051818038290025285
1,1,0.9999820423266135
0,0,0.02492695937819965
0,0,0.009475246664700631
0,0,0.01770814385565316
0,0,0.054282622672326114
0,0,0.25168036591139714
1,1,0.9246538527810071
0,0,0.006119481858420658
1,1,0.9999986485205823
0,0,0.012230161637867004
0,0,0.07353791699396336
0,0,0.03485133345397912
0,0,0.05735981237030834
0,0,0.010385183552345226
0,0,0.12314891014330295
0,0,0.08730220808721109
0,0,0.022360250697988814
0,0,0.005271908946797281
0,0,0.005684083437946059
0,0,0.020179949840548283
0,0,0.021790345347892166
0,0,0.012755794970100315
0,0,0.1391944557211441
0,0,0.0019646437830287285
1,1,0.8463760885817667
0,0,0.2228824176056508
0,0,0.037838139402236445
0,0,0.07818419898996319
0,0,0.009810382320283983
1,1,0.9960314126019695
0,0,0.002856511395270559
0,0,0.0003249200809292033
0,0,0.2068518721256223
0,0,0.08445270043245949
0,0,0.0017305398303772397
0,0,0.017170026782325494
0,0,0.03042999772279275
1,1,0.9999966804291738
0,0,0.002103619887282862
1,1,0.9999974474866807
0,0,0.03753377865572059
0,0,0.028584923968185336
0,0,0.14254232025729383
0,0,0.008340294620453888
1,1,0.9999977168367039
0,0,0.015396010128917394
1,1,0.9902815086852279
0,0,0.22266443240527675
1,1,0.999997854936797
1,1,0.999998765996982
0,0,0.12439280261179547
1,1,0.9999986485205823
0,0,0.024138570171703035
1,1,0.9702370325591815
0,0,0.10387731145483607
0,0,0.0008157383220028431
1,1,0.9999986485205823
0,0,0.009385459112414282
0,0,0.003652310426235179
0,0,0.005998383007904866
1,1,0.9999974214555729
0,0,0.012790264205385107
0,0,0.06964345966792942
1,1,0.9999977168367039
0,0,0.005957071127702905
1,1,0.9625143399854589
0,0,0.07570213238281195
0,0,0.11342370407623178
0,0,0.0015720546721985568
0,0,0.18913606887185574
0,0,0.01635062933585618
1,1,0.9999974474866807
0,0,0.033227450331586604
0,0,0.25127231781173753
1,1,0.9999979498821073
0,0,0.037654052157622867
0,0,0.0020217801392107917
0,0,0.08579596372361818
0,0,0.009915640678590304
0,0,0.0063053148723504785
1,1,0.9999979498821073
0,0,0.054604714652244896
0,0,0.03786239893114859
0,0,0.037595882089108364
0,0,0.0003747094531665567
0,0,0.049889052687964425
0,0,0.028040623280810355
0,0,0.0028691431704391643
0,0,0.07385986453402522
0,0,0.013953056440538703
0,0,0.15795751839013142
0,0,0.07983482054400864
0,0,0.10892083904914074
0,0,0.0641890797693102
0,0,0.02644743407009084
1,1,0.9999976198535029
0,0,0.023249375259322365
1,1,0.9999964734721614
0,0,0.0033476807483269577
0,0,0.0563424718767498
0,0,0.01389506913409065
0,0,0.029912795283069442
0,0,0.10883561813949423
0,0,0.048086957127083586
0,0,0.0006180466893225168
0,0,0.08239343347203507
0,0,0.00024495455823049484
0,0,0.01801036974185929
1,1,0.9533830000307719
0,0,0.017319540759477572
0,0,0.04957554247654864
0,0,0.012232224171210814
0,0,0.02689270750444184
0,0,0.05500013369226169
0,0,0.1638840469134915
1,1,0.9999964734721614
0,0,0.00896995537637495
0,0,0.17923184977128304
0,0,0.33931168442968934
0,0,0.08348825024657389
0,0,0.059562100294850484
0,0,0.03661281187047969
0,0,0.05321536428199425
1,1,0.9474240102716499
0,0,0.0020676567109830955
0,0,0.1445874568566475
0,0,0.005773985279312954
0,0,0.0006697124034361999
0,0,0.005499736437872869
0,0,0.009457767769889703
0,0,0.16035405148381818
0,0,0.025527110627013887
0,0,0.1627183196342888
0,0,0.008484053889359284
0,0,0.0023220410491747445
0,0,0.012713417492345027
0,0,0.006778403854267382
0,0,0.014116441714106451
0,0,0.03986961998588555
0,0,0.34319372303424045
0,0,0.023251949331148533
0,0,0.0015345957406519952
0,0,0.032071932954927745
1,0,0.4803368387679648
0,0,0.2250924187352477
0,0,0.06475613434379163
0,0,0.42196945710146183
0,0,0.08636317672842281
0,0,0.04452793814455424
1,1,0.9999964734721614
1,1,0.9999967418747816
0,0,0.005797439105779711
0,0,0.026422792628089227
0,0,0.011508599533353241
0,0,0.13665388925789598
0,0,0.0027045290788815404
0,1,0.546512402299415
0,0,0.017393335162620958
0,0,0.0396011944671247
0,0,0.012348191155531586
0,0,0.005833358648140238
0,0,0.018110136815942722
0,0,0.008737398581857778
0,0,0.007980967007369347
0,0,0.0041796934082249755
0,0,0.010573725725742427
0,0,0.02616336396483577
0,0,0.0123090265055733
0,0,0.030568317447182778
0,0,0.03361861943820177
0,0,0.03161857389126935
0,0,0.001525271056966103
0,0,0.2125760155320504
0,0,0.3670119796785875
0,0,0.04840198646187165
0,0,0.01702847502205171
0,0,0.30515959869438386
0,0,0.06704589345951817
1,1,0.7002541211983371
0,0,0.014821849756301856
0,0,0.24522521653511342
0,0,0.03634654109617086
0,0,0.08964186452953582
0,0,0.031095627261684283
0,0,0.04241925119155284
0,0,0.03699309734619913
1,0,0.4274446376638677
0,0,0.01573067852249064
0,0,0.005684662129793569
0,0,0.05166917574932301
1,1,0.7908080710666646
0,0,0.03228311566761509
0,0,0.0076513246501794165
1,1,0.9913792709495172
0,0,0.004254921561047687
0,0,0.012154865200239227
0,0,0.04067693044507245
0,0,0.10507634089376035
1,1,0.7456407601666928
0,0,0.28546583294704775
0,0,0.06419699516906159
0,0,0.05175835744289362
0,0,0.04732748903178676
0,0,0.0034535716586714307
0,0,0.03592096025877338
0,0,0.07088101995291035
0,0,0.05628576093889925
0,0,0.47505981601100417
0,0,0.003740647743636183
0,0,0.007641922059457991
1,1,0.7909090312999804
0,0,0.033255766810658005
0,0,0.025347950133519776
0,0,0.0084122548145054
0,0,0.00035310148023982407
0,0,0.03327506609948264
0,0,0.02645881258261462
0,0,0.05232570750715685
0,0,0.05193256481179702
0,0,0.25047070770450774
0,0,0.05114855224180342
0,0,0.14203055798839911
0,0,0.00743142181702613
0,0,0.015552492731940613
0,0,0.004500397656401445
1,0,0.44035049412277516
0,0,0.006182480991119522
0,0,0.010651646163960237
0,0,0.015681049037196065
0,0,0.006004663721927008
0,0,0.001759961800899332
0,0,0.011795819110312866
0,0,0.01975327373614675
0,0,0.09072482531398922
0,0,0.049331049917688094
0,0,0.0072143277818776
0,0,0.00030629557666886006
0,0,0.30242000912913725
0,0,0.0016308842850762618
0,0,0.03370009839255313
0,0,0.008956407087315448
0,0,0.05399082761753144
0,0,0.004845447971288493
0,0,0.15339886264278324
0,0,0.007637774841279439
0,0,0.04316069003899036
0,1,0.5261489727751993
0,0,0.033408836956487976
0,0,0.0027238517290311707
0,0,0.09239767676929571
0,0,0.05393237512591746
0,1,0.5134037912575372
0,0,0.009727536074494045
1,1,0.9288430575554137
0,0,0.021759555858439823
1,1,0.9999967418747816
0,0,0.00011185127844719763
1,1,0.9999974214555729
0,0,0.030200043499330316
0,0,0.02453576197975923
1,1,0.9997971779411544
1,0,0.43882719404328746
0,0,0.40393260755289545
0,0,0.015921516428691346
0,0,0.004728770804989083
0,0,0.03168672755118446
0,0,0.01097379708874385
0,0,0.04491548461021503
0,0,0.007389428533549731
0,0,0.14369174691441491
0,0,0.027161789504472088
0,0,0.003348235998745345
0,0,0.0077612122144720365
0,0,0.10889195574703285
0,0,0.002271213156449508
0,0,0.08787656527675815
0,0,0.0014450835711518287
0,0,0.003543662159803783
1,1,0.999998765996982
0,0,0.00299969252418492
0,0,0.0020029511928474904
0,0,0.007422575491564292
0,0,0.0010720022785303078
0,0,0.05750276584825442
0,0,0.4549237215723787
1,1,0.9044290890470076
1,1,0.9999986485205823
0,0,0.04766448031181377
1,1,0.9999964734721614
0,0,0.048206869676140005
0,0,0.056610249091882794
1,0,0.20905450252922445
1,1,0.6480672463119963
0,0,0.012428647355781669
0,0,0.03616137403277758
0,0,0.007501895758244999
0,0,0.04733412705616398
0,0,0.027680324180113562
0,0,0.0022293680729239735
0,0,0.10349897822484833
0,0,0.008379597521829537
1,1,0.9152192508167711
0,0,0.004420502369434107
0,0,0.0027512679327636115
0,1,0.7395744456433095
0,0,0.06669663018786746
0,0,0.03260594749740712
0,0,0.2673033499689391
0,0,0.004343438157088769
0,0,0.40242295170865655
0,0,0.04284016892762933
0,0,0.010638960140729212
1,0,0.13767125567364105
0,0,0.11842188771563789
0,0,0.00152301036236489
0,0,0.004417358271641717
0,0,0.010130640152825448
0,0,0.01964192434202467
0,0,0.036753543986916506
1,1,0.9787556601132572
0,0,0.0006462527903417826
0,0,0.15232346528282315
1,1,0.9999966804291738
0,0,0.0104016581241532
0,0,0.0761927554862114
0,0,0.016439786599553394
0,0,0.005842094569394346
0,0,0.048301340111262685
0,0,0.03069877829167016
0,1,0.5775137107009355
0,0,0.0021180988551939713
0,0,0.011454681301158417
0,0,0.06517070860094387
0,0,0.018855465235841945
0,0,0.02050990009768228
1,1,0.9929509483047182
0,0,0.08467469421659907
0,0,0.0058780957250150435
0,0,0.09296482438155794
0,0,0.008397471615638365
0,0,0.4358196980552969
0,0,0.00018655829332516507
0,0,0.22508217282899412
1,1,0.9131818234715074
0,0,0.006554354272822262
0,0,0.0014100809873397123
0,0,0.10439559706762037
0,0,0.046828377396441676
0,0,0.1097375605989258
0,0,0.10029163826479572
0,0,0.009316330184596372
0,0,0.0005450771852273702
0,0,0.0023278793102695836
0,0,0.010585066079509858
0,0,0.009115127602815578
0,0,0.1747267941632527
1,0,0.4923234433901239
0,0,0.0024802071523538647
1,1,0.9999979498821073
0,0,0.00029820730216844184
0,0,0.008096934431709876
1,1,0.9999914886291112
1,1,0.9999967421133994
0,0,0.014440307449682253
0,0,0.03043377896176035
0,0,0.02083898801979171
0,0,0.005911610116592437
1,0,0.41177058927349214
0,0,0.011293204393177532
0,0,0.30481672838320556
0,0,0.3983558612216675
0,0,0.011854916708113906
0,0,0.020136798335398227
0,0,0.023935594197461305
0,0,0.0026784187769229055
0,0,0.005184171455818443
0,0,0.001938996176487598
0,0,0.003149175507721839
0,0,0.0627510769094824
0,0,0.0045268868488047495
0,0,0.0041337069841145616
0,0,0.10596211107552143
0,0,0.024339586999554248
1,1,0.9999986485205823
1,1,0.9999966804291738
0,0,0.1949357975057384
1,1,0.8096682305393116
1,1,0.965026808855369
0,0,0.013445611183654636
0,0,0.0024902762429031148
0,0,0.017581410091553517
0,0,0.18428474918961052
0,0,0.01374424513333321
0,0,0.2582527034165243
1,1,0.999915564608854
0,0,0.014798687126626105
0,0,0.03683150565094999
0,0,0.02191528496128743
0,0,0.1288230924930138
1,1,0.9999982935068383
0,0,0.016854459347752135
0,0,0.05384909710014112
0,0,0.00015139611327684606
0,0,0.00036359587186022527
0,0,0.02887369691731544
0,0,0.21865081068724873
0,0,0.004597288039516793
0,0,0.0035076162052890985
0,0,0.00423958997643995
0,0,0.00326297310576873
0,0,0.0011048345380082255
0,0,0.017566144178421846
0,0,0.09175987588713255
0,0,0.306733433077605
0,0,0.15107870346806596
0,0,0.014571505447239178
0,0,0.007110897125637912
1,1,0.9999964734721614
0,0,0.012904332056292774
0,0,0.003184733897704628
0,0,0.00973412524201602
0,0,0.011759255822868237
0,0,0.0052722559521842655
0,0,0.002317831856462466
0,0,0.054318792030990166
0,0,0.07744769235037968
1,1,0.9999966804291738
0,0,0.17073056436506323
0,0,0.0034060715184932337
1,1,0.9723179847816487
0,0,0.0029477064361162915
0,0,0.03557170175001687
0,0,0.0026784187769229055
0,0,0.0012658573764666554
0,0,0.15617169985754173
0,0,0.09750421993604287
0,0,0.0012897070553361204
0,0,0.0064842674551484
0,0,0.00011484751590140048
0,0,0.04925583586322711
1,1,0.9999202663856797
0,0,0.0145683061374539
0,0,0.11930514146557804
0,0,0.2380905769920925
1,1,0.9999971242915849
0,0,0.10759803945826235
0,0,0.2622689145229505
0,0,0.00564369749583222
0,0,0.03176977668705036
0,0,0.0004613447921310572
0,0,0.34243513489793326
1,1,0.9934218145262177
1,0,0.06874878106030285
0,0,0.008624196965777523
0,0,0.003040390861365914
0,0,0.04234120124262427
0,0,0.007109001099082036
0,0,0.003741118872682214
0,0,0.022194822301143793
0,0,0.07341966334339002
0,0,0.00018879094268285567
0,0,0.006527082306238556
1,1,0.9999979498821073
0,0,0.028736870958419636
0,0,0.08821044521860061
0,0,0.07007591249290529
0,0,0.08199988793561949
0,0,0.0061731538221703915
0,0,0.04979226462326195
0,0,0.0199214055070512
0,0,0.004111880033141065
0,0,0.011732043392452261
0,0,0.000613134461828159
1,0,0.19567819762484587
1,1,0.5275546037457887
1,1,0.9999974214555729
0,0,0.09577295120850755
0,0,0.0592961109553412
1,1,0.980431785284408
0,0,0.029704671813102396
0,0,0.0026323692815781864
0,0,0.04414122269240355
0,1,0.5160057304568518
0,0,0.004579082926516473
0,0,0.0089799261231697
0,0,0.009413295896003435
0,0,0.006464864810583939
0,0,0.045897689360555174
0,0,0.008213988941507466
0,0,0.27322130987391985
0,0,0.015982450785239594
0,0,0.006433685771634069
1,0,0.1757074325264353
0,0,0.005957071127702905
0,0,0.026743527662180806
0,0,0.023512297306863352
0,0,0.01687628189008566
0,0,0.0018264228741509347
0,0,0.17790268189557829
0,0,0.07130640473581606
0,0,0.004046994843416461
1,1,0.9999976198535029
0,0,0.17524255962119528
0,0,0.014313766991351016
0,0,0.2114914199859614
0,0,0.027592771152921462
0,0,0.08042966274936039
1,1,0.6795786063348861
1,0,0.47955594627185627
0,0,0.00020287086988243473
0,0,0.2731858786035085
0,0,0.16146566673306373
0,0,0.030866419247849025
0,0,0.06376863827080735
0,0,0.007663465391594724
0,0,0.026482832784733255
0,0,0.1355392077491048
0,0,0.007932180700993139
0,0,0.004963552813441098
0,0,0.37650359408843415
0,0,0.005170833179429318
0,0,0.04008094028824138
1,1,0.9594971045378805
0,0,0.030780289414543666
0,0,0.07890871818335794
0,0,0.008420865758870685
1,1,0.9999986485205823
0,0,0.008372889888237896
0,0,0.1456657152725991
1,1,0.9999967418747816
0,0,3.369323183046915e-05
0,0,0.2520458544698263
0,0,0.006456574326342307
0,0,0.04556892639284954
0,0,0.06405011982356676
0,0,0.02103543357333697
0,0,0.01823758653357
0,0,0.015732953714562705
0,0,0.017439601059547664
0,0,0.343986320982154
0,0,0.00011947595097489974
0,0,0.0254848294283428
1,1,0.999915564608854
0,0,0.023637505718096016
0,0,0.018805512070670237
1,1,0.9466260907493212
0,0,0.03286139014088781
0,0,0.038754359924304566
0,0,0.007111578945764199
1,0,0.04277925021170338
0,0,0.08850622514023197
0,0,0.01663742385109329
0,0,0.004351963347292469
0,0,0.06940204743989394
0,0,0.005837513937928604
0,0,0.0011867977181919324
0,0,0.012755794970100315
0,0,0.03705011939266862
1,1,0.9999977168367039
1,1,0.9999970717796709
1,1,0.9346437176738559
0,0,0.0011062004109739648
0,0,0.2520458544698263
0,0,0.21843475640588197
0,0,0.03441517764840173
0,0,0.0017982502371606541
0,0,0.08237357922282448
0,0,0.004522311050783684
0,0,0.06848305567464302
1,1,0.998926432070056
0,0,0.0018561847488198046
0,0,0.0009404400191065293
0,0,0.012314372117772105
0,0,0.05535340954730997
0,0,0.012644790729523596
1,1,0.9999974474866807
0,0,0.05629858109427152
0,0,0.21724503306310092
0,0,0.00530936047138001
0,0,0.02458631284368795
1,1,0.9999957586278144
0,0,0.032247561633169816
1,1,0.7114490843176298
0,0,0.027896736069644518
0,0,0.0018669335213868724
0,0,0.021000470161125738
0,0,0.12368405270050678
0,0,0.04006448930459308
0,0,0.01777345845613969
0,0,0.01242596726071868
1,1,0.9869186508637005
0,0,0.34400094800276404
0,0,0.022004738008837885
1,1,0.999915564608854
1,1,0.6692088875287373
1,1,0.9999974214555729
0,0,0.25044622392116667
0,0,0.28966907475782067
0,0,0.0411002029158495
0,0,0.07562043462234654
0,0,0.010437305718197
0,0,0.00804121457092262
0,0,0.014541953716568322
0,0,0.24860611343545558
0,0,0.41106224653880685
0,0,0.013029263414333251
0,0,0.00987824929757334
0,0,0.0062621613007427515
0,0,0.031612729060992724
0,0,0.006164111692574724
0,0,0.006387109702011722
0,0,0.05358112841974315
0,0,0.04409698892233796
1,1,0.9999967418747816
0,0,0.04636018903563388
0,0,0.029619664889742388
0,0,0.04514117314020083
0,0,0.0014802315947190147
0,0,0.026657186991089186
0,0,0.12074764280818011
0,0,0.04313771478457601
0,0,0.05832578357379395
0,0,0.19567298895711233
0,0,0.09698896896717868
0,0,0.0029958711309077523
0,0,0.19485142284389118
0,0,0.31860104892266655
0,0,0.4549237215723787
0,1,0.5180458374135173
0,0,0.01010442891722253
0,0,0.05072230225625062
1,1,0.9999966804291738
0,0,0.004819428133375467
0,0,0.029575852647538804
0,0,0.032609151743349565
1,0,0.1907608875518508
1,1,0.9999966804291738
0,0,0.10792965217888878
0,0,0.0014929866614853053
0,0,0.010299244990912218
0,0,0.05182966708341243
0,0,0.00489809550098963
0,0,0.01326987952427199
1,1,0.9999966804291738
0,0,0.007969746277867727
0,0,0.015174339977157031
0,0,0.025851177765494966
1,1,0.9999849672016264
0,0,0.026961562567559303
0,0,0.0008844071969768747
0,0,0.04378634362459661
0,0,0.04977828276942026
0,0,0.017914542550372916
0,0,0.014022344532521705
0,0,0.15570077863047577
0,0,0.001946668704882081
0,0,0.008409556269003627
0,0,0.17041238567945652
0,0,0.00728501668685266
0,0,0.03453181738932518
0,0,0.0045905351925923455
0,0,0.266104795223237
0,0,0.004696644329841932
0,0,0.01002957627265103
0,0,0.017132699339426113
0,0,0.2631271557178299
0,0,0.03344507181738519
0,0,0.024818402984344835
1,1,0.9999971242915849
0,0,0.07350411681855593
0,0,0.12936503528143964
0,0,0.01280024803807306
0,0,0.007759850787986718
0,0,0.23680515654829598
0,0,0.0257524594190498
0,0,0.014135656663096272
0,0,0.011610551618508928
0,0,0.21990330738647923
0,0,0.00869663093225752
0,0,0.05431597654711865
1,1,0.9999966804291738
0,0,0.23809206644768047
0,0,0.05068886027843835
0,0,0.14984247326900926
1,1,0.9915216164838768
0,0,0.004417358271641717
0,0,0.003590398849895383
0,0,0.017045246256597094
0,0,0.016925194021086373
0,0,0.01936413928169254
0,0,0.02747544444345782
0,0,0.019678517317723368
1,1,0.9999842236733185
0,0,0.017916298989845224
0,0,0.001734945727347778
0,0,0.018938352497760214
0,0,0.009970352276562155
0,0,0.3085440285330547
1,1,0.9999966804291738
0,0,0.020248885147798414
1,1,0.9939252824997865
0,0,0.002746617021290359
0,0,0.007634239367243365
1,1,0.9999964734721614
0,0,0.07366410142229331
1,1,0.9999889516030024
0,0,0.06947708826317435
0,0,0.015373489909860613
1,1,0.9999974214555729
0,0,0.04992743123833077
0,0,0.0018749282293402116
1,1,0.9660895439191518
0,0,0.0015704807165511706
0,0,0.015829310765080266
0,0,0.0008307514742295796
0,0,0.00821461274348885
0,0,0.004736689027732603
0,0,0.09419929042282722
0,0,0.016120830287814397
0,0,0.028756187322701812
0,0,0.02125336405574402
0,0,0.0023957261113278323
0,0,0.017103407866155666
1,1,0.9893292470652719
0,0,0.08167695711944112
0,0,0.01994546003525109
0,0,0.03688463022436377
0,0,0.027866746524160227
0,0,0.0492875901990328
1,1,0.9999190100148426
0,0,0.018812488879337213
0,0,0.14595285164573127
0,0,0.3897346238615114
0,0,0.05647698333032513
0,0,0.09498280819344163
0,0,0.16820724620311117
1,1,0.9966085816744935
0,0,0.012879499741618897
1,1,0.9999974214555729
0,0,0.009567219365484476
0,0,0.24296123284445573
1,1,0.999998765996982
1,1,0.5533486266081713
0,0,0.13675608872495848
0,0,0.017972310734423742
0,0,0.007461658189458439
0,0,0.37650359408843415
0,0,0.010684834393774077
0,0,0.05961901138651676
0,0,0.027556501760215193
0,0,0.002820427623220574
0,0,0.1777473265245806
0,0,0.008675164401285688
1,1,0.9999974214555729
0,0,0.017023280220291804
0,0,0.014401467564926057
0,0,0.08143353271076549
0,0,0.25559920792693586
0,0,0.37284153250361074
0,0,0.026683836265752305
0,0,0.009260990836504945
1,0,0.09344488178552676
0,0,0.1821568223652373
1,1,0.9999976198535029
0,0,0.03184822696133875
0,0,0.027053194341545232
0,0,0.0003682247761915006
0,0,0.40242295170865655
0,0,0.02565510427065722
0,0,0.1557739064147789
0,0,0.008179368830863037
0,0,0.017990565361711154
0,0,0.009953653173557515
0,0,0.004755684710432308
0,0,0.0055235219213165005
0,0,0.019094317082479936
1,1,0.9999974214555729
0,0,0.03717803140166013
0,0,0.006005114568390812
0,0,0.028936200758409764
0,0,0.015177548932631029
1,1,0.999915564608854
0,0,0.009883037595969797
0,0,0.00020548184515351947
0,0,0.006502143583419488
1,1,0.9816906228728569
0,0,0.45956201896721777
0,0,0.08365786658232612
0,0,0.0004396700440264756
0,0,0.14988177125622942
0,0,0.22358126808576825
0,0,0.027451902369332596
0,0,0.007554270013962448
0,0,0.000146436526177898
0,0,0.014219178558023586
0,0,0.1007907858902982
0,1,0.5424486921580598
0,0,0.03459388991879334
0,0,0.07340913429268206
0,0,0.04656585075633599
1,1,0.9999974214555729
0,0,0.12636054283880713
1,1,0.9999966804291738
0,0,0.005015399457223686
1,1,0.9999989875016777
0,0,0.006921100243548143
0,0,0.03286854375581415
0,0,0.008892419734947027
1,1,0.9866480604907478
1,1,0.9999986485205823
0,0,0.0004632112204044353
0,0,0.003267631085867785
0,0,0.11854967229562345
0,0,0.02125831489761197
1,1,0.9999979498821073
0,0,0.008865783763814897
1,1,0.9978084013257715
0,0,0.28650407597746197
0,0,0.015464039990521119
0,0,0.00023336358671071343
1,1,0.628360009952213
0,0,0.14556557324515526
1,1,0.9999962623084329
0,0,0.005580550862412656
0,0,0.034284965627163926
0,0,0.4856674928579105
0,0,0.010811762131083515
0,0,0.003420580751200135
0,0,0.02573936105393323
0,0,0.039062214968092965
0,0,0.4682530823759068
0,0,0.015419073442169343
0,0,0.16547241098264
0,0,0.06361998790211643
0,0,0.005709452722677774
0,0,0.04340707933045186
1,1,0.9999974214555729
0,0,0.12546980628446583
1,1,0.9999967421133994
0,0,0.010996541657559013
0,0,0.023124411425543414
0,0,0.33794522514460024
0,0,0.12479728136156203
0,0,0.058244348066754256
0,0,0.008817877541756558
0,0,0.03514075863065854
0,0,0.003446760143942773
0,0,0.00517663960613679
0,0,0.02723526893714204
0,0,0.04559309846855397
0,0,0.01575579271823051
0,0,0.06106609606597565
0,0,0.0546742444422845
0,0,0.001979268915735813
0,0,0.009842618615812865
0,0,0.02808558943025009
0,0,0.2583690123401755
0,0,0.03485760415191544
1,1,0.9999964734721614
0,0,0.05333122719980576
0,0,0.11836224676628981
0,0,0.04819953925404832
1,1,0.9999967418747816
1,1,0.8943674602873363
0,0,0.031200913755804725
0,0,0.37650359408843415
1,1,0.9999979498821073
0,0,0.0016380351140101823
0,0,0.00790376085556707
0,0,0.03223238590768254
0,0,0.004526673159057073
0,0,0.041032990039625315
0,0,0.012463801376659
1,1,0.9999964734721614
0,0,0.02942896452399253
0,0,0.27237099445605123
0,0,0.0882926722576102
0,0,0.0012171533437105298
0,0,0.3085440285330547
0,0,0.13442452481509762
0,0,0.010700330783674394
0,0,0.05379331577995227
0,0,0.34400094800276404
0,0,0.010339886217821366
0,0,0.01687628189008566
0,0,0.008524224784105115
1,1,0.999996146404419
1,1,0.999995874961105
0,0,0.33498124553577485
0,0,0.039576357214445135
0,0,0.008745536158620091
1,0,0.4504067968041356
0,0,0.449258835744996
0,0,0.016547302169350245
1,1,0.964560180893049
0,1,0.5718790512705775
0,0,0.07634118234760347
0,0,0.0017471301732026948
0,0,0.03309726639473441
0,0,0.002254802154232109
0,0,0.007961522696102459
0,0,0.12765856628108369
0,0,0.12986966056096946
0,0,0.06219445185663069
0,0,0.06336629544713926
0,0,0.01124660984407599
0,0,0.020802653976031524
1,1,0.9987521423896983
0,0,0.1352847707842148
0,0,0.032912915675441703
1,1,0.9999966804291738
0,0,0.06039167335465306
0,0,0.035170446747558405
0,0,0.02757052912221996
0,0,0.050978053596547585
0,0,0.0028153423433629854
0,0,0.0002681224533765051
0,0,0.22710893225212986
1,1,0.9999977168367039
0,0,0.037810184166715534
0,0,0.0954506894112933
0,0,0.003740647743636183
0,0,0.0156263316733381
0,0,0.021647127630950072
0,0,0.00730398082118515
0,0,0.008702654894267933
1,1,0.9999966804291738
0,0,0.04020768322049302
0,0,0.0029561259490110173
0,0,0.0014953036998917348
0,0,0.18202704461275682
0,0,0.4743474611824561
0,0,0.0059764098404423965
0,0,0.029695313921752897
0,0,0.14016705666849552
0,0,0.09342017229520093
0,0,0.018931613597892638
0,0,0.023460212312290382
1,1,0.9641563315492296
0,0,0.03711335395491508
0,0,0.02127752023003034
1,1,0.9999979498821073
1,1,0.9999966804291738
0,0,0.007422575491564292
0,0,9.078707178619694e-05
1,1,0.9999974214555729
0,0,0.020353780472404007
1,1,0.9999966804291738
0,0,0.009021398470543923
0,0,0.37650359408843415
0,0,0.003476538307924015
0,0,0.0031394776747620053
1,1,0.9944672802070347
0,0,0.0062075469621007545
0,0,0.008080601921409641
1,1,0.99249995081136
1,1,0.9999973431607314
0,0,0.022287948359798356
1,1,0.9999967418747816
0,0,0.3085440285330547
0,0,0.004691434683294513
0,0,0.015719902643158656
0,0,0.05218922525378066
0,0,0.02147920980355601
0,0,0.04084969577036305
0,0,0.006003245067051986
0,0,0.04989373852901731
0,0,9.721046787192936e-05
0,0,0.01660527302167595
0,0,0.2507026561661644
0,0,0.022641921017533637
0,0,0.06577271598007965
0,0,0.0027363860334719044
0,0,0.013760215350430583
0,0,0.03299315348350929
0,0,0.13772586919538005
0,0,0.00893177360649281
0,0,0.008422507325801853
0,0,0.12214409971265167
0,0,0.05616796950730337
0,0,0.009317885176303019
0,0,0.004959413089576883
0,0,0.06970196296080931
0,0,0.009851477690920294
0,0,0.014843752838611616
0,0,0.010101328377779575
0,0,0.009040486177586014
0,0,0.062396100749110985
0,0,0.003046570670397719
0,0,0.0050643459883302905
0,0,0.00200576854262736
0,0,0.00521504792760317
0,0,0.00788701296095542
0,0,0.0074809332604305594
0,0,0.007898764895314915
0,0,0.0517590284342904
0,0,0.029102815621183827
0,0,0.0010284222924006302
0,0,0.16595472412393375
0,0,0.011944985242157676
0,0,0.004028045974480723
0,0,0.09762679541194323
1,1,0.9999974214555729
0,0,0.02171132974980453
0,0,0.02233029362662025
0,0,0.007626734256889657
1,1,0.9865776457378137
0,0,0.0036096215188679117
0,0,0.021410548512508485
0,0,0.021368691759076467
0,0,0.006930811694174206
0,0,0.012994222812413974
0,0,0.004114461896145857
0,0,0.2772060912940177
0,0,0.013065891306904404
0,0,0.012642223908512024
0,0,0.00021214001931578824
0,0,0.09147027347097039
0,0,0.04173582811916881
0,0,0.0714009565994301
0,0,0.14032982756939308
1,1,0.9866480604907478
1,1,0.970511337579237
1,1,0.9999962625821728
1,1,0.999998765996982
0,0,0.10364408633261138
0,0,0.0014442842720778582
0,0,0.33274950271176323
0,0,0.010211997797385162
1,1,0.9484978131442084
0,0,0.019497544812947926
0,0,0.3728136577587271
0,0,0.2906030048624106
1,1,0.9637611868524771
1,1,0.9999966804291738
0,0,0.011361776993517729
0,0,0.26894368432073174
0,0,0.40242295170865655
0,0,0.05937728352296726
0,0,0.00015250069467721318
0,0,0.021457246575595466
0,0,0.002541364010059928
0,0,0.02655810030719923
0,0,0.06427739338340842
0,0,0.020991175878992473
0,0,0.027425469907339944
0,0,0.00829686869211097
0,0,0.2718875707176676
0,0,0.02156181601594876
0,0,0.002590120497663022
1,1,0.9999979498821073
0,0,0.011446208104285873
0,0,0.00036704747078119486
1,1,0.9272979541749549
0,0,0.45350879230154256
0,0,0.007680438614214097
0,0,0.06899288246649991
0,0,0.027439214177888034
0,0,0.009859756257203428
0,0,0.002719609809248657
1,1,0.9999989875016777
0,0,0.007447848499348884
0,0,0.00030022404476210047
0,0,0.2772060912940177
0,0,0.00024401027322823828
1,1,0.9999966804291738
0,0,0.00098808198113794
0,0,0.25697580231162687
0,0,0.01198584826713394
0,0,0.40242295170865655
0,0,0.032772024173395975
0,0,0.01700902029361271
0,0,0.01519320067301464
1,1,0.9539321315861176
0,0,0.017531319516557016
0,0,0.06167336501977361
0,0,0.013920505645393356
0,0,0.023889097424608662
0,0,0.10998955339873942
0,0,0.34243513489793326
0,0,0.01963606444052905
0,0,0.10235957735636833
0,0,0.327717977794556
0,0,0.011809383046116886
0,0,0.07927989783918361
0,0,0.025672670780773305
0,0,0.17982751299352642
0,0,0.027093705587720375
0,0,0.00027990904839584306
0,0,0.002490028156859463
0,0,0.10558784741398217
0,0,0.0005410773595257713
0,0,0.15152031067171978
0,0,0.025303792820342837
0,0,0.0040628045905013845
0,0,0.022093521197741155
0,0,0.19402983147900738
0,0,0.1521374681834947
0,0,0.008074347110412784
0,0,0.0034460433124630565
0,0,0.22821652501846423
0,0,0.2557483204864269
0,0,0.011461973744480634
0,0,0.002276199822073613
0,0,0.01726385801686973
0,0,0.010652026659028879
1,1,0.7954545616026985
0,0,0.03313828233739571
0,0,0.006837959437456847
0,0,0.0004258445120386132
0,0,0.46086912952885295
0,0,0.03688979421964648
1,1,0.999998765996982
0,0,0.010213521573532537
1,1,0.9999966804291738
0,0,0.011935745670918697
0,0,0.002081869581399102
1,1,0.8636301224019115
0,0,0.10354514458619281
0,0,0.001646613728093706
0,0,0.006357298515840669
0,0,0.00978735283876526
0,0,0.03738829363085878
1,1,0.9689260047316399
0,0,0.0020141453179931953
0,0,0.004142532056137406
0,0,0.060267147387110226
0,0,0.005911797105848668
0,0,0.14971623606956422
0,0,0.037779418496957616
0,0,0.30515959869438386
0,0,0.03145959264374899
0,0,0.0069234066580092695
0,0,0.04359946608629144
1,1,0.691649778338786
1,1,0.7807276869279047
0,0,0.02620169913778495
0,0,0.05072230225625062
1,1,0.8177218023617521
0,0,0.01681917598979639
1,0,0.38175004286258035
1,1,0.9999964734721614
0,0,0.001083746687222519
0,0,0.007596482237791256
0,0,0.27243915793776313
0,0,0.009814952167381373
1,1,0.9999903950860075
0,0,0.008632189038891746
0,0,0.011072078269358986
0,0,0.011063438740260093
0,0,0.24212567550846867
0,0,0.00012115983877772258
0,0,0.01214852596246891
0,0,0.03860815711443659
0,0,0.01113604513783321
0,0,0.009424735799205664
0,0,0.011856565623272258
0,0,0.07140656203644268
0,0,0.004483281542425568
1,1,0.9999966804291738
0,0,0.3108373353523788
0,0,0.0770605959762334
1,1,0.9233340679452557
0,0,0.0971767959628157
0,0,0.057156671915751425
0,0,0.006520753173503405
0,0,0.17866204222022566
0,0,0.0106205836881209
0,0,0.16134861286243948
1,0,0.4549237215723787
0,0,0.02229132260867294
0,0,0.027656558760583556
0,0,0.0720741150753129
0,0,0.006852835507213092
0,0,0.028383155033156998
0,0,0.02638877009300165
1,1,0.9365970274678406
0,0,0.027968357969010104
0,0,0.4549237215723787
1,1,0.680068151064112
0,0,0.00011512981654341198
0,0,0.022781459420060147
0,0,0.20987601034943726
0,0,0.0117960494368611
0,0,0.02320153925747316
0,0,0.025764609116011982
0,0,0.03215644496562512
0,0,0.04386481599608554
0,0,0.009789711796399439
1,1,0.9593070047943875
0,0,0.08563887797385061
0,0,0.017035831904255498
0,0,0.0037980170093992183
0,0,0.2622689145229505
0,0,0.0006645751370892366
0,0,0.008128186055265812
1,1,0.9937918382902484
0,0,0.01614970194049567
0,0,0.0005955852411443049
0,0,0.11554521197043173
0,0,0.05555956296851599
0,0,0.015513223803264281
0,0,0.03285883769352952
0,0,0.002906533069658614
0,0,0.09933306171922489
0,0,0.00033477101624595444
0,0,0.006344894283046785
0,0,0.03282424526094083
0,0,0.005014670506118458
0,0,0.056633332941587775
0,0,0.031214869463883566
0,0,0.09439316967368366
0,0,0.38809283360657065
1,1,0.997747578462888
0,0,0.38778967468733955
0,0,0.012684896559113496
0,0,0.04819560443495606
0,0,0.0002104581434821557
0,0,0.004959452135272044
0,0,0.0067512675144482705
0,0,0.015281023535258257
0,0,0.012048713237022661
0,0,0.013824749769935323
0,0,0.009985199527023415
0,0,0.0009342930028267228
0,0,0.007029957449358429
1,1,0.9980098200643922
0,0,0.06882630564608269
0,0,0.0570695561490132
0,0,0.07123758137643393
1,1,0.9839810144823126
0,0,0.02388375697513731
0,0,0.0003348141251800815
0,0,0.027436893546472413
0,0,0.045755455439749376
1,0,0.40242295170865655
0,0,0.0033708069473963884
0,0,0.031481949378189066
0,0,0.06856792619715418
0,0,0.3558390942828323
0,1,0.5160057304568518
0,0,0.010990537023891474
0,0,0.08572307638631804
0,0,0.037191592231419414
0,0,0.034348149677581395
1,1,0.9999974214555729
0,0,0.016607253119209693
0,0,0.08859738222244819
0,0,0.04710644239115372
0,0,0.02906159706361378
0,0,0.24012290885891643
0,0,0.19810760514711737
0,0,0.006146744934386134
0,0,0.029023789342276132
0,0,0.001115981373345543
0,0,0.04726653458914091
1,1,0.999998765996982
0,0,0.09705956286844102
0,0,0.00573825012238646
0,0,0.003925573321978151
0,0,0.17339540379571863
0,0,0.14880659376113944
1,1,0.9999974214555729
0,0,0.021795081989227534
1,1,0.9806273361166071
0,0,0.03679949013036927
0,0,0.013889563315330677
0,0,0.05929393210016844
0,0,0.26761710608053807
0,0,0.08715213218076051
1,1,0.9937918382902484
0,0,0.057243720290616126
0,0,0.019297078386471895
0,0,0.01797047238757522
0,0,0.4300515131747037
0,0,0.11887455507341582
0,0,0.05699541097402746
0,0,0.007811453944525948
0,0,0.08060302863720922
0,0,0.24410153427136333
0,0,0.007422575491564292
0,0,0.00472529152366512
0,0,0.02326702328206957
0,0,0.09153070073530521
0,0,0.020386444565291324
0,0,0.010830814997448687
0,0,0.18740951530736147
0,0,0.016117531946912334
0,0,0.010803276898400481
0,0,0.014782338940259977
0,0,0.03329664626937215
0,0,0.06795812041079057
0,0,0.008325274693674289
0,0,0.028663247347814544
0,0,0.029548743910733078
0,0,0.07413011070419259
1,1,0.9899980718621574
1,1,0.9999967421133994
0,0,0.05601272844176404
1,1,0.9512309077735451
0,0,0.08079121103106447
0,0,0.00997299485304672
0,0,0.06889668235262941
0,0,0.13145917100905583
1,1,0.9999979498821073
0,0,0.03091031845244652
0,0,0.06594337648146757
0,0,0.11313693127383996
0,0,0.009434833583773483
0,0,0.060823020908392804
0,0,0.04358669026982124
0,0,0.0073302745185642015
1,1,0.9756292224306907
0,0,0.05533111388536946
0,0,0.03336176925914268
0,0,0.02706329659522291
0,0,0.29025813028595704
0,0,0.1871856932348534
0,0,0.008208587116561172
0,0,0.012114571258560308
0,0,0.1760647913415946
0,0,0.05516791532556975
0,0,0.005533137727510644
0,0,0.001215982139177457
0,0,0.01744765513114584
0,0,0.016710366591979334
0,0,0.0395923621118805
0,0,0.00861425520236417
0,0,0.006407781851821703
0,0,0.00665457307057119
0,0,0.0023988020774889135
0,0,0.11259464660426143
0,0,0.45322590929980344
0,0,0.1736919143221742
0,0,0.026381271727188422
0,0,0.02674878131256253
0,0,0.12815665939817802
0,0,0.005359174594438861
0,0,0.07444869083547292
1,1,0.9999966804291738
0,0,0.04066972011955219
0,0,0.10406046835282473
0,0,0.34501473746326555
0,0,0.3361655504551643
0,0,0.01853639675943033
0,0,0.08804897973206913
0,0,0.2278907986286986
0,0,0.039234528214461446
0,0,0.021643732791720844
0,0,0.04910628994714885
0,0,0.00011947595097489974
0,0,0.030741261816396616
0,0,0.09980064390698876
1,1,0.9999964734721614
0,0,0.039326838583207256
0,0,0.009859756257203428
0,0,0.30515959869438386
0,0,0.027050178956466744
1,1,0.9999977168367039
0,0,0.03850005434807824
0,0,0.02330517999678657
1,1,0.9999974214555729
0,0,0.3879996287741137
0,0,0.0056137315731472045
1,1,0.9999967418747816
0,0,0.006583419490322431
0,0,0.009366057914109265
1,1,0.8417104096300776
0,0,0.04635909195610834
0,0,0.10025739623323589
0,0,0.009811457158595204
0,0,0.002903582892659362
0,0,0.014782338940259977
0,0,0.005136536745717249
0,0,0.15914192144554454
1,1,0.997185796767902
0,0,0.047036017211186304
0,0,0.01368778524726221
0,0,0.13102737062612113
0,0,0.27712321623529756
0,0,0.026505493716304798
0,0,0.03762499658540602
0,0,0.014307439147112196
0,0,0.00943188252334067
0,0,0.04710254734073065
0,0,0.1846985765512395
0,0,0.1473606200227734
0,0,0.018941099415489854
0,0,0.09002461135695487
0,0,0.03779072001559996
0,0,0.019094153717686274
0,0,0.00024943400315524975
0,0,0.3588093045986003
1,1,0.9999986485205823
1,0,0.24359117482700382
0,0,0.2192268144096395
0,0,0.018266965962879956
1,1,0.999915564608854
0,0,0.046669743436428865
0,0,0.07007711638293962
0,0,0.013159090788465732
0,0,0.03592096025877338
0,0,0.1421498085064156
0,0,0.1003717515373261
0,0,0.030679902061347818
0,0,0.2622689145229505
0,0,0.0032894341374391867
0,0,0.1536058792014817
0,0,0.04588493257991789
0,0,0.38081386851755794
0,0,0.1024985668073096
0,0,0.30663444814112767
0,0,0.24341607083443115
0,0,0.04423479517359919
0,0,0.007005058806764493
0,0,0.005658200483986195
0,0,0.00011967534796829858
0,0,0.05857235273259836
0,0,0.1726684504040871
1,0,0.3780532649269527
0,0,0.0029888452585255035
0,0,0.002390331385185385
0,0,0.011836805526194991
0,0,0.005467492027593883
0,0,0.007763366740197555
0,0,0.017518172122984507
1,1,0.999998765996982
0,0,0.004699481668002473
1,1,0.9999974214555729
0,0,0.02796834892169266
1,1,0.9999986485205823
0,0,0.13204222146656328
0,0,0.13107479467892183
0,0,0.018491356522095066
0,0,0.005404851295113951
0,0,0.008573079039951113
0,0,0.11920744440590994
0,0,0.02394382874289853
1,0,0.12331940213765881
1,1,0.9999971242915849
1,1,0.9999971242915849
0,0,0.00113598916990655
0,0,0.14197963787030918
0,0,0.053280475734944106
0,0,0.014515132218922411
0,0,0.02881062440531427
0,0,0.36897291227475604
0,0,0.0021529153437040848
0,0,0.028426982800115828
0,0,0.019188162208013646
0,0,0.012930516039907853
0,0,0.046024843522691546
1,1,0.9999989394358962
0,0,0.00878127903147658
0,0,0.003137320838906505
0,0,0.17241617046830265
1,1,0.5160057304568518
0,0,0.037729788441750976
0,0,0.003184733897704628
0,0,0.08228649315628257
1,1,0.9875725361413703
0,0,0.013986879214157297
0,0,0.012616478464154842
1,1,0.8625604255991235
0,0,0.0051583535288451925
0,0,0.16875787209914478
1,1,0.9999974474866807
0,0,0.011556113116747
0,0,0.024229138521953703
0,0,0.00038203481661294936
1,1,0.9999964734721614
1,1,0.5654954395176452
0,0,0.4003780955239212
0,0,0.3181220442409476
0,0,0.037262246500790026
0,0,0.002567217459510244
0,0,0.10700559956837923
0,0,0.0071313940674439654
0,0,0.0013606424081332527
0,0,0.006452171397770694
0,0,0.017266754588681293
0,0,0.09572036490653746
0,0,0.007594698812102436
1,1,0.8558863712727948
0,0,0.013025609837429853
1,1,0.9999979498821073
0,0,0.010492645796363236
0,0,0.04163061326580028
0,0,0.0914253564793652
0,0,0.01078982171873708
1,1,0.9446536234879657
1,1,0.5654954395176452
0,0,0.014932304253108104
0,0,0.06424274233868198
0,0,0.004427509316530336
0,0,0.006664732769966447
1,1,0.9999977168367039
1,1,0.9999986485205823
0,0,0.016627624832511345
0,0,0.13374787933987892
0,0,0.008769896996641647
0,0,0.162340366082879
0,0,0.0063925501629620044
0,0,0.018370842253220408
1,0,0.17286482240739856
0,0,0.10459196591558928
0,0,0.02022520146012118
1,0,0.48870909567708587
0,0,0.02174709543456752
0,0,0.01200185136301458
0,0,0.13186845466637961
0,0,0.005322634682547987
1,1,0.9999944141014446
0,0,0.07329720918405437
0,0,0.0057150505130621355
0,0,0.01258270562704477
0,0,0.013317311208934108
0,0,0.2071743474489122
0,0,0.0007363106973615027
0,0,0.016701261857815754
0,0,0.029512254241807694
0,0,0.00015534949669005602
0,0,0.01181754035122059
0,0,0.2407595950220148
0,0,0.04301271788164884
0,0,0.017248635260668686
0,0,0.00013506320526391604
0,0,0.058593282555066684
0,0,0.25505303885510616
0,0,0.03843797160161344
0,0,0.00045034559734945245
1,1,0.9999974214555729
0,0,0.11326856701477359
0,0,0.28895086308544843
0,0,0.0018429034896973431
0,1,0.7056505388474629
0,0,0.0714009565994301
0,0,0.00599800707254673
0,0,0.002859181839434209
1,0,0.42222187681260376
0,0,0.0322875859242846
0,0,0.006110610010158971
0,0,0.023589810718592487
0,0,0.010441726628017926
0,0,0.13907032022301571
0,0,0.0003841546986810953
1,1,0.9761255885741792
1,1,0.9999964734721614
0,0,0.011361746224195578
0,0,0.2530742128736425
0,0,0.1599301560316099
0,0,0.025510059566213456
1,1,0.9999974214555729
0,0,0.42599207254717186
0,0,0.38987330182205715
0,0,5.535590970088981e-05
0,0,0.0770059789935043
1,1,0.9999962623084329
0,0,0.047267884229596116
1,1,0.9999974214555729
0,0,0.09280774488023756
1,1,0.9911961287324415
0,0,0.012873607777126352
0,0,0.282971299100512
0,0,0.0016906525761478512
0,1,0.6929470284328892
0,0,0.08059478539963123
0,0,0.0430843737481019
1,1,0.8186826096198541
0,0,0.48467581443263696
0,0,0.11950438200480745
0,0,0.3499424549441296
0,0,0.0004703578839447002
0,0,0.057980598921025465
0,0,0.027716823598723656
0,0,0.029132099212207198
1,1,0.9999974474866807
0,0,0.1459679185604386
0,0,0.25044622392116667
0,0,0.09487368033095003
0,0,0.005281713100086143
0,0,0.02995206719180469
0,0,0.004814842415719166
0,0,0.007663465391594724
0,0,0.04612940907010419
0,0,0.002852421451829975
0,0,0.0020967135446200245
0,0,0.006746202189045329
0,0,0.026670523966265167
0,0,0.087225154189086
0,0,0.01177463541121136
0,0,0.04973360357026085
0,0,0.002838549398450431
0,0,0.04570680308200757
1,1,0.7699559335498652
0,0,0.006761645379870292
1,1,0.9999979498821073
1,1,0.9999967421133994
0,0,0.011837327099684986
0,0,0.17790559312536294
0,0,0.0036373267680160117
0,0,0.028782238632166945
0,0,0.006724670456779813
0,0,0.02617448246141901
0,0,0.013510192186833534
0,0,0.10445837885829429
0,0,0.06828570601579449
1,0,0.43566893077144553
0,0,0.0005059652522835854
0,0,0.08376003351352697
0,0,0.05507933701774986
0,0,0.015140018096858334
0,0,0.0036505477733782205
0,0,0.43467647933596637
0,0,0.0022642920514631187
0,0,0.005593806510470593
0,0,0.01507772277628194
0,0,0.024813527424362224
1,0,0.17835848566213164
0,0,0.08470328947535824
0,0,0.13077167569839984
1,1,0.9999974214555729
1,1,0.9999974214555729
0,0,0.06237222674593841
0,0,0.054696261464424537
0,0,0.044764432868340476
0,0,0.02681663718517282
0,0,0.0063925501629620044
0,0,0.3234339757499142
0,0,0.06554798001734623
1,1,0.9999986485205823
0,0,0.007067441675224285
0,0,0.0063892671581418726
1,1,0.9999986485205823
0,0,0.015542051672755174
0,0,0.003106997965876529
0,0,0.0479491417160052
0,0,0.00962595213087438
0,0,0.027999655300661862
1,1,0.9999966804291738
0,0,0.059327160486602235
0,0,0.0044712804259582585
0,0,0.03223323383407114
0,0,0.028322836229305655
0,0,0.007274321000234992
0,0,0.0065321306175698006
0,0,0.059788696595124265
0,0,0.04595692449815172
1,1,0.999915564608854
0,0,0.17332136423180972
1,1,0.9999979498821073
0,0,0.014654981517851023
0,0,0.007979987577493092
0,0,0.034376836868860366
0,0,0.00231555407424913
1,1,0.9920812565645558
0,0,0.03853107011146376
0,0,0.00534067700736458
0,0,0.16323674655548093
1,1,0.8185334540586973
0,0,0.005475486780427645
1,1,0.9999986485205823
1,1,0.5477163351453253
0,0,0.0347570275188393
0,0,0.005035038582881065
0,0,0.010492645796363236
0,0,0.017712923127382738
1,1,0.9998065864841558
1,1,0.9999986485205823
0,0,0.0531668132595738
0,0,0.028792943421344176
0,0,0.007606070182209197
1,1,0.9999977168367039
0,0,0.07634118234760347
0,0,0.0286808088727925
0,0,0.1393310704053537
1,1,0.8802759328523485
0,0,0.0008614134087340219
0,0,0.004709493299189742
0,0,0.017935751681582592
0,0,0.055735227232489866
0,0,0.013975958081916477
0,0,0.20649568290871706
0,0,0.04067693044507245
0,0,0.010946246650521635
0,0,0.009038660070264699
0,0,0.005076177268008311
1,1,0.9262116674800144
1,1,0.999998765996982
1,1,0.7367171814096358
0,0,0.1432571643142376
0,0,0.012270409677325353
1,1,0.9999974214555729
0,0,0.015689659601458506
0,0,0.026802059827851686
0,0,0.11511469298094525
0,0,0.00014923293239773032
1,1,0.9999971242915849
0,0,0.09943444009995998
0,0,0.1264181583936632
1,0,0.10251003621386125
0,0,0.016701261857815754
1,1,0.787553831048695
0,0,0.003977581723952457
0,0,0.0036211679180069875
0,0,0.36732471554008145
0,0,0.012425193402180788
0,0,0.06840740849754108
0,0,0.09964315333264913
0,0,0.008336234858051789
0,0,0.010994149986294164
0,0,0.22865933210064393
0,0,0.0725224312285412
0,0,0.015344470662616228
0,0,0.05482675572331299
0,0,0.04948513141794904
1,1,0.9278253765227549
0,0,0.004607292845760371
0,0,0.039361635081036156
0,0,0.01795124307153817
0,0,0.1546775974845598
0,0,0.03060858792217295
0,0,0.030540606138567235
0,1,0.5838506909959524
1,1,0.9962114337761461
1,1,0.6209845189924099
0,0,0.031488710926952206
0,0,0.007866557326869453
1,1,0.9999977168367039
0,0,0.011184194544002074
0,0,0.013282286448869305
0,0,0.14631797048171544
1,1,0.9999974214555729
0,0,0.4808407992615076
0,0,0.012763302438101917
0,0,0.06334497401934677
0,0,0.1451523199965019
0,0,0.31188981392368204
1,1,0.9999967421133994
0,0,0.00910042819260694
0,0,0.010835744075874593
0,0,0.05199165979173948
0,0,0.005628941212636492
0,0,0.026962422422622728
0,0,0.009734032892419578
0,0,0.019951072586374928
0,0,0.001469648378846333
0,0,0.07113160167360967
1,1,0.999998765996982
0,0,0.01417925959973953
1,1,0.9999979498821073
0,0,0.018108498047952646
0,0,0.03047630117466836
1,0,0.4321202159291971
1,0,0.3234339757499142
0,0,0.08186747627595928
0,0,0.03457272647468222
0,0,0.0036618716151155697
1,1,0.9999974214555729
1,1,0.9999202663856797
0,0,0.045799386414008686
1,0,0.3740449932510953
0,0,0.0006669268757409572
1,0,0.40831862975420224
0,0,0.04235323697992381
0,0,0.014763855513671282
0,0,0.029879298507362168
0,0,0.022041641537126972
0,0,0.24772388481777532
0,0,0.0013506556867129587
0,0,0.003475212667856543
1,1,0.9999974214555729
0,0,0.026447857729673844
0,0,0.026644773873931556
0,0,0.046911663632099414
0,0,0.0001429677323605566
1,0,0.08749117010927002
0,0,0.04658231111027745
0,0,0.04910628994714885
0,0,0.020701504838552383
0,0,0.038896263461658774
1,1,0.9999974214555729
0,0,0.016659952127019824
0,0,0.0013607987739356095
1,1,0.9909911471627092
0,0,0.18047941537032286
0,0,0.3394404719538742
0,0,0.002822923375586449
1,1,0.9999977168367039
0,0,0.01315722389363167
1,1,0.9999974214555729
1,0,0.4549237215723787
1,0,0.05659371933497097
0,0,0.019529327646161637
0,0,0.0032021278022783873
0,0,0.12260935132090878
0,0,0.06353833490967369
0,0,0.02364328734774807
1,1,0.9999974214555729
0,0,0.14712457891644565
0,0,0.011622689216558164
0,0,0.002701386937659933
0,0,0.11849275414768906
0,1,0.52187045141123
0,0,0.19746476977541852
0,0,0.0441120933483098
0,0,0.3951246145071267
0,0,0.09858685435611275
0,0,0.014774299908291263
0,0,0.037810184166715534
0,0,0.020514877484852815
1,1,0.9999979498821073
0,0,0.1506638182576746
1,1,0.5742428913910353
1,1,0.9999971242915849
0,0,0.10960492583325095
0,0,0.004487403943799488
0,0,0.011965102134606276
1,1,0.9942816777526833
1,1,0.9999852270516247
0,0,0.006075891568263573
0,0,0.21470504180156144
1,0,0.11652223025016017
0,0,0.010166895039930873
0,0,0.03964299264686763
0,0,0.09009316930928642
0,0,0.01167172561320215
0,0,6.629122441623336e-05
0,0,0.013903397494895813
0,0,0.01780255350101587
1,0,0.1580099632687132
1,0,0.36945558865188405
0,0,0.03394805558678752
0,0,0.030540570808243184
1,1,0.999982136981627
0,0,0.012081647424694019
0,0,0.0048135371998939075
0,0,0.0926639903909907
0,0,0.005143468979001513
0,0,0.270066492326833
0,0,0.02597137197957929
1,1,0.9999986485205823
0,0,0.006588160803678148
0,0,0.003924349524950498
0,0,0.003803145937862461
0,0,0.02542717121466445
0,0,0.0027180988965177506
1,0,0.4901041160163731
0,0,0.03439837924872412
0,0,0.05265177285839373
1,0,0.25126805364694915
1,1,0.9999967418747816
0,0,0.00027918151314625225
0,0,0.01965899195846227
1,1,0.9999967421133994
0,0,0.07064643938755133
0,0,0.09806050125302382
0,0,0.0193953636108841
0,0,0.00011950522400777147
1,1,0.9999966804291738
0,0,0.09209775336724316
0,0,0.06536603424689352
0,0,0.00595714571080744
1,1,0.9999967421133994
1,1,0.9918135845505746
0,0,0.033289769147852484
0,0,0.0018429270520240809
0,0,0.261933874001116
0,0,0.20830670098725723
0,0,0.13578434477451537
0,0,0.003710802286536889
1,1,0.9999966804291738
0,0,0.016059464829698607
0,0,0.03454514036791424
0,0,0.020013239661619834
0,0,0.012277057363625799
0,0,0.07334668217746663
0,0,0.007606070182209197
0,0,0.09483920739526383
0,0,0.0017936151719532972
0,0,0.030105918704495017
0,0,0.04372127162517022
0,0,0.029986496294690874
0,0,0.015404029525483622
1,1,0.9612515648709933
0,0,0.37650359408843415
1,1,0.9095558075399222
0,0,0.0011572085046440259
0,0,0.0523967090130672
0,0,0.03797713790526755
0,0,0.009749506330001526
0,0,0.0029151170724486695
0,0,0.0222216342615436
0,0,0.17351377090358636
0,0,0.024147324383377553
0,0,0.01148086035078423
0,0,0.01434132167476222
0,0,0.003836409180279684
0,0,0.02240545685081879
0,0,0.028437363543151482
0,0,0.0012700009325693905
0,0,0.009186259103995863
1,1,0.8630072186288803
0,0,0.008001078386010005
0,0,0.002246610147462876
1,1,0.9999986485205823
0,0,0.024106570553390105
0,0,0.047228882969117696
0,0,0.009969919125025982
0,0,0.039610649564678954
0,0,0.05867581126382027
1,1,0.999998765996982
1,1,0.9999976198535029
0,0,0.004032435832380267
0,0,0.0013714015943529167
0,0,0.0138008547907832
0,0,0.027230833525027413
0,0,0.01570607945229698
0,0,0.03375950963180022
0,0,0.31830545734772653
0,0,0.026787665838611075
0,0,0.006928407519424985
0,0,0.01184103923296553
0,0,0.06009731298061184
1,1,0.9999930876662018
0,0,0.029194808185160143
1,0,0.14965790777610274
0,0,0.32914048748999614
0,0,0.2964552697826909
0,0,0.04378783571546191
1,1,0.9953058521790377
0,0,0.0010854583604382895
0,0,0.11444657459945982
0,0,0.057964079825791034
0,0,0.027644315111720396
0,0,0.028367106505096055
0,0,0.019673051514059663
0,0,0.0048065561204678866
1,1,0.9931828478476975
0,0,0.03334241382147006
0,0,0.034580374390415246
0,0,0.015392033881189262
0,0,0.048792011965299364
0,0,0.022351891107387584
0,0,0.049134304252318454
0,0,0.09269063199425229
0,0,0.1408021088507277
0,0,0.009466257889315963
1,1,0.9731359759954636
0,0,0.03506329496542057
0,0,0.011695202503427883
0,0,0.027184905809193746
0,0,0.01857559512468417
0,0,0.09425616447304092
0,0,0.09004008634134983
0,0,0.0005662926072966929
0,0,0.01944044157968503
1,1,0.9933386805941707
0,0,0.04723976376895057
0,0,0.04411558540136822
0,0,0.0036432271143454977
0,0,0.04858190752607735
0,0,0.04854675893509448
0,0,0.057966106113844375
0,0,0.05938750433793429
0,0,0.029376154541483533
0,0,0.02228041077690179
0,0,0.00949957140809222
0,0,0.06970196296080931
0,0,0.321715403121406
0,0,0.0355955817558832
0,0,0.18687944189088282
1,1,0.999915564608854
1,1,0.999715183370018
0,0,0.026984523442923892
0,0,0.0008488368924808368
0,0,0.004972222820579873
0,0,0.004858403465746505
1,1,0.921289113042389
0,0,0.2697343566542973
0,0,0.021021032384958505
0,0,0.019046232796420533
0,0,0.0011062004109739648
0,0,0.009554785131663312
0,0,0.03071876304029714
0,0,0.01425254426422962
0,0,0.014785685248538637
0,0,0.13295389058726043
0,0,0.2762015660070697
0,0,0.009393478671043962
0,0,0.028568984419754268
0,0,0.0818490222683168
0,0,0.0049542555608614635
0,0,0.1548515616627344
0,0,0.008634707359471907
0,0,0.047238347511812884
0,0,0.024054956063342556
0,0,0.07837664286448619
1,1,0.9999979423411411
0,0,0.005014588638204283
0,0,0.0029298919841353878
0,0,0.02509177975089928
1,1,0.999915564608854
0,0,0.006795435227751261
0,0,0.04819953925404832
0,0,0.0042726254855696135
0,0,0.0020581824398290417
0,0,0.010970796445117928
0,0,0.010135902807845418
0,0,0.03248977731983398
1,0,0.17303047494525634
1,1,0.9999967418747816
1,1,0.999993351799374
0,0,0.10133952002837646
0,0,0.004274185453837113
1,1,0.9999979498821073
1,1,0.9999966804291738
1,1,0.9999136663230908
0,0,0.005903418567822014
0,0,0.028359978781610645
0,0,0.015133640614494308
0,0,0.01793360902020901
0,0,0.0005622987018926976
0,0,0.02806449952652753
0,0,0.4112079540116635
0,0,0.2772060912940177
0,0,0.008369154106872714
0,0,0.34319372303424045
0,0,0.280603303352488
0,0,0.0131859345515772
0,0,0.07936194843412428
0,0,0.128058634570287
0,0,0.16064300373976134
1,1,0.9999974474866807
0,0,0.01604885125041941
0,0,0.1661330512448028
0,0,0.1336309385946795
0,0,0.04463199170763919
0,0,0.023306658451321783
0,0,0.00132510664458269
0,0,0.016566498779566063
0,0,0.2180619377195451
0,0,0.014313207298631357
0,0,0.1451788079131026
0,0,0.06993433646595774
0,0,0.016688475866348168
0,0,0.016652476307796947
1,1,0.9999979498821073
0,0,0.005263358175212891
0,0,0.059564176179377606
0,0,0.005176500095124658
0,0,0.014901440682161872
0,0,0.04561497413776249
0,0,0.01735862621004735
0,0,0.005731889394213858
1,0,0.08525735707534288
0,0,0.04931712077765258
0,0,0.00010789387712564133
0,0,0.08805873654958205
1,1,0.999915564608854
1,0,0.30368274567357634
0,0,0.0017656554809358349
0,1,0.5654954395176452
0,0,0.4448683929025388
0,0,0.03127037994764
0,0,0.005289039172668172
1,0,0.3493823217732945
0,0,0.07773285955032126
1,1,0.9999967418747816
0,0,0.11094184064017305
0,0,0.0034920231565404736
0,0,0.007548017247703608
0,0,0.07471388854968294
0,0,0.012304285297411876
0,0,0.02229132260867294
0,0,0.17956498899591905
0,0,0.006033714541196829
0,0,0.013167475093321335
0,0,0.03288110006216382
0,0,0.03305690827547123
0,0,0.018705768592627146
1,1,0.9441993006862214
0,0,0.0186005571506932
1,1,0.9999977168367039
0,0,0.10891652890167114
0,0,0.4231069107966069
0,0,0.22049285284285924
0,0,0.002961353704914383
0,0,0.06316064427557806
0,0,0.4549237215723787
0,0,0.030066857549726014
1,1,0.7808630689281465
1,1,0.9999964734721614
0,0,0.015566264051189334
0,0,0.26314189284928846
1,1,0.9999964734721614
0,0,0.006530742719600575
0,0,0.002354800188607984
1,1,0.9999966804291738
0,0,0.19062946868673697
0,0,0.16919778209578298
0,1,0.5184831088719617
0,0,0.16796778035647802
0,0,0.002436881363773935
0,0,0.033211889217706195
0,0,0.004081612160968049
0,0,0.17399229433414626
0,0,0.13462697190328904
0,0,0.006982903811809436
0,0,0.16791840068398203
0,0,0.023054376768881786
0,0,0.06093169877924167
0,0,0.284220585843634
0,0,0.02455384282792148
0,0,0.004468366503666145
0,0,0.0041392039191859775
0,0,0.0017555981811591924
0,0,0.028183948848307484
0,0,0.0015141813918576946
0,0,0.2759400697414156
0,0,0.07616061834168397
0,0,0.14187771198064644
0,0,0.03373488787521908
1,1,0.9999979498821073
0,0,0.04819953925404832
0,1,0.526467767469191
0,0,0.0012700009325693905
1,1,0.9999967421133994
0,0,0.055758364636190334
0,0,0.0038337053355006656
0,0,0.028628823971574884
0,0,0.0017362912076437078
0,0,0.009085612667761504
0,0,0.01384481334524386
0,0,0.0551153028196352
0,0,0.007844215862589186
0,0,0.10140696754973018
0,0,0.0049505741758346525
0,0,0.0010722992307171824
1,1,0.9999974214555729
0,0,0.06008879659486391
0,0,0.024367478370417597
1,0,0.21997325455678307
0,0,0.27592883671464824
0,0,0.01917851929439091
1,1,0.6269858055158536
0,0,0.37650359408843415
0,0,0.015538626015129339
0,0,0.0008051653940885478
0,1,0.6129702567088864
0,0,0.34400094800276404
0,0,0.030849293805877975
0,0,0.010117308134484531
0,0,0.11611144409801763
0,0,0.008729897937272874
1,1,0.9938607759405722
1,1,0.9999977168367039
0,0,0.3924069207847621
0,0,0.01701085937923708
0,0,0.004256013634184217
0,0,0.008325158966852503
1,1,0.7257657608940584
0,0,0.14587479672326226
0,0,0.45641151152281295
0,0,0.153223222586026
0,0,0.037595396189250285
0,0,0.0009671550418149053
0,0,0.08238238589135895
0,0,0.058551625069334735
0,0,0.09490236524688538
0,0,0.009409755641314103
1,1,0.9999944704924432
0,0,0.039654248233074355
0,0,0.034393947845116485
0,0,0.002040012684489961
1,1,0.9999974214555729
0,0,0.004708905508932541
0,0,0.010951771514910686
0,0,0.00850753333706247
0,0,0.11582174607929345
0,0,0.16837634480602354
0,0,0.0488638764501465
0,0,0.0002065580337111729
0,0,0.07078221441634054
0,0,0.002156460786961371
0,0,0.3820965121415798
1,1,0.9999966804291738
0,0,0.3554143015134107
0,0,0.04091771332008069
0,0,0.13617489330964838
0,0,0.08712162046836702
0,0,0.00854458777929119
0,0,0.0007562360178063844
1,1,0.9898951245850731
0,0,0.10156178482860427
0,0,0.015431603383770228
0,0,0.040360415658020364
1,1,0.9999974214555729
0,0,0.01744771320442046
0,0,0.03245007149033209
0,0,0.00927791606390244
0,0,0.0736536407916047
0,0,0.033400153767645276
0,0,0.09115867123989259
1,1,0.9999986485205823
0,0,0.0007439496298869834
0,0,0.014287196483435759
0,0,0.04691191241420921
0,0,0.00011893161454564501
0,0,0.010082020389304861
1,1,0.9999979498821073
0,0,0.24267012020899795
0,0,0.07704436617440477
0,0,0.013106939541060075
1,1,0.9999468420976698
1,1,0.9999974214555729
0,0,0.0004910954324096573
1,1,0.9999977168367039
1,1,0.9999974214555729
1,1,0.9999973431607314
0,0,0.37414798338148914
0,0,0.01576718767991053
0,0,0.24660039062080832
0,0,0.003045310367847076
0,0,0.007270038724759009
0,1,0.6436167937950602
1,1,0.9935152120434695
0,0,0.004086718889620542
0,0,0.008706449123310542
0,0,0.005786594279274799
0,0,0.05171011955170738
0,0,0.13592652003818792
0,0,0.05505971366677759
0,0,0.010016873813028203
0,0,0.15483223725712697
1,1,0.9999974214555729
0,0,0.0003853154169118443
0,0,0.019028167108129056
0,0,0.09733501165147283
0,0,0.004108837728360683
1,1,0.9999966804291738
0,0,0.030321831393761607
0,0,0.022639103770867093
1,1,0.9999979498821073
0,0,0.010371581135307919
0,0,0.0055989933133161985
0,0,0.000996087575976229
0,0,0.08680251531605146
0,0,0.014824885712900464
0,0,0.1648195833010361
1,1,0.9999966804291738
0,0,0.26955804907805797
0,0,0.009461621346520989
0,0,0.024020960152316355
0,0,0.004142099110254668
0,0,0.10031012506196092
1,1,0.8902243485528532
1,1,0.7990966525243084
1,1,0.9999974214555729
0,0,0.0003235680738079086
0,0,0.019882322507372555
0,0,0.08455394784361298
0,0,0.019664905434604307
0,0,0.16199197580074642
0,0,0.0325357434073649
0,0,0.009982297205274538
0,0,0.0825887958482752
0,0,0.36475144727314174
0,0,0.049001862484926474
0,0,0.007155147614106995
0,0,0.008147551086567843
0,0,0.01446567811437175
0,0,0.022101651961050812
0,0,0.09136893650118137
0,0,0.025473492799935892
0,0,0.3498976913712745
0,0,0.02895990035652935
0,0,0.024947349586885322
0,0,0.023403144955356857
0,0,0.4572012264582265
0,0,0.02285913489468039
0,0,0.02982572227346283
0,0,0.004487403943799488
1,0,0.28888013058609835
0,0,0.013753096519128212
0,0,0.07882869506475472
0,0,0.002263063181003546
0,0,0.008637785020973645
0,0,0.061677686586570954
0,0,0.03770487007786265
0,0,0.015604855789519718
0,0,0.09578972553722472
0,0,0.00261471383821028
0,0,0.12436202172186854
1,1,0.9440120925099601
0,0,0.03682617795921055
0,0,0.061276098409377776
0,0,0.05915623398163086
0,0,0.0032869356945557674
0,0,0.003899162885091208
0,0,0.05231634646088309
0,0,0.007823073547477896
0,0,0.01849399783821704
0,0,0.1805066227032473
0,0,0.004670086987923754
0,0,0.009966130241844605
0,0,0.07916816068382573
0,0,0.0297802796647969
0,0,0.10158975889529161
1,1,0.9416275455142177
0,0,0.039293637213826595
0,0,0.025378441889404368
0,0,0.0915961766909367
1,1,0.9674678298902442
0,0,0.12266027232055564
0,0,0.03840897756482364
0,0,0.04689531021798535
0,0,0.0026123996127159085
0,0,0.05012667309555873
0,0,0.019519046079086874
1,1,0.96938759025014
0,0,0.005989100909102437
0,0,0.04615286794472378
0,0,0.225742199580337
0,0,0.0003370354278592345
0,0,0.0006844633649563231
1,1,0.9999967421133994
0,1,0.6087036209265023
1,0,0.20833524962125716
0,0,0.032668750607783945
0,0,0.15986020158010075
0,0,0.011597883483212394
0,0,0.0035634405703618734
0,0,0.10347510008567382
1,1,0.9999974214555729
0,0,0.007151717811454382
0,0,0.05366924093524644
0,0,0.0009006352341700759
0,0,0.11548107474454229
0,0,0.08353141009477505
0,0,0.14483073290063334
1,1,0.7126174068299781
0,0,0.07751022785000773
0,0,0.047015494099158624
0,0,0.015464039990521119
1,1,0.9999979498821073
1,1,0.9999977168367039
0,0,0.003934600241328375
0,0,0.032288322760237284
0,0,0.33140706486438987
1,1,0.7598507802893537
0,0,0.03595228310657613
0,0,0.019056984265802417
1,1,0.9325691035926366
0,0,0.014795215171818744
0,0,0.004211003613677457
0,0,0.2035424743288584
0,0,0.04180290471532859
0,0,0.01459009974230519
1,1,0.999998765996982
0,0,0.0032688980240807583
0,0,0.0034542152405487993
0,0,0.007807033025761259
0,0,0.018242743872715916
0,0,0.026328105928214406
0,0,0.006758536876693586
0,0,0.05499820903945258
0,0,0.046583935688647174
0,0,0.08683167420627749
0,0,0.019625901085535132
0,0,0.013978935725086463
0,0,0.006899731651657297
0,0,0.08300647769807085
0,0,0.16839007806744763
0,0,0.0028982002341966916
0,0,0.04411558540136822
0,0,0.028198552628722028
1,1,0.9999962623084329
0,0,0.023995416907713195
0,0,0.020248615933655054
0,0,0.21556144447563072
0,0,0.15430068482336345
0,0,0.027317263864156702
0,0,0.11967994545158513
0,0,0.022335304572388703
0,0,0.15353013712374924
0,0,0.21116637102670063
0,1,0.646723786950847
0,0,0.00813698276562832
1,0,0.3130400117702381
0,0,0.1319599608726937
0,0,0.07768232006696828
0,0,0.012933083280649875
0,0,0.00809608642653138
1,1,0.9899543809303413
0,0,0.03610532443786149
0,0,0.07440154548566662
1,0,0.3676376781891155
1,1,0.9999964734721614
0,0,0.06602562031603394
0,0,0.25135872998106995
0,0,0.004576204895541098
0,0,0.009457767769889703
0,0,0.0076709142141752895
0,0,0.05574819288475675
0,0,0.11633122891176415
0,0,0.21227945595223185
0,0,0.008804706290418199
0,0,0.21852895103832978
0,0,0.062384405428837546
0,0,0.02601082702406515
0,0,0.03115437711470754
0,0,0.023672599494372025
0,0,0.07979969909481145
1,1,0.9999966804291738
0,0,0.0845599044242597
0,0,0.039259043607428774
0,0,0.01056239285361963
0,0,0.0064208549950974655
0,0,0.014022344532521705
0,0,0.02259482021170116
0,0,0.01208557929583606
0,0,0.016549303544952897
0,0,0.031000128310540977
1,1,0.9999967418747816
0,0,0.01813757409330267
0,0,0.021990893843357055
0,0,0.020973817651731654
0,0,0.026816353814686122
0,0,0.0055604493036314736
0,0,0.0008299427549712683
0,0,0.007187348099985204
0,1,0.5775137107009355
0,0,0.006224712886780291
0,0,0.004268007312985176
0,0,0.0007673902127258588
0,0,0.09626720474209442
1,1,0.989715822980036
0,0,0.04536637800907554
1,1,0.9827960948704509
0,0,0.014098767124464893
0,0,0.05367239638239216
1,1,0.9999981310497241
0,0,0.17093931769830753
0,0,0.024367478370417597
0,0,0.006720114128265582
0,0,0.027939319480133232
1,1,0.9999970898332952
0,0,0.05527749523035985
0,0,0.004857821353030613
0,0,0.0052889927765374396
0,0,0.02447442620589612
1,1,0.9606849491852806
0,0,0.3518431251946038
1,1,0.999998765996982
0,0,0.058690925955975734
0,0,0.06942679116804902
0,0,0.03075994574819218
0,0,0.0007215361128635803
0,0,0.005389405156218107
1,1,0.9999986485205823
0,0,0.032370111298900384
0,0,0.02609978153147186
0,0,0.01189487400486438
0,0,0.04324526778879238
0,0,0.012359677890500785
0,0,0.04542398802751989
0,0,0.06996695808862202
0,0,0.3793731548621337
0,0,0.0010939853170019909
0,0,0.062152908770891455
1,0,0.30644410255592036
0,0,0.12233171026054741
0,0,0.0029043448625415413
0,0,0.10566239441972904
0,0,0.21022770789434264
0,0,0.014739704756558529
0,0,0.0037649988489700495
1,1,0.9588327736829495
0,0,0.04932392313643981
0,0,0.016411633205447477
0,0,0.06951034586504364
1,0,0.4491852086781229
0,0,0.04910628994714885
1,0,0.05314278690919259
0,0,0.015243366714283751
0,0,0.013648598396989571
1,1,0.9999966804291738
1,1,0.9999179870789711
0,0,0.10708451721984337
0,1,0.7714142428914518
0,0,0.03403650652158279
0,0,0.05417555482845234
1,1,0.9999966804291738
0,0,0.04365406531131633
0,0,0.16091871821701698
0,0,0.31445755482841375
0,0,0.021627126170908697
0,0,0.001964769655740051
0,0,0.03447634698771157
0,0,0.008043338453398208
0,0,0.3210208094887745
1,1,0.95401372518577
0,0,0.0044662624246288385
0,0,0.010197954311359926
1,1,0.9576985389269043
0,0,0.2159073135495724
0,0,0.05876880751622048
0,1,0.89882273866827
0,0,0.0006814229758304579
0,0,0.0026323692815781864
0,0,0.0017580227920938427
0,0,0.00429166247226448
1,1,0.965193103974891
0,0,0.01753962038447341
0,0,0.013467949987631024
0,0,0.022228015426781593
1,1,0.9999966804291738
0,0,0.008430431746129239
1,1,0.9999977168367039
0,0,0.002283563101712311
0,0,0.0023424129306173253
0,0,0.08789733214465573
1,0,0.4549237215723787
0,0,0.08735021534389295
0,0,0.045838442365463285
1,1,0.9999962623084329
0,0,0.24685768842061248
0,0,0.42921838600617873
1,1,0.9999974214555729
0,0,0.018922004937463082
0,0,0.12472385684042125
1,1,0.9689979024905786
0,0,0.017566144178421846
0,0,0.02216862045932817
0,0,0.014696163684911384
0,0,0.15884880824073608
0,0,0.0013104249719471353
1,1,0.9999977168367039
0,0,0.007939867632071303
0,0,0.007159144741842141
0,0,0.18003811983504814
0,0,0.18933312461619448
0,0,0.0043107019932112425
0,0,0.05634170729804289
0,0,0.0035090017201688316
0,0,0.04495378516251348
0,0,0.10613983980078774
0,0,0.19154536553635493
0,0,0.10657893465508211
0,0,0.011470988700149213
0,0,0.0015075692925875799
0,0,0.03319150719313853
0,0,0.021731044135853448
0,0,0.007173841723156561
0,0,0.0338869882767001
0,0,0.02025582052927356
1,1,0.9874938203667574
1,1,0.9999977168367039
0,0,0.0013104249719471353
0,0,0.0805259277869185
0,0,0.46523093008055877
0,0,0.00027145333115696205
0,0,0.03403745647455761
0,0,0.0029500748882418546
0,0,0.012206641372219988
0,0,0.23966223460024547
0,0,0.008750084913438549
0,0,0.06467828575800662
0,0,0.02548640756038539
0,0,0.0036060463902319833
0,0,0.011123459208638919
0,0,0.07748103287525838
0,0,0.02191234801331271
0,0,0.021629880286274956
0,0,0.32892094309909053
1,1,0.9999986485205823
0,0,0.004260573577486536
1,0,0.1460770408401274
0,0,0.03486156128724679
0,0,0.01459009974230519
0,0,0.034714138681107065
0,0,0.0029561259490110173
1,1,0.9999974214555729
1,1,0.9999966804291738
0,0,0.009614236938920977
0,0,0.005271160290932288
1,1,0.9987557623742449
0,0,0.06964414748455243
0,0,0.15234202103787517
0,0,0.0007458301275351535
0,0,0.022163703329316862
1,1,0.999915564608854
1,1,0.9999974474866807
0,0,0.016154759083962297
0,0,0.062492603352696234
0,1,0.7545088625712328
0,0,0.02621688927066041
0,0,0.0016915276197465327
0,0,0.014225984504327134
0,0,0.0012171533437105298
0,0,0.008974322416436704
0,0,0.05867581126382027
0,0,0.019673780685840508
0,0,0.08552435443774421
0,0,0.03762954812892285
0,0,0.037191592231419414
1,1,0.8664694327588658
0,0,0.04099472022052353
0,0,0.021591815356764583
0,0,0.0031204895060370037
0,0,0.018190086253095192
0,0,0.17489763242932665
0,0,0.06753722022045318
0,0,0.007987555375068709
0,0,0.0866426540798838
0,0,0.047878732720570964
0,0,0.018868206297731494
0,0,0.0022713562113023293
0,0,0.14489642823874166
0,0,0.009821412654084791
0,1,0.60350744769093
1,1,0.9999944141014446
0,0,0.007328446318156675
0,0,0.09247738453660792
0,0,0.03064538792248768
0,0,0.0021313645436742443
1,1,0.9999962960084147
1,1,0.9591913572187268
0,0,0.008343137715020467
0,0,0.0204447723590043
1,1,0.9152661460079733
0,0,0.02955129761699761
0,0,0.3262450772337183
0,0,0.00011912005612423959
1,1,0.9938607759405722
0,0,0.009136746828516455
1,1,0.9999970717796709
0,0,0.020697056807747558
0,0,0.002083390826835836
0,0,0.042801565989695006
0,0,0.027488512264070557
0,0,0.17482883907374863
0,0,0.05043878415031813
0,0,0.029853954794247073
0,0,0.047564659784386384
1,1,0.9999944141014446
1,1,0.6861529467085726
0,0,0.06556783865870157
0,0,0.0762733677895266
0,0,0.027619858430344882
0,1,0.5389247582198878
0,0,0.003338257951171062
0,0,0.0484030027798113
0,0,0.06380666501806942
1,1,0.9999986485205823
0,0,0.23515089854645668
0,0,0.04484237276627253
0,0,0.03195175682835463
0,0,0.012157725721132962
0,0,0.008337036836251994
1,1,0.9999977168367039
0,0,0.0005399729846605376
0,0,0.023499373741006222
0,0,0.029160671180849106
0,0,0.19360046995045133
0,0,0.3085440285330547
1,1,0.9999964734721614
0,0,0.10867157287951512
0,0,0.026802059827851686
1,1,0.9999966804291738
0,0,0.06523088277908151
0,0,0.002945039712279801
0,0,0.08048408754852798
0,0,0.0037033484493277278
1,1,0.9998940057382161
0,0,0.01756173930457424
0,0,0.15617649076208162
0,0,0.0217875181430417
0,0,0.06161241228303811
1,1,0.9999977168367039
0,0,0.004291809611191809
0,0,0.17588291874812043
0,0,0.06626681723732247
0,0,0.09355951285161282
0,0,0.0037159660741139747
1,1,0.9953068012091159
0,0,0.010183667918462733
1,0,0.4486655378441828
0,0,0.05308704943849325
0,0,0.0015903547482243752
0,0,0.04794562949770273
0,0,0.049021877631958526
0,0,0.008971955074360494
0,0,0.00500060483509209
0,0,0.348156230537809
0,0,0.03073946770426098
0,0,0.005916636900436592
0,0,0.005532006885076163
0,0,0.0468747224530495
0,0,0.42196945710146183
0,0,0.06927331933328122
0,0,0.05475410776963124
1,1,0.9999979498821073
0,0,0.009971181694172871
0,0,0.00020608137508192786
0,0,0.0007960570006943713
0,0,0.043742406862444475
1,1,0.9999966804291738
0,0,0.0018965608263304889
1,1,0.9122476936951108
1,0,0.07581286930359549
0,0,0.02546824505940423
0,0,0.049375751666659785
0,0,0.006708242144965053
0,0,0.08264226839481269
0,0,0.01739172106641077
0,0,0.1813922347443735
0,0,0.12422117486537389
0,0,0.0029405491860995665
0,0,0.0036432271143454977
0,0,0.0014302197184668272
1,1,0.9999799525710001
1,1,0.6667921413512827
0,0,0.07742083599285894
0,0,0.28804055132992984
0,0,0.18906094287596126
1,1,0.9999967418747816
0,0,0.0010868112050030382
1,1,0.9999974474866807
0,0,0.007440756409158349
0,0,0.060391214021055475
0,0,0.023341443785087814
0,0,0.002704984238259977
0,0,0.00550910320259168
0,0,0.1422091570600984
0,0,0.0027045290788815404
0,0,0.00017322629383554992
0,1,0.5219242787774147
0,0,0.011156616742449419
0,0,0.030175016539313766
0,0,0.029453004478634106
0,0,0.07115609958192298
1,1,0.9999957814087109
0,0,0.005963320006596096
0,0,0.04670129247163491
1,1,0.9954484622896294
0,0,0.3085440285330547
1,1,0.9924838042285155
0,0,0.017376673914587616
0,0,0.01568900785773893
0,0,0.27525658521516805
0,0,0.01569033406059335
0,0,0.09802580377470085
0,0,0.021115435009121306
0,0,0.02969284599708741
0,0,0.0005824646524417908
0,0,0.29323571850689173
0,0,0.015174339977157031
1,0,0.3085440285330547
0,0,0.08731274392476016
0,0,0.16199197580074642
0,0,0.015172011643814716
1,1,0.9938321734620648
0,0,0.08022922423605686
1,1,0.9999974474866807
0,0,0.028628823971574884
1,0,0.06409635366636379
0,0,0.013041349961860318
0,0,0.19248522620084046
0,0,0.001550017418001784
0,0,0.2053692620085566
1,1,0.9823375426278568
1,1,0.9974939732729776
0,0,0.0019313025333950295
0,1,0.6295916363879389
0,0,0.03127590769143977
0,0,0.03261735590479248
0,0,0.061276240577661824
0,0,0.04201602722730411
0,0,0.023512297306863352
0,0,0.0008288885060867469
0,0,0.023306658451321783
0,0,0.013318779792766177
0,0,0.1524775163333481
0,0,0.02378042034702419
0,0,0.2681484595468707
1,0,0.484700492822757
0,0,0.3016217635087802
0,0,0.00037928168288246404
0,0,0.3260076529493963
0,0,0.0037685920678425995
0,0,0.051835758904965765
0,0,0.04063695038116602
0,0,0.01314650786511551
0,0,0.3752636186230633
0,1,0.5199029772217005
0,0,0.0013287280360894818
0,0,0.025615877180307695
0,0,0.036957363142560866
0,0,0.08400781269867987
0,0,0.004922856692243841
0,0,0.06434040626198537
0,0,0.018270452206048594
0,0,0.005169990561373804
0,0,0.04831939699864499
0,0,0.030200043499330316
0,0,0.042740113590189165
0,0,0.0010545989721871723
1,1,0.9999944141014446
0,0,0.25435965840861463
0,0,0.1238823370137401
0,0,0.04705453614718928
0,0,0.044657799152991444
0,0,8.574033884848767e-05
0,0,0.008092547806445242
0,0,0.003428170988861572
0,0,0.05285973942582253
0,0,0.009298703167378021
0,0,0.37650359408843415
0,0,0.0499595119982598
0,0,0.08892467652589549
1,1,0.996809510463958
0,0,0.003732786941877718
1,1,0.9999982935068383
1,0,0.06507322980163248
0,1,0.5326844013657192
0,0,0.007606070182209197
0,0,0.12695231995278802
0,0,0.4320730343622573
0,0,0.18620351845704206
0,0,0.00018634816473027797
0,0,0.024301555975409953
0,0,0.027872621939980257
0,0,0.020532400133575716
0,1,0.6054197458461394
0,0,0.004448862736095254
0,0,0.062492603352696234
0,0,0.0027980009654326094
0,0,0.014654981517851023
1,1,0.9999966804291738
0,0,0.020323800063176863
0,0,0.0010223046642511109
0,0,0.020793900323670626
0,0,0.09017345768187915
0,0,0.00342584836953127
0,0,0.01700356267452494
0,0,0.03176639943622883
0,0,0.11535428816267163
0,0,0.06489467286986275
0,0,9.265386598861831e-05
0,0,0.0016959694006108592
0,0,0.004095383965361182
0,0,0.01261978960849768
0,0,0.0004697167139357807
1,1,0.9999974214555729
0,0,0.01979950228452564
0,0,0.04205457073492252
0,0,0.0015435294376476645
0,0,0.12099089631063986
1,1,0.9999966804291738
1,1,0.9999979498821073
0,0,0.01652762970053222
0,0,0.018289454843063012
0,0,0.15492142846838272
1,1,0.8554322977563682
0,0,0.001583155947497983
0,0,0.057617604027067636
0,0,0.005614210781514981
0,0,0.015560064069771352
0,0,0.01703842751503241
0,0,0.005379351097852309
0,0,0.00824537678030836
0,0,0.004971440877151408
0,0,0.07528139981970236
0,0,0.45702870594244055
0,0,0.016968596967973783
0,0,0.0033772952047032806
1,1,0.9999974214555729
0,0,0.009382090938548297
1,1,0.9999976650563936
0,0,0.035210984927578716
0,0,0.053729493267588704
1,1,0.9999974214555729
1,1,0.9999974214555729
0,0,0.0008156620061286215
0,0,0.03295589740524807
0,0,0.006816178380410089
0,0,0.0012540025742474833
0,0,0.02380651209111594
0,0,0.005909580129550506
0,0,0.02378914953317994
0,0,0.21174637190959172
0,0,0.018224007210406196
1,0,0.08110454087004454
0,0,0.01786233062177148
0,0,0.22447098599761442
0,0,0.4230467062228313
0,0,0.05411074718202452
0,0,0.03943913202263841
0,0,0.010925478783706886
0,0,0.09483920739526383
0,0,0.010562908224914928
0,0,0.1792379988565592
0,0,0.017103407866155666
0,0,0.06755250953112937
0,0,0.0038522591851200875
0,0,0.0953201764688026
0,0,0.004640308470343707
1,1,0.9999989394358962
0,0,0.008319406262008094
0,0,0.0531497941477443
0,0,0.09229277949170638
0,0,0.0060007949368418665
0,0,0.014984592971842615
0,0,0.0008385152824565314
0,0,0.022408283615976764
0,0,0.03197111407546587
0,0,0.0049466921017029195
0,0,0.007185759980974669
0,0,0.08854407257904823
0,0,0.0008834458166599174
0,0,0.13332867595193443
0,0,0.01779754088864349
0,0,0.026222826346702897
0,0,0.02947636597765977
0,0,0.19264545106124328
0,0,0.025129328897837918
0,0,0.0005873891967221691
0,0,0.016667639081652197
0,0,0.06530120829935465
0,0,0.13445874650473325
0,0,0.001665251222386823
0,0,0.0007120771447346471
0,0,0.05401405305981025
0,0,0.11118755803014102
1,1,0.999915564608854
0,0,0.1255667588948584
0,0,0.034993296127583694
0,0,0.00807472376742349
1,1,0.8508546615518221
0,0,0.007386787246582833
0,0,0.15301240369121388
0,0,0.005312045871418718
0,0,0.09332820379925653
1,1,0.9999966804291738
0,0,0.0005782176830202298
1,1,0.9999966804291738
1,1,0.9999966804291738
0,0,0.05778477692235436
0,0,0.04780625116969271
1,1,0.8187147981229792
0,0,0.0029561259490110173
0,0,0.09002925501302197
0,0,0.04384658825073934
1,1,0.999996194052106
0,0,0.06114974298464649
0,0,0.008061562287378433
0,0,0.012280828311814453
0,0,0.016900727928198318
0,0,0.014924781474869848
0,0,0.027199047445218248
1,1,0.9510540617574622
0,0,0.0038280146918474606
0,0,0.06116277445667374
0,0,0.005526042286576417
0,0,0.014389549275447814
0,0,0.34400094800276404
1,0,0.04732829825827695
0,0,0.05047374014872629
0,0,0.011977492113615944
0,0,0.009121053958303099
0,0,0.08375317281999285
0,0,0.05340303424274641
0,0,0.028442857584351753
0,0,0.4743474611824561
1,1,0.9999957586278144
0,0,0.15837119636747507
1,1,0.9999840544314772
0,0,0.07482567293232778
0,0,0.012983061197955158
0,0,0.20575932307086917
0,0,0.007327970865373399
0,0,0.10538353408010412
1,1,0.9999966804291738
0,0,0.05504584652317341
0,0,0.3126806036942659
0,0,0.024824389185568948
0,0,0.029664877885490597
1,1,0.9999981310497241
0,0,0.36829075874056594
0,0,0.008612218687853647
0,0,0.008313092589042332
0,0,0.12649503356159186
1,1,0.9999966804291738
0,0,0.0008051653940885478
0,0,0.005481544449098041
0,0,0.016105189979594252
0,0,0.001107701618488877
1,1,0.9642929426025844
0,0,0.3430074329697909
1,1,0.9999966804291738
0,0,0.011790695254695819
1,1,0.971657034256792
0,0,0.009021179019541723
0,0,0.025757426303736543
0,0,0.06706585604698982
0,0,0.017491296666453705
1,1,0.9989058505717952
0,0,0.06474014902112603
0,0,0.008252943368876256
1,1,0.9692423785213282
0,0,0.2131361117235694
0,0,8.412285654970798e-05
0,0,0.0016570535566794334
0,0,0.01078828901946394
0,0,0.03054838914840667
0,0,0.25815294967736246
0,0,0.0033944363947047626
0,0,0.00013884296568924452
0,0,0.0029043448625415413
0,0,0.014785797603922237
0,0,0.006706568655154112
0,0,0.005600099430605826
1,1,0.9999966804291738
1,1,0.9999986485205823
0,0,0.2929679956594304
0,0,0.026386592440873623
0,0,0.00676266474296582
1,1,0.9999977168367039
0,0,0.00890918036682321
0,0,0.1220832678419127
1,0,0.4271987535525239
0,0,0.39414320964681954
1,1,0.8602085324331227
0,0,0.0681517818336249
1,1,0.9999974214555729
0,0,0.1657421949115974
0,0,0.00795991229479582
0,0,0.2469107022922607
0,0,0.00200867006385211
1,1,0.9907914023965074
0,0,0.17480226491105466
0,0,0.05392914850631244
0,0,0.06043447106739701
0,0,0.027849773771019028
0,0,0.01524789685154006
0,0,0.018089965375371674
0,0,0.004254683846345678
0,0,0.020902542123573946
0,0,0.015770005143849793
1,1,0.9999974214555729
0,1,0.6533775206133706
0,0,0.14025197248662483
0,0,0.05644673857976081
0,0,0.03428043339516389
0,0,0.04984091979493983
0,0,0.07995484359803953
0,0,0.01796979734763257
0,0,0.012304285297411876
0,0,0.0020429661211416312
0,0,0.006891860122546205
0,0,0.01316602031167837
0,0,0.025640366321783924
0,0,0.022489606667455725
0,0,0.0749809071062538
0,0,0.03505762523793745
0,0,0.16911490690561168
1,0,0.03316673986835349
0,0,0.004883249962438051
0,0,0.015004308814259936
0,0,0.13894044240720735
1,1,0.9959487540321366
1,1,0.9906760833474709
1,1,0.9999967418747816
1,1,0.9999974474866807
0,0,0.0005299518258566536
0,0,0.1287946079573834
0,0,0.1517649140804277
0,0,0.05112379683139969
1,0,0.12897233212651685
0,0,0.028496467658098275
0,0,0.07146147680253617
0,0,0.11095917287685536
0,0,0.18772518709255961
0,0,0.0481204995758576
0,0,0.37650359408843415
0,0,0.03229249266220709
0,0,0.07485626088208303
0,0,0.023637505718096016
0,0,0.003732766755526363
1,1,0.8732645067197918
0,0,0.03927014070376749
0,0,0.03362511377982712
0,0,0.0050643459883302905
0,0,0.07639004765814249
1,1,0.9999944704924432
0,0,0.059874369703390405
0,0,0.004315797597131242
0,0,0.035501188286591254
0,0,0.009008946004643054
0,0,0.09863651970694641
1,1,0.8353093656975046
0,0,0.01663823278341539
0,0,0.024201162921179947
0,0,0.13369469776082255
0,0,0.013025609837429853
0,0,0.21903895579825342
0,0,0.21520531863342887
0,0,0.04655443014422896
0,0,0.007466378717440376
1,1,0.9999974214555729
0,0,0.000277627110028158
0,0,0.06933432116221463
0,0,0.19429844774092242
0,0,0.16661559982727583
0,0,0.005658200483986195
0,0,0.10017499279783279
0,0,0.02794132558465345
1,0,0.13510897847473072
0,0,0.06871068197199601
0,0,0.007108735191290046
0,0,0.029604988500524766
0,0,0.10902046080435641
0,0,0.08265617541327004
0,0,0.015039629735608675
0,0,0.006189066408169414
1,1,0.9713598308187832
0,0,0.09319777766489304
0,0,0.01231189706088215
0,0,0.40242295170865655
0,0,0.04277105069547825
1,1,0.9999964734721614
0,0,0.05038001893693596
0,0,0.009196369292087244
0,0,0.0016622133746060242
1,1,0.9999966804291738
0,0,0.018619250197981795
0,0,0.03567844993833353
0,0,0.03411101635649933
0,1,0.5654954395176452
1,1,0.9713564464742683
0,0,0.006795445160366082
0,0,0.01326987952427199
0,0,0.03788182359845192
1,1,0.9999986485205823
0,0,0.03245007149033209
0,0,0.07205094603457113
1,1,0.9999974214555729
0,0,0.35141199276896934
0,0,0.04204554897742971
0,0,0.03825181521874515
0,0,0.02070836190265643
0,0,0.004099861557949725
1,1,0.9999976198535029
0,0,0.010206830978420687
0,0,0.04822362581252028
0,0,0.06946457295042989
0,0,0.020708367346886504
0,0,0.013580478366779431
0,0,0.13020414298713764
0,0,0.049889868846238326
0,0,0.000674399139497313
1,1,0.9999979498821073
0,0,0.0013538316958973064
0,0,0.25566095422826635
0,0,0.0004649424175291564
0,0,0.005218068952750893
0,0,0.0011065997892932135
0,0,0.011721094524484292
0,0,0.001103687674163628
0,0,0.007023201643445034
1,1,0.9999974214555729
0,0,0.04503407029901748
0,0,0.4105275333091672
1,1,0.9419900632081658
0,0,0.014973286965948466
0,0,0.01626001841704877
0,0,0.05135498698439878
0,0,0.001315486609308832
0,0,0.016145355870150653
1,1,0.9999966804291738
0,0,0.050978053596547585
0,0,0.049021877631958526
0,0,0.0038748517362056398
1,1,0.9999974214555729
0,0,0.005307031635329437
0,0,0.02601382019882519
1,1,0.6692088875287373
0,0,0.0014842525510504296
0,0,0.05140207989513924
0,0,0.0022592567378333615
0,0,0.0005059652522835854
1,1,0.9953068012091159
0,0,0.08715062271057615
0,0,0.06565249054204053
0,0,0.06352155954650687
0,0,0.06849786403430042
0,0,0.37650359408843415
0,0,0.027223264101582944
0,1,0.7514150094503304
0,0,0.016698115892361812
0,0,0.14070393499149636
0,0,0.0064595222567663075
0,0,0.021616516754438042
1,1,0.9999974214555729
0,0,0.04997901401714327
0,0,0.0132988866330128
0,0,0.021097061142693302
0,0,0.07051651251963525
0,0,0.005517329851151288
0,0,0.05131855509920838
0,0,0.09740748409288168
0,0,0.0002987065196605695
0,0,0.09194435904628767
0,0,0.0012071293822216484
0,0,0.07714989454229951
1,1,0.9999986485205823
0,0,0.0029705145407856477
0,0,0.0337911761308379
0,0,0.03765720339332893
0,0,0.009638281522078983
1,1,0.5861767758692213
0,0,0.10695967693606497
0,0,0.014738515796339403
0,0,0.025430228713364467
0,0,0.001985953087455426
0,0,0.001059561113453286
0,0,0.0035608519473770313
1,1,0.9999977168367039
0,0,0.034504120637715574
0,0,0.01983563610090252
0,1,0.5394096412591048
1,1,0.9999974214555729
0,0,0.01696773348920411
1,1,0.9946542331304701
1,1,0.9239956097893405
0,0,0.009586463111436815
0,0,0.03633275957108807
0,0,0.08365040357800294
0,0,0.11923885890050244
0,0,0.011618712281242677
0,0,0.02332383381799949
0,0,0.0443230829951497
0,0,0.008745698704371124
0,0,0.0005139241723561822
0,0,0.012498536316745117
0,0,0.05367694064491727
0,0,0.000536804340500692
0,0,0.014711983486567758
0,0,0.015634877513404515
0,0,0.010087576601789489
0,0,0.08683881395192869
1,1,0.6214763968213161
0,0,0.0060504811478177935
1,1,0.9999974214555729
0,0,0.005684083437946059
0,0,0.0041225284819272475
0,0,0.018728695934197563
0,0,0.0225213517616978
0,0,0.010427233881160576
0,0,0.07575726764331552
0,0,0.05182308607118492
0,0,0.01243698960532835
0,0,0.062482602930521366
1,1,0.9999979423411411
0,0,0.1408991616171279
1,1,0.9999974214555729
0,0,0.4358764517786275
0,0,0.10465948671867749
0,0,0.018872950721687067
1,1,0.7064788531145417
0,0,9.023383930454266e-05
1,1,0.9999974474866807
0,0,0.44294033870247035
1,1,0.9999094556934308
0,0,0.012704170918226405
0,0,0.31168119897734253
0,0,0.01314415425351821
0,0,0.0034976885465571404
1,1,0.9999976198535029
1,0,0.40242295170865655
0,0,4.183012063381409e-05
0,0,0.019782647539270115
0,0,0.009854307981694543
0,0,0.04364189973004139
0,0,0.0017168232076271983
0,0,0.41532158129465674
0,0,0.017546773303550776
0,0,0.031177641759021688
0,0,0.0030584965892910274
0,0,0.009786030748086401
0,0,0.013187706208115902
0,0,0.049107297232739884
0,0,0.006963587452978168
0,0,0.0019313025333950295
1,1,0.9926373556325887
0,0,0.0634054943555439
0,0,0.006402429493900673
1,1,0.9958055359180739
1,1,0.9990503043471408
0,0,0.0020602083905845664
0,0,0.010944969633998889
0,0,0.0089992424010921
1,0,0.37650359408843415
0,0,0.0940959865322346
0,0,0.2373337455713608
0,0,0.045825967841045964
0,0,0.00422970716214464
1,1,0.9999962623084329
0,0,0.04235212440179238
0,0,0.00013893826297643917
0,0,0.043263557214441764
0,0,0.06256922804851492
0,0,0.03575416164670527
0,0,0.0452535192515985
0,0,0.031481949378189066
0,0,0.0744665123759582
0,0,0.008794679337812621
0,0,0.3234339757499142
0,0,0.0015963729482744609
0,0,0.00264851941279733
0,0,0.10347373755239873
0,0,0.025495684331481142
0,0,0.10114084618155467
0,0,0.007607202999088535
0,0,0.0012115883419239447
0,0,0.003929940626406881
1,1,0.9716715978275783
0,0,0.00743142181702613
0,0,0.15660779350350615
0,0,0.06345086177759941
0,0,0.15713564888065532
0,0,0.005398696239573628
0,0,3.056599678283264e-05
0,0,0.028925066767179156
0,0,0.054318792030990166
0,0,0.009665841641149052
0,0,0.0005267728531072652
0,0,0.02391205090450471
0,0,0.004086718889620542
1,1,0.9812818299461462
0,0,0.012558900631391466
0,1,0.5591652341409967
0,0,0.3483192893534643
0,0,0.020252609518288632
0,0,0.11381808735902134
1,1,0.9999911655392478
0,0,0.25872816700208295
0,0,0.0229361238200362
0,0,0.21563598898769207
0,0,0.0028044167764334337
1,1,0.9999986485205823
0,0,0.09514571251751751
0,0,0.016127898525601026
0,0,0.019149706212834593
0,0,0.08079650808566231
0,0,0.00643149724319118
0,0,0.029245504603891567
0,0,0.005014127274092497
0,0,0.2773084481228884
0,0,0.0010564252014508384
0,0,0.047235285937764396
1,1,0.9011863172800056
0,0,0.010392213363156426
0,0,0.03601482420698726
0,0,0.019267728035582903
0,0,0.005585123768541725
0,0,0.0008376341593303914
0,0,0.044751304047431224
0,0,0.04142159101006382
0,0,0.0017559517521719226
0,0,0.009057868400848141
0,0,0.00887288351903073
0,0,0.04734143500766986
1,1,0.9999967418747816
0,0,0.0016504530605949707
0,0,0.024847518225201086
0,0,0.005211206108399647
0,0,0.013113173073741963
0,0,0.07643443688317923
0,1,0.7400898056953327
0,0,0.0664896659638294
0,0,0.009790040685377427
0,0,0.00013533597888056156
0,0,0.06898139573379856
0,0,0.28112512802301765
0,0,0.053776309440050796
0,0,0.009465562488269824
0,0,0.01657214194377318
0,0,0.016178604881970742
1,0,0.1557630912800147
0,0,0.11927982763102377
0,0,0.047265729176355735
1,1,0.9999986485205823
0,0,0.4549237215723787
0,0,0.012398103223181977
0,0,0.28449052733485486
0,0,0.1368828465287378
1,1,0.9999967421133994
1,1,0.9999094556934308
0,0,0.0014489736015718677
0,0,0.0634472520958522
0,0,0.10227111998986792
0,0,0.2249898518309763
0,0,0.0076807815028658135
0,0,0.017766469958821703
0,0,0.023308150184575174
0,0,0.019878413182261086
0,0,0.015038858183284114
0,0,0.13221070931834586
0,0,0.05210616215845835
0,0,0.05433980694149145
0,0,0.04363671788091887
0,0,0.15394108911856982
0,0,0.19863899399789328
0,0,0.2727400512421812
0,0,0.07931070640155113
0,0,0.009931019321828714
0,0,0.007861911414262485
0,0,0.005362170176094791
0,0,0.0001357843219794071
0,0,0.19855935250571696
1,1,0.9873142568602604
0,0,0.002812789754518008
1,0,0.18859760791887528
1,1,0.9999966804291738
0,0,0.04519883399551779
0,0,0.008250275945131263
0,0,0.3344386700483151
0,0,0.004110048735476619
1,1,0.9851170266419162
0,0,0.0048234798515292415
0,0,0.007485060066743391
0,0,0.09832121484591866
1,1,0.9131546435770793
0,0,0.1561559988899144
1,1,0.9999974214555729
0,0,0.028282383356225568
1,1,0.9999928017857188
0,0,0.10827324567571621
0,0,0.014287196483435759
0,0,0.00437982668588433
0,0,0.05043878415031813
1,1,0.9999966804291738
0,0,0.048424254021846476
0,0,0.019022350695781974
0,0,0.007078135888296822
0,0,0.0078094852117945495
1,0,0.3268368566258571
0,0,0.0040691325800364855
0,0,0.46149371868497735
0,0,0.014502141283861902
0,0,0.006016943421916859
0,0,0.0023966427569403503
0,0,0.2534466003916723
0,0,0.031469547187745736
0,0,0.10709128054935428
0,0,0.039302330566209395
0,0,0.00500060483509209
0,0,0.0010887668310272974
0,0,0.016035673285390337
0,0,0.002683237702313814
0,0,0.07353689592402061
0,0,0.17475520788772303
0,0,0.07454738873253006
0,0,0.06466561068862321
0,0,0.047048344272771124
0,0,0.002683237702313814
0,0,7.610177895272308e-05
0,0,0.0457112691273991
0,0,0.11419096593580645
0,0,0.016533276172783797
0,0,0.2076813241063856
0,0,0.012050047119214072
0,0,0.0689821146001213
0,0,0.00026060359464013865
0,0,0.013086555242435738
0,0,0.007558257856507713
0,0,0.09578972553722472
0,0,0.039043210774613035
0,0,0.009686513530812346
0,0,0.014035505005953878
0,0,0.007932542577694235
0,0,0.0038342559369257596
0,0,0.030865312333262656
1,1,0.9999974214555729
0,0,0.1001601789649145
0,0,0.02273152201247868
0,0,0.002142472791210033
0,0,0.10594658655394418
0,0,0.0015429141971676412
0,0,0.038660944637992765
0,0,0.0009684048491359451
0,0,0.003320778442364166
0,0,0.0001429677323605566
0,0,0.00917636651891708
0,0,0.05258099840630921
0,0,0.27361244945191066
0,0,0.019668353378648164
0,0,0.08634434253539237
0,0,0.007690271199920649
0,0,0.057931890900157074
0,0,0.1983713468034026
0,0,0.12005508084341401
0,1,0.5296436789594621
0,0,0.043506822219440536
0,0,0.04963553818976934
0,0,0.03234423243400839
0,0,0.00976375077978963
0,0,0.09393876701334297
0,0,0.000951950954581054
1,0,0.06141860297760616
0,0,0.007696289109336215
0,0,0.019939895107553562
0,0,0.0050860787160756
0,0,0.007836960625002238
0,0,0.19686848922826436
0,0,0.05633547737601664
1,1,0.9999979423411411
1,1,0.9999966804291738
0,0,0.04475696091733897
1,1,0.9820563100616996
0,0,0.004419168654664738
0,0,0.2631811919553677
0,0,0.037641621518693755
0,0,0.007993464200959087
0,0,0.3126941152308937
0,0,0.0032045863438281198
0,0,0.04464259223049033
0,0,0.00725958753851963
0,0,0.006102886684888891
0,0,0.0247997851243761
0,0,0.022627974983880843
0,0,0.21960133894280506
0,0,0.10348419032327051
0,0,0.07090963643253421
0,0,0.0061949476073829965
0,0,0.08115429162717346
1,1,0.9999977168367039
0,0,0.03738829363085878
0,0,0.013900045690246707
1,1,0.9417515874187946
1,1,0.9999944141014446
0,0,0.05305563405353218
1,0,0.4529701134694622
0,0,0.00811706073873161
0,0,0.09847987895887342
0,0,0.11923069558958457
0,0,0.007348803183937661
1,1,0.9937918382902484
0,0,0.0010003804111076392
0,0,0.07942767840664172
0,0,0.016888165442002813
0,0,0.0038824743694159023
0,0,0.011293204393177532
0,0,0.0007487004499293136
0,0,0.007089048604155905
0,0,0.024147324383377553
1,1,0.99249995081136
0,0,0.012358718303974725
0,0,0.07473504637298135
0,0,0.017411804207054047
0,0,0.0036760297425187014
0,0,0.1788705383194497
0,0,0.00024876810303588377
0,0,0.057980598921025465
0,0,0.00361545124965704
1,1,0.9933818807100625
0,0,0.022628616833917363
0,0,0.002540481477857139
0,0,0.029679399387636737
0,0,0.29094965941219514
0,0,0.06665421937889224
0,0,0.15333302106538546
0,0,0.08706561724114757
1,1,0.9999964734721614
0,0,0.22046496109124816
0,0,0.008651755795629126
0,0,0.015297189656459795
0,0,0.006575214194911758
0,0,0.0008989048899588212
0,0,0.048552485229943966
0,0,0.053184344284932114
0,0,0.08494205346949785
0,0,0.024367478370417597
0,0,0.007974506144461255
0,0,0.2734536228439665
0,0,0.003241228785350422
1,1,0.6838082055475675
0,0,0.011757351091411775
0,0,0.11718223634763086
1,1,0.9999966804291738
1,1,0.992032738277691
0,0,0.08383418332547085
1,1,0.8660499586059702
0,0,0.037807908196230866
0,0,0.005997637235880523
0,0,0.036701099481232506
0,0,0.04873775155431276
0,0,0.026642493218911656
0,0,0.006922490841190634
0,0,0.07100387474076712
0,0,0.03966368435486955
0,0,0.1418382035760482
0,0,0.004819689450680491
0,0,0.013701691489922417
0,0,0.011635625257128305
0,0,0.0012044596756794175
0,0,0.003893395726314996
0,0,0.020025003879000206
0,0,0.008417609667030798
0,0,0.11434120006467302
0,0,0.40800581563836485
0,0,0.12074764280818011
0,0,0.00025280073306250086
0,0,0.02713900038513624
0,0,0.009543253681999311
0,0,0.013937627919895505
1,0,0.383281806481816
0,0,0.029451116546980908
0,0,0.014401467564926057
0,0,0.07145675788989171
0,0,0.01053721284906531
0,0,0.040765008241007615
0,0,0.08172567182539447
0,0,0.04090115289376365
0,0,0.2923462401202307
0,0,0.30293186809320855
0,0,0.10257665539037364
1,1,0.9999986485205823
0,0,0.020180585833051875
0,0,0.008818405950008983
0,0,0.04902629955587369
1,1,0.9999966804291738
0,0,0.008843680463692672
1,1,0.9999966804291738
0,0,0.01444619351523346
1,1,0.9999944141014446
0,0,0.00033330972868553834
0,0,0.06269087081069277
0,0,0.1092876086949517
0,0,0.03629570570528908
0,0,0.11856397819033129
1,1,0.5291795844547843
0,0,0.19730388168934884
0,0,0.1238619907776962
0,0,0.10665775331170291
0,0,0.028761226957497017
0,0,0.1315283812951372
0,0,0.07471936368688083
0,0,0.007899199019600142
0,1,0.7014343396299199
1,1,0.8319751813489529
0,0,0.05637375069712387
0,0,0.104043455459769
0,0,0.025411616882072927
0,0,0.02228617585401379
0,0,0.016167152575767972
0,0,0.011162715582134951
1,1,0.9999974214555729
1,0,0.22028348341296322
0,0,0.0792260764204898
1,1,0.9753492887599976
0,0,0.12915446390926036
0,0,0.02572849145567062
0,0,0.103883559732098
0,0,0.02011263466104901
0,0,0.0207912242811075
0,0,0.020267915239046193
0,0,0.01445834822726391
0,0,0.34319372303424045
0,0,0.04230394493788026
0,0,0.02303334902682991
0,0,0.05324722738068856
0,0,0.17301147353755583
0,0,0.005026968869544395
0,0,0.20007018032067003
0,0,0.14523382216062997
1,1,0.9999974214555729
0,0,0.2761933696344959
0,0,0.013920505645393356
0,0,0.08488583835571892
0,0,0.007645777189774547
0,0,0.0020967135446200245
0,1,0.7811623791275528
0,0,0.0031837614693243426
0,0,0.007906980535535875
0,0,0.007657508081504434
0,0,0.048086957127083586
0,0,0.00037572267492428274
0,0,0.01913667253548063
0,0,0.05526918994386849
0,0,0.08787055312799953
0,0,0.12802870584142007
1,1,0.9999938778654273
0,0,0.03241163703114107
0,0,0.020323675621491726
0,0,0.0466697577838466
0,0,0.006676891310835642
0,0,0.012439226130845065
0,1,0.6306511149037716
0,0,0.17442343028210383
0,0,0.007072283628063347
0,0,0.07185459172141119
0,0,0.015918938758753283
0,0,0.02557264757617282
0,0,0.00815594889082872
0,0,0.004420688661978081
0,0,0.1459746972621653
0,1,0.5654954395176452
0,0,0.019616586276235692
0,0,0.01998976711175572
0,0,0.01609548236119634
0,0,0.023886148435437307
0,0,0.02242769269569069
0,0,0.031102150116895457
1,1,0.6470206141357484
0,0,0.15066577658499852
0,0,0.0008155196064887422
0,0,0.0023858559636991757
0,0,0.12207586486755435
0,0,0.004276561042302286
0,0,0.013086555242435738
0,0,0.00018462580213599107
0,0,0.028894119735744194
0,0,0.15969231011267426
1,1,0.9999966804291738
0,0,0.11545718776068217
0,0,0.005630958735176106
1,1,0.9968419260122271
0,0,0.012034696116641123
0,0,0.053247650439340745
0,0,0.09939058950882856
0,0,0.0018748879365047518
0,0,0.02694016928084354
0,0,0.0356860957416935
0,0,0.04181292115355976
0,0,0.009982578385846343
0,0,0.058077739635765034
0,0,0.06203254195430282
0,0,0.03042407136434513
0,0,0.16936176610378284
0,0,0.02244887163589116
0,0,0.19709012903330064
0,0,0.026608608899136642
0,0,0.00820425622489164
0,0,0.018525646320342398
0,0,0.0033605738107217596
0,0,0.09578972553722472
0,0,0.09305236917453434
0,0,0.31894347457667516
0,0,0.006341660803828468
0,0,0.016323436845596364
0,0,0.05662780396047447
1,1,0.9999967418747816
0,0,0.24282463716280933
0,0,0.0024118708955244606
0,0,0.010611292365499134
0,0,0.004322281071201824
0,0,0.011786556152866874
1,1,0.9999964734721614
1,1,0.9999863014508135
0,0,0.3521300258376194
0,0,0.2606218471795085
1,1,0.985427069382186
1,1,0.9999964734721614
0,1,0.8092048314238768
0,0,0.026304610989949302
0,0,0.24811679135188983
0,0,0.009204041108443264
0,0,0.04829883247394724
0,0,0.01242750910517164
0,0,0.016117824010051653
0,0,0.009115764403310965
0,0,0.06621657741671637
0,0,0.0010234741215756618
0,0,0.1307781438187035
1,1,0.9999986485205823
0,0,0.38640441204064024
0,0,0.01441963537508633
1,1,0.9999967421133994
0,0,0.006454873585759375
1,1,0.9999808399431727
1,1,0.917504490792863
0,0,0.05662780396047447
1,0,0.20313636198302124
0,0,0.0059264831348606545
0,0,0.3096648047866697
1,0,0.415729541500589
0,0,0.006496294032678358
0,0,0.04368053617838591
0,0,0.0418017709086671
0,0,0.21710791609643007
1,1,0.9999966804291738
0,0,0.001146334168650733
0,0,0.0028104256234606256
0,0,0.18165016088004676
0,0,0.07496551292284553
1,1,0.9999974214555729
0,0,0.29924165090661875
0,0,0.25186535594880005
0,0,0.016425606520281348
0,0,0.015078151515951113
0,1,0.5023679016783327
0,0,0.003164730179283288
0,0,0.10604083073030325
1,1,0.999998765996982
0,0,0.004395596565815069
0,0,0.020595381387019968
0,0,0.03537239032388476
1,1,0.9999974214555729
0,0,0.3436226837505557
0,0,0.03439837924872412
1,1,0.9999974214555729
0,0,0.009586463111436815
0,0,0.05718452590382693
0,0,0.18101133558303184
0,0,0.01437719122611472
0,0,0.007001054735449872
1,1,0.9999966804291738
0,0,0.08322996247211778
0,0,0.006927959835713111
0,0,0.020315476412144092
0,0,0.00266098677384782
0,0,0.08117710890388002
1,1,0.9999966804291738
0,0,0.24325754625448082
0,1,0.5134037912575372
0,0,0.03900475117335838
0,0,0.30663444814112767
0,0,0.027303650581481945
0,0,0.0053089432178097
0,0,0.0010137824066250576
0,0,0.022475230893413207
0,0,0.008282602818583567
0,0,0.010009575213658277
1,1,0.7891342401208649
0,0,0.012961963187016933
0,0,0.03633727520311223
1,1,0.7594732755066792
1,0,0.4391502757170056
0,0,0.03557286851017681
0,0,0.0048135371998939075
0,0,0.0007673902127258588
0,0,0.06292100912953581
0,0,0.015640539554151674
0,0,0.00321151624334749
1,1,0.9999986485205823
0,0,0.011432834147784432
0,0,0.005710435091236551
1,1,0.9999962625821728
1,1,0.9999964734721614
0,0,0.015446344797126301
0,0,0.004737478322832331
0,0,0.0019608894019600112
0,1,0.8144065406826367
1,1,0.9999967418747816
0,0,0.023762362327895185
0,0,0.009002848086731869
1,1,0.999998765996982
0,0,0.034442626755418794
0,0,0.026687884802790544
0,0,0.01459113183302563
0,0,0.0046430657481670995
0,0,0.17984047307752155
1,1,0.9999982935068383
0,0,0.00032284282269186835
0,0,0.005174046536881323
0,0,0.09277591830969556
0,0,0.02057283968660613
0,0,0.11243216533772252
0,0,0.05170478360244234
0,0,0.01769020009615964
0,0,0.008753031120021362
0,0,0.0199847800293988
0,0,0.0076877637129105815
1,1,0.9999966804291738
0,0,0.053017997610312534
1,1,0.9856842865908936
0,0,0.021678796971599634
0,0,0.09602933723643704
0,0,0.027744570586015666
0,0,0.0131859345515772
0,0,0.016740134042043806
0,0,0.0956817879182125
0,0,0.24213362504526495
0,0,0.0189506180483867
0,0,0.021721756837271313
0,0,0.0454806327942924
0,0,0.00017976735027040283
0,0,0.2595949030953871
0,0,0.37650359408843415
0,0,0.021356508186241564
0,0,0.06681998182945996
0,0,0.0180132934187993
1,1,0.9999977785150863
1,1,0.9999974474866807
1,1,0.9999974214555729
0,0,0.20895077215620678
0,0,0.20200916910916802
1,1,0.9901719444184349
0,0,0.04685514939334563
0,0,0.01331997340132927
0,0,0.005042941246278145
0,0,0.007953685621806554
0,1,0.6731808347027033
1,1,0.9846174988933576
1,1,0.9822807156111762
0,0,0.03874149798988575
1,1,0.9999974214555729
1,1,0.9999979423411411
0,0,0.3743345701700796
0,0,0.011551961478141646
0,0,0.012828710074454394
0,0,0.009843324057382554
0,0,0.10897958753813713
0,0,0.18545444342229117
0,0,0.00682201896028849
0,0,0.02980470279929942
0,0,0.012042119095869523
0,0,0.12588270776776522
0,0,0.0023928573083377676
0,0,0.00397534001690464
0,0,0.009357276026105081
0,0,0.0010739548269374712
0,0,0.0017778503429098204
0,0,0.005197868052134265
0,0,0.007222339264287243
0,0,0.02573936105393323
0,0,0.2551251383233204
0,0,0.015189647159922045
0,0,0.05223730565972847
0,0,0.1070206183535663
0,0,0.0005931594052592926
1,1,0.9967119913349267
0,0,0.4065966750110557
0,1,0.54805115953049
1,1,0.9999977168367039
0,0,0.1731082778081216
0,0,0.05505759096343557
1,1,0.9999974214555729
0,0,0.1531336507142196
0,0,0.0002772187108184502
0,0,0.03975740577022006
1,1,0.9741461507219263
1,1,0.9833106771401263
0,0,0.005407632250865407
1,0,0.20628031771189845
0,0,0.023975328658740445
0,0,5.04241463997545e-05
0,0,0.016944149122238673
0,0,0.08396900867367606
0,0,0.054236205187902675
0,0,0.02079428166111041
0,0,0.019073473664959144
0,1,0.7417784341015844
0,0,0.04378177490787238
0,0,0.042508297642323105
0,0,0.0026104195750826192
1,1,0.9999986485205823
1,1,0.9999966804291738
0,0,0.029867328742223448
0,0,0.08675930753763168
0,0,0.08869840745896408
0,0,0.060916934424457815
1,1,0.9278738957366647
0,0,0.04038596200331744
0,0,0.013452848659722101
1,1,0.999998765996982
0,0,0.017232814339800222
0,0,0.04389320955860584
0,0,0.2771187031607441
0,0,0.006164915404797645
0,0,0.028584923968185336
0,0,0.06647914808145491
0,0,0.2797778942556445
0,0,0.012984293038249136
0,0,0.23799658527310621
0,0,0.02794214057092434
0,0,0.009164103104634318
0,0,0.044087891343086036
1,1,0.9999967418747816
0,0,0.020769649192211758
0,0,0.06952444012830863
1,1,0.9999964734721614
0,1,0.727000008727841
0,0,0.04207222127977029
0,0,0.05851488006316214
0,0,0.11905942096019458
0,0,0.0017708065609646137
1,1,0.9278738957366647
0,0,0.13701009685106882
0,0,0.033716560308997806
0,0,0.013764394380408588
0,0,0.015229088944818437
0,0,0.128204925258286
0,0,0.0036477695538376254
0,0,0.0004794274628202849
1,1,0.9632534485283865
0,0,0.018342834278008476
1,1,0.9855655966539166
0,0,0.000392894184467585
0,0,0.030313132486432713
0,0,0.015549678535762505
0,0,0.06564238261898275
0,0,0.20837836229878337
0,0,0.2858699333037115
0,0,0.04926658913724344
0,0,0.1747267941632527
0,0,0.10202031576854681
1,1,0.999998765996982
1,1,0.9999966804291738
0,0,0.009959068512206034
0,0,0.0023279984025366325
0,0,0.03913723786168234
0,0,0.3736102753611518
1,1,0.7974593698922888
0,0,0.007572274380578212
0,0,0.02523975792752976
0,0,0.16814219247325468
0,0,0.09271100485628245
0,0,0.001330761542366076
0,0,0.012770979805175654
0,0,0.006612713031124612
0,0,5.454315885500911e-05
0,0,0.0488638764501465
1,1,0.9911344989531045
0,0,0.003625413967565418
0,0,0.056049372636014005
0,0,0.02707663078539909
0,0,0.004046387678565558
0,0,0.029279407942004898
0,0,0.008726068615205355
0,0,0.28787858285542306
0,0,0.040927246827682624
0,0,0.0528501530855161
0,0,0.2687520820500499
0,0,0.015522361983288541
0,0,0.0005019095009426308
0,0,0.02006284148125609
0,0,0.05428147589072447
0,0,0.003047516555232298
0,0,0.01948081110000735
1,0,0.18330990694701735
0,0,0.2445204201669692
0,0,0.005760146072037509
0,0,0.024279581226558277
0,0,0.035609227475896475
0,0,0.004628278723082388
0,0,0.005452482513558451
0,0,0.013611107306592258
0,0,0.03802234093569027
0,0,0.1490039252156772
0,0,0.023053034112648047
0,0,0.08980595403516811
0,0,0.03676854259182267
0,0,0.00473706431551684
0,0,0.030907947045280822
0,0,0.16357713216824388
0,0,0.03333539603639593
0,1,0.5114811327854927
0,0,0.025136335209697238
0,0,0.1188743637635438
1,1,0.9999974214555729
0,0,0.008242399590658943
0,0,0.06291100266421056
1,1,0.9999966804291738
0,0,0.0998510502317081
0,0,0.09280836968957787
0,0,0.08116969241422427
0,0,0.01025727028438021
0,0,0.007524634769735005
1,1,0.9999202191461362
1,1,0.9999966804291738
0,0,0.0006104048495120208
0,1,0.5242596470812514
0,0,0.016342223947062497
0,0,0.1165621581085918
0,0,0.005332615090830054
0,0,0.06605596063241603
0,0,0.0044917613841884375
0,0,0.06392394015922055
0,0,0.01107245341762349
1,1,0.9999974214555729
0,0,0.05060660862457338
0,0,0.009667810058453082
1,1,0.5244164225587129
0,0,0.24667892243397518
0,0,0.06783796160671651
0,0,0.09189484986925224
0,0,0.009586463111436815
0,0,0.11125655536552777
0,0,0.01530242093262736
1,0,0.01666669388067904
1,1,0.9999966804291738
0,0,0.022226602732099886
0,0,0.0027045290788815404
1,1,0.9589909043986331
1,1,0.9999974214555729
0,0,0.15571283181064802
1,1,0.9999967418747816
0,0,0.06906196932386839
0,0,0.011651922229509799
0,0,0.004707930245423005
0,0,0.12422117486537389
0,0,8.013747887724258e-05
0,0,0.0517590284342904
0,0,0.08477808953437183
0,0,0.024084793684435894
0,0,8.287547873298606e-05
0,0,0.003022207097506001
0,0,0.30663444814112767
0,0,0.026350165099855227
1,1,0.9999974214555729
0,0,0.0028310320367221733
0,0,0.010878015575526888
0,0,0.011610551618508928
0,0,0.00015015815994915395
0,0,0.012745238427563048
0,0,0.012490898620583299
0,0,0.02308288073903882
0,0,0.007848521734875215
0,0,0.006050510994337656
0,0,0.19385469413720333
0,0,0.020323800063176863
0,0,0.02804485088205791
0,0,0.00334028337480795
0,0,0.102941970448031
1,1,0.999928530827892
0,0,0.022627974983880843
0,0,0.019094153717686274
0,0,0.002255507776429357
1,1,0.9999985843625584
0,0,0.2418256897048158
0,0,0.09602486357911007
0,0,0.017542221366836457
0,0,0.08269126087768736
0,0,0.009307496050536893
0,0,0.0030147709777062597
0,0,0.010429224568759261
0,0,0.1113942572454459
1,1,0.8479010593091019
0,0,0.022093521197741155
0,0,0.0035864373718196
0,0,0.16785837441204401
1,1,0.9999977168367039
1,1,0.9999974214555729
0,0,0.005878998442359074
1,1,0.9999966804291738
0,0,0.012875944556869872
1,1,0.9999964734721614
0,0,0.003358065948962643
0,0,0.0254848294283428
0,0,0.012755559255669782
0,0,0.004448862736095254
0,0,0.0544999520663274
0,0,0.1597987291081637
0,0,0.010469507786097319
0,0,0.07357874832382283
0,0,0.0011672283292153609
0,0,0.002845590449386487
0,0,0.039487258165464875
0,0,0.008567220576790312
0,0,0.023251853078890293
0,0,0.09137035979331919
1,1,0.9999964734721614
0,0,0.22638529147101688
0,0,0.02162351253842843
0,0,0.09126001659064924
0,0,0.03135375525308166
0,0,0.029774576609222954
0,0,0.029576038154488768
0,0,0.0337911761308379
1,1,0.7741193239449649
0,0,0.012824170314735818
0,0,0.3740924482190633
0,0,0.34468606253577094
0,0,0.02464159488842746
0,0,0.009882048933480913
0,0,0.030525692342966326
1,1,0.9999202663856797
0,0,0.02458815958604229
1,1,0.999996194052106
0,0,0.06368461540736942
0,0,0.022233724296242204
0,0,0.018892756110699623
0,0,0.0017992535113493825
0,0,0.010451780092117327
0,0,0.013088416190235524
0,0,0.0175504929993094
1,0,0.45156166681263904
0,0,0.044295122221289195
0,0,0.0032919692943419706
0,0,0.021851823470321326
1,1,0.7524115038363863
0,0,0.00695190742100134
0,0,0.026864028973155672
0,0,0.06359621577274788
0,0,0.048231457791515865
0,0,0.023702233782010914
0,0,0.4549237215723787
0,0,0.00014425741875169078
0,0,0.000810676311051172
1,1,0.9999964734721614
1,1,0.9999966804291738
0,0,0.002391271278110487
0,0,0.01648099824289119
0,0,0.3748411502469877
0,0,0.004964638233489476
1,1,0.9999974474866807
0,0,0.018945717965332738
0,0,0.21868389144696526
0,0,0.016720711430176692
1,1,0.9731359759954636
0,0,0.03184822696133875
0,0,0.04552153203631435
1,1,0.9999986485205823
0,0,0.01998976711175572
0,0,0.34063173979844014
0,0,0.04532108415840145
0,0,0.3085440285330547
1,1,0.9999979498821073
0,0,0.006147976868955831
0,0,0.008365833251591378
0,0,0.08473277555240931
0,0,0.015246041939683364
0,0,0.06703906686062829
0,0,0.02178881348910255
0,0,0.15536477074931226
0,0,0.004015145990946606
0,0,0.05189374205682528
0,0,0.07781521199334265
0,0,0.011398450613166808
0,0,0.16706942956879828
0,0,0.013007432125448817
0,0,0.0019023735759308082
0,0,0.04674113244376754
0,0,0.022320655398062137
0,0,0.038646846525730395
0,0,0.007419095379014211
0,0,0.00935555818291604
0,0,0.48888642848782743
0,0,0.0036973980397443235
0,0,0.29323571850689173
1,1,0.9887820166230578
0,0,0.01194379334248401
0,0,0.004670929022630325
0,0,0.047100131087543004
0,0,0.05690236925041954
1,1,0.609855144667036
0,0,0.004427509316530336
0,0,0.00038203481661294936
0,0,0.013982513265411783
0,0,0.05593177403769526
0,0,0.030701538781797183
0,0,0.08724463391966082
0,0,0.04849117985285924
1,1,0.9999974214555729
0,0,0.32992106437955676
0,0,0.021628991337305406
0,0,0.19155752881059318
0,1,0.5160057304568518
0,0,0.018905780318317765
0,0,0.013277982428913275
0,0,0.030901524035799825
0,0,0.0030121855927101975
0,0,0.2754423799857175
1,1,0.9482217290899121
0,0,0.012250325113032205
1,1,0.9999974214555729
0,0,0.04574218477533912
0,0,0.0023487594176246104
0,0,0.047254977229855805
0,0,0.27848671575802814
0,0,0.2461329326497592
0,0,0.01966001371644608
0,0,0.06732203047049881
0,0,0.11760137798980874
0,0,0.015589385658154525
0,0,0.011883906297921751
0,0,0.006466934235704711
0,0,0.07348329503487142
1,1,0.9875725361413703
0,0,0.15149329792375082
0,0,0.12505531266496744
0,0,0.007279203229566716
1,1,0.9421335724662937
0,0,0.010392213363156426
0,0,0.017627246357209584
0,0,0.07294866029783385
0,0,0.0027826468707331875
0,0,0.1380080677072573
0,0,0.009373552885860332
1,1,0.7282076657889118
0,0,0.05795640418855723
1,1,0.9999974214555729
0,0,0.25483796812320303
0,0,0.03631181947820293
0,0,0.016970151891270043
1,1,0.9999966804291738
0,0,0.006461154628396928
0,0,0.029281524277823105
0,0,0.007422575491564292
0,0,0.01943094049448533
0,0,0.00040559186674447964
0,0,0.12650662718827219
0,0,0.02512734836384925
0,0,0.048121100117424036
0,0,0.08335328975813476
0,0,0.013719203102074024
0,0,0.11001671786992512
1,1,0.9998401822060774
0,0,0.038138842649553736
0,0,0.0008137031384176457
1,0,0.1374029976187977
0,0,0.0004380404155657805
0,0,0.009519642177980646
0,0,0.03039942078982242
1,1,0.9999966804291738
0,1,0.5693277984343346
1,1,0.9999976650563936
1,1,0.9999990755124109
0,0,0.024501948839819286
0,0,0.033971820462332464
0,0,0.37650359408843415
0,0,5.9026036049484314e-05
0,0,0.3234339757499142
0,0,0.006141792890309838
0,0,0.00754876004371538
0,0,0.07473640107902521
0,0,0.004569728529619841
0,0,0.020416283019233653
0,0,0.0011508723445399092
0,0,0.2333592218619681
0,0,0.003850238455344933
0,0,0.0017608360411836808
0,0,0.015411940541011759
0,0,0.018764948615606427
0,0,0.00012043821842869308
0,0,0.2622689145229505
0,0,0.05449454554719401
0,0,0.07064643938755133
0,0,0.02358985601461705
0,0,0.04020523876276541
0,0,0.03792262192829836
0,0,0.14622275576659086
0,0,0.0848741296089108
0,0,0.009944895004776251
0,0,0.10465709814928108
0,0,0.36897291227475604
1,1,0.9999974214555729
0,0,0.17743612932241268
0,0,0.013844816347148146
0,0,0.10168818650628829
1,1,0.9943949242159371
0,0,0.009470438985816605
1,1,0.9942830522832043
0,0,0.033011788752618
0,0,0.006638968853020243
0,0,0.1744453498888665
1,1,0.756660984590935
0,0,0.1288587205318077
0,0,0.2953731737087085
0,0,0.006997751437782516
1,1,0.9999974214555729
1,1,0.9999979498821073
0,1,0.678888206102705
1,1,0.9841991936632309
1,1,0.9999967421133994
1,1,0.5813572038388932
0,0,0.04273970240075382
0,0,0.05310591480186304
0,0,0.25044622392116667
0,0,0.005425758513289272
0,0,0.004676382837322482
1,1,0.9908792363904179
0,0,0.042109857087069553
0,0,0.37650359408843415
0,0,0.022092629721771537
0,0,0.0067964837423239305
0,0,0.009586463111436815
0,0,0.0033533471321278417
0,0,0.02033152761729094
1,1,0.9999970717796709
0,0,0.33425034463559583
0,1,0.6856478844646434
0,0,0.018892756110699623
1,1,0.9982629009177243
0,0,0.003551266101684865
0,0,0.026940620539395426
0,0,0.4856674928579105
0,0,0.08070499165528769
0,0,0.0007788325361284673
0,0,0.009275595446469304
0,0,0.12423031215736838
0,0,0.0023475216487069883
0,0,0.0470373975770312
0,0,0.0036185297293960844
0,0,0.028513932912345892
0,0,0.020737985098508303
0,0,0.011939289096079077
0,0,0.11434267564704662
0,0,0.048989759608914996
0,0,0.028040623280810355
0,0,0.16510087960172035
0,0,0.0009558866591965538
1,1,0.9999974214555729
0,0,0.019161384191554963
0,0,0.07207166558358032
0,0,0.01459009974230519
0,0,0.018060592571110368
0,0,0.27256250784084235
0,0,0.051425155362780806
1,1,0.955919978656617
0,0,0.08308844311049385
1,1,0.9999964734721614
0,0,0.41686879035591806
0,0,0.038045092467886704
0,0,0.15803163161355738
0,0,0.17691933157391573
1,1,0.9999974214555729
0,0,0.016215511061900677
0,0,0.0839638312420176
1,1,0.9928735652619708
0,0,0.006475886003065551
0,0,0.016540764732771145
0,0,0.004246947606255401
0,0,0.014423551758615542
1,1,0.9927280499909341
0,0,0.2772060912940177
0,0,0.3085440285330547
0,0,0.06806654320385008
0,0,0.09339191386337652
0,0,0.010416896693208512
0,0,0.027582034422583515
1,1,0.9999966804291738
0,0,0.01759751098089308
0,0,0.3498976913712745
0,0,0.010753804471477989
0,0,0.063591163301858
0,0,0.051067168299474504
0,0,0.05544257165805521
0,0,0.000968474785216115
0,0,0.016756083357796336
0,0,0.007778983689219836
0,0,0.0029043448625415413
1,1,0.9803780479225219
0,0,0.009625877092162321
1,1,0.9999640823158152
0,0,0.012351639756750523
0,0,0.0007801316544448385
0,0,0.025369459098274177
0,0,0.05308637511454889
0,0,0.01627060560138353
0,0,0.08248005369704936
1,1,0.9999974214555729
1,1,0.9999966804291738
0,0,0.0001773177895918248
0,0,0.02695010633295258
0,0,0.06281009821597104
0,0,0.013354366419114378
0,0,0.0024269677922206068
0,0,0.050801761187445164
0,0,0.01780886728869453
0,0,0.02009411374487371
1,1,0.6586720204376127
0,0,0.08251780852389
0,0,0.017776872464802806
1,1,0.666433814522221
0,0,0.036836228612772644
0,0,0.043109581932201366
0,0,0.08134957334213026
0,0,0.04802157959774307
0,0,0.041873401534112245
0,0,0.0005147702991523076
0,0,0.023603661552210956
1,1,0.9999962623084329
1,1,0.9999979498821073
0,0,0.001137026884007007
0,0,0.002489418227488457
0,0,0.016115632654562895
0,0,0.009723912049728054
0,0,0.006751903082120546
0,0,0.0070963473528982855
0,0,0.15946786445335484
0,0,0.05505971366677759
0,0,0.0207912242811075
0,0,0.08659453947386547
1,0,0.455820669735841
0,0,0.05487176000769223
0,0,0.0322745374504131
0,0,0.050424340535388155
0,0,0.11087987437626841
0,0,0.162690793269805
0,0,0.005130520167120547
0,0,0.11819591683402937
0,0,0.036713706489139006
0,0,0.018342834278008476
0,0,0.02327346415723079
0,0,0.012702012190992458
0,0,0.002754488256962442
1,1,0.9288472879555096
0,0,0.023286270458965166
0,0,0.30515959869438386
0,0,0.08741818812866127
0,0,0.08354253049611549
0,0,0.012983061197955158
0,0,0.0016313806841395605
0,0,0.005622280468261817
0,0,0.006429096266450392
0,0,0.07305937179235987
0,0,0.021981271333501452
0,0,0.01178691490327665
0,0,0.016384243430623474
0,0,0.04764498907854214
0,0,0.013665935916090279
1,1,0.9999977168367039
0,0,0.13024891741863479
0,0,0.08314434046468136
0,1,0.5204002920317206
0,0,0.1132465149866461
0,0,0.004795227412075167
0,0,0.023029250426646455
0,0,0.015681049037196065
0,0,0.016877335335034726
0,0,0.49012965560709665
0,0,0.004149101187432938
0,0,0.00637089249892079
0,0,0.01692886098915293
1,1,0.9993858639585929
0,0,0.05064556491035257
0,0,0.3942600899719558
0,0,0.006860591622859216
0,0,0.04022460427661165
0,0,0.014739704756558529
1,1,0.9715212624053018
0,0,0.011895821751599898
1,1,0.999998765996982
0,1,0.5980390028231831
0,0,0.05862143013150305
0,0,0.010033436427909439
0,0,0.021048028201066077
0,0,0.037485800344423253
0,0,0.0234094016812225
0,0,0.024466344869658298
0,0,0.31860104892266655
0,0,0.008502179628488449
0,0,0.02441082041877087
0,0,0.005698090212243528
0,0,0.028454762416426246
0,0,0.0016359929299324767
1,0,0.43888482878354473
0,0,0.024977235917866034
0,0,0.07341172488975964
0,0,0.12236463659584408
0,0,0.01893990458555188
0,0,0.01138508719488423
1,1,0.9999964734721614
0,0,0.025168571139041186
0,0,0.01926123260315357
0,0,0.044045849991841475
0,0,0.04003088751902682
0,0,0.11770776806801322
0,0,0.03569141748175049
0,0,0.011355691518329453
0,0,0.023345618129900672
0,0,0.3085440285330547
1,1,0.9999974214555729
0,0,0.013436173626175227
1,1,0.9999964734721614
0,0,0.0012910155556020088
1,1,0.9999974214555729
1,1,0.999998765996982
0,0,0.0024136717761436624
0,0,0.019404407330570424
0,0,0.02340439687013031
0,0,0.04104748102235694
0,0,0.02006537883198982
0,0,0.002829878498086357
0,0,0.04479439986251292
1,1,0.9230795617407537
0,0,0.03089280014238512
1,1,0.9999136663230908
0,0,0.022628616833917363
0,0,0.03577898808573373
0,0,0.003605456334979876
0,0,0.007039731104832681
0,0,0.020480660390086232
0,0,0.21576354805390388
0,0,0.0027736040359448997
0,0,0.006468713231823633
1,1,0.9999977785150863
0,0,0.033499448673058686
0,0,0.051835812811485825
0,0,0.09468321847662815
0,0,0.08705630538305564
0,0,0.07180484269368016
1,1,0.9999977168367039
1,1,0.9999966804291738
0,0,0.02485480548606642
0,0,0.17759130651055222
0,0,0.0027399330256106507
0,0,0.1135922400493946
0,0,0.06219445185663069
0,0,0.37650359408843415
1,1,0.999998765996982
0,0,0.05959278224922787
0,0,0.04228803363749408
0,0,0.02331174835901824
0,0,0.10341270089634179
1,1,0.9999967421133994
0,0,0.010240521335816636
0,0,0.018647585897403472
0,0,0.017050375001171677
0,0,0.10461018880921277
0,0,0.002660270288004651
0,0,0.024466344869658298
0,0,0.008564328482405941
1,1,0.9999823180078129
0,0,0.0012700009325693905
0,0,0.059297004659090116
1,1,0.9278738957366647
0,0,0.003554481890485461
0,1,0.6106962509769065
0,0,0.0017695480083461275
0,0,0.0009148535155194762
0,0,0.008991951829349714
0,0,0.00729769451439024
1,1,0.9076296155184684
0,0,0.00922899900219357
0,0,0.018791229116668168
1,1,0.9999966804291738
0,0,0.04931803459632585
0,0,0.1011133907649751
0,0,0.012378901795324195
0,0,0.07236021751392693
1,1,0.9999957589384425
1,1,0.9508124754292803
0,0,0.00624501979606196
1,1,0.9999928017857188
0,0,0.001609425437324729
0,0,0.00047022523846862056
0,0,0.06111756499555004
0,0,0.08144530313940246
0,1,0.5018643304494507
1,1,0.9999977168367039
0,0,0.006744924181669099
0,0,0.006656504003859266
0,0,0.020769649192211758
0,0,0.016323436845596364
0,0,0.22372421345455398
0,0,0.018498128204350168
1,1,0.927794682923661
1,1,0.9999966804291738
0,0,0.001416579630225526
0,0,0.027008250110599184
0,0,0.02955506033004459
0,0,0.18038379401867496
1,1,0.9877880111621803
0,0,0.1898433725238745
0,0,0.00031656647415999274
0,0,0.007736515446632392
0,0,0.08819838242698239
0,0,0.08877539725762155
0,0,0.4658834535932029
1,1,0.9999964734721614
0,0,0.01189076870120093
0,0,0.22907811322274216
0,0,0.19646284673868672
0,0,0.04636018903563388
0,0,0.06621657741671637
0,0,0.3036341226384393
0,0,0.013584505706767296
1,1,0.9469402817899848
1,1,0.8354193316348988
0,0,0.006706756479763948
0,0,0.005025700951039134
0,0,0.05830687371927388
0,0,0.11565904747284206
1,1,0.9907819140795852
0,0,0.016215511061900677
1,1,0.991914689131653
0,0,0.0013389621126924298
0,0,0.021208876157502977
0,0,0.005325795766510859
0,0,0.005088883622056307
0,0,0.08372256711232985
0,0,0.12531611106981544
0,0,0.08022563778549459
0,0,0.10703837896262812
0,0,0.0056253749974307194
0,0,0.38692260881767293
0,0,0.05518425079786445
0,0,0.134754364069611
0,0,0.020083954514858303
0,0,0.018134274590345174
0,0,0.00042135565629330957
0,0,0.09546523190470999
0,0,0.00863566351074576
0,0,0.011651922229509799
0,0,0.0069341009539104805
0,0,0.2087779873208668
0,0,0.003279374364755354
0,0,0.008304942426339812
0,0,0.017108423247583382
0,0,0.006155109909944591
1,1,0.9999986485205823
0,0,0.08002119501878006
1,1,0.9999966804291738
0,0,0.2949189814716088
0,0,0.06508377354298508
0,1,0.5611034624056067
0,0,0.013464292665341202
0,0,0.4419964310137212
0,0,0.0064960139031041975
1,0,0.4331609061742864
0,0,0.04384848295271264
0,0,0.017612036559734735
0,0,0.09194303326765654
0,0,0.022738090785969632
0,0,0.04750308235089623
1,1,0.9944309548622334
0,0,0.022533104605724257
0,0,0.048256129311725085
0,0,0.017345727331163047
1,1,0.9999966804291738
0,0,0.00973412524201602
0,0,0.15394108911856982
0,0,0.01956648398166041
0,0,0.01691306005145601
0,0,0.14156668364037486
1,1,0.8881498305236175
0,0,0.020859588966696287
0,0,0.12487226028191213
0,0,0.022620073834951154
0,0,0.07768232006696828
0,0,0.06631937615553228
0,0,0.01853904282582498
0,0,0.2004756707227484
0,0,0.002110232090872597
0,0,0.016376700209146056
0,0,0.008278507915476224
1,1,0.9999986485205823
0,0,0.001665251222386823
0,0,0.16215560369260204
0,0,0.1320717453770023
0,0,0.013156001805863866
0,0,0.26778057275066286
0,0,0.00964859827873743
0,0,0.14952224468312755
0,0,0.2852442751380983
0,0,0.010607352407054372
0,0,0.009572995162953464
0,0,0.007673584153328427
0,0,0.008521517014683259
0,0,0.0037524430875218078
0,0,0.015001695304239074
1,1,0.9999974214555729
1,1,0.9827960948704509
0,0,0.03342802307997845
0,0,0.49601768240473776
0,0,0.1383205035789806
0,0,0.22360520392020988
0,0,0.0722077918966169
0,0,0.09049062439067955
1,1,0.9999974214555729
0,0,0.00029062132780520737
0,0,0.05961471221203704
0,0,0.013367992631578316
0,0,0.013168394709029257
0,0,0.17403255069314827
0,0,0.4734516983400197
0,0,0.23488023005166464
0,0,0.08222752422617542
1,1,0.9999986485205823
0,0,0.3085440285330547
0,0,0.012359677890500785
0,0,0.34319372303424045
0,0,0.014191750084725799
0,0,0.05838353044742437
1,1,0.9510677573726379
0,0,0.0032334192685160015
0,0,0.06722629493481692
1,1,0.9999974214555729
0,0,0.002083390826835836
0,0,0.028354143596506093
0,0,0.001416579630225526
0,0,0.012115539987952572
1,1,0.9935282530661612
0,0,0.327717977794556
1,1,0.9813341339993688
0,0,0.025353225176159597
0,0,0.010573725725742427
0,0,0.0004209385296872272
0,0,0.007185706271216628
0,0,0.13612935806550006
1,1,0.97458218163413
0,0,0.048418761020764145
1,1,0.9999974214555729
0,0,0.09750011480467544
0,1,0.7624396426909162
1,1,0.9892346973047078
0,0,0.04073046542165756
0,0,0.052192316709385705
1,1,0.9999974214555729
0,0,0.012874814108771969
1,0,0.4358838060569321
0,0,0.012834997627880283
0,0,0.1022651033512917
0,0,0.16305204490453526
0,0,0.019674318474778366
0,0,0.006187863073049587
1,1,0.9999964734721614
0,0,0.01000420773830331
0,0,0.018287408945244815
0,0,0.05170025642181943
0,0,0.0013449101061293294
0,0,0.00019085853259211805
0,0,0.13689208764039656
0,0,0.029544800809207895
1,1,0.9999974214555729
0,0,0.014266734765133762
1,1,0.7927041640746906
0,0,0.001061898418002386
1,1,0.9999974214555729
1,0,0.2586152197116019
1,1,0.9997477795953191
0,0,0.021721756837271313
0,0,0.017405072934083287
0,0,0.002283563101712311
0,0,0.4968133558288132
1,0,0.3975278724047057
1,1,0.7040261943515622
0,0,0.02809953044167338
0,0,0.014636136700976656
0,0,0.005681459560437268
0,0,0.050716044835927024
0,0,0.16556145510395065
0,0,0.0051792298429696884
0,0,0.033119737522609626
0,0,0.01510749529351291
0,0,0.02180321271710316
0,0,0.2192859127878048
0,0,0.010651795905575766
1,1,0.9977563332356854
0,0,0.010673579104283138
0,0,0.0002235395101484474
0,0,0.0006369084404514074
0,0,0.07390816284141405
0,0,0.012545092605369432
0,0,0.30663444814112767
0,0,0.005174887031005851
0,0,0.00014402106611817296
1,1,0.9999966804291738
0,0,0.16551495446979944
1,0,0.3741017550134949
1,1,0.9999962623084329
0,0,0.04943001852387333
0,0,0.04944199994041443
0,0,0.0997284611067213
0,0,0.16276906711151118
0,0,0.0916703717565425
1,1,0.9999966804291738
0,0,0.0500254297185451
0,0,0.09735185894641914
0,0,0.10229832166945721
1,1,0.9999964734721614
1,1,0.8239096743403039
1,1,0.9999982935068383
0,0,0.24323576453254905
0,0,0.0016452303830317315
0,0,0.008162094800685494
0,0,0.06847720218690782
0,0,0.015995427763911354
0,0,0.10658908148289015
0,0,0.0008760922145617559
1,1,0.9999974474866807
0,0,0.02160622902050466
1,1,0.9603182070093281
0,0,0.019297817466898712
0,0,0.009279042300919952
0,0,0.30515959869438386
0,0,0.37650359408843415
1,1,0.9999967418747816
0,0,0.04268131989158547
0,0,0.04363797966546267
1,1,0.9999966804291738
0,0,0.01383427767528127
0,0,0.19702239855908196
1,1,0.9999966804291738
0,0,0.0014501556199557905
1,1,0.9887820166230578
0,0,0.0917191275160205
0,0,0.03931457666637059
0,0,0.004787814697907974
0,0,0.05285048966353095
1,1,0.9999981310497241
0,0,0.015160370925062606
0,0,0.00996753703030477
0,0,0.07411080517522765
0,0,0.011672125651706415
0,0,0.01156404040664658
0,0,0.08683277748304319
0,0,0.0830602959659891
0,0,0.04555960980479637
0,0,0.034666606156209506
0,0,0.11446785831568804
0,0,0.00306213197458919
0,0,0.01326987952427199
0,0,0.0037159660741139747
0,0,0.002869811097583667
0,0,0.010394937380975055
1,1,0.9962302320357393
0,0,0.03603962718118262
0,0,0.039780303383613436
1,1,0.9641563315492296
0,0,0.03094599141436922
0,0,0.019442327964191184
0,0,0.04169364292059009
0,0,0.002123552166894714
0,1,0.6534658460626757
0,0,0.008323540586408128
1,1,0.9999986485205823
0,0,0.0021101289414761984
0,0,0.06505597577294189
0,0,0.017262220214950493
0,0,0.01799673556562833
0,0,0.18410258062479096
0,0,0.1686661977348157
0,0,0.0059275032716895205
0,0,0.012809735414863996
0,0,0.016379231385456845
0,0,0.0037200562877224576
0,0,0.002996171476032918
0,0,0.10673879579168455
0,0,0.03087695366840156
0,0,0.00011643496203877523
0,0,0.29524713011513065
0,0,0.015631565115930716
0,0,0.07440265010020797
0,0,0.17587089878501178
0,0,0.04679888663506991
1,1,0.9999977168367039
0,0,0.049258254513741634
0,0,0.0006494774586977405
1,1,0.9999985843625584
0,0,0.010702834803226658
0,0,0.0521959990463717
0,0,0.08308426315762127
0,0,0.022693938490139218
0,0,0.02306164409919789
0,0,0.028399300071019158
1,1,0.9997971779411544
0,0,0.023885266868504975
0,0,0.029931285041959594
0,0,0.017767841999307612
0,0,0.2033489079755165
0,0,0.003468965619245332
0,0,0.04655443014422896
0,0,0.004397758581173632
0,0,0.005606590520221975
0,0,0.04426341725544893
0,0,0.02150454221427476
0,0,0.12497472064449475
1,1,0.9999976198535029
0,0,0.3951246145071267
0,0,0.0039121399941653414
0,0,0.012578396793215511
0,0,0.00510918390302336
0,0,0.0021991044630154106
0,0,0.007677529903190744
0,0,0.008822841724028512
0,0,0.007893801045682311
0,0,0.1903655976186126
0,0,0.05438166390899362
0,0,0.04170861287946495
0,0,0.057313984629807135
0,0,0.10968047711959658
0,0,0.0016108553210748707
1,1,0.999991059069876
0,0,0.14698359471745479
0,0,0.1702423825298049
0,0,0.03902343652463868
0,0,0.008019112472067656
0,0,0.03089003402989516
1,1,0.9999976650563936
0,0,0.17865309199145712
0,0,0.0248468396766934
0,0,0.21635240781903586
0,0,0.058492118282017544
0,0,0.0027625848104984264
0,0,0.15720262059574758
0,0,0.30663444814112767
1,1,0.9900099804650617
0,0,0.037485800344423253
0,0,0.0917773229237762
0,0,0.00435105854922789
0,0,0.011485415737150173
0,0,0.0021182335236450134
0,0,0.05808418143305771
0,0,0.00037467850910901957
0,1,0.5160057304568518
1,1,0.9999957586278144
0,0,0.20342756174688117
0,0,0.031775136213900504
0,0,0.37650359408843415
0,0,0.012866193109412727
0,0,0.0023475216487069883
0,0,0.024855863670974036
0,0,0.00027648461246460124
0,0,9.023383930454266e-05
1,1,0.9999974214555729
1,1,0.889655671809743
0,0,0.0008003496296172714
0,0,0.010488880339615722
1,1,0.6760413484490128
0,0,0.006904430099992509
0,0,0.17386158807704605
1,0,0.4130965687573131
0,0,0.03585762929281013
1,1,0.9999974214555729
0,0,0.0036452813118945998
0,0,0.03930873057932416
0,0,0.003786194710473178
0,0,0.01771587388449227
0,0,0.019434349158734043
1,1,0.9216940434165446
0,0,0.02458631284368795
0,0,0.008162599214880347
0,0,0.03465873682842369
0,0,0.0377734457541293
1,1,0.5180458374135173
0,0,0.13694689470310784
0,0,0.0033012117772513432
0,0,0.04552153203631435
0,0,0.0022293680729239735
0,1,0.5231692931996784
0,0,0.09163400870894957
0,0,0.06595948778581343
0,0,0.003757268616830523
0,0,0.03576845327065764
0,0,0.04288966944314661
0,0,0.03455824883463762
0,0,0.15864642864136352
0,0,0.0020950926980250395
0,0,0.029802027555259295
0,0,0.02584690528432194
0,0,0.06568019818004947
0,0,0.00993058770920868
0,0,0.0043640235709359945
0,0,0.17016142619212493
0,0,0.24548842449455807
0,1,0.5802966250064808
1,1,0.9999967418747816
0,0,0.007914148696184939
0,0,0.04233689103744648
0,0,0.3154509813756084
1,1,0.9620167156985029
0,0,0.18391565324063078
0,0,0.015431513589727306
0,0,0.00522464023131169
0,0,0.0012106705277824274
0,0,0.0049440636403248785
0,0,0.19978808474935214
0,0,0.06809121431128301
0,0,0.03297471343201262
0,0,0.009519642177980646
0,0,0.4549237215723787
1,1,0.9999967418747816
0,0,0.002424182427534778
1,0,0.05241304827974374
0,0,0.0011503858622481653
1,1,0.9999966804291738
0,0,0.015295550640484224
0,0,0.002272701305503319
0,0,0.0953549698923587
0,0,0.004968855745523256
1,1,0.9239956097893405
0,0,0.012154865200239227
0,0,0.020087034586173343
0,0,0.0142260960913303
0,0,0.00303557504738577
0,0,0.15464556160810564
0,0,0.011311686794974267
0,0,0.4088047462299766
0,0,0.026910255442581188
0,0,0.002434702294569359
0,0,0.45702870594244055
1,1,0.9999450951288286
0,0,0.02288488805100493
1,1,0.9785592960121848
0,0,0.002782043848060795
0,0,0.013755190198945244
1,1,0.9999966804291738
0,0,0.007110897125637912
0,0,0.017481445395766196
0,0,0.013825000018574587
0,0,0.01344840976704572
0,0,0.12056878185319206
0,0,0.40242295170865655
0,0,0.11449645956219894
0,0,0.003467853965470841
0,0,0.005190517809838922
0,0,0.07786151373640506
0,0,0.012284587551140242
0,0,0.145739415266616
0,0,0.0186005571506932
0,0,0.005327132144683599
0,0,0.00045644213855519807
0,0,0.02125831489761197
0,0,0.0002792264021329327
0,0,0.002336133046257506
0,0,0.3498976913712745
1,1,0.7105104417954543
0,0,0.08852077683409484
0,0,0.0769392207118068
0,0,0.013035484313125924
0,0,0.06785059872077745
0,0,0.06114947427495868
0,0,0.0219400948986896
0,0,0.09332800628364635
1,1,0.9999966804291738
0,0,0.042301062535073417
0,0,0.40242295170865655
0,0,0.04121716913897588
0,0,0.0712824766002041
1,1,0.9517219260478438
0,0,0.0366202920427804
0,0,0.016932868748897528
1,1,0.9999974214555729
0,0,0.008217542464021238
0,0,0.02267420214004913
0,0,0.012788348600801627
0,0,0.12440469338479584
0,0,0.0010687976539689643
0,0,0.023856712147557333
0,0,0.01709037442296144
1,1,0.9999979498821073
1,0,0.023664060402437983
0,0,0.3639795231767686
0,0,0.07874684288733398
0,0,0.07774760240486286
0,0,0.10011303379915404
0,0,0.011714419157285934
0,0,0.00831160642280914
0,0,0.031880262148835825
0,0,0.0027490723527433037
0,0,0.22443414108211393
0,0,0.2335428867955368
0,0,0.30663444814112767
1,0,0.030914639318856733
0,0,0.06164922339838313
0,0,0.04831250225376989
0,0,0.30515959869438386
0,0,0.16312266757503785
0,0,0.02457401460269616
0,0,0.005015076174341182
1,1,0.999915564608854
0,0,0.08397095181481436
0,0,0.08718812637194386
0,0,0.0019994320622287085
0,0,0.015829310765080266
0,0,0.0008051653940885478
0,0,0.07391041104607937
0,0,0.01936413928169254
0,0,0.0687913333323228
0,0,0.010492645796363236
0,0,0.01877492200915683
0,0,0.0013321812437479472
0,0,0.0032277504931910246
0,0,0.0022688669466073524
0,0,0.17329566581169573
1,1,0.7756635515750325
0,0,0.027542033700650965
0,0,0.008260717119808922
0,0,0.01687628189008566
0,0,0.00993529864043711
0,0,0.00829686869211097
0,0,0.0002562391227944209
0,0,0.028899791800362815
1,1,0.7987587917478722
0,0,0.0212212229447951
1,1,0.8177218023617521
0,0,0.03737718138849005
1,1,0.909735718550395
0,0,0.14329519362763432
0,0,0.1324104193378614
0,0,0.10956766106203548
0,0,0.005359146355409381
0,0,0.3471529722173007
0,0,0.0056253749974307194
0,0,0.205104843621002
0,0,0.278862329106217
0,0,0.03276283846633497
0,0,0.020092337615884977
0,0,0.06786123404792671
0,0,0.29077355486899803
0,0,0.003954724722030161
0,0,0.011101033490116064
0,0,0.10568960092422809
0,1,0.5199029772217005
0,0,0.016547402123260762
0,0,0.01633090354805637
1,1,0.9999966804291738
0,0,0.004956319084613412
0,0,0.013038297714621618
0,0,0.0017490664479194618
1,1,0.9999966804291738
0,0,0.0075648691872173155
0,0,0.019101147079991054
0,0,0.4964787766041921
0,0,0.0006189293830047814
0,0,0.005137394618557169
0,0,0.01489087464761039
0,0,9.646931165257784e-05
0,0,0.010807542729902989
1,1,0.9999966804291738
0,0,0.07710682831644931
0,0,0.17353770157558987
1,0,0.4369539959743842
0,0,0.0450304481630357
0,0,0.004264726418029243
0,0,0.02014339763382186
0,0,0.00104658646119095
0,0,0.002922511161522057
1,1,0.9999962647741507
1,1,0.9999977168367039
0,0,0.02523975792752976
0,0,0.01207161741364821
0,0,0.0047581263615735815
0,0,0.13946493610188468
0,0,0.021749134783481845
0,0,0.02969877667298065
0,0,0.012436167292579722
0,0,0.4743474611824561
0,0,0.019859840902577353
0,0,0.06232214216379999
0,0,0.008585540504464808
0,0,0.007115319065079315
0,0,0.02824040842087784
1,1,0.9872087743906148
0,0,0.002896835625418218
0,0,0.009166225343758402
1,1,0.9999698494319167
0,0,0.012696727514544955
0,0,0.025864095691011946
0,0,0.17750018046268365
0,0,0.1308110581812235
0,0,0.055101923419565976
0,0,0.38809283360657065
0,0,0.20855082877206638
0,0,0.11894323837537536
0,0,0.018166097418559346
0,0,0.04010667631596013
0,0,0.05735981237030834
0,0,0.028566094546755554
0,0,0.0024745832803679244
0,0,0.0015373952579040508
0,0,0.08455260600313262
0,0,0.017978081075640237
1,1,0.530195058904656
0,0,0.10784115918088771
0,0,0.025890761660468952
0,0,0.04834441426191389
0,0,0.1753750923135247
0,0,0.14171268143596624
0,0,0.05870115314887749
0,0,0.019391503957638122
0,0,0.007438744765840902
0,0,0.0025594837499235985
1,1,0.5338539426145688
0,0,0.3179228977683005
0,0,0.009279042300919952
0,0,0.2494240893251472
0,0,0.0778813218777792
0,0,0.09292270632840337
0,0,0.0506292188059388
1,1,0.9999274976244982
0,1,0.5718790512705775
0,0,0.012642223908512024
1,0,0.03703488382929968
0,0,0.01208557929583606
0,0,0.022528139078761802
0,0,0.17715875072949475
0,0,0.05835371811230629
0,0,0.09778339999028524
1,1,0.9931828478476975
0,0,0.016196417573343495
0,0,0.00037467850910901957
1,1,0.9999857658935508
1,1,0.9999986485205823
0,0,0.14217641600573494
0,0,0.007173841723156561
0,0,0.008103083782789787
0,0,0.14808405359318944
0,0,0.006910052628498983
0,0,0.0013389621126924298
0,0,0.02236521619500885
0,0,0.03229846989643943
0,0,0.04840198646187165
0,1,0.553633151578768
0,0,0.2243562309571278
0,0,0.01865044635507924
0,0,0.03258367267065706
0,0,0.058766181601044506
1,0,0.34628698055002843
1,1,0.9999966804291738
0,0,0.023053034112648047
0,0,0.0018246436789591514
0,0,0.13708565371868123
0,0,0.014831350982878464
0,0,0.042370455314292
0,0,0.0323541590594432
1,1,0.9999964734721614
0,0,0.024352106209793143
0,0,0.06647775912392431
0,0,0.2146196179391406
0,0,0.016675488576439055
0,1,0.6500992787389395
0,0,0.004196349856912481
0,0,0.013436173626175227
0,0,0.04324526778879238
0,0,0.004277306607471293
1,1,0.9999765398582826
1,1,0.9999966804291738
0,0,0.02134995598135626
1,1,0.7937434308365499
0,0,0.05610531073493342
0,0,0.010059842973805341
0,0,0.009825962155418217
0,0,0.09137035979331919
0,0,0.00682012067334702
0,0,0.011913849854174883
1,1,0.9978574785059554
0,0,0.011891749892475545
0,0,0.01305775811487676
0,0,0.036372349142413565
0,0,0.029451116546980908
0,0,0.0010879950583273488
0,0,0.012146619377117354
0,0,0.06710754644393925
1,1,0.9999974214555729
1,1,0.9999989875016777
0,0,0.03559771689056455
0,0,0.06446839677772107
0,0,0.03213393378830166
0,0,0.0005474829302266529
0,0,0.016893991723269226
1,0,0.3727746770626059
1,1,0.999998765996982
0,0,0.004843451325819784
0,0,0.016841254100019555
0,1,0.7619559271702295
0,0,0.00358276106906971
0,0,0.0682095022179146
0,0,0.010687733659845041
1,1,0.9672382464499011
0,0,0.18939990981583338
0,0,0.07314090880201324
0,0,0.14514111887653408
0,0,0.2245623536750548
1,1,0.999995874961105
0,0,0.15359458105011134
0,0,0.04574218477533912
0,0,9.646931165257784e-05
0,0,0.14023617842602817
0,0,0.00979736222743244
0,0,0.01080364695128149
0,0,0.3085440285330547
0,0,0.011243495781616113
0,0,0.08836456998284736
0,0,0.039979199940591265
0,0,0.022929417956996385
0,0,0.02145369360932686
0,0,0.01319737879625361
0,0,0.008580778213065634
0,0,0.06168479065135094
0,0,0.010908974058085939
0,0,0.02186572809564457
0,0,0.052208266161272596
0,0,0.04402146537306437
0,1,0.6260219601240667
0,0,0.06361998790211643
0,0,0.015604855789519718
1,1,0.9999979498821073
0,0,0.02464077992979548
0,0,0.005138242658065171
0,0,0.00040559186674447964
0,0,0.002389895353981483
1,1,0.998006548094653
0,0,0.08958715905886101
0,0,0.00900002242896936
0,0,0.03229269219858489
1,1,0.9999977168367039
0,0,0.054064648197081844
0,0,0.03670607257995719
1,1,0.9999974214555729
0,0,0.051348836627540216
1,1,0.9999966804291738
0,0,0.014821849756301856
0,0,0.1589091471920522
0,0,0.0025110422262019563
1,1,0.9919414962486985
0,0,0.010481754552763498
1,1,0.9907819140795852
0,0,0.000656405596465829
0,0,0.07555542646841767
0,0,0.01287464588548626
0,0,0.16410762935061746
1,1,0.8028386844883831
0,0,0.010884392786372751
0,0,0.004388162854636375
0,0,0.007977828556870523
0,0,0.016591464345765295
0,0,0.03102587004377192
1,1,0.999998765996982
1,0,0.3697365532454977
1,0,0.4715081900622251
0,0,0.31860104892266655
0,0,0.005624975519071754
0,0,0.022095233652464574
0,0,0.00029534222430291904
1,1,0.9998910621212973
0,0,0.004879248902481499
0,0,0.09429321309640867
1,0,0.4002365478196317
0,0,0.0008786056047036385
0,0,0.18792812197381825
1,1,0.9989058505717952
0,0,0.06744195756093624
0,0,0.05030202767388045
1,1,0.7456557203138552
0,0,0.019939895107553562
0,0,0.009056672111969135
0,0,0.12603137136973597
0,0,0.37650359408843415
0,0,0.010844773148381384
1,1,0.9999966804291738
0,0,0.034580374390415246
0,1,0.5133504715264823
0,0,0.022892003165708864
0,0,0.027488512264070557
0,0,0.005361879108746478
1,1,0.5302155949168087
0,0,0.010415163595662838
0,0,0.3113385105143504
0,0,0.07262033881012259
0,0,0.0008682117244903249
0,0,0.35632874553386856
0,0,0.007758136822327121
0,0,0.08165337383394645
0,0,0.0017899119364955885
0,0,0.04574218477533912
0,0,0.017818853586959088
0,0,0.06900434479315379
0,0,0.06011668188500078
0,0,0.016927715115178363
0,0,0.005140002386844955
0,0,0.06053528412815747
0,0,0.08592412365539842
0,0,0.0008952079511650114
1,1,0.9978084013257715
1,0,0.14004429270880664
1,0,0.38809283360657065
0,0,0.03330262894720645
1,1,0.9999966804291738
0,0,0.0103188927272661
0,0,0.0017444682973804103
0,0,0.023339532214326074
0,0,0.07298424943824157
0,0,0.04591340798745436
0,0,0.012212634160328195
0,0,0.05024350088451167
0,0,0.04038596200331744
0,1,0.5243703977420723
0,0,0.3970896132723144
0,0,0.1747377905690994
0,0,0.0035293104674347354
0,0,0.03554658503896986
0,0,0.0030246858428781033
0,0,0.04187289051302303
0,0,0.0037352963861371834
0,0,0.0016380351140101823
0,0,0.01214040798355638
0,0,0.002921605466927469
0,0,0.06563630856117963
0,0,0.1745032933162724
0,0,0.06991556006632195
0,0,0.1038120004339682
0,0,0.024295573223676675
1,1,0.999997854936797
1,1,0.9999966804291738
0,0,0.0056253749974307194
0,0,0.014785797603922237
0,0,0.024017675160210698
0,0,0.04818858989705645
0,0,0.004990519412169929
0,0,0.0046060549443589305
0,0,0.00387631288805824
0,0,0.00911773436938881
0,0,0.023351881073259945
0,0,0.013688824139835513
0,0,0.0018728404610941704
0,0,0.03286139014088781
1,1,0.9999974214555729
0,0,0.4950954677968286
0,0,0.08428306216624586
0,0,0.24015591355452748
0,0,0.36897291227475604
0,0,0.003188982092639968
0,0,0.014401467564926057
0,0,0.09865692548763327
1,1,0.9999974214555729
0,0,0.043975471449853774
0,0,0.07466066546473125
0,0,0.01993435800478135
0,0,0.06233336602954349
0,0,0.006783284004695278
0,0,0.13595488611418308
0,0,0.1152203615965527
0,0,0.13983039906031522
0,0,0.00425786164569182
0,0,0.06082909974504635
0,0,0.12284193111336447
0,0,0.42921838600617873
0,0,0.41106224653880685
0,0,0.005642819933284607
0,0,0.053579541873861714
0,0,0.03284791162939538
0,0,0.10036183032647462
0,0,0.028359978781610645
0,0,0.26785495344492694
0,0,0.021268754424790773
0,0,0.03809993666847759
1,1,0.9999094556934308
0,0,0.014219178558023586
1,1,0.9999966804291738
0,0,0.0073267690336531735
0,0,0.32992106437955676
0,0,0.030651106549742894
0,0,0.03014504270293551
0,0,0.11999265901470789
0,0,0.02011976168194521
0,0,0.002349330452256261
0,0,0.009862710098880024
0,0,0.0004142087874795747
0,0,0.059437140675020025
0,0,0.1362359260401287
0,0,0.010945788074240615
0,0,0.09562795940960507
0,0,0.03569789241526111
0,0,0.024280650583676858
0,0,0.03526755431095145
0,0,0.001091228766370332
0,0,0.021471969936724178
0,0,0.03138528541055747
0,0,0.2695253267769867
0,0,0.03668502078425989
0,0,0.0156263316733381
0,0,0.016031386705115686
0,0,0.019611586634971503
0,0,0.03245007149033209
0,0,0.0013237714792036276
0,0,0.006558290608281994
0,0,0.011035110078431642
0,0,0.03792317613146719
0,0,0.10979644933716949
0,0,0.23405867046893455
0,0,0.23404328519566112
0,0,0.019645473558045464
0,0,0.3207225659617436
0,0,0.010451846833168762
0,0,0.041760256799486105
0,0,0.012678268204903498
0,0,0.008231895996982801
1,1,0.9999974214555729
0,0,0.07882749730931604
0,0,0.0007351499070182021
0,0,0.051276399575842325
0,0,0.07843616352386905
0,0,0.14459172734897777
0,0,0.010096715987933186
0,0,0.1767039110803809
0,0,0.12264796101048074
0,0,0.13497297002153794
0,0,0.3230183667593398
0,0,0.005096308918377753
0,0,0.0010589855010510155
0,0,0.40242295170865655
0,0,0.06038651627282863
0,0,0.039096946389984594
0,0,0.0032800405266116073
0,0,0.20997447689965823
0,0,0.4549237215723787
0,0,0.20436992088528758
0,0,0.029842090343366347
0,0,0.02366174137967842
0,0,0.020965841789247524
0,0,0.01192780251528221
0,0,0.0018862876687254365
0,0,0.004368859188568584
0,0,0.08522730969319252
0,0,0.012843113589939342
0,0,0.15692879415400024
0,0,0.046755702321717434
0,0,0.010504326138656072
0,0,0.45702870594244055
0,0,0.0552637643599202
0,0,0.03304380253806196
0,0,0.017180152656972852
0,0,0.019611586634971503
0,0,0.005011422209533698
0,0,0.020028856404845075
0,0,0.01926260491686597
1,1,0.988070629578023
0,0,0.4353786406742773
0,0,0.0207912242811075
0,0,0.018315809737052137
0,1,0.8260134142999693
0,0,0.10042379058143577
0,0,0.006520871651090341
0,0,0.0234900803125681
1,1,0.9999964734721614
0,0,0.08452891134886778
0,0,0.2161941133324747
0,0,0.2505364917459999
0,0,0.018979253416308565
0,0,0.02882342873864007
0,0,0.00010809475996959924
0,0,0.006159938407638344
0,0,0.3085440285330547
0,0,0.03559771689056455
0,0,0.4352689351156695
1,1,0.9999986485205823
0,0,0.01951565261168444
0,0,0.02449518755709636
0,0,0.010724446041018156
1,1,0.9999967418747816
0,0,0.006449941872329205
0,1,0.571542885326009
0,0,0.0147118465633125
0,0,0.0191204891676666
0,0,0.008573079039951113
1,1,0.9999966804291738
0,0,0.0008419054451814902
0,0,0.0078375983515496
0,0,0.011316160067761247
0,0,0.0729925887864061
0,0,0.10174328775009422
0,0,0.037927422827123476
0,0,0.0003719342297907311
0,0,0.005139532460788922
1,1,0.9999966804291738
0,0,0.08778352116006652
0,0,0.0025431848980431424
0,0,0.013176195459385694
0,0,0.0715557796673062
0,0,0.2850787950601313
1,1,0.9989058505717952
0,0,0.07979552473625656
0,0,0.04249402767882822
0,0,0.017262220214950493
0,0,0.12532863468974328
0,0,0.05527244385815375
1,0,0.26085507429758426
0,0,0.037191592231419414
0,0,0.010969893518427119
0,0,0.14136492358195377
0,0,0.05166917574932301
0,0,0.3219713813725207
1,1,0.9999944141014446
0,0,0.005126806270001512
0,0,0.4124040803852071
0,0,0.03862869856170523
0,0,0.08841973235601651
0,0,0.0422481269158886
1,1,0.9999974214555729
0,0,0.01772763365673565
0,0,0.08225767693572648
0,0,0.04460325672729407
0,0,0.3382063632143063
0,0,0.01890894449841224
0,0,0.40077056290964647
0,0,0.0030505089208088363
0,0,0.04298022451811937
0,0,0.02547912004732193
0,0,0.14162734869371524
0,0,0.1086392141186515
0,0,0.016419878373339115
0,0,0.01570607945229698
1,1,0.9999974474866807
0,0,0.023816666096964235
0,0,0.11753086190276174
0,0,0.1488448979012521
0,0,0.012674414237484466
0,1,0.5718790512705775
0,0,0.12074764280818011
0,0,0.019810124792533686
0,0,0.13999341601523027
0,0,0.014979812647633402
0,0,0.010089548191415021
0,0,0.023931995477050022
0,0,0.0414111642336662
0,0,0.08455146294472944
0,0,0.007696313915373873
0,0,0.21129279441933457
0,0,0.0008890963900542722
0,0,0.0389731640349921
0,0,0.00037467850910901957
1,0,0.11385374960526767
1,1,0.9999966804291738
0,0,0.009199815133561716
0,0,0.01420474195772752
0,0,0.00916065436448316
1,1,0.9865075081088985
0,0,0.010439077340642294
0,0,0.07248861342521216
0,0,0.06391841678144787
0,0,0.012705658676599356
1,1,0.501830276471068
1,1,0.997298188228345
0,0,0.40683307998187845
0,0,0.1400821331373004
0,0,0.0014925132845662633
0,0,0.07101329632950874
0,0,0.028540946386160046
0,0,0.03041250959344003
0,0,0.0008395455942692337
0,0,0.011739762731379104
0,0,0.19818612451763667
1,1,0.8968636525767667
0,0,0.08977735859198147
0,0,0.0008192564428668503
0,0,0.09739236732328495
0,0,0.028588288727517834
0,0,0.01893990458555188
1,1,0.8089621252887873
0,0,0.0038789014232240154
1,1,0.9453718606024681
0,0,0.10058924131264928
0,0,0.07516031986502474
1,1,0.9999966804291738
0,0,0.07267620465787479
0,0,0.2551251383233204
0,0,0.013263612468718107
1,1,0.9999974237616135
0,0,0.21361741546362345
0,0,0.002296584948891502
0,0,0.0890210216306573
0,0,0.03821505890269353
0,0,0.16193543656166984
0,0,0.06722768995631079
0,0,0.004670086987923754
0,0,0.07866947262087332
0,0,0.01129795451100011
0,0,0.2172902562771703
0,0,0.025956589945789785
0,0,0.09812157301634075
0,0,0.012400157184812114
0,0,0.0017318100600374683
0,0,0.00664245992633313
0,0,0.002157171445783804
0,0,0.03181729971350822
0,0,0.0284062230264271
0,0,0.13953659811161462
0,0,0.25044622392116667
1,1,0.9999966804291738
1,1,0.9945962523581459
0,0,0.38809283360657065
1,0,0.41021448126887994
0,0,0.05735981237030834
0,0,0.2772060912940177
0,0,0.017135583474968945
0,0,0.0006866071678415023
0,0,0.011184194544002074
0,0,0.021961452048486076
0,0,0.04312264411786241
0,0,0.05147597211293763
0,0,0.062492603352696234
0,0,0.03245007149033209
0,0,0.006436157018706954
0,0,0.012177253773760579
1,1,0.5530671524703489
0,0,0.3063695632308196
1,1,0.9999986485205823
0,0,0.014685022553272014
0,0,0.2458076261344076
0,0,0.00613065383856894
0,0,0.009763056159452081
0,0,0.049640132298781184
0,0,0.056081333914048646
0,0,0.03481298813353203
0,0,0.044692279943850985
0,0,0.01545931399066251
1,1,0.999915564608854
0,0,0.001411683378775752
0,0,0.0700690148695964
0,0,0.00038203481661294936
0,0,0.001538841605397702
1,1,0.9999966804291738
0,0,0.05999361896481165
0,1,0.5601893638197668
0,0,0.03031374435831431
0,0,0.003149175507721839
0,1,0.8035164719331419
0,0,0.020913929347318738
0,0,0.0019722701571925814
0,0,0.010651795905575766
1,1,0.9999989875016777
1,1,0.9999966804291738
0,0,0.0013934658431325208
0,0,0.028936200758409764
0,0,0.045958392238127074
0,0,0.05487830211229551
1,1,0.9934218145262177
0,0,0.018617276346302288
0,0,0.013766303398766853
0,0,0.11802416741898314
0,0,0.003251685157885708
0,0,0.41428889034544686
0,0,0.0388211305309477
0,0,0.002276237955959097
1,1,0.9999977168367039
0,0,0.017224260750785786
0,0,0.02045535917775641
1,1,0.9999979498821073
0,0,0.07374558806168859
1,1,0.7510299468888991
0,0,0.03898305040576965
0,0,0.01286237789706861
0,0,0.04400555824360271
0,0,0.0015628920795269508
0,0,0.05335456332577094
0,0,0.40242295170865655
0,0,0.13610884682257893
0,0,0.015502924743277491
1,1,0.9999967418747816
0,0,0.015835727202143098
0,0,0.01897437656455367
0,0,0.006455892627394354
0,0,0.08890584638134744
0,0,0.0003770417505750453
0,0,0.004526673159057073
0,0,0.3037628005484638
0,0,0.030455612200408756
0,0,0.008162599214880347
1,1,0.9958699231328028
0,0,0.499105236119961
0,0,0.014285745296567422
1,1,0.9999966804291738
0,0,0.4297733985219019
0,0,0.0001207111110836987
0,0,0.03839847267052454
0,0,0.009209323556295688
0,0,0.08820425157402759
0,0,0.005615779565461188
1,1,0.9712357727865254
1,1,0.9999978627980848
1,1,0.9999926733515148
0,0,0.02050990009768228
0,0,0.033190008023450575
0,0,0.05516791532556975
0,0,0.007985454075515434
0,0,0.32132870965853905
0,0,0.07110783728171839
0,0,0.03777543062296083
0,0,0.00038203481661294936
0,0,0.02170804474152977
1,1,0.9762302364903048
0,0,0.04550569965883995
0,0,0.2754487952449797
0,0,0.05014924032857238
0,0,0.02129197607614497
0,0,0.06864478526942597
0,0,0.01771201492578562
0,0,0.00026496743672691463
0,0,0.027488512264070557
0,0,0.01967425559427194
0,0,0.023099765234743514
0,0,0.0017454833311874062
0,0,0.0007958304630448484
0,0,0.029081279489764893
1,1,0.9999989875016777
0,0,0.43938127673985244
1,1,0.9869113628535581
0,0,0.019705887401421963
0,0,0.009586463111436815
0,0,0.0033749709954950676
0,0,0.026431563471124526
0,0,0.017776872464802806
0,0,0.05535340954730997
0,0,0.037004232167078856
0,0,0.006128348225652266
0,0,0.002490028156859463
0,0,0.01562084489254683
1,0,0.04434941230151999
0,0,0.0029043448625415413
1,1,0.9944653175104113
0,0,0.025840648080229192
0,1,0.8091987867872023
1,1,0.9998401822060774
0,0,0.2266832745980815
0,0,0.03911701525340908
0,0,0.020636381006609028
0,0,0.026290974866093005
0,0,0.03722981772059437
0,0,0.00742104564340404
0,0,0.056249782390269315
0,0,0.04819953925404832
0,0,0.10180532305245413
0,0,0.004330460827554066
0,0,0.010204434770077446
0,0,0.02033378466893162
0,0,0.37650359408843415
0,0,0.01647180385586354
1,1,0.9999971242915849
0,0,0.016965453163728408
0,0,0.004641349611613778
0,0,0.034460925792845536
0,0,0.0031671710052996447
0,0,0.24321845250719998
1,1,0.9999974214555729
0,0,0.05767342487484399
0,0,0.013017703593613865
0,0,0.006843227067786046
0,0,0.0025679905975070647
0,0,0.006461154628396928
1,1,0.9999966804291738
0,0,0.026586083891646687
0,0,0.0011849112680057765
0,0,0.022093521197741155
0,0,0.018168380541047493
0,1,0.5203637611606865
0,0,0.00232474402093781
0,0,0.013490512402915033
0,0,0.016323436845596364
0,0,0.024004950406208043
0,0,0.01632611474502494
0,0,0.03612432303872531
0,0,0.030960640086376928
0,0,0.2787927809425038
0,0,0.02052069033494778
0,0,0.10057248346149668
0,0,0.015467273176508334
1,1,0.9999967418747816
0,0,0.00028098768324590176
0,0,0.01702750369277857
1,1,0.778135744181063
0,0,0.04903998659004741
1,0,0.18541736173083315
0,0,0.02757170920229169
0,0,0.030590638999314124
0,0,0.001193020230867737
0,0,0.0028996496403173883
0,0,0.09026024113427596
1,1,0.999995874961105
0,0,0.03489660019971507
0,0,0.03585762929281013
0,0,0.04506583181599122
0,0,0.07634118234760347
1,1,0.9775261443102026
0,0,0.009969130260602563
0,0,0.0160437455601205
0,0,0.12062711722040806
0,0,0.007850966411418416
1,1,0.9998710415765693
0,0,0.02507263586549561
0,0,0.0041167845687773855
0,0,0.00569708048502479
1,1,0.9030142724996503
0,0,0.023856712147557333
0,0,0.021819514673394002
0,0,0.00124193330512568
0,0,0.09312599668344623
0,0,0.01590521743769113
0,0,0.006066543420773696
0,0,0.014706050422386848
0,0,0.16683563433553744
0,0,0.12123128670603779
0,0,0.03505762523793745
0,0,0.02878168573948854
0,0,0.0034067816401350936
0,0,0.04481707571179275
0,0,0.04115104274568169
0,1,0.5838506909959524
0,0,0.009513197388877973
1,1,0.9999977168367039
0,0,0.020298982570965216
0,0,0.01530910200342581
0,0,0.0023954652235819505
0,0,0.17101339570829116
1,1,0.9999966804291738
0,0,0.0052829719978700765
1,1,0.5895955227529904
0,0,0.04558193617658756
0,0,0.1151243693134348
0,0,0.0926739633918046
0,0,0.3076306624973351
1,1,0.9999966804291738
0,0,0.0017489191098724734
0,0,0.07168244420670807
1,0,0.32312487456087036
0,0,0.016040539631506374
1,0,0.2838462528543932
1,1,0.9285291514186976
0,0,0.00010644615227228176
0,0,0.42886099287621643
0,0,0.12954482425038874
0,0,0.040142575809042125
0,0,0.015485327951401054
0,0,0.006137294128904196
0,0,0.014480502353172267
0,0,0.14318121140131357
0,0,0.35153274695519726
0,0,0.035651232976387066
0,0,0.16176177576993697
0,0,0.015464039990521119
0,0,0.2937621525690889
1,1,0.9999967418747816
0,0,0.0015808681044831784
0,0,0.05182966708341243
0,0,0.021059594559874495
0,0,0.0020990076149987056
0,0,0.015407924405944183
0,0,0.005594009236311204
0,0,0.24683492884999333
0,0,0.018495947982650477
1,1,0.9999986485205823
0,0,0.04556892639284954
0,0,0.20483092692899876
0,0,0.003927834444070509
0,0,0.01636988974738699
0,0,0.02103546382481243
0,0,0.2608669556779372
0,0,0.0010882758634165766
0,0,0.0001484539420505465
0,0,0.029963388241251044
1,1,0.9870599005799656
0,0,7.321743423072444e-05
0,0,0.0019055057497008921
1,1,0.9999766532327304
1,1,0.9999979498821073
0,0,0.1039379898352975
0,0,0.10277474708536809
1,1,0.9999990755124109
0,0,0.06871887656155543
0,0,0.02808380043919795
0,0,0.0015765320411696177
0,0,0.012644514354914357
0,0,0.020323800063176863
0,0,0.048376790528268605
0,0,0.2337781081486231
0,0,0.07434057180774618
0,0,0.0012452487079765292
0,0,0.03748915860518242
0,0,0.0074058097354114975
0,0,0.0131859345515772
0,0,0.02815822081462907
1,0,0.10600331193427441
0,0,0.047954700598828746
0,0,0.02804485088205791
0,0,0.0018487000062016846
0,0,0.11104431368457063
0,0,0.008846469706923009
0,0,0.04640042501732106
0,0,0.30338301186966515
1,0,0.2053195723984695
0,0,0.027240979430584584
0,0,0.012166018906901242
0,0,0.03799290179479557
1,0,0.393364977810089
0,0,0.24752071406221196
1,1,0.9999977168367039
0,0,0.0030121855927101975
0,0,0.01254555620998
0,0,0.03257602843230441
0,0,0.024845002498892214
0,0,0.003710802286536889
0,0,0.0003722874155865081
0,0,0.00323652102702733
0,0,0.36356018134173657
1,1,0.9999986485205823
0,0,0.40242295170865655
0,0,0.14828593920736755
0,0,0.009670337460067097
0,0,0.008674936371042092
0,1,0.5853682492012663
0,0,0.02117043672119872
0,0,0.13134094189091125
0,0,0.011278074863259921
0,0,0.03895426646752472
0,0,0.01661364089803759
0,0,0.011923554109726
0,0,0.00702067439147437
0,0,0.03978562532203595
0,0,0.012620280522524799
0,0,0.10632065793888507
0,0,0.012089612618942962
0,0,0.004777855959948637
0,0,0.07061089304928243
0,0,0.011255096702751786
0,0,0.01229451342995515
0,0,0.010114081209075202
0,0,0.05801376703577388
0,0,0.005373669433900399
0,0,0.12751624100292744
0,0,0.27796507177567226
0,0,0.011934581735219097
0,0,0.04151934375104566
0,0,0.0053461523198063705
1,0,0.22325063837406717
0,0,0.0020877412627651358
0,0,0.028367136361715346
0,0,0.04217202146217532
0,0,0.0704473961571867
0,0,0.04682864201103908
0,0,0.022766657876941356
0,0,0.12640020812837205
1,1,0.9999981310497241
0,0,0.030683322225291205
0,0,0.028853426899785713
0,0,0.036614696987129686
0,0,0.13883883158175317
0,0,0.031325196888432105
0,0,0.011236745035774003
0,0,0.01570607945229698
0,0,0.2680816983003756
0,0,0.019668475250697523
0,0,0.025137056802806198
0,0,0.002197961402914002
0,0,0.008467464035017427
0,0,0.008270321204022019
1,1,0.9865776457378137
0,0,0.026619209767109044
1,0,0.0353499295071122
0,0,0.05997400889853616
1,1,0.9999970717796709
0,0,0.12494159786606886
1,1,0.9999966804291738
0,0,0.1936047889716484
0,0,0.03609232375890606
0,0,0.014942311761108079
0,0,0.01939787891812907
0,0,0.036796673370575426
0,0,0.01514829737207793
0,0,0.022093521197741155
0,0,0.013024378496265478
0,0,0.4690092285869203
0,0,0.11395283358481374
0,1,0.5951442130167917
1,1,0.9999981310497241
0,0,0.03698635201908385
0,0,0.015067322218597887
0,0,0.03158061022444691
0,0,3.056599678283264e-05
0,0,0.27158298933364494
0,0,0.0012171533437105298
0,0,0.06287756811307967
0,0,0.007024715170318764
0,0,0.004417358271641717
1,1,0.9999916285968776
0,0,0.02406630739709032
0,0,0.0007472491870337056
0,0,0.2899433505391739
0,0,0.01541802282223825
1,1,0.9999974214555729
0,0,0.014126181645551497
1,1,0.9926912148621472
0,0,0.010477999580694165
0,0,0.0018722427305108533
0,0,0.0014441826673057732
0,0,0.001939314880503348
0,0,0.0012700009325693905
0,0,0.15656577726153292
1,1,0.9999966804291738
0,0,0.06131618277714248
0,0,0.009057892245393653
0,0,0.11824492865139649
1,1,0.9999944704924432
1,1,0.9916251591930009
1,1,0.9999989875016777
0,0,0.0065153873940260645
0,0,0.045288140001242316
0,0,0.018987248609619933
0,0,0.026481169557112848
0,0,0.02271871724943039
1,1,0.999998765996982
1,1,0.5903254203102252
0,0,0.005493841798787294
0,0,0.0004535181737105809
0,0,0.0002235395101484474
0,0,0.10610124327306342
1,1,0.9637611868524771
0,0,0.03149490222237912
0,0,0.01135311834746917
0,0,0.0071183688910021106
0,0,0.03682269708603998
0,0,0.002775447379767155
1,1,0.9999974214555729
0,0,0.008505137893877746
0,0,0.0064915574135014165
0,0,0.0015720546721985568
0,0,0.1328166462673967
0,0,0.0033497246986163
0,0,0.01248385766346685
0,0,0.01950187412840698
0,0,0.1286729284589456
0,0,0.09936206096146542
0,0,0.06371524509287575
0,0,0.00036915646354651133
0,0,0.0049652432089843015
0,0,0.29201042237508296
0,0,0.004025936085700594
0,0,0.027164177538903267
0,0,0.07518796008975222
1,1,0.9168785057941032
1,1,0.96777619844264
0,0,0.0034700326859730384
0,0,9.721046787192936e-05
0,0,0.019939895107553562
0,0,0.0029101900609074445
0,0,0.041267185171590566
0,0,0.025080518538739126
0,0,0.012506801964824427
0,0,0.3267087478563861
0,0,0.0034869648135556117
1,1,0.994478094426849
0,0,0.035917981699558066
0,0,0.09095939577166855
0,0,0.06579502190988369
0,0,0.025597427591106187
0,0,0.1577101317087065
0,0,0.0211999249663453
0,0,0.003410578035165705
0,0,0.06332016666860082
0,0,0.0034596502042715414
0,0,0.07154952240096178
0,0,0.0410996041207276
0,0,0.09224711807407693
0,0,0.06455150787812139
0,0,0.018776249514893612
0,0,0.20348194095272784
0,0,0.0170336991568387
0,0,0.01644791075820547
0,0,0.00012670437418016222
0,0,0.001092487191270924
0,0,0.008400162754150285
0,0,0.019270330496456264
0,0,0.015048119452718809
0,0,0.1226290410938536
0,0,0.08079121103106447
0,0,0.0304039482360016
0,0,0.031960829154183704
0,0,0.03368706868498709
0,0,0.32909084150046464
1,0,0.36945558865188405
0,0,0.08266847437532611
0,0,0.0017862489231404198
0,0,0.037420192417316235
0,0,0.01726385801686973
0,0,0.0017236622336371742
0,0,0.005082403050889756
0,0,0.04997570098826642
0,0,0.05911170409336076
0,0,0.022301245190704998
0,0,0.050631550240585896
0,0,0.007691874616877282
0,0,0.001407025635995363
0,0,0.14697651251790472
0,0,0.016659952127019824
0,0,0.01317943305901996
0,0,0.12098626325477227
0,0,0.11916637607993796
0,0,0.04368696528219661
0,0,0.029033140616305776
0,0,0.04303397639073848
0,0,0.20991715679439954
0,0,0.015112525504592458
0,0,0.10183274768963275
0,0,0.0004855424698205606
0,0,0.01792654475873502
1,1,0.9999974214555729
1,1,0.9999977168367039
0,0,0.011127872735797255
0,0,0.03288479363288616
0,0,0.033910194496860724
0,0,0.0125822199780387
0,0,0.001205610029331197
0,0,0.0029615222242904736
0,0,0.021190568437026883
0,0,0.00015670213530738334
1,1,0.9999977168367039
0,0,0.022378246160064588
0,0,0.20996002812272402
0,0,0.19647013964132173
0,0,0.022702030361214393
0,0,0.02216862045932817
0,0,0.04197878608827043
0,0,0.029704671813102396
0,0,0.3857742012941466
0,0,0.024069389388936404
0,0,0.018285536165063173
0,0,0.16155281215642786
0,0,0.10560275163296914
0,0,0.05423504885422211
1,1,0.9911961287324415
0,0,0.10100732282011361
0,0,0.013581524045424434
0,0,0.03972621815799416
0,0,0.027279711800075667
0,0,0.050893545935468076
1,1,0.9999985843625584
1,1,0.9999967421133994
0,0,0.019169575772105787
0,0,0.006218183393341857
1,1,0.9999986485205823
1,1,0.9999981310497241
0,0,0.027124433340756635
0,0,0.011665372152233504
0,0,0.00011966890755156772
1,1,0.9999962960084147
0,0,0.0027842699386274646
0,0,0.005669305727021938
0,0,0.009287020832820922
0,0,0.007180734818556885
0,0,0.05039872572383326
0,0,0.008769869870030946
0,0,0.046412312309544845
1,1,0.9999974214555729
0,0,0.046190684206566364
1,1,0.991576662440512
0,0,0.006683521563480695
0,0,0.004301514733407776
0,0,0.06982600859875587
0,0,0.03553131485456771
0,0,0.04129421124230285
1,1,0.9999974214555729
0,0,0.020004054907378974
0,0,0.006608598760049329
0,0,0.2388146960821818
0,0,0.01807944563962165
1,1,0.9999964734721614
0,0,0.04985449754886261
0,1,0.5136356856858323
0,0,0.11740436029006909
0,0,0.05679295449914262
0,0,0.01922309148597519
1,1,0.9999966804291738
0,0,0.031999801426700294
0,0,0.0046083229380509735
0,0,0.027529305019808024
0,0,0.1335259983796552
1,0,0.009073405020880877
0,0,0.36897291227475604
0,0,0.0032301709868620644
0,0,0.3443967818341067
0,0,0.31860104892266655
0,1,0.5863370050234556
0,0,0.02149668626983412
0,0,0.04404664053397286
0,0,0.005642819933284607
0,0,0.2796131727628143
0,0,0.10705614632334173
0,0,0.041936641744916674
1,1,0.998006548094653
1,1,0.9999973431607314
0,0,0.2349051775898993
0,0,0.024123364061357323
0,0,0.011661187472987628
0,0,0.04431858860941484
1,1,0.9798417249149076
0,0,0.05514885653850211
0,0,0.14967689103508516
0,0,0.20942068326382762
0,0,0.04077229376408851
1,1,0.9999967418747816
1,1,0.9999977168367039
0,0,0.015481264084406211
0,0,0.029986496294690874
0,0,0.0035644467948937413
0,0,0.09900972166938563
0,0,0.01875119548103439
0,0,0.022531656123486215
0,0,0.20657736960941353
1,1,0.9999857658935508
0,0,0.04903998659004741
0,0,0.023266135855763797
0,0,0.0011547936415460555
0,0,0.146593612411243
0,0,0.02151325503371937
0,0,0.017068887065132852
1,1,0.8734508632427783
1,1,0.9878030120066333
0,0,0.025279494787329555
0,0,0.01850725070448543
0,0,0.22685722924069524
0,0,0.013975958081916477
0,0,0.06808362255906812
1,1,0.9999986485205823
0,0,0.011026404308450857
1,1,0.9543027272001499
1,1,0.9999974474866807
0,0,0.45702870594244055
0,0,0.063197861344911
0,0,0.20417666250691047
0,0,0.016600883345039084
0,0,0.003449420800305414
0,0,0.1251702489634091
0,0,0.009852669789515583
0,0,0.033082251041913875
0,0,0.0571256390562487
1,1,0.9999976198535029
1,1,0.8413382149569102
0,0,0.030296907723665573
0,0,0.010667340172710829
0,0,0.1184019507130821
0,0,0.028787772141116042
0,0,0.012769987663101834
0,0,0.0013869228120008746
0,0,0.007032058985054826
0,0,0.30663444814112767
0,0,0.02823280777971946
0,0,0.003995864642001323
0,0,0.06494133600017868
0,0,0.0001488436910837564
0,0,0.08177703656073851
0,0,0.008954630420612696
0,0,0.0015906240375277143
0,0,0.06783381676197225
0,0,0.00816992187663236
0,0,0.04259832851057883
0,0,0.0592791743087979
1,1,0.9912855078099829
0,0,0.06093975743790085
0,0,0.22488463215941693
0,0,0.015048119452718809
0,0,0.1826725243630349
0,0,0.0009656577287235223
0,0,0.060454956530694784
0,0,0.004971604312273393
1,1,0.9999967418747816
0,0,0.020927317726430247
0,0,0.009859756257203428
0,0,0.033777109259106645
0,0,0.04633381822535833
0,0,0.03514585653898335
1,1,0.999633922398768
0,0,0.025002184298796994
0,0,0.008267328753963413
0,0,0.1127911533407618
0,0,0.015046309197872839
0,0,0.00803359477003793
0,0,0.06712094840399087
0,0,0.007283095690306819
0,0,0.024739389455566026
0,0,0.09413824403666815
0,0,0.05574465187667586
1,1,0.9999974214555729
0,0,0.09880899549761298
0,0,0.06329791024163127
0,0,0.03582956508518887
0,0,0.017103407866155666
0,0,0.018531979801767986
0,0,0.015640539554151674
1,1,0.9999974214555729
0,0,0.016300513990723013
0,0,0.003198632129832771
0,0,0.025856449654945025
1,1,0.9919463169966667
0,0,0.05949436150592773
0,0,0.026886977148270205
1,1,0.9923568901991691
0,0,0.2614391961711588
0,0,0.003714727154523611
0,0,0.02463206608521993
0,0,0.3085440285330547
0,0,0.06363463116712213
0,0,0.011430561644704964
1,1,0.9966444038198298
0,0,0.4827686214650984
0,0,0.2551251383233204
0,0,0.01700804734734418
0,0,0.015883513965382793
0,0,0.010543656456219302
0,0,0.07468963710432037
1,1,0.9999970717796709
0,0,0.13198038271735849
0,0,0.02601037498629757
0,0,0.13612269863072596
0,0,0.00955947429275484
1,1,0.9999964734721614
1,1,0.9999981310497241
1,1,0.9999964734721614
1,1,0.9999964734721614
0,0,0.01712901020648772
0,0,0.00013269802400203562
0,0,0.1088191119877523
0,0,0.029023789342276132
1,0,0.4642948477409203
0,1,0.7184385355774136
0,0,0.08645558235412219
0,0,0.004044596211516086
0,0,0.0547609698763188
0,0,0.06139672196741761
0,0,0.12111240234028793
0,0,0.37650359408843415
0,0,0.005973168135379157
0,0,0.014647880616446165
0,0,0.0064866696491407295
0,0,0.2507026561661644
0,0,0.04784027718651215
1,1,0.9977379052201267
0,0,0.04397433405552341
0,0,0.3247329856214559
0,0,0.002044427387698877
1,1,0.9739029400579775
0,0,0.036647050704936325
0,0,0.14700168231409294
0,0,0.0045729495026376596
0,0,0.015314684548580728
0,0,9.840910633642282e-05
1,1,0.9999979423411411
0,0,0.25689684301310656
0,0,0.40242295170865655
0,0,0.14997558461498928
0,0,0.00949957140809222
0,0,0.008172102926500027
0,0,0.02047800785660919
0,0,0.012269684253891699
0,0,0.0007596609160059696
0,0,0.0010863956538047278
0,0,0.0035298289927180107
0,0,0.062023251230031363
0,0,0.011552751220702897
0,0,0.202876121921279
0,0,0.007460079359097203
0,0,0.49690666358681435
0,0,0.25720339598452174
0,0,0.0023848765171131723
1,1,0.9999974474866807
1,1,0.9733155917772969
0,0,0.11294611203520732
1,1,0.9816048221481608
0,0,0.04655162100974132
0,0,0.30515959869438386
0,0,0.009529312561464996
0,0,0.4110000925550643
0,0,0.007558257856507713
0,0,0.013777650008106775
0,0,0.41862574019632603
0,0,0.009057868400848141
0,0,0.04061688514439723
0,0,0.07053984640439508
1,1,0.965026808855369
0,0,0.013648598396989571
0,0,0.0034425985211551224
0,0,0.033106099686177434
0,0,0.054976753982522414
0,0,0.0011640991305551236
0,0,0.0003213097037304475
0,0,0.05070025677797611
0,0,0.020455420148757116
0,0,0.007893932036000742
0,0,0.0029379839427762884
0,0,0.002174835940675436
0,0,0.01952530039544409
1,1,0.9999964734721614
0,0,0.0030729143869724865
1,1,0.7264843478431295
0,0,0.0015867643551682074
0,0,0.0020599875917003373
0,0,0.3231292592640889
0,0,0.0065153873940260645
1,1,0.9999967418747816
0,0,0.024042409769416247
0,0,0.11509664312141685
0,0,0.37650359408843415
1,0,0.06181073277553747
0,0,0.0004570824082578307
0,0,0.006706756479763948
0,0,0.00814919981597871
0,0,0.218069571639941
0,0,0.011295332286115057
0,0,0.11429686018981473
1,1,0.9999986485205823
0,0,0.02173121552010526
0,0,0.024000273255079693
0,0,0.07553669735302658
0,0,0.20158647005361838
0,0,0.25028365958485405
1,1,0.6942357231291493
0,0,0.010696721304787653
0,0,0.01237675528476245
0,0,0.0015999078434307105
0,0,0.08538230271633285
0,0,0.05809995250735236
0,0,0.04558299235982495
0,0,0.029986496294690874
0,0,0.08476981099459557
0,0,0.003900556664572016
0,0,0.0207912242811075
0,0,0.007642352552751373
0,0,0.003045310367847076
0,0,0.00283860649543318
0,0,0.021204421576921574
0,0,0.011058620020751682
0,0,0.049375751666659785
1,1,0.9999979498821073
0,0,0.1320861874912248
0,0,0.14865767060059443
0,0,0.062299082466061695
0,0,0.12136666465967097
0,0,0.06075232729782481
0,1,0.5601893638197668
0,0,0.04074222594954441
0,0,0.001685055844251815
0,0,0.00013533597888056156
0,0,0.029720633866765885
0,0,0.015479366778336228
0,0,0.0634996967093582
0,0,0.001987196318601209
1,1,0.9999985843625584
1,1,0.9533830000307719
0,0,0.020487027183163083
0,0,0.11768452445664948
0,0,0.05835089573733521
0,0,0.00144392020355634
0,0,0.005102966715626298
0,0,0.01256919733015067
0,0,0.06869891612490003
0,0,0.02380651209111594
0,0,0.0547492247882051
0,0,0.032931664519146586
0,1,0.6352612166259493
0,0,0.004911720874178618
0,0,0.1005057086220333
1,0,0.03765150284812301
0,0,0.004961422522774094
0,0,0.01822073286192187
0,0,0.0034165284698116027
0,0,0.015533470498481564
0,0,0.013983933549022356
0,0,0.013187663278157085
0,0,0.19209174964578793
0,0,0.049602675856164735
0,0,0.02536706106810909
0,0,0.009744850180055501
0,0,0.02564235399941333
0,0,0.0038066413530394405
0,0,0.01595014634446037
0,0,0.032760696695190904
0,0,0.00528596125554471
1,1,0.9999974214555729
0,0,0.011962500086846886
0,0,0.012983061197955158
0,0,0.003960141391998687
0,0,0.01777284124652883
1,1,0.999998765996982
0,0,0.03322428487947848
0,0,0.08508350146074727
0,0,0.010039337376967
0,0,0.03529266005549341
0,0,0.056045746971034587
0,0,0.003557938575925506
0,0,0.2104501423586359
0,0,0.4549237215723787
0,0,0.12930769794299085
0,1,0.7301055564697173
0,0,0.002135026097883959
0,0,0.06641532826361556
0,0,0.028457326401476597
0,0,0.09703254794056264
0,1,0.5140722931846957
0,0,0.005912348275673784
0,0,0.017566144178421846
0,0,0.11925977923300282
0,0,0.12229427690365019
0,0,0.003812612423812331
0,0,0.0002624209140589369
0,0,0.011862030277165753
0,0,0.03961508539592778
0,0,0.00038653741806716834
0,0,0.0027510363547367297
0,0,0.01936413928169254
0,0,0.0017097607890247345
0,0,0.004558590816211648
0,0,0.015813140434226148
0,0,0.027353323784384546
0,0,0.3740448305419628
1,1,0.9866480604907478
0,0,0.25331137837376094
0,0,0.0024392601284396374
0,0,0.038635926790674055
0,0,0.06935485081919521
0,0,0.0047246222206561135
0,0,0.18589953084870767
0,0,0.007908806219385722
0,0,0.2015263238076891
0,0,0.04553458840464854
0,0,0.17057720067765725
0,0,0.14292688755091668
1,0,0.04246696197474506
1,1,0.9999979423411411
1,1,0.9565194533936084
0,0,0.03283977990233242
0,0,0.047763020244231284
0,0,0.028285805123285775
0,0,0.30281069112638836
0,0,0.008341900694173001
1,1,0.9999966804291738
0,0,0.0022329596070032025
1,1,0.9999974214555729
0,0,0.007634239367243365
1,1,0.9999966804291738
0,0,0.039979199940591265
0,1,0.5972629564705377
1,1,0.9999986485205823
1,1,0.9999986485205823
0,0,0.022628616833917363
0,0,0.008603629788315314
0,0,0.04017260828113047
1,1,0.9727454101629024
0,0,0.34243513489793326
0,0,0.02031712768591656
0,0,0.05535340954730997
0,0,0.004443812678059494
1,1,0.5745029404159419
0,0,0.00019742966900919423
0,0,0.010127057566282835
0,0,0.08320764095745098
0,0,0.10792547009163982
0,0,0.31568583371412157
0,0,0.12473651394936629
0,1,0.5808418312572919
0,0,0.24213362504526495
0,0,0.02481912312158266
0,0,0.0009236723698562594
0,0,0.09484265277953162
0,0,0.08677724061241017
0,0,0.12774192950598007
1,1,0.9999966804291738
0,0,0.002812789754518008
0,0,0.03747252582570407
0,0,0.01825825745862478
1,1,0.9999981310497241
0,0,0.01692331315601062
0,0,0.03154354666116937
0,0,0.07922224475098726
0,0,0.22848927482429515
0,0,0.019960172367697246
0,0,0.007175194799914674
1,0,0.018786162965030266
1,1,0.9999964734721614
1,1,0.9999986485205823
0,0,0.003515548396109893
0,0,0.05604565761962996
0,0,0.001525391672921283
0,0,0.03490055958056753
0,0,0.2083598224205078
0,0,0.02665847993079648
0,0,0.1476830660557006
0,0,0.04064582472224463
0,0,0.006919054951479672
0,0,0.015479999007537501
0,0,0.13861210166584434
1,1,0.9999971242915849
0,0,0.07656921264202302
0,0,0.4549237215723787
1,1,0.9999983935948057
0,0,0.001910310366998588
0,0,0.021944009607939022
0,0,0.019482767640341677
0,0,0.049160779006246234
0,0,0.002187713751426106
0,0,0.4549237215723787
0,0,0.019615036329094376
0,0,0.1063512399838872
0,0,0.005397936090065163
0,0,0.015001695304239074
1,1,0.7877736365384826
0,0,0.003977656536279605
0,0,0.25044622392116667
0,0,0.0006054470401121618
0,0,0.07548107670308891
0,0,0.010392213363156426
0,0,0.1904924882621327
0,0,0.013250462239453226
0,0,0.11493464899712319
0,0,0.0057905512437243815
0,0,0.0035644467948937413
1,1,0.9999986485205823
0,0,0.02325742144862585
0,0,0.0035972340991622742
0,0,0.018752366808383658
1,1,0.8246602905470525
1,1,0.9999964734721614
0,0,0.0046506686916215284
0,0,0.0006228295219962534
1,1,0.999998765996982
0,0,0.00831160642280914
0,0,0.006492764495449075
1,1,0.9999971242915849
1,1,0.9999974214555729
1,1,0.7032664983793313
0,0,0.011715311487868014
0,0,0.4682530823759068
1,1,0.7317198242433205
0,0,0.011025544344109548
0,0,0.00973412524201602
0,0,0.10445760027817427
0,0,0.0023605863200672765
0,0,0.09341672049146765
0,0,0.045405607510907046
0,0,0.11206668826393855
0,0,0.0015238590846412823
0,0,0.10217055062873416
0,0,0.043158235938272664
0,0,0.03145552310119028
0,1,0.5134037912575372
0,0,0.00013404847615510656
0,0,0.01182583661084237
0,0,0.04973360357026085
0,0,0.03407628144062143
0,0,0.003427453433609037
1,1,0.9945160365330061
0,0,0.03643025156963155
0,0,0.009109422344043758
0,0,0.008305275591901742
0,0,0.00261663796207347
0,0,0.021711872712847736
0,0,0.19680244090838178
0,0,0.04340707933045186
0,0,0.006450532366331629
0,0,0.006233129387137818
0,0,0.0003618208721889225
1,0,0.030424832245259794
0,0,0.0017338750772814522
0,0,0.007414018151806298
0,0,0.168176707620489
0,0,0.04992002924619086
0,0,0.005916636900436592
0,0,0.004866598251446911
0,0,0.007302567979656957
0,0,0.044751304047431224
0,0,0.03681803772194206
0,0,0.01922017850994713
0,0,0.016248654491047197
0,0,0.3572334481774056
0,0,0.004614860871192745
0,0,0.04442787894885516
0,0,0.03981960488241663
0,0,0.12503848576039733
0,0,0.022092067997556364
0,0,0.004855215679075054
1,1,0.9999977168367039
0,0,0.2551251383233204
0,0,0.11842188771563789
0,0,0.01355592406416304
0,0,0.14786724452247052
0,0,0.011303522279771277
0,0,0.043388671598264816
0,0,0.07981449954730743
0,0,0.2107516171335682
0,0,0.02236794591602003
0,0,0.03607355148562042
0,0,0.010573725725742427
0,0,0.021571909330255178
1,1,0.9962114337761461
0,0,0.0005200757341883586
1,1,0.9902946686466746
0,0,0.05229216946482286
1,1,0.9999977168367039
0,0,0.08025647872419252
0,0,0.1830187889791029
0,0,0.008215208038719538
0,0,0.09136886771077571
0,0,0.0005111017733376831
0,0,0.3001071343426678
0,0,0.08050356628281508
0,0,0.006179466586250705
0,0,0.012050151134510627
0,0,0.033255766810658005
1,1,0.8307866120870653
0,0,0.016250496761559863
1,1,0.9999966804291738
0,0,0.0029943059670672644
0,0,0.00040023924459135573
0,0,0.24740513823371243
0,0,0.2333512471294551
0,0,0.048132254888267556
0,0,0.004728770804989083
0,0,0.0017218154405377376
0,0,0.12762967625281088
1,1,0.9999801575049445
0,0,0.010558028445168533
0,0,0.06856952705573739
1,1,0.9999966804291738
0,0,0.028545345311103802
0,0,0.000152040558540647
0,0,0.18000953326762054
0,0,0.05127601543861238
0,0,0.011255096702751786
0,0,0.010031960283746649
0,0,0.30663444814112767
0,0,0.16662171874992776
0,0,0.1663460650415656
0,0,0.015209837141211683
0,0,0.041782200497035106
1,1,0.9999966804291738
0,0,0.024603826478095482
0,0,0.02346310528819138
1,1,0.999998765996982
1,1,0.7456557203138552
0,0,0.07790745492255224
0,0,0.36897291227475604
0,0,0.007932542577694235
0,0,0.04386903180492734
0,0,0.010654557791772257
0,0,0.01198584826713394
0,0,0.0006292528980605285
0,0,0.03378482003382085
0,0,0.015033051070741762
0,0,0.01616835829974542
0,0,0.0037307326588420617
0,0,0.028792943421344176
1,1,0.9985584545107408
0,0,0.012279946831355821
0,1,0.5770570523605009
0,0,0.0286951547858344
0,0,0.016159588461787246
0,0,0.02033378466893162
0,0,0.010200708559242058
0,0,0.15267133652582365
0,0,0.02168888393680285
0,0,0.031071492189213394
0,0,0.028995138283831195
0,0,0.00019950564035098797
0,0,0.07768232006696828
0,0,0.038959259353845414
0,0,0.013881039828814643
0,0,0.0074174691542147385
0,0,0.014418142757952114
0,0,0.013499221933307015
0,0,0.09183230925258923
0,0,0.1206560628614183
0,0,0.0366202920427804
0,0,0.0023211227273307287
0,0,0.08431138000033303
0,0,0.028856599870493667
0,0,0.0010159949423176355
0,0,0.00027648461246460124
0,0,0.013598865340056337
0,0,0.023589951741907977
0,0,0.01164079827144186
1,1,0.9882663794619547
1,1,0.9999974214555729
0,0,0.016034311359963704
0,0,0.004420688661978081
0,0,0.013027792531057163
0,0,0.20283652291872553
1,1,0.9999986485205823
0,0,0.00200584814930864
0,0,0.025753348052032242
0,0,0.04947893032862814
0,0,0.0605586990585791
0,0,0.0012660781841039915
0,0,0.03973903746560759
1,1,0.9999962625821728
0,0,0.06269055790220038
0,0,0.23452283462553972
0,0,0.010442865823381917
0,0,0.09622664365227289
0,0,0.02756034703113653
0,0,0.024693713656540064
0,0,0.03360606354511802
0,0,0.02391400618485097
0,0,0.021350471068573136
1,1,0.9999962960084147
0,0,0.05510271541630466
0,0,0.016825509528068768
0,0,0.001360517429761419
1,1,0.9999966804291738
0,0,0.025564212076497946
0,0,0.014810540254770847
0,0,0.009637959843766777
1,1,0.9999970717796709
0,0,0.012104125021878819
0,0,0.06544644529213155
1,1,0.9999974214555729
0,0,0.020512159220001974
0,0,0.0973851263390553
0,0,0.07205984772559854
1,1,0.9434764299002698
0,0,0.007671765084522437
1,1,0.9826144247192133
0,0,0.0556567282392562
0,0,0.047080710084199014
0,0,0.16869781101341508
1,1,0.9969905692151491
0,0,0.0037705795411750436
0,0,0.001809680400167983
0,0,0.0007960570006943713
0,0,0.048467851798336334
0,0,0.13719654347797652
0,0,0.00912103567749991
0,0,0.004880457621272959
0,0,0.0013819757557133653
0,0,0.17845599763920972
0,0,0.03184823524333762
0,0,0.07294612593767855
1,1,0.9999964734721614
0,0,0.06304099780122803
0,0,0.1424067254594271
0,0,0.21740787148253526
1,1,0.9999969520979264
0,0,0.0006279965102548272
0,0,0.01020393259078113
0,0,0.08443500031978368
0,0,0.04809915252084628
1,0,0.08368151977860015
0,0,0.029607638619870685
0,0,0.12439960079677562
1,1,0.9999979498821073
0,0,0.016502808565255267
0,0,0.023781909161388736
0,0,0.1530813100074926
0,0,0.09304025634632608
0,0,0.009464825455442229
0,0,0.004281780801580528
0,0,0.000485821324916179
0,0,0.10125241847553623
0,0,0.0161452856620578
1,1,0.9999986485205823
0,0,0.032061851719788946
0,0,0.08958477112843981
1,1,0.9999971242915849
1,1,0.9212664074969924
1,1,0.6414193670547929
0,0,0.010755429583227527
1,1,0.9875095219457563
0,0,0.02526260012097597
1,0,0.24413222180460534
1,1,0.9944653175104113
0,0,0.05501414516687973
0,0,0.035838228896692366
1,1,0.8712918530718875
0,0,0.05379566764696987
1,0,0.029513317494382307
0,0,0.03417923968429728
0,0,0.003070505384549272
0,0,0.002269751541065794
1,1,0.9999094556934308
0,0,0.012355670300679125
0,0,0.00010680297752037064
0,0,0.013435719090689843
0,0,0.09551717422531696
0,0,0.020352497578620087
0,0,0.05496280509128071
0,1,0.5475541810193211
0,0,0.028607078742011342
0,0,0.28123918032840495
0,0,0.0006886911092855396
0,0,0.0659041819965348
0,0,0.0022835605980394895
0,0,0.08306744936918069
1,1,0.8147652745972734
1,1,0.999998765996982
0,0,0.05629858109427152
0,0,0.07180047121655234
0,0,0.015091675061379525
0,0,0.1352074489210032
0,0,0.0336475277499283
1,1,0.9999974214555729
1,1,0.9999974214555729
0,0,0.10513411948457888
0,0,0.12910101063884713
0,0,0.005088883622056307
1,1,0.5434512269189798
0,0,0.0011910000648031594
0,0,0.027093705587720375
0,0,0.05598102053195558
1,1,0.9999986485205823
0,0,0.0025258153907351246
0,0,0.07599187435214641
0,0,0.017297664035821746
1,1,0.9999979498821073
0,0,0.04595117138901395
1,1,0.9999974214555729
0,0,0.017754156771159456
1,1,0.8421541115257065
0,0,0.06213354923117396
0,0,0.15430944301453833
0,0,0.13434921795968371
1,0,0.18897054363201649
0,0,0.16173513963181257
0,0,0.028784441312254425
0,0,0.0066213679091134585
1,1,0.9999966804291738
0,0,0.19408042554683522
0,0,0.04086622153851737
0,0,0.0031663808804685747
0,0,0.20795120219176247
0,0,0.029692139385444304
0,0,0.0033894693136086868
0,0,0.2758164807834774
0,0,0.00296257410848635
0,0,0.12614969158295927
0,0,0.1546407404701303
1,1,0.8374401615771686
0,0,0.008394332521207979
0,0,0.051804820687592935
0,0,0.18215371943954348
0,0,0.05733192807147926
0,0,0.008662727455773789
0,0,0.09238655467397305
0,0,8.654855559530587e-05
0,0,0.017715444605044702
0,0,0.028114873947450672
0,0,0.0047179310256376065
0,0,0.034696142997951
0,0,0.23595547771255726
0,0,0.007222339264287243
0,0,0.16781932986273582
0,0,0.020641048083449597
0,0,0.1337367605223842
0,0,0.004268007312985176
0,0,0.05106268990133344
0,0,0.042809259927235645
0,0,0.005885923528919228
0,0,0.02525192940381653
0,0,0.0011405756732028858
0,0,0.001227415248164416
0,0,0.01986446248585124
0,0,0.006216132608950262
0,0,0.012484077276480474
0,1,0.594443681883039
0,0,0.01677572295847763
0,0,0.05692878287016756
0,0,0.019350518111389846
0,0,0.0025975115323871923
0,0,0.005760994589621262
0,0,0.0027517395535401118
0,0,0.16173015020766957
0,0,0.01513951613662437
0,0,0.055215373538581004
0,0,0.10424771623110235
1,1,0.6420524576378164
0,0,0.01942220603720795
0,0,0.014016611624856217
0,0,0.09618018051526646
0,0,0.17595832492703448
0,0,0.0030539383904396532
0,0,0.10614733488813868
0,0,0.007703966144763011
0,0,0.013283339332848618
0,0,0.027796631308945493
0,0,0.053578114678300835
0,0,0.014655240996825122
0,0,0.012559606688903378
0,0,0.004275474369549485
0,0,0.378253006100785
0,0,0.010065800618586198
1,1,0.9603182070093281
0,0,0.07153692726765187
0,0,0.004606007222517286
0,0,0.029986496294690874
0,0,0.08116969241422427
0,0,0.2540868346683609
0,0,0.022796097850395516
0,0,3.056599678283264e-05
0,0,0.08891885599816425
0,0,0.020167658973120575
0,0,0.15213405401657581
0,0,0.028266741878891773
1,1,0.999715183370018
0,0,0.027256125988813728
0,0,0.003184733897704628
0,0,0.2758164807834774
0,0,0.08092482389892452
0,0,0.0007597912185488208
0,0,0.026616422837913697
0,0,0.046005326109196755
1,1,0.9999964734721614
1,1,0.9895936825802377
0,0,0.0890828070177722
0,0,0.040047988641123654
0,0,0.37650359408843415
0,0,0.07860765846883046
0,0,0.010824684707449945
0,0,0.006648286956911477
0,0,0.05726938728150846
0,0,0.030176244307604037
0,0,0.016035673285390337
1,1,0.9999966804291738
0,0,0.01379883489605415
1,1,0.9999944141014446
1,0,0.057184804108160424
1,1,0.9744470822096615
0,0,0.01636988974738699
1,1,0.9999450951288286
0,0,0.036054287931470766
0,0,0.008365833251591378
0,0,0.03368684805258762
0,0,0.04685514939334563
0,0,0.23422487506916703
0,0,0.0320209426225534
0,0,0.04475455816216978
0,0,0.003184733897704628
1,1,0.9999964734721614
0,0,0.0002305662465303545
0,0,0.02617448246141901
0,0,0.005145279051801185
0,0,0.4643847505743424
0,0,0.009637675294711026
0,0,0.2191896565259489
0,0,0.02201577217069502
1,1,0.9992076849424398
1,1,0.999995874961105
1,1,0.999998765996982
0,0,0.017396970502773935
0,0,0.012881773726628692
0,0,0.08862361096344336
0,0,0.17381279845669567
1,1,0.9999944141014446
0,0,0.12005508084341401
0,0,0.015884569122912817
0,0,0.0033490514841043374
0,0,0.020766129839704967
0,0,0.0017522541749682612
0,0,0.028286036185192133
0,0,0.04089600175784898
0,0,0.05296330831851768
0,0,0.025068076394582146
0,0,0.019668826443560966
0,0,0.004371343899655973
0,0,0.0014197588594652745
1,1,0.806338915078558
0,0,0.08095335240399205
1,1,0.9546875481792754
1,1,0.9999974214555729
0,0,0.007972819323431175
1,0,0.23368376035218436
0,0,0.001910739000787531
0,0,0.001938996176487598
0,0,0.0764416784004973
0,0,0.008502179628488449
0,0,0.031214940915240314
0,0,0.038756097282412375
0,0,0.03882231994821722
1,0,0.15427725205830414
0,0,0.0036946912465897572
0,0,0.0637146286924047
0,0,0.2836831790844608
0,0,0.03334743671985174
0,0,0.016221259897207425
1,0,0.4035595633684538
0,0,0.039231976482709374
0,0,0.03884037271965823
0,0,0.05567236601405398
0,0,0.0180886501628514
0,0,0.045849856575451306
0,0,0.003779509015419851
0,0,0.03815440530376657
0,0,0.059071834399421985
1,1,0.961131698267053
1,1,0.9803780479225219
0,0,0.02095007251863042
0,0,0.0022537826464849317
1,1,0.9999966804291738
1,1,0.9999979498821073
0,0,0.019933755729372428
0,0,0.06625819523851158
0,0,0.004790094594193141
0,0,0.032843689474928585
0,0,0.021036321707909932
0,0,0.018044847989243558
0,0,0.0801426466310683
0,0,0.14250085170756654
0,0,0.028616209005440648
0,1,0.5775137107009355
0,0,0.02348370243430941
0,0,0.01704137258021609
1,1,0.9999962960084147
0,0,0.049021877631958526
0,0,0.01488325402929167
0,0,0.027968357969010104
0,0,0.07562043462234654
0,0,0.14843958755719885
0,0,0.029512254241807694
1,1,0.9999974474866807
1,1,0.964560180893049
0,0,0.0003453597046657591
0,0,0.08373303323751233
0,0,0.0008799645647571165
0,0,0.013073433577785083
1,1,0.9999985843625584
0,0,0.0021544048688986444
0,0,0.005187032242098046
0,0,0.04349636712194846
1,1,0.9822732259794963
0,0,0.019869313729486623
0,0,0.17285636920297462
0,0,0.015041434512885867
0,0,0.015908571013220896
0,0,0.024340227103023002
0,0,0.045140199395580484
1,1,0.9999986485205823
0,0,0.0010302275597838478
0,0,0.008278032493015772
1,1,0.9999967421133994
0,0,0.10152035457916841
0,0,0.0006818138444315377
0,0,0.0009496400196706362
0,0,0.14773509867909368
0,0,0.020997611763404096
0,0,0.01159067763619194
1,0,0.36809230243672536
0,0,0.00040306215235917176
1,1,0.6022193452873736
0,0,0.0003786755781260332
0,0,0.029777173631804023
0,0,0.01580704367520133
1,1,0.9999979498821073
0,0,0.0742061084189633
0,0,0.012865449601861773
0,0,0.0025205392687809303
1,1,0.9999973431607314
0,0,0.024010096549674488
0,0,0.005085217432717744
0,0,0.028114727251382546
0,0,0.375476697853204
0,0,0.007168520076053466
0,0,0.030579678461098263
0,0,0.000275282919057953
0,0,0.12840732461435359
0,0,0.08152255665162017
0,0,0.008269624372298693
0,0,0.007402245255452412
0,0,0.061223286234825286
0,0,0.028936200758409764
1,1,0.9927280499909341
0,0,0.0488766529594032
0,0,0.03749956515498286
0,0,0.004479443220953788
0,0,0.004695160083651285
0,0,0.05135498698439878
0,0,0.000395500437144758
0,0,0.0078050587913227245
0,0,0.0641890797693102
0,0,0.12479728136156203
0,0,0.4549237215723787
0,0,0.04757442351473216
0,0,0.01890725799771375
0,0,0.016926906117284306
0,1,0.5654954395176452
0,0,0.19778686205308507
0,0,0.005096308918377753
0,0,0.029548743910733078
0,0,0.324864964961302
0,0,0.004419187250159243
0,0,0.006337116228888042
1,1,0.9999971242915849
0,0,0.0131859345515772
0,0,0.02234839058157992
1,1,0.609855144667036
0,0,0.04997901401714327
0,0,0.018053863094178595
0,0,0.03223323383407114
0,0,0.0006670957727837016
0,0,0.017454588894685905
0,0,0.11848102986213262
0,1,0.6063394074942454
0,1,0.6393002195861027
0,0,0.11427898912451659
0,0,0.009255978556408423
0,0,0.006866632617824597
0,0,0.007724921694731568
0,0,0.001140201264796009
0,0,0.00808592343220228
0,0,0.11512842673745234
1,1,0.9999974214555729
0,0,0.0042415677487845655
0,0,0.04670129247163491
0,0,0.0081643969756525
0,0,0.010829721704592976
0,0,0.008914500484054046
0,0,0.015359740061368353
0,0,0.29416969430995527
0,0,0.004097270033614146
0,0,0.00397949025787805
0,0,0.3037721723364877
1,1,0.965992704650607
0,0,0.2955180776023348
0,0,0.021725602523901672
0,1,0.6854424234925829
0,0,0.07020949668333122
0,0,0.04402146537306437
0,0,0.031913835712439914
1,1,0.9999966804291738
0,0,0.06646382235217115
0,0,0.0007038825317256456
0,0,0.031193630712136843
1,1,0.999915564608854
0,0,0.05297155381191735
0,0,0.3289931699251252
0,0,0.016031386705115686
1,1,0.9999974214555729
0,0,0.07178266251193952
0,0,0.030697153359501832
0,0,0.25511535106866184
0,0,0.0986286452791766
0,0,0.20393803453504966
0,0,0.07594175447258587
0,0,0.3755800826813272
1,1,0.9999966804291738
0,0,0.053231789323407726
0,0,0.03345135144233305
0,1,0.5939568917698635
0,0,0.00599334520124857
1,0,0.3223973391005743
1,1,0.9999863014508135
0,0,0.004845427585053291
0,0,0.10665775331170291
0,0,0.01223418045039437
1,0,0.20181958611748013
0,1,0.5019798417449508
0,0,0.01070717033650585
0,0,0.01995188262076219
0,0,0.4294882120471263
0,0,0.009889845518287525
0,0,0.06284530049196309
0,0,0.008791578793038206
0,0,0.03885306794594713
1,0,0.16358988582127185
0,0,0.038635926790674055
0,0,0.21192195786210316
0,0,0.008911544536517818
0,0,0.018419830091925955
1,1,0.999998765996982
0,0,0.030447883727119544
0,0,0.10788347655036581
0,0,0.0011978617743077951
0,1,0.5160057304568518
0,0,0.004276048973434163
0,0,0.011976090448248334
1,1,0.9999966804291738
0,0,0.13126964600243887
0,0,0.0006003588435224727
0,0,0.11993148273150821
0,0,0.010007016938645062
0,0,0.019794504882699602
0,0,0.003278088455196268
0,0,0.0708035069447816
0,0,0.05170719673472004
0,0,0.2622689145229505
0,0,0.02636648518157939
0,0,0.008300918431236927
0,0,0.0003078573486999395
0,0,0.2630108775498612
0,0,0.018938687882754175
0,0,0.005494272472552193
0,0,0.014576566087528501
0,0,0.018568505010056573
0,0,0.42677116349369254
0,0,0.08555609312391378
1,1,0.5309269827094515
0,1,0.7817650900617397
1,1,0.9999967421133994
0,0,0.26716050093270965
0,0,0.015174339977157031
1,1,0.9999974474866807
0,0,0.04197878608827043
0,0,0.4520969679169435
0,0,0.012117626150896515
0,0,0.03107341996628522
0,0,0.031455688433541226
0,0,0.012447626743591464
0,0,0.019477339693816962
1,0,0.49899989837314507
0,0,0.00592787931746221
0,0,0.12165311933377995
0,0,0.02919273973032109
0,0,0.0041506600729755375
0,0,0.05459474497332526
1,1,0.9999967418747816
0,0,0.015359838906041513
0,0,0.1334750046643428
1,1,0.969923662928609
0,0,0.2487626800269374
0,0,0.018498128204350168
0,0,0.012212210379733508
0,0,0.03013401817431993
0,0,0.002599827785145157
0,0,0.016600290478018788
0,0,0.018872950721687067
0,0,0.03850512346617401
1,1,0.9999966804291738
0,0,0.21724742086228924
1,1,0.998896702929033
0,0,0.0018353851406519024
0,0,0.019482839109176437
0,0,0.0319803024591657
0,0,0.031145396368997724
0,0,0.04973047100313504
0,0,0.04304369084349306
1,1,0.9999967421133994
0,0,0.34739568999446113
0,0,0.01980105973602769
0,0,0.021432696479654123
0,0,0.34319372303424045
0,0,0.0008987478684489105
0,0,0.008637596547575777
0,0,0.05326356667094349
0,0,0.03245640204844764
1,1,0.9984068654119893
0,0,0.012949992032730822
1,1,0.9999966804291738
0,0,0.4741852746229626
0,0,0.023003731295965568
0,0,0.04177240495612423
0,0,0.00041119006992260105
1,0,0.10766842636174183
1,1,0.9999966804291738
0,0,0.01809781567818234
0,0,0.0001237964170187911
0,0,0.01998976711175572
0,0,0.011790695254695819
0,0,0.1446118222420266
0,0,0.011718462547971794
0,0,0.023771332761854447
0,0,0.00038820561118418467
0,0,0.19850218414235912
0,0,0.1566811843243109
1,1,0.9999966804291738
0,0,0.005532006885076163
0,0,0.1957814224472052
0,0,0.056498142166767976
0,0,0.023559864527802635
0,0,0.1344419017886874
1,1,0.9999966804291738
0,0,0.04465059196773657
0,0,0.06159871776010561
0,0,0.0017681766978960068
0,0,0.07318799556145322
0,0,0.04517084956317288
0,0,0.024458290773128926
0,0,0.011883906297921751
0,0,0.0032882405998971207
0,0,0.002013571404167059
0,0,0.009588935003835428
0,0,0.0389869663636671
0,0,0.058707939246742565
0,0,0.1334750046643428
1,1,0.999998765996982
0,0,0.0486849338494719
0,0,0.030572780090269872
1,1,0.9453718606024681
0,0,0.016281312405394602
0,0,0.006592130138285673
0,0,0.015330988401462247
0,0,0.009364890218891508
0,0,0.35691841296434507
0,0,0.0012171533437105298
0,0,0.0024635001461090814
1,1,0.999962922966755
0,0,0.1397784534327192
0,0,0.00535697043380568
0,0,0.08126420777560969
0,0,0.020378102077655422
0,0,0.09850156939844693
1,1,0.6711260572518954
0,0,0.024490240198852473
1,1,0.9928735652619708
0,0,0.02670101370822689
0,0,0.0014559058073928724
0,0,0.04242561058898594
1,1,0.9999967418747816
0,0,0.0940706788719247
0,0,0.009209678060550416
0,0,0.027545148888978993
0,0,0.0585727487720188
0,0,0.0013867075603489587
0,0,0.007764629431513784
0,0,0.17521618353958637
0,0,0.01570607945229698
0,0,0.4435194783474297
0,0,0.003057912079834666
1,1,0.999998765996982
0,1,0.5654954395176452
0,1,0.5378438296769145
0,0,0.12911213611493752
0,0,0.0032045863438281198
0,0,0.01175841081565938
1,0,0.2522069929802705
0,0,0.011124578275498098
0,0,0.003476538307924015
0,0,0.33388414992287135
0,0,0.025975577561912756
0,0,0.01384652506332395
1,0,0.25570334844314413
1,1,0.5718790512705775
0,0,0.059898629617951865
0,0,0.045897774126510214
0,0,0.01460317188288656
0,0,0.043137945346758605
0,0,0.18481010209335222
1,1,0.9999983935948057
1,1,0.9999971242915849
1,1,0.7635519247442912
1,1,0.9846174988933576
0,0,0.001463334237921859
0,0,0.4044796025964182
0,0,0.16357713216824388
0,0,0.24950197047857864
0,0,0.018799368771093176
0,0,0.00563004949168818
0,0,0.0162364326690632
0,0,0.016627898226662653
0,0,0.026411405307033477
0,0,0.000619977100280685
0,0,0.010778265429982926
0,0,0.05417284062861513
0,0,0.008495615504389608
1,1,0.9999970717796709
0,0,0.0036888218090819734
0,0,0.034955648027254836
0,0,0.1322809249958506
0,0,0.0357057900306015
0,0,0.038622333957213685
0,0,0.05501586629874427
0,0,0.10697705741489427
0,0,0.028266741878891773
0,0,0.09474589231578145
0,0,0.010758426926186787
0,0,0.13041509685834057
0,0,0.41659308870223766
0,0,0.011477156800876033
0,0,0.04891056105630284
0,0,0.2447316577650872
0,0,0.03387557207792758
0,0,0.019066739406909474
1,1,0.9999977168367039
0,0,0.32992106437955676
0,0,0.05135498698439878
0,0,0.01201070630198764
0,0,0.20615111248028886
0,0,0.013276923419682748
0,0,0.011452835639200201
1,1,0.8929274901882229
0,0,0.033211889217706195
0,0,0.08061547459946658
0,0,0.04301271788164884
0,0,0.014843752838611616
0,0,0.0023609313248163693
0,0,0.10663840458000566
1,1,0.9459939359570293
0,0,0.07594720712738355
0,0,0.024400760865975674
0,0,0.03538644413828266
0,0,0.004920744676101996
0,0,0.012318716595390198
0,0,0.36897291227475604
0,0,0.3497478051836704
0,0,0.03790828976791087
0,0,0.01944044157968503
0,0,0.4520969679169435
0,0,0.004971604312273393
1,1,0.999998765996982
0,0,0.005801313684024333
0,0,0.019172687721307872
0,0,0.0015808681044831784
0,0,0.001216355553164913
1,1,0.9999979498821073
0,0,0.006032936415678343
0,0,0.12577660483126665
0,0,0.02218378082542266
0,0,0.06547443615950468
1,1,0.9999966804291738
0,0,0.012710252448301373
1,1,0.9999974474866807
1,1,0.9868673175570716
0,0,0.26530064493039107
0,0,0.34243513489793326
0,0,0.21535995395154242
0,0,0.02655032752155628
0,0,0.005247169155095344
0,0,0.05499820903945258
0,0,0.02099279810821468
0,0,0.010802205793652039
0,0,0.03893175339778487
1,1,0.9999970717796709
0,0,0.06524277960704547
0,0,0.015288577140786552
0,0,0.0006912096505412523
0,0,0.024147324383377553
0,0,0.13431562272894215
0,0,0.011692379840751018
1,1,0.9999966804291738
1,1,0.999915564608854
0,0,0.0011253557730002569
0,0,0.11370344220769377
1,1,0.9999989875016777
0,0,0.019581549294869906
0,0,0.018515375101160404
0,0,0.13021400412879414
0,1,0.5772781604462307
0,0,0.4520366533480337
0,0,0.142343627217465
0,0,0.02031631362658473
0,0,0.02058784164785585
0,0,0.023662862129890563
0,0,0.013007788256445472
0,0,0.007696313915373873
1,1,0.9727454101629024
0,0,0.006597832345251948
0,0,0.15631119720865394
0,0,0.10372516761757217
0,0,0.08186747627595928
0,0,0.00831160642280914
0,0,0.02946478976744335
0,0,0.004586908628326515
0,0,0.16130394122878383
0,0,0.22187205397402165
0,0,0.04069011743521055
0,0,0.08651305732773208
1,1,0.9999974214555729
0,0,0.006029897762941679
1,0,0.09083308906561541
0,0,0.11314020796476915
0,0,0.1138016613650069
0,0,0.028200095123221997
0,0,0.004009083632247661
0,0,0.05272124249876311
0,0,0.022740939300113096
1,1,0.9517219260478438
1,1,0.9737818919297148
0,0,0.1774815839463188
0,0,0.45920276591062575
0,0,0.027684462985484878
0,0,0.03090399016757493
0,0,0.0382643285851876
1,1,0.8788987201153419
1,1,0.9999202191461362
0,0,0.36897291227475604
0,0,0.0355739233218515
0,0,0.040693023667487865
0,0,0.010848945242475401
1,1,0.8432789101284299
0,0,0.0027796895297744675
0,0,0.036462336578523
1,1,0.9999986485205823
1,1,0.9999986485205823
0,0,0.4428223530737385
0,0,0.012983061197955158
0,0,0.04649588405493248
0,0,0.1436884844139991
0,0,0.009744804600075456
0,0,0.10279085651565621
1,1,0.963349808652891
0,0,0.005970977796667749
0,0,0.01500416153133224
0,0,0.008621032734604838
0,0,0.07838819406646517
0,0,0.02229273383002602
0,0,0.02549708619539865
0,0,0.049586385809441524
0,0,0.017614038479146613
1,1,0.9999808399431727
0,0,0.027866746524160227
0,0,0.0077694333467195386
0,0,0.0356860957416935
0,0,0.007433482136793957
0,0,0.03634607058586803
0,0,0.003984388084907628
0,0,0.007746222227092756
1,0,0.4520969679169435
0,0,0.055261585735235576
1,1,0.9999967418747816
1,0,0.48083664223840017
0,0,0.008282214641622723
0,0,0.026065619954652126
0,0,0.012306299867221492
0,0,0.22440426459583313
0,0,0.005777094096682273
1,1,0.9874600767589891
0,0,0.027485897513617717
0,0,0.10784115918088771
0,0,0.4171511791499584
0,0,0.01167457709871892
0,0,0.1681518965391273
1,1,0.9999964734721614
0,0,0.0628880178129014
0,0,0.0570695561490132
0,0,0.002099934539440086
0,0,0.006925662376817764
0,0,0.025956589945789785
0,0,0.09569448050778302
1,1,0.9999957586278144
0,0,0.2638483219387566
0,0,0.03732072710383378
1,1,0.9999974214555729
1,1,0.9999966804291738
0,0,0.059305773251355644
0,0,0.05372786343161174
1,1,0.9981802557855498
0,0,0.014654981517851023
0,0,0.01886348603869262
0,0,0.24863500263515412
0,0,0.018570230966347207
1,1,0.5687691708348241
0,0,0.007400608560011756
0,0,0.001665251222386823
0,0,0.015140018096858334
0,0,0.01088380705785011
0,0,0.3085440285330547
1,1,0.9999964734721614
0,0,0.01735274118233844
0,0,0.025019553460130167
0,0,0.0007381162806142212
0,0,0.05594069182365205
1,1,0.9999780619684105
0,0,0.14503587903304416
0,0,0.01883174042824015
0,0,0.0338795302388431
1,1,0.9999964734721614
0,0,0.09311498044644273
1,1,0.9999967418747816
0,0,0.047896932059056437
0,1,0.5882082648849598
0,0,0.06268721124547932
1,1,0.9999986485205823
0,0,0.4549237215723787
0,0,0.0029302665052206587
0,0,0.03777408251254289
0,0,0.42921838600617873
1,1,0.9916341092018751
0,0,0.07280728462730388
0,0,0.061252648402557
0,0,0.12120801174881889
0,0,0.020187047977836124
0,0,0.37830807990236176
0,0,0.014334926495247815
0,0,0.022101651961050812
0,0,0.017332862606892447
0,0,0.0674001309006143
0,0,0.03372123519805431
0,0,0.023739251997087676
0,0,0.08481223881956937
0,0,0.08061623914629096
1,1,0.9999966804291738
1,1,0.9973816191698405
0,0,0.35987703651818015
0,0,0.0018654452013346155
0,0,0.06148180959733076
0,0,0.038151716085954
0,0,0.03370511922567509
0,0,0.03283628160856326
1,1,0.9999986485205823
0,0,0.006944834109200392
0,0,0.32128595955590344
0,0,0.0002520935872730353
0,0,0.05170025642181943
0,0,0.02784445139188092
0,0,0.019632544049895714
1,0,0.36498032923775925
1,0,0.014436512592883899
1,1,0.9715212624053018
0,0,0.020299776995734903
0,0,0.007338224870914023
0,0,0.05718452590382693
0,0,0.0006199349050682097
0,0,0.051463486827224215
0,0,0.095414362063924
0,0,0.008115043556930244
0,0,0.06464688220960908
0,0,0.008154607362367066
0,0,0.05233404640167146
0,0,0.20945371704756569
0,0,0.00831855391539844
0,0,0.020565586328109113
1,1,0.9999967418747816
1,1,0.9999957589384425
0,0,0.014548283074153644
0,0,0.09521233775513584
0,0,0.05443370621818582
0,0,0.05526242244255317
0,0,0.00573152164762888
1,1,0.9789991111186289
0,0,0.15677594001341424
0,0,0.008573079039951113
0,0,0.011665462121132217
0,0,0.004606007222517286
0,0,0.031745903100212386
1,0,0.28560289555293233
0,0,0.17189529477988194
0,0,0.08400990652149233
1,1,0.9999974214555729
0,0,0.005888428493683484
0,0,0.0015345957406519952
1,0,0.365813207840483
0,0,0.0008312520621402762
1,1,0.6822932841076159
0,1,0.7319162617043853
0,0,0.02749118082394951
0,0,0.08633977519695647
0,0,0.009942046805211097
0,0,0.001000304195372201
0,0,0.015373757942435475
0,0,0.013602411150096617
0,0,0.00926227283173081
0,0,0.002764995891473653
0,0,0.01986251184660071
1,1,0.5160057304568518
0,0,0.07713190347974222
1,0,0.13501235003027617
1,1,0.9999962625821728
0,0,0.0008146191248855661
0,0,0.03387557207792758
0,0,0.12719251535415735
0,0,0.014175862968892436
0,0,0.00743142181702613
1,1,0.9999979498821073
1,1,0.9887820166230578
1,1,0.7975798609133735
0,0,0.36226910460841055
0,0,0.04256853551535176
0,0,0.07439479454218535
0,0,0.03644209239854871
1,0,0.4970233823323953
1,1,0.9999966804291738
1,1,0.9916251591930009
0,0,0.00392491842531021
0,0,0.00010680297752037064
0,0,0.015660328265679146
0,0,0.003803550310773907
0,0,0.023821885190217145
0,0,0.030809227251907795
0,0,0.007189922480768692
0,0,0.010416896693208512
0,0,0.02079943411436742
0,0,0.009908104296603009
0,0,0.00262499185517307
0,0,0.000951950954581054
1,1,0.9999962623084329
0,0,0.005906563504942946
0,0,0.20145279102597294
0,0,0.01033831274014754
0,0,0.10701636959927602
0,0,0.05539133564166235
0,0,0.10260325575464145
0,0,0.015634877513404515
0,0,0.13689208764039656
0,0,0.2425986631397106
1,1,0.8100508162695397
0,0,0.06895004312537323
0,0,0.013795566984117828
0,0,0.07230390709240392
0,0,0.04955691842052452
0,0,0.14947030825190774
0,0,0.0193953636108841
0,0,0.021186275318582016
0,0,0.015737121461177523
0,0,0.42016333817325413
1,1,0.987961620795169
0,0,0.013902362748164736
0,0,0.035920677301972105
0,0,0.03939273552639311
0,0,0.13469200718604613
0,0,0.007799913768103676
0,0,0.0003710587691018768
0,0,0.05391636532758714
0,0,0.12256044009735427
0,0,0.4759628537180047
0,0,0.01822073286192187
0,0,0.08470650067968157
0,0,0.022080512943646758
0,0,0.07011407989733023
0,0,0.028077146558608105
1,1,0.9999979498821073
0,0,0.007171569375519432
1,0,0.3052771730785118
0,0,0.00884312160684256
1,1,0.9999989875016777
0,0,0.11089230195192837
0,0,0.005484305091855829
0,0,0.05601880404672171
0,0,0.46818599205828687
1,1,0.9711603352885645
1,1,0.6278311263400004
0,0,0.00041150768986903655
0,0,0.024461008043477197
0,0,0.009160422716467585
0,0,0.023877345802616568
0,0,0.27705966376851393
0,0,0.17696637357882294
0,0,0.4775361873151161
1,1,0.9999966804291738
0,0,0.004728770804989083
0,0,0.006008830035278344
1,1,0.9911344989531045
0,0,0.035609227475896475
1,1,0.9999967421133994
0,0,0.2383907077716988
0,0,0.019592078615561094
0,0,0.008042052818457096
1,1,0.9999964734721614
0,0,0.005201599504501611
0,0,0.10262190701435382
0,0,0.09038242281284573
0,0,0.022076358748182326
0,0,0.0765110976300929
0,0,0.0007303174090175234
0,0,0.04482688639042775
0,0,0.056773442652293324
1,1,0.9999967418747816
0,0,0.035249381778762016
0,0,0.026042672524837242
0,0,0.027866746524160227
0,0,0.044941359152157495
0,0,0.1983121403397683
1,1,0.9999094556934308
0,0,0.02824772601643107
0,0,0.020119442458812052
0,0,0.027638824282395842
0,0,0.04876606498016164
0,0,0.008201648360739862
0,0,6.375046524972222e-05
0,0,0.009756743973450816
0,0,0.2229821052424539
0,0,0.007553219167213555
0,0,0.2858699333037115
0,0,0.03526212416959555
0,0,0.00713678191924804
0,0,0.006456998036629113
0,0,0.02725052469553038
0,0,0.012582545020969288
1,1,0.9999966804291738
0,0,0.018620865350391532
0,0,0.019026279700309904
0,0,0.44222872832434745
0,0,0.00021306709713791522
0,0,0.0894947167145918
0,0,0.009755415566714826
0,0,0.042377556069016775
0,0,0.08545429495763895
0,0,0.0111816898601549
0,0,0.03898305040576965
0,0,0.03495322747039298
0,0,0.038257041837543096
0,0,0.127565660459559
0,0,0.04670129247163491
0,0,0.06087886356378538
1,1,0.9999974474866807
0,0,0.008169306384235105
0,0,0.20961248681154898
0,0,0.0007632187212271737
0,0,0.018040455455552464
0,0,0.06372848854196728
0,0,0.08240664426175819
0,0,0.0013828727899070801
0,0,0.01786245214445658
0,0,0.02648091469130445
0,0,0.005682982327355578
1,1,0.9998910621212973
0,0,0.027325840864439947
0,0,0.00010680297752037064
0,0,0.008611252447381723
0,0,0.08730966918345395
0,0,0.2730142022678598
0,0,0.01688025117840213
0,0,0.07139566960683869
0,0,0.022689355473240306
0,0,0.13207040394915812
0,0,0.011484491416170167
0,0,0.004405469492708768
0,0,0.009262352129213875
0,0,0.28425516122652617
0,0,0.01849703416462688
0,0,0.011114387189375846
0,0,0.07414009650569103
1,1,0.9999979423411411
1,1,0.9999966804291738
0,0,0.004184141638442908
0,0,0.08706943346783465
0,0,0.43330383920536425
0,0,0.01218489969842831
0,0,0.0006231801392551073
1,1,0.9298929821503615
0,0,0.01641628285575039
0,0,0.04336765465462973
0,0,0.011608552305881986
0,0,0.00797561181375626
0,0,0.0036487723765876224
0,0,0.024804667686663007
0,0,0.38621938440654074
0,0,0.01504590149270121
0,0,0.014739704756558529
0,0,0.37650359408843415
0,0,0.23424918345033893
0,0,0.00013085807219019179
0,0,0.0051404129711050545
1,1,0.9999964734721614
0,0,0.07828864007893534
1,1,0.9999962960084147
0,0,0.08958195113103404
0,0,0.055431861429503015
0,0,0.04197112448191564
0,0,0.06583704253627354
0,0,0.12202661363622057
0,0,0.09525443203261459
1,1,0.8374401615771686
0,0,0.012447626743591464
0,0,0.01078700307483927
1,1,0.9899704610947951
0,0,0.004042534423999083
0,0,0.40242295170865655
0,0,0.05333991967370286
0,0,0.004882150600140721
1,1,0.9999966804291738
0,0,0.003305802610750189
0,0,0.001978446221380447
0,0,0.010211997797385162
0,0,0.00012513585249345385
0,0,0.010520655695621788
0,0,0.01180250126679035
0,0,0.04747702346292635
0,0,0.00013269802400203562
0,0,0.02597463321445825
0,0,0.014603727529154158
0,0,0.007689390762640168
0,0,0.017497815550577094
0,0,0.004374244223489969
0,0,0.018011224235300816
0,0,0.09661023682303549
1,1,0.9999966804291738
1,1,0.9999974214555729
0,0,0.0138052413824294
0,1,0.7214359564916079
0,0,0.006093015859394554
0,0,0.3208098243466728
0,0,0.010211997797385162
0,0,0.006903183278731507
0,0,0.055371447381397536
0,0,0.13061676057886404
0,0,0.473300650211989
0,0,0.05360155417809217
0,0,0.024405299299400128
0,0,0.30515959869438386
0,0,0.042138659711162305
0,0,0.008526330792628116
0,0,0.049636126875448036
0,0,0.03393786738972948
1,1,0.8904676132965567
0,0,0.025004331005759342
0,0,0.07278313945784001
0,0,0.2863931704771238
1,1,0.9320098565556859
0,0,0.09040250504784217
0,0,0.07264771794181575
0,0,0.2208993982222328
0,0,0.2746464193386748
1,1,0.9999974214555729
0,0,0.007685223933980665
1,1,0.9999974214555729
0,0,0.2759572991500803
0,0,0.08473581008731283
1,1,0.9771587573378203
0,0,0.0018450444327121347
0,0,0.11952322191191274
1,1,0.999995874961105
0,0,0.01725809246245656
0,0,0.2900312513417707
0,0,0.06871253683438305
0,0,0.1813709824089262
0,0,0.2911123215259851
0,0,0.0870201286116927
0,0,0.018798680077237517
0,0,0.06693272591449231
0,0,0.46828660804943434
0,0,0.15042711654636487
0,0,0.013313253066578812
0,0,0.013060548285747316
0,0,0.0027619316229430322
0,0,0.01667591961703699
0,0,0.0036373267680160117
0,0,0.02037700713679595
0,0,0.0736576132643927
1,1,0.9999964734721614
0,0,0.01796165087186353
0,0,0.07699322656747118
0,0,0.0008783983538565457
0,0,0.038938315571824776
0,0,0.012495718346743958
1,1,0.9999974214555729
0,0,0.030914415775457765
0,0,0.0048234798515292415
1,1,0.99997184398733
0,0,0.003764618115379943
0,0,0.003822853630907908
0,0,0.041822664963029464
0,0,0.007870869527853742
0,0,0.014200771211004543
0,0,0.009698959855405061
0,0,0.00011893161454564501
0,0,0.18295942021346764
0,0,0.024657913563915786
0,0,0.006968577305402398
1,1,0.9809510555602833
0,0,0.04876302459888819
0,0,0.0814863847079212
0,0,0.05247364750214587
0,0,0.3298748678108828
0,0,0.00037423498049730974
0,0,0.005930503255596138
1,1,0.9999665203143115
0,0,0.004133766787554306
0,0,0.12639965132112865
0,0,0.006672006524524707
1,1,0.9999979498821073
0,0,0.03574329624859347
0,0,0.07780119627489539
0,0,0.07843616352386905
1,1,0.9970524637928102
0,0,0.012858345336014872
0,0,0.02103543357333697
0,0,0.023958797179345133
0,0,0.0514400527045188
0,0,0.003875579071204946
0,0,0.017548445511824058
0,0,0.09686792272054251
0,0,0.011418389211105018
1,1,0.7176712378665783
1,1,0.9999966804291738
1,0,0.3951246145071267
0,0,0.07249408992105365
0,1,0.511659339983073
1,1,0.9999979498821073
0,0,0.05648282268840848
0,0,0.1621010651013892
0,0,0.09364881701023277
0,0,0.007324635453644345
0,0,0.16031246352422107
0,0,0.020887243813658703
0,0,0.1383205035789806
0,0,0.4549237215723787
0,0,0.3057058479939884
0,0,0.0011160808214504738
0,0,0.013769646653365891
0,0,0.2623868068155667
0,0,0.01642321932115464
1,0,0.30299042563982703
1,1,0.9999957814087109
0,0,0.00855662227967849
0,0,0.009002316746877846
0,0,0.17872266047884172
0,0,0.01179316207339021
0,0,0.003903909714217129
0,0,0.011243082022292503
0,0,0.15008223894092607
0,0,0.0019107774420361158
0,0,0.008792301606836654
0,0,0.003552686948690062
0,0,0.08400990652149233
0,0,0.001493266790325119
0,0,0.10189381638572227
1,1,0.9999788858086707
0,0,0.007682598209041479
0,0,0.11408695370430162
0,0,0.02422656033764339
0,0,0.001222404751414281
1,1,0.9999977168367039
0,0,0.049403836982766416
0,0,0.23706068862495205
0,0,0.1250927048656783
0,0,0.04182825493587835
0,0,0.016847983908605528
0,0,0.0017681766978960068
0,0,0.30259545527372417
0,0,0.06492174711826586
1,1,0.9970297034929755
0,0,0.07466801152722763
0,0,0.01600336456702436
1,1,0.9975722750453939
0,0,0.007696313915373873
0,0,0.02588014074539954
0,0,0.0352179470391078
0,0,0.03158061022444691
0,0,0.0010693051422507914
0,0,0.01287390252592236
0,0,0.0012649532306992725
0,0,0.013484000101682518
0,0,0.3251250913688695
0,0,0.03733477167955777
0,0,0.015640539554151674
0,0,0.14324955946171053
0,0,0.03912309388539835
0,0,0.022627974983880843
0,0,0.36108786150034494
0,0,0.004590899657857675
1,1,0.9839810144823126
0,0,0.050908462079877835
0,0,0.031362958471927695
0,0,0.010385183552345226
0,0,0.006999174545156429
0,0,0.0191468561632795
0,0,0.010532632774457557
0,0,0.37553275095717653
0,0,0.03676854259182267
0,0,0.003536251519804054
0,0,0.09374538193782053
0,0,0.024927202731063868
0,0,0.025406630296604064
1,1,0.9999966804291738
0,0,0.021793627020121553
0,0,0.018772450549352344
0,0,0.02203785710807625
0,0,0.11451114886908692
0,0,0.004227689541560236
0,0,0.03568586903477737
1,1,0.7262474935503556
0,0,0.012220431937005375
0,0,0.05197409430860847
0,0,0.18384295389338545
1,1,0.9999981310497241
0,0,0.2295063069435193
0,0,0.005890137691744035
1,1,0.9999976198535029
1,0,0.14285070998140012
0,0,0.09481265715270676
0,0,0.004518953830233401
0,0,0.01943297423837004
0,0,0.014409280902526009
1,1,0.998828471931009
1,1,0.9999966804291738
0,0,0.015417264890915931
1,1,0.8725531086957953
0,0,0.00028488687366703724
0,0,0.007612238835053266
0,0,0.18259113691153425
1,1,0.9074014898731692
0,0,0.020769649192211758
0,0,0.21535766139925058
0,0,0.18426249294488917
1,1,0.7602123328186877
0,0,0.0005259252064309498
1,1,0.9999974214555729
0,0,0.07301255057614357
0,0,0.13327677360971174
0,0,0.008089897040557039
0,0,0.007020892267258024
0,0,0.058161104509495506
1,0,0.3787803754532398
0,0,0.01456703802350618
0,0,0.09622664365227289
0,0,0.02195683095663856
0,0,0.024608030921542706
0,0,0.1107728975223515
0,0,0.011025544344109548
0,0,0.016633615874664696
0,0,0.04797075134547876
0,0,0.05288096987163661
0,0,0.005082403050889756
0,0,0.06333588681068021
0,0,0.014191750084725799
0,0,0.21214520818145327
0,0,0.009856888275399482
1,0,0.42196945710146183
0,0,0.1651125013791512
1,1,0.9593270854542113
0,0,0.00013075516801692278
0,0,0.005481544449098041
0,0,0.007333121283901971
1,1,0.8083380877218046
0,0,0.05657431050847056
0,0,0.0024108685735275705
0,0,0.027298315508409186
1,1,0.9999944141014446
0,0,0.30663444814112767
0,0,0.018797745123669864
0,0,0.18035384970763335
0,0,0.01622173767830067
0,0,0.04718579936224475
0,0,0.2536203055615132
0,0,0.0707234041930245
0,0,0.00909264605786631
1,0,0.45103248565399984
0,0,0.010538265815148837
1,1,0.6180378366318274
0,0,0.034225509399799146
0,0,0.15830007505089105
0,0,0.31212510141119315
0,0,0.02549426845170042
0,0,0.010924687554662972
0,0,0.4549237215723787
0,0,0.08590653243351824
0,0,0.01071633016633365
0,0,0.05199165979173948
0,0,0.0019107774420361158
0,0,0.016298428557148758
0,0,0.027590508852255273
0,0,0.060363395728801804
0,0,0.37650359408843415
0,0,0.02637621767787479
0,0,0.013022066846346672
1,1,0.9944653175104113
0,0,0.0017434296849730235
1,1,0.9999967418747816
0,0,0.002869946095706189
0,0,0.12697676226891053
0,0,0.15609596516522303
0,0,0.014999512078908865
0,0,0.06093052279589298
0,0,0.11334375752094981
0,0,0.029053633496910536
0,0,0.0038294286516265615
0,0,0.02277175327299281
0,1,0.5163482951230287
0,0,0.010721953360067907
0,0,0.0008233153847152114
0,0,0.017531720981990507
0,0,0.02253919996088381
0,0,0.021248212343281832
0,0,0.004644579578564559
0,0,0.021653068977560544
1,1,0.9999966804291738
0,0,0.4520969679169435
0,0,0.014552541809629522
0,0,0.05767222723255843
0,0,0.09084659525158673
0,0,0.046226612623372916
0,0,0.022256632715316336
1,1,0.9999966804291738
0,0,0.037191592231419414
0,0,0.10044815764925676
0,0,0.0019185977117777671
0,0,0.030931263965265715
0,0,0.01570607945229698
1,1,0.9999964734721614
0,0,0.46818599205828687
0,1,0.7667943733081937
1,0,0.3458823904646766
0,0,0.030449241534233198
0,0,0.014646264337634452
0,0,0.01765410109145735
0,0,0.029829461712813404
1,1,0.9999977168367039
0,0,0.001463334237921859
0,0,0.1272939150468559
0,0,0.002297770112472885
0,0,0.09065309464868493
0,0,0.01618377704346052
0,0,0.005188770933005928
0,0,0.0625411227940721
0,0,0.06614583673948024
0,0,0.1572585372875799
0,0,0.013729125616017917
0,0,0.34319372303424045
0,0,0.010546081736999231
0,0,0.038847832706546626
0,0,0.060823020908392804
0,0,0.033876529538122105
1,1,0.9999967421133994
1,1,0.9084838285322788
0,0,0.04135487331880062
0,0,0.024909502675150998
0,0,0.035571290512285615
1,1,0.9885887941422355
0,0,0.033994713971003884
0,0,0.0001170219094242473
0,0,0.05954774643194554
0,0,3.056599678283264e-05
1,1,0.9999070816055058
0,0,0.013182674880037885
1,1,0.9999962623084329
0,0,0.01034590364100176
0,0,0.03890944036560649
0,0,0.21876980172648242
1,1,0.9999977168367039
0,0,0.004305958064125958
0,0,0.11996764880566294
0,0,0.14485902558580552
0,0,0.00774536618862457
0,0,0.0108448859351082
0,0,0.017132699339426113
0,0,0.017531319516557016
0,0,0.011738596283689628
0,0,0.02829704382296506
0,0,0.032883468037363424
0,0,0.017154070624671898
0,0,0.00255022963691128
0,0,0.07856626691407723
0,0,0.00042391377789288714
0,0,0.00882994475866432
0,0,0.021645539057184793
0,0,0.004007230521368162
0,0,0.00282204503265099
0,0,0.029774576609222954
0,0,0.02512958845458818
0,0,0.04766226029418583
0,0,0.1412580929795086
0,0,0.006632318679479065
0,0,0.007412213456628456
0,0,0.07970503040680973
0,0,0.02332514763168197
0,0,0.01594129226552568
0,0,0.03581437263085116
0,0,0.03547745069050886
1,1,0.9999974214555729
0,0,0.00018706731827849968
1,1,0.9999136663230908
0,0,0.009399086385311853
1,1,0.9999683221382675
0,0,0.10867157287951512
0,0,0.04131617564193232
0,0,0.029851624168721284
0,0,0.05989878870812574
1,1,0.9999986485205823
0,0,0.02804805041214894
0,0,0.09411600824428669
0,0,0.00737004780987835
0,0,0.2772060912940177
0,0,0.03973782661868433
0,0,0.020944062533316914
0,0,0.004910665799037573
0,0,0.014156622897808334
0,0,0.0002000195013552052
0,0,0.0032150126047505393
1,0,0.43491026480415207
0,0,0.018236875493179573
0,0,0.06570421199302211
0,0,0.3057058479939884
0,0,0.034580374390415246
0,0,0.020915649905412743
0,0,0.0908092503163144
0,0,0.085211479782156
0,0,0.0024118708955244606
0,0,0.033255766810658005
0,0,0.05054815986738117
0,0,0.0038384448361708937
0,0,0.09880328796215106
0,0,0.0027045290788815404
0,0,0.024567566886650197
0,0,0.017776872464802806
0,0,0.01314465406923474
0,0,0.03952902570551488
0,0,0.00306213197458919
0,0,0.059874369703390405
1,1,0.9999944704924432
0,0,0.03261823859209248
0,0,0.12007815264888701
0,0,0.00743142181702613
0,0,0.03531916303248496
0,0,0.035381001757715046
0,0,0.01381273973557025
0,0,0.16102709449160227
0,0,0.1398654695913712
0,0,0.0015481558740194792
0,0,0.08398547548363
1,1,0.5375189828669111
0,0,0.0121688769735008
0,0,0.30663444814112767
1,1,0.9999979498821073
0,0,0.14764905805218734
0,0,0.1074512139914068
0,0,0.004052493679902078
0,0,0.007410886107941095
0,0,0.2056649339037517
0,0,0.014763370522404385
0,0,0.009124382316453988
0,0,0.006041880797107491
1,1,0.9999964734721614
1,1,0.9999966804291738
0,0,0.009613146231413683
0,0,0.050720758231538474
0,0,0.16031690902253184
0,0,0.36897291227475604
0,0,0.14611063204122818
0,0,0.0008861301330511723
0,0,0.0024118708955244606
0,0,0.008396296862212141
0,0,0.4125689092095945
1,0,0.06463408995914657
0,0,0.006536566793448568
1,1,0.9999974214555729
1,1,0.9999982935068383
0,0,1.944467113924749e-05
0,0,0.017965813555538942
0,0,0.38696131069951234
0,0,0.10472613616833769
1,1,0.9999977168367039
0,0,0.0209576918538339
0,0,0.014090427774419368
0,0,0.33588353448359326
0,0,0.033753367380416795
0,0,0.016331628962428523
0,0,0.33757266407542486
1,1,0.9999986485205823
0,0,0.27219484852515896
0,0,0.009189730404735747
0,0,0.00899241567052186
0,0,0.23616237830259154
0,0,0.03935546903642993
1,1,0.9999979498821073
0,0,0.17882900665896206
0,0,0.019700099501946757
1,0,0.08708979063206689
0,0,0.008172102926500027
0,0,0.1846505231432881
0,0,0.09398408084625788
0,0,0.010296183134777467
0,0,0.01564619561057507
0,0,0.06100898137292745
0,0,0.01277787899916935
0,0,0.10903456640025136
0,0,0.06547407123147199
0,0,0.022956841276696376
0,0,0.03664808931713547
0,0,0.01053721284906531
0,0,0.04584817441997763
1,1,0.9999962623084329
0,0,0.011493986143092893
0,0,0.04599553856947556
0,0,0.015209655604061175
0,0,0.01266832035936638
0,0,0.0026984593473834795
0,0,0.27463080116934935
0,0,0.17384133512924196
0,0,0.023854591984033165
0,0,0.00284232941468585
0,0,0.11991293570409652
0,0,0.3197547240121249
0,0,0.005320837603639925
0,0,0.0145327068127952
1,1,0.9999189774852734
0,0,0.00046005130171044634
0,0,0.2571275430573417
0,0,0.08132286783347617
0,0,0.0014466372337123739
0,0,0.14751274439143197
0,0,0.01795124307153817
1,1,0.8267804657419163
0,0,0.05739010137683098
0,0,0.0010983752132027215
0,0,0.0008957437386751539
0,0,0.055248019724297145
0,0,0.01710983612447995
0,0,0.021354601979708357
0,0,0.009470523148597766
0,0,0.04643861603132817
0,0,0.0545051879193613
0,0,0.004646350738710261
1,1,0.9999966804291738
0,0,0.22398579628069773
0,0,0.006765980301327661
0,0,0.001244503705196046
0,0,0.0028846446280267313
0,0,0.1511576259488432
0,0,0.017854621269726364
0,0,0.11061643083686536
0,0,0.09154041879120473
1,1,0.9875079819644476
0,0,0.08002119501878006
1,0,0.4838953707104241
1,1,0.9999974214555729
0,0,0.019153329640174327
0,0,0.011444508382507356
0,0,0.021925058345288455
0,0,0.004625833064724025
0,0,0.012555188821998714
1,1,0.9999977168367039
0,0,0.09587537687373118
0,0,0.0011992080438032397
0,0,0.2998363890085578
0,0,0.08851067778402577
1,1,0.9999974214555729
0,0,0.00342584836953127
0,0,0.07017345334042387
0,0,0.001115939222694087
1,1,0.9999970717796709
0,0,0.01049063902593649
1,0,0.392693747151585
0,0,0.00028078553957614443
1,0,0.04898416975313843
0,0,0.45116800234468946
1,0,0.1332164993204651
0,0,0.0037027673138991693
0,0,0.0169522101635671
0,0,0.028891464693607205
0,0,0.013032485513247597
0,0,0.4574334679210732
0,0,0.027298496435307865
0,0,0.11830654184773187
0,0,0.019026279700309904
0,0,0.049499645505756966
0,0,0.005848703016187285
0,0,0.0592791743087979
0,0,0.0057225510206494875
0,0,0.02358985601461705
0,0,0.08172617188739534
0,0,0.0069955410509381375
0,0,0.005619792179314454
0,0,0.01171095934454875
0,0,0.001713533943400033
1,1,0.9069910000535003
0,0,0.03770308159706417
1,1,0.9999974214555729
0,0,0.006430335072034873
1,1,0.9997971779411544
0,0,0.016850242472673128
0,0,0.028663247347814544
0,0,0.3420456423453575
0,0,0.0020314694813170727
0,0,0.044710178297773656
0,0,0.14125088270927316
0,0,0.00016748312332353374
0,0,0.005301568022825145
0,0,0.4283642491936939
0,0,0.189912539832503
0,0,0.00013468209117912866
0,0,0.054025942224580896
0,0,0.07808146998493087
0,0,0.007470790093583148
0,0,0.022639372062462446
0,1,0.5831836075250296
0,0,0.002845949790077001
0,0,0.023012030896378072
0,0,0.008252943368876256
1,1,0.9999977168367039
0,0,0.002746526525309837
0,0,0.005376160627667522
0,0,0.012369660317397559
0,1,0.5199029772217005
0,0,0.03208889943367587
0,0,0.00014579522529103786
0,0,0.03897639842657547
0,0,0.06558255753630854
0,0,0.03881850150496152
1,1,0.991914689131653
0,0,0.018832018271405116
0,0,0.004631550537602544
0,0,0.0016533485774869053
1,1,0.9999977168367039
0,0,0.011539980768852
0,0,0.00016022952021719963
0,0,0.004192900914377137
0,0,0.014736432616286738
0,0,0.0074237063471062174
0,0,0.03922964285134144
0,0,0.014157080545243951
0,0,0.10281335640342752
1,1,0.9999974214555729
0,0,0.00842222461390905
0,0,0.017629949583868595
0,0,0.008242399590658943
0,0,0.008791578793038206
0,0,0.016776704668548106
0,0,0.37650359408843415
1,1,0.7859560506795089
0,0,0.16264758658900366
0,0,0.020929272220183932
0,0,0.0033673323780720665
0,0,0.011477156800876033
0,0,0.1039116866032263
0,0,0.003735423317338925
0,0,0.028075222749386754
0,0,0.06135309321655603
0,0,0.062784078567876
0,0,0.009441232297373826
0,0,0.06732997620832207
0,0,0.02935649511033394
1,1,0.9272979541749549
0,0,0.05818694770330418
0,0,0.014402641081342458
0,0,0.06638229695931645
0,0,0.019183658329247465
0,0,0.0005538028298121646
0,0,0.008420013287643632
0,0,0.0028691431704391643
1,0,0.23388233295303132
0,0,0.08746730318093442
0,0,0.003278088455196268
0,0,0.0019928774971026118
0,0,0.07671782849189275
1,1,0.9999202663856797
0,0,0.09129643631261944
0,0,0.05240181557467497
0,0,0.30515959869438386
0,0,0.007860038369912236
0,0,0.12204047985355067
0,0,0.05115527461803915
0,0,0.11042145328693115
0,0,0.15643209360636068
0,0,0.003550461694213416
0,0,0.04149855987637523
0,0,0.12262024455899792
0,0,0.013952779434829516
0,0,0.001581425209321585
1,1,0.7464652489103235
0,0,0.008946297365380275
0,0,0.048414592356537105
0,0,0.02609043552800389
0,0,0.07634118234760347
0,0,0.00637382620754056
0,0,0.027049171999855754
0,0,0.14588753432491677
0,0,0.007594698812102436
0,0,0.15281979719195252
0,0,0.01951565261168444
0,0,0.11056769554423804
0,0,0.04910628994714885
1,1,0.5324584359880598
1,1,0.9999179870789711
0,0,0.05574819288475675
1,1,0.9999895053044824
0,0,0.058148475959205755
0,0,0.013814672400772415
0,0,0.183172177077665
0,0,0.17471325254867776
1,1,0.9999962625821728
0,0,0.0753204858250667
0,0,0.04882431733696479
0,0,0.013400626684631826
0,0,0.030635826411146625
0,0,0.001675566454660959
1,1,0.9999974214555729
0,0,0.011124274470781716
0,0,0.028114307286907548
0,0,0.028110843048882225
1,1,0.9999908487908399
0,0,0.2736078559546479
0,0,0.022616344397055343
0,0,0.034869496302522895
0,0,0.055095398698412394
0,0,0.07400735081781872
0,0,0.00246875045030244
0,0,0.08277463687025964
0,0,0.1179410457210289
1,1,0.9999974214555729
0,0,0.008255347962254352
0,0,0.09962108131565012
0,0,0.24704998137577208
0,0,0.01713279413256258
0,0,0.037420192417316235
1,0,0.43535025481087086
0,0,0.025860377066549773
0,0,0.2689764109011029
0,0,0.02028856181868181
0,0,0.17849581632395276
0,0,0.026074593449938385
0,0,0.036896854500534246
1,1,0.9999986485205823
0,0,0.4148215731370117
1,1,0.9888723987314043
0,0,0.00358051532141742
1,1,0.9999966804291738
0,0,0.004697139493537183
1,1,0.5331984464921559
0,0,0.18516922911461434
0,0,0.010173487285530858
1,1,0.9999964734721614
0,0,0.019599186784471825
0,0,0.05220695282756336
0,0,0.02882342873864007
1,1,0.9999977168367039
0,0,0.008399393137051774
0,0,0.015590999458461114
0,0,0.008468487321848664
0,0,0.0008157383220028431
0,0,0.023544378421805328
0,0,0.037191592231419414
1,1,0.9999964734721614
0,0,0.004709540341017597
0,0,0.009575535696836321
1,1,0.9999957814087109
0,0,0.07293550314120814
0,0,0.126160212183947
0,0,0.006486584147003745
1,1,0.9999986485205823
0,0,0.012516380489115981
1,1,0.997205758297487
1,1,0.9918113351086227
0,0,0.24321245370749683
0,0,0.2706866914138848
0,0,0.008911544536517818
0,0,0.01890894449841224
0,0,0.4384346224653828
1,1,0.9999944141014446
1,1,0.9999966804291738
1,0,0.37650359408843415
0,0,0.0566782160381915
0,0,0.018373366104791847
0,0,0.03447405772556254
1,1,0.9533830000307719
1,1,0.9999964734721614
0,0,0.02147142438958164
0,0,0.019300498853796613
1,0,0.3518513078224588
1,1,0.9999974214555729
0,0,0.014290854585625103
0,0,0.03878566011392623
1,1,0.9999964734721614
1,1,0.9939471618482246
0,0,0.008126964053564023
1,0,0.2402247504218668
0,0,0.013251919733948394
0,0,0.007131875778929253
0,0,0.011439999156336861
0,0,0.015343637566802423
0,0,0.013277982428913275
0,0,0.05569568705548101
0,0,0.010451036203591304
1,1,0.6470206141357484
0,0,0.010498529215218362
0,0,0.0032270907291110473
0,0,0.03179192303733637
0,0,0.013248057458230765
0,0,0.02332383381799949
0,0,0.1685263639846575
1,1,0.9999966804291738
0,0,0.3525265535767103
0,0,0.006997720927566113
1,0,0.4246602307831191
0,0,0.04193577450398677
1,1,0.9999974214555729
1,0,0.1539634715429337
0,0,0.018809363354807103
0,0,0.009862710098880024
0,0,0.022043859787657757
0,0,0.017491279288306537
1,0,0.3085440285330547
0,0,0.01175841081565938
0,0,0.04574190939039952
0,0,0.010894091484720848
0,0,0.00010785841877243651
0,0,0.10134289702513195
0,0,0.2518222293140481
0,0,0.01248361603396365
0,0,0.002941738540242072
0,0,0.04843066410489266
0,0,0.016683070421432116
0,0,0.05753174742896173
1,1,0.5667416401618698
0,0,0.01807609602644781
0,0,0.05499820903945258
0,0,0.0072346682189406075
0,0,0.019713973355301603
0,0,0.0050643459883302905
0,0,0.06482498071454006
0,0,0.0638504883986504
0,0,0.015313965589805682
0,0,0.041640972527495074
0,1,0.6212378806978907
0,0,0.004098790380540144
0,0,0.035723043995266386
1,0,0.3898173439343179
0,0,0.017816372025434797
0,0,0.03204708591547198
0,0,0.3234339757499142
0,0,0.0841138804030527
0,0,0.23182565539757538
0,0,0.2982757813101896
0,0,0.02499516273141287
0,0,0.011131715408490547
1,1,0.7862308554675355
0,0,0.08123817464459743
0,0,0.026598379845405556
1,1,0.834285085626008
0,0,0.021251766027862832
0,0,0.05232170787437948
1,1,0.9999966804291738
0,0,0.02362666344366937
0,0,0.020912777289174133
0,0,0.017173422571590404
0,0,0.03151271020898794
0,0,0.003216451535019544
0,0,0.05324722738068856
0,0,0.00010644615227228176
1,1,0.9916251591930009
0,0,0.008721495342041698
1,1,0.999087428160493
0,0,0.023547476042869595
0,0,0.24745717487073823
0,0,0.0009761783312696072
0,0,0.22740945817508285
0,0,0.004308169326315438
0,0,0.13841619680949846
1,1,0.9711914963526992
0,0,0.006413969198352148
0,0,0.04670129247163491
1,1,0.9999966804291738
0,0,0.015000458101327344
0,0,0.022450405346747263
0,0,0.024131515812417403
0,0,0.008496510810076543
0,0,0.010164832869207982
0,0,0.001205610029331197
0,0,0.0006478696507351558
0,0,0.022335813316762505
0,0,0.01915191533849733
0,0,0.09831679142350036
0,0,0.023637505718096016
1,1,0.9999974214555729
0,0,0.05979607871228587
0,0,0.007606494625693604
0,0,0.07413785904656411
0,0,0.03373531069072329
0,0,0.020481028068526908
0,1,0.5495236408088671
0,0,0.014855318574764076
0,0,0.010211997797385162
0,0,0.2484703301209468
0,0,0.09578972553722472
0,0,0.005871221109670066
1,0,0.23749853294171908
0,1,0.7843697520099856
0,0,0.004147264393658445
0,0,0.00019763720424381754
0,0,0.003025259313029811
0,1,0.5775137107009355
1,1,0.9999962625821728
0,0,0.05748244329968004
1,1,0.9999974214555729
0,0,0.0010547736361621485
1,1,0.9999962623084329
0,0,0.0010266134709784667
0,0,0.014005964615133974
0,0,0.1246341210407114
0,0,0.08132967875825317
0,0,0.004249541600746787
0,0,0.015064255206303015
0,0,0.0006052870146890543
1,1,0.8545988396228962
0,0,0.14872968733852565
0,0,0.03484298153346575
1,1,0.9778335444329522
0,0,0.040393730291054766
0,0,0.14832494486302208
0,0,0.03717803140166013
0,0,0.016323436845596364
0,0,0.20531041199126762
1,1,0.8296881671786454
0,0,0.0084106425501016
0,0,0.021345170060488174
0,0,0.148139428684622
0,0,0.05535340954730997
1,1,0.999915564608854
0,0,0.0050437085560093705
0,0,0.013829921123468435
0,0,0.12557757797385896
0,0,0.11719089261325238
0,0,0.2622689145229505
0,0,0.0012705735850118062
1,1,0.9999979498821073
1,1,0.9998908874303433
0,0,0.0137017769015243
0,0,0.04454276664440922
1,1,0.9999966804291738
0,0,0.017305074448519323
1,1,0.9999966804291738
0,0,0.003740647743636183
1,1,0.9998401822060774
0,0,0.040434006426698504
0,0,0.31860104892266655
0,0,0.07726807126940743
0,0,0.06810485862052884
0,0,0.008552332811034374
0,0,0.01375492612824939
0,0,0.022805156074149457
1,1,0.9999983935948057
0,0,0.02702215133982827
1,1,0.9999974214555729
0,0,0.16397716706967547
0,0,0.03554658503896986
0,0,0.12493132933856416
0,0,0.13067496465558712
1,1,0.9999974474866807
0,0,0.021643732791720844
0,0,0.48823418458306755
0,0,0.005717852398518946
0,0,0.005167910425618647
0,0,0.025768717785868846
0,0,0.05093525727145331
0,0,0.029427618533864164
0,0,0.05558397693911609
0,0,0.02280401583250216
1,0,0.43973581068251477
0,0,0.0592791743087979
0,0,0.040868045337694434
0,0,0.00572567182932016
1,1,0.9999979498821073
0,0,0.41466711996028255
0,0,0.38803054167504447
0,0,0.4055221666024881
0,0,0.001321334025308858
0,0,0.42921838600617873
0,0,0.05688501212417482
0,0,0.02362955696590141
0,0,0.019922369029205755
0,0,0.010200708559242058
0,0,0.04957505924616717
1,1,0.9999964734721614
0,0,0.13076817586418005
0,0,0.4562485818440692
0,0,0.002545821089240755
0,0,0.028940717440942173
0,0,0.2339072298418167
1,1,0.9846174988933576
0,0,0.058994002846164406
1,1,0.9999966804291738
0,0,0.03819176379007817
1,1,0.9999986485205823
0,1,0.7805639764821403
0,0,0.00422810020349568
0,0,0.02004673319659689
0,0,0.05339304880992866
0,0,0.005061091463909561
0,0,0.3459945408775349
0,0,0.08357975689652059
0,0,0.4549237215723787
0,0,0.02471020804497901
0,0,0.0004182329263910998
0,0,0.1987997519864846
0,0,0.006879387893402781
0,0,0.0356860957416935
0,0,0.014750733667975842
0,0,0.028496467658098275
0,0,0.014855318574764076
0,0,0.004733110228858761
0,0,0.004736247162758768
0,0,0.0029015162616506493
0,0,0.016742759699325337
0,0,0.1536058792014817
0,0,0.0715604618851066
0,0,0.0027433920715023738
0,0,0.0138008547907832
0,0,0.0184093455642858
1,1,0.9928735652619708
0,0,0.10154398449701327
0,0,0.017459736407796536
0,0,0.2087745004463423
0,0,0.005237927605424789
1,1,0.9999977168367039
0,0,0.07251959874672709
0,0,0.014760674564679643
1,1,0.9999974214555729
0,0,0.2664387724578412
0,0,0.03416049508424089
0,0,0.014439686427559604
0,0,0.015762314866322583
0,0,0.15739057205553764
0,0,0.00656104338319934
0,0,0.32704914817169584
0,0,0.01541431495882199
0,0,0.09817654846497913
1,0,0.2861365290888231
0,0,0.017307542501521087
0,0,0.06622252435262771
0,0,0.03407897350822467
0,0,0.013499221933307015
0,0,0.000473224559416277
0,0,0.002255507776429357
0,0,0.023956860279740953
0,0,0.3062974387307727
0,0,0.04594317238684213
0,0,0.021768994327498545
0,0,0.2648764536156916
0,0,0.033356578513014955
0,0,0.007422575491564292
0,0,0.08060204270036674
0,0,0.18207416222861023
0,0,0.03503513718035755
1,1,0.9736304696411827
0,0,0.37650359408843415
0,0,0.04836208014231078
0,0,0.027488512264070557
1,1,0.825560518114564
0,0,0.18353945292185964
0,0,0.017020335100956276
0,0,0.00323608374739589
0,0,0.20615267416401753
1,1,0.9911344989531045
0,0,0.10491901936173557
0,0,0.08735419975006593
0,0,0.16292571855650076
0,0,0.0798487928661291
0,0,0.18599591452067354
0,0,0.46818599205828687
0,0,0.022615617466355386
0,0,0.015228706806000861
0,0,0.007524634769735005
0,0,0.12074764280818011
0,0,0.0007157014117345708
0,0,0.024308036271514233
0,0,0.004530693415400878
1,1,0.9861248803357497
0,0,0.008421561402172994
1,0,0.10883063136400879
0,0,0.03750215700488221
0,0,0.002704984238259977
1,1,0.9999966804291738
0,0,0.2593693193141689
0,0,0.01562524174076332
0,0,0.09576581389530012
1,1,0.9999964734721614
0,0,0.3507905992911796
0,0,0.2541351212314457
0,0,0.045253328621294456
0,0,0.061550995761017156
0,0,0.02942896452399253
0,0,0.013702933266430817
0,0,0.17152948125628126
0,0,0.093707234170431
0,0,0.012025109394129483
0,0,0.00266203000145655
0,0,0.0025037621526446457
0,0,0.04504970876079417
0,0,0.01612217316456044
0,0,0.02239697597974318
0,0,0.37953446320466855
0,0,0.1065274207944345
0,0,0.01921584435780314
0,0,0.021085737113968526
0,0,0.01682763017511732
0,0,0.03164605235892899
0,0,0.013185950005715631
0,0,0.005909580129550506
0,0,0.028815678905645386
0,0,0.007375156201665989
1,1,0.9999966804291738
0,0,0.006353818925867458
0,0,0.017232814339800222
0,0,0.05345094503103814
0,0,0.06508786414231178
0,0,0.0317993605628634
0,0,0.003402043530340867
0,0,0.0009111765852880626
1,1,0.9485278381346939
0,0,0.03132527475419215
1,1,0.9999967421133994
0,0,0.010917765707448523
0,0,0.14637202415751757
0,0,0.03483562011521626
0,0,0.10356451929318257
0,0,0.007861911414262485
0,0,0.06909720262471976
0,0,0.18341247646072956
0,0,0.007534134240688338
0,0,0.0030492322638650702
0,0,0.12165046547177802
0,1,0.6485838975086406
0,0,0.06442636000434149
0,0,0.004731495411420358
0,0,0.115510144908803
0,0,0.023033445061751062
1,1,0.9999966804291738
0,0,0.004909191817135871
0,0,0.4145117647680367
0,0,0.3101495515818652
0,0,0.12182174314235435
0,0,0.0248797539283826
0,0,0.22198771901803924
0,0,0.3752478562649051
0,0,0.048257567620388374
0,0,0.0305988291680478
0,0,0.1145319307282333
0,0,0.14199351891554704
0,0,0.06745082588310286
0,0,0.2518994924864445
0,0,0.12508775869593397
0,0,0.179632562736562
0,0,0.0008315257375610996
0,0,0.008773391373120849
0,0,0.026807708203815624
0,0,0.0058769080445779534
1,1,0.9440120925099601
0,0,0.012145237295088939
0,0,0.004470050106429026
1,1,0.6876150495326153
0,0,0.0015675816964622283
1,1,0.998896702929033
0,0,0.034421112533916366
0,0,0.09900972166938563
0,0,0.015896415210589432
0,1,0.5548836139596504
0,1,0.6039724727623998
0,0,0.012646055726313976
1,1,0.9999970717796709
0,0,0.048619631510568966
0,0,0.004105279350244506
0,0,0.2833082283061808
0,0,0.011383006000109126
0,0,0.006283841249280455
0,0,0.05898053884927372
0,0,0.017448258409386946
0,0,0.01010442891722253
0,0,0.04201283085275837
0,0,0.0012049804078945376
0,0,0.003770834245565427
0,0,0.01460317188288656
0,0,0.01057282070330925
0,0,0.0006462527903417826
0,0,0.0014971913304324424
0,0,0.038321938606877284
0,0,0.025257937694267853
0,0,0.04208788681530663
0,0,0.25857995619466534
0,0,0.009302436227388357
0,0,0.135935139868951
0,0,0.03939273552639311
0,0,0.023637505718096016
0,0,0.18189530940018286
0,0,0.01543009790528171
0,0,0.004111768872960761
0,0,0.012528273892112122
0,0,0.0030996285002893075
0,0,0.052213956644359565
0,0,0.020345791510891584
0,0,0.002746024112165151
1,1,0.9999906755245695
0,0,0.004400346825131599
0,0,0.011762983791499591
1,1,0.9899704610947951
0,0,0.0018269331168630765
0,0,0.38809283360657065
0,0,0.005309578230795881
0,0,0.018498128204350168
0,0,0.03559771689056455
0,0,0.002205998050441605
0,0,0.03999516050625625
0,0,0.4536900784317333
0,0,0.136304206957338
0,0,0.006521290881757488
0,0,0.0415612581488364
0,0,0.006287416962860497
0,0,0.03385662669334977
0,0,0.12802215443121256
0,0,0.01564674042020109
0,0,0.0003542728498988581
0,0,0.021854875765176005
0,0,0.014665805084936225
0,0,0.06549846966371156
0,0,0.14810327067650608
0,0,0.2758164807834774
0,0,0.024367478370417597
0,0,0.0010520358513359082
0,0,0.014385104661590608
0,0,0.11170457719960289
0,0,0.3085440285330547
0,0,0.04736638677520236
0,0,0.0038837540394101363
0,1,0.7034750892251618
0,0,0.08135425906174457
0,0,0.006500368238259488
0,0,0.46617580459864905
0,0,0.02304704425456028
1,1,0.9999962625821728
0,0,0.007845569945153289
0,0,0.37650359408843415
0,0,0.010014956579781282
0,0,0.37650359408843415
1,1,0.9999974214555729
0,0,0.49938855740782306
0,0,0.010827642862500023
0,0,0.012498871878145974
0,0,0.02253919996088381
0,0,0.022750275365781513
0,1,0.6240766073425007
0,0,0.23361190396617287
0,0,0.17503432245102785
1,1,0.9999967421133994
0,0,0.0457501155253513
0,0,0.007662619276468727
0,0,0.0025887339216809514
0,0,0.10968648395393511
0,0,0.020972195653076054
0,0,0.018498128204350168
1,1,0.99991219992593
1,1,0.9999780619684105
0,0,0.020793900323670626
0,0,0.008647997712189702
0,0,0.06331867622287751
0,0,0.1323031437472424
0,0,0.01572641405983951
0,0,0.049021877631958526
0,0,0.007716579294930086
1,1,0.9999986485205823
0,0,0.01297130084565677
0,0,0.002965373923302178
1,1,0.9933446644714555
0,0,0.1240368966251267
0,0,0.19995960314742445
0,0,0.01941044464985651
0,0,0.006770642433744519
0,0,0.08220237245187871
0,0,0.034504120637715574
0,0,0.004526673159057073
0,0,0.03196079085223462
0,0,0.017265360981296857
0,0,0.0841471794955617
1,1,0.9999979498821073
0,0,0.001910310366998588
0,0,0.11318479245796455
1,1,0.9702177716833994
0,0,0.09390111537393074
0,0,0.1820480038428303
0,0,0.10300747694375395
0,0,0.0017567923359970575
0,0,0.002945039712279801
1,1,0.9999986485205823
1,1,0.9999967421133994
1,1,0.9999944141014446
0,0,0.001665251222386823
0,0,0.3428130398368351
0,0,0.34208773234782947
0,0,0.270410130820451
0,0,0.000978428826792501
0,0,0.1855391173894958
0,0,0.3406095007466941
0,0,0.021270920305825104
0,0,0.0070806857921905655
0,0,0.135347238222876
0,0,0.009839080110128387
0,0,0.03564476981149871
0,0,0.06668031235447004
0,0,0.16163225983973079
0,0,0.017170931240699593
1,1,0.9999966804291738
0,0,0.009701336495489243
0,0,0.017267812718708007
0,0,0.000856542995887152
0,0,0.009194835614085963
0,0,0.05691414171482618
0,0,0.27857150559915905
0,0,0.03394648017459475
0,0,0.01113604513783321
0,0,0.00699165468619532
0,0,0.03110686777362982
1,0,0.24766013209189663
0,0,0.10030969270672223
0,0,0.02011976168194521
0,0,0.04041116737798277
0,0,0.1622487720092006
0,0,0.1572585372875799
0,0,0.07442013991516931
0,0,0.02760961399304943
0,0,0.0723656153976006
0,0,0.026388610487507517
1,1,0.999998765996982
0,0,0.15570077863047577
1,1,0.8743841667998125
0,0,0.006374632554138296
0,0,0.018495947982650477
0,0,0.03110686777362982
0,0,0.010512636500199775
0,0,0.018955601126238356
0,0,0.03362841806824638
0,0,0.005472119169476595
1,1,0.9787556601132572
0,0,0.003237300513601281
1,0,0.39482236472997395
0,0,0.01701111328926036
0,0,0.08928668959641285
1,1,0.9999977168367039
0,0,0.2024074079353036
0,0,0.005353309418133159
0,0,0.06640932141446447
0,0,0.30574620073916664
0,0,0.029365163720603736
0,0,0.0026458668966894455
0,0,0.19093704223408065
0,0,0.030408267766372964
0,0,0.25044622392116667
0,0,0.10212879033830118
0,0,0.06924641174674898
0,0,0.017116342206229648
0,0,0.25044622392116667
0,0,0.11248885421536005
0,0,0.007485256434441659
0,0,0.1558607046833917
0,0,0.0003347198550033672
0,0,0.0958975932829903
0,0,0.48239297332980174
0,0,0.002362995216444196
0,0,0.022004196183389793
0,0,0.0009513769170364535
0,0,0.01015109836044939
0,0,0.01774098611194328
0,0,0.025920528645731113
0,0,0.02429285365345385
1,1,0.9999967421133994
0,0,0.19823427028722432
0,0,0.07237142272598265
0,0,0.05758700252613068
0,0,0.13777488429141213
0,0,0.00855175064588251
1,1,0.9999974214555729
0,0,0.2115629424972161
0,0,0.0022456658718673648
0,0,0.05838353044742437
0,0,0.003639428672574236
0,0,0.13468631608059137
0,0,0.10564101639129034
0,0,0.0024863776055406733
0,1,0.5656968114793653
0,0,0.04633374557199405
0,0,0.15528504677710003
0,0,0.04426222781701277
0,0,0.024367478370417597
0,0,0.029619664889742388
0,0,0.0027783183042687522
0,1,0.5872776125830943
0,0,0.014349309588893923
0,0,0.21174060366140507
0,0,0.04069286666411986
0,0,0.014191750084725799
0,0,0.025224441083670897
0,0,0.05880545310135871
0,0,0.019190322170025843
0,0,0.026164764563434563
0,0,0.012642223908512024
0,0,0.06206961085381785
0,0,0.041664276133441674
0,0,0.08357975689652059
0,0,0.002083390826835836
0,0,0.013435719090689843
1,0,0.09735185894641914
1,1,0.9999989875016777
0,0,0.012322014530835285
0,0,0.03229249266220709
1,1,0.9999964734721614
0,0,0.005403411905607444
0,0,0.01969625795207438
0,0,0.10096731965721602
1,1,0.9999974214555729
0,0,0.012961192389927444
0,0,0.13312405160211768
0,0,0.2196025431311375
0,0,0.018498128204350168
0,0,0.027796631308945493
0,0,0.06914153394314938
0,0,0.07698152324420951
0,0,0.021553232893576323
0,0,0.031211229275128385
0,0,0.2075078721821551
0,0,0.3085440285330547
0,0,0.15458668714566326
0,0,0.11515590903042162
0,0,0.0004570824082578307
0,0,0.026143882747777642
0,0,0.001602941830666954
1,1,0.9999974214555729
0,0,0.012667499171980342
0,0,0.003739969006532778
0,0,0.024896981893251294
0,0,0.05990338066791722
0,0,0.00027801040162112235
0,0,0.0035130824693090116
0,0,0.03255893423357163
0,0,0.005414918482359299
1,1,0.9999986485205823
0,0,0.12882968892482533
0,0,0.004606007222517286
1,1,0.9721118077323558
0,0,0.2688376020115
1,1,0.9999974214555729
0,0,0.012698960880485678
0,0,0.10336204507107993
0,0,0.0010269200634784655
0,0,0.009970072737666508
1,1,0.9999966804291738
0,0,0.09542937424839117
0,0,0.020817853746994512
0,0,0.015428176918487293
0,0,0.11359376386675978
1,1,0.9999989875016777
0,0,0.019183658329247465
1,1,0.999995874961105
0,0,0.14424983165132488
0,0,0.07748093507300073
0,0,0.07061089304928243
0,0,0.08112366400701643
0,0,0.021881652145131936
0,0,0.001423688811237849
1,0,0.3442514335518734
0,0,0.005129520739131088
0,0,0.018064305504230008
0,0,0.15559413897093216
0,0,0.019026279700309904
0,0,0.011353379194004847
0,0,0.09520554478561948
1,1,0.9999966804291738
0,0,0.003503046938655418
0,0,0.009470139676359225
0,0,0.07688757481071945
0,0,0.02746832226351671
0,0,0.3704889264471014
1,1,0.9999964734721614
0,0,0.06495407930135746
0,0,0.028732033100958006
0,0,0.10632786258115541
0,0,0.001050108383833681
0,0,0.0011147139620367704
0,0,0.05223341305482296
0,0,0.010758426926186787
1,1,0.9999911655392478
0,0,0.013239585740809941
0,0,0.029023789342276132
0,0,0.0018401035058175706
0,1,0.5064671046304259
1,0,0.472473710546024
0,0,0.027008250110599184
0,0,0.012034696116641123
1,0,0.3148250258342078
0,0,0.015392033881189262
0,0,0.0022835605980394895
0,0,0.010861239501021532
0,0,0.003803145937862461
0,0,0.1572978806810815
1,1,0.9612832545081437
0,1,0.586481249601888
0,0,0.021546113651216923
0,0,0.02239697597974318
0,0,0.02340037578046213
1,1,0.9999966804291738
1,0,0.4710090298004616
0,0,0.027946327488671284
0,0,0.04975511382464249
0,0,0.005609940307013344
0,0,0.03586569545682928
0,0,0.01307103815241595
0,0,0.0326041565499896
0,0,0.08093680168372147
0,0,0.04327542109449166
0,0,0.008753209138892654
0,0,0.05377906771583701
0,0,0.38617157773367145
0,0,0.045864651474886074
0,0,0.0443230829951497
1,1,0.9999966804291738
0,0,0.016073391317556605
0,0,0.004275474369549485
0,0,0.12713092720722488
0,0,0.0008157383220028431
0,0,0.026217002306592223
0,0,0.003522703748783137
0,0,0.27467365237934604
0,0,0.001058382323586128
0,0,0.022287948359798356
0,0,0.0017480525391769316
0,0,0.16158564947001722
0,0,0.013243199133451136
0,0,0.02368715300034943
0,0,0.01257240122374925
0,0,0.02972873758980049
1,1,0.9999957586278144
0,0,0.0626429578487712
0,0,0.35526315635646205
1,1,0.830665865792966
0,0,0.021464589229203582
0,0,0.05772730462669081
0,0,0.09385294482268679
1,1,0.9999903889024351
0,0,0.013024378496265478
1,1,0.9999974214555729
0,0,0.005479112551465942
0,0,0.05986118927847865
1,1,0.9999986485205823
0,0,0.028584923968185336
0,0,0.019646786299706957
1,0,0.06180075994544848
0,0,0.1061677458675208
0,0,0.0002181541982804076
1,1,0.5019009647385011
1,1,0.9119246574573284
0,0,0.2188036526293373
0,0,0.011156616742449419
1,1,0.9845356523448333
0,0,0.019455724432687994
0,0,0.145499036417631
0,0,0.0010151048854201035
0,0,0.0006196452829512971
0,0,0.0034367040539692905
0,0,0.00021748012169534327
0,0,0.048494383988485025
1,1,0.9916232313589091
0,0,0.0007305113929565725
0,0,0.05489630327600935
1,1,0.9446536234879657
0,0,0.0022642920514631187
0,0,0.024462103658444173
0,0,0.0016182030865115919
0,0,0.001330761542366076
0,0,0.020530899054558086
0,0,0.15073661085126477
0,0,0.020907117645317566
1,1,0.7978533083135148
0,0,0.011760802286855464
0,0,0.04255442932260362
1,1,0.9999974214555729
0,0,0.029332837259919566
1,1,0.9999974474866807
0,0,0.024803767541093556
0,0,0.01672451481864576
0,0,0.0016452303830317315
0,0,0.02040868435851789
0,0,0.01175193289442526
1,1,0.9999967421133994
0,0,0.007884148059800162
0,0,0.3085440285330547
0,0,0.0017441479511626137
0,0,0.01887936865716285
0,0,0.06002685484484393
0,0,0.07298658066835285
0,0,0.061736842632792215
0,0,0.33562990824074557
0,0,0.01845390883175162
0,0,0.37650359408843415
0,0,0.005000140940135976
0,0,0.0001674078519845126
0,0,0.0004308301550342216
0,0,0.3213019026442266
0,0,0.014019949220308464
0,0,0.031006648893831555
0,0,0.13276146857970267
0,0,0.019337839169835204
0,0,0.019201651961810312
0,0,0.0005603254010986654
1,1,0.9999967418747816
1,0,0.36764259557480894
0,0,0.038285952771628336
0,0,0.07262194770037868
0,0,0.06576556472953488
0,0,0.009454179582127494
0,0,0.004864537081204123
0,0,0.06556489133316118
1,1,0.9999966804291738
0,0,0.010995292694894424
0,0,0.2556538890694266
0,0,0.05942403975529702
0,0,0.0014548312950536009
0,0,0.07741854672153516
0,0,0.009094842841590334
0,0,0.01599542470947725
0,0,0.09858554066149487
0,0,0.01726385801686973
0,0,0.015684694574899034
0,0,0.021999135830443564
0,0,0.23185187285164063
0,0,0.009326684494448827
0,0,0.051659343336852764
0,0,0.012824847839069049
0,0,0.012928682372602345
0,0,0.13371362231592135
0,0,0.1904924882621327
0,0,0.011475331253946675
0,0,0.08951514047318049
0,0,0.04670881254287403
0,0,0.021094613931875356
0,0,0.03738829363085878
0,0,0.051283442661163844
0,0,0.14121507468328967
0,0,0.002612298007671503
0,0,0.0014509950516251597
1,1,0.9999974214555729
0,0,0.009520306131914645
0,0,0.024996001601573656
0,1,0.7737121796586405
0,0,0.09912839373966364
0,0,0.0036861405181202005
0,0,0.10826184335113034
0,0,0.022748218535928098
0,0,0.15655424013865746
1,1,0.9308439508930219
0,0,0.17154171148284283
0,0,0.020119204850360253
0,0,0.0027011958814134136
0,0,0.030021145390505637
0,0,0.042823549998388354
0,0,0.017305074448519323
0,0,0.0441810426265846
0,0,0.33827085810739704
0,1,0.5661307382942131
0,0,0.028780640361168064
0,0,0.02754485066970784
0,0,0.46330177469851497
0,0,0.040360143947836456
0,0,0.032979887543347845
0,0,0.034580374390415246
0,0,0.09992931179545157
0,0,0.03506329496542057
1,1,0.9999966771807174
0,0,0.06859896387668886
0,0,0.0015238590846412823
0,0,0.03090974232267989
0,0,0.004242797704839724
0,0,0.02311843131654464
0,0,0.008454723347453705
0,0,0.1563597229075739
0,0,0.018264781013861326
0,0,0.013978935725086463
0,0,0.150203765181882
0,0,0.10740297773722435
0,0,0.027948772764645476
1,1,0.6217428154620521
0,0,0.2001517426133444
0,0,0.011674026146748081
0,0,0.020093728288852312
0,0,0.05772730462669081
1,1,0.9999977168367039
0,0,0.17858534657390993
0,0,0.050242046313640217
0,0,0.016940388054512482
0,0,0.07533180749814203
0,0,0.0055266088182697876
0,0,0.04505765824458439
1,1,0.999915564608854
0,0,0.010690088267594553
0,0,0.4524535944740171
0,0,0.018941099415489854
0,0,0.007050514121727424
0,0,0.02406663748007041
0,0,0.09432386748331338
0,0,0.40242295170865655
1,0,0.3771872815584534
0,0,0.032161410262395794
0,0,0.002874644261476499
0,0,0.03333050877969644
0,0,0.46818599205828687
0,0,0.022982269626849114
0,0,0.016969189417958698
1,1,0.9999986485205823
0,0,0.0028830726474854945
0,0,0.0804749096046335
0,0,0.20863868111551237
0,0,0.03568245797740973
0,0,0.02601082702406515
1,1,0.9421347950628655
0,0,0.021845312461226885
0,0,0.03575816799713335
0,0,0.16560653755400767
0,0,0.28993924898849666
0,0,0.03360366488763602
0,0,0.04213922635459428
0,0,0.020546452996018653
0,0,0.013282805019926387
1,1,0.9999966804291738
0,0,0.009817977596519777
0,0,0.08587238653343994
0,0,0.000951428390187197
1,1,0.9999944704924432
0,0,0.3018356245130322
0,0,0.18001523556591512
0,0,0.007876315772015278
1,1,0.9999957814087109
0,0,0.02659346748151492
0,0,0.32521023332984167
0,0,0.021196527833220416
0,0,0.003394633787803863
0,0,0.10669628149518383
1,0,0.17780623082539684
0,0,0.08919643503725856
0,0,0.02065480302315088
0,0,0.0014152731158414325
0,0,0.14039881252456238
0,0,0.20293641220279954
0,0,0.011569185738771373
0,0,0.01297130084565677
0,0,0.015206025308126918
0,0,0.01739172106641077
0,0,0.11697737953996808
0,0,0.0074765896498182995
0,0,0.005191945807432288
1,0,0.34093247505811103
0,0,0.0591456106080354
1,1,0.6097809549315302
0,0,9.023383930454266e-05
0,0,0.0013130845914861061
0,0,0.043886820379151106
0,0,0.018377147761415802
0,0,0.08163520955267758
0,0,0.017000323774855153
0,0,0.02051089704903434
0,0,0.055867799900819116
0,0,0.011864087175561321
0,0,0.00019359470040309593
0,0,0.004346381864598094
0,0,0.4549237215723787
0,0,0.14666553830681597
0,0,0.0001073170967230838
0,0,0.007696451971270075
0,0,0.13012612611596855
0,0,0.02858457635793631
1,1,0.9999971242915849
0,0,0.08560001650967079
0,0,0.13800888137562106
0,0,0.10711999924308274
0,0,0.06574121172404675
0,0,0.0034300743473601875
0,0,0.04363671788091887
0,0,0.4743474611824561
0,0,0.00829926921886814
0,0,0.01936413928169254
0,0,0.08895284263221682
1,1,0.9999962625821728
0,0,0.016805037557218887
0,0,0.005267488435971429
0,0,0.4230467062228313
1,1,0.9999986485205823
1,1,0.974477823963614
0,0,0.2515048469061601
0,0,0.1677208539146826
1,1,0.9938607759405722
0,0,0.037827163608953586
0,0,0.06116838664727217
0,0,0.12091346418985412
0,0,0.005779671585439622
0,0,0.05580075183114412
0,0,0.13330573925317718
0,0,0.038914883120641855
0,0,0.008008840902236658
1,1,0.9989058505717952
0,0,0.07335164525986852
0,0,0.0012405935505383876
0,0,0.00032899946993939004
1,1,0.9999966804291738
0,0,0.03581437263085116
0,0,0.03968114163333823
1,1,0.9911961287324415
0,0,0.10678837156460759
0,0,0.01184901245489496
0,0,0.01794525774436251
1,1,0.982772865851167
1,1,0.9999761499719177
0,0,0.3085440285330547
0,0,0.013029263414333251
0,0,0.0042519380528723
0,0,0.021561440830225403
0,0,0.016253647488456896
0,0,0.16691651474000624
0,0,0.0017842928025887518
0,0,0.03838470508278728
0,0,0.2077024431003429
0,0,0.0062320995958537505
0,0,0.001205610029331197
0,0,0.0007146774364305736
0,0,0.07756223603812024
0,0,0.23288942880410748
1,1,0.9999971242915849
0,0,0.08833450590894212
0,0,0.014920005363860154
0,0,0.07972178404153488
1,1,0.9999977168367039
1,1,0.9871051881944806
0,0,0.03556828879940024
0,0,0.011477044718747241
0,0,0.006705774527076307
0,0,0.032170958380710026
0,0,0.18427147689022938
0,0,0.05590832305753394
0,0,0.0017791336082565337
0,0,0.03136805087636776
0,0,0.01287534410109192
0,0,0.02210833629395845
0,0,0.0012067592076391474
0,0,0.1452393750230891
0,0,0.27157212106877815
0,0,0.2154232383221284
0,0,0.02928257895360862
1,1,0.999998765996982
0,0,0.31851178941620867
0,0,0.0005249823863509267
0,0,0.05894939278007526
0,0,0.09742526064876755
0,0,0.004975278689279066
0,1,0.5853682492012663
0,0,0.0015345957406519952
1,1,0.9999957589384425
0,0,0.006673112284737856
0,0,0.03406488867858043
0,0,0.004819428133375467
0,0,0.017232814339800222
0,0,0.020212864733295414
0,0,0.3085440285330547
1,0,0.09412729309982293
1,1,0.9999966804291738
0,0,0.00040559186674447964
0,0,0.026404788381990903
1,1,0.9510507370909809
1,1,0.9999967421133994
0,0,0.01712901020648772
0,0,0.039128560234502986
0,0,0.015694164713604613
0,0,0.05976920191428535
0,0,0.010649067519919321
0,0,0.0009097211083322811
0,0,0.13161178991728129
0,0,0.027708072011101002
0,0,0.09342814971201996
0,0,0.011831013562347108
0,0,0.21508807242518665
0,0,0.03857961251677546
0,0,0.12210761522200325
1,1,0.9877880111621803
0,0,0.01968581091035006
1,1,0.5255383958377363
0,0,0.2966945161489687
0,0,0.0036091753370845483
1,1,0.9999974474866807
0,0,0.18681816730897283
0,0,0.004563977221437432
0,0,0.004121424318490047
1,1,0.9999944141014446
0,0,0.025082503510948238
0,0,0.005059315985341496
1,1,0.9999944704924432
0,0,0.0466410585309745
0,0,0.033439588216314604
0,0,0.14834554004292375
0,0,0.2295009863094837
0,0,0.048295629033389964
0,0,0.000994376486513174
0,0,0.0567799124569588
0,0,0.006380870812108238
0,0,0.3580466051732005
1,1,0.9999976650563936
0,0,0.007460079359097203
0,0,0.02648600973476767
0,0,0.07514830999324407
0,0,0.018715265018363254
0,0,0.08284950781176988
1,1,0.782430184726573
0,0,0.06566539004992979
0,0,0.0011508723445399092
0,0,0.021209033173652598
0,0,0.009806786761675169
0,0,0.30697963483006213
0,0,0.004007230521368162
0,0,0.011020879029297525
0,0,0.0069414466732085215
0,0,0.06003015391914314
0,0,0.017593675534122576
1,0,0.4549237215723787
0,0,0.0010910713653901126
0,0,0.025535281027818428
0,0,0.10107348139044191
0,0,0.04402146537306437
1,1,0.999500964926823
0,0,0.015122012766526279
0,0,0.06484086558928503
0,0,0.0037797825788042977
0,0,0.03797713790526755
0,0,0.010082020389304861
0,1,0.5802262319712729
1,1,0.9999974214555729
0,0,0.301443637058944
0,0,0.021120917200136768
0,0,0.1028702824564383
0,0,0.06270503988204966
0,0,0.3802161711807476
1,1,0.9999974214555729
0,0,0.0030729143869724865
1,1,0.9999964734721614
0,0,0.09927163633065975
0,0,0.0037276889545312863
0,0,0.11193946922980859
1,1,0.6882591650668796
0,0,0.07926034927744027
0,0,0.0030679409204487024
0,0,0.017587261835983296
0,0,0.004819428133375467
0,0,0.055969561425039865
0,0,0.34674060287526537
1,1,0.9361175766698338
0,0,0.023016387772311877
0,0,0.004341210667219926
1,1,0.9999966804291738
0,0,5.9026036049484314e-05
0,0,0.0031278949348282144
0,0,0.4100835339185376
0,0,0.021628991337305406
0,0,0.012708536596645548
0,0,0.005890137691744035
0,0,0.009637675294711026
0,0,0.15501390822795463
1,0,0.10002453922574125
0,0,0.0023737518063740655
0,0,0.02388954431169917
0,0,0.10581909464669378
0,0,0.0001329621542166925
0,0,0.005066148446313433
0,0,0.008996186545643724
0,0,0.009959068512206034
0,0,0.04077484570199108
1,1,0.7860029317014926
0,0,0.00456185573233919
0,0,0.026802059827851686
0,0,0.009120262643183467
0,0,0.04435909369232518
0,0,0.007110897125637912
0,0,0.12502206464382443
1,1,0.9999974214555729
0,0,0.17151430666993134
1,0,0.008468966381148958
0,0,0.0916843726676066
0,0,0.008767174765999213
0,1,0.5808828420486507
0,0,0.017224260750785786
1,1,0.9999967418747816
0,0,0.00256772486299801
0,0,0.07224551911424307
0,0,0.0009055003787867474
0,0,0.011284726284063995
0,0,0.00011893161454564501
0,0,0.009472933783024044
0,0,0.005208427129240865
0,0,0.34400094800276404
0,0,0.00032974484836502285
0,0,0.04999979347025997
0,0,0.048086957127083586
0,0,0.010081810299529937
0,0,0.026913982781500107
0,0,0.1676998010561945
0,0,0.22851831926321883
0,0,0.03454802927734864
0,0,0.04832363213917328
0,0,0.0013945166688477193
0,0,0.02923101952001819
0,0,0.03666726277078118
0,0,0.032991261695884164
0,0,0.007663465391594724
0,0,0.03832752034982101
0,0,0.14955312176226554
0,0,0.011483129101465562
0,0,0.0014442842720778582
0,0,0.015196585791861235
0,0,0.11021367201313574
0,0,0.013123975099960418
0,0,0.04893502928903614
0,0,0.06541165062960999
0,0,0.012803668043584788
0,0,0.0034707586442160026
0,0,0.03825137480220434
1,1,0.9909608094892726
0,0,0.017729451568318864
1,1,0.999997854936797
0,0,0.003042566412621331
0,0,0.04644806932769297
0,0,0.059435454781173486
1,1,0.9999966804291738
1,1,0.9310536203322759
0,0,0.018145997533324628
0,0,0.04475696091733897
0,0,0.31860104892266655
0,0,0.035118151908208606
0,0,0.36622881072602714
1,1,0.9999966804291738
0,0,0.2656135780460165
0,0,0.010979758588197382
0,0,0.01167457709871892
1,1,0.999998765996982
0,0,0.08753026819697841
1,1,0.999998765996982
0,0,0.0017951218006494658
0,0,0.07062243058620493
0,0,0.07374880850765708
0,0,0.0006806271120737406
0,0,0.009993054477197375
0,0,0.020133424941476352
0,0,0.015640539554151674
0,0,0.008605420299686294
0,0,0.036758313729803066
1,0,0.48883134221183805
0,0,0.04623012637038446
0,0,0.020524381776918343
0,0,0.001665251222386823
0,0,4.6352252097627366e-05
1,0,0.4063050172046188
0,0,0.00391291592508815
1,1,0.9928735652619708
0,0,0.0052431788582193856
0,0,0.1736009619768678
0,0,0.0032601104780676147
0,0,0.1453468034172845
0,0,0.03430404976041418
0,0,0.02215739839896908
0,0,0.029261087341231836
0,0,0.06638270843277136
0,0,0.46818599205828687
0,0,0.22253304792103326
0,0,0.005842094569394346
0,0,0.10174482584595186
0,0,0.02282575191535116
0,0,0.07204420398428497
1,1,0.9869981756207715
0,0,0.005305855560695375
0,0,0.0019313025333950295
1,1,0.9999977168367039
0,0,0.010814337266278506
1,1,0.9999989875016777
0,0,0.026714977428767498
0,0,0.0028899968689240925
0,0,0.07875310258867835
0,0,0.011567251916152804
0,0,0.00983067119485124
0,0,0.46818599205828687
1,1,0.9892346973047078
0,0,0.023223212024363615
0,0,0.41705850547420703
1,1,0.8831775819733255
0,0,0.04079736861006986
0,0,0.30984471090586496
0,1,0.780956356923585
0,0,0.020536048337515097
0,0,0.04319282634635088
0,0,0.009894164963540616
0,0,0.03606767493811365
0,0,0.04831565544003028
0,0,0.05373965784981001
0,0,0.3680286000826054
0,0,0.013647979901252888
0,0,0.0015429141971676412
0,0,0.0088023279069596
0,0,0.022433397651902
0,0,0.3151901868219028
0,0,0.005409747219934262
0,0,0.06981226778827523
0,0,0.04742220714415755
0,0,0.027161789504472088
0,0,0.006148870325952148
0,0,0.040490001867153375
0,0,0.2044893567108553
0,0,0.07955778882237312
0,0,0.014723664502104996
0,0,0.06178556030955663
0,0,0.01902892548316295
0,0,0.018110136815942722
0,0,0.002217584514505591
0,0,0.4397636541503871
0,0,0.0604006931459889
0,0,0.019188162208013646
0,0,0.03457272647468222
1,1,0.9999974474866807
0,0,0.4924305080409625
0,0,0.019585263551284746
0,0,0.014843752838611616
0,0,0.012338179224169988
0,0,0.016437930388770665
0,0,0.02581339397091869
0,0,0.05910822670607316
1,1,0.9999966804291738
1,1,0.9999966804291738
0,0,0.00299135272314009
0,0,0.007819855971778877
0,0,0.025257937694267853
0,0,0.040199137387074195
0,0,0.021616516351937225
1,1,0.9999967418747816
0,0,0.009969498210446934
0,0,0.24671166871383093
0,0,0.3087470027890196
0,0,0.0012197387730164405
1,1,0.7788783461461795
0,0,0.02103546382481243
0,0,0.0029958711309077523
0,0,0.003424011221161314
1,1,0.9999977168367039
0,0,0.018561002878296946
0,0,0.04033623252791814
0,0,0.01500608162535043
0,0,0.2528339436947612
0,0,0.0005656885192722664
0,0,0.06654015102775498
0,0,0.0013390780517516874
0,0,0.38369953662899603
0,0,0.04240396102268086
0,0,0.0019893111279191238
0,0,0.2519896280700734
0,0,0.2217421193736822
0,0,0.05981281717869613
1,1,0.9999967421133994
0,0,0.2858699333037115
0,0,0.02054141218330677
0,0,0.0659029954432394
0,0,0.05814252570628211
1,1,0.9999981310497241
0,0,0.4717727308243111
0,0,0.0034920265747305133
0,0,0.0015107392731755428
1,1,0.999998765996982
0,0,0.011285266984618568
1,1,0.9999974474866807
0,0,0.01215782336651419
0,0,0.3179609371864236
0,0,0.28664934665612674
0,0,0.005134889524033417
0,0,0.11574955796323715
0,0,0.05387501739469028
0,0,0.04643861603132817
0,0,0.0058484212806303925
0,0,0.05820209959757788
0,0,0.14531518652583825
0,0,0.0102059376449992
0,0,0.018424265818418092
0,0,0.16711053792080482
0,0,0.02278500998452199
0,0,0.011184194544002074
0,0,0.01723995904180692
1,1,0.9297806903551831
0,0,0.16110649521888773
0,0,0.25553917673666054
0,0,0.026396994928944692
0,0,0.03849947191950334
0,0,0.0754130924664769
1,1,0.6822224326459823
0,0,0.01407110265232525
0,0,0.4392617843137294
0,0,0.00020792201998017144
0,0,0.09240513231532721
0,0,0.04053286058322493
1,1,0.9999974474866807
1,1,0.9851517155842525
0,0,0.03567937644271334
0,0,0.11240929702240093
0,0,0.024366055754574373
1,1,0.5941051353733484
0,0,0.37650359408843415
0,0,0.3085440285330547
0,0,0.20999200765002698
0,0,0.3352195477187466
1,1,0.5579100653716433
0,0,0.009576317636289359
0,0,0.008620009394750135
0,0,0.01995990563837764
0,0,0.024937854964674457
0,0,0.05308637511454889
1,1,0.9998007565848427
0,0,0.17077332291746622
0,0,0.01348451662307429
0,0,0.08119920726960164
0,0,0.018521965866075976
0,0,0.3420501842159008
0,0,0.025629246719551812
1,1,0.9999974214555729
0,0,0.11918309944444468
0,0,0.016805906766953246
0,0,0.00023121312074454066
0,0,0.003038993244362104
0,0,0.0010452963439130769
0,0,0.004730537344765739
0,0,0.00570210245273627
0,0,0.17522023998005945
0,0,0.02921330455918928
0,0,0.017899365502197676
0,0,0.11028197755229525
0,0,0.010522055315029716
0,0,0.030193502499046454
0,0,6.877630732665143e-05
0,0,0.022663070544307905
0,0,0.009578490969526019
0,0,0.012983061197955158
1,1,0.9999986485205823
0,0,0.006251901013833713
0,0,0.018408330710860038
0,0,0.010009575213658277
0,0,0.022640106542001666
0,0,0.011578185738567493
0,0,0.020924352242929295
0,0,0.06419567903340627
1,1,0.9566280135154046
0,0,0.001950760491643846
0,0,0.05718452590382693
0,0,0.023802668698748742
0,0,0.028953190662868823
0,0,0.017235102276287457
0,0,0.04277887290821388
0,0,0.004046384983036248
1,1,0.9999957589384425
0,0,0.054638117663568506
0,0,0.06067564359699977
0,0,0.0207912242811075
0,0,0.05378759961645874
0,0,0.020271836761835856
0,0,0.42921838600617873
0,0,0.002309561261107037
0,0,0.01320535132200819
0,0,0.03881799079689443
0,0,0.0589003875584396
1,1,0.912226214973778
0,0,0.0048234798515292415
0,0,0.003223301758758086
0,0,0.007550805019117838
1,1,0.9999974214555729
0,0,0.006639923089201635
0,0,0.010014956579781282
0,0,0.062495722394761574
0,0,0.00511691063536635
0,0,0.06818308407179782
0,0,0.0028691431704391643
0,0,0.027314687183092674
1,1,0.9999986485205823
0,0,0.039915059527017564
0,0,0.023952444594863516
0,0,0.020199012671591205
0,0,0.0005003924563258254
0,0,0.0017961252231060351
0,0,0.030525692342966326
0,0,0.3456079652030629
0,0,0.013897218017516049
0,0,0.40885387263556167
0,0,0.014498236487147223
0,0,0.0008260076923421355
0,0,0.0023475216487069883
0,0,0.121573964195084
0,0,0.030795973106812535
0,0,0.1536133434514342
1,1,0.8282784340924737
0,0,0.05979607871228587
1,1,0.9999964734721614
0,0,0.03387557207792758
0,0,0.007995219401254963
0,0,0.014782338940259977
0,0,0.0072825738792016695
0,0,0.040234698192703804
1,1,0.9999974214555729
0,0,0.03269732133044936
0,0,0.37650359408843415
0,0,0.00926227283173081
0,0,0.07025588516694611
1,1,0.7813595059047485
0,0,0.042633444825319985
0,0,0.000684273501924598
0,0,0.09437457165308173
0,0,0.007349638036367486
0,0,0.04008094028824138
0,0,0.029865243664306193
0,0,0.006520753173503405
0,0,0.023053034112648047
1,0,0.3085440285330547
0,0,0.024481489290249497
1,1,0.7165367698837466
0,0,0.038044599147070354
1,1,0.8998753694800262
0,0,0.08431727449083316
0,0,0.056504792056150596
0,0,0.018301338652974005
0,0,0.023403998273933434
0,0,0.13022947351143066
0,0,0.00029534222430291904
0,0,0.041599184963620944
0,0,0.06415300758573585
0,0,0.13116449766148458
0,0,0.03887965878285863
1,1,0.9999977168367039
1,1,0.9999974214555729
0,0,0.00010282417122817381
0,0,0.021283848590971675
0,0,0.0007139062423158226
0,0,0.019183658329247465
0,0,0.002304023138875324
0,0,0.011929187919356361
0,0,0.0004915008464942322
0,0,0.11444288171110796
0,0,0.09888551707381456
0,0,0.012765018505584763
0,0,0.010199689889268216
0,0,0.008458572013303998
0,0,0.22955983614633862
1,1,0.9999094556934308
0,0,0.08027701657166425
0,0,0.4654577077255238
0,0,0.0004393027573152206
0,0,0.07834725175401162
0,0,0.023358264719089115
1,1,0.9999967421133994
1,1,0.9962884517198709
1,1,0.999998765996982
0,0,0.00749629146789394
0,0,0.004419187250159243
0,0,0.37650359408843415
1,1,0.9999979498821073
0,0,0.013432281598587958
1,1,0.8734092657736555
0,0,0.0680651999297207
0,0,0.10795252369073086
0,0,0.02534751985780959
0,0,0.1607379397542822
1,1,0.9651702536830344
0,0,0.007793073847118011
0,0,0.0017899517449887874
1,1,0.9934218145262177
0,0,0.004956319084613412
0,0,0.23578305365702348
0,0,0.18301934448566295
0,0,0.17446026221155556
0,0,0.05649217746371572
0,0,0.004865656406402745
0,0,0.00021306709713791522
0,0,0.017596267600017205
1,1,0.9999986485205823
0,0,0.06023316772818972
0,0,0.0179377905514954
1,1,0.999998765996982
0,0,0.007283339010431731
0,0,0.09614892264878061
0,0,0.0207104771922634
0,0,0.0023656197491240356
0,0,0.11441666112492908
0,0,0.11374151336892746
1,1,0.5654954395176452
0,0,0.018513940486144333
0,0,0.10766367007760141
0,0,0.029596819512393152
0,0,0.3449582682797076
0,0,0.0016108553210748707
1,1,0.9999964734721614
0,0,0.008263740532670762
0,0,0.3234339757499142
0,0,0.13642435071121017
0,0,0.043057257205278844
0,0,0.01304486217323956
0,0,0.12207211070151999
0,0,0.0490606245743801
0,0,0.019281585076687265
0,0,0.1056912554464355
0,0,0.4807457886065368
0,0,0.009681334967400031
0,0,0.0166659611943864
0,0,0.009698611457609384
0,0,0.03724401230284363
0,0,0.029725349023554642
0,0,0.09011288504778128
0,0,0.052007581866432485
0,0,0.039979199940591265
0,0,0.024367478370417597
0,0,0.06987184133360065
0,0,0.09701921366583187
0,0,0.0014447456356290107
0,0,0.03481298813353203
0,1,0.607784292135682
0,0,0.0032106514273228695
1,1,0.9999989875016777
0,0,0.026644773873931556
0,0,0.05802220893516011
0,0,0.08003840243596519
1,1,0.6445888162798907
0,0,0.1078886057942032
0,0,0.03323581632952198
0,0,0.022627974983880843
0,0,0.03900287849406449
0,0,0.022030899650687576
0,0,0.008975009191052721
0,0,0.03229269219858489
1,1,0.9999966804291738
0,0,0.0443230829951497
0,0,0.21535995395154242
0,0,0.04986466164150127
0,0,0.0020961758570053925
0,0,0.0018647126230911593
0,0,0.002566360826564769
0,0,0.4524535944740171
0,0,0.027755433609781863
0,0,0.04008745246399585
1,1,0.8569133374505855
0,0,0.0011859251946753156
0,0,0.014385100158648282
0,0,0.07274319147467374
0,0,0.016947312675441167
1,1,0.9999974214555729
0,0,0.00854281068995734
0,0,0.06787584650666573
0,0,0.3422707403303924
0,0,0.001193020230867737
0,0,0.04387798003927809
0,0,0.034752174230481235
0,0,0.05918284536231516
0,0,0.004556173423568825
0,0,0.23045188741372297
0,0,0.06798803933205454
0,0,0.010450340130792036
1,1,0.9999957589384425
0,0,0.03132328995734561
0,0,0.036062432319157386
0,0,0.006216043591783058
0,0,0.04508612712952245
0,0,0.0029561259490110173
0,0,0.35761448693148506
0,0,0.01541802282223825
0,0,0.07064643938755133
0,0,0.04223158435303985
0,0,0.015000458101327344
0,0,0.18304131486900543
0,0,0.049339633121644334
0,0,0.015237010293637318
0,0,0.2241098111615773
0,0,0.012597772434187698
0,0,0.06855412901594138
0,0,0.03286645165336202
0,0,0.020349002984520772
0,0,0.48394611187817044
0,0,0.08884738364598735
0,0,0.005313674761282791
0,0,0.10550359809922058
0,0,0.0066265584101588455
1,1,0.8440296664334702
0,0,0.09964315333264913
0,0,0.17988382451994375
0,0,0.009831453849354238
0,0,0.13555836260477658
0,0,0.0318743218108668
0,0,0.0033190560145722097
1,1,0.9999970717796709
0,0,0.02657231601383205
0,0,0.002996171476032918
1,0,0.025461574287364452
0,0,0.0677416071920347
0,0,0.053911859328924644
0,0,0.005806637581298553
0,0,0.01117695734645736
0,0,0.018538566403346585
0,0,0.026871245828212178
1,1,0.9973816191698405
0,0,0.002596271124261924
0,0,0.0044005501678083024
0,0,0.011303522279771277
0,0,0.06149038485846773
0,0,0.2772060912940177
0,0,0.02995090517247101
0,0,0.05639913093894496
0,0,0.3234057037336858
0,0,0.04304369084349306
0,0,0.012916996368609482
0,0,0.02122155401132122
1,1,0.9999966804291738
0,0,0.0014635172513429897
0,0,0.06558509515633655
0,0,0.0010292004400080236
1,1,0.9999962960084147
0,0,0.018815728889452894
0,0,0.009637675294711026
0,0,0.002833171741602458
1,1,0.9999202663856797
1,1,0.999915564608854
0,0,0.008564328482405941
0,0,0.3718413278866839
0,0,0.011359166476914997
0,0,0.08687851819748452
0,0,0.00232474402093781
0,0,0.04957829207647242
0,0,0.2258932296361287
0,0,0.004234234165118698
0,0,0.19100641992607503
0,0,0.0617582781521368
1,1,0.9839810144823126
0,0,0.04600187960435071
1,1,0.8306509794077751
0,0,0.0019268925496942597
0,0,0.009516744223204483
0,0,0.036171678329397536
0,0,0.003040390861365914
0,0,0.013978935725086463
0,0,0.03229846989643943
0,0,0.34243513489793326
0,0,0.0006951908322627255
0,0,0.033235779374384454
0,0,0.003999307151274079
0,0,0.03095528336696965
0,0,0.0031943832583561822
0,0,0.008431790010928931
0,0,0.0003089481500316446
0,0,0.04234024016453509
0,0,0.002581672833581717
0,0,0.08627595491769123
0,0,0.04337476881229892
0,0,0.3085440285330547
0,0,0.016663829789226085
0,0,0.3039567140257847
0,0,0.0008693183882735643
1,1,0.9999964734721614
0,0,0.0007526455328626472
0,0,0.02369893372756041
0,0,0.02153589420276516
0,0,0.24796249352832592
0,0,0.01759378368713129
0,0,0.06589433688673114
0,0,0.01297130084565677
0,0,0.3099603030180829
1,1,0.9999986485205823
0,0,0.0016452303830317315
0,0,0.030343963683638262
0,0,0.0065355780307403315
1,0,0.06542502769322626
0,0,0.006797519580346915
0,0,0.03448634019559686
0,0,0.25044622392116667
0,0,0.005607344905301177
0,0,0.07341424741269394
0,0,0.10822181121048886
0,1,0.8408148255947173
1,1,0.9933446644714555
0,0,0.005842094569394346
0,0,0.007394085094605986
1,1,0.9999967421133994
0,0,0.0304039482360016
0,0,0.031600319112290824
0,0,0.059758669111911786
0,0,0.0006645751370892366
1,1,0.9742994284827273
0,0,0.006991031449032634
1,1,0.9999974214555729
0,0,0.11033887784860047
0,0,0.014665805084936225
0,0,0.0052873490666775855
0,0,0.004231192298219005
0,0,0.016496135795164603
1,1,0.9261811649030505
0,0,0.024856626480303932
0,0,0.07494491049448783
0,0,0.0049765314250513485
0,0,0.14164902239900787
0,0,0.026433541811157476
0,0,0.047274927091990625
0,0,0.002490028156859463
0,0,0.02011976168194521
0,0,0.024732880270960142
1,1,0.9999979498821073
1,1,0.9999966804291738
0,0,0.062045902710269836
0,0,0.11817824508300734
1,1,0.9999974214555729
1,1,0.9999966804291738
0,0,0.056319369746773616
0,0,0.014434713477059378
0,0,0.20984701154155563
0,1,0.5775137107009355
0,0,0.37650359408843415
0,0,0.25456984571454677
0,0,0.030831953477598123
0,0,0.06634452738295972
0,0,0.029720633866765885
0,0,0.008564328482405941
0,0,0.02255246472209387
1,1,0.9546805696654812
0,0,0.011156616742449419
0,0,0.012650846578274914
0,0,0.10430909951951572
0,0,0.06219445185663069
0,0,0.0247271472854683
1,1,0.9999986485205823
0,0,0.028210673270923272
0,0,0.0227096920851189
0,0,0.14511161526801658
0,0,0.026115467546521727
0,0,0.015176700350409847
0,0,0.0017444682973804103
0,0,0.014235815524374106
1,1,0.9999986485205823
0,0,0.0017916320954854301
0,0,0.019474842117999012
0,0,0.006484722559490442
0,0,0.018457327672274034
0,0,0.025608163434332726
0,0,0.04643861603132817
1,1,0.6233819720255892
0,0,0.01633243862427143
0,0,0.1910228113794829
0,0,0.030819693642493023
1,1,0.9999986485205823
1,1,0.9999986485205823
0,0,0.012694615567434486
0,0,0.05114170470100812
0,0,0.2108665021357087
0,0,0.035606463743532345
0,0,0.011095551451740649
1,0,0.015373562921380701
0,0,0.006114485743284169
0,0,0.04197192621917761
0,0,0.05096711360402088
0,0,0.09829545093246156
0,0,0.0031821440265875937
0,0,0.08851037011666466
0,0,0.002461772182767592
0,0,0.044031100317576094
0,0,0.01189487400486438
0,0,0.0037007739418318426
0,0,0.02557984908991095
0,0,0.011061814266378863
0,0,0.028427090636784405
0,0,0.006758125588659766
0,0,0.007537157335208529
1,1,0.9999202663856797
0,0,0.11630353598144581
0,1,0.5858054840051423
1,0,0.3656440133451907
0,0,0.052192827456804244
0,0,0.005336048084533646
0,0,0.11729776796075284
1,0,0.09466810373660385
0,0,0.08617289374191536
0,0,0.0111816898601549
0,0,0.1165287588410355
0,0,0.30663444814112767
0,0,0.0003362083484090423
0,0,0.007921740232066163
0,0,0.024294392449109397
0,0,0.05364668449457505
0,0,0.03028613169589788
0,0,0.002701238263132841
0,0,0.002334287450780553
0,0,0.08086029095411358
0,0,0.0069341009539104805
0,0,0.40548386026332517
0,0,0.004391230971194578
0,0,0.05699804391430556
1,1,0.9999966804291738
0,0,0.01570607945229698
0,0,0.06475128171217136
0,0,0.05913403687350819
0,0,0.12467921332186999
0,0,0.1548727686207584
0,0,0.10352572417522182
1,1,0.9866553737842504
0,0,0.03440785450324992
0,0,0.014867550343044156
0,0,0.05669534790859269
0,0,0.0020051660475532123
0,0,0.1076959572729487
0,0,0.0043314233168211085
0,0,0.12626177068951713
0,0,0.018135945886893864
0,0,0.10212763502801786
0,0,0.0025341719543921625
0,0,0.04587428141767601
0,0,0.04763574685698018
0,0,0.000728657508782958
0,0,0.016411633205447477
0,0,0.02971900966328958
1,1,0.9999974214555729
0,0,0.00514211744025951
0,0,0.36897291227475604
0,0,0.009331947969769437
1,1,0.9998401822060774
0,0,0.07979552473625656
0,0,0.0007904429855051445
0,0,0.005474680767234794
0,0,0.033255766810658005
0,0,0.03540972922146425
0,0,0.005322634682547987
0,0,0.0010514755261579751
0,0,0.0028133258565174795
0,0,0.015344303084519883
1,1,0.9999966804291738
0,0,0.3143656346218012
0,0,0.017879408100374725
0,0,0.0351776941318923
1,1,0.5853682492012663
0,0,0.005388820327725517
0,0,0.011060297770818402
0,0,0.025652548588153603
0,0,0.004596985617435641
1,1,0.9999966804291738
0,0,0.005797439105779711
0,0,0.0010082266613366637
0,0,0.4023756557091869
0,0,0.011790158229847188
0,0,0.030756681938573716
0,0,0.1630461506865608
0,0,0.08319607173603615
0,0,0.05319848085188616
1,1,0.9999966804291738
0,0,0.04691731401684601
1,1,0.8575169974073804
0,0,0.00015203540556035634
1,1,0.9999957586278144
0,0,0.37560029484596824
0,0,0.035854238402127675
0,0,0.0006408920072751219
0,0,0.0030121855927101975
0,0,0.18024893830707428
0,0,0.017552856193024068
0,0,0.03577167292786153
0,0,0.060823020908392804
0,0,0.22430625292084966
0,0,0.06650253895551768
0,0,0.07947590392330735
0,0,0.001845580154632608
0,0,0.22874101473931965
0,0,0.0006121559061907526
0,0,0.003075500638178205
0,0,0.012486947692835941
0,0,0.375062489110621
0,0,0.12295809067326288
0,0,0.0763568376399791
0,0,0.014847212026499622
0,0,0.03416375277322041
0,0,0.0507812483669365
0,0,0.16044042827045002
0,0,0.035594499400069556
0,0,0.18059494624932917
1,1,0.9999964734721614
0,0,0.3565904159433238
0,0,0.006864909033612106
0,0,0.08567304944319248
0,0,0.02847813604672694
0,0,0.009988050353710597
0,0,0.001992351898025651
0,0,0.19814282106938222
0,0,0.048037753891029045
0,0,0.07455493886967572
0,0,0.05718452590382693
0,0,0.002013571404167059
0,0,0.06066758506310787
0,0,0.0027133979524436415
0,0,0.0033435960846336502
0,0,0.052213956644359565
0,0,0.4549237215723787
0,0,0.02925938679726291
1,1,0.9892986182136373
0,0,0.05439333448324982
0,0,0.017914542550372916
0,0,0.05399891152058931
1,1,0.9999974214555729
0,0,0.03738596810716504
1,1,0.9999971242915849
0,0,0.04643861603132817
0,0,0.011808635909283275
0,0,0.020530091813556625
0,0,0.0184157852576371
0,0,0.009038258169390693
0,0,0.009068540667659924
0,0,0.14010796442708373
0,0,0.049041578951845806
0,0,0.016349399515860296
0,0,0.24638892020954178
0,0,0.01745555219187109
0,0,0.0008316317066254625
0,0,0.0671360994737974
0,0,0.23424918345033893
1,1,0.9999989875016777
0,0,0.012284964999197559
0,0,0.04313555857386848
0,0,0.02756515951737244
0,0,0.0020812187996319823
0,0,0.009511871182833623
0,0,0.37650359408843415
0,0,0.06064117245729406
0,0,0.05180122602843195
0,0,0.004476554035453933
1,1,0.8094713718981055
0,0,0.058797291305200394
0,0,0.0029043448625415413
0,0,0.2715542065094452
1,1,0.9999977168367039
0,0,0.08966032259317454
0,0,0.05167504102666775
0,0,0.00301138486181976
0,0,0.02528688122298408
0,0,0.017914117734003143
1,1,0.623505377485537
0,0,0.04018622784498839
0,0,0.07188070604865462
0,0,0.007092158490948604
1,0,0.29246286541377764
1,0,0.4947542314313103
0,0,0.09032090800161369
1,1,0.999998765996982
0,0,0.009538456967521548
0,0,0.04213922635459428
0,0,0.018785997478377784
0,0,0.40242295170865655
0,0,0.383922564508282
0,0,0.3234339757499142
0,0,0.0018115419029169902
0,0,0.011299185401572733
0,0,0.10125516081241248
0,0,0.02145677585296505
0,0,0.0013056472701559203
0,0,0.0032286358717336584
1,1,0.9999967421133994
1,0,0.3204189888556479
0,0,0.048123528879721024
0,0,0.022229651220528075
0,0,0.04027447797822634
1,1,0.6420206878005894
0,0,0.005125368287446657
0,0,0.23989736147951687
0,0,0.005929063559809424
1,1,0.9898951245850731
0,0,0.008952926028531743
0,0,0.09833713678351226
0,0,0.0012987874867137874
1,1,0.9950965269750073
0,0,0.02606429619365897
0,0,0.021168872157883458
0,0,0.03609431016069807
0,0,0.02741312459345568
0,0,0.0220785321431237
0,0,0.16694760132276867
0,0,0.0032949221918865466
0,0,0.029447081484298792
0,0,0.002736318710383788
0,0,0.07116027725916174
0,0,0.04267637151918663
0,0,0.15042711654636487
0,0,0.030642965225438554
1,1,0.9692423785213282
0,0,0.23477826430390328
0,0,0.028566094546755554
0,0,0.011533823181099405
0,0,0.007340213203171419
0,0,0.0287790402023873
0,0,0.04197192621917761
0,0,0.11232266634189808
1,0,0.3948353776921369
0,0,0.01951565261168444
0,0,0.0006448260412786354
0,0,0.016935090556137428
1,1,0.6406269976177869
0,0,0.04728232741260486
0,0,0.1663255479940397
0,0,0.01794525774436251
0,0,0.0001207111110836987
0,0,0.062023251230031363
0,0,0.041392786577079475
0,0,0.3085440285330547
0,0,0.018423056926114196
1,1,0.9999977168367039
0,0,0.005444488524696335
0,0,0.05253205928630892
0,0,0.0335248780623849
0,0,0.001200051614763851
0,0,0.2029846147583973
0,0,0.011284726284063995
0,0,0.009361678239475417
1,0,0.11645720621500025
0,0,0.005407632250865407
0,0,0.003184733897704628
0,0,0.026389613929021935
0,0,0.007827797019299018
0,0,0.17616006838887294
0,0,0.00342584836953127
0,0,0.0007636595337291615
0,0,0.009646543672323414
0,0,0.06595948778581343
0,0,0.012246567544773806
0,0,0.01490443269290546
0,0,0.005513603452329435
0,0,0.04102488891227585
0,0,0.20541003563421478
1,1,0.5408688336434584
0,0,0.34319372303424045
0,0,0.035705962927231695
0,0,0.001923185671467511
0,0,0.005500386713641566
0,0,0.009247921671246967
0,0,0.0033774006092793674
0,0,0.009040486177586014
0,0,0.003089104693051747
0,0,0.014385100158648282
1,1,0.9999966804291738
0,0,0.062492603352696234
0,0,0.0556567282392562
0,0,0.017767919173014877
1,1,0.999998765996982
0,0,0.0003508016014026345
0,0,0.015429446360082848
0,0,0.2477373185169553
0,0,0.004058527938017871
0,0,0.004620049490743601
0,0,0.023893178127221474
0,0,0.0054745568138426575
0,0,0.015370644383748047
0,0,0.000315388740838859
0,0,0.032915380519905925
0,0,0.10036775164418182
0,0,0.03354859483683429
0,0,0.2165273264390055
0,0,0.026287514445009375
0,0,0.0102928974889754
0,0,0.003677177740806048
0,0,0.05929595886991735
1,1,0.8700450113886803
1,1,0.9628612124193529
0,0,0.008397471615638365
0,0,0.00361545124965704
0,0,0.04495483504152958
0,0,0.003281063456732172
0,0,0.00032135245559618064
0,0,0.018495947982650477
0,0,0.019003498541874893
0,0,0.0001924658223791081
0,0,0.11842188771563789
0,1,0.6342695151971851
0,0,0.0032301709868620644
0,0,0.12290695698573248
0,0,0.013889527818468726
0,0,0.05496600564250467
0,0,0.004502336560559564
0,0,0.00027911882821620874
0,0,0.3087104416287647
0,0,0.06036164505125859
0,0,0.004305958064125958
0,0,0.001805542347704572
0,0,0.04360300650061338
0,0,0.05967164564128694
0,0,0.017686280125841797
0,0,0.030642965225438554
1,1,0.9999640823158152
0,0,0.000598662110260929
0,0,0.029515651431904887
0,0,0.008770833023999149
0,0,0.05916872913749458
0,0,0.010317193607560646
0,0,0.18140417845262286
1,1,0.9999974214555729
0,0,0.03241651340368653
0,0,0.03665285893440558
0,0,0.3414631866116386
0,0,0.09931421590173979
0,0,0.05597216250215926
0,0,0.09405155713725004
1,1,0.9999986485205823
0,0,0.24629440967575522
0,0,0.04726653458914091
0,0,0.026650749018044245
0,0,0.007663465391594724
0,0,0.001098671452028086
0,0,0.0005493566302420096
1,1,0.9998368546699797
1,1,0.9816906228728569
1,1,0.9919463169966667
0,0,0.0813946139666071
0,0,0.004786725085885035
0,0,0.05043878415031813
0,0,0.12854738158579554
0,1,0.8085447748384691
0,0,0.06701211174327648
1,0,0.017095587023287003
0,0,0.03842056235195777
0,0,0.1438378698015055
0,0,0.01759669168903402
0,0,0.050009002712926395
0,0,0.048501999915272716
0,0,0.004947086774507789
0,0,0.22160038065270493
0,0,0.2423295667604017
1,1,0.9909537516085122
0,0,0.004145778265746053
1,1,0.7192293845566098
0,0,0.014770790340649518
0,0,0.05825779954902275
0,0,0.02331955860456496
0,0,0.2884370887507841
0,0,0.016701261857815754
1,1,0.9999977168367039
0,0,0.02458930637740748
0,0,0.03196846123552809
0,0,0.02523975792752976
0,0,0.0016854035385210431
1,1,0.971657034256792
1,1,0.9999966804291738
1,1,0.9999974474866807
0,0,0.009998044221792691
0,0,0.0700690148695964
0,0,0.013024378496265478
0,1,0.6120746303082385
0,0,0.019886820557581515
0,0,0.0545051137725851
0,0,0.04848267566401728
0,0,0.00038203481661294936
0,0,0.01768805819738094
0,0,0.0010231073032749727
0,0,0.007467280917680482
0,0,0.01811078725646862
0,0,0.08277463687025964
0,0,0.02313513332575079
0,0,0.022093521197741155
0,0,0.29998471867679743
0,0,0.0005163041654149235
0,0,0.009753124393892892
0,0,0.007999837314950737
0,0,0.0032045863438281198
0,0,0.003850238455344933
1,1,0.9999979498821073
0,0,0.09599600228080084
1,1,0.9999986485205823
0,0,0.11424680792103471
0,0,0.023510417353986308
0,0,0.28201064045539304
0,0,0.015570530305944165
0,0,0.06118202140628724
0,0,0.0908828237428612
0,0,0.15843965261994
0,0,0.0007757231132945044
0,0,0.004827996823163252
0,1,0.6307540429759879
0,0,0.018809363354807103
0,0,0.14376489522504304
0,0,0.07379326133652052
0,0,0.015209267501537272
0,0,0.03661024674428492
0,0,0.09847360791979363
0,0,0.034091095496449855
0,0,0.0040905826383588655
0,0,0.00664245992633313
0,0,0.21992423778637424
0,0,0.009383757251096306
0,0,0.003907901361423826
0,0,0.0492994506269169
1,1,0.9999966804291738
0,0,0.007440132778131791
0,0,0.03260594749740712
0,0,0.22428774028849335
0,0,0.014024723770010303
0,0,0.08309545968501265
0,0,0.04476567182486124
0,0,0.06925121815446415
0,0,0.02791193034755938
0,0,0.02273215749358025
1,1,0.9999977168367039
0,0,0.02905251191237149
0,0,0.0012105238540570454
1,1,0.999998765996982
0,0,0.00226409963929708
0,0,0.12610628176635735
0,0,0.15150980662163172
0,0,0.047360169896096045
1,1,0.9968360099002588
1,1,0.9999974214555729
0,0,0.08154010078132085
1,1,0.9999962625821728
0,0,0.07026928075036552
0,0,0.008440790411782733
0,0,0.4549237215723787
0,0,0.14894505903140257
0,0,0.06197200466527155
0,0,0.004191007610812367
0,0,0.018796451227341637
0,0,0.0010792812687853322
0,0,0.006901030778419563
1,0,0.009472521531057113
0,0,0.05622603057856405
0,0,0.06320120320084464
1,1,0.9999966804291738
0,0,0.04268618238716545
0,0,0.004601027176726472
0,0,0.1788058958504221
0,0,0.00464215243092501
0,0,0.019882809574545912
0,0,0.018716350031623544
0,0,0.013274411217724824
0,0,0.032401176246639254
0,0,0.012999128956075297
0,0,0.002490028156859463
0,0,0.03123748183699152
0,0,0.16692005115858266
0,0,0.14846365090722657
0,0,0.007795236924842156
0,0,0.00897715558225041
0,0,0.012249730335805089
0,0,0.017155076700790365
0,0,0.04556892639284954
0,0,0.001352000234264013
0,0,0.008259616253840021
0,0,0.02804485088205791
0,0,0.04352639115185097
0,0,0.012658813572759588
0,0,0.06133710475774913
0,0,0.012926756234146488
0,0,0.012193962332863805
0,0,0.00421191883132167
0,1,0.5654954395176452
0,0,0.014006930481214831
0,0,0.1852917023465709
0,0,0.012429475603754478
0,0,0.003323560247419628
0,0,0.0005889148985652855
0,0,0.002908239738144268
0,0,0.0374879071038217
0,0,0.04398569131775183
0,0,0.032768096996069765
0,0,8.103974845706367e-05
0,0,0.0012048664546007975
0,0,0.030888571600586674
0,0,0.029948034743001697
0,0,0.0027012165883679396
1,1,0.9999974214555729
1,1,0.9999962960084147
0,0,0.1574933392664153
0,0,0.0019636293634957814
1,1,0.9999964734721614
0,0,0.03777543062296083
1,1,0.6633966577522367
0,0,0.020038390773089006
0,0,0.0005059652522835854
0,0,0.37650359408843415
0,0,0.007274991486767397
1,0,0.47126896622725795
0,0,0.002819792305339154
0,0,0.04203073032577986
0,0,0.2462083507449201
0,0,0.0021007166067004463
0,0,0.02908430760209607
0,0,0.0026764244969758083
0,0,0.029124104916293705
0,0,0.06557487857763084
0,0,0.09387491837904344
0,0,0.00018160521699682821
0,0,0.006757657561478502
0,0,0.04146779941992532
0,0,0.010014956579781282
0,0,0.04604626925355577
0,0,0.40242295170865655
0,0,0.07529007328733793
0,0,0.022731080323871184
0,0,0.016476954771397684
0,0,0.47029335420762575
1,1,0.9999868524580453
0,0,0.000828933209421987
0,0,0.020180585833051875
1,1,0.9999976198535029
0,0,0.008849699609700027
0,0,0.02153589420276516
0,0,0.058358300587225166
1,1,0.9999974474866807
0,0,0.026917503271442482
1,1,0.9999986485205823
0,0,0.01933053153609831
0,0,0.02482038205508296
0,0,0.03817631069342562
0,0,0.0896238025305697
0,0,0.05691745017656527
0,0,0.37650359408843415
1,1,0.9999981310497241
0,0,0.12946880879829908
0,0,0.0029898317772353695
0,0,0.03839621249652269
0,0,0.010559412883392334
1,1,0.9999974214555729
0,0,0.36897291227475604
0,0,0.018805512070670237
0,0,0.00030046985638955355
0,0,0.0625486840412023
0,0,0.028808400489938386
0,0,0.21767696909503936
1,1,0.9999977168367039
0,0,0.0005313858162151518
0,0,0.012012195131373093
0,0,0.008273019185772666
0,0,0.03300925547802231
1,0,0.19981538025028883
0,0,0.005088883622056307
0,0,0.1334353328820725
1,1,0.9999979498821073
0,0,0.06677227386481296
0,0,0.23776243561050828
0,0,0.3455285881654366
0,0,4.410651381912831e-05
0,0,0.003735074691396844
0,0,0.03415983373259611
0,0,0.008089897040557039
0,0,0.026293592395248054
1,1,0.824999893928929
1,1,0.9773776828782247
0,0,0.01085982894836857
0,0,0.01865996113869626
1,1,0.9973816191698405
0,0,0.04740889218247825
0,0,0.013863558511246788
0,0,0.006666265855309039
0,0,0.005663122753721433
0,0,0.022322885676610654
0,0,0.002332662753907776
0,0,0.05359903943194826
1,1,0.9999964734721614
0,0,0.06465261132061315
0,0,0.23392944608392832
0,0,0.007560023045842985
0,0,0.062495722394761574
0,0,0.011843052784898878
0,0,0.05312010499324525
0,0,0.011748314514806112
0,0,0.010758426926186787
0,0,0.016589101094168897
1,1,0.9883376476653402
0,0,0.009604654574428955
0,0,0.30663444814112767
0,0,0.07250466989546413
0,0,0.0466697577838466
0,0,0.049209603396038866
0,0,0.004277106346898126
0,0,0.012265340345516915
0,0,0.034606673491738876
0,0,0.01046921998647192
0,0,0.002258012482397789
0,0,0.03898305040576965
0,0,0.10410746125180682
1,1,0.9949676293185007
0,0,0.015464891077000591
0,0,0.01692331315601062
0,0,0.011184194544002074
0,0,0.005739065281068249
0,0,0.0909999827286225
0,0,0.018524623446317955
0,0,0.3657093207965512
0,0,0.4520969679169435
0,0,0.017926330742550078
0,0,0.004176873795344004
0,0,0.04087414030421856
0,0,0.0025578076731347056
1,1,0.9999974214555729
0,0,0.007528407378379269
0,0,0.07070152879820514
0,0,0.09173491036770764
0,0,0.018973619227368496
0,0,0.0020156345862874943
0,0,0.04374829781033409
0,0,0.02517330209291583
0,0,0.06700602055400018
0,0,0.0022642920514631187
0,0,0.004858403465746505
0,0,0.020862223616311723
0,0,0.022673532804508765
0,0,0.02171132974980453
0,0,0.02644710138352656
1,0,0.05324679221020774
0,0,0.0005904575063630197
0,0,0.04361056960605005
0,0,0.0005310469830054509
0,0,0.06355023468378213
0,0,0.008154683744655793
0,0,0.14413386268295433
0,0,0.015803840816628705
0,0,0.3282831181497038
0,0,0.21863363611724834
0,0,0.0034666747421686966
0,0,0.027392153907463544
1,0,0.22119179107212214
0,0,0.020402490269158604
1,1,0.9999094556934308
0,0,0.1657597358709007
0,0,0.01370859855501866
0,0,0.035310499508716814
0,0,0.01248361603396365
0,0,0.03409025961396848
0,0,0.1090047381008582
0,0,0.028362939506431813
0,0,0.10941370497276258
0,0,0.09939620016851217
0,0,0.004719946462488508
0,0,0.00607164908001029
0,0,0.1694988164167367
0,0,0.026376775128732974
0,0,0.005476445115441539
1,1,0.9999964734721614
0,0,0.005373246109669037
0,0,0.01223418045039437
1,1,0.9999974214555729
1,1,0.9999976198535029
1,1,0.9999974474866807
0,0,0.47323762790282375
0,0,0.027908094492045746
0,0,0.48079303877389323
0,0,0.07233702649248205
0,0,0.005322634682547987
0,0,0.2884216247651033
0,0,0.0610675716256335
0,0,0.008740312595621262
0,0,0.06798803933205454
0,0,0.07875992138603022
0,0,0.11083560582274424
0,0,0.07710682831644931
0,0,0.0049004940973060886
0,0,0.009686513530812346
0,0,0.008187535586058475
1,1,0.9999974474866807
1,1,0.9965080129325216
1,1,0.9999979498821073
0,0,0.1160208581962076
0,0,0.02355805999106402
0,0,0.2096329096702046
0,0,0.0029106663880743076
0,0,0.0002864542616987465
0,0,0.07634118234760347
0,0,0.018872950721687067
0,0,0.04516000567994393
1,1,0.5063944544590541
0,0,0.0212136866653598
0,0,0.04294744858726702
0,0,0.2905545939714186
0,0,0.008203977288357304
0,0,0.028334260885261434
0,0,0.022668175181168804
0,0,0.0023118989663830905
0,0,0.0064866696491407295
0,0,0.01856128435459278
0,0,0.3376796422129426
0,0,0.004431053270587361
0,0,0.04056394122123255
0,0,0.08177703656073851
0,0,0.013806761444046857
0,0,0.09842015765849453
0,0,0.03564476981149871
0,0,0.0001330796221348337
0,0,0.1585185076692982
0,0,0.12849974652901902
0,0,0.012983061197955158
0,0,0.23865008873045482
0,0,0.013561822941912195
0,0,0.001910310366998588
0,0,0.05306394611649963
1,1,0.9624998790779072
0,0,0.003795955833968171
1,1,0.9999964734721614
0,0,0.0037524430875218078
1,1,0.9999944141014446
0,0,0.32168260515233404
0,0,0.2245380237840722
0,0,0.0035647010122411603
0,0,0.009529955422128368
0,0,0.2349452282897109
0,0,0.010390503947795145
0,0,0.06771966896204053
0,0,0.24170903535826446
0,0,0.0002576331366537039
0,0,0.23680515654829598
0,0,0.0024120190295724474
0,0,0.38147790259978637
1,1,0.9999974214555729
0,0,0.019066739406909474
1,1,0.9999974214555729
0,0,0.4719582850984103
0,0,0.34956816390617756
0,0,0.009144440891410097
0,0,0.0344820557761098
0,0,0.07748917433557845
1,1,0.9999976650563936
0,0,0.3760177337072422
0,0,0.015825692467143476
0,0,0.0048135371998939075
0,0,0.01008325898811968
0,0,0.08792264481073438
0,0,0.005322132357537383
0,0,0.0003971845718170188
0,0,0.11411947190981997
0,0,0.025966537470877817
1,1,0.9999974214555729
0,0,0.18868228895845
0,1,0.5134037912575372
0,0,0.06942079127257847
1,1,0.9999967418747816
0,0,0.013012784043895961
0,0,0.02096078361718251
0,0,0.1983658227415479
0,0,0.032489560098977355
0,0,0.4549237215723787
0,0,0.0985754825520694
1,1,0.9894412806988718
0,0,0.02942896452399253
0,0,0.010230707365956907
0,0,0.009957139515175385
0,0,0.03421216441061959
0,0,0.0695542543085142
0,0,0.27416851125198793
0,0,0.02965331406407132
1,1,0.96777619844264
0,0,0.34234115642818386
0,0,0.040634573504785096
0,0,0.0012383646747358534
0,0,0.11314735577380261
1,1,0.9999964734721614
0,0,0.03734631072736139
0,0,0.02999532533905875
0,0,0.014022344532521705
0,0,0.14266871224565736
0,0,0.01371852914329142
0,0,0.18689173106979023
1,1,0.9999819730705386
0,0,0.1299195257723604
0,0,0.03158061022444691
0,0,0.11796399056453662
1,1,0.9999967418747816
0,0,0.009554502911783846
1,1,0.9999966804291738
0,0,0.05718452590382693
0,0,0.12426797932567897
0,0,0.1346605763648983
0,0,0.023099765234743514
0,0,0.0015198154397202278
0,0,0.03440185878600058
0,0,0.009938212122355026
0,0,0.003826444308435824
0,0,0.038357871201728524
0,0,0.016576989138356424
0,0,0.025421724499755494
0,0,0.006606998268693907
0,0,0.0008341854347824271
0,0,0.03251513950335626
0,0,0.0780468851285293
0,0,0.0020280528778408237
0,0,0.02199972426147244
0,0,0.012843323927407186
0,0,0.009970352276562155
0,0,0.05629858109427152
0,0,0.006138221278314133
0,0,0.02185308838562134
0,0,0.008172102926500027
0,0,0.3391130931008215
1,1,0.9999986485205823
0,0,0.00450516549738056
1,1,0.999998765996982
0,0,0.002824803741218335
1,1,0.9999966804291738
0,0,0.04077602816158246
1,1,0.9999986485205823
0,0,0.09534052655790302
0,0,0.149013744898177
0,0,0.06376841037225572
0,0,0.17491534946880571
1,1,0.9298929821503615
0,0,0.020383536717084552
0,0,0.27292955758544235
1,1,0.9328366821145746
1,0,0.3584209280129036
0,0,0.001205610029331197
0,0,0.021942622682529226
0,0,0.05838353044742437
0,0,0.3441557052833741
0,0,0.006187863073049587
0,0,0.006591461172074831
0,0,0.05673618494983616
0,0,0.01342472258299474
0,0,0.1283961696972594
0,1,0.5858054840051423
1,1,0.9803780479225219
0,0,0.019122266398401856
0,0,0.37650359408843415
0,0,0.00041119006992260105
0,0,0.03287229815018607
0,0,0.05079319348514871
0,0,0.07307243274607794
0,0,0.0033107658093678347
0,0,0.05384677566634032
0,0,0.006523790915613676
0,0,0.07528210725896511
0,0,0.025024270022679207
1,0,0.37720925137666933
0,0,0.017014093121487283
0,0,0.00424473284974474
1,1,0.9999967418747816
1,1,0.995582723576758
0,0,0.08714275912636497
1,1,0.9999966804291738
0,0,0.3537321699711739
0,0,0.014091399246933955
0,0,0.043315321557997964
0,0,0.008107408270370691
0,0,0.018698829993230286
0,0,0.038932705319734834
0,0,0.0353096304864571
0,0,0.05114961665082392
1,1,0.9946542331304701
0,0,0.08731274392476016
0,0,0.0011333119030572977
0,0,0.4562928810892627
0,0,0.013777650008106775
0,0,0.00020441907422271192
0,0,0.03706559334637418
0,0,0.0002576321092046913
0,0,0.04029258618208777
0,0,0.002527256579287508
0,0,0.017035831904255498
0,0,0.30663444814112767
0,0,0.014179956472769161
1,1,0.9999986485205823
0,0,0.25044622392116667
0,0,0.22594244516931686
0,0,0.4808407992615076
1,1,0.9999974474866807
0,0,0.07513597483075712
0,0,0.10427297231568113
0,0,0.007826589202726709
0,0,0.19701224653607205
0,0,0.023316899671991687
0,0,0.015751596142288566
0,0,0.18132137186279076
0,0,0.005627574117528546
0,0,0.0031915082049279986
0,0,0.46818599205828687
0,0,0.08844271666424965
1,1,0.9741679541958839
0,0,0.003394633787803863
0,0,0.04696265511692526
0,0,0.006580899720311385
0,0,0.039178361133121245
0,0,0.03380607625254082
0,0,0.40242295170865655
1,1,0.9999986485205823
0,0,0.0070252534990861435
0,0,0.0006582606208804904
0,0,0.038670971830111485
0,0,0.2071743474489122
0,0,0.023306658451321783
0,0,0.04234614289280629
0,0,0.06856930667266987
0,0,0.01604073763317709
0,0,0.028206978131357804
0,0,0.05673797160669349
1,0,0.31568347441893013
0,0,0.007640779875117225
0,0,0.07689148480716691
0,0,0.018211691253921875
0,0,0.02284530393940895
0,0,0.02276832828982958
1,1,0.871377473947913
0,0,0.4693525764614419
1,1,0.999998765996982
0,0,0.03094641138979951
1,0,0.16072291770715402
1,1,0.9999974214555729
1,1,0.9999979498821073
0,1,0.7161489305546376
0,0,0.03668413697826709
1,1,0.9434379108775969
0,0,0.062492603352696234
0,0,0.05428707733184046
0,0,0.024490240198852473
0,0,0.008257613180618621
0,0,0.058701745882785324
1,1,0.9999967418747816
0,0,0.0031208761997845633
0,0,0.016141200251085567
0,0,0.2361232534942659
0,0,0.008605975747531885
1,1,0.9999966804291738
0,0,0.318023452751633
0,0,0.0070863147734684445
0,0,0.05296504385206693
1,1,0.9999963372439692
0,0,0.008164447105916812
0,0,0.009457767769889703
0,0,0.22958178953694314
0,0,0.026714977428767498
0,0,0.05796182115649143
0,0,0.09428152119248494
0,0,0.25623999841558814
0,0,0.0009012968857252476
0,0,0.05104308506208922
0,0,0.02011976168194521
1,1,0.9999974214555729
0,0,0.06815576943416807
0,0,0.04599553856947556
0,0,0.046017060801290983
0,0,0.0193953636108841
0,0,0.16633761054600638
0,0,0.0027180988965177506
0,0,0.003962038286248277
0,0,0.00301138486181976
0,0,0.012416620805673137
0,0,0.010542234047604222
1,1,0.9999966804291738
0,0,0.015001695304239074
0,0,0.002188564331839737
0,0,0.12279820244669527
0,0,0.004427509316530336
0,0,0.09431749478566481
0,0,0.00807549561642444
0,0,0.003684765383896106
0,0,0.023998396662614288
0,0,0.016411633205447477
0,0,0.013302598451889176
1,1,0.9999977168367039
0,0,0.013499221933307015
1,1,0.9999962625821728
0,0,0.014038213845597435
0,1,0.5601893638197668
0,0,0.01728516058015448
0,0,0.025029052404668694
0,0,0.0007332688195519724
0,0,0.009793965530102486
0,0,0.18083092261070505
0,0,0.007626734256889657
0,0,0.0013108842163445376
0,0,0.05188192208144486
0,0,0.007077257105632591
0,0,0.01726763799391358
0,0,0.00035012658549298095
1,1,0.9349631577219436
0,1,0.6094318199948174
0,0,0.012564563895983214
0,0,0.08256145211136003
1,1,0.992032738277691
0,0,0.007110897125637912
0,0,0.03295925643675908
1,1,0.9999964734721614
0,0,0.008474067873967732
0,0,0.022216332993136037
1,1,0.9999977168367039
0,0,0.03149279959433371
1,1,0.8938059761967739
0,0,0.004569190482867237
0,0,0.003149175507721839
0,0,0.006868350469414761
0,0,0.03156000084110594
0,0,0.04575169615440845
0,0,0.009971732031580005
0,0,0.07057355584360467
0,0,0.02155792757792005
0,0,0.0024230484683854295
0,0,0.1760144287797106
0,0,0.015560064069771352
0,0,0.00954522454376077
0,0,0.21280672830785488
1,1,0.9999981310497241
0,0,0.019082581493336772
0,0,0.003052355583385721
0,0,0.07377865298263787
0,0,0.40242295170865655
0,0,2.944495551360419e-05
0,0,0.02756034703113653
1,1,0.9999966804291738
1,1,0.9999967418747816
0,0,0.29303011027814346
0,0,0.04583082243680271
0,0,0.031214869463883566
0,0,0.005669305727021938
0,0,0.26067325950442205
0,1,0.5775137107009355
1,1,0.9986970484995946
0,0,0.322784257940165
0,0,0.12905477130852014
0,0,0.009578490969526019
0,0,0.037460988303422316
1,1,0.8267338225260561
0,0,0.009748415974091883
0,0,0.3894964106772542
0,0,0.14248368687482282
1,1,0.9999979498821073
0,0,0.03953870793379218
0,0,0.04552153203631435
1,1,0.999998765996982
0,0,0.0024979389081141302
0,0,0.018855465235841945
0,0,0.002428588819357207
1,1,0.9933818807100625
0,0,0.24601448368750692
0,0,0.047097370007099404
0,0,0.03314755994285424
0,0,0.05123747983778326
0,0,0.01650317157294332
0,0,0.02358985601461705
1,1,0.9999966804291738
1,0,0.4448108723755565
0,0,0.007392269527437168
1,1,0.9999967418747816
0,0,0.11890490422164246
0,0,0.021638466111364874
0,0,0.009441731705916391
0,0,0.09225916099469188
0,0,0.05440427891495077
0,0,0.007980967007369347
0,0,0.08317119349405784
0,0,0.023276093771445558
1,1,0.9999974474866807
0,0,0.02932630321357752
0,0,0.017500298721291226
0,0,0.0353895874062995
0,0,0.04988374896234394
0,0,0.005568858640218635
1,1,0.5469615753146917
0,0,0.38962938354071947
1,0,0.29386168515383654
0,0,0.40242295170865655
0,0,0.03736908645076907
0,0,0.03075973052969125
0,0,0.004981644563847562
0,0,0.026366709698009458
1,1,0.9999966804291738
1,1,0.9999967418747816
0,0,0.05295147229573575
0,0,0.0048234798515292415
0,0,0.013499221933307015
0,0,0.00016749127292772052
0,0,0.007684470038666661
0,0,0.0032949759175000056
0,0,0.008444206791964112
0,0,0.003836409180279684
0,0,0.0025258153907351246
0,0,0.006701794112367533
0,0,0.05599618012906271
0,0,0.028634143919647404
0,0,0.07304926009390544
0,0,0.0012899678823603286
1,1,0.9999966804291738
0,0,0.03430607487201465
0,0,0.013277982428913275
0,0,0.005532006885076163
0,0,0.0001335390778651824
1,0,0.4743474611824561
1,1,0.6464292608666707
1,1,0.999998765996982
0,0,0.08770439692862626
1,1,0.955934786288764
1,1,0.9999202191461362
0,0,0.2941910757095787
0,0,0.006329618903977705
0,0,0.15242275904373964
1,0,0.3548945563796211
0,1,0.5962182839861764
0,0,0.009271699100766504
1,1,0.9390626419434571
0,0,0.033320957054698036
0,0,0.07516032395166247
0,0,0.12253842865643684
0,0,0.4017433924664161
0,0,0.00611767691607071
1,1,0.6522562400523898
0,0,0.01686354839297433
1,1,0.9999986485205823
0,0,0.02414673609882543
1,1,0.9999977168367039
0,0,0.00651305101285098
0,0,0.13938163072041423
0,0,0.03837542443566449
1,1,0.9662665153395521
1,1,0.9999783719683538
0,0,0.04319784253866623
0,0,0.16103186180432466
0,0,0.0005007174965111687
0,0,0.14877659078942984
0,0,0.030657159282267386
0,0,0.0011503858622481653
0,0,0.018658196195113462
0,0,0.03090399016757493
0,0,0.015601328535204087
0,0,0.0018575191815260034
0,0,0.12269382608900806
0,0,0.026110996047405573
0,0,0.03467745696756664
0,0,0.42196945710146183
0,0,0.10152043796213467
1,1,0.5134037912575372
0,0,0.09118712698011663
0,0,0.005337075713521917
0,0,0.02307104071389413
0,0,0.004793477313878921
0,0,0.06615994895640007
0,0,0.010495497196497519
0,0,0.002057959365389589
0,0,0.1793331993012539
1,1,0.9999964734721614
0,0,0.046915421117848875
0,0,0.005649127608198003
0,0,0.03339308687593984
0,0,0.021988457915894676
0,0,0.022641921017533637
1,1,0.9999964734721614
0,0,0.0012030748208412196
0,0,0.03572085105311312
0,0,0.06547762864488098
0,0,0.013029263414333251
0,0,0.3085440285330547
0,0,0.03355140919957075
0,0,0.015250908014608567
0,0,0.28133979090415934
0,0,0.007625963407540876
0,0,0.25453274119389285
0,0,0.014597981548487047
0,0,0.029735355471143782
1,1,0.8826154000086376
0,0,0.007298511174073198
0,0,0.25633396575505346
0,0,0.15734769486431063
0,0,0.011124578275498098
0,1,0.593824508648713
0,0,0.17881626148091204
0,0,0.028412252632008864
0,0,0.024464434959460393
0,0,0.018087040294167186
0,0,0.05754178073592543
0,0,0.000836593344563667
0,0,0.003687828085342105
0,0,0.02155792757792005
0,0,0.2159346105536301
1,1,0.9999977168367039
1,1,0.7344464632229485
1,1,0.9999986485205823
0,0,0.07151136862563394
0,0,0.006787681517372409
0,0,0.24444553584623577
0,0,0.0839890389068155
0,0,0.2536167609478162
1,1,0.9999974214555729
0,0,0.03171231984853297
0,0,0.01025727028438021
0,0,0.033158184781277425
0,0,0.04252269478793734
1,0,0.40242295170865655
0,0,0.010009575213658277
1,1,0.9999971242915849
0,0,0.009398176031685683
1,1,0.9999094556934308
0,0,0.025381892393947027
0,0,0.0007298090387878535
0,0,0.01984790715271281
0,0,0.04593174804906162
0,0,0.009662376641766886
0,0,0.11173131023871062
0,0,0.2120258604422859
0,0,0.23966762926325813
1,1,0.9999974214555729
1,1,0.9812848185912689
0,0,0.013853439535952309
1,1,0.9828664173741825
0,0,0.006432882042417295
0,0,0.0574125295266695
0,0,0.1685059445531161
0,0,0.12554617850407623
0,0,0.24612670674860576
0,0,0.09294972220182118
1,1,0.9590349588258189
0,0,0.3951246145071267
0,0,0.03783964872370472
0,0,0.0065153873940260645
0,0,0.02350874790437462
0,0,0.04171544400235575
0,0,0.15865040361669022
1,1,0.9958832198606004
0,0,0.005821914490430704
0,0,0.01909646951026365
0,0,0.0007364164580423007
0,0,0.007526554815566237
0,0,0.19372299423693917
0,0,0.14362856525589762
0,0,0.04064582472224463
1,1,0.9999967421133994
0,0,0.07824636197295386
0,0,0.024329579034319693
0,0,0.07815116537703064
0,0,0.020180585833051875
0,0,0.11954789265342049
0,0,0.005396470411030276
0,0,0.017086067170128352
0,0,0.06640932141446447
0,0,0.00758799683082541
1,1,0.9999974214555729
0,0,0.011106276592876572
0,0,0.07276994241230232
0,0,0.0011392741132546344
0,0,0.08757400511668402
1,1,0.9999966804291738
0,0,0.001938996176487598
1,1,0.9977573560998344
0,0,0.032489954913841664
0,0,0.004606007222517286
0,0,0.012990114381361096
0,0,0.09943230876494917
1,1,0.9812219262649866
1,1,0.9999966804291738
0,0,0.19188530010947494
0,0,0.07411196246858902
1,1,0.9999974474866807
0,0,0.22576599151876683
0,0,0.07677044030933507
0,0,0.02478690178741953
0,0,0.008422507325801853
1,1,0.7695574344034872
0,0,0.014995157334361409
0,0,0.1688375682679979
0,0,0.0015431789348178823
0,0,0.007567312974143506
1,0,0.03206365590792324
0,0,0.01244156657192013
0,0,0.06115079807068009
1,1,0.9507024188866335
0,0,0.10767353812599263
1,0,0.38260977900551785
0,0,0.006217586118817149
0,0,0.014782567707903371
0,0,0.0020320298515908997
0,0,0.2103457673678334
0,0,0.028940717440942173
0,0,0.01733423749743431
0,0,0.040345078121780766
0,0,0.17399437269706963
1,0,0.18210578228161844
1,1,0.9999827752195425
0,0,0.00035740892030619283
0,0,0.21246861848395132
0,0,0.03175798726486388
0,0,0.014763370522404385
0,0,0.017141942279313132
0,0,0.08986958149063086
0,0,0.05602981547246811
0,0,0.11721305503213246
0,0,0.004268007312985176
0,0,0.08932407291013447
0,0,0.016627898226662653
0,0,0.0773563942241886
0,0,0.016323436845596364
0,0,0.005143468979001513
0,0,0.011747588408927735
0,0,0.012021535371432664
0,0,0.14749482550088713
0,0,0.00268223628240206
0,0,0.004200778272561585
0,0,0.0036820174857059977
1,0,0.04786910385770923
1,0,0.17439462933322572
0,0,0.0331292736737088
0,0,0.0372941132324895
0,0,0.22008600866153924
0,0,0.0060577227670764264
0,0,0.014420622853473689
1,1,0.9999966804291738
0,0,0.005605784581809947
1,1,0.7389214940243467
0,0,0.007854832159957609
0,0,0.1301286269744299
1,1,0.9999964734721614
0,0,0.018855465235841945
0,0,0.0011929074425293697
0,0,0.012253581235779586
1,1,0.9777852595355522
0,0,0.0005805241401019461
0,0,0.028427090636784405
0,0,0.12162080979658779
0,0,0.1181743445875767
1,1,0.9999986485205823
0,0,0.016612954915963027
0,0,0.049586385809441524
0,0,0.0013876552096939584
0,0,0.010597272855569323
0,0,0.019172687721307872
0,0,0.007397840965958528
0,0,0.01581675250675015
0,0,0.03429268237951885
0,1,0.6340269514034286
0,0,0.04049797175897971
0,0,0.002014204863864525
0,0,0.016436313136217077
0,0,0.0010892571206938403
1,1,0.9999966804291738
1,1,0.8121107781436249
0,0,0.00040728089391053483
0,0,0.036615395087430495
1,0,0.13269243719305704
0,0,0.02115105403927039
0,0,0.021168327856654207
0,0,0.016477817932172727
0,0,0.011230366348318171
0,0,0.21625396935543173
0,0,0.03094691487203215
0,0,0.013825000018574587
0,0,0.031045599736977004
0,0,0.036634241702183566
1,1,0.9999974214555729
0,0,0.04532640869116448
1,1,0.7300306226216667
1,0,0.0325055206014092
0,0,0.06475785722989291
0,0,0.0036074506186261467
0,0,0.12542924549832069
0,0,0.03095528336696965
0,1,0.5896194133457073
1,1,0.9999957586278144
0,0,0.01325596778132329
0,0,0.017627450311878196
0,0,0.0322141157010062
0,0,0.048051435665936795
1,0,0.4940128648943787
1,1,0.9999966804291738
0,0,0.0128553709115653
0,0,0.004920822591870314
0,0,0.40242295170865655
1,0,0.4932292271766963
0,0,0.000123812798869731
0,0,0.029324973765226477
0,0,5.9026036049484314e-05
1,1,0.9994626398676979
0,0,0.0046083229380509735
0,0,0.24964589037394522
0,0,0.018728695934197563
0,0,0.0573622225315767
1,0,0.37650359408843415
0,0,0.007884148059800162
0,0,0.015392033881189262
0,0,0.003786591578855266
0,0,0.003040390861365914
0,0,0.07238174016897464
0,0,0.019683134579098364
0,0,0.25623260267972914
0,0,0.00754876004371538
0,0,0.0022526384757689828
0,0,0.004506056653292772
0,0,0.0008309783503988841
0,0,0.32878970014355025
0,0,0.14485902558580552
0,0,0.09868130120348678
0,0,0.017059855264754547
0,0,0.1000731144919462
0,0,0.00013588678380173025
1,1,0.9311964827184
1,1,0.9999967421133994
0,0,0.061107642258877215
0,0,0.02125831489761197
0,0,0.003822853630907908
0,0,0.004150734267316608
0,0,0.07343414673678672
0,0,0.09593387207885666
0,0,0.02148214258763043
1,1,0.9918135845505746
0,0,0.009519642177980646
0,0,0.015330988401462247
1,1,0.9999966804291738
1,1,0.9917428782201491
0,0,0.012737601160219972
0,0,0.030725144201815713
0,0,0.027160302309161923
0,0,0.16846145838861154
0,0,0.047080710084199014
0,0,0.003962038286248277
0,0,0.4440651569362689
0,0,0.033211889217706195
1,1,0.7140583809467839
0,0,0.0241576272034586
1,1,0.9999974214555729
0,0,0.14239423863287304
1,1,0.9999974214555729
0,0,0.03173927047818088
0,0,4.162482752158437e-05
0,0,0.023739680046710784
1,1,0.9999979423411411
1,1,0.9999966804291738
0,0,0.012604456048078602
0,0,0.03883825057164858
1,0,0.18800152659899538
0,0,0.03481298813353203
0,0,0.0011831566267001472
0,0,0.01975297261315367
0,0,0.024820158428276524
0,0,0.03154654712560987
0,0,0.10335118916442045
0,0,0.4743474611824561
0,0,0.00013404847615510656
1,1,0.9212158919589015
0,0,0.006837959437456847
0,0,0.31301846916266063
0,0,0.09909220464788128
0,0,0.00969663840110739
0,0,0.056139000270269426
0,0,0.07124807519378924
0,0,0.0025041972846051542
0,0,0.005032981303450952
0,0,0.009085612667761504
1,1,0.9803780479225219
0,0,0.006166769003802275
1,1,0.9949126452858729
0,0,0.0007612286623184315
1,1,0.5481319794620829
0,0,0.026976714790280562
1,1,0.9929509483047182
0,0,0.15742048263944028
0,0,0.11405044377964633
0,0,0.004691002513708693
1,1,0.6826439060796644
0,0,0.18228060956144762
1,1,0.9999990755124109
0,0,0.024500786218793248
1,0,0.4813434084415362
0,0,0.26621722755704424
0,0,0.0009219396220743151
0,0,0.12291355036869688
0,0,0.37666558531286726
0,0,0.023302674916143306
0,0,5.336037914734239e-05
0,0,0.3085440285330547
0,0,0.14366621009146965
0,0,0.27046449227554764
0,0,0.0368170543391336
0,0,0.0027238517290311707
0,0,0.23941268025119036
1,1,0.9999977168367039
0,0,0.05867581126382027
0,0,0.0023030278168760985
0,0,0.04516150829063673
1,0,0.40242295170865655
0,0,0.10985828557837492
1,1,0.9999966804291738
0,0,0.011157613544088596
0,1,0.6263738892822305
0,0,0.06274541538789646
1,1,0.9999986485205823
1,1,0.9339686696117714
0,0,0.1309390761035356
0,0,0.004071032380757014
1,0,0.1914452251994803
0,0,0.014260508033412956
1,1,0.9999974214555729
0,0,0.12355529564613088
0,0,0.18371837655147685
1,1,0.9999957814087109
1,1,0.9999977168367039
0,0,0.01113604513783321
0,0,0.002022501869447926
0,0,0.002660953292672453
0,0,0.08821043442497464
1,1,0.9418155089530307
0,0,0.3234339757499142
0,0,0.00020608137508192786
0,1,0.5290914618799953
1,1,0.9999094556934308
0,0,0.004189365815401667
0,0,0.01864652552911507
0,0,0.0012921362572214513
0,0,0.026308026708981764
1,1,0.9999977168367039
0,0,0.03886335518637722
0,0,0.018288745889149294
0,0,0.12867155955118792
0,0,0.012702012190992458
0,0,0.014385100158648282
1,1,0.9999944141014446
0,0,0.0942251038755104
0,0,0.02354705142978425
0,0,0.010659671024610221
0,0,0.031108315089202896
0,0,0.04731911555492467
0,0,0.018323505049507423
0,0,0.014287196483435759
0,0,0.05002553461370828
0,0,0.02588527689854842
1,1,0.7453277306808733
0,0,0.015319084298135057
0,0,0.3348035922724013
0,0,0.010070703571515658
1,1,0.9999974214555729
0,0,0.19263552315580226
0,0,0.013611107306592258
0,0,0.02350874790437462
0,0,0.3015276367551383
0,0,0.007124596600230055
0,0,0.2246231370158706
0,0,0.002730632822587792
0,0,0.012967105173771318
0,0,0.03388852931534512
1,1,0.9999974214555729
0,0,0.00759489977792284
0,0,0.06442410986872196
1,1,0.566141951352793
0,0,0.08862361096344336
0,0,0.11684716308811893
0,0,0.013092296945972692
0,0,0.10297238505294383
0,0,0.008107408270370691
0,0,0.0008051653940885478
0,0,0.011266425367385396
0,0,0.3650124508251768
0,0,0.024977213495108178
1,1,0.9761824399592811
0,0,0.005290814987486089
0,0,0.1091498425277111
0,0,0.07463707490364765
0,0,0.012873387529774483
0,0,0.023178615442149303
0,0,0.002521285604159222
0,0,0.007939296770065178
0,0,0.14212642251573868
0,0,0.03148695376156272
0,1,0.5578986309614168
0,0,0.013321759823299199
0,0,0.004587919323805975
0,0,0.42921838600617873
0,0,0.3470242426624962
0,0,0.08246487507855466
0,0,0.000640319654484564
0,0,0.14888353188032505
0,0,0.1008508098719582
1,1,0.9875725361413703
0,0,0.02612625397174219
0,0,0.30281562476528223
0,0,0.003394633787803863
1,0,0.28330351669516474
0,0,0.00017664534886254068
0,0,0.07604807461387085
0,0,0.0016984206780203512
0,0,0.012687036426001606
0,0,0.10932617512617541
0,0,0.011006606712589177
1,1,0.999915564608854
1,1,0.9972747062635678
1,1,0.9999986485205823
0,0,0.02970008082529344
0,0,0.006735905040842205
0,0,0.001971310712017385
1,1,0.7368096088364458
0,0,0.06619698332805937
0,0,0.1086878553790347
0,0,0.07144290409378456
0,0,0.11264637116263379
1,1,0.9999966804291738
0,0,0.00885047228800786
0,0,0.011730612774844358
1,1,0.9942518226429486
0,0,0.008659416926238438
0,0,0.04499989606546215
0,0,0.0040905826383588655
0,0,0.18335575659485046
0,0,0.006753286394808263
0,0,0.018076591114558855
0,0,0.0957908692191493
0,0,0.02745222141624602
0,0,0.00640686672899113
0,0,0.36992288983624855
1,1,0.7972452234462362
0,0,0.0003234418506201492
0,0,0.0805259277869185
0,0,0.006651921060071489
0,0,0.014688525697463414
0,0,0.04991742210506654
0,0,0.001938996176487598
0,0,0.008674936371042092
0,0,0.08012726983476023
0,0,0.26638582981317316
0,0,0.012710748630086557
0,0,0.0014078227342455279
0,0,0.022764798953866953
0,0,0.016613168040087865
0,0,0.0049334216919556615
0,0,0.00981370037895488
0,0,0.05657431050847056
0,0,0.03041720617284116
0,0,0.00458810587221687
0,0,0.035101601847385776
0,0,0.02241308124982919
0,0,0.17936266946377324
0,0,0.002065329812692164
0,0,0.0020500936949436645
0,0,0.011944985242157676
0,0,0.032404936487209664
0,0,0.00563004949168818
0,0,0.0033605738107217596
0,1,0.5775137107009355
1,1,0.9907819140795852
0,0,0.36763441766044114
1,0,0.26809970338125844
0,0,0.008076945039504145
1,1,0.7257657608940584
1,1,0.9999974214555729
0,0,0.01783987213096331
1,1,0.9999974237616135
0,0,0.017624968306835638
0,0,0.006998263610419077
0,0,0.03245007149033209
1,1,0.9999966804291738
1,0,0.372024383233561
0,0,0.017716495340282593
1,1,0.999998765996982
0,0,0.03490303063862737
0,0,0.012439226130845065
1,1,0.9980188654447981
1,1,0.9999974214555729
0,0,0.015918938758753283
1,1,0.9999850289255444
1,1,0.9999977168367039
0,0,0.010930310970296883
0,0,0.012535385331621742
0,0,0.04158784200936064
0,0,0.06168597571724728
0,0,0.12792629535548128
0,0,0.0044758588063098
0,0,0.003903228008277756
0,0,0.007381257716437525
1,0,0.13245238110188184
0,0,0.0337428978539436
0,0,0.06219981094895361
0,0,0.0304039482360016
0,0,0.03420569650800783
0,0,0.019452932066309395
1,1,0.9999964734721614
1,1,0.83162093325616
0,0,0.4380091781169464
0,0,0.003985464166192227
0,1,0.5033907983160378
0,0,0.06025118214100649
0,0,0.02118312072487444
0,0,0.00926145482610757
0,0,0.014665805084936225
0,0,0.02766265924298115
0,0,0.4549237215723787
0,0,0.001602078329103523
1,1,0.9823752874188344
0,0,0.0208836489462358
1,1,0.9999974214555729
0,0,0.04541537262868388
0,0,0.37650359408843415
0,0,0.03223377483722583
1,1,0.9958576070617663
0,0,0.008746124741086858
0,0,0.009449693090088149
0,0,0.007759446472514465
0,0,0.0024087206096823502
0,0,0.00025789257562986096
0,0,0.01936356072107516
0,0,0.04908945669037674
0,0,0.017590793236970267
1,1,0.9999966804291738
0,0,0.011291267223516208
1,1,0.9999979498821073
0,0,0.41164434039313813
0,0,0.027599816363909253
0,0,0.0008989048899588212
0,0,0.017076444631533214
0,0,0.009959068512206034
0,0,0.0059005484225514325
0,0,0.003891549237359771
0,0,0.04278647993880616
0,0,0.4230910266397936
0,0,0.013499221933307015
0,0,0.08357975689652059
0,0,0.10176440287323262
0,0,0.027044943738221538
0,0,0.2222617168036844
0,0,0.015561447112979411
0,0,0.042000729846854705
1,1,0.9911290905324521
0,0,0.17569681249142716
0,0,0.034154495959099355
0,0,0.03768105556029295
0,0,0.011974504459292871
0,0,0.012206641372219988
0,0,0.05525779623429691
0,0,0.2871013477249744
0,0,0.11660649781560008
1,1,0.7977253181020058
0,0,0.42202200475084894
0,0,0.3230840712630885
0,0,0.024367478370417597
0,0,0.07770694183646111
0,0,0.18568784791766982
1,1,0.9348861844277013
1,1,0.9999966804291738
0,0,0.024927202731063868
0,0,0.04807581684957327
1,0,0.4689622020801353
0,0,0.00743142181702613
0,0,0.021993088447359106
0,0,0.03452021271845309
0,0,0.269872544237217
0,0,0.015922657946259966
0,1,0.5177049977712606
0,0,0.08407792928810866
0,0,0.04478805746093138
0,0,0.026265110076803263
0,0,0.0008326016066460529
0,0,0.0017412474057731276
1,1,0.999998765996982
0,0,0.04236416790951596
1,1,0.9999094556934308
0,0,0.22741943656381733
1,1,0.9999298645867918
0,0,0.01128478653064279
0,0,0.09280836968957787
0,0,0.0015510689974699953
0,0,0.025282130634311114
0,0,0.002715416268096851
0,0,0.1036007149837852
0,0,0.01929944284644706
1,1,0.9957616343225053
0,0,0.07286832439969809
0,0,0.10956766106203548
0,0,0.4549237215723787
0,0,0.020682672203850092
0,0,0.1459944440385002
0,0,0.02083329494428728
0,0,0.00018078949422535833
0,0,0.029821523776997164
0,0,0.1537343080021599
1,1,0.6421885080573275
0,0,0.0866109301797271
0,0,0.14637131329774777
0,0,0.08249506366139542
0,0,0.013903397494895813
0,0,0.27675817828070387
0,0,0.012843315872220868
0,0,0.04591986360828906
1,1,0.9999974214555729
0,0,0.004142099110254668
0,0,0.00729533377109424
0,0,0.030530110562887455
0,0,0.002731605924885383
1,1,0.9917428782201491
0,0,0.0325735896307265
0,0,0.002712956819559921
0,0,0.020482513671038354
1,1,0.9999977168367039
0,0,0.20593758337998866
0,1,0.7308154113429822
0,0,0.005088883622056307
0,0,0.0005165870546231055
0,0,0.05324722738068856
0,0,0.16823841496810304
0,0,0.4682530823759068
0,0,0.0511507442017169
0,0,0.027908094492045746
0,0,0.03425952217843968
0,0,0.03603540494546763
0,0,0.027908094492045746
1,1,0.9999977785150863
0,0,0.04577016474378189
0,0,0.07774760240486286
0,0,0.14146877488086765
0,0,0.0722630561219059
0,0,0.006656709837780593
1,1,0.9996953862637998
0,0,0.01190189488533537
0,0,0.004081612160968049
1,1,0.9965451889050398
0,0,0.008912209372639465
0,0,0.04550206600771454
0,0,0.004590899657857675
0,0,0.011006606712589177
1,0,0.040623439202338935
0,0,0.010772790187285943
0,0,0.06225156717488579
1,1,0.982873890501435
0,0,0.19940183550204835
0,0,0.0016454357766381299
0,0,0.008632189038891746
0,0,0.11659067710367886
0,0,0.12067831156244314
0,0,0.17587089878501178
0,0,0.06171401126600635
0,0,0.003031980417402333
0,0,0.028737060400088284
0,0,0.014037375816359164
0,0,0.049885105518678724
0,1,0.5441396537094941
0,0,0.0732428812864339
0,0,0.033211889217706195
0,0,0.1726734342205208
0,0,0.21535766139925058
0,0,0.05767459848164523
0,0,0.030642965225438554
1,1,0.982455357387503
0,0,0.12867297061451485
0,0,0.006221040350957034
1,1,0.9999964734721614
0,0,0.04350027070489286
0,0,0.029577087423914763
0,0,0.06797959628729956
0,0,0.041970679650722965
0,0,0.3085440285330547
0,0,0.011284726284063995
0,0,0.0032228753781937632
0,0,0.0056204149017995775
0,0,0.10867157287951512
0,0,0.4518502002055358
0,0,0.06523147632622246
0,0,0.005842094569394346
0,0,0.0735207354353761
0,0,0.053626552345263874
0,0,0.011179673785105877
0,0,0.002304023138875324
0,0,0.01113604513783321
0,0,0.023239713658066836
0,0,0.37650359408843415
0,0,0.014310506725162804
1,1,0.9916249652476004
0,0,0.009782667604337691
0,0,0.0007631055826717532
0,0,0.004711549148304016
0,0,0.01307103815241595
0,0,0.1267530989368819
0,0,0.038827891598594406
0,1,0.5838506909959524
0,0,0.000996087575976229
0,0,0.06289944180854902
1,1,0.9118293094359533
0,0,0.04997901401714327
0,0,0.00012032354271220431
0,0,0.08794654085870234
0,0,0.023500098670125428
0,0,0.0032756650983306
1,1,0.9999966804291738
0,0,0.10672028711656355
1,0,0.4825421360304427
0,0,0.03498893300546313
0,0,0.007751685971706068
0,0,0.0833874911990022
0,0,0.2388146960821818
0,0,0.052412106374589755
1,1,0.9999977168367039
0,0,0.022673532804508765
0,0,0.0035178098862935236
0,0,0.016434384316119273
0,0,0.08404401604942957
0,0,0.20721884933729245
0,0,0.04975822311016106
0,0,0.000353118651854129
0,0,0.004657124113695718
0,1,0.5131567507730159
0,0,0.016208379465035422
0,0,0.0658502283841248
0,0,0.001062602547664412
0,0,0.016743476085030514
0,0,0.03209740307575749
0,0,0.11723067546461433
0,0,0.014763370522404385
0,0,0.0021179143402341814
0,0,0.07562043462234654
0,0,0.0017681766978960068
0,0,0.009682015428729178
0,0,0.11143133675861672
0,0,0.010284748509188597
0,0,0.013748279287901552
1,0,0.028991257604774966
0,0,0.010534161453473698
0,0,0.006126098517159752
0,0,0.0008371007300293903
0,1,0.5802966250064808
0,0,0.27189439980744506
0,0,0.05506433494336465
0,0,0.030843348924033565
0,0,0.02103543357333697
1,1,0.6966808440856462
0,0,0.04223778559548189
0,0,0.0013590694748649148
0,0,0.006003563632691402
0,0,0.03011540043554728
0,0,0.0019359223704552217
0,0,0.2400389058306321
0,0,0.004728748604370859
0,0,0.0138019637120788
0,0,0.11842188771563789
0,0,0.03332189628006602
0,0,0.2854748179540715
0,0,0.04316973117521184
1,1,0.9999974214555729
1,1,0.9999986485205823
0,0,0.0476733155450481
0,0,0.02599534495229626
0,0,0.002892264786440959
0,0,0.0012547986371472322
0,0,0.0004649424175291564
0,0,0.0844292183153781
0,0,0.04094890719878141
0,0,0.09487260614380347
0,0,0.08659803380969698
0,0,0.3305987259200049
0,0,0.017748122167375608
0,0,0.031307360554234706
0,0,0.08846853543206568
0,0,0.001578277586592314
0,0,0.003953703510357159
0,0,0.09665319623348485
0,0,0.1621735469409726
0,0,0.005622073728221875
0,0,0.0037276889545312863
0,0,0.011836275893211663
0,0,0.003818954662658637
0,0,0.04471668948217961
0,0,0.00892952117396888
0,1,0.6379721500673337
1,1,0.9933818807100625
0,0,0.46980820266571915
0,0,0.011284726284063995
0,0,0.03134451727981277
1,1,0.9999974214555729
0,0,0.01876096469578269
0,0,0.06750115112998381
0,0,0.24305234578173746
1,1,0.9999971242915849
1,1,0.9999977168367039
0,0,0.026460458856332622
0,0,0.04076842253755241
0,0,0.02326429244039412
0,0,0.0012573788159728125
0,0,0.34641510192954217
1,1,0.902985703617901
0,0,0.03402768796205741
0,0,0.042528009553853774
0,0,0.020255648786825863
0,0,0.06845318062855923
0,0,0.016831799092944244
0,0,0.057980598921025465
0,0,0.27779158507829965
0,0,0.10862491614876685
0,0,0.02648091469130445
1,1,0.9999964734721614
0,0,0.13946493610188468
0,0,0.0003597206160983939
0,0,0.00802815856061123
0,0,0.018317395489025466
0,0,0.003280791036530949
0,0,0.033055821138763056
1,1,0.99991219992593
0,0,0.0030422615225474303
0,0,0.024737848533277186
0,0,0.021196527833220416
0,0,0.2516781875304093
0,0,0.1000492378160248
1,0,0.46204691303560247
0,0,0.03388852931534512
0,0,0.060823020908392804
0,0,0.017545149561890717
0,0,0.018502264110093883
0,0,0.013124190087028262
1,0,0.0955760002355583
0,0,0.0009183315011691051
0,0,0.03143845282939277
0,0,0.012090054203159175
0,0,0.018025724585343527
0,0,0.12274612340631302
0,0,0.032050961769592386
1,1,0.999995874961105
1,1,0.9999983935948057
0,0,0.20333004776451868
1,1,0.9989058505717952
0,0,0.015611121051643998
0,0,0.13996112109039197
0,0,0.12614821568023324
0,0,0.011949707058911034
0,0,0.019710972904839995
0,0,0.021913700899014565
0,0,0.007114273249199425
0,0,0.021790345347892166
0,0,0.018799343234439762
0,0,0.0034265022773493623
1,1,0.9764915099784313
0,0,0.015688321795567197
1,1,0.9999966804291738
0,0,0.19842688287781093
0,0,0.01326540868434606
0,0,0.02648091469130445
0,0,0.262355276247115
0,0,0.019547234107319438
0,0,0.029608609094079915
0,0,0.030985608631202602
0,0,0.005851837192969755
0,0,0.02832183440350891
0,0,0.00034977498311136105
0,1,0.5131567507730159
0,0,0.0264436386435029
0,0,0.09149884513881501
0,0,0.014092564654086
0,0,0.019845299333646912
0,0,0.0782568659694195
1,1,0.9999966804291738
0,0,0.01380309178988375
0,0,0.05534546304967425
0,0,0.026217002306592223
0,0,0.012733479250686708
0,0,0.04240168555286478
0,0,0.0679062450669684
0,0,0.011672125651706415
0,0,0.01801036974185929
0,0,0.007224019154473289
1,1,0.9956530454769535
0,0,0.003152872580257747
0,0,0.04973360357026085
0,0,0.006947112398652279
1,1,0.9999966804291738
0,0,0.013989850721701506
0,0,0.07158021264633796
0,0,0.1769585666605089
0,0,0.16351319515540996
0,0,0.09390869765289825
0,0,0.011869113450846742
0,0,0.009386603953076045
0,0,0.26059923311793465
0,1,0.5838506909959524
0,0,0.023627987476616045
0,0,0.02705008416411649
1,1,0.9991232245713829
1,1,0.9999979498821073
0,0,0.15548353924814942
0,0,0.0013564891764260892
0,0,0.043009019980328446
0,0,0.03634607058586803
0,0,0.4637574937890464
0,0,0.014263111367666125
0,0,0.02926286951584448
0,0,0.020652354045834084
0,0,0.19155053965268048
0,0,0.0005765646468783621
0,0,0.4661858204935282
0,0,0.0012014325783177577
0,0,0.062090922143197405
0,0,0.20367915690280944
0,0,0.011902520218911725
0,0,0.11150118013681298
0,0,0.0010722894878659216
0,0,0.12433605157315075
1,1,0.9999808399431727
0,0,0.011293204393177532
1,1,0.9517219260478438
0,0,0.0010077511185056483
0,0,0.03913723786168234
0,0,0.05852305450890854
0,0,0.07064388155342342
0,0,0.15918392558491667
0,0,0.01900189806788885
0,0,0.025554607364411966
0,0,0.022015263685733432
0,0,0.1103558928595985
0,0,0.3474102694775093
0,0,0.008607597095714646
0,0,0.14686508649997507
0,0,0.2464403541828927
0,0,0.3163802433579709
0,0,0.009850494855513372
0,0,0.008225298297756482
0,0,0.38452436243653126
0,0,0.04467553014440247
0,0,0.023956860279740953
0,0,0.033255766810658005
0,0,0.057610961470096644
0,0,0.00490495648550899
0,0,0.0009353750198453616
0,0,0.014909340540066653
0,0,0.03574329624859347
0,0,0.06871887656155543
0,0,0.03582225688077301
0,0,0.05669534790859269
0,0,0.010211997797385162
1,1,0.9999967418747816
0,0,0.0056619226962306935
0,0,0.2858699333037115
0,1,0.5044592145144957
0,0,0.15380319642074436
0,0,0.4549237215723787
0,0,0.06795467446641851
0,0,0.026984523442923892
0,0,0.014240336374703023
0,0,0.010245218367534184
0,0,0.01715487019245424
0,0,0.007991294998629963
0,0,0.013014586893579603
0,0,0.012243342551865212
0,0,0.029508623418089283
1,1,0.9999966804291738
0,0,0.06633350340788978
1,1,0.9812219262649866
1,1,0.999998765996982
1,1,0.9999974214555729
1,1,0.9997475630279449
0,0,0.014763370522404385
0,0,0.038683542925857184
0,0,0.05338982143597676
0,0,0.22442568973451082
0,0,0.03613353435412031
1,1,0.9999977168367039
0,0,0.08755609453745121
0,0,0.03707616872070269
0,0,0.08966194370628297
0,0,0.05989570396408204
0,0,0.136304206957338
1,1,0.9999966804291738
0,0,0.034188140721878514
0,0,0.4520969679169435
0,0,0.1741452197421422
0,0,0.04908771273694697
0,0,0.006205252351365176
0,0,0.039634095993561144
0,0,0.018617276346302288
0,0,0.00564369749583222
0,0,0.08291613564776541
0,1,0.6674988486620643
0,0,0.03452707643050415
0,0,0.003241228785350422
0,0,0.0021544048688986444
1,1,0.9999986485205823
0,0,0.01342569401482343
0,0,0.010600917147950006
1,1,0.9927280499909341
1,1,0.991576662440512
0,0,0.02497591960686766
0,0,0.0039057586799987275
0,0,0.015266087248823487
0,0,0.02002702902394473
0,0,0.20888580244000837
0,0,0.010795482685749798
1,1,0.9999979498821073
0,0,0.18619927232159242
1,1,0.9709032800246293
0,0,0.015648146645084817
0,0,0.007233597813104484
0,0,0.03716481692742615
0,0,0.04619397377362606
1,1,0.9855177646008848
0,0,0.058283236285239244
0,0,0.03654204006142042
0,0,0.04751144649049311
0,0,0.03812529470479102
0,0,0.08599678682871001
0,0,0.022093521197741155
0,0,0.016575932736941825
0,0,0.07660956229201281
1,1,0.9999974214555729
0,0,0.019440846299302827
0,0,0.029789550060369884
0,1,0.5508372077366487
0,0,0.06416626347961746
0,0,0.10046172368634365
0,0,0.04929296487173572
0,0,0.00686174489204814
0,0,0.09036821960661452
0,0,0.007292498517980811
0,0,0.0300909950625502
0,0,0.301125495788202
0,0,0.00959807947401695
0,0,0.05836318338583232
0,0,0.0291696754882235
0,0,0.020395631671083343
0,0,0.008539023530759571
0,0,0.028780640361168064
1,1,0.8744461819465754
0,0,0.003797970982353093
0,0,0.18775399526989847
0,0,0.010045526545478935
0,0,0.060216062137178915
0,0,0.16351319515540996
0,0,0.10079301430808593
0,0,0.03399512763917778
0,0,0.13052924100912794
0,0,0.019172687721307872
0,0,0.13748612696971607
0,0,0.02219318719580253
0,0,0.10235557449739312
1,1,0.9999986485205823
0,0,0.016368809111704116
0,0,0.017835512036237268
0,0,0.022641921017533637
1,1,0.9999957586278144
0,0,0.05340303424274641
0,0,0.022464364170538122
0,0,0.02616738945607088
1,1,0.6813191857237119
0,0,0.009966130241844605
0,0,0.07561205601304664
0,0,0.021942622682529226
0,0,0.0014333631138800272
0,0,0.011285994905978487
0,0,0.002683237702313814
0,0,0.01459009974230519
1,1,0.9999974214555729
0,0,0.011731725263582354
0,0,0.016807793576129763
0,0,0.011329845913477623
0,0,0.014662738843115869
0,0,0.005088883622056307
0,0,0.3085440285330547
1,0,0.2784423545921879
0,0,0.02156699880437863
0,0,0.013739931191856234
0,0,0.03110686777362982
0,0,0.038559954224342545
1,1,0.9999967418747816
0,0,0.013026512303856184
0,0,0.4332287651602217
0,0,0.03668734866094532
0,1,0.5480718162969835
0,0,0.045703249599294574
0,0,0.14068852042061225
0,0,0.01626001841704877
0,0,0.008055797499277987
0,0,0.048210820659848
0,0,0.0062912144520610004
0,0,0.14896918882570304
0,0,0.04973360357026085
0,0,0.0663151478294513
1,1,0.9812848185912689
0,0,0.026340415367830574
0,0,0.31939971153731617
0,0,0.021211479492369262
0,0,0.06732735329379577
0,0,0.003663544414195804
0,0,0.01080086810825564
0,0,0.04213922635459428
0,0,0.00045549245055208625
0,0,0.031880262148835825
0,0,0.029144877080389084
0,0,0.011342510485415713
0,0,0.03098755054101455
0,0,0.028663247347814544
0,0,0.17063193455980527
0,0,0.2858699333037115
0,0,0.030862094177528398
1,1,0.9834518668452135
0,0,0.00010989529359731916
0,0,0.391455831761584
0,0,0.01322352696710833
0,1,0.5160057304568518
0,0,0.18852506902240476
0,0,0.06621718579721843
1,1,0.9999977168367039
0,0,0.07945863543550813
1,1,0.7091041179733008
0,0,0.03635297721445433
0,0,0.02966048063848582
0,0,0.020636381006609028
0,0,0.0015491786250873916
0,0,0.007937276038788256
0,0,0.4743474611824561
0,0,0.034490094533897196
1,1,0.9999967418747816
0,0,0.03747990779707789
0,0,0.011668956838209912
0,0,0.499933738796207
1,1,0.999796516816608
0,0,0.00040306215235917176
0,0,0.031057239737114203
0,0,0.042021766545014404
0,0,0.018880326007602727
0,0,0.023970894661111797
0,0,0.0035538143310954945
1,1,0.8966119197508331
0,0,0.03501611048878997
1,1,0.9844491167366674
0,0,0.0356860957416935
0,0,0.029987985779113602
0,0,0.1598262379583613
0,0,0.03158061022444691
1,1,0.9999979423411411
0,0,0.014334926495247815
0,0,0.005741841673911136
0,0,0.031234216278755736
0,0,0.05837618706173952
0,0,0.006786953594476564
0,0,0.03449665927283869
0,0,0.024330393082765377
0,0,0.06041209616896753
1,1,0.831394894587874
0,0,0.011886042564204695
0,0,0.008511973564601929
0,0,0.012630053763366449
0,0,0.046310565446989804
0,0,0.009175858593708596
0,0,0.18133425977307832
0,0,0.06516844000151072
0,0,0.022931402418574127
0,0,0.06705630164182119
0,0,0.009760228640082056
0,0,0.2858699333037115
0,0,0.013938939989380625
0,0,0.007818767199531045
0,0,0.20095530298985692
0,0,0.0069297561216046365
1,1,0.9999966804291738
0,0,0.04181117890986652
1,1,0.8640284058662169
0,0,0.19844135768807647
1,1,0.999998765996982
0,0,0.01904684730635293
0,0,0.010287104925329672
1,1,0.9999966804291738
0,0,0.16850128592557123
0,0,0.006441788761965513
0,0,0.0015119825441354492
0,0,0.15230705473349107
1,1,0.9999974214555729
0,0,0.05058621704710597
0,0,0.030408966989498784
1,1,0.9999964734721614
0,0,0.0017681766978960068
0,0,0.036611568452943416
0,0,0.026808992958435432
1,0,0.44191584711150866
0,0,0.0060504811478177935
0,0,0.007048933451350759
0,0,0.0031776196424317077
0,0,0.05224054644485979
1,1,0.9674343205112013
1,1,0.9982730954650787
0,0,0.03733378569469944
0,1,0.5654954395176452
0,0,0.020465680696192357
0,0,0.023922921146963993
0,0,0.0012623679366857475
0,0,0.0038748517362056398
0,0,0.05567922384470869
0,0,0.059568767382418175
0,0,0.12668681676198953
1,1,0.999915564608854
0,0,0.02311843131654464
0,0,0.40519035795353037
0,0,0.009615746814249978
0,0,0.005281836820158276
0,0,0.002093858341574801
0,0,0.015193378532138358
0,1,0.6620474712967274
0,0,0.0009278480083297993
0,0,0.09675194859825823
0,0,0.18926445691476892
0,0,0.0041724271128969325
0,0,0.059368417722071465
1,0,0.09891666174503405
0,0,0.018422722448901474
1,1,0.9999966804291738
1,1,0.9999966804291738
0,0,0.05191591695872168
0,0,0.0013108842163445376
0,0,0.06238115255762114
0,0,0.009582980517115695
0,0,0.028489606298379707
0,0,0.015323985354984608
0,0,0.00980571447952037
0,0,0.007041682052608691
0,0,0.01625462945315325
0,0,0.01621813838111113
0,0,0.022877321335790023
0,0,0.19581856740635928
1,1,0.9999974214555729
0,0,0.046234583712946024
0,0,0.02085987544476674
0,0,0.04682195013051007
0,0,0.04038449709314629
0,0,0.005098667911978339
0,0,0.01847828415019397
0,0,0.029086378038128892
0,0,0.06095153199495689
0,0,0.004263051177641674
0,0,0.04688796169556937
0,0,0.016231614394783298
0,0,0.0018060906406086878
0,0,0.065586940296484
0,0,0.0009769297241545214
1,1,0.9953051585458759
0,0,0.00682201896028849
0,0,0.030955082464601484
0,0,0.027424421953380886
0,0,0.3067369966305385
1,1,0.9999966771807174
0,0,0.008393272388935983
0,0,0.0574866997953741
1,1,0.9999964734721614
0,0,6.096996325906057e-05
1,1,0.9812219262649866
0,0,0.00012483071749868672
0,0,0.05938323669132972
0,0,0.08675953148372668
0,0,0.01873887289150122
0,0,0.047674470589279636
0,0,0.05533655670593158
0,0,0.01362625892743284
1,1,0.9999964734721614
0,0,0.05769113453410714
0,0,0.024331418600521328
0,0,0.02174662986702933
0,0,0.4819243674831252
1,1,0.9999974214555729
0,0,0.05114669324562248
0,0,0.11890632194539606
0,0,0.0016059023172099519
0,0,0.015357109694340393
0,0,0.03249141875074061
0,0,0.021942622682529226
0,0,0.11626081586572916
1,1,0.9999969520979264
0,0,0.0010762518817856105
0,0,0.06782199820598761
0,0,0.020758115534634657
0,0,0.018805512070670237
0,0,0.0012028891914472387
0,0,0.0010411326667631709
0,0,0.1390335225157842
1,1,0.9999974474866807
0,0,0.0079793084026642
0,0,0.012414995237834596
0,0,0.012226096017745042
0,0,0.14052278689025752
0,0,0.05556834326613734
0,0,0.061538264517390785
0,1,0.5753558848034398
0,0,0.04115104274568169
0,0,0.009912059319923928
0,0,0.10772712372540252
0,0,0.007286526167091905
0,0,0.0003874314096531647
0,0,0.00215514967759779
0,0,0.03985987323102527
0,0,0.11169484739619975
0,0,0.09969842018796155
0,0,0.0017806647706648893
0,0,0.004341210667219926
0,0,0.10161476329332654
0,0,0.012642223908512024
1,1,0.9999977168367039
0,0,0.007009419081780444
0,0,0.06226381990944716
0,0,0.0836371172486963
1,1,0.9875095219457563
1,0,0.4638282045358025
0,0,0.0010502156574983877
0,0,0.1087954359775865
0,0,0.10340207421311672
0,0,0.011615078308545008
0,0,0.028913058166714724
1,1,0.9999966804291738
0,0,0.004070223735989852
0,0,0.0229442030956519
0,0,0.02809038171372272
0,0,0.21469378436595696
0,0,0.00014534377458286875
0,0,0.020642138881474918
0,0,0.16292571855650076
1,1,0.9999971242915849
0,0,0.0004955688426440056
0,0,0.40242295170865655
0,0,0.015125993954086715
0,0,0.04915486638108672
0,0,0.0012999244494281729
0,0,0.41426121303647345
0,0,0.0443230829951497
0,0,0.002451260938277527
0,0,0.01922062277859777
0,0,0.033722856592979314
0,0,0.030399232192206957
0,0,0.1065239406142146
0,0,0.1372031741241445
0,0,0.07582703812499125
1,1,0.9999967421133994
0,0,0.061151908966906164
0,0,0.12330054159278518
0,0,0.0013021044133094014
0,0,0.0034174183824217112
0,0,0.4520969679169435
0,0,0.011699213604381623
0,0,0.009508553257687138
0,0,0.005265944239569497
0,0,0.4549237215723787
0,0,0.05824616569249805
0,0,0.06906196932386839
0,0,0.4798209991728909
0,0,0.002557158091835325
0,0,0.016394456524551782
0,0,0.014426490417441817
0,0,0.0006443741849459188
0,0,0.0977288184194544
0,0,0.08962224077428961
0,0,0.011191940664413775
0,0,0.03289080825177425
0,0,0.0947314178493598
0,0,0.0688471158468586
0,0,0.009051522254243232
0,0,0.0073030452108639255
0,0,0.0035644467948937413
1,1,0.9999974214555729
0,0,0.26155420800899165
1,1,0.9999966804291738
0,0,0.006064927468104784
1,1,0.9999977168367039
0,0,0.04963194756572216
0,0,0.07242995375539585
0,0,0.011238096780804747
1,1,0.974477823963614
0,0,0.00012196934097307422
0,0,0.0009841104179787263
0,0,0.02756034703113653
0,0,0.11209040312794516
1,1,0.9949126452858729
0,0,0.03416750316827469
0,0,0.006771789020184425
0,0,0.04099181499780908
1,1,0.9999977168367039
0,0,0.008589972253914014
0,0,0.005088883622056307
0,0,0.017154153944067663
0,0,0.17521342413257446
1,1,0.9910113997719159
0,1,0.6083478758557976
0,0,0.0068453276768206
1,1,0.9938607759405722
0,0,0.0304039482360016
1,1,0.9730102637604934
0,0,0.002999238247352174
0,0,0.018289454843063012
0,0,0.1530913360299869
0,0,0.0077853174470734615
0,0,0.03148844199936235
0,0,0.04477340927555206
0,0,0.07471388854968294
0,0,0.007460079359097203
0,0,0.003331216399668967
0,0,0.07446444421794335
0,0,0.029766543646166394
1,1,0.9999966804291738
0,0,0.005650742564906874
0,0,0.097484539115765
0,0,0.015208657478743458
0,0,0.019545721287952192
0,0,0.04896795874288933
0,0,0.04855540413525205
0,0,0.004551959980064933
0,0,0.059221818547093824
0,0,0.007596781030997588
0,0,0.006897896559415432
1,0,0.13035115718413656
0,0,0.030525692342966326
0,0,0.016182019268280914
0,0,0.01005413556255234
1,1,0.9999966804291738
0,0,0.06374194943858462
0,0,0.011627123795926128
0,0,0.04374373727550201
0,0,0.03008102657777799
0,0,0.016866622788837406
1,1,0.5130638154885173
0,0,0.00011635497907040115
0,0,0.01263555313882496
0,0,0.1743416055175574
0,0,0.001242093005408038
0,0,0.02830755878350129
0,0,0.009492571578367581
0,0,0.08994302513578473
0,0,0.019970270990242192
0,0,0.045497172424959126
0,0,0.0011379438523899063
0,0,0.029930543154025036
0,0,0.009494375764893943
0,0,0.00039943740943050376
0,0,0.0005581562851425796
0,0,0.004323553839191527
0,0,0.01500608162535043
0,0,0.053938466540671755
0,0,0.21366698334937953
0,0,0.3652213147261498
1,0,0.06659346809465139
0,0,0.00011969917026231729
0,0,0.04128484594989347
0,0,0.0014509950516251597
0,0,0.01171469603176668
0,0,0.1908528344727713
0,0,0.00898684444057048
0,0,0.0042215069861416855
0,0,0.025141759902885644
0,0,0.004133266048640844
0,0,0.04447520296216205
1,1,0.9829721220183348
1,0,0.2978613074916965
1,1,0.9999970717796709
0,0,0.04527665638557648
0,0,0.01126258265153076
0,0,0.40242295170865655
0,0,0.08575660947987639
0,0,0.013727224081891013
0,0,0.17905668709768238
0,0,0.03169424470879453
0,0,0.057323343934505146
0,0,0.02725052469553038
0,0,0.0009572283937528653
0,0,0.0062481121764553236
0,0,0.03640131022783821
0,0,0.00012469420086917498
0,0,0.006896931695538332
0,0,0.0026244164620407755
0,0,0.016800843845047226
0,0,0.21897227194220112
0,0,0.030941051046568437
0,0,0.05766291960195787
0,0,0.017711244362409905
1,1,0.9656296714276585
0,0,0.12864771177038745
1,1,0.995582723576758
0,0,0.009685113390056666
0,0,0.03948061571701816
1,1,0.6402587563724742
0,0,0.036701099481232506
0,0,0.0009092309224704596
1,1,0.9999967418747816
0,0,0.012253581235779586
0,0,0.0020868451102970626
0,1,0.7857681331518648
0,0,0.03164533725349094
0,0,0.02939681130523646
0,0,0.0039705391809124494
0,0,0.02389233107888509
0,0,0.07991187030978224
0,0,0.00563004949168818
0,0,0.25044622392116667
0,0,0.03127914576910315
0,0,0.050612441843285956
0,0,0.012873619023809953
0,0,0.008994307063038665
0,0,0.07366246960185441
1,1,0.9999986485205823
0,0,0.03488892318848068
0,0,0.03993020623319328
0,0,0.35519337589940053
0,0,0.1817635992302103
0,0,0.02186468992935417
1,1,0.9999974214555729
1,1,0.909735718550395
1,0,0.2870525361091174
0,0,0.02648091469130445
0,0,0.007187486075174946
0,0,0.005517329851151288
1,1,0.5891994932919217
0,0,0.025257937694267853
0,0,0.02014270055455375
0,0,0.08014662935851329
0,0,0.034045337114201386
0,0,0.11956339713635786
0,0,0.09347400221442582
0,0,0.06043334500093121
0,0,0.40242295170865655
0,0,0.006855211826903218
0,0,0.03352520544796084
0,0,0.005653803837689147
0,0,0.029569899851654625
0,0,0.1909160906141127
0,0,0.023661587242027705
0,0,0.06392960437438311
0,0,0.07696442132887137
0,0,0.39717286834128357
0,0,0.012939686925145692
1,1,0.9999863014508135
1,1,0.9999964734721614
1,1,0.9999976198535029
0,0,0.06739981130130049
1,0,0.43052168079686315
1,1,0.9999989875016777
1,1,0.9895936825802377
0,0,0.004276403463801296
0,0,0.029489559045551787
0,0,0.04305013351407795
0,0,0.030400726959676952
0,0,0.0020946037376232025
0,0,0.00964521072680072
0,0,0.0012171533437105298
0,0,0.004757182436331936
0,0,0.23508209362847662
0,0,0.05760698005658246
0,0,0.05142433757191836
0,0,0.016925876853495992
0,0,0.005858050375908336
0,0,0.25044622392116667
0,0,0.024360870942941208
0,0,0.04663225452562689
0,0,0.03754852414345077
0,0,0.008612218687853647
0,0,0.023448185633052995
0,0,0.02932630321357752
1,1,0.9999986485205823
0,0,0.008564328482405941
1,1,0.9999974214555729
0,0,0.08667702954409336
1,1,0.9999962623084329
1,1,0.9999977168367039
0,0,0.013952779434829516
0,0,0.013752929049268864
1,1,0.9999967421133994
1,1,0.9999850289255444
0,0,0.031051224195530785
0,0,0.003779509015419851
0,0,0.008311888601060226
1,1,0.9999964734721614
0,0,0.00400175169585534
0,0,0.280447154522198
0,0,0.040985317650369585
0,0,0.008632189038891746
1,0,0.04518765588010163
0,1,0.5455295753105498
1,1,0.9999979498821073
0,0,0.03924902559037042
0,0,0.37650359408843415
1,1,0.9999974214555729
1,1,0.9999974214555729
0,0,0.019668353378648164
0,0,0.007071809263899871
0,0,0.049885105518678724
0,0,0.006292966926704512
1,1,0.9999974214555729
0,0,0.3775191200242322
1,1,0.9866480604907478
0,0,0.0010195847949265946
0,0,0.1900308339864153
0,0,0.002490028156859463
0,0,0.3903642881897321
0,0,0.020059337460907566
0,0,0.16553835680887943
1,0,0.3862302885099907
0,0,0.24079888687853057
0,0,0.003875579071204946
0,0,0.030123302729032703
0,0,0.0213958891005966
0,0,0.09450764969882096
0,0,0.05601839675442864
1,1,0.9999974474866807
0,0,0.16087159023113654
1,1,0.9999979498821073
0,0,0.015446340411265903
0,0,0.01908623461184997
0,0,0.0042519380528723
0,0,0.05564333048216164
0,0,0.0693361146841658
1,0,0.1537873874394329
0,0,0.42787654661325164
1,1,0.999998765996982
0,0,0.03183425384399423
0,0,0.1734524871685346
0,0,0.27723603642171796
0,0,0.047649390313298165
0,0,0.011215751433821652
0,0,0.39340298299596355
0,0,0.1689814416034893
0,0,0.05117265579945858
1,1,0.9989218050616963
0,0,0.012406024723918241
0,0,0.0055967214348824615
0,0,0.03849438511268152
0,0,0.009220045186734433
0,0,0.040634573504785096
0,0,0.0022293680729239735
0,0,0.014520252203824769
1,1,0.5892437629993789
0,0,0.008054664194533252
0,0,0.08475835923588505
0,0,0.02980454738473644
0,0,0.025330321989694957
0,0,0.002754447885075223
1,1,0.8604086399640567
0,0,0.04817152356674525
0,0,0.08591024535536723
0,0,0.003405709078418026
0,0,0.014840258013829573
0,0,0.3085440285330547
0,0,0.07005761201628828
0,0,0.010583380562510422
0,0,0.00724184325644458
0,0,0.006571088476058719
0,0,0.09474589231578145
0,0,0.010341492943687648
0,0,0.038743192652666646
0,0,0.01983981453016057
0,0,0.02786027621154553
0,0,0.06748843993916517
0,0,0.01647180385586354
0,0,0.0027907433412155077
0,0,0.23007436644046614
0,0,0.001239068055535774
0,0,0.04996609414272586
0,0,0.03378625035108803
0,0,0.05296330831851768
0,0,0.00973412524201602
0,0,0.012541704411078224
0,0,0.0318743218108668
0,0,0.001910310366998588
0,0,0.012450099850319748
0,0,0.018495947982650477
0,0,0.07813903686674857
0,0,0.010492645796363236
1,1,0.8724030415420015
0,0,0.08505816997851079
0,0,0.00831160642280914
0,0,0.05210462996253873
0,0,0.09136417865496811
0,0,0.038080577911026876
1,1,0.9875725361413703
0,0,0.003476538307924015
1,0,0.4424633105882477
0,0,0.00603837076995272
0,0,0.02706358250727285
0,0,0.024906503668526703
0,0,0.02733520163263954
0,0,0.13076817586418005
0,0,0.019713973355301603
0,0,0.00771686893664054
0,0,0.006698467924683249
0,0,0.0016310114698928103
0,0,0.011843029840724427
0,0,0.0393798028027562
1,0,0.1493299665741845
1,1,0.9999974214555729
0,0,0.0638539121387704
0,0,0.3818343812272108
0,0,0.017826813392712113
0,0,0.049636126875448036
0,0,0.07979552473625656
0,0,0.0025514204578576177
0,0,0.011944926029001332
0,0,0.21631048833729383
0,0,0.05740760466594333
0,0,0.07343111476797143
1,1,0.9999966804291738
0,0,0.002683237702313814
0,0,0.06871878885441489
0,0,0.24870959013653435
1,1,0.9868793377051698
1,0,0.12020137557033757
0,0,0.047097370007099404
0,0,0.044447250631886405
0,0,0.03222236018406778
1,1,0.9352891241266322
0,0,0.0026649766057679036
0,0,0.009819053882812121
0,0,0.014643774178950292
0,0,0.008612218687853647
1,1,0.9906760833474709
0,0,0.30515959869438386
0,0,0.00011142901576533738
0,0,0.026465596278427164
0,0,0.20921494064338533
0,0,0.050070745687466306
1,1,0.9974115766525051
0,0,0.0009460817124713097
0,0,0.30515959869438386
0,0,0.0006128333397138763
0,0,0.035495562619764394
0,0,0.03144544244416612
0,0,0.0008695229659408038
0,0,0.03758391219398795
0,0,0.008659416926238438
0,0,0.021827626917018388
0,0,0.042786726848667155
0,0,0.11403624651543305
0,0,0.46124905551722456
0,0,0.10892919141844477
0,0,0.040868045337694434
0,0,0.061560956465380026
0,0,0.007935161780850202
0,0,0.03180955368868341
0,0,0.22769418387151508
0,0,0.035620061867392784
0,0,0.0009630729512199023
1,1,0.9999966804291738
1,1,0.9999335566018644
0,0,0.029943596034079423
0,0,0.0019494812938569486
0,0,0.003952694684440434
1,1,0.9999982935068383
0,0,0.07578547911015908
0,0,0.0021111023396588185
1,1,0.9999974474866807
0,0,0.0096444799670306
0,0,0.038285952771628336
1,0,0.15136364272423294
0,0,0.004920775643296073
0,0,0.04685514939334563
0,0,0.01923645199649627
0,0,0.0015720546721985568
0,0,0.026593867549196522
0,0,0.022135627875534983
0,0,0.06181637961577414
0,0,0.0956185108492586
0,0,0.0014267008599350428
0,0,0.007696313915373873
0,0,0.06190285981406531
0,0,0.16091262911799453
1,1,0.9731091352687088
0,0,0.025343142202425558
0,0,0.30510700459184803
1,1,0.9999966804291738
0,0,0.01941044464985651
1,1,0.9999957814087109
0,0,0.007264615831543548
0,0,0.22574300764454547
0,0,0.17340361402408555
0,0,0.0035029702190446823
0,0,0.003950431424901619
0,0,0.004224798478460469
0,0,0.04885055193225968
0,0,0.008098715185565717
0,0,0.02502115222799945
0,0,0.037850808798504526
0,0,0.0016356394618614913
0,0,0.018852696576138493
1,1,0.9992423296569395
0,0,0.0778813218777792
1,1,0.9999966804291738
0,0,0.005806637581298553
0,0,0.01977863042836489
0,0,0.007173841723156561
0,0,0.002913811809792956
0,0,0.001160036187500475
0,0,0.019276395015635748
0,0,0.3234339757499142
0,0,0.022534923273677305
0,0,0.09572036490653746
0,0,0.006907174275888775
0,0,0.03710821190632036
1,1,0.993967251653729
0,0,0.08422599341094225
1,1,0.9999974214555729
0,0,0.14629873650282493
0,0,0.010009575213658277
0,0,0.03954489195842926
0,0,0.06585728006148561
1,1,0.9875725361413703
0,0,0.0002843337759375817
0,0,0.010930172551528691
0,0,0.001215982139177457
0,0,0.1294178081349235
0,0,0.04653773009391817
1,1,0.9870887822457416
0,0,0.03724401230284363
0,0,0.010101205073149567
0,0,0.11659502473434945
0,0,0.005062045099161761
0,0,0.006528755762407682
0,0,0.11756545972494796
0,0,0.005176500095124658
0,0,0.007303756085651545
1,1,0.9838821166770279
0,0,0.23737035833047984
0,0,5.320636936094927e-05
0,0,0.02011194342405103
0,0,0.30218773620529643
0,0,0.05431441822620723
1,1,0.9999964734721614
0,0,0.04156381379846517
0,0,0.1235787630505491
0,0,0.08329441844644035
0,1,0.5639960855069283
0,0,0.00027655482359326974
0,0,0.021222649289656413
0,0,0.13262890673633995
1,1,0.998896702929033
0,0,0.0031898405292720374
1,1,0.7563863444376249
0,0,0.036361148284079194
0,0,0.07808146998493087
0,0,0.05367239638239216
0,0,0.058982759071002165
0,0,0.000537389950643623
0,0,0.37647757935376946
1,1,0.888847419589822
1,1,0.999997854936797
0,0,0.012907920611145781
1,1,0.9932713863948732
0,0,0.11509666581149851
0,0,0.0008810935942386896
0,0,0.02147142438958164
1,0,0.03402372648363245
0,0,0.00695190742100134
0,0,0.03252332360430091
0,0,0.2842388202707215
0,0,0.07282591092695635
0,0,0.02202300452080043
0,0,0.0017490664479194618
0,0,0.05417288839498586
1,1,0.9916249652476004
0,0,0.009187695202111839
0,0,0.42196945710146183
1,1,0.9999974214555729
0,0,0.044751728930673015
0,0,0.002585491606645018
0,0,0.2178756739651647
0,0,0.016742552510889505
0,0,0.00713987052428504
0,0,0.018891463897484643
0,0,0.026743764546400338
0,0,0.004956663088649517
0,0,0.001358194186735235
0,0,0.006289386220704015
0,0,0.0027996121915734966
0,0,0.02079943411436742
0,0,0.13729426044265006
0,0,0.09050835635442356
0,0,0.30311198090742986
0,0,0.004563754277377411
0,0,0.028690954529490692
0,0,0.11246038078939163
0,0,0.22797395401437398
0,0,0.0029659052935302284
1,1,0.9999966804291738
1,1,0.9848968443910621
1,1,0.9962884517198709
1,1,0.9999986485205823
0,0,0.011974504459292871
0,0,0.0875113168282504
0,0,0.38809283360657065
0,0,0.003488249647875077
0,0,0.015330988401462247
0,0,0.03360395622299588
0,0,0.013080458630212548
0,1,0.6067422752557762
0,0,0.04627187906875572
0,0,0.0382445495153439
1,1,0.9999982935068383
0,0,0.012552416186290738
0,0,0.25587285634858753
0,0,0.010444423743551449
1,1,0.9999803458321401
0,0,0.009998044221792691
1,1,0.9999967421133994
0,0,0.009352005846103123
0,0,0.051726952330457814
0,0,0.3951246145071267
0,0,0.2858699333037115
0,0,0.00816992187663236
0,0,0.3504242540521265
0,0,0.036271103819001824
0,0,0.40242295170865655
0,0,0.352158046529067
0,0,0.261328039189985
0,0,0.06826666994866264
0,0,0.07783849220679268
0,0,0.01709693229217412
0,0,0.026642493218911656
0,0,0.00863689707666164
0,0,0.3003922169749279
0,0,0.006857726373440692
0,0,0.039372795249956904
1,1,0.9972408815512521
0,0,0.0027256209068666523
0,0,0.028833535993873987
0,0,0.05500707626955509
1,1,0.999928530827892
0,0,0.043597873550671205
0,0,0.03375399832347222
0,0,0.025197469071225467
0,0,0.07495271308715677
0,0,0.023110363745214742
0,0,0.015386772569577096
0,0,0.10752701726104255
0,0,0.13769703662926186
1,1,0.7220818008886795
0,0,0.028780640361168064
0,0,0.003956869796336244
0,0,0.018373673942585766
0,0,0.028530247962029822
1,1,0.8626479814917282
0,0,0.0025073968111484885
0,0,0.056504792056150596
1,1,0.9999967421133994
0,0,0.10668431305827279
0,0,0.008244814922152016
1,1,0.9999986485205823
0,0,0.05205964096635403
0,0,0.03200115237017711
0,0,0.0059410775349664985
1,1,0.9999252475750525
0,0,0.08450023060495342
0,0,0.003526028959190282
0,0,0.046171812077190476
0,0,0.015503379949195204
0,0,0.12228501340743264
0,0,0.004100235829555851
0,0,0.04182976829127906
0,0,0.012253581235779586
0,0,0.02889250146706607
0,0,0.00011872490172225707
0,0,0.09005698197366983
0,0,0.012206641372219988
0,0,0.06537812158060843
1,0,0.1893518376278456
1,1,0.999998765996982
0,0,0.008107408270370691
0,0,0.09711171579286562
0,0,0.001658179972739701
0,0,0.018553529900740426
0,0,0.044449706328163245
0,0,0.008942364387365776
1,1,0.9999967418747816
0,0,0.048891672226039316
0,1,0.7462349000133809
0,0,0.013865125834269484
1,1,0.9999911655392478
1,0,0.28567671195612376
0,0,0.04306933620626098
0,0,0.07494171513648235
1,1,0.9999966804291738
0,0,0.010985793260866806
0,0,0.004022844943715416
0,0,0.01445834822726391
0,0,0.001861171062992899
1,1,0.8084429396500893
0,0,0.02052069033494778
0,0,0.04976031125777001
0,0,0.009687495339768626
0,0,0.04442142493552932
0,0,0.023672599494372025
1,1,0.9999957586278144
0,0,0.0053465191094666294
0,0,0.1046330557168237
0,0,0.3085440285330547
0,0,0.013777650008106775
1,1,0.9999986485205823
0,0,0.3556563407706798
0,0,0.057980598921025465
0,0,0.0074567708454575735
0,0,0.011843031868910676
0,0,0.2587719804564545
0,0,0.025089971667913102
0,0,0.024061454521729992
0,0,0.13373553580731765
0,0,0.38809283360657065
0,0,0.035131213727816246
0,0,0.04303501796125133
0,0,0.054439244606015354
0,0,0.03650332118843367
0,0,0.01821688741823009
0,0,0.021711872712847736
0,0,0.014478128610094145
0,0,0.38147790259978637
0,0,0.03982078945893523
0,0,0.01201070630198764
0,0,0.23834902397092594
0,0,0.03581159692113719
0,0,0.004221076731581699
0,0,0.012736603988107059
0,0,0.03867564611053564
0,0,0.04004923470214168
0,0,0.14021603341217376
0,0,0.11095149885177148
0,0,0.05199165979173948
0,0,0.006738619944875462
0,0,0.27246385003122175
0,0,0.003207046323139006
0,0,0.01024100108003194
0,0,0.037423620269909946
0,0,0.0076299722949753086
0,0,0.007684470038666661
0,0,0.0207912242811075
0,0,0.014454005361009147
0,0,0.0023064623374176325
0,0,0.20615111248028886
0,0,0.0010514208229608136
0,0,0.10566560299338663
0,0,0.0014846886965232907
0,0,0.0015811708749435144
0,0,0.0016516217668197197
1,0,0.21347971011173114
0,0,0.03047520206986855
0,0,0.01248361603396365
0,0,0.006594519091126832
0,0,0.02989681865491389
1,1,0.9866480604907478
0,0,0.10767298642774722
0,0,0.024825830311438646
0,0,0.07909185203632287
0,1,0.551620297018447
0,0,0.011035175736071795
0,0,0.029524438791204418
0,0,0.00869663093225752
0,0,0.0058403476213877824
0,0,0.00040559186674447964
1,1,0.9999979498821073
0,0,0.2052835191569471
1,1,0.9999971242915849
0,0,0.13213289238507472
0,0,0.004882150600140721
0,0,0.001105923041742154
0,0,0.007553245261057102
0,0,0.3946643556368977
0,0,0.03592096025877338
0,0,0.13796800682113167
0,0,0.038672138792517144
0,0,0.014441223160184735
1,1,0.9999974474866807
0,0,0.04017641202264533
0,0,0.11328750495361332
1,1,0.9999966804291738
0,0,0.39694380481860425
0,0,0.025159164745220234
0,0,0.009128770448134505
1,1,0.9999964734721614
0,0,0.04840348662728711
1,1,0.9999966804291738
0,0,0.00661769797810896
0,0,0.0003370354278592345
0,0,0.03913723786168234
0,0,0.023337214093294277
0,0,0.006138221278314133
0,0,0.003954724722030161
1,1,0.9850560005660496
0,0,0.07940174072156866
0,0,0.15815884170439676
1,1,0.9919463169966667
0,0,0.00687226569880901
0,0,0.005970299276746138
0,0,0.0016008573389988904
0,0,0.00011893161454564501
0,0,0.49232739835823147
0,0,0.0016738984795837033
0,0,0.09316884051509176
0,0,0.2004512154915254
0,0,0.17848123020808393
1,1,0.999998765996982
0,0,0.02739177514236656
0,0,0.018317395489025466
0,0,0.0010938825315885991
0,1,0.5201707113670898
0,0,0.0037707338604056825
0,1,0.6468622934767431
0,0,0.18648227873281784
0,0,0.03086279395789706
0,0,0.02375335226221708
0,0,0.015737121461177523
0,0,0.24734424993440035
0,0,0.15086815813678303
0,0,0.003361071346906161
0,0,0.013714099840529471
0,0,0.3148250258342078
0,0,0.21793088865187693
0,0,0.049258254513741634
1,1,0.8835976437391041
0,0,0.23920837492676997
0,0,0.2629623425258063
0,0,0.055050250946562046
0,0,0.03888215737536046
0,0,0.23679226732576047
0,0,0.01284323790078312
0,0,0.00048079372719068346
0,0,0.049554700947120424
0,0,0.38809283360657065
1,1,0.9999967418747816
0,0,0.006868376811131681
0,0,0.03393584444929469
1,1,0.9741461507219263
0,0,0.008344653308303933
1,1,0.9999977168367039
0,0,0.06892239916056643
0,0,0.05140207989513924
0,0,0.045158998216752344
1,0,0.4464355556935135
0,0,0.2759716931041918
0,0,0.0029079003122679786
0,0,0.021062625082425762
0,0,0.0069341009539104805
0,0,0.016181701610724224
0,0,0.005218235608805448
0,0,0.18258208338377815
0,0,0.05116398584796304
1,1,0.9746263225918318
0,0,0.015984907649233535
0,0,0.016947312675441167
1,1,0.9999979498821073
0,0,0.18057229547447548
1,1,0.9999964734721614
0,0,0.15272929414488842
0,0,0.014922465306882786
0,1,0.5923722255042217
1,1,0.9999966804291738
0,0,0.08484804824040905
1,1,0.9999944704924432
1,1,0.9999983935948057
0,0,0.03705288437069047
0,0,0.05914700872039948
1,1,0.9999944704924432
0,0,0.013029263414333251
0,0,0.019258213936136796
0,0,0.00569674382012629
0,0,0.03343809884604329
0,0,0.2413669158986292
0,0,0.0749738893986086
0,0,0.007549429631294514
1,1,0.8511296865581408
0,0,0.0058403476213877824
1,1,0.9999966804291738
1,1,0.9885887941422355
0,0,0.02557873354580393
0,0,0.22061157856867428
0,0,0.004580300014031247
0,0,0.02498767645620831
0,0,0.0230376174839705
0,0,0.02630380554189007
0,0,0.02085359738759824
1,1,0.9999966804291738
1,1,0.9999977168367039
1,1,0.6288071450383681
0,0,0.04324393280841739
0,1,0.5767977795543899
0,0,0.4808407992615076
0,0,0.43816964900915073
0,0,0.030014787022905928
0,0,0.03724401230284363
0,0,0.004675145787473807
0,0,0.04552153203631435
0,0,0.006433685771634069
0,0,0.09564126415851883
1,1,0.9999974214555729
1,1,0.8263776318375747
0,0,0.02438522553713594
0,0,0.034245108415196894
0,0,0.0006199386559228302
0,0,0.31158044939713825
0,0,0.11660019909379009
0,0,0.037052724748478684
0,0,0.007490136880177751
0,0,0.28216459000711963
0,0,0.4156139712196379
0,0,0.3085440285330547
0,0,0.02905251191237149
0,0,0.05803624166778679
0,0,0.0017479902785058606
0,0,0.0016678235451852844
0,0,0.00035951125897505225
0,0,0.22475855763551764
1,1,0.9944385088858889
1,0,0.37204596936099726
1,0,0.24695016954890506
0,0,0.02692981746277926
1,1,0.9999252754375739
0,0,0.0002442653761896014
0,0,0.013499221933307015
0,0,0.002490057374363354
0,0,0.005700903420353755
0,0,0.0009615505774354892
1,1,0.9999974214555729
0,0,0.031471336677762876
1,0,0.2062987019855074
0,0,0.030123302729032703
0,0,0.1760657888544084
0,0,0.018638368076863792
0,0,0.019940572515342585
0,0,0.003194025393016754
0,0,0.12997385789289448
0,0,0.023273959936842704
0,0,0.15523328233554154
0,0,0.008078952574659347
0,0,0.007268268761272438
0,0,0.01203952429964165
0,0,0.2862407485905627
0,0,0.014780969261241585
0,0,0.0681073895404255
1,0,0.06192077034388269
0,0,0.10807993267853268
0,0,0.05140207989513924
1,1,0.9999986485205823
0,0,0.02719532712073687
1,1,0.5134037912575372
0,0,0.00106509365776778
0,0,0.027866746524160227
0,1,0.5863686171002837
1,1,0.9999974214555729
0,0,0.023129814365746165
0,0,0.0446412975169206
0,0,0.00047858455624932617
0,0,0.28094051186594093
1,1,0.8374401615771686
0,0,0.11811663703673723
0,0,0.010730411617651103
1,1,0.9999974214555729
0,0,0.011760056503340267
0,0,0.024922703699045992
0,0,0.020191021834837022
1,1,0.6543315035081538
0,0,0.01928982259130686
0,0,0.019690754595813056
0,0,0.04997348734669646
0,0,0.3157100379573523
0,0,0.15810324342203377
0,0,0.011202507624739637
0,0,0.023436001709126617
0,0,0.01718992018387469
0,0,0.03377715196574776
0,0,0.01179597998215788
0,0,0.20075005503129098
0,0,0.11570485457764364
0,0,0.07453891116301818
0,0,0.041968216461059984
0,0,0.09775184831114687
0,0,0.0033306379211801127
0,0,0.14708787340247761
0,0,0.017642717056047277
0,0,0.030060234724376893
0,0,0.006718628417410686
0,0,0.00383308111109631
0,0,0.003557357911438426
0,0,0.00872694933172545
0,0,0.012866122638527024
0,0,0.009668104092120865
0,0,0.05790841121308878
1,1,0.999915564608854
1,1,0.9746306443078004
0,0,0.061957845111358656
0,0,0.3085440285330547
0,0,0.01297130084565677
0,0,0.28796311381995576
0,0,0.03566866181296902
0,0,0.03408773662441836
0,0,0.05754909808097709
0,0,0.013128007422697948
0,0,0.013147439299265205
0,0,0.013710532716513806
0,0,0.17790268189557829
0,0,0.030952609073699826
1,1,0.9999964734721614
0,0,0.044657799152991444
0,0,0.05772583328056002
0,0,0.0077148704954233295
0,0,0.01156194981865107
0,1,0.5367223846807969
0,0,0.009769812952779486
0,0,0.003288723132264826
0,0,0.04842038163136626
0,0,0.05078968755417415
0,0,0.00033693604731534877
1,0,0.49668029134104863
0,0,0.057354317747672905
1,1,0.9318028022730052
1,1,0.9239956097893405
0,0,0.027601020289430026
0,0,0.034840163042983444
0,0,0.005763730996282668
0,0,0.0001547065201522484
0,0,0.011448508720646433
1,1,0.9999974474866807
0,0,0.04482300618564515
0,0,0.011479791397400099
0,0,0.02782576420723934
0,0,0.010142824841740184
0,0,0.020013239661619834
0,0,0.003922244636324878
0,0,0.2910715733001917
0,0,0.3789361509622901
0,0,0.07961651841819659
0,0,0.04979226462326195
1,1,0.9999979498821073
0,0,0.2772060912940177
0,0,0.02961881456728201
0,0,0.037758349253009124
0,0,0.01727701287207696
0,0,0.12216162473664406
1,1,0.8792318976779344
0,0,0.4914802525498204
0,0,0.028040623280810355
0,0,0.0012039878843407232
0,0,0.1091096008358786
0,0,0.035625343892428926
0,0,0.023599611449627085
0,0,0.017468037766753222
0,0,0.010651795905575766
0,0,0.3589904608711534
0,0,0.30323811533765976
1,1,0.9999966804291738
0,0,0.02358985601461705
1,1,0.9865391861460072
0,0,0.08494205346949785
0,0,0.062395546018802116
0,0,0.04643861603132817
0,0,0.018498128204350168
0,0,0.01221970490991032
0,0,0.0174778706709373
0,0,0.1918892825411282
0,0,0.10404825876955878
1,1,0.9999805700642406
0,0,0.009982746210941024
0,0,0.03262542935847419
0,0,0.013401984208356126
0,0,0.13617019879029388
1,1,0.9999962625821728
0,0,0.24206733093328342
0,0,0.05041807672142859
0,0,0.005198058154325034
0,0,0.0552205875808203
0,0,0.00044919044014955084
0,0,0.025860962296301096
0,0,0.00707547755334716
0,0,0.02573936105393323
1,1,0.9999094556934308
0,0,0.009736208821928313
0,0,0.022729961659487135
0,0,0.0005733788309044767
0,0,0.0009827716216968953
0,0,0.10734589437959412
1,1,0.9999978627980848
1,1,0.9999966804291738
0,0,0.1733599417472943
0,0,0.01792765339735117
0,0,0.07374880850765708
0,0,0.04305132930500971
1,1,0.9999779632012206
0,0,0.06298838895100912
0,0,0.004341210667219926
0,0,0.001960000802210874
0,0,0.01093655928140768
1,1,0.9999966771807174
0,0,0.027896736069644518
0,0,0.2643709230663581
0,0,0.036722711021861684
0,0,0.014791055949406575
1,1,0.9999985843625584
0,0,0.06981806407824348
0,0,0.0014794690301906913
1,1,0.9999978627980848
0,0,0.022337608257483252
0,0,0.05451561963241663
0,0,0.06520212293266003
0,0,0.048924075998323276
0,0,0.12794408836286864
1,0,0.0594203610242555
0,0,0.011006606712589177
0,0,0.025956589945789785
0,0,0.10328614798770719
0,0,0.013519981513570443
0,0,0.0016084819326478914
0,0,0.04262327851521818
0,0,0.06384566923649854
0,0,0.10076714436533776
0,0,0.005842994720837921
0,0,0.03811209376195778
0,0,0.004563754277377411
0,0,0.05873053779000484
0,0,0.0005564870868247455
0,0,0.09611073011762987
0,0,0.004858403465746505
0,0,0.09227653878815718
0,0,0.016612954915963027
0,0,0.018848330393797876
1,1,0.99991219992593
0,0,0.008110467599569527
1,1,0.9999974214555729
0,0,0.0018401035058175706
0,0,0.012802809809850737
0,0,0.10269408569096895
0,0,0.0011654495653716178
0,0,0.007333121283901971
0,0,0.07195455206704271
0,0,0.08064410598080882
0,0,0.014889852331891227
0,0,0.005073080569562901
0,0,0.0007641203756086022
0,0,0.0028691431704391643
0,0,0.09672890833004906
0,0,0.14604674711389729
1,0,0.46906108297867966
0,0,0.014563940544946651
0,0,0.2532727914482433
0,0,0.011025544344109548
0,0,0.03184822696133875
0,0,0.003905911586084423
0,0,0.0020660104637934365
0,0,0.02120721933169247
0,0,0.014498236487147223
1,1,0.9999967418747816
0,0,0.002330593232340941
0,0,0.007115319065079315
0,0,0.040633549941546956
0,0,0.04490066335019641
0,0,0.010569116928364045
0,0,0.3620087586662679
0,0,0.003815768457050065
0,0,0.005448290672340652
0,0,0.07780670340144957
0,0,0.0040159844695164424
0,0,0.03867945959846857
0,0,0.09212802179427426
0,0,0.02984453740091436
0,0,0.0008989048899588212
1,0,0.3503392618699049
0,0,0.014301647026135263
0,0,0.046024843522691546
0,0,0.26518388469028775
0,0,0.00013040651865660945
0,0,0.025730689334680267
0,0,0.03706887088825761
0,0,0.0046655988847755505
0,0,0.007814677330147991
0,0,0.03486156128724679
0,0,0.008835526162726526
0,0,0.014583782640304308
0,0,0.011967071171991394
0,0,0.01888342753935201
0,0,0.29648513323094244
0,0,0.018286731315359895
0,0,0.003375586833671927
0,0,0.25044622392116667
0,0,0.009933898316269603
0,0,0.035876486985991794
0,0,0.02037720018015857
0,0,0.041589962870567786
1,1,0.9812848185912689
1,0,0.4808407992615076
0,0,0.10169353352828686
1,1,0.9999967418747816
0,0,0.013190212682998671
1,1,0.999998765996982
0,0,0.00331754158078723
0,0,0.011792655839606876
1,1,0.9999306048835422
0,0,0.0020468795720978697
0,0,0.007460079359097203
0,0,0.10836721082127357
0,0,0.1750864283317272
0,0,0.1972311936180562
0,0,0.04682864201103908
1,1,0.9095558075399222
1,1,0.9845445582445463
0,0,0.0036432271143454977
0,0,0.07116976435624561
0,0,0.00017388027440479704
1,1,0.9999967421133994
0,0,0.2093091149066715
0,0,0.007987371140864128
0,0,0.0012651827460721376
0,0,0.042612695476782154
0,0,0.007861911414262485
0,0,0.062037779592206965
0,0,0.026556922837429987
0,0,0.20128489107806555
0,0,0.2041247460534216
0,0,0.00564606717496517
0,0,0.005404851295113951
0,0,0.10134758480006158
0,0,0.029961740257591456
0,0,0.027866746524160227
0,0,0.023500098670125428
0,0,0.32660191986647363
0,0,0.059874369703390405
0,0,0.21036873206965423
0,0,0.0036366705690396486
0,1,0.8315708501015712
0,0,0.15996364170770858
0,0,0.002298144502795763
0,0,0.009214761001200285
0,0,0.02546824505940423
0,0,0.009578490969526019
1,1,0.8626479814917282
1,1,0.9999977168367039
0,0,0.008069431058311654
1,0,0.4808407992615076
0,0,0.4459357093499808
0,0,0.04177240295668358
0,0,0.011981348287002704
0,0,0.21721004950448405
0,0,0.1047349826038488
0,0,0.004417358271641717
0,0,0.0018950971965117484
0,0,0.014773554350803039
0,0,0.02363831721366911
0,0,0.06071076981016908
0,0,0.21569129358937017
0,0,0.001079905631320579
1,0,0.22798343232195883
0,0,0.36235837897066864
0,0,0.011522280737611251
0,0,0.3198134536941857
0,0,0.003347871333711917
0,0,0.0009268524239406749
0,0,0.03299753849217512
0,0,0.05564333048216164
0,0,0.14786724452247052
0,0,0.1889372468438249
1,1,0.9712272604832283
1,0,0.22557217446077743
0,0,0.008121656559728362
0,0,0.1777150385514714
0,0,0.08779632626336742
0,0,0.03230071796554915
0,0,0.012083067068709555
0,0,0.053194748300790705
0,0,0.044315442653993155
0,0,0.20021987993825763
0,0,0.0038157943156429557
0,0,0.06140325062906558
0,0,0.03883825057164858
0,0,0.024620664392940188
0,0,0.052160522604770714
0,0,0.0033152458794254115
0,0,0.012057779181841512
0,0,0.043434713840610144
0,0,0.044949270369507875
0,0,0.0015808681044831784
0,0,0.002133991761513921
0,0,0.061988108817935934
0,0,0.01960562978938157
0,0,0.029367935544293008
0,0,0.03243289225266399
1,1,0.9945962523581459
0,0,0.006470833630257021
0,0,0.022939784579259104
0,0,0.009339753321568783
0,0,0.058903889623644595
0,0,0.017435254283294645
1,1,0.9999967418747816
0,0,0.004370727724717012
0,0,0.09794900563712734
0,0,0.007110897125637912
1,1,0.9999964734721614
0,0,0.0010199710175413997
0,0,0.0024895821054644655
0,0,0.2072592477239526
0,0,0.09733227608262382
0,0,0.05043149272789783
0,0,0.028460297261995927
0,0,0.10046299016521787
0,0,0.006989219924352005
0,0,0.01547910507069674
0,0,0.004319580449097729
0,0,0.10444601927679134
1,1,0.9999979498821073
0,0,0.007907340658861393
0,0,0.006586289829549874
0,0,0.11306213155578552
0,0,0.36286390479024566
1,0,0.3340233704995002
0,0,0.015092134287294945
0,0,0.019519046079086874
0,0,0.011072078269358986
0,0,0.014135656663096272
0,0,0.15836731106234497
0,0,0.0016531381044825157
0,0,0.002963699067725762
0,0,0.12887558868814858
0,0,0.0049505741758346525
1,1,0.9999964734721614
0,0,0.00941238941669024
0,0,0.06175001538636962
0,0,0.00030217230428887634
1,1,0.9999966804291738
0,0,0.00038396193059385853
0,0,0.00647778694789249
0,0,0.008422507325801853
0,0,0.19063932427614536
0,0,8.114323568245495e-05
0,0,0.010453059727282978
0,0,0.018274271748162006
1,1,0.999998765996982
0,0,0.0014509950516251597
0,0,0.008824569613283137
0,0,0.011665462121132217
0,0,0.26379023668582785
0,0,0.05439609271475424
0,0,0.06276015605447985
0,0,0.05520169611443861
0,0,0.0504994660028786
0,0,0.005379351097852309
0,0,0.007794421299659275
0,0,0.12928209702858326
0,0,0.19246356687955757
0,0,0.031109080419789097
1,1,0.9999964734721614
0,0,0.00014793849521885132
1,1,0.999915564608854
1,1,0.9999967418747816
0,0,0.004908364770645592
0,0,0.017454588374672706
1,1,0.9999966804291738
0,0,0.04186114799640378
0,0,0.01445834822726391
0,0,0.0005329307209045287
0,0,0.015392033881189262
1,1,0.9999974891825779
0,0,0.0014344314709514425
0,0,0.293655127680841
0,0,0.031690169331343776
0,0,0.0045866889359387625
0,0,0.1748614563667724
0,0,0.00401979098341611
0,0,0.048792011965299364
0,0,0.04029258618208777
0,0,0.11030468783434855
0,0,0.01718807509942712
0,0,0.003797330017117628
0,0,0.005636194161924273
0,0,0.0017681766978960068
0,0,0.00026018663775511156
0,0,0.029787491399253706
0,0,0.02942896452399253
0,0,0.09575570243450895
0,0,0.4320727399117541
0,0,0.006489908841698672
0,0,0.002288011072497451
0,0,0.02304167724428231
0,0,0.046655037860413015
0,0,8.412285654970798e-05
0,0,0.00021026304169636332
0,0,0.04859263436511576
0,0,0.017432141268630474
0,0,0.016180267944915915
0,0,0.012223477371640722
0,0,0.10784115918088771
0,0,0.04591521794792569
0,0,0.30515959869438386
0,0,0.004547227418026818
0,0,0.027488512264070557
0,0,0.009749506330001526
1,0,0.40242295170865655
0,0,0.01332833457019492
0,0,0.035820111068853744
0,0,0.024980196895109656
0,0,0.007331504728425219
0,0,0.016380782627437068
1,0,0.47451268889277737
0,0,0.07227833823267361
1,1,0.9999986485205823
1,1,0.9999986485205823
1,1,0.9999974474866807
0,0,0.11132717451675136
1,1,0.9501017953524539
1,1,0.8799435442545639
0,0,0.1964649691060035
0,0,0.0018486970016633182
0,0,0.011789313505744461
0,0,0.10768749179874613
0,0,0.011581657601210106
0,0,0.020095023593996106
0,0,0.048665947832908875
0,0,0.005281836820158276
0,0,0.014711084656152567
1,1,0.9999974214555729
1,1,0.999998765996982
0,0,0.014225328743741788
0,0,0.2793953118660738
0,0,0.13852916506585308
0,0,0.018695722263180885
1,1,0.9999966804291738
0,0,0.0024136717761436624
0,0,0.2039532377378991
0,0,0.021048028201066077
0,0,0.016813688509445687
1,1,0.7421185116403227
0,0,0.05276185962485101
1,1,0.9694032723613933
0,0,0.01968888370914287
1,1,0.9999986485205823
0,0,0.038436283921749595
0,0,0.01630373768343076
0,0,0.012943221479107906
0,0,0.039285449891453515
1,1,0.6579045135364294
0,0,0.15272677516685942
1,1,0.9999906755245695
0,0,0.022484526188255312
1,1,0.9999974214555729
1,1,0.9999908487908399
0,0,0.07550479393911447
0,0,0.031178195621982666
0,0,0.010811762131083515
0,0,0.00010488209909829957
0,0,0.003278088455196268
0,0,0.17552516777696814
0,0,0.05718452590382693
0,0,0.013274184306309658
0,0,0.01477956288657802
0,0,0.010200708559242058
0,0,0.005912210430814329
0,0,0.1533419150607501
0,0,0.005323983610761271
0,0,0.0014559058073928724
0,0,0.018809363354807103
0,0,0.20758267462833663
1,1,0.99991219992593
0,0,0.015324676140925862
0,0,0.11093059540323956
0,0,0.01282521100160318
0,0,0.037865115740990336
0,0,0.008387760402038334
0,0,0.17727842014888942
0,0,0.17327283598544022
0,0,0.3022941453140222
0,0,0.005450517932151315
0,0,0.10488117305300988
0,0,0.005134889524033417
0,0,0.04235605897424204
0,0,0.009860200737504394
0,0,0.0032045863438281198
0,1,0.7323390711330338
0,0,0.2647449145580616
1,1,0.9999976198535029
0,0,0.005346655105437362
0,0,0.1336802853843291
0,0,0.005176500095124658
1,1,0.999915564608854
0,0,0.12151405916605523
0,0,0.012738613107998592
0,0,0.00451816307807467
0,0,0.4549237215723787
1,1,0.9365970274678406
0,0,0.0009205702931923349
0,0,0.025694577504942334
0,0,0.12628969521822958
0,0,0.42921838600617873
0,0,0.014720056824074608
0,0,0.015022455120831673
0,1,0.5601893638197668
1,1,0.802043575369094
0,0,0.004956319084613412
0,0,0.0029015162616506493
0,0,0.03607710466849668
0,0,0.014356808856668409
0,0,0.048752443470208906
0,0,0.18169113333243958
1,1,0.9999976198535029
0,0,0.060823020908392804
0,0,0.013230559791966825
1,0,0.2596654170768933
1,1,0.9763434189377482
0,0,0.1034482688753908
0,0,9.646931165257784e-05
1,1,0.9478129627582388
0,0,0.012702012190992458
1,1,0.9552705187595258
0,0,0.16351687117679828
0,0,0.08277463687025964
0,0,0.019317041013330993
0,0,0.0030576920180023378
0,0,0.00858093518637413
0,0,0.06667842920216287
0,0,0.0006248271438749559
0,0,0.010585066079509858
0,0,0.20531975287989007
0,0,0.008046030826277518
0,0,0.008917026264105322
0,0,0.33459371475407945
0,0,0.139552780717472
0,0,0.0011503858622481653
0,0,0.07995890892162485
0,0,0.013357544774992743
0,0,0.08258894077011003
1,1,0.9910270459853792
0,0,0.010663323235371305
0,0,0.08343401246396616
0,0,0.020212074615857147
0,0,0.038285952771628336
1,1,0.999998765996982
0,0,0.0012958161384925638
1,1,0.9999966804291738
0,0,0.01993316396708803
0,0,0.06640932141446447
0,0,0.31591806632897235
1,1,0.9999967418747816
1,1,0.9796468724675258
0,0,0.024645511987477733
0,0,0.019219136182474974
0,0,9.318426281743992e-05
0,0,0.0825339437271319
0,0,0.08846991838118198
1,1,0.9999967418747816
0,0,0.37650359408843415
0,0,0.2713737659642977
0,0,0.02697883801926865
0,0,0.003784667992948314
1,0,0.06023522075148854
0,0,0.025992626654709944
0,0,0.022003051803795495
0,0,0.03167745641541269
0,0,0.012773384443869988
1,1,0.9977822971529386
0,0,0.020055274069976228
0,0,0.00014082037023731742
0,0,0.08177703656073851
0,0,0.050070745687466306
0,0,0.016807072419684262
0,1,0.5088632561927493
0,0,0.3712780112811434
0,0,0.005805458244469628
1,0,0.21468612134113493
0,0,0.05796629836718817
0,0,0.31757777554822403
0,0,0.016521324341363497
0,0,0.02529338865118694
0,0,0.38809283360657065
0,0,0.0007875481256434466
0,0,0.03605394153161661
0,0,0.18733800519631844
0,0,0.07149963246879466
0,0,0.009095040282128437
0,0,0.027953402984868352
0,0,0.0426157057797358
0,0,0.029701781637701964
0,0,0.04307572631834162
1,1,0.9999966804291738
0,0,0.06513253187269229
0,0,0.001974339659326759
0,0,0.029600925976848182
0,0,0.0008791551154367972
0,1,0.6407003780461201
0,0,0.03927916106311217
0,0,0.0008852140811839436
0,0,0.0007870184128462467
1,1,0.9999986485205823
0,0,0.015620827783081848
0,0,0.0036640046161668725
0,0,0.008478426128493984
0,0,0.006928407519424985
0,0,0.0015148302344560756
0,0,0.06544496854572665
0,0,0.006319575545863454
0,0,0.025070265693317335
0,0,0.02665847993079648
0,0,0.0013253202587192492
0,0,0.030780289414543666
0,0,0.15508757871721457
0,0,0.06947889787013026
1,1,0.9999964734721614
1,1,0.8198899240908718
0,0,0.04102488891227585
0,0,0.0026385595393857483
0,0,0.015847546131900297
0,0,0.01703745268967921
0,0,0.08339936438877273
0,0,0.016067082742149755
0,0,0.0033433898176502153
0,0,0.04120488599527262
0,0,0.473047504640415
0,0,0.36120164262556825
0,0,0.15712376321930174
0,0,0.022534923273677305
0,0,0.008017556261627394
0,0,0.008281366107075102
0,0,0.004431443418455259
0,0,0.028073819631031935
0,1,0.5700749605637503
0,0,0.007200373192654142
0,0,0.020684438908414267
1,1,0.9999974214555729
0,0,0.0092841797149819
1,1,0.9999966804291738
0,0,0.04462647208046079
0,0,0.041198354125233094
0,0,0.041449736464134544
0,0,0.0009669173803772104
0,0,0.039366626765501296
1,1,0.9999964734721614
0,0,0.008113235221877006
0,0,0.03809155441546245
0,0,0.0022015275122275447
1,1,0.8394200077779178
0,0,0.0790240067605804
0,0,0.11414924727080589
0,0,0.08253491501176922
0,0,0.0006052017497331346
0,0,0.02288281951543192
0,0,0.1463491264488257
1,1,0.9998710415765693
0,0,0.13911935033923348
0,0,0.06487066140395656
0,0,0.4743474611824561
0,0,0.0022151548902089656
1,1,0.9999974214555729
0,0,0.10410717951828019
0,0,0.006924807744266876
0,0,0.007450745312954672
0,0,0.0020998442724883327
0,0,0.004429101762231554
0,0,0.04953644142917953
0,0,0.04896670331916464
0,0,0.011006606712589177
0,0,0.10533721107633441
0,0,0.10639137435944686
0,0,0.014704316195414032
0,0,0.012658813572759588
0,0,0.3085440285330547
1,1,0.6519167675538736
0,0,0.25962306120990164
1,1,0.9744470822096615
0,0,0.00038367135045053814
0,0,0.01739392160334407
0,0,0.1472051531983718
0,0,0.02923861254067993
0,0,0.021639322712169562
0,0,0.12882599411447318
0,0,0.029905986640501328
0,0,0.0443230829951497
0,0,0.022233463897032058
0,0,0.016751220167558745
0,0,0.015046309197872839
0,0,0.004391576255145797
1,1,0.9999986485205823
0,0,0.015936663889094076
0,0,0.009244959030176414
0,0,0.0018241768439805997
0,0,0.17425339182065003
0,0,0.08173861541439306
1,1,0.8475646486818352
0,0,0.05502176770348282
1,1,0.9999977168367039
0,0,0.005012155661564056
0,0,0.08882137108218009
0,1,0.7495779367649095
0,0,0.03569324168034882
0,0,0.0017872059047742716
0,0,0.007728720163645912
1,1,0.9999974214555729
0,0,0.00022438706315604492
1,1,0.9999974214555729
0,0,0.3081301437280827
0,0,0.04840198646187165
0,0,0.0166400472981822
0,0,0.01410900851952917
0,0,0.0017490664479194618
0,0,0.022744188770733715
0,0,0.011124578275498098
0,0,0.30515959869438386
0,0,0.0022908972258924745
0,0,0.013397443592118332
0,0,0.008220546159942917
1,1,0.9747935750567992
1,1,0.9999986485205823
0,0,0.14255047996696824
0,0,0.026738713135641908
0,0,0.011448551205775953
1,1,0.9999974214555729
0,0,0.0023702012172313928
0,0,0.0018589358889437779
1,1,0.9999986485205823
0,0,0.00831163342337628
0,0,0.47126896622725795
0,0,0.013361873604814023
1,1,0.8145133475141432
0,0,0.02729895536144778
0,0,0.1913229677532797
1,1,0.9999981310497241
0,0,0.046111861690598784
0,0,0.0201275948193078
0,0,0.46147637591488105
1,1,0.8243256495338694
0,0,0.24747052396230484
0,0,0.041084036224232436
0,0,0.06422481323337337
1,0,0.46265458091530975
0,0,0.034073006233990726
0,0,0.28046327734337345
0,0,8.274335120322688e-05
0,0,0.10816734254026608
0,0,0.15115022421681934
0,0,0.024201330805838292
0,0,0.16748060173213383
0,0,0.0006061047696632267
1,1,0.9999967418747816
0,0,0.0006046673304182667
0,0,0.053857321043621106
0,0,0.007648571281604483
0,0,0.07787162703878267
0,0,0.029010340910954415
0,0,0.015690527923157026
0,0,0.06444403779660772
1,0,0.02981595993946701
0,0,0.039634095993561144
0,0,0.3498976913712745
0,0,0.00024943400315524975
0,0,0.03770487007786265
0,0,0.030954447726137528
0,1,0.593824508648713
1,1,0.9999967418747816
0,0,0.008768344607026739
0,0,0.004353720939339254
0,0,0.11456820343770598
0,0,0.03143469822831334
0,0,0.40736735101668065
0,0,0.04635909195610834
0,0,0.0018927791487854046
0,0,0.005639268352730623
0,0,0.039111334011194446
0,0,0.005171392095078141
0,0,0.3085440285330547
0,0,0.0305988291680478
0,0,0.013168394709029257
0,0,0.04363671788091887
0,0,0.3085440285330547
0,0,0.01230339783136868
0,0,0.007091290212032303
1,1,0.9723591783699106
0,0,0.009084491506166343
0,0,0.037120854286318734
0,0,0.028427090636784405
0,0,0.059327160486602235
0,0,0.00722610205499315
0,0,0.04983439206079988
0,0,0.038756097282412375
0,1,0.5964916557837994
0,0,0.05434955058522677
0,0,0.0059770961366035985
0,0,0.011392035006414733
0,0,0.03230071796554915
0,0,0.03388403054264509
0,0,0.025041567135284572
0,0,0.0036498813849493595
0,0,0.062106282528534944
0,0,0.4549237215723787
1,1,0.9912855078099829
0,0,0.12096182645109282
0,0,0.009129157074306787
0,0,0.006897896559415432
0,0,0.002828615446826791
0,0,0.006422640087296204
0,0,0.059787931730241065
1,1,0.9999967418747816
1,1,0.9919463169966667
0,0,0.0005117881727769132
0,0,0.4234745159128412
0,0,0.007836960625002238
0,0,0.0032572598145983117
0,0,0.0048234798515292415
0,0,0.0029015830065488566
1,1,0.9999967418747816
0,0,0.044644779116838534
0,0,0.06385546956195932
0,0,0.0309895717668319
0,0,0.0065153873940260645
0,0,0.01094707899606399
0,0,0.1904924882621327
0,0,0.0005564870868247455
0,0,0.0166982315139258
0,0,0.1398583355675463
0,0,0.0029090869906636292
0,0,0.09762262006900166
0,0,0.004933310998623147
1,0,0.03155040935651741
0,0,0.22546281910298857
0,0,0.05191591695872168
0,0,0.06583704253627354
0,0,0.12582026729096313
0,0,0.008827165041064062
0,0,0.04906881693983495
1,1,0.9993541326141643
1,1,0.9999928017857188
1,1,0.9942830522832043
0,0,0.039434040671949264
0,0,0.010696721304787653
0,0,0.03501475824681715
0,0,0.021459871754679068
0,0,0.009549092840977769
0,0,0.025956589945789785
0,0,0.08333140648638737
1,1,0.9932745389553672
1,1,0.8398515193426878
0,0,0.014287196483435759
0,0,0.012224799225354764
0,0,0.039391964606526324
0,0,0.02540531059160922
1,1,0.9999986485205823
0,0,0.0038340005150538548
0,0,0.010929079589690095
0,0,0.013952779434829516
0,0,0.006804659447720996
1,0,0.4909719070772188
0,0,0.010908386193519371
1,1,0.9926912148621472
0,0,0.04782911517110101
0,0,0.050737223932437986
1,1,0.959158474769837
1,1,0.9945962523581459
0,0,0.01540842861614254
0,0,0.09010227117979155
0,0,0.11737796635351386
0,0,0.13357916186080035
0,0,0.0420910839668323
1,1,0.9999979498821073
0,0,0.07270987602802824
0,0,0.00977404552305357
0,0,0.001092487191270924
0,0,0.06518636619398718
0,0,0.002396264709392802
0,0,0.0005937666231944945
1,1,0.9999974214555729
0,0,0.06332016666860082
0,0,0.014603727529154158
0,0,0.04342776996116258
0,0,0.3099603030180829
1,0,0.4307930527972273
0,0,0.00874041890652899
0,0,0.0019265970880823764
0,0,0.272098531376004
1,1,0.9100633385630913
1,1,0.9999967421133994
0,0,0.028796027459039544
0,0,0.019668353378648164
0,0,0.006696918096661588
0,0,0.009225725446469803
0,0,0.033154186541230625
0,0,0.031880262148835825
1,1,0.9517219260478438
0,0,0.018342834278008476
0,0,0.06948153762797007
0,0,0.019618556468642856
0,0,0.08183689799890781
0,0,0.017205524235767163
1,1,0.9999966804291738
0,0,0.05218661017195581
0,0,0.022863023985748448
0,0,0.24228396937769237
1,1,0.9973577011922861
0,1,0.7079918920720948
0,0,0.04179049931314082
0,0,0.02012596563297763
0,0,0.0254687676966816
0,0,0.0393797791096062
0,1,0.609855144667036
0,0,0.010385183552345226
1,1,0.9999966804291738
0,0,0.0496077083607473
0,0,0.021711872712847736
0,0,0.030403122337977182
0,0,0.021074168016019943
0,0,0.19810208687999187
0,0,0.054366104176957454
0,0,0.014936882057446067
0,0,0.036397102332995285
0,0,0.19720908882083946
0,0,0.016475072420521975
1,1,0.9999974214555729
1,1,0.9441877086208169
0,0,0.06234507615592452
0,0,0.02521371950540884
1,1,0.9999977168367039
0,0,0.0036432271143454977
0,0,0.07333649795252589
0,0,0.00713591745314293
0,0,0.05629858109427152
0,0,0.01655410715010543
0,0,0.20299127775165016
0,0,0.002996171476032918
0,0,0.017566144178421846
0,0,0.11544216401375701
0,0,0.0533484744283888
0,0,0.017566144178421846
0,1,0.5160057304568518
0,0,0.008422507325801853
0,0,0.04833410917101436
0,0,0.011476587991823101
0,0,0.006226704772458163
0,0,0.035449531823761184
0,0,0.0005852534178878971
0,0,0.05268931893129732
1,1,0.9603856621974309
0,0,0.03167715083775121
0,0,0.0020229896328030944
0,0,0.23846736768100368
0,0,0.06426555754091137
0,0,0.009638281522078983
1,1,0.9999967418747816
0,0,0.03067096058759449
0,0,0.06200815615284767
0,0,0.01024471349265062
0,0,0.0012171533437105298
0,0,0.013128133280043086
0,0,0.02706456077943496
0,0,0.010879879198282223
1,1,0.9846499407635503
0,0,0.02499933962080368
0,1,0.5493787145502018
0,0,0.019188162208013646
0,0,0.058653618314817746
1,1,0.999998765996982
0,0,0.003986811555409557
0,0,0.005797439105779711
0,0,0.12372513964931199
0,0,0.37650359408843415
0,0,0.006214800361083574
1,1,0.7385323392759449
0,0,0.25731139667589337
0,0,0.127717210803386
0,0,0.022183122269085857
0,0,0.0014559058073928724
0,0,0.012414877936413302
0,0,0.033720215821647685
0,0,0.024466344869658298
0,0,0.010978801423569091
0,0,0.007819855971778877
0,0,0.12665507487765842
0,0,0.10046172368634365
0,0,0.025144432285572386
0,0,0.07676409458811949
0,0,0.0013819757557133653
0,0,0.007173841723156561
1,1,0.9999986485205823
0,0,0.03017734503275199
0,0,0.022395321774399127
0,0,0.06010407099292786
0,1,0.5439919863684688
0,0,0.0022059950824727175
0,0,0.03775904490784623
0,0,0.002231245979515357
1,1,0.9999981310497241
1,1,0.9199372644649043
0,0,0.03782116291278395
0,0,0.008107521795451102
0,0,0.22316385992836377
0,0,0.002111537416959579
0,0,0.15617575601990005
0,0,0.03741174016931148
1,1,0.9952235647786556
0,0,0.007324635453644345
0,0,0.086614777066342
0,0,0.023883525442706593
0,0,0.0004010612060756482
0,0,0.12928209702858326
1,1,0.9926912148621472
0,0,0.06153057891926326
0,0,0.00604016028629228
1,1,0.9999982935068383
0,0,0.04685514939334563
0,0,0.005618372313490458
0,0,0.18886157146831675
1,0,0.4219843620702035
0,0,0.013844816347148146
0,0,0.24213362504526495
0,0,0.013282276533551554
0,0,0.008737743112030284
1,1,0.9999986485205823
0,0,0.06385788521587449
0,0,0.049233406117933795
0,0,0.029484723883764937
0,0,0.005794094763557944
0,0,0.01297574151918557
0,0,0.009772999927634682
0,0,0.038501999902901915
0,0,0.018157139254132086
0,0,0.030410479518862273
0,0,0.02011976168194521
0,0,0.047129191320242875
0,0,0.2275319548193123
0,0,0.03209877302770853
1,1,0.990411322365084
0,0,0.05024227968757266
0,0,0.010392213363156426
0,0,0.24698030071450935
0,0,0.08256760341334772
0,0,0.005854027225099104
0,0,0.061360975939775214
0,0,0.05767548124913435
0,0,0.18939990981583338
0,0,0.005854327164048754
0,0,0.013833911320945282
0,0,0.033175645483329325
0,0,0.007294999280496539
0,0,0.005176500095124658
0,0,0.08676381851031797
0,0,0.09407247750729923
0,0,0.027008250110599184
0,0,0.003733733034030171
0,0,0.06039091836720087
0,0,0.10144909285757464
0,0,0.12169971107542
0,0,0.01220516434303236
0,0,0.00989282916353696
0,0,0.3185158223955228
0,0,0.3388862459316097
0,0,0.03644991796350383
0,0,0.10300317584675743
0,0,0.43247068627236734
0,0,0.010197835135729248
0,0,0.015728130379810225
0,0,0.025464091233000103
0,0,0.07951396962911779
0,0,0.34768624148812816
0,0,0.27111059005192467
0,0,0.00798934195387561
0,0,0.07638923204308556
0,0,0.007123999513700334
0,0,0.005723828615566272
0,0,0.019545721287952192
0,0,0.008036108119532995
0,0,0.02281628182587303
0,0,0.05043878415031813
0,0,0.00974243967839299
0,1,0.6271351820569538
0,0,0.09572036490653746
0,0,0.04665511235720978
0,0,0.03425822148390474
0,0,0.28683457537091095
0,0,0.04122659111501857
0,0,0.005482632094764351
0,0,0.020184755615318965
0,0,0.017254703342281814
0,0,0.13431136350873593
1,1,0.9999986485205823
1,1,0.9485997414788869
0,0,0.22907104953174567
0,0,0.015885174350297515
0,0,0.0060080004835781865
0,0,0.26479133347446976
0,0,0.007836960625002238
0,0,0.0007806426381290793
0,0,0.018705768592627146
1,1,0.9999966804291738
0,0,0.12787912770295903
0,0,0.09929350950614119
0,1,0.7233528813680029
0,0,0.0057337354850259025
0,0,0.310560575317039
0,0,0.10783818700691093
0,0,0.010028462127822876
0,0,0.008548118187440237
0,0,0.12337356807811997
0,0,0.0017500869378701354
0,0,0.0025514204578576177
0,0,0.0021547623118589416
1,1,0.9999974474866807
1,1,0.9752560263973074
0,0,0.030974888225484467
0,0,0.014915079570866994
0,0,0.03592824803555045
1,1,0.9999967418747816
1,1,0.9869981756207715
1,1,0.9999966804291738
0,0,0.009519642177980646
0,0,0.00977745674056071
0,0,4.350203684996049e-05
0,0,0.19189281185479762
0,0,0.019465296560374306
0,0,0.03793470327902865
0,0,0.016988497613712062
1,1,0.9999966804291738
0,0,0.01250836995826287
1,1,0.9999977168367039
0,0,0.4948280716002583
0,0,0.08375827890222595
0,0,0.41958183842736857
0,0,0.04868163768165603
0,0,0.03995861838361099
0,0,0.34318003938299063
0,0,0.030588203880452233
0,0,0.030186820472230102
0,0,0.07002157336873764
1,1,0.9741679541958839
0,0,0.06128776934424604
1,1,0.9999974214555729
0,0,0.0037771520327703643
0,0,0.41042363364116297
0,0,0.0286109079021652
0,0,0.13651820413630508
0,0,0.022423326635695268
0,0,0.004546130131511268
0,0,0.0488638764501465
1,1,0.9999979423411411
0,0,0.0017632181055827064
0,0,0.021435999946158777
1,1,0.5845348152313823
0,0,0.02468576756326535
0,0,0.01881772521628693
0,0,0.031880262148835825
0,0,0.0012849096593305926
0,0,0.043371935840641376
0,0,0.035799366378717515
0,1,0.7690317446956462
0,0,0.020592790044386113
0,0,0.10335204849371578
0,0,0.05055225564870929
0,0,0.008858845613529414
0,0,0.007657508081504434
0,0,0.02333051280509006
0,0,0.0037471014973762345
0,0,0.005874886732179149
0,0,0.007655981889322423
0,0,0.2214479231776439
0,0,0.0681543137394042
0,0,0.11381808735902134
0,0,0.0016797907527877506
0,0,0.14037199608968956
0,0,0.004339041178086928
0,0,0.13567317901025785
0,0,0.04635909195610834
0,0,0.01936439978446395
1,1,0.9999202663856797
0,0,0.08202438904743385
0,0,0.11446785831568804
0,0,0.012271196107524831
0,0,0.0027045290788815404
0,0,0.0008537696492422911
0,0,0.04631432531678526
0,0,0.002229201784531531
0,0,0.010223146041847354
1,1,0.9809798113039379
1,1,0.9999967418747816
0,0,0.3148250258342078
1,1,0.993967251653729
0,0,0.015025167021035303
0,0,0.028186932989900975
0,0,0.019351261040999487
0,0,0.0894176711653104
1,1,0.9999970717796709
0,0,0.02639337282099299
0,0,0.00778091025127233
0,0,0.02557984908991095
0,0,0.23382165682770437
0,0,0.06316652193382451
1,1,0.9999976198535029
1,1,0.9999966804291738
0,0,0.019884769814643526
1,1,0.9999966804291738
0,0,0.006533857169179909
0,0,0.003417554206598168
0,0,0.04084511027712043
0,0,0.23340709001065887
0,0,0.042537037863641644
0,0,0.04155824125720483
0,0,0.04486448467130459
0,0,0.04149390646217084
0,0,0.002049947275926405
0,0,0.16140795486604617
0,0,0.10851646517498721
0,0,0.021760422202738404
0,0,0.05308637511454889
0,0,0.06052664500298148
0,0,0.008147909448938595
0,0,0.03866480923072787
0,0,0.08435763064079888
0,0,0.06637787165068341
0,0,0.07143082161851565
0,0,0.015176700350409847
0,0,0.03797713790526755
0,0,0.30663444814112767
0,0,0.006492117952895018
0,0,0.03008052994200384
0,0,0.007361382934586035
0,0,0.012941297094416231
0,0,0.017552354978694028
0,0,0.37650359408843415
0,0,0.003903094225402318
0,0,0.004200778272561585
0,0,0.006025299976186125
0,0,0.002389885123584603
1,1,0.7429958062585815
0,0,0.021366152086701888
0,0,0.018053863094178595
0,0,0.007926886527138844
0,0,0.07856438100483511
0,0,0.014387866973549535
1,1,0.9999974474866807
0,0,0.013447978211744902
0,0,0.08413881590526111
0,0,0.08945995848840464
0,0,0.30155774729032964
0,0,0.4013811550495213
0,0,0.015294245257395462
0,0,0.044140084745219535
0,0,0.010696721304787653
0,0,0.02799090956167962
0,0,0.00872203225092656
0,0,0.007957059667723282
1,1,0.9991544122561942
0,0,0.012681457017644844
0,0,0.015001695304239074
0,0,0.08711773574111382
0,0,0.010258860635944549
0,0,0.00949957140809222
0,0,0.30176234957173825
0,0,0.18278086696234894
0,0,0.024707591538199822
1,1,0.9999974214555729
0,0,0.01405902484749124
0,0,0.3148250258342078
0,0,0.015403989181755116
0,0,0.45702870594244055
1,1,0.999998765996982
0,0,0.0006733446188760291
1,1,0.9999981310497241
0,0,0.06367027553093824
0,0,0.021932717599210404
1,1,0.9999974214555729
0,0,0.03335726239181012
0,0,0.0724747896868556
0,0,0.013038164462673306
0,1,0.6060877684870712
0,0,0.04083647765233841
0,0,0.03050336995090023
0,0,0.005405622646930828
0,0,0.02427238054783002
0,0,0.021435113719344052
0,0,0.016644436181260856
0,0,0.013023377141385373
0,0,0.07001006839594931
0,0,0.02900701750167418
0,0,0.007096361302655078
0,0,0.12098822091660431
0,0,0.00017356833484398365
1,0,0.46487366536980745
0,0,0.002106690901634488
0,0,0.10278471657302499
0,0,0.023635115421359713
0,0,0.024120429698657412
1,1,0.9999976650563936
0,0,0.08021437476868208
0,0,0.3861683379820979
0,0,0.014973914777473599
0,0,0.01919173015119266
0,0,0.015988799722319938
0,0,0.011884892764744642
0,0,0.011058620020751682
0,0,0.034264449746773874
0,0,0.009161947983014566
0,0,0.10759803945826235
1,1,0.9731359759954636
0,0,0.03895626278263065
0,0,0.13642435071121017
0,0,0.0009370716762326062
0,0,0.3964516226616983
0,0,0.05453762933622833
0,0,0.015027427032666775
0,0,0.033931611532337334
0,0,0.01727236245649344
0,0,0.02126137831549849
0,0,0.0008219643616132627
0,0,0.057137950587425095
0,0,0.13304247584168807
0,0,0.07846507799218315
0,0,0.028418641544748987
0,0,0.01774290319372106
0,0,0.013825000018574587
1,1,0.9999986485205823
0,0,0.022069340666471055
1,1,0.9999967418747816
0,0,0.05505971366677759
0,0,0.03607214561872396
0,0,0.020763947043325983
0,0,0.018817390670912704
0,0,0.13665388925789598
0,0,0.07485103849970458
0,0,0.1686341400261324
0,0,0.03734871410091697
0,0,0.373842626781576
1,1,0.9999974214555729
0,0,0.08859738222244819
0,0,0.006363229189419045
0,0,0.0077906589766565245
0,0,0.05313610408105428
1,1,0.9241421918344861
0,0,0.011592536160137985
0,0,0.01798274321278104
0,0,0.003630918189712345
0,0,0.0027398286664543246
0,0,0.004563754277377411
1,0,0.3411484870572893
0,0,0.2289009797563743
0,0,0.008260174175143206
1,1,0.999995874961105
0,0,0.00831855391539844
0,0,0.02797690702317569
0,0,0.00573152164762888
0,0,0.1673759018587343
0,0,0.009637675294711026
0,0,0.030852084200191445
0,0,0.42887180614985987
0,0,0.008095782089816898
0,0,0.4435172493811396
0,0,0.07802839690611206
1,1,0.94317010276172
0,0,0.0445134291745996
0,0,0.28062044121986923
0,0,0.4408380203425439
0,0,0.14372773060593744
0,0,0.05638459186814284
0,0,0.007148375918505536
0,0,0.002317108224114669
0,0,0.04690764308931766
0,0,0.0007156953712192589
0,0,0.30574620073916664
0,0,0.005283596847492322
0,0,0.05864965635688885
0,0,0.008138344198557546
0,0,0.009152954020441424
0,0,0.09088699050593
0,0,0.0028041567191037287
0,0,0.016925346132862826
0,0,0.2551251383233204
1,1,0.9999962623084329
0,0,0.08290640148750153
0,0,0.31769089598068023
0,0,0.007979616938831832
0,0,0.1289640667601845
1,1,0.9999989875016777
0,0,0.0014132056475610322
0,0,0.05575783480924112
1,1,0.7627213063674649
0,0,0.04073465859510149
0,0,0.11329832090308486
0,0,0.00197425578539064
0,0,0.10971810189362036
0,0,0.34400094800276404
0,0,0.02012427422067806
1,1,0.9999974214555729
0,0,0.003121190701782221
0,0,0.011466303609146878
0,0,0.0012546247992531584
0,0,0.023894506566666678
0,0,7.633719576253255e-05
0,0,0.00019185377457717236
0,0,0.17215751225683162
0,0,0.01727296259375494
0,0,0.013858714115699958
0,0,0.45702870594244055
0,0,0.0047581263615735815
0,0,0.0010735209552122844
0,0,0.008118264633100501
0,0,0.02144034011818795
0,0,0.0018537933361205737
0,0,0.2504274719840806
1,1,0.9999966804291738
0,0,0.0777026859667255
1,1,0.9999094556934308
0,0,0.0020967135446200245
0,0,0.01439204119328178
0,0,0.007466378717440376
0,0,0.006468903978768316
0,0,0.018321253300189768
0,0,0.0007936229463016456
0,0,0.015436412951023236
0,0,0.07984564235110327
0,0,0.009805456329157951
0,0,0.11136209917949316
1,0,0.07347722694409685
0,0,0.005521940007035102
0,0,0.07951893913643619
0,0,0.038447746599906685
0,0,0.08192698672225199
0,0,0.2001988642817627
0,0,0.001910310366998588
0,0,0.05505971366677759
0,0,0.07303248337820728
0,0,0.11842131651189532
0,0,0.00014027887550191784
0,0,0.09740748409288168
0,0,0.0044712804259582585
0,0,0.1455227293172852
1,1,0.9368705652005376
0,0,0.06157623729977878
0,0,0.008788951597315867
1,1,0.9868673175570716
0,0,0.04473716990993099
0,0,0.08231325887390732
1,1,0.9999966804291738
0,0,0.00048271529932702843
0,0,0.019182668058804246
0,0,0.019193672995409326
0,0,0.007402245255452412
0,0,0.027295691683547726
0,0,0.025766618530829073
0,0,0.01936413928169254
1,1,0.9999779632012206
1,1,0.9999974214555729
0,1,0.5199029772217005
0,0,0.0035424148230857994
0,0,0.05876875657273895
0,0,0.0335071048011311
0,0,0.012840268945305105
0,0,0.02498767645620831
0,0,0.019558315614929087
0,0,0.05203437678879455
1,0,0.20214015853430112
0,0,0.029755049490608032
0,0,0.017483324950668764
1,1,0.9453718606024681
0,0,0.1536431355965541
0,0,0.012295878838962025
0,0,0.0012052015732815521
0,0,0.011852225634443818
0,0,0.0004550196172348373
0,0,0.0013104249719471353
0,0,0.009504065971619676
0,0,0.10973738907867109
0,0,0.010949586981309555
0,0,0.3474102694775093
1,1,0.9999979498821073
1,0,0.30663444814112767
0,0,0.013153469820027873
1,1,0.9999957589384425
0,0,0.023969918860127056
0,0,0.011194784561419407
1,1,0.9999974214555729
0,0,0.001205610029331197
0,0,0.060678001901128736
0,0,0.15570978557842843
0,0,0.24496696099105694
0,0,0.016167797153877415
0,0,0.03115437711470754
0,0,0.006879958760271958
0,0,0.07098818105929239
0,0,0.0576666856910453
0,0,2.959379854402687e-05
0,0,0.05622457517973706
0,0,0.008328072755327504
0,0,6.619644052336165e-05
0,0,0.011663367004212066
0,0,0.003032583208032416
0,0,0.029720633866765885
0,0,0.01937179777481219
0,0,0.03954489195842926
1,1,0.9999974214555729
0,0,0.01100334222154326
0,0,0.05966097667601004
0,0,0.03245007149033209
0,0,0.20447016569088308
0,0,0.4841477487134731
1,0,0.09948732021286495
0,0,0.0017252707187794738
0,0,0.04637174388890088
0,0,0.08022563778549459
0,0,0.003159674280895623
1,1,0.9867806990177026
0,0,0.037649829639748424
0,0,0.032810716770205015
0,0,0.015193770271958042
0,0,0.1865747420830755
0,0,0.036171678329397536
0,0,0.19838538671141678
0,0,0.022061682891078727
0,0,0.17021401065340722
1,1,0.6536500166462919
0,0,0.04427541976534849
0,0,0.006891029262520688
0,0,0.013380798943858055
1,1,0.9082245358083282
0,0,0.005978413562121026
0,0,0.04565936448695896
0,0,0.028139290658328486
0,0,0.0443230829951497
0,0,0.029191785720438297
0,0,0.033330504965661284
0,0,0.0819513842983054
0,0,0.01502964280360266
0,0,0.11476001187228795
0,0,0.1531251809459161
0,0,0.07751490431141514
0,0,0.04587212646523016
0,0,0.05637375069712387
1,0,0.25586462225517537
0,0,0.013009629850181923
0,0,0.0051223521258787885
0,0,0.011782885389272522
0,0,0.42921838600617873
0,0,0.01636988974738699
0,0,0.08192954213874568
0,0,0.1727159665921051
0,0,0.40242295170865655
0,0,0.2552678877531102
0,0,0.002769746846511154
0,0,0.006366540513665514
0,0,0.05806199478872033
0,0,0.007334945715739477
0,0,0.025153982319151575
0,0,0.023333060593167854
0,0,0.06003015391914314
0,0,0.01307103815241595
0,0,0.02052684411881532
0,0,0.009511871182833623
1,0,0.027724797055603184
0,0,0.13314580598995504
0,0,0.009667217566451307
1,0,0.07500103828624709
0,0,0.025029973910190573
0,0,0.02761369755032597
0,0,0.004417358271641717
0,0,0.00926227283173081
1,1,0.999998765996982
1,1,0.668791046120788
0,1,0.5276761175422612
0,0,0.005627477947235151
0,0,0.025406056425477254
0,0,0.00816992187663236
0,0,0.03597037379393733
0,0,0.07319721716631028
0,0,0.03101876838598716
0,0,0.02402553400490514
0,0,0.0030675732997232233
0,0,0.002802271579024315
0,0,0.022145058203414347
0,0,0.13895823701364424
0,0,0.18292196950282702
0,0,0.0017236622336371742
1,1,0.9961765048234219
0,0,0.46312059710123943
0,0,0.007467280917680482
0,0,0.10765290367237429
0,0,0.3330281562374496
0,0,0.3924069207847621
0,0,0.015297189656459795
0,0,0.03348018242354297
0,0,0.05516791532556975
0,0,0.0021508469854651722
0,0,0.01951565261168444
0,0,0.01918989604672716
1,1,0.6461823739464548
0,0,0.002355606831136449
0,0,0.0006104602929960788
0,0,0.11782672674210778
0,0,0.05733773036249414
0,0,0.008475061011248607
0,0,0.2705899135661108
0,1,0.5853682492012663
1,1,0.9999974214555729
0,0,0.0033567941390388358
0,0,0.01571288284303354
0,0,0.008532863075878439
1,1,0.9777852595355522
0,0,0.04552153203631435
0,0,0.022639372062462446
0,0,0.02562189481003197
0,0,0.03175574369436061
1,1,0.7314609080086234
0,0,0.02923861254067993
0,0,0.30167131447993584
1,1,0.9999964734721614
0,0,0.025948144527419
0,0,0.17074711185197378
0,0,0.053884837102244995
0,0,0.08467469421659907
0,0,0.01915191533849733
0,0,0.03075725984875449
0,0,0.003989822935029553
0,1,0.6512144247088485
0,0,0.0349494170829972
0,0,0.02150454221427476
0,0,0.10973365510605275
0,0,0.022599811875876785
0,0,0.06374194943858462
0,0,0.1646376512824223
0,0,0.007842280543055613
0,0,0.30515959869438386
0,0,0.0012716488276515027
0,0,0.004508756151946146
1,1,0.9999964734721614
0,0,0.046221724318914775
0,0,0.17877754581200847
1,1,0.9999979498821073
0,0,0.008886661694521578
0,0,0.018246234712950678
0,0,0.010985793260866806
0,0,0.003910317978942986
0,0,0.12117810952525822
0,0,0.005350230120873817
0,0,0.07471997414798358
0,0,0.08515252680656485
0,0,0.015242157879410528
0,0,0.052213956644359565
0,0,0.040434006426698504
0,0,0.09889122827117554
0,0,0.020956813124359753
1,1,0.9999989875016777
1,1,0.9999966771807174
1,1,0.9999974214555729
0,0,0.005201599504501611
1,1,0.9999974474866807
0,0,0.00188095774202876
0,0,0.22961306059916453
0,0,0.0063375991473216525
1,0,0.16231034485652712
1,1,0.9999974474866807
1,1,0.9999966804291738
0,0,0.03931988608725389
0,0,0.006709239467593362
0,0,0.009405055920540991
0,0,0.01190002737974325
0,0,0.026265556900504212
0,0,0.19717740895209618
0,0,0.005190517809838922
0,0,0.07230709439538555
0,0,0.10993751652770525
0,0,0.03748049950472439
0,0,0.04076598910350268
0,0,0.006609589780610788
0,0,0.0015270265479587783
0,0,0.12457034036451851
1,1,0.9999967418747816
0,0,0.031880262148835825
0,0,0.08269126087768736
0,0,0.270696902315336
0,0,0.20428363269747962
0,0,0.006960753189436849
0,0,0.09686792272054251
1,1,0.9999974214555729
0,0,0.008922518641618082
0,0,0.00754876004371538
0,0,0.01507742470233104
0,0,0.011789947671923892
0,0,0.008149008869521805
1,1,0.6967089056255467
0,0,0.20793000497587733
0,0,0.05799851217840519
1,1,0.9999977168367039
0,0,0.0654434632030655
0,0,0.02637082773897887
0,0,0.1406755207471504
0,0,0.023705010932352198
0,0,0.018425305260493352
0,0,0.0006416702154633371
0,0,0.02761910881380409
0,0,0.000200917673646546
0,0,0.355530468850766
0,0,0.018573097859990128
0,0,0.02788718593353826
0,0,0.4809521129249312
0,0,0.42196945710146183
0,0,0.011028097435907021
1,1,0.9999977168367039
0,0,0.02729226387996063
0,0,0.12703602683885054
1,1,0.9999986485205823
1,1,0.9999985843625584
1,1,0.9999974214555729
0,0,0.02549146528569144
0,0,0.04542617215110148
0,0,0.015391037549313874
0,0,0.011026404308450857
0,0,0.40242295170865655
0,0,0.017457906986767153
0,0,0.02358985601461705
0,0,0.3440909420919908
0,0,0.06448694913957989
0,0,0.41778070797184685
0,0,0.012303853459089917
0,0,0.0597921273194522
0,1,0.5847042318270179
1,1,0.9999964734721614
0,0,0.10807993267853268
0,0,0.007982380614250682
0,0,0.037441383686632045
0,0,0.014135656663096272
1,1,0.9999966804291738
0,0,0.018342834278008476
0,0,0.032299638290972585
0,0,0.40456483762197193
0,0,0.003617913368491512
0,0,0.08434876176569377
1,1,0.9999977168367039
0,0,0.010738453403126192
1,1,0.9999966804291738
0,0,0.06625819523851158
0,0,0.011557312741035938
0,0,0.13748612696971607
0,0,0.016891178219443047
0,0,0.0008636411122961789
0,0,0.01238145606029754
0,0,0.003850238455344933
0,0,0.019320873022713927
0,0,0.06218333484148928
0,0,0.000856542995887152
0,0,0.4389345426644431
0,1,0.5756728093430028
0,0,0.013308110155770488
0,0,0.002084245191284083
0,0,0.0016237212845630713
0,0,0.012702012190992458
0,0,0.0018325615933797918
0,0,0.022093521197741155
0,0,0.024490240198852473
0,0,0.00829686869211097
0,0,0.3833159850676418
0,0,0.06549846966371156
1,1,0.9999974214555729
0,0,0.035310499508716814
0,0,0.011800948107621606
0,0,0.013435447105006978
1,1,0.9999971242915849
0,0,0.0025922777319777827
0,0,0.04008094028824138
0,0,0.4549237215723787
0,0,0.050978053596547585
0,0,0.2758164807834774
0,0,0.025279494787329555
0,0,0.057129208086607645
0,0,0.12965188530595267
0,0,0.2622689145229505
0,0,0.008403215915498542
0,0,0.05674731908776341
0,0,0.4097116398491571
0,0,0.0426875936632385
0,0,0.07562785150971227
0,0,0.07916948408838496
0,0,0.015625023198308517
0,0,0.07316862926172547
0,0,0.023380832490669492
0,0,0.003402922147345267
0,0,0.0157382334750038
0,0,0.0072965730724648325
0,0,0.0011013081291230578
0,0,0.3675445990489512
0,0,0.0012252586907376514
0,0,0.017870198828585832
0,0,0.0242789375049332
0,0,0.009839080110128387
0,0,0.3203402754828954
0,0,0.37650359408843415
0,0,0.017635190910400236
0,0,0.0015808681044831784
0,0,0.25044622392116667
1,0,0.3168787313263776
0,0,0.030098144714718326
0,0,0.007619317223387099
0,0,0.1733599417472943
0,0,0.024173851828618326
0,0,0.037072487910781736
0,0,0.15725505718161073
0,0,0.004942916145180287
1,1,0.9999966804291738
0,0,0.011944985242157676
0,0,0.46818599205828687
0,0,0.001323271151741563
0,0,0.37650359408843415
0,0,0.4549237215723787
0,0,0.007881749551368314
0,0,0.008079309483620135
1,1,0.9803780479225219
0,0,0.01451629331380016
0,0,0.00011643496203877523
0,0,0.018290906905605583
0,0,0.013395685119590373
0,0,0.05772142905279842
0,0,0.010944382440898527
0,0,0.008675164401285688
1,1,0.9982649173914457
0,0,0.0052197278684422525
1,1,0.9999974474866807
0,0,0.030410479518862273
0,0,0.10422909309181082
0,0,0.05102742008160316
0,0,0.004733425971170534
1,1,0.9960258519035426
0,0,0.19769795464333273
0,0,0.09089985001491314
0,0,0.011017435831677096
0,0,0.0014710139148221828
0,0,0.05895812238869271
0,1,0.5344103013525514
0,0,0.007887060709016703
0,0,0.05430239201457041
0,0,0.017712485612776243
0,0,0.009157269216331726
0,0,0.0008777276987290439
0,0,0.09760693665698424
0,0,0.10577036366985951
0,0,0.38809283360657065
0,0,0.0601200923471493
0,0,0.05547289684079227
0,0,0.11646621359176959
0,0,0.16012225830353405
1,1,0.9168403023822553
0,0,0.000951950954581054
0,0,0.07972178404153488
1,1,0.9999966804291738
1,1,0.9999970717796709
1,1,0.9999966804291738
1,0,0.198486516543876
0,0,0.03924789857130777
0,0,0.020388390618405715
0,0,0.008562109068117574
0,0,0.21406251610251778
0,0,0.42054696643104145
0,0,0.29661813067973825
1,1,0.5808568496775683
0,0,0.14881197928227818
0,0,0.020455211972346808
0,0,0.003740647743636183
0,0,0.027160269665799687
0,0,0.17301338848278744
0,0,0.05170025642181943
0,0,0.07088101995291035
0,0,0.11744505719573804
0,0,0.01223116028644857
0,0,0.0020624901814942443
0,0,0.008524940462988451
1,0,0.3117112622513936
0,0,0.0027878166406922677
1,1,0.970181425517769
0,0,0.00012763183492108085
0,0,0.02079943411436742
0,0,0.004443078734559799
0,0,0.011069068326921023
0,0,0.004362225879099523
0,0,0.022508437727189516
0,0,0.009192514956756723
0,0,0.013174348988608569
0,0,0.01649278026939224
0,0,0.013920505645393356
0,0,0.002820738381061394
0,0,0.017888247452928694
0,0,0.010078109508150995
0,0,0.06180271915606283
0,0,0.12457196168213429
0,0,0.061107642258877215
0,0,0.18974899010127128
1,1,0.9999964734721614
0,0,0.10709499813693457
0,0,0.056971997171287925
0,0,0.02322692033101056
0,0,0.046526933524183564
0,0,0.16169438765826005
0,0,0.021353658526962586
0,0,0.046111861690598784
0,0,0.031074130167148526
1,1,0.9999966804291738
0,0,0.10784115918088771
0,0,0.020691605065296166
0,0,0.09320606515863322
0,0,0.016607253119209693
0,0,0.002767189381523247
0,0,0.09246339060577283
0,0,0.03358294384925547
0,0,0.021709150405078356
0,0,0.01755561786598826
0,0,0.05553301015443054
0,0,0.0037515387234770665
0,0,0.011398450613166808
0,0,0.010140924698424978
0,0,0.05972746911064663
1,0,0.348557961166873
0,0,0.008622847872914844
1,1,0.9999964734721614
0,0,0.037779418496957616
1,0,0.04946393005106913
0,0,0.06770961512387864
1,1,0.999998765996982
0,0,0.1503982291151798
0,0,0.02689615500466243
0,0,0.40242295170865655
0,0,0.033639708614377366
0,0,0.0216150525637705
0,0,0.00642440366633405
0,0,0.10944007735918994
0,0,0.001349804388558277
0,0,0.0001362465298209568
0,0,0.022986347438591983
0,0,0.0894036711162097
0,0,0.005537313553478471
1,1,0.9999977168367039
1,1,0.9908792363904179
1,1,0.9999964734721614
0,0,0.006925662376817764
0,1,0.5960618271271527
0,0,0.03664441500189922
0,0,0.023512297306863352
1,1,0.931422723375798
1,1,0.9999979498821073
0,0,0.2693405413624774
0,0,0.4031639349265897
1,1,0.9481125448188621
0,0,0.05697242985607433
0,0,0.05120155841619043
0,0,0.0022543424307793557
0,0,0.005321730092496197
0,0,0.06218214918715168
0,0,0.01040802679576055
0,0,0.05086483782265413
0,0,0.1674586714628058
0,0,0.3247446617826606
0,0,0.0035282025653830085
1,0,0.07021215198030215
1,1,0.96379978621333
1,1,0.8353757470763324
0,0,0.06809786505467388
0,0,0.47542967308024714
0,0,0.13813781614678952
1,1,0.9999967418747816
0,0,0.008959106277906168
1,1,0.9999979498821073
0,0,0.003958411095588175
0,0,0.011808635909283275
0,0,0.030327165503818483
0,0,0.01297130084565677
0,0,0.09158132440351327
0,0,0.24759557609919672
0,0,0.09541721263449379
1,1,0.9999944141014446
0,0,0.058332080013692666
0,0,0.01746870115509825
0,0,0.45373237760777807
0,0,0.00415905814180184
0,0,0.011803534359212118
0,0,0.040596999406913074
0,0,0.2809556311089801
0,0,0.030591928786754735
1,1,0.9999966804291738
0,0,0.05012667309555873
0,0,0.012036717081518319
0,0,0.37650359408843415
0,0,0.006783284004695278
0,0,0.003348339304577506
1,1,0.9453718606024681
0,0,0.1374122372618188
0,0,0.01644399236823286
1,1,0.808437862353124
0,0,0.09810701084375155
0,0,0.01490443269290546
0,0,0.07378669985160077
0,0,0.012275793872798616
0,0,0.06997641495604746
0,0,0.12744216066106726
0,0,0.007890142293444318
0,0,0.2452371883860288
0,0,0.1765793193890441
0,0,0.00780661808276429
0,0,0.046551900886167216
0,0,0.0012331505297728958
0,0,0.3152087494879269
0,0,0.37176994590245505
0,0,0.004910397892157519
0,0,0.1498880037907691
0,0,0.09467313454317003
0,0,0.12859046015470196
0,0,0.01491593513056361
0,0,0.32784225651538174
0,0,0.0025185964966973045
0,0,0.03449762978476005
0,0,0.009501741648328637
1,1,0.9999977168367039
0,0,0.00023588410571345652
0,0,0.01960076522503874
0,0,0.008497244923643125
0,0,0.020041873366096054
0,0,0.04989750934825136
1,1,0.999915564608854
0,0,0.03636354861457135
0,0,0.008278507915476224
0,0,0.10956766106203548
0,0,0.02382080995603228
0,0,0.1608639813220569
0,0,0.023399304729835015
0,0,0.002867240503349999
0,0,0.005289039172668172
0,0,0.4549237215723787
0,0,0.04730525253964738
0,0,0.004493761141368963
0,0,0.006313547187369917
0,0,0.08091699152606273
0,0,0.016310209775497925
0,0,0.010012100435046693
1,1,0.9595681970600578
0,0,0.00023935324366388392
0,0,0.021109579783361473
0,0,0.044290376086696455
0,0,0.0062631850426790574
0,0,0.007460079359097203
1,0,0.3085440285330547
0,0,0.08904825305633036
0,0,0.009431742940973716
1,1,0.999715183370018
0,0,0.04535813366786466
0,0,0.0013887664930646727
0,0,0.01966980009138657
0,0,0.00573152164762888
1,1,0.9918113351086227
0,0,0.12595121075413973
0,0,0.2132803768866689
0,0,0.019804877955445045
0,0,0.0073267690336531735
1,1,0.9197566862133852
0,0,0.0347090250944609
1,1,0.999998765996982
0,0,0.0354467730208013
0,0,0.0002154536824002904
0,0,0.10836721082127357
0,0,0.03215674048798474
1,1,0.9809124497892978
0,0,0.009673041080105204
0,0,0.0531668132595738
0,0,0.42921838600617873
0,0,0.05249546811986075
0,0,0.0016838439761045255
0,0,0.08854799114036377
0,0,0.011790695254695819
1,1,0.9999981310497241
0,0,0.006858055105739678
0,0,0.18016083234771094
0,0,0.013856518402876243
0,0,0.00132510664458269
0,0,0.19310223497711348
0,0,0.027324697050753886
0,0,0.1685682081952853
0,0,0.061462335733745786
0,0,0.03591389501460107
1,1,0.9893292470652719
0,0,0.007016790504650015
0,0,0.006450827544934728
0,0,0.1392460510909653
0,0,0.03472385435864967
0,0,0.021616516351937225
0,0,0.01695100756898679
0,0,0.14577597946605925
1,1,0.9999966804291738
0,0,0.009604238874780707
0,0,0.10534674203766187
0,0,0.04125886879988883
0,0,0.018271997004662314
0,0,0.23641620551794457
1,1,0.753933176161945
1,1,0.9999974474866807
0,0,0.000985159451579736
0,0,0.007940854613596508
0,0,0.03486156128724679
1,1,0.9899704610947951
0,0,0.003447711072055181
0,0,0.01902685187799067
0,0,0.01590714661243757
0,0,0.05699804391430556
1,1,0.9999966804291738
1,1,0.9814313321321724
1,1,0.9999979498821073
0,0,0.13924361759072473
0,0,0.007528585345369448
0,0,0.3849909295662776
0,0,0.012002432713409696
1,1,0.9999966804291738
0,0,0.05343391861533684
0,0,0.00668327792323737
0,0,0.002437208122611784
0,0,0.011706852807115968
0,0,0.10998548030206955
1,1,0.9861661175275027
0,0,0.15353726214872968
0,0,0.019702836048141933
1,1,0.9999979498821073
1,1,0.9446536234879657
1,1,0.5601893638197668
0,0,0.026068334369003607
0,0,0.19981061813066714
0,0,0.06929861651439305
0,0,0.04341813302262687
1,1,0.9434764299002698
0,0,0.016969189417958698
0,0,0.013560212604285339
1,1,0.9999979498821073
0,0,0.028712299999866416
0,0,0.006244827615563019
0,0,0.007993464200959087
0,0,0.33109146388651617
0,0,0.010994042681862165
0,0,0.06452143342469661
0,0,0.0812683100856084
0,0,0.038100055708681975
0,0,0.004858403465746505
0,0,0.0638396157087848
0,0,0.000152040558540647
0,0,0.04301271788164884
0,0,0.00865359317808643
0,0,0.001449415474881703
0,0,0.12049171598669989
0,0,0.004823755126623282
0,0,0.0016423339044095821
0,0,0.04237185357709518
0,0,0.1644768105367587
0,0,0.00801558118488104
1,1,0.9999986485205823
0,0,0.0332035087635389
0,0,0.05708725379652363
0,0,0.06818308407179782
1,1,0.9999986485205823
0,0,0.0441651414835195
0,0,0.014481170927298352
1,1,0.9806273361166071
0,0,0.09386288288509384
0,0,0.02407729592379378
1,1,0.9509408063647451
0,0,0.0190949374750554
0,0,0.00013404847615510656
0,0,0.02105087503953797
0,0,0.0023047737592122052
1,1,0.9999974214555729
0,0,0.014372084340282044
0,0,0.024809710529849736
0,0,0.0464406726438365
1,1,0.999998765996982
0,0,0.11165582527754625
0,0,0.007222339264287243
1,1,0.9978501633824354
1,1,0.9999986485205823
0,0,0.03918541616661824
0,0,0.46818599205828687
0,0,0.009274344251326467
1,1,0.9968186765807961
0,0,0.049769398106710966
0,0,0.007740779215864253
1,1,0.9999974214555729
0,0,0.06828398007694518
0,0,0.006168785267802976
0,0,0.01945285148367697
0,0,0.40242295170865655
0,0,0.004881120324752353
0,0,0.006808680167907662
0,0,0.028073819631031935
0,0,0.05455322276758471
1,1,0.9796468724675258
0,0,0.02082858594832616
0,0,0.012748667842481286
1,0,0.10818928167029002
0,0,0.011613941390771978
1,0,0.13599528900145286
0,0,0.004621428292463128
0,0,0.03440785450324992
0,0,0.06543039730164198
0,0,0.002306761201137689
0,0,0.08248088449012707
0,0,0.07242995375539585
0,0,0.12347536278488219
0,0,0.03676854259182267
0,0,0.0391481802744917
0,0,0.004689404786754565
0,0,0.0026090872788827935
1,1,0.9999966804291738
0,0,0.0029072302277679055
0,0,0.01309034214247876
1,1,0.999998765996982
1,1,0.9999974214555729
0,0,0.3033597577786994
0,0,0.058480190409596296
0,0,0.005322634682547987
0,0,0.08290587894744264
1,0,0.20765469969113554
0,0,0.25456984571454677
0,0,0.03703800900814591
0,0,0.17737067440343904
0,0,0.0202637961581804
0,0,0.16016557816454619
0,0,0.006380964125479473
0,0,0.2966475202449021
0,0,0.0033107658093678347
0,0,0.05296330831851768
0,0,0.013741435913738186
0,0,0.019245123292443166
0,0,0.0031821904716336745
0,0,0.08222215632019264
0,0,0.035270142472626734
0,0,0.03180830258532931
1,1,0.9999986485205823
1,1,0.9999964734721614
0,0,0.023637505718096016
0,0,0.01924043802549177
0,0,0.09955305676696183
0,0,0.002651704251849655
0,0,0.010770398864291743
0,0,0.01002957627265103
0,0,0.020426369658616862
0,0,0.19936029713593156
0,0,0.02787408889610778
0,0,0.028803225563454233
0,0,0.06047148809965719
0,0,0.12503511919592297
0,0,0.006528755762407682
0,0,0.025470059272703727
0,0,0.005293870338647441
1,1,0.9999749593469971
0,0,0.004448862736095254
0,0,0.1435112074707988
0,0,0.05280586452131012
0,0,0.05398911979323245
0,0,0.3308544056278425
0,0,0.007634239367243365
0,0,0.15300800311387666
1,1,0.5703617128277085
0,0,0.010975492655954652
0,0,0.003288723132264826
0,0,0.006955720319356685
0,0,0.007979688075107919
0,0,0.37650359408843415
0,0,0.022312499385573965
0,0,0.1315699819440145
0,0,0.12130332162819915
1,1,0.9999202191461362
0,0,0.025713508946218787
0,0,0.05733192807147926
0,0,0.023823213996066038
0,0,0.13933219885204579
0,0,0.006292754177598876
0,0,0.07387645725395746
0,0,0.018142183332214425
0,0,0.23181651748156382
1,1,0.9999974214555729
1,1,0.9960854596134338
0,0,0.0056514028579741325
0,0,0.007402245255452412
0,0,0.0076361108895650655
0,0,0.02663903906812908
1,1,0.9221200362419051
1,1,0.9999974214555729
1,1,0.6550661579963608
0,0,0.08064662972146118
0,0,0.2584502218810806
0,0,0.002437208122611784
0,0,0.012402821721012095
0,0,0.3924069207847621
1,1,0.9453718606024681
0,0,0.2476709126909141
0,0,0.0023213848927296442
0,0,0.016411633205447477
0,0,0.11771259915765596
0,0,0.027392136455182632
0,0,0.04012199224360414
0,0,0.016177176570483016
0,0,0.05806823802313524
0,0,0.09484464640897954
0,0,0.0054319536035631385
0,0,0.00119545797219583
0,0,0.001283464132890307
0,0,0.10466171468848286
0,0,0.004875853634788467
0,0,0.0028090816318709325
0,0,0.030221878079436482
0,0,0.037848086812543154
0,0,0.007689240133204211
0,0,0.032398866796536335
0,0,0.006868350469414761
0,0,0.007740023025948761
0,0,0.024037347734302026
0,0,0.0021291181043655337
0,0,0.012745238427563048
0,0,0.13839825983504445
0,0,0.03924789857130777
0,0,0.03597037379393733
0,0,0.0005259849239004105
0,0,0.1904924882621327
0,0,0.011034250501834505
0,0,0.1986431450255496
0,0,0.07979552473625656
0,0,0.018342834278008476
0,0,0.016055432108823535
1,1,0.999995874961105
0,0,0.03020860107465186
0,0,0.05159242502482467
0,0,0.0017329655130427775
0,0,0.02203921766092988
0,0,0.0032792452621842596
0,0,0.04608403858677784
0,0,0.0006623907929074107
0,0,0.08124132860181371
0,0,0.12254368031785674
0,0,0.016455946878461154
0,0,0.008791723241337774
0,0,0.048086957127083586
0,0,0.011187819225489745
0,0,0.015146458174147854
0,0,0.011385275885558155
0,0,0.01678016293485043
1,1,0.9999974214555729
0,0,0.004984495924016191
0,0,0.17341258559824332
0,0,0.05498039982443428
1,1,0.9999964734721614
0,0,0.31373646138782624
0,0,0.2541351212314457
0,0,0.004728770804989083
0,0,0.012307674119121408
0,0,0.008179629617750386
0,0,0.018766208977977185
0,0,0.1610496201359374
0,0,0.06918673038525226
0,0,0.06271541755502613
0,0,0.020349002984520772
0,0,0.23677130700198962
1,1,0.9999962623084329
0,0,0.003220914955277098
0,0,0.0025014225726169388
0,0,0.002975700739196773
0,0,0.3085440285330547
0,0,0.15815884170439676
0,0,0.0012435987528409233
1,1,0.8374401615771686
0,0,0.11852901344829375
1,1,0.9999974214555729
1,1,0.9952936548249504
0,0,0.013803755155821164
0,0,0.006306889261299016
1,1,0.9999944141014446
0,0,0.011955025694436672
0,0,0.048151333818159295
0,0,0.40305388620715493
0,0,0.019496135732640772
0,0,0.017918506434460506
1,1,0.9933811683954142
0,0,0.051003566132860216
0,0,0.048335281064548055
0,0,0.030733234823269968
0,0,0.002025940364890436
0,0,0.15234047224074362
0,0,0.049633541787078364
0,0,0.03863482625324962
1,1,0.7978290013423762
0,0,0.010884392786372751
1,1,0.9999966804291738
0,0,0.02199914455144484
0,0,0.008725409656667257
1,1,0.9949126452858729
0,0,0.06012113287823335
0,0,0.0517404861568547
0,0,0.008573079039951113
0,0,0.04319649470756486
0,0,0.03384341109148562
0,0,0.040377736008257115
1,0,0.4856674928579105
0,0,0.0015148462678358009
0,0,0.23221504998683265
0,0,0.40242295170865655
0,1,0.5997363880454655
0,0,0.01212215983027673
0,0,0.011251647062312473
0,0,0.15776396352267394
0,0,0.0005629916129341582
0,0,0.0059252722138978765
0,0,0.0004755324108328452
0,0,0.037934551122178646
0,1,0.5199029772217005
0,0,0.017504534407636368
0,0,0.13726714803817408
1,1,0.999998765996982
0,0,0.15074706937213933
0,0,0.02631560573043137
0,0,0.030300361581224778
0,0,0.0100892873432375
0,0,0.08467469421659907
0,0,0.0401769833457122
0,0,0.02804485088205791
0,0,0.009457762692933237
0,0,0.09828935287704267
0,0,0.02224760429187028
0,0,0.24311294359141852
0,0,0.006610587541774167
0,0,0.04934271098510391
1,1,0.9999964734721614
0,0,0.00024313303330371298
1,1,0.8374984759113723
0,0,0.012613421106372655
0,0,0.24638892020954178
0,0,0.02336153776194588
0,0,0.028547471843607165
0,0,0.10440373202466881
0,0,0.002366636401290499
0,0,0.028323380880110834
0,0,0.08176114108553956
0,0,0.37650359408843415
1,1,0.9999974214555729
0,0,0.01822921353209513
0,0,0.19532500206065886
0,0,0.04759885556688938
0,0,0.14537417491468957
1,1,0.5506585573462736
0,0,0.2962653901476705
0,0,0.08096705897661541
0,0,0.04960111055707017
0,0,0.025230617181996748
0,0,0.0016022699213728503
0,0,0.0092841797149819
0,0,0.004612479779003311
0,0,0.035491544976646985
0,0,0.00011784396961360755
0,0,0.015126278372317871
0,0,0.11529893733333885
0,0,0.018797745123669864
1,1,0.9155714015591981
0,0,0.043485017481009726
0,0,0.006357464425319306
0,0,0.016318008663537584
1,1,0.9942830522832043
1,0,0.3408098522470196
0,0,0.12490547690774129
0,0,0.0014487682899992672
1,1,0.9995278476223853
1,1,0.9999966804291738
0,0,0.02648091469130445
0,0,0.14160428443241865
0,0,0.04776043313621781
0,0,0.033546655678910145
0,0,0.0059885369125407
0,0,0.018961952122129068
0,0,0.017552354978694028
0,0,0.19032140984354878
1,1,0.9999966804291738
0,0,0.006606256357109325
0,0,0.017213973138500316
0,0,0.12190677400753812
0,0,0.07928678589221468
0,0,0.051134902217783135
1,1,0.9999967418747816
0,0,0.17109326013908388
0,0,0.0004649424175291564
0,0,0.02164882094179586
0,0,0.22325109832943685
0,0,0.001881265343658388
0,0,0.010463621604321148
0,0,0.16094621563749364
0,0,0.019178647615065107
0,0,0.22998338138866453
0,0,0.07878081051708612
0,0,0.14641829365120243
1,1,0.9999094556934308
1,1,0.9617567853228535
0,0,0.0882073493908839
0,0,0.3116820325477639
0,0,0.40242295170865655
0,0,0.01048772706257894
0,0,0.008571239100283703
1,1,0.9917480996709426
0,0,0.055003528579123315
1,1,0.6662153942607112
1,1,0.9999967418747816
1,1,0.9999962623084329
0,0,0.0036808049762116516
1,1,0.9999974474866807
0,0,0.16219618282832013
0,0,0.0007960570006943713
0,0,0.3148250258342078
0,0,0.014696396531466642
0,0,0.05785073810492208
0,1,0.7259894814001161
0,0,0.03911898641135976
0,0,0.37650359408843415
0,0,0.0053026707281018685
0,0,0.3085440285330547
0,0,0.18081858207121235
0,0,0.10699897856676253
0,0,0.09437480564431142
0,0,0.00361545124965704
0,0,0.03973417466053937
0,0,0.03276283846633497
0,0,0.030827495986323842
0,0,0.017937755726409165
0,0,0.01512906935924106
0,1,0.5563696293570781
0,0,0.33573609436799173
1,1,0.999715183370018
0,0,0.05757967053201917
0,0,0.013306651864044571
1,1,0.9999974214555729
0,0,0.0029015830065488566
0,0,0.001427811849159672
0,0,0.10110710577143817
0,0,0.07320542274472348
0,0,0.03853103739381419
0,0,0.048068735408891713
0,0,0.0025484964287800114
0,0,0.3085440285330547
0,0,0.07471388854968294
0,0,0.012533284471392795
0,0,0.02977932800303764
1,1,0.9999977168367039
1,1,0.8353472352467198
0,0,0.014274129574097771
0,0,0.07562043462234654
0,0,0.13180724640773778
1,1,0.9768759785009936
0,0,0.025114125896497703
0,0,0.12552857595136988
0,0,0.06656811903831675
0,0,0.052162748998796735
0,0,0.18794332821722648
0,0,0.015182226902287483
1,1,0.9999974214555729
0,0,0.3466125237328384
0,0,0.09827979028970062
0,0,0.002540481477857139
0,0,0.010758426926186787
0,0,0.30663444814112767
0,0,0.00018928786690057355
0,0,0.017914542550372916
1,1,0.9999977168367039
0,0,0.09200915914485994
1,0,0.03777096394150551
0,0,0.014168378599839507
0,0,0.02225464438255107
0,0,0.26305630437100186
0,0,0.022185341462336326
1,1,0.9902815086852279
0,0,0.0010693505408393518
0,0,0.280667222019148
0,0,0.010345703318207266
1,1,0.9999986485205823
0,0,0.005358621963367872
1,1,0.9999986485205823
0,0,0.16084871486082286
0,0,0.05328997521708195
1,1,0.999998765996982
0,0,0.02721180351176016
0,0,0.014670487221715153
1,1,0.9999983935948057
0,0,0.2517793568446978
0,0,0.04427758892177124
1,1,0.6977522479390755
0,0,0.017776872464802806
0,0,0.022856987364727792
0,0,0.00023285808782320578
0,0,0.0013651427631518644
0,0,0.05350291280319228
0,0,0.016087049345518693
0,0,0.007626734256889657
0,0,0.06838275113039408
0,0,0.05429448048609084
0,0,0.01811826686512762
0,0,0.03263945767814687
0,0,0.1620336845066819
0,0,0.16017045985450945
0,0,0.037367389525801986
0,0,0.009026470789629594
0,0,0.0681073895404255
0,0,0.05437245394169691
0,0,0.00014533949104045157
0,0,0.13682635840420548
0,0,0.05199165979173948
1,1,0.9810333825890079
0,0,0.023304145557216393
0,0,0.01192365474858426
0,0,0.027866746524160227
0,0,0.05627717072413025
0,0,0.04565372484185294
0,0,0.00024313303330371298
0,0,0.03122329009758402
0,0,0.012873619023809953
0,0,0.10407288611637361
0,0,0.007828553692707732
1,1,0.9999966804291738
0,0,0.0624291178653644
0,0,0.036813648253911674
0,0,0.10906687343971888
1,1,0.9999094556934308
0,0,0.03860750144995088
0,0,0.08411413687036276
0,0,0.044926468795545314
0,0,0.0030081297936899207
0,0,0.0332641534539849
0,0,0.05021960586825631
1,1,0.9999967421133994
0,0,0.017340171030958616
1,1,0.9626888578796229
0,0,0.021006860539370065
0,0,0.1472649538220526
1,1,0.9999981310497241
0,0,0.04723672024232796
0,0,0.00019763720424381754
0,0,0.07287028076856973
0,0,0.008365833251591378
0,0,0.05622603057856405
0,0,0.3878410733266758
1,1,0.9761255885741792
1,1,0.9999977168367039
1,1,0.9999989875016777
0,0,0.12097733482514442
0,0,0.2805434383992126
1,1,0.998942533874386
0,0,0.3758591404786321
0,0,0.04363671788091887
0,0,0.0024028920207295745
0,0,0.029875592259168943
0,0,0.059437140675020025
0,0,0.01805246526401601
0,0,0.007452276226626731
0,0,0.08907656007017474
0,0,0.1582072667034824
0,0,0.3448417114575034
0,0,0.00200030873140962
0,0,0.036916808277512
0,0,0.03843468939835916
0,0,0.10221084662909714
1,0,0.42196945710146183
1,1,0.9895306922848673
0,0,0.3085440285330547
1,1,0.9918135845505746
0,0,0.007114273249199425
0,0,0.008803769308314065
0,0,0.01687628189008566
0,0,0.0014626703933944404
0,0,0.020451383378655607
0,0,0.024367077140432455
0,0,0.007904519258709055
1,1,0.9999974214555729
1,1,0.9999979498821073
0,0,0.02718166259855551
0,0,0.08907203175181168
0,0,0.017888247452928694
1,1,0.9999966804291738
0,0,0.04504779695633597
0,0,0.20615111248028886
1,1,0.9999966804291738
0,0,0.000476758954518477
0,0,0.053913066903209364
0,0,0.014435249711308657
0,0,0.03564657076766166
0,0,0.01644399236823286
1,1,0.9875725361413703
0,0,0.24181761376691546
0,0,0.0024453895698928092
0,0,0.01585823070360378
0,0,0.027100847207121005
0,0,0.38634077884882295
0,0,0.1688483641339393
0,0,0.02817012055257596
0,0,0.000763718358156759
0,0,0.027694240510300876
0,0,0.06577992053226235
0,0,0.024035683657061647
1,1,0.907550478384145
0,0,0.2806608575478434
0,0,0.09304187063116766
0,0,0.0037656054698167714
0,0,0.004837280161017442
0,0,0.01936413928169254
0,0,0.30119350391694283
0,0,0.1710489526735831
0,0,0.013562894056776914
0,0,0.4856674928579105
0,0,0.13637067673194073
1,1,0.9782462684410976
0,0,0.023660768259641113
0,0,0.005066465413291268
0,0,0.022231863322548645
0,0,0.005346270430084583
0,0,0.015596118745880305
0,0,0.0017136209795178626
0,0,0.04542617215110148
1,1,0.9999966804291738
1,0,0.23652096051629498
0,0,0.05108969555775586
0,0,0.000537389950643623
0,0,0.017776500334036903
0,0,0.2684217793993221
0,0,0.06006286558513873
0,0,0.003476538307924015
0,0,0.01962625409531501
1,1,0.5168763083284329
0,0,0.008003354137301032
0,0,0.004456284479686791
0,0,0.0014248161525296263
0,1,0.5134037912575372
0,0,0.018776490985154815
0,0,0.003161848544508222
0,0,0.017332368329513508
0,0,0.07263968364258476
0,0,0.05688501212417482
0,0,0.04973701622776227
1,1,0.9498397635577565
0,0,0.10136245623708547
0,0,0.003858211112678156
1,1,0.9634707711644263
0,0,0.00035434000606340073
1,0,0.008819800800611366
0,0,0.08459927663480814
0,0,0.031454961679333156
1,1,0.9999966804291738
1,1,0.9999974474866807
0,0,0.025824933004614064
0,0,0.03691780601620046
0,0,0.12869656414467265
0,0,0.0016904817368318874
0,0,0.07180049721362153
1,1,0.752965183011871
0,0,0.00383308111109631
1,1,0.9999967418747816
0,0,0.005282304293571712
0,0,0.037292481460390124
1,1,0.9999989875016777
0,0,0.018714461613655368
1,1,0.9999977168367039
0,0,0.04098839883984542
0,0,0.005342069071408174
0,0,0.004853434617760062
0,0,0.45884722404543016
0,0,0.06421616034359731
0,0,0.011397209583659319
0,0,0.0011154477728919005
0,0,0.0004634957448238617
0,0,0.0070376423656815295
0,0,0.04559692379979984
1,1,0.7440848157306803
0,0,0.032931664519146586
0,0,0.004649549940299646
1,1,0.9999966804291738
0,0,0.01812631332568849
0,0,0.08442487477414465
0,0,0.017847930636703875
0,0,0.038285952771628336
0,0,0.00014167875129504
0,0,0.04757788221476104
0,0,0.0737929724437676
0,0,0.03279009426253253
0,0,0.12258080807134032
0,0,0.021238194738761533
0,0,0.3668325604442369
0,0,0.001118951326929728
0,0,0.024967069350131297
0,0,0.014821172518903887
0,0,0.2071813732778116
1,0,0.27421869217895795
0,0,0.10431654624613709
0,0,0.04221750000977614
0,0,0.12246517406933992
0,0,0.1745170953237614
1,1,0.9999977168367039
0,0,0.004814674496429763
1,1,0.9868673175570716
0,0,0.028269764990159558
0,0,0.014680524805252407
0,0,0.05629858109427152
0,0,0.003956869796336244
0,0,0.029026984567150586
1,1,0.9999966804291738
0,0,0.07993807317052931
0,0,0.0015377978417476755
0,0,0.0031080167615983177
0,0,0.064269140408241
1,1,0.9999979498821073
0,0,0.00933253120155258
0,0,0.007483982246116445
0,0,0.0016247048418382762
0,0,0.017229373498583386
0,0,0.019416250313017958
0,0,0.005379351097852309
0,0,0.000863885227908827
0,0,0.10973738907867109
0,0,0.005767019960514842
0,0,0.010009575213658277
0,0,0.012421544380613277
0,0,0.006512082047561835
1,1,0.9999966804291738
0,0,0.05604512825210322
0,0,0.011724227376002828
0,0,0.1435901021998436
1,1,0.9777852595355522
0,0,0.1183954211891027
0,0,0.01024100108003194
0,0,0.43913060814494903
1,1,0.9911937386390655
0,0,0.0010973383932698282
0,0,0.003431954323666871
0,0,0.16678143094608233
0,0,0.007701446216043012
0,0,0.2514451565641869
1,0,0.4115830865961129
0,0,0.007982510749145801
0,1,0.637143864458156
0,0,0.0006257530466010149
0,0,0.16289763950553948
0,0,0.04738775990547303
0,0,0.10974744670275516
0,0,0.3992618250224364
0,0,0.02648091469130445
0,0,0.0041357688941653465
0,0,0.043486747081197305
0,0,0.022842671464476362
0,0,0.15118139632310007
1,1,0.9999974214555729
0,0,0.005554941741534893
0,0,0.1848079733965017
0,0,0.016552016746058343
0,0,0.13563110711179033
0,0,0.0036708069672372096
0,0,0.066574258263602
0,0,0.01876315128451298
0,0,0.14579437184409216
0,0,0.015160370925062606
0,1,0.58166020534039
1,1,0.9999966804291738
0,0,0.06339739891187388
0,0,0.0013400915386170046
0,0,0.013868336028378614
1,0,0.29957350305448577
0,0,0.011933040274574423
0,0,0.4485097886451321
1,1,0.9999974214555729
1,1,0.9671079546406027
0,0,0.0022166061289358428
0,0,0.004532998374292936
0,0,0.007687500611406665
0,0,0.024691568801296866
1,1,0.9999983935948057
0,0,0.09407015528712025
1,1,0.9999966804291738
0,0,0.35647614921246823
0,0,0.0422438835578153
0,0,0.004127114018655842
0,0,0.05880013732277114
0,0,0.12580094280611398
1,1,0.7417951740873572
1,1,0.9959466568881417
0,0,0.0010991280030175636
0,0,0.0005502883105359236
0,0,0.0013483775561611744
1,1,0.999915564608854
0,0,0.02159367776017124
0,0,0.01086163627144731
0,0,0.1334633307476969
0,0,0.012471579903598092
0,0,0.01628951697691347
0,0,0.15984528336323148
0,0,0.07869159446090922
0,0,0.056504792056150596
0,0,0.02048195282649462
0,0,0.021721756837271313
1,1,0.9999966804291738
0,0,0.011575786623128428
0,0,0.0071042894414518895
0,0,0.02380344211907713
0,0,0.006799017227254896
0,0,0.40242295170865655
0,0,0.04301606014291355
0,0,0.0015042712264839166
0,0,0.4509228436793853
0,0,0.013049484797554106
0,0,0.012275425555227138
0,0,0.01000420773830331
0,0,0.019713973355301603
0,0,0.014815522682737082
0,0,0.0003078573486999395
0,0,0.02427238054783002
0,0,0.0018072430171188283
1,1,0.8455189017539788
0,0,0.0887932239514775
0,0,0.018270452206048594
0,0,0.03227418820034612
0,0,0.2598004306202014
0,0,0.08503050526793808
0,0,0.0033715492561242097
0,0,0.04979226462326195
0,0,0.005834890844686016
0,0,0.32872071347977155
1,1,0.9999966804291738
0,0,0.1817635992302103
0,0,0.018406012740566326
0,0,0.051685876882840924
0,0,0.030922055821973868
0,0,0.008718935765259686
0,0,0.02900701750167418
0,0,0.02206201881858797
0,0,0.002496746779384945
1,1,0.9999967418747816
0,0,0.018165669092148052
1,1,0.999998765996982
0,0,0.005224992127763263
0,0,0.44951755966271617
0,0,0.34739568999446113
0,0,0.011364666355741586
0,0,0.07241384854513443
0,0,0.03607214561872396
0,0,0.012889188736125793
0,0,0.09578972553722472
0,0,0.056504792056150596
0,0,0.020372511490278616
0,0,0.002759743984346187
0,0,0.0207912242811075
0,0,0.034278376250560835
0,0,0.10995765887160858
0,0,0.003384224575235584
0,0,0.009143672753415204
0,0,0.03476954557491898
0,1,0.5241877573586676
1,1,0.9263715135124281
0,0,0.003071117533084011
0,0,0.022987095758174342
0,0,0.007999746735175664
1,1,0.9999964734721614
0,1,0.5160057304568518
1,1,0.9999967421133994
0,0,0.005093709998293775
0,0,0.015373213069467448
0,0,0.0014693365939455016
0,0,0.007558257856507713
0,0,0.09457925472735113
0,0,0.026359619046376886
0,0,0.013404394626456382
0,0,0.017166751668450903
0,0,0.3085440285330547
0,0,0.08869136585961879
0,0,0.005100105964567015
0,0,0.041753340688258304
0,0,0.017147358731936044
0,0,0.037420192417316235
0,0,0.049375751666659785
0,0,0.06850476233462025
0,0,0.01723494340609502
1,0,0.49006118907745816
0,0,0.0032288715201630683
1,1,0.9999974214555729
0,0,0.04473535151683418
0,0,0.010234366919746267
0,0,0.01555511213330913
0,0,0.04679888663506991
0,0,0.037317138134195196
0,0,0.00046871556355550334
0,0,0.07965042535128114
0,0,0.002255507776429357
0,0,0.06145346057331733
0,0,0.03089003402989516
0,0,0.02613921209325894
0,0,0.07247992124379382
0,0,0.13450702381521687
0,0,0.008368462071885139
0,0,0.01945085345450199
0,0,0.04896351638740412
0,0,0.07750981327799031
1,1,0.9999966804291738
0,0,0.027543713885063218
1,1,0.9999974214555729
0,0,0.001587783888278595
0,0,0.030268958591401583
0,0,0.00132510664458269
0,0,0.026827219271820343
0,0,0.0013950410290497555
1,1,0.9997024171567556
0,0,0.014782338940259977
1,1,0.9999964734721614
0,0,0.0012115883419239447
0,0,0.04795941091567715
0,0,0.0020949925271504834
0,0,0.020004054907378974
0,0,0.007634239367243365
1,1,0.9868531674461212
0,0,0.11586375016926337
0,0,0.0011055272682170374
0,0,0.013452993341612185
0,0,0.10799916953172671
1,1,0.9999508473897917
1,0,0.11447450931852975
0,0,0.02301101714269031
0,0,0.013277982428913275
0,0,0.018446465795913993
0,0,0.00829686869211097
0,0,0.03641489551364964
0,0,0.005105090666459587
0,1,0.6169073161973617
0,0,0.2772060912940177
0,0,0.21085903378880835
0,0,0.01743601502808691
0,0,0.018644418446125213
0,0,0.016565395605014802
0,0,0.0053249062016841615
0,0,0.00038800259000877293
0,1,0.5054360301087358
0,0,0.03958773192327901
0,0,0.017888247452928694
1,0,0.4709454028472379
0,0,0.057744268475254275
0,0,0.058759483406531095
0,0,0.012059106656588423
0,0,0.1482959658835938
0,0,0.009418577021084744
0,0,0.008904483330523029
0,0,0.08906686293217013
1,1,0.9999966804291738
0,0,0.013123987742830705
0,0,0.005096308918377753
0,0,0.10253944046104274
0,0,0.0060721071543593215
1,1,0.9999944141014446
0,0,0.008954673940133426
0,0,0.0002640584346622199
0,0,0.07235445697651385
0,0,0.02445449531967699
1,1,0.7257657608940584
0,0,0.027441604132827632
0,0,0.024184486158208257
0,0,0.004606007222517286
0,0,0.0066263035942435025
0,0,0.011702995227906311
0,0,0.006384523373266373
0,0,0.018409830802377614
0,0,0.058220897079997475
1,1,0.9962070235856867
0,0,0.031966700863837474
0,0,0.0009461990805447304
0,0,0.07062106420358251
0,0,0.09499401507727287
0,0,0.020047209597305243
0,0,0.06100898137292745
0,0,0.00030672248539932663
0,0,0.004852030011029268
1,1,0.9927064539182022
0,0,0.18168459204462312
0,1,0.9091745911035748
0,0,0.008258447416097178
0,0,0.024118145331046573
0,0,0.133368505557454
0,0,0.44518292883660404
1,1,0.993967251653729
0,0,0.010197906563144201
0,0,0.02832722034587002
0,0,0.08779563910858658
1,1,0.9999964734721614
0,0,0.34587640827862154
0,0,0.037641621518693755
0,0,0.03151307858273519
0,0,0.007577177632528594
0,0,2.1169691554453256e-05
0,0,0.06374157026751749
0,0,0.0373878159215918
1,1,0.9999974214555729
0,0,0.03588796704796777
0,0,0.006773945992378118
0,0,0.37568629243554763
0,0,0.003969019494191627
0,0,0.01763189435747348
0,0,0.010020340409597685
0,0,0.01008282113729113
0,0,0.0080802280139642
0,0,0.0013577844919459403
0,0,0.03966738026326194
0,0,0.0008731775054145822
1,1,0.999998765996982
1,0,0.05429892015099626
1,1,0.9960854596134338
0,0,0.014500937253827065
1,0,0.09621435754727287
0,0,0.16270232569757578
1,1,0.9998832572606667
0,0,0.08669664141496411
0,0,0.13820250546599278
0,0,0.34319372303424045
0,0,0.009466910653966968
0,0,0.04467997937427659
0,0,0.0021280492954443594
0,0,0.00299969252418492
1,1,0.9999977168367039
0,0,0.0006257113206460373
0,0,0.01483233671791461
0,0,0.1491294321495478
1,1,0.6422135130266043
0,0,0.0015610726916665547
0,0,0.014181440292493588
0,0,0.0036203523326813728
0,0,0.05043878415031813
0,1,0.6436215128668255
0,0,0.005454888101623788
1,1,0.9999974214555729
0,0,0.1969487230384882
0,0,0.009686513530812346
0,0,0.00101622467653661
0,0,0.19567298895711233
0,0,0.03743374202311555
0,0,0.011124578275498098
0,0,0.10894908450866375
0,0,0.020017341498102238
0,0,0.10139283749728374
0,1,0.879025056474406
0,0,0.00042142352002265697
0,0,0.01895260645795134
0,0,0.037319713697463605
0,0,0.01473590979104387
0,0,0.007483320525274368
0,0,0.04107615638731086
0,0,0.013670518531672905
0,0,0.4743474611824561
0,0,0.01883693765673844
0,0,0.0019607816412695054
1,1,0.824589480924656
1,0,0.37650359408843415
1,1,0.9999976198535029
0,0,0.07028225089604126
1,1,0.9999977168367039
0,0,0.11381808735902134
0,0,0.05759411058888826
0,0,0.0017413754380966014
0,0,0.020904330325849638
0,0,0.013775949785465055
0,0,0.13032955300222696
0,0,0.005542902651921562
1,1,0.9625143399854589
0,0,0.05699804391430556
0,0,0.04183896867105427
0,0,0.34414804141114885
0,0,0.01905018441684963
0,0,0.14653269643625527
0,0,0.1698104100269529
0,0,0.005807041810473768
0,0,0.02862765988366453
0,0,0.0712177352139074
0,0,0.040634573504785096
0,0,0.05663041291532886
0,0,0.009790328853337775
0,0,0.013512024883275995
0,0,0.03558778315969488
0,0,0.3337874406648972
0,0,0.022051439396340737
0,0,0.09421552761132934
1,1,0.9999974214555729
0,0,0.008884834950702766
0,0,0.04471668948217961
0,0,0.0026154009173618552
0,0,0.03274715569092941
0,0,0.011915769880837965
0,0,0.023480395579932787
0,0,0.03617262808130741
0,0,0.12615966125722575
0,0,0.04992172371800394
0,0,0.017103407866155666
1,1,0.9479767755938483
1,1,0.9999094556934308
0,0,0.14786724452247052
1,1,0.9999974214555729
0,0,0.0030458179240830012
0,0,0.24134071095223972
1,1,0.9997024171567556
0,0,0.039674814245344414
0,0,0.018855465235841945
0,0,0.009859756257203428
0,0,0.05535702840558186
0,0,0.010727058688794438
0,0,0.004771203999506654
0,0,0.033211889217706195
0,0,0.013777650008106775
1,1,0.9999966804291738
0,0,0.10022218751556718
0,1,0.6108226691467274
0,0,0.039940143566377456
0,0,0.029642821142359384
0,1,0.5718790512705775
0,0,0.01288705452804343
0,0,0.024174387852395757
0,0,0.06949142310836784
0,0,0.31424755257882653
0,0,0.007641593458233047
0,0,0.012060803157324029
0,0,0.0029690996999806765
0,0,0.004731495411420358
0,0,0.15570077863047577
0,0,0.008581597090961252
0,0,0.054976753982522414
1,1,0.9999979498821073
0,0,0.2274757619943977
0,0,0.02271249249729038
0,0,0.02103543357333697
0,0,0.009945045250939751
0,0,0.3085440285330547
0,0,0.004974792701457342
0,0,0.15723413180164286
0,0,0.03737915656957197
0,0,0.01053721284906531
0,0,0.12317548954307626
0,0,0.014385100158648282
0,0,0.007010082621094829
0,0,0.44522517347307716
0,0,0.25044622392116667
0,0,0.008568531269417857
0,0,0.030237507058934233
0,1,0.5718790512705775
0,0,0.10624215385577501
0,0,0.016947312675441167
0,0,0.05506033119076227
0,0,0.0865898432052504
0,0,0.003822853630907908
0,0,0.0443230829951497
0,0,0.00501970929018934
1,1,0.9999852270516247
1,1,0.9999966804291738
0,0,0.09294972220182118
0,0,0.007639986546166956
0,0,0.014108051384087427
1,1,0.9979925360200558
1,1,0.9999974214555729
0,0,0.014135656663096272
0,0,0.003149175507721839
0,0,0.0161235851398496
1,1,0.5654954395176452
0,0,0.0004107520857160585
0,0,0.011631089136963283
0,0,0.03812659180599189
0,0,0.04634046196463684
0,0,0.057900105647512204
1,1,0.9517219260478438
0,0,0.0031372116819389437
1,1,0.9896908743606541
0,0,0.1600082039743003
0,0,0.0011062004109739648
0,0,0.07851962805440385
0,0,0.04552437878185809
0,0,0.04247436543694089
0,0,0.24928221808063727
0,0,0.04764854234686962
0,0,0.03637488761431106
0,0,0.14865767060059443
0,0,0.011848136030151706
0,0,0.0560758139615583
0,0,0.02246118440685312
0,0,0.003016819804976164
0,0,0.0001999344658684906
0,0,0.02409305264094901
1,1,0.999915564608854
0,0,0.10704328924270405
0,0,0.015352269190010617
0,0,0.05569776766263046
0,0,0.009695035449495463
1,1,0.9999977168367039
0,0,0.006398072962127225
0,0,0.056358877715023556
0,0,0.013401984208356126
0,0,0.042605679138203546
0,0,0.016528034074045406
0,0,0.1490022993995853
0,0,0.007775751393473379
0,0,0.02318643411139533
0,0,0.023742237418110403
0,0,0.10412373118174412
0,0,0.04917360956209314
0,0,0.049157596802191436
0,0,0.007826559394341553
0,0,0.1343487740781562
0,0,0.006783284004695278
1,1,0.9877752442991851
0,0,0.012873619023809953
0,0,0.02902267408264782
1,1,0.9999967418747816
0,0,0.16573461050179006
0,0,0.06116838664727217
0,0,0.024466344869658298
0,0,0.006228557305589326
0,0,0.0076848718864719
1,1,0.9911801454649806
1,1,0.9999974214555729
0,0,0.004174251518427892
0,0,0.1639253000852907
0,0,0.011668034488308707
0,0,0.009844895621244203
0,0,0.12332955026196298
0,0,0.04553824205867733
1,1,0.9999977168367039
0,0,0.004792000545745803
0,0,0.060750398068623285
0,0,0.0006628405063225366
0,0,0.03214033061374334
0,0,0.4669812000279667
0,0,0.03691946607479135
0,0,0.00960017783839603
0,0,0.23424918345033893
0,0,0.05201868663092991
0,0,0.008355609140965621
0,0,0.01610217429914037
0,0,0.11430909819906342
0,0,0.09602865851296291
0,0,0.02375335226221708
0,0,0.006681075221208039
0,0,0.004965689972087924
0,0,0.0019401435205288569
0,0,0.009959068512206034
0,0,0.01718992018387469
0,0,0.008228567507542955
0,0,0.046525590034011306
0,0,0.007602291076699511
1,0,0.03764218577711373
0,0,0.12536019622834868
0,0,0.008726068615205355
0,0,0.08724757945522225
0,0,0.17418162329246295
0,0,0.030773344367824283
0,0,0.44466997577583184
0,0,0.021587310815780213
0,0,0.00481794288750404
0,1,0.5838506909959524
0,0,0.006797519580346915
0,0,0.0045128757486645734
0,0,0.25372732882785004
1,1,0.9999974214555729
0,0,0.0008258012868524275
0,0,0.0003329572248302861
0,0,0.017564255188282158
0,0,0.014285788684284975
1,1,0.9999974474866807
0,0,0.034729478216687704
0,0,0.024094331246224416
0,0,0.06645187620382265
0,0,0.016866976350741705
0,0,0.005937713701542072
0,1,0.522465456112081
0,0,0.016267892805887085
0,0,0.04240946213910763
0,0,0.029244738800865245
0,0,0.003055423178032531
0,0,0.12165931614195499
0,0,0.0010120494213770204
0,0,0.0414887281567943
0,0,0.062491559000167805
0,0,0.00029534222430291904
0,0,0.18603219020509876
0,0,0.08784791643946638
0,0,1.6940938562148153e-05
0,0,0.40271237223093265
0,0,0.013012784043895961
0,0,0.002225016846227549
0,0,0.11699274607434122
0,0,0.00713651211987911
0,0,0.03549443344920809
0,0,0.1516792596034758
0,0,0.0575304389888784
0,0,0.04634840589417165
0,0,0.14865767060059443
0,0,0.18427189928097065
0,0,0.007408106310605448
0,0,0.058671161134259214
1,1,0.7910308149288445
0,0,0.02474918007713661
0,0,0.02104010054571926
0,0,8.857839635671864e-05
0,0,0.003851025440764867
0,0,0.018931613597892638
0,0,0.04361154794485551
0,0,0.004971604312273393
0,0,0.16149780690936408
0,0,0.019914473464546834
0,0,0.004736247162758768
0,0,0.061453132422799206
0,0,0.025272673719497856
0,0,0.019172687721307872
0,0,0.05662780396047447
0,0,0.030043472428473588
1,1,0.9999974214555729
0,0,9.646931165257784e-05
0,0,0.08579596372361818
0,0,0.16438741064985918
0,0,0.17251756125545825
1,1,0.9900532864407264
1,1,0.9999974474866807
0,0,0.011275220113714655
0,0,0.004273836069589855
0,0,0.004728770804989083
0,0,0.025586557175701012
0,0,0.02620255889011866
1,1,0.9999964734721614
0,0,0.010005095498067919
1,1,0.9908792363904179
1,1,0.9999982935068383
0,0,0.090113326853527
0,0,0.011971655113649454
0,0,0.0348297777512955
0,0,0.1473849956445026
0,0,0.031276353438235524
0,0,0.09509408682521826
0,0,0.019700690793188435
0,0,0.08317119349405784
0,0,0.09768532819061734
1,1,0.998161638774296
0,0,0.055915006546375906
1,1,0.8898832903516872
0,0,0.0377770562448486
0,0,0.10784115918088771
0,0,0.07446726122082632
0,0,0.010179536092584098
0,0,0.00022592789303531747
0,0,0.03660734903262789
0,0,0.002590120497663022
0,0,0.0011061935848487865
0,0,0.05505971366677759
0,0,0.02236794591602003
0,0,0.018084252756555383
0,0,0.03703944363035593
0,0,0.048315542056837704
1,1,0.9999970717796709
1,1,0.9911344989531045
0,0,0.00737004780987835
0,0,0.0027228278818926914
0,0,0.0017599944421951782
1,1,0.9999990755124109
0,0,0.07181965954594549
0,0,0.00485068365270066
0,0,0.006960753189436849
1,1,0.9999974214555729
0,0,0.04526403591967747
0,0,0.015604855789519718
0,0,0.030410479518862273
0,0,0.04910628994714885
0,0,0.3249624728639564
0,0,0.04898329957437737
0,0,0.06265352963693308
1,1,0.9999966804291738
0,0,0.013104062474937853
0,0,0.026540754224920922
0,0,0.08236716772048873
0,0,0.011938808321470318
0,0,0.025686306317542516
0,0,0.008512308871600063
0,0,0.016853713321881875
0,0,0.27013890474792374
0,0,0.00900064160069127
0,0,0.026738713135641908
0,0,0.002657101331441846
0,0,0.37650359408843415
0,0,0.02229132260867294
1,1,0.9933446644714555
0,0,0.06656766104463548
0,0,0.08480415337469117
0,0,0.0034050483302595184
0,0,0.008694989107829986
0,0,0.08540683106456466
0,0,0.009795637012074915
0,0,0.25044622392116667
0,0,0.40242295170865655
0,0,0.08365151677593453
0,0,0.1302440883267894
1,0,0.3628585527996083
0,0,0.022252727903763838
0,0,0.0682494959263031
1,1,0.9999974214555729
0,1,0.5199029772217005
0,0,0.19746858215644938
0,0,0.009844115436670756
0,0,0.0025665826851492203
0,0,0.05971630684364857
0,0,0.00152301036236489
0,0,0.050978053596547585
0,0,0.029023789342276132
0,0,0.266417699763591
1,1,0.9999966804291738
1,1,0.9764860155776663
0,0,0.11340470633918383
0,0,0.018379482372047805
1,1,0.9999966804291738
0,0,0.014417133525385262
1,1,0.9999788858086707
0,0,0.00334028337480795
0,0,0.04675724661681199
0,0,0.21162773870211452
0,0,0.04309973269253067
0,0,0.029352249104818706
0,0,0.023316899671991687
1,1,0.9408668074553252
0,0,0.044129621338566724
0,0,0.003503367170082644
0,0,0.40712696193129705
0,0,0.03841686774911327
0,0,0.169781095006705
1,1,0.9999985843625584
0,0,0.0019509128407616183
0,0,0.02095096861206275
0,0,0.000384808732057413
1,1,0.9470551710059846
0,0,0.07243470524435998
0,0,0.05482675572331299
0,0,0.037519044075137765
0,0,0.011833955661653215
0,0,0.005025290303779351
0,0,0.010339886217821366
1,1,0.9999974214555729
0,0,0.02592203783118671
1,0,0.32774017378121584
0,0,0.13920003186000732
0,0,0.00019414994251639098
1,1,0.9999966804291738
0,0,0.026648639957832693
0,0,0.020847464705146715
0,0,0.02676461433407732
0,0,0.29656661434666987
0,0,0.09379904880121993
0,0,0.0011062004109739648
1,1,0.8235012011606377
0,0,0.04867531337159996
0,0,0.4478082637482952
0,0,0.006522816640632964
0,0,0.11264807885563873
0,0,0.3676622224964673
0,0,0.004819428133375467
0,0,0.006879958760271958
1,1,0.9543715456738066
0,0,0.1767479651057375
0,0,0.08917567184943283
0,0,0.031006648893831555
0,0,0.16416945950613102
0,0,0.05451083456413005
0,0,0.026460021546216905
0,0,0.011637921087135109
0,0,0.025641592896414114
0,0,0.03303239534728608
0,0,0.012233155694708508
0,0,4.523946417601998e-05
0,0,0.060144736855594884
0,0,0.0001893294669767934
0,0,0.15112784085093242
0,0,0.01832970709224528
0,0,0.002659582644846421
0,0,0.13505556735182747
0,0,0.0645362244407648
0,0,0.011938584249990171
1,1,0.9999979423411411
0,0,0.012609035634180123
0,0,0.007104246068982642
0,0,0.036592541904758365
0,1,0.5734284761829529
0,0,0.007194901916002191
0,0,0.0031038948224468717
0,0,0.000587004388259066
0,0,0.39802514245710346
0,0,0.14786724452247052
0,0,0.010512636500199775
0,0,0.22290858513330802
0,0,0.07842413883247208
0,0,0.09278815890080022
0,0,0.020755847385203363
0,0,0.004224032544765697
0,0,0.017239099031802495
0,0,0.004565026619165732
1,1,0.9999974214555729
0,0,0.07341735602312857
0,0,0.039519294995225315
0,0,0.002430943500589135
0,0,0.015567034772177272
0,0,0.0016531381044825157
0,0,0.11618937290652236
0,0,0.4169230696741739
0,0,0.18290260722241583
0,0,0.14083866991839986
0,0,0.007964741503895513
0,0,0.011823576825957053
0,0,0.00040987626341320373
0,0,0.005115673474552275
1,1,0.9999982935068383
1,0,0.4795821225241704
0,0,0.0410496689110228
1,1,0.9999974214555729
0,0,0.023758367438929357
0,0,0.4549237215723787
1,1,0.9999314832841273
0,0,0.01536235635271496
0,0,0.0035115685633894983
0,0,0.008242682469157861
0,0,0.04576941936655629
0,0,0.152352037879801
0,0,0.010629299948599086
0,0,0.014350883138163937
0,0,0.002896134753698218
0,0,0.0002301872094090998
0,0,0.03387557207792758
0,0,0.10314108524542971
0,0,0.035594499400069556
0,0,0.015708633934852185
0,0,0.0342695379108659
0,0,0.005861314853601463
0,0,0.014426490417441817
0,0,0.004350603149611316
1,1,0.9999966804291738
0,0,0.0021942740385001627
1,1,0.9388770409874664
0,0,0.018953469688746644
0,0,0.018855465235841945
0,0,0.039593886441474484
0,0,0.04636018903563388
0,0,0.0961428462972289
0,0,0.07134417376172651
0,0,0.04895169662957119
0,0,0.2126051727288299
0,0,0.004480322087036127
0,0,0.1330023365903216
0,0,0.013169002442934332
1,1,0.9924482431438606
0,0,0.053279945359705864
0,0,0.2758164807834774
0,0,0.001578277586592314
0,0,0.0317539727453004
0,0,0.0710637093137304
0,0,0.04256453860567847
0,0,0.025958811847685344
1,1,0.9999985843625584
0,0,0.40242295170865655
0,0,0.05164622711576261
0,0,0.005990117847524882
0,0,0.025555930633519658
0,0,0.005214364147052816
0,0,0.0024112937738987573
0,0,0.08768172768316866
0,0,0.028218203899680935
0,0,0.008054664194533252
0,0,0.002206041464306957
0,0,0.007421180999647053
0,0,0.4555027912203065
0,0,0.024565875483209505
0,0,0.011987229973109815
0,0,0.01175841081565938
0,1,0.6286167887802625
0,0,0.19629844370769656
0,0,0.07471388854968294
0,0,0.19853910195719354
1,1,0.967830167922297
0,0,0.010796215314268442
0,0,0.16351319515540996
0,0,0.0316812328372833
0,0,0.0059553403898269415
1,1,0.9999966804291738
0,0,0.14009756296548764
0,0,0.12083662758178437
0,0,0.029797490575308484
0,0,0.018075825843658487
1,1,0.8002731238976768
0,0,0.011434196673256802
0,0,0.02477934881439883
0,0,0.0030204043693121616
0,0,0.01321752561663622
0,0,0.05819518437295828
0,0,0.03065385415635789
0,0,0.02081099610011682
0,0,0.024739197215396913
0,0,0.004832217586835576
0,0,0.07512868291654105
0,0,0.037423294493913635
0,0,0.016411633205447477
0,0,0.04812884029725677
0,0,0.004671215397636737
0,0,0.016035673285390337
1,1,0.9999974474866807
0,0,0.03110686777362982
0,0,0.012988635725843684
0,0,0.007149672747254804
0,0,0.03384893768429728
0,0,0.07720580474901073
0,0,0.012019227777812058
0,0,0.39509791931177557
0,0,3.690073229535727e-05
0,0,0.12991825736677154
0,0,0.002512614898717033
0,0,0.036672666138844005
0,0,0.040767751263413386
0,0,0.3502358313567547
0,0,0.03801178926812693
0,0,0.21234759203194775
0,0,0.13086695602718665
0,0,0.10397992742844961
0,0,0.0007937412157439686
1,1,0.9999974474866807
1,1,0.9999986485205823
0,0,0.01002514566216313
1,1,0.9999967418747816
0,0,0.015439063607919582
0,0,0.021211479492369262
0,0,0.023249375259322365
0,0,0.0022473313971398184
0,0,0.2479208935358918
0,0,0.15233805742369408
0,0,0.028229992005408138
0,0,0.0012317763114901062
0,0,0.002923558238448304
0,0,0.031174747754286643
0,0,0.1011133907649751
0,0,0.40242295170865655
0,0,0.016613221081533198
0,0,0.01064263794941987
0,0,0.05592153671084679
0,0,0.05629858109427152
0,0,0.02650302555433491
0,0,0.0975241739153834
1,1,0.9999974214555729
0,0,0.007139495534735077
0,0,0.008403215915498542
0,0,0.26170345776235204
0,0,0.3276242768766085
1,1,0.9999974214555729
0,0,0.012090727657911535
0,0,0.0029442378397405828
1,0,0.0539602540523962
0,0,0.014260508033412956
0,0,0.00020608137508192786
0,0,0.010363441608519729
0,0,0.00989407167155467
0,0,0.07459059141537264
0,0,0.1298615311670019
0,0,0.019022669331405367
0,0,0.005730412199337524
0,0,0.21065774934578227
0,0,0.020647895855330032
0,0,0.014770718272834268
1,1,0.6883190754817687
0,0,0.0733191579016432
0,0,0.05326693039104178
1,1,0.9999974214555729
0,0,0.005487118601727244
0,0,0.032729954596396466
0,0,0.000499370923468115
0,0,0.006234705756171704
0,0,0.030675131795539122
1,1,0.9939252824997865
1,1,0.9976470939073567
0,0,0.005719239916246608
0,1,0.5228939502611928
0,0,0.053231789323407726
0,0,0.07828800083815765
0,0,0.01020393259078113
1,1,0.9942429905584079
0,0,0.037959461557098624
0,0,0.030419993176503717
1,1,0.9999966804291738
0,0,0.009875848010996054
0,0,0.011476840341143801
0,0,0.005096308918377753
0,0,0.003264053259391539
0,0,0.051138537251294205
0,0,0.017345727331163047
0,0,0.014922465306882786
0,0,0.004428147365425828
0,0,0.0010802882856010367
0,0,0.016329400833933173
1,1,0.9999979498821073
0,0,0.007893801045682311
1,1,0.9999986485205823
0,0,0.3545826481766993
0,0,0.0006759185869468591
0,0,0.03622912877270947
0,0,0.008453678389662178
0,0,0.005286104856051958
0,0,0.020066494721101374
0,0,0.015007750759779169
0,0,0.009355533146552821
0,0,0.004840358357899673
0,0,0.4808407992615076
0,0,0.006663113680393009
0,0,0.017262220214950493
1,1,0.9959487540321366
0,0,0.15797382444721075
0,0,0.006535868089347496
0,0,0.014135656663096272
0,0,0.3085440285330547
0,0,0.004337252548683559
0,0,0.061717581749474414
0,0,0.05197277512250828
0,0,0.0631763215620422
0,0,0.021628991337305406
1,1,0.9999966804291738
0,0,0.01859555434673872
0,0,0.008747362221085955
0,0,0.009980824999311352
0,0,0.11488192825719819
0,0,0.015328191985725582
1,1,0.9999094556934308
0,0,0.033647376572648977
1,1,0.999998765996982
0,0,0.21194467474819004
0,0,0.0442278811779827
1,1,0.9944653175104113
0,0,0.007978248752295712
0,1,0.5050065260145586
0,0,0.036114947100765016
0,1,0.5693277984343346
1,1,0.5132159434103201
0,0,0.016521324341363497
0,0,0.02546824505940423
0,0,0.04751316046199493
0,0,0.23364997691009676
0,0,0.007478389905390065
0,0,0.016053364622042744
0,0,0.011825706328843718
0,0,0.05081998467003507
0,0,0.010873909627198926
0,0,0.05860424563322847
0,0,0.09820830408458658
1,1,0.9999986485205823
0,0,0.03602896840292672
1,1,0.9999976198535029
0,0,0.04644806932769297
0,0,0.0019968886726779347
0,0,0.0944057777627032
0,0,0.007980967007369347
0,0,0.055918663922942737
0,0,0.07765631964694829
0,0,0.011673686099104486
0,0,0.004797764193815161
0,0,0.011278587955143493
0,0,0.03530351084231067
0,0,0.20425608065104878
0,0,0.048121100117424036
0,0,0.00819703701409774
0,0,0.03276283846633497
1,1,0.9999966804291738
0,0,0.028586219563377688
0,0,0.03846054119275657
0,0,0.40741586437620464
0,0,0.1238046703697184
0,0,0.02068434853814897
0,0,0.14865767060059443
0,0,0.003458719810182249
0,0,0.005240321536605776
0,0,0.03800260451702393
0,0,0.10428292894380577
0,0,0.01771456503304402
0,0,0.010059809235428952
0,0,0.3747388240517202
0,0,0.01776678600108668
0,0,0.004451905809809154
0,0,0.009797533264445973
0,0,0.016849793050315334
0,0,0.0408617970042402
0,0,0.0003498384933201671
0,0,0.012472932126491946
0,0,0.07204420398428497
0,0,0.0003213097037304475
0,0,0.014571505447239178
0,0,0.01858829043909438
0,0,0.15141535703696346
0,0,0.07147983830491837
0,0,0.10387772555606234
0,0,0.030449371922548076
1,1,0.9428598450043676
0,0,0.006461882782932423
0,0,0.15459941644880443
0,0,0.06299408613381556
0,0,0.0075292837297425246
0,0,0.0009782555742185641
0,0,0.012185656769620336
0,0,0.022287948359798356
0,0,0.2622689145229505
0,0,0.003137320838906505
0,0,0.004009121966313261
0,0,0.05487393106846452
1,1,0.6554444989700452
0,0,0.017227535979055495
0,0,0.008612218687853647
0,0,0.016883421711500698
0,0,0.0018423711817397628
0,0,0.3035043164287487
0,0,0.03885878460286292
0,0,0.011804304825206391
0,0,0.00034635849915914355
0,0,0.025574365578858903
1,1,0.9999974214555729
0,0,0.04707222263531563
0,0,0.1253376847128847
0,0,0.05894603539244618
0,0,0.061273985149040984
0,0,0.005706369265999758
0,0,0.01633621767192607
0,0,0.4400469826159921
0,0,0.03328117883876303
0,0,0.006381523261992049
0,0,0.06218639571544007
0,0,0.006141672590595717
0,0,0.018090822059311912
0,0,0.0012654499800136114
0,0,0.010896958731923416
0,0,0.009734032892419578
0,0,0.29088338122139
0,0,0.18591434723826328
0,0,0.1835623103837235
0,0,0.21525721633416886
0,0,0.19730388168934884
0,0,0.007593360090730192
0,0,0.05096051548728581
0,0,0.0033428888597366014
0,0,0.20095530298985692
0,0,0.0068779466315085835
1,0,0.3664376391391144
0,0,0.0088572428111492
1,1,0.9985718523313605
1,1,0.9999979498821073
0,0,0.011446087070303604
0,0,0.19868698419732014
1,1,0.9812818299461462
0,0,0.022640662815045353
1,1,0.9933446644714555
1,1,0.9999974214555729
0,0,0.05574819288475675
0,0,0.04861802994293598
0,0,0.004506795439909133
0,0,0.18423649863483105
1,0,0.16916482105915476
0,0,0.007328832918101846
0,0,0.02271986192095955
0,1,0.5886460592479289
0,0,0.018677306090295737
0,0,0.0014716642289471459
0,0,0.0025258153907351246
0,0,0.031072867256777346
0,0,0.02670995047347337
0,0,0.01317832590571351
0,0,0.05470993652082032
1,1,0.5242271936564854
0,0,0.0047171742488559265
1,1,0.999915564608854
0,0,0.04467902000893362
1,1,0.9999966804291738
0,0,0.01692331315601062
0,0,0.0021839521095649334
0,0,0.02174652829720645
0,0,0.009357009582811514
0,0,0.05028270930599718
0,0,0.011692593761811535
0,0,0.10573667460612675
0,0,0.01470011352257972
0,0,0.40242295170865655
0,0,0.002054266769631127
0,0,0.00034977498311136105
0,0,0.37650359408843415
1,0,0.3148250258342078
0,0,0.32463230971863094
0,0,0.0004649424175291564
0,0,0.04515455051251077
0,0,0.014209406832365734
0,0,0.015283165487031214
0,0,0.25044622392116667
0,0,0.13801138886399725
0,0,0.22484238149173597
0,0,0.0035228350020613418
0,0,0.00032747503555408526
0,0,0.03697616344768514
0,0,0.0026890714334312045
0,0,0.3956136525958783
0,0,0.04292857575415058
0,0,0.13519936194646323
0,0,0.024579933167385708
0,0,0.014385100158648282
0,0,0.028390129375269003
1,1,0.9782462684410976
1,1,0.6577629406819142
0,0,0.014025041046693639
0,0,0.08725571416965443
0,0,0.013064265215816051
0,0,0.08231618712151466
0,0,0.0298180070839413
0,0,0.02048511465434919
0,0,0.002908239738144268
0,0,0.00044317213914648267
0,0,0.0437912121250391
0,0,0.009457767769889703
0,0,0.1393310704053537
0,0,0.026657806691147336
0,0,0.004796937465323563
0,0,0.02700875176081323
1,1,0.8689084474382915
0,0,0.054696261464424537
0,0,0.06492420641254369
0,0,0.06778970143591288
0,0,0.03792578445901896
0,0,0.011193789557896874
0,0,0.017454588894685905
0,0,0.04811609945483673
0,0,0.00010680297752037064
1,1,0.9396084007490663
1,1,0.8698320798303901
0,0,0.011235883456584982
1,1,0.9999966804291738
0,0,0.042945299047713374
1,1,0.9999973431607314
0,0,0.012396877680567141
0,0,0.45702870594244055
0,0,0.14786724452247052
0,0,0.004939577340086446
1,0,0.3281049851846694
0,0,0.07571840432768885
0,0,0.003130535289737676
0,0,0.018880326007602727
0,0,0.00973254388315392
1,0,0.37650359408843415
0,0,0.01112546848470027
0,0,0.02834861293176113
0,0,0.06206394377812096
0,0,0.016947312675441167
0,0,0.015150070272737057
0,0,0.007641593458233047
0,0,0.2613770008976253
0,0,0.051003136814589116
1,1,0.999997854936797
0,0,0.0007175130684767498
0,0,0.0104016581241532
1,1,0.6431729713905459
0,0,0.052412106374589755
0,0,0.016246233898377246
0,0,0.15956898541486378
0,0,0.013624255731355884
0,0,0.0488638764501465
0,0,0.15781693985029818
0,1,0.5897789513968074
0,0,0.02019576669372016
0,0,0.04587484267383861
1,1,0.9999977168367039
0,0,0.006917482619514924
1,1,0.9999976650563936
1,1,0.9922082311410118
0,0,0.017305074448519323
1,1,0.999995874961105
0,0,0.019784101468572055
0,0,0.03618276928453509
1,1,0.9545221951973507
1,1,0.9999971242915849
0,0,0.06017943355754671
0,0,0.13934628262051235
0,0,0.014843752838611616
1,1,0.858117545139436
0,0,0.020349745796558974
0,0,0.0237742490783101
0,0,0.35185190567469676
0,0,0.005699374257689415
0,0,0.03701679963322914
0,0,0.016053065538456347
0,0,0.01721020283747839
0,1,0.8276578175322115
0,0,0.0019147927569380515
0,1,0.7982384781809418
0,0,0.015426706826861385
0,0,0.01802670714984465
0,0,0.2177495154511465
1,0,0.16064901359539424
0,0,0.008618781859035956
0,0,0.010449132348057421
0,0,0.0024069165079533277
0,0,0.012882451649493672
0,0,0.008579923095321426
0,0,0.05137527677269547
1,1,0.8660344113841567
0,0,0.020425777002013458
0,0,0.04504055561181001
0,0,0.10938987480616122
0,0,0.14122020838253682
0,0,0.007467787100345119
0,0,0.020604384922422076
0,0,0.039096946389984594
0,0,0.0007412341754834091
0,0,0.006636812435768141
0,0,0.025548230796825753
0,0,0.02862958656793512
0,0,0.42921838600617873
0,0,0.24868649318893188
1,1,0.9999979498821073
0,0,0.38171256736209375
0,0,0.008800015145685012
0,0,0.003476538307924015
0,0,0.011210887960164955
0,0,0.04736806528105432
1,1,0.9999966804291738
0,0,0.1393378892641571
0,0,0.11208596354591015
0,0,0.0193953636108841
0,0,0.2847339918172264
0,0,0.005956565948967335
0,0,0.02816900128699451
0,0,0.08664391180370644
0,0,0.11381808735902134
0,0,0.011358194557436821
0,1,0.5455373891674077
0,0,0.11433718242924969
0,0,0.06913514697077623
0,0,0.19248522620084046
0,0,0.06255124198615007
1,1,0.9999977168367039
0,0,0.0022177568811532255
0,0,0.007635678945842581
1,1,0.9999974214555729
0,0,0.0006592692984580587
0,0,0.012212634160328195
0,0,0.0074833532901112205
0,0,0.007827797019299018
0,0,0.025677932490588487
0,0,0.07468065235184111
0,0,0.028719564375100325
0,0,0.04075132666379432
0,0,0.02171132974980453
0,0,0.01396409781483816
0,0,0.23249700546573537
0,0,0.4520969679169435
0,0,0.3148250258342078
0,0,0.011032648834889303
0,0,0.04926442683221428
1,1,0.9441993006862214
1,1,0.9999974474866807
0,0,0.1208160092060311
0,0,0.02050990009768228
1,1,0.5278870764231385
1,1,0.9999986485205823
0,0,0.0627856107540334
0,0,0.007645467835397007
0,0,0.2534138653007666
0,0,0.2660842910754579
0,0,0.03561953586849179
0,0,0.007874967082989818
1,1,0.9999974474866807
0,0,0.2846506334419268
0,0,0.008773312677641695
0,0,0.006125280499047159
0,0,0.1241256036434754
0,0,0.024202079732652752
0,0,0.045400032921555
1,1,0.9777852595355522
0,0,0.0007173188567808048
0,0,0.0309895717668319
0,0,0.00426165777311671
0,0,0.000917840284417782
0,0,0.06530145174409809
1,1,0.7137896548108992
0,0,0.18817321693302155
0,0,0.3391575274143484
0,0,0.10831430591454438
0,0,0.002114802679657387
0,1,0.5946351510096779
1,1,0.807878337280284
0,0,0.016450786562290372
0,0,0.01445834822726391
0,0,0.023068628825661477
0,0,0.015211195384359099
0,0,0.002049947275926405
0,0,0.07138968792228675
0,0,0.03433923604145597
0,0,0.04568129676252347
0,0,0.01738976491115633
0,0,0.011247132705408157
0,0,0.03041212931058518
0,0,0.00717765191500101
0,0,0.03157617851915786
0,0,0.0065531971296576876
0,0,0.02233885819011026
0,0,0.14255047996696824
0,0,0.01983981453016057
0,0,0.1076802017414767
1,1,0.9999977785150863
0,0,0.03205275368031503
0,0,0.0003602148388798526
0,0,0.03373228406313887
0,0,0.07080878864789034
0,0,0.03036957792052059
0,0,0.01268677992319182
0,0,0.15099262073460848
0,0,0.00014795155203537434
0,0,0.11829540919352806
1,1,0.9999974214555729
0,0,0.015737121461177523
0,0,0.0017558374968178758
0,0,0.3542473403665969
0,0,0.016046930120953144
0,0,0.0940868262109793
0,0,0.00450516549738056
0,0,0.010009575213658277
0,0,0.0389731640349921
0,0,0.01775971300533091
0,0,0.015073727542187223
0,0,0.009243659493630478
0,0,0.02159367776017124
0,0,0.013665935916090279
0,0,0.032991261695884164
0,0,0.033199596020218894
0,0,0.02923026780947351
0,0,0.0658925028513126
0,0,0.017557685766776444
0,0,0.014980418459914885
0,0,0.11167300027799366
0,0,0.012872027191679547
1,0,0.3209084419116302
0,0,0.11762040335200812
0,0,0.01107986004117078
0,0,6.141060878985647e-05
0,0,0.027251379968445715
0,0,0.40242295170865655
0,0,0.004573424358727121
0,0,0.08522311415371141
0,0,0.028719097267529727
0,0,0.0756208596353927
0,0,0.0020479721813883443
0,0,0.018887891188813077
0,0,0.0024581036476039974
0,0,0.015781737969616273
1,1,0.9977563332356854
0,0,0.02171053795283321
0,0,0.1821708691177716
0,0,0.04368696528219661
0,0,0.22209336076455813
0,0,0.003608700384291938
0,0,0.03241253856308392
0,0,0.004335475074261669
1,1,0.9999974214555729
0,0,0.0070209985305117765
0,0,0.03528266694734882
1,1,0.9840480608920004
1,0,0.29383191675356873
0,0,0.027791723403424735
0,0,0.041329745423837515
1,1,0.9999974214555729
0,0,0.0001918068475265952
0,0,0.05983022390628961
0,0,0.10616321734526658
1,1,0.9999977168367039
0,0,0.0010034523620941161
0,0,0.012456169030998679
0,0,0.007476293044712149
0,0,0.07323956994286811
0,0,0.005389405156218107
0,0,0.022956841276696376
0,0,0.027062997752298385
0,0,0.031777986859527596
0,0,0.00047793279926020953
0,0,0.25044622392116667
0,0,0.01491974658452772
1,1,0.9999967418747816
0,0,0.0414174036439225
0,0,0.11202688570355994
0,0,0.0010823897516901158
0,0,0.01438198997879234
0,0,0.045910569750835004
0,0,0.01822073286192187
0,0,0.015107792518560207
0,0,0.13283376592463716
0,0,0.009662584642011507
0,0,0.005855132764713286
1,1,0.9999967421133994
0,0,0.07668796363271249
0,0,0.19567675977022683
0,0,0.012765018505584763
1,1,0.6001662220842618
0,0,0.12595735779975942
0,0,0.021602002869133687
0,0,0.002050635242438232
0,1,0.5682735200816974
1,1,0.9999974214555729
0,0,0.006428605974508707
0,0,0.07575820033617886
0,0,0.02459905297215426
0,0,0.04494209183783295
0,0,0.05757276367243843
0,0,0.030021809992259934
0,0,0.011231673605436615
0,0,0.017224260750785786
0,0,0.29633148360918915
0,0,0.2471749209008276
1,1,0.9999967418747816
0,0,0.018553529900740426
0,0,0.12937662712608367
0,0,0.25619313536677657
0,0,0.021981271333501452
0,0,0.02671986562159734
0,0,0.005681545220608909
0,0,0.05336971827441955
0,0,0.020419806657296084
0,0,0.25044622392116667
0,0,0.000728450579581163
0,0,0.0013009938264574167
0,0,0.00807853429640901
0,0,0.002490028156859463
0,0,0.2597084352380437
0,0,0.005304907724950744
0,0,0.0028926813724459636
0,0,0.1571210952908436
0,0,0.006383526957679807
0,0,0.004796937465323563
0,0,0.03655241464949727
0,0,0.4188491837204882
1,1,0.9999974214555729
0,0,0.2903859748513684
0,0,0.01808613499168991
0,0,0.000275282919057953
1,1,0.9823075207760394
0,0,0.018832018271405116
0,0,0.1707322400809704
0,0,0.013332866606229692
0,0,0.004397200679794854
0,0,0.045497172424959126
1,1,0.9999962960084147
0,0,0.00682201896028849
0,0,0.0544721218086885
1,1,0.9999979498821073
0,0,0.014053159544896903
0,0,0.019959563096719906
0,0,0.162690793269805
1,1,0.9999964734721614
1,1,0.9999979498821073
0,0,0.0291069086751208
0,1,0.5131567507730159
0,0,0.013536424398409314
0,0,0.0008987478684489105
0,0,0.027071816892480536
0,0,0.0170032844468236
0,0,0.08988521998552243
0,0,0.003348838087283723
0,0,0.014731122457688806
0,0,0.003819367540206352
0,0,0.12313291534224113
0,0,0.004747454082676688
1,1,0.8895655010182898
0,0,0.017265360981296857
0,0,0.33979815489819737
0,0,0.06776610187884802
0,0,0.0366289514792487
0,0,0.00606308315757114
0,0,0.010287104925329672
0,0,0.030644823454068132
0,0,0.021600370855030252
0,0,0.04610610908368311
0,0,0.015688105877707324
0,0,0.03475001902485947
0,0,0.04848902378021925
1,1,0.9999910042340067
0,0,0.002252428356175558
1,1,0.9999977168367039
0,1,0.7577997661423369
0,0,0.011471260165702775
0,0,0.13261122817242538
0,0,0.030419993176503717
0,0,0.0007638113385516301
0,0,0.011985146640880693
0,0,0.045371775234596574
1,1,0.9999974214555729
0,0,0.11842188771563789
0,1,0.6490034377748649
0,0,0.45702870594244055
0,0,0.19001238645698193
0,0,0.039737708913169134
0,0,0.009066975155838817
0,0,0.004305911515295015
0,0,0.0131859345515772
0,0,0.11565166609655914
0,0,0.0567157579401973
0,0,0.09641503224012313
0,0,0.0033945437929544086
1,0,0.17967416273838374
1,1,0.9999986485205823
0,0,0.4109244341361847
0,0,0.006495250010119254
0,0,0.058437909160579185
0,0,0.018619255421960718
0,1,0.5134037912575372
0,0,0.07979552473625656
0,0,0.017778675606061143
0,0,0.04372250097949176
0,0,0.2713737659642977
0,0,0.053277461567362995
0,0,0.07972649721616001
0,0,0.21227821234464406
0,0,0.048441058185880015
0,0,0.0748105673494558
0,0,0.018240075194413185
0,0,0.026471380667851367
0,0,0.004509624259680746
0,0,0.030590638999314124
0,0,0.0604163340936881
1,1,0.9999967418747816
0,0,0.002844134794602445
0,0,0.006731252253128957
0,0,0.023572947951585894
0,0,0.15243118502624053
0,0,0.0032774117926983076
0,0,0.032384112030966326
1,1,0.7533180372274114
0,0,0.021764691203874937
0,0,0.11406200582530361
1,1,0.9999967418747816
0,0,0.01314650786511551
0,0,0.003311023185727598
0,0,0.02923862409913702
1,1,0.9956087766799241
0,0,0.03688979421964648
1,1,0.9999974214555729
0,0,0.04679888663506991
1,1,0.9999976650563936
0,0,0.06728985192756913
0,0,0.07430138367902274
0,0,0.0833188206671051
1,1,0.9999944141014446
0,0,0.05361245218847197
0,0,0.009385459112414282
0,0,0.19990337313055723
0,0,0.0002035002863229765
0,0,0.08775590336902565
1,1,0.9999944141014446
0,0,0.02386499567271709
1,1,0.9816906228728569
1,1,0.9420653350170679
0,0,0.2977019402040362
0,0,0.25973734163269274
1,1,0.9999973431607314
0,0,0.2647449145580616
0,0,0.024229616821094167
0,0,0.016473016189801126
1,1,0.9992084240104272
0,0,0.013262715181802599
0,0,0.14582506318516045
0,0,0.00013165542556466844
0,0,0.00643507574734685
0,0,0.013875337577991103
0,0,0.06367969466197874
0,0,0.0894571463314283
0,0,0.012516380489115981
1,1,0.9999964734721614
0,0,0.055681102083669984
0,0,0.0005481732016165387
0,0,0.03553235661846213
0,0,0.0011705787206249992
1,1,0.9999964734721614
0,0,0.34243513489793326
1,1,0.999998765996982
0,0,0.050346684787671805
0,0,0.004699965466357029
0,0,0.0010739548269374712
0,0,0.005329107004732108
0,0,0.020910275402706742
0,0,0.08254170014617752
0,0,0.017277657652478504
0,0,0.00040559186674447964
0,0,0.01740448291336038
0,0,0.055771396813308734
0,0,0.42196945710146183
1,1,0.850006358357566
0,0,0.0030532312832601115
0,0,0.03223963899890517
0,0,0.4488610338842254
0,0,0.08002517559372328
0,0,0.060560027506775894
0,0,0.007220459492502074
0,0,0.0015769348060796198
0,0,0.013316564093107212
1,1,0.9978588784006276
1,1,0.9999986485205823
0,0,0.03126338350995103
1,1,0.9787556601132572
0,0,0.2863879465835791
0,0,0.024589575017091872
0,0,0.021035596877161725
1,1,0.9999977168367039
0,0,0.00966457485108625
0,0,0.0005329307209045287
0,0,0.0018551796378519871
0,0,0.0011867977181919324
1,0,0.24555287880154783
0,1,0.6454193259606512
0,0,0.00024093140443905495
1,1,0.999995874961105
0,0,0.05152461496673598
0,0,0.02889937931989747
0,0,0.053980186493785436
0,0,0.005395880774688221
0,0,0.004569353582529236
0,0,0.37650359408843415
0,0,0.014382344301712821
0,0,0.0010003804111076392
0,0,0.01592576412397197
0,0,0.019442327964191184
1,1,0.9978588784006276
0,0,0.06447828458672682
0,0,0.0007564821776160983
1,0,0.28079691239149024
0,0,0.0031925414768355902
0,0,0.006009540309758841
0,0,0.04657640696734735
0,0,0.09757399941607628
0,0,0.0056231141394710756
0,0,0.2075789798564825
1,1,0.9999977168367039
0,0,0.004711549148304016
0,0,0.011422089953428626
0,0,0.027919245938720545
0,0,0.04732231204440876
0,0,0.035519981181753146
0,0,0.07266987123510338
1,1,0.9999964734721614
0,0,0.01687628189008566
0,0,0.0030379436136270433
1,1,0.823329935560928
0,0,0.13475611622857736
0,0,0.013388303248817603
0,0,0.2258296432562713
0,0,0.25044622392116667
0,0,0.042332411529616976
0,0,0.02125153169189758
0,0,0.499108613195327
1,1,0.649805306707971
0,0,0.03127037994764
0,0,0.1959023249432837
0,0,0.007841449297350015
1,1,0.9999974497694413
0,0,0.05597370499182158
0,0,0.007304785931486967
0,0,0.052721074981168736
0,0,0.011275220113714655
0,0,0.032931664519146586
0,0,0.018553529900740426
0,0,0.3457820757768448
0,1,0.675170211623668
0,0,0.0914346240399733
0,0,0.005094317546100254
0,0,0.15584532993497338
0,0,0.046949984641044475
0,0,0.0011503858622481653
1,1,0.9999974214555729
0,0,0.14611584501217534
0,0,0.02546824505940423
0,0,0.00030812174871405464
0,0,0.01428489374947093
1,1,0.9999977168367039
0,0,0.01640047272468218
0,0,0.028183948848307484
0,0,0.25044622392116667
0,0,0.054994589723710324
0,0,0.11221382903027577
0,0,0.007178001777671477
0,0,0.042422690851001775
0,0,0.02375335226221708
0,0,0.011933040274574423
0,0,0.014487587508095605
1,1,0.5899342990960709
0,0,0.009201899658390399
0,0,0.004858371062570055
0,0,0.03919337175048958
0,0,0.1700329096822263
0,0,0.059341309665215995
0,0,0.15107870346806596
0,0,0.003710802286536889
0,0,0.008172102926500027
0,0,0.04509992470717022
1,1,0.9999967418747816
0,0,0.0015034109425347809
0,0,0.023318877759315806
0,0,0.03284542173716909
0,0,0.034758438778321764
0,0,0.04968237539253328
0,0,0.23809206644768047
1,1,0.9999977168367039
1,1,0.9110823097748469
0,0,0.0011608016502299182
0,0,0.010895367183963478
0,0,0.1242996213282284
0,0,0.014594446759636032
0,0,0.10419312156167047
1,1,0.9999977168367039
0,0,0.027489008738414582
0,0,0.03607136404314713
1,0,0.3200876577799753
0,0,0.14455286818217275
0,0,0.02027134685499008
0,0,0.002427140662695376
0,0,0.009747550021235707
1,1,0.9997652930410452
0,0,0.03068755671195039
0,0,0.10895042375451966
0,0,0.0005086041143522314
0,0,0.081186878998165
1,1,0.9460283164369474
0,0,0.11234648401761675
0,0,0.005871221109670066
0,0,0.008620674002463795
0,0,0.021460697854971948
1,1,0.9999966804291738
0,1,0.5015497059642534
0,0,0.006422363741395182
0,0,0.22598963289947083
1,1,0.9980098200643922
0,0,0.023485296851650406
1,1,0.9999986485205823
0,0,0.0007888833719985238
0,0,0.46818599205828687
0,0,0.3770547207828774
1,1,0.999998765996982
0,0,0.012933083280649875
0,0,0.014663921597279337
0,0,0.007294999280496539
0,0,0.00011643496203877523
0,0,0.005289039172668172
0,0,0.16577704997575113
0,0,0.027228377080423916
1,1,0.9999974214555729
0,0,0.07562043462234654
0,0,0.06839080380453587
0,0,0.097708008244993
0,0,0.16837634480602354
0,0,0.07092593233716435
0,0,0.07620680777030114
0,0,0.06217017909212657
0,0,0.04427923684328411
0,0,0.030410479518862273
0,0,0.029619664889742388
0,0,0.013767530824003015
0,0,0.0007960570006943713
0,0,0.013889527818468726
0,0,0.0006590543474475348
0,0,0.028957337321385446
0,0,0.03944682731216908
0,0,0.4246557930912566
0,0,0.21480601192034618
0,0,0.3618442755247306
0,0,0.028780640361168064
0,0,0.1317696500803511
0,0,0.0625337526263898
0,0,0.084069307400315
0,0,0.2772060912940177
0,0,0.19469736295550175
0,0,0.06083261980281956
0,0,0.1909576238185829
0,0,0.007592883180784729
0,0,0.007158832501025609
0,0,0.019914473464546834
0,0,0.046515702761696684
0,0,0.0912380878092825
0,0,0.002954562311318309
0,0,0.0076393096844612944
1,1,0.9916702741991117
0,0,0.011349610772631595
0,0,0.015574572265297041
0,0,0.22612747746301728
1,1,0.9999974214555729
0,0,0.03622018800098505
0,0,0.06863633170518647
0,0,0.008313092589042332
0,0,0.014933623680732637
0,0,0.03896978375074873
0,0,0.005947826600487138
0,0,0.0032159200591521395
1,1,0.9999979498821073
0,0,0.0129964722792787
0,0,0.00014863784820348525
0,0,0.00528898041911705
0,0,0.014665805084936225
0,0,0.17150024698650182
0,0,0.00032173545344382645
0,0,0.010636892864763409
0,0,0.04736746303395944
0,0,0.04600524918462189
0,0,0.014562437024083231
0,0,0.10759803945826235
1,1,0.9999979498821073
0,0,0.05260822045405246
0,0,0.06044438937229801
1,1,0.5663250553957897
1,1,0.9914129008906055
0,0,0.09845214417197691
0,1,0.6673951848770923
1,1,0.9999967418747816
0,0,0.01005496211582216
0,0,0.16940109532925485
0,0,0.0822423915899764
0,0,0.19985153495111588
0,0,0.030730579786205567
0,0,0.0277166313198279
1,1,0.9999979498821073
0,0,0.0001364712780208632
0,0,0.40516602935359247
0,0,0.007950458659400259
0,0,0.06294787813298798
0,0,0.15516599626448435
0,0,0.011476587991823101
0,0,0.2234462142094467
1,1,0.9999986485205823
0,0,0.023824607761561905
1,1,0.9706236813686907
0,0,0.022155889342907263
0,0,0.027500266479136858
0,0,0.09509894034812712
1,1,0.9999977168367039
0,0,0.013300830289710004
0,0,0.06999175223834153
0,0,0.025020040180413962
0,0,0.03505762523793745
0,0,0.015965607735793693
0,0,0.031247026542755123
0,0,0.13250434631352823
0,0,0.06336517191006508
1,1,0.9999944141014446
0,0,0.0025122686413232135
0,0,0.05429026234589517
0,0,0.4901426064311117
0,0,0.017192307816387226
0,0,0.0018493926759537802
0,0,0.024307158060535735
0,0,0.15187218263830635
0,0,0.0142229513836378
0,0,0.0037159660741139747
0,0,0.0126670108663376
0,0,0.03169560117179717
0,0,0.09572036490653746
0,0,0.15408329817017893
0,0,0.010698418847356044
1,1,0.9999974214555729
0,0,0.002595985672906954
0,0,0.02898186033970489
0,0,0.014432881135430299
1,1,0.7275261401328048
0,0,0.0722442793991564
1,0,0.25298381976135687
0,0,0.25277832078048906
1,1,0.9071128831717677
0,0,0.004646343577097968
0,0,0.4222098422702511
0,0,0.00752130839719835
0,0,0.1504235000925618
0,0,0.0010817150364851793
1,1,0.9999986485205823
0,0,0.006441788761965513
0,0,0.023840939204222956
1,1,0.719194982296099
0,0,0.2876306747493095
0,0,0.12457927562146195
1,0,0.06115948643208212
1,1,0.9999974214555729
0,0,0.037730226084839565
0,0,0.4181476811973013
0,0,0.3085440285330547
0,0,0.009651841374545667
0,0,0.04546341895152197
0,0,0.19353946045225948
0,0,0.008249504341865957
1,1,0.9999974214555729
0,0,0.04166972104930654
0,0,0.2930214418187681
0,0,0.0008611574871502698
0,0,0.018498128204350168
0,0,0.3043090973390767
0,0,0.0984398134710999
0,0,0.01663328903434587
0,0,0.03497632639293029
0,0,0.010895131103101283
0,0,0.03984631632918121
1,1,0.9999863014508135
0,0,0.015150070272737057
0,0,0.0019683519477471626
0,0,0.004951073594584985
0,0,0.021407706344496544
0,0,0.19467821810570057
0,0,0.09160331951533997
0,0,0.023796342088156845
0,0,0.050162914319904446
0,0,0.2392088672649543
1,1,0.9999974474866807
0,0,0.011673377215701166
0,0,0.015513192895215099
0,1,0.6948903949097768
0,0,0.10272830392638098
0,0,0.06801368227120769
0,0,0.004526673159057073
0,0,0.06583704253627354
0,0,0.09002461135695487
0,0,0.023758929573319362
0,0,0.03327506609948264
0,0,0.002410134322211121
0,0,0.004717704930570862
0,0,0.056361682745356925
1,1,0.9187822971950825
0,0,0.14720663182997795
0,0,0.002890625252214647
0,0,0.022733010842870164
1,1,0.9999967418747816
0,0,0.0011508723445399092
0,0,0.2384878952680513
1,1,0.9999964734721614
0,0,0.0052645241140893495
0,0,0.006397681573159724
0,0,0.031994853927800125
0,0,0.027160302309161923
0,0,0.23503959243290967
0,0,0.010722861737740333
0,0,0.013385701841120775
0,0,0.06642492577237658
0,0,0.04163061326580028
0,0,0.0035400842019095657
0,0,0.034661569851493615
0,0,0.03468596967786255
0,0,0.01154057968826113
1,1,0.999915564608854
0,0,0.09578972553722472
0,0,0.1538150652464219
0,0,0.19029038928262906
0,0,0.040594608051920854
0,0,0.04089560840454384
0,0,0.0623953329224876
1,1,0.5773002477342811
0,0,0.07473932806280624
0,0,0.012646055726313976
0,0,0.024534964225115516
1,1,0.9999974214555729
0,0,0.11151921388296575
1,1,0.9826144247192133
0,0,0.005971450004615885
0,0,0.06923612450081501
0,0,0.008564328482405941
1,1,0.9348131946410869
1,1,0.8008942228677828
1,1,0.999915564608854
1,1,0.5434113203212725
0,0,0.027866746524160227
0,0,0.02513712739885609
1,1,0.9999944141014446
0,0,0.031653076178554465
0,0,0.05718452590382693
0,0,0.04630616413830687
0,0,0.017066141535611295
0,0,0.08260629336075512
0,0,0.015796290586245328
0,0,0.3755800826813272
0,0,0.05182966708341243
0,0,0.2180086447051541
0,0,0.014300001591581247
0,0,0.05335410830529603
0,0,0.020769649192211758
0,0,0.012873619023809953
0,0,0.019814597784161374
0,0,0.028477223118500945
0,0,0.1249808014065985
0,0,0.00025142772171216803
0,0,0.053420180116399825
0,0,0.020769649192211758
0,0,0.004903948565967598
0,0,0.014852535106859186
0,0,0.0015005853770548433
0,0,0.0006243625510996406
1,1,0.9999976198535029
0,0,0.059071834399421985
0,1,0.7041159752221846
0,0,0.0854507555528628
0,0,0.006057733363401751
0,0,0.07249623103662861
0,0,0.005532006885076163
0,0,0.09514571251751751
0,0,0.03305195447431548
1,1,0.7215709611107951
0,0,0.006032250460696663
0,0,0.008365833251591378
0,0,0.2622689145229505
0,0,0.22593262604584788
0,0,0.03230071796554915
0,0,0.005325693074407407
0,0,0.2818592495769256
1,1,0.999997854936797
0,0,0.009111996376415984
0,0,0.047386636366154346
1,1,0.8177218023617521
0,0,0.25044622392116667
1,1,0.9999966804291738
0,0,0.058193540382066256
0,0,0.004882150600140721
0,0,0.020724851507543877
0,0,0.09043348543214016
0,1,0.673078205762263
0,0,0.02558609142854405
0,0,0.011971408441498207
0,0,0.00379229042918955
1,1,0.9999728399860806
0,0,0.005272327680602539
1,1,0.9999976650563936
0,0,0.19840975873868438
0,0,0.010540660772384683
0,0,0.004950326877060487
0,0,0.013960840474390421
0,0,0.03192814949278042
0,0,0.0010232260178430989
0,0,0.012230161637867004
0,0,0.003077358736052615
0,0,0.0042877449243091436
0,0,0.18142373739746007
0,0,0.005786594279274799
1,1,0.9999967418747816
0,0,0.0022783147145586224
0,0,0.0033735944627871625
0,0,0.008086095532551197
0,0,0.06803709846725843
0,0,0.06664168658172345
0,0,0.013579232515346826
0,0,0.003040390861365914
0,0,0.03723335192489514
0,0,0.30663444814112767
1,1,0.9999094556934308
1,1,0.999998765996982
1,1,0.8619814426692191
0,0,0.005684083437946059
0,0,0.05437245394169691
0,0,0.023980907404620416
0,0,0.006824371293426845
1,1,0.9999977168367039
0,0,0.006579503841446795
0,0,0.0011062004109739648
0,0,0.08448904363249013
0,0,0.12091249530568694
0,0,0.10736294950916084
0,0,0.4895430321515966
0,0,0.16029576341291976
0,0,0.04093330388488739
0,0,0.032780081282025
0,0,0.060793096490104
0,0,0.00076270515696845
0,0,0.012748390350444614
0,1,0.5775137107009355
1,1,0.9891605359475113
0,0,0.0730620044281634
0,1,0.622628346244947
0,0,0.037229051753445534
0,0,0.3468823580846219
0,0,0.38717786150530337
1,1,0.9999966804291738
0,0,0.31420389378194485
0,0,0.06620801256572938
0,0,0.019183658329247465
0,0,0.08804897973206913
1,1,0.9999977168367039
0,0,0.19126682941493672
0,0,0.0008682117244903249
0,0,0.007794421299659275
0,0,0.00029606380451364277
0,0,0.02799467290870712
0,0,0.0511796180579751
0,0,0.0006061047696632267
0,0,0.041213314002249424
0,0,0.02033378466893162
0,0,0.12258160691536502
0,0,0.05535340954730997
0,0,0.02770447041757712
0,0,0.0209043858583163
0,0,0.010493540736044636
1,1,0.9999974214555729
0,0,0.06940102633804739
0,0,0.03832354490216617
0,0,0.03665653892545219
0,0,0.019236284928926994
0,0,0.0012629272476696687
0,0,0.10162495938347434
0,0,0.047760145081227
0,0,0.0005175400066840888
1,1,0.9999974214555729
1,0,0.11335541572864989
0,0,0.04784999432996505
0,0,0.005685234515502012
0,0,0.07564219868602493
0,0,0.1755958077894416
0,0,0.019568846447001364
0,0,0.02380651209111594
0,0,0.2928513392434142
0,0,0.0025470787407844138
1,1,0.9999957586278144
0,0,0.02558320239060681
0,0,0.0267862279037959
0,0,0.2316828367606828
0,0,0.18212238100571365
0,0,0.06662063353607953
0,0,0.04069011743521055
0,0,0.012344039254649873
0,0,0.01684489930077745
1,1,0.999995874961105
0,0,0.02358985601461705
0,0,0.02343143467976808
0,0,0.014435216699856122
0,0,0.002683237702313814
0,0,0.04561888644939382
0,0,0.02981581313342317
1,1,0.7024037342645036
0,0,0.005942094037882213
0,0,0.3122719867978297
1,1,0.9827960948704509
0,0,0.007993464200959087
1,1,0.9999977168367039
0,0,0.13511572962459045
0,0,0.00043275680431994606
1,0,0.05281525194404918
0,0,0.0408199176080506
1,1,0.9999094556934308
0,0,0.001578277586592314
1,1,0.9911961287324415
0,0,0.007433463072009784
1,1,0.5878988637583746
1,1,0.9999974214555729
0,0,0.021471969936724178
0,0,0.0567707746484277
0,0,0.15493371029067265
0,0,0.057508810112667515
0,0,0.12439960079677562
0,0,0.0010438339076542134
0,0,0.10676058059300614
0,0,0.055101923419565976
0,0,0.0023402732462552223
0,0,0.38621938440654074
0,0,0.01924786189821195
0,0,0.012230161637867004
0,0,0.005910300076745488
0,0,0.00343921413696041
0,0,0.01849249399119848
0,0,0.0281346133467105
0,0,0.008261015215200227
0,0,0.006142563041982279
0,0,0.0223938177283963
0,0,0.06100898137292745
1,1,0.9999966804291738
0,0,0.006700993184345468
1,1,0.9999966804291738
1,0,0.35134474113720976
0,0,0.11149067779882338
1,0,0.33998462861158146
0,0,0.004767849180243067
0,0,0.019119209030633116
1,1,0.9376940189031098
0,0,0.04143870249571279
0,0,0.03327506609948264
1,1,0.9819968936554707
0,0,0.09163916956113541
0,0,0.005849150394090515
0,0,0.26943031470602996
1,0,0.019557623049499723
0,0,0.0987670136418367
0,0,0.06909457792208981
0,0,0.27310134570597633
0,0,0.0023655427221227344
0,0,0.013259359150625205
0,0,0.004408416591533498
1,0,0.14697769207916003
1,0,0.1967948946363744
1,1,0.9826144247192133
0,0,0.2823720925142248
0,0,0.4384394338013311
0,0,0.00277574729045076
0,0,0.0014251319536427534
0,0,0.01459009974230519
0,1,0.5958244149353271
0,0,0.02040715353817231
0,0,0.007880066003878519
0,0,0.20303879568074065
0,0,0.20226541129145337
1,1,0.8028386844883831
0,0,0.1542462291690579
0,0,0.2124725298664207
0,0,0.003411966355455738
0,0,0.026086540863134246
1,1,0.9999967421133994
0,0,0.0012472158015662514
0,0,0.013372806511152772
0,0,0.2326268896977114
0,0,0.004142099110254668
0,0,0.03379318854004194
1,1,0.5682407526029472
1,1,0.9999202191461362
1,1,0.9909608094892726
0,0,0.0016781399405018413
0,0,0.009519642177980646
0,0,0.00977745674056071
1,0,0.14091851010138132
0,0,0.0036462183232655715
0,0,0.007222339264287243
0,0,0.021021032384958505
0,0,0.038440239936472755
0,0,0.033546655678910145
1,1,0.9353236267817592
0,0,0.00264851941279733
0,0,0.030642965225438554
0,0,0.016607253119209693
0,0,0.03799582719594758
1,0,0.06539321085341383
0,0,0.008172102926500027
0,0,0.015219619148961456
0,0,0.005571568972932623
1,0,0.006600331413600852
0,0,0.025360364657711666
0,0,0.4549237215723787
0,0,0.05697655857448463
0,0,0.003495372588997326
0,0,0.0009216252817836343
0,0,0.013961255761984684
0,0,0.03816483730606192
0,0,0.04101430136437555
0,0,0.07506692662164774
0,0,0.047327458007715345
0,0,0.011255096702751786
0,0,0.0681653529339268
0,0,0.01111043725697418
0,0,0.015737382454044276
1,1,0.8198405958694781
0,0,0.0004113498533672478
0,0,0.4223544896176279
0,0,0.0008648743267673993
0,0,0.05633573352424553
0,0,0.05585495100489303
0,0,0.02454812415199358
0,0,0.09284374087317522
0,0,0.16664858950808076
0,0,0.4806658831790986
0,0,0.004503727508550509
0,0,0.015541833105427942
0,0,0.10110710577143817
0,0,0.019530666930137736
0,0,0.027986811743658236
0,0,0.03180830258532931
0,0,0.0050784289127336615
0,0,0.040868045337694434
0,0,0.00025068520925441734
1,1,0.6507574270694123
0,0,0.034996664820172635
0,0,0.09921669284752681
0,0,0.16540620825191138
0,0,0.0018316150375804832
0,0,0.00555306390890195
1,1,0.9999974214555729
0,0,0.0008783983538565457
0,0,0.3664101946137021
1,1,0.9522432594120724
0,0,0.11588383303863412
1,1,0.9999974214555729
1,1,0.8333403505043969
0,0,0.03218117712961997
0,0,0.03779072001559996
0,0,0.20391118496279304
0,0,0.011028097435907021
1,1,0.9875725361413703
0,0,0.023215212860908864
0,0,0.0571624091980529
0,0,0.03818755638751855
0,0,0.010659949011212278
0,0,0.00040559186674447964
0,0,0.05141497061508655
0,0,0.013527691238091537
0,0,0.0641890797693102
0,0,0.07660145751219549
0,0,0.010956532455086819
0,0,0.25040767735394254
0,0,0.01728732666619189
1,1,0.7838204479280454
1,1,0.9923834573437808
0,0,0.027584680842566277
0,0,0.0034450667454780804
0,0,0.053568843890975486
0,0,0.024154405542406828
1,1,0.9999977168367039
0,0,0.38621938440654074
0,0,0.02754988564728523
0,0,0.06011397167351049
0,0,0.20543367443378052
0,0,0.033211889217706195
0,0,0.0027045290788815404
0,0,0.012322014530835285
1,1,0.8966119197508331
0,0,0.09788092160606868
0,0,0.011017040549181612
0,0,0.0010519957842999757
0,0,0.028178198341960833
0,0,0.0564796756405131
0,0,0.12502790507260625
0,0,0.0047581263615735815
0,0,0.09964315333264913
0,0,0.09711171579286562
0,0,0.3234339757499142
0,0,0.23424918345033893
0,0,0.0002028221078452905
1,1,0.9839810144823126
1,1,0.9999974214555729
0,0,0.22128677944226194
0,0,0.000427884110969368
0,0,0.008201847690922762
0,0,0.00749604190618713
0,0,0.013659243394793007
0,0,0.006461154628396928
0,0,0.028545082374058624
0,0,0.0023882845295999924
0,0,0.003797970982353093
0,0,0.05995318271149513
0,0,0.06399342278302259
0,0,0.0103260964088419
0,0,0.010583380562510422
1,1,0.9999979498821073
1,1,0.9999966804291738
0,0,0.05080627294125035
0,0,0.02842719988554559
0,0,0.02130051726919375
0,0,0.09871908652068087
0,0,0.25111379469477724
0,0,0.025926499819168374
0,0,0.3085440285330547
0,0,0.01739172106641077
0,0,0.024872337298140545
1,1,0.9999977168367039
0,0,0.2570678392929606
0,0,0.012961192389927444
0,0,0.003968388401744698
0,0,0.022997547723444835
0,0,0.058766181601044506
1,0,0.37711131797093783
0,0,0.049794448735484116
0,0,0.007595354177108416
0,0,0.04077306566099616
0,0,0.031986451270082664
0,0,0.032299638290972585
0,0,0.09863323811554603
0,0,0.1852665201977677
0,0,0.014995767976766253
0,0,0.00264851941279733
0,0,0.03202941687331848
0,0,0.34915640878741017
0,0,0.020862223616311723
0,0,0.004174085126712316
0,0,0.04376027788876474
0,0,0.056971940475224386
1,1,0.6269207913711863
0,0,0.03690049344841389
0,0,0.018213707627053453
0,0,0.04846292361748155
0,0,0.05723915934525175
0,0,0.10300317584675743
0,0,0.021793627020121553
0,0,0.25044622392116667
0,0,0.2147757477585335
0,0,0.018681534976787578
0,0,0.005452482513558451
0,0,0.17155628234694986
0,0,0.08688499022744504
0,0,0.050526612244401775
1,1,0.9999962623084329
0,0,0.07291257048650154
0,0,0.08693660616709903
0,0,0.00132510664458269
1,0,0.3138940139478346
1,1,0.9954130529371016
1,1,0.9999967418747816
1,1,0.9543027272001499
0,0,0.2752887572850995
1,1,0.9999966804291738
0,0,0.0257861828006729
0,0,0.032948174466502514
1,1,0.9921532701354672
0,0,0.0010645171464580597
0,0,0.003962061111568789
0,0,0.011605513750023768
0,0,0.008172102926500027
0,0,0.002498741391679388
0,0,0.015392033881189262
0,0,0.0596452173951997
0,0,0.009753557288647057
0,0,0.0010451996825776488
0,0,0.16011093206856872
0,0,0.008837034673941256
1,1,0.999995874961105
0,0,0.0029202221570271457
0,0,0.07303581115208875
0,0,0.03564320737346961
0,0,0.009344029465502154
0,0,0.021711872712847736
0,0,0.052511899390575045
0,0,0.0574186184989001
0,0,0.09618877230967503
0,0,0.030523935835732107
1,1,0.9999967418747816
0,0,0.008702654894267933
0,0,0.0423601242521781
0,0,0.19635790938828723
0,0,0.02940301529546551
0,0,0.06912172185694733
0,0,0.3447948104177196
0,0,0.11450752041865404
0,0,0.04117334591327915
0,0,0.015681049037196065
1,1,0.9152420899336416
0,0,0.014603727529154158
0,0,0.014191823941960892
0,0,0.029636204498558295
0,0,0.07780119627489539
0,0,0.34400094800276404
0,0,0.009136364297423753
0,0,0.13178701537962018
0,0,0.22989133116832136
0,0,0.054441285333108706
0,1,0.615995928029548
0,0,0.06416585528185145
0,0,0.00012463172456104522
0,0,0.020259345304321316
0,0,0.0060504811478177935
0,0,0.10607722543390342
0,0,0.022799960260383813
0,0,0.0019126429122125043
0,0,0.15501390822795463
1,1,0.9560529818988827
0,0,0.016633612803380354
0,0,0.0014574128887920635
0,0,0.021831802661456953
0,0,0.016193316656494122
0,0,0.1704090110096332
0,0,0.0018271470821487879
0,0,0.00782553453544344
0,0,0.11612900040855449
0,0,0.005328440834516735
0,0,0.006609710828426019
1,0,0.3921770473201972
0,0,0.010372821052889747
0,0,0.031241863629554167
0,0,0.0005057989594809873
0,0,0.046586786223242534
0,0,0.013777650008106775
0,0,0.24764881664096536
0,0,0.01633872328399573
0,0,0.012772507988769548
0,0,0.001211871868494645
0,0,0.02970298454282017
0,0,0.006233772077719092
1,1,0.9999966804291738
0,0,0.017444112747932686
0,0,0.0029015830065488566
0,0,0.0017402473024892742
0,0,0.04120514984687394
1,1,0.9999978627980848
0,0,0.22068451653371937
0,0,0.007381257716437525
0,0,0.030257583804594194
0,0,0.015000458101327344
0,0,0.006912638337465886
0,0,0.007690657693987233
0,0,0.00163583460428591
0,0,0.03234950896379376
0,0,0.12836889641061572
1,1,0.8564211313078166
0,0,0.01668801681503433
0,0,0.005930325300585089
1,0,0.36751861536490543
0,0,0.06816773583116172
0,0,0.1538724594473447
0,0,0.019422164108881444
0,0,0.4015929743937776
0,0,0.020940031199121203
0,0,0.007982457803718987
0,0,0.2190730391640941
0,0,0.035615537073099605
0,0,0.02989776745086973
1,1,0.974477823963614
1,1,0.9999966804291738
0,0,0.34108018535734924
0,0,0.04752734813465277
0,0,0.00752130839719835
1,1,0.9964490681636338
0,0,0.06665228658897754
0,0,0.00779195593030721
1,1,0.9999977168367039
0,0,0.003278504817029768
0,0,0.026086540863134246
0,0,0.02920893893137454
0,0,0.056504792056150596
0,0,0.00013404847615510656
0,0,0.0001808040577852057
1,1,0.9999974474866807
1,1,0.9999962623084329
0,0,0.13426829840356835
1,1,0.9998908874303433
0,0,0.15869719004770205
1,1,0.9861053420260089
0,0,0.016821716356351487
0,0,0.00467476041050299
1,1,0.9999974214555729
1,1,0.9999966804291738
0,0,0.0007960570006943713
0,0,0.021411183153595387
0,0,0.016707569344567637
1,1,0.8760732227151432
1,1,0.999998765996982
0,0,0.041583082158087724
0,0,0.029867328742223448
0,0,0.012025109394129483
0,0,0.04133850334831383
0,0,0.25606748100098814
0,0,0.0063838058268332
0,0,0.12204127728818946
0,0,0.003394633787803863
1,1,0.9999977168367039
0,0,0.16307788540802912
0,0,0.03212234452363531
0,0,0.007280683698599787
0,0,0.017926124143653323
0,0,0.26208677407337294
0,0,0.12938702452682174
0,0,0.0044522476661592375
0,0,0.0029302665052206587
0,0,0.14116622324605596
0,0,0.018855841407480447
0,0,0.37650359408843415
0,0,0.005912348275673784
0,0,0.073470924436878
1,1,0.9999989875016777
0,1,0.5977234935434954
0,0,0.005244329289533326
0,0,0.022627974983880843
0,0,0.007588281658888037
0,0,0.21535766139925058
0,0,0.013260113392595385
0,0,0.06372417367269335
0,0,0.1881546212615251
0,0,0.007239077451808961
0,0,0.0184590226038201
0,0,0.028812980226179286
0,0,0.016863020661414964
0,0,0.04819953925404832
0,0,0.0064866696491407295
0,0,0.45388649358788696
0,0,0.01871483673345737
0,0,0.0024358645423532325
0,0,0.017599008696689206
1,1,0.6659494119815613
0,0,0.014986280297746065
0,0,0.02733136246057689
0,0,0.00014973292403588256
1,1,0.9058636383055189
0,0,0.001734330009079405
0,0,0.011036657701539911
0,0,0.0031880521490255326
0,0,0.08742152316058245
0,0,0.12384504518760124
1,1,0.9804928431450258
0,0,0.024027640069802274
0,0,0.02601037498629757
0,0,0.01906108093207841
0,0,0.003576789466435733
0,0,0.007239550956642959
1,1,0.9999966804291738
0,0,0.055588131315257555
1,1,0.999998765996982
1,1,0.9999966804291738
0,0,0.00021670599529685034
0,0,0.04478368404418469
1,0,0.18729911781327574
0,0,0.02592269266720953
1,1,0.5881127256104561
0,0,0.08210197673156347
0,0,0.005986490234139879
0,0,0.013334768232256565
1,1,0.5529547575249828
0,0,0.14865767060059443
0,0,0.3932407750896977
0,0,0.42133841086687746
1,1,0.9999979498821073
0,0,0.04507520795675733
0,0,0.0035046946852705365
0,0,0.0038522591851200875
0,0,0.25105819651241995
0,0,0.01077020312299023
0,0,0.046111861690598784
0,0,0.15107870346806596
1,1,0.8166191945252774
0,0,0.012701720279233828
0,0,0.017132699339426113
0,0,0.09560301093877338
1,1,0.9999982935068383
0,0,0.0003677063454809417
0,0,0.005176500095124658
0,0,0.02244612612081603
0,0,0.003954724722030161
0,0,0.023192268180388186
0,1,0.7829857946900018
1,1,0.9958040034728817
1,1,0.9999979498821073
0,0,0.0032301709868620644
1,1,0.9999808399431727
0,0,0.02259482021170116
0,0,0.11381808735902134
0,0,0.03267913304337322
0,0,0.016437930388770665
0,0,0.016703889514724922
0,1,0.5333660725328918
0,0,0.11928036374175843
0,0,0.11008293796428233
0,0,0.06903372451194278
1,1,0.8917411766101319
0,0,0.008158816532948197
0,0,0.0801197808432191
0,0,0.05318120484999945
1,0,0.2736793013004606
1,1,0.9999957814087109
0,0,0.24842825760309098
0,0,0.1902193394343614
0,0,0.09937205772560563
1,1,0.9999966804291738
0,0,0.08269126087768736
1,1,0.9999989875016777
0,0,0.0024832454301055417
1,1,0.9999966804291738
0,0,0.0160336880357965
0,0,0.0064285335797186535
0,0,0.00309007409217215
0,0,0.08276888227895829
0,0,0.11608892051394293
1,1,0.9999976650563936
0,0,0.010696721304787653
0,0,0.04696265511692526
0,0,0.02108720965988417
0,0,0.034348197001466955
0,0,0.047619972862141285
1,1,0.9308439508930219
0,0,0.0386368622648533
0,0,0.16456849925446823
0,0,0.007050514121727424
0,0,0.00013367472808348182
0,0,0.02261215433380557
0,0,0.17348006998034252
0,0,0.035594499400069556
0,0,0.0037079456850439524
0,0,0.00046013192029727726
1,0,0.25228529727117344
0,0,0.3085440285330547
0,0,0.003083072047102903
0,0,0.008348037009190746
0,0,0.10574855042993228
0,0,0.01803987285800535
0,0,0.002747359750285308
0,0,0.07611731297278436
0,0,0.002477008751635986
0,0,0.0012899678823603286
1,1,0.5339855406077247
0,0,0.07994347510798164
0,0,0.05198042353654657
0,0,0.0012831847789969925
0,0,0.00628938406825253
0,0,0.011796073564632345
0,0,0.0552900560953364
0,0,0.08121941498810953
0,0,0.0008395455942692337
0,0,0.060207700056372146
0,0,0.014885253715572698
0,0,0.03966375996373642
0,0,0.05833631525135467
1,1,0.9999977168367039
0,0,0.002303028676622439
0,0,0.06359288191509008
0,0,0.06811092302096562
0,0,0.025730784454104927
0,0,0.04559153889335353
1,1,0.9977606784001866
0,0,0.00794356481258207
0,0,0.09870965204032721
0,0,0.0030121855927101975
0,0,0.042081165059693025
0,0,0.0023047737592122052
0,0,0.0012115883419239447
0,0,0.016197147619466647
0,0,0.17939831543915186
0,0,0.01254448205607895
0,0,0.0038524694787726043
0,0,0.022950141675620067
0,0,0.038635926790674055
0,0,0.01883174042824015
1,1,0.7644419258315678
0,0,0.06713299457387642
0,0,0.0013015126594214407
1,1,0.9065169427997755
1,1,0.971657034256792
0,0,0.0034455623805080566
0,0,0.0013225798258850038
0,0,0.021435113719344052
0,0,0.003030084125314776
0,0,0.025680180085985438
1,1,0.9999976198535029
0,0,0.007555069825136365
0,0,0.020139667467236895
0,0,0.022029221843308223
0,0,0.0012039330206434573
0,0,0.058407343868505386
0,0,0.05691237179673979
1,1,0.9999962625821728
0,0,0.0004449109235101804
0,0,0.01949101989392054
0,0,0.3685303555249212
0,0,0.08251780852389
0,0,0.007229278737239506
0,0,0.028017773911258387
0,0,0.22009154729787309
0,0,0.024820137318160535
0,0,0.003858343768772851
0,0,0.015749414496466514
0,0,0.09578972553722472
0,0,0.0064842674551484
0,0,0.011285266984618568
0,0,0.0057417380379647465
0,0,0.049586385809441524
0,0,0.00024401027322823828
0,0,0.0008964421750475049
0,0,0.09461178101072615
0,0,0.03729722553250548
0,0,0.1949767358862368
0,0,0.05760578843079654
0,0,3.056599678283264e-05
0,0,0.11526790689397619
0,0,0.0023762523668471704
0,0,0.00232474402093781
0,0,0.02802140257352775
0,0,0.011660140158556324
0,0,0.0019418332284423722
0,0,0.001041576679205639
0,0,0.0460146285130083
0,0,0.012875624077613303
0,0,0.030410479518862273
0,0,0.010314089861006352
0,0,0.03129253324352988
0,0,0.053751168919354116
0,0,0.005281836820158276
0,0,0.23916494093512025
0,0,0.015291263813148213
0,0,0.017566144178421846
0,0,0.07801810563834523
0,0,0.0772410043063545
0,0,0.14588941705427483
1,1,0.7175949188330424
0,0,0.05043878415031813
0,0,0.1034228871038669
0,0,0.02627456123941474
1,1,0.9999967421133994
0,0,0.017330984827805127
0,0,0.004161197091480741
0,0,0.08827200352606578
1,1,0.9999974474866807
0,0,0.0026543042586025046
0,0,0.00027974282237490573
0,0,0.007987371140864128
0,0,0.025041901147991184
0,0,0.0405667495954984
0,0,0.16196360240455956
0,0,0.055596482628815676
0,0,0.015284598825755755
0,0,0.17811129930500436
0,0,0.01237049979496769
0,0,0.057537840671116336
0,0,0.0045425106667467486
0,0,0.001603568571687626
0,1,0.6534658460626757
0,0,0.0007142627597431045
0,0,0.021721756837271313
0,0,0.04160390104225978
0,0,0.23655126306185353
0,0,0.05997347502348405
0,0,0.0073310050841444265
0,0,0.006224099023583269
0,0,0.11992730247096327
0,0,0.015527829520667346
0,0,0.03965396493609418
1,1,0.9999974214555729
1,1,0.9877880111621803
0,0,0.040291853611670835
1,1,0.8847994461893257
1,1,0.8700450113886803
0,0,0.20905106899884157
0,0,0.007593360090730192
0,0,0.011883906297921751
0,0,0.0028556588490119108
0,0,0.010939173773880798
0,0,0.0048135371998939075
0,0,0.018760944085841183
0,0,0.04209276107548338
0,0,0.0007673902127258588
0,0,0.007728720163645912
0,0,0.4856674928579105
0,0,0.024934967955812223
0,0,0.019599186784471825
1,1,0.9999977168367039
0,0,0.11188596949256437
0,0,0.018427951489630105
0,0,0.007608234565397457
1,1,0.9999974214555729
0,0,0.08432090231146618
0,0,0.008885005081301193
0,0,0.0006467651013758804
0,0,0.03799828521869781
0,0,0.014488173997106427
0,0,0.01647520939977192
0,0,0.005167852298421414
0,0,0.0010280686509550833
0,0,0.1380091436233841
0,0,0.00038405327743783684
0,0,0.22476685576527194
0,0,0.015378797618566167
0,0,0.014022344532521705
1,1,0.9999979498821073
1,1,0.9999977168367039
0,0,0.16876470246505654
0,0,0.0003747385950875342
0,0,0.0177371385057093
1,0,0.23802034487517015
0,0,0.29117596205995805
0,0,0.3391130931008215
0,0,0.05577767848480401
0,0,0.16303525473007544
0,0,0.020763588735439636
0,0,0.04873775155431276
1,1,0.9999944704924432
0,0,0.33334242598926866
0,0,0.3119952115781246
0,0,0.04292857575415058
1,1,0.9999683221382675
0,0,0.00011872490172225707
0,0,0.0974617675550207
0,0,0.07689148480716691
0,0,0.017685530767103066
0,0,0.1236293791437658
0,0,0.00443554149947093
0,0,0.02375626398928533
0,0,0.038963101261311126
1,1,0.9999966804291738
0,0,0.14485902558580552
0,0,0.016110802523614604
1,1,0.999998765996982
0,0,0.05470883796426839
0,0,0.016918805995961933
0,0,0.007365855328471536
1,1,0.9999967418747816
0,1,0.5392705564101172
0,0,0.16491485845940512
0,0,0.013142852762860608
0,0,0.017187594617692467
0,0,0.04241091272899629
0,0,0.00585615503329759
0,0,0.028678619765158366
0,0,0.4878971492831462
1,1,0.9999986485205823
0,0,0.0009507788510083865
1,1,0.9999981310497241
0,0,0.003503046938655418
0,0,0.006292272501327738
1,1,0.9206729255363478
0,0,0.1409691025480477
1,0,0.18258986695197896
0,0,0.13015589904919536
0,0,0.12476792383640621
0,0,0.008818310488093666
0,0,0.013436173626175227
0,0,0.08088007746805344
0,0,0.008397471615638365
0,0,0.05531703811225036
1,1,0.9999966804291738
1,1,0.9944672802070347
0,0,0.024141223932510062
0,0,0.09211790229484879
0,0,0.03812659180599189
1,1,0.9999974214555729
0,0,0.004214786970585022
0,0,0.05047508322468289
1,1,0.9999966804291738
0,0,0.21779264755108735
0,0,0.021300819935564104
0,0,0.3085440285330547
0,0,0.08668459396081242
0,0,0.022843967097615304
0,0,0.024588870126008577
1,1,0.9999967421133994
0,0,0.005840265274767688
1,1,0.9999962960084147
0,0,0.028340115335785957
0,0,0.06681626841450877
0,0,0.04840185332419623
0,0,0.20819198671325234
0,0,0.000625388218057361
0,0,0.03388446809147216
0,0,0.021814083268307045
0,0,0.02050990009768228
0,0,0.012012906874962466
0,0,0.29323571850689173
0,0,0.03313867115562468
0,0,0.0016754892496596144
0,0,0.02035684908590077
0,0,0.00462710625501364
0,0,0.005653803837689147
0,0,0.008244823759526477
1,1,0.9999974214555729
0,0,0.00013404847615510656
0,0,0.11553582180489395
0,0,0.010544513705239152
0,0,0.0030168281820660277
0,0,0.014571505447239178
0,0,0.026365899598342454
0,0,0.028457292478253446
1,1,0.9993858639585929
1,1,0.9999986485205823
0,0,0.004614968420055667
0,0,0.008153574606834945
0,0,0.058135255468718366
0,0,0.0032376885594282236
1,1,0.9999974214555729
0,0,0.017658706597996846
1,1,0.9999971242915849
1,1,0.609855144667036
0,0,0.01610217429914037
0,0,0.02660421168370808
0,0,0.011850141717764454
0,0,0.1595255845514065
0,0,0.1259214357981575
0,0,0.040606665218579044
0,0,0.0100892873432375
0,0,0.005170410272396124
0,0,0.011838019634335417
1,1,0.9991232245713829
0,0,0.03630252561807531
0,0,0.008534925382925808
0,0,0.01027510795499568
0,0,0.00011512981654341198
0,0,0.010460735682289907
1,1,0.593824508648713
1,1,0.9999986485205823
0,0,0.009301362736107032
0,0,0.2269935054621767
0,0,0.19567298895711233
0,0,0.046120666500448645
0,0,0.01443189723301807
0,0,0.07860473624041833
0,0,0.1701020726716248
0,0,0.00080860136583988
1,1,0.5718790512705775
0,0,0.028796027459039544
0,0,0.09627977417023068
0,0,0.11413007890182003
0,0,0.08797404924463581
0,0,0.22994930233462457
0,0,0.01073885105547692
1,1,0.9807603498590227
0,0,0.027178213128662067
0,0,0.32544271656910084
0,0,0.027854762798621348
0,0,0.1189766439633444
0,0,0.05340303424274641
0,0,0.0008717988479415335
0,0,0.02103543357333697
0,0,0.1254994509804244
1,1,0.9999986485205823
0,0,0.013514461428933625
1,1,0.9903720912972527
0,0,0.0012843672827716496
0,0,0.016834058318246692
0,0,0.046282121293253146
0,0,0.00026310951109482546
0,0,0.19838046324012865
0,0,0.010372821052889747
0,1,0.5019060682325136
0,0,0.05524257869443939
0,0,0.03826184630403899
0,0,0.020728845173492175
0,0,0.027133975107568976
0,0,0.01254448205607895
0,0,0.036328081417324604
0,0,0.4549237215723787
0,0,0.1518077057803402
0,0,0.02203785710807625
0,0,0.030780289414543666
0,0,0.009080679172638797
0,0,0.07997030388104401
0,0,0.23718409869458454
0,0,0.0068718212369224116
0,0,0.04840198646187165
0,0,0.09980875468535876
0,0,0.02164295478425946
0,1,0.5775137107009355
1,1,0.9907914023965074
0,0,0.01198584826713394
0,0,0.019086010099128657
0,0,0.03703275412895037
0,0,0.07562043462234654
0,0,0.10008716159763092
0,0,0.03009253925683943
0,0,0.020860126667560545
0,0,0.040862983221955744
1,1,0.9815108222515714
0,0,0.016717783780005564
0,0,0.016902621812004682
0,0,0.007173841723156561
0,0,0.22549465783489597
0,0,0.10911345808484985
0,0,0.15032426487734973
0,0,0.03324654811124972
0,0,0.061572910694025755
0,0,0.07511148635151675
0,0,0.029536061340995172
1,1,0.9845445582445463
0,0,0.004563754277377411
1,1,0.7168026435954122
0,0,0.00028315386152489354
0,0,0.0028374104307721366
1,1,0.999962922966755
0,0,0.021935898564832697
1,0,0.19653328141048076
0,0,0.13771858788071056
0,0,0.015073727542187223
0,0,0.007019227262868755
0,0,0.1037551728984993
0,0,0.007440176280554418
0,0,0.04324526778879238
0,0,0.426551913042698
0,0,0.08562926268231458
0,0,0.0036721178321452077
0,0,0.05041854828279636
0,0,0.002769746846511154
0,0,0.0031474781237955914
0,0,0.023601472051371912
0,0,0.00517609172202948
0,0,0.014557393163373376
0,0,0.0044005501678083024
0,0,0.02557047973514737
0,0,0.40242295170865655
0,0,0.09050302638948841
0,0,0.007626734256889657
0,0,0.07084247883978576
0,0,0.05414439567918125
0,0,0.08951049964800357
0,0,0.06274653867240906
0,0,0.06509595262411168
0,0,0.00327295742509752
0,0,0.12241398475444366
0,0,0.02903527888610666
1,1,0.8242499449735413
0,0,0.005452482513558451
0,0,0.00559301975050995
1,1,0.9530409369138871
0,0,0.03490180654982928
0,0,0.0013940882150460486
0,0,0.03721918321955053
0,0,0.019172687721307872
1,1,0.5439677298013044
0,0,0.16401747755179616
0,0,0.18149898873809858
1,1,0.9999974214555729
0,0,0.05979607871228587
0,0,0.23098407747285488
0,0,0.00024790629616252267
0,0,0.00739389088060106
0,0,0.33892924703513383
0,0,0.014486680158189371
0,0,0.018074572768576148
1,1,0.9722487796668079
0,0,0.13745067770706573
0,0,0.005982313036092678
0,0,0.0646237060705208
0,0,0.004075034728403465
0,0,0.013308110155770488
0,0,0.03561224747292518
1,0,0.2871106502903715
0,0,0.008887950175327954
0,0,0.31432592317903946
0,0,0.026005720827707725
0,0,0.05090131883643216
0,0,0.08802372986406674
0,0,0.016159588461787246
0,0,0.015679112985033564
0,0,0.079802920902401
0,0,0.0004092486474920828
0,0,0.03809856770050748
0,0,0.34400094800276404
0,0,0.09349888929380874
0,0,0.03894451299324293
1,1,0.5349628333500516
0,0,0.0002520973287520599
1,1,0.9999979498821073
1,1,0.5819121757813362
0,0,0.336818380995497
0,0,0.019689261912237466
0,0,0.022195648324660536
1,1,0.974477823963614
0,0,0.006197434626250659
0,0,0.0052536715222929594
1,1,0.9999979423411411
0,0,0.010284276030772997
1,0,0.2666187688238676
0,0,0.009419859163268025
0,0,0.0006814229758304579
0,0,0.04694231858087302
0,0,0.06701483948763745
0,0,0.4743474611824561
0,0,0.0013625731901900434
0,0,0.08494205346949785
0,0,0.2745784761156016
0,0,0.0014429270680033615
0,0,0.03349116300285854
0,0,0.021497517429106314
0,0,0.029399307756946533
0,0,0.027045350154604783
0,0,0.1492724966542023
0,0,0.05745096858435727
0,0,0.02982572227346283
0,0,0.20673665191521326
0,0,0.10106420126007526
0,0,0.00831855391539844
0,0,0.02310353098627239
0,0,0.005313009452968479
0,0,0.01915326270227914
1,1,0.9999801400102576
0,0,0.020086056131471706
0,0,0.017491907287532978
0,0,0.022237553605632517
0,0,0.3368724998334446
0,0,0.0738536852222944
0,0,0.019506374247285307
0,0,0.05929595886991735
0,0,0.011557823047745157
0,0,0.007619363747186481
0,0,0.06126432674873839
0,0,0.1816084132005011
0,0,0.003394633787803863
0,0,0.03257060177260718
0,0,0.0063925501629620044
0,0,0.013302598451889176
0,1,0.8251975042069588
0,0,0.04643861603132817
1,1,0.8331032542072968
0,0,0.210326939701745
0,0,0.020059600057058317
0,0,0.03306624626438504
0,0,0.0009934973357672353
0,0,0.01850506495714535
0,0,0.0007884806107813348
0,1,0.522397816281478
1,1,0.9999094556934308
0,0,0.30460834959590644
0,0,0.0013828727899070801
0,0,0.0037276889545312863
1,0,0.35459781773407717
0,0,0.024896981893251294
0,0,0.009674505095790455
0,0,0.011330577078188266
0,0,0.34400094800276404
0,0,0.43830905509649176
0,0,0.008275635880429219
0,0,0.03974478301567429
0,0,0.02756034703113653
0,0,0.023053034112648047
0,0,0.038988109586289225
0,0,0.015229243663628376
0,0,0.017232814339800222
0,0,0.005352386507456886
0,0,0.19445974170999475
0,0,0.4549237215723787
0,0,0.0583571042683172
1,0,0.027800399368663114
0,0,0.035907877409331844
0,0,0.004884047491183598
0,0,0.09474589231578145
0,0,0.03086487009402851
0,0,0.008767174765999213
0,0,0.0016662843096032945
0,0,0.009575535696836321
0,0,0.07884107427690114
1,1,0.9998401822060774
0,0,0.0076096707665474226
0,0,0.03191833645700602
0,0,0.02923515852568455
0,0,0.0095392630429768
0,0,0.06010145619002301
0,0,0.3311443136370905
0,1,0.538484505844174
0,0,0.02676142293655854
0,0,0.0004644753725351908
1,0,0.0988532896210582
0,0,0.00014027887550191784
0,0,0.008612128815112466
0,0,0.02447444009857646
0,0,0.12504256004653014
0,0,0.18781236749094443
0,0,0.08406735159232087
0,0,0.014193066020159994
0,0,0.05582827310549267
0,0,0.11255014405537639
0,0,0.11189063663114472
0,0,0.018568505010056573
0,0,0.00361545124965704
0,0,0.2895031281263693
0,0,0.00888965123119773
0,0,0.0007571867910339897
0,0,0.07069357346655658
1,1,0.9272979541749549
1,1,0.9999974214555729
0,0,0.022827609701705227
0,0,0.1017266559222159
0,0,0.015184754667410465
0,0,0.0016531381044825157
1,1,0.988383969827733
0,0,0.0009244303707472457
0,0,0.01679177443766546
0,0,0.46750774454382577
0,0,0.30515959869438386
0,0,0.014665805084936225
0,0,0.07094397945563168
0,0,0.021435113719344052
1,1,0.9999977168367039
1,1,0.999998765996982
0,0,0.0008853062662994564
0,0,0.36897291227475604
0,0,0.014985668276182775
0,0,0.2005180534209379
0,0,0.0032713345870016043
0,0,0.18350543828685054
0,0,0.08296364215926026
0,0,0.0068405057189532496
0,0,0.011605963570147131
0,0,0.21734586163697875
0,0,0.12390310275370789
0,0,0.0034943848967116794
0,0,0.09132898909864497
0,0,0.05215788162829222
0,0,0.0014700007102398977
1,1,0.9999974214555729
0,0,0.011991404263562967
0,0,0.006256654644551761
0,0,0.020925307067794163
0,0,0.22413745756378672
1,1,0.9999977168367039
0,0,0.12761306251284954
0,0,0.0012445220956018735
0,0,0.002923151531344492
0,0,0.06798803933205454
0,0,0.00342584836953127
0,0,0.0010973930863415761
0,0,0.4363394684069263
0,0,0.01941964216780015
1,1,0.9999986485205823
0,0,0.009970352276562155
0,0,0.045035777415283196
0,0,0.4081058068384318
0,0,0.028813985092397448
0,0,0.009500437391486094
1,1,0.9999967418747816
0,0,0.07154952240096178
0,0,0.0036002756236398095
1,1,0.9999967418747816
0,1,0.583813517620509
0,0,0.36294105064873056
0,0,0.11078305410459399
0,0,0.06577470398215715
1,1,0.9999974237616135
0,0,0.0005059652522835854
0,0,0.06108725873948146
0,0,0.037922539709527144
0,0,0.0011849112680057765
0,0,0.06408090316419812
0,0,0.3234339757499142
0,0,0.06913069408775274
0,0,3.056599678283264e-05
0,0,0.06479679146130339
0,0,0.07345691857223245
0,0,0.0054587356270334245
0,0,0.46818599205828687
0,0,0.2004280370393081
0,1,0.7787995958532896
0,0,0.040370424819196206
0,0,0.020786825766018882
0,0,0.059954844616776574
0,0,0.13447248232755232
0,0,0.020862628939826176
0,0,0.022218184600956356
0,0,0.2572034584694236
0,0,0.4300185234613589
0,0,0.0014385709765651984
0,0,0.04805922395619623
0,0,0.0031193227488008997
0,0,0.09602486357911007
0,0,0.11971425256516051
0,0,0.09919083154204549
1,1,0.8930763460570121
0,0,0.0020000067835344603
0,0,0.37650359408843415
0,0,0.05585207315840333
1,1,0.999007389835341
0,0,0.05158795846666556
0,0,0.025661610743309745
1,1,0.9999967418747816
0,0,0.03830548175000928
0,0,0.0007000171528764346
0,0,0.0028373370941091563
0,0,0.23680515654829598
0,0,0.04652641141705697
0,0,0.032730850520102314
1,1,0.9411118338791629
0,0,0.0022456658718673648
0,0,0.0019844812100217723
0,0,0.010852204738008159
0,0,0.008103083782789787
0,0,0.18450755469079605
0,0,0.010492645796363236
0,1,0.5838506909959524
0,0,0.009843324057382554
0,0,0.014447859343291207
0,0,0.026976714790280562
0,0,0.3968226024003835
0,0,0.28425172736967497
0,0,0.40242295170865655
0,0,0.08850159824150555
0,0,0.10433277558646348
0,0,0.013242937898341585
0,0,0.1303461614639864
0,0,0.07371000184814647
0,0,0.10070250188227246
1,1,0.9999983935948057
0,1,0.555304803277955
1,1,0.9999966804291738
1,1,0.9999974474866807
0,0,0.2630178420305074
1,1,0.9999964734721614
0,0,0.15106170444699518
0,0,0.025716674097358692
1,1,0.9896908743606541
0,0,0.028496467658098275
0,0,0.27529281650673226
0,0,0.0009723599389930728
0,0,0.1979343139815245
0,0,0.011843029840724427
0,0,0.028566094546755554
1,1,0.999998765996982
1,0,0.43778603525802323
0,0,0.07214738800352334
0,0,0.03277876134138888
0,0,0.008848620365843728
1,1,0.9999966804291738
0,0,0.04262111153402451
0,0,0.08634181783011924
0,0,0.14121056297408258
0,0,0.16100015874028953
0,0,0.021616516351937225
1,1,0.9663437786762546
0,0,0.0037476853348336284
0,0,0.040939669787939836
0,0,0.06262070296724774
0,0,0.07825728600323982
0,0,0.006159267858287593
0,0,0.044974449597912775
0,0,0.016159588461787246
0,0,0.003393823467852136
0,0,0.0048887103782159595
0,0,0.01013666302932624
0,0,0.015861453584790037
0,0,0.10408767654803476
0,0,0.44212250449266627
0,0,0.01861616937950904
0,0,0.021257301879537244
0,0,0.014135656663096272
0,0,0.05499820903945258
0,0,0.047557678465099056
1,1,0.9999966804291738
0,0,0.04775511341730318
0,0,0.048632482884691214
0,0,0.0134747338358944
0,0,0.011687284355301239
0,0,0.008642817130325877
0,0,0.07165307652349939
0,0,0.04350783789706006
0,0,0.0035626647112469013
1,1,0.9428598450043676
0,0,0.0010003804111076392
0,0,0.012835123121023462
0,0,0.012897838572568224
0,0,0.03185159866587268
0,0,0.006819555743266792
0,0,0.09652398670176186
0,0,0.04402146537306437
0,0,0.13369389905419415
0,0,0.03906293258049221
1,1,0.9999977168367039
0,0,0.027861551797892882
0,0,0.026608740185373254
0,0,0.06391111161681584
0,0,0.26351241055546876
0,0,0.0031065840142258964
0,0,0.019523429911682745
0,1,0.5654954395176452
1,1,0.9904409201354861
0,0,0.01917067317285448
0,0,0.09854738277938946
0,0,0.021703429418924267
0,0,0.024401120868478187
0,0,0.0095392630429768
0,0,0.005849312142212089
1,1,0.7082545936151834
0,0,0.01953742701403684
0,0,0.049706134117930297
0,0,0.015713647243517273
0,0,0.009558818597035482
0,0,0.45387191232978635
0,0,0.015012984043112347
0,0,0.42921838600617873
0,0,0.002841684797448107
0,0,0.002433456801242921
0,0,0.005001779590383363
1,1,0.9999974214555729
1,0,0.17322263987208922
0,0,0.012479474084634776
0,0,0.011351253779856367
0,0,0.012873607777126352
0,0,0.09062338619902037
0,0,0.052837608927973234
0,0,0.41106224653880685
0,0,0.02143559229319017
1,1,0.9999977168367039
0,0,0.011025544344109548
0,0,0.0002235395101484474
0,0,0.10873384352125706
0,0,0.03241499979175673
0,0,0.005171476459886043
0,0,0.001341092241940424
0,0,0.01724454389237998
0,0,0.015193378532138358
1,1,0.9999966804291738
0,0,0.09284051410423691
0,0,0.0011545148272038475
0,0,0.1673339027818885
0,0,0.36897291227475604
1,0,0.45139639612486315
0,0,0.05569303694940491
0,0,0.019094153717686274
0,0,0.013308110155770488
0,0,0.051370735523138894
0,0,0.058972506156745506
0,0,0.011945293109594489
0,0,0.0389731640349921
0,0,0.03457720387010796
0,0,0.017149374566845958
0,0,0.04271460100043267
0,0,0.09205138472325469
0,0,0.028043929106206254
0,0,0.0007666305838415514
0,0,0.05849352270717608
0,0,0.04312264411786241
1,1,0.9999982935068383
1,1,0.9999979498821073
0,0,0.002814352483547473
0,0,0.42515259456307947
0,0,0.37650359408843415
1,1,0.8175079495962658
0,0,0.029536061340995172
0,0,0.1683216895411298
1,1,0.9999964734721614
0,0,0.4808407992615076
0,0,0.04844909911629368
0,0,0.03260594749740712
1,1,0.9999986485205823
0,0,0.42196945710146183
1,1,0.5532138354336024
0,0,0.003912864389346609
1,0,0.45266675174615134
0,0,0.017432141268630474
0,0,0.048042715038516086
0,0,0.028390129375269003
0,0,0.006625615351426254
0,0,0.03552418987696144
1,1,0.9935152120434695
0,0,0.05527244385815375
0,0,0.03477170504186422
0,0,0.0052765788515959445
0,0,0.07311540907217405
1,1,0.9999986485205823
0,0,0.12761891450796614
0,0,0.00361545124965704
1,1,0.9732830876571034
0,0,0.01890725799771375
0,0,0.010262735711756725
1,1,0.9880981066083241
0,0,0.024869639731035995
0,0,0.052111590575237864
0,0,0.03395505001323953
0,0,0.05590386446968457
0,0,0.003045310367847076
1,1,0.7264918068604105
0,0,0.27474990546001177
0,1,0.5582685216717186
0,0,0.04862078964761652
1,1,0.7285299547013744
0,0,0.019015593670665694
0,0,0.02653258747882844
1,1,0.999998765996982
0,0,0.025752362171255698
0,0,0.05526870432371942
0,0,0.023316899671991687
0,0,0.048836939040205
0,0,0.03766622910131931
0,0,0.004275474369549485
0,0,0.06595948778581343
0,0,0.019713973355301603
0,0,0.1076629563135216
0,0,0.031799847295273
1,0,0.40425665719795517
0,0,0.001878509980678399
1,1,0.9044971181104215
0,0,0.00911773436938881
0,0,0.14311000800601908
0,0,0.07163282345447534
0,0,0.035794599468518984
0,0,0.316026019799061
0,0,0.00277574729045076
0,0,0.037485800344423253
0,0,0.031757462677430855
1,1,0.9095558075399222
0,0,0.013439171230967963
0,0,0.0027238517290311707
0,0,0.008312485793038712
0,0,0.1522353245811385
0,0,0.0031034798350009483
0,0,0.01880699733183051
1,1,0.9999967421133994
0,0,0.014824885712900464
1,1,0.9999966804291738
0,0,0.004854213663476755
0,0,0.14493347611212137
1,1,0.9999983935948057
0,0,0.02815822081462907
0,0,0.012873619023809953
1,1,0.649790578606906
0,0,0.06679880585261899
0,0,0.0021805831868287615
0,0,0.08115855338373534
0,0,0.08746346258860958
0,0,0.06855867549150564
0,0,0.05143237293202531
0,0,0.042944999974114426
0,0,0.18547266562509532
0,0,0.0674588851370694
0,0,0.08996719432638643
0,0,0.027936956527141277
1,1,0.9999977168367039
0,0,0.06852405711128147
0,0,0.013499221933307015
0,0,0.19448036878003513
0,0,0.023742241207984748
1,1,0.9999979423411411
1,1,0.9812818299461462
1,0,0.14429747798370612
0,0,0.028552841608142438
0,0,0.011843029840724427
0,1,0.5744652217211521
0,0,0.007243744212322838
0,0,0.017020335100956276
0,0,0.011552619712705353
0,0,0.012432503161502606
0,0,0.007451308793697303
0,0,0.007122650329749321
0,0,0.04873468540817432
0,0,0.00976375077978963
0,0,0.037041584232306586
0,0,0.12274641452810887
1,1,0.999998765996982
0,0,0.10891971696512436
0,0,0.019272836621380483
0,0,0.08517112355575217
0,0,0.005506122285650142
0,0,0.09714705995149904
0,0,0.00395328863665397
0,0,0.03886335518637722
0,0,0.10846332714481619
1,1,0.9999957586278144
0,0,0.036180886828100625
0,0,0.014795215171818744
0,0,0.0007505586981665763
0,0,0.0013389621126924298
0,0,0.024095576916995157
0,0,0.07013405709015619
0,0,0.007047927461918572
0,0,0.01135109053655502
0,0,0.10771445868729762
0,0,0.0585306789209166
0,0,0.009423302548389795
0,0,0.19820449558527178
0,0,0.06847888864148387
0,0,0.002680902223391496
0,0,0.2713737659642977
0,0,0.03586145718090603
0,0,0.03354674627598678
1,1,0.9999974214555729
0,1,0.6877231077818972
1,1,0.9999974214555729
0,0,0.027071816892480536
0,0,0.001533890589649001
0,0,0.007110897125637912
0,0,0.017519534356386833
0,0,0.16331359775994772
0,0,0.0006525514526695672
0,0,0.02772581821094139
1,1,0.9999989875016777
0,0,0.010014152704739224
0,0,0.4554665441638462
1,1,0.999998765996982
0,0,0.009977247546564962
0,0,0.057598730295896926
0,0,0.0028443074719815336
0,0,0.005986859826246373
0,0,0.03512096467110886
0,0,0.0041659950016905345
0,0,0.02216862045932817
1,1,0.9999967418747816
0,0,0.03234435601142308
0,0,0.011967282916398274
0,0,0.01208557929583606
0,0,0.02301522898882254
0,0,0.014141424495666115
1,1,0.9784791355631832
0,0,0.07471611744021453
0,0,0.09618018051526646
0,1,0.6761844735581013
0,0,0.011033209687001512
0,0,0.00924818866234146
0,0,0.012967105173771318
1,1,0.9999966804291738
0,0,0.017261039469983884
0,0,0.034646598108930914
0,0,0.09986943625985471
0,0,0.007765117277364209
0,0,0.031283256533917815
1,1,0.9999986485205823
0,0,0.019611586634971503
0,0,0.01024471349265062
0,0,0.11854601510611266
0,0,0.004034807674007063
1,0,0.16350742312911898
0,0,0.04307778361009255
0,0,0.015453229484288396
0,0,0.048810459326455426
0,0,0.028941458577859486
0,0,0.05176454150176697
0,0,0.013237504893566962
0,0,0.007209818416654876
0,0,0.18625394321650263
0,0,0.005050656746554001
0,0,0.09764958591886763
0,0,0.0191104616385802
1,1,0.9999986485205823
0,0,0.10469539841903543
0,0,0.3074541285455709
0,0,0.10852003983295369
0,0,0.00814554532122114
1,1,0.808437862353124
1,1,0.9999976650563936
0,0,0.03512096467110886
0,0,0.0588435406011464
0,0,0.012006881522613415
1,1,0.9999974214555729
0,0,0.0015364433996463522
0,0,0.000968474785216115
0,0,0.011123287668482357
0,0,0.03808852089428848
0,0,0.16022047209091617
0,0,0.020180585833051875
0,0,0.00741981693696327
0,0,0.011616500049146784
0,0,0.16351319515540996
1,1,0.9999974214555729
0,0,0.02375335226221708
0,0,0.030304403764084387
0,0,0.020911971302825863
0,0,0.15791302685896977
1,1,0.7185728274917572
0,0,0.02705008416411649
0,0,0.003532710642549004
0,0,0.042960635185019115
0,0,0.03717803140166013
0,0,0.0016975878314553253
0,0,0.013277982428913275
0,0,0.04767234289382214
0,0,0.018413520014021002
0,0,0.03159134291272855
0,0,0.001101033934919136
0,0,0.21415064090685185
0,0,0.015265569258335072
0,0,0.3701861083597717
0,0,0.0717628268444366
0,0,0.13893177025199493
1,1,0.9899704610947951
1,1,0.9999977168367039
0,0,0.1731589577513572
0,0,0.30138773207859815
0,0,0.01571237337276731
0,0,0.07229311838885115
0,0,0.003883875617022262
0,0,0.01297130084565677
1,1,0.9999977168367039
0,0,0.040434006426698504
0,0,0.022107509201676704
0,0,0.08696540917756934
0,0,0.21535766139925058
0,0,0.01166315565604983
0,0,0.0033852290583993735
0,0,0.30574620073916664
0,0,0.014029768149079377
0,0,0.01976461229371417
1,1,0.9999981310497241
0,0,0.005373586168856381
0,0,2.757547002227733e-05
1,1,0.9454208024402145
0,0,0.02605792202782489
0,0,0.03289888629329114
0,0,0.000328106985993391
1,1,0.9999398456582708
0,0,0.000916354576361544
0,0,0.11306509350596884
1,1,0.9761255885741792
0,0,0.16593760021194756
0,0,0.032432109947457675
0,1,0.5130862195263495
0,0,0.05636208695640388
1,1,0.9912855078099829
0,0,0.4214396717188356
0,0,0.04291578618660602
0,0,0.002704984238259977
0,0,0.015020512848356284
0,0,0.003552980908779981
0,0,0.016607253119209693
0,0,0.00678382770763854
0,0,0.01871819763688629
0,0,0.006385453570450415
0,0,0.008911932195404303
0,0,0.0009747364073275125
0,0,0.0291061821230121
0,0,0.005986490234139879
0,0,0.05868856661232783
0,0,0.010359619015012088
0,0,0.0070948435133086135
0,0,0.06606877658648856
0,0,0.011002070325932154
0,0,0.025695480799267867
0,0,0.02066603735188341
0,0,0.007587152125114696
0,0,0.05937728352296726
0,0,0.002344912177080138
1,1,0.998896702929033
0,0,0.25044622392116667
0,0,0.003500426117446062
0,0,0.21103566769324064
1,1,0.9999974237616135
0,0,0.15972761034469923
0,0,0.00564606717496517
1,1,0.658229156171927
0,0,0.005120741304013385
1,1,0.9999190100148426
0,0,0.01707725102489613
0,0,0.021711583632085807
0,0,0.021981271333501452
0,0,0.04211569447454492
0,0,0.15141718248432542
0,0,0.06502224930982792
0,0,0.0040819069731328796
0,0,0.013864700653964526
0,0,0.0889613028652784
0,0,0.004724063389399364
0,0,0.0024495610764902276
0,0,0.003288723132264826
0,0,0.005333181823552761
0,0,0.04855727261804286
0,0,0.08779995086276479
1,1,0.8042822617282513
0,0,0.06137196677627171
0,0,0.015611121051643998
0,0,0.0001672611354347402
0,0,0.07252280578995898
0,0,0.03398851225449742
0,0,0.004434555972377035
0,0,0.03939273552639311
1,1,0.9999986485205823
0,0,0.05249723913498805
1,1,0.9992076849424398
0,0,0.0010435599574463023
0,0,0.000774311616418361
0,0,0.010870597967170596
1,1,0.9999964734721614
0,0,0.07664513175842329
0,0,0.0017639557144645225
0,0,0.06725604805018588
0,0,0.04665110717862384
0,0,0.03853792356798324
0,0,0.19456108553072216
0,0,0.012180749666963971
0,0,0.05423652249724529
0,0,0.0043314233168211085
0,0,0.01285593830985155
0,0,0.03431687858948104
0,0,0.020925307067794163
0,0,0.11090973122314943
1,1,0.8806436520865265
0,0,0.013578113220932202
0,0,0.02396879822523141
0,0,0.057947494220138986
0,0,0.007308592585333631
1,1,0.9433442924888629
1,1,0.9999977168367039
0,0,0.10956766106203548
1,1,0.9999974214555729
1,1,0.9999966804291738
1,1,0.9919463169966667
1,1,0.9999974214555729
1,1,0.9999964734721614
1,0,0.30663444814112767
0,0,0.017915381956212534
0,0,0.014174869574326078
0,0,0.16199197580074642
0,0,0.10868454117570245
1,1,0.9999974214555729
0,0,0.18710959502748892
0,0,0.02445449531967699
0,0,0.029724919549247292
0,0,0.13320447894607543
0,0,0.017020335100956276
0,0,0.03175137991902754
0,0,0.08747917189131511
0,0,0.04135332728891303
0,0,0.019065134827836654
0,0,0.3141355239432588
1,1,0.9846434399572612
0,0,0.03492044499978802
0,0,0.15404480631341486
0,0,0.05173164335408393
0,0,0.43230834227945836
0,0,0.019668353378648164
0,0,0.014534529259971347
0,0,0.016567397943469543
0,0,0.0351409105293485
0,0,0.035879002025141604
0,0,0.0013625731901900434
0,0,0.10498950145144868
0,0,0.14914570506268518
0,0,0.023037558943103807
0,0,0.10036880308485086
0,0,0.34243513489793326
0,0,0.028263395310342047
0,0,0.0009461990805447304
0,0,0.12278608187006776
0,0,0.015862998497856655
0,0,0.014635191817152372
0,0,0.05116049261658428
0,0,0.013780506407465915
0,1,0.5180458374135173
0,0,0.1141453472693807
0,0,0.004845872337788133
0,0,0.01806125469488224
0,0,0.019380939504331833
0,0,0.20675689810614442
0,0,0.03368337757018905
0,0,0.12219712513845535
0,0,0.002075665316507408
0,0,0.004429657383627002
0,0,0.02010519172064451
0,0,0.014811238204471168
0,0,0.008490721906707042
0,0,0.005574677289564567
0,0,0.0039042231542401355
0,0,0.045295667510341614
0,0,0.011275220113714655
0,0,0.19873690760461507
0,0,0.11320050830069749
0,0,0.01174653418177875
0,0,0.00011912005612423959
0,0,0.00479189058010363
0,0,0.0005804587733705172
1,1,0.9999976650563936
1,1,0.9999977168367039
0,0,0.042992343362714604
0,0,0.0005410773595257713
0,0,0.017868053978586373
0,0,0.0012700009325693905
0,0,0.007544129154256405
0,0,0.007512743596976564
0,0,8.229934383843093e-05
0,0,0.02336605004810011
0,0,0.011674855431067955
0,0,0.040434006426698504
0,0,0.09162666978362366
1,1,0.9999944141014446
0,0,0.02841790415808632
1,1,0.9999974214555729
0,0,0.04363797966546267
0,0,0.030876989246693198
0,0,0.48718341279538097
0,0,0.014320939057644684
0,0,0.11604361728985789
0,0,0.031108315089202896
0,0,0.059327160486602235
1,1,0.9999989875016777
0,0,0.029336556068685436
0,0,0.07686581184417071
0,0,0.013401984208356126
0,0,0.00748888895549804
0,0,0.3347569212342555
0,0,0.01380165406254209
0,0,0.19427613889962092
0,0,0.006209688491736902
0,0,0.16259623975334037
0,0,0.027071816892480536
0,0,0.25044622392116667
0,0,0.010115369854749345
0,0,0.20193929426203144
0,0,0.1356843955737151
0,0,0.05313211717740215
0,0,0.05781867880573781
0,0,0.0032790326185166033
0,0,0.016916731426669416
1,1,0.9999966804291738
0,0,0.0920290849100644
0,0,0.00682201896028849
0,0,0.09806393949685091
0,0,0.06478331546247959
0,0,0.01811826686512762
0,0,0.020490481228625408
0,0,0.002277331412889325
0,0,0.12139204350743649
0,0,0.03129888491730294
0,0,0.04278199578378488
0,0,0.0006733033161372524
0,0,0.03464478277922606
0,0,0.02590245348714894
0,0,0.024154405542406828
0,0,0.3049198391177042
0,0,0.07622415546606075
0,0,0.41106224653880685
0,0,0.01851779466766677
0,0,0.16533281792312335
0,0,0.07790745492255224
0,0,0.45702870594244055
0,0,0.03262742308819634
0,0,0.04726653458914091
0,0,0.04788411246146859
0,0,0.007562141328308979
0,0,0.10689470403951598
0,0,0.015337821382912436
1,1,0.502317077472609
0,0,0.014350019987956944
0,0,0.0146973150494132
0,0,0.015432341829464883
1,1,0.9999974214555729
0,0,0.007446762529708465
1,1,0.9916100273610841
1,1,0.9999966804291738
1,1,0.9999979498821073
0,0,0.006167214491664532
0,0,0.04997901401714327
0,0,0.006872279881713468
0,0,0.014277122857005395
0,0,0.11432499162623255
0,0,0.06583704253627354
0,0,0.06390306246235525
0,0,0.032229749220476556
0,0,0.021942622682529226
0,0,0.01315691229139172
0,0,0.027689079626896502
0,0,0.0009508445509918869
0,0,0.002802607735542754
0,0,0.1410563145118406
0,0,0.08022205752783583
0,0,0.018612425631528203
0,0,0.01375173736821799
0,0,0.0007958304630448484
1,1,0.909735718550395
0,0,0.04531071454627007
0,0,0.002288978928081783
1,1,0.9999966804291738
1,1,0.9845350734085823
1,1,0.9999966804291738
0,0,0.001017119794318098
1,1,0.958968000859385
1,1,0.9999974214555729
0,0,0.008172102926500027
0,0,0.03484874067016657
0,0,0.014385100158648282
0,0,0.014723139054053475
0,0,0.015363895985954798
0,0,0.004349901826694394
0,0,0.08307920056831189
0,0,0.0034673983041542712
0,0,0.004664851046627498
0,0,0.0017006810539298594
0,0,0.0027904519557822765
0,0,0.07911460096791019
0,0,0.010995669179751012
0,0,0.009026470789629594
0,0,0.03161807915772299
0,0,0.014033662715314223
0,0,0.01396409781483816
0,0,0.30663444814112767
0,0,0.017262220214950493
0,0,0.020999436582782017
0,0,0.013077826297923721
0,0,0.04979226462326195
0,0,0.05132398480044551
0,0,0.11316916161414108
0,0,0.1373500428446016
0,0,0.0019692881663655477
1,1,0.9999780619684105
0,0,0.01750333380741033
0,0,0.041889018530376805
0,0,0.05061399138242266
0,0,0.02051140474409547
0,0,0.04194340669579493
0,0,0.08504859079657594
0,0,0.024824389185568948
0,0,0.009970072737666508
0,0,0.18197953582922327
0,0,0.0008500835403245923
0,0,0.45702870594244055
0,0,0.08248899197615218
1,0,0.06367613686360031
1,1,0.9999979498821073
1,1,0.9958040034728817
0,0,0.038925783946628226
0,0,0.3097387725870555
0,0,0.03695670883771284
1,1,0.6509599675189933
0,0,0.00010621141070739406
0,0,0.00370337642163652
0,0,0.019222444320238258
0,0,0.3472899192357181
0,0,0.13009681316775082
0,0,0.031097977710867124
0,0,0.002879032439814242
0,0,0.17745941089870354
0,0,0.1751134541367818
1,1,0.9999916285968776
0,0,0.0014872598521284452
0,0,0.0917877500856677
0,0,0.045085386147275495
0,0,0.0067207220436838145
0,0,0.1517649140804277
0,0,0.0009671550418149053
0,0,0.25044622392116667
0,0,0.34340088662649215
0,0,0.02273152201247868
0,0,0.08177703656073851
0,0,0.0323512573406058
0,0,0.21243215562069975
0,0,0.31563304243417384
0,0,0.0022615602297116227
0,0,0.09005698197366983
0,0,0.004595423461788122
1,1,0.999998765996982
1,1,0.9999974474866807
0,0,0.03581067392594619
0,0,0.21887849428519923
0,0,0.011558667362006678
0,0,0.0182750667416757
0,0,0.018558590909976778
0,0,0.0008458584224381234
0,0,0.004882150600140721
0,0,0.007096044960451227
0,0,0.06241964690743978
1,1,0.6078070629411746
0,0,0.017129653601206347
0,0,0.02050990009768228
0,0,0.02269531760898903
0,0,0.05143279608701181
0,0,0.23523902944690225
1,1,0.9999966804291738
1,0,0.049561919576660785
0,0,0.051570788689423504
0,0,0.04787295395084068
0,0,0.04423402472609335
0,0,0.470496911775773
0,0,0.0042519380528723
0,0,0.11561273596558665
0,0,0.09249678009135125
0,0,0.17925695174758077
0,0,0.013033207357765596
0,0,0.22628741564224836
0,0,0.18399262680247705
0,0,0.4549237215723787
0,0,0.0030647463331205495
1,1,0.9999977785150863
0,0,0.037805484831788506
0,0,0.012578771946232161
0,0,0.1921729780637675
0,0,0.055746630401373655
0,0,0.14055093189951592
0,0,0.10428148375414362
0,0,0.05947623235304975
0,0,0.0524375984799959
1,1,0.9999974214555729
0,0,0.3085440285330547
0,0,0.014100112316957906
0,0,0.015781901400234728
0,0,0.0725577854355029
0,0,0.07712592046982973
0,0,0.06374194943858462
0,0,0.0024989640125972
1,1,0.9999906755245695
0,0,0.013035484313125924
0,0,0.010281469245545844
0,0,0.004539722866976757
0,0,0.02911729892256681
0,0,0.03639165271537781
0,0,0.0865898432052504
1,1,0.9834518668452135
0,0,0.031006648893831555
0,0,0.041108329266661754
1,1,0.838014164684118
0,0,0.005271160290932288
0,0,0.07078554148060782
1,1,0.9999977168367039
0,0,0.01263960812721273
0,0,0.006957227069228248
0,0,0.20331782606182125
0,0,0.027843724915463268
0,0,0.0019032320148303975
1,1,0.9999979498821073
0,0,0.0028836673474906048
0,0,0.10177733535799868
0,0,0.05056538497979384
0,0,0.03563133436133123
0,0,0.06562150694557059
0,0,0.037641621518693755
0,0,0.255157734118695
0,0,0.014439721678881525
0,0,0.005684083437946059
0,0,0.04635909195610834
0,0,0.04218475841690287
0,0,0.001358194186735235
0,0,0.09534623798093557
0,0,0.07395203423573544
0,0,0.005558960543514322
1,1,0.999995874961105
0,0,0.013035484313125924
0,0,0.23962754038673068
0,0,0.0064075301322789775
0,0,0.0012650788237804978
0,0,0.028628823971574884
0,0,0.22326543237306384
0,0,0.07611863935845
0,0,0.056767056967194966
0,0,0.028218203899680935
0,0,0.06219445185663069
0,0,0.0016011031261895768
0,0,0.011063072140654044
0,0,0.14618415394434014
0,0,0.38536016561269587
0,0,0.2535225713168596
0,0,0.012131473974380977
0,0,0.00292831419143285
1,1,0.9999979498821073
0,0,0.06291986084360063
0,0,0.015531592650967164
0,0,0.0019019501671629676
0,0,0.01381273973557025
0,0,0.009734032892419578
0,0,0.013856518402876243
0,0,0.011923481103633839
0,0,0.00612138456366435
0,0,0.010239860508595542
0,0,0.008574445974202356
0,0,0.07562043462234654
1,1,0.9999979498821073
0,0,0.01119120995696961
0,0,0.08694564849097593
0,0,0.11502570168738487
0,0,0.028934141725918162
0,0,0.034542821125029856
0,0,0.005088883622056307
0,0,0.007279175053981011
0,0,0.04232238713319997
1,1,0.8528830037684659
0,0,0.060929099261850514
0,0,0.00019359470040309593
1,1,0.999998765996982
0,0,0.11495609291196052
0,0,0.0042398816512975585
0,0,0.13065795312720532
0,0,0.3528906261314854
0,0,0.04762458075584081
0,0,0.02939681130523646
1,1,0.9999967418747816
0,0,0.09893591897831189
0,0,0.006030855272065541
0,0,0.00679617681626477
0,0,0.06397476084094647
0,0,0.0029898304622260523
0,0,0.05200064134455153
1,1,0.998828471931009
0,0,0.015847546131900297
0,0,0.09735246230584653
0,0,0.059071834399421985
0,0,0.03905135872836352
1,1,0.8554562258075692
0,0,0.05685688806410588
0,0,0.018498128204350168
0,0,0.000193540396994777
0,0,0.045095587908469126
1,1,0.9999967421133994
1,1,0.9999974474866807
0,0,0.01167457709871892
0,0,0.0025635509390015804
1,1,0.9999136663230908
0,0,0.01686067885126233
0,0,0.03924789857130777
0,0,0.016947312675441167
0,0,0.005382611255183261
0,0,0.3546275762731057
0,0,0.463240945722539
0,0,0.009385459112414282
0,0,0.010701705703082407
0,0,0.015968693252491558
0,0,0.0004110571043042985
0,0,0.004239891271885714
0,0,0.013408677602329527
0,0,0.08172567182539447
0,0,0.0045181186801617765
0,0,0.01469693158207215
0,0,0.30515959869438386
0,0,0.010842584199122757
0,0,0.011808635909283275
0,0,0.0253645920915626
0,0,0.054667513722766625
1,1,0.581534107798652
0,0,0.18062594199368126
1,1,0.9999964734721614
0,0,0.023630931450535887
0,0,0.016114220595799273
0,0,0.004396749273667586
1,1,0.9966426516853062
0,0,0.0017558374968178758
0,1,0.6434162561905515
0,0,0.01908065623441508
0,0,0.0648432988494033
0,0,0.0018590572742434438
0,0,0.014090388462979027
0,0,0.0061039874536197225
1,1,0.9999966804291738
0,0,0.1826135223039451
0,0,0.07851654007910543
0,0,0.006138221278314133
0,0,0.0025934197237932493
0,0,0.02666056885259033
0,0,0.036440455904362165
0,0,0.162690793269805
0,0,0.010205272225934259
0,0,0.01893990458555188
0,0,0.004711549148304016
0,0,0.0025111732624049235
0,0,0.12440466550354769
0,0,0.048287840732526746
0,0,0.02128038307925456
0,0,0.0029015830065488566
1,1,0.9999974474866807
0,0,0.025151406467888653
0,0,0.00730398082118515
1,1,0.9999202191461362
0,0,0.010684834393774077
0,0,0.3773965790076368
1,1,0.5116439956101363
1,0,0.020894315840578662
0,0,0.37650359408843415
0,0,0.04496278828359754
0,0,0.010339525971632749
0,0,0.31860104892266655
0,0,0.1542485881895239
0,0,0.0030068780635226972
1,1,0.9999977168367039
0,0,0.017396970502773935
1,1,0.9999964734721614
0,0,0.008539758949012327
0,0,0.003919662376067881
0,0,0.03132972296898025
0,0,0.15867999224880674
1,1,0.9302297333622283
0,0,0.07970806303161428
0,0,0.10167564911836413
0,0,0.030218460306622247
0,0,0.0082523375176674
0,0,0.02103841550076972
0,0,0.10469539841903543
0,0,0.021120917200136768
0,0,0.007681405257947407
0,0,0.018347105454209405
0,0,0.011905036023670794
0,0,0.1431444748353875
0,0,0.02138949996475651
0,0,0.0013956096780914067
0,1,0.5134037912575372
0,0,0.00013921808119706416
0,1,0.6393492880337389
0,0,0.05369768511004016
0,0,0.13541606591935806
1,1,0.965193103974891
0,0,0.029986496294690874
0,0,0.03424838597803373
0,0,0.05729166037415657
1,1,0.6918150552437246
1,0,0.13855401007874385
0,0,0.01147270174235702
0,0,0.01620089287967884
1,1,0.9999974214555729
0,0,0.48239297332980174
0,0,0.11930222240030375
1,1,0.9999974214555729
0,0,0.015923091971413273
0,0,0.005684083437946059
0,0,0.3823340582813834
0,0,0.04041116737798277
0,0,0.009457236134609373
0,0,0.02024573952578685
0,0,0.007354333125176966
0,0,0.0471953777335795
0,0,0.005828485821511681
0,0,0.017542928150895518
0,0,0.0020586856684681088
0,0,0.015007852079606256
0,0,0.09288066299196127
0,0,0.07279180525504662
0,0,0.009283823413282486
0,0,0.001899189176096054
1,1,0.9900099804650617
0,0,0.011760056503340267
0,0,0.002288126175374609
0,0,0.003963625827791317
0,0,0.02104777532341569
0,0,0.014619490379550695
0,0,0.0008456190458698937
0,0,0.026439488143581137
0,0,0.172671314131296
0,0,0.2514952128477302
0,0,0.06871887656155543
0,0,0.017345727331163047
0,0,0.19336670110451523
1,1,0.9999852270516247
0,0,0.03689421151745606
0,0,0.06703278993530308
0,0,0.12139765574424453
0,0,0.014211594840344875
0,0,0.005098543279905546
0,0,0.0016806669784822832
0,0,0.07979552473625656
1,1,0.9973816191698405
0,1,0.7956336882216373
0,0,0.029245504603891567
0,0,0.016607253119209693
0,0,0.005422743378023406
0,0,0.11618937290652236
0,0,0.005465402721707679
0,0,0.0319911040063717
0,0,0.031189675485462413
0,0,0.18529026556158862
0,0,0.033349204269829416
0,0,0.001358194186735235
0,0,0.018074281679554237
0,0,0.00809035928269562
0,0,0.02096914443000274
0,0,0.015241465779579282
1,1,0.9999966804291738
0,0,0.0062229788875065185
0,0,0.04996591142067681
0,0,0.006366003164667399
0,0,0.008694133153828137
0,0,0.0013104249719471353
1,1,0.6371032591504913
0,1,0.5718790512705775
1,1,0.9955126935509986
1,0,0.0045184254558907075
0,0,0.00038577566975512504
0,0,0.06041581104562494
0,0,0.0466250831996574
0,0,0.019442327964191184
0,0,0.008564328482405941
0,0,0.01480458348782202
0,0,0.0005154409667971711
0,0,0.01248361603396365
0,0,0.20184238849638989
0,1,0.5906124921774696
0,0,0.07721525013337657
1,1,0.5300251410366862
1,1,0.999915564608854
0,0,0.10637404329928336
0,0,0.13641662029376517
0,0,0.020143087437733978
0,0,0.05489630327600935
0,0,0.053712113512804666
1,1,0.9999986485205823
0,0,0.0007287386105233804
0,0,0.032233273085000014
0,0,0.03141991391617134
1,1,0.9002548662089433
0,0,0.04593385725863889
0,0,0.205998086096415
0,0,0.2529521033720971
0,0,0.05477467332437121
1,1,0.9999981310497241
0,0,0.0038951922913268234
0,0,0.027680324180113562
0,0,0.01894716504113081
1,1,0.9430660804442708
0,0,0.048086957127083586
0,0,0.04240396102268086
0,0,0.020253440602612097
0,0,0.01166501423290741
0,0,0.007113329006617314
0,0,0.14441471570438935
1,0,0.37650359408843415
0,1,0.5199029772217005
0,0,0.14972292675212406
0,0,0.08760724536219654
0,0,0.07431139925679624
1,1,0.9958648806069168
0,0,0.04141692241460966
0,0,0.0029113334250322363
0,0,0.042423778211079566
0,0,0.0009996109566511445
0,0,0.028164885684225534
0,0,0.050784104846482124
0,0,0.10437013994881428
0,0,0.00459969335041722
0,0,0.05278804918846478
0,0,0.42196945710146183
0,0,0.2507562422217007
0,0,3.428351281867529e-05
0,0,0.029567761613462404
0,0,0.10973738907867109
0,0,0.15216773692594274
0,0,0.2100862530578561
0,0,0.08732520514705917
0,0,0.04229199291851231
0,0,0.0034662385875802956
1,1,0.9933818807100625
0,0,0.08067891640176625
0,0,0.2793402316197186
0,0,0.0071230903053958105
0,0,0.00981617761118533
0,0,0.37150426486209326
0,0,0.035812709872541884
0,0,0.0031615758885008578
0,0,0.02103311213023595
0,0,0.022553365402471236
0,0,0.023686968953300643
0,0,0.004274956970131042
0,0,0.048836939040205
0,1,0.5718790512705775
1,1,0.964560277173796
0,0,0.007980967007369347
0,0,0.004091298327864385
0,0,0.00021026304169636332
0,0,0.2434715199711488
0,0,0.1150199031764541
0,0,0.005184394289387824
0,0,0.09959629984775936
0,0,0.41099479544948514
0,0,0.08779470788545532
0,0,0.053318362396295595
0,0,0.07366246960185441
1,1,0.9999966804291738
0,0,0.00949957140809222
0,0,0.04384658825073934
0,0,0.048086957127083586
0,0,0.0013078268859602123
0,0,0.009655509251731413
0,0,0.10337639051074073
0,0,0.18269595899659996
0,0,0.09862403971389276
0,0,0.04686089277820962
0,0,0.05972108090024217
0,0,0.09346381448742581
0,0,0.01762039861678142
0,0,0.04560967651851597
0,0,0.12871463146995374
0,0,0.006954152032341658
0,0,0.00010644615227228176
1,1,0.9543027272001499
0,0,0.03444499691387875
0,0,0.022809826993343996
0,0,0.008206314506499297
1,1,0.9999966804291738
0,0,0.28654631106756046
0,0,0.003311023185727598
0,0,0.005233431962118376
0,0,0.0498054685104366
0,0,0.41106224653880685
0,0,0.006872496937362614
0,0,0.004103049551243816
0,0,0.014980785943866063
0,0,0.008889723774832173
0,0,0.09243342003386747
0,0,0.03850093817330513
1,1,0.9410948566117299
0,0,0.007657508081504434
0,0,0.024021522197398497
0,0,0.004089745136168348
1,1,0.9999974214555729
0,0,0.3234339757499142
0,0,0.018933233081224347
1,1,0.9969431859406318
1,1,0.9999966804291738
0,0,0.2388190427169729
0,0,0.10836721082127357
0,0,0.0049765314250513485
0,0,0.2050761931587139
0,0,0.013107129746178567
0,0,0.08610445818802023
0,0,0.03085044301153721
0,0,0.00559161498005341
0,0,0.00793513943770856
0,0,0.020328801414497874
0,0,0.2461420674711904
0,0,0.004256013634184217
0,0,0.00319090676612493
1,1,0.9999979498821073
0,0,0.034182963532219356
0,0,0.007662995280489598
0,0,0.03276783858852893
0,0,0.3085440285330547
0,0,0.003811654469493447
0,0,0.0030164079335962043
0,0,0.012141252707541236
0,0,0.42641060309702444
0,0,0.061110615032619144
0,0,0.32054598906703313
0,0,0.000258816067944475
0,0,0.10410746125180682
0,0,0.007861498762177935
0,0,0.4743474611824561
0,0,0.029100432325202905
0,0,0.0015447792092520996
1,1,0.9999989875016777
0,0,0.025395141088584802
1,1,0.5527956959231173
0,0,0.06567083546308351
0,0,0.06871887656155543
0,0,0.0008989048899588212
0,0,0.014006930481214831
1,1,0.9999967418747816
1,1,0.999998765996982
0,0,0.0021424647724962776
1,1,0.9999974474866807
1,0,0.4356665461849467
0,0,0.0016337336819572574
0,0,0.006897896559415432
0,0,0.000902348629432971
0,0,0.0924057410299568
0,0,0.105360621588306
0,0,0.034413128616678605
0,0,0.0022783147145586224
0,0,0.027929493758202587
0,0,0.0016195737120871354
0,0,0.004626316247830083
0,0,0.002767189381523247
0,0,0.017617246774031887
0,0,0.3007537104802585
0,0,0.0016047267358932982
1,0,0.13928613724794192
0,0,0.37905814675578214
0,0,0.07622393682477174
0,0,0.06419699516906159
0,0,0.015513223803264281
0,0,0.005598165715494734
0,0,0.006115651516074172
0,0,0.017755111727073596
0,0,0.12891824967578772
0,0,0.08773214037228588
0,0,0.0021743974913171144
0,0,0.054239055516027104
0,0,0.016947312675441167
0,0,0.03047588189047132
1,1,0.9912855078099829
0,0,0.029512254241807694
0,0,0.031819115581264004
0,0,0.28884005951194736
0,0,0.007183645755839642
0,0,0.011952933186419256
0,0,0.022475692768091145
0,0,0.049381431847426306
0,0,0.04155718802590218
0,0,0.010295850259179357
1,1,0.9999966804291738
0,1,0.5697449283222067
0,0,0.021085512631473857
1,1,0.9999977168367039
0,0,0.18294338566258528
0,0,0.016686693009571818
0,0,0.009366086140248643
1,1,0.9999964734721614
0,0,0.011651922229509799
1,1,0.9978588784006276
0,0,0.0042729708214392995
0,0,0.08726879613145182
0,1,0.5083990026408512
0,0,0.038118210612927736
0,0,0.007273692490711745
1,1,0.9999974214555729
0,0,0.007802276977266861
0,0,0.07979552473625656
0,0,0.05017285239396967
1,1,0.9999966804291738
1,1,0.9999966804291738
0,0,0.001537014137064316
1,1,0.9999970717796709
0,0,0.03698120684671968
0,0,0.016158869611245786
0,0,0.048222765901344
1,1,0.99999769680895
0,0,0.04745248359193621
0,0,0.24237259334087963
0,0,0.026258522816552922
0,0,0.024167504074630985
0,0,0.003502380172079239
0,0,0.00515931131983217
1,1,0.974477823963614
0,0,0.07107952775800142
0,0,8.356300227906981e-05
0,0,0.0067154092579984415
0,0,0.003447711072055181
1,1,0.9885887941422355
0,0,0.03960283398124425
0,0,0.022861317022240688
0,0,0.006757552319302649
0,0,0.051532236794862255
0,0,0.001098671452028086
0,0,0.003003336717956922
1,1,0.9999974214555729
0,0,0.1536058792014817
0,0,0.016437930388770665
0,0,0.04481361448689265
1,1,0.6756659280654151
0,0,0.020180585833051875
0,0,0.0001233012408857963
0,0,0.0806190893306227
0,0,0.30515959869438386
0,0,0.007533602202676969
0,0,0.02012334188672407
0,0,0.09116987784132786
0,0,0.017783871413000155
0,0,0.32284415071231154
0,0,0.015161697847619927
0,0,0.004911819795562923
0,0,0.016256814588345252
1,0,0.3581238303684455
0,0,0.00913996922297387
0,0,0.00048652467998922384
0,0,0.07693382724677159
1,1,0.9729231083003982
0,0,0.001988770068239089
0,0,0.0777149486793463
1,1,0.9999974214555729
0,0,0.048798958799930015
0,0,0.05848045712978707
0,0,0.25594757383107664
0,0,0.008914193226573922
1,1,0.9999964734721614
1,1,0.8435231562906282
0,0,0.009784401221194538
0,0,0.008016952055150474
0,0,0.21535766139925058
0,0,0.030702987432393657
0,0,0.045226230477955945
0,0,0.02362449744689223
0,0,0.0649769863038041
0,0,0.11187780224075392
0,0,0.025119220516877698
0,0,0.2501541043425251
0,0,0.24951416318803007
1,1,0.7091041179733008
0,0,0.10384241225437528
0,0,0.0019107780164825344
0,0,0.007126486370518738
0,0,0.0003874314096531647
0,0,0.02826247864667238
1,1,0.9999966804291738
1,1,0.9999964734721614
0,0,0.0030872769853557288
0,0,0.08510679905524172
0,0,0.007932542577694235
0,0,0.09117304875558524
0,0,0.04552153203631435
0,0,0.1100555952016954
0,0,0.10574855042993228
0,0,0.01720090370281641
0,0,0.009486622752301624
0,0,0.016039414013536563
0,0,0.13832912214394238
0,1,0.5115739574623472
0,0,0.023997853364140884
0,0,0.4230467062228313
0,0,0.08541199434706578
0,0,0.16490641033777081
1,1,0.9999966804291738
1,1,0.9999964734721614
0,0,0.05939719428253126
0,0,0.010834124018797398
0,0,0.011934783943915261
0,0,0.0014143663517815052
0,0,0.10951119353089803
0,0,0.1408974859059569
0,0,0.0595066855230266
0,0,0.001906381307761023
0,0,0.029720301746935414
0,0,0.0537632774602393
0,0,0.13689208764039656
1,1,0.9826144247192133
0,0,0.06685022257933312
1,1,0.8248124109559561
0,0,0.0021789765565956225
1,1,0.9999967418747816
0,0,0.10984077679349023
0,0,0.013052274472694296
0,0,0.0019574685668666456
0,0,0.06406235987196014
0,0,0.009870872665320529
0,0,0.005504417092990187
0,0,0.12630330016808883
0,0,0.028950483440000386
0,0,0.034443439174970704
0,0,0.41631666343722307
0,0,0.11773369173633479
0,0,0.018399030156946307
0,0,0.01217440521482494
1,0,0.35754519395173706
0,0,0.039453702582774815
1,1,0.9999974214555729
0,0,0.051808255275338166
0,0,0.04962013802288477
1,1,0.9999966804291738
1,1,0.7165230956542422
0,0,0.02205435988936586
0,0,0.09159359479205563
0,0,0.04046334607922636
0,0,0.007129765879894462
0,0,0.015784989595150654
0,0,0.015665686181348136
0,0,0.007552751354732373
0,0,0.007334920009512513
1,1,0.7605825603151943
0,0,0.01351967225927157
0,0,0.035449531823761184
0,0,0.4743474611824561
0,0,0.03373738873785207
0,0,0.004210383579876442
0,0,0.06647487736214536
0,0,0.026646151381551818
0,0,0.018289454843063012
0,0,0.0018973863133404838
1,1,0.999998765996982
0,0,0.03226241365894425
0,0,0.03948664952507858
0,0,0.029913618977297066
0,0,0.0027007769391421167
1,1,0.9999962625821728
1,1,0.957457255217383
0,0,0.06301568643341347
0,0,0.00300358178573274
0,0,0.045354977893238405
0,0,0.08823484507909429
0,0,0.45878022198924434
0,0,0.059595593114922775
0,0,0.04759091505647495
0,0,0.012345185548614275
0,0,0.1629294097648626
0,0,0.05775758901722107
0,0,0.008382149463581125
1,1,0.9999966804291738
0,0,0.012522052044912597
0,0,0.005314107787161566
0,0,0.00015988795233904527
0,0,0.029691565733343975
0,0,0.0003954680219163782
0,0,0.004259597496198774
1,1,0.7788534244569001
1,1,0.999915564608854
0,0,0.019383772687826414
0,0,0.006002755468927083
0,0,0.08365654068173367
0,0,0.0005520801395927224
0,0,0.020395631671083343
0,0,0.016210123995579237
0,0,0.046738910985212954
0,0,0.009246384023689174
0,0,0.04675724661681199
0,0,0.018508634014925515
0,0,0.02566629762537677
0,0,0.06957293844544352
0,0,0.2240165990973716
0,0,0.01451162271534084
0,0,0.11880817275651387
0,0,0.017410278697426552
0,0,0.023113420319106
0,0,0.007914174452983896
0,0,0.22099949681979267
0,0,0.27099553252312547
0,0,0.016536994273868257
0,0,0.052638986548680336
0,0,0.11566480218733625
0,0,0.030049890682666964
0,0,0.004067015093038126
0,0,0.21268097206493597
1,0,0.30846773622650986
1,0,0.3306899282927258
0,0,0.2772060912940177
0,0,0.023231562645402184
0,0,0.12112762368438049
0,1,0.5321040436616326
0,0,0.04647029712444906
0,0,0.09273907307121214
0,0,0.004086718889620542
0,0,0.04802157959774307
0,0,0.03997065004105155
0,0,0.4294719060132129
0,0,0.1336568566801249
0,0,0.00019185377457717236
0,0,0.02505862151710997
0,0,0.05718452590382693
0,0,0.1536058792014817
1,1,0.9999974214555729
0,0,0.007954148947515016
0,0,0.011930325955764851
0,0,0.009967800590426063
1,1,0.9999966804291738
0,0,0.1882708547939549
0,0,0.038847832706546626
0,0,0.06476610501553978
0,0,0.017715444605044702
0,0,0.09232127838942182
0,0,0.01503446269849121
1,1,0.9999962623084329
0,0,0.0002678120860057926
0,0,0.11597007361870489
0,0,0.08080853621266208
1,1,0.9998625326264806
0,0,0.017432141268630474
0,0,0.017989544873864376
0,0,0.027197169981702508
0,0,0.035609227475896475
0,0,0.07622229501155228
0,0,0.019183658329247465
1,1,0.9999974214555729
0,0,0.017531319516557016
1,1,0.9999944704924432
0,0,0.0040475409578982335
0,0,0.1515181309487011
0,0,0.0009763537935673835
0,0,0.06313667496627613
0,0,0.1808701199364563
1,1,0.6587201673219825
0,0,0.007861911414262485
0,0,0.009078430222838862
0,0,0.1048453016205069
0,0,0.0023906766407701023
0,0,0.0555426960312949
0,0,0.16287597740626297
0,0,0.015513223803264281
0,0,0.013153469820027873
1,0,0.4720369142317622
0,0,0.08537198118164763
0,0,0.0070712597531058675
0,0,0.010703699907249472
0,0,0.022658805811086934
1,1,0.9497796352867967
0,0,0.02052069033494778
0,0,0.0725995275037202
0,0,0.07194260179541409
0,0,0.06168280324348535
0,0,0.001508246175227656
0,0,0.3823809430868636
0,0,0.08481086497865817
1,1,0.5551975909431983
1,0,0.012164914612518998
1,1,0.8951219015806703
1,0,0.1471322561089004
0,0,0.04207222127977029
0,0,0.002343491731807681
0,0,0.008208377065583874
0,0,0.04404979685626802
0,0,0.11953762850538988
0,0,0.024574070032108323
0,0,0.07720810250113949
0,0,0.035995829732086364
1,1,0.9999986485205823
0,0,0.42196945710146183
0,0,0.05193256481179702
1,1,0.999995874961105
0,0,0.06550793917868995
0,0,0.05992123558672389
0,0,0.005814905663864307
0,0,0.2748530693046785
0,0,0.03582065849968372
0,0,0.02857791432146809
0,0,0.37650359408843415
0,0,0.006526040071562652
0,0,0.15034068685958735
0,0,0.0064610779370490225
0,0,0.002163691370901492
0,0,0.027058515549570998
0,0,0.08136303092054491
0,0,0.0036656599351124106
0,0,0.014399368441542555
0,0,0.21195479010364582
0,0,0.011837667593920456
0,0,0.015154496461315134
0,0,0.2020535914463931
0,0,0.01964120646516238
0,0,0.00432676305696141
1,1,0.9999977168367039
0,0,0.016133920527003767
0,0,0.005267579490729437
0,0,0.006181948028607027
0,0,0.007540599568368928
0,0,0.008506301704779829
1,1,0.9999971242915849
0,0,0.0015023067294590963
1,1,0.961388854380093
0,0,0.2311695660622885
0,0,0.08401958507805633
0,0,0.02824079575808904
0,0,0.0427537001633083
0,0,0.29907787300509087
0,0,0.01726385801686973
0,0,0.049157596802191436
0,0,0.00040987626341320373
0,0,0.0009524351931917447
0,0,0.025236301373814208
0,0,0.33129855720542245
1,1,0.7601233329952156
0,0,0.062492603352696234
0,0,0.01043694398662735
0,0,0.07331969242970818
1,1,0.999998765996982
0,0,0.015770869916482938
0,0,0.0026652150077639664
0,0,0.017232814339800222
0,0,0.06857817290955345
0,0,0.010460735682289907
1,1,0.9652557718527662
0,0,0.10019368919510474
0,0,0.003625413967565418
0,0,0.07984245540114
1,1,0.9999202191461362
1,1,0.9999974214555729
1,1,0.9999967421133994
0,0,0.2012087055360661
0,0,0.0037708476069171384
0,0,0.02513266866925117
0,0,0.08489432434448836
0,0,0.017512898165285593
0,0,0.0724565859300022
0,0,0.04905657396937756
0,0,0.04740596625138114
0,0,0.01540637438231746
0,0,0.07928857042250136
0,0,0.0005252310372383889
0,0,0.012491901680821774
1,1,0.9999974214555729
0,0,0.02740150496998294
0,0,0.014129644733584445
0,0,0.11612416843373727
0,0,0.005478187718839317
1,1,0.9945207500376988
0,0,0.0033999466363576086
0,0,0.003137320838906505
1,1,0.7553354283700389
0,0,0.0011062004109739648
0,0,0.03299753849217512
0,0,0.014619490379550695
0,0,0.244634264197554
1,1,0.9999966804291738
0,0,0.003972316328571621
0,0,0.08921984535446503
0,0,0.20262353578726128
0,0,0.003402922147345267
0,0,0.03252881864443667
0,0,0.020274050618915816
0,0,0.08410861085384923
0,0,0.14799594378632158
0,0,0.0156263316733381
0,0,0.16691374710767318
0,0,0.05128158064689018
0,0,0.1078886057942032
0,0,0.001295981187576592
0,0,0.4678885506691303
0,0,0.03094002024188062
0,0,0.02598983502015641
0,0,0.005945590136634017
0,0,0.009153964130291459
0,0,0.005398696239573628
0,0,0.01229447280071016
0,0,0.01901065053804532
0,0,0.020759845734024892
0,0,0.010558028445168533
0,0,0.12648465879785384
1,1,0.999998765996982
0,0,0.0017236622336371742
0,0,0.03713966505346497
0,0,0.00686788574296109
0,0,0.004670086987923754
0,0,0.0014196381299254887
0,0,0.007514549155261286
0,0,0.028077146558608105
0,0,0.000777684986624731
1,0,0.17625953430910604
0,0,0.0843419022855488
0,0,0.011221552204282845
1,1,0.5478277162284978
0,0,0.004590110376137751
0,0,0.012971024445390611
0,0,0.004039750135932705
0,0,0.0006783782955470826
0,0,0.18694459887305165
1,1,0.9999974214555729
0,0,0.00036670305197733326
0,0,0.017520103402510357
0,1,0.6580593805934237
0,0,0.007392269527437168
0,0,0.018521895393417823
0,0,0.003916955065166815
0,0,0.03646447659722547
0,0,0.014809494766971453
0,0,9.062326290521956e-05
0,0,0.21627214748990667
0,0,0.02952588592061179
1,1,0.9999986485205823
1,1,0.9999966804291738
0,0,0.007084390046061608
0,0,0.010731705297429396
1,1,0.9999970717796709
0,0,0.004905044227609522
0,0,0.028359978781610645
1,1,0.9806273361166071
0,0,0.0033476807483269577
1,1,0.9999962625821728
0,0,0.0015138528439926993
0,0,0.17288097349791182
0,0,0.021761856390030775
0,0,0.011309527777041811
0,0,0.030642965225438554
0,0,0.013024378496265478
0,0,0.03863555020403469
1,1,0.7327334163559632
0,0,0.1346536853103122
0,0,0.030144243831686037
0,0,0.028736618968379132
0,0,0.02036288006482156
0,0,0.017955914927660795
0,0,0.06213354923117396
0,0,0.011645398596789015
0,0,0.0005665077261803733
0,0,0.000937005674587533
0,0,0.04143263954740687
0,0,0.19613503115252004
0,0,0.00775497299696503
0,0,0.0008986548098110394
0,0,0.17087375898243784
0,0,0.006028640038141197
0,0,0.2858699333037115
0,0,0.03297113310617073
0,0,0.003436736446691486
0,0,0.30663444814112767
1,1,0.999962922966755
1,1,0.9999974214555729
0,0,0.03387557207792758
0,0,0.00479688295772878
0,0,0.15072564316299672
0,0,0.026657186991089186
0,0,0.05246938958498257
0,0,0.07325720572074634
0,0,0.0052219940706350705
0,0,0.005698090212243528
0,0,0.16562894638133413
1,1,0.9823075207760394
0,0,0.08204130903293759
0,0,0.07504938311866668
0,0,0.2998044648896645
1,1,0.9999976198535029
0,0,0.195002867214365
0,0,2.3917374056758453e-05
0,0,0.029953969268312227
0,0,0.0023250315774619138
0,0,0.1500814038439359
0,0,0.11033604682740056
0,1,0.5599841024970666
0,0,0.07686996667046388
0,0,0.008213255940785579
0,0,0.010877486526404797
0,0,0.025723680495286224
0,0,0.06186648628532188
0,0,0.03428745496500679
0,0,0.007902448630102327
0,0,0.031710629108597566
0,0,0.041162377168425364
0,0,0.0018561847488198046
0,0,0.019272836621380483
1,1,0.9999977168367039
0,0,0.00230419320866873
0,0,0.030730579786205567
0,0,0.05242583260254114
0,0,0.08821043442497464
0,0,0.3085440285330547
1,1,0.9999202191461362
0,0,0.016215304028825015
0,0,0.015150070272737057
0,0,0.0045358121702253435
0,0,0.029508623418089283
0,0,0.0018698589760879798
0,0,0.16216270395383633
0,0,0.052559914051031775
0,0,0.4549237215723787
0,0,0.004429657383627002
0,0,0.0290582250996318
0,0,0.015822283143104608
0,0,0.015955063250762656
0,0,0.0005656885192722664
0,0,0.04203043148824289
0,0,0.01927206699031278
0,0,0.0010802882856010367
0,0,0.009641886908836576
0,0,0.04910628994714885
0,0,0.002362995216444196
0,0,0.059023700083999056
1,1,0.9999974214555729
1,1,0.9999974214555729
0,0,0.021285724294763546
0,0,0.2620348901846435
0,0,0.0049652432089843015
0,0,0.370275714490125
0,0,0.00016655131920798022
0,0,0.26375196131874007
1,1,0.9692423785213282
1,1,0.9999981310497241
0,0,0.014427664633476582
0,0,0.005114995276513601
0,0,0.040662706857313526
0,0,0.1647157539996588
0,0,0.07080736588343522
0,0,0.005057258353008042
0,0,0.00984933555116325
1,1,0.9999967421133994
1,1,0.9999973431607314
1,1,0.9869089480352924
0,0,0.11330226543517846
0,0,0.005330565779077902
1,1,0.9861248803357497
0,0,0.042357176908780436
1,1,0.9988092562783524
0,0,0.023012171543240496
1,1,0.9999979498821073
0,0,0.010012531108881383
0,0,0.05925469918000019
0,0,0.017682694395328456
1,1,0.6332259342938861
0,0,0.0014442013900453298
0,0,0.007826881161396829
0,0,0.009274577173821871
1,0,0.33572294224814314
0,0,0.0003872042646126763
1,1,0.9999979498821073
0,0,0.12697796042513454
1,1,0.8793115273409864
0,0,0.007328928862583964
0,0,0.013585756519563383
0,0,0.17694321928829235
0,0,0.029619664889742388
0,0,0.007271995242127924
0,0,0.04050059291434864
0,0,0.004083632806194576
0,0,0.00024943400315524975
0,0,0.015048119452718809
0,0,0.07892889143048974
0,0,0.019438234376291018
0,0,0.03184822696133875
0,0,0.03207291310049649
0,0,0.000916417630164447
0,0,0.49616330031996664
0,0,0.016607253119209693
0,0,0.10749588410804749
0,0,0.2959815320300676
0,0,0.014185860611091403
0,0,0.008008513543548626
0,0,0.14356663211151915
0,0,0.02699483228793997
1,1,0.9999964734721614
0,0,0.00564606717496517
0,0,0.027149320738403662
0,0,0.10389663425887154
0,0,0.4176205842355223
0,0,0.20708971442513582
1,1,0.9999974214555729
0,0,0.002884035524206273
0,0,0.14947939329799304
0,0,0.014921500969710273
1,1,0.9999974214555729
0,0,0.03027860335959956
0,0,0.012773102253806307
0,0,0.015469423420839344
0,0,0.011738596283689628
0,0,0.42886099287621643
0,0,0.15887976586806912
0,0,0.007669305050872618
1,1,0.9999974474866807
0,0,0.036822315283837434
0,0,0.036626779921031506
0,0,0.014594051116892059
0,0,0.00364325799251756
0,0,0.0030397213246848263
1,1,0.6630914984887262
0,0,0.03860501744570763
0,0,0.034183134990521835
0,0,0.11082587928633088
1,1,0.8391219662550994
0,0,0.01577474739484622
0,0,0.02750741448592958
0,0,0.024474512564778915
0,0,0.16665083645653725
0,0,0.011021146032051399
1,1,0.8569133374505855
0,0,0.018321253300189768
0,0,0.20310120261919415
0,0,0.02636511245958585
1,1,0.9999967421133994
1,1,0.9999944704924432
0,0,0.009825962155418217
0,0,0.006391665582509489
1,1,0.9999979498821073
0,0,0.040157388920046694
1,1,0.9999962623084329
0,0,0.005701329053017574
0,0,0.2893487216424013
0,0,0.030966458184136302
0,0,0.049552054001568556
0,0,0.0032256899663499605
1,1,0.9980536095990921
1,1,0.9999966804291738
0,0,0.27821582737156153
0,0,0.03164636605269779
0,0,0.05482675572331299
0,0,0.00392491842531021
0,0,0.0010740586127720004
0,0,0.08823177063852462
0,0,0.09982941529695735
0,0,0.14168182255342404
1,1,0.8468115567860828
0,0,0.3474102694775093
1,1,0.5272294666962359
1,1,0.991576662440512
0,0,0.005539089611622937
0,0,0.0013108168715245051
0,0,0.02952775432974987
0,0,0.48239297332980174
0,0,0.13867284071886524
0,0,0.0003058519943073083
1,1,0.9999966804291738
0,0,0.046024843522691546
0,0,0.01150592265196615
0,0,0.021571909330255178
0,0,0.08659694362219925
0,0,0.022545219685030968
1,1,0.9999944704924432
0,0,0.1320989387883006
0,0,0.16376917750381936
1,1,0.9999986485205823
0,0,0.0011083371790710827
0,0,0.005133896920508515
0,0,0.34400094800276404
0,0,0.30515959869438386
0,0,0.07943639239404685
0,0,0.002789383711819409
0,0,0.021721756837271313
0,0,0.23424918345033893
0,0,0.09304187063116766
0,0,0.013825000018574587
0,0,0.016486453023546194
0,0,0.06462258919143411
0,0,0.19937868400057387
0,0,0.08831333233523633
1,1,0.9999944141014446
0,0,0.007366974591893722
0,0,0.0007673902127258588
0,0,0.04679888663506991
0,0,0.0030379436136270433
0,0,0.036266119382061125
0,0,0.0011291046406738808
0,0,0.0373109842826302
0,0,0.020696523538168518
0,0,0.0023061379276771415
0,0,0.022029878081093537
0,0,0.09422327095436031
0,0,0.013035484313125924
1,1,0.9841172552735991
0,0,0.17417482942099857
0,0,0.21566718565774753
0,0,0.06619138121074745
0,0,0.018979253416308565
0,0,0.10980372680400032
0,0,0.0008675013579639161
0,0,0.004507450282929339
0,0,0.12523699802894264
0,0,0.035491544976646985
0,0,0.0605586990585791
0,0,0.013047283664621984
0,0,0.02787666038956158
0,0,0.14073206944057556
0,0,0.030518762255593076
1,1,0.9999977168367039
0,0,0.017262220214950493
0,0,0.014655264783221536
0,0,0.003803145937862461
0,0,0.04541944203989247
0,0,0.0034165284698116027
0,0,0.4549237215723787
0,0,0.022956841276696376
0,0,0.0552637643599202
0,0,0.010755429583227527
0,0,0.17618741026571968
0,0,0.011141833018050768
0,0,0.00872694933172545
1,1,0.9999974214555729
1,1,0.7482852006104531
0,0,0.00754876004371538
0,0,0.01039421492008282
0,0,0.0640380596927297
0,0,0.004388126199128412
0,0,0.032931664519146586
1,1,0.9874938203667574
0,0,0.04806196589201382
0,0,0.005000363079093163
0,0,0.10512109721768015
0,0,0.0652183499452107
0,0,0.005797439105779711
0,0,0.0407671911004577
0,0,0.12754448603115573
0,0,0.1177827193313275
0,0,0.1932343651953403
0,0,0.02824414290265959
0,0,0.01687232604550819
0,0,0.08192343980102222
0,0,0.1536058792014817
0,0,0.011363933707159503
0,0,0.0016378768986131124
1,1,0.9764860155776663
0,0,0.013929767041622515
0,0,0.08494205346949785
0,0,0.002456812942549867
1,1,0.9999976650563936
0,0,0.06665228658897754
1,1,0.84343208034469
0,0,0.01369814796556761
0,0,0.045380469510488
0,0,0.0011803639921785076
0,0,0.025074859562633393
1,1,0.9999974214555729
1,1,0.9939252824997865
0,0,0.010550226243345243
0,0,0.006946458054971916
0,0,0.12074764280818011
0,0,0.003817389740610486
0,0,0.029303596226788235
0,0,0.0016207786049445088
0,0,0.04836664683618497
0,0,0.14542092857357378
0,0,0.0008124434939767966
0,0,0.008890262284480714
0,0,0.05946461450447097
0,0,0.026388610487507517
0,0,0.03013401817431993
0,0,0.2867890584033815
0,0,0.00536844507055474
0,0,0.15262618810824916
0,0,0.05513614146301805
0,0,0.06975198906155634
0,0,0.01882852933825527
0,0,0.027129008428995807
0,0,0.010743528281383845
0,0,0.003149175507721839
0,0,0.08086001434045156
0,0,0.012507844358868085
0,0,0.009650991184716346
0,0,0.1469290287448763
0,0,0.03306606986056349
0,0,0.1391691361020407
0,0,0.07202246844575898
0,0,0.011156616742449419
1,0,0.430820635821914
0,0,0.00921114361782938
0,0,0.016710366591979334
0,0,0.03197111407546587
0,0,0.02826258760778942
0,0,0.08113568222130516
0,0,0.12952892734915158
0,0,0.015464430306793687
1,1,0.9999989875016777
0,0,0.008521035520205809
1,1,0.9999977168367039
0,0,0.00026727277930955866
0,0,0.009102382172379702
0,0,0.09305763798671475
0,0,0.017432141268630474
1,1,0.9999979498821073
0,0,0.1459241054622136
0,0,0.02735914384799793
0,0,0.3148250258342078
0,0,0.005082403050889756
0,0,0.27215146369886334
0,0,0.13356261850182657
1,0,0.16604067829194805
0,0,0.10751049978501094
0,0,0.019739114750618226
0,0,0.01734209431204528
0,0,0.1450416852900147
0,0,0.003464668363060973
0,0,0.05299338416544207
0,0,0.029446348209848615
0,0,0.37650359408843415
1,1,0.9999957589384425
1,1,0.9999967418747816
0,0,0.02422656033764339
0,0,0.26690545711708297
0,0,0.4573749969207624
0,0,0.4241862254891637
0,0,0.3376611854254449
0,0,0.010014956579781282
0,0,0.007173841723156561
0,0,0.01342472258299474
0,0,0.006628852688929894
0,0,0.0064915574135014165
0,1,0.5439466810719537
0,0,0.05996788992203814
0,0,0.08922934551175203
0,0,0.03671482055481668
0,0,0.014165098740078645
0,0,0.05487536364361305
0,0,0.05043878415031813
0,0,0.03944682731216908
0,0,0.07061632881969145
0,0,0.02953071496497145
0,0,0.11842188771563789
0,0,0.036587143594157705
0,0,0.00713987052428504
0,0,0.021628991337305406
0,0,0.012171458593336784
1,1,0.997458786950704
0,0,0.021105734387769366
0,0,0.11552219880747108
1,1,0.9999964734721614
0,0,0.029513590293454465
0,0,0.022593057591827264
0,0,0.03307884923891552
0,0,0.016969189417958698
0,0,0.0012970828782772872
1,1,0.9999967421133994
0,0,0.16154834848463662
1,1,0.9999986485205823
0,0,0.011726758417787747
1,1,0.9999970717796709
0,0,0.04342590224326135
0,0,0.0702250706453239
0,0,0.0075348561538265725
0,0,0.00011544661575432961
0,0,0.0189154728849701
0,0,0.21414570050049808
0,0,0.044341163738350974
0,0,0.19429844774092242
1,1,0.9999808399431727
0,0,0.035019524164245766
0,0,0.05750868620563389
0,0,0.2196011764720835
0,0,0.37650359408843415
1,0,0.08513544056059455
1,1,0.9965451889050398
0,0,0.08060249943194092
0,0,0.017861525287788713
0,0,0.033956741733635436
0,0,0.0016037395278934382
1,1,0.9999966804291738
0,0,0.05140207989513924
1,1,0.9999966804291738
0,0,0.004677693183953668
0,0,0.0032752211776350747
0,0,0.11407320513433102
0,0,0.01963606444052905
0,0,0.14892956397806215
1,1,0.9999974214555729
0,0,0.005023921345014468
0,0,0.0024376065135666984
1,1,0.9961286892175503
0,0,0.007303756085651545
1,1,0.9762302364903048
0,0,0.021896554046588357
0,0,0.002142205770874924
0,0,0.2758164807834774
0,0,0.07320542274472348
0,0,0.017017739425823436
0,0,0.08946706278093312
0,0,0.024277978893276105
0,0,0.06709008170141847
0,0,0.011301607689147834
0,0,0.30973449525930696
0,0,0.02628204756389423
0,0,0.013178223064584476
0,0,0.07278591232482293
0,0,0.05615145356975981
0,0,0.0017637304380810892
1,1,0.7456557203138552
1,1,0.9999977168367039
0,0,0.01854190562514757
0,0,0.04991253391661683
1,1,0.9999974214555729
0,0,0.003149175507721839
0,0,0.01412024431816744
0,1,0.5513907122061006
1,1,0.9999974237616135
1,1,0.8488727910500217
1,1,0.9958670231154952
0,0,0.0198840126275121
0,0,0.04158784200936064
0,0,0.005206787162065949
0,0,0.0033894693136086868
0,0,0.031994853927800125
0,0,0.021130284541205673
0,0,0.36897291227475604
0,0,0.004145666675196587
0,0,0.002701238263132841
0,0,0.13431727241381458
0,0,0.0025976693041092074
0,0,0.008753209138892654
0,0,0.03891567848107352
0,0,0.08312276714047298
0,0,0.08595124295019638
0,0,0.015048119452718809
0,0,0.047863844964781056
0,0,0.05461185631118052
0,0,0.05437245394169691
0,0,0.00043035164067967277
0,0,0.008465911314392246
1,1,0.9999966804291738
0,0,0.01750430204846525
0,0,0.09618018051526646
0,0,0.05255211268796462
0,0,0.10046172368634365
0,0,0.22971917460278812
0,0,0.03024512919872238
0,0,0.039231976482709374
1,1,0.9999974214555729
0,0,0.0042770275058248075
0,0,0.06446902290703216
0,0,0.0008675013579639161
0,0,0.058135475919946965
0,0,0.0033458895725016736
0,0,0.05024851446418779
0,0,0.16659146828818225
0,0,0.024193006711656757
0,0,0.023369122863180068
0,0,0.01978729450918898
1,1,0.9999979498821073
1,1,0.9903892477639407
0,0,0.010746732572791498
0,0,0.010814337266278506
1,1,0.9999967421133994
0,0,0.010512728051557453
0,0,0.005743310341435105
0,0,0.016942166509291368
1,1,0.9999977168367039
0,0,0.007136747311479693
0,0,0.018401478376531957
0,0,0.02187973345332374
1,1,0.9837367297147059
1,1,0.9999974214555729
0,0,0.00937698167806912
0,0,0.39239828985902075
0,0,0.058749707163818145
0,0,0.04130034783291916
0,0,0.06093256816866462
0,0,0.0023163535496917927
0,0,0.015513223803264281
0,0,0.0017603436513812362
0,0,0.04710887732140762
0,0,0.050070745687466306
0,0,0.09277229575465602
0,0,0.009959068512206034
1,1,0.999998765996982
0,0,0.015176700350409847
0,0,0.07294507654389157
0,0,0.05285048966353095
0,0,0.010369819829942346
0,0,0.05840980617924526
0,0,0.03441038286894359
0,0,0.004824930940226864
0,0,0.009329547180838253
1,1,0.9999974214555729
0,0,0.10407756749072233
0,0,0.07756993267161755
0,0,0.04274405039828165
0,0,0.17747151787255716
0,0,0.006783284004695278
0,0,0.01930347288840331
0,0,0.030859377122485827
0,0,0.07955778882237312
0,0,0.011936610814467601
0,0,0.4539632871843194
0,0,0.1294061957779886
0,0,0.025122682478000924
0,0,0.04761904435580582
0,0,0.46818599205828687
0,0,0.11851598501701803
0,0,0.045453614152368996
1,1,0.6860564452517598
0,0,0.2135881955431093
0,0,0.13502822084774715
0,0,0.14984622929641958
0,0,0.08611667620822853
1,1,0.9999967418747816
0,0,0.03657027716119305
0,0,0.01944044157968503
0,0,0.19532990366190087
0,0,0.05535340954730997
0,0,0.012872647352060585
0,0,0.01002957627265103
0,0,0.19532922312108786
0,0,0.034490094533897196
0,0,0.044677904342094135
0,0,0.004007614281226214
0,0,0.029887557870647532
0,0,0.010762841334326973
0,0,0.02215739839896908
0,0,0.025136122198881342
0,0,0.034490094533897196
1,0,0.14001951236897986
0,0,0.013174348988608569
0,0,0.015550839457195681
0,0,0.01277570332341749
0,0,0.018538566403346585
0,0,0.04464742972121945
0,0,0.039593886441474484
1,1,0.9402479625861252
0,0,0.4808407992615076
1,1,0.9999944704924432
0,0,0.046339401012462575
0,0,0.009637675294711026
1,1,0.9999977168367039
0,0,0.30993176663809524
0,0,0.007815645550308822
0,1,0.687493454776877
0,0,0.03509978653101985
0,0,0.0009345109621798662
0,0,0.01759719425408775
0,1,0.5654954395176452
0,0,0.001938996176487598
1,1,0.9999966804291738
1,1,0.9999967421133994
0,0,0.02201508704155075
0,0,0.0007958304630448484
0,0,0.0317993605628634
0,0,0.05874866490621482
0,0,0.008337036836251994
0,0,0.022387084066648837
0,0,0.09392795032866819
0,0,0.4549237215723787
0,0,0.04067377959873762
0,0,0.01189487400486438
0,0,0.20700847359006655
0,0,0.010088368888827142
0,0,0.05384433132643459
0,0,0.00023757800025115615
0,0,0.034036007634494214
0,0,0.001025036637397943
0,0,0.08013297311065204
0,0,0.14952224468312755
0,0,0.03305603316896705
0,0,0.0108972152815063
0,0,0.08850968876271319
0,0,0.2255717721902964
0,0,0.006285215198987376
0,0,0.06999266915345831
1,0,0.13981859772499133
0,0,0.022896949493435292
0,0,0.01266109747359457
0,0,0.015867242139756568
0,0,0.007000290347984093
0,0,0.003922915102955554
0,0,0.019519046079086874
0,0,0.4315563897222348
0,0,0.05564333048216164
0,0,0.07770525630998074
1,1,0.9906760833474709
0,0,0.07109836403333551
0,0,0.047180256555217966
0,0,0.004576306022452435
0,0,0.05389780629229594
0,0,0.043306739693614045
1,0,0.33924527609101635
1,1,0.8372451559278712
0,0,0.013815722524622428
0,0,0.010153838754069574
0,0,0.018110136815942722
0,0,0.049870035004677266
0,0,0.1863929306935248
0,0,0.0039081586939541234
0,0,0.008496624057424006
1,1,0.9999986485205823
0,0,0.0014311550998794308
0,0,0.02873776677630639
0,0,0.002191729996858916
0,0,0.0634731017848326
0,0,0.05434283854302238
0,0,0.023679801933679752
0,0,0.12354540666136213
1,1,0.9999967421133994
0,0,0.05527749523035985
0,0,0.05764171632446557
0,0,0.015101567407819913
0,0,0.007248400606085074
0,0,0.0007977303040954167
0,0,0.34442736897038567
0,1,0.5160057304568518
0,0,0.05434219007667191
0,0,0.06852405711128147
0,0,0.005797439105779711
0,0,0.06353667224481417
0,1,0.6049388651414186
0,0,0.19214710533669807
0,0,0.027896736069644518
0,0,0.024103782945530196
0,0,0.10133659345292963
0,0,0.005445394597826954
0,0,0.0523967090130672
1,1,0.9999957586278144
0,0,0.0771356116465028
0,1,0.7432116825916533
0,0,0.03914375331421064
0,0,0.004081612160968049
0,0,0.06361561415930425
0,0,0.06213354923117396
0,0,0.016410121487338766
0,0,0.08753026819697841
0,0,0.05725869495561718
1,1,0.9999976650563936
0,0,0.06990573973399251
0,0,0.17128965163475596
0,0,0.010681737119987919
0,0,0.019933126980191306
0,0,0.013829921123468435
0,0,0.25590677403004763
0,0,0.19839893932527047
0,0,0.0024940151898308473
0,0,0.025444977932423948
0,0,0.0504226077273824
0,0,0.0014514714782478237
1,1,0.9999974214555729
0,0,0.05574989008920474
0,0,0.008502179628488449
0,0,0.03201742294457684
0,0,0.1699910443404091
0,0,0.22310814443467233
0,0,0.01687628189008566
0,0,0.02946693190059147
1,1,0.9999966804291738
0,0,0.08443752424384142
0,0,0.041886549402100126
0,0,0.015549678535762505
0,0,0.016839252650770156
1,1,0.9999966804291738
0,0,0.020878475459314788
1,1,0.9999971242915849
0,0,0.061163474675976943
0,0,0.02869947338189139
0,0,0.05615065304098822
0,0,0.0005036636510468912
0,0,0.16101182639318665
0,0,0.0034106257908698254
0,0,0.18137542976430393
0,0,0.04927797155677873
0,0,0.0028082933470727164
0,0,0.04921593676943743
0,0,0.003086035238965676
1,0,0.2860351136101158
0,0,0.057841185253080955
0,0,0.06638990547875548
0,0,0.005342069071408174
0,0,0.05599651891147025
0,0,0.006081220692189584
0,0,0.001378157669004552
1,1,0.9777852595355522
0,0,0.4165476205138529
1,1,0.9999967418747816
0,0,0.03645225275086377
0,0,0.04693581950228361
0,0,0.001463334237921859
0,0,0.07397915579079456
0,0,0.01915191533849733
0,0,0.0887932239514775
0,0,0.19167999504652622
0,0,0.07824361725971846
0,0,0.05657431050847056
0,0,0.013210463755426866
0,0,0.04265073413328051
0,0,0.05095339120159557
0,0,0.007132825246821166
0,0,0.103781071122693
0,0,0.1679903001389273
0,0,0.09686792272054251
0,0,0.17468999485880526
0,0,0.010829721704592976
0,0,0.00010799660034870586
0,0,0.005574613753816998
1,1,0.6242933185635134
0,0,0.012377500190482092
0,0,0.0026376162435429733
1,0,0.021829798927545947
1,1,0.9265656192411585
0,0,0.016475072420521975
0,0,0.03233963504677388
0,0,0.04687207504156538
0,0,0.015330988401462247
0,0,0.02397482613511828
0,0,0.004845145140552291
0,0,0.011311438268779546
0,0,0.0714009565994301
0,0,0.11062650435237309
1,1,0.998896702929033
0,0,0.029900500936668666
0,0,0.0007673902127258588
0,0,0.25044622392116667
0,0,0.01290142205292479
1,1,0.9999974214555729
0,0,0.07265654605563492
1,1,0.9600610653696392
0,0,0.020496715519775367
0,0,0.12724860595045498
0,0,0.0009073197465166637
0,0,0.004124164161232493
0,0,0.12282526322230554
0,0,0.006185576548203319
0,0,0.030559665323825074
0,0,0.05011548472913852
0,0,0.04595692449815172
0,0,0.028560975474091522
1,1,0.8122585221577922
0,0,0.0026677458235823273
0,0,0.011510898872296444
0,0,0.3364299500060767
0,0,0.027084727131292972
0,0,0.02465592901555038
0,0,0.30515959869438386
1,1,0.9958648806069168
0,0,0.040901665424432104
0,0,0.004210994810574242
0,0,0.041620807532825224
0,0,0.09633023331647238
0,0,0.0010519957842999757
0,0,0.021365007534314136
0,0,0.12218791565969764
1,0,0.4570804332365721
0,0,0.037540742596892406
0,0,0.021364876032593634
0,0,0.20916658684330497
0,0,0.02135804869330238
0,0,0.0842840014733155
0,0,0.00032990498360576325
0,0,0.11565144342924821
0,0,0.13254544573780638
1,1,0.9952751405146403
0,0,0.0007622239145783434
0,0,0.010554999092543794
0,0,0.004289171922773604
0,0,0.37650359408843415
0,0,0.02568229915292028
0,0,0.10894908450866375
1,1,0.8618148954717437
0,0,0.3085440285330547
0,0,0.00520751067216645
0,0,0.002660442599175562
0,0,0.021356508186241564
0,0,0.022693938490139218
0,0,0.06214966308983716
0,0,0.010909228517193373
0,0,0.14158588431351143
0,0,0.3055622411114401
1,1,0.9999974214555729
0,0,0.0296118877977927
0,0,0.0007731328729101706
0,0,0.038847832706546626
0,0,0.006829693560122562
0,0,0.043109957470371024
0,0,0.0980719899253984
1,1,0.9787556601132572
0,0,0.03185507393826383
0,0,0.0038748517362056398
0,0,0.12156478676984342
0,0,0.022093521197741155
0,0,0.007253508284344343
0,0,0.02265889450635375
0,0,0.2858699333037115
0,0,0.006257334772685907
0,0,0.013004135642604494
0,0,0.003908725014196317
0,0,0.0006951908322627255
0,0,0.018025724585343527
0,0,0.1834629431914119
0,0,0.12551396094628786
0,0,0.42196945710146183
1,1,0.9576445903326516
0,0,0.005753472768258484
0,0,0.006138221278314133
0,0,0.008119990615421438
0,0,0.004814842415719166
0,0,0.001974773622600485
0,0,0.04660688823294445
0,1,0.5111335912919742
0,0,0.059874369703390405
0,0,0.19289548238966606
0,0,0.06303021852679275
0,0,0.030666679919871778
0,0,0.07356412631514349
0,0,0.027736447218595108
1,1,0.9999974474866807
1,0,0.24434604360228343
1,1,0.9999974214555729
0,0,0.01781307704483529
0,0,0.010965103921631672
0,0,0.0007992908512393293
0,0,0.38568951616732366
0,0,0.0020850620999870745
1,1,0.9999964734721614
0,0,0.2584318937046738
0,0,0.015464039990521119
0,0,0.007634239367243365
1,1,0.9999966804291738
1,1,0.995928849111167
0,0,0.001775158614006904
0,0,0.04319718459571383
0,0,0.05688937155513209
0,0,0.006963206588029074
0,0,0.13495041490180867
1,1,0.9999977168367039
0,0,0.00019359470040309593
1,1,0.9840480608920004
1,1,0.9999966804291738
0,0,0.028050346598471804
0,0,0.40242295170865655
0,0,0.020580563229727376
0,0,0.05840980617924526
1,0,0.18823721762397527
0,0,0.10973738907867109
0,0,0.00278449504316132
0,0,0.02940276932010074
0,0,0.004169953710556561
0,0,0.011098639083775877
0,0,0.033585350715389845
0,0,0.046000883263308784
0,0,0.00023121312074454066
0,0,0.051654264582006615
0,0,0.004797750924023876
0,0,0.038505035611034445
0,0,0.018836474154410632
0,0,0.004233156745941835
0,0,0.03988816786396724
0,0,0.266352809063993
1,0,0.08279344799794795
0,0,0.11207202848457709
0,0,0.028096639351769915
0,0,0.0004202305306366513
0,0,0.14786724452247052
1,1,0.9999974214555729
0,0,0.020079364930514033
0,0,0.07062106420358251
0,0,0.012359677890500785
0,0,0.06840965568624416
0,0,0.009298661555574324
0,0,0.06655591973719731
0,0,0.026591892153470062
0,0,0.028506853081765718
0,0,0.0020949925271504834
0,0,0.16522980904919968
0,0,0.06399342278302259
0,0,0.002111537416959579
0,0,0.003921255058509712
0,0,0.1128459890388017
0,0,0.13658233788315763
0,0,0.0642933710325785
0,0,0.02955506033004459
0,0,0.19808289734175372
0,0,0.009238423734066931
0,0,0.4793573592288483
0,0,0.03796562382553037
0,0,0.002209782854768014
1,1,0.9758619125487715
0,0,0.09325844897387749
0,0,0.039172762834850966
1,1,0.9999985843625584
1,0,0.029761283521723487
0,0,0.0192875144853966
0,0,0.15626355946567738
0,0,0.0032150126047505393
0,0,0.02655810030719923
0,0,0.005625411351170594
0,0,0.10091494536645781
0,0,0.019497862025714206
0,0,0.04558688113372307
1,1,0.6431729713905459
0,0,0.04822637693504098
0,0,0.05063513950277116
0,0,0.0036268449080958955
0,0,0.010181436686848717
0,0,0.007410256589773501
0,0,0.0322810112098723
0,0,0.15239521163084876
1,1,0.5160057304568518
0,0,0.1614905311758584
0,0,0.06268721124547932
1,1,0.9999974214555729
0,0,0.21260452692790321
0,0,0.015097333322034282
1,1,0.9999977168367039
0,0,0.04736851370729048
0,0,0.45702870594244055
0,0,0.012115539987952572
1,1,0.9999967421133994
0,1,0.5853682492012663
0,0,0.021628991337305406
0,0,0.0004346450880407115
0,0,0.30515959869438386
0,0,0.03960763251547761
0,0,0.07665417081574089
0,0,0.009497766824146254
1,0,0.1598210071891419
0,0,0.037718863547788854
0,0,0.2865259273225552
1,1,0.9796468724675258
0,0,0.05137701178254591
0,0,0.043993021435504466
0,0,0.17810148253261127
0,0,0.0012315345907658783
0,0,0.0007805327502918497
0,1,0.5093458953139766
0,0,0.044432267845992295
0,0,0.0038032936198367394
0,0,0.007019558087745434
0,0,0.07224057327817972
0,0,0.0025850539809556777
0,0,0.14363083233478796
0,1,0.524833324697023
1,1,0.999915564608854
1,1,0.9999202663856797
0,0,0.4096894769540254
0,0,0.31180828121464
0,0,0.039215555615368165
0,0,0.004417358271641717
0,0,0.017975666075219263
0,0,0.11151923593333136
0,0,0.0023104364250909185
0,0,0.0023047737592122052
0,0,0.030809387215720914
0,0,0.2654022254506919
0,0,0.12479693876176723
0,0,0.016769468407687883
0,0,0.05535340954730997
1,1,0.9746263225918318
0,1,0.5559669300851168
0,0,0.00846783798650474
0,1,0.5962182839861764
0,0,0.001978441463571685
0,0,0.07657647806038714
0,0,0.035941920119440786
1,1,0.9999966804291738
1,1,0.9999976650563936
0,0,0.021760422202738404
0,0,0.0003112517030653194
0,0,0.049860826197713426
0,0,0.005334952283232749
0,0,0.020423788320684574
0,0,0.003262081530104741
1,1,0.9999335566018644
0,0,0.0035644467948937413
1,1,0.9999974214555729
0,0,0.25548286733378606
0,0,0.007033772983330542
0,0,0.001726087367677498
0,0,0.04817891051036277
1,0,0.43339163768976985
0,0,0.08464719357703024
0,0,0.4520969679169435
0,0,0.07109661600884815
0,0,0.15776396352267394
0,0,0.01936413928169254
0,0,0.03388869516923704
0,0,0.05208004800966531
1,1,0.999998765996982
1,1,0.9999962625821728
0,0,0.0283493837229343
0,0,0.01291034949269235
0,0,0.10094477258723931
0,0,0.00043728825735102686
0,0,0.00816992187663236
0,0,0.02550924460543983
0,0,0.039593886441474484
0,0,0.0048376905224330425
0,0,0.0009510337176206991
0,0,0.017224260750785786
0,0,0.018889214266305673
1,1,0.9225524266397241
0,0,0.031066191423663812
1,1,0.999995874961105
0,0,0.1991258649344168
0,0,0.03335676138781206
0,0,0.03944682731216908
1,1,0.9999966804291738
0,0,0.006879958760271958
0,0,0.22961306059916453
0,0,0.05326356667094349
0,0,0.19926456474557674
0,0,0.01667575684314268
0,0,0.0034450667454780804
0,0,0.05702312781955862
0,0,0.010132494840192059
0,0,0.02086693963628428
0,0,0.004814105761757622
1,1,0.9999986485205823
0,0,0.00907485929140807
0,0,0.03890944036560649
0,0,0.052294311819652786
1,1,0.9999974214555729
0,0,0.12981522013592414
0,0,0.00046597731991377886
0,0,0.03486100151910674
0,0,0.016363416072192948
0,0,0.0239411656812007
0,0,0.06597098377017666
0,0,0.02548361467296737
0,0,0.30663444814112767
0,0,0.01799098472201166
0,0,0.05064891130312126
1,1,0.9697690834357026
0,0,0.08840536454851364
1,1,0.6477166562334142
0,0,0.3534602074108099
1,1,0.999998765996982
0,0,0.025263214465586825
0,0,0.05224990300044989
0,0,0.056266188330102676
0,0,0.00973412524201602
0,0,0.013396627762880716
0,0,0.07274235461464676
0,0,0.030470985129347077
0,0,0.013990478896621299
0,0,0.042148595448933394
0,0,0.0019142728542754625
0,1,0.500266296814393
0,0,0.05733192807147926
0,0,0.4549237215723787
0,0,0.21067727664475291
0,0,0.04184007931450267
0,0,0.004120210077600897
1,1,0.9899704610947951
1,1,0.9999966771807174
0,0,0.0399467412023268
0,0,0.16369673557230074
0,0,0.47126896622725795
0,0,0.03941938340606337
0,0,0.03185112403971293
0,0,0.0015447792092520996
0,0,0.021638362946048484
0,0,0.02038927793748051
0,0,0.2699385230481107
0,0,0.04356146159549597
1,1,0.9999976198535029
0,0,0.01621909365520708
0,0,0.09377767175408672
1,1,0.9999964734721614
0,0,0.0007562627202075443
0,0,0.009077288709897543
0,0,0.04118459362785272
0,0,0.003981109367652195
1,1,0.9999977168367039
1,1,0.6239901990548792
1,0,0.4124855405271356
0,0,0.0019359190179702238
0,0,0.12530896142902892
0,0,0.03180063083807618
1,1,0.9904523574627591
1,1,0.9999977168367039
0,0,0.32086573563614623
0,0,0.020665295139356613
0,0,0.001517221334768793
0,0,0.0032074248026078057
0,0,0.0026791857095765977
0,0,0.010745716034822276
0,0,0.002754605490689142
0,0,0.18492558779482968
0,0,0.13303067557009662
0,0,0.028666417844136143
1,1,0.701046429713881
0,1,0.609855144667036
0,0,0.028940717440942173
0,0,0.0488638764501465
0,0,0.025829294485327805
0,0,0.002430538137154476
0,0,0.01198584826713394
0,1,0.5199029772217005
0,0,0.017173577735655757
0,0,0.013777852765786393
0,0,0.009344180463599366
0,0,0.009513270276642621
0,1,0.7196105240477232
0,0,0.007914148696184939
0,0,0.1463252099529309
0,0,0.3007674964824833
0,0,0.050978053596547585
1,1,0.9999974214555729
1,1,0.9999966804291738
0,0,0.050640529636481295
0,0,0.0156263316733381
1,1,0.9999964734721614
0,0,0.015606673082650036
0,0,0.033080378729677874
0,0,0.10646610814554229
0,1,0.5290766456693337
0,0,0.002816824020946487
0,0,0.15589332819289878
0,0,0.1990315365844198
0,0,0.0010301084227341598
1,1,0.9998710415765693
1,1,0.9761255885741792
0,0,0.0022598853486662037
0,0,0.04515685280940381
0,0,0.039634095993561144
0,0,0.1623495771295646
0,0,0.0968898937253644
0,0,0.1433963807389485
0,0,0.01977474117227506
0,0,0.04740958573790708
1,1,0.9999979498821073
0,0,0.06592047035509863
0,0,0.007689240133204211
0,0,0.023440364519402117
0,0,0.04820017023814623
0,0,0.002840638225788723
0,0,0.036630077850066195
1,1,0.7523084091675876
0,0,0.2440426283462578
0,0,0.09015980214003316
0,0,0.0315549135733152
0,0,0.010451621984047168
0,0,0.1516865827431802
0,0,0.0013765386546873047
0,0,0.0025454057475208735
0,0,0.06885930009744205
0,0,0.035525439590495485
0,0,0.004671061571998801
0,0,0.01116588727275188
0,0,0.00728148451493515
0,1,0.5467768442233516
0,0,0.0017533939668520247
0,0,0.04595874701879274
0,0,0.10175800943300663
0,0,0.013830886749389803
0,0,0.0279338406561901
0,0,0.04308560837527806
1,1,0.9874938203667574
0,0,0.0434246524317047
0,0,0.0916861719823043
0,0,0.007854224020864284
1,1,0.9999979498821073
0,0,0.3085440285330547
1,1,0.999998765996982
0,0,0.0006038574331387185
0,0,0.06988390611686217
0,0,0.009219765062563551
0,0,0.08989463926001101
0,0,0.0021748319451139397
0,0,0.004576559618264274
0,0,0.24589706867115727
0,0,0.0034762055126499863
0,0,0.013000891475258205
0,0,0.04337573520220413
0,0,0.034588107587459296
0,0,0.0531668132595738
0,0,0.08578097117799853
0,0,0.03204989483526274
0,0,0.0066365448141180415
0,0,0.018999120855742135
1,1,0.8937182326240678
0,0,0.002304666846972387
1,1,0.8357582424876818
0,0,0.08177703656073851
0,0,0.09706874838192726
0,0,0.09246875480070389
0,0,0.004262883034220675
0,0,0.0042293651080103824
1,1,0.9999977168367039
0,0,0.014782338940259977
0,0,0.006009540309758841
0,0,0.013423669819150582
0,0,0.1152019199847848
1,1,0.9999967418747816
1,1,0.9999974214555729
0,0,0.11555881267172725
1,1,0.9999990755124109
0,0,0.06316570390892202
1,1,0.9999967421133994
0,0,0.03395614826944578
0,0,0.062168147241526306
0,0,0.013512024883275995
0,0,0.005619795329620876
0,0,0.06071775099110561
1,1,0.9885887941422355
1,1,0.9999966804291738
0,0,0.0006583865554592839
1,1,0.9999964734721614
0,0,0.005247169155095344
0,0,0.005229692677205636
1,1,0.8394839345337761
0,0,0.05249362195365627
0,0,0.02342390970061108
0,0,0.002304023138875324
0,0,0.00609159242627646
0,0,0.01024100108003194
0,0,0.034619704955493165
0,0,0.026388610487507517
0,0,0.007136383098248958
0,0,0.0251629578567263
0,0,0.021101025047181397
1,1,0.9958670231154952
0,0,0.03154450466511041
0,0,0.023358564609873723
1,0,0.45702870594244055
0,0,0.22981234566437134
0,0,0.0004872228266492676
0,0,0.2763686699857355
0,0,0.0014559058073928724
0,0,0.03533394866514478
0,0,0.10916811492975907
1,1,0.9999981310497241
0,0,0.0337324319304751
0,0,0.007939128197636716
0,0,0.038644991867621645
0,0,0.020135687187136236
0,0,0.03924808940442602
0,0,0.002781197865355785
0,0,0.04227748817898103
0,0,0.01800262518565851
0,0,0.029906992649716285
0,0,0.4549237215723787
0,0,0.030053306646210018
0,0,0.09283666707025447
1,1,0.9999928017857188
0,0,0.04745405588483865
0,0,0.05650630146054187
0,0,0.3687074790136444
1,1,0.9999979498821073
0,0,0.012291164717178206
0,0,0.0020660104637934365
1,0,0.40242295170865655
0,0,0.21535766139925058
0,0,0.01973114533395739
1,1,0.9812818299461462
0,0,0.07434057180774618
0,0,0.022167626415530807
0,0,0.19537461417829263
0,0,0.013086555242435738
0,0,0.018999727015636438
1,1,0.9999981310497241
1,1,0.9999967418747816
0,0,0.013791948565997296
1,1,0.9999989875016777
0,0,0.25044622392116667
0,0,0.07687767467839345
0,0,0.3085440285330547
1,1,0.999998765996982
0,0,0.32865373728449354
0,0,0.03230071796554915
0,0,0.010963116459904946
0,0,0.2493154502874316
0,0,0.024636878150987463
0,0,0.03777543062296083
1,1,0.9999979498821073
1,1,0.9999986485205823
0,0,0.00014833059836621878
0,0,0.02982918189012372
0,0,0.34319372303424045
1,1,0.9999966804291738
0,0,0.003826105400813996
0,0,0.1489044298175088
0,0,0.284220585843634
0,0,0.047424921273052964
0,0,0.23297310381486508
0,0,0.028792943421344176
0,0,0.024147324383377553
0,0,0.3305684744287464
0,0,0.0025916738000936516
0,0,0.31518191456045475
0,0,0.01770620398745752
1,1,0.999998765996982
0,0,0.21861713693450188
0,0,0.006807092168043352
1,1,0.997298188228345
0,0,0.014155572726222709
0,0,0.00727915496899263
0,0,0.11764361960339763
0,0,0.012641727847933002
0,1,0.5775137107009355
0,0,0.14385921513584463
1,1,0.9912174524206989
0,0,0.11427382078633433
0,0,0.009012485139989217
0,0,0.03700831675103147
1,1,0.999962922966755
0,0,0.02265889450635375
1,0,0.041116619051965154
0,0,0.0351776941318923
0,0,0.026668375077539976
0,0,0.0009273991388074946
0,0,0.22770551849729032
0,0,0.007089674161618592
0,0,0.00755972712296344
0,0,0.00013770634622815034
0,0,0.3284103042425175
0,0,0.008284583585139171
0,1,0.648940035293872
1,1,0.9999964734721614
0,0,0.015165039803033216
0,0,0.03241192996708258
0,0,0.2622689145229505
0,0,0.0035439001248172963
0,0,0.009884514581485555
0,0,0.2539877431382929
0,0,0.004123536972389117
0,0,0.0006153785921218573
0,0,0.014221009137360508
0,0,0.22607770977152322
0,0,0.016607253119209693
0,0,0.0668997363757847
0,0,0.004256546859609005
0,0,0.01113604513783321
0,0,0.012872240960377099
0,0,0.0038018826841057464
0,0,0.025546273063283213
0,0,0.01915972224672114
0,0,0.024001341293796514
0,0,0.13689208764039656
0,0,0.001142650672601707
0,0,0.007376758525328289
0,0,0.06608182556288984
0,0,0.18463804883356644
0,0,0.029199859839052697
0,0,0.027990909937397057
0,0,0.00926227283173081
0,0,0.0389731640349921
1,1,0.9991232245713829
0,0,0.19849939778737732
0,0,0.001647416821464967
1,1,0.8802759328523485
1,1,0.9999202663856797
1,1,0.9692423785213282
0,0,0.052412106374589755
1,1,0.9999971242915849
1,0,0.21973464827469794
0,0,0.4948097728905658
0,0,0.009130660649628133
0,0,0.04055196826747918
0,0,0.012642223908512024
0,0,0.04338405553440849
0,0,0.12454994674545077
0,0,0.043059132673686315
0,0,0.09900972166938563
0,0,0.004883490122492262
0,0,0.004971604312273393
1,1,0.999955776869905
1,1,0.9999986485205823
0,0,0.004142099110254668
0,0,0.005700296466107423
0,0,0.04173688909436763
0,0,0.09179321109788863
0,0,0.009370605106077982
0,0,0.30972840397993867
0,0,0.00730398082118515
0,0,0.41259955270234794
0,0,0.4715635579594912
0,0,0.06616499721347419
0,0,0.00020724490668741323
0,0,0.03194709210070706
0,0,0.08377074604465673
0,0,0.07710289588636554
0,0,0.01995990563837764
0,0,0.4520969679169435
0,0,0.058690925955975734
0,0,0.023638620615798182
0,0,0.041929890267699506
0,0,0.005119268289666832
0,0,0.3419673617646752
0,0,0.006075891568263573
0,0,0.0120262001175517
0,0,0.010956665793116906
0,0,0.006337356460088296
0,0,0.007757069641772357
0,0,0.004882150600140721
0,0,0.004227993612391214
1,1,0.9999966804291738
0,0,0.013499221933307015
0,0,0.00036915646354651133
0,0,0.022366579993558566
0,0,0.030025882644020153
0,0,0.010451738397357599
0,0,0.053866609820945946
0,0,0.18929379038713381
0,0,0.00029142151234271056
1,1,0.9999977168367039
1,1,0.9110058901078264
1,1,0.9336666569985731
0,0,0.015372694722505005
0,0,0.029699337927396516
0,0,0.025975577561912756
0,0,0.2239747750511781
1,1,0.9525529549609184
1,1,0.9747408982502594
0,0,0.026249112830871498
0,0,0.0021946760773578176
0,1,0.5775137107009355
1,1,0.9646008430003506
0,0,0.12653313807317826
0,0,0.009229576522500171
0,0,0.25044622392116667
0,0,0.049636126875448036
0,0,0.028906637500911
0,0,0.023995416907713195
1,1,0.801858526177541
0,0,0.04809915252084628
0,0,0.032991261695884164
0,0,0.45207089796590294
0,0,5.276258862894157e-05
0,0,0.06995053580317566
0,0,0.0010486106185664315
0,0,0.3252457185503705
0,0,0.05288096987163661
1,1,0.9999985843625584
0,0,0.00034809327294473957
0,0,0.059995419131768035
0,0,0.025833431617702355
1,1,0.9999966804291738
0,0,0.05134173998674154
0,0,0.3085274492272132
0,0,0.0007736961883212651
0,0,0.0062320995958537505
0,0,0.048086957127083586
1,1,0.9379035160700505
0,0,0.07532527942299605
0,0,0.171447938424222
0,0,0.4296566355331808
0,0,0.007775845989719836
0,0,0.0681073895404255
0,0,0.03742553859678804
0,0,0.2899765056590956
0,0,0.03305603316896705
0,0,0.007173841723156561
0,0,0.012561862867172424
0,0,0.05006001521605691
0,0,0.25044622392116667
1,1,0.9999711227471664
0,0,0.3640751490918579
1,1,0.9999985843625584
1,1,0.9999957589384425
1,1,0.9807603498590227
1,1,0.9999967418747816
0,0,0.009926811273619942
0,0,0.0042177569161705245
1,0,0.12794851561496892
0,0,0.006242959615768123
0,0,0.03019871160390874
0,0,0.003912864389346609
0,0,0.009763195775641604
0,0,0.0038917796146405287
0,0,0.04333671718115965
0,0,0.06429553538030884
0,0,0.015434624154750788
1,1,0.9953834753845433
0,0,0.31860104892266655
0,1,0.5932520028704911
1,1,0.9999860505288253
0,0,0.03676854259182267
0,0,0.020013239661619834
0,0,0.01024100108003194
0,0,0.14911679318773802
1,1,0.999998765996982
0,0,0.007392269527437168
0,0,0.020323800063176863
0,0,0.03797713790526755
0,0,0.01726385801686973
0,0,0.016312137514229493
0,1,0.5160057304568518
0,0,0.110340276956121
0,0,0.37650359408843415
0,0,0.11604236269203144
0,0,0.2121983991034381
0,0,0.011561081275063176
0,0,0.15116451748009835
0,0,0.04948513141794904
0,0,0.04145805063177231
0,0,0.06415683894433402
0,0,0.014185514892590964
0,0,0.007993464200959087
1,0,0.40242295170865655
1,1,0.9999974214555729
1,1,0.991914689131653
1,1,0.9772834549591317
0,0,0.01472624291490404
0,0,0.11952812215420469
0,0,0.37650359408843415
0,0,0.007655981889322423
1,1,0.9999974214555729
1,1,0.9999966804291738
0,0,0.03305603316896705
0,0,0.10378236234301565
1,1,0.9999964734721614
0,0,0.03416670075511752
0,0,0.006928407519424985
0,0,0.018999349648615077
1,0,0.2563538482145946
1,1,0.8966119197508331
0,0,0.014990030530079716
0,0,0.07997030388104401
0,0,0.09865768480101791
1,1,0.9999976198535029
0,0,0.032126883735281185
0,0,0.0031192539512232423
0,0,0.24752078999409388
0,0,0.013398254326010023
0,0,0.14292265712525987
0,0,0.012864787650198481
0,0,0.005782728767806282
0,0,0.03486156128724679
0,0,0.008554294596917578
0,0,0.034362152207492704
1,1,0.9999977168367039
0,0,0.0012610326339124508
0,0,0.03155772303984862
0,0,0.0009461990805447304
0,0,0.010145838203406084
0,0,0.009288046993466437
0,0,0.2614243468779667
0,0,0.039422030206137784
1,1,0.9999981310497241
0,0,9.023383930454266e-05
0,0,0.0057997822194985225
0,0,0.00967747031549505
0,0,0.4549237215723787
0,0,0.33687398059166973
0,0,0.03572856462810268
0,0,0.09458160666772462
0,0,0.0014559058073928724
0,0,0.06665228658897754
0,0,0.0021169291732262797
1,1,0.8548127903474373
0,0,0.004563754277377411
1,1,0.9999967421133994
1,1,0.9999966804291738
0,0,0.01217843393319963
0,0,0.012866122638527024
0,0,0.012137104072844114
0,0,0.008645274217400141
0,0,0.0029472646272136476
0,0,0.004278002376716072
0,0,0.02659808982972014
0,0,0.025960537137101006
0,0,0.06374157026751749
0,0,0.17864946707947826
0,0,0.00489598214032863
1,1,0.9999974214555729
1,1,0.9999974474866807
0,0,0.005625816130952257
0,0,0.040474634104769654
0,0,0.006765980301327661
1,1,0.9999203166474698
0,0,0.0023475216487069883
1,1,0.9999967418747816
1,1,0.9999986485205823
0,0,0.06196238945597072
0,0,0.017694937152275343
0,0,0.1278127431448473
0,0,0.010390503947795145
0,0,0.02108559972006125
1,1,0.8197496876914359
0,0,0.006934490275259432
0,0,0.008305059322779848
0,0,0.016549468999290416
0,0,0.3209551340218693
0,0,0.011275220113714655
0,0,0.08320010637205566
1,1,0.999998765996982
0,0,0.01238756488303893
0,1,0.7937320757327175
1,1,0.6828584969472193
0,0,0.002304023138875324
0,0,0.04436076951157031
0,0,0.006304044377849707
0,0,0.059926507398511415
0,0,0.12429010058994906
0,0,0.030715111309912543
0,0,0.001098671452028086
0,0,0.19259992712240365
1,1,0.9999964734721614
0,0,0.00014129770327594364
0,0,0.009624330347811981
0,0,0.03260594749740712
0,0,0.48239297332980174
0,0,0.15227972199585466
0,0,0.08732023605682943
0,0,0.0035936620498460163
0,0,0.0019376172907634255
0,0,0.37650359408843415
0,0,0.09639638689425276
0,0,0.01953042354242101
0,0,0.12089391851999041
0,0,0.0010763519328499595
1,1,0.6187387377657622
1,0,0.42196945710146183
0,0,0.0003152772880709414
0,0,0.41019136525431016
0,0,0.007832156922066014
0,0,0.0003036238729870337
0,0,0.163107816014257
0,0,0.03126822645449486
0,0,0.0009956521677221605
0,0,0.4520969679169435
1,1,0.9943052289017343
0,0,0.0004807286297771251
0,0,0.06400969567887718
0,0,0.014665805084936225
1,1,0.9999967418747816
1,1,0.9999974214555729
0,0,0.01418398286741467
1,1,0.9999967418747816
0,0,0.03746449072490969
0,0,0.031481949378189066
0,0,0.03388852931534512
0,0,0.00036118174140774045
0,0,0.015400073022193025
0,0,0.022956841276696376
0,0,0.40242295170865655
0,0,0.11118628722228747
1,1,0.9999094556934308
0,0,0.049554700947120424
0,0,0.3619333278309333
0,0,0.15725945038401654
0,0,0.07065961170526003
0,0,0.07245239803669498
0,0,0.049403836982766416
0,0,0.04643861603132817
0,0,0.00264851941279733
0,0,0.008089652000206404
0,0,0.0967495079777523
0,0,0.06060942879238781
0,0,0.1296779964377333
0,0,0.04635909195610834
0,0,0.002729586147301205
0,0,0.005642819933284607
0,0,0.17594198543503528
0,0,0.0026254038983579476
0,0,0.06191115868538065
0,0,0.016497177254768854
1,1,0.999915564608854
0,0,0.11865762115562216
0,0,0.2581225415928019
0,0,0.06602251061692015
1,1,0.9999974214555729
0,0,0.0901181318200882
0,0,0.014568160124659543
0,0,0.09699891258880627
0,0,0.06939635961106666
1,1,0.9694032723613933
0,0,0.0029704280369017566
0,0,0.10973738907867109
0,0,0.1374623708779845
0,0,0.009586463111436815
0,0,0.10784115918088771
0,0,0.0006954566806562214
0,0,0.004224947341689022
0,0,0.005412235182656733
0,0,0.05622603057856405
1,1,0.9999964734721614
0,0,0.01325372954288421
0,0,0.00847738960681425
0,0,0.006707397316868754
0,0,0.005518811562348817
0,0,0.0089094595710021
0,0,0.22537266979147683
0,0,0.36983152635996525
0,0,0.0443230829951497
0,0,0.04335080111001359
0,0,0.12020393734940403
0,0,0.006223141692158389
0,0,0.016318008663537584
1,1,0.9859051287375656
0,0,0.0008756904460941496
0,0,0.018695246306263458
0,0,0.03435250404475257
1,1,0.9999979498821073
0,0,0.14330324678912132
1,1,0.9999957814087109
0,0,0.008257395269765364
0,0,0.01116215267695131
0,0,0.10727947006715541
0,0,0.006561425709540387
0,0,0.020340616464620365
0,0,0.032670835744724784
0,0,0.25194499080732896
1,1,0.8966119197508331
0,0,0.06330890062933507
0,0,0.10493044230827674
0,0,0.07078556445954302
0,0,0.09557948326878064
0,0,0.00025466761544316684
0,0,0.03521905684368642
0,1,0.5411422087618848
0,0,0.0016452303830317315
0,0,0.00334028337480795
1,1,0.9667963829861881
0,0,0.033530453078773836
0,0,0.00047536194066160025
0,0,0.46818599205828687
0,0,0.029720633866765885
0,0,0.07557434930751594
0,0,0.37939039787424245
1,1,0.9999978627980848
0,0,0.038101622764526076
0,0,0.005432036142689691
0,0,0.0073373316854744765
0,0,0.00933084938677618
0,0,0.00361182308819626
0,0,0.15993313067856152
0,0,0.00795669610621199
0,0,0.3578530059635219
0,0,0.2882697363510459
0,0,0.026045138114631796
0,0,0.023129310471739724
0,0,0.0007597912185488208
0,0,0.403318986132813
0,0,0.05874273723816766
0,0,0.018597611979182544
0,0,0.018822277524131494
0,0,0.25456984571454677
1,1,0.9999966804291738
0,0,0.37650359408843415
0,0,0.05989878870812574
0,1,0.8408900222353951
0,0,0.08466977402539619
1,1,0.9999964734721614
0,0,0.01731320464159318
0,0,0.09752143094148792
0,0,0.016524738472477197
0,0,0.009843324057382554
0,0,0.056838429506750575
0,0,0.027564443583780605
0,1,0.60792061272742
0,0,0.016139917525603762
0,0,0.06859807037877101
1,1,0.9061656246899386
0,0,0.10746520585360322
0,0,0.02751531850156185
0,0,0.3986604763168321
1,0,0.46366270586218855
1,1,0.9999974214555729
0,0,0.0015720546721985568
0,0,0.42921838600617873
0,0,0.1051053589166579
0,0,0.020186848642106944
0,0,0.003712124534316299
0,0,0.023287325665428616
0,0,0.04762097255053044
0,0,0.004921366460137221
0,0,0.03484767685509077
0,0,0.4520969679169435
0,0,0.09107125822142922
1,1,0.9999986485205823
0,0,0.2934120032560742
0,0,0.0042512655497357246
0,0,0.05946461450447097
0,0,0.0010449656535852898
0,0,0.0030909575043079006
0,0,0.03586561118849445
0,0,0.01025727028438021
0,0,0.0004384976643212351
1,1,0.616263129270526
0,1,0.5351166879286122
0,0,0.017625512399539134
0,0,0.07001006839594931
1,1,0.9999985843625584
0,0,0.03680321236929776
1,1,0.9999964734721614
0,0,0.005266207190633513
0,0,0.34400094800276404
0,0,0.0031376106465328475
0,0,0.13196705238713013
0,0,0.09251659297475497
0,0,0.02940276932010074
0,0,0.01713116795500598
0,0,0.00309007409217215
0,0,0.31881874888737083
0,0,0.006187863073049587
0,0,0.0488638764501465
0,0,0.018691126775610523
0,0,0.006546749703450583
0,0,0.09701465197464096
0,0,0.02027390742579365
0,0,0.08351328681706377
1,1,0.9999966804291738
0,0,0.0003647299215384205
0,0,0.0219516750287941
0,0,0.021641437985537335
0,0,0.2114716765267804
0,0,0.008190924799032275
0,0,0.005774612632358444
0,0,0.05419525566959144
0,0,0.0006409970886306102
0,0,0.03705912469335423
1,1,0.9796468724675258
0,0,0.013715484970477651
0,0,0.10531354806880514
0,0,0.003713468707521925
0,0,0.017914542550372916
0,0,0.07400178255105015
0,0,0.03280272503247911
0,0,0.0032948312249765034
0,0,0.11246799886589942
0,0,0.022576303458415596
0,0,0.07821044929861472
0,0,0.0156263316733381
0,0,0.07927315062116197
0,0,0.010796215314268442
0,0,0.007326348991203829
1,1,0.5838506909959524
0,0,0.01286844516521663
1,1,0.9988433916935344
0,0,0.033226120048687566
0,0,0.2703996123167801
0,0,0.02587147010424939
0,0,0.01976383741364174
0,0,0.011662020004796847
0,0,0.0011361811446105876
0,0,0.006260754338277848
0,0,0.019094153717686274
0,0,0.009081915715719837
0,0,0.02436025886830993
0,0,0.034273601280400814
0,0,0.014821849756301856
0,0,0.19637517740328886
0,0,0.009873171829325003
0,0,0.04976079979499356
0,0,0.3892917218815559
1,1,0.9999967418747816
0,0,0.009938212122355026
0,0,0.005314107787161566
0,0,0.13224848906170406
0,0,0.18751891806106474
0,0,0.017232814339800222
0,0,0.048766441621745045
0,0,0.1334370337487883
0,0,0.36429646951730044
0,0,0.0010714237347128335
0,0,0.4008506056761643
0,0,0.12332790293409714
0,0,0.06805166488165534
0,0,0.013400501247873786
0,0,0.17915896067060838
0,0,0.10273938785954778
0,0,0.0092841797149819
0,0,0.016212793184844865
0,0,0.04052038288423915
0,1,0.5153277404441253
0,0,0.03712293450618769
0,0,0.1493599054043392
0,0,0.01042468106471017
1,1,0.6238955855476631
0,0,0.3355650631847407
0,0,0.07303382732547713
0,0,0.002113279097008998
0,0,0.01686737606667634
0,0,0.03028773512144281
0,0,0.036928445074965774
0,0,0.003476538307924015
0,0,0.05280114794763936
0,1,0.6328888023420015
0,0,0.010239572167479054
0,0,0.0042177569161705245
0,0,0.05163429788379125
0,0,0.0022785441605566504
0,0,0.011637587623477923
0,0,0.011480871874930935
1,1,0.99991219992593
0,0,0.03402768796205741
0,0,0.001381421951358463
0,0,0.045832384628929204
0,0,0.13969481885403828
0,0,0.16684404725697352
0,0,0.012253581235779586
1,1,0.9999974214555729
1,0,0.15295338508241885
1,1,0.9880981066083241
1,1,0.9991422212817094
0,0,0.00595714571080744
0,0,0.001949594587556653
0,0,0.015483832081619542
0,0,0.037191592231419414
1,1,0.9999970717796709
0,0,0.00847262959506427
0,0,0.026278252577500993
0,0,0.0432040158867165
0,0,0.044586969414506815
0,0,0.029596691299747988
0,0,0.044738773786143195
0,0,0.1410765050944209
0,0,0.2541351212314457
0,0,0.046005326109196755
0,0,0.021512984313979144
0,0,0.1846872857119293
0,0,0.024788177241724597
0,0,0.05708725379652363
0,0,0.01480937680120147
0,0,0.008515635318110204
0,0,0.02617448246141901
0,0,0.0241341202829536
0,0,0.008876280193876129
0,0,0.021841331507347614
0,0,0.10415540710350818
0,0,0.0014796346396888196
0,0,0.030711418224764205
0,0,0.07500073157366845
0,0,0.11054455355000693
0,0,0.03712280629871455
0,0,0.007176114997635732
0,0,0.012131473974380977
0,0,0.0772222948791694
1,1,0.9999974214555729
0,0,0.01237568475491415
0,0,0.02011060331689854
0,0,0.060942581545770085
0,0,0.010412467919677546
1,1,0.9999977168367039
0,0,0.038825417533549886
0,0,0.004872591657228627
0,0,0.16235684989064342
1,1,0.9997971779411544
1,1,0.9999974214555729
0,0,0.034057480085154926
1,0,0.43075647264604133
0,0,0.019413322635929032
0,0,0.06989797468196482
0,0,0.0883914981797128
0,0,0.02379177899802317
0,0,0.01391201194657861
0,0,0.020144608763866582
0,0,0.019061662694080675
0,0,0.005211917115475785
0,0,0.00492343120534849
0,0,0.0665335170275031
0,0,0.009734032892419578
0,0,0.14952222376385518
1,1,0.9999927548095169
0,0,0.3139912054361998
0,0,0.019413322635929032
0,0,9.984732390640381e-05
0,0,0.13528022471716983
0,0,0.057600592797586135
0,0,0.0018254499987060276
1,1,0.9617567853228535
0,0,0.3948710080555585
0,0,0.06652798255699834
0,0,0.06784334011248998
0,0,0.0003296897556866517
0,0,0.10649221567555861
0,0,0.004426090152093649
0,0,0.062492603352696234
0,0,0.008753191518610063
0,0,0.001799099977358649
0,0,0.003967145074444984
1,1,0.6813590986900284
0,0,0.03993020623319328
0,0,0.05259874514247673
0,0,0.13822921787668252
0,0,0.014135656663096272
0,0,0.01089465104812978
1,1,0.9999964734721614
1,1,0.5878165009515088
1,0,0.06498997935927389
0,1,0.5718829142248003
0,0,0.06102388369547375
0,0,0.0033122315621754816
0,0,0.013641621721856952
0,0,0.010830627256008942
0,0,0.07710682831644931
0,0,0.44296355153138417
1,1,0.6561512555408663
0,0,0.005008091499564788
1,1,0.9999974214555729
0,0,0.009701807413722965
1,1,0.9837367297147059
1,1,0.9999977168367039
0,0,0.2999664117815898
0,0,0.3656169621354051
0,0,0.034840163042983444
0,0,0.023194743981930683
0,0,0.018518946534719583
0,0,0.13096080499681745
1,0,0.31310807018818526
0,0,0.00686174489204814
0,0,0.01794525774436251
1,0,0.2233729121885183
0,0,0.024367478370417597
0,0,0.0967151668511011
0,0,0.04930675000136695
0,0,0.031697331526742194
0,0,0.10801243353909486
0,0,0.06432429321274984
0,0,0.012038670779640792
0,0,0.12044017016050847
0,0,0.07107702010100075
0,0,0.19147663951940705
0,0,0.014426490417441817
0,0,0.0037439386631582207
0,0,0.030922055821973868
0,0,0.2470080111877833
0,0,0.006633522649014851
1,0,0.12698443991202193
0,0,0.2321417597920807
0,0,0.00017976735027040283
0,0,0.0418466347162727
0,0,0.019710972904839995
0,0,0.0033960747852293783
0,0,0.024995247201545865
0,0,0.00991912514336717
0,0,0.13162120555221124
1,1,0.6136234330476557
0,0,0.25437796542552443
1,1,0.9807603498590227
0,0,0.017388407289346403
1,1,0.9999977168367039
1,1,0.9453718606024681
0,0,0.08859738222244819
0,0,0.10547142982763007
0,0,0.00047793279926020953
0,0,0.07471388854968294
0,0,0.08788769414782208
0,0,0.11049405977997843
0,0,0.004796029517019167
1,1,0.9999985843625584
0,0,0.12841419052142317
0,0,0.004770767171544695
0,0,0.011892096539571078
0,0,0.0009420619243366099
0,0,0.1827736574636908
0,0,0.008158661119315461
0,0,0.035175735712054464
0,0,0.002638443957504655
0,0,0.04083630475393781
0,0,0.044169951617120486
0,0,0.030812281942900848
0,0,0.04012344693950224
0,0,0.03666726277078118
0,0,0.1497935400739076
1,0,0.4485924833717188
0,0,0.09973356545228253
0,0,0.029134609256951265
0,0,0.29527682103795216
0,0,0.015000458101327344
0,0,0.014771834493941684
0,0,0.08107876436865132
0,0,0.04702764863266113
0,0,0.058407343868505386
0,0,0.25970787595734346
0,0,0.40242295170865655
0,0,0.21128382401104925
0,0,0.002656449337819516
0,0,0.21440503519020448
0,0,0.003720755939097436
0,0,0.24376627213058544
0,0,0.00023121312074454066
0,0,0.05228899600922936
0,0,0.05108969555775586
0,0,0.01765927806984009
0,0,0.016159588461787246
0,0,0.029659976186178896
0,0,0.0970640395962398
0,0,0.0012541397030138598
0,0,0.0901132315930357
0,0,0.011843029840724427
0,0,0.007024559444757823
1,1,0.9999974214555729
0,0,0.24464819889277803
1,1,0.9999966804291738
0,0,0.033034342899167735
0,0,0.049885105518678724
0,0,0.23653894606631634
0,0,0.10286606442870615
0,0,0.12478693439150668
0,0,0.018110136815942722
0,1,0.5775137107009355
0,0,0.01138174872713449
1,1,0.9889189413375973
0,0,0.009504081963318528
0,0,0.026650826661575974
0,0,0.009573027219746288
0,0,0.02732556319858221
0,0,0.0004463172472366534
0,0,7.044779675898122e-05
0,0,0.05643817994224796
0,0,0.003654896868833896
0,0,0.011124578275498098
0,0,0.19343148953806472
0,0,0.05811805888463497
0,0,0.008881552295361613
1,1,0.9999440407342194
0,0,0.10360078964592535
0,0,0.018748449046219997
0,0,0.018084249368603672
0,0,0.10107570145235177
0,0,0.0857376494931814
1,1,0.9999989875016777
0,0,0.14267465476751393
0,0,0.0037576689910939023
0,0,0.011790695254695819
0,0,0.18516922911461434
0,0,0.011207802248297217
0,0,0.05733192807147926
0,0,0.0392929228481265
0,0,0.0067200411194007145
0,0,0.07235116876692849
0,0,0.09667085411580377
1,1,0.9999964734721614
0,0,0.014580663781928838
0,0,0.011575998456649434
1,1,0.9999966804291738
0,0,0.18785404747087037
0,0,0.017847274833911422
0,0,0.0050321220740794466
0,0,0.008129255985298648
0,0,0.007018713618055332
0,0,0.06673301751611087
1,1,0.9999967421133994
0,0,0.008696526054251637
0,0,0.30663444814112767
0,0,0.008566173741151484
0,0,0.073301072942727
0,0,0.00027674227274255024
0,0,0.0006757420188003509
0,0,0.03777785985367081
1,1,0.9999966804291738
0,0,0.3311292508225764
0,0,0.002651704251849655
0,0,0.0526744366820597
0,0,0.010888253259633844
0,0,0.28396533966292864
0,1,0.5513225263010767
0,0,0.0030821266975318068
0,0,0.05535340954730997
0,0,0.00885290054486613
0,0,0.013820486992021696
0,1,0.6386518198372572
0,0,0.0051328911128194436
0,0,0.1173839273613166
0,0,0.0466030370889216
1,1,0.9999979498821073
0,0,0.041907838690262995
1,1,0.9999964734721614
0,0,0.024633975580739122
0,0,0.011030625130217265
0,0,0.011735509507522036
0,0,0.1094446635518782
0,0,0.07638957832616536
0,0,0.053184344284932114
0,0,0.007220459492502074
1,1,0.999915564608854
0,0,0.07384583981636303
0,0,0.023790111755290687
0,0,0.004633008724524805
0,0,0.0756430618151216
0,0,0.04402146537306437
0,0,0.05337817000544588
0,0,0.006076693491109908
0,0,0.11094184064017305
0,0,0.42196945710146183
0,0,0.014278385672883972
0,0,0.025024270022679207
0,0,0.016612954915963027
0,0,0.036796673370575426
0,0,0.029562324683391275
0,0,0.001899242320973568
0,0,0.11241574159826531
0,0,0.012112113202274897
1,0,0.38809283360657065
0,0,0.14276329373285765
0,0,0.13442325400797633
0,0,0.02336314477297588
0,0,0.11570732807344429
0,0,0.11697015149378884
0,0,0.01435165352775559
0,0,0.03720993470913951
0,0,0.15700928167466427
0,0,0.3951246145071267
0,0,0.03006455944308133
0,0,0.0035424148230857994
0,0,0.016121788637758944
0,0,0.09221516304517749
0,0,0.1511576259488432
0,0,0.029513590293454465
1,1,0.9999966804291738
1,1,0.9911344989531045
0,0,0.0028315612596004347
0,0,0.02253919996088381
1,1,0.9900918713220789
0,0,0.07278313945784001
0,0,0.014157080545243951
0,0,0.03567690396104778
0,0,0.12142327934960298
0,0,0.0011714153637948136
0,0,0.002476757177160573
0,0,0.09132649442749274
0,0,0.002187957173277246
1,1,0.9999982935068383
0,0,0.22196667665891656
0,0,0.08475859109403079
0,0,0.0017348701468580339
1,1,0.5322048324731455
0,0,0.13969258019607766
0,0,0.09440921961077403
1,1,0.9999971242915849
0,0,0.014426490417441817
0,0,0.19228507553583543
0,0,0.06784044203149585
0,0,0.0021549690061774705
0,0,0.01002957627265103
0,0,0.09962510694930303
0,0,0.010110292582844235
0,0,0.018543768482186487
0,0,0.03503878924538226
0,0,0.02572784993391403
0,0,0.01292025464291397
0,0,0.008955959375394439
0,0,0.11269411699964521
0,0,0.07116976435624561
0,0,0.03902635162132315
0,0,0.009072145383597238
0,0,0.3085440285330547
0,0,0.07485490862845812
0,0,0.08727967325328274
0,0,0.0805259277869185
0,0,0.012939954331714142
1,0,0.21832475282218133
0,0,0.0049652432089843015
0,0,0.029867328742223448
0,0,0.007294374788752106
0,0,0.008504187728812451
0,0,0.03143563524987929
0,0,0.0013373975922832905
0,0,0.03465721545298453
0,0,0.016853713321881875
0,0,0.0015656907596765738
0,0,0.01941044464985651
0,1,0.7333555306208067
1,1,0.9999979498821073
0,0,0.011011088172833267
0,0,0.03309149500027213
0,0,0.04988374896234394
0,0,0.0830875197762444
0,0,0.03245849391294386
0,1,0.5130862195263495
0,0,0.015523729094174639
0,0,0.011272427477254843
0,0,0.05272764383262061
1,1,0.9999857858326774
0,0,0.09584565683146017
1,1,0.9999889891759178
0,0,0.010419635012986915
0,0,0.10962157651214895
0,0,0.03416375277322041
0,0,0.009696637804872775
0,0,0.013187706208115902
0,0,0.010659751797339873
0,0,0.1691948713556357
0,0,0.0103188927272661
1,1,0.5782102874555773
0,0,0.023682220015603283
0,0,0.027896736069644518
0,0,0.2877984656842139
1,1,0.9799397359450487
0,1,0.7196888510770285
0,0,0.001957686695274604
0,0,0.03564476981149871
0,0,0.024556783074178364
0,0,0.0204680610732746
0,0,0.039126644153478815
1,1,0.9999966804291738
1,1,0.9844491167366674
0,0,0.03237622763381861
1,1,0.9280555523594837
0,0,0.04983439206079988
0,0,0.3231291004260894
0,0,0.0033963723773591044
0,0,0.06722768995631079
0,0,0.010564723644934576
0,0,0.19637517740328886
0,0,0.03038882439279923
0,0,0.07553615257270099
0,0,0.04325282362470289
0,0,0.36431728204749825
0,0,0.1151427276085693
0,0,0.0022792709054996
0,0,0.4524350831216573
0,0,0.04316563925509896
1,1,0.9999976650563936
0,0,0.048883049479058735
0,0,0.20615111248028886
0,0,0.11384045075948436
0,0,0.15810854856113343
1,1,0.9999966804291738
0,0,0.007303756085651545
0,0,0.025960444986617922
0,0,0.1103998401521743
0,0,0.058690925955975734
1,1,0.9796468724675258
0,0,0.03298384425354257
0,0,0.021439734911143184
0,0,0.003828774289192946
0,0,0.008195563601582453
0,0,0.014100866909028169
0,0,0.012230386150433748
0,0,0.03751376811715143
1,1,0.9861248803357497
0,0,0.004620041436728029
0,0,0.023648718601061117
0,0,0.07004282966232563
1,1,0.7163611143571856
0,0,0.004613963766112156
0,0,0.09385589041564371
0,0,0.1294036945302311
0,0,0.4524535944740171
0,0,0.025277964288650492
1,1,0.9998908874303433
0,0,0.49520966636836516
1,1,0.5679567652174126
1,0,0.3668785390275426
0,0,0.02972833840636826
0,0,0.00019742966900919423
0,0,0.03385373407081846
0,0,0.011718873733232079
0,0,0.06168280324348535
1,1,0.8430334399453128
0,0,0.02023886366489282
0,0,0.013230559791966825
0,0,0.01702152801446289
1,1,0.9978854195017464
0,0,0.03241192996708258
0,0,0.12545466540079567
1,1,0.9999202663856797
0,0,0.06276982562808837
1,1,0.9998710415765693
0,0,0.003278088455196268
0,0,0.19674993742848607
0,0,0.028085667083730358
0,0,0.006939897297691166
1,1,0.9999979498821073
0,0,0.0856437432648934
0,0,6.549340738953056e-05
0,0,0.062181995257094176
0,0,0.37554168548086597
0,0,0.019602127174739765
0,0,0.0025048116079131014
1,1,0.9906760833474709
0,0,0.02034184646368993
0,0,0.08365275483425769
1,1,0.9999828391313474
0,0,0.0075348561538265725
0,0,0.0004354221402698255
0,0,0.006454132687762335
0,0,0.039979199940591265
0,0,0.37650359408843415
0,0,0.05006969194094938
0,0,0.02002051650861211
0,0,0.012357868316974822
0,0,0.03141991391617134
0,0,0.0012383646747358534
0,0,0.02500338769962788
1,1,0.5178408981550954
1,1,0.9999986485205823
0,0,0.013779832577231248
0,0,0.0854372281917182
0,0,0.11187279511417571
0,0,0.015923091971413273
0,0,0.003800934727116648
1,1,0.9999971242915849
0,0,0.06824904533188188
0,0,0.02942896452399253
0,0,0.06784425103917875
0,0,0.035546136694226835
0,0,0.049258254513741634
0,0,0.029847490989344784
0,0,0.008622138526776993
0,0,0.061107642258877215
0,0,0.10277090259624594
0,0,0.005371944133861497
0,0,0.02028272380906751
0,0,0.021224813816879455
0,0,8.166031231289346e-05
0,0,0.023392225184501042
1,1,0.5280996310416902
0,0,0.0254848294283428
1,1,0.8276050347995703
0,0,0.28615528303083176
0,0,0.003105815348131502
0,0,0.008533373900672535
0,0,0.0007190504251524777
1,0,0.07193672161622974
0,0,0.0003853154169118443
1,1,0.8929278009632128
1,1,0.9999966804291738
0,0,0.002332728424734518
0,0,0.035594499400069556
0,0,0.13002279973913525
0,0,0.01936356072107516
0,0,0.42196945710146183
0,0,0.013706710513426746
0,0,0.010933066458155012
0,0,0.015099601082977128
1,1,0.999998765996982
0,0,8.766912555465174e-05
0,0,0.004682213727673563
0,0,0.0495096861388985
0,0,0.020701957013013434
1,0,0.41361843901720785
0,0,0.0022743220955025296
0,0,0.011228774699706153
1,1,0.6576894887749127
0,0,0.08029718034650433
0,0,0.027689079626896502
0,0,0.017716365736664207
0,0,0.09031959333532526
1,1,0.949171261526916
0,0,0.007572985123771579
0,0,0.0035909409323888965
0,0,0.187681255194251
0,0,0.02541329795822002
1,1,0.6461847842277506
0,0,0.03372160148956825
1,1,0.618267567503795
0,0,0.1668046482011897
0,0,0.017533693410989915
0,0,0.04463068468596044
0,0,0.1398846499345916
0,0,0.0010887668310272974
0,0,0.10483825444817636
1,1,0.9999966804291738
0,0,0.10529339244838065
0,0,0.04644806932769297
0,1,0.5646011646469533
0,0,0.051881007350664796
0,0,0.09829645022332897
0,0,0.08552248836758646
0,0,0.026461384690615358
0,0,0.02669964145669895
0,0,0.016574621490823317
0,0,0.005354035714337015
1,1,0.9999964734721614
0,0,0.013277982428913275
0,0,0.006515342104245508
0,0,0.007522710135814623
0,0,0.05101595505445194
0,0,0.011853300791725299
0,0,0.24628562849316393
0,1,0.5853682492012663
1,1,0.965193103974891
0,0,0.03377814562693349
0,0,0.012912755131945532
0,0,0.0018561847488198046
0,0,0.004832217586835576
0,0,0.252914099756234
0,0,0.0017015729915235034
0,0,0.10639243207675655
0,0,0.0680248917681388
0,0,0.06655640540665747
1,1,0.9939252824997865
0,0,0.011217513898833086
0,0,0.002577520779218313
0,0,0.02632532102956933
0,0,0.019429597348530975
0,0,0.09750928044493412
0,0,0.4392988891517468
0,0,0.012055873078388419
0,0,0.0001413387921374175
0,0,0.009237840238903429
0,0,0.02961881456728201
1,1,0.9999974214555729
1,1,0.9999974214555729
0,0,0.1609913027029037
0,0,0.16649331382811636
1,1,0.9410670356595502
0,0,0.06776592311078417
0,0,0.07106854891866787
0,0,0.06349913826004881
0,0,0.006304820972322023
0,0,0.06792819460078948
0,0,0.00020637475789815417
0,0,0.0037920301805887584
0,0,0.03787716556181443
0,0,0.02895126779696404
0,0,0.015199942027606847
1,1,0.9999895053044824
1,1,0.9999977168367039
0,0,0.3224592945829756
1,1,0.7835178659141808
0,0,0.005601769069928861
0,0,0.00039042707058631413
0,0,0.027403999155283666
0,0,0.23871507822260235
0,0,0.010385183552345226
0,0,0.00098808198113794
0,0,0.1050211991778722
1,0,0.08440032081672581
0,0,0.02103543357333697
0,0,0.005196287567918607
1,1,0.9999967421133994
1,1,0.9999974214555729
1,1,0.9999974214555729
0,0,0.20615111248028886
0,0,0.3406361711426804
0,0,0.01485894439462632
0,0,0.15954809656615443
0,0,0.005407632250865407
0,0,0.0131859345515772
0,0,0.3972853429524433
0,0,0.029797131022803996
1,1,0.9999986485205823
0,0,0.0072862066786429855
0,0,0.0440323687624593
1,1,0.9882769002725004
0,0,0.03327506609948264
0,0,0.06428612061158524
0,0,0.10559093911455782
0,0,0.04568129676252347
0,0,0.033561233903996394
0,0,0.0211025502226386
0,0,0.031463978692740806
0,0,0.049586385809441524
0,0,0.011987229973109815
0,0,0.03773156927048081
0,0,0.034088133937263086
0,0,0.0032684984563777857
1,1,0.9999966804291738
1,1,0.9999823113680593
0,0,0.006308850881347162
0,0,0.022856987364727792
0,0,0.03597037379393733
0,0,0.002266540144684403
0,0,0.010037577045579026
0,0,0.10574855042993228
1,1,0.9999979423411411
0,1,0.5775137107009355
0,0,0.21625246980016105
0,0,0.1905475770401256
0,0,0.03602881675644083
0,0,0.10703667835793636
0,0,0.01491593513056361
0,0,0.006546500341868923
0,0,0.0068453276768206
0,0,0.0043314233168211085
0,0,0.03109359727812347
0,0,0.05657431050847056
1,1,0.999915564608854
0,0,0.05960060598543852
0,0,0.07203274762018204
0,0,0.001540287446685817
1,1,0.6509599675189933
0,0,0.04299297699534651
0,0,0.04026411447829759
0,0,0.004455847998697271
0,0,0.09420579601886257
1,1,0.999998765996982
1,1,0.9817701841058324
0,0,0.31545880794684494
0,0,0.0036712922175177617
0,0,0.30515959869438386
1,1,0.9999979498821073
0,0,0.04405466662092221
0,0,0.04364792402413046
0,0,0.022973832566008438
0,0,0.010730411617651103
0,0,0.033740104560031986
0,0,0.05037269492825105
1,1,0.9999966804291738
0,0,0.03338792876542213
0,0,0.03835651620273761
0,0,0.0017336953811794885
0,0,0.0030038707317219353
1,1,0.9973816191698405
0,0,0.00704815940479775
1,1,0.9999967418747816
0,0,0.17365834719536416
1,1,0.9999964734721614
1,1,0.9999977168367039
0,0,0.11490638143482954
0,0,0.0366680344188226
0,0,0.0036782912234380053
0,0,0.014181440292493588
0,0,0.034810744710551615
1,1,0.9999970717796709
0,0,0.030063329962184138
0,0,0.06099206958722689
0,0,0.02596896249147202
1,1,0.5800980504887778
0,0,0.0029015754121490436
0,0,0.3474102694775093
1,1,0.9905741729818122
0,0,0.0004258445120386132
1,1,0.9444051420565216
0,0,0.0229442030956519
0,0,0.023500098670125428
0,0,0.002877730667472787
1,1,0.9999977168367039
0,0,0.0488204009256839
0,0,0.0521426639913239
0,0,0.04114555299277019
0,0,0.3100430505610389
1,1,0.9999977168367039
0,0,0.004301160336999701
0,0,0.3234339757499142
1,1,0.5020038952179781
1,1,0.9999179870789711
0,0,0.014812639320849629
0,0,0.07032600986490131
0,0,0.011074918872789727
0,0,0.05505971366677759
1,1,0.9999974214555729
0,0,0.01256341190358313
0,0,0.0005203175758266206
0,0,0.0003218102470695714
0,0,0.015737121461177523
0,0,0.00161087476945829
0,0,0.021721756837271313
0,0,0.02270849744496958
0,0,0.09242540695585402
0,0,0.02963861447771107
0,0,0.036988134428300144
0,0,0.0078050587913227245
0,0,0.10173186070154518
0,0,0.007628969779460315
0,0,0.006202605278587017
1,0,0.24094224228445624
1,1,0.9999974474866807
0,0,0.05722047257138259
0,0,0.03229249266220709
0,0,0.060823020908392804
0,0,0.03642756594909177
0,0,0.006104821106202802
1,1,0.9972408815512521
0,0,0.05452291318269335
0,0,0.024824389185568948
0,0,0.11390726990595494
0,0,0.11074553063072635
0,0,0.0033828202219999544
0,0,0.24058215693207666
0,0,0.009141280607935509
1,0,0.10856053478705727
0,0,0.024069820558057918
0,0,0.15784028345878862
0,0,0.04536637800907554
0,0,0.011447694675986544
0,0,0.01603884822608876
0,0,0.00390969750570911
0,0,0.2638759264864793
0,0,0.022956841276696376
1,1,0.9999974214555729
0,0,0.0882534138524748
0,0,0.004106751425312155
1,1,0.9999967421133994
0,0,0.14995332613413115
0,0,0.028424109263572906
0,0,0.005389405156218107
1,1,0.9970636985881765
1,1,0.9999976198535029
0,0,0.024970988902221207
0,0,0.03961508539592778
0,0,0.05166917574932301
0,0,0.00023193049829365665
1,0,0.369245524236478
0,0,0.060823020908392804
0,0,0.08671455499470142
1,1,0.9818362996099751
1,1,0.9999974214555729
0,0,0.005074108907550634
0,1,0.5131567507730159
0,0,0.004237078957752051
0,0,0.06176509052840814
0,0,0.057306172471619336
0,0,0.00027823514057269297
0,0,0.1789274578123445
0,0,0.0012115883419239447
0,0,0.07926015434594026
1,1,0.9999974214555729
0,0,0.024849994313991968
0,0,0.0008077428885402785
1,1,0.9999966804291738
0,0,0.009958535661128639
0,0,0.00822268665368272
0,0,0.15435062953116896
1,1,0.9999944141014446
0,0,0.07199320722573496
0,0,0.007524634769735005
0,0,0.024909502675150998
0,0,0.009209323556295688
0,0,0.0099178559197995
0,0,0.03587475886957352
0,0,0.01731996827943543
1,1,0.9999966804291738
0,0,0.03302472508087908
1,1,0.7020870756843035
0,0,0.06624974876022934
1,1,0.9977645003269009
0,0,0.3194597756398294
0,0,0.014385100158648282
0,0,0.2877944183958105
0,0,0.05617169472499766
0,0,0.015209837141211683
0,0,0.008435104446381566
0,0,0.04288460481364283
0,0,0.034676292481765326
0,0,0.002539415747628203
0,0,0.032492075072826705
1,1,0.9946542331304701
0,0,0.1627510399872301
0,0,0.014418365170483758
1,1,0.9999944141014446
1,0,0.33850263845916145
0,0,0.004341210667219926
0,0,0.009420658685483767
0,0,0.03373531069072329
0,0,0.013436173626175227
0,0,0.010492645796363236
0,0,0.058150944177172925
0,0,0.007963833195978957
0,0,0.033233459300386244
1,1,0.9999974214555729
0,0,0.02180717776581227
1,1,0.9711914963526992
1,1,0.9897349336130995
0,0,0.005057515212572041
0,0,0.005014588638204283
0,0,0.2071743474489122
0,0,0.0040628045905013845
0,0,0.004483910218035703
1,1,0.9999983935948057
0,0,0.06144968740460369
0,0,0.0013837868299318677
0,0,0.00629116383439384
0,0,0.003149175507721839
0,0,0.0042519380528723
0,0,0.30636639585047837
1,0,0.444940184330259
0,0,0.061936579094796766
0,0,0.026697716845953148
1,1,0.9999983935948057
0,0,0.01445834822726391
0,0,0.027985780988006564
0,1,0.5015318289596755
0,0,0.036233443434772125
0,0,0.06119922346323753
0,0,0.002490028156859463
0,0,0.027304977318004093
0,0,0.006804958883149793
0,0,0.12596934257930698
0,0,0.004027023078624236
0,0,0.06408587270664427
0,0,0.01459009974230519
0,0,0.046861714346467506
1,1,0.7839581318820893
0,0,0.0056928052007736395
0,0,0.00034536755007901073
1,1,0.9777852595355522
1,1,0.9692423785213282
1,1,0.9999979498821073
0,0,0.04611101690581275
0,0,0.0063883054819532225
0,0,0.013303706809825431
0,0,0.10199380025467657
1,1,0.9999974214555729
0,0,0.14954168883982988
0,0,0.049133356980428096
1,1,0.9999979498821073
0,0,0.026530068197849147
1,1,0.9990589637308475
0,0,0.013986879214157297
0,0,0.002871457217353616
0,0,0.07022071415597811
0,0,0.06167336501977361
0,0,0.04792517473187501
1,1,0.9999974214555729
0,0,0.014114414383893605
1,1,0.9999974214555729
0,0,0.03196846123552809
0,0,0.0013697245897635853
1,1,0.6875956832684639
0,0,0.002723062615773397
0,0,0.04574218477533912
0,0,0.015160370925062606
0,0,0.0031469197349412335
1,1,0.9999967418747816
0,0,0.07799524951613417
0,0,0.00011912005612423959
0,0,0.37650359408843415
0,0,0.04376646875014628
1,1,0.9999974214555729
0,0,0.06196631451715107
0,0,0.00011280786046887866
1,0,0.3951246145071267
0,1,0.5373533740257302
0,0,0.0020233450027554428
0,0,0.004292983503563467
0,0,0.017396970502773935
0,0,0.008101984144706562
0,0,0.03180404564002888
0,0,0.05733192807147926
0,0,0.0004570824082578307
0,0,0.04029258618208777
0,0,0.014867429918376102
0,0,0.027242569609997342
1,1,0.6017291825213308
0,0,0.015021001215477581
1,0,0.25377472320277955
0,0,0.011023277833320685
0,0,0.0005688967437405427
0,0,0.0024777444532390765
0,0,0.007454629113222381
0,0,0.015266087248823487
0,0,0.003103552240495062
0,0,0.011156616742449419
0,0,0.024702136867527615
0,0,0.04514774617790346
0,0,0.011105115059530594
0,0,0.007711957797110711
0,0,0.012447626743591464
0,0,0.06031092919779796
1,1,0.9999966804291738
0,0,0.16868664150757132
0,0,0.015681049037196065
0,0,0.014861587471657563
0,0,0.0005173516946198867
0,0,0.027716484865923017
1,1,0.9272979541749549
0,0,0.37602827165048475
0,0,0.00437452895960999
0,0,0.016437930388770665
0,0,0.0002121174103834594
0,0,0.3085440285330547
0,0,0.0004577762286782027
0,0,0.09554212282625166
0,0,0.016947312675441167
0,0,0.0061581707085125465
0,0,0.1524599739787707
0,0,0.0016516217668197197
0,0,0.01173182358249346
1,1,0.9999974214555729
0,0,0.04357858561567271
0,0,0.0021763157049510032
0,0,0.03569479537943357
0,0,0.25044622392116667
0,0,0.0032779466557738236
0,0,0.020004054907378974
0,0,0.03102003581558683
1,1,0.999998765996982
0,0,0.007150842645786581
1,1,0.9999966804291738
0,0,0.005729905399697429
0,0,0.024229649377845924
0,0,0.24059680868687622
0,0,0.022373124040666974
0,0,0.22857020144784765
0,0,0.45702870594244055
0,0,0.0011098965086610258
0,0,0.09217613803980138
0,0,0.007259737010028767
0,0,0.07272675556971174
1,1,0.9999136663230908
0,0,0.012777653137637197
1,1,0.9919299853852045
0,0,0.048948969509553984
1,1,0.936618249308363
0,0,0.005538556468619606
0,0,0.010071781562792842
1,1,0.9999971242915849
0,0,0.0051179969632505
0,0,0.0007717367936518576
0,0,0.06989307569126996
0,1,0.5763498077844795
0,0,0.015800071865891437
0,0,0.0451469369768296
0,0,0.1698616451299194
0,0,0.03717803140166013
1,1,0.9999986485205823
0,0,0.1611779940568305
0,0,0.03696632713071085
0,0,0.03305118464755059
0,0,0.0006491356897748805
0,0,0.030365952047798028
0,0,0.025699942784882912
0,0,0.011398450613166808
1,1,0.6452584096947939
0,0,0.01588298462593467
0,0,0.008386794900023904
1,1,0.9999905497856252
0,0,0.09451289433591595
1,1,0.9999986485205823
0,0,0.06910462526440674
0,0,0.07291857448943576
1,1,0.9999966804291738
0,0,0.0017412474057731276
0,0,0.040914036385496136
0,0,0.004893956598004984
0,0,0.10167564911836413
0,0,0.16384659371046428
0,0,0.04922751765648808
1,1,0.6773445478601096
0,0,0.09534472419217431
0,0,0.1496958786371607
0,0,0.022562073688108492
0,0,0.0007003300235029606
0,0,0.08935217330963278
0,0,0.004059080155339861
0,0,0.04733578917632128
1,1,0.9999229098419417
0,0,0.01114481279672215
0,0,0.016323436845596364
0,0,0.04363797966546267
0,0,0.056806685320404476
1,0,0.05648578536993805
0,0,0.002724880814483151
0,0,0.17435572374768085
0,0,0.08252281089901183
0,0,0.35871893331412696
1,1,0.9999974214555729
0,0,0.004268007312985176
0,0,0.038635926790674055
0,0,0.17431806614554543
0,0,0.06292165676685235
1,0,0.25044622392116667
0,0,0.07185403396704068
0,0,0.0015174431166725673
0,0,0.001187582421572631
0,0,0.007589301519285606
1,1,0.9999966804291738
0,0,0.017807654618170854
0,0,0.023840784595125203
0,0,0.05554737618967327
1,1,0.9999966804291738
0,0,0.0004312573709550829
1,1,0.9999986485205823
0,0,0.10172447293428805
0,0,0.15178103630789339
0,0,0.03228311566761509
0,0,0.010537992405899303
1,1,0.9999964734721614
0,0,0.020925307067794163
0,0,0.010014956579781282
0,0,0.0025914954921976174
0,0,0.34243513489793326
0,0,0.018370631703528095
0,0,0.003662582008839162
0,0,0.007928804166190675
0,0,0.014824885712900464
0,0,0.15287861621541324
0,0,0.02648091469130445
0,0,0.06155787073339111
1,0,0.112903312126257
0,0,0.25044622392116667
0,0,0.020185466641664703
0,0,0.06448636062958042
0,0,0.0243146079795134
1,1,0.9424817236884743
0,0,0.0040743164359232295
0,0,0.014642999751802391
0,0,0.010701686278777232
1,1,0.9533830000307719
0,0,0.012202106395973496
0,0,0.011970823185962562
1,0,0.37586524035673813
0,0,0.031145396368997724
0,0,0.10043609433566802
1,1,0.999998765996982
0,0,0.1899074979783033
0,0,0.005705254959237121
0,0,0.01675699291291738
0,0,0.12422117486537389
0,1,0.5134037912575372
0,0,0.013307998656563234
0,0,0.02085635709746513
0,0,0.012983061197955158
0,0,0.03938977440525306
0,0,0.01688149412072179
0,0,0.09459352443145727
0,0,0.03851749220089404
0,0,0.1479170464998306
0,0,0.10709499813693457
0,0,0.0034417243416300773
0,0,0.013316516555457682
1,1,0.9818362996099751
0,0,0.015432436151314035
0,0,0.017776872464802806
1,0,0.19607832948178747
0,0,0.008225682123205314
0,0,0.001358194186735235
0,0,0.0037241784606992998
0,0,0.007392269527437168
0,0,0.25044622392116667
0,0,0.3085440285330547
0,0,0.10280712015801555
0,0,0.0002961551413794859
0,0,0.10514364672411165
0,0,0.018053863094178595
0,0,0.37650359408843415
0,0,0.05970348510783938
0,0,0.05872457307156686
0,0,0.05285048966353095
0,0,0.0012071293822216484
1,1,0.850494191379091
0,0,0.04460078295168918
0,0,0.005489256230248931
0,0,0.12762967625281088
0,0,0.02545351391950935
1,1,0.9554035604304508
0,0,0.05506033119076227
1,1,0.9999967418747816
0,0,0.22386332357370278
0,0,0.10823039860644738
0,0,0.03083669067250568
0,0,0.10970190872488046
0,0,0.013930376363357363
0,0,0.011930204621952066
0,0,0.03554658503896986
1,1,0.9999964734721614
0,0,0.059874369703390405
0,0,0.00011805130374602747
1,1,0.9696808875202046
0,0,0.022267872968404934
1,1,0.9999977168367039
0,0,0.03997065004105155
0,0,0.0011885513154416955
0,0,0.015489520453292572
0,0,0.010520636800337586
0,0,0.025591988581401413
0,0,0.02837886371209676
0,0,0.20698798061838145
0,0,0.03483562011521626
0,0,0.03291692978203725
0,0,0.011630021574128234
0,0,0.004186235120626088
0,0,0.07861333528766247
0,0,0.09754424775394688
0,0,0.2590440057096608
1,1,0.9983354069008037
0,0,0.0014669723889633873
1,1,0.9320130133273407
0,0,0.02633429021412769
0,0,0.032179632262221924
1,1,0.9999962625821728
1,1,0.9999976198535029
0,0,0.18622868625216843
0,0,0.14250080464187914
0,0,0.009586463111436815
0,0,0.006141832875555175
0,0,0.03143550749436915
0,0,0.016649242496494947
1,1,0.9999974214555729
0,0,0.019937380776299585
0,0,0.027138501438791023
0,0,0.0754771242842731
0,0,0.0287849231777508
0,0,0.21594050848662977
0,0,0.0060600671505900185
0,0,0.007435470392555856
0,0,0.41101325783905723
0,0,0.15618414652406834
0,0,0.027264833404205362
0,0,0.06533725511607494
0,0,0.01724878854168606
0,0,0.014782338940259977
0,0,0.0003510816000288804
0,0,0.0798487928661291
0,0,0.02101532898630194
1,1,0.9999823180078129
0,0,0.16351319515540996
0,0,0.10038613464764735
1,1,0.9999974214555729
0,0,0.0035500102515406387
0,0,0.2657048668449938
1,1,0.976919240764412
1,1,0.999998765996982
0,0,0.1797638020504524
0,0,0.4260793193331097
1,1,0.970600130797976
0,1,0.5775137107009355
1,0,0.11973730963387694
1,1,0.9999977168367039
0,0,0.008194009844368343
0,0,0.042946364065955714
0,0,0.0007658103424098066
0,0,0.022287948359798356
0,0,0.020692342771958278
0,0,0.003954724722030161
0,0,0.001910310366998588
0,0,0.02884240259892605
1,1,0.9999964734721614
0,1,0.5654954395176452
0,0,0.0017522541749682612
0,0,0.05259453020432554
0,0,0.03333469120194613
1,1,0.9999979498821073
0,0,0.014144227100855469
0,0,0.29317831078385925
0,0,0.011202059692742149
0,0,0.015017093273956589
0,0,0.05674171004103514
0,0,0.036906811729546005
0,0,0.02352713845837098
0,0,0.27836914166422816
0,0,0.051703903314932124
0,0,0.23052801669832762
0,0,0.0064866696491407295
0,0,0.012260949146556413
0,0,0.02775428408802167
0,0,0.07197621235134889
0,0,0.02226895097473945
0,0,0.02532251664209618
0,0,0.0011128611152337478
0,0,0.029867328742223448
0,0,0.03812559845084453
1,1,0.9999920700925207
0,0,0.06372900016989624
0,0,0.07048203777666388
0,0,0.002102827686098022
0,0,0.014802303167931553
0,0,0.060990144270624956
0,0,0.006355002509133985
0,0,0.008502179628488449
0,0,0.004975291215096786
1,1,0.991914689131653
0,0,0.006987135453175638
1,1,0.9678197279811376
0,0,0.05176641764029116
0,0,0.11957115607085701
0,0,0.010927916975323596
0,0,0.0466697577838466
0,0,0.0006199386559228302
1,1,0.7364594254463077
0,0,0.038151716085954
1,1,0.9999986485205823
0,0,0.1745032933162724
0,0,0.02787485685678644
0,0,0.05505971366677759
0,0,0.13020567757404958
0,0,0.05632996785923297
1,1,0.9959487540321366
0,0,0.11805656324651434
0,0,0.004008363211066527
0,0,0.09332800628364635
0,0,0.011255096702751786
0,0,0.0316812328372833
0,0,0.05794849676667887
0,0,0.0003736875201667929
0,0,0.03759756071885516
0,0,0.06906196932386839
0,0,0.004420688661978081
1,1,0.9999966804291738
0,0,0.024464139842685455
0,0,0.017536949324093574
0,0,0.006032555807445492
0,0,0.043272569712514294
1,1,0.9999986485205823
0,0,0.024800291355144475
0,0,0.004703490977595537
0,0,0.00611824742457609
0,0,0.019620859417427153
0,0,0.12431123661259566
0,0,0.30883426082680854
1,0,0.31802840846629965
0,0,0.002307023000101953
0,0,0.002031680617406685
0,0,0.046708755955622856
0,0,0.021684634516257833
1,1,0.9999967418747816
0,0,0.08767435449158403
0,0,0.048335045065676936
1,1,0.9999962623084329
0,0,0.07052286315273198
0,0,0.07397754306492126
1,0,0.1961237974849879
1,0,0.3586283934035118
0,0,0.009801929374559204
0,0,0.232957825962009
0,0,0.0006245518970429959
0,0,0.024323899620731348
0,0,0.016177176570483016
0,0,0.16505513259324375
0,0,0.13694671640164982
0,1,0.7205431754809067
0,0,0.07377401448112683
0,0,0.010460735682289907
0,0,0.043770978081430635
0,0,0.30515959869438386
0,0,0.06486132433589616
0,1,0.7707865399906269
0,0,0.011255096702751786
1,1,0.7234066078116117
0,0,0.39501958450632046
0,0,0.022533104605724257
0,0,0.008218141392470847
1,1,0.9999974214555729
1,1,0.9999136663230908
0,0,0.02399613315400887
1,1,0.9310987482322378
0,0,0.012713142961741787
0,0,0.010103718023626997
0,0,0.3987561056199943
0,0,0.04973360357026085
0,0,0.026650826661575974
0,0,0.05813084431599317
0,0,0.45702870594244055
0,0,0.028651563013571774
0,0,0.02987876614857575
0,0,0.019519046079086874
0,0,0.009404189407651838
1,1,0.9999986485205823
0,1,0.538171231340538
1,1,0.9999977168367039
0,0,0.0315549135733152
0,0,0.08722291200234542
0,0,0.002767189381523247
0,0,0.03568856564698765
1,1,0.9999971242915849
0,0,0.006652205465353517
0,0,0.009573899491925917
0,0,0.026099215020572792
1,1,0.9999298645867918
0,0,0.0030622720583639014
0,0,0.1428210337421518
1,1,0.9999967418747816
1,1,0.9880271900114034
0,0,0.018999349648615077
0,0,0.103257250853001
0,0,0.012615066128584986
0,0,0.05718452590382693
0,0,0.2120295365851227
0,0,0.003959801377261017
0,0,0.34319372303424045
0,0,0.04057371360409717
0,0,0.06852405711128147
0,0,0.008144328910971122
0,0,0.0028233059740233406
0,0,0.12897630093350246
0,0,0.00809917889978451
1,1,0.9999094556934308
0,0,0.0928034036234602
0,0,0.013241454963612988
0,0,0.0004713079380588063
0,0,0.0007958304630448484
0,0,0.012148295141994055
0,1,0.5770570523605009
0,0,0.08197574274680429
1,1,0.999995874961105
0,0,0.012087649471684387
0,0,0.017899365502197676
0,0,0.0026999636924809143
1,1,0.9983291462171057
0,0,0.006960753189436849
0,0,0.03295589740524807
0,0,0.04475613153416282
0,0,0.07286832439969809
0,0,0.003048121648887047
0,0,0.0032369973119086284
0,0,0.0006645751370892366
0,0,0.07063580835021321
1,1,0.9999966804291738
0,0,0.012667499171980342
1,1,0.9999974214555729
1,1,0.9726698580436187
0,0,0.004448830451312273
0,0,0.1373440877855574
0,0,0.009067390652633204
0,0,0.008104359754585047
0,0,0.009917274588614558
1,1,0.5958277294331149
0,0,0.004957410359653793
1,0,0.022014319449314246
0,0,0.009326684494448827
0,0,0.007467628753001268
0,0,0.4520991306009244
0,0,0.2960799499025667
0,0,0.06066787168848429
0,0,0.008343137715020467
0,1,0.5962182839861764
0,0,0.003302388635535194
0,0,0.015356478762825492
1,1,0.9999974214555729
0,0,0.014912989483839194
0,0,0.22560819078488792
0,0,0.03427296120615984
0,0,0.04471668948217961
0,0,0.009829002034069764
0,0,0.02101552985619584
0,0,0.022470758509633006
0,0,0.012502447645019038
0,0,0.0015784804002397124
0,0,0.04401043163347743
1,1,0.9999986485205823
0,0,0.005560694522028167
1,1,0.9999981310497241
1,1,0.8929274901882229
0,0,0.02542717121466445
0,0,0.0038223691446884352
0,0,0.010095338007718616
0,0,0.008561255229326067
0,0,0.004352272788537155
0,0,0.03297969537650928
0,0,0.007663465391594724
0,0,0.1825884417762111
0,0,0.03519980467688568
1,0,0.376815868431043
0,0,0.060205131053958236
0,0,0.018498128204350168
0,0,0.009831453849354238
0,0,0.08852813750351954
0,0,0.40242295170865655
0,0,0.0017007643220150156
0,0,0.020548994085877525
0,0,0.11395039037251287
0,0,0.019119120131153213
0,0,0.4139794092939006
0,0,0.03769496176364463
0,0,0.007696313915373873
0,0,0.040434006426698504
0,0,0.37650359408843415
0,0,0.013115239312281736
0,0,0.011779852981652366
0,0,0.09806393949685091
0,0,0.010063179428418835
0,0,0.02572849145567062
0,0,0.0026503538964618334
0,0,0.06225737962187557
0,0,0.004631813705432804
0,0,0.011074641057044862
0,0,0.006323266776036772
1,1,0.9999967418747816
0,0,0.015636346276290635
0,0,0.01804989846300576
0,0,0.046806979862494096
0,0,0.058407343868505386
0,0,0.08511251156925477
0,0,0.022472019304220537
0,0,0.12039268897187756
0,0,0.22671898674782529
1,1,0.8870107405802937
0,0,0.016034755530613617
0,0,0.028783222343412008
0,0,0.09677420747116416
0,0,0.003926987628951319
0,0,0.017581442488020595
0,0,0.02596515883883111
0,0,0.017552354978694028
0,0,0.32538261559158166
0,0,0.013737723775529011
0,0,0.01586220580183584
0,0,0.031862294762634774
0,0,0.10710689852639535
0,0,0.000529712821956055
1,0,0.19202969616223345
0,0,0.0006645751370892366
1,1,0.9999944704924432
0,0,0.10230364251428395
1,1,0.9095558075399222
0,0,0.013187706208115902
0,0,0.08321683195817492
0,0,0.36897291227475604
1,1,0.9999977168367039
0,0,0.04093330388488739
0,0,0.01248361603396365
0,0,0.04812797431147795
0,0,0.017262220214950493
1,1,0.8739350017110523
0,0,0.1912657386592822
1,1,0.9999971242915849
0,0,0.0016835459074912285
0,0,0.09992036706639214
0,0,0.002683237702313814
0,0,0.03181327493434703
1,1,0.9999962625821728
0,0,0.1698023928311102
1,1,0.748607413774306
0,0,0.0008702627385365454
1,1,0.5369730647637371
0,0,0.08697195344395313
0,0,0.2382379169590266
0,0,0.019172687721307872
0,0,0.034901038302555504
0,0,0.005332527221809257
0,0,0.30515959869438386
0,0,0.019590538026504487
0,0,0.02228617585401379
0,0,0.005085252476558535
0,0,0.0016454010131541083
0,0,0.0023343830970863344
1,1,0.9999202663856797
0,0,0.042408488092768405
0,0,0.11394367699140165
0,0,0.42882241799010656
0,0,0.06967313066626625
0,0,0.03770148988484734
0,0,0.001649241642931951
0,0,0.04679328687078743
0,0,0.08768172768316866
0,0,0.2828432751773014
0,0,0.09162666978362366
0,0,0.06157975857067597
0,0,0.011156616742449419
0,0,0.3712545439323884
0,0,0.003665197213283269
0,0,0.10624509202352363
0,0,0.009179698085221177
0,0,0.004103049551243816
1,1,0.9999974214555729
0,0,0.024852227255053018
0,0,0.012254909181005288
0,0,0.00198979116963972
1,1,0.9625143399854589
1,1,0.9933818807100625
0,0,0.016686008021343995
0,0,0.037578294672283415
0,0,0.07176326125209627
0,0,0.3760177337072422
0,0,0.007243917699407359
0,0,0.03459579748294961
1,1,0.9999962625821728
0,0,0.04363797966546267
0,0,0.2184532548058052
0,0,0.06951537967844654
0,0,0.002990771438884385
0,0,0.011552751220702897
0,0,0.38089883039582245
0,0,0.018872950721687067
0,0,0.060445116159938576
0,0,0.395964839574359
0,0,0.00031162684818841383
0,0,0.009277411131225911
1,1,0.9895306922848673
0,1,0.6386518198372572
0,0,0.14904293760277482
0,0,0.00665037116494074
0,0,0.011006507474317497
0,0,0.009350148697688989
0,0,0.011950738749363421
0,0,0.016255678963870285
1,1,0.9999967421133994
0,0,0.07092201844281325
0,0,0.06506266586837411
0,0,0.12551875703131873
0,0,0.005176500095124658
0,0,0.3426218735576368
0,1,0.5261489727751993
0,0,0.02136045464138588
0,0,0.003944107506307681
0,0,0.03896693183190944
0,0,0.008403215915498542
0,0,0.032642839819679054
0,0,0.004972222820579873
0,0,0.008072850396502414
0,0,0.091504361826536
0,0,0.0003008948784877832
0,0,0.13565846289408687
0,0,0.039891145303269676
0,0,0.013654354682689109
1,1,0.9999967421133994
0,0,0.040754466127310124
0,0,0.35998279798177363
0,0,0.10079068922970204
0,0,0.007173841723156561
0,0,0.013831810299217024
0,0,0.01884266663121632
0,0,0.4549237215723787
0,0,0.0009499028266900477
0,0,0.0072077240375365784
0,0,0.3092129877130178
0,0,0.016607253119209693
0,0,0.02589104036916079
0,0,0.07699933358727312
0,0,0.015756374516642514
0,0,0.00872694933172545
0,0,0.04289565980035528
0,0,0.3736761665503991
0,0,0.1416174544735876
0,0,0.0016313806841395605
0,0,0.04334240878515981
0,0,0.010014956579781282
0,0,0.009154108856511693
0,0,0.04038596200331744
0,0,0.034913411267040825
1,1,0.9919299853852045
0,0,0.0007793890588776124
0,0,0.03691735163758188
0,0,0.014287196483435759
0,0,0.003525215439982048
0,0,0.013123975099960418
0,0,0.01166501423290741
0,0,0.011196466702081053
0,0,0.0725528201857292
0,0,0.05701522467634867
0,0,0.012429365704565758
0,0,0.006178696220123168
0,0,0.035410909717163874
0,0,0.1076765862802031
0,0,0.00014876185796647943
0,0,0.019183658329247465
0,0,0.01796978900191701
0,0,0.0018554080483552714
1,1,0.9999966804291738
0,0,0.13794585447326563
0,0,0.008698929388450516
0,0,0.004677563093744309
0,0,0.02179268225958811
0,0,0.002588452774642071
0,0,0.06189897159150311
0,0,0.14866272188599675
0,0,0.0443230829951497
0,0,0.014440767383076447
0,0,0.0032680592060651513
0,0,0.019056984265802417
0,0,0.002500464778480508
0,0,0.11840907701054176
0,0,0.011638895058309786
0,0,0.009650801541464029
1,1,0.9999974214555729
0,0,0.09889685332155297
0,0,0.08792511007607094
0,0,0.014745446536087878
1,1,0.9834518668452135
0,0,0.137674792303737
0,0,0.0614332171697628
0,0,0.011433004412273422
0,0,0.08983412402575199
0,0,0.4098829343287476
0,0,0.01358274468586084
1,1,0.9999976198535029
0,0,0.03761628957360098
0,0,0.030620100338236395
0,0,0.05688464622826871
1,1,0.9999971242915849
0,0,0.021665022994678654
1,1,0.9999831886085021
0,0,0.2939842365211423
0,0,0.021918269135780103
0,0,0.01364228224363793
1,1,0.5346742985491524
0,0,0.042641187300265074
1,1,0.9999976198535029
0,0,0.23661243745857405
0,0,0.07274399250743793
0,0,0.05166917574932301
0,0,0.08386579198307148
0,0,0.01784936572415751
0,0,9.473662267007893e-05
0,0,0.02106424304061375
0,0,0.2858699333037115
0,0,0.001481642996864687
0,0,0.0005639401813430854
0,0,0.0005736636252819865
1,0,0.2054556928741114
0,0,0.011202820074467023
0,0,0.01184349793779194
1,1,0.5836977262470653
0,0,0.0037159660741139747
1,1,0.9725548362789409
0,0,0.024227051685790247
1,1,0.9999964734721614
0,0,0.055617821861368044
0,0,0.03744008905392342
1,1,0.9758165208373704
0,0,0.04320682880080317
1,1,0.9866480604907478
0,0,0.06666232959937143
0,0,0.07172493265058592
0,0,0.02147142438958164
0,0,0.00392491842531021
1,1,0.9988082744800186
0,0,0.010878015575526888
1,1,0.9851409012302904
0,0,0.0026304051593074754
0,0,0.015532385811528828
0,0,0.005208997111845509
0,1,0.6102070105016131
0,0,0.0305988291680478
0,0,0.17616737899657745
0,0,0.09415833899714515
0,0,0.41106224653880685
0,0,0.017828050475747946
0,0,0.07518041146752699
0,0,0.052293522034326294
1,1,0.6674409956790295
0,0,0.02250413980159703
1,1,0.9999989875016777
0,0,0.1562138213041074
0,0,0.02167605871916554
0,0,0.13016611970577696
0,0,0.06537753744303633
0,0,0.011789313505744461
0,0,0.0075421064943520496
0,0,0.00038311036135944376
0,0,0.04503873912941697
0,0,0.045315507093199675
0,0,0.13193756874131066
0,0,0.009511919644810787
0,0,0.04405651474096938
0,0,0.21876444918368634
0,0,0.06736527215930553
0,0,0.02221164592860266
0,0,0.02103543357333697
0,0,0.003985120694832623
0,0,0.0003137471852003798
1,1,0.9999967421133994
0,0,0.05718452590382693
0,0,0.007970066636174169
0,0,0.01884988724347806
0,0,0.015940680720831917
0,0,0.0259434744089819
0,0,0.05966705906087344
0,0,0.048191394173653354
1,0,0.4808407992615076
0,0,0.05044184541994351
0,0,0.011184194544002074
0,0,0.07549183389240964
0,0,0.050669391589547114
1,1,0.9999977168367039
0,0,0.006835411909653197
1,1,0.8123986771440185
0,0,0.01692331315601062
0,0,0.02156139065314065
0,0,0.1373852914827327
0,0,0.1900910588184706
1,1,0.9999966804291738
0,0,0.07604089701932737
0,0,0.026984523442923892
0,0,0.12898664548638947
0,0,0.00280903282450111
0,0,0.4693163194065309
0,0,0.02556517786920323
0,0,0.00686127276496894
0,0,0.043870265750150475
0,0,0.020221088156133084
0,0,0.0030121855927101975
1,1,0.9999966804291738
1,1,0.9909608094892726
0,0,0.0009799699671798638
0,0,0.01639402195898659
0,0,0.004702666004930258
0,0,0.13441780758382255
1,1,0.9999974214555729
0,0,0.008619780907768404
0,0,0.028934249637506616
0,0,0.009976225992893523
1,1,0.9999967421133994
0,0,0.016885504989570005
0,0,0.02201508704155075
0,0,0.013035484313125924
0,0,0.05199704961672939
0,0,0.03230071796554915
0,0,0.03828253183004608
0,1,0.584037624571452
0,0,0.007072283628063347
0,0,0.08658297866081353
0,0,0.12999349883537378
0,0,0.0032270907291110473
0,0,0.0013239310492837548
1,1,0.999915564608854
1,1,0.9999966804291738
0,0,0.02267954694304698
0,0,0.001910739000787531
0,0,0.00027990904839584306
0,0,0.006960753189436849
0,0,0.30212783638855656
0,0,0.026276680398483555
0,0,0.008617285911767811
0,0,0.0032948432050991096
1,1,0.9999944704924432
0,0,0.0881262730408568
0,0,0.06032891943400306
0,0,0.004773508482707392
0,0,0.0032531340919228894
0,0,0.01380608959659899
0,0,0.04612194775038703
0,0,0.04243100733236089
0,0,0.011349689091233232
1,1,0.9999957589384425
1,1,0.9999974474866807
0,0,0.08589828589236659
0,0,0.030194458247851035
0,0,0.1026986783688759
0,0,0.03440785450324992
1,1,0.999915564608854
0,0,0.0008783983538565457
0,0,0.0012832148859481735
0,0,0.0016380351140101823
1,0,0.14346261255056117
0,0,0.001696769507518807
0,0,0.03295589740524807
0,0,0.007052325251004847
0,0,0.05723290404917558
0,0,0.006415798389224371
0,0,0.05232570750715685
0,0,0.11347916352714342
0,0,0.00012451853310361914
0,0,0.009009883331454863
0,0,0.0089094595710021
0,0,0.00034324591705089984
0,0,0.009586463111436815
0,0,0.02215739839896908
1,1,0.8242238976225376
0,0,0.01802017248931359
1,1,0.9999967421133994
1,1,0.9999971242915849
0,0,0.04068782925004003
0,0,0.11825534577078933
1,1,0.9999967418747816
0,0,0.020057094849752998
0,0,0.14981478692016575
0,0,0.036478824385435614
0,0,0.002719609809248657
1,1,0.9999964734721614
1,0,0.01852816204251226
0,0,0.09441759068696978
0,0,0.013187706208115902
0,0,0.013948179012777378
0,0,0.006278829531079843
0,0,0.01590533701642922
0,0,0.012448471282630571
0,0,0.003203255438157803
0,0,0.07565290382565633
0,0,0.15718315931783414
0,0,0.0428044398889547
0,0,0.02428398344065114
0,0,0.03527584879794821
1,1,0.9999966804291738
0,0,0.0031722565299025294
0,0,0.034362152207492704
0,0,0.011493471846729802
1,1,0.9999967418747816
0,0,0.0036540553105244935
0,0,0.009285373858062534
0,0,0.07979552473625656
0,0,0.19421845168686677
0,0,0.012216851366353499
0,0,0.012095758436365516
0,0,0.00027990904839584306
0,0,0.02668043851693755
0,0,0.008365833251591378
0,0,0.017877550474330584
0,0,0.42196945710146183
0,0,0.05396623639828477
0,0,0.007983116072359329
0,0,0.002762864706541557
0,0,0.0015101445166604323
0,0,0.005998383007904866
0,0,0.15733819438696353
0,0,0.023154627847087154
0,0,0.02882425410777984
0,0,0.10779446350345419
0,0,0.04136702917184428
0,0,0.019281585076687265
0,0,0.025966815345118587
0,0,0.2858699333037115
0,0,0.014188132069817679
0,0,0.3537052083636948
0,0,0.05596022919624857
0,0,0.014680524805252407
0,0,0.03891351157256515
0,0,0.13009348812128696
0,0,0.23961034021938052
0,0,0.024702136867527615
0,0,0.0012347482626849475
0,0,0.014279117942663963
0,0,0.026296890227175358
0,0,0.02379710064272224
0,0,0.03366173999689902
0,0,0.15440106483414087
0,0,0.001287710064987962
0,0,0.0027112108321166984
0,0,0.0004215829468080456
0,0,0.1759457891868559
0,0,0.014691232022390808
0,0,0.006655069568520928
0,0,0.09652398670176186
0,0,0.0032921101782491173
0,0,0.05872842171630822
1,1,0.8805308707359341
1,1,0.9999971242915849
0,0,0.29975855395755024
0,0,0.04705418538522628
0,0,0.05969746593349937
0,0,0.04394825605978057
1,1,0.8177218023617521
0,0,0.11617330247993267
0,0,0.00814447342136912
0,0,0.0027928035786286168
0,0,0.02551709202031754
1,1,0.9999974214555729
0,0,0.02562119041503689
0,0,0.0002484904440990425
0,0,0.002938602519360564
0,0,0.04865915462236361
0,0,0.019602127174739765
0,0,0.02644750631891588
0,0,0.0008985775096867466
0,0,0.03606127215201529
0,0,0.040234698192703804
0,0,0.04049797175897971
0,0,0.057827400293719355
0,0,0.02427000092632222
0,0,0.09445913622553351
0,0,0.028077146558608105
0,0,0.0209576918538339
0,0,0.009882048933480913
0,0,0.40242295170865655
0,0,0.02181619894921711
0,0,0.005828485821511681
0,0,0.002943341436876912
0,0,0.07970130880369296
0,0,0.2753643667298646
0,0,0.021973464792263593
0,1,0.521217571563685
1,1,0.9999974214555729
0,1,0.5601893638197668
0,0,0.03649041978503337
0,0,0.13300233900553823
0,0,0.2622689145229505
1,0,0.3464645611119842
0,0,0.22889378338669658
0,0,0.08958241566231309
0,0,0.12891048415599599
1,1,0.9999966804291738
1,1,0.5507679604251171
0,0,0.04009004303766184
0,0,0.0003076151910973159
0,0,0.06352949768029528
0,0,0.07191639289497792
0,0,0.07774015319326685
1,1,0.999998765996982
1,1,0.9999974214555729
0,0,0.07012358717666238
0,0,0.13107033955582642
1,1,0.9738388703387424
0,0,0.17944827685151443
0,0,0.008421834426217183
0,0,0.0064334753175578924
0,0,0.031106255176016246
0,0,0.2758164807834774
0,0,0.011358973581537207
0,0,0.021471969936724178
0,0,0.04783816486815915
0,0,0.009714232820100699
0,0,0.013187706208115902
1,1,0.9999966804291738
1,1,0.9999905497856252
1,1,0.9999966804291738
0,0,0.052814325992997506
0,0,0.10725464474835007
0,0,0.21829973575661837
0,0,0.4391502757170056
0,0,0.10676001056462237
0,0,0.02655810030719923
1,1,0.9999974214555729
0,0,0.009026470789629594
0,0,0.0021925963141417966
0,0,0.14547083647191952
0,0,0.20104369225105415
0,0,0.03671628614270768
0,0,0.10688495604775772
0,0,0.003836409180279684
0,0,0.060131985315735034
0,0,0.2714407811578706
1,1,0.710790380646646
1,1,0.9417515874187946
0,0,0.12577660483126665
0,0,0.33252971412256416
1,1,0.999996194052106
0,0,0.02676470784760211
0,0,0.024927202731063868
0,0,0.04662802520092415
0,0,0.03880386652905088
0,0,0.04376084885593016
0,0,0.006533857169179909
0,1,0.5560800402536451
0,0,0.007850395710351222
1,1,0.6459030902038412
1,1,0.9672382464499011
0,0,0.012115539987952572
0,0,0.019519046079086874
0,0,0.03540956376180536
0,0,0.4208246774079424
0,0,0.010796325607794236
0,0,0.05286022150985054
0,0,0.013404394626456382
0,0,0.026388610487507517
0,0,0.008435925889840372
1,1,0.9999964734721614
0,0,0.036867949073142
0,0,0.0005430743633419414
0,0,0.050466817213910484
0,0,0.09406813650114645
0,0,0.016147902039045616
0,0,0.34243513489793326
1,1,0.9805569854959184
0,0,0.1834003716326181
0,0,0.001511642981947061
0,0,0.015134516090291181
0,0,0.3732764906417523
0,0,0.01104249686811173
0,0,0.02002021920291785
0,0,0.21331209911562918
0,0,0.1631229221609518
0,0,0.0746265405008089
0,0,0.10230001263438657
0,0,0.030462134846429845
0,0,0.06115334114916087
1,1,0.9999974214555729
0,0,0.037810184166715534
0,0,0.007676837974794826
0,0,0.005712581346189826
0,0,0.0552637643599202
0,0,0.09858758626040691
0,0,0.010573725725742427
0,0,0.04979226462326195
0,0,0.03519322482408511
0,0,0.03288110006216382
0,0,0.19606055346380705
0,0,0.01871239589228661
0,0,0.03577488758607536
1,1,0.9895306922848673
0,0,0.11880369133136795
0,0,0.0015195447729241618
0,0,0.13489311133960233
0,1,0.5055675180875712
0,0,0.0157482871417525
1,1,0.9942790393467416
0,0,0.00973412524201602
0,0,0.2530956885167484
0,0,0.009262352129213875
0,0,0.0594693889272183
0,0,0.0016912361087956045
0,0,0.07024297792445637
0,0,0.00866844906369298
1,1,0.9641563315492296
0,0,0.47675056469684984
0,0,0.19193418418904654
0,0,0.034875494573791126
0,0,0.015619053752521424
0,0,0.05060495993925368
1,1,0.9982000526979556
0,0,0.05931124603535092
0,0,0.3076200826910754
0,0,0.005322634682547987
0,0,0.12204161623993215
0,0,0.04890811624058162
0,0,0.00780257763161194
0,0,0.019560869880065015
0,0,0.01494159413281131
0,0,0.008863298429866107
0,0,0.049355769922715426
0,0,0.0022971367617149376
1,1,0.999998765996982
0,0,0.030132589131718263
0,0,0.0016237212845630713
0,0,0.4549237215723787
0,0,0.007229546317597027
1,1,0.9999967418747816
0,0,0.026922315333248913
0,0,0.28106425223725057
0,0,0.00392491842531021
0,0,0.4542743752341479
0,0,0.01053721284906531
1,1,0.7879089481766396
0,0,0.05714303179588131
0,0,0.0859133349868509
1,0,0.405155202795134
0,0,0.025507129750998718
0,0,0.02834332453900022
0,0,0.030249523617472452
0,0,0.07447062492803008
0,0,0.12450806668725933
0,0,0.07064643938755133
0,0,0.0048376905224330425
0,0,0.09880411159030313
1,1,0.999998765996982
0,0,0.002759743984346187
0,0,0.0022293680729239735
0,0,0.00870471363323433
0,0,0.0814579449322855
0,0,0.08189319095082138
0,0,0.015412904160759262
0,0,0.03188432438722896
0,0,0.002297317130671153
0,0,0.005251049236283583
0,0,0.01726385801686973
0,0,0.07341172488975964
0,0,0.015146458174147854
0,0,0.02109183931559387
0,0,0.1300718636633726
0,0,0.07471116602521938
0,0,0.02566634029737189
0,0,0.021442200483212794
0,0,0.015002249979825608
0,1,0.5775137107009355
0,0,0.00041541071905879586
0,0,0.024030032563738153
1,1,0.9999974214555729
1,1,0.999998765996982
1,1,0.6302646595187553
1,1,0.9395340715767033
0,0,0.0091817299800974
0,0,0.007558257856507713
0,0,0.2602304654393405
0,0,0.012776591273604154
0,0,0.014669084153113934
0,0,0.017531319516557016
0,0,0.06066696917333446
0,0,0.010862764685771074
0,0,0.08339068231648816
0,0,0.003962061111568789
0,0,0.013429571818967015
0,0,0.001724874399031994
1,1,0.999998765996982
0,0,0.012906789315360809
0,0,0.037420192417316235
0,0,0.04182022854095018
0,0,0.03944682731216908
0,0,0.002526945803752711
0,0,0.041506299735999334
1,1,0.9938607759405722
0,0,0.10115580866665007
0,0,0.17457622871591313
1,1,0.999931307181679
0,0,0.0027567714872149523
0,0,0.0026523613760829528
0,0,0.002255507776429357
0,0,0.010923930306843264
0,0,0.0019107774420361158
0,0,0.04053797597415286
0,0,0.006379919136638853
0,0,0.015370644383748047
0,0,0.15912226772386215
0,0,0.002200728720432291
1,0,0.4349440942566733
0,0,0.07957082484631578
1,1,0.955809880995007
0,0,0.0760598746391134
0,0,0.060647340852823
0,0,0.04493215092082841
0,0,0.10345410268112068
0,0,0.0008728944824943951
0,0,0.10210081750575958
1,1,0.9546875481792754
1,1,0.9999986485205823
1,0,0.48239297332980174
0,0,0.006652205465353517
1,1,0.9517219260478438
0,0,0.05564333048216164
0,0,0.015432436151314035
1,1,0.9999982935068383
0,0,0.05376971892807034
1,0,0.0067425749496431465
0,0,0.06025118214100649
0,0,0.037485800344423253
0,0,0.05818526872313933
0,0,0.05536535840938805
0,1,0.9661247372138907
0,0,0.03328830621980584
0,0,0.25044622392116667
0,0,0.13003650788058213
0,0,0.011635322166821137
0,0,0.01255666106085742
1,1,0.9999974214555729
1,1,0.9999974214555729
1,1,0.9999974214555729
0,0,0.01002957627265103
0,0,0.0013828727899070801
0,0,0.008510009299135085
0,0,0.14462528324260956
0,0,0.014739704756558529
0,0,0.008670417708034818
1,1,0.7608745200012804
0,0,0.11830552145728038
0,0,0.37773316942815494
0,0,0.07484318014902007
0,0,0.002996171476032918
0,0,0.06637285799434806
0,0,0.005831238123584827
0,0,0.07516563919814195
0,0,0.053543098442915445
0,0,0.03567715119772067
0,0,0.08105121844276127
1,0,0.25435777482833355
1,1,0.6162139350095552
0,0,0.01001338644767444
0,0,0.017035831904255498
1,1,0.9999986485205823
1,1,0.9999976650563936
1,0,0.4293160526645809
0,0,0.0001413387921374175
0,0,0.00019763720424381754
1,1,0.9999964734721614
0,0,0.001881265343658388
0,0,0.3898659742825888
0,0,0.0380666190015598
0,0,0.009969754505489165
1,1,0.5268270975878303
1,1,0.9999746002941494
0,0,0.12549526568060357
0,0,0.2816338278495571
0,0,0.020064378987063456
0,0,0.040692283097455956
1,1,0.9999973638478148
0,0,0.13234931141190598
0,0,0.26629234417793385
1,1,0.9999977168367039
0,0,0.017776872464802806
0,0,0.1178321317290805
0,0,0.009826968917721036
1,1,0.9999974214555729
0,0,0.09700713269378003
0,0,0.034362152207492704
0,0,0.058020645583529616
1,0,0.3233532661852893
0,0,0.0036422990741379994
1,1,0.9999974214555729
0,0,0.022655127845417126
0,0,0.02162105157513053
0,0,0.09297053358632432
0,0,0.0220342274518825
0,0,0.37650359408843415
0,0,0.47622534460327604
0,0,0.01123627535589567
0,0,0.053505716806187306
0,0,0.3878314010283335
0,0,0.028073819631031935
1,1,0.5878165009515088
0,0,0.02756034703113653
0,0,0.05395156127003794
0,0,0.05478858933155856
0,0,0.008063947781585845
0,0,0.06839080380453587
0,0,0.07061089304928243
0,0,0.01818339539857266
0,0,0.09531345885321327
0,0,0.02399024217243036
0,0,0.025234551160129404
0,0,0.019645473558045464
0,0,0.001098671452028086
0,0,0.010079964491199325
0,0,0.010388244614728622
1,0,0.3864307976586211
0,0,0.009227566477251788
1,1,0.9999983935948057
0,0,0.020208947261789845
0,0,0.011664570329687382
0,0,0.02070620227312494
0,0,0.02907219350613569
0,0,0.29323571850689173
0,0,0.0010015911085284467
0,0,0.020340119584500393
0,0,0.09786736712543466
0,0,0.028496467658098275
0,0,0.019464022551660024
0,0,0.022093521197741155
0,0,0.01302242945494914
0,0,0.028436147091449523
0,0,0.19228507553583543
0,0,0.0007673902127258588
0,0,0.016308414609538323
0,0,0.035855659865625666
0,0,0.033760808551459597
1,1,0.9999986485205823
0,0,0.3011763242369822
0,0,0.026086657131863925
0,0,0.048086957127083586
0,0,0.011466303609146878
1,1,0.5989843724019102
0,0,0.1587497085001123
0,0,0.20242974527773128
0,0,0.0004570824082578307
1,1,0.9999974474866807
0,0,0.007328928862583964
0,0,0.048090380063915215
0,0,0.25769926458743825
0,0,0.0008181402599496484
1,1,0.9930349591093951
0,0,0.0191204891676666
0,0,0.01713158401736585
0,0,0.0007407846324389293
0,0,0.002697081912095563
0,0,0.028808400489938386
0,0,0.12961525062307147
1,1,0.9104610148060255
0,0,0.2194730531739302
0,0,0.012021535371432664
0,0,0.04758114321588674
0,0,0.0051897729199294924
0,0,0.02394460761777131
0,0,0.002022501869447926
0,0,0.016437930388770665
0,0,0.08749409783877542
0,0,0.05500013369226169
1,1,0.9999979498821073
0,0,0.16618634143254044
1,1,0.9999979498821073
0,0,0.037983874556031125
0,0,0.02458930637740748
0,0,0.196831840458316
0,0,0.011389936032770508
0,0,0.20227201541001041
0,0,0.018217627444497207
0,0,0.033374876305448775
0,0,0.12097733482514442
0,0,0.011386805368594854
0,0,0.005807190669368774
0,0,0.011366430107396295
0,0,0.014775017896504584
0,0,0.05580515653073196
0,0,0.026045138114631796
0,0,0.09116140959068991
0,0,0.20348808625628545
0,0,0.008383947315723722
0,0,0.010558028445168533
0,0,0.007114453023616542
1,1,0.6730956343432635
0,0,0.12440916914613652
0,0,0.003040390861365914
0,0,0.04464742972121945
0,0,0.047097370007099404
1,1,0.9999986485205823
1,1,0.9999966804291738
0,0,0.033819366456731205
1,1,0.9999974214555729
0,0,0.03417663905498214
0,0,0.015917587895035158
0,0,0.05228675216218057
0,0,0.00623815231982846
1,1,0.9908792363904179
0,0,0.034892841573811874
0,0,0.001765304958551306
0,0,0.0016769184183800746
0,0,0.009814945995078999
0,0,0.3085440285330547
0,0,0.07274603601837099
0,0,0.005060528682117044
0,0,0.0007011904134940676
0,0,0.0026910182621698894
0,0,0.004742698761981492
0,0,0.07105172719069149
1,0,0.21858456113342822
0,0,0.007663465391594724
0,0,0.25044622392116667
0,0,0.005991552993734775
0,0,0.17784033309507472
1,0,0.22262296668290016
0,0,0.08587883094714129
0,0,0.04947095947477204
0,0,0.0026521906152316057
0,0,0.025803532906942532
0,0,0.017533397061125392
0,0,0.2513421946105541
0,0,0.1228995048686054
0,0,0.03989740841448403
0,0,0.003456671785431135
0,1,0.7089835053857642
0,0,0.09492342042577337
0,0,0.017715444605044702
0,0,0.19146047120324788
1,1,0.8209952840741344
0,0,0.017022866369219715
0,0,0.019903113467598366
0,0,0.033255766810658005
0,0,0.00754876004371538
0,0,0.014705377353258496
0,0,0.11003164611615406
0,0,0.3951246145071267
0,0,0.015266087248823487
1,1,0.9861248803357497
0,0,0.00906117395023615
0,0,0.21053503191651035
0,0,0.06695163161460281
0,0,0.017531319516557016
1,1,0.9999974237616135
0,0,0.37420176004464145
0,0,0.00024313303330371298
0,0,0.03300483182995137
1,1,0.9999977168367039
0,0,0.09599600228080084
0,0,0.23420951746932028
0,0,0.07777839611520894
0,0,0.010651795905575766
0,0,0.004709493299189742
0,0,0.11693949448933932
1,1,0.9647213623227482
0,0,0.2195876076915396
0,0,0.0012722193832188208
1,1,0.9999974214555729
0,0,0.43601815227735435
0,0,0.0017096636583306827
1,1,0.9999986485205823
0,0,0.05817432511687531
0,0,0.03890922667419717
0,0,0.019519046079086874
1,1,0.8028386844883831
0,0,0.0021322885665813543
0,0,0.014539530726601392
0,0,0.04574218477533912
0,0,0.025672451237771548
0,1,0.553791017431592
0,0,0.1631034342130198
0,0,0.07402031198703916
0,0,0.18672200036460251
0,0,0.0012548180874422993
0,0,0.0010225466770397802
0,0,0.17299622473903645
1,1,0.9999966804291738
0,0,0.0702360774821859
0,0,0.003850238455344933
0,0,0.10669646525981355
0,0,0.20474901234544857
0,0,0.006458371681616829
0,0,0.032203559200985235
0,0,0.10915200008746391
0,0,0.014022344532521705
0,0,0.00021547686700556522
0,0,0.07088101995291035
0,0,0.007836960625002238
0,0,0.04301271788164884
0,0,0.008753031120021362
0,0,0.35116402205612707
0,0,0.060958844163354904
0,0,0.03344058518961432
0,0,0.12379075032717
0,0,0.1270828443061296
0,0,0.0844381626882505
0,0,0.005291366684497859
0,0,0.08738949123373306
1,1,0.9999966771807174
1,1,0.9999903950860075
1,1,0.9999964734721614
1,0,0.2115725243273065
0,0,0.021453660453800788
0,0,0.04959407192442171
0,0,0.17297486636172715
1,1,0.9503997124267691
0,0,0.011062636006160123
0,1,0.5743716573973962
0,0,0.01297522173950698
0,0,0.21876020637598506
0,0,0.1304248497284553
0,0,0.04385749441741289
0,0,0.021133332642769686
0,0,0.020788641530888673
0,0,0.1295778564619929
0,0,0.0023475216487069883
1,1,0.9999967418747816
0,0,0.02267066767902462
0,0,0.031689310612564435
0,0,0.2885710177185234
0,0,0.027832180855726543
0,0,0.048567908856215716
0,0,6.792326696361192e-05
0,0,0.048920641943547935
0,0,0.05201630598693761
0,0,0.00243058726730465
0,0,0.0017402473024892742
0,0,0.008300544089522981
0,0,0.008306805756954552
0,0,0.0005710401454384485
1,0,0.3577070690547045
0,0,0.24240879932293846
0,0,0.002236144868157018
0,0,0.007815645550308822
0,0,0.0012480363459249728
0,0,0.049215598567026744
0,0,0.0005313858162151518
1,1,0.9293967789699068
0,0,0.019169726406658115
0,0,0.004789834486514426
0,0,0.15084004767840503
0,0,0.0033823319002644534
0,0,0.0123566546186884
0,0,0.41990295524034665
0,0,0.04438873273941617
0,0,0.05280309015802666
0,0,0.011813263015599708
0,0,0.0021701141509750293
0,0,0.07030418092235637
0,0,0.02372177778242469
0,0,0.053543098442915445
0,0,0.0009461990805447304
0,0,0.05511858956819897
1,1,0.9999985843625584
0,0,0.08870044453884406
0,0,0.28193638356629747
0,0,0.006598602769000693
0,1,0.6581407380718564
0,1,0.7545630072483394
1,1,0.7901125038507281
0,0,0.04183707172610013
0,0,0.031241863629554167
0,0,0.0005604973779835952
0,0,0.00012704720524062124
0,0,0.016895610216958262
1,1,0.9999957589384425
0,0,0.012295626345706695
0,0,0.0091166670270241
1,0,0.032312333838226064
0,0,0.008555764136492346
0,0,0.0021888431038798043
0,0,0.0010321364579998825
0,0,0.019807284077539355
0,0,0.0006634127712201236
0,0,0.04121565656211087
0,0,0.06006148621949636
0,0,0.16015003125503452
0,0,0.020263694568680473
0,0,0.002213689904519854
0,0,0.008659441861128948
0,0,0.10752773503158809
0,0,0.00614113938565714
0,0,0.3193658227809343
0,0,0.2444843961926886
0,0,0.0018561847488198046
0,0,0.039090795037700556
0,0,0.0006927757947630415
1,1,0.9692423785213282
0,0,0.00964726249394164
1,1,0.8049903418834398
0,0,0.2730312017642114
0,1,0.5996924326687135
0,0,0.0023007364714289517
0,0,0.008662325214312648
0,0,0.008632189038891746
0,0,0.03798073521444227
0,0,0.010771150590291725
0,0,0.12410489588348726
0,0,0.056099950523180904
0,0,0.01284674453485754
0,0,0.335283337183753
1,1,0.9999971242915849
1,1,0.7147162827176191
0,0,0.014661274567451863
0,0,0.05352586780748952
0,0,0.004101781636503698
0,0,0.3958331332332442
0,0,0.005976646429572604
1,1,0.9999966804291738
0,0,0.03123773384769584
0,0,0.30663444814112767
1,1,0.9999979498821073
0,0,0.04909136114558481
0,0,0.017940232878865536
0,0,0.21758323273417104
0,0,0.0046353530193379245
0,0,0.3085440285330547
0,0,0.021435113719344052
0,0,0.25044622392116667
0,0,0.11898476520307188
0,0,0.020769649192211758
0,0,0.01871179643550132
0,0,0.014135656663096272
0,0,0.25095039407516034
1,1,0.9336576097765512
0,0,0.04094890719878141
0,0,0.0006507696188390031
0,0,0.18538899411464688
0,0,0.0193953636108841
0,0,0.009073043545410792
1,1,0.9999979498821073
0,0,0.04666130464578311
0,0,0.07932629166615093
0,0,0.0504263580311041
0,0,0.003022588274458527
1,0,0.3085440285330547
0,0,0.02056770403316985
0,0,0.004865656406402745
1,1,0.9024622035792609
0,0,0.09502895773744052
0,0,0.09738500860306637
0,0,0.032338875690207776
1,1,0.9713598308187832
0,0,0.014619490379550695
0,0,0.2858699333037115
1,1,0.7190457009967848
0,0,0.001269293419316601
0,0,0.039322757130744485
0,0,0.02429830643473075
0,0,0.014920490714625095
1,1,0.9999977168367039
0,0,0.09335747583571294
0,0,0.05232308526462429
1,1,0.9999967418747816
0,0,0.004540568658131033
0,0,0.004264897088347904
0,0,0.02912502275198928
0,0,0.004133266048640844
0,0,0.2388200788390734
0,0,0.02020058829568762
0,0,0.14155832615734454
0,0,0.022742967584108226
0,0,0.05966097667601004
0,0,0.020125142353978144
0,0,0.0030121855927101975
0,0,0.04635094248889706
0,0,0.03417328726495577
0,0,0.006394267357793407
0,0,0.04052734114996267
0,0,0.009510794434570619
0,0,0.11782247258369477
0,0,0.14123310730488417
0,0,0.004322765196027724
0,0,0.056077820950189275
0,0,0.004737126054982242
0,0,0.0002699601745504866
0,0,0.022052764258964158
0,0,0.1248092466264768
0,0,0.05473181043002689
1,1,0.9862014966042078
0,0,0.0008760922145617559
0,0,0.02594154143702123
0,0,0.008970706655990769
0,0,0.0985754825520694
0,0,0.11162084625986697
0,0,0.01687628189008566
0,0,0.17394957180945694
0,0,0.09628055980300851
1,1,0.8400463695401693
1,1,0.9999976198535029
0,0,0.03523588038468221
0,0,0.23926389748976398
1,1,0.9999967418747816
0,0,0.028166658531767925
1,1,0.8490923445222847
0,0,0.3261288568914279
0,0,0.043975471449853774
0,0,0.11850319369566377
0,0,0.014516124104236828
0,0,0.11699467046379029
0,0,0.014439442398557586
0,0,0.0005564870868247455
0,0,0.04845008669587007
0,0,0.14939587373532023
0,0,0.0027351835515387105
0,0,0.04795094322918627
0,0,0.3755800826813272
0,0,0.017454588894685905
0,0,0.03570902367833483
0,0,0.015292708891393707
0,0,0.04644806932769297
0,0,0.03368706868498709
1,1,0.9999094556934308
0,0,0.0016264043698734642
0,0,0.08566325860960936
0,0,0.007854224020864284
0,0,0.040071985503523984
0,0,0.06413243604013738
0,0,0.05979862479376672
0,0,0.29198127535376556
0,0,0.03180237777341127
0,0,0.0038085347795393607
0,0,0.018769324193538228
1,1,0.9999974214555729
1,1,0.9912855078099829
0,0,0.01795953037340197
1,1,0.9179871657204378
0,1,0.5012033916392196
0,0,0.3333598375161858
0,0,0.05384909710014112
0,0,0.008365048230083605
0,0,0.0027120171054180425
0,0,0.006258335711059864
1,1,0.9999979498821073
1,1,0.9999983935948057
0,0,0.0009435755667478391
0,0,0.020363797353080873
0,0,0.0025104305143049317
1,1,0.9736304696411827
0,0,0.02099478653054586
1,1,0.9472018217731834
0,0,0.019470623966952025
0,0,0.008776658357471377
1,1,0.9939252824997865
0,0,0.005970977796667749
0,0,0.14106418514028302
0,0,0.014922465306882786
0,0,0.3085440285330547
0,0,0.0006228295219962534
0,0,0.3251507708148956
1,1,0.9999974237616135
0,0,0.010058406294898981
1,1,0.9909608094892726
0,0,0.007626734256889657
1,1,0.7430973834967781
0,0,0.024976907817282058
0,0,0.0046168021296529764
0,0,0.1752803531965682
1,1,0.9999964734721614
0,0,0.02717223510074454
1,1,0.9999966804291738
0,0,0.04107615638731086
1,0,0.37650359408843415
0,0,0.05175229736322713
0,0,0.3234339757499142
0,0,0.08812668529908081
0,0,0.01648847595737878
0,0,0.00785799103496755
0,0,0.00909893930249054
0,0,0.05487509435397266
0,0,0.007321077262130777
0,0,0.0052722559521842655
0,0,0.017614528239509094
0,0,0.001067304635841445
0,0,0.2049301564810538
0,0,0.47449748517695123
0,0,0.027383980889569334
1,1,0.9999964734721614
1,1,0.9999974214555729
0,0,0.0019216702602669307
0,0,0.014113514237782294
0,0,0.002850270095963572
0,0,0.0017338390463316432
0,0,0.02023738181131051
0,0,0.015852834192183043
1,1,0.9999979498821073
0,0,0.015409063767852182
1,1,0.9999967421133994
0,0,0.034677485942145696
0,0,0.48239297332980174
0,0,0.05972887783529267
1,1,0.9999986485205823
0,1,0.5130862195263495
0,0,0.08269656656698628
1,1,0.9999857658935508
0,0,0.02831150224440031
0,0,0.05100482769393627
0,0,0.030087379138779558
0,0,0.03031364546037321
0,0,0.004985951837249389
0,0,0.08091699152606273
0,0,0.0030121855927101975
1,1,0.9999989875016777
1,1,0.9999974214555729
0,0,0.05876880751622048
0,1,0.5111920237757421
0,0,0.017332862606892447
0,0,0.011724227376002828
0,0,0.34839754237398046
0,0,0.058796102399526776
0,0,0.05060660862457338
0,0,0.17303787807727664
0,0,0.09939400113741048
0,0,0.010200708559242058
0,0,0.010447153627596427
1,1,0.9999964734721614
1,1,0.9999981310497241
1,1,0.9999977168367039
0,0,0.01297130084565677
0,0,0.11547918806608999
0,0,0.3085440285330547
0,0,0.09277229575465602
0,0,0.004009043147394186
0,0,0.01059100273792686
0,0,0.039043210774613035
0,0,0.007072283628063347
0,0,0.011272427477254843
1,1,0.9999974214555729
0,0,0.36823738503436426
0,0,0.006690278007109322
0,0,0.11369645497243135
0,0,0.00041119006992260105
0,0,0.0010015938930588212
0,0,0.11950750903026448
0,0,0.019284594223494305
0,0,0.011193789557896874
0,0,0.01292025464291397
0,0,0.23424918345033893
0,0,0.050596385485320396
1,1,0.9999966804291738
1,1,0.9999094556934308
1,1,0.9895185895167143
0,0,0.02876422292415547
1,1,0.9999979498821073
0,0,0.0003259099296234034
0,0,0.08921982426678547
0,0,0.011630050143481594
0,0,0.06104350822908584
0,0,0.017413613562093515
0,0,0.09316744115789247
0,0,0.002088330517787893
0,0,0.04700359923236958
0,0,0.010835416484736873
0,0,0.008246011360046122
0,0,0.03799290179479557
0,0,0.02503115191467464
0,0,0.006663393190061929
0,0,0.004169159728443719
0,0,0.34400094800276404
0,0,0.008103083782789787
0,0,0.00345237640899343
0,0,0.20607403526385742
0,0,0.25147515910509444
0,0,0.03238084747605403
0,0,0.21487641731593118
0,0,0.1681520234864563
1,1,0.9999094556934308
0,0,0.09620068830424786
1,1,0.9999986485205823
0,0,0.00040559186674447964
0,0,0.028619551321259658
0,0,0.007308592585333631
0,0,0.0022829623349532417
0,0,0.3113010751207571
1,1,0.9999967418747816
1,1,0.9999974214555729
0,1,0.5836319006453646
0,0,0.005358940679295758
0,0,0.3175641780166852
0,0,0.00043471252704179613
0,0,0.06506716926645882
0,0,0.0017806647706648893
0,0,0.2858699333037115
0,0,0.0025514204578576177
0,0,0.0010502156574983877
1,0,0.054930961976416164
0,0,0.06122201720818457
0,0,0.07296115516506127
0,0,0.06352374702933317
0,0,0.024923410063311835
0,0,0.0031863824366558336
0,0,0.026123426069305834
0,0,0.14495529274917426
0,0,0.05185601831181538
0,0,0.10131770993164838
0,0,0.12523699802894264
0,0,0.020602820856123166
0,0,0.04573824960963247
0,0,0.4403799357795802
1,1,0.9999974214555729
0,0,0.03719345692218882
1,1,0.9999966804291738
0,0,0.03919337175048958
0,0,0.006472191199641302
0,0,0.02399118218129972
0,0,0.001098671452028086
0,0,0.004211714737758266
0,0,0.10046172368634365
0,0,0.012962317464758984
0,0,0.04003436783023039
0,0,0.013277982428913275
0,0,0.044691721974387866
0,1,0.5918610577553418
0,0,0.01776873497198889
0,0,0.00161053081073921
0,0,0.04076117363265444
0,0,0.0032887805297249387
0,0,0.022462062401760696
0,0,0.02091167170149254
0,0,0.2071743474489122
0,0,0.06839080380453587
1,1,0.9999986485205823
0,0,0.029013640795478603
1,1,0.9999976650563936
0,0,0.0039868125861020984
0,0,0.049526915001484324
0,0,0.4292580759364358
0,0,0.06095153199495689
0,0,0.13281785592222378
0,0,0.0037893361830045134
0,0,0.0683914909810969
0,0,0.005680303219602467
1,1,0.9999974214555729
0,0,0.08332016684318337
0,0,0.01944044157968503
0,0,0.09578972553722472
1,1,0.9999966804291738
0,0,0.0019963961179912306
1,1,0.997458786950704
0,0,0.011043100821296196
1,1,0.9998910621212973
0,0,0.08807793683114085
0,0,0.007378806066652173
0,0,0.3691109374585204
0,0,0.050183798637449734
0,0,0.03486156128724679
0,0,0.08106619618688189
0,0,0.0014100809873397123
1,1,0.9460933415415946
0,0,0.002679696008381349
0,0,0.02716502926479286
0,0,0.003836409180279684
0,0,0.006138221278314133
0,0,0.009586463111436815
1,1,0.9999976198535029
0,0,0.027385836122406883
0,0,0.16495408761138333
0,0,0.003312673179801438
0,0,0.08833590450066389
0,0,0.003140565655415369
0,0,0.0016264217044500379
0,0,0.11141396706093032
0,1,0.5995599649459091
1,1,0.9999974214555729
0,0,0.12479728136156203
0,0,0.0736095319935152
1,1,0.9999957586278144
0,0,0.05004026532236604
0,0,0.029169392425554067
0,0,0.3085440285330547
1,1,0.9239956097893405
0,0,0.04989750934825136
0,0,0.015146458174147854
1,0,0.10905233616367342
0,0,0.0014982127502752324
0,0,0.3085440285330547
0,0,0.009061183352987954
0,0,0.18751891806106474
0,0,0.015185182141159912
0,0,0.0027045290788815404
0,0,0.01669709767987864
0,0,0.007876315772015278
0,0,0.0015926074615115894
0,0,0.009598957654121184
0,0,0.018471122958410274
0,0,0.006648621616160704
0,0,0.0019175688136397438
0,0,0.008113235221877006
0,0,0.06394050480575128
0,0,0.26410660053333684
0,0,0.022321109252398743
0,0,0.02101530750923517
0,0,0.0027311446049154797
0,0,0.14226431003158332
0,0,0.01230357541385528
0,0,0.020315273208869458
0,0,0.0077188050711004845
0,0,0.1188932844144926
0,0,0.021435113719344052
0,0,0.013769622868579
0,0,0.008103083782789787
0,0,0.3138503012584247
0,0,0.023866069868733096
0,0,0.08457706847497001
0,0,0.3510514069115376
0,0,0.07478938945082465
1,1,0.9999974214555729
0,0,0.009978951799274499
0,0,0.07920687426628334
0,0,0.0011190909287955696
0,0,0.39658270180641747
0,0,0.04504395996706849
0,0,0.03286041117643864
0,0,0.013086555242435738
0,0,0.4520969679169435
0,0,0.15480598306738083
1,1,0.974811437377572
0,0,0.4522326423547428
1,1,0.999998765996982
1,1,0.9999974214555729
0,0,0.09842050376072126
0,0,0.2561437207353857
0,0,0.11087987437626841
0,1,0.7357786544375338
0,0,0.08612985065163331
1,1,0.9999966804291738
0,0,0.007063541746019806
0,0,0.03244544526167075
0,0,0.05514179865343264
0,0,0.02778353313140754
1,1,0.9999964734721614
0,0,0.0004264996720495286
0,0,0.0008156620061286215
0,0,0.31582958738582273
0,0,0.10867157287951512
1,1,0.999998765996982
0,0,0.06800657127432252
0,0,0.004207050174018071
0,0,0.009475970071069212
0,0,0.036139401840044445
0,0,0.008114075869984656
0,0,0.006549623140347031
1,1,0.9911961287324415
1,0,0.42351592997832066
1,1,0.9999989875016777
0,0,0.0031663808804685747
0,0,0.03184822696133875
0,0,0.12449423493677893
0,0,0.019132569134656982
0,0,0.016518876067684245
0,0,0.11610003740167081
1,1,0.9999964734721614
0,0,0.02598983502015641
0,0,0.029785022488420288
0,0,0.15097578876905232
0,0,0.006185576548203319
0,0,0.006578524835963938
0,0,0.035653256013583524
1,1,0.9999982935068383
0,0,0.054210661400290586
0,0,0.07757630956777516
0,0,0.0005940031509598227
0,0,0.001060603774545024
0,0,0.0070679332920936325
0,0,0.04913327245681685
0,0,0.04165447145383998
0,0,0.053619503000239994
0,1,0.6386518198372572
0,0,0.005446286866120844
1,1,0.9999966804291738
1,1,0.999998765996982
0,0,0.08836001327707184
0,0,0.005011383962751663
0,0,0.08985521649841866
0,0,0.010512636500199775
0,0,0.18531968299851198
0,0,0.3894632206380905
0,0,0.017715444605044702
0,0,0.0021154267384557
0,0,0.3085440285330547
0,0,0.014426490417441817
0,0,0.005929063559809424
0,0,0.07425029777641426
0,0,0.07088805087167803
0,0,0.0011943548187671026
1,1,0.5775137107009355
0,0,0.044031100317576094
0,0,0.02187400003104944
0,0,0.02115528419687666
0,0,0.04143758650847813
0,0,0.20520162588763932
0,0,0.010740161258987642
0,0,0.011374515824898977
0,0,0.021965524253855444
0,0,0.0024890678087710304
0,0,0.024087672552189167
0,0,0.22268267367117098
1,1,0.9999957586278144
0,0,0.006923509177549206
1,1,0.9922817234726982
0,0,0.005452482513558451
0,0,0.0007010513422247298
1,1,0.9978929583151062
1,0,0.26289652431848964
0,0,0.005093709998293775
1,1,0.9999986485205823
0,0,0.005855945884374354
0,0,0.031956393575467444
1,1,0.969923662928609
1,1,0.9999979498821073
0,0,0.006592574373591008
0,0,0.08576623990852421
0,0,0.02251180822105835
0,1,0.5771225681044602
0,0,0.3863549751315252
0,1,0.6711310099758799
0,0,0.10586086451352002
1,0,0.2716814342372623
0,0,0.11458318849519354
0,0,0.021600370855030252
0,0,0.03224766746033966
0,0,0.0806161824288791
0,0,0.04578033095936432
0,0,0.0034596502042715414
0,0,0.03794003652343916
0,0,0.021616516351937225
0,0,0.019545930964224984
0,0,0.010314089861006352
0,0,0.25252217549142236
0,0,0.04102488891227585
0,0,9.304180630137254e-05
0,0,0.0015555713916570629
0,0,0.03875248140070068
0,0,0.0532656425845661
0,0,0.459277169030508
0,0,0.019314637948829778
0,0,0.07242995375539585
0,0,0.005706086472233136
0,0,0.01714388124065276
0,0,0.02222831738368584
0,0,0.009483847744777117
0,0,0.4549237215723787
0,0,0.03829775874499627
0,0,0.001593569942652406
0,0,0.040415592678197367
0,0,0.096656676925515
0,0,0.0011431237743087935
0,0,0.028053247089917688
0,0,0.005176500095124658
0,0,0.14300087325387123
0,0,0.010360513499888303
0,0,0.04840198646187165
0,0,0.015210795893836972
0,0,0.03262479621571338
0,0,0.1536058792014817
0,0,0.03512096467110886
0,0,0.009989355211152667
0,0,0.008061661467138555
0,0,0.0582547572910022
0,0,0.029704671813102396
1,1,0.8719469675589007
0,0,0.0076396748741864905
0,0,0.023094532184358748
0,0,0.03824782427947894
0,0,0.0028162489210293434
0,0,0.19228341637339869
1,1,0.9999964734721614
0,0,0.07774760240486286
0,0,0.003141899510865617
0,0,0.03060858792217295
0,0,0.19644774108762547
0,0,0.005082403050889756
0,0,0.05516791532556975
0,0,0.008589606358327622
0,0,0.005049593891495399
0,0,0.03476827379720609
0,0,0.007078483483766691
0,0,0.0043832465958229365
0,0,0.013060708491567857
0,0,0.07447892566213471
1,1,0.8368410258841394
0,0,0.001168890392841142
0,0,0.012135866203023819
0,0,0.42217957943079404
0,0,0.1771140344955007
0,0,0.013450273480034771
1,1,0.9272979541749549
0,0,0.012336280469297571
0,0,0.00573601774278323
0,0,0.09925802112476752
0,0,0.06663923714005021
0,0,0.02856186696557517
0,0,0.018040455455552464
0,0,0.3085440285330547
0,0,0.03569789241526111
0,0,0.1544539963702323
0,0,0.03467433867573873
0,0,0.0007836795880082576
0,0,0.018514025519569998
0,0,0.07280182767574038
0,0,0.05644673857976081
0,0,0.012974650993524812
0,0,0.050738679195068165
0,0,0.15956034794352789
0,0,0.04220834172734655
0,0,0.013187706208115902
0,0,0.1708130049471258
0,0,0.006214039360117587
0,0,0.36897291227475604
0,0,0.015463518527467664
0,0,0.030282394333427335
1,1,0.9999964734721614
0,0,0.011826886315909732
1,1,0.9999971242915849
0,0,0.009385459112414282
0,0,0.009463248041617673
0,0,0.47893770971780586
0,0,0.25044622392116667
0,0,0.033498710209352085
0,0,0.0305988291680478
0,0,0.10463611013657813
0,0,0.00892952117396888
0,0,0.015370644383748047
0,0,0.00376901680041009
0,0,0.005305463824788528
0,0,0.08094779276098969
0,0,0.01706755743653467
0,0,0.37650359408843415
1,1,0.9999977168367039
0,0,0.21536802707760286
0,0,0.3793497488584262
0,0,0.11910634399939114
0,0,0.007468514047681681
0,0,0.017497300615067348
0,0,0.009685731441281192
1,1,0.9999964734721614
0,0,0.0015296119622405394
0,0,0.008405473444799302
0,0,0.022766657876941356
0,0,0.009461304582292532
0,0,0.0016768474968052395
1,1,0.9999964734721614
0,0,0.045945040690240566
0,0,0.009457767769889703
0,0,0.01633020640157777
0,0,0.30515959869438386
0,0,0.09823451109839079
0,0,0.029211517097082713
1,1,0.9777852595355522
0,0,0.014602205786938011
1,1,0.9999966804291738
0,0,0.08149318090403314
0,0,0.025222919322486298
1,1,0.7807761399435238
0,0,0.017339010402713996
0,0,0.029892346169600514
0,0,0.3271228218846255
0,0,0.12453006074787291
0,0,0.013817030369184413
0,0,0.006330289276785976
0,0,0.06388775787959326
0,0,0.006262897651413774
0,0,0.005011383962751663
0,0,0.05976326210419909
1,1,0.9999966804291738
0,0,0.01820354987190372
0,0,0.39012058362014246
0,0,0.014498236487147223
0,0,0.02983125055154516
0,0,0.2251751307280184
1,0,0.40242295170865655
0,0,0.01811826686512762
0,0,0.016689293281456297
0,0,0.027582034422583515
0,0,0.0017824095794343933
0,0,0.01541802282223825
0,0,0.47045732073171265
0,0,0.31033926770205555
1,1,0.9959487540321366
1,1,0.9999974214555729
1,0,0.39588613487647517
0,0,0.07126428677345396
0,0,0.20994829882752866
0,0,0.019149199887490857
0,0,0.00017837361897181077
0,0,0.008756074086789516
0,0,0.009791965744977125
0,0,0.19505741946948307
0,0,0.031908946480982095
0,0,0.00025031493736839315
0,0,0.005294038327629458
0,0,0.020985936697742034
0,0,0.014126181645551497
0,0,0.0032789854807878235
0,0,0.1629478742617434
0,0,0.062023251230031363
0,0,0.01955509535413912
1,1,0.9999971242915849
0,0,0.18380699521364866
0,0,0.011991829740668269
0,0,0.013390613898288899
0,0,0.17081979441975395
1,1,0.9999966804291738
0,0,0.014706050422386848
0,0,0.3025473402792822
0,0,0.08400990652149233
1,0,0.3085440285330547
0,0,0.03178926950309184
0,0,0.0009771012582446492
0,0,0.027955444369781292
0,0,0.2655038869401097
0,0,0.020169854043076953
0,0,0.013401984208356126
0,0,0.21510321999830248
1,1,0.9999986485205823
0,0,0.27352542514488465
1,1,0.999915564608854
0,1,0.6138112751478023
0,0,0.1126783109349797
0,0,0.00549166257588326
0,0,0.003968297032447255
0,0,0.0313359167622452
1,1,0.999998765996982
0,0,0.004644111869108726
0,1,0.7288723966853131
0,0,0.09487260614380347
0,0,0.33446709291231885
0,0,0.01636988974738699
0,0,0.02281336839049257
0,0,0.03327506609948264
0,0,0.015185182141159912
0,0,0.004247678564364923
0,0,0.014581282673507518
0,0,0.018875820341344916
0,0,0.0852753436925816
1,1,0.9999964734721614
0,0,0.028552841608142438
0,0,0.08451416247378364
0,0,0.02776502456432117
0,0,0.011464168616027764
0,0,0.0091166670270241
0,0,0.09002461135695487
0,0,0.04995907090370923
0,0,0.0038748517362056398
1,0,0.274674042386177
0,0,0.004821255149967782
0,0,0.0870111516703641
0,0,0.30912071941029784
0,0,0.44177189999789584
0,0,0.00013183407990103278
0,0,0.07267263819930818
1,1,0.9999974214555729
0,0,0.00113726734163033
0,0,0.014414895218308575
0,0,0.008260953853565059
0,0,0.03416750316827469
0,0,0.10057248346149668
0,0,0.0010416101554576972
0,0,0.21067741494153278
0,0,0.02779240575461664
0,0,0.22780085077992193
0,0,0.2388367979057418
0,0,0.00743142181702613
0,0,0.4520969679169435
0,0,0.061905579896231175
0,1,0.8122613147490727
0,0,0.017932735283524043
0,0,0.002083390826835836
0,0,0.0032045863438281198
0,0,0.014255436499610842
0,0,0.0596919183419972
1,1,0.9999985843625584
0,0,0.1926689368455845
0,0,0.014420622853473689
0,0,0.3231291004260894
1,1,0.5796466359919489
0,0,0.00752995856387153
1,1,0.9999964734721614
0,0,0.014782567707903371
1,1,0.9999974214555729
0,0,0.007969746277867727
0,0,0.1453383186706265
0,0,0.053231789323407726
0,0,0.13531202746685345
0,0,0.026648639957832693
0,0,0.20876397887287795
0,0,0.12518224396721425
0,0,0.11098649807666554
0,0,0.006131041917640764
1,1,0.99991219992593
0,0,0.002021868000723251
0,0,0.00026140476204532974
0,0,0.20752123194578134
0,0,0.0658127523242231
0,0,0.06065007150092435
1,0,0.12320020412757844
1,1,0.9999966804291738
0,0,0.0009448666520347639
0,1,0.5131567507730159
0,0,0.04806553769307166
0,0,0.0061001946002105165
0,0,0.018797745123669864
0,0,0.0008778146200818383
0,0,0.04518070368983477
1,1,0.9809798113039379
1,1,0.9262096079285596
0,0,0.008852034803876753
0,0,0.022333839409534595
0,0,0.008407165016128164
0,0,0.0053919218876472925
1,1,0.9131818234715074
0,0,0.00011912005612423959
0,0,0.010017490721679602
0,0,0.016087948076681527
0,0,0.005407632250865407
0,0,0.01228927854992125
0,0,0.017473718650842907
0,0,0.22063695304414335
0,0,0.059680347084506785
1,0,0.2227737200962988
0,0,0.03072071201358014
0,0,0.02125831489761197
0,0,0.0015049401854362267
0,0,0.3708262446789433
0,0,0.011479171460115543
0,0,0.002883314867297338
1,0,0.21253137831949978
0,0,0.001098671452028086
0,0,0.00024313303330371298
0,0,0.008617285911767811
0,0,0.03745922839474253
0,0,0.143334457665394
0,0,0.2858699333037115
0,0,0.0012289444481088456
1,0,0.3597668218166239
0,0,0.01189487400486438
1,1,0.9999974214555729
0,0,0.011808635909283275
0,0,0.08933744926946552
0,0,0.020634994700699155
0,0,0.027475680841983503
0,0,0.028496467658098275
0,0,0.18261147821940216
0,0,0.036271103819001824
0,0,0.002704984238259977
0,0,0.03489193127209581
0,0,0.06625819523851158
0,0,0.01079370433638641
0,0,0.12807492579824376
0,0,0.02950460355436809
1,1,0.9999966771807174
0,0,0.01889744785158088
0,0,0.050883952941463764
1,1,0.9036320528698397
0,0,0.003637553994882793
0,0,0.01797176344073449
1,1,0.9999944704924432
0,0,0.006683657621216729
0,0,0.37650359408843415
1,1,0.9998923984608604
0,0,0.00033640562283549386
1,1,0.9261811649030505
0,0,0.06609890708873817
0,0,0.008620009394750135
0,0,0.27702273983269643
1,1,0.9019992734371394
0,0,0.040493487817485706
0,0,0.1334750046643428
0,0,0.15257725742742073
0,0,0.30515959869438386
0,0,0.16846918483052997
1,1,0.9920713096677543
0,0,0.007888550229452774
0,0,0.04067783477873604
0,0,0.06810813189273361
0,0,0.015055218655533048
1,1,0.9999986485205823
0,0,0.29324864307191173
0,0,0.3498976913712745
0,0,0.004159817758057176
0,0,0.024947349586885322
0,1,0.529193092080957
0,0,0.06513253187269229
0,0,0.03158183537066079
0,0,0.01792654475873502
0,0,0.08239314765752849
0,0,0.025563958360532005
0,0,0.3085440285330547
0,0,0.01248852677000414
0,0,0.0333952655077262
0,0,0.013012784043895961
1,1,0.9999974214555729
0,0,0.006149595498889659
0,0,0.03158863885385558
0,0,0.0023873488678361134
0,0,0.008425746815084545
0,0,0.04708995493624572
0,0,0.03438393651827068
0,0,0.04095385241763884
0,0,0.022235353483910356
0,0,0.02514777509923448
0,0,0.002298144502795763
0,0,0.028957337321385446
0,0,0.37650359408843415
1,1,0.9610147502996024
0,0,0.04576941936655629
0,0,0.049126491747631035
0,0,0.14889473969650113
0,0,0.050057238358717386
0,0,0.050766041382518196
0,0,0.022989050403165363
0,0,0.0021313645436742443
0,0,0.0016956225594579731
0,0,0.019967929605469843
0,0,0.00996135793557497
0,0,0.012323036315150205
1,1,0.9999966804291738
0,0,0.049951501920435605
0,0,0.1305472569535457
0,0,0.027826695476138665
0,0,0.07940387675549875
0,0,0.00683690469408569
0,0,0.015697302526879356
0,0,0.008702722102567787
0,0,0.017079736055530214
1,1,0.9999966804291738
0,0,0.27544222328064727
0,0,0.009441888879227167
0,0,0.13237819472947518
0,0,0.011539428616047977
1,1,0.9999964734721614
0,0,0.029536061340995172
1,1,0.8453355849654876
0,0,0.021356508186241564
0,0,0.15986087738196178
0,0,0.06316828515300647
0,0,0.01270716155991975
0,0,0.0011831566267001472
0,0,0.03564476981149871
0,0,0.2536343603061387
0,0,0.018845917091661127
0,0,0.030241892142776523
1,1,0.9999966804291738
0,0,0.0661188728672457
1,1,0.535290184822664
1,1,0.9999974474866807
0,0,0.01864388458746834
0,0,0.20641258020479167
0,0,0.04560934563493259
0,0,0.018916504205957703
0,0,0.028656761337251185
1,1,0.5654954395176452
0,0,0.011011003108693723
0,0,0.08079121103106447
0,0,0.49425200330890523
0,0,0.004142099110254668
0,0,0.037460073280653886
0,0,0.06897961508722426
0,0,0.009370140271510256
0,0,0.007634239367243365
1,1,0.9999966804291738
0,0,0.13676815382186627
0,0,0.05876880751622048
0,0,0.021196527833220416
0,0,0.008617285911767811
0,0,0.03384836265942609
0,0,0.0006169382735688906
0,0,0.072715513574269
0,0,0.2778791386537923
0,0,0.006970523380221608
0,0,0.07649990473491133
0,0,0.042477340089066826
0,0,0.0290188784044845
0,0,0.001444624644853371
0,0,0.3951246145071267
0,0,0.006305605248709936
0,0,0.035609227475896475
0,0,0.001074816955861337
0,0,0.12653498772584643
0,0,0.14344095321043435
1,1,0.9999974214555729
0,0,0.1754837041548063
0,0,0.06913514697077623
0,0,0.05505011125736567
0,0,0.06213354923117396
0,0,0.0015615024752084132
0,0,0.0305988291680478
0,0,0.005644628647844414
0,0,0.015676602266507387
0,0,0.01307491633698109
0,0,0.008802050928295647
0,0,0.01386868338999445
0,0,0.1575044020279833
0,0,0.007870944504879275
0,0,0.10613107055270939
0,0,0.016607253119209693
0,0,0.0016781399405018413
0,0,0.006840530309902557
0,0,0.02669475853596938
0,0,0.04297518068285499
0,0,0.00393343737216669
1,1,0.9997647254623877
0,0,0.18113746274781797
0,0,0.03654372306986882
1,1,0.9821649333988834
0,0,0.005452173621797604
0,0,0.022752224619672207
0,0,0.062492603352696234
1,0,0.3244756493901791
0,0,0.013043766284599875
0,0,0.19300047878142704
0,0,0.007406604913844805
0,0,0.02025582052927356
0,0,0.020662561620788382
0,0,0.0103188927272661
0,0,0.022771777665350264
0,0,0.004689602516035216
0,0,0.041820062132743654
0,0,0.0031017326663459713
1,1,0.999998765996982
1,1,0.9999976650563936
0,0,0.03609312428577728
0,0,0.025620026148410472
0,0,0.0024041550010075784
0,0,0.07718283800735473
0,0,0.05180759044107563
0,0,0.08022563778549459
1,1,0.9999964734721614
0,0,0.02680821755579358
0,0,0.0943687553932023
0,0,0.07562043462234654
0,0,0.005842094569394346
0,0,0.06620801256572938
0,0,0.00952422902231601
0,0,0.0017716916306557751
0,0,0.007151447071983149
1,1,0.9469456764684232
0,0,0.09229142085970371
0,0,0.0021847903385361776
0,0,0.15666794607813617
1,1,0.9999967418747816
0,0,0.08293088246815948
0,0,0.04517927152337411
0,0,0.0495785211532694
0,0,0.021074636200437778
0,0,0.008257862046765352
0,0,0.1679313297442946
0,0,0.010155902907977405
0,0,0.04664865153178018
0,0,0.0102059376449992
0,0,0.16199197580074642
0,0,0.006117977648771288
0,1,0.5360151462122059
0,0,0.008191046199904687
0,0,0.04989796504233582
0,0,0.004026157452735326
0,0,0.37903210064322723
1,1,0.9999979498821073
0,0,0.13608626297662613
0,0,0.3469418950721342
0,0,0.0023884370539836667
0,0,0.005871221109670066
0,0,0.004648495166774414
0,0,0.03158031694614063
0,0,0.00939783573499723
0,0,0.009482124086485006
0,0,0.030628160836002224
0,0,0.012209867654783376
0,0,0.0060721071543593215
0,0,0.14391220166194588
0,0,0.013788610062451565
0,0,0.3085440285330547
0,0,0.02253919996088381
0,0,0.0207912242811075
0,0,0.06138195679860014
0,0,0.09456534052448366
0,0,0.21012949899666572
0,0,0.0001953429420566324
0,0,0.022286429593916895
0,0,0.029948034743001697
0,0,0.00968737243548704
0,0,0.13537021710026154
0,0,0.033607065409737555
0,0,0.008036322068173195
0,0,0.06541872549949429
1,1,0.9999979498821073
0,1,0.6329694771956916
0,0,0.08698842309702381
0,0,0.008102443240009333
0,0,0.029871570005646633
0,0,0.12932173346656514
0,0,0.03481298813353203
0,0,0.032618459556380826
0,0,0.40242295170865655
0,0,0.06933432116221463
0,0,0.030475163947346635
0,0,0.16285010996244448
0,0,0.0001096076628451191
0,0,0.0007679729382387118
0,0,0.047120247010786605
0,0,0.0027679474897775703
0,0,0.06290892956234563
0,0,0.02636420249442755
0,0,0.04878525363809878
0,0,0.29396825250486985
0,0,0.021419278198294624
0,0,0.005074271863490292
0,0,0.021278799931712365
0,0,0.04557800669300129
0,0,0.04483230711123891
0,0,0.0016237212845630713
0,0,0.022684824597820206
0,0,0.02216862045932817
0,0,0.013009629850181923
1,1,0.9999966804291738
1,1,0.9999974214555729
0,0,0.002426296085719498
0,0,0.10089367292882824
0,0,0.00618791206362285
0,0,0.0049881667454911354
0,0,0.04976079979499356
0,0,0.015199061226148327
1,1,0.9999440407342194
0,0,0.03369632493527308
0,0,0.022725192630722653
1,1,0.9999944141014446
0,0,0.0017147594328709942
0,0,0.047080710084199014
0,0,0.1627080101541407
0,0,0.09853474354156058
0,0,0.009627181863274601
0,0,0.017934854857920433
0,0,0.0725934828524092
0,0,0.013026727190169306
0,0,6.92037004973786e-05
1,1,0.9646101294070384
0,0,0.2428753661660526
1,1,0.7902896854776402
1,1,0.9999986485205823
0,0,0.05954208556940751
1,0,0.48879421329762024
0,0,0.011920986777001064
0,0,0.09572036490653746
0,0,0.05002509498581983
0,0,0.028374061167438323
0,0,0.06207111776125075
0,0,0.004973155136163696
0,0,0.05594069182365205
0,0,0.137557655532514
0,0,0.015431603383770228
1,1,0.9999967418747816
0,0,0.028604802549756274
1,1,0.9999971242915849
0,0,0.035609227475896475
0,0,0.005271160290932288
0,0,0.044751304047431224
0,0,0.0035910890160267207
1,1,0.9999974474866807
0,1,0.5542267342978212
0,0,0.055184342477764
0,0,0.11773666911020521
0,0,0.022566091307929328
1,1,0.8581337822537591
0,0,0.017077216943009028
0,0,0.05761824563602689
0,0,0.018072962828185202
0,0,0.01653223262533929
0,0,0.05340303424274641
0,0,0.03155632841336061
1,0,0.1916336530216978
1,0,0.13265886526482693
1,0,0.27542977573689437
0,0,0.05252395740984398
0,0,0.0012249778814707197
0,0,0.14667491631121674
0,0,0.10760513454710645
0,0,0.02213810653867868
0,0,0.05856350447120609
1,1,0.9931972109526563
0,0,0.0051257081938458965
0,0,3.4582817931205515e-05
0,0,0.028780640361168064
0,0,0.043051117354605845
1,1,0.9999974214555729
1,1,0.9998401822060774
0,0,0.05376216932383716
0,0,0.07393713796414732
0,0,0.010891959755136097
0,0,0.010014956579781282
0,0,0.041378324991168086
0,0,0.003803145937862461
0,0,0.018805512070670237
1,1,0.9999977168367039
0,0,0.030322775601421277
0,0,0.03220632763001605
0,0,0.03237622763381861
0,0,0.0815208014895265
0,0,0.00033947270333760875
0,0,0.06652817490990791
0,0,0.06544352624606618
0,0,0.0020599875917003373
0,0,0.00831691205884181
0,0,0.01936413928169254
0,0,0.012942966503666014
0,0,0.004169521249798816
0,0,0.0029519969870837525
0,0,0.11578966644343187
0,0,0.01861347779291815
0,0,0.07434057180774618
0,0,0.0506317533891204
1,1,0.9803780479225219
0,0,0.0031659217572353212
0,0,0.36747394123856136
0,0,0.00016080772125242175
0,0,0.0016096558869534005
0,0,0.01965172088086671
0,0,0.025961282742449014
0,0,0.006322718197647394
0,0,0.019996200343357744
0,0,0.0033776022669201565
0,0,0.03936385632845607
0,0,0.03439837924872412
0,0,0.1406845233809452
0,0,0.18832557570748268
1,1,0.9827960948704509
0,0,0.04665651463872954
0,0,0.017914542550372916
0,0,0.01687232604550819
0,0,0.17900517313636294
0,0,0.010293887752037137
1,1,0.8902243485528532
0,0,0.02274339035483557
0,0,0.001165602685536857
1,1,0.9999974214555729
0,0,0.0016292900520342905
1,1,0.982471975564608
0,0,0.047694035144917206
0,0,0.0029539920571104326
0,0,0.03420460372755275
0,1,0.5503054115140392
1,0,0.13883335630695287
0,0,0.07684773769895346
0,0,0.01923817118309657
0,0,0.06873441501746574
0,0,0.023703391025743634
0,0,0.02703876966609114
0,0,0.08052289612016286
0,0,0.15097436218502605
0,0,0.0009295464799722872
0,0,0.007220459492502074
0,0,0.15945383867159746
0,0,0.01562842321905138
0,0,0.014624970438308927
0,0,0.01386681054659161
0,0,0.01999552379102699
0,0,0.005108205833044167
0,0,0.09935303842284515
0,0,0.045571314357400985
1,1,0.8700469284872266
0,0,0.15780186870407323
0,0,0.05530193519522883
0,0,0.0015297666823725672
0,0,0.01998976711175572
0,0,0.013843412215244062
1,0,0.11219118185582398
1,1,0.9999966804291738
0,0,0.005683742116923689
0,0,0.050737223932437986
0,0,0.011702995227906311
0,1,0.5704484104563398
0,0,0.000378457889087332
0,0,0.12360869049834518
0,0,0.05086030073244935
0,0,0.04758335520760036
0,0,0.12665015119912587
0,0,0.2674775816056142
1,1,0.6844705570261282
0,0,0.10989767960173874
0,0,0.0337968808416647
0,0,0.03932290337095639
0,0,0.016853713321881875
0,0,0.009249653854373426
0,0,0.28774989993120814
1,1,0.9999531770940314
1,1,0.9999974214555729
0,0,0.078219474396126
0,0,0.11989600644741819
0,0,0.0007834442046799621
0,0,0.02280401583250216
0,0,0.00916928932570256
0,0,0.0014119391821440354
0,0,0.011005650686436424
0,0,0.06560716100965237
0,0,0.17414725700701036
0,0,0.006799330381305046
0,0,0.04937887076929019
0,0,0.1769330378687868
0,0,0.08717901614386549
1,1,0.9991232245713829
0,0,0.0259434744089819
0,0,0.0047771492639605475
0,0,0.34400094800276404
0,0,0.017975666075219263
0,0,0.00406188434719846
0,0,0.028040623280810355
0,0,0.4216126621920651
0,0,0.13502811818276123
0,0,0.007110897125637912
0,0,0.048769697549435435
0,0,0.03296271934290674
0,1,0.5094324319670925
0,0,0.02399233767320776
0,0,0.28842158151418745
0,0,0.009739791751904573
0,0,0.015484170357447502
0,0,0.027896736069644518
0,0,0.009450689290629208
1,1,0.7996510720901687
0,0,0.03614068470515223
0,0,0.029700223740900596
0,0,0.023495235288681887
1,1,0.9999962960084147
0,0,0.04402146537306437
1,1,0.9999986485205823
0,0,0.001388137683204627
1,0,0.11116786611209545
0,0,0.05021419419971071
0,0,0.008243980039806115
0,0,0.03483562011521626
0,0,0.011789313505744461
0,0,0.04093330388488739
0,0,0.02725052469553038
1,1,0.939531618346687
0,0,0.006024292967755901
0,0,0.012750840812284654
0,0,0.0006888550500047352
0,0,0.008088769419938881
0,0,0.014126181645551497
0,0,0.02057694139066977
0,0,0.011703913829247915
1,0,0.07954955746090579
0,0,0.04168772461797737
0,0,0.009839080110128387
0,0,0.03095728567140031
0,0,0.08353936913185114
0,0,0.017795456322513403
1,1,0.9978829832379568
0,0,0.2663384640031111
0,0,0.01942945037881732
0,0,0.02171132974980453
1,1,0.9999964734721614
0,0,0.008365833251591378
0,1,0.6001176552020197
0,0,0.3645185990618408
0,0,0.07221141393599531
0,0,0.021364876032593634
0,0,0.17584234453792455
0,0,0.03378482003382085
0,0,0.0021635911262415527
0,0,0.04038596200331744
0,0,0.005684156428042468
0,0,0.010828445048352297
0,0,0.011981348287002704
0,0,0.0007673902127258588
0,0,0.13883883158175317
0,0,0.321715403121406
0,0,0.13805015956869016
0,0,0.37650359408843415
1,1,0.9999964734721614
0,0,0.0004272054110412653
0,0,0.030006145784961198
1,1,0.9911344989531045
0,0,0.14088585271389586
0,0,0.00024714631314494136
0,0,0.020084518106942353
0,0,0.03647328168356815
0,0,0.016652476307796947
1,1,0.99249995081136
0,0,0.04544527583964035
0,0,0.003935246542869861
0,1,0.9238952790207451
0,0,0.021011995545653913
0,0,0.09520203046554701
1,1,0.988722951842998
0,0,0.3159010553029476
1,1,0.9978588784006276
0,0,0.00889540779396245
1,1,0.9999779632012206
0,0,0.017570613736078232
0,0,0.008722574244880509
0,0,0.031081314746361343
0,0,0.13747730798552954
1,1,0.9999977168367039
0,0,0.014429921634054842
0,0,0.04402146537306437
0,0,0.4646007559198913
0,0,0.15976472163293118
0,0,0.11927054279681888
0,0,0.18084181930945123
0,0,0.009784742766425669
1,1,0.9999966804291738
1,1,0.9999966804291738
0,0,0.0007003388035013395
0,0,0.013231176216818208
1,1,0.7788839988848512
0,0,0.05335456332577094
1,1,0.9999977168367039
0,0,0.015199942027606847
0,0,0.05844503728066778
0,0,0.0176923352534833
0,0,0.04531287000231572
0,0,0.002892264786440959
0,0,0.40242295170865655
1,1,0.9999977168367039
0,0,0.01302120804303149
0,0,0.0012700009325693905
1,1,0.9999967418747816
0,0,0.029546398034185177
0,0,0.05822688831899212
0,0,0.030029130323734148
0,0,0.3483192893534643
0,0,0.008511926584891449
0,0,0.10982287236565569
0,0,0.030276719690505906
0,0,0.0009934973357672353
0,0,0.018031083614291513
0,0,0.0104016581241532
0,0,0.023178615442149303
0,0,0.006945884216911878
0,0,0.039316384119309454
0,0,0.011790197430662737
0,0,0.1206053309439698
0,0,0.308884678065552
0,0,0.0024964084736714826
1,1,0.9999986485205823
0,0,0.3085440285330547
0,0,0.3173737616211726
1,1,0.9999966804291738
0,0,0.11622060511059329
0,0,0.06489540821424168
0,0,0.05037258604986585
1,1,0.774246138572066
0,0,0.010314089861006352
0,0,0.04635713848853993
1,1,0.6255892184443239
0,0,0.007120210059984912
0,0,0.0009606750309834127
0,0,0.00015679294343534883
1,1,0.999998765996982
0,0,0.24847224458464642
0,0,0.027866746524160227
0,0,0.34400094800276404
1,1,0.9999905497856252
0,0,0.15578214668633367
0,0,0.026245520743534593
0,0,0.00831855391539844
0,0,0.13476664408728878
0,0,0.03789492510724559
0,0,0.0022166061289358428
0,0,0.000728450579581163
1,1,0.8831775819733255
0,0,0.0031280008412792647
1,1,0.6009560754430227
1,0,0.02292016203327738
0,0,0.0020660104637934365
1,0,0.04177731167823366
0,0,0.11247288503980575
0,0,0.004347367861545557
0,0,0.018342834278008476
0,0,0.08402529878566334
0,0,0.0008760922145617559
0,0,0.007183645755839642
0,0,0.004732413110916376
0,0,0.02557984908991095
1,1,0.9952831581503212
0,0,0.024909502675150998
0,0,0.10838070073839604
0,0,0.21279186278268897
0,0,0.009005395840036316
0,0,0.01915191533849733
0,0,0.1299672663059534
0,0,0.013176195459385694
1,1,0.999915564608854
0,0,0.1735533121045737
0,0,0.23468258141531664
0,0,0.009859756257203428
0,0,0.029879298507362168
0,0,0.3085440285330547
0,0,0.017103407866155666
0,0,0.10307037193204237
0,0,0.04464742972121945
0,0,0.011269154029938779
0,0,0.018324864189189737
0,0,0.0019508107892328233
0,0,0.020755847385203363
1,1,0.9999974237616135
1,1,0.9999977168367039
0,0,0.012732410581639687
0,0,0.3467850154660823
1,1,0.9961765048234219
0,0,0.09900972166938563
0,0,0.12294515935994837
1,1,0.9999974474866807
0,0,0.005317669912795925
0,0,0.05800145182128602
0,0,0.04363671788091887
0,0,0.0954488215816098
0,0,0.13209580343666086
0,0,0.011448551205775953
0,0,0.1594197346866414
0,0,0.0681073895404255
0,0,0.01926260491686597
0,0,0.007793073847118011
0,0,0.022270731324350156
0,0,0.014385100158648282
0,0,0.00911212207444197
0,0,0.0024124393968806817
0,0,0.027936633630216548
0,0,0.02103543357333697
0,0,0.4808407992615076
0,0,0.0027836946392384076
0,0,0.007111892837879506
0,0,0.15601920874050137
0,0,0.0020863536646276797
0,0,0.04258828259607319
1,1,0.9999974214555729
1,1,0.9999944141014446
0,0,0.01628173059707668
1,1,0.9999985843625584
0,0,0.09511190225016918
0,0,0.01780599063117494
0,0,0.0034230040503680547
0,0,0.012269594412330626
0,0,0.017975301719151324
0,0,0.040241360485400224
0,0,0.10549124702189853
0,0,0.1383205035789806
0,0,0.012765018505584763
0,0,0.04406654247194346
0,0,0.1831807688958915
1,1,0.9999976198535029
0,0,0.30663444814112767
0,0,0.007000524349644319
0,0,0.19429844774092242
0,0,0.03060858792217295
0,0,0.28907038219599157
0,0,0.10483405130517165
1,1,0.9999986485205823
0,0,0.005981475249273013
0,0,0.004448862736095254
0,0,0.002827171955357515
0,0,0.009779349124472921
0,0,0.011599479143796644
0,0,0.03604939998637729
0,0,0.103141155315222
1,1,0.9962884517198709
0,0,0.22263958354939334
0,0,0.044846256039451804
1,1,0.9999964734721614
0,0,0.003435503654564332
0,0,0.09476322908024479
1,0,0.1575663213277215
0,0,0.004488879404010392
0,0,0.04319784253866623
1,1,0.9999966804291738
0,0,0.02936653418085389
0,0,0.06596306852973124
0,0,0.049400869503651676
1,1,0.9095558075399222
0,0,0.058578272574758915
0,0,0.039335266711989184
0,0,0.06422625731848067
0,0,0.006065115188781949
0,0,0.01798000483514321
0,0,0.0014061572816969471
0,1,0.5396302557488037
0,0,0.016651686912340934
1,1,0.9812818299461462
1,1,0.9999967418747816
0,0,0.04219417015154403
0,0,0.10054431667020114
0,0,0.030689501346907823
0,0,0.00754876004371538
0,0,0.011502267258123396
0,0,0.017232814339800222
0,0,0.15199260316925176
0,1,0.545273606262494
1,1,0.9999964734721614
0,0,0.0018632695293720994
0,0,0.034698573052309924
0,0,0.009929456912393556
0,0,0.038777631618734036
0,0,0.05754638710183081
0,0,0.004882447487166462
0,0,0.26231949623691025
0,0,0.144646410543533
1,1,0.9999977168367039
0,0,0.022203444090123
1,1,0.9999835402891041
0,0,0.3234339757499142
0,0,0.017998414818532163
0,0,0.016326138504603085
0,0,0.006577244027404269
1,1,0.9999966804291738
0,0,0.3897346238615114
1,1,0.7649630188487335
0,0,0.03665773901638789
0,0,0.01995608044728653
0,0,0.32385116679640524
0,0,0.002186330329248197
0,0,0.0064427046030832765
0,0,0.020871939221889665
0,0,0.0017862332803673263
0,0,0.1423635482391256
0,0,0.05342228327686615
1,1,0.9999979498821073
1,1,0.9999979498821073
0,0,0.15578214668633367
0,0,0.05194034684095046
0,0,0.00434587756568338
0,0,0.02991147232495444
0,0,0.03797713790526755
0,0,0.07498841129816063
0,0,0.006272447911964199
0,0,0.027917482897162258
0,0,0.23420353735290012
0,0,0.031241305816894327
0,0,0.0026500343139448227
0,0,0.02164295478425946
0,0,0.007861911414262485
0,0,0.08987466718269381
1,1,0.9999895053044824
0,0,0.022365585201276347
1,0,0.11488559543418451
0,0,0.006137294128904196
0,0,0.013911188785036457
0,0,0.023301044008619768
0,0,0.18184341550121724
0,0,0.019319806238216792
0,0,0.04200769116649597
0,0,0.0170325564605616
0,0,0.0014268825031518754
0,0,0.003411966355455738
1,1,0.8872316477304472
1,1,0.9999966804291738
0,0,0.06085541028772583
0,0,0.04034459542365502
0,0,0.04492868826416254
0,0,0.14694520707971054
0,0,0.006822837364331456
1,1,0.9999974214555729
0,0,0.15159117876187916
0,0,0.005812759416946207
0,0,0.009229766300470538
0,0,0.05470883796426839
1,0,0.2821288755075351
0,0,0.3085440285330547
1,1,0.5775137107009355
0,0,0.003448591853939224
1,1,0.9999966804291738
0,0,0.004945522204186647
0,0,0.01697455963179059
1,1,0.9999962960084147
1,1,0.9999957589384425
0,0,0.003740647743636183
0,0,0.00725856515506646
0,0,0.00763139791060943
1,1,0.9999966804291738
0,0,0.005595606700144504
0,0,0.038285952771628336
1,1,0.9999977168367039
0,0,0.017806339775974712
0,0,0.004736247162758768
0,0,0.39920509605842414
0,0,0.016948611664268087
0,0,0.0195668803972855
0,0,0.3152087494879269
0,0,0.40242295170865655
1,1,0.6550407766868089
0,0,0.004410582812252296
0,0,0.1257625804283674
1,1,0.9999974214555729
0,0,0.049586385809441524
0,0,0.0015283683639536149
0,0,0.0019359190179702238
0,0,0.03602474979449903
0,0,0.023511678076867198
0,0,0.046102313199428285
1,1,0.9999967418747816
0,0,0.0011385094367298277
0,0,0.05826855583315196
0,0,0.04721807296629033
0,0,0.002177641722292263
1,0,0.09790055076608256
0,0,0.04337192931647292
0,0,0.15471765161053078
0,0,0.020180585833051875
0,0,0.003412465632759471
0,0,0.1182582808446248
0,0,0.017040800254510064
0,0,0.006237241852275674
0,0,0.024582362485544136
0,0,0.0012690566311337938
0,0,0.015424266860659203
0,0,0.03381495845671404
0,0,0.04377817127245572
0,0,0.03994165991773998
0,0,0.008098715185565717
0,0,0.1489235432931764
1,1,0.9999967421133994
0,0,0.029290821713262243
0,0,0.055101923419565976
0,0,0.009983852262641155
0,0,0.10202542419136175
0,0,0.005731892350781661
0,0,0.013749118142514937
0,0,0.016246233898377246
0,0,0.009262352129213875
0,0,0.13237819472947518
1,1,0.64794409706277
0,0,0.05342621969003344
1,1,0.9999974214555729
0,0,0.023938912397122206
0,0,0.08951514047318049
0,0,0.22545087244700188
0,0,0.028763123829890644
1,1,0.999998765996982
0,0,0.029038876583066663
0,0,0.017236963874916824
0,0,0.009085612667761504
0,0,0.2772060912940177
0,0,0.024147324383377553
0,0,0.01273023080052716
0,0,0.013687415531411288
0,0,0.03836661919253406
1,1,0.9601865769679528
0,0,0.037393306637543644
0,0,0.00853089675828063
0,0,0.0007815717787175774
0,0,0.02153589420276516
0,0,0.012802809809850737
0,0,0.0016235649094071707
0,0,0.2772060912940177
0,0,0.005866381424160288
0,0,0.0013400915386170046
0,0,0.018317395489025466
0,0,0.018931613597892638
0,0,0.18486231825283353
0,0,0.014903254593560221
0,0,0.007861911414262485
0,0,0.033761018918213426
0,0,0.08544790747242896
0,0,0.011934581735219097
0,0,0.004204719928287947
0,0,0.06709170763751446
0,0,0.015092728935210464
0,0,0.0009303282045124946
0,0,0.08476984982476005
0,0,0.011255096702751786
1,1,0.9999964734721614
0,0,0.01890725799771375
1,0,0.4051198887022749
1,1,0.999998765996982
0,0,0.25044622392116667
0,0,0.023159842735129513
0,0,0.010394407394825023
0,0,0.12396082857840338
0,0,0.023512775335865065
0,0,0.047710915129285235
0,0,0.008683584735223836
0,0,0.026648639957832693
1,1,0.9999202191461362
0,0,0.01713279413256258
0,0,0.024574070032108323
0,0,0.04480581645540141
0,0,0.12066836354821855
0,0,0.36897291227475604
0,0,0.005336048084533646
0,0,0.08731274392476016
1,1,0.9973816191698405
0,0,0.02103543357333697
0,0,0.06241433684777683
0,0,0.006102483203934106
0,0,0.06752687409240084
0,0,0.027556501760215193
0,0,0.009625738698673716
0,0,0.02648771666246829
0,0,0.014385100158648282
0,0,0.00020608137508192786
0,0,0.09611135113424472
0,0,0.02830347081585671
0,0,0.0024621025979834513
1,1,0.7954548711144804
0,0,0.013052566475241098
0,0,0.11131144283974981
0,0,0.4230467062228313
0,0,0.14836780918003067
0,0,0.024913128204570933
1,1,0.9999974214555729
0,0,0.06479718394285719
0,0,0.006421347473193234
0,0,0.006980720798311128
0,0,0.04096222082975871
0,0,0.06093256816866462
0,0,0.007954148947515016
1,1,0.5561990008052781
0,0,0.046340380557685225
0,0,0.13030358393468433
0,0,0.031069892810131252
0,0,0.31853681786212595
0,0,0.005848703016187285
0,0,0.06147889786995535
0,0,0.07064389464268436
0,0,0.005556489845112709
0,0,0.031108315089202896
0,0,0.020788614992730617
0,0,0.027271370272343592
1,1,0.5160057304568518
0,0,0.004873034217140671
1,1,0.5754880585774396
1,1,0.9999979423411411
0,0,0.25360342824454
0,0,0.12206014456092901
1,1,0.9999966804291738
0,0,0.0077587440352588745
0,0,0.007392269527437168
0,0,0.28171722193477766
0,0,0.07655579702548342
1,1,0.9482217290899121
0,0,0.038060876101732366
0,0,0.016951307133040112
0,0,0.011857597394005371
0,0,0.059595593114922775
0,0,0.015227157121730624
0,0,0.03564476981149871
1,1,0.8649742061670538
0,0,0.0006316923238226247
0,0,0.10752261081113944
0,0,0.12524945533906892
0,0,0.038955142959920676
0,0,0.07920687426628334
1,1,0.5199029772217005
1,1,0.9999928017857188
0,0,0.009347703395045565
0,0,0.04363797966546267
0,0,0.13355911496593548
1,1,0.9999966804291738
1,1,0.98663286192429
0,0,0.00010150036532564703
1,1,0.9999977168367039
0,0,0.010492645796363236
0,0,0.14253483595798358
0,0,0.005929063559809424
1,1,0.9642279037280906
0,0,0.002049947275926405
0,0,0.07434057180774618
0,0,0.012854374566013549
1,1,0.9999986485205823
0,0,0.30663444814112767
0,0,0.13964062659780108
1,1,0.5227610045378457
1,1,0.9999986485205823
0,0,0.019055990935255868
0,0,0.07177690310507473
0,0,0.04080925168365729
0,0,0.20082844728697616
0,0,0.05791156327420743
1,1,0.9999979498821073
0,0,0.013533346368580727
0,0,0.025272723213440165
1,1,0.9959487540321366
1,1,0.9999966804291738
1,1,0.9999977168367039
0,0,0.03681752776623428
0,0,0.00687874328137435
0,0,0.020374927156423306
0,0,0.08521847257911594
1,1,0.9909608094892726
0,0,0.1517649140804277
0,0,0.04268337807954704
0,0,0.005532006885076163
0,0,0.12728214935225493
0,0,0.32505687493775726
0,0,0.13409370551322622
0,0,0.06311066992928416
0,0,0.01128080700317852
0,0,0.018196433932981534
1,1,0.9999981310497241
0,0,0.0012709738805042447
0,0,0.013174348988608569
0,0,0.011335478490564908
0,0,0.015851915233997035
0,0,0.022728254770537946
0,0,0.04717281893447872
0,0,0.2622689145229505
0,0,0.022333839409534595
0,0,0.03918802541840132
0,0,0.010009813079068168
0,0,0.010713631893479172
0,0,0.02040868435851789
1,1,0.9999974214555729
0,0,0.044599265064883445
0,0,0.034593800803291275
1,1,0.9999974214555729
0,0,0.08392599949005349
0,0,0.30515959869438386
0,0,0.0369375245175418
0,0,0.007917099945205154
0,1,0.9312555429492275
0,0,0.0416658742096116
0,0,0.021400911721910908
0,0,0.005082403050889756
0,0,0.05874866490621482
0,0,0.07372036231320277
0,0,0.14736197908556609
0,0,0.03676854259182267
0,0,0.08464523319741082
0,0,0.2468530181600305
0,0,0.0808126386595657
1,1,0.9999964734721614
0,0,0.00027473277980425976
0,0,0.014260508033412956
0,0,0.01092725222093539
0,0,0.042972706897454624
0,0,0.4299889446285087
0,0,0.0038969897504586653
1,1,0.9999974214555729
0,0,0.021643732791720844
0,0,0.0029991617539784654
0,0,0.06695163161460281
1,1,0.9999979498821073
0,0,0.015646121423692247
1,1,0.9999978627980848
0,0,0.0036088467974416225
0,0,0.012916877295349748
0,0,0.0012119465617685652
0,0,0.033750135217501205
0,0,0.2062177022683749
1,1,0.9999966804291738
0,0,0.016973939580774804
0,0,0.24361080351207243
0,0,0.12668901683531583
0,0,0.029417197239836518
0,0,0.07412638716621024
0,0,0.013277982428913275
0,0,0.005643955976135506
0,0,0.24269619418421015
0,0,0.03779072001559996
0,0,0.1730234229027793
0,0,0.032931664519146586
0,0,0.1174563971538727
0,0,0.13003207561869906
0,0,0.03253168391292545
0,0,0.3666943453687248
0,0,0.003120701862338877
0,0,0.020653662522028292
0,0,0.3085440285330547
0,0,0.08662756390432505
0,0,0.028359978781610645
0,0,0.009430117267173212
0,0,0.1873215692211532
1,1,0.56828121466723
0,0,0.015133487314942864
0,0,0.01627918738786221
1,1,0.9999977168367039
0,0,0.03751959114269456
0,0,0.3556747141284854
1,1,0.9999986485205823
1,0,0.333266267353649
1,1,0.9999974474866807
0,0,0.047833465603628174
1,1,0.5318861563958984
1,1,0.9973816191698405
0,0,0.0011805338321922074
0,0,0.22599181831322673
0,0,0.015528714134903763
0,0,0.009512441085527882
0,0,0.07384761549449333
0,0,0.03344507181738519
0,0,0.005929063559809424
0,0,0.10782009899695341
0,0,0.004194377886465582
0,0,0.059874369703390405
0,0,0.07366246960185441
1,1,0.9999976198535029
0,0,0.01777738797038404
0,0,0.00670227585498162
0,0,0.09645934602092456
0,0,0.06431478053219584
0,0,0.40242295170865655
0,0,0.08711619276316829
0,0,0.024272659986333996
0,0,0.02475183950587923
1,1,0.9999977168367039
0,0,0.03683935632908187
0,0,0.11381808735902134
0,0,0.08345596585264063
0,1,0.7426296937404874
0,0,0.007009620408569062
0,0,0.02185673673188949
0,0,0.03048393654029361
1,1,0.9348861844277013
1,1,0.9999967421133994
1,1,0.9999977168367039
0,0,0.001997160510887482
0,0,0.3402790976954928
0,0,0.06536471494756753
0,0,0.009207207302783134
0,0,0.015407924405944183
0,0,0.042644476510583826
1,1,0.8002256733219731
0,0,0.024423064580948495
0,0,0.22019053077205777
0,0,0.009820930323283166
0,0,0.03989746504965363
0,0,0.06809628031275233
0,0,0.038642399482659136
0,0,0.25044622392116667
0,0,0.0010644384284320748
1,0,0.3951246145071267
0,0,2.9150136301376023e-05
0,0,0.0032534600376854456
0,0,0.008051217855992982
0,0,0.0014848464913371955
0,0,0.16340248298953303
1,1,0.9730102637604934
1,1,0.999998765996982
0,0,0.06872636093718258
0,0,0.000769796569665639
0,0,0.011184106854358453
1,1,0.714801881140357
0,0,0.01470227773247971
0,0,0.40273080592311616
0,0,0.009203860152768405
0,0,0.00702658176667466
0,0,0.10501348660134556
0,0,0.030046659089462
0,0,0.007510404741540793
0,0,0.06355023468378213
0,0,0.022233724296242204
1,1,0.9999966804291738
0,0,0.000275282919057953
1,0,0.2011118684728359
0,0,0.08751749133967894
0,0,0.2614738942918271
0,1,0.540257111699612
1,0,0.3266862563963057
1,1,0.9764860155776663
0,0,0.3443991931401245
0,0,0.01314650786511551
0,0,0.12850307606199723
0,0,0.4998547067471322
0,0,5.258086618924753e-05
1,1,0.9999978627980848
0,0,0.011693472416791079
0,0,0.22560780377144898
0,0,0.12899489219662214
0,0,0.02201508704155075
0,0,0.00652701147913179
0,0,0.005337063999126744
1,1,0.9994884945761972
0,0,0.004042193252786606
1,1,0.6910366045356721
0,0,0.016323436845596364
0,0,0.1287345048590555
1,1,0.7667291712332281
0,0,0.08296405570624653
0,0,0.0012014325783177577
1,1,0.9999967421133994
0,0,0.31781050852557785
0,0,0.024399675250134794
0,0,0.08281248732643455
0,0,0.12708664590184504
0,0,0.035914657059679715
1,1,0.9999985843625584
1,1,0.9999977168367039
0,0,0.06605596063241603
0,0,0.009488451504183374
0,0,0.2500995927994128
0,0,0.003597093674402336
0,0,0.02726587784172228
0,0,0.010339886217821366
1,1,0.9934181534653834
0,0,0.08826126743325215
0,0,0.0010774440856866348
0,0,0.025513866007571058
0,0,0.010335117807439032
0,0,7.301340745051097e-05
0,0,0.19412738672304408
0,0,0.03940266201928783
1,1,0.9999967418747816
0,0,0.00943594441867169
0,0,0.02277242613255638
0,0,0.28469446997936243
0,0,0.03428937184891956
1,1,0.9999967421133994
0,0,0.010948086790188159
0,0,0.042006474569214976
0,0,0.17642263448510329
1,1,0.9999976198535029
0,0,0.008735685209274799
0,0,0.021806743407720874
0,0,0.3073045358584672
0,0,0.003045310367847076
1,1,0.9999392457088938
0,0,0.32129195743775163
0,0,0.0008347721392968048
0,0,0.012232224171210814
0,0,0.021606659826475746
0,0,0.019272836621380483
0,0,0.01760992239876685
0,0,0.06839418492959994
1,1,0.9999986485205823
0,0,0.04379403252089351
0,0,0.1828761842619045
0,0,0.07979552473625656
0,0,0.024229649377845924
0,0,0.034123781518470946
0,0,0.00814073570000943
1,1,0.9999977168367039
0,0,0.022248365847212036
0,0,0.0003639696169115663
0,0,0.005301045295158331
1,1,0.9999974474866807
0,0,0.008341900694173001
0,0,0.060750398068623285
0,0,0.03440785450324992
0,0,0.0013507252020903112
1,1,0.9999964734721614
0,0,0.3498976913712745
0,0,0.014434140817956758
0,0,0.009157801832384344
1,1,0.9999966804291738
0,0,0.012145934024440494
0,0,0.07039579395679331
0,0,0.1256599063109642
0,0,0.11062650435237309
0,0,0.4549237215723787
0,0,0.0023051531568896735
0,0,0.0984398134710999
0,0,0.07368254662476098
0,0,0.0025687589736470067
1,1,0.9692423785213282
0,0,0.046626267289494906
0,0,0.02908576145370136
0,0,0.12249651451002871
0,0,0.3375999129923743
1,1,0.9999966804291738
0,0,0.18200318054112896
0,0,0.0625561614812124
0,0,0.1694288638847723
0,0,0.0017161766533936185
0,0,0.034490094533897196
0,0,0.17028472754822063
0,0,0.22566135753754435
0,0,0.34529631556055246
0,0,0.22060093640803763
0,0,0.002944407869459368
0,0,0.0004982485862260311
0,0,0.01306704969609143
0,0,0.0050378195812975845
0,0,0.0824060549906199
1,1,0.9999977168367039
0,0,0.005191512518464831
0,0,0.006520473041173209
0,0,0.05093998430493609
0,0,0.23174356974082763
0,0,0.0022753441014226857
1,1,0.8168594633662888
0,0,0.26605051229089055
0,0,0.3195264025701455
0,0,0.007152664157860344
0,0,0.0019964978453147508
0,0,0.40135926105807473
1,0,0.1428954855411798
0,0,0.0018246436789591514
0,0,0.0038419459166237403
0,0,0.06219445185663069
0,0,0.10642889511085518
0,0,0.15871792774859103
0,0,0.013335883739718904
0,0,0.13635704045456606
0,0,0.013527789668217976
1,1,0.9999977168367039
1,1,0.9999962623084329
0,0,0.0001231129639640948
0,0,0.008365833251591378
0,0,0.007655981889322423
0,0,0.019436462302483148
1,1,0.7476818864048344
0,0,0.0017416544459560135
0,0,0.016192556581314528
0,0,0.015611121051643998
0,0,0.05786599964003129
0,0,0.04099494382266037
0,0,0.031121785360177713
1,1,0.6226920936448477
1,1,0.8956065380780797
1,1,0.9999977168367039
0,0,0.0049263244146754625
0,0,0.0008985775096867466
0,0,0.06333588681068021
0,0,0.03610396504906935
0,0,0.20353641261729835
0,0,0.024909502675150998
1,1,0.9785845291322784
0,0,0.07757775135067749
0,0,0.02778353313140754
0,0,0.05062804460552223
0,0,0.166218992755355
0,0,0.008942177681251781
0,0,0.20709317331720833
0,0,0.008875608934819834
0,0,0.005063285247032732
0,0,0.008689053043246365
0,0,0.18164798309143398
0,0,0.3697026113696952
0,0,0.0270073610189516
0,0,0.38215512449250394
0,0,0.002988958919060938
0,0,0.0002367083326265815
0,0,0.030123302729032703
0,0,0.011725442310205888
0,0,0.07061089304928243
0,0,0.003961361064743365
0,0,0.14570987771051136
0,0,0.01100334410074229
0,0,0.007684470038666661
0,0,0.15299716371886327
0,0,0.03592871086664156
0,0,0.0002862113580406604
0,0,0.0008859218066884672
1,0,0.1056877680670766
0,0,0.30515959869438386
0,0,0.030578402298724414
0,0,0.007292139572224748
0,0,0.004157207557338767
0,0,0.07677974267428757
0,0,0.005706369265999758
0,0,0.07977398609217264
0,0,0.005683069719769614
0,0,0.03229249266220709
1,1,0.9999977168367039
0,0,0.006583419490322431
0,0,0.00034324591705089984
0,0,0.009825962155418217
0,0,0.2622689145229505
0,0,0.015389595382823243
0,0,0.007167981391116725
0,0,0.02127112754154634
0,1,0.5724868521273713
0,0,0.006534901715104968
0,0,0.27541413823813227
1,1,0.538401668225913
0,0,0.054468199467267726
0,0,0.044984400541414976
0,0,0.000401666999853585
0,0,0.004558590816211648
0,0,0.04021219146388572
1,1,0.9999974214555729
0,0,0.02952032599401085
0,0,0.33849091536807496
0,0,0.008674936371042092
0,0,0.00011849442895482946
0,0,0.013404749112840316
0,0,0.34400094800276404
0,0,0.0386336931528937
0,0,0.05677890449773378
0,0,0.019760912125931448
0,0,0.012450099850319748
0,0,0.002468873196296108
0,0,0.061824428547016565
1,1,0.9999974214555729
0,0,0.04175445349489346
0,0,0.003937332915379703
0,0,0.0011940610234408018
0,0,0.08185527864583521
0,1,0.5144636439849729
0,0,0.0069341009539104805
0,0,0.0003645698993358298
0,0,0.09311388363051032
0,0,0.010218919459299262
0,0,0.10219729388589782
0,0,0.011437677577168211
0,0,0.06852763089673505
0,0,0.007625963407540876
0,0,0.01943094049448533
0,0,0.003916666315166292
0,0,0.019188162208013646
0,0,0.002417650742949197
0,0,0.05180689378578805
0,0,0.09081220772735818
0,0,0.058707981305307765
0,0,0.12371529804765534
0,0,0.08352161087793204
0,0,0.15642598673823152
0,0,0.41359612380818805
0,0,0.043098908109335025
0,0,0.10382938150370875
0,0,0.007222115296037441
0,0,0.018399030156946307
0,0,0.04205762446169428
0,0,0.046950920065311125
0,0,0.05350484493703877
0,0,0.009076617373960644
0,0,0.14517842071650958
0,0,0.0030886800722591794
0,0,0.012721705630556664
0,0,0.08074574341364867
0,0,0.3394482128360608
0,0,0.03799213973541147
0,0,0.09978122589767485
0,0,0.003571878034258012
0,0,0.001218399754270837
0,0,0.0017402473024892742
0,0,0.001193020230867737
0,0,0.07128841376260961
0,0,0.02301522898882254
0,0,0.08874349441904912
0,0,0.004009083632247661
0,0,0.02259482021170116
1,1,0.9999964734721614
0,0,0.27273967097916646
0,0,0.01142837931291863
0,0,0.023418509730202434
0,0,0.04850151385007157
0,0,0.1223284087658086
0,0,0.06537098224030619
0,0,0.020059600057058317
0,0,0.0023401017544286483
0,0,0.0023475216487069883
0,0,0.009384897906149532
0,0,0.044481389181852196
0,0,0.03191572080224984
0,0,0.03692263634330394
0,0,0.01621869699870811
1,1,0.9999966804291738
0,0,0.0001623400449479821
0,0,0.005258726612714869
0,0,0.18759867866047406
0,0,0.04294319786380448
0,0,0.008718831471688426
0,0,0.14456482664514617
0,0,0.007514492320290756
0,0,0.1034482688753908
1,1,0.9999094556934308
0,0,0.34319372303424045
1,1,0.9999974474866807
0,0,0.19724871853864162
0,0,0.0720741150753129
0,0,0.05666489084056454
0,0,0.18450079672296615
1,1,0.991914689131653
1,1,0.9894225988814964
0,0,0.18352842362255306
0,0,0.01246988795882237
0,0,0.013187706208115902
0,0,0.09388287795160279
0,0,0.02339831290494732
0,0,0.23863025631856555
0,0,0.0013253202587192492
0,0,0.007398464140825796
0,0,0.0030684043365924694
0,0,0.0651117356831043
0,0,0.02770657494042862
0,0,0.12741344824698841
0,0,0.029774576609222954
0,0,0.011215058861629447
0,0,0.00432787795095737
0,0,0.025975577561912756
1,1,0.7842674891508697
0,0,0.012007067330962108
0,0,0.1686281775237072
0,0,0.18522169125708454
0,0,0.005359146355409381
0,0,0.00832401153955366
0,0,0.005314107787161566
0,0,0.022241934237601395
0,0,0.3737393675790697
0,0,0.07507767121481826
0,0,0.007848521734875215
0,0,0.0012944541244326881
1,1,0.9999966804291738
0,0,0.028218203899680935
0,0,0.013636616253927059
0,0,0.015918938758753283
0,0,0.005996602177454675
1,1,0.6352246122385642
0,0,0.04563531238677033
0,0,0.009225676259833481
0,0,0.13204907088750314
0,1,0.5366458965939129
0,0,0.0155070132652541
1,1,0.9999974474866807
0,0,0.0061329624315090165
0,0,0.11305082812676036
0,0,0.1554805158833338
0,0,0.08413862042704678
1,0,0.3234339757499142
0,0,0.006368608092496499
0,0,0.20902452134278443
0,0,0.04968205437957006
0,0,0.03506943822275127
0,0,0.46818599205828687
0,0,0.021616516351937225
0,0,0.05386661796143768
1,1,0.9999966804291738
0,0,0.01626670509539666
0,0,0.03299753849217512
0,0,0.07753238369246579
0,0,0.007655981889322423
0,0,0.025352736361522354
0,0,0.08674210175253855
0,0,0.041024829521511465
0,0,0.03012749178821971
0,0,0.035920677301972105
0,0,0.26075461221055424
1,1,0.9999977168367039
1,1,0.9999335566018644
1,1,0.9999962623084329
0,0,0.005983197400760848
0,1,0.5728894454930841
0,0,0.017340171030958616
0,0,0.06493483628763737
1,1,0.9999974214555729
0,0,0.007238920959366893
1,1,0.9999989875016777
0,0,0.028139290658328486
0,0,0.05754988702316611
0,0,0.002422910824112853
0,0,0.14489074313760408
0,0,0.015043210764092131
0,0,0.011676867511001119
1,1,0.991666601429546
1,1,0.9999900377975203
0,0,0.0015195447729241618
0,0,0.009486532477610289
1,1,0.9999966804291738
0,0,0.007861911414262485
0,0,0.0012115883419239447
0,0,0.007805732474617856
0,0,0.3085440285330547
1,1,0.9428598450043676
0,0,0.009385459112414282
0,0,0.010127057566282835
0,0,0.029298906542203178
0,0,0.012334886666636046
1,0,0.3498976913712745
1,1,0.8898335781433074
0,0,0.09462068382023696
0,0,0.02756034703113653
0,0,0.1431718072328701
0,0,0.0502727604471312
0,0,0.16809476056684736
0,0,0.003974579116077527
0,0,0.18670922828923378
0,0,0.0026569087878575708
0,0,0.02989681865491389
1,1,0.9938607759405722
0,0,0.0037756704082126807
0,0,0.008725409656667257
0,0,0.0011606587626577156
0,0,0.05564333048216164
0,0,0.00034468512901137267
0,0,0.008882042241438275
0,0,0.03411884439205963
0,0,0.005169016640032117
0,1,0.6801459056327603
0,0,0.00916176658809427
0,0,0.22026564106576163
1,0,0.16152982969134436
0,0,0.07196533691740242
1,1,0.9999966804291738
0,0,0.0496355210639345
0,0,0.3085440285330547
0,0,0.016680526840297215
0,0,0.08732269018540516
1,1,0.9999974214555729
0,0,0.012112113202274897
0,0,0.14394631145480338
0,0,0.00824024426959036
0,0,0.012337794315892072
0,0,0.014964445456943252
0,0,0.07373429302305724
0,0,0.016177176570483016
0,0,0.028431081725952483
1,0,0.006479269745201486
0,0,0.008067321918935373
0,0,0.17934720079170186
0,0,0.00015871767294509424
0,0,0.006647735143737605
0,0,0.0063925501629620044
0,0,0.02509177975089928
0,0,0.006472380705273095
1,1,0.9999967421133994
0,0,0.06567809476312157
0,0,0.005761087031015487
0,1,0.5734284761829529
0,0,0.1160887548842223
1,1,0.9999944141014446
0,0,0.009959401792014391
0,0,0.004563754277377411
0,0,0.015088266621969515
1,1,0.9999966804291738
0,0,0.219822776171021
0,0,0.04933146799202983
0,0,0.020683466354519526
0,0,0.038563317933832886
0,0,0.011457128898862683
0,0,0.06834264896989113
0,0,0.0033107658093678347
0,0,0.004358221239359183
0,0,0.09034460518990459
0,0,0.004977674045183024
0,0,0.07479891471804047
0,0,0.0023126160532694015
0,0,0.005336561597034356
0,0,0.08230702744080223
0,0,0.09786736712543466
0,0,0.016538034895442075
0,0,0.00039629704325614594
0,0,0.018189977081751248
0,0,0.058043393863713495
0,0,0.007594698812102436
0,0,0.08012305866097356
0,0,0.11512736968899054
0,0,0.04209395159811729
0,0,0.15441583699301498
1,1,0.980431785284408
0,0,0.04113331711856696
0,0,0.3085440285330547
1,1,0.8870107405802937
0,0,0.004169521249798816
0,0,0.0012761285561909198
0,0,0.027218999378685108
0,0,0.0762300737654641
1,1,0.7429829570528081
0,0,0.006138221278314133
0,0,0.022640662815045353
0,0,0.017131212492527206
0,0,0.016510622764630015
0,0,0.22722838831063785
0,0,0.019380271230287835
1,1,0.9999979498821073
0,0,0.14779571250302703
0,0,0.0013454754760773928
0,0,0.004932342899858755
0,0,0.11270278168234642
1,1,0.9520717889230764
1,1,0.9720193705722445
0,0,0.28319074688368906
0,0,0.060207700056372146
0,0,0.027619978021828195
0,0,0.01701085937923708
0,0,0.002690372892166165
0,0,0.007190891566049042
0,0,0.3403701089355715
0,0,0.026301686889111782
0,0,0.015259176429770299
0,0,0.04144343077369416
1,1,0.9999964734721614
1,1,0.5495283169620525
0,0,0.0005751340281514896
0,0,0.008445418505980413
0,0,0.0028544822439100577
0,0,0.05751518456248213
0,0,0.0348887157393506
1,1,0.9999966804291738
0,0,0.0008051653940885478
0,0,0.06401946913477434
0,0,0.022355608346483324
0,0,0.011247786621215283
1,1,0.9999977168367039
0,0,0.36879832096926346
0,0,0.0007511264946051532
1,1,0.9999966804291738
1,1,0.9999974214555729
0,0,0.007422575491564292
0,0,0.07470546473526883
0,0,0.027044943738221538
1,1,0.998006548094653
0,0,0.00887304982597809
0,0,0.03754269503507819
0,0,0.10124822442391264
1,1,0.9999928017857188
0,0,0.010384907664066228
0,0,0.0014755536524544747
0,0,0.012511270445035418
0,0,0.014022606143540272
0,0,0.00044265733493331546
0,0,0.024093176547198704
0,0,0.007395048218212494
0,0,0.007263606926320944
0,0,0.4772249855763706
0,0,0.0016159531011723995
0,0,0.012439226130845065
0,0,0.4008672264269167
0,0,0.03315471336864349
0,0,0.11701419453062083
0,0,0.007993464200959087
0,0,0.0038649098144718035
1,1,0.9999977168367039
0,0,0.00040559186674447964
0,0,0.06936416453504703
0,0,0.007972819323431175
0,0,0.04515639593316248
0,0,0.0042215069861416855
0,0,0.027063128523567317
1,1,0.9794145078389791
0,0,0.0022293680729239735
0,0,0.30303353451818493
1,1,0.999998765996982
0,0,0.0004627842437785558
0,0,0.07173667515950237
1,1,0.616117724729014
0,0,0.02165432599464961
1,1,0.9999780619684105
0,0,0.0704372769769009
0,0,0.04943806393527163
0,0,0.005868846813860601
0,0,0.026148836105118544
0,0,0.03454415743718523
0,0,0.0008377784546718558
0,1,0.5044178217336667
1,1,0.9920044235811714
0,0,0.02384151203416064
0,0,0.04479136284919188
0,0,0.004098989472882061
0,0,0.015379809687874444
0,0,0.01979950228452564
0,0,0.00043792432683216394
0,0,0.41941607986948776
0,0,0.039943129962444465
0,0,0.003989822935029553
0,0,0.004812894851652965
0,0,0.01804364452008288
0,0,0.018892756110699623
0,0,0.06213354923117396
1,0,0.3380070789019943
0,0,0.2780982489091106
0,0,0.026072199812545892
0,0,0.007724921694731568
0,0,0.22525860116507715
1,1,0.8352806667748685
0,0,0.06380173571366858
0,0,0.12700494328136577
1,1,0.999998765996982
0,0,0.06852028418153325
0,0,0.002811599146984187
0,0,0.027665034046413108
1,1,0.9999986485205823
0,0,0.1207578138684712
0,0,0.009983735574848596
0,0,0.013994143868345263
0,0,0.008665312514353608
0,0,0.03252356848570555
0,0,0.4549237215723787
0,0,0.274326618753804
0,0,0.0977472093596553
0,0,0.005315610259062254
0,0,0.010560351670891975
0,0,0.003825922999591957
0,0,0.004010343220648245
0,0,0.02260281561429759
0,0,9.646931165257784e-05
0,0,0.07715422625713335
0,0,0.009430448567742226
0,0,0.00955578256997231
1,1,0.9999977168367039
0,0,0.4549237215723787
0,0,0.008374003574169573
0,0,0.002984366393879463
0,0,0.06157755468344902
0,0,0.05067516719984844
0,0,0.0015116104696869781
0,0,0.004087085900544679
0,0,0.13189476818130927
1,1,0.9999979498821073
0,0,0.01207161741364821
0,0,0.007711805172801252
0,0,0.07405294737342345
1,1,0.9999979498821073
0,0,0.0015024682756748693
0,0,0.2543622267505316
1,1,0.9999979498821073
0,0,0.016947312675441167
0,0,0.003850238455344933
0,0,0.011661241802486098
1,1,0.9756292224306907
0,0,0.37650359408843415
0,0,0.04381890553940543
1,1,0.9160496642467257
0,0,0.36709090824820056
0,0,0.003518697761898389
1,1,0.9999974214555729
1,0,0.02420640504447702
0,0,0.30663444814112767
0,0,0.015492845102745886
1,1,0.9999966804291738
0,0,0.0034631512338007568
1,1,0.9999964734721614
1,1,0.9761824399592811
0,0,0.299309636422341
0,0,0.3825979380992183
1,0,0.3304202688858609
0,0,0.02705008416411649
0,0,0.004308558641514712
0,0,0.01042327753504224
0,0,0.006533857169179909
0,0,0.011293204393177532
0,0,0.08872825631267729
0,0,0.03110686777362982
0,0,0.052200143836070245
0,0,0.12748566987051588
0,0,0.41367954585225114
0,0,0.08365786658232612
0,0,0.02778353313140754
0,0,0.0216160316895541
0,0,0.0006120678093033833
0,1,0.6927700168370192
0,0,0.05324710900005531
0,0,0.10235629218992578
0,0,0.06558714929612483
0,0,0.015681049037196065
0,0,0.00831855391539844
0,0,0.08727967325328274
0,0,0.3038225880997934
0,0,0.08467148850835926
0,0,0.04926643912891598
1,1,0.6607796041055307
0,0,0.000789883461536021
0,0,0.010745101360766623
0,0,0.0016844990504631676
0,0,0.0461759511544187
0,0,0.01736081698317079
1,0,0.37899876661073373
0,0,0.07487630168836534
0,0,0.15669237310841494
0,0,0.08396652934731101
0,0,0.021321206968075407
0,0,0.027377562461589393
0,0,0.02760385036485385
1,1,0.9869981756207715
0,0,0.0072509578883843415
0,0,0.004669007269565538
0,0,0.21535766139925058
0,0,0.11740436029006909
0,0,0.00860164760562664
0,0,0.3707186626885714
0,0,0.156903231154861
0,0,0.2105477206517668
0,0,0.17286523600073225
0,0,0.0011062004109739648
0,0,0.07297220286938905
0,0,0.023637505718096016
0,0,0.13856104235246142
0,0,0.0015633037425097226
0,0,0.1009010176483376
0,0,0.07862753516395883
0,0,0.005246629969423791
0,0,0.47126896622725795
0,0,0.05064464869588879
1,1,0.9999976198535029
0,0,0.030642965225438554
1,1,0.9598277487480176
0,0,0.15477015578770453
0,0,0.005092544556061033
0,0,0.019782058905113774
1,1,0.9999974214555729
0,0,0.0193953636108841
0,0,0.1247062713251104
0,0,0.07418928505666574
0,0,0.04773650632741957
0,0,0.004257823449781188
0,0,0.08676381851031797
0,0,0.059902078749999865
0,0,0.002490028156859463
0,0,0.21955876305116476
1,1,0.9999966804291738
0,0,0.0034780570029863804
0,0,0.018683063647580708
0,0,0.25044622392116667
0,0,0.03193301381906545
0,0,0.032618459556380826
0,0,0.0010018514653177314
0,0,0.003411966355455738
0,0,0.0726027437512801
0,0,0.012093609387014252
0,0,0.07739076454633538
1,1,0.9973816191698405
0,0,0.0010298467574267386
0,0,0.4010372424113945
0,0,0.017715444605044702
0,0,0.007580517436723297
1,1,0.9850226687683518
0,0,0.015577112762794769
0,0,0.40242295170865655
1,1,0.6316384731345968
0,0,0.04460195466304801
0,0,0.003253547084790491
0,0,0.06777731983492864
0,0,0.12497157658189563
0,0,0.022073933029634018
0,0,0.019677820625560585
0,0,0.044764432868340476
1,1,0.7021077157367052
0,0,0.007655981889322423
0,0,0.005224562068178568
0,0,0.017432141268630474
0,0,0.0013858198038051719
0,0,0.046204124521186184
0,0,0.06488619359570034
0,0,0.02768126470965609
0,0,0.19103040635695617
0,0,0.1283624325690849
0,0,0.033312139877994765
0,0,0.040583021729608544
1,1,0.7422468623624194
0,0,0.025620159795796613
0,0,0.019006743477807328
0,0,0.3312928286108371
0,0,0.04559893281322626
0,0,0.04861802994293598
0,1,0.6192580384776695
1,1,0.9998312899938138
0,0,0.06443502548729951
0,0,0.007543250606607469
0,0,0.0314972796237624
0,0,0.3776691506792073
0,0,0.062463850152963935
0,0,0.028010416168253397
1,0,0.22760792680594
0,1,0.5486266978787179
1,1,0.7227168833656478
0,0,0.0008702627385365454
0,0,0.01992735724821844
0,0,0.32814553569145005
0,0,0.1028702824564383
0,0,0.42921838600617873
1,1,0.9501017953524539
0,0,0.11395275667188784
0,0,0.1587558566097779
0,0,0.1512586494606645
0,0,0.08288711092259789
0,0,0.05330508541920222
0,0,0.021721756837271313
0,0,0.06159854631594637
0,0,0.21899857384293184
0,0,0.0013626765972708493
0,0,0.003986902538884054
0,0,0.1753845268022772
0,0,0.0005604973779835952
0,0,0.01983981453016057
1,1,0.95688242765174
0,0,0.0021500302484098593
0,0,0.012303853459089917
1,1,0.9999970717796709
0,0,0.00326769269604104
0,0,0.029817930603640123
0,0,0.17804426978201437
0,0,0.021968603143432353
0,0,0.10059374760676333
1,1,0.5275546037457887
0,0,0.15178843515253193
0,0,0.3963690508524712
1,0,0.17471161978633273
0,0,0.067867479182288
1,1,0.9999967418747816
0,0,0.009208303956626737
0,0,0.011301802115750395
0,0,0.4609760145815328
0,0,0.004916042299920036
0,0,0.008856219533635072
0,0,0.0011352928203504995
0,0,0.09294972220182118
0,0,0.00963039470506487
0,0,0.003017001214287452
1,0,0.22316154999490312
0,0,0.006785384968319205
0,0,0.04818978526919524
0,0,0.07654131904821021
0,0,0.06596985497839554
1,1,0.9945962523581459
0,0,0.011220784030426917
0,0,0.011163235582872674
0,0,0.049885105518678724
0,0,0.3718979603265347
0,0,0.028178198341960833
0,0,0.1519796348523442
0,0,0.04077306566099616
0,0,0.03759332764705601
0,0,0.05988811930291136
0,0,0.0003853154169118443
0,0,0.008343535013517062
0,0,0.0947314178493598
0,0,0.01861196992664022
0,0,0.07239375472252206
1,1,0.5113722747743878
1,1,0.9868673175570716
0,0,0.021250126106234144
0,0,0.2803538079917151
0,0,0.013249123436532896
0,0,0.004882150600140721
0,0,0.03585762929281013
1,1,0.9848880134658687
0,0,0.1159597297330071
0,0,0.014962815753464018
0,0,0.050978053596547585
0,0,0.014834722145695676
0,0,0.03403570319714009
1,1,0.9999966804291738
0,0,0.019315406853866148
0,0,0.00044501462761639443
0,0,0.013024378496265478
0,0,0.0018563112894367131
0,0,0.016391664883170117
0,0,0.0022126848581902232
0,0,0.02528654542017288
1,1,0.9999967418747816
0,0,0.009040486177586014
0,0,0.009010381806292383
0,0,0.0007130925291245881
0,0,0.004153343919211837
0,0,0.06167336501977361
0,0,0.1683451763914263
0,0,0.0010606725180074906
1,1,0.9918135845505746
0,0,0.03168637939724196
0,0,0.02218523182849848
0,0,0.009410079714636232
0,0,0.08177703656073851
0,0,0.04359525899491719
0,0,0.029716954141948557
1,1,0.9999966804291738
0,0,0.01716182456120371
0,0,0.053184344284932114
0,0,0.06052285779703999
0,0,0.0008614134087340219
0,0,0.001308971070939725
0,0,0.043064820666328364
0,0,0.0579222282740409
0,0,0.00047877489135445835
0,0,0.010306571655958415
1,0,0.023048173217302306
0,0,0.020290845304375325
0,0,0.25044622392116667
0,0,0.09571226117222548
0,0,0.0044271596182674485
0,0,0.06878259754658037
0,0,0.012063338687526313
0,0,0.010606632334484702
0,0,0.02152296545005564
0,0,0.0032888416897460114
0,0,0.0027103272539503688
0,0,0.05669534790859269
0,0,0.006034675572007047
0,0,0.1811387963477979
0,0,0.003980147984311757
0,0,0.004670086987923754
0,0,0.025718011649342967
0,0,0.2812935210152625
0,0,0.005708871309693535
0,0,0.000856542995887152
0,0,0.0185406137144966
0,0,0.00568513381743761
0,0,0.040372550158479854
0,0,0.033439135486206036
0,0,0.0010528018690593322
1,1,0.999998765996982
0,0,0.011843029840724427
0,0,0.04640274174700216
0,0,0.007170163095628071
1,1,0.921198950635604
0,0,0.2460831682700953
0,0,0.026192655147820532
0,0,0.03443732814977777
0,0,0.16862063961144466
1,0,0.4444868617367413
1,1,0.9999868093968834
1,1,0.9999966804291738
0,0,0.04609684626974799
0,0,0.0003964773141989173
1,1,0.9894812127151688
0,0,0.004046384983036248
0,0,0.07118272803959409
0,0,0.0004088788758563841
0,0,0.133521784133379
0,0,0.020011495028857608
0,0,0.10043058155938253
0,0,0.0013389621126924298
0,0,0.019123999305912666
0,0,0.02111007766930551
0,0,0.20128608301648362
0,0,0.013512024883275995
0,0,0.17407668511619465
0,0,0.07904967016238647
0,0,0.030826147276275008
0,0,0.03002269497646073
0,0,0.001843655760456321
0,0,0.32488395256333763
1,1,0.999998765996982
0,0,0.01179726869504674
0,0,0.002448264444745875
0,1,0.5379209289695869
0,0,0.005976120958586685
1,1,0.7278366711931519
0,0,0.054318792030990166
0,0,0.024584834843602348
0,0,0.0524275512989282
0,0,0.03134750664336079
0,0,0.009598678556730246
0,0,0.12500646124079928
0,0,0.16349093283206376
0,0,0.0032045863438281198
0,0,0.008074331499901707
0,0,0.4520969679169435
1,1,0.7126089390367976
0,0,0.06257251192531238
0,0,0.020657724879021046
0,0,0.12089692464614092
0,0,0.059220635310682945
0,0,0.30874707535428986
0,0,0.06457028419813207
0,0,0.3656498704235395
0,0,0.0003780319098451781
0,0,0.02857791432146809
0,0,0.030200043499330316
0,0,0.2099484402922815
0,0,0.001938996176487598
0,0,0.011558667362006678
0,0,0.24378266050794326
0,0,0.0049242556587180755
0,0,0.028620320656509622
0,0,0.07799524951613417
0,0,0.008862912343080979
0,0,0.002257383091967138
1,1,0.9999974214555729
0,0,0.17340411812665374
1,1,0.9823075207760394
0,0,0.0531668132595738
0,0,0.05005697215693898
0,0,0.0012383646747358534
0,0,0.05143599256000706
0,0,0.0077130579899978525
0,0,0.04686976639485008
0,0,0.03483562011521626
0,0,0.12379152995615272
0,0,0.02922711582794598
0,0,0.14755519173335652
0,0,0.009849565248185832
0,0,0.023606722841733957
0,1,0.6472398985466233
0,0,0.25227134611760044
0,0,0.08260825769471533
0,0,0.04797821238446783
0,0,0.3548285673762058
0,0,0.027866746524160227
0,0,0.05735981237030834
0,1,0.7740481686834695
0,1,0.6663812294626182
1,1,0.9949126452858729
0,0,0.005653803837689147
0,0,0.054873204231628225
0,0,0.154028859938545
0,0,0.008746949557858957
0,0,0.044738773786143195
0,0,0.00074286897032369
0,0,0.020448356608514934
0,0,0.03494273264783677
0,0,0.06621657741671637
0,0,0.010995669179751012
1,1,0.9999967421133994
0,0,0.029947609706286325
0,0,0.040426572917540406
0,0,0.0018967505919066379
0,0,0.009760228640082056
0,0,0.14057301116452264
1,0,0.12675578683731814
0,0,0.06802325998761857
0,0,0.009259320853111035
0,1,0.722279355333053
0,0,0.010187316292204594
0,0,0.017910441284590392
0,0,0.028530247962029822
0,0,0.021453006753002206
0,0,0.11855145015459721
1,1,0.7657876902810646
0,0,0.0652819736998129
1,1,0.9999974214555729
0,0,0.013363621545614266
1,1,0.9999977168367039
0,0,0.0006951689994829526
0,0,0.06743842489612913
0,0,0.30663444814112767
0,0,0.18216289335138916
0,0,0.00683690469408569
0,0,0.033620101583709275
0,0,0.27086411982587055
0,0,0.004794361404559785
0,0,0.014225115129631337
0,0,0.011505321821706582
0,0,0.004997772732577097
1,1,0.9925728370876643
0,0,0.04148125576458093
0,0,0.003954724722030161
0,0,0.007059522358253113
0,0,0.2012125516096928
1,1,0.9958040034728817
0,0,0.0024274916447615848
0,0,0.04150914132781441
0,0,0.00010644615227228176
1,1,0.9999967236935942
0,0,0.005985895705618064
0,0,0.0037713531112050264
1,1,0.9999971242915849
1,0,0.013626786853208873
0,0,0.004740524931063462
0,0,0.04090115289376365
0,0,0.028792943421344176
0,0,0.014837165693998637
1,0,0.008271130108193943
0,0,0.1846872857119293
0,0,0.41008174571478223
0,0,0.08357975689652059
1,1,0.6746122009049594
0,0,0.0944567609159049
0,0,0.008157585231956295
1,1,0.7798234634802225
0,0,0.014243214438070327
0,0,0.39831770217581486
1,1,0.9533830000307719
0,0,0.017754156771159456
1,1,0.9999974214555729
0,0,0.008285750566255351
0,0,0.039979199940591265
0,0,0.047649390313298165
0,0,0.008728540228171178
0,0,0.012967983515677177
0,0,0.00982233391101543
0,0,0.10762478322823463
0,0,0.0015489283231350645
0,1,0.7416864690233144
0,0,0.18280081583636615
0,0,0.014544065469951429
1,1,0.9999986485205823
0,0,0.0971767959628157
0,0,0.006075891568263573
0,0,0.004380344748089088
1,1,0.9778241588722714
0,0,0.019222483237257285
1,0,0.04288346875755686
0,0,0.002828615446826791
0,0,0.3201820161059075
0,0,0.0026146469073632128
0,0,0.12100357091520532
0,0,0.1078886057942032
0,0,0.029332671342734238
0,0,0.09163678289164333
0,0,0.044432267845992295
0,0,0.0007982317724301272
1,1,0.9356564416988831
1,1,0.9999976198535029
0,0,0.02370901958205833
0,0,0.029106089868625635
0,0,0.005754080112448523
0,0,0.043922324329174665
0,0,0.029789550060369884
0,0,0.024934967955812223
0,0,0.0021763978466406903
0,0,0.02751609188399034
0,0,0.0032116046344381082
0,0,0.06115790333554701
0,0,0.013774025775374071
0,0,0.0305988291680478
0,0,0.005078580006802197
0,0,0.0003411382326499058
1,1,0.9999962623084329
0,0,0.13599457308930737
1,1,0.9928735652619708
0,0,0.13005842047241714
0,0,0.022857842407467296
0,0,0.004614832745087739
0,0,0.4256813924484862
0,0,0.001358194186735235
0,0,0.08672219722681031
0,0,0.015549678535762505
1,1,0.9999974214555729
0,0,0.03961094377405764
1,1,0.7484917396609356
0,0,0.05057669613826282
0,0,0.00025344891376010114
0,0,0.013986879214157297
0,0,0.01819867031887781
0,0,0.2665615219049847
0,0,0.38809283360657065
0,0,0.050103017683630346
0,0,0.11042846921100913
0,0,0.00033306404967451574
0,0,0.1606605472159774
0,0,0.052511899390575045
0,0,0.08014662935851329
0,0,0.20593758337998866
0,0,0.2690981674833864
1,0,0.39872723407146704
0,0,0.4032770840977904
0,0,0.00291313483554159
0,0,0.018472601994867333
0,0,0.07688843409863783
0,0,0.07737213386878353
1,1,0.9999976198535029
1,1,0.9999986485205823
0,0,0.0389731640349921
0,0,0.016031386705115686
0,0,0.002559571597898094
0,0,0.00793510525787507
0,0,0.0008720578405750226
0,0,0.16748317625205283
0,0,0.027093705587720375
0,0,0.02601082702406515
0,0,0.022597669788822494
1,1,0.999915564608854
0,0,0.005171392095078141
0,0,0.11280285743150678
0,0,0.013952779434829516
0,0,0.0002920383357252388
0,0,0.021067112031309416
0,0,0.008058483859000383
1,1,0.9999977168367039
0,0,0.006998110525909429
0,0,0.010814337266278506
0,0,0.020672314493679792
0,0,0.004929546400930769
0,0,0.014395313732020744
0,0,0.00013404847615510656
0,0,0.013139897920696735
1,1,0.9999966804291738
1,1,0.9999966804291738
0,0,0.006019168151243199
0,0,0.17872764432583366
0,0,0.0359167268808716
1,0,0.14709341206823398
0,0,0.15107870346806596
0,0,0.0016380351140101823
0,0,0.0064162788940686725
1,1,0.9957616343225053
0,0,0.03396420038453219
0,0,0.04705549896828802
0,0,0.07328733739650818
0,0,0.005322634682547987
0,0,0.014845567522904213
0,0,0.06679163111292438
0,0,0.1608512289469809
0,0,0.0001317920649884432
0,0,0.030730579786205567
0,0,0.04151028372699477
0,0,0.028205010393375706
0,0,0.019519046079086874
0,0,0.06144759782802354
0,0,0.06439170485036749
0,0,0.04156956414818617
0,0,0.07250196289451824
0,0,0.01944044157968503
0,0,0.004112651161418624
0,0,0.10852206415308392
0,0,0.02050990009768228
0,0,0.1414259045180968
0,0,0.13164867132840066
0,0,0.24493296800309228
0,0,0.0156263316733381
1,1,0.9999882592389022
0,0,0.019726777103882324
0,0,0.002892264786440959
0,0,0.4634010824472425
0,0,0.004975686823694374
0,0,0.2622689145229505
0,0,0.03880879686547084
0,1,0.5654954395176452
1,0,0.3085440285330547
0,0,0.08991752840058453
0,0,0.11080130510215433
0,0,0.06745082588310286
0,0,0.022001481414934777
0,0,0.01019762842309948
0,0,0.22090112061090428
0,0,0.003261962021251955
0,0,0.0075348561538265725
1,1,0.9885887941422355
0,0,0.3543549202630126
0,0,0.03305603316896705
0,0,0.002936741620023387
0,0,0.1872999723377875
0,0,0.013265617097256687
1,0,0.38809283360657065
0,0,0.10836721082127357
0,0,0.008662325214312648
0,0,0.031799770868159036
0,0,0.1517649140804277
0,0,0.010172551694141713
0,0,0.03639425510822176
0,0,0.004834310553103131
0,0,0.00016129007151717944
0,0,0.003995013816960663
1,1,0.9999964734721614
0,0,0.0013180266985720653
1,0,0.2540000252361596
0,0,0.006579490088488194
0,0,0.022296564362810262
0,0,0.030585826935989574
0,0,0.022766657876941356
0,0,0.003230550148029806
0,0,0.05200552024081664
0,0,0.011522100606572933
0,0,0.011121182763061259
0,0,0.0012039330206434573
0,0,0.0894571463314283
0,0,0.07158412779596252
0,0,0.0031659999111874346
0,0,0.029432488701526906
0,0,0.0693361146841658
0,0,0.00427147790239318
0,0,0.10113121091509873
0,0,0.0022579771938864325
1,1,0.7165479088027298
0,0,0.018272555702298934
0,0,0.018691126775610523
0,0,0.0004218904144094913
0,0,0.13589689212815717
0,0,0.017046309400100684
0,0,0.020121633391906216
0,0,0.015116743481946332
0,0,0.013997088804126834
0,0,0.016634459221593834
1,1,0.999998765996982
0,0,0.022143894746482814
0,0,0.04789581849151631
0,0,0.0053676210910564535
0,0,0.007746222227092756
0,0,0.07774760240486286
1,1,0.9999970717796709
0,0,0.017903500719767332
0,1,0.7919391534439209
0,0,0.03121160462466805
1,1,0.5652905988737035
0,0,0.002296711617868168
0,0,0.02809953044167338
0,1,0.6042973753998405
0,0,0.018843035934462776
0,0,0.015856712018920742
0,0,0.01815274408769945
0,0,0.0047495685295249265
0,0,0.016228517781903026
0,0,0.04968782903705507
0,0,0.00035440994277211523
0,0,0.0008993812098710381
0,0,0.021123565509874764
1,1,0.9282254137867473
0,0,0.055201903067184296
0,0,0.009315894680664693
1,1,0.9999944141014446
0,0,0.06986756594786471
0,0,0.07955778882237312
1,1,0.9999966804291738
0,0,0.04819953925404832
1,1,0.9999964734721614
1,1,0.999998765996982
0,0,0.014420622853473689
0,0,0.012063962173851923
0,0,0.3102111098155322
1,0,0.15751970228713505
0,0,0.012592614371375268
0,0,0.010573725725742427
0,0,0.0154575411715435
1,1,0.9999962960084147
0,0,0.003975074609911779
1,0,0.08824035021991472
0,0,0.030616438018722315
0,0,0.02808380043919795
1,1,0.9999977168367039
0,0,0.07469859545993947
0,0,0.03060858792217295
0,0,0.08394385510228684
0,0,0.012034977710931882
0,0,0.058643996646602525
0,0,0.012956335181354767
0,0,0.0017323115424540579
0,0,0.009241934166393798
0,0,0.029763682439426193
0,0,0.018053863094178595
0,0,0.0008152279541954056
0,0,0.33828207793066306
0,0,0.14485873123218035
0,0,0.09210293534747746
0,0,0.03180830258532931
0,0,0.0022864764118077146
0,0,0.014219178558023586
0,0,0.05368774412839027
0,0,0.1512459086113525
0,0,0.1377052337180631
0,0,0.008344161763071494
0,0,0.1479170464998306
0,0,0.004266054947807437
0,0,0.000612035300549892
0,0,0.26105915151341647
0,0,0.005833055984714905
0,0,0.017022866369219715
0,0,0.07328788218961958
0,0,0.2858699333037115
0,0,0.019599186784471825
0,0,0.0012744048078134334
0,0,0.06374045060444018
0,0,0.1265553644447836
0,0,0.004858403465746505
0,0,0.01537456308478918
0,0,0.03447405772556254
0,0,0.024603826478095482
0,0,0.12220783178665068
0,0,0.3085440285330547
0,0,0.011198312280191403
0,0,0.218889412983378
0,0,0.04754378870372574
0,0,0.003657840720534883
0,0,0.00623815231982846
1,1,0.9999944141014446
0,0,0.04441331405700425
0,0,0.002444391734328784
0,0,0.05560683900962576
0,0,0.031374860344581645
0,0,0.005211477175590858
0,0,0.014372084340282044
1,1,0.9999974214555729
0,0,0.021498283277588643
0,0,0.035920614770920914
0,0,0.0022862275781693813
0,0,0.035057796457714493
0,0,0.019996200343357744
0,0,0.04464742972121945
0,0,0.07285113294873984
0,0,0.004296911120316103
1,1,0.9999974214555729
0,0,0.004814842415719166
0,0,0.03123516051717875
0,0,0.0021514096745779625
0,0,0.02447444009857646
0,0,0.09900972166938563
1,1,0.9507342467081384
0,0,0.03156510364777522
0,0,0.2041814487105344
0,0,0.001172239145977724
0,0,0.007566565061517014
0,0,0.005466577405957587
0,0,0.024201284295972497
0,0,0.13678435889284954
0,0,0.07788631296343902
1,1,0.9099299138681524
0,0,0.2707764739935462
0,0,0.05624994613149886
0,0,0.009878689375978094
0,0,0.0763256098506762
0,0,0.022681667342624955
0,0,0.003625413967565418
0,0,0.005664068117767793
0,0,0.1704442651820198
0,0,0.001525195176407921
1,1,0.999979584948107
0,0,0.05755456045360211
0,0,0.10742846168517654
0,0,0.026379200753928016
0,0,0.020574146666160597
0,0,0.0022537826464849317
0,0,0.007787207602701108
0,0,0.0003653328066570804
0,0,0.0027642623207393617
0,0,0.09854093736403231
0,0,0.03447405772556254
1,1,0.9080664915088443
0,0,0.026910473818880152
0,0,0.002794682264262675
0,0,0.018919368118948385
0,0,0.0030809656919239593
0,0,0.0048061498372784246
0,0,0.011843029840724427
0,0,0.039096946389984594
0,0,0.11190223771432098
1,1,0.9999964734721614
0,0,0.02626235406467582
0,0,0.04190792272785098
0,0,0.01798000483514321
0,0,0.041753340688258304
0,0,0.019664265906394165
0,0,0.00803336537330103
0,0,0.13262145280672383
1,1,0.9999974214555729
0,0,0.0009795217357162587
0,0,0.003315937476115008
0,0,0.005286104856051958
0,0,0.009999789910981674
0,0,0.00816992187663236
1,1,0.9999971242915849
0,0,0.07780119627489539
1,1,0.9999202191461362
0,0,0.0424763057029414
0,0,0.23453244533902695
0,0,0.014827716015043275
0,0,0.020647895855330032
0,0,0.011594149198173708
0,0,0.013665935916090279
0,0,0.022566849224705022
0,0,0.03204989483526274
1,1,0.9999979498821073
0,0,0.012211287324253693
0,0,0.02858807337149603
0,0,0.4520969679169435
0,0,0.016531128720316188
0,0,0.007711202643697518
0,0,0.23045188741372297
0,0,0.04654080360447442
0,0,0.16239413172460626
0,0,0.031797759435195715
1,1,0.9929509483047182
0,0,0.013950265985556856
0,0,0.10702457583242657
0,0,0.01774140784619218
0,0,0.013076604108301037
1,1,0.9999966804291738
0,0,0.08079121103106447
0,0,0.04167967071047329
1,1,0.9999966804291738
0,0,0.010258823391957297
0,0,0.04425621197316995
1,1,0.9744470822096615
0,0,0.1825884417762111
0,0,0.05264882774133427
0,0,0.003544708696939848
0,0,0.15242309906742785
0,0,0.01943094049448533
0,0,0.023655246054536342
1,1,0.9999986485205823
0,0,0.024869639731035995
0,0,0.005031557100978255
1,1,0.9999966804291738
1,1,0.9999979498821073
0,0,0.0039705391809124494
0,0,0.053600488847489754
1,1,0.9999966804291738
0,0,0.3845262878258027
0,0,0.04542617215110148
0,0,0.032004843696924364
0,0,0.015219619148961456
0,0,0.02940276932010074
0,0,0.02008712738251689
0,0,0.21026630026923404
0,0,0.011466303609146878
1,1,0.9938607759405722
0,0,0.02014270055455375
0,0,0.002612298007671503
0,0,0.0013673808976983652
1,1,0.9999966804291738
0,0,0.034504120637715574
0,0,8.166031231289346e-05
0,0,0.1859823549035356
0,0,0.03688979421964648
0,0,0.05201002882336897
0,0,0.013296008017677512
0,0,0.0059764098404423965
0,0,0.10160841361209955
1,1,0.9958670231154952
0,0,0.03085433860533809
0,0,0.30515959869438386
1,1,0.9868673175570716
0,0,0.002560949063619837
0,0,0.007563365993472058
0,0,0.028898994549379876
0,0,0.4839296912491057
0,0,0.02594881918402586
0,0,0.010437305718197
0,0,0.023679474532940736
0,0,0.019183658329247465
0,0,0.006028765372392277
0,0,0.015908571013220896
0,0,0.06603389728560592
0,0,0.014603727529154158
0,0,0.02700210859578734
0,0,0.015569608901964632
1,0,0.14270268310003112
0,0,0.1286084168169417
0,0,0.008475841895440489
0,0,0.12535426536044836
0,0,0.0019418332284423722
0,0,0.09351656675588726
1,1,0.9999989875016777
0,0,0.10340017214044529
0,0,0.0013028494260707573
0,0,0.03227573613115964
0,0,0.021123047652223028
0,0,0.016688475866348168
0,0,0.027124433340756635
0,0,0.00299969252418492
0,0,0.007042507107940762
0,0,0.03494273264783677
0,0,0.0996043134477931
0,0,0.10784115918088771
0,1,0.659047005112564
0,0,0.06023043953199455
1,1,0.9928735652619708
1,1,0.9999986485205823
0,0,0.0067263476375515885
0,0,0.027773729018911973
0,0,0.005797439105779711
1,1,0.9999971242915849
0,0,0.049885105518678724
1,0,0.3312318691433475
0,0,0.02069404247055677
0,0,0.011317963676495678
0,0,0.05174717425718496
0,0,0.11829484021134391
1,1,0.999915564608854
0,0,0.0035358984496969893
0,0,0.013391599547267407
1,1,0.9812818299461462
0,0,0.10988732861467342
0,0,0.005423615907801495
0,0,0.039966454358886676
0,0,0.003803145937862461
0,0,0.00368118898992315
1,0,0.32111380914654014
1,1,0.9999974214555729
0,0,0.016217299870452374
1,1,0.9999966804291738
0,0,0.07824636197295386
0,0,0.12119847130117098
0,0,0.13743074896650176
0,0,0.0024961706720196507
0,0,0.20584508608471078
0,0,0.13167103103116437
0,0,0.0017522541749682612
0,0,0.05290634567435245
1,1,0.9160496642467257
0,0,0.0059252722138978765
0,0,0.003470471790643155
0,0,0.03260594749740712
0,0,0.027562201264130524
1,1,0.9574026788350721
0,0,0.0360462093229086
1,1,0.9479767755938483
0,0,0.3535596981101488
1,1,0.9912855078099829
1,1,0.9816906228728569
1,0,0.14017208457333735
1,1,0.9995197996094257
0,0,0.06219901509537583
0,0,0.021628991337305406
0,0,0.021760422202738404
0,0,0.29872064604175186
0,0,0.04128095449415182
0,0,0.36897291227475604
0,0,0.008031527241867831
0,0,0.005882511442913401
0,0,0.0006645751370892366
0,0,0.06157975857067597
1,1,0.9999977168367039
0,0,0.0015281063840584346
0,0,0.013202938947199344
0,0,0.028496467658098275
1,1,0.9999974214555729
0,0,0.019508433982476668
0,0,0.012048992543243538
0,0,0.04327931912074772
0,0,0.09948625337368831
0,0,0.0001569281007183352
0,0,0.019123999305912666
0,0,0.0898506306720415
0,0,0.019976233994877357
0,0,0.03715746970803794
0,0,0.038116686752039365
0,0,0.02986694081011262
0,0,0.4520969679169435
0,0,0.45702870594244055
0,0,0.25619202196743085
0,0,0.040989119368835286
0,0,0.32493449866644825
0,0,0.05373820161999736
0,0,0.018498128204350168
0,0,0.01319366822217954
1,1,0.9999966804291738
0,0,0.04230713820300464
0,0,0.020211952916771383
0,0,0.0174325724036926
1,1,0.5841891432181187
0,0,0.04218755294448003
0,0,0.08968524209659623
0,0,0.004268007312985176
0,0,0.42207149895947277
0,0,0.02942896452399253
0,0,0.008081717291580455
0,0,0.02728926313663121
0,0,0.03237842251129519
1,1,0.9999974214555729
0,0,0.0482685896813318
0,0,0.03232147687398822
1,1,0.9999966804291738
0,0,0.026595398065632374
0,0,0.07927782759275741
0,0,0.039043210774613035
0,0,0.007758136822327121
0,0,0.012990268093370597
0,0,0.10726548365845281
0,0,0.05074240682927989
0,0,0.4470601992605778
0,0,0.17013656820878198
0,0,0.31274361727306366
0,0,0.04471668948217961
0,0,0.0017841729928969809
0,0,0.0049652432089843015
1,1,0.9967119913349267
0,0,0.06948705841538687
1,1,0.9999974214555729
0,0,0.11802431572754242
0,0,0.3943706728446342
1,1,0.9360401396144741
0,0,0.050457945335836855
0,0,0.1896028617747592
0,0,0.002651704251849655
0,0,0.11227226397838141
0,0,0.047624667694866576
1,1,0.9933342163964947
0,0,0.018880326007602727
0,0,0.03088123134200798
0,0,0.10592763012800818
0,0,0.06373398636863149
1,1,0.9999974214555729
0,0,0.10035775926997927
0,0,0.22310814443467233
0,0,0.039241583071229075
0,0,0.0035084801804150622
0,0,0.03368706868498709
1,1,0.7518172502573217
0,0,0.041258887766523956
0,0,0.030060234724376893
0,0,0.006228557305589326
0,0,0.19698848258550508
0,0,0.0001569281007183352
0,0,0.050978053596547585
0,0,0.09563127313946965
0,0,0.38809283360657065
0,0,0.012386527860125252
0,0,0.004736247162758768
0,0,0.024192816171829296
1,0,0.40277143223582307
0,1,0.5884897436571818
0,0,0.04712745766254407
0,0,0.00024401027322823828
0,0,0.34360069806994564
0,0,0.06343417398986727
0,0,0.04606852174849606
0,0,0.016712282324049425
0,0,0.25044622392116667
0,0,0.029456071320873817
0,0,0.24903126262638303
0,0,0.03069033380797753
0,0,0.002752879184400737
1,0,0.47126896622725795
0,0,0.011971308362278847
0,0,0.11587025654470993
0,0,0.031690257293242124
0,0,0.0019256962276494875
1,1,0.7139976926197817
0,0,0.053485510654026375
0,0,0.392718551717658
0,0,0.021203902175561673
0,0,0.0050221895700142535
0,0,0.05535702840558186
1,1,0.9999964734721614
0,0,0.015471877921449355
0,0,0.01161222162944304
0,0,0.013479098373530764
0,0,0.005739474079977168
0,0,0.04685514939334563
0,1,0.5134037912575372
0,0,0.03495954960681572
0,0,4.361049993262969e-05
0,0,0.06374194943858462
0,0,0.0770273826100744
0,0,0.014739704756558529
0,0,0.0893222783532901
0,0,0.09242781531335445
0,0,0.01487067772399476
0,0,0.008591237004597293
0,0,0.0002790108771654331
1,1,0.9999979498821073
0,0,0.012814372043982324
0,0,0.05264882774133427
0,0,0.011271288867041807
1,1,0.9999974474866807
0,0,0.012111311759385896
0,0,0.06462994750118121
0,0,0.12613681364094956
0,0,0.16767129473253814
0,0,0.16100015874028953
0,0,0.0013819757557133653
0,0,0.04833535727938525
0,0,0.0561078459640976
0,0,0.0012478248701635838
0,0,0.0008630372631357644
0,0,0.05037052912848103
0,0,0.02596868302892885
0,0,0.06878145225125042
0,0,0.009820614614326144
0,0,0.0013774039756747232
1,1,0.9999974214555729
0,0,0.08769603097551094
0,0,0.008365833251591378
0,0,0.07091994915148446
0,0,0.038756097282412375
0,0,0.009938212122355026
0,0,0.000951950954581054
0,0,0.007698604015347962
0,0,0.00026496743672691463
0,0,0.0033517545480573974
0,0,0.018330915644772353
0,0,0.23813806926774844
0,0,0.40242295170865655
0,0,0.013642647178825561
0,0,0.0972982305616773
0,0,0.03693382674062047
1,1,0.9999974214555729
0,0,0.06043153877500729
0,0,0.017101260124894734
0,0,0.0017274715434590616
0,0,0.06147457033044229
0,0,0.0013389621126924298
0,0,0.004279103011534666
0,0,0.031003489178712148
0,0,0.018140428905448862
0,0,0.011261513341792505
0,0,0.19873690760461507
0,0,0.053351450346434244
0,0,0.0028172260244822096
0,0,0.02085087323282207
0,0,0.01656058020247317
0,0,0.021907286034966156
0,0,0.015443854921548128
0,0,0.026514838734301598
0,0,0.0027045290788815404
0,0,0.11524466769247539
0,0,0.0304039482360016
1,0,0.3085440285330547
1,1,0.99193089666395
0,0,0.06595948778581343
0,0,0.0051265645834537394
1,1,0.943047177498746
0,0,0.16894332784441
0,0,0.019056984265802417
0,0,0.11818008366133613
0,0,0.010905350567370792
0,0,0.11911783551862024
0,0,0.00816992187663236
0,0,0.0256324847890613
1,0,0.19576370812873745
0,1,0.8296933650839494
0,0,0.02741962024980196
0,0,0.0011072136762108106
0,0,0.05760964024830105
0,0,0.006552203830152197
0,0,0.004529707073237705
0,0,0.00334028337480795
1,1,0.991591516422167
0,0,0.04897959776791426
0,0,0.0017782880550104177
0,0,0.20465087596859718
0,0,0.03348397313191794
0,0,0.02934307233305421
0,0,0.011515891765352409
0,0,0.0013867075603489587
1,1,0.945064213629601
0,0,0.002689732317081309
1,1,0.9999974214555729
0,0,0.010337249465823201
0,0,0.01319366822217954
0,0,0.012680046335196957
0,0,0.025430380757703822
0,0,0.006583747735031415
0,0,0.0012407515485886697
0,0,0.00834103015607952
0,0,0.009465562488269824
1,1,0.9999967421133994
0,0,0.0008652548666282329
0,0,0.050978053596547585
0,0,0.019155884568471237
1,1,0.9868793377051698
0,0,0.001087972559792012
1,1,0.9999966804291738
0,0,0.19640989587145696
0,0,0.0017786068707610543
0,0,0.008321741007753436
0,0,0.05501414516687973
0,0,0.01713279413256258
0,0,0.014611523901952625
0,0,0.07057999394322632
0,0,0.06207278598440187
0,0,0.03158061022444691
1,1,0.6883061657795734
0,0,0.0023429731423902558
0,0,0.020114539879913476
0,0,0.04540743538904695
1,1,0.9999979498821073
0,0,0.30004435947298336
0,0,0.055101923419565976
0,0,0.007315044786025755
0,0,0.007392269527437168
0,0,0.256014625163183
0,0,0.014392117415388352
0,0,0.0036570629859897954
0,0,0.021471969936724178
0,0,0.04659155018875544
0,0,0.06847606249588228
0,0,0.017914542550372916
0,0,0.014442495061965238
0,0,0.016521324341363497
0,0,0.05347853689103938
0,0,0.0029958711309077523
0,0,0.047247009377777094
0,0,0.003948823824058044
0,0,0.14883427053895756
1,1,0.9999974214555729
1,1,0.999998765996982
0,0,0.05479306006989927
0,0,0.00041107839039592376
1,1,0.999998765996982
0,0,0.054446664870790265
0,0,0.032957522462365704
1,1,0.9583060425942224
1,1,0.9999964734721614
0,0,0.016141079756166285
1,1,0.9999094556934308
0,0,0.026714977428767498
0,0,0.026989489693663674
0,0,0.004543147872651254
0,0,0.0031826780708111456
1,1,0.9999967421133994
0,0,0.010844340172183189
0,0,0.024910815624465225
1,0,0.4703831099452296
0,0,0.026637302123724293
1,1,0.9899704610947951
0,0,0.05409668411014434
0,0,0.0018340629761060207
0,0,0.04353266680165037
0,0,0.17002254637681596
0,0,0.07459063891831966
0,0,0.030403122337977182
0,0,0.008456046603684311
0,0,0.06056212022479943
0,0,0.002142106676315176
0,0,0.04875724140525532
1,1,0.9989058505717952
0,0,0.08391631340605851
0,0,0.056062936359204896
0,0,0.015214975399406302
1,1,0.9999964734721614
0,0,0.08134957334213026
0,0,0.1525699581641123
1,1,0.9846174988933576
0,0,0.0099602240444095
0,0,0.049586385809441524
0,0,0.06621657741671637
1,1,0.7691571154215159
1,1,0.9999966804291738
0,0,0.007980967007369347
0,0,0.02067195817706503
0,0,0.0059896342952441665
0,0,9.023383930454266e-05
1,1,0.9999974214555729
0,0,0.06845945322918232
1,1,0.9999976198535029
0,0,0.0027336856162270837
0,0,0.12530360915951935
0,0,0.014086207630844031
0,0,0.03460804956740783
0,0,0.36897291227475604
0,0,0.06588551553539841
0,0,0.010237368968658409
0,0,0.04375245155989066
0,0,0.017533931117384646
0,0,0.04340071779807604
0,0,0.19735566465266738
0,0,0.028090112553316563
0,0,0.014133262863512209
0,0,0.11062650435237309
0,0,0.022792841448062203
0,0,0.039811807013049434
0,0,0.003364992934313065
0,0,0.006263406487477149
0,0,0.010110345915221726
0,0,0.01283438616566436
0,0,0.025951904796772205
0,0,0.007316834030317035
0,0,0.02819960732263385
0,0,0.03362511377982712
0,0,0.01901857859785497
0,0,0.0010879950583273488
0,0,0.11446785831568804
0,0,0.0012014325783177577
0,0,0.044859686799394165
0,0,0.0003130985657869781
0,0,0.018986757991545807
0,0,0.41248702867948994
0,0,0.01759165316353995
1,0,0.12113190049544312
0,0,0.11423265321051028
1,1,0.9999966804291738
0,0,0.029518755327561565
0,0,0.017435254283294645
0,0,0.0014508081490234525
0,0,0.09438786322474463
0,0,0.3151901868219028
0,0,0.011853170010680498
0,0,0.014692568218578726
0,0,0.0004649424175291564
0,0,0.0004189805627395398
0,0,0.010106079814202864
0,0,0.023307715636096293
0,0,0.016035673285390337
0,0,0.0032753612667386876
0,0,0.011392809337704436
0,0,0.011916815398520542
0,0,0.019143937303309027
0,0,0.12188699888900015
0,0,0.03211104299085992
0,0,0.09243342003386747
0,0,0.000374042514826827
1,1,0.9986865734520055
0,0,0.0014986868627644221
0,0,0.005491696089926581
0,0,0.012952644624493906
0,0,0.019150863593411283
0,0,0.02778353313140754
0,0,0.0513528524422228
0,0,0.004882150600140721
0,0,0.022748901542426335
0,0,0.007417243738799752
0,0,0.03813255451781333
0,0,0.2979341959118788
0,0,0.1357250798873742
0,0,0.024702136867527615
0,0,0.06645829755476258
0,0,0.012731965577838246
0,0,0.011758474454140348
0,0,0.13280493050810557
0,0,0.058597189130245496
0,0,0.42921838600617873
0,0,0.0019418332284423722
0,0,0.0611892450164135
0,0,0.0005914170992228335
1,1,0.9859835669134828
0,0,0.03286327173726289
0,0,0.00926227283173081
0,0,0.028345141364922655
0,0,0.01977804877842593
0,0,0.37705042944374867
0,0,0.07632979333376577
0,0,0.005379351097852309
1,1,0.9637611868524771
0,0,0.40242295170865655
0,0,0.0060271841666717845
0,0,0.043869778207845656
0,0,0.003954724722030161
0,0,0.008911544536517818
0,0,0.004485393989620477
0,0,0.028524920844117948
0,0,0.08273229750591067
0,0,0.030590638999314124
0,0,0.029867328742223448
0,0,0.023156199647321275
0,0,0.002298144502795763
0,0,0.35745166711234116
0,0,0.01611648373111469
0,0,0.027488512264070557
0,0,0.052877996032134056
0,0,0.002500411008870825
0,0,0.09223174877367468
1,1,0.9999967418747816
0,0,0.23903310530721297
0,1,0.610173590049933
0,0,0.17903025392988406
0,0,0.10784115918088771
0,0,0.14228194183536336
1,1,0.9900099804650617
1,1,0.9999974214555729
0,0,0.014426490417441817
0,0,0.2793905659390727
0,0,0.07471388854968294
0,0,0.06753990015422652
1,1,0.9999974214555729
0,0,0.0004923006809804428
0,0,0.003925685524054586
0,0,0.0032887805297249387
0,0,0.06842612670251583
0,0,0.035269544449234067
0,0,0.07549127332617543
1,1,0.9999974214555729
0,0,0.0031318526551365328
0,0,0.04488517840624569
1,1,0.9999979423411411
0,0,0.0016108553210748707
0,0,0.009218216764569685
0,0,0.028899967179117976
0,0,0.0012319028485663222
0,0,0.25694257706749696
0,0,0.1517649140804277
0,0,0.02489547566779036
0,0,0.01780666625406901
0,0,0.3381649738609234
0,0,0.05458022594599875
0,0,0.05342605261085166
0,0,0.0018309580868994294
0,0,0.025037391361402882
0,0,0.02079943411436742
0,0,0.027416152409934957
0,0,0.047967430216113646
1,1,0.9999974214555729
0,0,0.0023892894551695455
0,0,0.014770161264662976
0,0,0.1194665476106637
0,0,0.01583283000479361
1,1,0.9999966804291738
0,0,0.050913241562639606
1,1,0.9894412806988718
0,0,0.037018574417242
0,0,0.030336019791154543
1,1,0.9713564464742683
0,0,0.03873487078954439
0,0,0.04118839116796457
0,0,0.06322798142082914
0,0,0.006039284124305785
0,0,0.005754786391748936
0,0,0.04254361396100805
0,0,0.018346862011731732
1,1,0.9999966804291738
0,0,0.01583631798813698
0,0,0.007339587277282634
0,0,0.0029015830065488566
1,1,0.9999976198535029
0,0,0.01312463966205273
0,0,0.05753343381985861
0,1,0.5166086199058897
1,1,0.9844491167366674
0,0,0.020367407557887615
0,0,0.00014284057893891827
0,0,0.09921303017739125
0,0,0.02314314339384335
0,0,0.01750726089032442
0,0,0.04385749441741289
0,0,0.022765077168690192
0,0,0.12200870298709938
1,1,0.9789106080850476
0,0,0.05301242360467412
0,0,0.08919850297128835
0,0,0.08117960227819086
0,0,0.00037467850910901957
0,0,0.08079121103106447
0,0,0.09334649546065059
0,0,0.021226190710224926
0,0,0.014554221124850301
0,0,0.034191154546751895
0,0,0.02922977090421197
0,0,0.005442548615823636
0,0,0.0015002691237428962
0,0,0.0005523535303727899
0,0,0.20923023621965336
0,0,0.07312102326038111
0,0,0.3663509790671653
0,0,0.00955627890081711
0,0,0.00013339194262630924
1,1,0.9999966804291738
0,0,0.05457642204960956
0,0,0.025586557175701012
0,0,0.3562344742933071
0,0,0.010680580425895788
0,0,0.011729515929957976
0,0,0.011248780293580842
0,0,0.37650359408843415
0,0,0.1852286620696301
0,0,0.001419396556893459
0,0,0.2557817672348248
0,0,0.004487403943799488
0,0,0.08646901478410055
0,0,0.007133261398585351
0,0,0.016182019268280914
0,0,0.02647402703166458
0,0,0.013680690411375134
1,0,0.48239297332980174
1,0,0.37650359408843415
0,0,0.18642308539444738
1,1,0.9999966804291738
0,0,0.13110987568118154
0,0,0.13500345265923855
1,1,0.9926957321311486
1,1,0.9999928017857188
1,0,0.3010156847397279
0,0,0.1997144622543105
0,0,0.041133491421279714
0,0,0.021876897162660884
0,0,0.4242789756841047
0,0,0.0009496400196706362
1,1,0.9999964734721614
1,1,0.834711758828785
1,1,0.9998832572606667
0,0,0.02363226862113592
1,1,0.9999974214555729
0,0,0.025857117847720792
0,0,0.039366626765501296
0,0,0.027529050391863676
0,0,0.24738728637263824
0,0,0.0970151831547274
0,0,0.08086634872297603
0,0,0.04215049283622308
0,0,0.00727915496899263
0,0,0.1335953151652509
0,0,0.0003573514898613652
0,0,0.046614244063464844
0,1,0.8037664962249317
0,0,0.046073490245138266
0,0,0.007657508081504434
0,0,0.003875579071204946
0,0,0.016654849415422904
0,0,0.05444790707169795
1,1,0.9715212624053018
0,0,0.06322220903608729
1,1,0.9671079546406027
0,0,0.034362152207492704
0,0,0.162690793269805
0,0,0.004545435017851758
0,0,0.09212229634679517
0,0,0.038044927833706235
0,0,0.017566144178421846
0,0,0.06850873678708759
0,0,0.022533104605724257
0,0,0.017600878454942532
0,0,0.008816998916454525
0,0,0.13121244886463362
0,0,0.03993020623319328
0,0,0.0076081021310628735
0,0,0.2626584086746958
0,0,0.2855960816853461
0,0,0.38809283360657065
0,0,0.10880747795643411
0,0,0.054035638335730524
0,0,0.4214396717188356
0,0,0.024927202731063868
0,0,0.0018305189611176205
0,0,0.037471566438840045
0,0,0.37650359408843415
0,0,0.04675724661681199
1,1,0.842218190664697
0,0,0.29267909583860213
0,0,0.00041119006992260105
0,0,0.040311549069320406
0,0,0.0057475738202284205
0,0,0.46376824237236625
1,1,0.9999974474866807
0,0,0.08498906748000967
0,0,0.06659843317300101
0,0,0.020769649192211758
0,0,0.0004077266429378745
1,1,0.9947396713004103
0,0,0.0005066388286754086
0,0,0.006558409500452447
0,0,0.008253831015138598
1,0,0.4808407992615076
0,0,0.048769697549435435
0,0,0.038116742048072465
0,0,0.00616676092860757
0,0,0.017913218927043503
0,0,0.015402086181613275
0,0,0.0014575104703256762
1,1,0.9999978627980848
0,0,0.004097123251556004
0,0,0.0026416781435552672
0,0,0.08177703656073851
1,1,0.9999974214555729
0,0,0.005537925509217675
0,0,0.09032374932535157
0,0,0.00814691394738591
0,0,0.0271726182848083
0,0,0.07702222775451087
0,0,0.1550613735276137
1,1,0.8870074737402333
0,0,0.050514257402615385
0,0,0.09277229575465602
1,1,0.9999944141014446
1,1,0.965193103974891
0,0,0.04677769082881701
0,0,0.22561230804385524
0,0,0.0008656728699800513
0,0,0.34681116769498543
0,0,0.0008248129066311809
0,0,0.05772730462669081
0,0,0.028564140130152436
0,0,0.08881114858595365
0,0,0.04662801105187024
0,0,0.016574465468097654
1,1,0.9999977168367039
0,0,0.08504733447114035
0,0,0.002467342838438609
0,0,0.16447859164598835
1,1,0.9999962625821728
0,0,0.029346706744355504
0,0,0.011838064661950825
0,0,0.2544437072803935
0,0,0.05186634758165055
0,0,0.014665805084936225
1,1,0.9999989875016777
0,0,0.008243205656624364
0,0,0.05396445498548168
0,0,0.027279711800075667
0,0,0.01610708803472338
0,0,0.003840621540371869
1,1,0.9999202663856797
0,0,0.015388272552767106
0,0,0.03585762929281013
0,0,0.012961192389927444
0,0,0.08281751129886254
0,0,0.05634838484747449
0,0,0.014533398197017627
1,1,0.9999977168367039
0,0,0.003981677594420537
0,0,0.0038748517362056398
0,0,0.045588792402702034
0,0,0.006500787556817733
1,1,0.9970636985881765
0,0,0.07939435912259034
0,0,0.0026655083640677157
0,0,0.018040455455552464
0,0,0.009655735181349304
0,0,0.019812090482242056
0,0,0.002298144502795763
1,1,0.837439641161171
0,0,0.1262252459219453
0,0,0.001661932892737533
0,0,0.06482766932123182
0,0,0.001886009025218822
0,0,0.02778353313140754
0,0,0.39368951457997925
0,0,0.03515247189208313
0,0,0.05100482769393627
0,0,0.09207788433346575
0,0,0.08934488294900106
0,0,0.007180230536852748
0,0,0.00015871767294509424
0,0,0.021226190710224926
0,0,0.07686581184417071
0,0,0.004636687980761668
0,0,0.009465562488269824
0,0,0.1606647752825117
0,0,0.17879525858250936
0,0,0.04492868826416254
0,0,0.028821530430280136
0,0,0.03145214244284684
0,0,0.17883176758177946
1,1,0.9898951245850731
0,0,0.0011527282031293241
1,1,0.999995874961105
0,0,0.05785596698524979
1,0,0.15231626654855723
0,0,0.0016159056133126081
0,0,0.12628219619107728
0,0,0.01995990563837764
0,0,0.006968577305402398
1,1,0.9999967421133994
1,1,0.9999966804291738
0,0,0.012699596902601026
0,0,0.023338415712630275
0,0,0.026915863686112578
1,0,0.49562434736431504
0,0,0.005698090212243528
0,0,0.05445851693808854
0,0,0.02282623922036256
1,1,0.9999977785150863
1,1,0.9999966804291738
0,0,0.10307795012434352
1,1,0.9999979423411411
0,0,0.011155418542600663
0,0,0.005741318897251248
0,0,0.021401150115257634
1,1,0.9999974214555729
0,0,0.037718863547788854
0,0,0.00578608994921286
0,0,0.0308353207115883
0,0,0.1237071942256817
0,0,0.3085440285330547
0,1,0.5962182839861764
0,0,0.24834403965742943
0,0,0.0043278093917421875
0,0,0.3369077107714764
1,1,0.8798919409930402
1,1,0.9999966804291738
0,0,0.2858699333037115
0,0,0.004565204396009014
0,0,0.012341911238601426
0,0,0.24526674619527838
1,0,0.49071648287593
0,0,0.28695761069732467
0,0,0.030175016539313766
0,0,0.03279521421063414
1,1,0.9934976577282384
0,1,0.5158389648851694
1,1,0.9999974214555729
0,0,0.37650359408843415
1,1,0.9999966804291738
0,0,0.009514596929060622
0,0,0.01922017850994713
0,0,0.04933146799202983
0,0,0.28566737708241363
0,0,0.017267091296600288
0,0,0.06187917913097241
0,0,0.008754885880674567
0,0,0.007554270013962448
0,0,0.003902441627806755
1,1,0.99991219992593
0,0,0.011398026276939898
0,0,0.01535605866107628
0,0,0.018225260776287805
0,0,0.01015457968769767
0,0,0.26714267847130946
0,0,0.01009384345030116
0,0,0.012873619023809953
0,0,0.08397176359886668
1,1,0.9999986485205823
0,0,0.05166917574932301
0,0,0.017682694395328456
0,0,0.010696099426917093
1,1,0.9999094556934308
0,0,0.04923614231152622
0,0,0.028492556730068414
0,0,0.3603913394692157
0,0,0.0029930160476453944
0,0,0.05569317791054909
0,0,0.11364317288000475
0,0,0.044203970689046516
0,0,0.007362932363791555
0,0,0.020877334798965815
0,0,0.05475410776963124
0,0,0.0057583637145691945
0,0,0.008836262983027574
0,0,0.003045310367847076
0,0,0.014824885712900464
0,0,0.005055368121648978
0,0,0.05266380860349462
0,0,0.05138541955294187
1,1,0.5115370672141408
0,0,0.052424754958815885
0,0,0.029709069800069102
0,0,0.006692627207349333
0,0,0.011758903378856642
0,0,0.00037357919507438977
0,0,0.14225779314571627
0,0,0.09932907007954102
0,0,0.3798886269948076
1,1,0.9905375905613397
0,0,0.022248206158401312
0,0,0.03184986940839604
0,0,0.09230612376424945
0,0,0.12523699802894264
1,1,0.8660942557892087
0,0,0.020571585298478853
0,0,0.05266380860349462
0,0,0.01822695805312515
0,0,0.028584923968185336
0,0,0.28889033673486914
1,0,0.4705376800616753
0,0,0.04276673128608827
0,0,0.014312967755666437
0,0,0.014343607789362663
0,0,0.18289933975168166
0,0,0.013950265985556856
0,0,0.21605016869102764
0,0,0.04439815342642781
1,1,0.9999966804291738
0,0,0.017836216560135537
0,0,0.1290621150006887
0,0,0.08579227695676922
0,0,0.00980763954809658
0,0,0.016529946830604582
0,0,0.14674079046305505
0,0,0.04657999475046346
0,0,0.10322749433602134
0,0,0.0013811493966193959
0,0,0.00015651281978446962
1,1,0.9003848282698352
0,0,0.005929705673600287
0,0,0.00411133703074832
0,0,0.25904561396418313
0,0,0.1315915756093076
0,0,0.005254168121039571
0,0,0.020935525181616985
0,0,0.01950492093594366
0,0,0.04527143647103833
0,0,0.01009937782543085
0,0,0.3520244924936397
1,1,0.9568142465425153
0,0,0.09774180060313373
0,0,0.0389731640349921
0,0,0.03416375277322041
0,0,0.03775704882539608
0,0,0.03226241365894425
0,0,0.07973216279114699
0,0,0.06294912368385601
0,0,0.20193871562584623
0,0,0.03497302636718153
0,0,0.005669305727021938
0,1,0.5215036902015774
0,0,0.005856986472326838
0,0,0.05336761052798369
0,0,0.015481264084406211
0,0,0.00097710161306335
0,0,0.0018650836158886474
1,1,0.9999974214555729
0,0,0.017518323730315307
0,0,0.01164079827144186
0,0,0.0030234182095729726
0,0,0.012687526303795382
0,0,0.000924414069267072
0,0,0.2853387583696919
0,0,0.005137877864614362
0,0,0.0009944141300327325
0,0,0.061728214547529796
0,0,0.020249106330942165
0,0,0.0176739009195773
0,0,0.004384551231342788
0,0,0.039634036673685785
0,0,0.0010612444017890185
0,0,0.04686976639485008
0,0,0.0011062004109739648
0,0,0.037894417767285075
0,0,0.0023103321939728578
0,0,0.4743474611824561
0,0,0.11374875656737392
1,1,0.9999967418747816
1,0,0.30892268949209567
0,0,0.023788963151335357
0,0,0.02672367296568199
0,0,0.17011307985608004
0,0,0.015979669067671808
0,0,0.021011995545653913
0,0,0.015225675894898793
0,0,0.02909799101732224
1,1,0.6695383121079147
0,0,0.0013418606024256765
0,0,0.05133588960756978
0,0,0.2858699333037115
0,0,0.15835468674218436
0,0,0.024147324383377553
1,1,0.9999964734721614
0,0,0.22823252552510548
0,0,0.009191478567491319
0,0,0.014508525135928107
1,1,0.9999966804291738
0,0,0.015423613706047253
0,0,0.007427866123017242
0,0,0.00862477616908428
0,0,0.008446393457784758
0,0,0.06046463418581762
0,0,0.0007656810594623437
0,0,0.012026546939002255
0,0,0.013920505645393356
1,1,0.970181425517769
0,0,0.009720883336008816
0,0,0.008189479490670564
1,1,0.9999986485205823
0,0,0.0018686851710452434
0,0,0.0069058609603555
0,0,0.0587786766268527
0,0,0.07479773135674281
1,1,0.9746328054489494
0,0,0.007271656934624578
0,0,0.02548086738821783
0,0,0.39734545713236175
0,0,0.08523527325574741
0,0,0.23682120945600532
0,0,0.0150334299784452
0,0,0.0038958472027277916
0,0,0.06144948892777498
0,0,0.18782390833646245
0,0,0.01256730764101176
0,0,0.0011027389242485343
0,0,0.022862011173941793
0,0,0.043591386834073854
0,0,0.0008220781085637216
0,0,0.01786233062177148
0,0,0.10262951927913035
0,0,0.004419187250159243
0,0,0.00916928932570256
0,0,0.007805593980765141
0,0,0.03260594749740712
0,0,0.00012367231984188105
0,0,0.1783506891901064
0,0,0.11062644990313023
0,0,0.10340126462093115
0,0,0.019172687721307872
0,0,0.03052169808468663
1,1,0.6678784729978366
1,1,0.9999966804291738
0,0,0.047097370007099404
0,0,0.01598598719949104
0,0,0.3984669645639999
0,0,0.02497152351631681
1,1,0.9999977168367039
1,1,0.9284232905660788
0,0,0.0031941426134723338
1,1,0.9966882192501063
0,0,0.007255785411002114
0,0,0.2577045234572066
0,0,0.10681694512349353
0,0,0.005456975185120869
0,0,0.008767931143095509
0,0,0.05473410221842343
0,0,0.005088883622056307
0,0,0.027737663075148293
0,0,0.05467076603791981
0,0,0.011715407474023113
0,0,0.023734162217526306
0,0,0.007971575320199797
0,0,0.12208359865938984
0,0,0.03506329496542057
0,0,0.018053863094178595
0,0,0.10867157287951512
0,0,0.14799254447774
1,1,0.5960979228695823
0,0,0.009670585933047482
0,0,0.00152301036236489
0,0,0.029523557880250503
0,0,0.2530342705267805
0,0,0.040765008241007615
0,0,0.039329357961732016
0,0,0.017396970502773935
1,1,0.9116625489633241
0,0,0.004370738564974497
0,0,0.03143553994218474
0,0,0.03166470643050895
0,0,0.01490443269290546
0,0,0.008428234389805864
0,0,0.054457269914350945
0,0,0.03769036332536157
0,0,0.1036794552324715
0,0,0.1493517324176082
1,1,0.9999964734721614
0,0,0.05288096987163661
0,0,0.021287715197921605
0,0,0.28170119687364753
0,0,0.01166501423290741
0,0,0.028780640361168064
0,0,0.0368599505134103
1,1,0.681600227955039
1,1,0.9999974214555729
0,0,0.017993883678185062
1,1,0.9999842176429257
0,0,0.017776872464802806
0,0,0.009163243077086745
0,0,0.005669305727021938
0,0,0.04189070223663103
1,1,0.9999966804291738
0,0,0.04976042769549742
1,1,0.9999981310497241
0,0,0.0401769833457122
0,0,0.30663444814112767
1,0,0.16311180032568287
1,1,0.9869186508637005
0,0,0.3234339757499142
0,0,0.4808407992615076
0,0,0.1863650453294733
0,0,0.0022784911914433747
0,0,0.09800329549284621
0,0,0.001881265343658388
0,0,0.24186712902775445
0,0,0.04973360357026085
0,0,0.006023715425542705
0,0,0.02852354752643603
0,0,0.022338846145784887
0,0,0.029667298739719593
0,0,0.04312205567100297
0,0,0.016411633205447477
0,0,0.03641429535296487
0,0,0.00950479304826288
0,0,0.009640886874580507
0,0,0.0010491080017136444
0,0,0.13044610029559192
0,0,0.2358547715355701
0,0,0.06055477273344331
0,0,0.01875345819781677
0,0,0.03482197741231442
0,0,0.004496750776656491
0,0,0.012138102996904505
0,0,0.0025970996585393557
0,0,0.0005627679341361755
1,1,0.9999971242915849
0,0,0.028934249637506616
0,0,0.3562242208739045
0,0,0.09893625468948468
0,0,0.10280712015801555
1,1,0.609855144667036
1,1,0.9999986485205823
1,1,0.9999891975267403
0,0,0.11645134653398315
0,0,0.0025989034134949116
0,0,0.025673648456162712
0,0,0.026070002726186932
0,0,0.008518026743377871
1,1,0.9999966804291738
0,0,0.19595484114640466
0,0,0.00641962332701755
0,0,0.2177202207086213
1,1,0.6578546691066606
0,0,0.022798465096978516
1,1,0.5686403235458044
0,0,0.011455516209042524
0,0,0.15034068685958735
0,0,0.10993810745937088
0,0,0.25044622392116667
0,0,0.026311134628804328
0,0,0.015821809314669363
0,0,0.0865898432052504
0,0,0.013725631889443974
0,0,0.04868163768165603
0,0,0.003566654155983699
1,0,0.3649171099200901
0,0,0.14900869597999508
0,0,0.0009923866517086322
1,0,0.4520969679169435
0,0,0.0093297843108512
1,1,0.9999977168367039
0,0,0.04644806932769297
0,0,0.21415064090685185
0,0,0.08515574436945349
0,0,0.012245482270946836
0,0,0.041606694500174034
0,0,0.07566625809422316
0,0,0.01136512505018301
0,0,0.006522747431017798
0,0,0.02036348121657822
0,0,0.031737764856889554
0,0,0.1837768519034619
1,1,0.9999979498821073
0,0,0.03486156128724679
0,0,0.007560023045842985
0,0,0.03238003700237365
0,0,0.009105617707959545
0,0,0.017510381910602994
1,1,0.999998765996982
0,0,0.06888621159149778
0,0,0.0019313025333950295
0,0,0.10199046301105077
1,0,0.11138631627703469
0,0,0.08368330916478413
0,0,0.0016929695055744678
1,1,0.6162139350095552
0,0,0.039766827244174754
0,0,0.11117764212974654
0,0,0.3195973685084972
1,1,0.8615445608045472
0,0,0.027352539886870638
0,0,0.03973484455125795
1,1,0.9999962625821728
0,0,0.391051077589785
0,0,0.17180320157145398
0,0,0.05373804868982148
1,1,0.9999964734721614
0,0,0.013306651864044571
0,0,0.22785082856021513
0,0,0.013914565567669372
0,0,0.016375125198298455
1,1,0.9134970574599891
0,1,0.7669642575724198
0,0,0.008948906170293298
0,0,0.005286104856051958
0,0,0.0035400808370136677
0,0,0.027736447218595108
1,0,0.37650359408843415
1,1,0.9999971242915849
0,0,0.0955831318552498
1,1,0.9999966804291738
0,0,0.003496038597038761
1,1,0.6798750721790359
0,0,0.011464168616027764
0,0,0.04511652129050858
0,0,0.001185283666601421
0,0,0.019195993977520368
0,0,0.03738829363085878
0,0,0.3747608951485876
0,0,0.01610217429914037
0,0,0.38794628251196156
0,0,0.002083390826835836
1,0,0.3922938574837184
1,1,0.8026745689550745
1,1,0.9999979498821073
0,0,0.004913251306645718
0,0,0.05419463651878544
0,0,0.0008601905161357767
0,0,0.0830200721727283
1,1,0.9999966804291738
0,0,0.0378991538452464
0,0,0.007433463072009784
0,0,0.009040486177586014
0,0,0.0009807932540434941
0,0,0.008861557799036659
0,0,0.0720741150753129
1,1,0.9713564464742683
0,0,0.010188320293084092
0,0,0.3234339757499142
0,0,0.004955655276316967
0,0,0.04928435934833049
0,0,0.006968577305402398
0,0,0.01000321137035621
0,0,0.04904624205500135
0,0,0.0015005212302864064
0,0,0.013122226560125964
0,0,0.013755551005508779
1,1,0.9999967418747816
0,0,0.0838721508910051
1,1,0.9999966804291738
0,0,0.0142479497707044
0,0,0.01562524174076332
1,1,0.9999966804291738
1,1,0.7257657608940584
0,0,0.3182118084733287
0,0,0.051044315095445346
1,1,0.9999977168367039
0,0,0.06798803933205454
0,0,0.3980759006544425
0,0,0.3662703411216466
0,0,0.2682192980826054
1,1,0.9865882565814321
0,0,0.04168740220499541
0,0,0.03106758095750476
0,0,0.015337111219942913
0,0,0.00041119006992260105
0,0,0.013296877397812892
0,0,0.34944964243595233
0,0,0.02195404357530714
1,0,0.27645686257317065
0,0,0.02052069033494778
0,0,0.017620917811738496
0,1,0.625086683087692
0,0,0.003007404453287796
1,0,0.48239297332980174
0,0,0.023509334846026363
0,0,0.0788288181356929
0,0,0.031200913755804725
0,0,0.02265748064556752
0,0,0.08013862156248812
0,0,0.016612954915963027
0,0,0.008218951297221774
0,0,0.01842404600796847
0,0,0.038713487078160844
0,0,0.022578475938662457
0,0,0.046024843522691546
0,1,0.5199029772217005
0,0,0.07882749730931604
0,0,0.03716114632728598
0,0,0.005317669912795925
0,0,0.006292185528980769
0,0,0.027061093224633792
0,0,0.003009796978240067
0,0,0.0681543137394042
0,0,0.0019558692020442614
0,0,0.2079312653653201
0,0,0.009839080110128387
0,0,0.008189919231298907
0,0,0.015139016828988034
0,0,0.025080027375456584
0,0,0.04219455987397317
0,0,0.003416993304417366
0,0,0.012412350227780377
0,0,0.020058402700137458
0,0,0.005793585388940873
0,0,0.08124939564642181
0,0,0.003590600732707462
0,0,0.13165558863867205
0,0,0.19757074530697355
0,0,0.010543696098510181
1,1,0.999998765996982
0,0,0.03733982052694475
0,0,0.010346677715550041
0,0,0.02955506033004459
1,1,0.9912036214938417
0,0,0.022856987364727792
0,0,0.4775971160438265
0,0,0.11052128869876307
0,0,0.3085440285330547
0,0,0.0014762132423095729
0,0,0.015152901231729141
1,1,0.9863179179815849
0,0,0.09779964768510116
0,0,0.020126214034515144
1,1,0.9999974214555729
0,0,0.33709260793855067
0,0,0.016960274096978305
0,0,0.021851823470321326
0,0,0.20619052418632292
0,0,0.04237027736792239
1,1,0.9999966804291738
0,0,0.008158609250312653
0,0,0.002067598659003344
0,0,0.07139566960683869
0,0,0.01000420773830331
0,0,0.005038993842639943
0,0,0.24667892243397518
0,0,0.060749112393107416
0,0,0.023607286483230853
0,0,0.004291041290424907
0,1,0.5681182885508788
0,0,0.000856542995887152
0,0,0.01936413928169254
0,0,0.00916153582385179
0,0,0.022463819188356236
0,0,0.4027010298624838
0,0,0.0300273542195892
0,0,0.005448168928574208
0,0,0.34243513489793326
0,0,0.18144068297452312
1,1,0.9999957814087109
0,0,0.0583160214281366
0,0,0.0008884990353161487
0,0,0.0023953315322942023
0,0,0.05729166037415657
0,0,0.03886646787464406
0,0,0.0011717254378554006
0,0,0.027794027404124722
0,0,0.04039375589040468
0,0,0.004904049179326415
0,0,0.2752296416015816
0,0,0.013193966861268107
0,0,0.03000467829615745
0,0,0.0022884463865612604
0,0,0.0036783252477191725
0,0,0.023649867914459482
0,0,0.008632189038891746
1,1,0.999995874961105
1,1,0.9931828478476975
0,0,0.2947324696985966
1,1,0.9999977168367039
0,0,0.016475072420521975
0,0,0.43372340143427773
0,0,0.05126530348301064
0,0,0.06405011982356676
0,0,0.14369174691441491
0,0,0.36573443867948074
0,0,0.006968577305402398
1,1,0.9999974214555729
0,0,0.0008931129489206054
0,0,0.13325827607568358
0,0,0.22819602195155192
0,0,0.05072730947451134
1,0,0.44744429149208687
0,0,0.051129445728237494
0,0,0.06146101384167089
0,0,0.009743204480143283
0,0,0.08761513386784854
0,0,0.0011605582166656346
0,0,0.004441653020048105
0,0,0.07634211926128295
0,0,0.04582177508624643
0,0,0.029887217707969295
0,0,0.007509920904703345
0,0,0.16602847267730936
1,1,0.9088728976620688
0,0,0.0031389766124589854
0,0,0.007222339264287243
0,0,0.0008347721392968048
1,1,0.9900099804650617
0,0,0.027091172979004718
0,0,0.027013028176967265
0,0,0.026611192738457315
0,0,0.06665843173141311
0,1,0.9083113279235273
0,0,0.3403120830375976
0,0,0.007166387966578073
0,0,0.22772865991200944
0,0,0.008632189038891746
0,0,0.008674936371042092
0,0,0.026245520743534593
0,0,0.16237073073291117
0,0,0.4325673152998887
0,0,0.01232782892448298
0,0,0.00331555165530324
1,1,0.9996077256194791
0,0,0.1318707731469108
0,0,0.056241315489662685
0,0,0.020113993105306562
0,0,0.031814065693815334
0,0,3.056599678283264e-05
0,0,0.013777650008106775
0,0,0.009938212122355026
0,0,0.03404327402936657
0,0,0.04360424470478552
0,1,0.6323989829798157
0,0,0.0024118708955244606
1,1,0.9999966804291738
0,0,0.1011211444192326
0,0,0.34016244471550433
1,1,0.9796468724675258
0,0,0.06348754984260518
0,0,0.005267028552189208
0,0,0.0317993605628634
0,0,0.015494610405579102
0,0,0.0013015126594214407
0,0,0.022616344397055343
0,0,0.01124299319891455
1,1,0.9936091697230325
0,0,0.20083217807694664
0,0,0.06876825696178004
0,0,0.027100847207121005
0,0,0.03131565391291792
0,0,0.07889741909836945
0,0,0.014485985556222764
0,0,0.10121421529595995
0,0,0.34022605627135705
1,0,0.4149034537437224
0,0,0.01686461458305931
1,1,0.9999966804291738
0,0,0.012312301350144224
1,1,0.7836925117990509
0,0,0.0029958711309077523
0,0,0.053231789323407726
0,0,0.002263063181003546
0,0,0.015194748343272125
0,0,0.09492342042577337
0,0,0.00018462580213599107
1,1,0.9980789843361408
0,0,0.008167063026864188
0,0,0.01767872029126617
0,0,0.08610906951856927
1,1,0.9428598450043676
0,0,0.02538077077390006
0,0,0.029948034743001697
0,0,0.015681049037196065
0,0,0.006578524835963938
0,0,0.019233491908857012
0,0,0.11087987437626841
1,1,0.9999966804291738
0,0,0.004468917499684889
0,0,0.005889252206464357
0,0,0.011105115059530594
0,0,0.015763387606797317
0,0,0.07852272587216104
1,1,0.9999967418747816
0,0,0.034414800197322994
0,0,0.043487047437090344
0,0,0.00036150308734447735
0,0,0.007334945715739477
0,0,0.009040486177586014
0,0,0.21535995395154242
0,0,0.005203718176494879
0,0,0.044875354877677534
0,0,0.033792035633323794
0,0,0.08174140063861123
0,0,0.022256632715316336
0,0,0.0511165565770897
0,0,0.11500146723777006
1,1,0.6185361273892702
0,0,0.12052030909701736
0,0,0.03387557207792758
0,0,0.0695129416727317
0,0,0.02787666038956158
0,1,0.537302948572688
1,1,0.9966548048084748
0,0,0.015315491883076921
0,0,0.02756034703113653
0,0,0.0028310320367221733
0,0,0.08325515474634132
0,0,0.06224446961633109
0,0,0.01453034772415808
0,0,0.06245615240250523
0,0,0.013989756464362594
0,0,0.001072185933582881
0,1,0.5625688400322182
0,0,0.07690444351349356
0,0,0.01915326270227914
0,0,0.391591558418701
1,1,0.9999974474866807
0,0,0.009387369846368168
0,0,0.0940748812288036
0,0,0.0029289979831301246
0,0,0.01326987952427199
0,0,0.26300566285378774
0,0,0.0013099634239325953
0,0,0.4411242843970745
1,1,0.9999974214555729
0,0,0.06119257156074715
1,1,0.9999966804291738
0,0,0.005834890844686016
0,0,0.03286854375581415
0,0,0.008235652609853495
0,0,0.014603727529154158
1,1,0.9934218145262177
0,0,0.38321297051194175
0,0,0.11805416707971036
0,0,0.0721838048547559
0,0,0.15229134957802604
1,1,0.9999983935948057
0,0,0.09200969972708366
1,1,0.9933818807100625
0,0,0.006446518329091146
0,0,0.04241784989138826
0,0,0.04628922269792415
0,0,0.014268085433197037
0,0,0.010663498872778307
1,0,0.40736942511356633
0,0,0.01002957627265103
0,0,0.00020240779438414672
0,0,0.014665701125282291
0,0,0.03924789857130777
0,0,0.03790477982056752
0,0,0.06245615240250523
0,0,0.0004431585064038806
0,0,0.08907869120918269
0,0,0.18707763365715246
0,0,0.003045310367847076
0,0,0.08219548960024577
0,0,0.03443404917333367
0,0,0.025489405779070218
0,0,0.03982172165935692
0,0,0.011234936836196006
0,0,0.002326586549809145
0,0,0.009442164979721005
0,0,0.10780785418833083
0,0,0.006701514350570087
0,0,0.0560328889790457
1,0,0.03367360423669515
1,0,0.145831652809723
0,0,0.03440863938349834
0,0,0.040468793367179845
0,0,0.0037159660741139747
0,0,0.02842686768317114
0,0,0.0027702631716893756
0,0,0.41846110356377475
0,0,0.033206902176929856
0,0,0.03654054495808393
0,0,0.08325856271211154
0,0,0.0013801999234991289
0,0,0.04652294386250523
0,0,0.25182203652496743
0,0,0.09684804252091894
0,0,0.03263824010028157
1,1,0.970511337579237
0,0,0.1144616910956325
1,0,0.3692156107053546
0,0,0.12262001907601162
0,0,0.02666568391271698
0,0,0.02273939166571838
1,1,0.9999202191461362
0,0,0.04130701288576331
1,1,0.9999966804291738
0,0,0.047265729176355735
0,0,0.006775409902586729
0,0,0.010031960283746649
0,0,0.006105375679568483
0,0,0.008971458683113304
0,0,0.006459121339721204
0,0,0.035594499400069556
0,0,0.059807002516819
0,0,0.1292924137905032
0,0,0.019054363772671685
0,0,0.010825535113699674
0,0,0.02164295478425946
1,0,0.4140439564380562
0,0,0.2758164807834774
0,1,0.579540834843719
0,0,0.05669534790859269
0,0,0.058796102399526776
0,0,0.04363107947086224
1,1,0.9440239241902995
0,0,0.11061552907409682
1,1,0.999915564608854
0,0,0.014770790340649518
0,0,0.00018068660696861328
1,1,0.9999986485205823
1,1,0.955733857711224
0,0,0.14445741817505212
0,0,0.0016035505777861237
0,0,0.10510158329663216
0,0,0.0006645751370892366
0,0,0.050252710720111136
1,1,0.9816906228728569
0,0,0.02869947338189139
1,0,0.25044622392116667
0,0,0.018025724585343527
1,1,0.8626479814917282
0,0,0.006452484710608559
0,0,0.08530455480814186
0,0,0.007861911414262485
0,0,0.012642223908512024
1,1,0.995928849111167
0,0,0.001425010332633567
0,0,0.010075583865473912
0,0,0.02599911130207525
0,0,0.04761615858560819
0,0,0.06356358982099844
0,0,0.06904538766874252
0,0,0.11670683348644988
0,0,0.04799978276636549
0,0,0.04643861603132817
0,0,0.006920938778518033
1,1,0.999998765996982
0,0,0.27893049203074727
0,0,0.02809122440840363
1,1,0.9998619700822802
0,0,0.03313070444503924
0,0,0.03611213129680103
0,0,0.0753547559639279
0,0,0.008258401958868867
0,0,0.17506567174661664
0,0,0.14471797415161453
0,0,0.0017522541749682612
0,0,0.015178477104047003
1,1,0.9999967418747816
0,0,0.014791055949406575
0,0,0.05095430643745781
0,0,0.0077141814090173275
0,0,0.0025866696324516494
0,0,0.1759731235171622
0,0,0.12321250135132121
0,0,0.010146935104297575
0,0,0.04632199067365028
0,0,0.0706442277417592
1,1,0.9999986485205823
0,0,0.37650359408843415
0,0,0.10137131201381443
0,0,0.11762097698613339
0,0,0.057600592797586135
1,1,0.9999967421133994
0,0,0.008911544536517818
0,0,0.12163347392303564
0,0,0.06996110709610628
0,0,0.011031280297569853
0,0,0.008543544402905154
1,1,0.9999986485205823
1,1,0.999915564608854
0,0,0.049403967387187275
0,0,0.05340217265619426
0,0,0.010829309698350859
0,0,0.034892841573811874
0,1,0.6730405153808797
0,0,0.040372550158479854
0,1,0.7514386450707659
0,0,0.06513139028186554
0,0,0.18691346044892979
1,1,0.9598387751972849
0,0,0.00024688302764109133
0,0,0.11786855952268836
0,0,0.19427216447978476
0,0,0.0054662408633968235
0,0,0.12802603490621364
0,0,0.07315654168520533
0,0,0.14700168231409294
1,1,0.9999974214555729
0,0,0.024824389185568948
0,0,0.04235467838346284
0,0,0.07975484422161781
0,0,0.02248531229072796
1,1,0.9999974214555729
0,0,0.13122847137085097
0,0,0.01700348259669931
0,0,0.06817320185488616
0,0,0.10694275377782318
0,0,0.010803967451040125
0,0,0.02977932800303764
0,0,0.010421124488151962
0,0,0.23199663304520018
0,0,0.05991928002925307
0,0,0.05921726919058387
1,1,0.9999974474866807
0,0,0.36901519427012935
0,0,0.037380630120356785
0,0,0.06152067246102224
0,0,0.39220360236391827
0,0,0.016863838939668863
0,0,0.014316890508201867
0,0,0.04361550233787842
0,0,0.07206547739628182
0,0,0.04153632631960796
0,0,0.007402245255452412
0,0,0.015032948313948493
0,0,0.12878115664340523
0,0,0.06144759782802354
0,0,0.03482879824405531
0,0,0.01616835829974542
0,0,0.002605927136120589
0,0,0.03185698902530993
0,0,0.008213988941507466
0,0,0.0011378913302428704
0,0,0.005870897295251856
0,0,0.03486156128724679
1,1,0.9999974214555729
0,0,0.21253133030460944
1,1,0.9071558385267533
0,0,0.003482030234561137
0,0,0.05476517828661216
1,0,0.49897947490468725
0,0,0.012775404195677909
1,1,0.9999974214555729
0,0,0.017332862606892447
0,0,0.004373008771152037
1,1,0.8883975412234211
0,0,0.05406623127416489
0,0,0.01269418506333857
0,0,0.2200559713719941
0,0,0.012898997723744766
0,0,0.20297608312848286
0,0,0.3137907575059403
0,0,0.020801270195365137
0,0,0.007880066003878519
0,0,0.24117681286704346
0,0,0.06906196932386839
0,0,0.019758146078870872
0,0,0.0015808681044831784
0,0,0.0023530105619556435
1,1,0.9999660547535241
0,0,0.12200644776421031
0,0,0.015215559967167582
0,0,0.02477034513719962
0,0,0.026159097450749902
0,0,0.23543810961573586
1,1,0.8074162231192569
0,0,0.028467139223142403
0,0,0.0943516557645099
1,1,0.9999977168367039
0,0,0.0004570824082578307
0,0,0.004882150600140721
0,0,0.005827942648788495
0,0,0.006740030994791747
1,1,0.9999966804291738
0,0,0.07088101995291035
0,0,0.13278770508845328
0,0,0.014487421173847067
0,0,0.00687361047425836
0,0,0.024671469381075502
0,0,0.03985461201430849
0,0,0.48239297332980174
0,0,0.06459255087636803
0,0,0.2154846384337786
0,0,0.025942259694829616
0,0,0.14575449998132264
0,0,0.001420597897850592
0,0,0.00301138486181976
0,0,0.021572756021401622
0,0,0.09716862228328228
0,0,0.0013867075603489587
1,1,0.999915564608854
0,0,0.026867760356724935
1,1,0.9999974214555729
0,0,0.0007673902127258588
0,0,0.041959200593871676
0,0,0.028484052179997697
0,0,0.14982136862523016
1,1,0.9999966804291738
0,0,0.03376723899437456
0,1,0.609855144667036
0,0,0.1151601151494891
0,0,0.08393234031086586
0,0,0.0760568457447748
0,0,0.0188214186842006
0,0,0.024947349586885322
0,0,0.11461185513883858
1,1,0.999915564608854
0,0,0.009097766833479792
0,0,0.011934854104454393
0,0,0.30663444814112767
0,0,0.09294972220182118
0,0,0.39315738287746715
0,0,0.018663010188271916
1,1,0.999915564608854
0,0,0.006214128222018915
0,0,0.04787495626958092
0,0,0.08054835663973647
0,0,0.001883999103645803
0,0,0.024260487403668297
0,0,0.022416537723022458
0,0,0.10054426711800303
1,1,0.9999967418747816
0,0,0.036680885320868245
0,0,0.08474060534781004
0,0,0.01816193134970186
0,0,0.052970824893348575
0,0,0.12479728136156203
0,0,0.02472647996561983
0,0,0.2858699333037115
0,0,0.14008552154273896
0,0,0.009313332753089265
1,1,0.9999974214555729
0,0,0.3325815513376269
0,0,0.05199165979173948
0,0,0.3550814548650318
0,0,0.40242295170865655
0,0,0.2858699333037115
0,0,0.29076960043211564
0,0,0.0659025572121028
0,0,0.010356299846311107
0,0,0.0020540079076512593
0,0,0.1978234605967386
0,0,0.37650359408843415
0,0,0.005324377094341361
0,0,0.09196142322870618
1,0,0.41106224653880685
0,0,0.36897291227475604
0,0,0.043293426396683314
0,0,0.011414619181256976
0,0,0.00015033866912688324
1,0,0.06633647473244604
0,0,2.8269193647556578e-05
0,0,0.0016149370287461267
0,0,0.22291138096770827
0,1,0.6403540172241524
0,0,0.026029375078193497
0,0,0.03220227249372804
1,1,0.9999964734721614
0,0,0.45824367121359044
0,0,0.002391115597130718
0,0,0.015233394242599617
0,0,0.1063226436485191
0,0,0.3278886360203464
0,0,0.005073262145203519
1,1,0.9999974214555729
0,0,0.04257392927984499
0,0,0.11428619231726679
0,0,0.004725887641228145
0,0,0.07846254102858091
0,0,0.03459579748294961
0,0,0.27779158507829965
0,0,0.19670282583937929
0,0,0.012439226130845065
0,0,0.052016745786559675
0,0,0.00046253419229283065
1,1,0.5326272448393011
1,1,0.8673941313906259
0,0,0.42196945710146183
0,0,0.012816673448185035
0,0,0.16049296871323177
0,0,0.04151934375104566
0,0,0.027019671483601505
1,1,0.9999974214555729
0,0,0.06256083251386002
0,0,0.015803840816628705
0,0,0.0015624452798505834
0,0,0.002848101658101662
0,0,0.11731985441116961
0,0,0.014798578170479006
0,0,0.0031093351181071924
0,0,0.3085440285330547
0,0,0.051730947046982514
0,0,0.0001429677323605566
0,0,0.10798492782082454
0,0,0.004930150825384685
0,0,0.024143030208643092
0,0,0.02546553137911837
0,0,0.27652894014503593
0,0,0.03572826126384037
1,1,0.999998765996982
0,0,0.10471381756254924
0,0,0.3769689210498218
0,0,0.005110597267681467
0,0,0.1617656215984238
0,0,0.0011886588281256269
0,0,0.044688068998615466
0,0,0.007555337379800291
0,0,0.02313401524581947
0,0,0.0034662385875802956
0,0,0.01507391298415744
1,1,0.9999957814087109
0,0,0.04304369084349306
0,0,0.12422061302058984
0,0,0.04355171231548565
0,0,0.08249869109091201
0,0,0.0209576918538339
0,0,0.029395035829861835
0,0,0.003503046938655418
0,0,0.48239297332980174
0,0,0.0030622720583639014
0,0,0.0003444501238953055
0,0,0.027100847207121005
0,0,0.10306430520742747
1,1,0.8169418650220395
0,0,0.018430679150592186
1,0,0.35964784533158717
0,0,0.05610457219642419
0,0,0.004810752099100981
0,0,0.002391271278110487
0,0,0.20528420106238782
1,1,0.9819968936554707
0,0,0.015078046694335226
1,1,0.9441993006862214
0,0,0.018568505010056573
0,0,0.02620465962548929
1,1,0.999995874961105
1,1,0.9999966804291738
0,0,0.009519624291452379
0,0,0.12326141758935186
0,0,0.1200439953271282
0,0,0.03388536086725491
1,1,0.8363033031808618
1,1,0.9999974214555729
1,1,0.8555154907880912
0,0,0.006972838836815606
0,0,0.004522703663350352
0,0,0.01002957627265103
0,0,0.025651145430299817
0,0,0.01789862446633876
0,0,0.024927202731063868
1,1,0.8298875621544831
1,1,0.999998765996982
1,1,0.9999974214555729
0,0,0.04560097625252961
1,1,0.9999967418747816
0,0,0.005379351097852309
0,0,0.21180819298395326
1,1,0.8569133374505855
0,0,0.00012867050904134963
1,1,0.9999979423411411
0,0,0.04102488891227585
0,0,0.008153574606834945
1,1,0.9866480604907478
0,0,0.011255096702751786
0,0,0.1436412143493265
1,1,0.9911344989531045
1,1,0.9999974214555729
0,0,0.007932542577694235
0,0,0.026133242372590536
1,1,0.9999962623084329
0,0,0.06926022772580541
0,0,0.03483562011521626
0,0,0.09243342003386747
0,0,0.0012014325783177577
0,0,0.0006970006479560064
0,0,0.04779606864484302
0,0,0.009463780084379939
0,0,0.006404912474990651
1,1,0.9999974214555729
0,0,0.047199874412885034
1,1,0.9999974214555729
0,0,0.027008250110599184
0,0,0.018220997365929838
0,0,0.05718230944117966
0,0,0.023512297306863352
0,0,0.006082628202628804
0,0,0.06886489187097582
0,0,0.0074674126177234875
0,0,0.0009808360048243236
0,0,0.020773948092175122
0,0,0.0612729975709659
0,0,0.08290242232384502
0,0,0.3085440285330547
0,0,0.23402016625779673
0,0,0.16842156386379958
0,0,0.01273023080052716
0,0,0.0173162187803323
0,0,0.024099493896159757
0,0,0.02714043587947675
0,0,0.2424145626292238
1,1,0.9999986485205823
0,0,0.07063580835021321
1,1,0.9176741422113557
0,0,0.00311851403564022
0,0,0.012404788956576892
0,0,0.37650359408843415
0,0,0.017512898165285593
0,0,0.034320187190221375
0,0,0.01763320186653551
0,0,0.0506667179281864
0,0,0.2507026561661644
0,0,0.012524685211129058
0,0,0.002945039712279801
0,0,0.02315254323149974
0,0,0.007708595647515795
0,0,0.011424445287892031
0,0,0.003099585123530854
0,0,0.012338179224169988
0,0,0.2749267749024932
1,1,0.9999974214555729
0,0,0.022788221987419924
0,0,0.22770538378750274
0,0,0.060344089952907465
0,0,0.05666896399787933
0,0,0.0725896667492783
0,0,0.06812286917484286
0,0,0.2216230935502092
0,0,0.011361555505177184
0,0,0.12178010347354777
1,1,0.9865391861460072
0,0,0.002277856214515857
0,0,0.03414741054907832
0,0,0.02373890924887465
0,0,0.0002772187108184502
0,0,0.2255866971903429
0,0,0.2653260570304155
0,0,0.032931664519146586
0,0,0.013805889731589454
0,0,0.06299690324083695
0,0,0.04304369084349306
0,0,0.023591521685641364
0,0,0.011017716291861017
0,0,0.0005541491467402542
0,0,0.020938042144043194
0,0,0.022533104605724257
1,1,0.9999966804291738
0,0,0.011066022973049655
0,0,0.009629565082033244
0,0,0.01754099323817692
0,0,0.010684834393774077
0,0,0.006968577305402398
1,1,0.965193103974891
0,0,0.012322014530835285
1,1,0.9999094556934308
0,0,0.4839996610108812
0,0,0.2695184065619536
1,1,0.9915333670375887
0,0,0.027542033700650965
0,0,0.10072573943640217
0,0,0.0025673973607063002
0,0,0.014440969039837184
0,0,0.0016289623500736958
1,1,0.9612832545081437
0,0,0.02198606351729442
0,1,0.5131567507730159
0,0,0.024261347596693756
0,0,0.004132438564854142
0,0,0.2526296789059214
1,1,0.9639166672448011
0,0,0.08512728789482914
0,0,0.05756922117093007
0,0,0.015356435332327946
0,0,0.0010879950583273488
1,1,0.9877880111621803
1,1,0.9999966804291738
0,0,0.005311401579567989
0,0,0.0005192612209610608
0,0,0.005322634682547987
0,1,0.8263096882616132
0,0,0.10364247998954754
0,0,0.041753340688258304
0,1,0.6022251038522194
0,0,0.016465189662887805
0,0,0.015330988401462247
0,0,0.040295141586517515
0,0,0.018495947982650477
0,0,0.007010407347374495
0,0,0.012807055195894602
1,1,0.9854479725173168
0,0,0.07654182346414655
0,0,0.002996171476032918
0,0,0.11501104521770027
1,1,0.9999977168367039
0,0,0.027049918671540173
0,0,0.0716503827217322
0,0,0.044304242688781935
0,0,0.21679335583836443
0,0,0.029288786819113254
1,1,0.9999964734721614
0,0,0.031581069726591936
0,0,0.2020700890008393
0,0,0.022641921017533637
0,0,0.0791908409906482
0,1,0.785630645181847
0,0,0.05279037991669749
0,1,0.5880370426451341
0,0,0.2010648515305159
0,0,0.008886899683308051
0,0,0.022285388407178888
1,1,0.9999967418747816
0,0,0.016411633205447477
1,1,0.9999966804291738
1,1,0.9999974214555729
1,1,0.9999957589384425
0,0,0.19335625362383857
0,1,0.583566714022973
0,0,0.0025299999551578007
0,0,0.0038470716592786855
0,0,0.01897564896964456
0,0,0.0011703578034921638
0,0,0.007751685971706068
0,0,0.008103600838112833
0,0,0.03148738151313446
0,0,0.04861802994293598
0,0,0.029383388539938292
1,1,0.5369228612055941
0,0,0.012486947692835941
0,0,0.03472385435864967
0,0,0.0845599044242597
0,0,0.003129392603798863
0,0,0.0013270977497866522
0,0,0.18839804097736298
0,0,0.005164520232792103
0,0,0.02280917145729047
0,0,0.024127743547453468
0,0,0.011974504459292871
0,0,0.027313532958556843
0,0,0.015925685815648415
1,1,0.9999981310497241
0,0,0.004287483584136445
1,1,0.9999964734721614
0,0,0.028022911804910063
0,0,0.054947956871265684
0,0,0.21903507620857926
0,0,0.013024378496265478
0,0,0.10614551717684963
0,0,0.03768636020221914
0,0,0.05022719634052567
0,0,0.016455946878461154
0,0,0.0161691073989975
0,0,0.16871987956041823
0,0,0.016960496635595478
0,0,0.009483090339642687
1,1,0.8404808772639365
0,0,0.007256377422343429
0,0,0.2681544040182903
0,0,0.12508402432492177
1,1,0.9876340134723673
0,0,0.012025146849856928
0,0,0.08560001650967079
0,0,0.049258254513741634
0,0,0.16238499731276237
0,0,0.002151927346974744
0,0,0.03984673068707722
0,0,0.0008123568828125948
1,1,0.9999974214555729
0,0,0.25782070400682167
0,0,0.014697576248324183
0,0,0.25168036591139714
0,0,0.01011137175926243
0,0,0.022961822825634054
0,0,0.019272836621380483
1,1,0.9846174988933576
1,1,0.957171780521131
0,0,0.0338333668333013
0,0,0.24279317168808753
0,0,0.029518755327561565
0,0,0.30515959869438386
0,0,0.018522183936307435
0,1,0.6839345930605317
0,0,0.028538245648089867
0,0,0.033466353301995336
0,0,0.030028300900758052
0,0,0.0351776941318923
0,0,0.14671966290988778
1,1,0.9999964734721614
0,0,0.24049157149747522
1,1,0.999998765996982
0,0,0.04579054517776289
0,0,0.08829075772417794
0,0,0.000601145323790241
1,1,0.9862014966042078
0,0,0.08654402831304571
0,0,0.03074266177297634
1,1,0.9711914963526992
0,0,0.0011062004109739648
0,0,0.0720741150753129
0,0,0.010460735682289907
0,0,0.002022221539827313
0,0,0.016153756157227004
0,0,0.10993907572722698
0,0,0.013086555242435738
0,0,0.015266087248823487
0,0,0.0023982751885883538
1,1,0.9999944141014446
0,0,0.013407452680040179
0,0,0.0021313645436742443
0,0,0.020013239661619834
0,0,0.05629858109427152
0,0,0.029456071320873817
0,0,0.04062630502943672
0,0,0.0193953636108841
0,0,0.23717160945874932
0,0,0.017398655760707354
0,0,0.020304646602460327
0,0,0.1508441630155646
0,0,0.021364876032593634
0,0,0.007905001740859131
0,0,0.213869214447271
0,0,0.11288419313818646
1,1,0.9999974214555729
0,0,0.04574783981138162
0,0,0.04558497685586971
0,0,0.01989750374700359
0,0,0.28769592076916606
1,1,0.9999202191461362
1,0,0.042970338850074306
0,0,0.16118277481694088
1,1,0.9999974214555729
0,0,0.1247025338292684
0,0,0.11612349057458826
0,0,0.04029258618208777
0,0,0.13254544573780638
0,0,0.30515959869438386
0,0,0.0048135371998939075
1,1,0.9999974214555729
1,1,0.9500893493922196
0,0,0.030203937696838108
0,0,0.0073373316854744765
0,0,0.00011643496203877523
0,0,0.021270983412030257
0,0,0.0009313149575230909
0,0,0.009768069624963075
1,1,0.9999974214555729
0,0,0.0003805161592375043
0,0,0.017873586853044028
0,0,0.04809621118809559
0,0,0.0002567123909898441
0,1,0.5347953878429634
0,0,0.061696429614979176
1,0,0.21129986195790595
0,0,0.005191085893930891
1,1,0.9999986485205823
0,0,0.08225239269364244
0,0,0.0008807148044276305
0,0,0.07235833284918203
0,0,0.38682612120857074
0,0,0.05225987076285204
0,0,0.014321517928196104
0,0,0.007886851458821157
0,0,0.11337592959991252
0,0,0.012110734899718083
0,0,0.036738522836084024
0,0,0.07768232006696828
1,1,0.9999986485205823
0,0,0.037213188010592625
1,1,0.9818226900210264
0,0,0.06679268195349616
0,0,0.00578576999182007
1,1,0.9999665203143115
0,0,0.011293204393177532
1,1,0.9999967418747816
0,0,0.01354423075907032
1,1,0.9999979498821073
0,0,0.2922335554694831
0,0,0.14247886751666222
0,0,0.41106224653880685
0,0,0.05822688831899212
0,0,0.08835012602055195
0,0,0.006622772504217814
0,0,0.13425388711280054
0,0,0.004724991912872125
0,0,0.01513951613662437
0,0,0.03054838914840667
1,1,0.9999974214555729
0,0,0.040137014911857824
0,0,0.04335080111001359
0,0,0.00463121518447319
0,0,0.3716522772826118
0,0,0.0016380351140101823
1,1,0.9999986485205823
0,0,0.002651704251849655
0,0,0.03922384659682205
0,0,0.02665847993079648
0,0,0.30697511526259064
0,0,0.0321088160428995
0,0,0.037709865878263596
0,0,0.07678388163360714
0,0,0.004181125531906839
0,0,0.05475410776963124
0,0,0.003321327965889496
1,0,0.45619751508715406
0,0,0.005324377094341361
1,1,0.9999974214555729
0,0,0.12726041577849315
0,0,0.1854116199974693
0,0,0.04258025514322744
0,0,0.007271656934624578
0,0,0.11579970072783219
0,0,0.001416579630225526
0,0,0.02692345406639728
0,0,0.001382752732251234
0,0,0.004293623741311503
0,0,0.006843227067786046
0,0,0.011883906297921751
0,0,0.061110615032619144
0,0,0.0019448066241752665
0,0,0.09028493168510568
0,0,0.023606722841733957
1,1,0.999998765996982
0,0,0.05697222683347234
0,0,0.03502142740418373
0,0,0.08085408278758587
0,0,0.04471668948217961
0,0,0.0693361146841658
0,1,0.5134037912575372
0,0,0.1348122255872271
0,0,0.018303083429263844
0,0,0.09448823555957561
0,0,0.00299969252418492
0,0,0.36897291227475604
0,0,0.0015718244187648727
0,0,0.05409127124284293
0,0,0.04639183889371759
0,0,0.0641854213538333
1,1,0.8917209645135871
0,0,0.014689762297756826
0,0,0.024418591320328656
0,0,0.02423907042409832
0,0,0.030181140708031334
0,0,0.03248225224702199
0,0,0.06536183262161327
0,0,0.004904049179326415
0,0,0.02842496603398667
0,0,0.04069413404760848
0,0,0.01217622183283511
0,0,0.02411810259483005
0,0,0.07540512868040351
0,0,0.1069396800743089
1,1,0.9079370351421592
0,0,0.00361545124965704
0,0,0.08168835444543222
1,1,0.9999986485205823
0,0,0.0005079708342453066
0,0,0.019999720342267893
0,0,0.06581626103287123
0,0,0.11833224676399151
0,0,0.06777987587097925
1,1,0.9105522341563035
0,0,0.02518205917914059
0,0,0.016278656032251464
1,1,0.9999986485205823
0,0,0.0017492308928816044
0,0,0.03453381093446
0,0,0.031191886337991095
0,0,0.3385054010071113
0,0,0.03187949417556229
0,0,0.004418538874693722
0,0,0.12303022489536086
0,0,0.026530068197849147
0,0,0.009276342231917359
0,0,0.004387913413085519
0,0,0.012167498031861394
0,0,0.009825962155418217
0,0,0.40818222260904763
1,0,0.4549237215723787
0,0,0.002177151702191474
0,0,0.01890064836192426
0,0,0.01687628189008566
0,0,0.010758426926186787
0,0,0.07204805602313859
1,1,0.999995874961105
0,0,0.01779092776509459
0,0,0.05141641644545149
0,0,0.1407938743692831
0,0,0.01068874161927099
0,0,0.26028101236574935
0,0,0.19135498075120183
1,1,0.9999979498821073
0,0,0.01622532225028188
0,0,0.016906914602768303
0,0,0.050978053596547585
0,0,0.020667855442240358
0,0,0.10534074604243966
0,0,0.015604855789519718
1,1,0.9999966804291738
0,0,0.02799975212457878
0,1,0.5654954395176452
0,0,0.055459493916607795
0,0,0.07060938123458622
0,0,0.048458077880292355
0,0,0.0011049957440255039
0,0,0.003822853630907908
0,0,0.004963624363122893
0,0,0.008270321204022019
0,0,0.24484278372715718
0,0,0.11201654005211016
0,0,0.028359978781610645
0,0,0.04304369084349306
0,0,0.0014626193369080707
0,0,0.1160887548842223
1,1,0.5579625720658156
0,0,0.004419187250159243
0,0,0.02354712811969146
0,1,0.5199029772217005
0,0,0.020302934180653185
1,1,0.597280046270535
1,1,0.9999986485205823
0,0,0.060078140379340894
0,0,0.12232863671896274
0,0,0.08308151100102674
0,0,0.4743474611824561
0,0,0.006866570064795301
0,0,0.0013553046250292095
0,0,0.04096643475750387
0,0,0.00717835913872734
0,0,0.15408849124058155
0,0,0.12097372196987387
0,0,0.0568941796569205
0,0,0.36915466893495086
1,1,0.8140476661586751
0,0,0.013035484313125924
0,0,0.04575169615440845
0,0,0.024833101228934274
0,0,0.08418973518876995
0,0,0.05228072060069949
0,0,0.01273023080052716
0,0,0.006432140408538745
0,0,0.028850643742323292
0,0,0.018321546687993965
0,0,0.007880066003878519
0,0,0.11504649626235999
0,0,0.028192200439623023
1,1,0.909735718550395
0,0,0.021300791606193702
0,0,0.005474284160044303
0,0,0.025677530945464048
1,1,0.9999974214555729
0,0,0.0002147980824153172
1,1,0.9999986485205823
0,0,0.02553982729845652
0,0,0.19206684656189774
1,0,0.34284168222791056
0,0,0.0009443844275408489
1,1,0.9999974214555729
0,0,0.02837624678993616
0,0,0.0046083229380509735
0,0,0.0499230442603103
0,0,0.038016592975653685
0,0,0.1193271028037098
0,0,0.13976306252044265
0,0,0.014058035749955702
0,1,0.6960173956522483
0,0,0.026719458895187283
0,0,0.07521432269419266
0,0,0.12395013551673888
1,1,0.9999974214555729
0,0,0.18515675959805095
1,1,0.999998765996982
0,0,0.041106465843079455
0,0,0.4458023422207345
0,0,0.11817466205317374
0,0,0.03286139014088781
0,0,0.18609904696583918
0,0,0.32746318291674564
1,1,0.9999928017857188
0,0,0.04597880118177578
1,1,0.9962884517198709
0,0,0.004942227353409663
0,0,0.009414911145742172
0,0,0.007381458748031473
0,0,0.00580366324156046
1,1,0.9999966804291738
0,0,0.07740106653576274
0,0,0.004943546100801265
0,0,0.008113687427625403
0,0,0.0005350290844025806
0,0,0.0010887668310272974
0,0,0.021191074380998973
0,0,0.05304881928506793
0,0,0.021838570783534746
0,0,0.4520969679169435
0,0,0.05506033119076227
1,1,0.999998765996982
0,0,0.40242295170865655
0,0,0.0004258445120386132
1,1,0.9999986485205823
1,1,0.9358110071407533
1,1,0.9919299853852045
0,0,0.017027227156856038
0,0,0.07036975757708948
1,1,0.9999977168367039
0,0,0.04474708519143093
0,0,0.1250006393218512
1,1,0.9999756181110945
1,1,0.8764423612443777
0,0,0.003278088455196268
0,0,0.023956860279740953
1,1,0.9999977168367039
1,1,0.7189270564741806
0,0,0.012034568202203097
0,0,0.051500930493363274
0,0,0.01608356449205076
0,0,0.022346064910520543
0,0,0.45702870594244055
0,0,0.015330988401462247
0,0,0.0018352531965451337
0,0,0.11390800352828559
0,0,0.022005843432239915
0,0,0.01966001371644608
0,0,0.021075716464732042
0,0,0.028663247347814544
1,1,0.9999974214555729
0,0,0.013707038519870549
0,0,0.020793900323670626
0,0,0.053796076935044825
0,0,0.047938657769045094
0,0,0.04161497276217745
0,0,0.06325624184861829
1,1,0.998896702929033
0,0,0.005171476459886043
0,0,0.018584102951934935
0,0,0.0030809656919239593
0,0,0.0002555381408434017
0,0,0.12097733482514442
0,0,0.0020660104637934365
1,1,0.991914689131653
0,0,0.1672846679599791
0,0,0.040740336755479306
0,0,0.051259292114243224
0,0,0.15889833421891977
1,1,0.9891564268112624
1,1,0.8100508162695397
0,0,0.05917178233142648
1,1,0.9845445582445463
0,0,0.1754835739020775
0,0,0.10534074604243966
0,0,0.04102488891227585
0,0,0.001711046203373659
0,0,0.03554191594877613
1,0,0.3951246145071267
0,0,0.06412992136487179
1,1,0.9999977168367039
0,0,0.09114697136206808
0,0,0.010814337266278506
0,0,0.031240837442721554
0,0,0.004927324967014233
0,0,0.025382575677848334
0,0,0.013999301083418252
0,0,0.005342069071408174
1,0,0.07499896605892671
0,0,0.06624547463995326
0,0,0.0005036185067150827
0,0,0.007677045537011307
0,0,0.02228617585401379
0,0,0.00992350803050551
1,1,0.9999977168367039
0,0,0.00472529152366512
0,0,0.3248198383887048
0,0,0.09522050332577434
0,0,0.008535343147825503
0,0,0.0006449179226558073
0,0,0.04492695287900385
0,0,0.16199197580074642
0,0,0.22925831609999114
0,0,0.024766867246017978
1,1,0.7353059818046773
0,0,0.45702870594244055
0,0,0.005576894054240077
1,1,0.9928735652619708
0,0,0.030642965225438554
0,0,0.026072199812545892
0,0,0.21138462616581194
0,0,0.11062650435237309
0,0,0.013779015813645356
0,0,0.0011149386786865412
0,0,0.01812655888940248
0,0,0.05935112390791585
0,0,0.010306740891036888
0,0,0.0027045290788815404
1,1,0.7105914834753048
0,0,0.021133332642769686
0,0,0.06010623351571726
0,0,0.05483628813301339
0,0,0.003890118819111628
0,0,0.03691148704994224
0,0,0.2059523559252899
1,1,0.9999974214555729
0,0,0.0384196313329675
0,0,0.02375335226221708
0,0,0.1466468138951041
0,0,0.013582019477680451
1,1,0.9999966804291738
0,0,0.01585776385662509
0,0,0.05784439063392022
0,0,0.025391368127580714
0,0,0.36897291227475604
0,0,0.16199197580074642
0,0,0.11121313769680524
1,1,0.9999976650563936
0,0,0.02005663935533311
1,1,0.9999966804291738
0,0,0.08631149553459318
0,0,0.032991261695884164
0,0,0.006674203001025072
0,0,0.014654981517851023
0,0,0.03233595755742096
0,0,0.02682153519725351
0,0,0.04600789418173722
0,0,0.05469145279741286
0,0,0.025908785283919742
1,0,0.28015741111429004
0,0,0.012619910961575716
0,0,0.00803963863481613
0,0,0.0181810302994232
1,1,0.9999967418747816
0,0,0.01302188233863451
0,0,0.0010231073032749727
0,0,0.0012024127653474158
0,0,0.009449699932879557
0,0,0.07900167919918902
0,0,0.026271009901264436
0,0,0.04809915252084628
0,0,0.25044622392116667
0,0,0.0003853154169118443
0,0,0.00021575528713980787
1,1,0.9999962625821728
0,0,0.2758164807834774
1,1,0.9998368546699797
1,1,0.9999977168367039
1,0,0.23032718523186557
0,0,0.0026833471377135775
0,0,0.008632189038891746
0,0,0.02429668364342941
0,0,0.13333073939745615
1,1,0.9999969520979264
0,0,0.012786888816908266
0,0,0.1279458820630873
1,1,0.9999979498821073
0,0,0.026083217598984017
0,0,0.004711549148304016
1,1,0.9999094556934308
0,0,0.11443076843766903
0,0,0.023607051748062012
0,0,0.07763850251447502
0,0,0.029932399815728573
0,0,0.0095392630429768
0,0,0.03813537894477456
0,0,0.03185805740717225
0,0,0.11356388688332071
0,0,0.1097044361854809
1,0,0.0698429379251024
0,0,0.014051152028994266
1,1,0.999998765996982
0,0,0.03795752918042874
0,0,0.01904075159694041
0,0,0.013353060763673815
0,0,0.15374399197055655
0,0,0.006946226528685148
0,0,0.008253026635873451
0,0,0.027702750861689652
1,1,0.9999966804291738
0,0,0.03447405772556254
0,0,0.07455874205326174
0,0,0.09325423797113074
0,0,0.008370687573221796
0,0,0.05278946743727237
0,0,0.027887168459961417
1,1,0.9999966804291738
0,0,0.06536463635381616
0,0,0.42921838600617873
0,0,0.04536637800907554
1,0,0.22971806390832522
0,0,0.0034662385875802956
0,0,0.04647237772600208
0,0,0.037146372361286005
0,0,0.0721227189079964
0,0,0.005814510882458986
0,0,0.12353168905916483
0,0,0.016806105112401017
0,0,0.05737100610261945
0,0,0.4644196790823825
0,0,0.15771034345175283
0,0,0.016411633205447477
1,1,0.9999977168367039
1,1,0.999915564608854
0,0,0.004239721187670242
0,0,0.035920614770920914
0,0,0.460728048700445
0,0,0.05036545335961506
0,0,0.1302440883267894
1,1,0.9999964734721614
0,0,0.09557823659635477
0,0,0.0033017705684073853
0,0,0.004721843164021025
0,0,0.004166448825363251
0,0,0.07830535392231762
1,1,0.991914689131653
0,0,0.037960011774776786
0,0,0.048581244268961044
0,0,0.0007006405412628054
1,1,0.5660413528207001
0,0,0.021360479956508093
0,0,0.0089094595710021
0,0,0.003278088455196268
0,0,0.02585078613349072
0,0,0.01988622121496188
0,0,0.03476212397196351
0,0,0.0671386812846594
0,0,0.16211633513915755
0,0,0.09864992946999936
0,0,0.2998363890085578
0,0,0.09282564147328255
0,0,0.009686513530812346
0,0,0.06598566678798755
0,0,0.14971805142129932
0,0,0.3483192893534643
1,1,0.9885887941422355
0,0,0.006837959437456847
1,1,0.9999974214555729
0,0,0.01532773130847552
0,0,0.024859156943795865
0,0,0.026290974866093005
0,0,0.0076664489862389084
0,0,0.48239297332980174
0,0,0.042700708587911335
0,0,0.009010294710801198
0,0,0.02272496626542129
0,0,0.05790841121308878
0,0,0.042200642434071664
0,0,0.0123158469924767
0,0,0.0005843278801943333
0,0,0.04950144515928305
0,0,0.006097726440476188
0,0,0.005003807616613674
0,0,0.031121785360177713
0,0,0.024885135375651915
0,0,0.16239413172460626
0,0,0.0005233733832979158
0,0,0.000720698035845387
1,1,0.9999962623084329
0,0,0.4386576014043666
0,0,0.0005897120303615242
0,0,0.0014353008993471794
0,0,0.11011043431749919
1,1,0.9915499459493184
1,1,0.9106585926440802
0,0,0.011255096702751786
0,0,0.11842188771563789
0,0,9.186538048038293e-05
0,0,0.00015553180957728763
0,0,0.012660441782314097
1,1,0.9999986485205823
0,0,0.006293720228973863
0,0,0.047097370007099404
0,0,0.01789910002827737
0,0,0.15293905711497072
0,0,0.00022592789303531747
1,0,0.00835216319562321
0,0,0.027450953793925027
1,1,0.999998765996982
1,1,0.6575908327855696
0,0,0.028358030390285484
0,0,0.006807092168043352
1,1,0.9999967421133994
1,1,0.9999964734721614
0,0,0.12660772294365352
0,0,0.06185425890224646
1,1,0.999998765996982
0,0,0.0050446605241621905
0,0,0.05952650124860288
0,0,0.0006054470401121618
0,0,0.07050711757697818
0,0,0.0017681766978960068
0,0,0.06570489180104176
0,0,0.01743858859886145
1,1,0.9999976198535029
0,0,0.003481513871070418
0,0,0.034748452708481335
1,1,0.9999966804291738
0,0,0.10520382779882652
0,0,0.03637532854720809
0,0,0.29244421102036755
0,0,0.009479826468117113
0,0,0.0023406095844413343
0,0,0.08159764623773189
0,0,0.013680690411375134
0,0,0.12826601737696103
0,0,0.08081833818234366
0,0,0.027796631308945493
0,0,0.04038105175512008
0,0,0.0063383661419465775
0,0,0.0682670754117362
1,1,0.9999964734721614
0,0,0.055101923419565976
0,0,0.03495867910943306
1,1,0.9593699722531138
0,0,0.017099892071819226
1,1,0.999998765996982
1,1,0.9999967418747816
0,0,0.011717756599702183
0,0,0.03221507666243865
0,0,0.016177176570483016
0,0,0.29843385955128043
1,1,0.9887820166230578
1,0,0.1787311489151416
0,0,0.010135902807845418
0,0,0.017007063613777854
0,0,0.15297486282523057
0,0,0.3797261833083565
0,0,0.014654981517851023
0,0,0.06595948778581343
0,0,0.04876905967228512
1,1,0.9820190879680688
0,0,0.006558087220694082
0,0,0.02265654178952653
1,1,0.9999966804291738
0,0,0.013889527818468726
1,1,0.9999976198535029
0,0,0.02843198103678494
0,0,0.015272177708300246
1,1,0.9999966804291738
0,0,0.03185730952603963
0,0,0.04363797966546267
0,0,0.011740549732537268
0,0,0.110661366849396
0,0,0.0023886433113399436
1,1,0.9926912148621472
0,0,0.029893349260340603
0,1,0.654519067855609
0,0,0.006673862220146343
0,0,0.0040628045905013845
0,0,0.0009603180676133725
1,1,0.9869981756207715
0,0,0.062001682765542056
0,0,0.0026269982151054688
0,0,5.897515946160799e-05
0,0,0.015251241880476217
0,0,0.023585295465180026
1,1,0.9999966804291738
0,0,0.008773486169933335
0,0,0.053627977598677566
0,0,0.11496570475417363
0,0,0.009349525395093213
0,0,0.006559113814465236
1,1,0.970600130797976
1,1,0.9985203767679744
0,0,0.1646239477707393
0,0,0.005745749131198943
0,0,0.00802943108626586
1,1,0.9999967418747816
0,0,0.0005253835553317323
1,1,0.8786527451840079
0,0,0.01936413928169254
1,1,0.9999986485205823
0,0,0.0015044321337909256
0,0,0.005423560535580032
0,0,0.006138221278314133
0,1,0.5802966250064808
1,0,0.052238810523631905
0,0,0.0008675013579639161
0,0,0.026207424487971465
0,0,0.06278840478664148
1,1,0.9999989875016777
0,0,0.013915022699863534
0,0,0.01049644044475939
0,0,0.0006462527903417826
0,0,0.01579071632787756
0,0,0.01699464653787868
1,0,0.37650359408843415
0,0,0.001296444884675341
0,0,0.28777519225124093
1,1,0.9672382464499011
0,0,0.013960034786243473
0,0,0.025257937694267853
0,0,0.049586385809441524
0,0,0.21984788664971205
0,0,0.03589047529751543
0,0,0.004211712039275954
0,0,0.01010442891722253
0,0,0.009760392019000896
1,1,0.9999962960084147
1,1,0.9999967418747816
1,1,0.9099906537866131
0,0,0.19155053965268048
0,0,0.03083585612285808
0,0,0.27417456081718744
1,1,0.9999974474866807
1,1,0.9918135845505746
0,0,0.007550805019117838
1,1,0.9999967418747816
0,0,0.010200708559242058
0,0,0.021616516351937225
0,0,0.001932811909975816
0,0,0.05212837435604791
0,0,0.002199491163014217
0,0,0.07366246960185441
0,0,0.005094317546100254
0,0,0.03129000686186943
0,0,0.014782567707903371
0,0,0.016791327219278777
1,1,0.9999966804291738
0,0,0.06629851894044708
0,0,0.10260083338930139
0,0,0.04288495481533746
0,0,0.01575838184639056
0,0,0.40242295170865655
0,0,0.047856196873226994
0,0,0.010530745897740968
0,0,0.03481298813353203
0,0,0.10506122895154874
0,0,0.4647670115257281
0,0,0.03425486372293285
0,0,0.005684166733611955
0,0,0.22975740230519628
0,0,0.04064986751207248
0,0,0.03180830258532931
0,0,0.017531720981990507
0,0,0.12703602683885054
0,0,0.02696881168815226
0,0,0.011337085909137394
0,0,0.012400562074466418
0,0,0.008952926028531743
1,1,0.9999974214555729
1,1,0.9999977168367039
0,0,0.010199689889268216
1,1,0.7382388584060161
0,0,0.03925945084658332
0,0,0.07762641303698448
0,0,0.000530794204912869
0,0,0.04630475796895479
0,0,0.3480509276770676
1,1,0.9624745906169242
1,0,0.3464594839664581
0,0,0.008616897807524804
0,0,0.009586463111436815
0,0,0.008042052818457096
0,0,0.01885753001807146
0,0,0.35178175377126586
0,0,0.013612183635695278
1,1,0.8895655010182898
1,0,0.46440166415714146
0,0,0.01460317188288656
0,0,0.06068688511513715
0,0,0.06427568253821082
1,0,0.4672653647934804
0,0,0.0005011585628205203
0,0,0.04806959901214129
1,0,0.020974849963077233
0,0,0.01723462793523689
1,1,0.7110946828564683
0,0,0.0012205230056199225
0,0,0.45748529922883824
0,0,0.01024100108003194
0,0,0.0008036913355466637
1,1,0.7321946519245044
1,1,0.9999977168367039
0,0,0.04397368950844087
0,0,0.050807239950132706
1,1,0.9999977168367039
0,0,0.10480453961304974
0,0,0.15361204304507065
0,0,0.22401353987661243
0,0,0.027794027404124722
0,0,0.08813730903037888
0,0,0.48386471858250335
0,0,0.00047399824238144336
0,0,0.012457569378250826
0,0,0.14280480480239097
0,0,0.040193162611902034
1,1,0.9692423785213282
0,0,0.019339657268558953
0,0,0.02662951605890902
1,1,0.999998765996982
0,0,0.028530247962029822
0,0,0.08447129167302739
0,0,0.00023153773355207854
0,0,0.005280186941697862
0,0,0.005885154767505643
0,0,0.07137472983874481
0,0,0.013229621417549464
0,0,0.01846627293272375
0,0,0.029873511423613993
0,0,0.25962306120990164
1,1,0.9999986485205823
0,0,0.03770148988484734
0,0,0.04981673872442033
0,0,0.2618290628833688
0,0,0.00018772673996882684
0,0,0.017807654618170854
1,1,0.9999979498821073
0,0,0.015571123118893759
0,0,0.14597236518271559
0,0,0.1745032933162724
0,0,0.04944207277533977
0,0,0.023846491228105175
0,0,0.07506717417096483
0,0,0.028040623280810355
1,1,0.9999974214555729
0,0,0.0027783613232609484
0,0,0.0035249642443369576
0,0,0.012961192389927444
0,0,0.03328413090291138
0,0,0.02869947338189139
0,0,0.023642018814216757
0,0,0.016159588461787246
0,0,0.01836709633173963
0,0,0.02345531062122275
0,0,0.05863142026922962
0,0,0.010503629063735753
0,0,0.08074347282439999
0,0,0.17825246110111384
0,0,0.1979988364284756
1,1,0.9999966804291738
1,1,0.9862620654732669
0,0,0.08409401127671279
1,1,0.9999974214555729
1,1,0.5654954395176452
1,1,0.9999974214555729
0,0,0.01906175271140861
0,0,0.00624590877110892
0,0,0.002477171473496838
0,0,0.11506637983082786
0,0,0.21525892927857573
0,0,0.020490357525467306
0,0,0.05574588493145942
0,0,0.2721763455573533
0,0,0.01870295967050188
0,0,0.007948893130374723
0,0,0.014401467564926057
0,0,0.07303496722778868
1,1,0.9999977785150863
0,0,0.029892184015253356
0,0,0.02478009215247845
0,0,0.03484298153346575
0,0,0.013829921123468435
0,0,0.03503517122424375
0,0,0.04259926633665243
0,0,0.04077306566099616
0,0,0.05252733403149389
0,0,0.007363230305525445
1,1,0.9999974214555729
1,1,0.9999977168367039
0,0,0.019008726371476777
0,0,0.04392567846339695
0,0,0.046074737754822515
0,0,0.021309597894140466
1,1,0.9934649247552506
0,0,0.001115939222694087
0,0,0.12509138802769945
0,0,0.16531527743219449
0,0,0.03428433454895611
0,0,0.0008137031384176457
0,0,0.0022052966652541836
0,0,0.013065102113607207
0,0,0.1144447229697746
0,0,0.1076426198036738
0,0,0.0322141157010062
1,1,0.9999966804291738
0,0,0.012866122638527024
0,0,0.023959989245418933
1,0,0.3317772310032053
0,0,0.0013548423946259658
1,1,0.9999986485205823
0,0,0.34400094800276404
0,0,0.002487021637341346
0,0,0.017596312355813132
0,0,0.02155744073431373
0,0,0.11984533496000213
0,0,0.1527295948632886
0,0,0.009034431732089164
0,0,0.03961508539592778
0,0,0.02266533042005606
0,0,3.056599678283264e-05
0,0,0.16021096041204
1,1,0.9999966804291738
1,1,0.9999982935068383
0,1,0.5011201304177874
0,0,0.025892900361296295
0,0,0.42056332379533345
0,0,0.03875100748641972
0,0,0.08396795153992166
0,0,0.09387356803912518
0,0,0.24667892243397518
0,0,0.3606230583280683
0,0,0.03315094742613657
0,0,0.36897291227475604
0,0,0.0015840259422618946
0,0,0.004277916740285374
0,0,0.07920942850720611
0,0,0.10031127705889069
0,0,0.01089242171080028
1,1,0.9999974214555729
0,0,0.006218183393341857
0,0,0.15385097281160948
0,0,0.3234339757499142
0,0,0.288920982995853
0,0,0.0010077511185056483
1,1,0.9999964734721614
0,0,0.008683584735223836
0,0,0.18911397406628686
0,0,0.03564476981149871
0,0,0.00982542906877627
0,0,0.014830502814517081
0,0,0.0283798205711809
0,0,0.0010448637041006468
0,0,0.025263291588723737
1,1,0.999995874961105
0,0,0.0008051653940885478
0,0,0.19680109133071122
0,0,0.021693374895930127
0,0,0.0006883319122471215
0,0,0.017376673914587616
0,0,0.010059419086929802
0,0,0.011933555713475989
0,0,0.003921489713479728
0,0,0.09492894288785413
0,0,0.00914561072601676
0,0,0.02982918189012372
1,1,0.9999964734721614
0,0,0.004022943277216034
0,0,0.047247009377777094
0,0,0.03713592015654325
0,0,0.009367916671314414
0,0,0.020272477511977995
0,0,0.005241899706903144
1,1,0.9685724850800418
0,0,0.44093282886561425
0,0,0.26785112507743847
0,0,0.00740277257680882
0,0,0.46818599205828687
0,0,0.17508749734144854
0,0,0.04098278503383298
0,0,0.24024774977929936
0,0,0.051307490060183876
1,1,0.7268455856604257
0,0,0.06086281304908788
0,0,0.15855442512159099
0,0,0.016231614394783298
0,0,0.03457272647468222
0,0,0.00992178068715583
0,0,0.07227410457979604
0,0,0.029534466279341406
0,0,0.06263904626840723
1,1,0.9543715456738066
0,0,0.15167023934776755
0,0,0.0029958711309077523
0,0,0.104318261639848
0,0,0.0006050119027278197
1,1,0.9999962960084147
0,0,0.08801410425663647
0,0,0.018110483724112857
0,0,0.06457075677826599
0,0,0.003050602155047101
0,0,0.107472964629426
0,0,0.017015634205588975
0,0,0.028048908358506364
0,0,0.0010472039521577062
0,0,0.03510832457152946
0,0,0.01982687291302115
0,0,0.009350148697688989
1,1,0.9999977168367039
0,0,0.01681917598979639
0,0,0.2055505655270297
0,0,0.282405175705534
0,0,0.011905912777027301
0,0,0.27565024210328154
0,0,0.05103001492614653
0,0,0.0057747688635104944
0,0,0.10229253087674345
0,0,0.014981541239515584
0,0,0.018829243972660812
0,0,0.05506033119076227
0,0,0.015751149489428868
0,0,0.05232570750715685
0,0,0.11587025654470993
0,0,0.1491726083269571
1,1,0.9999970717796709
0,0,0.019966808501651667
0,0,0.08758326015494466
0,0,0.00023393577841871965
0,0,0.005097934738310969
0,0,0.0010743648328175965
0,0,0.02294246671586751
0,0,0.039132048911004254
0,0,0.005935729704573319
1,1,0.8177218023617521
0,0,0.13875674308389557
0,0,0.004616836746961869
0,0,0.01069210725408766
0,0,0.06190690233560372
1,1,0.9999531770940314
0,0,0.08676862922545159
0,0,0.025206546516995238
0,0,0.01250871202360287
0,0,0.0053133075306665105
0,0,0.031057575013671374
0,0,0.17445040482212895
0,0,0.0026570103157249145
1,1,0.9999977168367039
1,1,0.9633732702751931
0,0,0.028505646477533977
0,0,0.1532884646254101
1,1,0.9999966804291738
0,0,0.006739526913960806
1,1,0.9999967418747816
1,1,0.9674483310638278
0,0,0.22537266979147683
0,0,0.024896483644235697
0,0,0.003803145937862461
0,0,0.012627697687358067
0,0,0.2886102266406756
0,0,8.166031231289346e-05
1,1,0.9999971242915849
0,0,0.011877640604003788
0,0,0.32653824434853085
0,0,0.06213354923117396
1,1,0.7577048944747823
0,0,0.005082403050889756
0,0,0.0005563601243440392
0,0,0.0440628956697426
0,0,0.02127113813474791
0,0,0.10796338996110308
1,1,0.999998765996982
0,0,0.00034719456602151
1,0,0.4606929081990126
0,0,0.00012712116829594115
0,0,0.0020445547357744137
1,1,0.6146272010489842
0,0,0.05566172263364313
0,0,0.06578688809897204
0,0,0.014975291781425948
0,0,0.008505397484065659
0,0,0.01811379295841125
0,0,0.041955804987327705
0,0,0.021790345347892166
0,0,0.07851733978499814
0,0,0.05218419689668371
1,1,0.7970494560157247
0,0,0.009952125546038526
1,1,0.9999971242915849
1,1,0.9999977168367039
0,0,0.007626734256889657
0,0,0.00764318510946851
1,1,0.9999962625821728
1,1,0.880114182701603
0,0,0.01231150904616448
0,0,0.14323854987527349
0,0,0.08192163729631376
0,0,0.037537483077367734
0,0,0.050224947414250876
0,0,0.011192552004871256
0,0,0.02845928509933283
0,0,0.009803270951172895
1,1,0.9653649395261411
1,0,0.21183690009239597
0,0,0.047097370007099404
0,0,0.19824224873362614
0,0,0.14897940812271585
0,0,0.006094980100037975
0,0,0.3616395570438414
0,0,0.022113372287974973
0,0,0.058664542075719354
0,0,0.12034603373021856
0,0,0.010747394587320517
0,0,0.0001815892112242132
0,0,0.000996424216187556
0,0,0.0002874141750939364
0,0,0.07301528032964229
0,0,0.06491559133769392
0,0,0.008954214333117485
1,1,0.9999805700642406
0,0,0.1256936795348728
0,0,0.011003987086879588
0,0,0.03161353837362918
0,0,0.014035704247341923
1,0,0.07978328959260793
0,0,0.09386288288509384
0,0,0.14064901024875917
0,0,0.14358841199150088
0,0,0.057243720290616126
0,0,0.2961057077109448
0,0,0.4549237215723787
0,0,0.017132699339426113
0,1,0.8751580984603761
0,0,0.0064866696491407295
0,0,0.32402836323499273
0,0,0.00926386910657164
1,1,0.9999202191461362
0,0,0.034580374390415246
0,0,0.06298013404992348
0,0,0.04478790183453082
0,0,0.2724779735365737
0,0,0.03181652818661129
1,1,0.9696102099622843
0,0,0.046111861690598784
0,0,0.15838812816085848
0,0,0.024189625123779045
0,0,0.005622226064665614
0,0,0.038703857735611455
0,0,0.16116962216373876
0,0,0.19846896969063993
0,0,0.01490767559738107
0,0,0.01760671642144001
1,1,0.9999986485205823
0,0,0.025845570405875647
0,0,0.11534428935572716
0,0,0.12426458344505138
0,0,0.02808380043919795
0,0,0.029023789342276132
1,1,0.9999974214555729
0,0,0.03569536873299088
0,0,0.02773643003442359
0,0,0.03272064571405425
1,1,0.9999966804291738
1,1,0.9942995717732526
0,0,0.01932330792123804
0,0,0.34313285973059837
0,0,0.001961498825313515
0,0,0.0011698884296675023
0,0,0.0011147139620367704
1,1,0.8977823762132466
0,0,0.15512406149162086
0,0,0.014801283188111983
0,0,0.0002666017876060079
0,0,0.0011867977181919324
0,0,0.10709499813693457
0,0,0.29662638646308864
0,0,0.007745807404415741
0,0,0.006301169872984126
0,0,0.03581437263085116
0,0,0.01688025117840213
0,1,0.6083777998466717
0,0,0.13602675047306764
0,0,0.03208500803708223
1,1,0.9866202176424017
0,0,0.08993965124579818
0,0,0.0016908901832846874
1,0,0.4462268621683691
0,0,0.013130641287237284
0,0,0.04259110395647981
0,0,0.014046568109370742
0,0,0.027193781011216986
0,0,0.00783068186743989
0,0,0.00026496743672691463
0,0,0.016151678325632326
1,1,0.7083627867439193
0,0,9.489141724275685e-05
1,1,0.9999964734721614
0,0,0.06969464200262762
0,0,0.013844817467083022
0,0,0.003976895710302419
0,0,0.04153765298804878
0,0,0.05887310456569002
0,0,0.058492118282017544
0,0,0.00028027596161157105
0,0,0.01980995165552873
1,0,0.1990465936901823
0,0,0.005862044668059882
0,0,0.01342153936791802
0,0,0.006884847404672813
0,0,0.012369570702935562
0,0,0.0008278626207238973
0,0,0.3085440285330547
0,0,0.04566116442241811
0,0,0.013441652117056923
0,0,0.022357137930016018
0,0,0.02126137831549849
0,0,0.1011755561655386
0,0,0.01961995481083386
0,0,0.012644790729523596
0,0,0.021761856390030775
0,0,0.02655032752155628
0,0,0.016970380485551894
0,0,0.13735829610853914
0,0,0.008319625059454086
0,0,0.2947402702331579
0,0,0.0016108553210748707
1,1,0.9999979498821073
0,0,0.02355130744015362
0,0,0.08327800071688068
0,0,0.12325932095530141
0,0,0.07056599034509442
0,0,0.08788769414782208
0,0,0.012267961181266671
1,0,0.40242295170865655
0,0,0.11955351187173938
0,0,0.0025514204578576177
0,0,0.06452783586540142
0,0,0.06717371352857043
1,1,0.6386518198372572
0,0,0.1349556279193636
0,0,0.001938996176487598
0,0,0.01212635420906661
0,0,0.19457523097090923
0,1,0.7944438622011355
0,0,0.030853163494212583
0,0,0.008247870755118786
0,0,0.0012006244193791713
1,1,0.9595681970600578
0,0,0.07785085126637062
0,0,0.001358194186735235
0,1,0.6842869779834659
0,0,0.003862041368885825
0,0,0.08370650545691193
0,0,0.03716672856964205
0,0,0.00941238941669024
0,0,0.020818763596080217
0,0,0.026359190244461716
0,0,0.4808407992615076
0,0,0.01739172106641077
0,0,0.005576894054240077
0,0,0.013400552525319845
0,0,0.03294661154047941
0,0,0.0027140354189321525
0,0,0.015289915982258205
1,1,0.7918460463112003
0,0,0.005684083437946059
0,0,0.10614733488813868
0,1,0.6750145109369236
0,0,0.010123017170090457
0,0,0.028723312375702727
0,0,0.04166829759792707
0,0,0.01726385801686973
0,0,0.04395281637891204
0,0,0.0007612286623184315
0,0,0.12254685731025544
0,0,0.09244637052384923
0,0,0.004216126421034557
0,0,0.01152442327318124
0,1,0.8355706077059729
1,1,0.9999974214555729
0,0,0.03241651340368653
1,1,0.9999977168367039
0,0,0.016281053966171695
0,0,0.014680524805252407
0,0,0.07925992869915151
0,0,0.01781665471856601
0,0,0.06068406507017953
1,1,0.9999974214555729
1,1,0.9933446644714555
0,0,0.010695587851816709
0,0,0.023039440740339135
1,0,0.40242295170865655
0,0,0.119178256348659
0,0,0.037670041230144495
1,0,0.40664573862862274
0,0,0.028759108365936047
1,1,0.9999967418747816
0,0,0.03796134226490788
0,0,0.017103407866155666
0,0,0.0008670437340012651
0,0,0.019108436766686054
1,1,0.9896908743606541
0,0,0.025548230796825753
0,0,0.005254525203781219
0,0,0.002818805662342661
0,0,0.12982846669592313
0,0,0.2842025852052437
1,1,0.9764664471732267
0,0,0.017494144870985426
0,0,0.25044622392116667
0,0,0.003929516867561875
0,0,0.00976375077978963
0,0,0.013512024883275995
0,0,0.04636018903563388
1,1,0.9999967418747816
0,0,0.03860615869459177
0,0,0.046960851109010396
0,0,0.038069026580112
0,0,0.05312804273554105
0,0,0.012436785436410294
1,1,0.57397693479447
0,0,0.05200064134455153
0,0,0.014391871839322444
0,0,0.022521326591320404
0,0,0.0064038580852284815
1,0,0.22003645958582652
0,0,0.00042709933598968406
0,0,0.020030037536328187
0,0,0.014979408423055438
0,0,0.0922397712628313
0,0,0.013809574130248662
1,1,0.9999966804291738
0,0,0.054135142076271146
0,0,0.055066824727559575
0,0,0.40307653932760745
0,0,0.005842094569394346
1,0,0.3951246145071267
0,0,0.04364792402413046
0,0,0.061380016645248156
0,0,0.010392213363156426
0,0,0.1066090627863966
0,0,0.028222638901483695
0,0,0.001660363791125921
0,0,0.0012875097066571172
0,0,0.0046231516798670115
0,0,0.02301522898882254
0,0,0.007990736636054567
1,1,0.9831850011735501
0,0,0.002908239738144268
1,1,0.999998765996982
1,1,0.9999895053044824
1,1,0.9944672802070347
1,1,0.9999971242915849
0,0,0.004845427585053291
0,0,0.05503434521624159
0,0,0.03700449635074875
1,0,0.3972277890466533
0,0,0.012095758436365516
0,0,0.005088883622056307
0,0,0.010168386062129593
1,0,0.30515959869438386
0,0,0.005680303219602467
0,0,0.2758164807834774
0,0,0.09178969819250038
0,0,0.3085440285330547
0,0,0.05529730271112699
0,0,0.043733274711484034
0,0,0.018294229708189048
0,0,0.11298232147925333
0,0,0.04861802994293598
0,0,0.2531834647070441
1,1,0.8569807494373696
0,0,0.026954532680231433
0,0,0.05652673691301003
1,1,0.9999966804291738
0,0,0.12453927441530627
1,1,0.9999977168367039
0,0,0.1945095793115301
1,1,0.9999979498821073
0,0,0.10122350905661978
0,0,0.2772060912940177
0,0,0.04340223414443601
0,0,0.0018561847488198046
0,0,0.03451075816610437
0,0,0.04638838687931702
0,0,0.011984519897469405
0,0,0.003137320838906505
1,1,0.8887937969186958
0,0,0.019596263109897507
0,0,0.031006648893831555
0,0,0.10115503166748725
0,0,0.0368268985694815
0,0,0.023114960284074094
0,0,0.09381462352985015
0,0,0.16449152814714182
0,0,0.02676080225795014
0,0,0.0003960532730753252
0,0,0.0102059376449992
0,0,0.031485155718200354
0,0,0.005417354361076975
0,0,0.0147368063488795
0,0,0.04979226462326195
0,0,0.06222129754388197
0,0,0.02040073583653218
1,1,0.9999986485205823
0,0,0.09578972553722472
0,0,0.01734883291605987
0,0,0.11524467316662204
0,1,0.5131567507730159
0,0,0.003122035809966016
0,0,0.021053002573293587
0,0,0.0006622724808078014
0,0,0.09075954709172827
0,0,0.1843228365426873
0,0,0.009066156682759823
0,0,0.00669063253796876
0,0,0.05665735390048754
0,0,0.02253919996088381
0,0,0.05073565682827034
0,0,0.030699113821608216
0,0,0.01273023080052716
1,1,0.9855768821165769
0,0,0.266352809063993
0,0,0.024618282901925487
0,0,0.01459009974230519
1,1,0.9998710415765693
0,0,0.05508209560870769
0,0,0.00455161313606963
0,0,0.3152189242966288
1,1,0.9999962625821728
0,0,0.0030121855927101975
0,0,0.014269468387552352
0,0,0.08736022626740782
0,0,0.016035673285390337
0,0,0.007804490129712011
0,0,0.035914657059679715
0,0,0.13413219658893083
0,1,0.580459058568987
0,0,0.14874105816260774
1,1,0.9999974214555729
0,0,0.3451838616718827
0,0,0.028614581305254867
0,0,0.07224057327817972
1,1,0.9922545653379131
0,0,0.000338720586145492
0,0,0.008726068615205355
0,0,0.10297655252627583
0,0,0.001311545500251873
1,1,0.9999966804291738
1,0,0.1976605097838862
0,0,0.0017739071602709505
0,0,0.1011133907649751
0,0,0.00252496283731856
1,1,0.9999967421133994
0,0,0.14239620755592483
0,0,0.002747359750285308
0,0,0.039325829748094794
0,0,0.03389700189681576
0,0,0.01635445513709974
0,0,0.016312137514229493
0,0,0.025237408990490106
0,0,0.0025905495192099014
0,0,0.012865130908984349
0,0,0.07764671871029563
0,0,0.005939070900851351
0,0,0.02580794843231938
1,1,0.9999971242915849
1,1,0.9999979498821073
0,0,0.3430514471114584
0,0,0.005824866856800812
0,0,0.010145838203406084
0,0,0.0036150073009068888
0,0,0.1784238565851529
0,0,0.001222404751414281
0,0,0.22200809676107564
0,0,0.004448589439581399
1,1,0.9999966804291738
1,1,0.9999979498821073
0,0,0.05199422676495139
1,1,0.9999986485205823
0,0,0.07076749452563458
0,0,0.015185969762556144
0,0,0.06344313654257698
0,0,0.01470227773247971
1,1,0.9807603498590227
0,0,0.009859756257203428
0,0,0.03898711154312001
0,0,0.0627791057199528
0,0,5.5634289468323676e-05
0,0,0.030070166215231127
0,0,0.07560373654374039
0,0,0.016521896770079293
0,0,0.37650359408843415
0,0,0.3234339757499142
1,1,0.9999974474866807
0,0,0.05527749523035985
0,0,0.01710196453943204
0,0,0.007267839966008159
0,0,0.039593886441474484
0,0,0.029547411225144173
0,0,0.007529802898145683
0,0,0.02544350220362756
0,0,0.048582473615928816
0,0,0.02421791332238818
0,0,0.01657230920883644
0,0,0.2096629523208636
0,0,0.02891988571113624
1,1,0.9999977168367039
0,0,0.03194597195437118
0,0,0.0028293827140395546
1,1,0.989235901386638
0,0,0.004986752709947305
0,0,0.055101923419565976
0,0,0.1466263907553306
0,0,0.00059700968863631
0,0,0.4302588713113004
0,0,0.2939600838175395
1,1,0.9999979498821073
0,0,0.03720061597454758
1,1,0.9682792231609518
0,0,0.14171172722058087
0,0,0.05290464037831098
0,0,0.021557709449680548
0,0,0.10897709142928394
0,0,0.028048202296169927
1,1,0.9956078951990641
0,0,0.04379403252089351
0,0,0.16334863264705884
0,0,0.20723753621055283
0,0,0.09008372249555446
0,0,0.005472635642643497
0,0,0.01000420773830331
0,0,0.04961706503856301
0,0,0.30663444814112767
1,1,0.9999966804291738
0,0,0.0008448556796800402
1,1,0.9999986485205823
0,0,0.00321151624334749
0,0,0.004859681485280562
0,0,0.011227695653911128
0,0,0.01996010853458186
0,0,0.18401965143568533
0,0,0.19340970670395222
0,0,0.15986020158010075
0,0,0.0011503858622481653
1,1,0.9909608094892726
0,0,0.019873728264418015
1,1,0.9999316405009475
0,0,0.12652194499662386
1,1,0.9483392925270615
0,0,0.05763768886579021
0,0,0.008145234855921472
1,1,0.9999974214555729
0,0,0.1256837799843213
0,0,0.0004104013466613507
0,0,0.015174339977157031
0,0,0.022258096440648294
0,0,0.003899041332336847
0,0,0.2046231877709185
1,1,0.8536748241944042
1,1,0.9999966804291738
1,1,0.9877880111621803
0,0,0.015265691732919917
0,0,0.07207177416218616
0,0,0.10442923741080022
0,0,0.03729722553250548
0,0,0.008383947315723722
0,0,0.053412324927299165
1,1,0.9999977168367039
1,1,0.9999974214555729
1,0,0.3494443655358003
1,1,0.9999967418747816
0,0,0.3407114532881972
1,1,0.9912036214938417
0,0,0.16115255146118795
0,0,0.08461665950567845
1,1,0.9999979498821073
1,1,0.9999986485205823
0,0,0.020004054907378974
0,0,0.029719973762869875
0,0,0.040163844972571465
0,0,0.12523699802894264
1,1,0.9999967418747816
0,0,0.002583741513991767
0,0,0.0077188050711004845
0,0,0.008777326752392942
1,1,0.9803060344061049
0,0,0.014834749779403758
0,0,0.0002937918762358126
0,0,0.029484723883764937
0,0,0.013267803858068689
0,0,0.03608379074058945
0,0,0.03323548838133988
0,0,0.0073807568183026145
1,1,0.9972623678024288
0,0,0.05516791532556975
0,0,0.0030568669051473808
0,0,0.008107408270370691
0,0,0.008479805548346288
0,0,0.19989403282453277
0,0,0.01165901637718823
0,0,0.03387557207792758
1,1,0.5130862195263495
0,0,0.0014259211676324695
0,0,0.01889536640230527
0,0,7.89538031344759e-05
1,1,0.6827951259909112
0,0,0.058780185399078415
0,0,0.1892889169884646
0,0,0.04371239517585684
0,1,0.641896349259396
0,0,0.04574218477533912
0,0,0.004357641396093567
0,0,0.04910628994714885
1,1,0.9873870788965567
0,0,0.004319450546427332
0,0,0.004240140502546702
0,0,0.2914079292724871
0,0,0.023812907275646025
0,0,0.0035360541690531537
1,1,0.9933261984279597
0,0,0.00573152164762888
0,0,0.033112673668582546
0,0,0.04473535151683418
0,0,0.1059727445467707
0,0,0.04578832230323976
1,1,0.9999957586278144
0,0,0.007689240133204211
0,0,5.355748077976492e-05
0,0,0.026112062509504295
0,0,0.08378545189026536
0,0,0.0007788325361284673
0,0,0.17181083173438363
0,0,0.04979226462326195
0,0,0.015033051070741762
0,0,0.038719254752919964
0,0,0.2076073987556065
0,0,0.05505304337212887
0,0,0.0881247326736016
1,1,0.9479509217930601
0,0,0.18014948562505914
0,0,0.0007254340418944643
0,0,0.06695163161460281
0,0,0.003016824674852146
0,0,0.12573621634841112
0,0,0.05706327430107731
0,0,0.022241934237601395
1,1,0.862647298794113
0,0,0.006785384968319205
0,0,0.003590151523252977
0,0,0.01722570645963178
0,0,0.01795124307153817
0,0,0.08714976391434362
0,0,0.11064999881922981
0,0,0.006040322985574353
0,0,0.0009406608880233735
0,0,0.018949024565969176
0,0,0.2635270695043803
1,1,0.9999967418747816
0,0,0.028628212301604245
0,0,0.015129491857272475
0,0,0.019519046079086874
0,0,0.01775048272885309
1,1,0.9999977168367039
0,0,0.3905771911684618
1,1,0.9909608094892726
0,0,0.022640106542001666
0,0,0.12104990598183266
0,0,0.005279636284222955
0,0,0.06123373495983386
0,0,0.04797001500299185
0,0,0.23400441009917392
1,1,0.9999979498821073
1,0,0.41422107866332103
0,0,0.0070315288037033265
0,0,0.006060907955860374
0,0,0.0007549781961770124
1,1,0.9999966804291738
0,0,0.00037842588159513955
0,0,0.012211739745517156
1,0,0.3804028565477015
1,1,0.9999957586278144
0,0,0.02444722353163759
0,0,0.0020061549596117625
0,0,0.04635579769186183
0,0,0.020208947261789845
0,0,0.06933804798994785
0,0,0.023360466987644456
0,0,0.005568648547116525
0,0,0.010375836181509121
0,0,0.2541351212314457
1,0,0.07226532346670861
0,0,0.003348242155464762
0,0,0.009931019321828714
1,1,0.9999989875016777
0,0,0.06147384067142211
0,0,0.004281707755069896
0,0,0.008538104017394646
0,0,0.002558342560446732
0,0,0.0033263104834131544
0,0,0.01709401999622683
0,0,0.008791578793038206
0,0,0.15674036147071385
0,0,0.03459388991879334
0,0,0.1107940007890399
0,0,0.014872988838072886
0,0,0.02648801080185152
0,0,0.004023395748706184
0,0,0.35061960717769997
0,0,0.017042558440871318
0,0,0.0005993220345868679
0,0,0.03923888975692039
1,1,0.9553120992443993
0,0,0.1299195257723604
0,0,0.07634118234760347
0,0,0.005953333725479843
0,0,0.15664939027898286
1,1,0.9999979498821073
0,0,0.17267369799469587
0,0,0.0066470744054731735
0,0,0.036626779921031506
0,0,0.02702215133982827
0,0,0.04193816278887328
0,0,0.019823662853598236
0,0,0.0038354250866876965
0,0,0.0859943754348647
0,1,0.6134258810575159
0,0,0.029986496294690874
0,0,0.3115008915425561
0,0,0.012638653706092125
0,0,0.011566853001198727
0,0,0.0032270116202004926
0,1,0.5352529898389171
0,0,0.006185576548203319
0,0,0.0003259099296234034
0,0,0.02628204756389423
1,1,0.8768719011109568
0,0,0.0023047737592122052
0,0,0.018342834278008476
0,0,0.011227695653911128
0,0,0.4808407992615076
1,1,0.9625143399854589
0,1,0.6694183366897436
1,1,0.9999966804291738
0,0,0.14712942362697234
0,0,0.007884148059800162
0,0,0.20238374368203688
0,0,0.29006821060483534
0,0,0.017272472407559015
1,1,0.9999986485205823
0,0,0.03853422667854711
0,0,0.06840995076064892
0,0,0.11043129470021058
0,0,0.005833411372748885
0,0,0.01875345819781677
0,0,0.025599751062363566
0,0,0.0008756904460941496
1,1,0.9999976198535029
0,0,0.017196930851893468
0,0,0.19564529293342303
0,0,0.08465882287458186
0,0,0.015081198120178382
0,0,0.403216442089479
1,1,0.6569020304186989
0,0,0.06250619415029013
0,0,0.03288447795675183
0,0,0.024820137318160535
0,0,0.004411000449262899
0,0,0.4162810003096938
0,0,0.03485366367230546
1,1,0.7117927694532965
0,0,0.013029263414333251
0,0,0.004819428133375467
0,0,0.0018902676446831252
0,0,0.014260508033412956
0,0,0.021196527833220416
0,0,0.2235182576830116
0,0,0.45702870594244055
0,0,0.018969615134663324
0,0,0.001923300687281327
0,0,0.0021169735617508475
1,1,0.6353448274670951
0,0,0.0043795098973964585
0,0,0.02229517867552885
0,0,0.010859230958215949
0,0,0.16826427895049348
0,0,0.19435120148962964
0,0,0.05527244385815375
0,0,0.048508846733770365
0,0,0.004287319201640716
1,1,0.8848983934764744
0,0,0.000329219642611072
0,0,0.06762172930651845
0,0,0.009241943260020806
0,0,0.4969819884745053
0,0,0.3085440285330547
0,0,0.012883223096547537
1,1,0.6876355584720577
1,1,0.7480303392633837
0,0,0.08179799229233421
0,0,0.14973549973989522
1,1,0.9999967418747816
0,0,0.016208379465035422
0,1,0.5314069313602559
0,0,0.0175504929993094
0,0,0.0629422428626986
0,0,0.06768931855054787
0,0,0.13728995830856638
1,1,0.9918136208555076
1,1,0.9922817234726982
0,0,0.14207347102777484
1,1,0.999928530827892
0,0,0.001810169915994288
0,1,0.6524859734384645
0,0,0.033423969642393324
0,0,0.10792965217888878
1,1,0.9999974214555729
0,0,0.11410082743414753
0,0,0.3074275902201336
1,1,0.9999985843625584
0,0,0.33612752491449144
0,0,0.15978737550375408
0,0,0.0536642460343461
0,0,0.013309690657046852
0,0,0.021760235711589637
0,0,0.17099501386027316
1,1,0.9999966804291738
0,0,0.013890776073358495
0,0,0.047598127535033355
0,0,0.003559934176442863
0,0,0.008919317308528574
1,1,0.9999974214555729
0,0,0.008453600721164863
0,0,0.03450154105625562
0,0,0.27079845023059435
0,0,0.4781422933483625
0,0,0.002649752275300817
0,0,0.00038203481661294936
0,0,0.03378471252530434
1,1,0.993967251653729
0,0,0.05409175805590929
0,0,0.0058671191241449405
0,0,0.0591360519861899
1,1,0.9709836355845886
1,1,0.9899980718621574
0,0,0.006988686998507539
0,0,0.09032275918321554
0,0,0.011243825908015816
0,0,0.028782238632166945
0,0,0.060356525378632626
0,0,0.22358733815816234
0,0,0.3725173028502402
0,0,0.19693155333350368
0,0,0.05574819288475675
1,1,0.9999986485205823
0,0,0.09745465155861241
0,0,0.05757873384761634
0,0,5.9998325681947154e-05
0,0,0.02572849145567062
0,0,0.00754876004371538
1,1,0.9999966804291738
0,0,0.009198204133342469
0,0,0.0027045290788815404
0,0,0.0010347495621556354
0,0,0.1685146109880861
0,0,0.012113123924838367
0,0,0.30630900951799483
0,0,0.00015642195833823617
0,0,0.0007683806412536659
0,0,0.045914512696848195
0,0,0.009262352129213875
0,0,0.012765018505584763
0,0,0.02200029176334357
0,0,0.022326807211070367
1,0,0.23905004114323802
0,0,0.015677795943343956
0,0,0.1788073658210969
1,1,0.9999974474866807
0,0,0.02509325020935704
0,0,0.11062650435237309
0,0,0.019389819183887932
0,0,0.0340590598580502
1,1,0.9999967418747816
1,0,0.26365704307023125
0,0,0.02071421006199585
0,0,0.00287315480199749
0,0,0.020626515992294644
0,0,0.021907286034966156
0,0,0.07654131904821021
0,0,0.05652673691301003
0,0,0.014994108586779242
1,1,0.9812818299461462
0,0,0.024138637923970765
0,0,0.2755840166420569
0,0,0.007460079359097203
0,0,0.042653984563327814
0,0,0.015134516090291181
0,0,0.015064224051792124
1,1,0.9978929583151062
0,1,0.5866590204482077
0,0,0.019545721287952192
1,1,0.9469456764684232
0,0,0.10493092817226714
0,0,0.04820776963678311
0,0,0.34400094800276404
0,0,0.052213956644359565
0,0,0.0022144158175193105
0,0,0.04535971837118833
0,0,0.03001829629982862
0,0,0.012650945619283894
0,0,0.03132047437958186
1,1,0.9999979498821073
0,0,0.3236142984836933
0,0,0.10515094375551187
1,1,0.9999970717796709
0,0,0.09109151727513855
0,0,0.001992351898025651
0,0,0.0030709551601099463
1,1,0.993967251653729
1,1,0.9999966804291738
0,0,0.00010644615227228176
0,0,0.04363500569589333
0,0,0.014023868421040142
0,0,0.00029534222430291904
0,0,0.02545550692875075
0,0,0.001881265343658388
0,0,0.06983547707816523
0,0,0.02085126596959407
0,0,0.01396409781483816
0,0,0.004200778272561585
1,1,0.999998765996982
0,0,0.08711619276316829
0,0,0.0028374104307721366
0,0,0.009959068512206034
0,0,0.052619771163902776
0,0,0.018500431962684128
1,1,0.9761824399592811
0,0,0.022664988503892678
0,0,0.00368083165124823
0,0,0.001583284750222063
1,1,0.831890888702112
0,0,0.0012897070553361204
0,1,0.5249512628483266
0,0,0.04766641628160679
0,0,0.0006233962348187068
0,0,0.014450516003056238
0,0,0.01010146444572404
0,0,0.0035644436982546304
0,0,0.01183059379019612
1,1,0.9999966804291738
0,0,0.015500833969810978
0,0,0.015179776087407911
1,1,0.999998765996982
1,1,0.9999967418747816
0,0,0.05445747909967386
0,0,0.21530574077803608
0,0,0.017265360981296857
0,0,0.04146687535374286
0,0,0.03666957083499669
0,0,0.0069780743576263625
0,0,0.02840593357693758
0,0,0.09892656376095264
1,1,0.9679022661251598
0,0,0.000936647553261297
0,0,0.0001347735334886833
0,0,0.2237933608027769
0,0,0.0048234798515292415
0,0,0.005701316138694023
0,0,0.0145807094618856
0,0,0.04404554941982703
0,1,0.5047492289027901
0,0,0.013554080226411082
0,0,0.01713279413256258
0,0,0.002490028156859463
0,0,0.029385236973581936
0,0,0.02079943411436742
0,0,0.052795220555891184
0,0,0.010450843995224378
0,0,0.03155490649198239
0,0,0.0001619470540922208
0,0,0.03327506609948264
0,0,0.0036618716151155697
0,0,0.0011867977181919324
0,0,0.007746222227092756
0,0,0.010159856872219427
1,1,0.9999966804291738
0,0,0.2622689145229505
0,0,0.04665880273590034
0,0,0.008313092589042332
0,0,0.0034519546423224957
0,0,0.06726937924220813
0,0,0.012943334240757384
0,0,0.002996171476032918
0,0,0.016543999487545546
0,0,0.021014756259800642
0,0,0.0010754281819189166
0,0,0.35402755239958805
1,1,0.9239956097893405
0,0,0.02967168060678233
0,0,0.008047852557534551
1,1,0.9999977168367039
0,0,0.02756034703113653
0,0,0.00206134201700563
0,0,0.23385213885372796
0,0,0.013300072238151694
0,0,0.011505860459575568
0,0,0.04927161678686719
0,0,0.01864920051215393
0,0,0.05824482431318213
0,0,0.031481949378189066
0,0,0.12504163919204
0,0,0.008339108118399871
0,0,0.24454817947622404
0,0,0.020395631671083343
1,1,0.9997650190676858
0,0,0.029940137270450473
1,1,0.9999971242915849
0,0,0.16103417919664612
0,0,0.021509864410708752
0,0,0.029443259812709375
0,0,0.08822626546169615
0,0,0.00354900185163456
0,0,0.01341444583984151
0,0,0.00883441301642428
0,0,0.05897529429753352
0,0,0.0693566762748102
1,1,0.9999967418747816
0,0,0.10042945081711921
0,0,0.37650359408843415
0,0,0.0016432167226342058
0,0,0.0192390812110976
0,0,0.06012231338380515
0,0,0.025073056946235177
1,0,0.005662307896022293
0,0,0.01881954757223988
1,1,0.9869186508637005
0,0,0.016142614822531237
0,0,0.18624736423564858
1,1,0.9999904037326488
0,0,0.004860739727199325
0,0,0.047027796776021605
0,0,0.006821209534445376
1,1,0.9999977168367039
0,0,0.0859133349868509
1,1,0.9999978627980848
0,0,0.0018243369906788128
0,0,0.0012014325783177577
0,0,0.1106403001883714
0,0,0.3971074869446434
0,0,0.017870143575645366
0,0,0.015079697893964109
0,0,0.014654981517851023
0,0,0.044978347477186126
1,1,0.9999974214555729
0,0,0.12153913591122284
0,0,0.028808400489938386
1,1,0.9999966804291738
0,0,0.021628991337305406
0,0,0.022312499385573965
0,0,0.0012071671578569637
0,0,0.0006012625338422125
0,0,0.08134957334213026
0,0,0.0209829084976748
0,0,0.01201070630198764
0,0,0.002328601019973757
0,0,0.005970550599619435
1,1,0.9999979498821073
0,0,0.022746533428402972
0,0,0.019172687721307872
0,0,0.008353975248705708
0,0,0.12387461863595844
0,0,0.01110365766059953
0,0,0.12613681364094956
0,0,0.013952779434829516
0,0,0.019754491765642146
0,0,0.0018075845324317325
1,0,0.42545431751730306
1,1,0.8802759328523485
0,0,0.00979591810849856
0,0,0.021435113719344052
0,0,0.19852660551687198
0,0,0.0020135781165771713
0,0,0.16076052295221957
0,0,0.05506033119076227
0,0,0.1525655368604779
1,1,0.9999964734721614
0,0,0.07812466916137879
0,0,0.12111235792369024
0,0,0.011145996091939652
0,0,0.005318141743205335
0,0,0.15353726214872968
0,0,0.0032141733725928796
0,0,0.07045550854266869
0,0,0.0022908883695770773
0,1,0.5018856022782308
0,0,0.0011343212038139947
0,0,0.0325887278461848
1,1,0.9999979498821073
0,0,0.0317993605628634
0,0,0.027782610236470526
0,0,0.0010232260178430989
0,0,0.41106224653880685
0,0,0.024466344869658298
0,0,0.003976789710497458
0,0,0.0026950919360415647
0,0,0.02147999545087227
0,0,0.005484046390317277
0,0,0.00852840465608968
0,0,0.002175096676026749
0,0,0.009525609666715205
0,0,0.02205264994315711
0,0,0.07200974451907328
0,0,0.005522960606540663
0,0,0.27434090240601927
0,0,0.05787595473458691
1,1,0.9991232245713829
0,0,0.027229304350223322
0,0,0.010530745897740968
0,0,0.021342061402845964
0,0,0.0544520775428464
0,0,0.03501227301498612
0,0,0.011505284745226186
0,1,0.5775137107009355
0,0,0.09348656742018677
0,0,0.03312590099856131
0,0,0.09173204896069073
1,0,0.02931984352876328
0,0,0.04306079255627274
0,0,0.028783591393023993
1,1,0.9999964734721614
0,0,0.04930990923206444
0,0,0.03480210466907121
0,0,0.0259434744089819
0,0,0.016177176570483016
1,1,0.9999966771807174
0,0,0.06093052279589298
0,0,0.03719029667305229
0,0,0.0050267234359490836
0,0,0.0012583424099870955
0,0,0.0720741150753129
0,0,0.25559920792693586
0,0,0.010145838203406084
0,0,0.05118214852108687
0,0,0.16307788540802912
0,0,0.0022649102889950685
0,0,0.06330400096458899
0,0,0.00591345170953326
1,1,0.975502745329896
0,0,0.026377663211188507
0,0,0.008054664194533252
0,0,0.2374085113975235
0,0,0.024069554737981648
0,0,0.05490653339451142
1,0,0.42824606449063995
0,0,0.004193081164953758
0,0,0.010096447828625824
0,0,0.00044793470746992036
0,0,0.0007883634776321731
0,0,0.01218868235981989
0,0,0.005445354542246123
1,1,0.9382985691602422
0,0,0.05315815225834857
0,0,0.0003430922167229364
0,0,0.06784425103917875
0,0,0.020346929212547785
0,0,0.019374690571840956
0,0,0.048872305935171355
1,1,0.992193528133299
0,0,0.0013104249719471353
0,0,0.009519642177980646
0,0,0.0041796934082249755
0,0,0.2622689145229505
0,0,0.018472216281416008
1,1,0.9967616406319948
0,0,0.01692331315601062
0,0,0.0008693183882735643
0,0,0.0351776941318923
0,0,0.004281780801580528
0,0,0.00891921078911123
0,0,0.0032665821133702087
0,1,0.9196443907875771
1,1,0.9999986485205823
0,0,0.38809283360657065
0,0,0.24109910257900483
1,1,0.9999962623084329
0,0,0.329763294249705
0,0,0.06144759782802354
0,0,0.03700850196561698
0,0,0.07634275990930543
0,0,0.02011817297283878
0,0,0.002688002725389075
1,1,0.980431785284408
0,0,0.10302502950666234
1,1,0.9999966804291738
0,0,0.0004258445120386132
0,0,0.3018402428007004
0,0,0.07528590433141438
0,0,0.010425825406744646
1,1,0.999880591284639
1,1,0.5868458672952059
1,0,0.08539626178531834
1,1,0.6690190949268215
0,0,0.012450099850319748
0,0,0.10600718919902002
1,1,0.9964977935688387
1,1,0.9747408982502594
0,0,0.0003403398033120261
0,0,0.04723990075531376
0,0,0.06074345757242547
0,0,0.020320842661979997
0,0,0.05837618706173952
0,0,0.005780665364202161
1,1,0.9999966804291738
1,1,0.9999966804291738
0,0,0.0042500245014925955
0,0,0.16500163251281905
0,0,0.00334028337480795
1,1,0.9999964734721614
0,0,0.01346195294760597
0,0,0.016323436845596364
0,0,0.0002410920744152236
0,0,0.0025514204578576177
0,0,0.23442845868970041
0,0,0.17680963697791877
0,0,0.0032272805230918167
1,0,0.2534573225970805
0,0,0.04335055382722313
0,0,0.013241518687707966
0,0,0.04811634336783551
0,0,0.08297795811380475
0,0,0.01025727028438021
0,0,0.03106758095750476
0,0,0.01289802619744667
0,0,0.056049924133976296
0,0,0.09050302638948841
0,0,0.0009869743709565576
0,0,0.2672511515889749
0,0,0.0029561259490110173
0,0,0.03505762523793745
0,0,0.061964401558988046
0,0,0.042928418533667426
0,0,0.012274794244113265
0,0,0.019733711269636606
0,0,0.002969486232681048
0,0,0.006293033038487645
1,1,0.954693930070805
1,1,0.9999974214555729
0,0,9.731686945224279e-05
0,0,0.02057798734909557
0,0,0.10984655504152194
0,1,0.6134157850102057
0,0,0.053294420259425476
0,0,0.12744825528604203
0,0,0.003740647743636183
0,0,0.01688025117840213
0,0,0.00023069827415022563
0,0,0.028422886626993386
0,0,0.0804800798246041
0,0,0.300671935856425
0,0,0.04544332153721562
1,1,0.7211894307945931
1,0,0.1770363960296959
0,0,0.002386571937761874
1,1,0.9999957589384425
0,0,0.06035084283089097
0,0,0.04720652093754123
0,0,0.03276012664317934
0,0,0.003348838087283723
0,0,0.32850042755357556
0,0,0.026583225736033524
0,0,0.01365092542925398
0,0,0.07545316708071394
0,0,0.05755456045360211
0,0,0.026484413685562255
0,0,0.003137320838906505
0,0,0.24062569172846876
0,0,0.016497530285046677
0,0,0.035636990442218595
0,0,0.021280558200443948
0,0,0.0064130889431132715
1,1,0.8841907782601446
0,0,0.003184733897704628
0,0,0.020323800063176863
0,0,0.0151056179754547
0,0,0.00884743080624699
0,0,0.012983061197955158
0,0,0.0002021166825928044
1,1,0.9421335724662937
0,0,0.30264056530530525
1,1,0.9999978627980848
1,1,0.9999979498821073
0,0,0.03307780391693496
0,0,0.008113235221877006
0,0,0.0023513966757298683
0,0,0.01166501423290741
0,0,0.01943094049448533
0,0,0.004541707660030746
1,1,0.9999665203143115
0,0,0.043853909400987136
0,0,0.02955587120743853
0,0,0.42196945710146183
0,0,0.07824636197295386
0,0,0.1671203990440019
0,0,0.013086555242435738
0,0,0.0001289576491900433
1,1,0.9899223403640057
0,0,0.07750147314980559
0,0,0.013401984208356126
0,0,0.00014537167585643995
0,1,0.5601893638197668
0,0,0.021564337683666192
0,0,0.0031649517109229256
1,0,0.04171885610929094
0,0,0.009680296984194993
0,0,0.045952561557672154
1,1,0.9845445582445463
0,0,0.01465887714746174
0,0,0.0693897290036729
0,0,0.002660270288004651
1,1,0.9999894312113486
0,0,0.018570277322925415
0,0,0.18294666885963798
0,0,0.0015447792092520996
0,0,0.029185027087190715
0,0,0.004824201728871945
1,1,0.9999974214555729
0,0,0.11386776311901538
0,0,0.025663098014232825
1,1,0.9999850289255444
1,1,0.9846174988933576
0,0,0.23086779874709978
0,0,0.026778655072142752
1,1,0.9999977168367039
0,0,0.017593675534122576
0,0,0.010707149150964348
0,0,0.004908261191722976
1,1,0.9927564099080627
0,0,0.11704657218292217
0,0,0.06746533733265904
1,1,0.9318362116947805
0,0,0.0010980349029188316
0,0,0.0030175863020916096
0,0,0.02845578652248815
0,0,0.08050839458516644
0,0,0.035584921900527866
0,0,0.03392253492780483
0,0,0.0207912242811075
0,0,0.06177467291207045
0,0,0.05272885185544768
0,0,0.01715487019245424
0,0,0.027005999310281015
0,0,0.01524005364025751
0,0,0.012117775579437828
0,0,0.05658687568942374
0,0,0.0472631597642414
0,0,0.004656247068195253
0,0,0.015176501181896397
1,1,0.9999979498821073
0,0,0.12973705386559867
0,0,0.16970082782359291
0,0,0.060843272873138475
0,0,0.006106239596876271
0,0,0.018411435350975742
1,1,0.8875583832669837
0,0,0.0017681766978960068
0,1,0.533372925677289
0,0,4.9187528048018406e-05
0,0,0.03231921003647556
0,0,0.023099765234743514
0,0,0.04374116858373006
0,0,0.17057763492489897
1,1,0.5933515849124255
0,0,0.0038506323914059342
1,1,0.9999957589384425
0,0,0.055681102083669984
0,0,0.10115503166748725
0,0,0.033190008023450575
0,0,0.0024118708955244606
0,0,0.00023620327703245076
0,0,0.006949282107650972
0,0,0.012194932867299816
0,0,0.035856504481056234
1,0,0.29099154976739444
0,0,0.031374860344581645
0,0,0.06892591308058087
0,0,0.003954724722030161
0,0,0.0004649424175291564
0,0,0.13522033029115765
0,0,0.01393205455414938
0,0,0.0699619620006943
0,0,0.00923639072729479
0,0,0.027039470781923328
0,0,0.23356403057330147
0,0,0.19698565549407543
0,0,0.2345646788569402
0,0,0.013858523613119485
0,0,0.18383928462923896
0,0,0.009750488020672146
0,0,0.008768952682126721
0,0,0.05684152752890528
0,0,0.023658422919405696
0,0,0.07874684288733398
1,1,0.9999974214555729
0,0,0.017520103402510357
0,0,0.005423227247724161
0,0,0.0883590802285466
0,0,0.03701045997356144
0,0,0.0023578739866966037
0,0,0.30663444814112767
0,0,0.06258129129354038
0,0,0.04280143878926541
0,0,0.0976164718022038
0,0,0.034490094533897196
1,1,0.5871862094040329
0,0,0.02509177975089928
0,0,0.09362420957151994
0,0,0.14217413465480894
1,0,0.2525073996376658
0,0,0.4078869144344054
0,0,0.011212140680202955
0,0,0.06400535179036147
0,0,0.04150966802855817
0,0,0.0034450667454780804
1,1,0.9973816191698405
1,1,0.9999964734721614
0,0,0.021790345347892166
1,1,0.9999966804291738
0,0,0.21056685980495002
1,1,0.7563925566754136
0,0,0.006829088745462255
0,0,0.008370304060560456
1,1,0.9352566819331233
0,0,0.40242295170865655
0,0,0.01151912126962428
0,0,0.007954519276961789
0,0,0.05386661796143768
1,0,0.3793381260368842
0,0,0.09564039750189907
0,0,0.04423402472609335
0,0,0.0624609135479409
0,0,0.013519503317967708
0,0,0.021121674064224636
0,0,0.02083898801979171
0,0,0.07312102326038111
0,0,0.09961975408493161
1,1,0.9999966804291738
0,0,0.10379456904801168
0,0,0.014355196048963043
0,0,0.037768733603043746
0,0,0.010613712087530928
0,0,0.023510417353986308
1,1,0.760902626065525
1,1,0.9999977168367039
0,0,0.0014398086170174513
0,0,0.004065836341757196
0,0,0.01987065776832352
0,0,0.0010226889325310195
0,0,0.0033592368185779717
1,1,0.9845445582445463
0,0,0.014571505447239178
0,0,0.04414855778107216
0,0,0.03806626025139949
0,0,0.016323436845596364
0,0,0.015146458174147854
0,0,0.0191204891676666
0,0,0.0844292183153781
1,1,0.9675306458809332
1,1,0.9999964734721614
0,0,0.007652011820029055
0,0,0.16113716018868668
0,0,0.07434057180774618
0,0,0.02102227378975284
1,1,0.9999202191461362
0,0,0.002653116975012504
0,0,0.21384252621546693
0,0,0.004195519057224719
1,1,0.9999967418747816
0,0,0.019025520996430217
0,0,0.03975918958831369
0,0,0.09841101017007813
0,0,0.015248543426825502
0,0,0.01692331315601062
1,0,0.3483192893534643
0,0,0.17499268536836118
0,0,0.1226290410938536
0,0,0.024342823347440503
0,0,0.006845790975071645
0,0,0.017297664035821746
1,1,0.9999986485205823
0,0,0.04325278404890922
0,0,0.005286104856051958
1,1,0.9999889891759178
0,0,0.05524361650034234
0,0,0.04158749577961618
0,0,0.016348129441194688
0,0,0.000386363945726345
0,0,0.0036782912234380053
0,0,0.17021401065340722
0,0,0.0006976858604895012
1,1,0.9999977168367039
0,0,0.034362152207492704
0,0,0.009302031126378285
1,1,0.9911961287324415
0,0,0.0016682489200015795
0,0,0.13572246966786403
0,0,0.04511206072698854
0,0,0.014821849756301856
0,0,0.015065092256499504
0,0,0.3498976913712745
0,0,0.35224422818573753
0,0,0.0018606163457786107
0,0,0.06274166675402333
0,0,0.05132031461908503
1,1,0.9999964734721614
0,0,0.0001014927513835099
0,0,0.000537389950643623
0,0,0.028067073410550283
1,1,0.999998765996982
0,0,0.07508750096828326
0,0,0.020626690436070367
0,0,0.034840163042983444
1,1,0.965193103974891
0,0,0.08229488392594521
0,0,0.16538678249660996
0,0,0.009149504009282796
0,0,0.07808888705440035
0,0,0.0008102625743304681
0,0,0.0011128423631248982
1,1,0.8480851898798492
0,0,0.007526554815566237
0,0,0.07045702532985512
0,0,0.016749076831091794
0,0,0.09558899352147564
1,1,0.9999966804291738
0,0,0.20180161998293042
1,1,0.9999979498821073
0,0,0.11143984034272414
0,0,0.014419631390839266
0,0,0.010602838983869304
0,0,0.0061241001659412325
1,1,0.8897207870333254
0,0,0.1292199766331108
0,0,0.03554658503896986
0,0,0.1729321293205564
0,0,0.007554270013962448
1,1,0.9785925877793485
0,0,0.15101600956507352
0,0,0.014556001539048019
0,0,0.0011384920518924025
0,0,0.0012864198209663303
1,0,0.30692454976011235
0,0,0.007058347870134771
0,0,0.08260317476280675
0,0,0.010677135536156472
0,0,0.0026187069350373003
0,0,0.012518545304501286
0,0,0.029011213478249667
0,0,0.09457251029561706
0,0,0.1817635992302103
0,0,0.03976230694649868
0,0,0.04132458371630136
0,0,0.014887842971986382
0,0,0.08801643265217206
0,0,0.0024460317032646774
1,1,0.5028626283234968
0,0,0.09295212000969502
0,0,0.0033077787132443763
0,0,0.02119572356170415
0,0,0.013612686199967299
0,0,0.04339515378192451
0,0,0.020282388284293542
0,0,0.05407011823816296
0,0,0.055615917992645286
0,0,0.01951565261168444
0,0,0.0036010404558671594
0,0,0.04300116204231501
0,0,0.004615917925759993
0,0,0.09202861626380114
0,0,0.01396409781483816
0,0,0.0019020723234555096
0,0,0.3234339757499142
0,0,0.09388287795160279
0,0,0.00042169385658502443
0,0,0.017783547798692872
0,0,0.04671008912000355
0,0,0.04529042877977664
0,0,0.034362152207492704
0,0,0.07289530942575882
0,0,0.004190637871190428
0,0,0.06625819523851158
0,0,0.019737196087582922
0,0,0.21399476971284245
0,0,0.01998976711175572
0,0,0.15194165158832057
1,0,0.3012396945656305
1,1,0.8846439473260025
0,0,0.017193734857586594
0,0,0.27904178136087665
0,0,0.05608832139145641
0,0,0.019226046968455784
0,0,0.05560318592991518
0,0,0.21322367305154827
0,0,0.09168821226926295
0,0,0.011591703520146246
0,0,0.004487183082874546
0,0,0.02100820427257392
0,0,0.0007137116995542714
0,0,0.009438692674574901
1,1,0.8313675973168699
0,0,0.03906173650311715
0,0,0.017135074701346478
0,0,0.01893220060048105
1,1,0.9999974474866807
0,0,0.0577467207236006
0,0,0.05555650670390802
0,0,0.00975843068358331
0,0,0.004525790630614095
0,0,0.16298856193890987
1,1,0.9999990755124109
0,0,0.020962288511060606
0,0,0.3365318544478177
0,0,0.03692892096209044
0,0,0.009586463111436815
0,0,0.021896955420068386
0,0,0.05770104877108355
0,0,0.00978332940948829
0,0,0.005042986284764306
0,0,0.005912348275673784
0,0,0.0009132976684674673
0,1,0.5941773132825036
0,0,0.007738033855004882
0,0,0.020253440602612097
0,0,0.006046210362792611
0,0,0.03027751115038777
0,0,0.0006169382735688906
0,0,0.00518321572542811
0,0,0.06848187190301225
0,0,0.009749506330001526
0,0,0.0016892195344024841
0,0,0.3753816886471414
0,0,0.0036408701586614976
0,0,0.01300676012595742
0,0,0.02213583380266792
0,0,0.0008888271596105073
0,0,0.035980689216578855
0,0,0.0005407506780152344
0,0,0.006652205465353517
0,0,0.022636307582876533
0,0,0.02692345406639728
0,0,0.32262651383649377
0,0,0.26429967709257185
0,0,0.008777510777516193
1,1,0.857401735793456
0,0,0.016217299870452374
0,0,0.09900972166938563
0,0,0.034978913775995074
0,0,0.0592361834445919
0,0,0.008881552295361613
0,0,0.05628528075808355
0,0,0.008084535398717433
1,1,0.9999977168367039
1,1,0.9999779632012206
0,1,0.5666952485566482
0,0,0.0624729840134237
0,0,0.036769766373733644
0,0,0.00666554025994876
0,0,0.3085440285330547
0,0,0.24445658307084284
0,0,0.030427729108220693
1,1,0.9999967418747816
0,0,0.0216401347902415
0,0,0.0067776191060339944
1,1,0.999998765996982
0,0,0.019272836621380483
0,0,0.00386164077364679
0,0,0.07453132511623503
0,0,0.02115697511849386
0,0,0.008230368313808741
0,0,0.0229442030956519
1,1,0.9840642594334368
0,0,0.02616336396483577
1,1,0.9691181468512579
0,1,0.5181152670678935
0,0,0.010347272747889751
0,0,0.23084575083853237
0,0,0.02632114399476616
0,0,0.005098667911978339
1,1,0.9418666774518376
0,0,0.004092736380477345
0,0,0.01432759978285717
0,0,0.01573757817972025
1,1,0.8421421646955752
1,1,0.9550404543229811
0,0,0.010284980493520538
0,0,0.010312131130748803
0,0,0.02632532102956933
0,0,0.006557828107676267
0,0,0.015804442541917627
0,0,0.0016452303830317315
0,0,0.0018204065326981856
0,0,0.04475696091733897
1,1,0.9037491636596658
1,1,0.9272979541749549
0,0,0.30126200638581874
1,1,0.999998765996982
0,0,0.011476587991823101
0,0,0.050346684787671805
0,0,0.01960302130532888
1,1,0.9892346973047078
0,0,0.009974791403582242
0,1,0.5775137107009355
0,0,0.025572228216241992
0,0,0.020195539193264257
0,0,0.08489043846374106
0,0,0.01321424300648979
1,1,0.9940990576788781
0,0,0.038555090341209214
0,0,0.0032431365953474673
0,0,0.355439690116604
0,0,0.16401481833850987
1,1,0.9999962625821728
0,0,0.006879958760271958
0,0,0.08647911618326755
0,0,0.03706196429108539
0,0,0.010369435277815144
0,0,0.0006739813368065473
1,1,0.9999977168367039
0,0,0.028981505401223052
0,0,0.011650048348339338
0,0,9.646931165257784e-05
1,1,0.9999977168367039
0,0,0.015495235747071966
0,0,0.04318166103450971
0,0,0.00394247687899065
0,0,0.008497704226553911
0,0,0.04555320585759961
0,0,0.011950738749363421
0,0,0.006225347837018356
0,0,0.0029821827165249816
0,0,0.18951433170625875
0,0,0.05240111919124528
0,0,0.10459582002322418
0,0,0.0018785335631084838
0,0,0.013437180008542417
1,1,0.9892975335596218
0,0,0.06316570390892202
1,1,0.9999964734721614
0,0,0.04675724661681199
0,0,0.03199546857401936
0,0,0.05590386446968457
0,0,0.0196578466081258
0,0,0.06745424067690019
0,0,0.25712540525453187
0,0,0.024440717857795762
0,0,0.023656400253525254
1,0,0.34319372303424045
0,0,0.0029329992805377683
1,1,0.9999979498821073
0,0,0.008667410586402118
0,1,0.8576721254762709
0,0,0.1786139496159927
0,0,0.0006311256193350776
0,0,0.00011320519817731471
0,0,0.025354570506786342
0,0,0.039698345104559114
0,0,0.02756034703113653
0,0,0.015193378532138358
0,0,0.011915734377961475
0,0,0.06537183058690532
0,0,0.003040390861365914
0,0,0.04680317838098358
0,0,0.22981234566437134
0,1,0.556685313804052
0,0,0.006575742267288021
0,0,0.0460447326517985
0,0,0.025519428006001883
0,0,0.20789965039488723
0,0,0.37650359408843415
0,0,0.006882223864220214
0,0,0.07129742634737217
1,1,0.5244121305480282
0,0,0.030711697206331046
0,0,0.03608379074058945
0,0,0.010573725725742427
1,1,0.9999906755245695
0,0,0.09618018051526646
0,0,0.00047320167629325824
1,0,0.11068976635962431
0,0,0.0008944508311548754
0,0,0.002801031567785141
0,0,0.00901694069486292
0,0,0.07502827105590333
0,0,0.16956529866145773
0,0,0.0008641437000597638
1,1,0.9999966804291738
0,0,0.01040796081559423
0,0,0.007552351589950883
0,0,0.05153086701778683
0,0,0.029986496294690874
0,0,0.06279937857629012
0,0,0.02969448280711927
0,0,0.30515959869438386
0,0,0.15193113070059036
0,0,0.05599105900780771
0,0,0.24764581653138293
0,0,0.028040623280810355
1,1,0.9999957586278144
0,0,0.04738018792734098
0,0,0.016382712466106498
0,0,0.12576162828088286
0,0,0.004077761912026635
0,0,0.06544203370994911
0,0,0.16769649818226065
0,0,0.04078054766467862
0,0,0.0005569586878933524
1,1,0.9999974214555729
0,0,0.0012705735850118062
0,0,0.00965864680499361
0,0,0.01328213042868673
0,0,0.04285099243405116
0,0,0.020198699624674327
0,0,0.001946706535696797
1,1,0.9999202191461362
0,0,0.04473535151683418
0,0,0.002221988018713802
1,1,0.5716545376311029
0,0,0.006807092168043352
0,0,0.007044529912801948
0,0,0.0014755536524544747
0,0,0.05228899600922936
0,0,0.009078164726995162
0,0,0.040753209208979665
0,0,0.04973360357026085
0,0,0.10973738907867109
0,0,0.02498349647037133
0,0,0.009174513917622579
0,0,0.012687036426001606
0,0,0.010696721304787653
0,0,0.2068518721256223
0,0,0.03905471182016772
0,0,0.4520969679169435
0,0,0.007448374394629996
0,0,0.2779066004434968
0,0,0.009966130241844605
0,0,0.1106222066616122
0,0,0.05649936587763501
0,0,0.4549237215723787
1,1,0.9999966804291738
0,0,0.0006532249466789095
0,0,0.0073505481496602245
0,0,0.004414054750618732
0,0,0.106639212136251
0,0,0.039183962404774945
0,0,0.05992201065812545
0,0,0.07738956172358323
0,0,0.0007892931559125603
0,0,0.018686822142237516
0,0,0.05662840859905636
1,1,0.9071027329776377
0,0,0.017257326995519302
0,0,0.16316017538362074
0,0,0.021874213826076266
0,0,0.022311100252835208
0,0,0.15518070373709508
0,0,0.014549538014205485
0,0,0.039749548470646275
0,0,0.010879268445487705
0,0,0.005302173270048166
0,0,0.04714644722825494
0,0,0.006404834228884224
0,0,0.01864388458746834
1,1,0.6537928412837074
0,0,0.0060504811478177935
1,1,0.9869186508637005
0,0,0.04034459542365502
0,0,0.09188793051932678
0,0,0.0971767959628157
0,0,0.0069341009539104805
0,0,0.02778134670514184
1,1,0.9999974214555729
1,1,0.9999967421133994
0,0,0.006709239467593362
0,0,0.003149175507721839
0,0,0.18818592134527384
0,0,0.021233158309057084
0,0,0.1791454836789113
0,0,0.08224150541631242
0,0,0.012155207490301684
0,0,0.010213145937285409
0,0,0.005324377094341361
0,0,0.007072283628063347
1,1,0.9999966804291738
0,0,0.02799090956167962
0,0,0.25044622392116667
0,0,0.031048096193347197
0,0,0.005224704217147396
0,0,0.0012963047444893175
0,0,0.06656878383505346
0,0,0.016614948911423517
0,0,0.026714977428767498
0,0,0.30515959869438386
0,0,0.009983735574848596
0,0,0.19402983147900738
0,0,0.3530976007594821
0,0,0.0007967871945859818
0,0,0.01991130273007188
0,0,0.13767464013824907
1,0,0.1464241117160034
0,0,0.08646495987937199
0,0,0.026808267341612926
0,0,0.042188508338607975
0,0,0.02242879166390545
0,0,0.05181085813642218
0,0,0.09309298656111929
0,0,0.13723907272944297
0,0,0.011777526781476883
0,0,0.2435649572596894
0,0,0.1266382956992391
0,0,0.0012039330206434573
0,0,0.00339877594338679
1,1,0.9999974214555729
0,0,0.018767407505007033
0,1,0.6927403666427199
0,0,0.16524761225817272
0,0,0.01688422007091554
1,1,0.9978929583151062
0,0,0.06556409234260427
0,0,0.07226486339937073
0,0,0.04081525509888509
0,0,0.03836581345558685
1,1,0.9468981811932152
0,0,0.007471388971166307
0,0,0.17333646599098126
0,1,0.6211826478678094
0,0,0.09010477814389174
0,0,0.06704319993512031
0,0,0.06941211172106664
0,0,0.0067479030662969
0,0,0.07361224424201153
0,0,0.02805713616014132
0,0,0.11790736670663558
0,0,0.004330460827554066
1,1,0.9999974474866807
0,0,0.041574936112431585
0,0,0.0007039643163551734
0,0,0.09228662092222675
0,0,0.001578277586592314
0,0,0.40242295170865655
0,0,0.02336518655571859
0,0,0.007848949870417442
0,0,0.07047026486641199
1,1,0.9945962523581459
0,0,0.013202938947199344
0,0,0.004052542217979274
0,0,0.038861456164254696
0,0,0.06751850062063401
0,0,0.09565141872490072
0,0,0.05832199981283535
0,0,0.012111560258917768
0,0,0.0015386865481412766
0,0,0.008502179628488449
0,0,0.0031709649984565497
0,0,0.011936984543593088
0,0,0.05510015558651802
0,0,0.044764432868340476
0,0,0.007652014333755108
0,0,0.002154960567365274
1,1,0.9999986485205823
0,0,0.00466327024664424
0,0,0.011441518011771807
0,0,0.0156263316733381
0,0,0.047836832059511745
1,1,0.9507465429448844
0,0,0.019937380776299585
0,0,0.026217002306592223
0,0,0.025982483356191584
0,0,0.023500098670125428
0,0,0.22253304792103326
0,0,0.07471388854968294
0,0,0.005998352435063816
0,0,0.01627717182243743
1,1,0.9520717889230764
0,0,0.011457128898862683
0,0,0.004027877508288892
0,0,0.2758164807834774
1,1,0.9731359759954636
0,0,0.005115673474552275
0,0,0.2927095830270362
0,0,0.03012435077060415
0,0,0.021965524253855444
0,0,0.06252520193061586
0,0,0.03888369241450248
0,0,0.009465562488269824
0,0,0.017715444605044702
0,0,0.03084124293001506
0,0,0.0055989165999503114
0,0,0.01070456931032028
0,0,0.029194229980899274
0,0,0.0013020202187036009
0,0,0.026059340996781005
0,0,0.008078032309683634
0,0,0.016958398928810233
0,0,0.19792849701138202
0,1,0.5220198383219924
0,0,0.03467984772772942
0,0,0.025631246105232465
0,0,0.020850570977648062
0,0,0.005979229185776139
1,1,0.9999977168367039
0,0,0.016969189417958698
0,0,0.004308169326315438
0,0,0.0007667948649428338
0,0,0.08305671055507802
1,1,0.5160057304568518
0,0,0.019240834043133384
0,0,0.003735354042353378
0,0,0.019703177842240318
0,0,0.022312499385573965
1,1,0.9518354221932359
0,0,0.047265729176355735
1,1,0.5906541821904504
0,0,0.021037612699880217
0,0,0.3211824754033576
0,0,0.46818599205828687
1,1,0.9864790581425074
0,0,0.2651019498774029
0,0,0.020164673516631273
0,0,0.0003224322408426666
0,0,0.009970352276562155
0,0,0.0005567250369243817
0,0,0.004628054004354468
0,0,0.21712726576509703
0,0,0.056813815606899326
0,0,0.0972008377312043
0,0,0.30663444814112767
0,0,0.005036187634721719
0,0,0.4388721199487459
0,0,0.11597003941949002
0,0,0.002040163635077014
1,1,0.9999640823158152
0,0,0.018084252756555383
1,1,0.9999977168367039
0,0,0.0011141212035929427
0,0,0.015633729800727553
0,0,0.10571090850443164
0,0,0.30515959869438386
1,1,0.9999974214555729
0,0,0.009238288767463788
0,0,0.010001757900586869
0,0,0.005837845825910365
0,0,0.010292207817972094
0,0,0.0603127096703736
0,0,0.00011466371406797997
0,0,0.015046309197872839
0,0,0.001837810995981019
0,0,0.02968524194950284
0,1,0.5134037912575372
0,0,0.00047793279926020953
1,1,0.876670135879478
1,1,0.9908249375571655
0,0,0.0313930644234918
1,1,0.8942995684244135
0,0,0.028804337846856955
0,0,0.11795439330102865
0,0,0.05002781378518948
1,1,0.6946840871479935
0,0,0.003000535920013766
0,0,0.026292794788987335
0,0,0.01951565261168444
0,0,0.0468180011738899
0,0,0.02052951764947891
0,0,0.011613175008062379
0,0,0.03700831675103147
0,0,0.2766019928169317
0,0,0.3490365631763232
1,1,0.9999966804291738
0,0,0.006101252631681095
0,0,0.04890126023967919
0,0,0.00034324591705089984
0,0,0.004819428133375467
0,0,0.08936106914216227
0,0,0.0044020379779543435
1,1,0.9999974214555729
0,0,0.40242295170865655
0,0,0.1627842905380355
0,0,0.03198577823054637
0,0,0.000326937686506595
0,1,0.5051340386277755
0,0,0.007932501537644104
0,0,0.06008967930707423
1,1,0.9711603352885645
0,0,0.07707861350946899
0,0,0.012277864186083308
0,0,0.0686645081534038
1,1,0.9999981310497241
0,0,0.0248315201439874
0,0,0.035920677301972105
0,0,0.2080922671961781
0,0,0.15283020115297874
0,0,0.018027630973637517
0,0,0.07430722079484774
0,0,0.017262220214950493
0,0,0.033055821138763056
0,0,0.05535880912199162
0,0,0.011987229973109815
0,0,0.02011309328567173
0,0,0.03410722231987758
0,0,0.29664074475507174
0,0,0.04689193610482103
1,1,0.9929509483047182
0,0,0.0012505338181825103
0,0,0.10404825876955878
0,0,0.07174588222842766
1,1,0.9999964734721614
1,1,0.9999966804291738
0,0,0.03062256916834218
0,0,0.027068726087720006
0,0,0.004396940729007971
1,1,0.9999977168367039
0,0,0.08231404094149108
0,0,0.011963075982420263
0,0,0.22538726184530833
1,1,0.9612832545081437
0,0,0.001868614114501301
0,0,0.057249279185875024
0,0,0.011890065495200651
1,1,0.8802759328523485
0,0,0.004824078847438845
1,1,0.9999979498821073
0,0,0.003896877438343232
0,0,0.09975844903715358
0,0,0.24752976137526864
0,0,0.3906520419405022
0,0,0.016312137514229493
0,0,0.0053955986126789654
0,0,0.0470373975770312
0,0,0.030626398909172077
0,0,0.0036432271143454977
0,0,0.02942896452399253
0,0,0.05020959625903278
0,0,0.017887824395777668
0,0,0.032375399129052684
