y_true,y_pred,y_proba
0,0,0.47857974014181365
1,0,0.3778544627339092
1,0,0.37733601233838837
0,1,0.505777054879224
1,0,0.4933814302917469
1,0,0.48448776955376593
1,0,0.47901386986436006
0,1,0.5057555170827858
0,1,0.500651500456062
1,0,0.39061439976449996
0,1,0.5057555170827858
0,1,0.5012570768930981
0,0,0.4479414408568834
0,0,0.3327108089767095
0,0,0.0013725136957362769
0,1,0.508991123862357
0,0,0.4820529712950648
0,0,0.3053827691692066
1,1,0.999909070925362
1,0,0.48585894568688853
0,0,0.495265968953333
1,1,0.9998838897339798
0,0,0.3994622690312164
1,0,0.29570494790123436
0,1,0.5325918200360812
0,0,0.25702232882622544
0,0,0.0008928626715272686
1,0,0.48467810731099653
1,1,0.9988084081555229
0,0,0.4946488469145844
0,1,0.5076743679281751
1,0,0.43607089666200505
1,1,0.5117570155183621
0,0,0.4676353209829686
1,0,0.1683232199045749
1,0,0.4411816253461584
0,1,0.5067867173168109
0,1,0.5764671906433533
1,1,0.9998201702648055
0,0,0.06337395960435986
1,1,0.5547221740928294
1,0,0.4972298837007246
1,0,0.3152579457580672
1,0,0.4744281085293534
1,0,0.4807793268416952
0,1,0.5256431803309848
1,0,0.4990022763278688
0,0,0.49608150698402925
0,0,0.4405980817252018
1,1,0.5054497371271585
0,0,0.49287612112421464
1,1,0.999576252481042
1,1,0.5158308932685338
1,0,0.4907347032244565
1,1,0.5011532225266468
1,0,0.4860100318180232
0,0,0.4946488469145844
1,0,0.47313530896675765
1,1,0.587914036689435
1,1,0.5513895916340389
0,0,0.4871028010796751
1,1,0.6431479960650601
1,1,0.9998636727751936
1,0,0.33634973853336375
1,1,0.5001642265218117
0,1,0.500651500456062
0,0,0.486469105453305
0,0,0.48845925974350207
0,0,0.23234525060063807
0,0,0.21607837220201492
0,1,0.5123328805226314
1,1,0.5057555170827858
0,0,0.06128905555753105
0,1,0.500651500456062
0,0,0.4971334880395946
0,1,0.5118367471833358
1,1,0.5012570768930981
1,0,0.490580924207801
1,0,0.4885106476220711
1,1,0.508991123862357
1,1,0.5101707374594792
0,0,0.48136519204235034
1,0,0.47921645940165847
1,0,0.4900539305879104
1,0,0.2844932805237211
0,0,0.46563308330097114
1,0,0.4912617236679566
1,0,0.36110726838294155
0,1,0.5160326417932759
0,1,0.5058899615631003
1,1,0.6091479878707753
0,0,0.4946065887391616
1,1,0.5057555170827858
1,0,0.4912617236679566
0,0,0.20330540573052763
1,1,0.5112927524616139
0,0,0.4915317675983414
1,0,0.486469105453305
0,0,0.4799254528344699
1,1,0.9995092178356756
0,1,0.502216994528299
0,0,0.4857413665379931
0,0,0.20900038388052622
1,1,0.5057555170827858
1,0,0.4868810138278967
0,1,0.5397863875457328
0,0,0.3753538906464041
0,1,0.500651500456062
0,1,0.5327167468839366
0,0,0.38418334712615737
0,1,0.500651500456062
0,0,0.47857974014181365
0,1,0.5057555170827858
1,1,0.5057555170827858
1,0,0.29453529100878195
0,0,0.4998361020654101
0,0,0.4913126523089551
1,0,0.4912617236679566
1,0,0.49650404625184147
1,1,0.999905158610165
0,0,0.4998361020654101
1,0,0.4334556669661934
0,1,0.5067867173168109
0,0,0.4857413665379931
1,0,0.4294468183524216
1,1,0.5057555170827858
1,0,0.47226920300183217
0,0,0.48989976792439643
0,0,0.4855030379982238
1,1,0.5235163991133178
1,1,0.5517275656203573
0,0,0.09335176437056687
0,1,0.5011532225266468
1,0,0.45687801940476885
1,0,0.4907347032244565
1,0,0.4417549016047268
0,0,0.4034076198144134
0,0,0.4912617236679566
0,0,0.48910367429791374
0,0,0.39413775836600834
0,1,0.5517275656203573
0,0,0.43836906136918563
0,0,0.4885106476220711
1,1,0.511206960001663
0,1,0.5502969736643568
0,0,0.4907347032244565
0,1,0.5072840869333985
0,0,0.4933814302917469
1,0,0.4855030379982238
0,0,0.49942672204940186
0,0,0.32696187655522985
1,0,0.48573871947933595
0,0,0.3321862192462846
0,0,0.0012252656748187717
1,0,0.39413775836600834
1,0,0.3818320349253875
1,0,0.49608150698402925
0,0,0.4948434864506215
0,1,0.5023853019372048
1,0,0.4855030379982238
1,0,0.4933814302917469
1,1,0.5088540924344324
0,0,0.49041591639451965
1,1,0.9998927835264076
1,0,0.4725124011608007
1,1,0.5347009545520177
0,0,0.07250784554553483
0,1,0.50447924899713
0,0,0.37599280794750906
1,0,0.4696834483398623
0,0,0.36120343336857846
1,1,0.5032647979534378
1,1,0.5200437361609095
0,1,0.5076743679281751
0,0,0.4458650826800476
1,1,0.5076258794723396
1,1,0.5004800596271939
1,1,0.9998901002955519
0,0,0.4814464615211192
0,1,0.5174587936751366
1,0,0.4992119553781867
0,1,0.5048221855684755
0,0,0.39677472463999675
1,0,0.49205143468854007
1,0,0.4907347032244565
1,0,0.407165068404172
1,1,0.501249044073105
1,1,0.5253742558928252
0,0,0.3649254603620649
0,1,0.5057555170827858
0,0,0.4907347032244565
0,1,0.5150819833195287
0,0,0.4618447013463425
1,1,0.5855644850810672
0,0,0.4907347032244565
0,0,0.40289789173122426
1,1,0.512884948852028
0,0,0.4912617236679566
0,0,0.4887918962163911
1,1,0.9999292418446425
1,0,0.4909827331199917
0,0,0.49205143468854007
1,1,0.5518223346871334
1,1,0.5416978262077486
1,1,0.5072840869333985
1,1,0.5055357780844859
0,0,0.3265870513585775
1,0,0.49205143468854007
1,1,0.9994130439383435
1,0,0.3604094050673461
0,0,0.00028825025409654457
0,0,0.48448776955376593
1,1,0.9997016754204139
1,1,0.5877700447128248
0,0,0.06206626190384567
0,0,0.45660002352375656
0,0,0.4899639379480893
1,0,0.3086097605345922
1,1,0.9998784607213212
1,1,0.5327167468839366
0,0,0.47665913479113986
0,1,0.6342210493413627
1,1,0.5036272823927491
0,1,0.6671240066432691
0,0,0.48989976792439643
1,0,0.1733239362583503
1,0,0.4631985126275813
1,0,0.21767061920416658
0,0,0.48585894568688853
1,0,0.4733518323531324
1,1,0.9999488711811232
1,1,0.5054497371271585
1,0,0.44784783802532935
1,0,0.4892190408807621
0,0,0.4311030212297109
0,1,0.6447484371999309
1,0,0.46563308330097114
1,1,0.9999144049229888
0,0,0.0009725673199966799
0,0,0.4562429840032677
0,1,0.5018769655920293
0,0,0.2948463050766047
0,0,0.4723857038313165
1,0,0.4885106476220711
1,0,0.4321215835986679
0,0,0.3819927277078339
1,0,0.4967412875790193
0,0,0.3626451178994563
1,0,0.4755213022329046
0,0,0.46681083760322456
0,0,0.4907347032244565
0,0,0.49033948727285476
1,0,0.4895329671012819
1,0,0.3692234054837667
0,0,0.3628459701561881
0,0,0.0026764785078161536
0,0,0.454161765716314
0,1,0.5048221855684755
0,0,0.48790120539719756
1,0,0.3956615836013123
1,0,0.4993152916555989
0,0,0.4885106476220711
0,0,0.3549401748418837
0,1,0.5371784395733427
0,0,0.49942672204940186
0,0,0.37945775022198913
1,0,0.4853295672373662
1,0,0.4992119553781867
1,1,0.9996496564074483
1,0,0.3022054923742704
0,0,0.46331623966026164
0,0,0.4739832209603967
1,0,0.4769139587006113
0,0,0.4860100318180232
1,1,0.5255155899624375
1,0,0.39818991230187384
1,1,0.9999157153389121
0,1,0.7033270451687458
1,0,0.4842893787097104
0,0,0.007333388277552807
1,1,0.5198565962548757
1,0,0.48308069223743
0,0,0.4912617236679566
1,0,0.4378327863881147
1,1,0.9999098064982161
0,0,0.4913126523089551
1,0,0.37206574998657593
0,1,0.5267633627594583
0,0,0.4979392204809542
1,0,0.2916618035500564
0,0,0.0006319120781980101
1,0,0.49768411658655387
1,1,0.5048221855684755
1,0,0.495810082142245
0,0,0.4807793268416952
0,1,0.50447924899713
1,1,0.5212095561454495
0,0,0.47995480471244023
0,1,0.5057555170827858
1,1,0.999832103257457
1,0,0.479774359349528
0,1,0.5076802946337304
1,0,0.45996680251063976
1,0,0.4060473688156357
1,0,0.49951561036758535
1,0,0.4933814302917469
0,0,0.3563727418585898
1,0,0.49942672204940186
1,0,0.48625731022329105
0,1,0.5085366031599522
1,0,0.4946488469145844
0,0,0.30984789868415213
1,0,0.45525719323469377
0,0,0.05802371156567539
1,1,0.6826774179287781
1,0,0.4998361020654101
0,0,0.48185345875340946
0,0,0.00014736155431117749
0,0,0.47676349497183984
0,0,0.4087944072663364
0,1,0.6023257627556476
0,0,0.0005118224295994512
0,1,0.5011532225266468
0,0,0.4912617236679566
0,1,0.5243177414327319
0,0,0.4717455527773568
0,0,0.4754894135961971
0,0,0.495265968953333
0,0,0.490580924207801
0,0,0.44987190762480156
1,1,0.5049832307439804
0,0,0.4892190408807621
0,0,0.3526899528511761
1,1,0.5023853019372048
0,1,0.5088540924344324
0,1,0.5218204044959358
0,0,0.4694072672791838
0,0,0.3008909760101237
0,1,0.500651500456062
0,0,0.054989585523621924
1,1,0.502122378290864
1,0,0.3417470789794783
0,1,0.5353468842380853
1,0,0.490580924207801
1,1,0.9998866837594621
1,0,0.4907347032244565
1,0,0.18580666261943413
1,0,0.23317963151387977
1,1,0.5675669030743971
1,0,0.3793511054422275
0,0,0.48903757319549285
1,1,0.5192994964525475
0,1,0.5184880778783645
1,1,0.9997292350322788
0,1,0.6074145611042339
0,0,0.46594624479252594
1,0,0.4855030379982238
0,0,0.36720128613514175
1,1,0.5160326417932759
0,0,0.49942672204940186
0,0,0.49826983692633176
0,1,0.5057667528801252
0,1,0.5001167719538084
1,0,0.36799854785145486
1,0,0.4807793268416952
1,1,0.5112992757356464
0,1,0.5027080262836932
0,0,0.4950060589753081
1,0,0.4272529974198414
0,0,0.45660002352375656
0,0,0.45488423683751017
1,1,0.5612073095791169
0,0,0.37092874339619225
0,0,0.4225799499003163
1,1,0.5055357780844859
0,0,0.495810082142245
1,0,0.4907347032244565
1,1,0.500651500456062
0,1,0.6019150349983958
1,1,0.5008052678296921
0,1,0.5517275656203573
1,1,0.9998744168202574
1,1,0.5085366031599522
0,1,0.500651500456062
0,0,0.18329865468224799
1,0,0.3829376564655275
0,0,0.4734458959354259
0,0,0.4912617236679566
1,1,0.5048221855684755
1,0,0.49745143895102995
0,1,0.5088540924344324
1,0,0.4971334880395946
0,0,0.4820529712950648
1,1,0.5257823997301165
1,1,0.5184880778783645
1,1,0.9997750638575309
0,0,0.4912617236679566
1,1,0.5037678566793601
0,0,0.4827319904382518
1,1,0.9999187993012103
1,0,0.4933814302917469
1,1,0.506469971765277
0,0,0.3778450477388159
0,0,0.490580924207801
0,1,0.6290981732538784
1,0,0.3793511054422275
1,0,0.329037490524614
1,0,0.34707546047454235
1,0,0.4912617236679566
1,0,0.4967412875790193
0,0,0.470943743119802
0,1,0.5178074413912848
0,0,0.4871028010796751
1,1,0.5802921789113232
1,1,0.502765777263656
1,1,0.5070836571298218
1,1,0.5067966390581996
1,0,0.48625731022329105
0,1,0.628376311588237
1,0,0.49650404625184147
1,0,0.4994972782241022
0,0,0.4933814302917469
0,0,0.38388634296959
1,0,0.4992119553781867
1,1,0.5232059552195719
1,1,0.5057667528801252
1,0,0.40400518103889915
1,0,0.4913126523089551
1,0,0.42156749515719266
1,0,0.49041591639451965
1,1,0.9998708782641976
1,1,0.9999158818131887
1,0,0.39229234368747323
0,0,0.000822343885144721
0,0,0.4998361020654101
1,1,0.999948392275965
0,1,0.5081201138114664
0,1,0.5342087632771008
0,1,0.5085366031599522
1,1,0.9997628513312168
1,0,0.4978844819096963
0,1,0.5331353275985826
1,1,0.5017971745472473
0,0,0.004331719622641716
0,0,0.470943743119802
0,1,0.5253742558928252
1,0,0.47005391472123476
0,1,0.5389944436130558
1,1,0.500651500456062
1,1,0.502216994528299
1,0,0.495810082142245
0,0,0.4946065887391616
0,0,0.48750270147247166
0,0,0.0017108458280547943
0,0,0.4871999092103508
0,0,0.23429368207834914
0,0,0.386585979691655
1,1,0.9998749208582676
1,1,0.9998573566812917
0,0,0.042625668637516274
0,0,0.15550001110836167
0,0,0.45288471590544066
0,0,0.322921238797836
1,1,0.5282176379628747
0,0,0.48790120539719756
0,1,0.5045071998952658
0,0,0.42917040043621457
1,0,0.4725124011608007
1,0,0.49826983692633176
1,1,0.5002156084989241
0,0,0.4900539305879104
1,1,0.9998636763423577
1,0,0.4789891563632211
0,0,0.49568829798813635
0,1,0.5139805670099996
1,1,0.6030494583067936
0,1,0.5048221855684755
1,1,0.5282176379628747
0,1,0.5143965403516756
1,1,0.5327167468839366
0,0,0.45290627519769017
0,1,0.5476222912243448
1,0,0.49031752979009097
1,1,0.5017971745472473
1,0,0.4900539305879104
0,0,0.002274861795524841
0,0,0.07866545855951992
1,0,0.49745143895102995
1,0,0.37306670980193185
0,0,0.4814464615211192
1,1,0.5113330439328624
0,0,0.051427226944989385
1,1,0.5057555170827858
1,0,0.4907347032244565
1,0,0.44645451538698067
0,1,0.5138096092673896
1,0,0.490580924207801
0,0,0.4860100318180232
0,1,0.5067867173168109
0,0,0.495810082142245
1,1,0.500651500456062
0,0,0.4699121825652172
0,0,0.2884296493344884
0,1,0.50447924899713
1,1,0.5155337064684267
0,0,0.4823144661707579
0,1,0.5067966390581996
0,0,0.3857822869065695
0,1,0.5232059552195719
1,1,0.9998569874445584
0,0,0.49216839670940166
0,0,0.36791185939184673
1,0,0.457269589711403
1,0,0.4475679233462927
1,0,0.4907347032244565
0,0,0.48573871947933595
1,1,0.9999477225637062
1,0,0.3647020394080688
0,1,0.5101707374594792
0,0,0.49205143468854007
0,1,0.5081201138114664
1,1,0.9998456652496539
0,0,0.25017166475720787
0,0,0.4811700531343993
0,0,0.39364882340173185
1,0,0.4896613417951327
0,0,0.4885106476220711
0,0,0.4967412875790193
0,0,0.000560422725768239
1,0,0.4934191052853142
0,0,0.48625731022329105
1,0,0.48196789100776855
0,0,0.48941237791057035
0,1,0.5009284928860076
0,0,0.4860100318180232
0,0,0.4968686452949299
1,1,0.9995298487759441
0,0,0.4885106476220711
0,0,0.344717392081235
1,1,0.9999435184581623
0,0,0.4999023439888881
1,0,0.31430247653409593
0,0,0.4885106476220711
0,0,0.09457688427223916
1,0,0.4916579768149222
1,0,0.4611163727424205
0,0,0.0019854281045026297
0,1,0.5253640187645258
1,0,0.4589273846787943
1,1,0.9988598824345716
0,0,0.3923960900531558
0,0,0.48737046695486624
1,1,0.9997796533595046
1,0,0.49942672204940186
0,0,0.49107214256450515
0,0,0.008568692895060116
0,1,0.5731865567902863
0,1,0.502216994528299
1,1,0.5088540924344324
0,1,0.5798165714663306
1,0,0.4653427594930246
0,0,0.3342886455970719
0,0,0.36392778490864863
0,0,0.486469105453305
1,1,0.9999701346643641
0,0,0.4122853549090615
1,1,0.5076743679281751
1,1,0.5114171301477594
0,0,0.35519929099733444
0,0,0.42654597883476786
0,0,0.486469105453305
1,0,0.495265968953333
0,1,0.5070836571298218
0,0,0.4871028010796751
0,1,0.5169007468050232
0,0,0.48625731022329105
1,0,0.43751567587940987
0,1,0.507660868738234
0,1,0.5073904818711835
0,0,0.10312555464600485
1,0,0.49033948727285476
0,0,0.4933814302917469
1,0,0.4861044117756791
0,0,0.45113715750935196
1,1,0.999908851852716
1,0,0.44451067950949497
0,0,0.2071390576244478
1,1,0.5293670885727717
1,1,0.5011532225266468
1,0,0.4562429840032677
0,0,0.47059809919558865
1,0,0.40846120279273956
1,0,0.432881494410515
1,1,0.5122426637190173
0,1,0.6632206913586429
0,1,0.5085366031599522
0,0,0.407299457136056
0,0,0.06037376532844653
1,1,0.9999113513039276
0,0,0.07149414231095783
0,0,0.4913126523089551
1,0,0.4989992440564829
1,1,0.9998865828699564
0,1,0.5088540924344324
0,1,0.512884948852028
1,1,0.5255155899624375
0,0,0.06252167468066731
0,0,0.49041591639451965
1,0,0.4907347032244565
0,0,0.49031752979009097
0,0,0.47098397406822884
1,0,0.47639249688170054
1,0,0.4887918962163911
0,1,0.5011532225266468
1,1,0.9999254411668786
0,1,0.515081292151952
0,0,0.36221233682594867
0,0,0.486469105453305
0,1,0.5340646768226265
0,0,0.495265968953333
1,0,0.4895329671012819
0,1,0.5101707374594792
0,0,0.486469105453305
1,0,0.48910367429791374
1,0,0.490580924207801
0,0,0.49205143468854007
0,0,0.34052711789180895
0,0,0.4199772783065579
1,1,0.500651500456062
0,0,0.48903757319549285
0,0,0.48150343492530273
0,0,0.47967664775927027
0,0,0.33634973853336375
0,0,0.48150343492530273
0,1,0.5148760137825501
0,0,0.36807883573395933
1,1,0.99988536224411
0,0,0.4907347032244565
1,0,0.40185219985434034
1,1,0.9997624593576739
0,1,0.5138096092673896
0,1,0.5218204044959358
1,0,0.4971334880395946
0,1,0.8108477711963396
1,1,0.5615774341144467
1,0,0.2595497924936388
1,0,0.4907347032244565
1,1,0.9997197468189417
0,1,0.504303838619032
1,0,0.4195125004640472
1,1,0.9997518361706116
0,0,0.4885106476220711
1,0,0.4912617236679566
1,1,0.9999280776871596
1,1,0.5697572937857825
0,1,0.50447924899713
0,1,0.511206960001663
0,0,0.3688528458193949
0,0,0.1692997940143563
0,1,0.5101707374594792
0,1,0.5474264869439881
0,1,0.502122378290864
1,0,0.48791079184476405
0,0,0.4907347032244565
1,1,0.5660893377539493
0,0,0.20853537256277632
1,1,0.5023853019372048
1,0,0.42270241913850976
1,1,0.9998812486292409
0,0,0.49041591639451965
0,1,0.53125424714165
1,0,0.486469105453305
0,0,0.4653427594930246
1,1,0.5155337064684267
0,0,0.4502915027318544
0,0,0.4291576039869001
1,0,0.4328314401346664
1,0,0.3777529113750827
1,0,0.49034174473993847
1,0,0.41066305534200226
0,0,0.4998361020654101
1,1,0.9998867130565305
0,0,0.0018095918035955592
1,0,0.4993152916555989
1,0,0.3418161759108242
1,0,0.4438140095486455
1,1,0.5044565373347175
1,1,0.7083029220602732
1,1,0.6209030932726592
0,0,0.00015248631368063132
0,0,0.4928560554518983
0,0,0.4891308172695047
1,0,0.2410008082403575
0,0,0.47610008488982886
0,1,0.7275894257603454
1,1,0.5156035514689179
1,0,0.46057368783774394
1,0,0.4912617236679566
1,0,0.47302181782829394
0,1,0.5048221855684755
0,0,0.49608150698402925
0,0,0.4084278022315825
0,1,0.508991123862357
1,0,0.48393385839741326
0,1,0.5125687663376634
1,1,0.5123328805226314
0,1,0.5357399095150752
1,0,0.40776192024761615
0,0,0.2236564784055068
1,0,0.495810082142245
1,0,0.4766142092186834
0,0,0.495265968953333
1,1,0.9999354172223339
0,0,0.4953645761912011
0,0,0.495810082142245
1,0,0.4998361020654101
0,0,0.49768411658655387
1,0,0.10433784691854928
1,0,0.2994344919229541
1,0,0.23883574629390839
1,0,0.2972584069470821
0,0,0.4900539305879104
0,0,0.46156827412646867
0,0,0.29957996573518597
0,0,0.40699448022786455
0,0,0.3495430883977746
0,1,0.5057555170827858
1,1,0.9999143776272357
1,1,0.5004450448749472
1,0,0.26106114078888304
1,1,0.5057667528801252
0,1,0.5004140154404271
1,0,0.3337091134961244
1,0,0.4548816879857701
0,0,0.49875121851575566
1,0,0.48664508786995786
0,0,0.4097365447091748
0,0,0.3815606332167854
0,0,0.3686480078546591
1,0,0.4985074050412294
1,0,0.48989976792439643
1,1,0.502765777263656
1,1,0.5046916730976629
1,0,0.37058355874636595
0,0,0.46003539334545146
1,0,0.4811700531343993
0,0,0.4912617236679566
1,1,0.5267633627594583
1,0,0.41773986379437017
1,0,0.49826983692633176
0,0,0.3638540677873698
0,1,0.5057555170827858
0,0,0.4907347032244565
0,0,0.1292660951047912
0,0,0.3816015309838915
0,0,0.1425410105991052
1,1,0.9999031420581882
0,0,0.4860100318180232
0,0,0.4092368998344721
0,1,0.5014566263492947
0,0,0.4928560554518983
1,1,0.58452539799327
1,1,0.5253458529581767
1,1,0.9997361234052468
0,0,0.4982068338049318
1,0,0.3506109838081775
1,1,0.508560168293949
1,1,0.6924534004496862
1,0,0.4860100318180232
1,0,0.46529245979964645
1,0,0.49205143468854007
1,0,0.494818813398957
1,0,0.3470471495359042
1,0,0.4928560554518983
1,0,0.4192444226592076
0,0,0.4946488469145844
1,0,0.4143127052686202
0,0,0.4946065887391616
1,1,0.9999050767124464
1,0,0.38375592870601205
0,0,0.3294722286542996
1,1,0.500651500456062
0,0,0.47389565053059884
1,1,0.9997697428089368
0,0,0.26031597133155393
1,1,0.5057555170827858
0,0,0.49541332399454235
1,1,0.692110985418038
0,0,0.4243269162270355
0,0,0.38229794747926416
1,1,0.512884948852028
0,0,0.002254360282984252
0,0,0.4993152916555989
0,1,0.6619411490977226
1,1,0.9998371539573709
0,0,0.41138596604408306
0,0,0.00015166013441196693
0,0,0.10137181188164479
1,0,0.4996806141250493
1,0,0.3456760680035419
0,1,0.5048221855684755
0,0,0.37450177663212486
0,0,0.34093139163644176
0,0,0.49819920442741794
0,0,0.49414591846562594
0,1,0.5004800596271939
0,1,0.5057555170827858
1,0,0.4867937995483677
0,0,0.4933814302917469
0,0,0.39819907156399925
1,1,0.5384884893778376
0,1,0.5058883790672326
0,1,0.5054497371271585
1,1,0.556271423203638
0,0,0.4807793268416952
0,0,0.4907347032244565
1,0,0.49951561036758535
0,1,0.500651500456062
0,1,0.5421047816349007
0,0,0.38313216335592104
1,0,0.4747165201857111
0,0,0.41565783263111067
1,0,0.3095735633909777
1,0,0.48383197726303145
0,0,0.48316023278065307
0,0,0.4864191664221196
1,0,0.4907347032244565
1,0,0.3895774807871516
1,0,0.4366420560984111
0,0,0.49287612112421464
0,0,0.4900539305879104
1,0,0.4896613417951327
1,0,0.4896613417951327
0,0,0.495265968953333
0,1,0.5076743679281751
0,0,0.48158724101921135
1,0,0.31405418487983094
0,0,0.4885106476220711
0,0,0.1784736649634072
0,0,0.4979392204809542
1,1,0.5117570155183621
0,0,0.00032547791409411937
0,0,0.4992119553781867
0,0,0.49445825706076313
1,0,0.4137390587247164
0,1,0.5219321540377132
0,0,0.4877756808128805
0,1,0.5877700447128248
1,1,0.50447924899713
0,0,0.48023969057400573
1,0,0.4855030379982238
0,0,0.4507608936592464
1,0,0.48625731022329105
0,1,0.502122378290864
1,0,0.4907347032244565
0,1,0.5001167719538084
0,1,0.5001642265218117
1,1,0.5001642265218117
0,0,0.4912617236679566
1,0,0.48878185102457583
1,0,0.4912617236679566
1,0,0.27164684744624756
0,1,0.5912551054046468
0,0,0.4933814302917469
0,0,0.4693201936083539
0,0,0.45291353941892104
0,0,0.4853295672373662
0,0,0.4625976376122006
0,0,0.31569251810753113
0,0,0.490580924207801
1,0,0.22823424219817973
1,0,0.4946488469145844
1,0,0.4916579768149222
1,1,0.5925492763201949
0,1,0.5241964626843728
0,1,0.5327167468839366
0,1,0.5561019890692118
1,0,0.49768411658655387
1,1,0.9999043628789228
0,0,0.46650812548969284
0,0,0.47323136896065615
0,0,0.4955656789928899
0,1,0.5088540924344324
0,0,0.16830271454207382
0,0,0.4928560554518983
1,0,0.4717455527773568
0,0,0.3422138912765597
1,0,0.490580924207801
1,0,0.466332686128998
1,0,0.1900941848260248
1,0,0.48124945780507977
0,1,0.5028481574114908
0,1,0.5057555170827858
0,1,0.541781829005246
0,0,0.4820529712950648
1,0,0.2977373723757967
0,0,0.38229794747926416
1,1,0.5298718389670402
0,0,0.4590148479793884
0,1,0.5174587936751366
0,0,0.094155128697831
0,0,0.48784777391572864
0,1,0.5651648509579534
0,0,0.3589738881825029
0,1,0.5088557800125919
0,0,0.4946488469145844
1,0,0.4896166748196858
1,0,0.4940377775216328
0,1,0.5070836571298218
1,1,0.5028638146756271
1,1,0.5160326417932759
1,1,0.9998978125144488
1,0,0.4912617236679566
1,1,0.5026352487317978
0,1,0.504303838619032
0,0,0.07434881877382013
0,0,0.4855030379982238
1,1,0.9999141532539785
1,1,0.5400659368285602
1,0,0.4807793268416952
1,0,0.49656170312528386
0,1,0.5156035514689179
0,1,0.5008052678296921
0,0,0.4979392204809542
1,0,0.495265968953333
1,1,0.5135015168441988
1,0,0.3921142860084465
0,0,0.4913126523089551
0,0,0.4907347032244565
1,1,0.9999337013964825
0,0,0.49650404625184147
1,1,0.5041371922366241
0,0,0.48910369060061226
1,1,0.9996315759262309
0,0,0.00041107374800287733
0,1,0.5174587936751366
0,1,0.5088557800125919
1,1,0.5814718592449417
0,0,0.4547028390294789
1,0,0.48625731022329105
0,0,0.4900539305879104
0,0,0.49942672204940186
0,1,0.5012705578802124
1,0,0.49995932748697525
0,0,0.4912617236679566
0,0,0.04581090863676354
1,0,0.4717986079504584
0,0,0.48903757319549285
1,1,0.9997742596507465
1,0,0.48625731022329105
0,0,0.48585894568688853
0,1,0.504303838619032
0,1,0.6127061335645603
0,0,0.4376880495628543
0,1,0.5076802946337304
1,1,0.5057555170827858
0,1,0.5032647979534378
0,0,0.49826983692633176
1,0,0.48625731022329105
0,0,0.46013238266224676
0,0,0.47609191983112176
0,1,0.508560168293949
1,0,0.46013238266224676
0,0,0.49568829798813635
0,0,0.40797081355899373
1,0,0.4993152916555989
0,0,0.4928560554518983
1,1,0.5057667528801252
1,1,0.5076743679281751
1,1,0.5150887567807608
0,0,0.4979392204809542
1,1,0.9998744168202574
0,0,0.4630562029507989
0,0,0.2551846972170527
0,0,0.470943743119802
0,0,0.3670178525078418
1,0,0.4519232798950174
0,0,0.0008226773627824734
0,0,0.3404770261302342
0,0,0.4907347032244565
0,1,0.5303299141114717
0,0,0.47901386986436006
1,0,0.4535811173346463
0,1,0.5112992757356464
0,0,0.4871028010796751
0,0,0.4915317675983414
0,0,0.433100934699999
0,0,0.3462048108076286
0,0,0.34503698572166563
1,0,0.18276283868372098
1,0,0.45660002352375656
1,1,0.5070836571298218
0,0,0.4405980817252018
0,0,0.49608150698402925
1,0,0.47967664775927027
1,0,0.4008486881463316
1,0,0.4907347032244565
0,0,0.48845925974350207
0,0,0.4405980817252018
0,1,0.5017971745472473
1,1,0.9999037805481735
1,0,0.4817024537921271
1,0,0.3155122372728526
0,0,0.4498326687316145
0,0,0.48790120539719756
0,1,0.5081201138114664
1,0,0.16738167646204308
0,0,0.38339357180752154
0,0,0.45660002352375656
0,0,0.4912617236679566
0,1,0.5327167468839366
0,0,0.4946065887391616
1,0,0.48701195127603475
1,0,0.49568829798813635
1,0,0.48185345875340946
1,0,0.4933814302917469
0,0,0.32325219763173146
0,0,0.4900628211572311
0,0,0.04225583218014303
1,0,0.4933814302917469
1,0,0.4907347032244565
0,1,0.5081201138114664
1,1,0.9999244353469376
1,1,0.5072840869333985
0,1,0.5370558932094461
1,0,0.2982326527046442
1,0,0.486469105453305
0,0,0.2041867745330817
0,0,0.19873051294185667
0,1,0.5057555170827858
0,0,0.4892190408807621
0,0,0.48930448077785904
1,1,0.5710209107883762
0,1,0.5158308932685338
0,0,0.4907347032244565
0,0,0.4996806141250493
0,0,0.4933814302917469
0,0,0.4591366104120126
0,0,0.4842893787097104
1,1,0.999821031434591
1,0,0.4998361020654101
0,0,0.49951561036758535
0,0,0.4370950121475787
1,1,0.9998220539516668
0,1,0.5517275656203573
0,1,0.5076743679281751
1,1,0.9972460309595189
0,0,0.45906369351821935
0,0,0.46665935131431674
1,1,0.5138096092673896
0,1,0.5101707374594792
0,0,0.48585894568688853
1,0,0.4907347032244565
0,0,0.4855030379982238
1,1,0.9996762234271783
1,1,0.9999131978994246
0,1,0.5062448269506209
0,1,0.500245272175313
0,0,0.09641955235393168
0,1,0.5003878711973757
1,1,0.9998836949432827
1,1,0.508991123862357
0,1,0.5567481656103118
0,0,0.4864191664221196
1,0,0.4907347032244565
0,1,0.5016825827200134
1,1,0.5067867173168109
1,1,0.500651500456062
1,0,0.49465925643937925
1,1,0.5327167468839366
1,1,0.5101707374594792
1,1,0.5148760137825501
1,1,0.5128371673373038
1,0,0.47226920300183217
1,0,0.41822014831460264
1,0,0.49942672204940186
0,0,0.2858323668770614
0,0,0.0004457462031226798
1,1,0.999702093618833
0,0,0.3480957602136047
0,0,0.4699646820950023
1,1,0.999829051557402
0,1,0.5547752176996759
1,0,0.4443826907414414
1,1,0.6034572828168168
0,0,0.48585894568688853
0,1,0.5067867173168109
0,1,0.5058462284991216
1,0,0.49151481498323085
0,0,0.4491944001808525
1,1,0.5218204044959358
0,0,0.4596018067921801
0,0,0.49416182042724177
1,1,0.9999055213537646
0,0,0.391185643214436
1,0,0.49287612112421464
1,1,0.5086911788011228
0,1,0.5011532225266468
0,0,0.001610669812212804
1,0,0.49951561036758535
1,0,0.4998361020654101
0,0,0.4537317054018945
1,1,0.6267163506240501
1,1,0.5076743679281751
1,0,0.43710297090524486
1,0,0.46650812548969284
0,1,0.50447924899713
0,0,0.4928560554518983
1,0,0.4060473688156357
0,1,0.5011532225266468
1,0,0.4765014902456352
0,0,0.00032811307574521446
1,0,0.4885106476220711
1,0,0.404463661977702
1,0,0.49568829798813635
1,1,0.5128371673373038
1,0,0.4946488469145844
1,0,0.495810082142245
1,1,0.995164066689951
0,0,0.4853295672373662
0,0,0.49822443318461523
1,1,0.5232059552195719
0,1,0.5085366031599522
0,1,0.5240139591432558
1,0,0.4871028010796751
0,1,0.5037678566793601
1,1,0.9996105022996066
1,0,0.49809982764468097
1,1,0.5008052678296921
1,1,0.5218204044959358
1,0,0.49205143468854007
0,0,0.4701967887811243
1,0,0.48625731022329105
1,0,0.48585894568688853
1,1,0.5089772786806688
0,1,0.5037678566793601
1,0,0.4321215835986679
1,1,0.9994323219723098
0,0,0.28460894088578065
1,1,0.5048221855684755
1,1,0.5022290444153663
0,0,0.4912617236679566
1,1,0.9999275463775926
1,0,0.45310434366455565
0,0,0.49459921231843273
1,1,0.999524723981497
1,0,0.4867937995483677
1,1,0.9991242720215917
0,1,0.5091243031795275
1,0,0.4122592232711641
1,1,0.5102208626184002
1,0,0.39049744579093687
1,1,0.507274399703009
0,0,0.0039621324590043685
0,0,0.48120409343943293
0,1,0.5076802946337304
1,0,0.3197304183310074
0,0,0.470943743119802
0,0,0.4631711110067176
0,0,0.2233760837352027
1,0,0.4820529712950648
1,1,0.5067867173168109
0,0,0.4900628211572311
0,1,0.5019801049976537
1,1,0.5001167719538084
0,0,0.3778450477388159
1,1,0.529005129062254
0,0,0.38029585239311864
1,0,0.06794708795989525
0,0,0.1517766625709922
0,1,0.532086446046192
0,1,0.5062448269506209
1,0,0.3841604983455489
0,1,0.5085366031599522
0,1,0.5050717012599986
0,0,0.4807793268416952
0,0,0.4872861865853198
0,0,0.2686876899927333
0,0,0.4907347032244565
0,0,0.4896613417951327
1,1,0.503534072715108
1,0,0.47967664775927027
1,0,0.4694072672791838
1,0,0.48478454138764343
1,1,0.9999047501123743
0,0,0.37398138342893833
1,0,0.49527998605729306
0,0,0.2959122058823613
0,0,0.4860100318180232
0,1,0.5100717068447127
1,0,0.4275207409793029
1,0,0.36032502265238275
0,1,0.5174441365390968
1,0,0.4912617236679566
1,1,0.5112992757356464
1,0,0.4885106476220711
0,0,0.43854714367320685
0,0,0.48383197726303145
0,1,0.5024867708442424
1,1,0.5584000294251883
1,1,0.502122378290864
1,1,0.543787776574599
0,0,0.2770054747075204
1,0,0.4908578868983692
1,1,0.9998857520797673
0,0,0.4899639379480893
1,0,0.49951561036758535
0,0,0.4912617236679566
0,0,0.4122853549090615
0,0,0.18059976729513166
0,0,0.3093341040752489
1,1,0.9999347989021091
0,1,0.515081292151952
0,0,0.49287612112421464
1,1,0.508560168293949
0,1,0.5779677496299035
0,1,0.5085366031599522
1,1,0.5197479777260555
1,1,0.5004800596271939
0,0,0.4519232798950174
0,1,0.5370558932094461
0,0,0.23651295395799637
1,0,0.19657295791002122
1,0,0.39887648761249667
0,0,0.3157751404792156
1,0,0.3868465833228852
1,1,0.5013231163364681
0,0,0.38833811018138165
0,0,0.47610008488982886
0,0,0.49041591639451965
1,1,0.9999001932359795
0,0,0.41006934041762755
1,0,0.4354578738047872
1,1,0.5218204044959358
1,0,0.4967412875790193
1,0,0.4967412875790193
0,0,0.20853537256277632
0,1,0.5150887567807608
1,1,0.5814718592449417
0,1,0.5352861847582481
1,0,0.4993152916555989
0,0,0.49768411658655387
1,1,0.5160326417932759
0,0,0.34495807698645076
0,1,0.511293968279973
1,0,0.2332766113724051
1,0,0.4885106476220711
1,1,0.9998801481170104
1,0,0.40883774715691196
0,0,0.2278547258006738
1,0,0.4921020137547586
1,0,0.4272529974198414
1,0,0.4197027101011671
0,0,0.0036226575876789195
0,0,0.12054603215987336
1,1,0.5255155899624375
0,0,0.3736274878098608
0,1,0.50447924899713
1,0,0.4110475201291247
1,1,0.9998133198813162
1,1,0.9998886424157143
1,1,0.5253742558928252
0,0,0.2546728291092917
0,1,0.5067867173168109
1,0,0.3702700830466061
1,1,0.5076743679281751
1,0,0.44987190762480156
1,1,0.5037678566793601
0,0,0.25362881069623106
0,0,0.4322107591230478
1,1,0.9998992328876334
0,0,0.3069766422846044
0,0,0.4891308172695047
0,1,0.500651500456062
1,0,0.47758716578455446
1,1,0.9998246811448077
0,0,0.4807793268416952
0,0,0.4871028010796751
1,1,0.5122610108510347
0,0,0.4817024537921271
1,0,0.4322107591230478
0,0,0.34104322691698075
1,1,0.5224438628105497
0,1,0.5117570155183621
1,1,0.9998986820997076
1,1,0.5198565962548757
1,0,0.313036625083788
0,0,0.4896613417951327
1,0,0.4896613417951327
1,0,0.4496269222507324
0,0,0.3352074127801951
0,0,0.15486387667880733
0,1,0.5085366031599522
1,1,0.9998767240717344
0,1,0.5198565962548757
0,0,0.4678438467978672
0,0,0.057388176057193936
0,1,0.5032647979534378
0,1,0.5138096092673896
0,1,0.500651500456062
0,0,0.4913126523089551
1,1,0.9997352228418713
1,1,0.5057555170827858
0,1,0.5057555170827858
0,0,0.48912904856373174
0,1,0.501610774324314
0,0,0.4618447013463425
1,0,0.3784534849592545
0,0,0.4928560554518983
0,0,0.3914698262053421
0,1,0.511206960001663
1,0,0.49568829798813635
0,0,0.49205143468854007
0,0,0.4900539305879104
1,0,0.407299457136056
1,1,0.5484110522723787
1,0,0.4907347032244565
1,0,0.4853295672373662
0,1,0.5001642265218117
0,1,0.508991123862357
0,0,0.4807793268416952
1,0,0.29663230815329944
1,1,0.5112992757356464
1,0,0.4907347032244565
0,0,0.48903757319549285
1,1,0.611182944026359
0,0,0.06925016707689872
1,0,0.46662220964572343
1,0,0.395950137904716
0,0,0.4946488469145844
0,0,0.4483636597742694
0,0,0.15014949563761787
1,0,0.35146729523736764
0,0,0.45550742952886697
1,1,0.5477026380639165
0,0,0.47283454725045965
0,0,0.31936329095507326
1,0,0.490580924207801
1,1,0.5245875953402119
0,0,0.495810082142245
1,1,0.529519837690809
1,0,0.4979392204809542
0,1,0.5085366031599522
0,0,0.32670154803057877
0,0,0.34184884748554534
0,1,0.5148760137825501
0,0,0.4873145969255669
1,0,0.38644427581512364
1,1,0.5112442757405166
0,0,0.48185345875340946
0,0,0.00035937393059837306
0,1,0.5122610108510347
1,1,0.9997958611759382
0,0,0.4860100318180232
0,1,0.503534072715108
1,1,0.9998573566812917
1,0,0.49608150698402925
0,0,0.486469105453305
1,0,0.4912617236679566
0,0,0.4967412875790193
0,0,0.0005044337253159694
0,1,0.5219321540377132
0,0,0.47491092698227244
1,1,0.5255155899624375
0,0,0.2650195718317613
1,1,0.5054497371271585
0,0,0.49031752979009097
0,0,0.4955656789928899
1,1,0.6873442137554926
1,0,0.218740566603795
1,1,0.9999081255312103
1,0,0.495810082142245
0,0,0.48573906876468964
1,0,0.4907347032244565
0,1,0.5076258794723396
0,0,0.470943743119802
0,0,0.38466604523741366
0,0,0.49031752979009097
1,0,0.0654140044951271
1,0,0.47610008488982886
0,0,0.12835582050609828
1,0,0.4998361020654101
0,0,0.3814316583952635
0,0,0.4562429840032677
0,1,0.5150819833195287
1,0,0.40747816331795655
0,0,0.4900628211572311
1,0,0.48903757319549285
0,1,0.5212000129007186
1,0,0.47935012505125824
0,1,0.508560168293949
1,0,0.47935012505125824
0,0,0.48749056346311165
0,1,0.5456355256817255
1,1,0.5122426637190173
1,1,0.5232059552195719
1,1,0.556271423203638
1,1,0.5076258794723396
0,1,0.6458871278298701
1,0,0.4971334880395946
0,0,0.24999447789525797
1,0,0.36491843580608757
1,1,0.5156035514689179
0,0,0.3778012259578315
0,1,0.5057555170827858
1,0,0.17576446584498842
0,0,0.3936639274445777
0,0,0.48683018475662004
1,0,0.4946488469145844
0,0,0.4725124011608007
1,1,0.5088540924344324
0,0,0.4928560554518983
1,1,0.9998356683101461
1,0,0.48737046695486624
0,0,0.4153742706864272
0,1,0.5198565962548757
1,1,0.5262554959215918
0,1,0.6324432869167774
0,0,0.21790057512112096
1,0,0.4860100318180232
0,1,0.5006197416275022
0,1,0.5285604383501384
1,1,0.5016825827200134
0,0,0.4907347032244565
0,0,0.39121802144792545
1,0,0.40955086346485653
0,0,0.4571021611640761
1,0,0.38574850940540145
1,0,0.4334067011646372
1,0,0.41140196951470515
0,0,0.39116348569950354
0,0,0.48989976792439643
0,0,0.4907347032244565
0,0,0.4912617236679566
0,0,0.38983318705796965
0,0,0.4998361020654101
1,0,0.4992119553781867
1,1,0.5218204044959358
1,0,0.39303581817653815
0,0,0.4602549547119698
1,0,0.4998361020654101
0,1,0.5255155899624375
1,1,0.9970608448688395
0,0,0.4321215835986679
1,1,0.5067867173168109
1,1,0.5057555170827858
1,1,0.5725103987833597
0,1,0.5190351495452742
0,0,0.12660568201357103
0,1,0.5112992757356464
0,0,0.4334556669661934
0,1,0.5253742558928252
1,1,0.5327569587795925
0,0,0.462970322051189
0,0,0.25877592620124135
1,1,0.5067867173168109
0,0,0.49041591639451965
1,0,0.4503051424500538
1,0,0.4868810138278967
0,0,0.4634844030906134
0,0,0.4907347032244565
1,1,0.9995257112763919
1,0,0.4425130041599853
1,1,0.5285604383501384
0,0,0.38644427581512364
0,0,0.46665335899161314
0,0,0.0011752891114681372
1,1,0.5517275656203573
0,0,0.4631711110067176
0,0,0.4807793268416952
0,0,0.47967664775927027
1,0,0.37863498416516533
1,1,0.502216994528299
0,0,0.4912617236679566
1,1,0.5184880778783645
0,0,0.4631711110067176
0,1,0.5814718592449417
0,0,0.41883415106513766
1,0,0.4913126523089551
0,0,0.4602549547119698
0,0,0.49216839670940166
0,0,0.37571642453839604
0,0,0.2821606016043996
1,1,0.5327569587795925
1,1,0.5052155750330206
1,0,0.4820529712950648
0,0,0.12473856822237328
1,0,0.31529550643611143
1,0,0.4896613417951327
1,0,0.4121437237689658
0,0,0.39298554674788955
0,1,0.5148760137825501
1,1,0.545654226833501
1,0,0.4920983074990665
0,0,0.4998361020654101
1,1,0.6115848613975333
0,0,0.454161765716314
0,1,0.5078368800906871
0,1,0.504303838619032
1,0,0.4789891563632211
0,1,0.5070836571298218
1,1,0.515081292151952
0,0,0.4885106476220711
0,1,0.5156035514689179
1,1,0.5010853234366129
0,0,0.45488423683751017
1,1,0.500651500456062
1,1,0.5960607936378245
1,1,0.5123328805226314
1,1,0.5241964626843728
0,0,0.4885106476220711
0,0,0.3150123125477252
0,0,0.34056967796725457
0,0,0.20227769622276287
1,1,0.5299455942071952
1,0,0.4923590586121958
0,0,0.49041591639451965
1,0,0.4907347032244565
1,0,0.16699483775210378
0,0,0.4899639379480893
0,0,0.3665827924911607
0,1,0.5037678566793601
0,0,0.4855030379982238
0,1,0.5267633627594583
0,0,0.3587585629808016
1,1,0.5101707374594792
0,0,0.4885106476220711
1,0,0.4693201936083539
0,0,0.4913126523089551
0,0,0.2634129297221958
1,0,0.4896613417951327
0,0,0.0026925908362561727
1,0,0.4900539305879104
0,0,0.414393791497856
1,0,0.4885106476220711
1,1,0.5174441365390968
0,1,0.5069482608209925
1,1,0.9999045166320861
1,0,0.4998361020654101
0,0,0.49246603802162564
1,1,0.9978394063202203
0,1,0.5156035514689179
1,1,0.5245875953402119
0,0,0.4928560554518983
1,1,0.5082991748774874
0,1,0.5061391490652832
1,0,0.18497690523144028
1,0,0.4946065887391616
0,0,0.24426520519493503
1,1,0.5001167719538084
0,0,0.38796358838964506
0,1,0.5021421585767252
1,1,0.9998186078880589
1,0,0.3110732606202295
0,0,0.3127421048197232
1,0,0.4998361020654101
0,0,0.3579836058151729
0,0,0.4756582532445452
1,1,0.52894710952391
0,0,0.4726085439584986
1,0,0.496508883964663
0,0,0.4913126523089551
1,0,0.49608150698402925
0,0,0.3424804440248161
1,0,0.46183894559863986
1,1,0.9996734017726169
1,1,0.5267398106110882
1,0,0.4593642453494744
0,0,0.49608150698402925
0,1,0.5475177787576623
1,0,0.4885106476220711
1,0,0.47935012505125824
0,0,0.4855030379982238
0,1,0.504303838619032
1,1,0.5245875953402119
1,0,0.4912617236679566
1,1,0.5076743679281751
1,0,0.4885106476220711
0,0,0.38644427581512364
0,0,0.4864191664221196
1,0,0.4928560554518983
0,1,0.5004800596271939
1,1,0.508684971866933
1,0,0.41299555406814153
1,1,0.5533369988202878
1,0,0.484106931283041
0,1,0.5138096092673896
0,0,0.32325219763173146
0,0,0.4104910757634349
0,0,0.44784783802532935
1,1,0.5612073095791169
0,0,0.44219564075043555
0,1,0.6119290102188027
1,0,0.3837321337057045
1,1,0.9996308087147356
1,0,0.3282220706889565
0,0,0.49031752979009097
0,0,0.49205143468854007
0,1,0.5082991748774874
0,0,0.42650921580756745
0,0,0.48158724101921135
1,1,0.5618784020540524
1,1,0.5088557800125919
0,0,0.4028085843409491
0,0,0.05683260006844888
0,1,0.5156035514689179
0,1,0.502216994528299
1,1,0.500651500456062
0,0,0.4871028010796751
0,0,0.43547944433037855
1,0,0.4561183168811998
1,1,0.5004140154404271
1,0,0.4900539305879104
1,1,0.999944699786151
1,0,0.44536785470115414
1,0,0.10571630397229204
0,0,0.4885106476220711
1,0,0.3724131947025354
0,0,0.018934453857961577
0,0,0.3571398324732098
1,1,0.9999063945143256
0,1,0.5017791237852421
0,1,0.5055423962147644
0,0,0.41006934041762755
0,1,0.5925492763201949
1,1,0.9998521019576784
0,0,0.4128364215765882
0,0,0.17522781106968605
0,0,0.3685932915014113
1,1,0.5517275656203573
0,0,0.21393380717334548
1,1,0.9995190446667894
1,0,0.4084556777231409
0,0,0.4995851666525363
0,0,0.3083881575943316
0,0,0.4820529712950648
0,0,0.4885106476220711
1,1,0.5055379882233427
1,1,0.9999028470356244
1,1,0.5219321540377132
0,0,0.28721288105888526
0,0,0.4928560554518983
0,0,0.12948126939725374
0,0,0.470943743119802
1,0,0.4967412875790193
0,1,0.5061391490652832
0,0,0.4713930658093873
1,1,0.9996327178677443
1,1,0.5054497371271585
1,1,0.58217785310498
0,0,0.4998361020654101
1,1,0.5016825827200134
1,0,0.38454854914870423
1,1,0.5160326417932759
0,1,0.5008052678296921
1,1,0.5318533960162486
0,0,0.4781959074749151
1,1,0.5327167468839366
1,0,0.46385474855023817
0,1,0.5016825827200134
0,0,0.2530828270377788
1,1,0.5016825827200134
0,1,0.5104426423693166
1,0,0.48707866741013045
0,1,0.511206960001663
1,1,0.5169007468050232
0,1,0.5714944846563789
0,0,0.42941069418015676
1,0,0.495265968953333
0,0,0.490580924207801
1,1,0.5054497371271585
1,1,0.9998408482118294
0,1,0.5082991748774874
0,1,0.50447924899713
1,1,0.9998336739109954
1,1,0.5043641612377805
1,1,0.9999322526517744
1,0,0.49942672204940186
0,1,0.5218204044959358
1,0,0.4334556669661934
0,0,0.4999023439888881
0,1,0.5325865790732335
1,1,0.5184880778783645
0,0,0.34394142288481194
1,0,0.4907347032244565
0,0,0.44979024450019744
1,0,0.4871028010796751
0,0,0.49568829798813635
1,1,0.5156035514689179
1,0,0.4820529712950648
0,0,0.49515425009356323
0,0,0.48983845898030154
0,1,0.5088540924344324
0,1,0.5016825827200134
1,1,0.5048221855684755
1,0,0.29440279859532925
1,0,0.49608150698402925
1,0,0.2260215824484777
1,0,0.4871028010796751
0,1,0.512884948852028
0,0,0.1827681014946601
0,0,0.495265968953333
0,0,0.38710626543922294
0,1,0.500651500456062
1,1,0.5533369988202878
0,0,0.07875945569496617
0,1,0.606118202703278
1,0,0.486469105453305
0,1,0.556271423203638
1,1,0.58452539799327
0,1,0.500651500456062
1,1,0.5138096092673896
1,0,0.4967412875790193
0,1,0.5076743679281751
0,1,0.566803989389182
0,0,0.0624642569235519
0,0,0.3691699435251906
0,1,0.5255155899624375
0,1,0.508991123862357
0,1,0.5067867173168109
0,0,0.15398534129977126
0,0,0.48989976792439643
1,1,0.5192994964525475
0,1,0.5088557800125919
0,1,0.5139805670099996
1,0,0.49608150698402925
1,1,0.5675669030743971
1,1,0.9999299581863069
0,0,0.48810224981010386
0,0,0.38974257262270506
1,0,0.4995851666525363
1,1,0.9998814026924897
1,0,0.45488423683751017
1,1,0.5139805670099996
0,0,0.3038546291275787
0,1,0.5067966390581996
1,0,0.4994972782241022
0,0,0.4896613417951327
1,0,0.49287612112421464
0,0,0.4946488469145844
0,0,0.4855030379982238
0,0,0.4805667550281823
1,0,0.4946065887391616
0,1,0.5041371922366241
0,0,0.4820529712950648
0,0,0.4972378898015301
0,0,0.004375874349258142
1,0,0.47702732433121176
1,0,0.4933814302917469
1,0,0.4318179261894216
1,1,0.9996168026956769
1,0,0.4913126523089551
0,1,0.515081292151952
1,1,0.5388815584736312
0,1,0.5740222994002903
0,0,0.4857413665379931
0,0,0.003993538198109044
1,0,0.4857940284455393
1,1,0.9917647362150718
0,1,0.6023257627556476
0,0,0.3490566171866774
0,0,0.486469105453305
0,1,0.512884948852028
0,0,0.490580924207801
0,0,0.44890042224296306
0,0,0.4900539305879104
0,1,0.50447924899713
0,0,0.27859024479972644
1,0,0.470943743119802
0,0,0.49041591639451965
1,0,0.3474233471260373
1,0,0.3647267447667012
1,1,0.629875414727742
0,1,0.5076743679281751
0,1,0.5160326417932759
0,0,0.14622964670125638
0,1,0.5491663761936258
0,0,0.4912617236679566
0,1,0.5162406105815274
0,0,8.508660647662712e-06
0,0,0.4881652525341619
0,1,0.5046439033172764
0,1,0.5088540924344324
0,0,0.2809052295607537
0,0,0.49041591639451965
0,0,0.49819920442741794
1,0,0.49081113013433203
0,0,0.15524412913961097
0,0,0.4896613417951327
0,0,0.0012133116446925488
1,1,0.9993159597034703
0,1,0.5085366031599522
1,0,0.4122853549090615
0,1,0.5072840869333985
0,1,0.5218204044959358
1,1,0.9999195745608978
1,1,0.511206960001663
0,0,0.4559550564588939
1,0,0.44987190762480156
1,0,0.3097373638055792
1,0,0.4885043076762099
0,0,0.4907347032244565
1,1,0.5651710339271994
1,0,0.48158724101921135
0,0,0.47710786928360877
1,1,0.5082073528828166
0,1,0.503534072715108
0,0,0.4913126523089551
0,1,0.5160326417932759
0,0,0.4907347032244565
1,0,0.3516598521840022
0,0,0.49465925643937925
1,0,0.4814464615211192
1,0,0.38635646096476867
0,0,0.49041591639451965
1,1,0.9998418328079284
1,1,0.7434356593323832
1,0,0.4972298837007246
1,0,0.4265723946366644
1,0,0.41447435938786215
1,1,0.500651500456062
1,1,0.9998950732654732
1,0,0.4913126523089551
0,0,0.4937730289425932
1,0,0.39819907156399925
1,1,0.6407187174257635
0,1,0.5375116145934116
0,0,0.48185345875340946
0,1,0.500245272175313
0,1,0.5033822718305178
0,0,0.4885106476220711
1,1,0.511206960001663
1,0,0.3475273897342905
0,0,0.49942672204940186
1,0,0.47098397406822884
0,0,0.29579536332063
0,1,0.5138096092673896
0,0,0.35047009464376083
1,0,0.4835429876284037
0,0,0.30971896113467146
0,0,0.05590506286287178
1,0,0.49205143468854007
0,1,0.5174441365390968
0,0,0.0028985802020564423
0,1,0.5484827591816958
1,0,0.4912617236679566
0,0,0.45660002352375656
1,0,0.4789891563632211
1,1,0.500651500456062
1,0,0.4235381393769223
0,0,0.4907347032244565
1,0,0.4850475478031784
1,1,0.5008052678296921
1,0,0.4961194986577269
0,1,0.5004140154404271
1,0,0.489069178666584
0,1,0.502216994528299
1,0,0.49041591639451965
1,0,0.48707866741013045
0,0,0.4611833961110789
0,0,0.486469105453305
0,0,0.2927520193516984
0,1,0.5653240171010517
0,0,0.4900539305879104
0,1,0.5160326417932759
1,0,0.4860100318180232
0,1,0.504303838619032
1,1,0.5001642265218117
1,0,0.44219564075043555
1,0,0.4946488469145844
0,1,0.5054497371271585
0,0,0.00041141277414922286
1,0,0.4499414970326944
1,0,0.15234817058275846
0,1,0.5008052678296921
0,1,0.5517545227955606
1,0,0.37058355874636595
1,0,0.4871028010796751
0,0,0.49138491198666506
0,0,0.4907347032244565
1,1,0.5142282295696362
0,0,0.49608150698402925
0,1,0.5517275656203573
1,0,0.49217462945467416
1,1,0.518703046927564
1,1,0.6465274090717743
1,1,0.9996254875927298
1,0,0.4892190408807621
0,1,0.5001167719538084
1,0,0.34631771448062876
0,1,0.7465559983114297
0,1,0.5148760137825501
1,1,0.5088540924344324
0,0,0.47639249688170054
0,1,0.5067867173168109
0,1,0.502122378290864
0,0,0.4363524944184296
1,1,0.50447924899713
1,0,0.4896613417951327
0,1,0.500651500456062
0,1,0.5160326417932759
0,0,0.3584250671815133
1,0,0.4435954489416395
1,0,0.4933814302917469
1,0,0.29440279859532925
0,0,0.00041623896595999605
0,0,0.49608150698402925
0,1,0.5088540924344324
1,1,0.9996505862001046
0,0,0.49109307362971005
1,1,0.5147224519785338
0,0,0.45049847854653413
0,1,0.5018231794488057
0,0,0.4972298837007246
1,1,0.5169007468050232
1,1,0.9987438930972012
1,1,0.9999168085388348
1,0,0.4899639379480893
0,1,0.5113330439328624
0,0,0.30817317202462696
1,1,0.5160326417932759
1,1,0.5004800596271939
0,0,0.48219696583110777
0,0,0.466953772572762
1,1,0.9996910461921819
0,0,0.3882558487560949
0,0,0.2260215824484777
0,1,0.5057555170827858
1,0,0.4885106476220711
0,0,0.490580924207801
1,0,0.4992119553781867
0,0,0.41901322105518607
1,1,0.5055733471991092
1,1,0.9998856201944067
1,0,0.49551532545962285
1,1,0.5198565962548757
0,0,0.4983524308195326
1,0,0.4869696459455474
1,0,0.3765937655883515
1,1,0.7871834868679068
0,0,0.49608150698402925
0,1,0.5204538342450359
0,1,0.5200437361609095
0,0,0.03619391435689073
1,1,0.9998575438812186
1,1,0.5088540924344324
0,0,0.4979392204809542
1,1,0.5779677496299035
1,1,0.9997097730485895
0,0,0.38822348293662534
1,0,0.4999023439888881
1,1,0.5264464906938628
0,0,0.49768411658655387
0,0,0.46013238266224676
1,1,0.9852949733261783
1,0,0.4892190408807621
1,0,0.49459921231843273
0,0,0.4623002398811071
1,0,0.49264978918449936
1,0,0.4907347032244565
0,0,0.41006934041762755
0,1,0.5057667528801252
1,0,0.4993152916555989
1,1,0.5067867173168109
0,0,0.4873145969255669
1,0,0.49356163425722666
1,0,0.15131086137461744
1,0,0.4921020137547586
1,0,0.24315591215231702
1,0,0.4682125988315581
0,1,0.5004800596271939
0,0,0.3581740360983907
1,1,0.5046916730976629
0,0,0.4912617236679566
0,0,0.2562308237534441
0,1,0.5076802946337304
0,0,0.37733601233838837
0,0,0.49459921231843273
1,0,0.3947756031499412
1,0,0.4979392204809542
0,0,0.4321215835986679
1,1,0.5472116051895096
1,0,0.33394369459936724
1,1,0.9998838980574863
0,1,0.5160326417932759
1,0,0.4871028010796751
0,1,0.8097413130311536
1,0,0.4812338006718794
1,1,0.5085366031599522
0,1,0.5232059552195719
0,1,0.502216994528299
0,1,0.5001642265218117
0,0,0.4907347032244565
1,0,0.2561355297342764
1,0,0.4855030379982238
1,0,0.48625731022329105
0,0,0.4896613417951327
1,0,0.2032621658401993
1,0,0.45837469937268444
0,1,0.5008052678296921
0,1,0.512884948852028
0,1,0.6474807707285044
0,0,0.4985074050412294
1,1,0.502122378290864
1,0,0.4896613417951327
0,0,0.4998361020654101
1,0,0.4885106476220711
0,1,0.5057555170827858
0,1,0.5160326417932759
0,0,0.49935287105484627
0,0,0.47639249688170054
1,0,0.4807793268416952
0,1,0.5156035514689179
1,1,0.9996568035844112
1,1,0.508991123862357
0,0,0.48707866741013045
1,0,0.4907347032244565
1,0,0.4864191664221196
0,1,0.5150819833195287
1,1,0.5002156084989241
0,1,0.5160326417932759
0,0,0.4912617236679566
0,1,0.5070856669738045
0,0,0.49205143468854007
0,1,0.5256374848172215
0,1,0.5048221855684755
0,0,0.4699121825652172
1,0,0.4885106476220711
1,0,0.4961194986577269
1,0,0.4596018067921801
0,0,0.4855030379982238
1,1,0.5318725006165753
0,0,0.4693201936083539
0,0,0.4268108061607462
0,0,0.48625731022329105
0,0,0.34852204026514244
0,0,0.36407966602913555
0,1,0.5048221855684755
0,0,0.19922420741588528
1,0,0.490580924207801
0,0,0.486469105453305
0,0,0.4807793268416952
1,1,0.9998062349980952
0,0,0.35672424928690344
0,0,0.39361774245740666
0,1,0.5004800596271939
0,0,0.3994622690312164
0,0,0.027932828162236273
0,1,0.502122378290864
0,0,0.4998361020654101
0,0,0.3829376564655275
0,1,0.5814718592449417
0,0,0.020482870469790505
0,0,0.0003092988754662078
1,1,0.9997790733906718
0,0,0.49942672204940186
0,1,0.5517275656203573
1,0,0.3318883377631284
0,0,0.04361584995008068
0,0,0.47676349497183984
0,0,0.028073847134172953
1,0,0.48317580182389197
0,1,0.502216994528299
0,0,0.0366597657371364
1,0,0.4885106476220711
1,1,0.5255155899624375
0,0,0.2419443207785282
0,0,0.4907347032244565
0,0,0.4653427594930246
0,1,0.501249044073105
0,0,0.49031752979009097
0,0,0.4596783506278534
0,1,0.5076743679281751
0,0,0.48625586658907616
0,0,0.4946065887391616
1,0,0.4080196860653441
1,1,0.5160326417932759
0,1,0.5057555170827858
0,0,0.48181691623876266
1,1,0.5102208626184002
0,0,0.08950062190148923
1,0,0.4923590586121958
1,1,0.9996476789040737
1,0,0.4860100318180232
1,0,0.4907347032244565
1,1,0.511293968279973
0,1,0.5138096092673896
1,0,0.486469105453305
1,0,0.4814464615211192
0,0,0.4998361020654101
0,0,0.34401493230595825
1,1,0.500651500456062
0,0,0.3874184392470794
1,1,0.9504424911405338
0,0,0.19068963853357956
0,0,0.49650404625184147
0,0,0.4860398956019552
0,0,0.05680561560486299
1,1,0.5076802946337304
0,0,0.2945144608011825
0,0,0.37398138342893833
1,0,0.0412453605626132
1,0,0.4631711110067176
1,0,0.48476437361989816
1,0,0.48383197726303145
0,0,0.47313530896675765
0,1,0.6275273955996971
0,0,0.48910367429791374
1,0,0.49942672204940186
1,1,0.5174587936751366
1,1,0.5057555170827858
0,0,0.49568829798813635
0,0,0.4907347032244565
0,0,0.48737046695486624
1,0,0.4896613417951327
0,0,0.23580695448811423
0,0,0.32567607418920314
1,0,0.4757596354975098
0,1,0.5001642265218117
0,0,0.4998361020654101
0,0,0.4860100318180232
1,0,0.37917753175681645
0,1,0.502765777263656
0,0,0.4913126523089551
0,1,0.824943435224488
0,0,0.26319009567491825
1,0,0.290340354298209
1,1,0.5235163991133178
0,1,0.5418457529772703
1,0,0.22599044586978376
1,1,0.5163347388339614
1,0,0.1832112746485575
0,0,0.4858418995193197
0,0,0.0003692326264764331
1,0,0.4631711110067176
1,1,0.9999509804789147
1,1,0.5081201138114664
1,1,0.5038705162336773
1,0,0.41612836504690953
0,0,0.2814812770348434
1,1,0.5057555170827858
1,1,0.5256374848172215
0,0,0.490580924207801
0,0,0.3912942141425807
1,0,0.4998361020654101
0,1,0.5081201138114664
0,0,0.3846995272471537
0,1,0.5088557800125919
1,0,0.4899639379480893
1,0,0.3603617915941519
0,1,0.5007747256321287
0,0,0.019072322241779814
1,0,0.454161765716314
1,0,0.0009081439032974157
1,1,0.9998589435012776
0,0,0.39819907156399925
1,0,0.4985074050412294
1,0,0.45226141588834284
0,0,0.4907347032244565
1,0,0.43870524367505853
0,0,0.28463647643445816
0,0,0.3778012259578315
1,1,0.9998951228624487
0,0,0.2511118599193796
1,0,0.49465925643937925
1,1,0.508991123862357
1,0,0.48158724101921135
0,1,0.5099288135577005
0,0,0.46013238266224676
1,1,0.9999057830907763
0,1,0.6253392513158564
0,0,0.3143822464761404
0,0,0.4149774193036969
1,0,0.495810082142245
0,0,0.48158724101921135
1,0,0.4335880871458138
0,0,0.3999467065601128
0,1,0.504303838619032
1,0,0.37973870430900347
0,1,0.5088540924344324
1,0,0.49205143468854007
1,0,0.48903757319549285
1,1,0.5979338539015304
0,0,0.08765007505014495
0,1,0.5238341679535461
1,1,0.5370558932094461
0,0,0.49041591639451965
0,0,0.02787222271706494
1,0,0.4113834420378817
1,0,0.29508680882323735
0,0,0.4130314203901405
0,0,0.48476437361989816
0,1,0.5001059605314259
1,0,0.49608150698402925
1,0,0.49138491198666506
0,0,0.4885106476220711
0,0,0.0005447093689659742
1,1,0.5198565962548757
1,1,0.5123328805226314
1,1,0.9997787056008879
1,1,0.5088540924344324
0,0,0.49942672204940186
0,0,0.4814464615211192
0,0,0.30453522992631427
1,1,0.5253742558928252
0,0,0.3724211057253046
1,1,0.5001167719538084
1,0,0.4933814302917469
0,0,0.48383197726303145
1,1,0.9999582610998191
1,0,0.470943743119802
0,0,0.49608150698402925
0,0,0.48903757319549285
1,1,0.9917647362150718
1,0,0.4631749793885011
1,0,0.4933814302917469
1,0,0.4807793268416952
0,1,0.5200437361609095
0,0,0.3876471824970849
0,0,0.454161765716314
1,1,0.503534072715108
0,0,0.4913126523089551
0,0,0.3482026959259741
0,1,0.5517275656203573
1,1,0.5054497371271585
0,1,0.5463843231358315
0,0,0.3778544627339092
0,0,0.026388654223874475
1,1,0.5160326417932759
1,1,0.5141175904245529
0,0,0.4860100318180232
1,0,0.456210270958331
1,0,0.25880915698297813
0,0,0.48903757319549285
0,1,0.5920859583596972
1,1,0.9989916105589483
0,0,0.43870524367505853
1,0,0.37673443950387075
1,0,0.39859867409568533
1,1,0.5138096092673896
0,1,0.5141175904245529
0,0,0.4993152916555989
0,0,0.2972584069470821
0,0,0.3383772394079297
1,0,0.495265968953333
1,0,0.18613059373179178
1,0,0.486469105453305
1,0,0.49031752979009097
0,0,0.4896613417951327
0,1,0.5057555170827858
1,0,0.4907347032244565
0,0,0.4907347032244565
1,1,0.9993747186394136
0,1,0.508560168293949
0,0,0.38264999134377414
1,1,0.5004140154404271
0,1,0.5204538342450359
1,0,0.4892190408807621
1,0,0.48989976792439643
1,0,0.4885106476220711
1,0,0.33743797715658713
0,0,0.4928560554518983
0,0,0.33361578662226077
1,1,0.5245875953402119
1,0,0.49041591639451965
0,0,0.470943743119802
1,0,0.36438563686161185
0,0,0.3889866396974468
1,1,0.500651500456062
0,0,0.4122853549090615
0,0,0.4807758565582938
1,1,0.5327167468839366
0,0,0.4907347032244565
0,0,0.0065329804231326295
1,0,0.495265968953333
0,0,0.40045675923265917
0,1,0.5342087632771008
0,1,0.6340565235734192
0,0,0.24836010582659157
0,1,0.50447924899713
0,0,0.4877600776874521
0,0,0.3295093991664814
1,1,0.9999240952863504
0,0,0.4827319904382518
0,0,0.19312596651883968
1,0,0.3007463493610732
0,0,0.36839091572808585
1,1,0.9990896305786167
0,1,0.6501663927037589
1,1,0.9998087189282772
0,1,0.5088557800125919
0,1,0.5309788968795582
1,1,0.5088540924344324
1,0,0.4680388150610495
0,0,0.4465398597204706
1,1,0.5218204044959358
1,0,0.47873201650718067
0,0,0.4142475758962186
1,1,0.5030712495816693
1,1,0.9999182052835134
0,1,0.5004800596271939
0,0,0.49942672204940186
1,1,0.9998314322709504
1,0,0.4602549547119698
0,0,0.32137107483435734
0,1,0.5004800596271939
0,1,0.5082073528828166
1,1,0.5007747256321287
1,0,0.4955656789928899
1,1,0.9999311815751271
0,0,0.4656104538234325
1,1,0.500651500456062
1,1,0.5285604383501384
1,1,0.5076743679281751
0,0,0.49608150698402925
0,0,0.48341479118993824
1,1,0.9999038821474814
1,1,0.606118202703278
0,0,0.34427778384485574
0,0,0.49826983692633176
1,1,0.5327167468839366
0,1,0.530376234377393
0,0,0.3074100425854653
0,0,0.3053858831586195
1,0,0.49205143468854007
0,0,0.37599280794750906
1,0,0.12007968003194405
0,0,0.42776717789980245
0,0,0.4807793268416952
1,0,0.49459921231843273
1,0,0.49608150698402925
0,0,0.34014618183188805
1,1,0.5057555170827858
1,0,0.38279574315934173
0,0,0.3643722405792224
1,0,0.08898797676982213
1,1,0.5281259937569919
1,0,0.4946065887391616
1,0,0.4912617236679566
0,0,0.0003189219163684797
0,0,0.3323817001828902
1,0,0.4913126523089551
0,1,0.5057667528801252
1,1,0.5004450448749472
1,1,0.9998240495047237
0,1,0.5327167468839366
0,0,0.4896613417951327
1,1,0.5062448269506209
1,0,0.4885106476220711
0,0,0.4817024537921271
0,0,0.48185345875340946
1,0,0.37673443950387075
0,0,0.39357530516763284
0,1,0.5198565962548757
0,1,0.5232059552195719
0,0,0.47069386234329613
0,0,0.4913126523089551
0,1,0.5313161736031407
0,1,0.504303838619032
0,0,0.346934668521811
0,1,0.5067867173168109
0,0,0.49608150698402925
1,1,0.9995394994355747
0,1,0.5095974407280756
0,0,0.4933814302917469
1,0,0.4321215835986679
0,1,0.519672160079253
0,0,0.38259519003368747
1,0,0.42903642286604887
0,0,0.4967412875790193
1,0,0.48158724101921135
0,1,0.5057667528801252
1,1,0.5160326417932759
1,1,0.9998863082505093
1,0,0.3621798320462326
0,0,0.4928560554518983
0,0,0.3054677635433663
0,0,0.4992119553781867
0,1,0.5054497371271585
1,0,0.06682263276059475
1,1,0.5245875953402119
1,1,0.5629869677257988
0,0,0.18300497665337745
0,1,0.5234340344677589
0,0,0.49041591639451965
1,0,0.4907347032244565
1,0,0.4928560554518983
1,1,0.5715850334891927
1,0,0.4896613417951327
0,1,0.511206960001663
1,0,0.37599280794750906
0,0,0.4807793268416952
0,0,0.149252288509563
1,0,0.4160767271285105
1,0,0.14387205229780411
1,0,0.49041591639451965
1,1,0.5342087632771008
1,1,0.5057555170827858
0,1,0.5076802946337304
1,0,0.4814464615211192
0,0,0.49608150698402925
0,1,0.5054497371271585
0,0,0.3371431828854848
0,1,0.5001642265218117
1,0,0.49650404625184147
0,1,0.5023402173958532
0,0,0.301312653853999
1,0,0.34694607260735083
0,1,0.5178770271204021
1,0,0.31405418487983094
1,0,0.49942672204940186
1,0,0.45660002352375656
0,0,0.0017142631635534032
1,1,0.5070836571298218
1,0,0.45978203674312285
0,0,0.44244955075623016
1,0,0.4802360913774226
1,1,0.9990080991585565
0,0,0.31312317697888453
0,1,0.500651500456062
0,1,0.5088540924344324
0,0,0.4455493722112778
1,1,0.9998852216829802
0,0,0.36988973506489203
0,0,0.36120343336857846
0,1,0.6115848613975333
0,0,0.4351412576487818
1,1,0.5245875953402119
1,1,0.9998155666094641
0,0,0.25303978158635004
0,1,0.7149241381064299
0,1,0.5012570768930981
0,1,0.5088540924344324
0,1,0.5057667528801252
0,0,0.3915479245604677
0,0,0.495265968953333
1,1,0.500651500456062
0,0,0.496815270205062
1,1,0.999928004248301
1,0,0.43295065028445995
1,1,0.5101707374594792
1,1,0.9999128939632576
1,1,0.5055423962147644
1,0,0.2710850515550464
1,0,0.21726980318387087
1,1,0.5088540924344324
1,1,0.500651500456062
1,0,0.48383197726303145
1,0,0.4571021611640761
0,1,0.5057555170827858
1,0,0.4907347032244565
0,1,0.5055379882233427
1,1,0.6172104088051671
1,0,0.409896196321467
0,1,0.5350066802340743
1,0,0.48941237791057035
1,0,0.490580924207801
0,0,0.4912617236679566
0,1,0.5017971745472473
0,1,0.5101707374594792
1,1,0.5081201138114664
1,1,0.9998955562158899
0,1,0.504303838619032
0,0,0.4713930658093873
1,1,0.9999380722751009
1,0,0.4418164812914655
1,0,0.08092621708153946
1,0,0.41822014831460264
0,0,0.48181691623876266
1,1,0.999530340598628
1,1,0.504303838619032
0,0,0.4283481221832713
0,0,0.43751567587940987
0,1,0.5048221855684755
1,1,0.5049563203448394
0,0,0.4430956253507779
1,1,0.5057555170827858
0,0,0.4998361020654101
0,0,0.001212654780071095
0,0,0.26675549772190815
0,0,0.4535811173346463
1,0,0.4867937995483677
1,1,0.5232059552195719
0,0,0.41006934041762755
0,1,0.512884948852028
1,0,0.3817469835880493
0,1,0.5007747256321287
0,0,0.4946488469145844
0,0,0.4699646820950023
0,1,0.5700125784512035
0,0,0.49041591639451965
1,0,0.486469105453305
1,0,0.21207271170098024
0,0,0.4896613417951327
1,1,0.9996377431546619
0,0,0.4933814302917469
0,1,0.5058462284991216
1,0,0.4896613417951327
1,1,0.9998643002173109
1,0,0.47913311473757
0,0,0.4693201936083539
0,0,0.01059203104192242
0,0,0.49819920442741794
0,0,0.4900539305879104
0,0,0.08254671802857613
0,0,0.3579805155863972
1,0,0.4789891563632211
1,1,0.6812007101122262
0,0,0.3608223045646845
1,0,0.48158724101921135
1,1,0.9999174316173567
0,0,0.490580924207801
0,0,0.24874561648780022
0,0,0.38229794747926416
0,0,0.407299457136056
0,0,0.4143127052686202
0,0,0.1721612995749632
1,0,0.08696379896635853
1,1,0.5491995170288839
0,0,0.4933814302917469
1,1,0.9998215920224416
1,0,0.4899639379480893
0,0,0.496508883964663
1,0,0.48383197726303145
1,0,0.49826983692633176
1,0,0.4900628211572311
1,0,0.39116348569950354
0,1,0.5267727694063452
1,1,0.5160326417932759
0,0,0.19456261589776985
0,0,0.49465925643937925
0,0,0.4933814302917469
0,0,0.4743654741899417
0,0,0.4992119553781867
0,0,0.40257842862491955
0,1,0.5115104106478172
0,1,0.5062521962889933
1,0,0.4933814302917469
1,0,0.4928560554518983
0,0,0.22839768050073733
0,0,0.4818944106619209
0,0,0.47901386986436006
0,0,0.4912617236679566
1,1,0.9999289782410835
0,0,0.47702732433121176
0,1,0.5190755266169972
0,1,0.5041371922366241
0,0,0.4885106476220711
1,1,0.9998896544071433
1,1,0.5088540924344324
0,1,0.5054497371271585
1,1,0.5023853019372048
1,1,0.5070836571298218
1,0,0.4622478404515574
0,0,0.4961194986577269
1,1,0.5094300506392843
0,1,0.5001642265218117
0,0,0.4900539305879104
0,1,0.5114171301477594
1,0,0.47901386986436006
1,0,0.4898959424982391
0,0,0.10839200351195716
0,0,0.4999023439888881
1,1,0.5147224519785338
0,1,0.5204538342450359
0,0,0.4907347032244565
0,0,0.03560828074650031
1,0,0.32090420547781284
0,0,0.4885106476220711
1,0,0.4871028010796751
1,0,0.3669705020698495
0,1,0.50447924899713
1,0,0.49995932748697525
1,0,0.42328094970154684
0,1,0.5181579345733465
1,1,0.5001642265218117
0,1,0.5198565962548757
0,0,0.33634973853336375
0,0,0.44214221957120536
0,0,0.4855030379982238
1,1,0.504303838619032
1,1,0.5141175904245529
0,0,0.4452252925923935
1,0,0.48989976792439643
0,0,0.4272529974198414
1,1,0.9999132734130439
1,0,0.37673443950387075
0,1,0.50447924899713
1,0,0.4016903189157131
0,1,0.515081292151952
0,1,0.5447102587720797
0,0,0.14467904025311312
0,0,0.4651740653488841
0,0,0.38310452793108124
0,0,0.4971334880395946
1,0,0.4862316730682933
0,1,0.5001167719538084
0,0,0.4835429876284037
0,0,0.4996806141250493
0,0,0.4885106476220711
0,0,0.4820529712950648
1,1,0.9999493473150323
0,1,0.5055423962147644
1,1,0.5469487663235391
1,1,0.9992705069232505
0,1,0.5670683634897351
0,0,0.49543992038078405
0,1,0.5070836571298218
0,0,0.49041591639451965
1,1,0.5001167719538084
0,0,0.4885106476220711
1,1,0.9951674984141918
1,0,0.490580924207801
0,0,0.4907347032244565
1,1,0.508991123862357
0,0,0.36535103783226036
0,0,0.4433555754447352
0,1,0.6875452452043983
1,1,0.9998644198936849
1,0,0.49217462945467416
1,0,0.4859894307931794
0,1,0.5057555170827858
0,1,0.5218204044959358
0,0,0.21261818150251482
0,0,0.49608150698402925
0,0,0.3407893853798681
1,0,0.4896613417951327
0,1,0.504303838619032
1,0,0.48370155622371436
1,0,0.49541332399454235
1,1,0.5023853019372048
1,0,0.4896613417951327
1,1,0.5067867173168109
0,0,0.4933814302917469
1,1,0.5253742558928252
1,0,0.4855030379982238
0,0,0.4835429876284037
0,0,0.4855030379982238
0,0,0.0004824866284214042
0,0,0.49768411658655387
0,0,0.17558080923582473
0,1,0.5085366031599522
0,1,0.5084925750745062
0,0,0.24738883985938703
0,0,0.11322567549064201
1,0,0.49942672204940186
0,0,0.4028746846125812
0,0,0.00021014343716464892
0,0,0.36114178997050084
1,1,0.9999365110576318
0,0,0.4979392204809542
1,0,0.4900539305879104
0,0,0.490580924207801
1,1,0.5357707120853575
0,0,0.4405980817252018
0,1,0.5524021528835928
1,0,0.42328094970154684
1,0,0.4998361020654101
0,0,0.479394122379113
0,0,0.495810082142245
0,1,0.5156035514689179
0,0,0.48185345875340946
0,0,0.49041591639451965
0,1,0.5218204044959358
0,1,0.5067867173168109
0,1,0.5057555170827858
0,0,0.22445560530421632
0,0,0.2867601443376599
1,0,0.1711736491643318
1,0,0.43295065028445995
0,1,0.5085366031599522
0,0,0.47683637316658944
0,0,0.4900539305879104
0,0,0.3155122372728526
1,0,0.4972216578997964
0,0,0.2584660128817453
1,0,0.4933814302917469
1,0,0.4714260830719335
1,1,0.5057555170827858
0,1,0.5057667528801252
1,1,0.5298718389670402
1,0,0.3814316583952635
1,0,0.4060473688156357
0,0,0.46003539334545146
1,0,0.4602549547119698
1,0,0.486469105453305
0,0,0.3876471824970849
0,0,0.2571830329169019
1,0,0.33983832559119387
0,1,0.5088540924344324
1,0,0.48585894568688853
0,0,0.07553073598600585
1,1,0.9998610437618735
0,1,0.5159600647703056
1,1,0.5666124473481308
0,1,0.5177576667267123
1,1,0.5868975963081303
1,0,0.4807793268416952
1,1,0.5838966070123923
0,1,0.5004140154404271
1,0,0.4928560554518983
0,1,0.5004800596271939
0,1,0.5218204044959358
1,0,0.486469105453305
1,0,0.43665497616518933
0,0,0.4713930658093873
0,0,0.4907347032244565
0,0,0.49041591639451965
0,0,0.3054641427604142
0,0,0.005038125429396905
1,1,0.50447924899713
1,0,0.4885106476220711
1,0,0.4631985126275813
1,0,0.4892190408807621
1,0,0.45966985514288655
1,0,0.4855030379982238
1,1,0.9997414106187379
1,0,0.12429311662468298
0,1,0.5190038417299232
1,0,0.46896218943745266
1,1,0.9996284106694964
1,1,0.9995814554650402
1,1,0.5026076216807867
0,0,0.36807883573395933
1,0,0.2417182355664761
0,1,0.5309788968795582
0,0,0.14736841776633752
0,0,0.2837619781131759
0,0,0.49381206990459037
0,0,0.35624219666767876
0,0,0.4912617236679566
1,0,0.47501263506931485
0,0,0.4967412875790193
0,1,0.503534072715108
1,0,0.4896613417951327
0,1,0.5232059552195719
1,1,0.5715850334891927
0,0,0.44868203748758934
0,0,0.4719431787177662
1,0,0.35672424928690344
0,0,0.49819920442741794
0,1,0.5067867173168109
1,0,0.4998361020654101
0,0,0.01637429890703124
1,0,0.4913126523089551
0,1,0.5001642265218117
0,1,0.5477026380639165
0,0,0.46003539334545146
1,0,0.46156059693267315
0,1,0.5212095561454495
0,0,0.4992119553781867
0,0,0.4912617236679566
1,0,0.47156265333193986
0,1,0.5085366031599522
1,0,0.4785307154713229
0,0,0.4548816879857701
1,1,0.9999297778801169
1,1,0.9995035138457689
1,1,0.5067867173168109
0,1,0.5038729901978598
1,1,0.9999354602839523
0,1,0.511293968279973
0,0,0.4967412875790193
0,1,0.5399694887292251
0,1,0.5004450448749472
1,0,0.1534503587752836
0,1,0.5067867173168109
0,0,0.31466527413421314
0,0,0.4900539305879104
0,0,0.4699646820950023
0,1,0.5507492353562239
1,0,0.4923590586121958
1,0,0.29212478709095624
1,0,0.48120409343943293
0,1,0.5257823997301165
0,1,0.5675669030743971
1,0,0.4900539305879104
1,0,0.36807883573395933
0,0,0.49515425009356323
1,1,0.9996457791225981
0,1,0.50447924899713
0,0,0.49935287105484627
0,1,0.5198565962548757
1,1,0.503534072715108
1,1,0.9996441571790291
0,0,0.435450351775178
0,0,0.49951561036758535
0,0,0.0019643279397128124
1,0,0.4566102902955411
0,0,0.4853295672373662
1,1,0.5001642265218117
0,0,0.4860100318180232
0,0,0.4807793268416952
0,0,0.36431482661731285
1,1,0.999901001002328
1,0,0.4726085439584986
0,0,0.07632005084016247
1,1,0.999902004260952
0,1,0.5008052678296921
1,1,0.9994151425454224
1,1,0.5282176379628747
1,0,0.4998361020654101
0,1,0.5236214698285969
1,0,0.4858065064725506
1,0,0.49414591846562594
0,1,0.5067867173168109
1,0,0.45660002352375656
1,1,0.5072840869333985
0,0,0.38982964747026627
0,0,0.4913126523089551
1,0,0.4868810138278967
0,0,0.4820529712950648
0,0,0.4967412875790193
0,0,0.4694072672791838
1,0,0.4820529712950648
0,0,0.18563287735759357
0,0,0.0002333820943533512
1,1,0.5054497371271585
0,0,0.1970572486677935
1,1,0.9999367637858961
1,0,0.4912617236679566
0,1,0.508991123862357
0,1,0.5088540924344324
0,0,0.4944782279112676
0,0,0.45024263702263523
0,0,0.49942672204940186
0,1,0.5045071998952658
1,0,0.48308069223743
0,1,0.5023853019372048
0,0,0.48790120539719756
0,0,0.4907347032244565
0,1,0.5036272823927491
0,0,0.47639249688170054
0,0,0.49041591639451965
0,0,0.03590105220671701
0,0,0.49390901815244354
0,1,0.6124623537156648
1,0,0.486469105453305
0,0,0.4873145969255669
0,1,0.5160326417932759
1,1,0.6422926376647794
1,1,0.5349390908936325
1,0,0.3718988255142167
1,0,0.49562413275236283
1,1,0.527015987850742
1,1,0.9998843885883988
0,0,0.4885106476220711
0,1,0.5070836571298218
0,1,0.5070836571298218
1,1,0.9998751980994416
0,0,0.4860100318180232
1,1,0.5081201138114664
0,1,0.5076743679281751
1,1,0.5117570155183621
1,0,0.48790120539719756
0,0,0.49951561036758535
1,1,0.5101707374594792
0,1,0.5085366031599522
1,0,0.47098397406822884
1,0,0.45314462139616624
0,1,0.5088540924344324
0,1,0.5098948131621739
1,0,0.4855030379982238
0,1,0.5198565962548757
0,1,0.5096717384679875
0,0,0.478015542101796
1,0,0.48031584531773747
1,0,0.49205143468854007
1,1,0.5303786277349432
0,0,0.3649401579736069
1,1,0.9998843885883988
0,1,0.5380115084353287
0,0,0.4855030379982238
0,0,0.4702073888176023
0,0,0.4885106476220711
0,0,0.48185345875340946
1,0,0.38913253224999417
0,0,0.26300181529238953
0,0,0.0007934093236737053
0,0,0.4192238564775039
0,0,0.4885106476220711
1,0,0.4547079279739879
1,0,0.48155560349430254
0,1,0.515081292151952
1,1,0.9991979368446923
0,0,0.486469105453305
0,0,0.07248462897148387
1,0,0.4820529712950648
1,0,0.48185345875340946
0,0,0.48158724101921135
0,1,0.500651500456062
0,0,0.48941237791057035
0,0,0.0006441940024910286
1,0,0.42717536594088257
1,0,0.4182025384496556
1,0,0.45166538454421185
1,1,0.5477026380639165
0,0,0.49568829798813635
0,0,0.2016485959754492
1,0,0.3918779267304547
0,0,0.26596303690077233
0,0,0.0898660877548773
0,1,0.5081201138114664
1,1,0.5327167468839366
1,1,0.5008052678296921
1,0,0.49951561036758535
0,0,0.4985074050412294
1,0,0.4992119553781867
0,0,0.48625731022329105
0,0,0.49942672204940186
1,1,0.5091817905117809
0,1,0.6286121355101238
0,0,0.495265968953333
0,0,0.37733601233838837
0,0,0.2050707979783133
1,0,0.46966773110674187
1,1,0.5076258794723396
1,1,0.5001642265218117
0,0,0.4913126523089551
0,0,0.49656170312528386
1,1,0.508991123862357
0,0,0.48318091008546327
1,1,0.5004800596271939
0,0,0.470943743119802
1,1,0.5161691769006654
1,1,0.5740222994002903
1,1,0.9998833294513795
1,1,0.5004800596271939
1,0,0.4871028010796751
1,0,0.3604404080938182
1,1,0.7016204917223507
0,0,0.38727351048080344
0,1,0.5370558932094461
0,1,0.515081292151952
1,0,0.49264978918449936
0,1,0.5032647979534378
0,0,0.4602549547119698
0,1,0.5159600647703056
1,0,0.25148083733057924
1,0,0.48790120539719756
1,0,0.4855030379982238
0,0,0.4871028010796751
0,0,0.29153282412518317
1,0,0.48910369060061226
0,0,0.4871028010796751
0,0,0.43295065028445995
1,1,0.511293968279973
0,1,0.5057555170827858
1,1,0.9996932349815485
0,0,0.49579228297780126
0,0,0.40400518103889915
0,0,0.45996680251063976
0,0,0.4776069042872377
1,0,0.4967412875790193
1,0,0.4871028010796751
0,0,0.44990120583961174
1,0,0.45687801940476885
0,1,0.515323674469248
0,1,0.500651500456062
1,0,0.3339699363298193
1,1,0.9994330331707936
0,0,0.49041591639451965
0,0,0.4993158005371835
1,1,0.5067867173168109
0,0,0.48625731022329105
0,0,0.4913126523089551
0,1,0.5037678566793601
1,0,0.4542726327879176
1,1,0.5057555170827858
1,1,0.5032647979534378
1,1,0.5784702591151196
1,1,0.5218204044959358
0,0,0.47921645940165847
0,0,0.4452252925923935
0,0,0.4968443924002135
1,0,0.4602549547119698
1,1,0.5311965637226941
0,1,0.5081201138114664
1,0,0.45660002352375656
1,1,0.7356155861497061
0,0,0.026180195307366868
1,0,0.35751538630026913
1,0,0.40699845017908204
0,0,0.49465925643937925
0,0,0.3529733995141671
0,1,0.500651500456062
0,0,0.3389409145472188
0,0,0.3528740598614475
0,0,0.32746051488183664
0,0,0.3839729132055899
0,1,0.5218204044959358
1,0,0.4900628211572311
1,0,0.49216839670940166
0,0,0.20887284793449692
1,0,0.454161765716314
1,1,0.9996186897201517
1,1,0.5245875953402119
0,0,0.4998361020654101
0,0,0.4857940284455393
1,1,0.5041371922366241
0,1,0.5082991748774874
0,0,0.49568829798813635
1,1,0.5008052678296921
0,1,0.50447924899713
0,1,0.5067867173168109
1,1,0.9999153642365363
0,0,0.0028636114874688043
0,0,0.4855030379982238
0,0,0.49608150698402925
1,1,0.9997639939264004
0,0,0.4616306584877779
1,0,0.36073318937144405
0,1,0.5062820410909212
0,0,0.44868203748758934
0,0,0.09671489948388867
0,0,0.36986877654473954
1,0,0.4992119553781867
0,1,0.5067966390581996
1,1,0.5138096092673896
1,1,0.9998548015321856
0,0,0.3995858725205004
1,1,0.5112992757356464
0,0,0.49239272333049555
1,1,0.5342087632771008
1,1,0.5117570155183621
0,0,0.4602549547119698
0,0,0.1863493875613851
0,0,0.3442152701521707
1,1,0.999881007316783
0,0,0.4027325604368201
0,0,0.3487735814251923
1,1,0.5262859973036224
0,0,0.30078357966662495
1,1,0.5057555170827858
1,0,0.4807793268416952
0,0,0.484676115691026
1,1,0.9999058032983201
1,0,0.4607811198494341
1,1,0.5057667528801252
1,0,0.4946488469145844
0,1,0.5148760137825501
1,0,0.4920503224027557
0,0,0.486469105453305
1,0,0.45918589320184466
0,0,0.4548343686572895
1,1,0.508560168293949
0,1,0.5088540924344324
0,0,0.4896613417951327
0,1,0.5160326417932759
0,0,0.4201894587804756
0,0,0.4694072672791838
1,1,0.5062448269506209
1,1,0.9998932942358557
0,0,0.00031748471013399673
0,0,0.28877543229328995
1,0,0.4871028010796751
0,0,0.4060473688156357
0,0,0.4912617236679566
0,0,0.4268126644884159
0,1,0.542785767991025
1,1,0.9997618591186653
1,0,0.4913126523089551
0,0,0.3837321337057045
1,1,0.999872378005902
0,1,0.5160326417932759
0,0,0.14822538470419883
1,0,0.4907347032244565
0,1,0.5495128120589654
1,0,0.4820529712950648
1,0,0.20275128498277806
1,0,0.34694607260735083
0,0,0.48583217641023146
1,1,0.5868975963081303
1,1,0.9998840915074709
0,0,0.34782977678774996
0,1,0.502216994528299
0,0,0.4860100318180232
1,0,0.26051046113556364
0,1,0.5085366031599522
1,1,0.5007747256321287
0,0,0.27453859093335303
0,0,0.4820529712950648
0,0,0.46403646696907674
0,1,0.5123328805226314
1,1,0.9692354893443438
1,1,0.500651500456062
0,1,0.5255155899624375
1,0,0.49465925643937925
0,0,0.4998361020654101
0,0,0.49205143468854007
0,0,0.4855030379982238
0,1,0.502122378290864
0,0,0.48707866741013045
1,0,0.48467810731099653
1,1,0.999577000620108
1,0,0.4896613417951327
0,1,0.5101707374594792
0,0,0.4724647642962096
0,0,0.4807793268416952
0,0,0.4758239923912371
0,1,0.5675669030743971
1,0,0.48989976792439643
0,0,0.38644427581512364
1,1,0.5002156084989241
1,1,0.5617028540060875
1,0,0.48150343492530273
0,1,0.5057667528801252
1,0,0.4912617236679566
1,1,0.5123328805226314
0,1,0.5012570768930981
0,0,0.45584289264301087
0,0,0.4360527084029879
1,1,0.6824028359619784
1,1,0.5232598116891283
0,1,0.7648126430473645
1,1,0.9998139814772298
0,0,0.48910369060061226
0,1,0.5048221855684755
0,1,0.5085366031599522
1,0,0.47639249688170054
0,0,0.48903757319549285
1,1,0.5235163991133178
1,0,0.4946488469145844
1,1,0.6757094460446755
0,0,0.2734088722002055
1,1,0.5046439033172764
0,0,0.3324538938136877
1,1,0.5156035514689179
1,1,0.5327167468839366
0,1,0.50447924899713
1,0,0.4602549547119698
1,1,0.5153065077901997
0,0,0.48573871947933595
0,0,0.4807793268416952
1,0,0.4820529712950648
1,0,0.48790120539719756
1,0,0.3172219302701269
1,1,0.5148760137825501
1,1,0.5008052678296921
0,1,0.5628408054368111
0,0,0.47156265333193986
0,0,0.48383197726303145
1,0,0.4814464615211192
0,1,0.5251912529179843
1,0,0.4830400563609744
0,0,0.47098397406822884
1,1,0.7669070311594786
0,1,0.5085366031599522
1,1,0.9749701521591024
1,0,0.4907347032244565
0,0,0.37130430150399885
1,1,0.5502969736643568
1,1,0.5472116051895096
0,0,0.1843423689005597
0,1,0.50447924899713
0,0,0.49031752979009097
1,1,0.5117570155183621
0,0,0.3333366419970647
0,0,0.36592164529641935
1,1,0.500651500456062
1,0,0.36807883573395933
1,0,0.4885106476220711
0,1,0.5920402423968326
0,1,0.5327167468839366
0,0,0.37903925214662626
0,0,0.4933814302917469
0,0,0.4885106476220711
0,0,0.4543842404144623
1,0,0.45037932512125245
0,0,0.38142734720553845
0,0,0.24276322157142727
0,0,0.4693201936083539
1,1,0.9993345655747877
1,0,0.4832610138775118
1,0,0.4907347032244565
1,0,0.4871028010796751
1,1,0.5082991748774874
1,1,0.5256374848172215
1,0,0.18214678204497176
0,1,0.5337100646768151
1,1,0.5067867173168109
1,1,0.5076743679281751
0,0,0.3364406346400922
0,0,0.4907347032244565
1,1,0.5159600647703056
1,1,0.5218204044959358
1,0,0.47610008488982886
1,1,0.5169007468050232
1,1,0.5162284638206686
0,0,0.36678216389846524
1,1,0.9989789168333634
0,0,0.495265968953333
0,0,0.46512100024176295
0,0,0.0004200986347698524
1,1,0.999934421228038
1,0,0.4596783506278534
1,0,0.2799301868442859
0,0,0.3819751172726339
1,1,0.9994946445326729
1,0,0.3659843942504704
1,1,0.501249044073105
1,0,0.36321406528319117
0,0,0.4993152916555989
0,0,0.495810082142245
0,0,0.49935287105484627
1,1,0.9996654463715098
1,0,0.483878579967525
0,0,0.470943743119802
0,1,0.5517275656203573
1,1,0.9998669828380181
0,0,0.4946488469145844
1,0,0.4739186388540658
0,1,0.5057555170827858
0,1,0.5192994964525475
1,0,0.4913126523089551
0,0,0.4269274177436175
1,0,0.4896613417951327
1,1,0.5169713851227008
0,1,0.5954241621234989
0,0,0.40751341468855307
0,0,0.46057368783774394
0,0,0.4928560554518983
1,0,0.4933814302917469
0,1,0.5110407835480846
0,0,0.23554343738707254
0,1,0.5190351495452742
0,0,0.4051247108965708
0,1,0.5054497371271585
1,0,0.4928560554518983
0,0,0.48910369060061226
0,1,0.5370558932094461
0,0,0.3539025656049689
1,0,0.46013238266224676
1,0,0.34694607260735083
0,0,0.4060473688156357
0,1,0.5406142329728734
1,0,0.4979392204809542
1,1,0.999898154354584
0,1,0.5218204044959358
1,1,0.5057555170827858
1,0,0.4998077937173527
0,1,0.508991123862357
1,1,0.9999003974287726
1,1,0.5002156084989241
1,1,0.9999273998381073
0,0,0.48750270147247166
0,0,0.0992447601613989
1,1,0.5160326417932759
1,1,0.5232059552195719
0,0,0.0006955860766115002
1,0,0.3809195085933089
1,0,0.48664120450763504
0,0,0.43926481282574864
0,1,0.50447924899713
0,0,0.03974331757489166
0,0,0.4933814302917469
0,0,0.49264978918449936
1,0,0.4602549547119698
0,1,0.5076743679281751
1,1,0.5184880778783645
1,1,0.5123328805226314
0,1,0.5057667528801252
1,0,0.4653427594930246
1,0,0.4998361020654101
1,0,0.49138491198666506
0,1,0.5057555170827858
1,0,0.483042406777752
0,1,0.5197529991716984
0,1,0.5057555170827858
0,0,0.49942672204940186
0,1,0.5565512218158364
1,1,0.5232059552195719
1,0,0.48989976792439643
1,1,0.5675669030743971
0,0,0.495265968953333
1,1,0.5058462284991216
1,0,0.4817024537921271
0,1,0.5174587936751366
0,0,0.496815270205062
1,0,0.49951561036758535
1,0,0.20333822459205533
0,0,0.3837321337057045
0,1,0.69505147260698
1,0,0.4548816879857701
1,1,0.9984180708284144
1,1,0.5144198379977312
1,0,0.49942672204940186
0,0,0.378460294322299
0,0,0.4996806141250493
0,0,0.08241612334864364
1,1,0.5001167719538084
0,1,0.5002874519233941
0,1,0.5123328805226314
0,0,0.4978844819096963
1,1,0.9998297924749212
1,0,0.3618295313194042
0,0,0.21601024263259783
1,0,0.49608150698402925
0,0,0.4913126523089551
1,0,0.3338064317712992
0,0,0.39268331495792275
0,0,0.3447811456778971
0,0,0.2712993284750187
0,1,0.5011334201757275
0,0,0.48910367429791374
0,0,0.495810082142245
0,0,0.12010835130693485
1,0,0.480317802291658
0,0,0.4545413382535794
1,1,0.5184880778783645
1,0,0.49459921231843273
0,0,0.28648202634836595
1,0,0.49031752979009097
1,0,0.48304471930466264
0,0,0.4946065887391616
1,1,0.512884948852028
0,0,0.4048491883582156
1,1,0.5026352487317978
0,1,0.5028638146756271
1,0,0.46385474855023817
0,0,0.3816015309838915
0,1,0.5112992757356464
0,1,0.5893695657299328
1,0,0.4928560554518983
0,0,0.46662220964572343
1,0,0.46156827412646867
0,0,0.13570847848844236
1,1,0.5239985625091664
0,0,0.495265968953333
0,1,0.5057667528801252
1,0,0.48573906876468964
0,1,0.5342087632771008
0,1,0.502765777263656
0,1,0.5191894553983972
0,0,0.49445825706076313
0,0,0.4916579768149222
1,0,0.39960255930338956
0,0,0.3091707046038588
0,0,0.4833282191875135
0,1,0.5012570768930981
0,1,0.5203947795643833
0,1,0.5001397492477615
1,0,0.4907347032244565
0,0,0.4907347032244565
1,1,0.5768069350234045
0,0,0.4906491315608048
1,1,0.9989047363190686
0,1,0.5057555170827858
0,0,0.31670324275086065
0,0,0.47639249688170054
1,0,0.4907347032244565
0,0,0.4885106476220711
1,0,0.4814464615211192
0,0,0.41658559494804637
1,0,0.4907347032244565
0,1,0.5218204044959358
1,0,0.4912617236679566
0,1,0.5138096092673896
1,1,0.5057555170827858
0,1,0.6036980453993421
1,0,0.48158724101921135
0,0,0.442335468475373
1,0,0.37468382633471026
1,1,0.9999352473252513
1,1,0.9992294971655282
1,1,0.545654226833501
1,0,0.49205143468854007
1,0,0.4717986079504584
1,0,0.4439430650657935
0,1,0.5004450448749472
1,0,0.49041591639451965
0,0,0.32325219763173146
1,0,0.4405980817252018
0,0,0.32697896178799307
1,1,0.9999282812371765
1,1,0.9998183483911287
0,1,0.5070836571298218
0,0,0.2504069324405205
1,1,0.5748046788210259
0,0,0.4915317675983414
0,0,0.4913126523089551
1,0,0.48910367429791374
1,1,0.500651500456062
0,0,0.004111694258784056
0,0,0.3994725523378706
0,0,0.39828163744436756
1,1,0.5055357780844859
1,0,0.4885106476220711
1,1,0.9998922635835239
0,0,0.48625731022329105
0,0,0.48910367429791374
0,0,0.39833729662869793
0,1,0.5699431100454126
1,1,0.5067867173168109
0,0,0.022800018746655555
0,0,0.0788272233394368
1,0,0.3150123125477252
1,0,0.3826594818067369
0,0,0.4912617236679566
0,0,0.4907347032244565
0,0,0.4896613417951327
0,0,0.49414591846562594
1,1,0.5008052678296921
0,0,0.4946488469145844
0,0,0.4855030379982238
0,1,0.5184880778783645
0,0,0.36170051802595404
1,1,0.5072840869333985
0,0,0.49806835295374535
1,0,0.4885106476220711
1,0,0.4885106476220711
0,0,0.4672670529690264
0,0,0.49761324615405705
1,1,0.500651500456062
0,0,0.38418334712615737
1,0,0.4972245361023221
0,0,0.48625731022329105
0,0,0.40203812175063025
0,0,0.4150650326941919
1,1,0.9998823225985707
0,0,0.4738966052258372
0,0,0.37355237644228445
1,0,0.45660002352375656
1,1,0.5067867173168109
0,0,0.4961194986577269
0,0,0.4900539305879104
1,1,0.9988380304732736
0,1,0.5147224519785338
0,0,0.4769139587006113
1,1,0.5547752176996759
1,1,0.5267727694063452
1,0,0.4915317675983414
0,0,0.3447068273861899
1,1,0.9963813373215556
0,1,0.5076743679281751
1,0,0.3128292234439083
0,1,0.5218204044959358
1,1,0.5069482608209925
1,0,0.4891308172695047
1,1,0.9987263613966496
0,1,0.5374108719485682
0,0,0.3973157809875428
0,0,0.4993694808511603
1,0,0.3587704700189904
0,0,0.27782674288758885
1,1,0.5169007468050232
1,1,0.6115848613975333
1,0,0.49527998605729306
0,0,0.4907347032244565
0,1,0.5765838013088186
1,1,0.5579365196204691
1,1,0.9998340448192514
1,0,0.42853811081288695
0,1,0.512884948852028
1,0,0.4817024537921271
0,1,0.5018231794488057
1,1,0.678510231128554
1,0,0.49205143468854007
0,1,0.5037678566793601
0,1,0.5148760137825501
0,1,0.5057555170827858
1,0,0.278900272309395
1,1,0.5057555170827858
0,0,0.4858418995193197
0,0,0.4912617236679566
0,0,0.486469105453305
0,1,0.500245272175313
0,0,0.48573871947933595
0,0,0.3643985682832008
0,1,0.5067867173168109
1,1,0.5919080663590426
0,1,0.5218204044959358
1,0,0.4995851666525363
1,0,0.4912617236679566
1,1,0.504303838619032
0,0,0.30750399139881796
1,1,0.999895944476367
0,0,0.4535129221042171
0,0,0.48181691623876266
0,0,0.3489486301318359
0,0,0.49951561036758535
0,0,0.4998361020654101
1,0,0.27435574432717696
1,0,0.47975636155564777
1,0,0.49942672204940186
1,0,0.49459921231843273
0,0,0.43252581025526987
1,1,0.5138096092673896
0,1,0.5001167719538084
1,0,0.4868810138278967
1,1,0.9997700124890323
1,1,0.9999018648335449
0,0,0.49608150698402925
1,0,0.02972856259237315
0,1,0.5016825827200134
1,1,0.9997354558392966
0,1,0.5004800596271939
0,1,0.500651500456062
0,1,0.5007747256321287
0,0,0.4780437919900399
1,1,0.9999374060942562
0,0,0.495810082142245
0,1,0.5057555170827858
0,0,0.000738796690660558
0,0,0.34077793398772105
0,1,0.8282990629254762
1,0,0.4710439180807019
0,0,0.07891443387100289
1,0,0.3658997126185532
0,0,0.4992119553781867
1,0,0.470943743119802
1,0,0.4892190408807621
1,1,0.9997921069742677
0,0,0.38644427581512364
0,0,0.49768411658655387
1,1,0.5008052678296921
1,1,0.999890097374093
1,0,0.3559153328384669
1,0,0.4855030379982238
1,0,0.4913126523089551
0,1,0.5529522322282666
1,1,0.5183142831472081
1,0,0.43295065028445995
1,0,0.4998361020654101
0,0,0.4885106476220711
0,0,0.4928560554518983
1,0,0.4928560554518983
1,0,0.4933814302917469
1,0,0.32325219763173146
0,1,0.502216994528299
0,0,0.4885106476220711
1,0,0.49465925643937925
1,1,0.508560168293949
0,0,0.4796478525353815
0,0,0.44573583107257086
0,0,0.39165499158150097
0,0,0.3559106353953854
1,1,0.999934191397773
0,0,0.3323114500527022
1,0,0.38796857298762827
0,0,0.4418360511037978
0,1,0.5245875953402119
0,0,0.08125995915736765
1,0,0.49650404625184147
1,1,0.9999167315899088
1,1,0.5057555170827858
1,0,0.4946488469145844
1,1,0.6732763858358871
1,1,0.5758133005250228
1,1,0.5235163991133178
0,0,0.4672831913870725
1,0,0.4907347032244565
0,0,0.3035777064383933
1,1,0.515081292151952
1,1,0.654611772953205
1,1,0.5016825827200134
0,0,0.4996806141250493
0,1,0.5218204044959358
0,0,0.10644351556833742
1,1,0.5054497371271585
0,0,0.4928560554518983
0,0,0.3793167122472834
1,0,0.4807793268416952
1,1,0.5058462284991216
0,0,0.14236302505128878
0,0,0.4814464615211192
0,1,0.5218204044959358
1,0,0.4907347032244565
0,0,0.46650812548969284
1,0,0.46013238266224676
1,0,0.3216875540564967
1,0,0.4873145969255669
0,0,0.49033948727285476
0,1,0.5012570768930981
0,0,0.395950137904716
0,1,0.561765303709387
1,0,0.49287612112421464
1,0,0.47559086169942383
0,1,0.5125687663376634
0,0,0.3764588066962799
0,0,0.49287612112421464
0,1,0.511293968279973
0,0,0.3772335188184081
1,0,0.07383653838943174
1,0,0.32325219763173146
1,0,0.4322107591230478
0,0,0.4887918962163911
1,1,0.9998426414611313
0,1,0.5016825827200134
1,1,0.5290176525758368
1,1,0.9997853321143717
0,0,0.4953645761912011
1,0,0.470943743119802
0,0,0.490580924207801
0,1,0.508991123862357
0,0,0.49205143468854007
0,0,0.47269817041079504
1,0,0.4998361020654101
0,1,0.502765777263656
0,0,0.4907347032244565
0,1,0.5160326417932759
0,0,0.4933814302917469
0,0,0.2839982728388836
1,0,0.4933814302917469
0,1,0.5023853019372048
1,1,0.5517275656203573
0,0,0.42616089378690103
1,0,0.28545405527747586
0,0,0.042853557971908714
1,1,0.5076258794723396
0,0,0.4972351434120981
1,1,0.6036980453993421
0,0,0.4622478404515574
1,1,0.50447924899713
0,0,0.4820529712950648
0,0,0.49996934571925805
0,1,0.500651500456062
1,1,0.5023853019372048
1,1,0.500651500456062
1,1,0.9996874717074463
0,1,0.5141175904245529
1,0,0.49825651146993216
0,0,0.49331581009214126
1,0,0.4596018067921801
0,0,0.00013867883077242185
0,0,0.49143584106200516
0,0,0.4933814302917469
1,0,0.49445825706076313
1,1,0.9999026212957915
0,1,0.5174587936751366
0,0,0.4324322909320062
1,1,0.9999279935090243
1,1,0.5062126562797338
0,0,0.4885106476220711
1,0,0.4912617236679566
0,0,0.395959132932103
1,1,0.9993629190791139
1,0,0.49608150698402925
0,1,0.5072840869333985
0,0,0.4855030379982238
1,0,0.48683018475662004
1,1,0.5045071998952658
0,1,0.5072840869333985
0,0,0.2865603571844876
0,0,0.49951561036758535
0,0,0.48722594529920543
0,1,0.500651500456062
0,0,0.16921182911406565
1,0,0.36807883573395933
1,1,0.523691276539711
0,1,0.502122378290864
0,1,0.5241964626843728
1,0,0.49205143468854007
1,1,0.5112992757356464
0,1,0.5112992757356464
0,1,0.5114171301477594
0,1,0.5252093486489868
0,1,0.5001642265218117
1,1,0.9999188931075998
1,1,0.9994155039621231
0,1,0.5327167468839366
1,1,0.5138096092673896
0,0,0.4868368481442685
0,0,0.4923590586121958
1,0,0.4867937995483677
0,1,0.5251912529179843
0,1,0.5022456013665378
0,0,0.448108143071646
1,0,0.03406950952680964
1,1,0.9998856909976745
0,1,0.5218204044959358
1,0,0.4946488469145844
0,0,0.3994622690312164
1,0,0.4928560554518983
0,1,0.508560168293949
0,1,0.511206960001663
0,0,0.42630026971057766
0,0,0.4896925850925513
1,1,0.983572729363334
1,1,0.9998443815049508
1,1,0.530851427426037
0,0,0.13645634540401974
1,1,0.5604272697582422
0,0,0.3522948460027889
0,0,0.40445747137182775
1,1,0.9998276426616706
1,0,0.4912617236679566
0,0,0.46757241744276906
1,1,0.5160326417932759
0,1,0.5218204044959358
0,0,0.4967412875790193
1,0,0.4807793268416952
0,1,0.515081292151952
0,0,0.495265968953333
1,0,0.4631749793885011
1,0,0.44003867456981494
1,1,0.5730046427538006
0,0,0.4835429876284037
1,0,0.20105396575191065
0,0,0.4907347032244565
1,1,0.5057555170827858
0,0,0.38418334712615737
0,0,0.4713930658093873
0,0,0.4896613417951327
0,0,0.4860100318180232
1,0,0.06841558665974633
0,1,0.5004800596271939
0,0,0.4376880495628543
0,0,0.00015134729477952474
0,0,0.07638829488676059
1,1,0.9999500465513514
0,0,0.4860100318180232
1,0,0.495265968953333
0,1,0.5245875953402119
0,0,0.4272951040332861
1,1,0.9987281069564515
0,1,0.5299455942071952
1,0,0.4936545182143326
1,0,0.4820529712950648
1,1,0.5461580172802344
1,0,0.45660002352375656
0,1,0.6084628537372422
0,0,0.46183894559863986
1,0,0.47758716578455446
0,0,0.4807793268416952
0,0,0.4933814302917469
1,0,0.28131637174855645
1,0,0.20166478655952427
1,1,0.999682432303138
1,1,0.9999048505478558
0,1,0.5877700447128248
0,0,0.4855030379982238
1,1,0.5085366031599522
1,0,0.4602549547119698
1,1,0.5327167468839366
0,0,0.495810082142245
0,0,0.44393486752174627
0,0,0.3956542728273166
0,0,0.0001377194557210448
1,1,0.5147224519785338
1,0,0.15057857122333726
0,0,0.4967412875790193
1,0,0.36374598454797463
0,1,0.5433653216157281
0,0,0.0007543995237355108
0,1,0.5224438628105497
1,0,0.48989976792439643
0,0,0.49287612112421464
1,0,0.40222515831992117
1,1,0.5023853019372048
0,1,0.5679251011719162
0,1,0.5096666629686568
0,0,0.49041591639451965
0,0,0.38229794747926416
0,1,0.5363703962557618
0,1,0.5327167468839366
0,0,0.4857413665379931
1,1,0.995033713099065
0,0,0.4896613417951327
1,1,0.5088540924344324
0,0,0.40289789173122426
0,0,0.4913126523089551
1,0,0.4913126523089551
1,1,0.500651500456062
0,0,0.34706514858404275
0,0,0.3657931498757868
0,0,0.2988089833145441
0,0,0.13798840506982246
0,1,0.5267544230687482
0,1,0.5238341679535461
1,0,0.45591733883623486
1,1,0.5241964626843728
0,1,0.5003878711973757
1,1,0.5740824345303259
0,1,0.5320309116268558
0,0,0.4933814302917469
0,0,0.4860100318180232
0,0,0.4693201936083539
1,1,0.5057555170827858
0,1,0.502216994528299
0,0,0.32516555709077166
0,0,0.4969962443021633
0,0,0.4285202790253992
1,0,0.4907347032244565
0,0,0.4540850546380116
1,0,0.4940377775216328
1,1,0.9999123709174667
1,1,0.5057667528801252
0,0,0.4885106476220711
1,1,0.5067867173168109
0,0,0.4782820995173106
0,0,0.4835429876284037
0,0,0.4885106476220711
0,0,0.48185345875340946
0,0,0.4979807923565028
1,1,0.5160326417932759
0,1,0.5877700447128248
1,1,0.5072840869333985
0,0,0.4907347032244565
0,0,0.37798468414063296
1,0,0.3784534849592545
0,1,0.5870924216352852
1,1,0.9998986459798677
1,1,0.9998859329478803
0,0,0.4766142092186834
1,1,0.9999194242448293
0,0,0.4860100318180232
0,1,0.5285604383501384
0,1,0.5925492763201949
1,1,0.5088540924344324
1,0,0.2278163601876249
0,0,0.49951561036758535
0,0,0.4885106476220711
0,0,0.1427969440363335
0,1,0.511206960001663
1,1,0.5477026380639165
1,1,0.9998731737851568
0,0,0.4768412069375368
1,0,0.4860100318180232
0,0,0.48903757319549285
0,0,0.0012131816526928046
1,1,0.6787376474348427
1,0,0.4557769139437517
0,0,0.4108137296815487
0,0,0.0011360633860391534
0,1,0.5057555170827858
1,0,0.48737046695486624
1,0,0.41138596604408306
0,1,0.5101707374594792
0,0,0.2731870202422474
0,0,0.49951561036758535
1,0,0.49287612112421464
0,0,0.4912617236679566
1,1,0.9998797087233666
0,0,0.4933814302917469
0,1,0.5036272823927491
0,0,0.0008158553520638452
0,1,0.5629857986244622
0,0,0.0027418716419735016
0,0,0.24544003949199172
0,1,0.5085366031599522
1,1,0.9995342413479648
0,0,0.2849917494806634
0,0,0.05422719371499387
1,0,0.4402219612573459
0,0,0.48651489581073615
0,0,0.49768411658655387
1,1,0.5001167719538084
1,0,0.41693514700777484
1,0,0.17912847362234213
0,1,0.5712747265893836
1,1,0.502216994528299
0,1,0.5370558932094461
1,0,0.4885106476220711
0,0,0.21151816564253037
0,0,0.4076626239575757
1,1,0.9998972582702591
1,1,0.5057667528801252
0,1,0.5138096092673896
0,0,0.49574855865140693
1,0,0.4907347032244565
0,1,0.5082991748774874
1,1,0.9998978081580177
0,0,0.48158724101921135
1,1,0.5251912529179843
0,0,0.46679269620284014
0,0,0.4858065064725506
1,0,0.4907347032244565
0,1,0.5660893377539493
0,0,0.3841526435318748
0,1,0.5044565373347175
1,0,0.44868203748758934
0,0,0.19756164987118385
1,0,0.4860100318180232
0,0,0.48625731022329105
0,0,0.3785746603741131
0,0,0.48354013010528357
1,0,0.4913126523089551
1,0,0.3093659338342632
1,1,0.5008052678296921
1,0,0.4885106476220711
0,1,0.500651500456062
0,1,0.5160326417932759
1,1,0.5150819833195287
1,0,0.47857974014181365
1,0,0.39828163744436756
0,1,0.5204538342450359
1,0,0.47935012505125824
0,1,0.5001167719538084
0,0,0.4485976537349974
1,0,0.36294956128997535
0,1,0.6924755556210755
0,0,0.4907347032244565
1,0,0.47639249688170054
0,0,0.49822443318461523
0,0,0.4860100318180232
0,0,0.4886338086788018
0,0,0.4405980817252018
0,1,0.5477026380639165
0,0,0.4923590586121958
0,0,0.4321215835986679
1,0,0.454161765716314
0,0,0.49287612112421464
0,0,0.49811484696001
0,0,0.4842893787097104
0,0,0.4998361020654101
1,0,0.337674120953903
1,1,0.5122426637190173
0,1,0.5515734541366965
0,0,0.2060972714324909
0,0,0.18707416719447476
1,1,0.500651500456062
1,0,0.3560427838489933
0,0,0.448108143071646
1,0,0.49041591639451965
0,0,0.4896613417951327
0,0,0.4907347032244565
1,1,0.6249347813620919
0,1,0.5054497371271585
0,1,0.5274409630840325
0,0,0.2570097001117721
0,0,0.4953645761912011
0,0,0.35672424928690344
0,1,0.5245671945999135
0,0,0.3778450477388159
1,0,0.3877599691702478
1,0,0.4933814302917469
0,0,0.4946488469145844
1,0,0.4503051424500538
1,1,0.5062448269506209
0,0,0.4930017149355335
0,0,0.49820557084523415
1,1,0.5241964626843728
1,0,0.4912617236679566
1,0,0.36807883573395933
0,0,0.04045402350298341
0,0,0.20877862859930585
1,1,0.5243177414327319
0,0,0.4631711110067176
1,1,0.5245875953402119
0,0,0.02985554714975715
0,0,0.40615171980542675
1,0,0.4994972782241022
1,1,0.5008052678296921
0,0,0.4913126523089551
1,1,0.5370558932094461
1,1,0.5877110506724069
0,0,0.28668960978831076
0,0,0.21812299502795
0,1,0.5533369988202878
0,0,0.41822014831460264
1,1,0.511206960001663
0,1,0.508560168293949
0,1,0.5198565962548757
0,0,0.4912617236679566
0,0,0.11164521371848317
0,0,0.4583873992191137
1,1,0.9994965823902948
0,1,0.5263119653426795
1,0,0.4818944106619209
0,1,0.531997223217816
1,1,0.5004800596271939
1,0,0.4907347032244565
0,0,0.4885106476220711
0,0,0.17015535698379256
1,0,0.34265590502431587
0,0,0.40672746094001744
1,0,0.486469105453305
1,1,0.9998346605366119
0,0,0.3110974244487333
0,0,0.4913126523089551
0,0,0.4907347032244565
1,0,0.4896613417951327
0,1,0.5218204044959358
0,0,0.4907347032244565
0,0,0.4892190408807621
1,0,0.4857413665379931
1,0,0.486469105453305
0,1,0.511206960001663
1,0,0.4814464615211192
0,0,0.48023969057400573
0,0,0.4885106476220711
1,0,0.38386368981559366
1,1,0.512884948852028
0,0,0.4900539305879104
1,0,0.4912617236679566
1,1,0.9997685612771836
1,1,0.7156599186019524
0,0,0.49107214256450515
1,1,0.9998677469002534
1,1,0.5232059552195719
1,1,0.5160326417932759
0,0,0.49608150698402925
0,0,0.4907347032244565
0,1,0.5613349527314924
1,1,0.9954389035297694
0,0,0.4912617236679566
1,0,0.4771537626550263
1,1,0.5190755266169972
1,1,0.512884948852028
0,1,0.8287105999578788
1,1,0.5108333393217979
0,0,0.490580924207801
0,0,0.33191006758002234
1,1,0.5057555170827858
1,1,0.9999272625444534
1,0,0.49672215311487694
0,1,0.5101707374594792
1,0,0.25651831691968646
1,1,0.5219321540377132
1,1,0.5048221855684755
0,0,0.48476437361989816
1,1,0.5243177414327319
1,1,0.5298718389670402
0,1,0.5016825827200134
1,0,0.4913126523089551
1,0,0.39872698735712686
0,0,0.4896613417951327
1,1,0.8669010539390491
1,1,0.5062448269506209
1,1,0.500651500456062
1,1,0.5513895916340389
1,0,0.4907347032244565
0,0,0.4367587879350798
0,0,0.41709156063810887
1,0,0.43295065028445995
0,0,0.4998361020654101
0,0,0.4912617236679566
0,1,0.5088557800125919
1,0,0.4896613417951327
0,0,0.49939599255916234
1,0,0.4885106476220711
0,0,0.4871028010796751
1,1,0.9995333218807284
1,0,0.4913126523089551
1,1,0.5067867173168109
1,0,0.43061486487940037
0,1,0.9997898047595752
0,1,0.6181236497543312
0,0,0.33261557813541337
1,1,0.9960522165702203
0,0,0.49527998605729306
1,0,0.49768411658655387
0,0,0.4548816879857701
0,1,0.513635538580287
0,0,0.3571972806718099
1,0,0.4807793268416952
1,0,0.4885106476220711
0,0,0.4807793268416952
0,1,0.5678656570814005
1,0,0.40615171980542675
0,1,0.5138096092673896
0,0,0.48219696583110777
1,0,0.4321215835986679
1,0,0.43075164617406353
0,0,0.4912617236679566
0,0,0.331846460429965
0,1,0.5076743679281751
0,0,0.3708927656661873
0,0,0.04798175225028251
0,0,0.4991876028359306
0,1,0.5218204044959358
0,1,0.545654226833501
1,0,0.2169354169523922
1,1,0.500245272175313
0,1,0.5089772786806688
0,1,0.502765777263656
0,0,0.47901386986436006
1,0,0.4998361020654101
0,0,0.49608150698402925
0,1,0.50447924899713
1,1,0.5057667528801252
0,0,0.4900628211572311
0,1,0.5126946336276177
0,1,0.547118657043957
0,1,0.5076743679281751
0,0,0.45591733883623486
0,0,0.4899639379480893
1,0,0.470943743119802
1,1,0.9996792446278807
1,0,0.4855030379982238
0,0,0.0007552543881698022
0,0,0.4979392204809542
1,1,0.5082991748774874
1,0,0.47935012505125824
1,1,0.5055379882233427
0,1,0.5002156084989241
0,0,0.46940127952289834
0,1,0.5055423962147644
0,0,0.46099488896272334
1,0,0.470943743119802
1,0,0.4979392204809542
0,1,0.5004800596271939
0,0,0.4820529712950648
0,1,0.5218204044959358
0,1,0.5007747256321287
0,0,0.09171165100730247
0,1,0.508560168293949
1,0,0.30455786963184767
0,0,0.4352844507300108
0,0,0.00047726455951726924
0,0,0.37002933892245937
0,0,0.36930127354835324
0,0,0.3327839718609936
0,1,0.5327167468839366
1,0,0.4928275494733447
0,0,0.49728454780437886
1,0,0.3574987676606059
0,0,0.4871028010796751
0,1,0.512884948852028
1,1,0.5067966390581996
1,1,0.9994966542537934
0,1,0.5392118048702779
1,1,0.9999049917904869
0,1,0.5454607722251226
0,0,0.4860100318180232
0,0,0.4596783506278534
0,0,0.36806757479137037
1,1,0.9997485865376766
0,0,0.18585107823514432
1,0,0.490580924207801
1,1,0.9999297128108479
0,1,0.5101707374594792
1,0,0.30815097487545307
1,0,0.0007533985623699579
0,0,0.3784534849592545
0,0,0.4726085439584986
1,0,0.48006588462007804
1,1,0.5160326417932759
1,1,0.5076258794723396
1,0,0.4671624192032461
0,0,0.4855030379982238
1,0,0.49041591639451965
0,0,0.4895329671012819
0,0,0.4907347032244565
0,0,0.0011794673342854505
0,0,0.49041591639451965
1,1,0.5085366031599522
0,1,0.5218204044959358
0,0,0.4871028010796751
0,0,0.05841423341140536
0,0,0.43761348174787423
1,0,0.3292083869039012
0,0,0.001501667473997782
1,0,0.4830152904612781
1,0,0.4913126523089551
1,1,0.9999395408236207
0,1,0.5001642265218117
1,1,0.5198565962548757
0,1,0.5054885852618157
0,1,0.5561019890692118
1,1,0.9998236779856133
0,0,0.46003539334545146
0,1,0.5138096092673896
0,1,0.5327167468839366
0,1,0.5697572937857825
1,1,0.5174441365390968
0,0,0.489069178666584
0,1,0.5477026380639165
1,0,0.48383197726303145
0,1,0.5102208626184002
1,1,0.5149166506625336
0,0,0.49205143468854007
1,1,0.503534072715108
1,1,0.5345364389079779
1,0,0.4912617236679566
0,0,0.2525137036772684
1,0,0.31346832428512544
0,1,0.511293968279973
0,1,0.5076743679281751
0,0,0.3754981742477519
0,1,0.5241964626843728
1,0,0.45868180331611114
0,1,0.503534072715108
1,0,0.3230825801175656
1,1,0.9996748636918363
0,1,0.7001342741472248
0,0,0.4526958880673505
1,1,0.500651500456062
1,0,0.4598224741672147
1,0,0.4417729949683919
0,1,0.508560168293949
1,0,0.4946488469145844
1,0,0.4583988627295046
1,1,0.5061391490652832
0,0,0.4590351224369714
1,0,0.49608150698402925
1,1,0.9996758611706149
0,0,0.4933814302917469
1,1,0.511206960001663
0,0,0.4869696459455474
0,1,0.5088540924344324
0,0,0.2875082696803964
1,1,0.512884948852028
0,1,0.5061391490652832
0,1,0.5082433062431609
0,0,0.4653427594930246
0,0,0.49942672204940186
0,0,0.48316023278065307
0,0,0.49602928418917924
1,1,0.9993496884453418
1,0,0.29844044623782723
0,0,0.4971334880395946
1,0,0.48185345875340946
0,0,0.4907347032244565
1,1,0.5004140154404271
0,0,0.3778544627339092
1,1,0.5148760137825501
0,0,0.15614319323896514
0,0,0.4824852133682114
0,1,0.5085366031599522
0,0,0.4885106476220711
0,0,0.4896613417951327
0,1,0.5102689908834179
0,1,0.5134336157549628
1,0,0.4900539305879104
0,0,0.4953645761912011
0,1,0.5253742558928252
0,0,0.00012282965198365839
0,1,0.5001167719538084
0,0,0.48707866741013045
0,0,0.022528435657383113
1,1,0.500651500456062
0,1,0.5046439033172764
0,0,0.4896613417951327
0,1,0.5057555170827858
1,0,0.4602549547119698
0,0,0.48158724101921135
0,0,0.4985074050412294
1,0,0.4710439180807019
1,0,0.48625731022329105
0,0,0.48318091008546327
1,0,0.48185345875340946
1,1,0.5101707374594792
0,0,0.030799781350608436
0,0,0.26660599766529647
0,0,0.47901386986436006
0,0,0.4907347032244565
0,1,0.508560168293949
0,0,0.012757677189368682
1,0,0.4814464615211192
0,0,0.4031098341777987
0,0,0.49951561036758535
0,0,0.4967412875790193
0,1,0.5076743679281751
0,0,0.49041591639451965
0,0,0.4907347032244565
1,0,0.47935012505125824
0,1,0.50447924899713
1,0,0.49942672204940186
1,0,0.48707866741013045
0,0,0.454161765716314
1,0,0.486469105453305
0,1,0.5122426637190173
0,0,0.4907347032244565
1,0,0.20114458271232807
0,0,0.49459921231843273
0,0,0.4912617236679566
0,1,0.5088540924344324
1,0,0.1295350386677219
0,0,0.4765154490361267
1,0,0.495265968953333
0,0,0.47967664775927027
1,0,0.24961347104860832
0,0,0.49942672204940186
1,0,0.11565025776940994
0,0,0.4865649272009386
0,0,0.032929484566841305
1,0,0.45996680251063976
0,0,0.4912617236679566
0,0,0.3702027828550547
0,0,0.4912617236679566
0,1,0.5055423962147644
1,0,0.4820529712950648
1,1,0.9998126424294408
0,0,0.20566549616234098
0,1,0.7199266499393863
0,0,0.4602243962663656
1,0,0.489032804816294
0,0,0.040297837947470806
1,0,0.49942672204940186
1,0,0.4198873244021946
0,1,0.5612102420838266
0,0,0.45660002352375656
1,1,0.9998269065141061
0,1,0.5517275656203573
0,0,0.28632425191620253
1,0,0.496508883964663
0,0,0.4971334880395946
0,1,0.5255155899624375
0,0,0.2712993284750187
1,1,0.5315607551083996
0,0,0.46650812548969284
1,1,0.53334205246555
0,0,0.37228882632403065
0,0,0.48707866741013045
1,0,0.4896613417951327
1,1,0.5156035514689179
0,0,0.4883884446858206
1,1,0.9998784706997249
1,0,0.4912617236679566
1,0,0.4896613417951327
0,1,0.5055379882233427
0,0,0.4885106476220711
1,1,0.5001167719538084
0,0,0.21280660084010725
0,1,0.5128353852011507
0,1,0.5088557800125919
0,0,0.17737469867434946
0,0,0.48181691623876266
0,0,0.4690331121141626
1,1,0.9998038315952218
1,0,0.49568829798813635
0,0,0.4503051424500538
0,0,0.39522161375635
0,1,0.5141175904245529
0,0,0.04683495916925173
1,1,0.5057667528801252
0,0,0.3613653842738359
1,1,0.5001642265218117
1,0,0.49130399890050636
1,1,0.5420298346511104
0,1,0.5038705162336773
1,0,0.37059235804145074
0,0,0.44790179673817965
1,1,0.5684975974338502
0,0,0.3913735588495856
0,0,0.015899311704803725
1,0,0.4835429876284037
0,0,0.4916579768149222
0,0,0.4873145969255669
1,0,0.4912617236679566
0,0,0.4376880495628543
1,0,0.47610008488982886
0,1,0.5285604383501384
0,0,0.4907347032244565
0,0,0.48989976792439643
0,0,0.006539567415820032
1,1,0.9999029919210675
1,1,0.50447924899713
0,0,0.4748446243597371
1,1,0.9998787329090649
1,1,0.5123328805226314
0,1,0.502216994528299
1,1,0.9998542506055106
0,0,0.48585894568688853
0,1,0.5253742558928252
0,1,0.5062448269506209
0,0,0.4807793268416952
1,0,0.4885106476220711
0,0,0.32295686254535705
1,0,0.4907347032244565
0,1,0.500651500456062
0,0,0.47665913479113986
0,0,0.4933814302917469
0,0,0.4896613417951327
0,1,0.5009284928860076
0,0,0.49287612112421464
1,0,0.09286400006865315
0,0,0.30865254610099535
0,0,0.407299457136056
0,1,0.50447924899713
0,1,0.5088540924344324
0,0,0.19594947009794345
0,0,0.05127148032472051
0,0,0.3778450477388159
0,0,0.44219564075043555
0,0,0.49041591639451965
0,0,0.3559153328384669
1,1,0.5036429124986881
1,0,0.470943743119802
0,0,0.23468429009369002
0,1,0.500651500456062
0,0,0.4978844819096963
0,1,0.5030712495816693
0,1,0.5057555170827858
0,1,0.5255155899624375
0,1,0.5001642265218117
1,0,0.48625731022329105
1,0,0.48625731022329105
1,1,0.5881681468792613
1,0,0.4672831913870725
1,1,0.5008052678296921
1,0,0.4502143709992434
0,0,0.4454668364387281
1,1,0.5008052678296921
0,0,0.4820529712950648
1,1,0.5610183821022938
0,0,0.37289788395371876
0,1,0.5253742558928252
0,0,0.3589738881825029
1,1,0.9998479187536449
0,0,0.46305069988023856
0,1,0.5001059605314259
1,0,0.4877600776874521
0,0,0.03451374133235564
1,1,0.5001642265218117
0,0,0.4571021611640761
1,0,0.45591733883623486
0,0,0.3785665379060665
1,1,0.9998175140778582
0,0,0.49041591639451965
1,1,0.5001167719538084
0,1,0.5499218134477569
0,0,0.2375859200317378
1,0,0.4885106476220711
1,1,0.9995711066914733
0,1,0.5160326417932759
1,1,0.5122426637190173
1,0,0.2830213420282029
0,0,0.49942672204940186
1,1,0.9999488600017328
0,0,0.4885106476220711
1,1,0.9996644699555882
1,1,0.5210096947056825
0,0,0.47610008488982886
0,0,0.39819907156399925
0,0,0.49205143468854007
0,0,0.39116348569950354
0,1,0.5002874519233941
0,0,0.49942672204940186
1,0,0.4998361020654101
1,0,0.4853295672373662
0,0,0.3784653259336137
0,0,0.4893752777989332
1,0,0.4896613417951327
1,0,0.4907347032244565
1,1,0.9998476668676809
0,0,0.4896613417951327
1,1,0.9998466044592097
0,0,0.4871028010796751
1,0,0.47974082494619696
1,1,0.5081201138114664
1,0,0.49608150698402925
0,0,0.35727515395159076
1,1,0.5004140154404271
0,1,0.5094300506392843
0,1,0.5101707374594792
1,1,0.5327167468839366
1,1,0.9998717329197694
0,1,0.5067867173168109
0,1,0.5370558932094461
1,0,0.49942672204940186
1,0,0.4907347032244565
1,1,0.9999068176892221
0,0,0.4933814302917469
1,1,0.5001642265218117
0,0,0.3935462128532796
0,0,0.4885106476220711
0,0,0.37471503977182224
0,0,0.38039180470561484
1,0,0.494818813398957
1,0,0.40203812175063025
1,0,0.18666560016797892
1,0,0.4867937995483677
1,1,0.9997265408688198
0,0,0.4896297644661148
1,0,0.37573118807078193
1,1,0.5004140154404271
1,1,0.5057667528801252
0,1,0.5011532225266468
0,0,0.49041591639451965
0,1,0.5057667528801252
0,1,0.5241964626843728
1,0,0.4896613417951327
1,1,0.9996229380683798
1,0,0.4907347032244565
0,0,0.4913126523089551
1,0,0.26829276560813375
0,0,0.4912617236679566
0,0,0.49216839670940166
1,1,0.9977632994339739
0,0,0.448108143071646
0,1,0.5091233500154455
0,0,0.46847788494330883
0,1,0.58452539799327
1,1,0.515323674469248
0,1,0.5088540924344324
1,0,0.4998361020654101
1,0,0.4781113065171764
0,1,0.5011532225266468
1,1,0.588802911188044
1,0,0.49031752979009097
0,1,0.5518146113195896
1,1,0.5076741957300559
0,0,0.4814464615211192
0,1,0.5218204044959358
1,0,0.39194011636994414
0,1,0.5156035514689179
0,1,0.5008052678296921
0,1,0.511293968279973
0,0,0.47610008488982886
0,1,0.5076743679281751
1,0,0.4873145969255669
1,0,0.4873145969255669
0,0,0.4912617236679566
1,0,0.31405418487983094
0,0,0.4998361020654101
1,0,0.47533232259246133
1,0,0.383862733851569
1,0,0.49608150698402925
1,1,0.512884948852028
0,1,0.515081292151952
0,1,0.5174441365390968
1,1,0.5285604383501384
1,0,0.4807793268416952
0,1,0.5001167719538084
0,0,0.490580924207801
1,1,0.500651500456062
1,1,0.5160326417932759
1,0,0.4992119553781867
1,1,0.5011532225266468
0,1,0.5067867173168109
0,1,0.5232059552195719
1,0,0.4991461543630083
1,1,0.5138096092673896
0,0,0.4896613417951327
1,0,0.23258706182618485
0,0,0.4998361020654101
1,0,0.4907347032244565
1,1,0.500651500456062
0,1,0.5219321540377132
0,0,0.4972298837007246
0,0,0.490580924207801
1,0,0.4857940284455393
1,0,0.38466604523741366
1,0,0.49826983692633176
1,0,0.4653427594930246
1,1,0.999502574745713
0,1,0.5057555170827858
1,1,0.9992650895293039
1,0,0.07880698004425211
1,0,0.3940927667781179
1,0,0.15500463141047843
1,1,0.9654224940653257
1,1,0.500651500456062
0,1,0.5241964626843728
1,1,0.9998805909735214
1,0,0.49942672204940186
0,0,0.4321215835986679
1,0,0.40187200192163774
1,1,0.5169007468050232
1,0,0.4717455527773568
0,0,0.4928560554518983
0,0,0.49608150698402925
1,1,0.9998839940177663
1,0,0.3784653259336137
1,1,0.5101707374594792
0,1,0.500651500456062
0,0,0.495265968953333
0,0,0.4998361020654101
0,0,0.3823063424668646
0,0,0.35547966703981304
1,1,0.999873750004183
1,0,0.48155560349430254
1,0,0.4907347032244565
1,0,0.495265968953333
0,1,0.5067966390581996
0,1,0.5212095561454495
0,0,0.4225799499003163
1,0,0.4867937995483677
0,1,0.5448029585865938
1,0,0.22822124644217245
0,0,0.4885106476220711
0,0,0.2930358118638692
0,0,0.2728520795207258
1,0,0.48625731022329105
1,0,0.11205675509548242
0,1,0.5138096092673896
0,0,0.35713887741908923
1,1,0.5088540924344324
0,0,0.39828163744436756
1,1,0.5685418274289477
0,1,0.5125687663376634
0,1,0.5054497371271585
0,1,0.5057555170827858
1,0,0.4885106476220711
0,1,0.500651500456062
1,1,0.5245875953402119
1,0,0.4907347032244565
0,0,0.33890701185293726
0,1,0.5085366031599522
1,1,0.9262339944273098
0,0,0.4340976201329565
1,1,0.5278346304205921
0,1,0.6342864264995144
1,0,0.3284413746358027
1,1,0.5656183298973869
0,1,0.5137046786580115
1,1,0.5052155750330206
0,0,0.4321215835986679
0,1,0.5067867173168109
0,1,0.502216994528299
0,0,0.1103663174751344
1,1,0.5007747256321287
1,0,0.490580924207801
1,1,0.5122655936665407
0,0,0.41565783263111067
0,0,0.48383197726303145
0,0,0.49445825706076313
0,0,0.4885106476220711
0,1,0.5123328805226314
1,0,0.47639249688170054
0,0,0.4896613417951327
0,0,0.49942672204940186
0,0,0.4999023439888881
1,0,0.3994622690312164
0,0,0.4820529712950648
1,0,0.4953645761912011
1,1,0.5097082532934869
0,1,0.5148760137825501
0,0,0.4855030379982238
1,0,0.40580768742192747
0,0,0.4043415943297272
1,1,0.6247050182084856
0,0,0.4814464615211192
0,0,0.48625731022329105
0,0,0.00097198433695151
1,1,0.5349390908936325
0,1,0.5245875953402119
1,0,0.4978844819096963
1,0,0.4602549547119698
0,0,0.4857474062229187
1,0,0.48304471930466264
0,0,0.38983318705796965
1,0,0.49541332399454235
0,0,0.460555427483866
0,0,0.48625731022329105
1,0,0.4852534221298536
0,1,0.5420392023838178
1,0,0.4885106476220711
1,0,0.48791079184476405
1,0,0.4885106476220711
1,1,0.500651500456062
0,0,0.4916579768149222
0,0,0.48304471930466264
1,0,0.49527998605729306
0,0,0.49608150698402925
1,1,0.502122378290864
0,0,0.2560881135181926
0,0,0.4405428404489415
0,1,0.511206960001663
1,1,0.5004450448749472
0,0,0.2716322324755347
1,0,0.49650404625184147
0,0,0.49033948727285476
1,0,0.49287612112421464
1,0,0.3876471824970849
1,1,0.5141175904245529
1,1,0.5089772786806688
1,0,0.4998361020654101
1,0,0.3537206538908117
1,1,0.5877700447128248
1,0,0.49608150698402925
0,1,0.5261242676371942
1,1,0.5057555170827858
1,0,0.4928560554518983
1,0,0.3419815471078598
0,0,0.09532902181469904
0,1,0.5218204044959358
1,1,0.5057555170827858
1,1,0.5533369988202878
1,0,0.37306670980193185
1,0,0.49041591639451965
0,1,0.512884948852028
0,0,0.48683018475662004
0,0,0.4928560554518983
1,0,0.4571021611640761
0,0,0.4967412875790193
0,0,0.49527998605729306
0,1,0.5016825827200134
0,1,0.5245875953402119
0,0,0.35915367153881284
1,0,0.3644753087750255
0,0,0.47967664775927027
0,1,0.5102208626184002
1,1,0.5041868056645645
1,1,0.500651500456062
1,0,0.4933814302917469
0,1,0.5187864100967774
1,0,0.49041591639451965
0,1,0.502765777263656
0,0,0.4868810138278967
0,0,0.4682125988315581
1,0,0.4109707805593782
0,0,0.3614746121494543
1,0,0.48625731022329105
0,0,0.4979392204809542
0,1,0.5684581769291855
0,1,0.5477026380639165
1,1,0.5057555170827858
0,0,0.28158735850164923
0,0,0.280882013122582
0,0,0.49527998605729306
0,0,0.4928560554518983
1,0,0.48625731022329105
0,1,0.5877700447128248
0,0,0.3729387813339571
1,0,0.4913126523089551
0,1,0.5055379882233427
0,1,0.5197529991716984
0,1,0.5112992757356464
0,0,0.454161765716314
0,1,0.5568019001437888
1,0,0.49205143468854007
1,0,0.448007441170305
0,1,0.5262197450405391
0,0,0.4907347032244565
1,1,0.5017541584999378
1,0,0.3859476810878632
1,0,0.37485959254198914
1,0,0.44083565033201627
1,0,0.34883240739463267
1,1,0.5234793971793977
0,0,0.49826983692633176
0,1,0.5061391490652832
0,0,0.4907347032244565
1,0,0.486469105453305
1,1,0.5156035514689179
1,0,0.20577207641520423
0,0,0.38010072312137616
1,0,0.47639249688170054
1,0,0.15230082463904815
1,1,0.5002156084989241
1,0,0.4955656789928899
0,1,0.5139152252839136
1,0,0.4933814302917469
0,0,0.13109382318207352
0,0,0.4967412875790193
1,0,0.4933814302917469
0,0,0.4907347032244565
0,1,0.5327167468839366
1,1,0.50447924899713
1,0,0.49768411658655387
0,1,0.5047058633573509
1,1,0.50447924899713
1,1,0.5138096092673896
0,0,0.18771061080755438
1,0,0.48737046695486624
0,0,0.48790120539719756
0,0,0.4571021611640761
1,1,0.5082073528828166
0,0,0.3994725523378706
1,1,0.5245875953402119
1,0,0.2904590615859583
1,1,0.9998652995420376
0,0,0.26308118695415994
0,0,0.49951561036758535
1,1,0.5067867173168109
0,0,0.49611376299402915
1,1,0.5064993649072461
0,1,0.5660978338502979
1,1,0.5576818505533327
1,0,0.3735847063530837
0,0,0.44914759129584897
0,1,0.500651500456062
0,0,0.4900539305879104
1,0,0.3979692033342021
0,1,0.500651500456062
0,0,0.4060473688156357
1,0,0.49465925643937925
0,0,0.49568829798813635
1,0,0.44712318713062676
0,0,0.4861345565281622
1,0,0.4907347032244565
0,1,0.5814718592449417
0,0,0.48786227888337136
0,1,0.5135015168441988
1,0,0.4820529712950648
0,1,0.5057667528801252
0,0,0.48625731022329105
1,1,0.5085366031599522
0,0,0.20076129485403885
0,0,0.4912617236679566
0,0,0.495265968953333
1,0,0.4907347032244565
0,0,0.49608150698402925
1,1,0.5057555170827858
1,0,0.4967412875790193
0,0,0.49942672204940186
1,0,0.3684353681655794
1,0,0.495265968953333
0,0,0.4933814302917469
1,0,0.1150696500148686
0,0,0.48737046695486624
0,0,0.4807793268416952
1,1,0.541116973779674
0,0,0.44987190762480156
1,0,0.4699646820950023
0,0,0.42760674964845014
1,1,0.9999114308020706
0,0,0.4857413665379931
1,0,0.490580924207801
1,0,0.4900539305879104
0,1,0.5233187985095199
0,1,0.638749722164285
0,1,0.5055379882233427
0,1,0.5218204044959358
0,1,0.512884948852028
0,0,0.495810082142245
1,1,0.9997250272802204
1,1,0.5072840869333985
0,0,0.4595452257170302
1,0,0.4885106476220711
0,0,0.47412497402458803
0,0,0.008330072321022246
1,1,0.5245875953402119
1,0,0.3484848311213941
0,0,0.3059145424289093
0,0,0.470943743119802
1,0,0.44941143207287926
1,0,0.4913126523089551
0,0,0.4901257275828425
1,0,0.48467810731099653
1,1,0.9997402745879178
0,0,0.399460787776023
1,0,0.4900539305879104
0,0,0.4871028010796751
0,0,0.1715745020563527
1,0,0.4896613417951327
0,1,0.5571986021868042
1,1,0.5008052678296921
1,0,0.4871028010796751
0,1,0.504303838619032
1,0,0.3713002575456441
0,0,0.4990022763278688
0,0,0.36503644802998864
0,0,0.4996806141250493
1,0,0.41565783263111067
1,0,0.11591276699580105
0,1,0.5076743679281751
0,0,0.00017728605905512816
1,1,0.50447924899713
0,0,0.22761251774785987
0,0,0.4370950121475787
1,0,0.4807793268416952
0,0,0.46730519094733525
0,0,0.12083311151816484
0,1,0.50447924899713
0,0,0.490580924207801
1,1,0.502765777263656
0,1,0.5004800596271939
0,1,0.5534219613916828
1,0,0.43298033053064683
0,0,0.4912617236679566
0,0,0.49151481498323085
1,0,0.3836157898913163
0,0,0.4907347032244565
1,0,0.4321215835986679
1,0,0.4912617236679566
1,1,0.5037678566793601
1,0,0.495810082142245
0,1,0.5011532225266468
1,1,0.5061391490652832
1,0,0.48989976792439643
0,0,0.4992119553781867
0,1,0.50447924899713
0,0,0.4820481872130937
0,1,0.50447924899713
0,0,0.49205143468854007
1,0,0.4885106476220711
1,1,0.5037678566793601
0,1,0.5322110884302996
0,1,0.5076802946337304
1,0,0.47665913479113986
1,0,0.49608150698402925
1,0,0.4496269222507324
0,1,0.5114171301477594
0,0,0.4993152916555989
1,0,0.49527998605729306
1,1,0.9992596957781368
1,1,0.5141175904245529
1,0,0.39078219296601835
0,0,0.47495191775245243
1,1,0.9998503423286011
0,0,0.48701195127603475
1,1,0.5011532225266468
0,0,0.4023616852022418
1,0,0.4912617236679566
0,0,0.44219564075043555
1,1,0.5184880778783645
0,0,0.49041591639451965
0,0,0.4814464615211192
0,0,0.36648890462230654
1,0,0.4892190408807621
1,1,0.5075332921236426
0,0,0.379671196050207
1,1,0.9996739215841779
0,0,0.07936672750943374
1,1,0.9997422904690444
1,1,0.5076802946337304
1,1,0.5070836571298218
1,0,0.4892190408807621
1,1,0.5067867173168109
0,1,0.5048221855684755
0,0,0.49375208613054894
0,0,0.12021137387316498
1,1,0.5279016883415499
0,0,0.4912617236679566
0,0,0.496508883964663
0,1,0.5174441365390968
0,1,0.5517275656203573
1,1,0.9998052816605683
0,1,0.500651500456062
1,1,0.9998787608777469
0,0,0.07160919760840677
0,0,0.4234785722172844
1,0,0.47822211318705576
0,0,0.4040425164376659
0,0,0.45660002352375656
1,1,0.5067867173168109
0,0,0.4637901558026233
0,0,0.3043588733919556
0,0,0.03807273294815349
0,1,0.5517275656203573
0,0,0.39574475007282073
0,0,0.31185021085285175
1,1,0.5057667528801252
1,0,0.47098397406822884
0,1,0.5016825827200134
0,0,0.4389927323496517
1,0,0.2551418574541016
1,1,0.9997731565116509
0,0,0.4630562029507989
1,1,0.511293968279973
0,0,0.4814464615211192
1,1,0.5416001635272192
0,0,0.4907347032244565
0,1,0.5067867173168109
1,0,0.4820529712950648
0,0,0.4979392204809542
0,0,0.4743654741899417
1,1,0.9995746911072722
0,0,0.44607421790938917
0,0,0.49650404625184147
0,0,0.4766142092186834
1,1,0.999749137522846
0,0,0.43295065028445995
1,1,0.9998733208105605
0,0,0.4993152916555989
0,1,0.5351636714944391
1,0,0.483042406777752
1,1,0.5890846142431823
0,1,0.5311035401809788
0,1,0.5139805670099996
0,0,0.4871028010796751
0,1,0.5055357780844859
1,0,0.48318091008546327
1,0,0.4873145969255669
0,1,0.512884948852028
1,1,0.9999574342544785
1,1,0.9991403263358875
1,0,0.4892190408807621
0,0,0.29621825605027363
1,1,0.5076743679281751
1,0,0.46156827412646867
1,0,0.49287612112421464
0,0,0.43295915180466904
1,1,0.500651500456062
1,0,0.4871028010796751
0,1,0.5413755323505299
0,1,0.5057555170827858
0,0,0.4913126523089551
1,1,0.5161883856484095
1,1,0.6341740051478799
1,0,0.4814464615211192
0,1,0.5245875953402119
0,0,0.33634973853336375
0,0,0.4820529712950648
0,1,0.5135015168441988
0,0,0.009858098342374772
1,1,0.5122426637190173
1,0,0.39960255930338956
0,0,0.4907347032244565
1,0,0.4631711110067176
1,0,0.48383197726303145
1,1,0.9997971711076017
0,0,0.3686377815115142
0,0,0.4993152916555989
1,1,0.9999179377065214
0,0,0.4923590586121958
1,1,0.5088540924344324
1,1,0.5180114946853924
1,1,0.9998005332477647
0,0,0.4885106476220711
0,0,0.495810082142245
0,0,0.49995932748697525
0,1,0.5067867173168109
0,1,0.5235163991133178
1,1,0.9995558182693325
0,1,0.5072840869333985
0,0,0.22796501437294764
1,0,0.35695116677687966
1,0,0.470943743119802
1,1,0.5004800596271939
1,1,0.511206960001663
1,1,0.9999095149347951
1,0,0.48585894568688853
1,1,0.5057555170827858
1,0,0.308516551718077
0,0,0.37599280794750906
1,0,0.4933814302917469
1,0,0.49942672204940186
0,0,0.37673443950387075
1,0,0.3603191392499781
1,0,0.4912617236679566
1,1,0.5088540924344324
0,0,0.4069396528283652
1,1,0.502216994528299
1,1,0.502765777263656
1,0,0.06336636346714605
0,0,0.49608150698402925
1,0,0.48910369060061226
0,0,0.49017710785667584
1,0,0.4933814302917469
1,0,0.27164684744624756
0,1,0.5008052678296921
1,0,0.49945366964273563
0,0,0.49568829798813635
0,0,0.49156055050133696
0,0,0.4054802180913188
0,0,0.3482026959259741
1,1,0.6148391692211802
0,0,0.17693214051607845
1,1,0.5138096092673896
1,1,0.6037147140874661
1,0,0.48476437361989816
1,1,0.5109927516363495
0,1,0.5048221855684755
1,0,0.4992119553781867
1,0,0.48941237791057035
1,0,0.4955656789928899
0,0,0.44382281372932036
1,0,0.4928275494733447
1,1,0.5877700447128248
1,1,0.5057667528801252
1,0,0.4726085439584986
1,1,0.5076743679281751
1,1,0.5008052678296921
0,0,0.125165901303196
1,1,0.5160326417932759
1,0,0.3997913431166748
1,1,0.5072840869333985
0,0,0.3934573331757419
1,0,0.3161923919918461
0,1,0.5138096092673896
0,1,0.6045000198054428
1,1,0.5067867173168109
1,1,0.5169007468050232
0,0,0.49650404625184147
0,0,0.4690331121141626
0,0,0.490580924207801
0,1,0.5160326417932759
0,0,0.43315275003314085
1,1,0.5002156084989241
0,0,0.490580924207801
0,0,0.3392203969156397
1,0,0.4262660593944284
0,0,0.3784534849592545
0,0,0.4913126523089551
0,1,0.5709781429843017
0,0,0.4855030379982238
1,1,0.502216994528299
1,1,0.500651500456062
0,0,0.4849730749677902
1,0,0.37885280497713236
0,1,0.5008052678296921
1,0,0.47610008488982886
0,1,0.5206874370637962
0,0,0.2685313746645234
0,0,0.19430963960909
0,0,0.3972584190268377
0,1,0.5015073223047106
0,0,0.4933814302917469
1,0,0.48707866741013045
1,1,0.5245875953402119
0,0,0.31346832428512544
1,0,0.48573871947933595
0,0,0.4781113065171764
0,0,0.4046371255102031
1,0,0.4996806141250493
0,0,0.49568829798813635
0,0,0.00032225432774716774
0,0,0.4998361020654101
0,1,0.6074350415446852
1,1,0.5088557800125919
1,1,0.6097719985521309
0,1,0.5255155899624375
0,0,0.44953775210204217
1,1,0.5204538342450359
0,1,0.5212095561454495
0,1,0.5327167468839366
0,0,0.3265368709173527
0,1,0.9997538863186449
0,0,0.4871028010796751
0,0,0.26168637662794403
0,0,0.30526241726367614
0,0,0.2946230962294341
0,1,0.502765777263656
0,1,0.5067867173168109
0,0,0.1635624090359599
1,1,0.9992349397874507
1,1,0.9948458740160612
1,0,0.490580924207801
1,0,0.4913126523089551
0,1,0.5088540924344324
1,0,0.4820529712950648
0,1,0.50447924899713
1,1,0.5112992757356464
0,0,0.4913126523089551
0,1,0.5004140154404271
1,1,0.9998068692099814
0,0,0.3853769150028036
1,0,0.4602549547119698
0,1,0.5327167468839366
1,0,0.4896613417951327
0,1,0.5001642265218117
1,0,0.49264978918449936
0,0,0.4998361020654101
1,0,0.4961194986577269
0,0,0.48910367429791374
1,1,0.5001642265218117
1,0,0.4713930658093873
1,1,0.5001642265218117
0,0,0.33610132451153624
0,1,0.5028481574114908
0,0,0.47930629080160925
0,0,0.3378603238855643
0,1,0.5190755266169972
0,1,0.5101707374594792
0,1,0.5155294392237763
0,0,0.470943743119802
0,0,0.4070875179361924
0,1,0.5055357780844859
1,0,0.490580924207801
1,0,0.48910369060061226
0,0,0.15684826641519564
0,0,0.4933814302917469
1,0,0.4873145969255669
1,0,0.470943743119802
1,0,0.44868203748758934
0,0,0.041131663251249964
1,1,0.5067867173168109
1,0,0.4944782279112676
1,0,0.4815442882773746
1,1,0.5148760137825501
0,1,0.5052155750330206
0,0,0.47360766472212595
1,1,0.5138096092673896
0,1,0.502216994528299
0,1,0.5007747256321287
1,1,0.5138096092673896
1,0,0.4896613417951327
1,1,0.5057555170827858
0,1,0.5251912529179843
1,1,0.5190755266169972
1,0,0.4907347032244565
0,0,0.13329344578317598
0,0,0.32169908098396655
0,0,0.38229794747926416
0,0,0.36052194855311137
1,1,0.9999221593868128
1,1,0.9997855755243129
0,1,0.5088540924344324
0,1,0.5660893377539493
0,0,0.4494807921724442
0,1,0.5155337064684267
0,0,0.49951561036758535
1,1,0.504303838619032
1,0,0.4122853549090615
1,1,0.5037678566793601
1,0,0.4928275494733447
1,1,0.9985604800972937
0,1,0.5327167468839366
1,1,0.5125687663376634
0,0,0.06677253134105783
0,0,0.49125703093453393
0,0,0.30188183943251234
0,1,0.5160326417932759
1,0,0.4820481872130937
0,0,0.37485959254198914
1,1,0.5055379882233427
1,0,0.4998361020654101
0,0,0.32600986093602224
0,0,0.4978844819096963
0,0,0.15193771151794083
1,0,0.4967379242676296
0,0,0.4223229230727552
0,0,0.486469105453305
0,0,0.19754080818440406
1,0,0.2726025012754726
0,0,0.48790120539719756
1,0,0.3760393196081649
0,0,0.3150123125477252
1,0,0.4653427594930246
0,0,0.47901386986436006
0,0,0.49041591639451965
1,0,0.47610008488982886
0,1,0.5327167468839366
1,0,0.4153545033202138
1,1,0.9998339229638367
1,1,0.9998756014964311
0,0,0.0029214419405652428
0,1,0.5606736833631268
1,1,0.500245272175313
1,1,0.9998035374521562
0,0,0.4726085439584986
1,0,0.48383197726303145
1,0,0.4814464615211192
0,1,0.5087784554197445
0,0,0.4985074050412294
1,0,0.4907347032244565
1,1,0.5058899615631003
1,1,0.5117570155183621
0,1,0.500245272175313
1,0,0.4979392204809542
0,0,0.49205143468854007
1,1,0.9998071208935986
0,1,0.5230210040959803
1,1,0.5057555170827858
0,1,0.5948526272805145
1,0,0.4967412875790193
1,0,0.35006259210737345
1,1,0.5012570768930981
0,0,0.49650404625184147
0,0,0.27895782054176604
0,0,0.299090499546032
0,0,0.24825214574167234
1,0,0.4971334880395946
0,0,0.454161765716314
1,0,0.44573583107257086
0,0,0.48910367429791374
0,1,0.5533369988202878
1,0,0.4907347032244565
1,1,0.999949574950357
1,1,0.5160326417932759
1,0,0.3973894019859591
0,0,0.49942672204940186
0,1,0.5232059552195719
0,1,0.5116690618020299
0,0,0.49107214256450515
0,0,0.17194464771165108
1,1,0.515081292151952
0,0,0.1650901938342944
0,1,0.5533333544037528
0,0,0.3022094663549067
0,1,0.508991123862357
1,0,0.4885106476220711
1,0,0.477795837030292
1,1,0.5067867173168109
1,1,0.5067867173168109
0,1,0.5001167719538084
1,0,0.4998361020654101
1,0,0.47935012505125824
1,0,0.4956446126063419
1,1,0.5076743679281751
1,0,0.4694072672791838
1,0,0.47639249688170054
1,1,0.9997580627301188
0,0,0.16871936599841394
0,0,0.49951561036758535
0,1,0.508597330492024
1,0,0.4885106476220711
1,1,0.5072840869333985
1,0,0.48023969057400573
1,0,0.3389957383580667
0,1,0.508560168293949
1,0,0.31918651730104597
0,0,0.4994972782241022
0,0,0.2661169031198299
1,0,0.4915317675983414
1,1,0.9998997991072481
0,0,0.47610008488982886
0,1,0.5055423962147644
0,1,0.5061391490652832
1,0,0.4981997549478681
0,1,0.5281748745029309
1,0,0.4967412875790193
0,1,0.5125687663376634
1,1,0.5771064703967024
0,0,0.002408001101417215
0,0,0.3559153328384669
1,0,0.4742835635579228
0,0,0.38314652965263907
0,0,0.48625731022329105
0,0,0.2871185110016751
1,1,0.9999052022323198
0,1,0.5232059552195719
0,1,0.504303838619032
1,1,0.511206960001663
1,0,0.4622478404515574
0,0,0.08481584877514231
1,1,0.5051547158788596
0,0,0.49381206990459037
1,0,0.4842893787097104
0,1,0.5123328805226314
1,1,0.9998378199529613
1,0,0.467484350246519
0,1,0.5076258794723396
0,0,0.4907347032244565
0,1,0.5067966390581996
1,0,0.31405418487983094
0,1,0.6067121681657355
0,0,0.3711165301763952
1,0,0.48903757319549285
1,1,0.543787776574599
1,1,0.508560168293949
0,0,0.48903757319549285
1,0,0.48585894568688853
1,1,0.9999343467540042
1,1,0.512884948852028
1,0,0.4873145969255669
0,1,0.5184880778783645
1,1,0.5255155899624375
1,0,0.48625731022329105
1,1,0.508991123862357
0,0,0.4933814302917469
0,0,0.4555989776149835
0,1,0.5160326417932759
0,0,0.4852534221298536
0,1,0.647960010833605
1,1,0.9995570016087212
0,1,0.5267633627594583
1,0,0.4920503224027557
1,0,0.49942672204940186
0,0,0.490658783415341
0,0,0.4998361020654101
1,1,0.9587063191209365
1,1,0.511206960001663
1,0,0.4912617236679566
0,0,0.3223889951131688
0,0,0.4855030379982238
0,0,0.49768411658655387
0,0,0.49041591639451965
0,0,0.04970694457630899
0,1,0.5017541584999378
0,0,0.39146110921974653
1,1,0.9998732626982516
1,0,0.4725176400364445
1,1,0.9998866266559504
1,0,0.38983318705796965
0,0,0.4933814302917469
1,0,0.48585894568688853
0,0,0.48625731022329105
1,0,0.4799761366974132
0,0,0.3389114414097658
1,1,0.50447924899713
0,0,0.47452613597737936
0,0,0.49541332399454235
1,0,0.3645133812726781
0,0,0.4855030379982238
1,0,0.4985074050412294
1,1,0.9998860608297678
1,0,0.4867937995483677
1,1,0.5004800596271939
0,1,0.7417282918104292
0,1,0.5138096092673896
1,0,0.4693201936083539
0,1,0.5218204044959358
1,0,0.35047009464376083
0,1,0.5081201138114664
0,0,0.38946081501898694
0,0,0.28131637174855645
1,1,0.500651500456062
0,1,0.5001167719538084
0,1,0.5067867173168109
0,0,0.48707866741013045
0,0,0.40377166018001603
0,0,0.012274423272741104
1,1,0.9995328907543379
1,0,0.4362294414456623
0,1,0.5233310761846777
1,1,0.5045071998952658
1,0,0.4405980817252018
0,1,0.5057667528801252
1,1,0.5174587936751366
1,1,0.9999165813165264
0,0,0.4100110961602009
0,1,0.5011532225266468
0,0,0.4979392204809542
0,0,0.35353085102482307
0,0,0.46003539334545146
1,0,0.4225799499003163
1,0,0.49568829798813635
0,0,0.49033948727285476
1,0,0.48625731022329105
1,0,0.4907347032244565
0,1,0.5153065077901997
0,0,0.12832273439965702
1,0,0.4998361020654101
0,0,0.4991671239600787
0,1,0.502216994528299
1,1,0.9988729133220585
1,1,0.5085366031599522
1,0,0.4717455527773568
0,0,0.48185345875340946
1,0,0.45660002352375656
1,0,0.4896613417951327
0,1,0.5633995997269632
0,1,0.500651500456062
0,0,0.46883427626899304
0,0,0.4991671239600787
1,1,0.5023853019372048
0,1,0.5549247005294777
0,0,0.48784777391572864
1,1,0.9978507945494868
1,0,0.38508372660990725
0,0,0.4797173572618655
0,0,0.4885106476220711
1,1,0.999774643180097
0,0,0.48318091008546327
1,0,0.4928560554518983
0,0,0.4492091245169531
1,1,0.999926856870173
0,0,0.3793511054422275
0,0,0.46156827412646867
0,0,0.34922379958942706
0,0,0.42199397475631883
0,0,0.4860100318180232
1,0,0.48707866741013045
0,1,0.5232059552195719
0,1,0.500651500456062
1,0,0.49826983692633176
0,0,0.4820529712950648
0,0,0.4907347032244565
1,1,0.9996995260542493
1,1,0.5200780337094396
1,1,0.9997743907894334
1,0,0.48791079184476405
1,0,0.4953645761912011
1,0,0.4726085439584986
1,0,0.468682457128341
1,1,0.9999161241719359
0,0,0.4144094362869033
0,1,0.7465112169114518
0,0,0.4870838769906801
0,0,0.4912617236679566
1,0,0.48150343492530273
1,0,0.4820529712950648
0,0,0.0005518941061087545
1,0,0.49107214256450515
1,0,0.45291353941892104
0,1,0.5327167468839366
1,1,0.5067867173168109
0,0,0.4861345565281622
0,0,0.468822220014892
0,1,0.5253742558928252
1,0,0.3566919487505109
0,1,0.5190755266169972
1,1,0.64833733060586
1,1,0.500651500456062
1,0,0.41646111090985194
1,0,0.48625731022329105
0,1,0.502765777263656
0,0,0.4860100318180232
1,0,0.44941143207287926
1,1,0.9999475126308176
0,0,0.4912617236679566
0,1,0.5139152252839136
0,1,0.5067867173168109
1,0,0.4046400001939737
0,0,0.29606805259843866
0,0,0.4294468183524216
1,0,0.4628077958854562
0,0,0.47913311473757
0,0,0.21408803443250957
1,0,0.45873060754946454
0,0,0.4907347032244565
0,0,0.021523441758454928
0,1,0.5178074413912848
1,1,0.511293968279973
0,0,0.4527290477593965
1,1,0.5148760137825501
1,1,0.5076743679281751
0,1,0.5054497371271585
1,1,0.511206960001663
1,0,0.42760674964845014
0,1,0.5018769655920293
1,0,0.48316023278065307
1,0,0.40961017863768395
1,1,0.5057555170827858
1,1,0.5057555170827858
0,0,0.4900469032737532
1,1,0.5446048576067152
1,1,0.535767484768919
0,1,0.5204538342450359
0,0,0.4909827331199917
1,0,0.3743421195008056
1,1,0.500651500456062
0,0,0.49264978918449936
0,1,0.5067867173168109
0,0,0.24071097827975924
0,0,0.33634973853336375
0,0,0.0017592860999205058
1,1,0.5218204044959358
1,1,0.9997256549885212
0,0,0.3568932883600105
0,0,0.47610008488982886
0,1,0.5218204044959358
1,0,0.4912617236679566
0,0,0.44764175797092975
1,1,0.9997804652971145
0,0,0.30410399188743376
1,0,0.4907347032244565
1,0,0.4994972782241022
0,0,0.00019344462833049614
1,0,0.4912617236679566
0,0,0.345028193330708
0,0,0.2699874105431364
0,0,0.3829376564655275
0,1,0.523691276539711
0,1,0.5160326417932759
0,0,0.0020493805695868863
1,1,0.5004450448749472
1,1,0.9998139838028651
0,0,0.47662347932354227
1,1,0.9999540707462798
1,1,0.5088557800125919
1,0,0.4896613417951327
0,1,0.5001167719538084
0,1,0.500651500456062
1,0,0.448108143071646
1,0,0.3862041490961136
0,0,0.4896613417951327
0,0,0.4885106476220711
0,1,0.5027080262836932
1,0,0.49205143468854007
1,0,0.39733205373358155
1,0,0.4946488469145844
1,0,0.3589142940558518
0,0,0.48903757319549285
1,1,0.9996908624953463
1,0,0.49033948727285476
0,0,0.4912617236679566
0,1,0.5138096092673896
1,0,0.42775228687537376
1,0,0.4892190408807621
0,0,0.31466527413421314
0,1,0.545457912478753
0,0,0.4907347032244565
1,0,0.4306965426299924
1,1,0.9995537451056283
0,0,0.4998361020654101
0,1,0.5001167719538084
1,0,0.39904141418927574
0,1,0.5067867173168109
1,0,0.49287612112421464
0,1,0.5350066802340743
0,1,0.508560168293949
1,0,0.49246603802162564
0,0,0.49107214256450515
0,0,0.4907347032244565
0,0,0.49287612112421464
0,0,0.08381937908580042
0,0,0.2159403101266476
0,0,0.3495198583793227
1,1,0.5008052678296921
0,0,0.4831091504800641
1,0,0.49527998605729306
0,1,0.5076743679281751
1,1,0.5085366031599522
0,0,0.4990022763278688
0,0,0.3626915214240255
0,1,0.5965671430759156
1,0,0.48941237791057035
0,1,0.5055357780844859
0,0,0.00121734337659783
0,0,0.0016158818199702182
0,1,0.500651500456062
1,1,0.9984911341518949
0,0,0.4160662511325734
1,0,0.48910367429791374
1,1,0.500651500456062
1,0,0.4912617236679566
0,0,0.48683018475662004
1,1,0.500651500456062
1,0,0.3872709598914049
0,0,0.4913126523089551
0,0,0.3812265395502901
0,1,0.5037678566793601
0,0,0.4820481872130937
0,0,0.49568829798813635
1,0,0.43276307556620236
1,1,0.5076802946337304
0,1,0.5076743679281751
0,0,0.486469105453305
0,1,0.5218204044959358
1,1,0.5219321540377132
0,0,0.37398138342893833
0,0,0.490580924207801
0,0,0.0007686055439717663
0,0,0.3528740598614475
0,1,0.5067867173168109
1,1,0.6044060879512001
0,0,0.490580924207801
0,0,0.4946065887391616
0,0,0.49205143468854007
0,0,0.01589060361861815
1,1,0.9997886271510559
0,1,0.5386685965103142
1,0,0.49745143895102995
0,1,0.5088540924344324
1,0,0.49287612112421464
1,0,0.24372972840448737
0,0,0.49205143468854007
0,0,0.3864233366047104
1,0,0.483042406777752
1,0,0.46896218943745266
1,0,0.4907347032244565
1,0,0.41382555108832003
1,1,0.9998346865883189
0,1,0.504303838619032
0,1,0.5599755556413586
1,1,0.5002156084989241
1,0,0.49608150698402925
0,0,0.4122853549090615
0,1,0.5088540924344324
1,1,0.5067867173168109
1,1,0.5101707374594792
1,1,0.5160326417932759
1,1,0.5072840869333985
1,1,0.502765777263656
0,0,0.2912323160434792
1,1,0.9998720272646152
1,1,0.9999161178429748
0,1,0.5004800596271939
1,1,0.5017971745472473
0,0,0.4907347032244565
0,0,0.4883884446858206
1,1,0.5808495664530453
1,1,0.5232059552195719
0,0,0.22220260268875475
0,0,0.40305042673082314
0,0,0.2505628275659418
0,0,0.4907347032244565
1,0,0.4961194986577269
0,0,0.4527631803645865
1,0,0.4907347032244565
1,0,0.48790120539719756
1,0,0.2547778142296966
0,0,0.4900539305879104
1,0,0.3350672588602287
1,0,0.49205143468854007
1,1,0.5085366031599522
0,1,0.5737494327053247
0,0,0.48941237791057035
1,0,0.4907347032244565
1,1,0.504303838619032
1,1,0.5771064703967024
1,0,0.4907347032244565
1,1,0.9999501260493613
0,0,0.39009292025949743
1,1,0.9980473984018191
1,0,0.29087089135800953
0,0,0.48790120539719756
1,1,0.9998876213670036
1,0,0.45660002352375656
0,1,0.5088557800125919
1,1,0.5547752176996759
1,0,0.27731888629419854
0,0,0.492993705830988
1,1,0.9999299543353704
0,1,0.5001642265218117
0,1,0.5267633627594583
1,0,0.27450416854365994
1,0,0.48989976792439643
0,1,0.515081292151952
0,1,0.5057555170827858
1,0,0.4212042920449964
1,1,0.9996530043042378
1,0,0.4486087108972613
0,0,0.4885106476220711
1,0,0.4978844819096963
0,0,0.49527998605729306
0,0,0.40797081355899373
0,0,0.4883884446858206
0,0,0.37485959254198914
1,1,0.5001642265218117
0,0,0.49287612112421464
1,0,0.46003539334545146
0,0,0.49608150698402925
0,0,0.4912617236679566
0,1,0.514778165002796
0,1,0.5072840869333985
1,1,0.9995061888304039
0,1,0.5285604383501384
1,0,0.4864191664221196
0,0,0.307562776405134
0,0,0.4842893787097104
1,1,0.7567288656036988
0,0,0.4855030379982238
0,0,0.4123227178989541
0,0,0.4907347032244565
1,0,0.49745143895102995
0,1,0.5159600647703056
0,0,0.46057368783774394
0,1,0.515081292151952
0,0,0.4308306882851861
1,0,0.44011406554114424
0,0,0.4998361020654101
0,0,0.4212229389785696
0,0,0.4129006345562595
0,0,0.49033948727285476
1,1,0.9981741894901768
0,0,0.32832059344998193
1,0,0.4014303681001922
0,0,0.4153545033202138
1,0,0.47639249688170054
1,0,0.4946065887391616
0,0,0.28816784970743586
0,0,0.4971334880395946
0,1,0.6593344926932893
0,1,0.5341021829624814
0,0,0.42325044111748156
0,0,0.28722475328309005
1,0,0.4933814302917469
0,0,0.20492196263103726
0,0,0.4933814302917469
1,1,0.9997009133086612
1,0,0.49465925643937925
1,1,0.9953278438859195
1,0,0.4998361020654101
0,0,0.2950600847831392
0,1,0.5067867173168109
0,0,0.48989976792439643
1,1,0.9997424283353723
0,0,0.47639249688170054
0,0,0.47392836258352056
0,0,0.4928560554518983
1,1,0.9997412829894051
1,0,0.45660002352375656
0,0,0.46013238266224676
0,0,0.4912617236679566
0,0,0.48625731022329105
0,1,0.5267226599268233
0,1,0.5184880778783645
0,1,0.502122378290864
0,0,0.49033948727285476
0,0,0.28723032578774704
0,0,0.49650404625184147
1,0,0.45825724263407547
1,1,0.5076743679281751
0,1,0.5371449160738799
1,0,0.46662220964572343
0,0,0.4807793268416952
0,1,0.5524021528835928
0,1,0.606118202703278
1,0,0.4857413665379931
0,1,0.5004450448749472
1,0,0.4860100318180232
1,0,0.4737159687142412
1,1,0.5088540924344324
0,1,0.500651500456062
1,0,0.483734490690348
1,0,0.27199787732018854
0,0,0.006121901277849051
0,0,0.0005149481527129716
0,1,0.505109807080821
0,0,0.37228226832103295
1,0,0.470943743119802
0,0,0.2518028717427831
0,0,0.0004797269730017161
0,0,0.43710297090524486
0,0,0.1850116649434308
1,1,0.5148760137825501
0,1,0.502765777263656
1,0,0.4885106476220711
1,1,0.5067867173168109
0,0,0.442693935474267
1,1,0.5178074413912848
1,1,0.9998626071112076
0,1,0.5081201138114664
0,1,0.5088540924344324
0,0,0.27427376221611643
0,0,0.4907347032244565
1,1,0.5004140154404271
1,1,0.5048221855684755
0,1,0.5579365196204691
0,0,0.2901706425434827
1,0,0.3777021984680165
1,0,0.4867937995483677
1,0,0.49041591639451965
0,0,0.3817469835880493
1,1,0.5018231794488057
0,0,0.47758716578455446
0,0,0.3724211057253046
1,1,0.5187905062147175
1,1,0.9997741675614277
0,1,0.5292703947193665
1,0,0.490580924207801
1,0,0.4820529712950648
0,1,0.5820429299319397
0,1,0.5255155899624375
1,1,0.9999039771176225
1,0,0.48185345875340946
1,0,0.44987190762480156
0,0,0.49942672204940186
0,0,0.4814464615211192
1,0,0.4885106476220711
0,0,0.4967412875790193
1,0,0.4745597781041496
0,0,0.4405980817252018
1,0,0.4946488469145844
1,1,0.9996766751579254
1,0,0.47935012505125824
0,1,0.5121652513060222
0,0,0.48185345875340946
0,0,0.470943743119802
0,1,0.5004800596271939
1,1,0.5137093790313139
1,1,0.5081201138114664
0,0,0.4293764188924258
1,1,0.50447924899713
0,0,0.039430749622790265
0,1,0.5057667528801252
1,0,0.48903757319549285
1,0,0.47662347932354227
0,1,0.5004140154404271
1,0,0.4631985126275813
1,0,0.4301452442122891
0,0,0.3221420311059824
1,0,0.495265968953333
0,0,0.49076527277682463
1,0,0.4998361020654101
0,0,0.49826983692633176
1,1,0.9846912845604234
0,0,0.39828163744436756
1,0,0.4842893787097104
0,0,0.4998361020654101
0,0,0.4933814302917469
1,0,0.49650404625184147
1,0,0.2989251453398307
0,1,0.5343466233591578
0,1,0.515081292151952
1,0,0.3729387813339571
0,1,0.545654226833501
0,1,0.5123328805226314
1,0,0.4086831205429898
0,0,0.49718881195609427
0,0,0.4900539305879104
0,1,0.5082991748774874
0,0,0.49942672204940186
1,1,0.5218204044959358
1,1,0.5088540924344324
1,0,0.49650404625184147
0,1,0.5057555170827858
0,0,0.49608150698402925
0,0,0.4869428360168321
0,0,0.4871028010796751
0,1,0.5377397960637702
0,1,0.500651500456062
1,1,0.5088540924344324
0,0,0.4212229389785696
1,0,0.4907347032244565
0,0,0.4855030379982238
1,0,0.4871028010796751
0,0,0.00037075502235660106
1,0,0.4835429876284037
1,0,0.4912617236679566
0,0,0.49826983692633176
1,0,0.4933814302917469
1,1,0.9997755626235336
0,1,0.5141175904245529
0,0,0.2849917494806634
0,0,0.4669077081604397
0,0,0.3816015309838915
1,0,0.4653427594930246
1,0,0.395950137904716
1,0,0.4909827331199917
0,0,0.48037394484230195
0,0,0.48150343492530273
0,0,0.16828563577223846
0,0,0.4814464615211192
0,0,0.4998361020654101
0,0,0.2528961216687833
0,0,0.4933814302917469
1,0,0.470943743119802
1,0,0.48989976792439643
1,0,0.25265159286432354
1,0,0.42175216018158285
1,1,0.5812435972961437
1,0,0.4869696459455474
0,1,0.502216994528299
1,1,0.5174587936751366
0,1,0.5001642265218117
0,1,0.6895763786396103
0,1,0.5045071998952658
0,1,0.5327167468839366
0,0,0.48707866741013045
0,0,0.34844088701206516
1,0,0.2628701165823776
1,0,0.470943743119802
0,0,0.45660002352375656
1,1,0.5057555170827858
0,0,0.29717850409474633
0,0,0.07500952389621601
1,0,0.48922992003934046
0,0,0.21140968566041066
1,0,0.47665913479113986
1,0,0.4896613417951327
1,1,0.9997791705863032
1,0,0.36755808007519725
0,1,0.5117570155183621
1,0,0.4923590586121958
0,1,0.5517275656203573
1,0,0.37599280794750906
1,0,0.49951561036758535
1,1,0.5007747256321287
0,1,0.5647610043181366
0,0,0.059520843484956946
0,0,0.49033948727285476
0,1,0.5076258794723396
0,1,0.508991123862357
0,1,0.5062448269506209
0,0,0.25810108875585336
0,0,0.30004009609281573
1,1,0.9996148465771109
0,0,0.48120409343943293
1,1,0.5759459451976076
0,1,0.5184880778783645
1,1,0.5088540924344324
1,1,0.5001642265218117
0,0,0.4940377775216328
1,0,0.42607462139548086
0,0,0.4853295672373662
1,0,0.48790120539719756
0,1,0.5000417095367901
0,1,0.5212095561454495
1,1,0.5085366031599522
1,1,0.9997838505227103
0,0,0.4912617236679566
1,1,0.5277042495059319
0,0,0.4871028010796751
1,0,0.4807793268416952
1,1,0.9998628473357344
1,1,0.9998086727690155
0,0,0.4027325604368201
1,0,0.4776359960522902
0,0,0.4807793268416952
0,0,0.4972298837007246
1,1,0.9998957415287365
0,0,0.4861345565281622
1,1,0.50447924899713
1,1,0.9993640417907609
1,0,0.4913126523089551
0,1,0.5233187985095199
1,0,0.4820529712950648
1,0,0.492993705830988
0,0,0.49826983692633176
1,0,0.49027720309946515
1,1,0.9998948139891118
0,0,0.3622164252622015
0,1,0.5238010767892265
0,1,0.6392616814781835
0,0,0.07596089639464713
0,0,0.49822443318461523
0,0,0.08503940804343343
1,0,0.4814464615211192
1,1,0.9997483163902089
1,1,0.9997849644649675
0,0,0.43481537121042213
0,0,0.0029767744464211025
0,0,0.38142734720553845
1,0,0.3493976734468871
1,1,0.53125424714165
0,1,0.5076258794723396
0,0,0.46681083760322456
1,0,0.4895329671012819
1,0,0.4192238564775039
1,0,0.4087944072663364
0,0,0.48181691623876266
0,1,0.5088557800125919
0,1,0.5327167468839366
1,1,0.5516797087037323
1,0,0.48790120539719756
0,1,0.5085366031599522
1,1,0.5048221855684755
1,0,0.47610008488982886
0,0,0.3675499885931779
0,0,0.4933814302917469
1,1,0.500651500456062
1,0,0.4855030379982238
1,0,0.22753185866943496
0,0,0.49041591639451965
0,1,0.5332855532939819
1,1,0.9998883039655377
0,0,0.4885043076762099
0,1,0.5342087632771008
0,0,0.4954203026684423
0,1,0.543787776574599
0,0,0.17644348463739304
1,0,0.4900539305879104
0,0,0.48185345875340946
1,0,0.48701195127603475
1,1,0.999712249963998
1,1,0.5102854338580837
0,1,0.5081201138114664
1,1,0.5008052678296921
0,0,0.495265968953333
1,1,0.5517275656203573
0,0,0.39405958178127115
1,0,0.4871028010796751
1,1,0.50447924899713
1,1,0.500651500456062
0,0,0.4896613417951327
0,1,0.5015073223047106
0,0,0.49138491198666506
0,0,0.49942672204940186
0,0,0.495265968953333
0,1,0.504303838619032
1,1,0.5204538342450359
0,1,0.5385549686861884
0,0,0.4820529712950648
1,0,0.4860100318180232
0,0,0.38259519003368747
1,1,0.9996942912680011
1,0,0.45660002352375656
1,0,0.49608150698402925
1,0,0.4896613417951327
0,0,0.4321215835986679
1,0,0.4990022763278688
1,1,0.5101707374594792
0,0,0.4967379242676296
0,1,0.5057555170827858
1,1,0.515081292151952
1,1,0.6296847097610441
0,0,0.4913126523089551
1,0,0.36091501713094476
0,0,0.4376880495628543
1,1,0.5295007064460803
0,0,0.15523792941117007
1,1,0.500651500456062
0,0,0.448108143071646
0,1,0.5160326417932759
0,0,0.30907522874231563
0,1,0.5001167719538084
0,0,0.3837321337057045
0,0,0.4900539305879104
1,0,0.46013238266224676
1,1,0.5123328805226314
1,0,0.4913126523089551
0,1,0.53125424714165
1,0,0.4933814302917469
1,0,0.4991403031579752
1,1,0.5085366031599522
0,1,0.5055357780844859
0,0,0.45406986847151587
0,0,0.4913126523089551
0,0,0.47389565053059884
0,0,0.23360531338858184
1,1,0.5061391490652832
0,1,0.5418425560238423
1,1,0.9998969114317128
1,1,0.999774643180097
1,1,0.5076743679281751
0,0,0.24665475223576605
0,0,0.49951561036758535
0,1,0.5477026380639165
0,0,0.4814464615211192
1,0,0.4907347032244565
1,0,0.4998361020654101
0,0,0.48185345875340946
0,0,0.35251289155361276
1,0,0.42616089378690103
0,0,0.3934487812997796
0,0,0.44099022493721235
1,1,0.5184880778783645
1,1,0.5088540924344324
1,0,0.4928560554518983
1,1,0.5007747256321287
0,0,0.32693226620489735
1,0,0.48499828300239445
0,0,0.4907347032244565
1,1,0.9998225843126924
0,1,0.515081292151952
1,0,0.44784783802532935
0,1,0.5094300506392843
0,1,0.6069574096938585
1,1,0.508560168293949
0,1,0.5057555170827858
0,0,0.3153920641225461
1,0,0.3579836058151729
0,1,0.5119660314632952
0,0,0.35931298751537954
1,0,0.4928560554518983
0,0,0.4912617236679566
0,1,0.5085366031599522
0,1,0.5094144222982566
1,1,0.508991123862357
0,0,0.0017458030911770373
1,0,0.4933814302917469
1,0,0.4645789280857205
1,1,0.9998896238770469
0,0,0.4150650326941919
0,0,0.0006770845415021301
0,0,0.49459921231843273
1,0,0.454161765716314
0,0,0.48476437361989816
0,0,0.004330988353907326
1,1,0.508752335893809
1,1,0.5004800596271939
0,0,0.34358377344365465
1,0,0.4913126523089551
1,1,0.5112992757356464
0,0,0.39361774245740666
0,0,0.4121437237689658
0,1,0.5001167719538084
0,1,0.5004800596271939
0,0,0.490580924207801
0,1,0.508560168293949
0,1,0.5139152252839136
0,1,0.5175932233052807
1,1,0.5067867173168109
0,1,0.5184880778783645
1,0,0.3791215913227347
1,1,0.5651710339271994
0,0,0.47610008488982886
0,1,0.500651500456062
1,0,0.4896613417951327
0,0,0.48625731022329105
0,0,0.36348976767267904
0,0,0.4992284087336969
1,1,0.5004800596271939
0,0,0.011103525120560466
1,0,0.4974560722499413
1,0,0.4571110964866292
0,1,0.5048221855684755
1,0,0.48120409343943293
0,1,0.5255155899624375
1,1,0.5174441365390968
0,1,0.5058798681055762
0,0,0.3281139743776472
0,0,0.4737159687142412
1,0,0.48185345875340946
0,0,0.486469105453305
0,1,0.5741117196477314
0,0,0.00032230088130045945
0,0,0.4912617236679566
0,0,0.448255017887215
1,1,0.5085366031599522
1,1,0.5055379882233427
1,1,0.9998563503899833
0,0,0.48570984230296904
1,1,0.5138096092673896
1,0,0.4961194986577269
1,0,0.4631711110067176
0,0,0.4933814302917469
1,0,0.17371664681454738
1,0,0.49287612112421464
0,0,0.39235774192195716
1,0,0.4933814302917469
1,1,0.5054497371271585
1,1,0.5057555170827858
0,1,0.5081201138114664
0,1,0.5057555170827858
1,0,0.33890701185293726
0,1,0.5138096092673896
1,0,0.4978844819096963
1,0,0.3208139060875844
0,0,0.4747165201857111
1,0,0.2282965765975581
0,0,0.41614683769986033
0,1,0.7447799432956393
1,0,0.45660002352375656
0,0,0.486469105453305
0,0,0.3552063723050223
0,0,0.470180939878686
1,1,0.5148760137825501
0,0,0.4907347032244565
0,0,0.37507066058059724
0,0,0.4912617236679566
1,0,0.3528640098053621
0,1,0.5101707374594792
0,0,0.485801838911321
0,0,0.15979917918759476
0,0,0.04628744591242521
1,0,0.4898959424982391
1,0,0.3716683908191437
1,0,0.49041591639451965
0,0,0.4955102677097297
0,0,0.29203650431307204
1,0,0.39146110921974653
0,0,0.2871185110016751
1,1,0.5411306340046109
1,1,0.99983878194202
0,0,0.4782072155560834
1,0,0.036503311183808035
1,1,0.5028481574114908
1,1,0.5184880778783645
0,0,0.39819907156399925
0,0,0.4912617236679566
0,0,0.37803135664093607
1,1,0.9995577532550203
0,0,0.34707546047454235
1,0,0.4802778915281121
0,0,0.4896613417951327
0,1,0.508560168293949
0,0,0.0022192203250497675
1,1,0.5293672389246846
1,1,0.5109927516363495
1,0,0.2279208080102005
0,0,0.381797503797893
0,0,0.46563308330097114
0,0,0.0018296721281740654
1,1,0.5700125784512035
1,1,0.5148760137825501
0,0,0.38203925231240193
0,0,0.36556876663518056
0,0,0.4913126523089551
1,0,0.4996806141250493
1,1,0.999905710149868
0,0,0.4912617236679566
0,1,0.5161691769006654
0,0,0.0005746742556856397
0,1,0.5218204044959358
1,1,0.5740222994002903
1,1,0.502122378290864
1,1,0.9998467703984847
1,1,0.5584000294251883
0,0,0.4991671239600787
0,0,0.29493446581651556
0,0,0.4896613417951327
1,0,0.4807793268416952
1,0,0.48750270147247166
1,0,0.417971252192205
0,0,0.47255114436230383
1,0,0.4860100318180232
0,0,0.4989794824818026
0,1,0.5057667528801252
0,0,0.3513625091959462
0,0,0.4999023439888881
0,0,0.0003603372037833824
1,1,0.9999008516039835
1,1,0.515081292151952
1,0,0.390108731409014
1,1,0.5953115541720254
0,0,0.19598285053294326
1,0,0.17613707384318278
0,0,0.4807793268416952
0,0,0.36648890462230654
1,1,0.5655639760824598
0,0,0.3686137614968761
0,1,0.5245875953402119
1,1,0.536798335531686
1,0,0.48640093597137035
1,0,0.3942611966494962
0,0,0.13921044450892414
0,0,0.38796857298762827
0,0,0.496815270205062
1,0,0.4631711110067176
0,0,0.49041591639451965
1,0,0.36485053200107015
1,0,0.4860100318180232
1,1,0.9999264122843554
1,0,0.39819907156399925
1,0,0.4070796138194964
0,0,0.011324363715074318
1,1,0.5076258794723396
1,0,0.4913126523089551
1,1,0.5004450448749472
0,1,0.5001642265218117
0,0,0.4998361020654101
1,0,0.4896166748196858
1,0,0.4869696459455474
0,0,0.2183998179435675
1,1,0.583353196150346
1,1,0.5054497371271585
0,0,0.49568829798813635
1,0,0.1262347638410192
0,1,0.5272574897163924
1,1,0.5057667528801252
0,0,0.21804360925620123
0,0,0.2927520193516984
1,1,0.9999202086057152
0,0,0.4907347032244565
0,0,0.35672424928690344
0,0,0.48894999710064885
0,1,0.5327167468839366
0,1,0.5711416076356999
1,0,0.4427019633304328
0,0,0.4953645761912011
0,1,0.511206960001663
0,0,0.4789891563632211
1,0,0.49287612112421464
0,0,0.0020773805812322956
0,0,0.49205143468854007
0,0,0.4560697516491493
0,1,0.511206960001663
0,0,0.46013238266224676
0,1,0.503534072715108
1,0,0.49608150698402925
1,0,0.3342434127325997
0,1,0.5370558932094461
1,1,0.606118202703278
0,0,0.3642627355261532
1,0,0.46003539334545146
1,1,0.5133321534551455
0,1,0.5138096092673896
0,0,0.4820529712950648
1,0,0.49942672204940186
0,0,0.48316023278065307
1,1,0.511206960001663
1,1,0.5160326417932759
1,1,0.5177576667267123
0,1,0.5232059552195719
0,0,0.49768411658655387
1,0,0.4672758745912957
0,0,0.4855030379982238
1,1,0.5147224519785338
0,1,0.5113330439328624
1,0,0.49041591639451965
0,0,0.4609369531552061
1,0,0.47967664775927027
1,1,0.518703046927564
1,0,0.39356979299341105
0,0,0.49445825706076313
0,1,0.502765777263656
1,0,0.4896613417951327
0,0,0.4912617236679566
1,1,0.6192533979244412
1,1,0.5174441365390968
0,1,0.500651500456062
0,0,0.06980059485346402
1,1,0.511206960001663
1,0,0.4853295672373662
0,0,0.3328007743225643
0,1,0.5048221855684755
0,0,0.2600578089894565
1,1,0.511293968279973
0,0,0.48701195127603475
0,0,0.19252697031174787
1,1,0.5293672389246846
0,1,0.5245875953402119
1,1,0.5001642265218117
1,0,0.4814464615211192
1,0,0.3516879387094425
1,0,0.4820529712950648
0,0,0.48701195127603475
0,0,0.4928560554518983
0,0,0.20767152306158132
0,0,0.47758716578455446
1,1,0.9996177648426848
0,1,0.508560168293949
1,0,0.48585894568688853
1,0,0.49942672204940186
1,1,0.5054497371271585
0,0,0.3389957383580667
1,0,0.49608150698402925
1,1,0.9999369897419228
0,0,0.49467565110327494
1,1,0.999810192168207
0,0,0.4998361020654101
1,0,0.48341479118993824
1,0,0.4912617236679566
0,1,0.5517275656203573
1,0,0.4913126523089551
0,0,0.4907347032244565
1,1,0.5178074413912848
0,0,0.4602549547119698
1,0,0.4909827331199917
0,1,0.5198565962548757
0,1,0.5088557800125919
1,0,0.495810082142245
0,1,0.5067867173168109
0,1,0.502122378290864
1,1,0.6580457786088247
1,1,0.9999382209695789
1,1,0.9998831517139244
1,1,0.5174587936751366
1,1,0.6162461903772187
1,1,0.9998703928234811
0,0,0.4797884352603372
0,0,0.4933814302917469
0,0,0.49942672204940186
0,1,0.5075816863981035
0,0,0.4781113065171764
0,0,0.4855030379982238
0,1,0.5160326417932759
0,0,0.3603400963759129
1,0,0.395238064973883
0,0,0.46156827412646867
0,0,0.4789891563632211
0,1,0.5948099118480635
1,0,0.4814464615211192
1,0,0.4699121825652172
1,1,0.5088557800125919
1,1,0.6727836011965418
1,0,0.4855030379982238
0,1,0.511206960001663
1,0,0.46013238266224676
0,0,0.4820529712950648
1,1,0.5184880778783645
1,1,0.5517275656203573
1,0,0.4900539305879104
1,1,0.5141175904245529
0,1,0.5159600647703056
0,1,0.5085366031599522
0,1,0.504303838619032
0,0,0.21580286590075337
1,1,0.5057555170827858
0,1,0.6156327256289272
0,1,0.5285604383501384
1,1,0.500651500456062
1,0,0.37733601233838837
0,0,0.4327981258284566
1,1,0.5159600647703056
0,0,0.4907347032244565
1,0,0.48625731022329105
0,0,0.4912617236679566
1,0,0.3429039951575992
0,0,0.4885106476220711
1,0,0.37398138342893833
0,0,0.4913126523089551
0,1,0.5067867173168109
0,0,0.48941237791057035
1,0,0.3462764414416478
0,0,0.18583422103865294
0,0,0.4933814302917469
1,0,0.45488423683751017
1,1,0.5177576667267123
0,0,0.0004099249683910443
0,1,0.50447924899713
1,1,0.999550781393087
1,1,0.500651500456062
0,1,0.5604272697582422
0,1,0.5517275656203573
0,0,0.3485684966611446
0,1,0.5057555170827858
0,0,0.35277992482984777
1,0,0.49942672204940186
1,0,0.012886168830917146
0,1,0.5101707374594792
1,1,0.6328048053053271
0,1,0.50447924899713
0,0,0.4548816879857701
0,0,0.3401252973784905
1,0,0.49205143468854007
1,1,0.5342087632771008
1,1,0.9994247140333087
1,0,0.4907347032244565
1,0,0.3589738881825029
0,1,0.5060290639436331
0,0,0.3724211057253046
0,0,0.45873060754946454
1,1,0.50447924899713
0,0,0.0011521943432268368
1,0,0.3859959393145595
1,1,0.5057555170827858
1,1,0.5057555170827858
0,0,0.3932726499204743
0,0,0.0026214757014097786
0,0,0.49568829798813635
0,0,0.4782820995173106
0,1,0.515081292151952
0,1,0.5138096092673896
1,1,0.5347619404464123
0,0,0.4871028010796751
0,1,0.5190351495452742
1,1,0.9999531318121345
0,1,0.5048221855684755
0,0,0.48155560349430254
0,0,0.1811535740526629
1,0,0.47610008488982886
0,1,0.515081292151952
0,0,0.40797081355899373
1,0,0.495810082142245
1,1,0.5245875953402119
1,0,0.3687278677095315
0,1,0.5218204044959358
0,0,0.4008339858034397
0,1,0.5138096092673896
1,0,0.49041591639451965
1,1,0.5101707374594792
0,0,0.35821964412191665
0,0,0.3602534569179816
0,0,0.34205364542863476
1,0,0.4913126523089551
1,0,0.49951561036758535
1,0,0.2677802341348603
1,0,0.4548343686572895
0,0,0.4896613417951327
1,0,0.4971790338045029
1,1,0.5758662599369463
0,0,0.4913126523089551
0,0,0.3294722286542996
1,0,0.4631985126275813
0,0,0.2957816887545608
0,1,0.5580015740160182
1,1,0.504303838619032
0,0,0.4579101200713444
0,0,0.214541357931678
0,0,0.0014463029325114784
0,1,0.5067966390581996
1,1,0.502216994528299
1,0,0.48318091008546327
0,1,0.502216994528299
0,0,0.42328094970154684
0,0,0.4810448907730291
0,1,0.5072840869333985
0,1,0.5149166506625336
1,1,0.9997536271508993
0,0,0.470943743119802
0,0,0.4780437919900399
0,0,0.4946488469145844
1,1,0.5062126562797338
1,0,0.4998361020654101
0,1,0.50447924899713
1,1,0.512884948852028
1,1,0.999917343582709
1,0,0.48910369060061226
0,1,0.5007747256321287
0,0,0.4857413665379931
0,0,0.006898697962525776
1,0,0.4817024537921271
0,0,0.02835711085702596
0,0,0.4979392204809542
1,0,0.4885106476220711
1,0,0.33525668623455135
1,1,0.9999430870171824
1,0,0.495265968953333
1,0,0.4909827331199917
1,0,0.49041591639451965
0,0,0.49876533506125076
0,0,0.49875121851575566
0,0,0.4867937995483677
0,1,0.5054497371271585
1,0,0.4913126523089551
1,0,0.4992119553781867
0,0,0.4933814302917469
0,0,0.49942672204940186
0,0,0.48150343492530273
0,0,0.36600699031525813
0,0,0.49568829798813635
1,1,0.999880904316108
1,1,0.50447924899713
1,1,0.5160326417932759
0,0,0.49205143468854007
0,0,0.4971334880395946
1,1,0.5818647539864721
1,1,0.5910618845670119
0,1,0.5067966390581996
1,1,0.545654226833501
1,0,0.494496616310427
1,1,0.5004140154404271
0,0,0.4769139587006113
0,0,0.46940127952289834
0,0,0.47935012505125824
1,1,0.5251912529179843
0,0,0.4998361020654101
0,1,0.545654226833501
0,0,0.4913126523089551
0,0,0.4042569265443034
0,0,0.49822443318461523
1,0,0.41894892296827824
0,0,0.00040357282263804627
1,0,0.47207936266211553
0,0,0.47610008488982886
0,1,0.5016825827200134
0,1,0.5057555170827858
0,0,0.4631843797818249
0,0,0.4885106476220711
0,1,0.5002156084989241
0,0,0.49768411658655387
0,0,0.49041591639451965
0,1,0.5001167719538084
1,0,0.4912617236679566
0,0,0.47302181782829394
0,0,0.3567961509071786
0,1,0.5517275656203573
0,0,0.49819920442741794
1,1,0.5117570155183621
1,0,0.48625731022329105
1,0,0.4933814302917469
1,1,0.9996958220285016
0,1,0.5007747256321287
1,1,0.5008052678296921
0,0,0.48625731022329105
0,0,0.4900539305879104
0,0,0.33687008133470464
1,1,0.9986105353144208
0,0,0.4933814302917469
1,1,0.992546804259772
1,0,0.36837845159756627
1,0,0.4907347032244565
0,0,0.48989976792439643
1,1,0.5350525793411873
0,0,0.36807883573395933
0,0,0.49287612112421464
1,0,0.4861345565281622
1,0,0.4992119553781867
0,1,0.5352861847582481
0,0,0.35591592221799273
0,0,0.4896613417951327
1,0,0.49650404625184147
0,0,0.4873145969255669
0,0,0.4896613417951327
0,0,0.47226920300183217
0,0,0.4928560554518983
1,0,0.2690653117759453
0,1,0.6106228425391523
0,1,0.507274399703009
1,1,0.9999108917417013
0,1,0.5057555170827858
1,0,0.4653427594930246
0,1,0.5054497371271585
0,0,0.358600284524944
0,0,0.4212042920449964
1,0,0.4298104614149206
1,1,0.9656800548675278
1,0,0.4907347032244565
1,0,0.3785746603741131
0,1,0.5081201138114664
0,1,0.50447924899713
0,1,0.6393645873945872
1,0,0.48707866741013045
0,1,0.5101707374594792
0,0,0.0006174736340991383
0,0,0.0001701193728097732
0,0,0.48750270147247166
0,0,0.4857413665379931
1,0,0.363198179626655
1,0,0.40699448022786455
0,0,0.4892190408807621
1,1,0.5008052678296921
0,1,0.5830691324748885
0,1,0.5057555170827858
0,0,0.49041591639451965
0,1,0.5016825827200134
0,1,0.5055379882233427
1,1,0.500651500456062
1,1,0.50447924899713
0,0,0.4807793268416952
1,0,0.4653427594930246
1,0,0.38563777181424885
0,1,0.500651500456062
0,0,0.4896613417951327
0,0,0.41198503501302464
0,0,0.4369298843574865
0,0,0.293455745544149
1,1,0.5067867173168109
1,0,0.4900539305879104
1,0,0.49138491198666506
1,0,0.4370093613643948
1,0,0.4993152916555989
0,0,0.2098201654687684
1,1,0.9996478928134716
1,1,0.504303838619032
1,0,0.4212229389785696
0,1,0.5086520778998594
0,1,0.5160326417932759
0,1,0.5057555170827858
0,0,0.48383197726303145
0,0,0.2865603571844876
0,1,0.5016825827200134
0,0,0.492993705830988
0,0,0.49951561036758535
0,0,0.00013586680593851962
0,1,0.5054497371271585
1,0,0.4933814302917469
1,0,0.4928560554518983
0,1,0.5072840869333985
1,0,0.3941462960158998
1,0,0.48625731022329105
0,0,0.48045654248780195
1,1,0.9999375465599609
0,0,0.49942672204940186
0,0,0.48150343492530273
0,0,0.49826983692633176
1,1,0.9998890900496826
1,0,0.23939925108968288
0,1,0.5085366031599522
0,0,0.4602549547119698
0,0,0.14641410346752484
0,0,0.4907347032244565
0,0,0.4907347032244565
1,0,0.4653427594930246
0,1,0.5149166506625336
0,1,0.5110075889500867
0,0,0.22224329378694765
0,0,0.4912617236679566
1,1,0.5057555170827858
1,1,0.9998810397818564
0,1,0.5067867173168109
0,0,0.37089341155019273
1,1,0.502216994528299
1,1,0.5245875953402119
1,1,0.5455458007893167
0,1,0.5660893377539493
1,0,0.4891308172695047
1,1,0.5350535707963481
1,0,0.4998361020654101
0,0,0.4908578868983692
1,0,0.4998361020654101
0,1,0.5001642265218117
0,1,0.5156035514689179
0,0,0.40797081355899373
1,1,0.5311035401809788
0,1,0.5198565962548757
0,0,0.4992119553781867
1,1,0.508560168293949
0,0,0.48383197726303145
0,1,0.500651500456062
1,0,0.4933814302917469
1,1,0.9999091602629526
1,1,0.999899354932799
1,0,0.3613653842738359
1,1,0.5251912529179843
0,0,0.32421801780941395
1,1,0.5606736833631268
0,1,0.5734595779590315
1,0,0.4871028010796751
0,0,0.4440778069532753
1,1,0.9998355857638904
1,1,0.517764923755376
0,1,0.5076743679281751
0,1,0.5141175904245529
1,1,0.5327167468839366
0,0,0.4860100318180232
0,1,0.5015073223047106
0,0,0.4913126523089551
1,0,0.24142026170121714
0,1,0.5138096092673896
0,1,0.5057555170827858
1,1,0.5070836571298218
1,0,0.49942672204940186
0,1,0.5088557800125919
0,0,0.3070959459918053
0,0,0.48155560349430254
1,0,0.2193276404175291
1,0,0.49768411658655387
1,0,0.4871028010796751
0,0,0.4122853549090615
0,1,0.5517275656203573
1,1,0.502216994528299
1,0,0.4860100318180232
0,1,0.5201420342747342
0,1,0.543787776574599
0,0,0.4807793268416952
0,1,0.5076743679281751
0,0,0.4967412875790193
0,0,0.004752886263146194
0,0,0.2815806548494925
1,0,0.34198269967495437
1,1,0.503534072715108
0,0,0.48219696583110777
0,0,0.3031303467008392
1,1,0.5070836571298218
1,0,0.49935287105484627
0,0,0.4827319904382518
1,1,0.5218204044959358
1,1,0.5138096092673896
0,1,0.5363703962557618
0,1,0.508991123862357
0,1,0.5227405103868186
1,0,0.38333030332678153
1,1,0.9999254083152774
1,1,0.5218204044959358
0,0,0.3784653259336137
1,0,0.021227689209091617
1,1,0.6553383468847296
0,0,0.4705538176117387
1,0,0.3717460096787036
1,1,0.9999067478385573
0,1,0.5160326417932759
0,0,0.2103833535260279
0,0,0.00019977114959495663
0,0,0.36438563686161185
0,0,0.3778450477388159
1,1,0.5332855532939819
0,0,0.3559606945434738
0,0,0.49608150698402925
1,0,0.4912617236679566
0,0,0.3613653842738359
0,0,0.39405958178127115
0,0,0.49041591639451965
0,0,0.14855136049658668
0,0,0.49041591639451965
1,0,0.44219564075043555
0,0,0.4300110029764268
0,0,0.32773153873418803
1,1,0.5245875953402119
1,1,0.5057555170827858
1,0,0.4896613417951327
0,0,0.4961194986577269
0,1,0.511206960001663
1,1,0.5245875953402119
1,0,0.470943743119802
1,0,0.49745143895102995
0,0,0.28973848524382506
0,0,0.45669251044289333
0,1,0.5057667528801252
0,0,0.4896613417951327
0,1,0.5149166506625336
0,0,0.4308306882851861
0,0,0.49445825706076313
0,1,0.504303838619032
0,1,0.655370385126789
0,0,0.4909827331199917
0,0,0.030976655355895073
1,0,0.4933814302917469
0,1,0.8603609238455585
1,0,0.48784777391572864
1,1,0.9999103695634045
0,0,0.4940377775216328
1,1,0.5084925750745062
0,1,0.5088540924344324
0,0,0.4370950121475787
1,1,0.9998828500441799
0,0,0.4907347032244565
1,1,0.5001167719538084
0,0,0.3414084485087761
0,1,0.5002874519233941
0,1,0.5160326417932759
0,1,0.512884948852028
0,0,0.4885106476220711
0,0,0.4717455527773568
1,0,0.495810082142245
1,0,0.4888357007807898
1,0,0.3857822869065695
0,0,0.48683018475662004
0,0,0.49205143468854007
0,0,0.00046027319651175807
1,0,0.4328088602336584
1,1,0.5327167468839366
0,0,0.49822443318461523
1,1,0.9998261902395799
1,0,0.49041591639451965
0,1,0.5212000129007186
0,0,0.47901386986436006
1,0,0.49611376299402915
1,0,0.495810082142245
1,1,0.50447924899713
0,1,0.5184880778783645
1,1,0.5067867173168109
1,1,0.5057555170827858
0,0,0.4983478645261301
1,0,0.34986117547504336
0,0,0.2531887178544064
0,0,0.3728344906040631
1,1,0.5161691769006654
1,0,0.4873145969255669
0,0,0.4928560554518983
0,1,0.6952941059653736
0,0,0.4998361020654101
0,1,0.5174587936751366
1,0,0.41565783263111067
1,0,0.4928560554518983
1,0,0.4946065887391616
0,0,0.4212229389785696
1,1,0.5148760137825501
0,1,0.5909326243737597
1,1,0.564178107928424
0,0,0.4664163022389399
1,0,0.4855030379982238
1,0,0.4968686452949299
0,0,0.0012630818675572876
1,1,0.5057667528801252
1,1,0.5037678566793601
1,1,0.9995790843135329
0,0,0.4913126523089551
1,0,0.4087944072663364
1,0,0.4892190408807621
1,1,0.5342087632771008
1,0,0.45517786857293646
0,0,0.22765950621620032
0,1,0.5070836571298218
1,1,0.5088540924344324
0,1,0.502122378290864
0,1,0.5061391490652832
1,0,0.37733601233838837
1,1,0.500651500456062
0,0,0.4912617236679566
0,0,0.48185345875340946
0,1,0.5241964626843728
1,1,0.5255155899624375
0,1,0.5057667528801252
1,0,0.4631985126275813
0,0,0.40045979555360633
0,1,0.5101707374594792
0,0,0.4070875179361924
1,0,0.4885106476220711
1,1,0.5008052678296921
0,0,0.4907347032244565
1,1,0.7090813918963124
0,0,0.40784233848464924
0,0,0.4011693018213799
1,0,0.4912617236679566
0,1,0.6797467510119722
1,1,0.9997603255986027
0,0,0.322693516618894
1,1,0.5327167468839366
1,1,0.9998962384932295
1,0,0.49826983692633176
0,0,0.48092894553674087
1,0,0.4781113065171764
0,0,0.4940377775216328
0,0,0.4580349733985353
0,0,0.4948434864506215
0,1,0.5067966390581996
0,1,0.555787652449882
0,0,0.38158737811679916
0,0,0.30585205866667503
0,1,0.5057555170827858
1,1,0.9997581745264744
0,0,0.13959238016892142
1,1,0.9998669479227532
0,1,0.6667958342604807
0,1,0.50447924899713
1,1,0.5109927516363495
0,1,0.5377397960637702
1,0,0.47226920300183217
1,0,0.4996806141250493
0,0,0.4995851666525363
0,0,0.4912617236679566
0,0,0.00012202385456205441
0,0,0.48181691623876266
1,1,0.5612102420838266
1,1,0.5477026380639165
1,0,0.48664120450763504
0,0,0.49942672204940186
1,0,0.4928560554518983
1,1,0.5001642265218117
1,1,0.9998668056307077
0,1,0.5121652513060222
1,0,0.3545446542220113
1,0,0.4853295672373662
0,1,0.5088540924344324
0,1,0.508560168293949
0,0,0.07685401613565436
0,0,0.1710178488939806
1,0,0.4807793268416952
0,1,0.5308716599624475
0,0,0.4907347032244565
1,1,0.5004800596271939
1,1,0.5009284928860076
0,0,0.026015250575223515
0,0,0.4855030379982238
1,0,0.4896613417951327
0,1,0.53125424714165
1,1,0.5001167719538084
0,0,0.4871448890945111
0,1,0.5184880778783645
1,1,0.9998604462602302
1,1,0.9999084095135374
1,0,0.49568829798813635
0,0,0.3589142940558518
1,0,0.49608150698402925
0,0,0.3559153328384669
0,1,0.543168315133127
0,0,0.48707866741013045
1,1,0.5002156084989241
1,0,0.4519232798950174
0,1,0.5731558487111584
1,1,0.9993258412176069
1,0,0.45996680251063976
0,1,0.5138096092673896
1,0,0.49205143468854007
0,0,0.3643985682832008
0,1,0.5160326417932759
0,0,0.37206574998657593
0,0,0.00022521116833090372
0,0,0.4503051424500538
1,1,0.9998690377239597
1,1,0.5012570768930981
1,1,0.5027080262836932
0,0,0.48467810731099653
0,0,0.49287612112421464
1,0,0.2760188053676027
1,1,0.508560168293949
1,0,0.4725124011608007
0,0,0.36898700445192395
0,0,0.36110726838294155
1,0,0.36081769553136894
1,1,0.5008052678296921
1,0,0.33381860613228453
0,1,0.5213214065613764
1,1,0.5238341679535461
0,0,0.49819920442741794
1,1,0.5057555170827858
0,0,0.4933814302917469
1,1,0.9999148391086838
0,0,0.40021944175393576
0,1,0.5052155750330206
0,0,0.403218696725336
1,0,0.4928560554518983
0,0,0.3741775115619491
0,0,0.4913126523089551
0,1,0.5925492763201949
1,0,0.4912617236679566
1,0,0.4857413665379931
1,1,0.5148760137825501
1,0,0.38279574315934173
1,1,0.504303838619032
1,1,0.5076802946337304
0,0,0.4992119553781867
0,1,0.5206874370637962
0,0,0.4928560554518983
0,0,0.11459929836885284
1,0,0.4907347032244565
1,1,0.5134336157549628
0,0,0.39334419213094235
1,1,0.9998745973553073
1,0,0.36770779118404
0,1,0.5088540924344324
0,0,0.4887918962163911
0,0,0.3900817730526219
1,0,0.4212042920449964
0,0,0.4998361020654101
1,0,0.34198269967495437
1,0,0.49826983692633176
0,0,0.4912617236679566
1,1,0.5160326417932759
0,1,0.5370558932094461
0,1,0.5023853019372048
0,0,0.47610008488982886
1,1,0.5138096092673896
1,1,0.5076258794723396
1,1,0.5004140154404271
0,1,0.5067867173168109
0,0,0.4602549547119698
0,0,0.4699657194481991
1,1,0.5327167468839366
0,1,0.5076258794723396
1,1,0.5517275656203573
1,1,0.9999037090385198
0,0,0.26808895917748504
1,1,0.5008052678296921
1,1,0.9999733866026096
1,1,0.5235163991133178
1,1,0.9998564729913779
0,0,0.4060473688156357
1,1,0.9999088325024061
0,0,0.4998361020654101
0,0,0.4755213022329046
0,0,0.4946488469145844
0,0,0.4933814302917469
0,0,0.28225516972510495
0,0,0.4726085439584986
1,0,0.48585894568688853
0,1,0.5232059552195719
1,1,0.5023853019372048
1,1,0.5621000073523588
0,0,0.0006410027234577669
0,1,0.5232059552195719
1,0,0.4881652525341619
1,1,0.5218204044959358
0,1,0.5667788081511835
0,1,0.508991123862357
0,0,0.3515074624386533
0,0,0.49942672204940186
0,0,0.4998361020654101
1,1,0.512884948852028
1,1,0.9990926678202623
1,1,0.5088557800125919
1,0,0.4885106476220711
1,0,0.4900539305879104
0,0,0.4946488469145844
0,1,0.5397863875457328
1,1,0.9992382019388281
0,0,0.41879756967059273
1,1,0.5198565962548757
1,0,0.49287612112421464
0,1,0.5070836571298218
0,1,0.511293968279973
0,0,0.47505437731922756
0,0,0.4631711110067176
0,1,0.5004800596271939
0,0,0.4717324606154101
0,0,0.47935012505125824
0,1,0.5061673463911005
1,1,0.5327167468839366
0,0,0.43295065028445995
0,0,0.0017185421159090857
0,1,0.504303838619032
0,0,0.49826983692633176
0,0,0.486469105453305
0,0,0.4998361020654101
1,1,0.9998075393306538
1,1,0.6572133633527334
1,1,0.508560168293949
1,1,0.9998027539913991
0,1,0.500651500456062
1,0,0.3702027828550547
1,1,0.5007747256321287
1,1,0.5187864100967774
1,0,0.48790120539719756
1,0,0.4979807923565028
0,1,0.5218204044959358
0,1,0.5057555170827858
1,1,0.9998198221249016
1,0,0.4907347032244565
1,0,0.4909827331199917
1,0,0.3000364717888925
0,1,0.5238341679535461
1,0,0.49031752979009097
0,0,0.3518150885296827
0,0,0.3782637782562853
1,0,0.427589486909111
0,1,0.5370558932094461
0,1,0.6127061335645603
0,0,0.4933814302917469
1,0,0.4807793268416952
0,0,0.4851254001016141
1,0,0.4967412875790193
1,0,0.49568829798813635
0,0,0.0004242760684826077
0,0,0.44016834402263383
1,0,0.49459921231843273
0,0,0.4297071064451383
0,0,0.18611309740273646
0,0,0.4907347032244565
1,0,0.23046880200903494
0,1,0.5067966390581996
1,1,0.6297530000820871
0,1,0.5198565962548757
0,0,0.3035192211801508
1,0,0.4888357007807898
0,0,0.4909827331199917
0,1,0.5126825602792299
0,1,0.5101707374594792
1,1,0.9998857520797673
1,1,0.512884948852028
0,0,0.2690470605286838
0,1,0.5533369988202878
1,1,0.5128371673373038
0,1,0.5001642265218117
1,0,0.48158724101921135
0,0,0.48021621843012896
0,0,0.4641222529477397
0,0,0.4979392204809542
0,0,0.3798660731764506
1,1,0.5241964626843728
1,0,0.4933814302917469
0,0,0.4994972782241022
1,0,0.4907347032244565
0,1,0.5007747256321287
1,0,0.48989976792439643
1,1,0.6485199680580599
1,1,0.5218204044959358
0,0,0.4887918962163911
1,0,0.4830152904612781
0,1,0.5014566263492947
0,0,0.489032804816294
1,1,0.5004450448749472
1,1,0.53125424714165
1,0,0.44267101302670897
1,0,0.4912617236679566
0,0,0.3923960900531558
1,0,0.24772651831402456
1,0,0.4928560554518983
1,1,0.9997656069640987
0,0,0.14144634967657752
0,0,0.40431261644378463
1,0,0.4417729949683919
1,0,0.4113834420378817
1,0,0.4871028010796751
1,0,0.4995851666525363
0,0,0.4873857179339325
1,0,0.495529163978138
1,1,0.5517275656203573
1,0,0.4946065887391616
1,1,0.9999227246051069
1,0,0.4933814302917469
0,0,0.10381467174803716
0,0,0.48903757319549285
0,0,0.4999023439888881
0,1,0.5072068573915942
0,1,0.5024867708442424
1,1,0.5081201138114664
1,1,0.9998842080934038
1,0,0.27009186759392767
1,0,0.3827374527629853
0,1,0.5045071998952658
0,0,0.4211497655909594
1,0,0.4868810138278967
0,0,0.3982405880327559
0,1,0.7263890722044534
1,0,0.4991671239600787
0,0,0.4820529712950648
0,0,0.35619552036173063
1,0,0.3350672588602287
1,1,0.6559081336767498
1,1,0.9999001932359795
0,0,0.4272529974198414
1,1,0.5198565962548757
0,0,0.49768411658655387
1,0,0.4933814302917469
1,0,0.38983318705796965
0,1,0.5017971745472473
0,1,0.5174587936751366
0,0,0.4991671239600787
0,0,0.49033948727285476
1,0,0.48476437361989816
1,0,0.47796550387432596
0,0,0.35154050228844164
1,1,0.5088540924344324
0,0,0.49033948727285476
0,1,0.515081292151952
1,0,0.49551532545962285
1,0,0.4048164718036089
0,0,0.4979392204809542
0,0,0.3626174997852791
0,0,0.37798468414063296
0,1,0.5072840869333985
0,0,0.490580924207801
0,0,0.495529163978138
0,0,0.4896613417951327
0,0,0.48625731022329105
1,1,0.5487463626830025
1,0,0.3823057316223678
1,1,0.5386685965103142
0,0,0.37673443950387075
0,1,0.508991123862357
1,0,0.48989976792439643
0,0,0.0020479697935623497
0,0,0.4909827331199917
0,0,0.4160767271285105
1,0,0.4867937995483677
1,0,0.4699121825652172
0,0,0.49826983692633176
1,1,0.9999346881265663
1,1,0.5255155899624375
0,1,0.5057555170827858
1,0,0.48683018475662004
1,1,0.5174587936751366
0,0,0.29606805259843866
1,0,0.4998361020654101
1,1,0.5245875953402119
0,0,0.4907347032244565
1,0,0.3528740598614475
1,1,0.9997650032241961
1,1,0.5012570768930981
1,0,0.4867937995483677
1,1,0.5218204044959358
0,0,0.4998361020654101
1,1,0.5234793971793977
1,0,0.49951561036758535
1,1,0.9998435380934113
0,0,0.4405980817252018
1,1,0.9998814868588471
0,0,0.49205143468854007
0,1,0.5008052678296921
0,0,0.37923883720735796
0,0,0.477795837030292
0,1,0.5228233066650169
0,0,0.45996680251063976
0,0,0.48903757319549285
1,0,0.4328314401346664
1,0,0.49527998605729306
1,1,0.500651500456062
0,1,0.511206960001663
0,1,0.6956817851627923
1,0,0.4896613417951327
1,1,0.9999035221315264
1,0,0.49686510073669465
1,1,0.5255155899624375
0,1,0.5252907084475061
0,0,0.43295065028445995
0,0,0.0007802497756071231
0,1,0.5076802946337304
1,1,0.9998297757479596
1,0,0.4814464615211192
0,0,0.12819328992983642
0,0,0.20481173380285256
0,0,0.35576622906317606
0,1,0.5088557800125919
0,0,0.11723231170711743
0,0,0.4946488469145844
0,1,0.5218204044959358
0,0,0.46480299130505953
0,0,0.4974502746121465
1,1,0.5218204044959358
1,0,0.3690527335364058
1,0,0.38130189059331304
1,1,0.9999460413595804
0,0,0.3543894476647387
1,0,0.4844124834280764
0,0,0.4955656789928899
0,0,0.486469105453305
0,0,0.24303097995908
1,1,0.5219321540377132
1,0,0.454161765716314
0,0,0.4967265630990206
1,0,0.49970785814958146
1,0,0.4982633537242136
0,1,0.6639516131621003
1,1,0.9998796138317156
0,0,0.4115639338514168
0,0,0.49568829798813635
1,0,0.33156868254912586
0,0,0.4985074050412294
0,0,0.45652251062380766
0,0,0.24156457584093607
1,0,0.47610008488982886
0,0,0.49205143468854007
0,0,0.20490634898898588
1,1,0.53125424714165
1,1,0.5004140154404271
0,0,0.289787453763713
1,0,0.3754981742477519
1,1,0.5055357780844859
1,1,0.5066801920177788
0,0,0.3616593533405667
0,1,0.5150887567807608
0,0,0.3818320349253875
0,0,0.39094933935962783
1,1,0.5834591132177115
1,0,0.37306670980193185
1,0,0.15858166807618973
1,0,0.321535171558869
0,0,0.0003914943939435155
0,1,0.5057555170827858
1,0,0.47857974014181365
1,1,0.9999161864378204
0,0,0.3369855853734276
1,1,0.5062448269506209
1,1,0.5011532225266468
0,0,0.331846460429965
1,0,0.4967412875790193
0,1,0.5067867173168109
1,1,0.9999283464859968
1,1,0.9997563387343078
0,0,0.49568829798813635
0,0,0.010650732374962108
0,1,0.502216994528299
0,0,0.4077873422934342
1,0,0.49041591639451965
0,0,0.4912617236679566
0,0,0.48467810731099653
1,0,0.4903415575623106
1,1,0.502122378290864
0,1,0.5058462284991216
0,0,0.21773009446981742
1,1,0.511206960001663
0,0,0.4627881937862375
1,0,0.4160662511325734
0,1,0.5088540924344324
0,0,0.495265968953333
0,0,0.3337091134961244
0,0,0.42760674964845014
1,0,0.2917131381139386
0,0,0.4896613417951327
0,0,0.403218696725336
1,1,0.5036572917691379
0,1,0.5477026380639165
0,1,0.5896557414440697
1,0,0.4896613417951327
0,0,0.143838920804388
1,0,0.3754981742477519
0,1,0.500651500456062
0,0,0.34313776568819626
0,1,0.5406595098704311
0,0,0.40671979893910926
0,1,0.6524914231416591
0,0,0.4900539305879104
0,1,0.500651500456062
0,1,0.500651500456062
0,0,0.3742002935267555
1,0,0.490580924207801
1,0,0.4459844848938373
1,1,0.999607810206736
1,1,0.5245231112263078
1,0,0.3410591063840018
1,1,0.5411306340046109
0,0,0.49445825706076313
1,1,0.5076743679281751
1,1,0.5001642265218117
0,0,0.4928560554518983
1,1,0.5740222994002903
0,1,0.500651500456062
1,0,0.49205143468854007
0,1,0.50447924899713
0,1,0.6453653820626575
1,0,0.23186398809453268
0,0,0.496508883964663
1,1,0.9996957538494482
0,0,0.4896613417951327
0,0,0.117908548486239
1,1,0.6007727531851834
1,1,0.5758099440762848
1,0,0.47639249688170054
1,0,0.4984347588689215
0,0,0.00019550531654267
1,1,0.5197479777260555
0,1,0.5494070944582596
1,1,0.9997420526745842
0,0,0.3861275551684922
1,0,0.4459844848938373
1,0,0.49465925643937925
0,0,0.44003867456981494
1,1,0.511293968279973
0,0,0.4855030379982238
0,1,0.5218204044959358
0,0,0.38113534973810076
1,1,0.5054497371271585
1,1,0.5184880778783645
1,0,0.49608150698402925
0,0,0.4820529712950648
1,0,0.49414591846562594
0,0,0.4690331121141626
0,1,0.5949759661999054
1,1,0.5011532225266468
1,1,0.515153573901919
0,1,0.6034572828168168
0,0,0.39819907156399925
1,1,0.5037678566793601
1,1,0.5322912463228714
0,1,0.5085366031599522
1,1,0.5212000129007186
0,0,0.45996680251063976
1,1,0.5159600647703056
1,1,0.5279345198294906
0,0,0.3921989794775101
1,0,0.12051395217896059
1,0,0.4907347032244565
0,0,0.41587894098481704
1,1,0.508560168293949
1,1,0.5089772786806688
0,1,0.53125424714165
0,1,0.5057555170827858
0,0,0.4907347032244565
0,1,0.5370558932094461
1,1,0.5081201138114664
0,0,0.24160244813342605
1,0,0.15652518129698018
1,1,0.5048221855684755
1,1,0.5218204044959358
1,1,0.513635538580287
0,1,0.5699591409448757
1,1,0.9999048410863273
0,0,0.4896613417951327
0,0,0.486469105453305
0,0,0.49027720309946515
1,1,0.5057555170827858
0,0,0.49465925643937925
0,0,0.0038960948698135325
0,0,0.3330185139355072
0,0,0.4899605554789141
1,1,0.5057555170827858
0,0,0.009675404842159289
1,0,0.4853295672373662
0,0,0.4992119553781867
0,0,0.4860100318180232
0,0,0.09596084648987348
0,0,0.41900065865302105
1,1,0.5057555170827858
1,1,0.9992795194661224
0,1,0.5147224519785338
1,1,0.5327167468839366
0,1,0.5076743679281751
1,1,0.9997247727810779
1,0,0.4873145969255669
1,1,0.512884948852028
0,1,0.5232059552195719
1,1,0.500651500456062
0,0,0.47901386986436006
0,1,0.5076743679281751
0,0,0.33098153421998106
0,0,0.49033948727285476
0,1,0.5267633627594583
1,0,0.19692771325751054
0,1,0.5138096092673896
0,0,0.4896613417951327
1,1,0.9997442447833
1,1,0.9998139838028651
1,0,0.4855030379982238
1,0,0.47710786928360877
0,0,7.64225130715443e-05
0,0,0.4900539305879104
1,1,0.543787776574599
0,0,0.330791655815597
0,0,0.004139075867527791
1,0,0.4933814302917469
0,0,0.467484350246519
0,1,0.5606736833631268
0,0,0.13059919072148865
1,0,0.48625731022329105
1,0,0.495265968953333
0,0,0.1978659540023205
0,0,0.3778450477388159
1,0,0.4272529974198414
0,1,0.5363703962557618
0,1,0.5710680140384126
0,1,0.5251912529179843
1,1,0.5278372626517166
0,0,0.42540304873866164
1,0,0.486469105453305
1,0,0.4871028010796751
0,0,0.4912617236679566
1,1,0.5613349527314924
1,0,0.37221280534122686
1,0,0.3798269666705361
1,1,0.5224794331622665
0,1,0.5037678566793601
0,0,0.31418507245105115
1,0,0.4885106476220711
0,1,0.5036572917691379
1,1,0.9999265213076131
0,0,0.457269589711403
1,0,0.24737865645718846
1,1,0.5076743679281751
0,1,0.5001167719538084
1,0,0.4907347032244565
0,1,0.5758517948825497
0,0,0.3816441759638586
0,0,0.448717351527959
0,0,0.4310739981645822
0,0,0.4998361020654101
1,0,0.4807793268416952
1,1,0.5072840869333985
0,0,0.21098880165587663
1,0,0.49644432253632953
1,0,0.49819920442741794
0,0,0.486469105453305
0,1,0.511293968279973
0,1,0.5159600647703056
0,0,0.46991626174835627
0,0,0.2503770946238142
0,1,0.5267633627594583
0,1,0.5111490439030362
0,0,0.38983318705796965
0,1,0.50447924899713
0,0,0.470943743119802
0,0,0.490658783415341
0,0,0.3785746603741131
1,0,0.3644753087750255
1,1,0.5234340344677589
0,0,0.4946065887391616
0,0,0.495810082142245
0,0,0.4967412875790193
1,1,0.5148760137825501
1,0,0.3919875530249857
0,0,0.4131934785191185
1,1,0.5397863875457328
0,0,0.496508883964663
1,1,0.9998198427228275
0,0,0.4999023439888881
0,0,0.32226495678394623
0,0,0.486469105453305
1,1,0.5633995997269632
0,1,0.5332855532939819
1,0,0.4885106476220711
0,1,0.5877700447128248
1,1,0.5198565962548757
0,0,0.48185345875340946
0,1,0.5095234769744691
0,1,0.5062448269506209
0,1,0.5712233129966542
1,0,0.4149774193036969
0,0,0.4913126523089551
1,1,0.5017971745472473
0,1,0.5072840869333985
0,1,0.5088540924344324
0,1,0.5085366031599522
0,0,0.4946488469145844
1,1,0.5076802946337304
0,1,0.5315607551083996
1,1,0.9999002490298512
0,1,0.500651500456062
0,1,0.515081292151952
1,0,0.4907347032244565
1,0,0.4405980817252018
1,1,0.5294321262579339
1,0,0.49568829798813635
1,1,0.5054497371271585
0,0,0.47639249688170054
0,1,0.5135015168441988
0,0,0.23841521947000882
1,1,0.5004800596271939
0,0,0.4972298837007246
1,1,0.5076743679281751
1,1,0.5067966390581996
0,0,0.495265968953333
1,1,0.998568723999211
1,1,0.9999560682956259
0,0,0.48262450263780576
1,1,0.500651500456062
0,0,0.00029306325849183247
1,0,0.34098979875618507
1,1,0.5160326417932759
1,0,0.43295065028445995
1,1,0.50447924899713
1,0,0.48185345875340946
0,1,0.5219321540377132
0,0,0.06391336926563036
1,0,0.49527998605729306
0,0,0.34674634628274026
0,0,0.43600472867544077
1,0,0.3994622690312164
0,0,0.49041591639451965
0,0,0.020352929466248306
1,1,0.5160326417932759
1,0,0.4294468183524216
0,0,0.4896613417951327
1,1,0.5082073528828166
1,1,0.502216994528299
0,0,0.45751758950999427
1,0,0.4855030379982238
0,0,0.4972298837007246
1,1,0.9997580219453982
1,0,0.4979392204809542
0,0,0.4946488469145844
1,1,0.5046439033172764
0,0,0.3464941565645288
0,0,0.4928560554518983
1,0,0.491022861742146
0,1,0.5596449913053688
0,1,0.5327202883864354
1,1,0.6458426429964303
0,1,0.520545880639436
0,0,0.4860100318180232
1,0,0.4933814302917469
1,1,0.9999162361800223
1,0,0.497699849299002
0,0,0.45201718127488716
1,1,0.5081201138114664
1,1,0.5123328805226314
1,1,0.5327167468839366
0,0,0.3627564474412641
0,0,0.4991671239600787
0,0,0.1907871086261284
1,0,0.45996680251063976
0,1,0.5054497371271585
0,0,0.23645259842043384
0,0,0.299149239892882
1,1,0.5037678566793601
0,0,0.48910369060061226
1,1,0.5076802946337304
1,1,0.5125687663376634
0,0,0.08142314501231711
1,1,0.999885773756818
0,1,0.5232059552195719
1,1,0.5477026380639165
1,1,0.5139152252839136
0,1,0.515081292151952
0,0,0.15698009057194479
0,0,0.47610008488982886
1,0,0.44003867456981494
0,1,0.5600941986336154
0,0,0.3117704218271361
0,1,0.5177576667267123
1,0,0.4912617236679566
1,0,0.30389140652743546
0,0,0.486469105453305
1,0,0.4892190408807621
0,0,0.4625976376122006
1,1,0.508560168293949
1,0,0.49022581855802405
0,1,0.5011532225266468
0,0,0.47913311473757
0,1,0.502122378290864
1,1,0.512884948852028
1,1,0.5048221855684755
0,1,0.5057555170827858
0,0,0.4912617236679566
0,0,0.4913126523089551
0,0,0.3664903613656337
0,1,0.503534072715108
1,0,0.49768411658655387
1,1,0.9998779112467071
1,1,0.5475177787576623
1,0,0.331846460429965
0,1,0.5154895156459275
0,0,0.4913126523089551
1,1,0.5218204044959358
1,1,0.5159600647703056
1,1,0.9995128387829129
0,1,0.5218204044959358
0,0,0.4867937995483677
1,0,0.21701285046080382
1,1,0.508991123862357
1,0,0.49942672204940186
0,1,0.5057555170827858
1,0,0.4900539305879104
1,1,0.508560168293949
0,1,0.5218204044959358
0,1,0.5061673463911005
0,0,0.4571975248085207
0,0,0.49568829798813635
1,1,0.9998925546381165
1,0,0.4999023439888881
0,0,0.4933814302917469
0,1,0.5008052678296921
0,0,0.3940927667781179
1,1,0.9996771562301595
0,0,0.3043588733919556
1,0,0.4933814302917469
0,0,0.48551731374445495
1,0,0.20323497638167895
1,1,0.6835676237160925
1,1,0.504303838619032
0,1,0.6447484371999309
0,1,0.81098842899666
0,0,0.05230682490309463
0,1,0.5057555170827858
0,0,0.4928560554518983
1,1,0.5085366031599522
0,0,0.49041591639451965
0,0,0.4321215835986679
1,1,0.9998909403632459
0,0,0.4627143190946629
0,0,0.495265968953333
1,1,0.9998540447720532
1,0,0.44987190762480156
1,1,0.9995423514960861
1,1,0.9998774990401913
1,1,0.5159600647703056
0,0,0.31213810678745535
1,1,0.50447924899713
0,0,0.4979392204809542
0,0,0.2045284888197157
0,0,0.48120409343943293
0,1,0.5046439033172764
0,0,0.49033948727285476
0,0,0.4885106476220711
0,1,0.500651500456062
1,0,0.47901386986436006
0,0,0.45210104558743924
1,0,0.49826983692633176
0,0,0.4913126523089551
0,0,0.15847954481744336
1,1,0.5285604383501384
0,1,0.5004140154404271
0,1,0.5397863875457328
0,0,0.470943743119802
0,0,0.434538447144853
1,1,0.5138096092673896
0,0,0.4995851666525363
0,0,0.1876761221902093
0,0,0.3815606332167854
0,0,0.4717455527773568
1,1,0.5238341679535461
0,1,0.5198565962548757
1,1,0.530399928798551
0,0,0.49608150698402925
1,0,0.4769139587006113
0,0,0.4781113065171764
0,0,0.0009405777762651052
0,0,0.410777541181616
0,1,0.5150364089027321
1,0,0.4992119553781867
0,0,0.4907347032244565
0,0,0.13953362421303442
1,0,0.49465925643937925
1,0,0.4946065887391616
1,0,0.47610008488982886
1,0,0.4998361020654101
0,1,0.5082991748774874
1,1,0.9992622930093984
1,0,0.49465925643937925
0,0,0.48843311274680606
1,1,0.5027080262836932
0,0,0.4985074050412294
0,0,0.4406688459946069
1,0,0.4820529712950648
0,0,0.36202500030238477
0,1,0.5004140154404271
1,1,0.504303838619032
1,1,0.500651500456062
0,0,0.009719869362330495
0,1,0.5218204044959358
1,1,0.5057555170827858
0,0,0.4946488469145844
1,0,0.48701195127603475
1,0,0.38904619944644653
1,1,0.9986112396162249
1,1,0.9998233626589426
1,1,0.5002156084989241
0,1,0.5184880778783645
0,0,0.3081303987603705
1,1,0.5001167719538084
0,1,0.5085366031599522
0,0,0.49205143468854007
1,0,0.47935012505125824
0,0,0.4907347032244565
0,0,0.32279567167417017
1,0,0.470732861030967
1,0,0.4885106476220711
0,0,0.4776359960522902
0,0,0.2807487393893409
0,0,0.48707866741013045
0,1,0.5067867173168109
1,1,0.500651500456062
0,0,0.4241536112613901
1,0,0.49287612112421464
0,1,0.500651500456062
0,0,0.4807793268416952
0,0,0.4038921605278523
1,1,0.5088557800125919
0,0,0.49942672204940186
0,0,0.43751567587940987
0,0,0.4118605022166429
0,0,0.4946488469145844
1,0,0.34216832721866713
0,0,0.3522753388004134
1,1,0.5082991748774874
0,0,0.40777939466704677
0,0,0.3313129221899879
0,0,0.4928560554518983
0,0,0.49205143468854007
0,0,0.4933814302917469
0,1,0.5057667528801252
0,0,0.0027605613336002567
0,0,0.4321215835986679
0,0,0.4891308172695047
0,1,0.5008052678296921
0,0,0.4999023439888881
1,1,0.5008052678296921
1,0,0.49822443318461523
1,1,0.511293968279973
0,0,0.4820529712950648
1,1,0.5218204044959358
1,0,0.4979392204809542
1,0,0.47098397406822884
0,0,0.4979392204809542
1,1,0.5562996887463612
0,0,0.3994725523378706
0,0,0.31512043193103517
1,1,0.5213904538680342
0,1,0.5370558932094461
0,1,0.5198565962548757
1,1,0.9999214497245927
1,0,0.4621545305650988
0,0,0.006311564942377563
0,0,0.4885106476220711
0,0,0.05839052421899125
0,1,0.5054497371271585
1,1,0.508991123862357
0,0,0.4978844819096963
0,0,0.47930629080160925
0,1,0.5742816194709047
1,1,0.5112927524616139
0,0,0.3022054923742704
1,1,0.9998844646681339
0,0,0.48919720838383124
1,1,0.9997923836293238
1,1,0.9998936354712521
1,1,0.9996565620905289
1,0,0.48573871947933595
0,0,0.3702027828550547
0,0,0.4937730289425932
1,1,0.5076743679281751
0,0,0.49041591639451965
1,0,0.4996806141250493
1,1,0.9957355331820664
0,1,0.5011334201757275
1,0,0.4912617236679566
1,0,0.4860100318180232
1,0,0.48707866741013045
0,1,0.5997987363739855
0,0,0.3577343390291015
0,0,0.4912617236679566
0,1,0.5041853521665539
0,0,0.37642002037034555
1,0,0.4907347032244565
1,0,0.4900628211572311
0,1,0.500651500456062
0,0,0.47452613597737936
0,0,0.49068496639195885
1,0,0.4853295672373662
1,1,0.9999114955603815
1,1,0.5067867173168109
0,0,0.4996806141250493
1,1,0.5016825827200134
0,1,0.5887341991215367
0,0,0.4328549268508471
1,0,0.33916771676236124
1,1,0.5393375126194826
0,1,0.5088540924344324
0,0,0.4862316730682933
0,0,0.346454455169815
0,1,0.5198565962548757
0,0,0.3770222833149678
0,0,0.47549244934931606
1,1,0.5920859583596972
1,0,0.4933814302917469
1,0,0.4928560554518983
0,0,0.2921312703500821
0,0,0.48625731022329105
0,1,0.5298706968336325
1,0,0.4885106476220711
0,0,0.47995480471244023
1,0,0.48573871947933595
0,0,0.4122592232711641
0,0,0.48467810731099653
0,0,0.35978012337660054
1,1,0.9995822294806423
0,1,0.5269590498704143
0,1,0.5057667528801252
0,0,0.26673791376992756
0,0,0.0001386928750437274
1,1,0.5141175904245529
0,0,0.4907347032244565
0,0,0.23878471745567897
0,1,0.5008052678296921
0,1,0.5156035514689179
1,1,0.9980776519525145
0,1,0.5037678566793601
1,1,0.999845838491843
0,1,0.5067867173168109
1,0,0.49608150698402925
1,0,0.4946488469145844
0,0,0.4898959424982391
0,0,0.4998361020654101
0,0,0.12222096405200139
1,0,0.41614683769986033
0,1,0.5160326417932759
0,1,0.5057555170827858
0,1,0.5160326417932759
1,1,0.5112992757356464
0,0,0.4545324476962749
0,0,0.010535297997633307
1,0,0.47967664775927027
0,0,0.2999095088086343
0,0,0.004736622873355388
1,0,0.48790120539719756
1,0,0.48478454138764343
1,0,0.4993152916555989
0,1,0.536725596282207
0,1,0.5208484482425555
1,0,0.4907347032244565
0,0,0.002861223863406712
0,0,0.3418161759108242
1,1,0.500651500456062
0,0,0.0015280860794741865
0,1,0.5547752176996759
1,0,0.22911138097642433
0,0,0.4913126523089551
0,1,0.5470074852974731
0,0,0.0011496672703710253
0,0,0.49287612112421464
1,0,0.49041591639451965
1,1,0.99983052255942
0,0,0.2945144608011825
0,0,0.3823063424668646
1,1,0.5061391490652832
1,1,0.5067867173168109
0,0,0.49541332399454235
1,0,0.3829289780541736
1,0,0.37482514238241266
0,0,0.4913126523089551
0,0,0.48790120539719756
0,1,0.508560168293949
0,0,0.37086831978506024
0,0,0.40699448022786455
1,0,0.49527998605729306
1,0,0.38229794747926416
0,1,0.5155337064684267
0,0,0.4608758158031008
1,1,0.5067867173168109
0,0,0.30567088783699986
0,0,0.15191659114518968
1,1,0.5088540924344324
0,0,0.4992119553781867
0,1,0.5004800596271939
0,0,0.38020384009089864
0,0,0.49842058859922533
1,1,0.9999123538070221
0,0,0.030139949697632094
0,1,0.6800459218246597
0,1,0.5009284928860076
0,0,0.3778450477388159
0,0,0.4900539305879104
1,1,0.5055357780844859
1,1,0.9984509519602623
1,0,0.47298402176642007
0,1,0.5160326417932759
1,1,0.99985699691687
1,0,0.4814464615211192
0,0,0.43219794826709185
0,1,0.500245272175313
0,0,0.496508883964663
0,0,0.4896613417951327
1,1,0.5088540924344324
0,0,0.49745143895102995
1,0,0.32352548642137685
1,0,0.48790120539719756
0,1,0.5067867173168109
0,1,0.5011532225266468
0,0,0.47200689988899297
0,0,0.4995851666525363
1,1,0.5052155750330206
0,0,0.4933814302917469
0,0,0.49568829798813635
1,1,0.502765777263656
0,1,0.5298718389670402
1,0,0.36485053200107015
1,0,0.49541332399454235
1,1,0.5174587936751366
1,1,0.5016825827200134
1,0,0.15708073134290731
1,1,0.5055423962147644
0,1,0.5325865790732335
1,0,0.486469105453305
0,0,0.4631985126275813
1,1,0.9998372698577287
1,1,0.5160326417932759
1,1,0.9998788349579933
0,0,0.49768411658655387
0,1,0.5008052678296921
1,1,0.9981376717349849
0,1,0.5089772786806688
0,0,0.4998361020654101
1,0,0.4896613417951327
0,0,0.19401983930407404
1,1,0.5121652513060222
1,0,0.48120409343943293
1,1,0.5011532225266468
1,0,0.43783983886197214
1,1,0.5473963552557923
0,0,0.34202373903984046
0,0,0.4998361020654101
0,0,0.3877605648369159
0,0,0.48551962033712615
0,0,0.4855030379982238
0,0,0.4912617236679566
0,1,0.5072999038527768
1,0,0.490580924207801
1,0,0.490580924207801
1,0,0.4820529712950648
1,0,0.470943743119802
1,1,0.5076743679281751
0,0,0.00021489890469296392
0,1,0.5101707374594792
1,1,0.500245272175313
0,0,0.33965156364379345
0,0,0.17853478971415654
0,0,0.4900539305879104
1,0,0.49041591639451965
0,1,0.500245272175313
0,1,0.502216994528299
0,1,0.5001642265218117
0,1,0.504303838619032
1,0,0.4871028010796751
0,1,0.5001167719538084
0,0,0.39361774245740666
0,1,0.5480783961587422
0,0,0.1409351621615816
1,1,0.9999150388986493
1,0,0.22127365860541978
0,1,0.5588209247419188
1,1,0.5432228460021842
0,0,0.19327784170662324
0,0,0.43074073625325887
1,1,0.5017541584999378
0,0,0.4928560554518983
0,1,0.5232059552195719
1,0,0.3994713919856021
1,1,0.5273475517162072
1,0,0.47098397406822884
0,0,0.3846385560280156
0,0,0.012690764580678986
0,0,0.2794525504455917
1,0,0.49033948727285476
0,1,0.5477026380639165
0,0,0.4978844819096963
1,0,0.3097938822799729
0,1,0.5057667528801252
1,1,0.5057555170827858
1,0,0.4885106476220711
1,0,0.48941237791057035
0,0,0.49608150698402925
0,0,0.4817024537921271
0,0,0.36378563054369895
0,1,0.5054497371271585
1,1,0.5076802946337304
0,1,0.5606736833631268
0,1,0.5160326417932759
0,0,0.4223229230727552
1,0,0.4860100318180232
1,0,0.4321215835986679
1,0,0.4900539305879104
1,1,0.503534072715108
0,0,0.49608150698402925
0,0,0.2672671588179777
0,0,0.4996806141250493
0,1,0.5219321540377132
0,0,0.1868250953192107
0,0,0.3050938731080949
1,1,0.5148760137825501
1,0,0.48941237791057035
0,0,0.0006841682902801129
1,0,0.4912617236679566
0,0,0.4580349733985353
0,0,0.32830130699346494
0,0,0.466953772572762
0,0,0.4961194986577269
0,0,0.38282105240288716
1,1,0.9997349758991517
0,0,0.46665335899161314
1,1,0.5311035401809788
0,0,0.40064784117905794
0,0,0.49033948727285476
0,0,0.05531440914847615
0,0,0.4915317675983414
1,1,0.5057555170827858
1,0,0.45660002352375656
0,0,0.027307918694583093
0,1,0.5030712495816693
0,0,0.4912617236679566
1,1,0.504303838619032
0,0,0.07002856232203533
1,1,0.5085366031599522
0,1,0.5494480746658514
0,0,0.38796358838964506
1,1,0.5076743679281751
1,1,0.5218204044959358
1,0,0.4907347032244565
1,1,0.9999621646289542
0,0,0.384333811122439
1,0,0.4913126523089551
0,1,0.50447924899713
1,1,0.5121652513060222
0,0,0.47610008488982886
1,0,0.49205143468854007
1,0,0.4907347032244565
1,0,0.34000779886933385
0,1,0.5388713983603015
1,1,0.5147224519785338
1,0,0.14589151707997158
1,0,0.46230063731186805
0,1,0.5606736833631268
0,0,0.4933814302917469
0,0,0.4873145969255669
1,0,0.4807793268416952
0,0,0.4955656789928899
1,0,0.4885106476220711
0,0,0.28763867590925596
0,1,0.5160326417932759
1,1,0.500651500456062
1,0,0.4955656789928899
1,0,0.496815270205062
0,0,0.4858418995193197
0,1,0.7366708084425313
0,1,0.5067867173168109
0,1,0.5886889737179676
1,1,0.5122426637190173
1,0,0.49608150698402925
0,0,0.4817024537921271
0,0,0.4909827331199917
1,1,0.5067867173168109
1,1,0.999794027596199
1,1,0.504303838619032
1,1,0.9999434849075558
0,1,0.5238341679535461
0,0,0.40615171980542675
1,0,0.3095451231618737
0,0,0.4946488469145844
0,0,0.4998361020654101
1,0,0.39268331495792275
0,0,0.4907347032244565
1,1,0.500651500456062
0,1,0.5198565962548757
1,0,0.4953645761912011
1,0,0.4954203026684423
0,0,0.3305804251512477
0,0,0.47405533416928175
0,1,0.511293968279973
0,0,0.4984347588689215
0,0,0.495265968953333
1,1,0.9998229470449455
0,0,0.4143773491320614
1,1,0.5512992109768069
0,1,0.5118428689624549
0,0,0.4860100318180232
0,0,0.4985875480724638
1,1,0.5067867173168109
1,0,0.3920946246192055
0,1,0.5156035514689179
0,0,0.0011763355645693686
0,1,0.5088540924344324
0,0,0.3890778806612904
0,1,0.503534072715108
0,0,0.490580924207801
0,0,0.4817024537921271
1,1,0.9999176264834712
0,0,0.4915317675983414
0,0,0.4907347032244565
1,0,0.4990022763278688
1,0,0.45996680251063976
1,0,0.4907347032244565
0,1,0.5517275656203573
0,0,0.0004665712300550291
0,1,0.500651500456062
0,1,0.515153573901919
0,1,0.5877700447128248
0,1,0.5001167719538084
1,0,0.49942672204940186
1,0,0.4885106476220711
1,1,0.9998901439009641
0,0,4.6350852355065125e-05
1,0,0.48304471930466264
0,0,0.46698609127127216
1,1,0.5012570768930981
1,1,0.5058798681055762
0,1,0.505777054879224
0,0,0.48790120539719756
1,0,0.49826983692633176
0,1,0.502216994528299
1,1,0.5076258794723396
0,1,0.654611772953205
1,1,0.9998353089524432
0,0,0.12823688701030977
0,0,0.44451067950949497
0,0,0.49551532545962285
1,1,0.8261752713814142
0,0,0.4913126523089551
1,0,0.49935287105484627
1,0,0.470943743119802
1,0,0.49041591639451965
0,0,0.47610008488982886
0,0,0.010943691414750996
1,0,0.4837601608553788
0,0,0.47967664775927027
1,1,0.5245875953402119
0,0,0.31461711588889
1,0,0.48707866741013045
0,0,0.4861345565281622
1,1,0.9986898099937589
0,1,0.5057555170827858
0,0,0.4869696459455474
1,0,0.49041591639451965
0,0,0.43295065028445995
1,1,0.999919166682666
0,0,0.025567064010666156
0,1,0.5008052678296921
1,0,0.3463992246683655
0,0,0.31569251810753113
0,1,0.500651500456062
0,1,0.5067867173168109
0,0,0.2554253861782853
0,0,0.495810082142245
1,0,0.4873145969255669
1,0,0.46529245979964645
1,0,0.392407537284369
0,1,0.5057555170827858
0,0,0.4933814302917469
0,0,0.3536591122547658
0,0,0.4999023439888881
1,1,0.9998684047225146
1,0,0.4050897262769896
0,1,0.5233187985095199
0,0,0.4898959424982391
0,0,0.13181766952196647
0,0,0.486471087183625
0,1,0.5160326417932759
1,0,0.46057368783774394
1,0,0.4845462607894022
1,0,0.48158724101921135
1,1,0.5057555170827858
0,0,0.409896196321467
0,0,0.35672424928690344
0,0,0.03713881254891579
0,0,0.37972453278509316
0,0,0.3818320349253875
0,1,0.5235742949731877
0,0,0.47101036482364783
1,1,0.9997969315696916
1,0,0.49951561036758535
1,0,0.4853295672373662
1,0,0.3724211057253046
1,1,0.5266087047314687
1,0,0.37917753175681645
0,0,0.2616010892659173
0,1,0.6671240066432691
0,0,0.4912617236679566
0,0,0.4907347032244565
0,1,0.5159600647703056
1,0,0.23324314188216128
0,0,0.3371149028061879
0,1,0.5327167468839366
0,0,0.1968147700484021
1,1,0.9999056407589305
1,1,0.5113330439328624
1,1,0.5236799487577691
1,1,0.999914439741115
0,0,0.4070875179361924
1,0,0.4321215835986679
0,1,0.5972693201240784
0,0,0.4907347032244565
0,0,0.40391887425428935
0,1,0.515081292151952
1,1,0.9998059520428678
0,0,0.48625731022329105
0,1,0.5069482608209925
1,1,0.5160326417932759
0,0,0.495265968953333
0,0,0.3525165167691224
1,0,0.4912617236679566
0,0,0.2688885819485419
1,0,0.4871028010796751
1,0,0.26075795366595433
0,0,0.30610758247043185
0,1,0.5218204044959358
1,0,0.4928560554518983
0,0,0.4814464615211192
0,1,0.6824028359619784
0,0,0.495265968953333
0,0,0.47935012505125824
1,1,0.534200497328545
0,0,0.3176633403899296
1,1,0.99982556935515
0,0,0.0003450018806562122
1,0,0.3109778956483425
1,0,0.17855303888394225
0,1,0.5285604383501384
0,1,0.5015073223047106
0,0,0.49041591639451965
0,0,0.07639934701987416
1,0,0.4637901558026233
0,0,0.4598224741672147
0,0,0.4807793268416952
0,1,0.511206960001663
0,1,0.5218204044959358
0,1,0.502122378290864
0,1,0.5198565962548757
0,1,0.5085366031599522
1,1,0.6069574096938585
0,0,0.4885106476220711
1,0,0.4245162247538843
0,0,0.4867937995483677
0,0,0.49826983692633176
0,1,0.508341165610775
1,0,0.4912617236679566
1,0,0.46305069988023856
0,0,0.45751758950999427
1,0,0.4921020137547586
0,1,0.5055379882233427
0,1,0.5037678566793601
0,0,0.4825512283880276
1,0,0.49951561036758535
0,0,0.4933814302917469
1,0,0.49344802920288616
0,0,0.38010072312137616
0,1,0.5017541584999378
0,0,0.49033948727285476
0,0,0.4913126523089551
0,0,0.470943743119802
0,0,0.48989976792439643
0,0,0.37798468414063296
1,0,0.49562084048880733
1,1,0.5160326417932759
0,1,0.502216994528299
0,1,0.5011532225266468
0,0,0.36981708817812864
0,0,0.42328094970154684
0,0,0.49414591846562594
0,0,0.44503332338814194
0,0,0.32906386378653085
0,1,0.5160326417932759
0,0,0.4923590586121958
1,0,0.43703384487808006
0,1,0.515323674469248
0,0,0.40953066018427914
0,0,0.4303322520260527
1,0,0.31317157472549884
1,1,0.5160326417932759
0,0,0.40562907053895897
1,0,0.1469217962622373
0,1,0.5001642265218117
1,0,0.3829857385513211
0,0,0.31643343656334144
0,0,0.3559153328384669
1,1,0.5076743679281751
0,0,0.0003048602142531627
0,0,0.49989711967265466
0,1,0.5253742558928252
0,0,0.4913126523089551
0,1,0.5001167719538084
0,0,0.37357892346160115
0,0,0.00036593496096901627
0,0,0.4690331121141626
0,0,0.37206574998657593
1,1,0.9997044270167175
1,1,0.5001167719538084
0,0,0.0406158132980825
1,0,0.3836544891010747
1,1,0.9995134394796334
1,0,0.49608150698402925
0,1,0.5057555170827858
1,1,0.502765777263656
0,0,0.4393052598360898
0,1,0.515081292151952
0,0,0.47967664775927027
0,0,0.4946488469145844
0,1,0.5011532225266468
1,0,0.41238087597434075
0,0,0.4933814302917469
1,1,0.5291034671593544
1,0,0.45473789466259135
0,1,0.5076258794723396
1,1,0.9998978669866735
0,1,0.5045071998952658
1,0,0.4602243962663656
0,0,0.38142734720553845
0,0,0.4885106476220711
0,0,0.4998361020654101
0,0,0.4868492355184168
1,1,0.9998426634667997
0,0,0.4985074050412294
0,0,0.45749027093815564
0,0,0.4912617236679566
0,1,0.5023853019372048
0,0,0.4892190408807621
0,0,0.3307486690662676
1,1,0.5156035514689179
0,0,0.3846995272471537
1,1,0.502122378290864
0,1,0.5499837006681707
1,0,0.4912617236679566
0,0,0.4328047268607926
1,1,0.505777054879224
0,0,0.0005651918308278847
0,0,0.4933814302917469
1,0,0.486469105453305
1,1,0.5016825827200134
0,0,0.495529163978138
0,1,0.6001465545976558
0,1,0.5138096092673896
1,1,0.9998780466889173
0,1,0.5477026380639165
0,0,0.4625976376122006
0,0,0.490580924207801
0,0,0.4968686452949299
1,0,0.4855030379982238
0,1,0.511206960001663
1,0,0.3718988255142167
1,0,0.4992119553781867
1,0,0.4713930658093873
1,0,0.4850756880302531
0,0,0.4967412875790193
1,1,0.500651500456062
1,1,0.9998978145404617
0,1,0.5057555170827858
0,0,0.48383197726303145
1,1,0.5298718389670402
1,0,0.46013238266224676
0,0,0.4912617236679566
0,1,0.5218204044959358
1,0,0.36401078135912496
0,1,0.5147224519785338
0,1,0.5088540924344324
0,0,0.4931753562448483
1,0,0.4696834483398623
0,0,0.490580924207801
1,0,0.4946488469145844
0,1,0.5057555170827858
0,0,0.49041591639451965
0,0,0.4928560554518983
0,0,0.18762902437222306
0,0,0.49826983692633176
0,1,0.5160326417932759
1,0,0.4928560554518983
0,1,0.5218204044959358
1,0,0.48625731022329105
0,0,0.399688540342746
1,0,0.3793511054422275
0,0,0.4855030379982238
0,1,0.5085366031599522
0,0,0.4928560554518983
1,1,0.9998905333895476
0,0,0.4998361020654101
0,0,0.40377664483276954
0,1,0.5245875953402119
1,1,0.50447924899713
1,1,0.5174587936751366
1,1,0.5054497371271585
1,0,0.48181691623876266
0,0,0.4073365606334453
0,0,0.492993705830988
1,1,0.5528466022753907
1,0,0.3702027828550547
0,0,0.18129700678670713
0,0,0.4321215835986679
1,1,0.511206960001663
0,0,0.3886954413805248
0,0,0.4781113065171764
0,0,0.4993152916555989
1,1,0.5011532225266468
1,0,0.3887110223083595
1,1,0.5159600647703056
1,1,0.58452539799327
1,1,0.5184880778783645
1,1,0.5113330439328624
0,1,0.5218204044959358
0,0,0.4860100318180232
0,0,0.4814464615211192
0,1,0.508560168293949
0,0,0.011517323837717008
1,0,0.4998361020654101
0,0,0.011930139635220301
0,1,0.503534072715108
1,1,0.5057555170827858
1,1,0.9997159793878616
0,0,0.4118605022166429
0,0,0.005222159560547126
0,1,0.5712233129966542
1,0,0.48707866741013045
1,0,0.4907347032244565
0,0,0.26327291567640293
0,0,0.48304471930466264
1,1,0.9984995620981226
1,1,0.6084628537372422
1,1,0.5085366031599522
0,1,0.501249044073105
0,0,0.4907347032244565
0,1,0.5174441365390968
0,1,0.5245875953402119
0,0,0.453614936463293
1,1,0.9998566850910047
1,0,0.4928560554518983
1,1,0.5255155899624375
0,1,0.50447924899713
0,0,0.4896613417951327
0,0,0.4909827331199917
0,0,0.473181911265867
0,0,0.15771139261447437
0,0,0.0005449028870894462
0,0,0.0006909660570750769
1,1,0.5115194546842909
1,1,0.5001642265218117
1,1,0.503534072715108
1,1,0.9992956228552046
0,0,0.48786227888337136
1,0,0.48585894568688853
0,1,0.6447484371999309
0,0,0.4452252925923935
0,0,0.3922063872881165
1,0,0.44890042224296306
0,0,0.47983408366434066
0,0,0.3622164252622015
1,0,0.4908578868983692
1,0,0.45660002352375656
1,1,0.510802011758067
0,1,0.5218204044959358
1,0,0.4405980817252018
0,1,0.5001642265218117
0,1,0.5245629961214611
1,1,0.5174587936751366
0,0,0.4849730749677902
0,1,0.5160326417932759
1,0,0.48383197726303145
1,1,0.5232104759331322
1,1,0.9999176318603701
1,1,0.5962500745199232
0,0,0.4820529712950648
0,0,0.43947454369381744
0,0,0.16876786078930436
0,0,0.4920677054074904
1,1,0.5295007064460803
1,0,0.4871028010796751
0,0,0.4324340121311964
1,0,0.4871028010796751
0,0,0.486469105453305
1,0,0.4858418995193197
0,0,0.4426279015550113
1,0,0.3239503871452754
0,0,0.4817024537921271
0,0,0.49568829798813635
0,0,0.4946065887391616
1,1,0.5011532225266468
1,1,0.5222566622560932
0,1,0.503534072715108
0,0,0.49287612112421464
0,1,0.6389862313512439
0,0,0.4946488469145844
0,0,0.4885106476220711
1,1,0.508560168293949
0,1,0.50447924899713
0,0,0.4896613417951327
0,0,0.37280320324109933
0,1,0.5085366031599522
0,1,0.50447924899713
0,0,0.4885106476220711
0,0,0.466953772572762
1,0,0.3818320349253875
1,0,0.4907347032244565
1,1,0.9997586265829178
0,0,0.4912617236679566
0,0,0.2999707998773524
1,1,0.5241964626843728
0,0,0.31838998245307043
0,1,0.5057555170827858
1,1,0.6665000382378131
0,0,0.49041591639451965
0,1,0.6616063838798693
0,0,0.4817024537921271
0,1,0.5067867173168109
0,0,0.0015075534009842701
1,1,0.5085366031599522
1,1,0.9983702384738534
1,1,0.5125687663376634
0,0,0.4807793268416952
0,1,0.502216994528299
1,1,0.5057667528801252
0,0,0.01185061080873936
1,1,0.9998329272063319
0,0,0.36648890462230654
1,1,0.5915733778031681
1,0,0.27430627905715804
1,0,0.470943743119802
1,0,0.4946065887391616
0,1,0.5054497371271585
0,0,0.260018148734615
1,0,0.4967412875790193
0,1,0.5150819833195287
0,0,0.44482384757559185
1,1,0.5123776155834903
1,0,0.4896613417951327
0,0,0.20485320661353607
0,0,0.4896613417951327
1,1,0.512884948852028
0,0,0.20192122989427308
1,0,0.49819920442741794
0,1,0.5076743679281751
1,0,0.266451596961124
0,0,0.4885106476220711
0,1,0.5884505569924137
0,0,0.3418161759108242
1,0,0.4992119553781867
0,0,0.4907347032244565
0,0,0.22327913501129018
0,0,0.49041591639451965
1,0,0.4844997663999341
0,1,0.5066988364650842
0,0,0.011288811878361277
0,0,0.3868465833228852
0,0,0.49068496639195885
0,0,0.4953105724648602
0,0,0.4698087399536559
0,0,0.45113715750935196
0,1,0.5134336157549628
0,0,0.4895470354307047
0,0,0.3603400963759129
1,1,0.5456393370936778
1,1,0.9999057510657015
1,0,0.4867937995483677
0,1,0.5076258794723396
1,0,0.37917753175681645
1,0,0.4742835635579228
1,0,0.49768411658655387
1,0,0.3127421048197232
0,0,0.4928560554518983
0,0,0.30030211029268594
0,0,0.34886371921385234
0,0,0.38823254158836523
0,0,0.37673443950387075
1,1,0.5003878711973757
0,0,0.008531899792972687
0,0,0.396880732037414
0,0,0.4912617236679566
1,0,0.4885106476220711
0,0,0.4979392204809542
0,1,0.5051547158788596
0,0,0.49414591846562594
1,1,0.5057555170827858
1,1,0.9998704914932456
0,1,0.5057555170827858
1,1,0.9998920120906332
1,0,0.49031752979009097
0,0,0.48467810731099653
0,0,0.09134931552938011
0,1,0.5675669030743971
0,0,0.42122518181590746
0,1,0.5128830526904196
0,0,0.30271853813945737
1,1,0.9993332798862998
1,1,0.9999186639752655
0,0,0.37686363481992247
0,0,0.4928560554518983
1,0,0.4150650326941919
1,0,0.39122327462566586
0,0,0.4820529712950648
0,1,0.5105737880645947
1,1,0.6036559718548316
1,1,0.9981721231607701
1,1,0.5232059552195719
0,0,0.4597483546090214
1,0,0.4209722702498142
1,0,0.4496269222507324
1,1,0.7127834760820949
1,0,0.49608150698402925
0,0,0.4998361020654101
1,0,0.42499584734706336
0,0,0.4302884893144853
0,0,0.46896218943745266
0,1,0.5054497371271585
0,1,0.5265620055024453
1,1,0.5016825827200134
1,0,0.49768411658655387
1,0,0.4915317675983414
0,0,0.0030211577611943792
1,0,0.49608150698402925
0,0,0.31020844007338383
0,0,0.4933814302917469
0,0,0.4885106476220711
0,0,0.4998361020654101
0,1,0.587340572439172
0,0,0.486469105453305
0,0,0.0006721262849806863
0,0,0.48878185102457583
0,0,0.43295065028445995
0,0,0.3762616478980147
1,1,0.5156035514689179
1,0,0.48150343492530273
1,0,0.4060473688156357
0,1,0.5311035401809788
0,1,0.5244949039587871
1,1,0.5016825827200134
0,1,0.5342051308960958
1,0,0.48989976792439643
1,0,0.4003242287379291
0,0,0.18755693091077102
0,1,0.5138096092673896
0,0,0.48120409343943293
0,0,0.42436379780171574
1,0,0.4831680291291499
1,1,0.9993417931029437
1,0,0.41558699104686253
1,0,0.37798468414063296
1,0,0.3365592640276395
1,0,0.3981495357833863
1,1,0.5076743679281751
1,1,0.6321546772443555
0,0,0.3217305535246847
1,0,0.4998361020654101
0,1,0.5189133376006245
1,0,0.44214221957120536
1,1,0.5548485237716086
1,0,0.473181911265867
0,0,0.3241784723264608
0,0,0.26607227811173123
0,0,0.48910369060061226
1,1,0.5085366031599522
1,0,0.4928560554518983
0,0,0.495529163978138
1,1,0.5017971745472473
1,0,0.4907347032244565
0,0,0.4855030379982238
0,1,0.7088031203764686
0,0,0.4979392204809542
1,1,0.5117570155183621
0,1,0.5011532225266468
1,1,0.9968635615977736
0,0,0.4443826907414414
0,0,0.3197015617237989
1,0,0.4374114313399239
0,1,0.5083644869919763
0,0,0.4205203031253207
1,0,0.40318380670618936
0,0,0.4850262467572198
1,1,0.9997404459776004
1,0,0.3376145812754978
1,1,0.9996714711893706
1,1,0.5017541584999378
0,1,0.5823098162515937
1,1,0.5122426637190173
1,1,0.9997552304023296
0,1,0.5160326417932759
0,1,0.5001642265218117
1,1,0.5062820410909212
1,0,0.43295065028445995
1,1,0.5122610108510347
1,1,0.5001167719538084
0,0,0.003071773145245204
1,0,0.21134783245566854
1,0,0.4393334210159915
1,0,0.49205143468854007
1,1,0.5251912529179843
1,1,0.501249044073105
0,0,0.49942672204940186
0,0,0.45162152690705076
1,1,0.5030712495816693
0,0,0.486469105453305
1,0,0.25449186979310173
1,1,0.5138096092673896
0,0,0.32124887888764087
0,0,0.0011006068217206358
1,1,0.9998041613909279
1,1,0.5138096092673896
1,1,0.5085366031599522
0,1,0.5011532225266468
1,1,0.5088540924344324
1,0,0.4896613417951327
1,0,0.48585894568688853
0,1,0.5004450448749472
1,1,0.5160326417932759
1,1,0.9981356205109906
0,0,0.17126492939634486
0,0,0.4820529712950648
0,0,0.37733601233838837
0,1,0.5158308932685338
1,1,0.9853143606584354
0,1,0.511206960001663
0,0,0.38644427581512364
0,1,0.5251912529179843
1,0,0.48158724101921135
0,0,0.15970017165248485
1,0,0.47452613597737936
1,0,0.36211032208032146
0,0,0.4871028010796751
1,0,0.4854694713487974
0,0,0.2531860997937495
0,0,0.41420837003080246
0,0,0.496508883964663
1,0,0.31463185863461735
0,1,0.5278577213523724
0,0,0.49556255226482043
1,1,0.511206960001663
0,1,0.5076743679281751
1,0,0.4651740653488841
1,1,0.9998549119557903
0,0,0.40029851007715267
1,0,0.1785633204185313
0,0,0.40257842862491955
0,0,0.35459794024694263
0,0,0.47758716578455446
1,0,0.49205143468854007
1,0,0.4075629075022881
1,0,0.4912617236679566
0,0,0.37599280794750906
1,0,0.4933814302917469
1,0,0.44406435009222683
0,0,0.49611376299402915
1,0,0.4737159687142412
0,0,0.48707866741013045
0,0,0.004165509142257083
1,0,0.40185219985434034
0,1,0.6675894448818465
0,0,0.4907347032244565
1,0,0.4855030379982238
0,1,0.5139701734969356
1,0,0.3099624277514396
0,1,0.5072840869333985
1,0,0.47452613597737936
1,1,0.5076743679281751
1,1,0.5057555170827858
0,0,0.09133171073401428
1,0,0.4907347032244565
0,0,0.46896218943745266
1,1,0.5036272823927491
0,1,0.5001167719538084
0,1,0.5058462284991216
1,0,0.24170592227991378
0,0,0.3650428291056043
1,0,0.35044159037196726
0,0,0.24850537839924167
0,1,0.5134336157549628
1,0,0.490580924207801
0,1,0.5001642265218117
0,1,0.5238341679535461
1,0,0.4820529712950648
1,1,0.9998642338189417
0,0,0.23498463125837252
0,0,0.4896613417951327
0,1,0.5046916730976629
1,1,0.5174587936751366
0,0,0.38229794747926416
1,0,0.4885106476220711
0,0,0.19245343816552693
0,0,0.4789891563632211
1,0,0.43295065028445995
1,0,0.363564914875308
1,0,0.25839310561119455
1,0,0.4236749328472325
1,1,0.5245875953402119
0,1,0.502122378290864
0,0,0.3905467002532112
0,0,0.4907347032244565
0,0,0.10439035475592287
0,0,0.37089012267703986
0,0,0.32768809139771093
1,0,0.4896613417951327
1,0,0.4730044397381608
1,0,0.4961194986577269
1,0,0.4907347032244565
0,1,0.5218204044959358
0,0,0.4907347032244565
1,1,0.9972428685815172
1,1,0.9999236747586734
0,0,0.4713930658093873
0,0,0.34803883309693534
1,0,0.4555919888728862
1,1,0.5477026380639165
0,1,0.5011532225266468
0,0,0.486469105453305
0,0,0.159404526959047
1,1,0.503534072715108
0,0,0.4961194986577269
1,0,0.481701177611901
1,1,0.5190755266169972
1,1,0.50447924899713
0,0,0.35032891887337086
1,1,0.9994454816482367
1,0,0.470943743119802
0,1,0.5331353275985826
0,1,0.515081292151952
0,0,0.407299457136056
0,0,0.2865603571844876
1,1,0.9999055444927786
0,0,0.34717452682729144
0,0,0.45660002352375656
0,0,0.4972216578997964
0,0,0.0034990983750704855
1,0,0.48185345875340946
1,0,0.49826983692633176
0,0,0.4308306882851861
0,1,0.501610774324314
1,0,0.4900539305879104
0,0,0.11428788708021506
0,0,0.4971334880395946
1,1,0.502122378290864
0,1,0.5088540924344324
1,1,0.5085366031599522
0,1,0.5012570768930981
0,0,0.4900539305879104
1,1,0.5160326417932759
1,0,0.4912617236679566
1,0,0.47452613597737936
1,0,0.486469105453305
0,0,0.49768411658655387
0,1,0.5037678566793601
0,1,0.512884948852028
1,0,0.48185345875340946
1,0,0.4900539305879104
0,0,0.4907347032244565
1,0,0.4907347032244565
1,1,0.5067867173168109
1,1,0.5218204044959358
1,0,0.4912617236679566
0,0,0.3451468641022532
0,0,0.35997787142848026
0,0,0.49041591639451965
1,0,0.49568829798813635
0,0,0.3144876426373182
0,1,0.5150887567807608
1,0,0.48910367429791374
1,1,0.5628408054368111
1,1,0.5218204044959358
0,0,0.49107214256450515
1,0,0.4907347032244565
0,1,0.5218204044959358
1,0,0.36701388720864
0,1,0.5877700447128248
1,1,0.9998756459884407
1,0,0.33675969222512425
1,0,0.490580924207801
0,1,0.5069482608209925
0,1,0.5232059552195719
0,1,0.5058462284991216
1,1,0.5130337098517892
0,1,0.5122608036926783
0,1,0.5139152252839136
1,1,0.5327167468839366
1,1,0.9998915234919378
1,0,0.3603191392499781
1,1,0.5327167468839366
0,0,0.4321241422509962
1,0,0.4370950121475787
0,0,0.4899639379480893
1,1,0.5085366031599522
1,1,0.5008052678296921
1,0,0.44219564075043555
1,0,0.4873915114300359
0,0,0.4928560554518983
0,1,0.5342087632771008
0,0,0.48989976792439643
1,1,0.5327167468839366
0,0,0.49041591639451965
0,1,0.5255155899624375
1,0,0.4743173156854393
0,1,0.5102329579990621
1,0,0.4664163022389399
1,0,0.2940868703241948
0,0,0.486469105453305
0,0,0.2865603571844876
0,0,0.4907347032244565
1,1,0.5023402173958532
0,0,0.48902494691190673
1,0,0.3559153328384669
0,0,0.4595452257170302
0,0,0.35786772987999815
1,1,0.5023402173958532
1,0,0.49391253248986755
1,1,0.507236236405826
1,1,0.9998119128329604
1,1,0.511206960001663
0,1,0.500651500456062
1,0,0.4516019326091573
0,1,0.5484827591816958
0,0,0.4370950121475787
0,0,0.3493976734468871
0,1,0.5055379882233427
0,1,0.5393375126194826
1,1,0.5253742558928252
1,0,0.4855030379982238
1,0,0.490580924207801
0,1,0.5102939112791641
1,1,0.9998201824271377
0,0,0.38644427581512364
0,1,0.5082991748774874
0,0,0.4940577391214828
1,0,0.44014446977931837
0,0,0.495265968953333
0,0,0.49568829798813635
1,1,0.5011532225266468
0,0,0.38342844184541597
1,0,0.04109850637134173
1,0,0.49568829798813635
1,0,0.49527998605729306
1,0,0.4967379242676296
0,0,0.49465925643937925
0,0,0.18071393426773066
0,1,0.511206960001663
0,0,0.4928560554518983
0,0,0.26028528964844
1,0,0.4807793268416952
0,0,0.47935012505125824
0,0,0.39116348569950354
1,0,0.000746885108607528
0,0,0.4452252925923935
1,1,0.7922268612622909
1,0,0.454161765716314
0,0,0.43282246890076237
0,0,0.4907347032244565
0,1,0.5067867173168109
1,1,0.5057555170827858
0,1,0.5327167468839366
1,1,0.5550903791715838
0,0,0.4900628211572311
0,0,0.29508680882323735
1,0,0.4533173399455173
0,0,0.31908736745631483
0,0,0.4695227557934095
1,0,0.4943523946874629
1,1,0.50447924899713
1,1,0.5251912529179843
1,0,0.47323136896065615
1,0,0.48707866741013045
0,1,0.515081292151952
0,0,0.27176529336270056
0,0,0.41731755323505926
1,0,0.4860100318180232
0,0,0.34069014259456165
0,1,0.6127061335645603
0,0,0.4347770157293738
1,1,0.5088540924344324
0,0,0.46013238266224676
0,1,0.5001642265218117
0,0,0.4555919888728862
0,1,0.5088540924344324
0,0,0.47269817041079504
0,0,0.43558545161057005
0,0,0.4860100318180232
1,0,0.3529751076826051
0,0,0.2574426313146274
1,1,0.5160326417932759
0,0,0.48707866741013045
0,0,0.33634973853336375
0,0,0.486469105453305
0,1,0.5178074413912848
1,0,0.4677633493304796
0,1,0.5218204044959358
0,0,0.35091569395931926
1,0,0.4898959424982391
0,0,0.34900190758349753
0,0,0.4993152916555989
0,1,0.5088557800125919
0,0,0.49138491198666506
1,0,0.3702027828550547
1,1,0.5327167468839366
0,0,0.37158671486352934
0,1,0.5067867173168109
0,1,0.5159600647703056
1,1,0.9996200067853633
1,1,0.5007747256321287
0,1,0.5004800596271939
1,0,0.49608150698402925
0,1,0.5970434572610048
1,1,0.5148760137825501
0,0,0.4820529712950648
0,0,0.4946488469145844
1,1,0.503534072715108
1,1,0.999894706852864
0,0,0.4933814302917469
0,0,0.4860100318180232
1,0,0.4912617236679566
0,1,0.5004800596271939
0,1,0.5085366031599522
0,0,0.2451441518269132
0,0,0.4891850819954072
0,1,0.504303838619032
1,0,0.46031295964027835
0,0,0.4857413665379931
0,0,0.47226920300183217
1,0,0.2300735136785732
0,0,0.45660002352375656
0,0,0.18962028971259393
1,1,0.512884948852028
1,0,0.4946488469145844
1,1,0.5675669030743971
0,0,0.4913126523089551
0,0,0.4741067283987547
1,0,0.49942672204940186
1,0,0.4571021611640761
1,0,0.4907347032244565
1,0,0.49041591639451965
0,1,0.5001642265218117
0,1,0.5035679218571527
0,0,0.45511972616308644
1,0,0.1305695923020358
0,0,0.4933814302917469
1,1,0.9997819412874379
1,1,0.9997485672069506
1,0,0.32525856438337414
0,1,0.511206960001663
1,1,0.5556683776760035
1,0,0.4946488469145844
1,1,0.999858685790414
0,1,0.5057555170827858
0,0,0.490580924207801
0,0,0.48476437361989816
0,0,0.49995932748697525
0,1,0.5008052678296921
1,1,0.9997393371762365
1,0,0.4978844819096963
1,0,0.47302181782829394
1,1,0.500651500456062
0,0,0.4869696459455474
0,0,0.16655317499868602
0,0,0.3974161847279181
1,1,0.5057555170827858
1,0,0.466822184987504
1,0,0.495529163978138
0,0,0.490580924207801
1,1,0.5213904538680342
1,0,0.49568829798813635
0,0,0.45787595050386914
1,1,0.500651500456062
0,0,0.45660002352375656
0,1,0.5008052678296921
0,1,0.504303838619032
0,0,0.4027608694357612
1,1,0.5830691324748885
1,1,0.5675669030743971
1,0,0.486469105453305
0,1,0.504303838619032
1,1,0.504303838619032
0,0,0.4907347032244565
0,1,0.5088540924344324
1,0,0.49822443318461523
0,0,0.3693132936314647
0,1,0.5057555170827858
0,0,0.4907347032244565
0,1,0.5232754458978721
1,1,0.5016825827200134
1,0,0.4820529712950648
0,0,0.34865426373940706
1,1,0.590065799556269
0,0,0.4906491315608048
1,0,0.49768411658655387
1,1,0.9998485184571934
0,0,0.3216671449455202
0,1,0.5054497371271585
0,1,0.5057555170827858
0,0,0.046643606513974985
1,0,0.48664120450763504
0,1,0.5327167468839366
1,0,0.4820529712950648
0,0,0.43864830451134096
0,1,0.5240139591432558
1,1,0.9995980540603
0,0,0.285952833329154
1,0,0.4835429876284037
0,0,0.49942672204940186
1,1,0.5363703962557618
1,1,0.9999339854316942
1,0,0.4308306882851861
1,0,0.3448575935682577
0,1,0.5351133997968492
0,1,0.6127061335645603
0,0,0.37228226832103295
0,1,0.5228233066650169
1,0,0.30759076566136956
1,0,0.46156827412646867
0,0,0.2563223637543972
0,0,0.07904332037915164
0,0,0.4998361020654101
0,0,0.48962921287513134
0,1,0.5760438996187497
0,1,0.5332855532939819
0,1,0.511293968279973
0,1,0.500651500456062
0,1,0.5267633627594583
0,0,0.47610008488982886
0,1,0.5001642265218117
0,0,0.468264623296027
0,0,0.33634973853336375
1,0,0.4896613417951327
0,0,0.4896613417951327
1,0,0.44461864178735905
0,0,0.49446065398401295
0,1,0.508991123862357
0,1,0.5327167468839366
0,1,0.5712233129966542
1,1,0.502765777263656
1,0,0.49826983692633176
1,0,0.44219564075043555
1,0,0.4907347032244565
0,0,0.40431193104726154
0,1,0.5008052678296921
0,0,0.49942672204940186
0,1,0.5081201138114664
1,1,0.6323888396338907
1,1,0.9998092574146632
0,0,0.49951561036758535
0,0,0.4731708204230037
0,0,0.49287612112421464
0,1,0.572773671467963
1,0,0.4998361020654101
1,0,0.4928560554518983
0,1,0.5138096092673896
0,0,0.2282647117204225
1,0,0.4548816879857701
0,0,0.23392428267545756
1,1,0.9998316800565438
1,1,0.9999420926070732
0,1,0.5004800596271939
0,0,0.4892190408807621
0,0,0.49942672204940186
0,1,0.5127960889202173
1,1,0.999432218541597
0,0,0.4087944072663364
0,1,0.5061391490652832
1,1,0.9998678562436528
0,1,0.5245875953402119
1,0,0.26863994570518207
0,0,0.48448776955376593
0,0,0.4998361020654101
0,1,0.53125424714165
1,0,0.4324322909320062
1,0,0.4972298837007246
0,0,0.4857413665379931
1,1,0.5016825827200134
1,0,0.4631711110067176
1,0,0.19621700108446807
1,1,0.9997910966766842
0,1,0.5630365589454072
1,0,0.38054982182079294
1,0,0.447728000233189
1,1,0.9997542279205504
0,0,0.4653427594930246
1,0,0.49107214256450515
0,0,0.48185345875340946
0,0,0.3793167122472834
1,1,0.9991225225064211
0,1,0.5160326417932759
0,0,0.45488423683751017
1,0,0.1503216251828786
0,0,0.4907347032244565
0,0,0.48296104753760327
1,0,0.3452233394426603
0,0,0.14443300996002362
1,0,0.4933814302917469
0,0,0.1503599165205492
1,0,0.4900539305879104
1,1,0.9998550236005653
1,1,0.543787776574599
1,1,0.5153065077901997
1,0,0.4867937995483677
0,1,0.7389755235065154
1,1,0.500651500456062
1,1,0.9997836528366283
1,0,0.4202324327560505
1,1,0.9998733085251483
1,0,0.4896613417951327
0,0,0.4308306882851861
0,0,0.4855030379982238
1,0,0.4854694713487974
1,1,0.5076743679281751
1,0,0.41138596604408306
0,1,0.512884948852028
0,0,0.3614746121494543
1,0,0.490580924207801
1,1,0.5218204044959358
1,0,0.44446766706101015
1,1,0.9997633000194596
0,0,0.49205143468854007
0,0,0.3650364895428642
0,0,0.2854498955152287
1,0,0.47967664775927027
1,0,0.486469105453305
0,0,0.3778450477388159
1,1,0.512884948852028
0,0,0.31062589381962336
1,1,0.50447924899713
1,1,0.5174587936751366
1,0,0.4955656789928899
0,1,0.542785767991025
1,1,0.6044060879512001
0,1,0.5067867173168109
1,0,0.4899639379480893
1,1,0.502765777263656
0,0,0.37407699212435797
0,0,0.42638074821978844
0,0,0.49826983692633176
0,0,0.0006193215537162263
0,1,0.503534072715108
1,0,0.40615171980542675
0,0,0.19235855826175194
0,0,0.3489854983325008
1,0,0.4907347032244565
0,0,0.4998361020654101
0,0,0.3725040875866602
1,0,0.11238519773868165
1,0,0.4985074050412294
0,0,0.3824450363876811
0,0,0.0005854630994539343
1,1,0.999877672135158
1,0,0.46003539334545146
0,0,0.4896613417951327
0,0,0.49212993121178705
1,1,0.5067867173168109
0,0,0.4871028010796751
0,0,0.4297915132106189
1,1,0.9998666574815606
1,0,0.4983524308195326
0,1,0.511293968279973
0,0,0.4832058434236249
0,0,0.00024878184076657767
0,0,0.3976023435691777
1,1,0.502216994528299
0,0,0.3683209071786554
1,1,0.9999033385162511
0,0,0.4907347032244565
0,0,0.002445227787628285
0,0,0.49942672204940186
0,0,0.4871028010796751
1,1,0.5295022978383197
0,0,0.4896613417951327
0,1,0.5232059552195719
0,0,0.280882013122582
1,0,0.16853154517877686
0,1,0.5076743679281751
0,0,0.4250956318519769
1,1,0.500651500456062
0,0,0.42328094970154684
0,0,0.48120409343943293
0,0,0.44104423282413024
0,0,0.22673375515891783
1,0,0.49138491198666506
0,0,0.4827319904382518
1,0,0.4858065064725506
1,1,0.9998549119557903
0,0,0.21414858853527197
0,0,0.4998361020654101
1,1,0.5138096092673896
1,1,0.9999334834455198
1,0,0.46769225486821825
0,1,0.5008052678296921
1,0,0.42518213674863425
1,0,0.3418161759108242
1,1,0.5088540924344324
0,1,0.502765777263656
0,1,0.5196881717768919
0,0,0.4892190408807621
0,0,0.48585894568688853
0,1,0.5159600647703056
1,0,0.3002325057049371
0,1,0.5088540924344324
0,0,0.4602549547119698
1,1,0.50447924899713
1,0,0.49608150698402925
0,1,0.5103486473073278
1,0,0.4597483546090214
1,0,0.4992119553781867
0,0,0.4885106476220711
1,1,0.99456366229518
0,0,0.4875931546109823
1,0,0.4933814302917469
1,0,0.4912617236679566
1,1,0.5141175904245529
1,0,0.3337091134961244
0,0,0.0025265541726237936
0,1,0.5067966390581996
0,0,0.32559439819616565
0,0,0.1880283859678279
0,1,0.515081292151952
0,1,0.7800565838253182
1,0,0.39303581817653815
1,0,0.4891308172695047
0,1,0.5057667528801252
0,0,0.011810027799171806
0,0,0.4946488469145844
1,0,0.4434345711394527
1,0,0.41686180233231684
1,1,0.9994338392923509
1,1,0.5138096092673896
0,1,0.5001642265218117
0,0,0.3626915214240255
0,0,0.49995932748697525
0,0,0.4998361020654101
0,0,0.48707866741013045
0,1,0.511206960001663
0,0,0.15214429827381376
1,0,0.47580105224872155
0,1,0.5198565962548757
0,0,0.3948442411541094
1,1,0.5198565962548757
0,0,0.338530919362872
0,1,0.5553603139734447
1,1,0.9945188376336397
0,0,0.47901386986436006
1,0,0.4599498404037316
0,0,0.4370950121475787
0,0,0.37599280794750906
0,0,0.4946065887391616
1,0,0.28632425191620253
1,0,0.4933814302917469
0,0,0.4358181893942301
0,1,0.5101707374594792
0,1,0.5160326417932759
0,0,0.4946488469145844
0,0,0.4912617236679566
1,0,0.3958625067633859
1,0,0.34886371921385234
0,0,0.4896613417951327
1,1,0.6949358909792457
0,0,0.470943743119802
1,1,0.9993574548015329
0,0,0.4885106476220711
0,0,0.4907347032244565
1,1,0.500651500456062
1,0,0.4885106476220711
1,1,0.999885522380582
0,0,0.4372696752029443
1,0,0.37599280794750906
1,1,0.5057667528801252
0,0,0.4212042920449964
0,0,0.4855030379982238
0,0,0.2502708911680088
0,0,0.4046391549624012
1,0,0.4857413665379931
1,0,0.3784857442494865
0,0,0.4602549547119698
1,0,0.4899639379480893
0,0,0.4946488469145844
1,1,0.9999071893978287
1,1,0.5076743679281751
0,0,0.3729387813339571
1,1,0.511206960001663
1,1,0.5174587936751366
0,0,0.47101036482364783
1,0,0.49608150698402925
1,0,0.08325622773083326
1,1,0.508991123862357
0,1,0.5720471733511429
0,0,0.4885106476220711
0,0,0.4907347032244565
0,0,0.4308306882851861
0,0,0.466332686128998
0,0,0.23229578913111862
1,1,0.5153065077901997
0,0,0.4218411715633408
0,0,0.31895407568342105
0,1,0.500651500456062
0,0,0.47491092698227244
0,0,0.4896613417951327
0,0,0.05185302218811141
1,1,0.5088557800125919
0,0,0.4814464615211192
0,0,0.47831442323209017
0,1,0.5081201138114664
0,0,0.3330657531727973
1,1,0.999943960155492
1,0,0.4933814302917469
1,1,0.5013625786414909
0,0,0.4900539305879104
0,0,0.3666602062586946
1,1,0.9998647474198898
1,0,0.39972709491834935
1,0,0.28438813277525266
1,1,0.5067867173168109
0,0,0.38208435670699037
0,0,0.31218806177317027
1,0,0.3715569533766464
0,0,0.3921989794775101
0,0,0.37105447100394884
1,1,0.9997887154868146
0,0,0.4864191664221196
0,1,0.5004450448749472
1,1,0.9998843194506465
1,0,0.4907347032244565
0,0,0.3144801761734815
0,0,0.40797081355899373
1,0,0.06310960869164006
0,0,0.4857413665379931
0,0,0.2620204690481479
1,1,0.5112992757356464
1,0,0.48499828300239445
0,1,0.5327167468839366
1,1,0.9998831808901819
0,0,0.4133906980072736
1,1,0.9997932257476034
0,1,0.5397863875457328
1,1,0.5004800596271939
1,1,0.5001167719538084
0,1,0.5030712495816693
1,1,0.5067867173168109
0,0,0.19626279555763324
1,0,0.49942672204940186
0,1,0.5102851852568917
0,0,0.4566625237690985
1,1,0.9998742403165043
0,0,0.4990022763278688
1,1,0.500651500456062
0,1,0.5647610043181366
0,1,0.5228233066650169
0,0,0.3010431519140458
1,0,0.4405980817252018
0,0,0.2826988586934563
1,0,0.3868465833228852
1,0,0.4814464615211192
1,1,0.9997223203597667
0,1,0.5857556965604245
0,1,0.5088540924344324
1,0,0.49041591639451965
0,1,0.5088540924344324
0,0,0.03761156383259088
0,1,0.515081292151952
1,1,0.9998942905440659
1,0,0.39405563935648785
0,0,0.4907347032244565
1,1,0.50447924899713
0,0,0.000900064527150465
0,0,0.498453451957922
0,1,0.5342087632771008
0,0,0.4769139587006113
0,1,0.5241964626843728
1,0,0.44260395395898033
1,0,0.470943743119802
1,1,0.9993173158911185
1,0,0.44406435009222683
1,0,0.2643295992221486
1,0,0.299283819848846
1,1,0.5160326417932759
0,1,0.5076743679281751
1,1,0.5001167719538084
0,0,0.49995932748697525
0,0,0.4633509660506592
1,0,0.4118137404174331
1,1,0.9999056225583609
1,0,0.42150776537758666
0,0,0.4502143709992434
1,1,0.9993459264329339
1,1,0.5135015168441988
0,1,0.511293968279973
1,1,0.5253640187645258
1,1,0.9995617308911393
0,1,0.5057555170827858
1,1,0.9997137800664171
1,0,0.1033565753725943
0,0,0.3148375030961693
0,0,0.15300199954754007
0,0,0.00042524822881324665
0,0,0.470943743119802
1,1,0.6829752268561868
1,0,0.4912617236679566
0,1,0.5051125434863566
1,1,0.5198565962548757
1,1,0.5156035514689179
0,0,0.003395019459380548
1,1,0.5218204044959358
1,0,0.4899639379480893
0,1,0.508560168293949
0,1,0.5001642265218117
0,0,0.3579836058151729
0,0,0.4892190408807621
0,0,0.13828839323956954
0,0,0.4993152916555989
0,0,0.4896613417951327
1,0,0.463239631399262
0,0,0.4896613417951327
0,0,0.4955656789928899
0,0,0.4896613417951327
1,1,0.5112992757356464
0,0,0.4452252925923935
1,0,0.4081372277210152
0,1,0.5085366031599522
0,0,0.4907347032244565
0,0,0.2809052295607537
0,1,0.50447924899713
0,0,0.4913126523089551
1,0,0.49205143468854007
1,0,0.3478608363465146
1,0,0.49935287105484627
1,1,0.5016825827200134
1,0,0.4912617236679566
0,1,0.5008052678296921
0,0,0.49826983692633176
0,0,0.30577533091578063
0,1,0.544484778132454
1,1,0.5076743679281751
0,1,0.5001167719538084
1,0,0.48784777391572864
0,0,0.30846348627795706
1,0,0.4998361020654101
1,0,0.4900628211572311
0,0,0.003314484335326744
0,1,0.5004800596271939
0,1,0.5540717339695955
1,1,0.5003878711973757
0,0,0.007147159168044966
0,0,0.4998361020654101
0,1,0.5011532225266468
1,1,0.5088540924344324
0,0,0.47255114436230383
1,1,0.5342087632771008
0,0,0.4972298837007246
0,1,0.500651500456062
1,1,0.9997615660692865
1,0,0.4602549547119698
0,0,0.4243269162270355
1,1,0.5062448269506209
1,0,0.4374114313399239
1,1,0.5299455942071952
0,0,0.486469105453305
1,1,0.5016825827200134
0,0,0.37697334296269086
1,0,0.4993152916555989
0,0,0.39303581817653815
1,0,0.4898959424982391
1,0,0.14375101599285686
0,0,0.43977154885134806
1,0,0.4555989776149835
1,0,0.4900539305879104
1,1,0.9998815592739945
1,1,0.9998171833144008
1,0,0.4855030379982238
0,1,0.5057667528801252
0,0,0.3232245589435013
0,0,0.47639249688170054
0,0,0.33559104237012205
0,0,0.4913126523089551
0,1,0.508560168293949
0,0,0.495265968953333
0,0,0.484106931283041
1,0,0.2904590615859583
1,1,0.5057555170827858
0,0,0.408569381135835
0,0,0.4885106476220711
0,1,0.5057667528801252
1,1,0.8661907743544021
1,0,0.48807833378328513
0,1,0.598829846123267
0,1,0.5057555170827858
0,0,0.4113834420378817
0,1,0.500651500456062
0,0,0.4896613417951327
1,1,0.5054497371271585
0,0,0.4912617236679566
0,0,0.4928560554518983
0,0,0.46183894559863986
0,0,0.49465925643937925
1,1,0.9998342304339791
0,0,0.4907347032244565
0,1,0.502765777263656
0,1,0.5101707374594792
0,1,0.5076743679281751
1,1,0.6115848613975333
1,0,0.49608150698402925
1,1,0.9998458934489121
0,1,0.5088540924344324
0,1,0.5138096092673896
1,0,0.45660002352375656
0,0,0.4937730289425932
0,0,0.46003539334545146
0,0,0.4734199460981341
1,1,0.5004800596271939
1,1,0.9998234208722061
0,0,0.4858065064725506
1,0,0.49034174473993847
0,1,0.504303838619032
0,0,0.49287612112421464
1,0,0.39819907156399925
0,0,0.49568829798813635
0,1,0.5004800596271939
0,1,0.5660893377539493
1,1,0.9999091602629526
0,1,0.500651500456062
1,0,0.1128368991750025
1,1,0.5061391490652832
1,1,0.502216994528299
0,0,0.49031752979009097
1,1,0.503534072715108
0,0,0.35210219065561166
0,0,0.3127421048197232
0,1,0.5243701539915672
0,1,0.5327167468839366
0,0,0.4602549547119698
1,1,0.5315607551083996
1,0,0.45354533467429364
0,0,0.4907347032244565
0,0,0.45212664455153656
0,0,0.33970476872148814
1,1,0.5223636345393182
1,0,0.48625731022329105
0,0,0.4580349733985353
0,1,0.7253585686727138
1,0,0.4971334880395946
0,0,0.4060473688156357
1,1,0.5076743679281751
0,0,0.4896613417951327
1,0,0.3371431828854848
1,1,0.5423159807840724
1,0,0.4990022763278688
1,0,0.34852204026514244
1,0,0.483666080557574
0,0,0.40161199906913986
1,1,0.5877700447128248
0,0,0.45591733883623486
1,0,0.44446766706101015
0,0,0.47323136896065615
1,0,0.4855030379982238
1,1,0.9999045861013811
1,1,0.9983631048966546
0,0,0.15329631294569804
0,0,0.3858316371500743
1,1,0.5353829769019747
1,1,0.6490771414822251
0,0,0.49768411658655387
0,1,0.500651500456062
0,1,0.5138096092673896
1,0,0.03500877915476263
0,0,0.16791047726894276
1,1,0.5218204044959358
0,1,0.5397863875457328
1,0,0.4999023439888881
0,1,0.5219321540377132
0,0,0.3589738881825029
1,0,0.49822443318461523
0,1,0.512884948852028
1,0,0.4928560554518983
1,0,0.4907347032244565
0,0,0.3935462128532796
0,1,0.504303838619032
0,0,0.3879812201805664
0,0,0.40289789173122426
1,0,0.3675499885931779
0,0,0.4300058986343246
0,0,0.4571021611640761
0,1,0.5342087632771008
0,0,0.0017068150249630431
0,1,0.5088557800125919
1,0,0.4807793268416952
0,1,0.5177476816801827
1,0,0.4892190408807621
0,0,0.4877756808128805
0,0,0.4622478404515574
1,0,0.2133306735556976
0,1,0.5001059605314259
1,0,0.37184315365277665
0,1,0.5004140154404271
0,0,0.3915813358809427
0,0,0.494928349133274
0,0,0.3644753087750255
0,1,0.5839292108669123
0,0,0.41822014831460264
1,1,0.500651500456062
0,1,0.5533369988202878
1,1,0.511293968279973
1,0,0.38983318705796965
0,0,0.486469105453305
1,1,0.5016825827200134
0,1,0.5868975963081303
0,0,0.4946488469145844
1,0,0.4885106476220711
0,1,0.5644351110971142
0,1,0.5081201138114664
1,1,0.511206960001663
1,1,0.9998946321562868
1,1,0.5416080663388021
0,0,0.47913311473757
0,0,0.45660002352375656
0,0,0.1892296208030647
0,0,0.006369507514588336
1,0,0.48499828300239445
1,0,0.344717392081235
1,0,0.43928211271778234
0,1,0.5076743679281751
0,0,0.0008064911043922442
0,0,0.495265968953333
1,0,0.41560193744512713
0,1,0.6429220545645514
0,1,0.5101707374594792
0,1,0.5001167719538084
0,0,0.49527998605729306
0,1,0.500651500456062
0,0,0.47724212946948313
0,1,0.5036272823927491
1,1,0.518703046927564
0,1,0.511293968279973
1,1,0.9998551950243467
0,0,0.4885106476220711
1,0,0.4807793268416952
1,0,0.36369469760496087
1,1,0.5160326417932759
1,0,0.49819920442741794
0,0,0.49041591639451965
0,0,0.4096189683678645
0,0,0.49568829798813635
0,1,0.504303838619032
1,1,0.5017971745472473
0,0,0.399460787776023
0,0,0.1765639871415158
0,0,0.4817024537921271
1,0,0.49031752979009097
1,0,0.2756343062493968
0,1,0.5148760137825501
1,0,0.4660515236406896
1,0,0.4946488469145844
0,0,0.48625731022329105
0,0,0.38823254158836523
1,1,0.9999202710239417
0,1,0.5253742558928252
0,0,0.4807793268416952
1,1,0.508560168293949
1,0,0.3818395128046481
0,0,0.4567867692314954
0,0,0.3995858725205004
0,0,0.4372696752029443
1,0,0.4814464615211192
1,0,0.40400518103889915
0,0,0.4907347032244565
1,1,0.9999269624045525
1,0,0.37485959254198914
1,0,0.3371512019965576
0,0,0.45376890157860394
0,0,0.468682457128341
0,1,0.5076743679281751
1,0,0.12888777219377068
0,0,0.48341479118993824
0,1,0.5029761969924769
0,1,0.5463501969314624
1,0,0.39057797816884504
0,1,0.5054497371271585
0,0,0.357010214271548
0,0,0.4860100318180232
0,0,0.49951561036758535
1,0,0.4916579768149222
1,1,0.500651500456062
0,0,0.4802360913774226
1,0,0.4631985126275813
1,1,0.9998868200067823
0,0,0.2502708911680088
1,0,0.4895329671012819
1,0,0.3800974489104477
0,1,0.5218204044959358
1,0,0.49041591639451965
1,1,0.9996762444986546
0,1,0.5218204044959358
0,0,0.4900539305879104
0,1,0.5228233066650169
1,1,0.9999382459792465
0,0,0.3386628999814711
0,0,0.4979392204809542
0,0,0.4923590586121958
0,1,0.5011532225266468
1,0,0.3007463493610732
1,0,0.4641774772676937
0,0,0.3716740061003707
0,0,0.17428349911888028
1,1,0.9999185002246611
0,0,0.15630769659480517
0,0,0.282931934618723
0,1,0.50447924899713
0,0,0.4820529712950648
1,1,0.9994656592303828
0,0,0.4915317675983414
1,0,0.4913126523089551
0,1,0.6258752449432015
0,0,0.4998361020654101
1,1,0.9998129143886004
0,1,0.5159600647703056
1,0,0.45996680251063976
0,0,0.3873219368830133
0,1,0.5004450448749472
0,0,0.4853295672373662
0,1,0.5008052678296921
0,0,0.39732055101590347
0,0,0.22578676102360604
1,0,0.2537081200484168
1,0,0.37798468414063296
1,1,0.5102208626184002
1,1,0.500651500456062
0,0,0.4967412875790193
1,0,0.36577497097839373
1,0,0.4427274394556783
1,1,0.9998929452429071
0,1,0.5023853019372048
1,0,0.4871028010796751
1,1,0.5560821264416026
0,0,0.39568493119563886
1,0,0.49768411658655387
0,0,0.495810082142245
0,1,0.502216994528299
1,1,0.511206960001663
1,0,0.4885106476220711
0,0,0.4405980817252018
0,0,0.3635792279235002
0,0,0.4853295672373662
1,1,0.515323674469248
0,1,0.6618791867327128
1,1,0.5088540924344324
1,1,0.5256431803309848
0,0,0.4891308172695047
0,1,0.5218204044959358
0,0,0.4916579768149222
0,0,0.35935324255015993
0,0,0.000745433020937807
0,0,0.15721202083799596
1,1,0.9924322054248232
0,1,0.5076258794723396
0,1,0.500651500456062
0,1,0.5295022978383197
0,0,0.3544295122260571
0,1,0.5001642265218117
0,0,0.4807793268416952
1,1,0.5057555170827858
1,0,0.4913126523089551
1,0,0.4998361020654101
1,0,0.4860100318180232
0,0,0.4907347032244565
1,1,0.5123328805226314
0,0,0.4971334880395946
0,0,0.3691699435251906
0,1,0.5327167468839366
0,0,0.4907347032244565
0,0,0.07670751201324692
0,1,0.5245875953402119
0,0,0.03644313794692905
0,0,0.4321614335229595
1,0,0.4632578598900885
0,0,0.4913126523089551
1,0,0.4900539305879104
1,0,0.47610008488982886
0,1,0.5048221855684755
0,0,0.33692360656809683
1,1,0.6465274090717743
0,0,0.4027051160426474
0,0,0.490580924207801
0,1,0.5327167468839366
0,1,0.5016825827200134
0,0,0.25302073218461957
1,0,0.36348976767267904
0,0,0.4998361020654101
0,1,0.5067867173168109
0,1,0.5049563203448394
0,0,0.35274926595060685
0,1,0.5122426637190173
0,0,0.3392331283929522
0,0,0.47921645940165847
0,1,0.5418457529772703
0,0,0.4907347032244565
1,0,0.38177295806394573
0,0,0.49205143468854007
0,1,0.5054497371271585
1,1,0.5057555170827858
0,1,0.6915167992856909
0,0,0.4946488469145844
1,0,0.3528640098053621
1,0,0.48737046695486624
1,1,0.6352626225107859
1,0,0.4310739981645822
0,0,0.12716808884961978
1,1,0.5067867173168109
1,0,0.4782911877246203
0,1,0.58452539799327
0,1,0.5153065077901997
0,1,0.500651500456062
0,1,0.5037678566793601
0,0,0.20827283613985267
0,1,0.5875255402705258
1,1,0.9997202455255383
1,1,0.5817475153922825
1,0,0.4946488469145844
1,0,0.4653427594930246
1,0,0.4913126523089551
0,1,0.5016825827200134
0,0,0.3781119633927762
1,0,0.46896218943745266
1,1,0.890389740716437
0,0,0.49951561036758535
0,1,0.5070836571298218
0,0,0.3457117734144977
1,0,0.4998361020654101
1,1,0.9998692707621694
0,1,0.5249444356081194
0,0,0.4991671239600787
1,1,0.5066801920177788
0,1,0.5026352487317978
0,1,0.5138096092673896
0,1,0.5011532225266468
1,0,0.3295546008581272
0,0,0.4912617236679566
1,1,0.9999161178429748
1,0,0.3645133812726781
0,0,0.013524927583168688
1,1,0.5218204044959358
1,1,0.5076743679281751
1,0,0.4933814302917469
1,1,0.9998680883282609
0,0,0.45996680251063976
1,1,0.6662645333762477
0,0,0.495810082142245
1,0,0.4990022763278688
0,0,0.3418161759108242
0,0,0.16430391742968734
1,0,0.4372696752029443
0,1,0.5128830526904196
1,0,0.4972298837007246
1,0,0.4923590586121958
0,0,0.4814464615211192
1,0,0.38644427581512364
0,1,0.5023853019372048
0,0,0.38475603203113107
1,1,0.999901270658391
0,0,0.3626451178994563
1,1,0.9997437066271206
0,0,0.49041591639451965
1,0,0.259850558270041
0,1,0.502216994528299
0,0,0.45660002352375656
0,0,0.1661892656509465
0,0,0.4998361020654101
1,0,0.4907347032244565
0,1,0.5255155899624375
1,1,0.999820364920677
1,1,0.5088540924344324
0,0,0.37058355874636595
1,1,0.5016825827200134
0,0,0.4991671239600787
0,0,0.48158724101921135
1,0,0.4992119553781867
1,0,0.4820529712950648
1,0,0.4944782279112676
1,0,0.4998361020654101
0,0,0.4887918962163911
0,0,0.495810082142245
0,0,0.48786227888337136
0,1,0.500651500456062
0,0,0.4907347032244565
1,0,0.3753538906464041
0,0,0.4933814302917469
1,0,0.4912617236679566
0,0,0.38644427581512364
1,1,0.999882098179087
1,1,0.9989864414442592
0,1,0.5012705578802124
0,1,0.5184880778783645
1,1,0.5017971745472473
0,1,0.5101707374594792
1,0,0.4933814302917469
1,1,0.5088540924344324
1,1,0.5255155899624375
1,1,0.9999063798349069
1,0,0.449047469320404
1,1,0.5002156084989241
1,1,0.5016825827200134
0,0,0.33575568786754506
0,0,0.49017710785667584
0,0,0.21419661313196814
1,0,0.4414149308374793
1,1,0.5436686689454722
0,0,0.33784424531366314
0,0,0.4933814302917469
0,0,0.34782977678774996
0,0,0.484843770442094
0,0,0.490580924207801
1,0,0.45682426160886175
0,0,0.4907347032244565
1,0,0.49826983692633176
0,1,0.5028481574114908
0,0,0.4896613417951327
0,0,0.3589738881825029
0,0,0.4132258987857337
0,1,0.6501282359625943
1,0,0.42903642286604887
1,0,0.4896613417951327
0,0,0.42903642286604887
1,0,0.49842058859922533
1,1,0.9998023279946263
0,0,0.40593358156680814
1,1,0.5177576667267123
0,0,0.490580924207801
0,0,0.029645932097629123
0,0,0.48383197726303145
1,0,0.4820529712950648
1,0,0.4713930658093873
0,0,0.4807793268416952
0,0,0.475582220364011
1,1,0.9998443792718062
1,0,0.3603191392499781
1,0,0.48573871947933595
1,1,0.9999095226979282
0,1,0.6663994183424126
1,0,0.4885106476220711
0,0,0.49287612112421464
0,0,0.4900539305879104
0,1,0.52938883639001
1,0,0.4993152916555989
1,1,0.9999433094250478
1,1,0.9995899310819348
1,1,0.5190755266169972
1,0,0.4233467026074425
1,0,0.495810082142245
0,0,0.47758716578455446
1,0,0.49205143468854007
0,1,0.502216994528299
1,1,0.5160326417932759
0,0,0.3204304874913736
1,1,0.5001642265218117
0,0,0.4725124011608007
1,1,0.500651500456062
0,0,0.49942672204940186
0,0,0.48992947402531684
0,1,0.5088540924344324
0,1,0.5055423962147644
0,0,0.46529245979964645
1,1,0.9999600418516863
0,1,0.6671240066432691
1,1,0.9998863207346564
0,1,0.5245875953402119
0,1,0.5067867173168109
0,1,0.5046536313750378
1,0,0.4885106476220711
1,1,0.99836014106891
0,0,0.41916665071438947
1,0,0.48383197726303145
1,0,0.42540304873866164
0,1,0.5277301461409416
0,0,0.48120409343943293
0,0,0.002847278400620007
1,0,0.33193721892304495
0,1,0.5076258794723396
0,0,0.4520134622062066
0,1,0.5004450448749472
0,0,0.4971334880395946
0,0,0.470943743119802
0,0,0.49287612112421464
0,0,0.40555281540797383
1,0,0.49608150698402925
0,1,0.5198565962548757
1,0,0.490580924207801
0,0,0.14163528788060442
0,0,0.37140308320434384
1,1,0.5057555170827858
1,0,0.48989976792439643
0,1,0.5070724773182416
0,1,0.5148760137825501
0,0,0.2909763766637092
0,0,0.2655499133338265
0,1,0.500651500456062
0,1,0.5096717384679875
1,0,0.48383197726303145
1,0,0.4972245361023221
0,0,0.30124704845928674
1,0,0.4548816879857701
0,0,0.4571021611640761
0,1,0.5008052678296921
1,1,0.500651500456062
0,0,0.4912617236679566
1,0,0.3798660731764506
0,1,0.5081201138114664
0,0,0.0005258643004609373
0,1,0.5054497371271585
1,1,0.5293672389246846
1,0,0.3009898416657598
0,1,0.5327167468839366
0,0,0.49608150698402925
1,0,0.4933814302917469
0,0,0.4143127052686202
0,0,0.07553949241198633
0,0,0.0009005128513961921
1,1,0.9998872882289098
0,1,0.5109927516363495
0,0,0.45591733883623486
1,1,0.5057555170827858
1,1,0.5076258794723396
1,1,0.5255155899624375
1,0,0.45660002352375656
1,1,0.9998677846722279
0,1,0.5299455942071952
1,0,0.45759405689762966
1,1,0.5054497371271585
0,1,0.5076743679281751
0,0,0.1918190708226961
0,1,0.5011334201757275
0,1,0.5245875953402119
1,0,0.45591733883623486
1,0,0.37306670980193185
1,0,0.4971334880395946
1,0,0.49287612112421464
1,1,0.9998152826155885
0,0,0.18211449956777265
0,0,0.49942672204940186
0,1,0.502765777263656
0,0,0.3326268003870682
0,0,0.00012933210535505152
1,1,0.500651500456062
0,1,0.5057555170827858
1,0,0.306795774508861
1,1,0.500651500456062
0,0,0.4425130041599853
0,0,0.4998361020654101
0,1,0.5312600549329619
0,0,0.4900539305879104
0,0,0.49608150698402925
0,0,0.47930629080160925
1,1,0.9998619487186735
0,0,0.4871028010796751
1,0,0.25821677145637467
1,0,0.4631985126275813
1,1,0.5057667528801252
0,0,0.4026986801703361
0,0,0.49041591639451965
0,1,0.5135806810283396
0,1,0.6671240066432691
0,0,0.48499828300239445
0,0,0.49205143468854007
0,0,0.49875121851575566
1,0,0.4896613417951327
0,0,0.4998361020654101
0,0,0.4855030379982238
1,1,0.5076743679281751
0,1,0.5057555170827858
1,0,0.4933814302917469
1,0,0.4998361020654101
1,0,0.28075010075334883
0,0,0.49568829798813635
1,0,0.2190099606929256
0,0,0.37012789831450615
1,1,0.9999339455375158
0,1,0.5061391490652832
0,1,0.5088557800125919
0,0,0.4907347032244565
1,1,0.999815610616918
0,0,0.41006934041762755
0,0,0.4814464615211192
0,0,0.49205143468854007
0,0,0.47975636155564777
1,0,0.4321215835986679
0,0,0.486469105453305
0,0,0.47610008488982886
1,1,0.5088540924344324
0,1,0.502216994528299
0,0,0.490580924207801
1,1,0.5204538342450359
0,1,0.500651500456062
1,1,0.5011471227336249
0,0,0.38466604523741366
0,0,0.4896613417951327
0,1,0.5037678566793601
0,0,0.48701195127603475
1,1,0.9997448420560465
0,0,0.48903757319549285
1,1,0.6115848613975333
1,1,0.5055379882233427
1,0,0.13117132159339426
0,0,0.49138491198666506
0,1,0.500651500456062
0,1,0.5004450448749472
0,1,0.5088540924344324
1,0,0.4631985126275813
1,0,0.4946488469145844
0,1,0.500651500456062
1,0,0.4850756880302531
0,0,0.09079210094621244
0,0,0.48383197726303145
1,1,0.5245875953402119
0,0,0.4860100318180232
1,1,0.99986268446306
1,1,0.5088540924344324
1,1,0.503534072715108
0,1,0.5218204044959358
1,1,0.5076743679281751
1,0,0.4631985126275813
1,1,0.500651500456062
1,0,0.4871028010796751
1,1,0.6671240066432691
0,0,0.4877756808128805
0,1,0.5101707374594792
0,0,0.37438936500323255
0,1,0.5076743679281751
0,0,0.470943743119802
0,0,0.4991671239600787
0,0,0.4957574564073932
1,0,0.4923590586121958
1,1,0.5255155899624375
0,1,0.5023853019372048
1,0,0.3250223558579312
0,0,0.49608150698402925
0,0,0.4860100318180232
1,1,0.9998727623355913
0,0,0.12914644257634053
0,0,0.06520289432675291
1,1,0.5184880778783645
0,1,0.6110187273793516
0,0,0.49608150698402925
0,0,0.4885106476220711
1,0,0.4850262467572198
1,1,0.5159600647703056
0,0,0.0002390957474712302
0,0,0.18571655476662424
1,0,0.47975636155564777
0,0,0.4121437237689658
0,0,0.46910899133109135
1,0,0.48989976792439643
1,0,0.48181691623876266
0,0,0.4372696752029443
1,0,0.48262450263780576
1,0,0.47610008488982886
0,0,0.25217243669754197
0,0,0.3876471824970849
1,1,0.9998879155303683
1,1,0.5138096092673896
0,0,0.4860100318180232
0,0,0.32402887938920094
1,1,0.5160326417932759
0,0,0.43476041804400795
1,1,0.5081201138114664
0,0,0.2505628275659418
0,0,0.4979392204809542
0,1,0.5088540924344324
0,1,0.5004140154404271
0,1,0.5001642265218117
1,0,0.4807793268416952
0,0,0.4912617236679566
1,0,0.4602549547119698
0,0,0.4849730749677902
1,0,0.47758716578455446
0,1,0.5159600647703056
0,0,0.43581862097449536
1,0,0.4912617236679566
0,0,0.02033429315788288
0,0,0.49287612112421464
1,1,0.9942151240636167
1,0,0.4189474530265466
1,0,0.49826983692633176
0,0,0.490580924207801
0,0,0.4944782279112676
0,1,0.5233310761846777
1,1,0.5001642265218117
1,0,0.15195000963944255
1,1,0.5456393370936778
1,0,0.4855030379982238
1,1,0.9997067614258093
0,1,0.5008052678296921
0,0,0.09951924239535516
0,0,0.4726085439584986
0,1,0.5076743679281751
0,0,0.4933814302917469
0,0,0.04904882087082252
0,0,0.48903757319549285
0,0,0.3636266409642544
0,1,0.5197529991716984
0,1,0.5057667528801252
1,1,0.5088540924344324
0,0,0.10501460741162388
1,1,0.5232059552195719
0,1,0.5026983246421847
0,0,0.12776473176658432
0,0,0.4993152916555989
0,1,0.5245875953402119
0,0,0.4896613417951327
0,0,0.4907347032244565
0,0,0.3122625890693542
0,0,0.2802827126254445
0,0,0.2788029942736303
1,0,0.395950137904716
0,0,0.49041591639451965
1,0,0.3213161783325878
0,1,0.5159600647703056
0,0,0.49951561036758535
0,0,0.3778450477388159
1,0,0.4857413665379931
0,0,0.4933814302917469
0,0,0.4741642759344382
0,0,0.4857940284455393
0,0,0.3584602394899114
0,0,0.37467338928175037
1,1,0.5135015168441988
1,1,0.5088540924344324
0,0,0.4907347032244565
1,0,0.37130430150399885
1,0,0.2724733788053046
1,0,0.49041591639451965
0,1,0.5076802946337304
0,1,0.5057555170827858
0,1,0.501305771993202
0,0,0.486469105453305
0,0,0.49041591639451965
1,1,0.9998563062084648
1,1,0.5349390908936325
0,1,0.5054497371271585
0,0,0.41179291039515536
0,0,0.4855030379982238
1,0,0.47995480471244023
1,0,0.4807793268416952
0,0,0.46940127952289834
0,1,0.5155332643591471
0,0,0.4896613417951327
1,0,0.4052995074283482
0,0,0.4855030379982238
1,0,0.4899639379480893
1,1,0.9998560066751065
0,1,0.5054497371271585
0,0,0.4955656789928899
0,0,0.2299624820421943
0,0,0.4696834483398623
0,1,0.5123328805226314
0,0,0.2921312703500821
0,1,0.5740222994002903
0,0,0.4212042920449964
0,0,0.4730745197602058
0,0,0.38733432722496824
0,0,0.20071681044856846
1,0,0.48120409343943293
1,1,0.511206960001663
1,0,0.4885106476220711
0,1,0.5001167719538084
0,0,0.46045046513818394
0,0,0.33826755940346
0,0,0.49033948727285476
0,0,0.4858065064725506
0,1,0.5062448269506209
0,0,0.496508883964663
0,0,0.38841433345329696
1,0,0.44393486752174627
1,0,0.45488423683751017
0,0,0.4907347032244565
0,0,0.3456107385453124
1,1,0.9994498138575644
0,0,0.48590018479928465
0,0,0.48683018475662004
1,1,0.5076743679281751
1,0,0.3597219140371881
0,0,0.4907347032244565
0,1,0.5067966390581996
0,1,0.5159600647703056
0,1,0.5244103670557868
1,0,0.48476437361989816
0,1,0.5370558932094461
0,0,0.008691959038876087
1,0,0.4199325613562248
1,1,0.9994560867182921
0,1,0.5169007468050232
0,0,0.4530156406966831
0,0,0.33681287780403396
1,1,0.9998802150735073
1,1,0.8214333348686043
0,1,0.5088540924344324
0,1,0.5088540924344324
1,1,0.5067867173168109
1,0,0.4854694713487974
1,1,0.5617201356150437
0,0,0.4907347032244565
0,0,0.4858418995193197
0,0,0.4907347032244565
0,0,0.41747512394847014
1,1,0.999905536415449
0,1,0.5156035514689179
1,0,0.3035777064383933
0,0,0.4912617236679566
1,0,0.4919707830896987
1,1,0.6797988659295818
1,1,0.999850963147152
0,1,0.5213904538680342
1,0,0.25584438788756325
0,0,0.46529245979964645
0,0,0.18844604765006195
1,1,0.5037678566793601
0,1,0.5241964626843728
1,1,0.5150819833195287
1,1,0.5007747256321287
1,0,0.452317197131259
0,1,0.5122426637190173
1,1,0.5553217564004458
0,1,0.5716181320988084
1,1,0.9998814248087677
1,0,0.35044159037196726
0,0,0.4907347032244565
1,1,0.9990442500580249
0,0,0.33947379527075533
1,0,0.48476437361989816
1,0,0.3807082375693437
1,1,0.9998578640935979
0,1,0.5006757427143129
1,0,0.486469105453305
0,0,0.49826983692633176
0,1,0.587340572439172
0,0,0.3736581914709757
0,1,0.5235163991133178
0,0,0.4119219777451455
1,0,0.37798468414063296
0,0,0.38644427581512364
0,0,0.4913126523089551
1,0,0.4225799499003163
0,0,0.44847743334145457
0,0,0.32955932557862333
0,0,0.00357944049251376
1,0,0.31701715382502604
1,1,0.5218204044959358
1,0,0.4735233023986093
0,0,0.49942672204940186
1,1,0.503534072715108
0,1,0.511206960001663
0,0,0.4658396596625037
0,0,0.36813093979202105
1,0,0.34949565663381155
0,1,0.6246323580388511
1,0,0.33634973853336375
1,1,0.5072999038527768
1,0,0.4908578868983692
0,0,0.4907347032244565
0,0,0.4885106476220711
0,0,0.47323136896065615
0,1,0.5139152252839136
0,0,0.3793234454374304
1,1,0.5389944436130558
1,0,0.49942672204940186
0,0,0.4855030379982238
0,0,0.38010072312137616
1,1,0.5160326417932759
0,1,0.5579365196204691
0,0,0.4993152916555989
0,1,0.5076743679281751
1,0,0.4855030379982238
1,0,0.4814464615211192
1,0,0.356009784418794
1,1,0.502122378290864
1,1,0.5088540924344324
0,1,0.5057555170827858
1,1,0.5160326417932759
0,1,0.5008052678296921
0,0,0.4971334880395946
1,1,0.5218204044959358
0,0,0.4998361020654101
1,0,0.4998361020654101
1,1,0.5141175904245529
0,0,0.42333351505715217
0,0,0.19641066853323755
1,0,0.4885106476220711
1,0,0.4725124011608007
0,1,0.5057555170827858
1,1,0.5737048590545173
1,1,0.9997873812042662
1,1,0.502216994528299
0,0,0.4896613417951327
0,0,0.4896613417951327
1,1,0.9999373697126583
0,1,0.5156035514689179
0,1,0.5148760137825501
1,1,0.9998403355223647
1,1,0.5067867173168109
0,1,0.5159600647703056
0,0,0.4907347032244565
1,0,0.495810082142245
1,0,0.47764494128176005
0,1,0.5076258794723396
1,1,0.5177576667267123
0,0,0.0011717932086556678
1,0,0.49033948727285476
1,0,0.4645506846826841
0,0,0.49323446438348245
0,0,0.4933814302917469
1,0,0.4913126523089551
0,0,0.09278027327743614
1,1,0.9998472121567578
0,0,0.49217462945467416
0,1,0.500651500456062
1,1,0.5174587936751366
1,1,0.9998689653203384
0,0,0.47935012505125824
1,1,0.511206960001663
0,0,0.4698083630344671
0,0,0.495265968953333
0,0,0.48989976792439643
0,0,0.3127062469905108
1,0,0.495810082142245
0,1,0.500651500456062
0,0,0.47935012505125824
1,1,0.5156035514689179
0,0,0.01916421174174535
0,0,0.48341479118993824
1,0,0.4912617236679566
0,0,0.34633002952121955
0,0,0.36378563054369895
0,0,0.4955656789928899
0,0,0.490580924207801
0,1,0.504303838619032
1,1,0.9999274326820351
0,0,0.4160767271285105
1,1,0.9998420207049815
0,0,0.4855030379982238
0,1,0.5218204044959358
1,0,0.4896613417951327
1,1,0.5218204044959358
1,1,0.508991123862357
0,1,0.5008052678296921
1,0,0.4914951009065387
0,1,0.502122378290864
0,0,0.4998361020654101
0,0,0.0004441227789508387
0,1,0.500651500456062
0,0,0.4992119553781867
0,0,0.468682457128341
1,0,0.47901386986436006
0,0,0.002638825316268034
1,0,0.48683018475662004
0,0,0.4920983074990665
1,0,0.4888357007807898
0,0,0.2783498995034707
1,0,0.4713930658093873
1,1,0.5048221855684755
1,1,0.511293968279973
0,0,0.00201531035463442
1,0,0.4885106476220711
1,0,0.4913126523089551
1,1,0.502122378290864
0,0,0.4631711110067176
0,0,0.3028672911703666
0,0,0.4835657336042879
0,1,0.5327167468839366
0,0,0.29316781301249073
1,0,0.48625731022329105
1,1,0.9998580994090316
0,0,0.3907162827146675
1,1,0.9979010196918565
0,0,0.34852204026514244
1,0,0.4814464615211192
0,0,0.37716109302897105
0,0,0.4426608644222374
0,0,0.44747109455936324
0,0,0.11438686727875462
0,0,0.33889643241897793
0,1,0.5011532225266468
0,0,0.48944841407943684
1,0,0.2547362290378502
1,1,0.9997689250055908
0,0,0.49138491198666506
1,0,0.4909827331199917
0,1,0.5057555170827858
1,1,0.5159600647703056
1,1,0.9999037805481735
1,0,0.042035702235211185
1,1,0.5009284928860076
1,0,0.45488423683751017
1,0,0.4814464615211192
1,1,0.5160326417932759
0,1,0.5122426637190173
0,1,0.5008052678296921
0,1,0.5088540924344324
0,0,0.35725116046395095
0,0,0.3189446536752411
0,0,0.38644427581512364
0,1,0.530399928798551
0,0,0.4907347032244565
0,0,0.35606850791858674
1,0,0.4380499432406078
0,0,0.4857413665379931
0,0,0.4912617236679566
0,0,0.06628596906836534
0,0,0.49942672204940186
1,1,0.5218204044959358
1,1,0.5160326417932759
0,1,0.5088540924344324
1,0,0.366936929583235
0,1,0.511206960001663
0,0,0.305195743625878
0,0,0.4088608951167342
0,1,0.5233625436818281
0,1,0.5265620055024453
1,0,0.4946488469145844
0,1,0.5198565962548757
0,0,0.30207824970138847
1,1,0.5085366031599522
0,0,0.4913126523089551
0,0,0.4781113065171764
0,0,0.24404728066344575
0,1,0.504303838619032
0,0,0.4291748616386994
1,1,0.5218204044959358
0,0,0.0003430173020110705
0,0,0.384333811122439
0,0,0.37882197368871084
0,0,0.368943678563355
0,0,0.4907347032244565
1,1,0.5148760137825501
0,0,0.2761533083002979
1,1,0.9992678295734231
0,0,0.39918121120302336
0,0,0.4885106476220711
0,0,0.38644427581512364
0,0,0.43481537121042213
1,1,0.5057555170827858
1,0,0.3818320349253875
1,1,0.5940059450218306
0,0,0.4860398956019552
0,0,0.4631711110067176
0,1,0.5676597956693489
1,0,0.38229794747926416
0,0,0.48707866741013045
0,1,0.5016825827200134
1,1,0.9998548015321856
0,0,0.486469105453305
1,0,0.49568829798813635
1,1,0.5057555170827858
0,0,0.4075275439769463
1,0,0.4979392204809542
0,0,0.4907347032244565
1,1,0.511293968279973
0,0,0.49205143468854007
1,0,0.4971334880395946
0,0,0.4909827331199917
0,1,0.5055379882233427
0,1,0.5255854281559101
1,0,0.4820529712950648
1,1,0.5344735800237412
0,0,0.2789072410581348
0,1,0.5028481574114908
0,0,0.486469105453305
0,1,0.5991574556782465
0,1,0.5445047685215646
1,1,0.5002156084989241
0,1,0.5160326417932759
1,0,0.4885106476220711
1,0,0.4899639379480893
0,0,0.4503051424500538
0,0,0.23173712324965445
0,0,0.3337091134961244
0,0,0.4998323238837037
1,1,0.9982749282550835
0,0,0.005719284695666752
1,0,0.49041591639451965
1,1,0.9998804080995257
1,1,0.5256431803309848
0,0,0.46645764160949826
1,0,0.3626915214240255
0,0,0.4933814302917469
0,0,0.48903757319549285
0,0,0.3330185139355072
0,0,0.0008460124409603681
1,0,0.43321250083752716
0,0,0.47901386986436006
1,0,0.496815270205062
1,1,0.5004800596271939
0,1,0.5054497371271585
0,0,0.48625731022329105
1,1,0.502216994528299
0,0,0.06305787517075648
1,0,0.4907347032244565
0,0,0.46729195906314863
1,0,0.20215034358775666
1,1,0.9997619771622069
0,0,0.4713930658093873
1,0,0.47639249688170054
1,0,0.49608150698402925
0,1,0.5057555170827858
0,1,0.5843740802233521
0,1,0.5218204044959358
0,0,0.4933814302917469
0,0,0.466822184987504
0,0,0.49568829798813635
1,1,0.9989877942621386
1,0,0.2357041713173291
1,0,0.49875121851575566
0,0,0.26028528964844
1,0,0.48120409343943293
1,1,0.5218204044959358
0,0,0.4946065887391616
0,1,0.53125424714165
0,0,0.4993152916555989
0,0,0.20113991243433457
1,1,0.9997735086878728
1,0,0.4885106476220711
1,0,0.4912617236679566
0,1,0.5057555170827858
1,1,0.5128008147204384
0,0,0.4907347032244565
1,1,0.5017971745472473
1,1,0.511293968279973
1,0,0.4885106476220711
0,1,0.5517275656203573
0,0,0.37903925214662626
0,1,0.504303838619032
1,0,0.349209112403026
0,1,0.5002156084989241
0,0,0.4418164812914655
1,0,0.14943686367954223
0,0,0.495810082142245
0,0,0.36535103783226036
1,0,0.48499828300239445
0,0,0.4779361016623585
0,0,0.4820529712950648
1,0,0.44598778880378565
1,0,0.43295065028445995
1,0,0.44289152399597165
0,0,0.4992119553781867
0,0,0.4653427594930246
0,1,0.502216994528299
0,0,0.23628131312695305
1,1,0.9997339414632915
0,0,0.3323054472219906
1,0,0.4912617236679566
0,0,0.4907347032244565
0,0,0.4972298837007246
0,0,0.49568829798813635
0,1,0.5008052678296921
1,0,0.49033948727285476
1,1,0.50447924899713
0,0,0.499820878434941
1,1,0.5135015168441988
0,1,0.5218204044959358
1,0,0.32226495678394623
1,0,0.4686627360679218
0,1,0.5160326417932759
1,0,0.49041591639451965
1,1,0.5219321540377132
1,1,0.9998857049659018
0,1,0.5057555170827858
0,0,0.48185345875340946
0,1,0.5238341679535461
0,0,0.4971334880395946
1,0,0.4726085439584986
0,1,0.500651500456062
0,0,0.3876471824970849
0,0,0.46562509845813144
1,1,0.7016204917223507
0,0,0.4873145969255669
1,1,0.9998895574966348
0,0,0.48903757319549285
0,0,0.37050767371874055
0,0,0.4896613417951327
0,0,0.29978779361195707
0,0,0.4743173156854393
1,0,0.4998361020654101
0,1,0.515323674469248
0,0,0.3275750782342908
1,1,0.5057555170827858
0,1,0.5948526272805145
0,0,0.4896613417951327
1,0,0.4961194986577269
1,0,0.49033948727285476
1,0,0.4637129237387947
0,0,0.21597938543078865
1,1,0.9996979376483037
1,0,0.47693189415658416
1,1,0.6021858885170442
0,1,0.5159600647703056
0,0,0.484106931283041
1,0,0.4602549547119698
1,0,0.3035743709799377
0,1,0.50447924899713
0,1,0.5370558932094461
0,0,0.18108066845102602
0,1,0.500651500456062
0,0,0.3818320349253875
0,1,0.53125424714165
0,0,0.4912617236679566
1,1,0.515081292151952
1,0,0.43163046690973916
0,1,0.5200437361609095
1,1,0.9998866837594621
0,1,0.5533369988202878
0,0,0.06201866382555418
1,1,0.5004800596271939
0,0,0.3749786872811318
1,1,0.7016522333970133
1,1,0.50447924899713
1,1,0.5057667528801252
0,0,0.4998361020654101
0,1,0.5004800596271939
0,0,0.4705538176117387
0,1,0.504303838619032
1,1,0.5027080262836932
1,1,0.5088540924344324
1,0,0.19764987256707023
1,1,0.9975569004174226
0,0,0.4334556669661934
1,1,0.9998008757345581
0,0,0.4933814302917469
1,0,0.49644432253632953
0,0,0.4907347032244565
1,1,0.999929226496573
1,1,0.9993348071320588
1,1,0.5606736833631268
1,0,0.4631711110067176
1,0,0.1968147700484021
1,0,0.4907347032244565
1,1,0.5200437361609095
0,1,0.5001642265218117
0,0,0.47932192164238185
0,1,0.5057555170827858
0,0,0.48393385839741326
0,1,0.5187905062147175
0,1,0.5085366031599522
1,0,0.4013327863938155
0,0,0.4609369531552061
1,0,0.4222272504121255
0,1,0.5028481574114908
1,0,0.4794282317234194
1,0,0.49942672204940186
0,1,0.5076743679281751
0,0,0.029064697249827146
0,0,0.495265968953333
1,0,0.29271776773145547
0,0,0.4871028010796751
0,1,0.5085366031599522
1,0,0.4860100318180232
1,1,0.9996153576944257
0,1,0.5160326417932759
1,1,0.9975335299263136
1,1,0.5067966390581996
0,0,0.02533237833283431
1,1,0.9984074140675142
0,0,0.4912617236679566
1,0,0.49951561036758535
0,0,0.4580349733985353
1,1,0.5070836571298218
1,0,0.24667254453195175
0,0,0.4885106476220711
0,1,0.5079304318382492
0,1,0.6559081336767498
1,1,0.5470074852974731
0,1,0.500651500456062
0,0,0.49465925643937925
1,0,0.48150343492530273
0,0,0.4602549547119698
0,0,0.00041221462681937445
0,0,0.48707866741013045
1,1,0.5057555170827858
1,1,0.50447924899713
1,1,0.9993575168191001
0,1,0.5477026380639165
1,0,0.490580924207801
0,0,0.4781113065171764
1,0,0.4602148337302144
1,0,0.33594449983623886
1,1,0.5094129797258498
1,1,0.5289975024274309
0,1,0.5064993649072461
0,1,0.5218204044959358
0,0,0.4885106476220711
1,1,0.5002156084989241
1,0,0.4933814302917469
0,0,0.2519584534207865
1,0,0.4885106476220711
1,1,0.9998466801303729
1,1,0.5149336232152606
1,0,0.4558851971858474
1,0,0.399460787776023
0,1,0.5280166624299205
0,1,0.5218204044959358
1,0,0.4996806141250493
0,0,0.490580924207801
1,0,0.4928560554518983
0,1,0.5037678566793601
0,0,0.4907347032244565
0,0,0.48625731022329105
0,0,0.4971334880395946
0,1,0.5016825827200134
0,1,0.5057667528801252
0,0,0.2766486063049642
1,0,0.49608150698402925
0,1,0.5200437361609095
1,1,0.5877041854681773
1,0,0.48910367429791374
1,0,0.24115039683473477
0,0,0.32789656930339683
0,0,0.3878213492303215
0,1,0.5148760137825501
1,1,0.9969943121122727
0,0,0.4933814302917469
1,0,0.352987736112121
0,0,0.14666901076632544
1,0,0.49107214256450515
0,0,0.4268126644884159
0,1,0.5002156084989241
0,1,0.5081201138114664
1,0,0.24106736398628856
1,1,0.508991123862357
0,1,0.5047510794528678
1,0,0.4885106476220711
0,0,0.34236476730229715
0,1,0.5877700447128248
0,1,0.5057667528801252
1,1,0.5001167719538084
1,1,0.999863506599058
0,0,0.3754981742477519
0,0,0.2810790163184376
1,0,0.48181691623876266
0,0,0.4896613417951327
0,1,0.5097591312406136
1,0,0.4896166748196858
1,0,0.4967412875790193
0,0,0.38066314248508676
1,0,0.2740723005604232
0,0,0.48120409343943293
0,0,0.49287612112421464
1,1,0.9996448510409218
1,1,0.5082073528828166
0,1,0.5218204044959358
0,0,0.20379032876134703
1,0,0.369011857678485
1,1,0.9991181649002465
0,1,0.502765777263656
1,0,0.48448776955376593
0,0,0.2375859200317378
0,0,0.4979392204809542
0,0,0.49459921231843273
1,1,0.5253640187645258
1,0,0.4768412069375368
0,0,0.4035263823974797
0,0,0.4892190408807621
1,0,0.48573871947933595
0,1,0.5147224519785338
1,0,0.4860100318180232
1,1,0.5228233066650169
0,0,0.3159001729592403
1,1,0.9999006903744765
1,0,0.49041591639451965
1,1,0.9991106806165662
0,0,0.48120409343943293
1,1,0.5517275656203573
0,0,0.4907347032244565
1,1,0.5160326417932759
1,0,0.4871028010796751
1,1,0.9991448521980024
0,1,0.5675669030743971
0,0,0.41601445998600584
1,1,0.999892725449543
1,0,0.4855030379982238
0,1,0.5150887567807608
1,0,0.470943743119802
1,1,0.9999215343071229
1,1,0.5238341679535461
0,1,0.6114370047753461
0,0,0.3264826515138144
0,0,0.4907347032244565
0,0,0.3723097312927804
0,0,0.49040035157064527
0,0,0.4972298837007246
1,0,0.32415934070862024
0,1,0.5148760137825501
0,0,0.00046854737234979405
1,1,0.9999019219325025
0,0,0.48185345875340946
0,0,0.454161765716314
1,0,0.490580924207801
1,0,0.4907347032244565
0,0,0.19259422099743678
1,1,0.5088540924344324
0,1,0.5049563203448394
0,1,0.515081292151952
1,1,0.9999233734235113
0,1,0.5138096092673896
1,1,0.5529563370414715
0,0,0.4896613417951327
1,1,0.9996816254888689
0,1,0.516726127545186
1,0,0.49608150698402925
0,0,0.4912617236679566
1,1,0.5054497371271585
1,0,0.47639249688170054
1,1,0.9999173688479759
0,0,0.4622478404515574
1,1,0.5198565962548757
0,0,0.27355679425045637
1,1,0.5160326417932759
0,0,0.3805547685200271
0,1,0.5001167719538084
1,0,0.4631711110067176
0,0,0.35047009464376083
1,1,0.5076743679281751
0,0,0.36537300400591954
1,0,0.4885106476220711
0,0,0.3153066632287864
1,0,0.4990328077968011
1,1,0.9999130209216499
0,1,0.5067867173168109
1,0,0.3956637532754527
0,0,0.40797081355899373
1,0,0.4405980817252018
1,0,0.47676349497183984
0,0,0.0007816046190229001
1,1,0.5082073528828166
1,0,0.4900539305879104
1,0,0.4857413665379931
0,0,0.15937721019632026
0,0,0.4674006017334034
1,1,0.5067867173168109
0,0,0.3994725523378706
0,1,0.5206092788197773
0,1,0.5400659368285602
0,1,0.5021492757476445
0,0,0.49205143468854007
1,0,0.4860100318180232
0,0,0.48185345875340946
1,0,0.30312376782880546
0,0,0.49234260890063586
0,0,0.4907347032244565
1,0,0.3688528458193949
1,0,0.495810082142245
0,0,0.48311186877173323
0,1,0.504303838619032
0,1,0.5037678566793601
1,1,0.5113330439328624
1,0,0.468682457128341
0,0,0.48790120539719756
1,0,0.4885106476220711
0,0,0.011966712751023298
1,0,0.24323148774632827
1,1,0.52380476892139
1,0,0.49608150698402925
0,0,0.49608150698402925
0,0,0.2338090684675719
0,0,0.4459427514858849
1,1,0.5197529991716984
1,0,0.49041591639451965
1,0,0.4933814302917469
1,1,0.5148760137825501
0,0,0.3368214940977643
0,1,0.5057555170827858
0,0,0.454161765716314
1,1,0.9996157520030422
0,0,0.37798468414063296
0,0,0.46057368783774394
1,0,0.1346794875860592
1,0,0.4940377775216328
1,0,0.4888357007807898
0,0,0.3977791398602579
1,0,0.486469105453305
0,1,0.5030712495816693
1,0,0.4928560554518983
1,1,0.9995356852571502
1,1,0.5001642265218117
1,1,0.5112992757356464
0,1,0.5802910081852403
1,1,0.5293672389246846
0,0,0.47639249688170054
1,0,0.49608150698402925
1,1,0.502122378290864
0,1,0.5814718592449417
1,0,0.47935012505125824
1,0,0.4820529712950648
0,0,0.4972298837007246
0,0,0.4885043076762099
0,0,0.4631985126275813
1,0,0.48910367429791374
1,0,0.4827319904382518
0,0,0.4992119553781867
1,0,0.495810082142245
0,1,0.5067867173168109
0,1,0.5058462284991216
1,1,0.9999134742125976
0,1,0.5057555170827858
0,0,0.32353637483327335
0,0,0.47901386986436006
1,1,0.502122378290864
1,0,0.4979392204809542
1,1,0.9998674143145988
0,0,0.47796550387432596
0,1,0.5370558932094461
1,0,0.3640825555844927
0,0,0.4527631803645865
1,0,0.42069092131148067
1,1,0.50447924899713
1,1,0.5067867173168109
0,0,0.4912617236679566
0,0,0.3638540677873698
0,1,0.5893695657299328
1,0,0.2538951392558984
0,0,0.2699225100455052
0,0,0.4622478404515574
1,1,0.5001059605314259
1,1,0.5285604383501384
1,0,0.49676956619344614
0,0,0.4807793268416952
0,0,0.3292949649485768
1,0,0.49541332399454235
1,1,0.9989286851822137
1,0,0.4873145969255669
1,0,0.49465925643937925
1,1,0.5054497371271585
0,0,0.3743021919855305
0,1,0.5121688546918489
0,0,0.0021465573517479657
0,0,0.49942672204940186
0,0,0.486469105453305
0,1,0.5054497371271585
1,0,0.4212229389785696
0,0,0.4824928157453984
0,0,0.4820529712950648
0,0,0.49942672204940186
1,1,0.5067867173168109
0,0,0.4993152916555989
1,1,0.9999385975238028
1,1,0.5054497371271585
0,0,0.49527998605729306
0,0,0.4896613417951327
1,1,0.5281259937569919
0,0,0.4872861865853198
0,1,0.500651500456062
1,1,0.5184880778783645
0,0,0.4826812978187197
0,0,0.1613759527757147
0,0,0.48590018479928465
1,1,0.5517275656203573
0,0,0.4946488469145844
1,0,0.46616499162513086
1,0,0.35821964412191665
0,1,0.5057667528801252
0,0,0.43841214424245706
1,1,0.508991123862357
0,1,0.512884948852028
0,0,0.49287612112421464
1,1,0.9998373274192778
0,0,0.4026986801703361
0,0,0.3401252973784905
1,1,0.5206874370637962
0,0,0.48707866741013045
1,0,0.21964799419568035
0,0,0.45996680251063976
1,0,0.44355807297315564
0,1,0.5088540924344324
0,1,0.5622324864722588
1,0,0.49041591639451965
0,0,0.26464163509620797
1,1,0.515081292151952
1,0,0.07104167114824249
1,1,0.9999122149933869
0,0,0.490580924207801
1,1,0.5081201138114664
1,0,0.3175404175638065
0,0,0.48158724101921135
0,1,0.5022456013665378
0,1,0.5253742558928252
1,1,0.9998544609431103
0,0,0.4933814302917469
1,1,0.5017541584999378
1,1,0.500651500456062
0,0,0.4946065887391616
1,0,0.4807793268416952
0,1,0.5184880778783645
0,0,0.4892190408807621
0,0,0.4967412875790193
0,0,0.45478990912536055
1,1,0.5674284713641438
1,1,0.5076743679281751
1,1,0.9998618484177275
0,0,0.28165900828065693
0,0,0.49143584106200516
0,0,0.4893752777989332
1,0,0.495810082142245
0,1,0.5219321540377132
1,1,0.9999208504554421
0,0,0.37126946627536
0,1,0.50447924899713
0,0,0.4992119553781867
0,1,0.5218204044959358
0,0,0.23737379042584292
1,1,0.9982392834797884
0,1,0.5218204044959358
0,0,3.3912101060210523e-05
0,0,0.490580924207801
0,1,0.5085366031599522
1,0,0.49033948727285476
0,1,0.5135015168441988
1,0,0.4794363614727455
0,0,0.4143127052686202
0,1,0.598829846123267
1,1,0.5076802946337304
1,0,0.4912617236679566
0,0,0.48358328789365584
1,1,0.9999214409756254
0,0,0.42088406749243823
1,0,0.4871028010796751
1,1,0.5198565962548757
0,0,0.48585894568688853
1,1,0.9997823378682293
0,0,0.4907347032244565
0,0,0.3979592399729589
0,1,0.5160326417932759
0,1,0.5148760137825501
0,1,0.5016825827200134
1,1,0.999913834730781
0,1,0.5067867173168109
1,1,0.50447924899713
1,1,0.5389944436130558
1,1,0.9999122002984714
1,0,0.22921075933149765
0,0,0.34766620696970624
1,1,0.5240139591432558
0,0,0.4372696752029443
1,0,0.4989794824818026
1,1,0.5299455942071952
0,0,0.4452252925923935
0,0,0.0015143628120072464
0,1,0.5134336157549628
0,1,0.5067867173168109
1,0,0.30425128329609635
1,0,0.3754981742477519
1,1,0.9999436265731034
1,0,0.2867461048885464
1,0,0.490580924207801
1,1,0.5370558932094461
0,1,0.5061391490652832
1,1,0.502216994528299
1,1,0.9999442713874902
0,0,0.4907347032244565
1,1,0.9998393435353446
0,0,0.4928560554518983
1,1,0.508991123862357
1,1,0.515081292151952
0,0,0.44974869556278446
0,0,0.3989665102723534
1,0,0.4999023439888881
1,1,0.5342087632771008
0,1,0.5814718592449417
1,1,0.5644351110971142
1,0,0.4912617236679566
0,0,0.016267413840975204
1,1,0.5327167468839366
0,0,0.27495215920554517
1,0,0.4967412875790193
0,0,0.45687801940476885
1,1,0.5517275656203573
0,0,0.371330799869811
1,1,0.5062192442084122
0,1,0.5037678566793601
1,1,0.9995401873976856
1,1,0.6675894448818465
0,1,0.5017971745472473
1,0,0.49033948727285476
1,1,0.9998703224187703
1,1,0.5085366031599522
1,0,0.45996680251063976
1,0,0.4912617236679566
1,1,0.9997222609376025
0,1,0.500651500456062
1,0,0.2687713359051696
0,0,0.490580924207801
0,0,0.2007552357408938
0,1,0.5499837006681707
0,0,0.49287612112421464
0,1,0.534200497328545
1,0,0.4885106476220711
1,1,0.5070836571298218
0,0,0.4827319904382518
1,0,0.2594325694420382
1,0,0.4996806141250493
0,1,0.500651500456062
0,0,0.4928560554518983
0,1,0.5076743679281751
1,0,0.24242941692659808
0,0,0.43295902532081876
1,0,0.36300924292447023
1,0,0.4913126523089551
0,0,0.06195028708264249
0,0,0.30998624166925115
0,1,0.5001167719538084
1,0,0.20493418144635475
0,1,0.5326104688412485
1,0,0.4998361020654101
1,1,0.9997744466432554
0,0,0.4972298837007246
0,0,0.4885106476220711
1,1,0.9998127109495718
0,0,0.4102866341624175
0,0,0.48707866741013045
1,1,0.9999227483177744
0,0,0.4971334880395946
0,1,0.5024867708442424
0,0,0.47901386986436006
1,0,0.495265968953333
0,0,0.43961182733702947
0,1,0.5017971745472473
1,1,0.9997862664453786
0,0,0.486469105453305
0,1,0.6587506626326217
1,0,0.4971334880395946
1,0,0.4946488469145844
1,1,0.5055379882233427
0,1,0.508560168293949
1,0,0.4871028010796751
0,1,0.5016825827200134
0,0,0.4913126523089551
1,1,0.5169007468050232
0,0,0.007794030901469317
1,0,0.49205143468854007
1,0,0.47143952622126295
0,0,0.3817469835880493
1,1,0.5139152252839136
0,1,0.7110977060943174
0,1,0.5001167719538084
0,1,0.5062448269506209
0,0,0.4912617236679566
1,1,0.5371799738232163
0,0,0.48031584531773747
0,1,0.5253742558928252
1,1,0.9989259301819302
1,1,0.5197479777260555
0,0,0.4651230096787767
1,1,0.999855246631034
1,1,0.5088540924344324
0,1,0.5088557800125919
0,1,0.5251912529179843
1,0,0.48185345875340946
0,1,0.502216994528299
0,0,0.47501263506931485
0,0,0.4860100318180232
1,0,0.4885106476220711
0,0,0.4896613417951327
1,0,0.48625731022329105
0,0,0.3620196971219897
1,1,0.9995321915208427
0,0,0.4899639379480893
0,0,0.2948463050766047
0,0,0.4873145969255669
1,0,0.4900539305879104
1,0,0.4907347032244565
1,1,0.6147812064451318
1,0,0.4726085439584986
0,0,0.4868810138278967
0,0,0.36799854785145486
0,1,0.500651500456062
0,0,0.486469105453305
1,1,0.5062448269506209
1,0,0.48903757319549285
1,1,0.9998223834974181
1,0,0.40185839625729425
1,1,0.50447924899713
0,0,0.49568829798813635
1,1,0.9990784149409727
1,0,0.3974091524228167
1,0,0.47706740647911616
1,0,0.4885106476220711
1,0,0.49942672204940186
0,0,0.4933814302917469
0,0,0.486469105453305
0,0,0.4855030379982238
0,0,0.4896613417951327
1,1,0.5223636345393182
0,0,0.4519673255605882
0,0,0.22346509330580153
1,1,0.9999214281202159
1,1,0.5327167468839366
1,0,0.4351967143413853
1,0,0.4885106476220711
1,0,0.4580349733985353
0,0,0.48616409496590557
0,0,0.3013911563821705
0,0,0.486469105453305
1,1,0.5163845522202968
1,1,0.5500003565987551
1,1,0.50447924899713
0,0,0.4661845660283348
0,0,0.00016081704346094546
1,0,0.4837141396994508
1,0,0.47935012505125824
0,0,0.12961009895915024
1,1,0.5742816194709047
0,0,0.33559282618407976
1,1,0.5138096092673896
1,0,0.3150803844943652
0,0,0.4713930658093873
0,0,0.49205143468854007
1,0,0.41350301447128945
1,0,0.49602928418917924
0,1,0.5057555170827858
1,1,0.5037678566793601
1,0,0.4772927285527221
0,0,0.4583098520455515
1,0,0.4699646820950023
0,0,0.3804271012397991
1,1,0.5008052678296921
1,1,0.5004800596271939
0,1,0.5347619404464123
1,1,0.5076743679281751
1,0,0.4916579768149222
0,0,0.3994622690312164
1,1,0.5116617401616822
0,0,0.324829477011628
1,0,0.4998361020654101
1,0,0.4820529712950648
0,1,0.721489807863241
0,0,0.4933814302917469
1,1,0.515081292151952
1,1,0.5517275656203573
1,1,0.9997457766129951
0,0,0.01100351313387942
1,1,0.9998353089524432
1,1,0.999808164356754
0,0,0.49579228297780126
0,0,0.19684162333516733
0,0,0.460555427483866
1,1,0.9998242117500784
0,0,0.21096532201453994
0,1,0.6495495285881562
1,1,0.515081292151952
1,0,0.4907347032244565
0,0,0.4835429876284037
0,0,0.4631711110067176
0,1,0.5198565962548757
0,0,0.008593969603083857
1,1,0.9999099804641536
1,0,0.49611376299402915
0,0,0.3486178099603385
1,0,0.1504287150787107
0,0,0.40038508226690767
1,0,0.4998361020654101
0,0,0.48701195127603475
0,0,0.49033948727285476
0,0,0.1658275002885665
0,0,0.40151284164272466
1,1,0.515081292151952
0,0,0.29565347401652126
1,1,0.5067867173168109
1,0,0.4725124011608007
1,0,0.44260395395898033
0,0,0.38258494600163157
0,0,0.37221280534122686
1,1,0.5011532225266468
1,1,0.531417063845881
1,0,0.4924425720571427
0,1,0.5027080262836932
0,1,0.5218204044959358
0,0,0.4690331121141626
0,0,0.41179291039515536
0,1,0.5076743679281751
0,0,0.2542934294872593
1,1,0.999175331029697
1,1,0.9999033025904751
0,1,0.5287639420614324
1,0,0.48316023278065307
0,0,0.470943743119802
1,1,0.9999233734235113
1,1,0.504303838619032
0,0,0.4998361020654101
0,1,0.508991123862357
1,0,0.4933814302917469
1,0,0.49033948727285476
1,0,0.48989976792439643
0,1,0.5949759661999054
1,1,0.9999209342957447
1,1,0.5349390908936325
0,0,0.49608150698402925
1,1,0.502122378290864
1,0,0.3266892815362003
0,0,0.4946065887391616
0,1,0.5030712495816693
0,1,0.5522631012317964
0,1,0.5027023197930935
1,1,0.9998940213581003
0,0,0.4946488469145844
0,0,0.4912617236679566
0,0,0.00032685213652628825
0,0,0.4896613417951327
0,0,0.33297060276225443
0,0,0.3113551738078306
0,0,0.44963837666042594
0,0,0.49033948727285476
1,1,0.9997275767282732
0,0,0.058582433585886565
1,0,0.48701195127603475
0,1,0.5008052678296921
0,0,0.3482026959259741
1,1,0.5013263462266597
1,0,0.3628294051741142
0,0,0.23317963151387977
1,0,0.4885106476220711
0,0,0.35493020098249967
1,1,0.5156035514689179
1,0,0.4653427594930246
0,0,0.3321703368994138
1,0,0.48573871947933595
1,0,0.4871028010796751
1,0,0.36807883573395933
0,0,0.4160662511325734
1,0,0.3090826818164181
0,1,0.5138096092673896
1,0,0.4814464615211192
1,0,0.4896613417951327
0,1,0.5028481574114908
0,1,0.5218204044959358
0,1,0.5364243977909667
0,0,0.4900539305879104
0,0,0.40961017863768395
1,1,0.5076743679281751
1,0,0.4535811173346463
0,1,0.5196881717768919
1,1,0.5057555170827858
1,1,0.5184880778783645
0,0,0.4969962443021633
0,0,0.05520275500537649
1,1,0.9999032903405426
0,0,0.38872473623310777
0,1,0.5268675277368899
0,1,0.50447924899713
0,0,0.17002127539619885
0,1,0.5190755266169972
1,0,0.4616265033236536
0,1,0.5192194578049442
0,1,0.5002874519233941
0,1,0.6224835216510124
1,0,0.4998361020654101
0,1,0.5148760137825501
0,0,0.4896613417951327
0,0,0.3329865719805085
0,0,0.36807883573395933
1,1,0.9999112764492618
1,1,0.512884948852028
0,0,0.37108545301856916
0,0,0.48341479118993824
0,0,0.4916579768149222
1,1,0.5054497371271585
1,0,0.4907347032244565
0,1,0.502216994528299
1,1,0.9995290028079187
0,0,0.20307150721286596
0,1,0.500651500456062
0,0,0.49819920442741794
0,0,0.4928560554518983
1,0,0.45996680251063976
1,1,0.5057555170827858
1,1,0.5218204044959358
0,1,0.5679251011719162
1,0,0.021973545039633526
1,1,0.999834759126868
1,0,0.4933814302917469
1,1,0.5198773814204822
0,1,0.5057555170827858
0,1,0.5067867173168109
1,1,0.5141543819376345
0,0,0.4967265630990206
0,1,0.500245272175313
0,1,0.5055357780844859
1,1,0.5016825827200134
0,1,0.5879684815747396
1,0,0.4933814302917469
0,0,0.010110313821813446
1,1,0.500651500456062
1,1,0.5198565962548757
1,0,0.4013327863938155
1,1,0.5085366031599522
0,1,0.50447924899713
1,1,0.9999008645594238
0,1,0.5085366031599522
1,0,0.466953772572762
1,0,0.4900628211572311
0,0,0.39235774192195716
0,1,0.5125687663376634
1,1,0.5011334201757275
0,1,0.5518223346871334
1,1,0.5293672389246846
0,0,0.40020692385621776
1,0,0.48910369060061226
0,0,0.47935012505125824
0,0,0.4860100318180232
0,1,0.5088557800125919
0,0,0.4681491049362532
0,0,0.49568829798813635
0,0,0.4257757866257439
1,0,0.48158724101921135
1,0,0.4912617236679566
0,1,0.5245875953402119
0,1,0.512884948852028
0,1,0.512884948852028
1,1,0.5102497577847547
0,0,0.47410599073206355
1,1,0.9998640100542976
0,0,0.42538911114067474
1,0,0.4979392204809542
0,1,0.5155337064684267
0,0,0.48640093597137035
0,0,0.48910367429791374
1,0,0.299334223701952
1,0,0.43211112899084386
1,0,0.4998361020654101
0,0,0.00015099389833370285
0,0,0.49138491198666506
0,1,0.5011532225266468
0,0,0.4967412875790193
0,0,0.0033091112914633127
1,0,0.42893508424196064
0,0,0.15263122670844717
0,0,0.45795158718763684
1,0,0.49875121851575566
0,1,0.5255155899624375
1,0,0.07651544392768587
1,0,0.3414355970334371
0,1,0.5105737880645947
1,0,0.38033197649113143
0,1,0.5160326417932759
0,0,0.486469105453305
0,0,0.4933814302917469
0,0,0.3584602394899114
0,0,0.1480828880430009
1,1,0.5067966390581996
0,0,0.4991671239600787
1,1,0.9998626212576792
0,0,0.4967412875790193
1,1,0.5081201138114664
1,0,0.49205143468854007
1,1,0.5198565962548757
1,1,0.999813190232357
0,0,0.4570667739892556
0,1,0.5070836571298218
0,0,0.407299457136056
0,0,0.4944782279112676
0,0,0.4928560554518983
0,0,0.4933814302917469
1,0,0.4972245361023221
0,1,0.8142263517806251
1,0,0.4933814302917469
0,0,0.37407699212435797
0,1,0.5327167468839366
1,1,0.9998679405650713
0,1,0.5212000129007186
1,0,0.4027325604368201
1,0,0.3687405970695406
0,0,0.28347597071056
0,0,0.49216839670940166
1,1,0.5298718389670402
1,0,0.47610008488982886
0,0,0.4993152916555989
0,1,0.508560168293949
0,0,0.29853925106535273
1,0,0.4907347032244565
0,1,0.5082073528828166
0,0,0.49568829798813635
1,0,0.18422686848863157
1,1,0.9999146166145289
1,0,0.4909827331199917
1,0,0.4311030212297109
0,1,0.5001642265218117
1,1,0.5088540924344324
0,0,0.486469105453305
1,0,0.49608150698402925
0,1,0.500651500456062
1,0,0.45488423683751017
1,1,0.5084925750745062
0,0,0.35612792934175935
1,0,0.4672831913870725
0,1,0.5241964626843728
1,0,0.48181691623876266
1,1,0.9990129010885117
1,0,0.4928560554518983
0,1,0.5184880778783645
0,0,0.4219854273227871
0,0,0.49826983692633176
1,0,0.46137796287906063
0,0,0.17735914657017604
1,1,0.5160326417932759
1,0,0.32567607418920314
1,0,0.3479015999600993
1,0,0.4807793268416952
1,1,0.5057555170827858
0,0,0.2408021996150641
0,1,0.5004140154404271
1,1,0.9991877694230065
1,0,0.4907347032244565
1,1,0.5683157770339444
0,1,0.5061108308247679
0,0,0.4087944072663364
0,0,0.29968909756937867
1,1,0.5556362845736014
0,0,0.005990852966006585
0,0,0.4444762064973993
1,1,0.9998719524502113
0,1,0.5062448269506209
1,1,0.5218204044959358
0,0,0.4896613417951327
1,1,0.9998482432370213
1,0,0.4907347032244565
0,0,0.41857195989586704
1,0,0.470943743119802
0,1,0.5030408498464597
1,1,0.9998857520797673
0,0,0.3393159225223146
1,1,0.5517275656203573
0,0,0.3294722286542996
0,0,0.48989976792439643
1,0,0.4913126523089551
0,0,0.4865649272009386
1,1,0.9998594963268385
1,0,0.3651497826969202
0,0,0.49608150698402925
1,1,0.9993836684522398
1,1,0.5672433971998365
0,0,0.4451009255768082
1,1,0.5035679218571527
0,1,0.5085366031599522
0,0,0.4814464615211192
0,1,0.5882064352482497
1,1,0.5517275656203573
0,0,0.35596689877234167
0,0,0.4896613417951327
0,0,0.3170257697072063
0,0,0.338530919362872
0,0,0.49041591639451965
1,1,0.515081292151952
0,0,0.23441164992219476
1,1,0.9998940506873627
0,0,0.4907347032244565
0,0,0.4933814302917469
1,1,0.9998731824089263
0,0,0.3465705720661244
0,0,0.44104423282413024
1,1,0.5232059552195719
1,1,0.5062448269506209
0,1,0.508560168293949
1,1,0.5129308755766276
0,0,0.13793489262436576
1,1,0.5517275656203573
0,0,0.4866292485325957
0,1,0.5021932823368191
1,1,0.5144925890098164
1,0,0.23712120419758909
0,0,0.39704334974703404
0,1,0.5048221855684755
1,1,0.512884948852028
0,1,0.5067867173168109
1,0,0.49205143468854007
0,0,0.4923590586121958
0,0,0.4602549547119698
1,1,0.5057555170827858
1,1,0.5057555170827858
0,0,0.4677633493304796
0,1,0.582491446595048
0,1,0.5076743679281751
0,0,0.46912003453251044
0,1,0.507495405917049
1,0,0.46031378277736507
1,1,0.9999188624300182
0,0,0.33753794604722986
0,0,0.470943743119802
1,0,0.4998361020654101
0,0,0.3096102115978035
1,1,0.9998055363521833
1,0,0.4912617236679566
0,1,0.504303838619032
0,0,0.4197027101011671
1,0,0.49287612112421464
0,0,0.46662220964572343
1,0,0.48573871947933595
0,1,0.5004800596271939
0,1,0.5477026380639165
1,0,0.4912617236679566
0,0,0.36128462606804346
0,0,0.18160112161140154
0,0,0.47662347932354227
0,0,0.4860398956019552
1,0,0.31405418487983094
0,0,0.49826983692633176
1,0,0.4859894307931794
1,1,0.50447924899713
1,0,0.49951561036758535
1,0,0.4871028010796751
1,0,0.41948313822833894
0,0,0.4598427392295055
0,0,0.470943743119802
1,1,0.9996865230157871
0,0,0.4907347032244565
0,1,0.5057555170827858
1,0,0.45469374868887946
1,1,0.5325865790732335
1,1,0.999946332408004
1,0,0.4807793268416952
1,1,0.9975952887612067
1,1,0.5158308932685338
1,0,0.37507066058059724
0,1,0.5067867173168109
1,1,0.5245875953402119
0,0,0.4998361020654101
0,0,0.48737046695486624
1,1,0.5877700447128248
1,0,0.33945869171443455
0,0,0.4953645761912011
0,0,0.3265151455312402
1,0,0.4998361020654101
0,0,0.2883668314775087
0,1,0.5517275656203573
0,0,0.00015832630206126478
1,0,0.4972351434120981
1,1,0.508991123862357
0,0,0.3702027828550547
1,1,0.5076743679281751
0,1,0.5061673463911005
1,0,0.34631771448062876
1,0,0.4933814302917469
0,0,0.4068708616318443
0,0,0.33692437181168877
0,0,0.26660599766529647
1,0,0.4005166007406717
0,1,0.7066074145110424
0,1,0.51832504500368
1,1,0.5161691769006654
0,0,0.33130637362436605
0,0,0.34077793398772105
1,0,0.29560186602638916
0,0,0.3974031521189266
1,1,0.9998748215945745
0,0,0.2695681233268372
1,0,0.4907347032244565
1,0,0.45286454591413655
0,1,0.508991123862357
1,0,0.4907347032244565
0,1,0.5245875953402119
0,0,0.4614349702849244
1,0,0.48910369060061226
0,1,0.5218204044959358
0,1,0.502122378290864
0,0,0.4913126523089551
1,0,0.00250558260487937
0,0,0.49465925643937925
0,0,0.45488423683751017
0,1,0.5660358752595189
0,0,0.3702700830466061
0,1,0.5380803560743453
0,1,0.6033542815947492
0,0,0.07499548559254898
0,1,0.528605425455084
0,0,0.4469868859930469
1,0,0.4868810138278967
1,0,0.483878579967525
1,0,0.48903757319549285
1,0,0.4928560554518983
0,0,0.4622478404515574
0,0,0.3718988255142167
1,1,0.5218204044959358
0,0,0.48910369060061226
1,0,0.021971538601119035
0,0,0.4631711110067176
0,1,0.5712233129966542
0,0,0.34377136858689084
1,1,0.505777054879224
0,1,0.511293968279973
0,0,0.31026003997117
1,1,0.5298718389670402
0,1,0.5204538342450359
1,0,0.4967412875790193
0,1,0.511293968279973
0,1,0.5342087632771008
0,0,0.2373054855451626
1,0,0.3860585733641995
0,0,0.3651395479609488
0,0,0.48941237791057035
1,1,0.9998960385010581
0,1,0.5086520778998594
0,0,0.4998361020654101
0,1,0.500651500456062
0,0,0.4860100318180232
1,0,0.4451413249111679
0,1,0.5350507969536137
0,0,0.4835429876284037
0,0,0.37767149125460486
0,0,0.48120409343943293
0,0,0.47857974014181365
1,1,0.5093511995043841
1,0,0.483734490690348
1,0,0.4769139587006113
0,0,0.4912617236679566
0,0,0.4855030379982238
0,0,0.39413775836600834
0,0,0.4871028010796751
0,0,0.4928560554518983
1,0,0.48155560349430254
0,1,0.505777054879224
1,0,0.3724211057253046
0,1,0.5011532225266468
0,0,0.4817024537921271
0,0,0.4694072672791838
1,1,0.998924051236968
1,1,0.9998435244000851
0,0,0.4871028010796751
0,1,0.5001642265218117
0,0,0.4942584108753045
1,1,0.5016825827200134
0,1,0.5255155899624375
1,0,0.49611376299402915
1,0,0.4928560554518983
1,1,0.511293968279973
0,0,0.030612760249508736
0,0,0.47710786928360877
0,0,0.44822956214772125
0,1,0.5076743679281751
1,1,0.9998104439120113
0,1,0.5138096092673896
1,0,0.49819920442741794
0,1,0.5316546109618134
0,1,0.5578631468476508
0,0,0.46057368783774394
1,1,0.5184880778783645
1,1,0.9999318538695635
1,0,0.3680436771921712
0,1,0.500651500456062
1,0,0.47901386986436006
0,0,0.10102206246570108
0,0,0.4160662511325734
1,1,0.5011532225266468
1,1,0.9972962071234673
0,0,0.4907347032244565
1,1,0.5001642265218117
0,1,0.5004140154404271
1,1,0.999879359430152
1,1,0.9998824311105647
0,0,0.4912617236679566
0,0,0.001639416605520239
0,0,0.4060473688156357
1,0,0.48373668523042035
0,0,0.37662497205594736
0,0,0.42136976131405784
0,0,0.12642204345786506
0,0,0.4953645761912011
0,0,0.4807793268416952
0,1,0.511206960001663
1,0,0.4912617236679566
0,0,0.44784783802532935
0,0,0.48155560349430254
1,1,0.9979592239875493
0,0,0.48625731022329105
0,0,0.4933814302917469
1,0,0.49875121851575566
0,1,0.5062448269506209
0,1,0.5001167719538084
0,0,0.3638540677873698
0,1,0.502216994528299
0,1,0.5138096092673896
1,1,0.9998237540997368
1,1,0.9998740319235988
1,1,0.5088540924344324
0,1,0.5153683134940035
1,0,0.4946488469145844
1,1,0.9999159571213101
0,0,0.14441796912708932
0,0,0.37058355874636595
0,0,0.40645721837810694
0,0,0.45660002352375656
1,0,0.4896613417951327
0,1,0.504303838619032
0,0,0.49031752979009097
0,1,0.5218204044959358
0,1,0.5549140799993839
1,0,0.49041591639451965
1,0,0.4896613417951327
1,0,0.4075629075022881
0,0,0.0009699349378398928
0,0,0.4971334880395946
1,0,0.4998361020654101
1,1,0.515081292151952
0,0,0.473181911265867
0,0,0.34759587433146333
0,0,0.4835429876284037
0,1,0.508991123862357
1,1,0.9986070173179632
1,0,0.09512431435826617
1,1,0.50447924899713
1,1,0.50447924899713
0,1,0.5053701862088242
1,1,0.5238341679535461
1,1,0.500651500456062
0,0,0.4998361020654101
0,1,0.5085366031599522
1,1,0.5927083248224972
1,1,0.9999225375603862
0,1,0.5162406105815274
0,0,0.4972298837007246
1,1,0.511206960001663
0,0,0.4896613417951327
0,0,0.36577497097839373
0,1,0.5147224519785338
1,1,0.9998914609570448
0,0,0.4726085439584986
1,1,0.5055379882233427
1,0,0.470732861030967
0,0,0.496508883964663
1,1,0.5234340344677589
1,1,0.9992665270552836
0,1,0.6252304637136523
0,0,0.49819920442741794
0,0,0.3294925850068455
1,1,0.5076743679281751
0,0,0.45660002352375656
1,0,0.2328011474719279
1,1,0.5067867173168109
1,0,0.18668735888097204
1,1,0.5235163991133178
0,1,0.6815980633458463
0,0,0.43481537121042213
1,1,0.5076258794723396
0,0,0.4900539305879104
0,0,0.495265968953333
0,0,0.16272785501005374
0,0,0.4898959424982391
0,0,0.1881826813938943
1,0,0.2708104402860005
0,1,0.5150887567807608
0,1,0.5524021528835928
0,1,0.511206960001663
0,1,0.500651500456062
1,1,0.5180326487602812
0,0,0.4189474530265466
0,1,0.5082073528828166
0,0,0.37594246096066986
0,0,0.4946488469145844
1,0,0.37917753175681645
1,0,0.4885106476220711
1,1,0.5533369988202878
0,1,0.6277199063537304
1,1,0.502216994528299
0,0,0.4475170080115219
0,0,0.1419722389082474
0,0,0.4907347032244565
0,0,0.24811971285033327
1,1,0.5026076216807867
0,0,0.49951561036758535
0,0,0.470502178761118
0,0,0.470943743119802
1,1,0.9997304368312119
0,0,0.3874501014333396
0,1,0.5066801920177788
0,1,0.508560168293949
0,1,0.53125424714165
0,0,0.4050949378918114
1,0,0.47302181782829394
0,0,0.49768411658655387
0,0,0.41658559494804637
1,0,0.4860100318180232
0,0,0.29766738556025296
0,0,0.4782820995173106
1,0,0.3793511054422275
1,0,0.4913126523089551
0,0,0.331846460429965
0,0,0.4923590586121958
0,0,0.4892190408807621
1,1,0.5327167468839366
1,0,0.45996680251063976
1,0,0.2039589660288455
1,1,0.6515217003487241
0,0,0.4967379242676296
1,0,0.4965624289328268
0,0,0.46650812548969284
1,0,0.4967412875790193
1,0,0.495265968953333
0,0,0.3862434562782064
0,1,0.5724086824072111
1,1,0.5255155899624375
1,0,0.4933814302917469
0,1,0.5067966390581996
1,0,0.4967412875790193
0,0,0.4705538176117387
0,0,0.20755273780865788
0,0,0.49608150698402925
0,0,0.3863089207153415
1,1,0.5011532225266468
1,0,0.47639249688170054
0,0,0.4868810138278967
1,0,0.3879812201805664
1,1,0.5067867173168109
0,1,0.5331353275985826
0,1,0.6447484371999309
1,0,0.26679731468375134
0,1,0.820543152068218
1,0,0.45759405689762966
1,0,0.49205143468854007
0,0,0.48585894568688853
1,0,0.4212042920449964
0,1,0.5174587936751366
0,1,0.535767484768919
0,1,0.5109927516363495
0,0,0.495265968953333
1,1,0.9999542849219164
1,1,0.5001642265218117
1,0,0.48478454138764343
1,0,0.4865649272009386
0,0,0.4885106476220711
1,0,0.49742483301305024
1,0,0.4672831913870725
0,1,0.5150819833195287
0,1,0.508560168293949
0,1,0.5057555170827858
1,1,0.5184880778783645
1,1,0.9997788992800571
0,0,0.3609188853887308
1,1,0.9996842634319701
0,0,0.36807883573395933
0,0,0.4814464615211192
1,0,0.48651489581073615
0,0,0.4907347032244565
1,1,0.991747238802749
1,1,0.5184880778783645
1,1,0.9998640100542976
0,0,0.4257170688318597
0,0,0.4912617236679566
0,0,0.0008302724616332548
1,1,0.5218204044959358
1,0,0.10405886044934254
1,1,0.5026352487317978
0,1,0.5332855532939819
1,0,0.496508883964663
1,1,0.5291034671593544
0,0,0.4896613417951327
1,1,0.515081292151952
1,1,0.5067867173168109
0,1,0.5285604383501384
1,1,0.9993606876731279
1,0,0.48625731022329105
1,1,0.5162406105815274
0,1,0.5374968416006233
0,1,0.5004800596271939
0,1,0.5477026380639165
1,0,0.4998361020654101
1,0,0.49465925643937925
1,1,0.5517275656203573
1,0,0.47975636155564777
0,0,0.43295065028445995
1,0,0.2813549178180391
1,0,0.1701657172382751
1,1,0.5940059450218306
1,0,0.495810082142245
0,1,0.5737853228482293
1,0,0.4842893787097104
0,0,0.486469105453305
0,1,0.5751730304204499
0,0,0.47212253054292697
0,0,0.49041591639451965
1,1,0.9998511189324992
0,1,0.5148760137825501
0,1,0.5001642265218117
1,1,0.5002156084989241
1,0,0.4967379242676296
0,0,0.4984488442451453
1,0,0.4769139587006113
1,0,0.49041591639451965
0,1,0.5668497166137326
0,0,0.4912617236679566
1,1,0.9996816901522199
1,0,0.46650812548969284
0,0,0.49205143468854007
0,0,0.37673443950387075
0,0,0.4871028010796751
0,1,0.5015073223047106
0,1,0.5156035514689179
0,0,0.26754540089243645
0,0,0.2426117860487881
1,0,0.4928560554518983
1,0,0.495265968953333
1,1,0.9998881259084352
1,0,0.4820529712950648
1,0,0.48155560349430254
0,1,0.556271423203638
1,1,0.6021858885170442
0,0,0.4861345565281622
0,0,0.3780191510464654
0,0,0.48989976792439643
1,1,0.9997699034562574
1,0,0.037055325917371484
1,1,0.5232059552195719
0,0,0.344717392081235
0,1,0.5159600647703056
1,0,0.4871028010796751
1,0,0.4992119553781867
0,0,0.4946488469145844
1,1,0.504303838619032
0,0,0.44689603120225213
0,1,0.5218204044959358
1,1,0.5067867173168109
1,0,0.4985875480724638
1,1,0.5642717373136771
0,0,0.06620390827891218
0,0,0.490580924207801
0,0,0.48910369060061226
1,0,0.48750270147247166
1,1,0.5001642265218117
1,1,0.5477026380639165
0,1,0.573826977468901
1,0,0.4411319227152029
1,1,0.5327167468839366
0,1,0.5724921847488794
0,0,0.4871028010796751
1,1,0.5138096092673896
0,0,0.34752281463690143
1,0,0.43542606652017196
0,0,0.45671334653424467
0,1,0.505777054879224
1,0,0.49033948727285476
0,1,0.5235163991133178
0,0,0.4113834420378817
1,1,0.5278346304205921
1,0,0.48155560349430254
0,0,0.37170175444035825
0,0,0.4738618843970208
1,1,0.9999005174777258
0,0,0.4896613417951327
1,0,0.4912617236679566
0,0,0.4240655875514987
1,0,0.41138596604408306
0,0,0.47491092698227244
0,0,0.41901322105518607
1,1,0.9998195127505186
1,1,0.9998949951450059
0,1,0.5370558932094461
1,1,0.9999768300530955
0,1,0.5058462284991216
0,0,0.4993152916555989
0,0,0.4913126523089551
0,0,0.41899572013475106
1,0,0.495265968953333
1,1,0.5112992757356464
0,0,0.00175497942074233
1,0,0.4907347032244565
1,1,0.5011532225266468
0,0,0.4885106476220711
1,0,0.4998361020654101
0,1,0.5088540924344324
0,1,0.9150360541957551
0,0,0.48318091008546327
0,1,0.517768615901988
0,1,0.5085366031599522
0,0,0.2940661331540523
1,0,0.49608150698402925
1,0,0.48707866741013045
0,0,0.4907347032244565
0,1,0.5008052678296921
0,0,0.3754981742477519
1,0,0.4907347032244565
0,0,0.034302304319213654
1,0,0.48910367429791374
1,1,0.5547221740928294
0,1,0.500651500456062
0,0,0.4698775929983798
1,1,0.9995053368978921
0,0,0.4946488469145844
1,0,0.3114189429468678
0,0,0.300714484618695
0,1,0.502765777263656
0,0,0.42775228687537376
1,1,0.9997962984637077
1,1,0.5088540924344324
0,0,0.4060473688156357
0,0,0.4933814302917469
1,0,0.4978606893607897
1,0,0.48707866741013045
1,1,0.5121652513060222
1,0,0.4737159687142412
1,1,0.5327167468839366
1,0,0.490580924207801
1,1,0.5017971745472473
1,1,0.5187864100967774
0,0,0.04899609628291898
1,1,0.5877700447128248
1,0,0.47967664775927027
1,1,0.9998954640802292
1,0,0.4496269222507324
0,0,0.3994622690312164
0,0,0.4885106476220711
1,1,0.5057667528801252
1,0,0.48903757319549285
0,0,0.3355400518172832
0,0,0.48476437361989816
0,0,0.4628942908985675
0,0,0.49031752979009097
0,0,0.3970460608267446
0,0,0.0022909260940591866
1,0,0.3022054923742704
1,1,0.5008052678296921
1,1,0.5161691769006654
1,1,0.5001642265218117
0,1,0.5090206942060009
0,1,0.5061391490652832
1,0,0.4993152916555989
1,1,0.9999365733709127
0,0,0.4595452257170302
0,0,0.4933814302917469
0,0,0.4995239234812223
1,0,0.470943743119802
0,0,0.41816028732699473
0,0,0.48737046695486624
0,1,0.512884948852028
1,0,0.4503051424500538
0,1,0.7175247328879527
0,0,0.010136980669436562
0,0,0.3630733871822999
0,0,0.4933814302917469
0,0,0.4933814302917469
1,0,0.4912617236679566
0,0,0.44260395395898033
0,0,0.4898959424982391
0,0,0.4904650894705662
0,0,0.4760070545810982
1,0,0.08466589427738407
0,0,0.0022231215345592356
1,1,0.5542763411883949
1,1,0.7467292795752308
1,0,0.49156055050133696
0,0,0.4844124834280764
0,0,0.4912617236679566
0,0,0.00047381823372263286
0,1,0.5054497371271585
0,1,0.5054497371271585
0,0,0.46529245979964645
1,1,0.9995974369143906
1,0,0.3613653842738359
1,1,0.999513047817901
1,1,0.500651500456062
1,1,0.5672433971998365
0,0,0.407299457136056
0,0,0.49465925643937925
1,1,0.515081292151952
0,1,0.512884948852028
0,1,0.5122426637190173
1,1,0.5218204044959358
0,0,0.47438996032094966
1,0,0.4035918050439766
0,0,0.026128657475522295
0,0,0.12407548451149164
1,1,0.5159600647703056
0,1,0.511293968279973
0,0,0.0009976587309480805
1,1,0.5008052678296921
1,1,0.5265620055024453
0,0,0.21748671126872984
1,1,0.5008052678296921
1,0,0.4060473688156357
1,1,0.5067867173168109
1,0,0.49225604538371254
1,0,0.4896166748196858
1,1,0.999925883966313
0,0,0.46710702332337334
0,1,0.5491663761936258
0,1,0.508991123862357
1,1,0.9999045977509059
0,0,0.48910369060061226
0,1,0.502765777263656
0,1,0.5004450448749472
0,0,0.4873145969255669
1,1,0.9998783616049849
0,0,0.265185438924563
0,1,0.5057667528801252
0,0,0.01015648523783065
1,1,0.9992641787530472
0,0,0.0010062961943794078
0,0,0.4885106476220711
0,0,0.4820529712950648
1,1,0.9988917279101065
1,0,0.4955656789928899
0,0,0.37255032113193265
1,0,0.48158724101921135
0,0,0.48354013010528357
0,1,0.5016825827200134
1,0,0.2381766746744843
1,0,0.4388218684725239
1,0,0.38051661210368226
1,1,0.9998300840195881
0,0,0.23208035648293365
1,0,0.4928560554518983
1,0,0.4955656789928899
0,1,0.5082991748774874
1,0,0.4871999092103508
1,1,0.5012570768930981
1,0,0.4596783506278534
1,0,0.4912617236679566
1,1,0.571043397295605
0,0,0.0005129771512792798
0,0,0.0462126513770565
1,0,0.4860100318180232
0,0,0.4896613417951327
0,1,0.502765777263656
1,1,0.5204239247465995
0,0,0.495810082142245
1,1,0.9998832670902293
0,1,0.5055357780844859
1,1,0.9994255178773358
1,1,0.6872902997243274
1,0,0.29221123588315134
0,0,0.22082743228949578
1,1,0.9991318620855708
1,0,0.46665335899161314
0,1,0.5055423962147644
0,0,0.3718988255142167
0,0,0.00021044521994328686
1,1,0.9998927835264076
0,0,0.4865649272009386
0,1,0.639684870925564
0,1,0.5218204044959358
0,0,0.0674659703828644
0,1,0.5048221855684755
0,0,0.03666319497854832
1,0,0.210055075896033
1,0,0.4860100318180232
1,0,0.47796550387432596
0,0,0.4064683280487109
0,0,0.4294345385877299
1,0,0.4907347032244565
0,0,0.4993152916555989
0,0,0.48000323845155984
0,0,0.48120409343943293
1,0,0.4788958759539117
1,1,0.5644351110971142
0,0,0.4912617236679566
0,0,0.3514846514417742
1,0,0.4907347032244565
0,1,0.5218204044959358
0,1,0.5004450448749472
0,0,0.4907347032244565
0,0,0.4928560554518983
0,0,0.36549973272030867
1,0,0.48625731022329105
0,0,0.3534223784559328
0,0,0.280813768952191
1,1,0.9998987348475368
1,0,0.470943743119802
0,1,0.5085366031599522
0,1,0.5057667528801252
0,0,0.39142429148140107
0,1,0.504303838619032
1,0,0.4933814302917469
1,0,0.4814464615211192
0,0,0.4807793268416952
0,1,0.7071456435310407
1,0,0.3609188853887308
1,0,0.4998361020654101
1,1,0.9999037805481735
1,0,0.18155809627591704
0,0,0.39505524784296703
1,1,0.5057555170827858
0,0,0.2306814826337406
0,0,0.4916579768149222
0,0,0.4184530699739978
0,0,0.4885106476220711
0,0,0.07720101882677997
1,1,0.9998156703785047
0,0,0.49212993121178705
0,1,0.502216994528299
0,0,0.45511972616308644
0,0,0.15189908663871904
1,1,0.500651500456062
0,0,0.4967412875790193
0,0,0.4860100318180232
0,1,0.5057555170827858
1,1,0.5218204044959358
1,1,0.9995971465161821
0,0,0.48989976792439643
1,1,0.9996465255011843
1,1,0.5039480965887461
1,0,0.49033948727285476
0,1,0.5062448269506209
0,0,0.3398219967512946
0,0,0.4907347032244565
1,1,0.9999234487552312
1,0,0.4928560554518983
0,1,0.5807472449202654
0,0,0.4699646820950023
1,0,0.3053858831586195
1,0,0.4912617236679566
1,0,0.4087944072663364
0,0,0.4998361020654101
1,0,0.4321215835986679
0,1,0.5085366031599522
1,0,0.4820481872130937
1,1,0.9998938613753194
0,1,0.514245136911451
1,1,0.9934324501999083
1,1,0.9997909056012889
0,1,0.504303838619032
1,0,0.27342131338487885
1,1,0.5218204044959358
1,0,0.2203274124118311
1,1,0.5689036139253978
1,1,0.5088540924344324
0,0,0.008937039155051693
0,1,0.5370558932094461
0,0,0.4907347032244565
0,0,0.4632578598900885
0,0,0.055530309419912396
0,0,0.47639734610349094
1,0,0.19874104460389552
0,0,0.48707866741013045
0,0,0.37708897104711064
0,1,0.5001195606661627
1,0,0.4362206009241108
0,0,0.4933814302917469
0,0,0.3516973448396523
0,0,0.001186559609570134
1,0,0.4887918962163911
1,1,0.6013576401350771
0,0,0.329037490524614
0,1,0.504303838619032
0,1,0.5517275656203573
0,0,0.4923590586121958
1,0,0.43295065028445995
1,1,0.5035559695899611
1,1,0.9998899809352292
0,0,0.24508666933970452
0,1,0.6063805766941158
0,0,0.1506155906964604
1,0,0.4885106476220711
0,0,0.4998361020654101
1,1,0.5517275656203573
1,0,0.4907347032244565
0,0,0.4857940284455393
1,0,0.49334557719255984
0,0,0.14648367004473625
0,1,0.606118202703278
1,0,0.4865649272009386
0,0,0.49608150698402925
0,0,0.48625731022329105
0,0,0.38314652965263907
1,1,0.5377255546832065
0,0,0.48903757319549285
1,1,0.5517275656203573
0,0,0.49951561036758535
1,0,0.49217462945467416
0,1,0.5393375126194826
1,1,0.5160326417932759
1,1,0.5253742558928252
0,1,0.5076743679281751
0,1,0.6076217281464196
1,0,0.4406688459946069
1,1,0.9998794835668339
0,1,0.5037678566793601
1,0,0.4895329671012819
0,1,0.5148760137825501
1,0,0.486469105453305
0,0,0.40699448022786455
0,0,0.4885106476220711
0,0,0.4726085439584986
0,1,0.5007747256321287
1,1,0.502765777263656
0,0,0.4993152916555989
1,0,0.4907347032244565
0,1,0.5026141692962883
0,0,0.3755029601578119
1,0,0.4827319904382518
1,1,0.5067867173168109
1,1,0.5023402173958532
0,1,0.6115848613975333
1,0,0.3418161759108242
1,0,0.16411890490464512
1,0,0.37228226832103295
0,0,0.3627564474412641
0,1,0.5088540924344324
1,1,0.5032647979534378
1,0,0.4912617236679566
1,1,0.999899927851052
0,1,0.5712233129966542
0,1,0.5076743679281751
0,0,0.06804236045664126
0,1,0.6115848613975333
1,0,0.4137684807868849
1,0,0.3861275551684922
0,0,0.4814464615211192
1,0,0.49205143468854007
1,0,0.2892832374939957
0,0,0.4913126523089551
0,1,0.604078949806493
0,1,0.5101707374594792
1,0,0.3105497390929317
1,0,0.4687032394988687
1,1,0.5055379882233427
0,0,0.49935287105484627
1,0,0.4143773491320614
1,1,0.5085366031599522
0,1,0.5013625786414909
1,1,0.5198565962548757
0,1,0.5899152511497727
0,0,0.49024129707467134
0,0,0.4855030379982238
1,0,0.4896613417951327
0,0,0.34134806454799305
0,1,0.5298718389670402
1,0,0.24861301239007924
0,0,0.31967781553975894
0,1,0.5327167468839366
1,1,0.9995997962512121
0,0,0.4684317278463515
0,1,0.5067867173168109
1,0,0.4873145969255669
1,1,0.5414407913076504
1,0,0.4651230096787767
1,0,0.4396960659895477
0,0,0.4946065887391616
1,1,0.5067867173168109
0,1,0.5147224519785338
0,0,0.49568829798813635
1,1,0.5001167719538084
1,1,0.9998236632127051
0,0,0.4686630055111861
0,1,0.5396428194928851
1,1,0.5081201138114664
1,1,0.999906810905612
0,1,0.5127197350094739
0,0,0.4948434864506215
1,1,0.5007747256321287
0,1,0.5076258794723396
0,0,0.280882013122582
1,1,0.5277301461409416
1,0,0.47639249688170054
0,0,0.4699646820950023
0,0,0.08554374358736001
0,0,0.37920723843409876
0,0,0.48185345875340946
0,0,0.4871028010796751
0,1,0.5062448269506209
1,0,0.39280516010685806
0,0,0.37471503977182224
0,0,0.36807883573395933
1,0,0.48383197726303145
0,0,0.4985074050412294
1,0,0.49287612112421464
0,0,0.4998361020654101
1,1,0.5232059552195719
0,0,0.48158724101921135
0,0,0.25201142541688126
0,0,0.4907347032244565
1,1,0.5117570155183621
0,0,0.41686180233231684
0,1,0.5190351495452742
1,1,0.9987649211404527
0,1,0.5160326417932759
0,0,0.4622478404515574
0,0,0.496815270205062
0,1,0.5477026380639165
1,0,0.49608150698402925
0,1,0.5008052678296921
1,1,0.5232059552195719
0,0,0.49414591846562594
0,0,0.411091057978336
0,0,0.29631972054804623
0,0,0.4512467620269188
0,1,0.5057555170827858
1,1,0.5067867173168109
0,1,0.5057555170827858
1,0,0.41006934041762755
1,0,0.4885106476220711
1,1,0.5128008147204384
0,1,0.5006197416275022
1,1,0.5184880778783645
1,1,0.5067867173168109
0,1,0.5081201138114664
1,0,0.34315221876984603
1,1,0.5054497371271585
1,0,0.34952236617434285
0,0,0.36535103783226036
1,1,0.503534072715108
1,0,0.49527998605729306
1,1,0.5138096092673896
0,0,0.48487433429428234
0,1,0.502765777263656
1,0,0.495810082142245
1,1,0.5100887866426189
0,1,0.5548070002318227
1,1,0.6172299505364923
0,0,0.4913126523089551
0,1,0.5327167468839366
0,1,0.5245875953402119
1,0,0.47313530896675765
1,1,0.9999309689930812
1,1,0.549362406556375
0,0,0.4610841229204776
0,1,0.50447924899713
0,0,0.4060473688156357
0,0,0.0011154414571807316
0,0,0.4900628211572311
1,0,0.3702027828550547
1,0,0.3861275551684922
0,0,0.4631711110067176
0,0,0.4900539305879104
0,1,0.500651500456062
1,1,0.5138096092673896
1,1,0.511293968279973
0,0,0.4196691345458164
0,0,0.3428304589539867
1,1,0.999827342543914
0,1,0.5085366031599522
1,0,0.36331837743569
0,0,0.47857974014181365
1,1,0.9998784438583278
0,1,0.5009284928860076
0,0,0.486469105453305
1,1,0.504303838619032
0,1,0.5174587936751366
0,1,0.5541844147307569
0,0,0.27793474200971485
1,0,0.21468779723222675
0,0,0.48989976792439643
0,1,0.504303838619032
0,0,0.496815270205062
1,1,0.5477026380639165
0,1,0.500651500456062
0,0,0.0025356518429230515
1,1,0.512884948852028
0,1,0.5187905062147175
0,0,0.11743849752732395
1,1,0.5007747256321287
1,0,0.4835429876284037
1,0,0.4907347032244565
1,1,0.53125424714165
0,0,0.32325219763173146
1,0,0.48568070749564735
0,1,0.5009284928860076
0,1,0.5125687663376634
0,1,0.5004800596271939
0,1,0.558205140038113
1,1,0.9997580156941266
1,0,0.3666982990072818
1,0,0.49459921231843273
1,0,0.4907347032244565
0,0,0.4122853549090615
1,0,0.4855030379982238
0,1,0.511206960001663
1,0,0.45083339029377645
1,1,0.5076743679281751
0,1,0.5160326417932759
0,0,0.49608150698402925
1,1,0.5212095561454495
0,0,0.35736892070288506
1,0,0.495810082142245
1,1,0.535767484768919
1,1,0.9998717253131114
0,0,0.4933814302917469
1,0,0.3249457039009869
0,0,0.4710439180807019
1,0,0.4085980236106534
0,0,0.4914872998235129
1,0,0.4853295672373662
0,0,0.49942672204940186
1,1,0.9997487582427026
0,0,0.4608758158031008
1,1,0.5072840869333985
0,0,0.4907347032244565
0,0,0.4717455527773568
1,0,0.37111225998459507
0,0,0.4907347032244565
1,1,0.518820985787442
0,0,0.39049744579093687
1,1,0.9998368805365174
0,1,0.5011532225266468
0,1,0.5327167468839366
0,0,0.3079917862019683
1,1,0.502216994528299
0,0,0.4060473688156357
0,0,0.30329654046209065
0,0,0.4871028010796751
0,0,0.032311271919537386
0,1,0.5062448269506209
0,0,0.407299457136056
0,0,0.46305069988023856
0,0,0.4871028010796751
0,0,0.4896613417951327
1,0,0.4998361020654101
0,0,0.13419098160403267
0,0,0.4405980817252018
0,0,0.24041076568359168
1,1,0.5081201138114664
0,1,0.5067867173168109
1,1,0.5141175904245529
1,0,0.48120409343943293
0,0,0.35672424928690344
0,0,0.31462260884964677
1,1,0.5076258794723396
0,0,0.4855030379982238
0,0,0.0007081959202961535
0,0,0.490580924207801
1,1,0.9998516604951313
0,0,0.47610008488982886
1,0,0.49445825706076313
1,1,0.5355839160525374
0,0,0.4766142092186834
0,1,0.508991123862357
1,1,0.999787475922565
1,0,0.4998361020654101
0,0,0.4900628211572311
1,1,0.5023853019372048
1,1,0.5517275656203573
1,1,0.9999239633467928
0,0,0.010976708522484805
1,1,0.5212000129007186
0,0,0.4871028010796751
0,0,0.4877756808128805
1,1,0.9998607843572548
1,1,0.518703046927564
0,0,0.01371501683787145
0,0,0.2933093198208785
1,1,0.5062448269506209
1,1,0.5101707374594792
1,1,0.5144925890098164
0,1,0.500651500456062
0,1,0.5057555170827858
0,1,0.5349697464748033
1,1,0.5508791944572154
1,1,0.9998824311105647
1,1,0.5101707374594792
1,1,0.5067867173168109
0,1,0.5219321540377132
0,1,0.5393375126194826
0,0,0.48585894568688853
0,0,0.49568829798813635
0,1,0.5085366031599522
1,1,0.5016825827200134
0,0,0.4820529712950648
0,1,0.5057667528801252
0,0,0.45687801940476885
1,1,0.502216994528299
1,1,0.5012705578802124
1,0,0.36854781466610287
0,1,0.5560821264416026
1,1,0.5001167719538084
0,0,0.20577207641520423
1,0,0.4830152904612781
0,1,0.5011532225266468
1,0,0.4928560554518983
1,0,0.39988950712605004
1,1,0.508991123862357
1,0,0.49041591639451965
0,0,0.48707866741013045
1,0,0.4542726327879176
0,1,0.5052035243681222
0,0,0.32500684310568656
0,0,0.4860100318180232
0,0,0.22505589401782555
0,0,0.4993152916555989
0,0,0.36348976767267904
1,1,0.5088557800125919
1,1,0.646679870810218
0,0,0.4807793268416952
0,0,0.44639717300815035
0,0,0.21821202384350674
1,1,0.9999080894727724
0,1,0.5232059552195719
0,1,0.5057555170827858
1,0,0.4933814302917469
0,1,0.5012570768930981
0,0,0.0023888279831570628
1,1,0.5159600647703056
0,0,0.3771634062040608
1,1,0.5737494327053247
0,1,0.6026410201597552
0,1,0.5164854466911502
0,1,0.5001642265218117
0,0,0.25410299508595924
0,0,0.00026742991268316664
1,1,0.5058899615631003
0,0,0.25864791787224023
0,0,0.48941237791057035
0,1,0.5099288135577005
0,1,0.5159600647703056
1,0,0.4769139587006113
1,1,0.5496453131195606
1,1,0.5088557800125919
0,0,0.23819725792490704
1,0,0.4912617236679566
0,0,0.4933814302917469
1,0,0.4830152904612781
0,0,0.4896613417951327
1,1,0.5218204044959358
0,1,0.5241008300710034
1,1,0.5054497371271585
1,0,0.45162498251491445
1,1,0.500651500456062
1,0,0.45660002352375656
1,1,0.9997676141930533
1,0,0.4077540341689613
0,0,0.44560728573334724
0,0,0.06351963661776316
0,0,0.4887918962163911
0,0,0.4260950367220121
0,1,0.5141175904245529
0,1,0.5081201138114664
0,0,0.3376899282650439
1,0,0.4726085439584986
1,1,0.9998200630092507
1,0,0.4865649272009386
1,1,0.5067867173168109
1,1,0.5536817984157381
0,0,0.0004602563435695656
0,0,0.0009151355724965302
1,0,0.021085383908747198
1,0,0.4933814302917469
0,0,0.1277762549869744
1,1,0.9998998884854049
0,0,0.3192668290886083
1,1,0.5160326417932759
1,1,0.9998832217269579
0,0,0.4896613417951327
1,0,0.4933814302917469
0,0,0.4967412875790193
0,0,0.23551782584268294
0,0,0.3942611966494962
0,1,0.52380476892139
0,0,0.4907347032244565
0,0,0.4900539305879104
0,0,0.07052896468934006
0,0,0.4900539305879104
1,1,0.504303838619032
0,0,0.29221123588315134
0,1,0.502765777263656
0,0,0.44941143207287926
1,1,0.515081292151952
1,1,0.5004800596271939
0,1,0.5123328805226314
0,1,0.723066585410777
1,1,0.5016825827200134
1,0,0.4961194986577269
0,0,0.41747512394847014
1,0,0.3754981742477519
0,0,0.4725124011608007
0,0,0.49205143468854007
0,0,0.4855030379982238
0,1,0.5001642265218117
0,0,0.47758716578455446
0,0,0.49541332399454235
0,0,0.031196304812107445
1,0,0.48158724101921135
1,0,0.33073883665679327
1,0,0.4873915114300359
0,0,0.4900539305879104
0,0,0.476759117838906
1,1,0.5028638146756271
0,1,0.5094300506392843
0,1,0.5251912529179843
0,0,0.49768411658655387
1,0,0.4871028010796751
0,0,0.0001205175143391455
0,1,0.5057555170827858
0,1,0.5102208626184002
0,0,0.2789107849587018
0,0,0.43135629275089404
1,1,0.534200497328545
0,0,0.490580924207801
1,0,0.4933814302917469
0,1,0.5001167719538084
0,0,0.4912617236679566
0,0,0.04824679196638187
0,0,0.0003949325929710469
1,0,0.4666995041390288
1,0,0.4900628211572311
1,0,0.49826983692633176
0,1,0.5160326417932759
1,0,0.4855030379982238
0,0,0.47913311473757
0,1,0.5062448269506209
1,1,0.5177576667267123
0,1,0.5160326417932759
0,1,0.5004800596271939
0,0,0.4984347588689215
0,1,0.5238436530457588
0,0,0.4913126523089551
1,1,0.9981062990153327
1,0,0.12045814433999642
0,0,0.36837845159756627
0,0,0.48158724101921135
0,0,0.4967412875790193
1,0,0.33610132451153624
0,1,0.5085366031599522
0,1,0.515081292151952
1,0,0.490580924207801
1,0,0.4992119553781867
1,0,0.48181691623876266
0,1,0.5198565962548757
0,0,0.4992119553781867
1,0,0.3528740598614475
0,0,0.44499212808627214
0,1,0.5362812617245736
1,0,0.48150343492530273
1,0,0.4853295672373662
1,1,0.9995973014677658
1,1,0.998840159964452
0,0,0.006085101914416163
1,0,0.4807793268416952
1,1,0.5057555170827858
0,1,0.5058462284991216
0,0,0.4900539305879104
0,0,0.4909827331199917
0,0,0.4860100318180232
0,1,0.5327167468839366
0,0,0.48053437405764865
1,1,0.5001167719538084
0,0,0.38431301845890925
0,0,0.13383486832862138
1,0,0.45089740478065327
1,1,0.5076258794723396
0,1,0.500651500456062
0,0,0.3632709558365594
0,0,0.473181911265867
0,0,0.31324388664874747
1,0,0.4992119553781867
0,0,0.411681075194371
0,0,0.4933814302917469
0,0,0.34943163016703577
1,0,0.49568829798813635
0,0,0.48845925974350207
0,0,0.3840453917612971
1,0,0.470943743119802
0,0,0.4933814302917469
0,0,0.4912617236679566
1,1,0.9998391730552866
0,0,0.3149042760302303
0,1,0.5057555170827858
1,1,0.5369730298982857
1,0,0.4401179102498743
0,0,0.4631711110067176
0,1,0.5004140154404271
0,1,0.5349390908936325
0,1,0.5285604383501384
0,0,0.4907347032244565
0,0,0.2963475415352808
0,0,0.32486572111523715
0,0,0.4480735162435354
0,0,0.03304372400035131
0,0,0.4602549547119698
0,0,0.08197688920998841
0,0,0.4853295672373662
1,0,0.48750270147247166
1,0,0.39937097726723214
0,0,0.4969811623144682
0,0,0.4972298837007246
1,0,0.4653427594930246
0,0,0.4868810138278967
1,0,0.3695721065180515
1,1,0.5238341679535461
1,1,0.5001642265218117
1,1,0.999228935166077
1,0,0.4907347032244565
0,0,0.49942672204940186
0,0,0.3665783125358797
0,0,0.4933814302917469
1,1,0.5004450448749472
1,0,0.4940377775216328
0,0,0.4164622710329708
0,0,0.4855030379982238
0,1,0.6762571423264242
0,1,0.5062448269506209
1,0,0.4807793268416952
1,1,0.5198565962548757
0,1,0.5085366031599522
0,0,0.4871028010796751
0,0,0.4864191664221196
0,0,0.4807793268416952
0,0,0.0004739435363981085
1,0,0.48903757319549285
0,1,0.534097935506998
1,0,0.4912617236679566
1,0,0.48031584531773747
0,0,0.4933814302917469
0,0,0.4907347032244565
0,0,0.2796470236522379
1,1,0.999950785695067
0,1,0.5027080262836932
1,0,0.47283324428747736
0,0,0.49459921231843273
1,1,0.9996957480114184
1,0,0.42328094970154684
0,0,0.3956615836013123
0,1,0.5076743679281751
1,0,0.46804911399725935
0,0,0.3274860466371345
0,0,0.4946488469145844
1,1,0.5057667528801252
1,1,0.5076743679281751
0,0,0.4149774193036969
1,0,0.4887918962163911
1,1,0.5342087632771008
1,0,0.37242035742455587
0,1,0.6427881207284193
1,0,0.4946488469145844
1,0,0.4996806141250493
0,0,0.04901259423633099
1,1,0.520545880639436
0,0,0.4885106476220711
1,1,0.5312457792411653
1,1,0.9985390365923186
1,1,0.9996792804797375
1,1,0.5160927391327256
0,1,0.5210289739277941
1,1,0.9998969798368518
1,0,0.49515425009356323
0,0,0.473181911265867
0,0,0.4820529712950648
0,0,0.49942672204940186
0,1,0.5259783081081831
0,0,0.48158724101921135
0,0,0.4993152916555989
1,1,0.5645108554035354
0,1,0.5055379882233427
1,1,0.5138096092673896
0,1,0.5023402173958532
1,1,0.5001642265218117
0,0,0.4912617236679566
0,1,0.5121584482614089
0,0,0.46896218943745266
0,1,0.5612314183020267
1,1,0.9998575417557628
1,0,0.486469105453305
0,0,0.48318091008546327
1,0,0.47323791011370503
0,0,0.3838896315962077
0,0,0.0021100556567243715
0,0,0.26305085234402154
0,0,0.49608150698402925
1,0,0.4288677129071573
1,0,0.48750270147247166
1,1,0.9998119192558061
1,1,0.504303838619032
1,0,0.4855030379982238
1,0,0.49942672204940186
1,1,0.5327167468839366
0,0,0.495810082142245
1,1,0.9998094531977121
1,0,0.49205143468854007
1,0,0.4703289562396901
1,0,0.4855030379982238
1,0,0.49608150698402925
0,0,0.3741608084893067
1,1,0.9998679405650713
0,0,0.45577261383284623
1,0,0.4885106476220711
1,1,0.5001642265218117
1,0,0.4913126523089551
0,0,0.49942672204940186
1,0,0.4933814302917469
1,1,0.500651500456062
1,1,0.5255155899624375
0,1,0.5001167719538084
0,0,0.39887648761249667
1,0,0.47610008488982886
1,1,0.9999039148364236
0,1,0.500651500456062
0,0,0.3628459701561881
1,1,0.503534072715108
1,1,0.5076258794723396
0,0,0.46013238266224676
0,0,0.48181691623876266
1,1,0.9992374968441676
0,0,0.4912617236679566
0,0,0.4991671239600787
0,1,0.504303838619032
1,1,0.502216994528299
0,1,0.5872849297890766
1,1,0.9996909851510704
1,1,0.9998837907253106
1,0,0.4912617236679566
0,0,0.24727478172135098
0,0,0.4933814302917469
1,0,0.4817024537921271
1,0,0.4855030379982238
0,1,0.5004800596271939
0,1,0.6539907336446122
1,0,0.4595452257170302
0,1,0.5218204044959358
1,1,0.5008052678296921
0,1,0.5160326417932759
0,1,0.5156035514689179
1,1,0.502765777263656
1,0,0.486469105453305
0,1,0.500651500456062
1,1,0.5011532225266468
1,0,0.495810082142245
0,0,0.4858065064725506
0,0,0.3692234054837667
0,0,0.44560728573334724
0,0,0.48910367429791374
0,0,0.47610008488982886
1,0,0.4913126523089551
1,1,0.9998685790839419
0,0,0.4055135009173556
1,0,0.4992119553781867
0,1,0.5141943163164305
0,1,0.5023853019372048
0,0,0.44460031154557944
0,0,0.3125306292487852
0,0,0.3281139743776472
0,0,0.4860100318180232
0,1,0.5155337064684267
1,0,0.44003757210689526
0,0,0.49568829798813635
1,0,0.490580924207801
0,1,0.5081201138114664
0,1,0.5134336157549628
1,0,0.4933814302917469
0,0,0.4522232057092445
0,1,0.505777054879224
1,0,0.35978012337660054
0,0,0.4122853549090615
1,0,0.4885106476220711
0,0,0.31668638317062753
1,0,0.4907347032244565
0,0,0.45687801940476885
1,0,0.4946488469145844
0,1,0.5089772786806688
1,1,0.504303838619032
0,0,0.39361774245740666
0,0,0.2343657182752322
0,1,0.5057555170827858
1,1,0.5076258794723396
0,0,0.1920501725247602
0,0,0.3628459701561881
0,0,0.41587894098481704
1,0,0.49031752979009097
0,0,0.4184570120278332
0,1,0.5048221855684755
1,1,0.5054497371271585
0,0,0.08452692962928657
0,0,0.4907347032244565
1,0,0.4928560554518983
1,0,0.48573871947933595
0,0,0.4452252925923935
1,1,0.9996252209524034
0,0,0.4896613417951327
1,1,0.515081292151952
1,0,0.4807793268416952
1,0,0.48790120539719756
0,0,0.16648454777793958
0,1,0.5046916730976629
0,0,0.495265968953333
0,1,0.5004140154404271
0,0,0.36853266859602685
0,0,0.486469105453305
1,0,0.49216839670940166
0,0,0.4496269222507324
1,0,0.4913126523089551
1,0,0.4933814302917469
1,1,0.9993085164369169
1,0,0.1733239362583503
1,0,0.4999023439888881
0,0,0.4766142092186834
1,0,0.49465925643937925
0,0,0.4620770463827678
1,1,0.9998758149314391
0,1,0.5023853019372048
1,0,0.4896613417951327
0,0,0.3818395128046481
1,1,0.9982963590408928
0,1,0.550724539465635
1,1,0.5327569587795925
0,0,0.4871028010796751
0,0,0.47269817041079504
0,0,0.4978606893607897
1,1,0.9998222842835973
0,1,0.515081292151952
0,1,0.5342087632771008
1,1,0.5187905062147175
0,0,0.4376195020921383
1,0,0.4896613417951327
1,0,0.3717460096787036
0,0,0.33809091991324675
1,0,0.00027356518780133533
1,1,0.999732063671173
0,0,0.4807793268416952
1,1,0.999454067604892
1,0,0.4985074050412294
0,0,0.43846751384005694
1,0,0.4857413665379931
1,0,0.4953645761912011
1,0,0.39376470237105715
1,1,0.9990831466063137
1,1,0.9988644509310272
1,0,0.31838998245307043
1,1,0.5675669030743971
0,1,0.7144367775484325
0,0,0.4976316482315666
0,0,0.3626915214240255
0,0,0.4781113065171764
1,0,0.4087944072663364
1,0,0.470943743119802
1,0,0.49041591639451965
0,1,0.5004800596271939
1,0,0.4573704833450613
1,0,0.454161765716314
0,0,0.4928560554518983
0,1,0.5198565962548757
1,1,0.5218204044959358
0,0,0.486469105453305
1,0,0.4999023439888881
1,1,0.9997099448649781
0,0,0.4885106476220711
0,0,0.4672831913870725
1,1,0.5366968470413164
0,0,0.410777541181616
0,1,0.5004800596271939
1,1,0.9998866850942119
1,1,0.9998030890310183
0,1,0.5281985967223174
0,1,0.5245875953402119
0,0,0.4380499432406078
0,0,0.4864191664221196
1,1,0.9997432196533997
1,1,0.500651500456062
0,1,0.5057555170827858
1,0,0.4871028010796751
1,1,0.5076743679281751
0,0,0.003317852331735746
0,0,0.3327108089767095
0,0,0.48989976792439643
0,0,0.4092368998344721
0,0,0.4871028010796751
1,0,0.4335880871458138
0,1,0.500651500456062
0,0,0.43961182733702947
1,0,0.4912617236679566
0,1,0.5218204044959358
1,0,0.49041591639451965
1,0,0.09537826127106538
0,0,0.48910367429791374
0,0,0.4933814302917469
1,1,0.5020130130288003
1,0,0.14578128944975555
0,1,0.500651500456062
0,0,0.4912617236679566
1,1,0.5008052678296921
0,0,0.1998340147956122
0,0,0.47796550387432596
1,1,0.9993456092828836
0,0,0.4993152916555989
1,0,0.49041591639451965
0,0,0.4912617236679566
0,1,0.5011532225266468
0,0,0.15468043888999347
1,1,0.5023853019372048
0,0,0.470943743119802
1,1,0.9995188870298958
1,1,0.6480510782783381
0,1,0.5062448269506209
0,0,0.4350571519443065
1,1,0.502765777263656
0,0,0.0011536071897885818
0,1,0.50447924899713
0,0,0.4985074050412294
1,0,0.4906824777254644
1,1,0.9999568587063331
0,0,0.49568829798813635
0,1,0.5076743679281751
0,1,0.626235335710432
0,1,0.5893695657299328
0,1,0.500651500456062
0,0,0.4998361020654101
1,1,0.5148760137825501
0,1,0.5205518782559325
0,0,0.4857940284455393
0,0,0.00034540789765694215
0,1,0.7861709064510889
0,1,0.508560168293949
1,0,0.4405980817252018
0,0,0.49942672204940186
1,0,0.49527998605729306
0,0,0.2678427774922353
1,0,0.4864191664221196
0,1,0.5088540924344324
1,0,0.4896613417951327
1,1,0.5184880778783645
0,1,0.502765777263656
1,0,0.45488423683751017
1,1,0.5241964626843728
0,1,0.50447924899713
1,1,0.999814430651189
1,1,0.5007747256321287
0,0,0.2412790169054808
1,0,0.4913126523089551
1,1,0.5091233500154455
0,1,0.511293968279973
1,1,0.9997013313037054
0,0,0.49205143468854007
0,0,0.49995932748697525
0,0,0.4912617236679566
1,0,0.4087944072663364
0,1,0.5242645769549652
0,0,0.27665939638107634
0,1,0.5026076216807867
0,0,0.3472978997974498
0,0,0.15158140844715476
0,0,0.460555427483866
0,1,0.7435165277285312
0,1,0.5219321540377132
0,0,0.4060473688156357
1,0,0.49414591846562594
1,0,0.3849123658856796
1,0,0.4430999055961635
0,0,0.2502708911680088
0,0,0.35308754420662897
0,0,0.3224591992674788
1,1,0.9999475825030542
1,0,0.475582220364011
1,1,0.5184880778783645
0,0,0.0013740063168959493
0,0,0.4045839604964686
0,0,0.0004954664761360724
0,0,0.4993152916555989
0,0,0.4663218387316135
1,1,0.5054497371271585
1,1,0.999755078744251
0,0,0.48116901933822964
1,1,0.9998948290234793
1,1,0.5016825827200134
0,0,0.4269266703555932
0,0,0.41557450828286296
1,0,0.3632709558365594
1,1,0.5093511995043841
0,0,0.2696667819638718
0,0,0.49611376299402915
0,1,0.5067867173168109
0,0,0.33961863466823033
1,1,0.5076743679281751
0,1,0.614661093914633
0,0,0.49942672204940186
0,0,0.48185345875340946
0,1,0.5057555170827858
0,0,0.27414817407145536
0,1,0.5174587936751366
0,1,0.5017971745472473
0,0,0.49205143468854007
0,0,0.4900628211572311
0,1,0.5683157770339444
0,0,0.3731949574221415
0,1,0.5113330439328624
0,0,0.06065880941899786
0,0,0.48910367429791374
0,0,0.4798280083768989
0,0,0.42979975756436156
1,1,0.5004450448749472
0,1,0.5174441365390968
1,0,0.49608150698402925
1,1,0.9999164100001933
0,1,0.5618784020540524
0,0,0.4615502000641254
0,1,0.5032647979534378
0,0,0.47756341759610815
0,0,0.486469105453305
0,0,0.48341479118993824
0,1,0.5004800596271939
1,1,0.5069482608209925
0,1,0.5125687663376634
0,1,0.50447924899713
1,0,0.4928560554518983
1,0,0.4917582380022783
0,0,0.3691699435251906
1,0,0.4230099281274107
1,0,0.49033948727285476
1,1,0.515081292151952
0,0,0.26159275652517217
0,0,0.4882885586458455
1,1,0.7766991934037786
1,1,0.5200437361609095
0,1,0.5160326417932759
0,0,0.32325219763173146
1,0,0.483734490690348
0,0,0.4842893787097104
0,0,0.4953645761912011
0,1,0.5517275656203573
1,0,0.05916770237466635
0,0,0.36550274281980744
0,1,0.5057555170827858
0,0,0.4794092981823187
0,0,0.430867461444349
0,0,0.1952780687282248
0,0,0.49768411658655387
1,1,0.9999075336658803
0,1,0.50447924899713
0,1,0.5692241160212196
1,1,0.50447924899713
1,1,0.9998090439927237
0,1,0.5517275656203573
1,0,0.4912617236679566
0,1,0.777182539329151
1,1,0.9998926887322734
0,0,0.32618598934947723
0,0,0.49287612112421464
0,0,0.48910367429791374
0,0,0.486469105453305
1,1,0.9998709504459937
0,0,0.49608150698402925
0,0,0.49287612112421464
1,1,0.9995980407408506
0,0,0.2571863933058459
1,0,0.47935012505125824
0,0,0.381111637260711
1,1,0.5582754324460374
1,1,0.9996560229307329
0,0,0.0995134326819399
1,1,0.9998038505522537
0,1,0.5016825827200134
1,0,0.4937194763944984
0,1,0.5138096092673896
0,1,0.5037678566793601
0,1,0.5001167719538084
1,0,0.4998361020654101
0,0,0.35736892070288506
1,0,0.4321215835986679
0,0,0.4933814302917469
1,0,0.4149774193036969
0,0,0.3208415545821772
0,1,0.5067293011822724
1,0,0.4783697920599164
0,1,0.5093511995043841
1,0,0.3270258284119771
0,0,0.4571021611640761
1,1,0.500651500456062
0,0,0.49876533506125076
1,1,0.9997818508867463
1,0,0.490580924207801
1,1,0.5062820410909212
0,0,0.4946488469145844
1,1,0.502216994528299
1,0,0.476759117838906
1,1,0.9999069746134231
0,0,0.35460681219231255
0,0,0.4946065887391616
1,0,0.3153618537319512
0,1,0.5037678566793601
1,1,0.999899927851052
1,0,0.4900539305879104
0,1,0.5088540924344324
0,0,0.4892190408807621
0,1,0.5076743679281751
1,1,0.999913765759924
1,1,0.5122426637190173
1,1,0.9995200764466999
1,1,0.5174441365390968
0,1,0.5017971745472473
0,0,0.33406650984955377
1,1,0.5008052678296921
1,0,0.4913126523089551
0,0,0.470943743119802
0,0,0.4820529712950648
1,1,0.5303738828864623
0,1,0.5082433062431609
0,1,0.5604272697582422
1,1,0.999844649503412
0,0,0.0001938452441125031
1,0,0.4972298837007246
0,1,0.5363703962557618
0,0,0.4896613417951327
0,0,0.49041591639451965
1,1,0.9995898677375131
0,0,0.48903757319549285
1,0,0.4928560554518983
1,1,0.9997783078251495
1,0,0.4955656789928899
1,1,0.9994127425643424
1,1,0.5004494845901586
1,0,0.495810082142245
1,0,0.4907347032244565
0,1,0.5517275656203573
1,0,0.4871028010796751
1,1,0.999891807213993
0,0,0.3793167122472834
0,0,0.4912617236679566
0,0,0.48878185102457583
1,1,0.5061391490652832
0,0,0.40705291141885086
1,1,0.511206960001663
1,1,0.999762050282564
0,0,0.0808665033651834
0,1,0.5061391490652832
1,0,0.4877756808128805
0,0,0.4907347032244565
0,0,0.39354828381677937
0,0,0.44953775210204217
1,1,0.5081201138114664
0,1,0.5228233066650169
0,1,0.5054497371271585
0,0,0.3281139743776472
1,0,0.49041591639451965
1,1,0.9998761841253827
1,1,0.5057555170827858
0,0,0.0823351148881889
1,1,0.999934365237167
0,1,0.5158308932685338
0,1,0.5057667528801252
1,1,0.999679973799389
0,1,0.5232059552195719
0,0,0.07582814833902343
1,0,0.4117560351983331
0,1,0.5165897985349139
0,0,0.06625432033946317
1,0,0.46914637938378984
0,1,0.5730046427538006
1,0,0.4820529712950648
1,1,0.5001642265218117
0,0,0.4602549547119698
1,1,0.511206960001663
0,0,0.4602549547119698
0,0,0.1535037056700368
0,1,0.5223636345393182
0,1,0.5238010767892265
0,0,0.4860100318180232
1,1,0.511206960001663
1,0,0.4913126523089551
0,1,0.5232059552195719
1,0,0.48884152353821253
1,0,0.3879812201805664
0,0,0.4946065887391616
0,0,0.4998361020654101
0,0,0.001281234200475646
0,1,0.5585582212008445
0,0,0.4212042920449964
0,0,0.3140648980831257
1,1,0.9999154037791969
0,1,0.5300114677557582
0,0,0.44219564075043555
0,0,0.48402096570354025
1,0,0.4900539305879104
1,0,0.4653427594930246
1,1,0.5001167719538084
0,0,0.48707866741013045
0,1,0.50447924899713
1,1,0.5057555170827858
0,0,0.4900628211572311
0,1,0.5085366031599522
0,0,0.4287348890446682
0,0,0.4855030379982238
1,0,0.41408614748591455
1,1,0.9998408669082186
0,0,0.4817024537921271
0,1,0.5062448269506209
1,0,0.06301332537324215
1,1,0.532086446046192
1,1,0.504303838619032
0,0,0.43833164607332303
1,0,0.4896613417951327
0,0,0.48185345875340946
1,1,0.503534072715108
1,1,0.9998864748137343
1,1,0.5255155899624375
0,0,0.4871028010796751
0,1,0.5057555170827858
1,0,0.39303581817653815
0,1,0.658569943216192
0,1,0.5160326417932759
0,0,0.3847458438022371
0,1,0.515153573901919
0,1,0.5494705367551227
0,0,0.37673443950387075
0,0,0.4913126523089551
1,1,0.500651500456062
0,0,0.4907347032244565
1,0,0.495265968953333
0,0,0.38203925231240193
1,0,0.4855030379982238
1,0,0.4896613417951327
1,0,0.43539883006881286
0,0,0.44011406554114424
1,0,0.3753538906464041
1,0,0.490580924207801
1,1,0.5011532225266468
0,0,0.38171422841344343
0,0,0.4168697594436949
1,1,0.5081201138114664
0,0,0.48448776955376593
1,0,0.4871028010796751
1,1,0.5366968470413164
0,0,0.49041591639451965
1,0,0.49107214256450515
0,0,0.3703499764946102
0,0,0.08232939490910879
1,1,0.5066544905325715
0,0,0.48989976792439643
1,0,0.34225165934983093
0,0,0.4631711110067176
0,0,0.4887918962163911
0,0,0.45996680251063976
0,0,0.47935012505125824
0,1,0.5122426637190173
1,0,0.4885106476220711
0,1,0.5218511274565469
1,1,0.9998198107161276
1,0,0.4933814302917469
0,0,0.4543842404144623
1,0,0.46903343493063254
1,0,0.4896613417951327
0,0,0.00025554492691841417
1,0,0.4912617236679566
1,0,0.3330185139355072
1,1,0.609436963583079
1,1,0.9999166535337835
0,0,0.002330336674710316
0,0,0.2854272021988871
1,0,0.4896613417951327
0,1,0.5496772443525213
0,1,0.511206960001663
1,1,0.668279478074927
1,0,0.06455978800810838
1,0,0.4909827331199917
0,0,0.035601583437227115
0,0,0.4972298837007246
0,0,0.35426754079082173
0,0,0.4885106476220711
1,0,0.4954935633082414
1,1,0.500651500456062
0,1,0.5200437361609095
1,1,0.9999082076186876
0,0,0.35037440723458124
0,1,0.5218204044959358
0,0,0.44987190762480156
0,1,0.504303838619032
0,0,0.48625731022329105
0,0,0.48318091008546327
0,0,0.4319631769139215
1,0,0.4885106476220711
0,0,0.4060473688156357
1,1,0.500651500456062
1,1,0.9999462893564454
1,1,0.5905158906458473
0,0,0.3778450477388159
1,1,0.7792100548817321
0,0,0.3072798771338413
1,1,0.5001167719538084
0,0,0.37089012267703986
0,0,0.4998361020654101
1,1,0.9976783306248517
1,0,0.4971334880395946
0,0,0.4907347032244565
1,0,0.4942584108753045
0,0,0.49041591639451965
1,0,0.4820529712950648
1,1,0.6435521755625653
1,1,0.5067867173168109
0,1,0.5057667528801252
1,1,0.9996651111128191
0,0,0.13272331900743461
0,1,0.5008052678296921
1,0,0.49216839670940166
0,0,0.2807822064541347
1,1,0.5302037153599943
0,0,0.37916653328578986
0,0,0.4912617236679566
0,1,0.5339964946756101
0,0,0.41565783263111067
0,0,0.4843593911601888
0,0,0.3052965581606306
0,1,0.5055423962147644
0,1,0.5011532225266468
0,0,0.490580924207801
0,0,0.452883419649342
1,1,0.5008052678296921
1,0,0.4998361020654101
0,0,0.0006563107710579741
0,0,0.47610008488982886
1,0,0.4900539305879104
0,0,0.31789195224385447
0,0,0.32923954989257265
1,1,0.5228233066650169
0,0,0.01443448623982162
1,1,0.5278346304205921
0,0,0.2856955550085958
0,0,0.4609369531552061
0,0,0.26843107104994857
0,0,0.48585894568688853
0,1,0.5363703962557618
0,1,0.502216994528299
1,0,0.366760243469304
1,1,0.502765777263656
0,0,0.35591592221799273
0,1,0.5088557800125919
1,0,0.4907347032244565
1,0,0.4382444811802249
1,0,0.4978844819096963
1,1,0.999920582346759
1,1,0.5055379882233427
0,0,0.49287612112421464
1,0,0.4998361020654101
1,0,0.4419759162896725
0,0,0.48185345875340946
0,0,0.39522161375635
0,1,0.507274399703009
0,0,0.37046006590258057
0,0,0.4967412875790193
0,0,0.483734490690348
0,1,0.502216994528299
1,0,0.0348495510064807
1,0,0.4998323238837037
0,0,0.49942672204940186
1,1,0.9998777405535444
1,1,0.9999018529995952
0,0,0.4885106476220711
1,1,0.5054497371271585
0,1,0.5055379882233427
0,0,0.39361774245740666
1,1,0.9996799043315198
0,1,0.500651500456062
1,1,0.5085366031599522
0,1,0.500651500456062
1,1,0.5232059552195719
0,0,0.4978844819096963
0,0,0.4363524944184296
1,0,0.49686510073669465
0,0,0.4097365447091748
0,0,0.39090603090637377
1,1,0.5204538342450359
1,1,0.9998829345403057
1,1,0.9997941167189182
0,0,0.3544295122260571
0,0,0.44747109455936324
0,0,0.39361774245740666
0,0,0.4993152916555989
0,0,0.49608150698402925
0,0,0.4165881258963437
1,0,0.4998361020654101
1,1,0.9998868191901987
1,0,0.4913126523089551
1,1,0.6406391793712836
0,1,0.5015073223047106
0,0,0.4034076198144134
1,1,0.5048221855684755
0,0,0.49287612112421464
0,1,0.5253742558928252
0,0,0.27653604232319995
0,0,0.39116348569950354
0,0,0.20351256680074514
0,1,0.5529522322282666
0,1,0.5004800596271939
0,1,0.5293672389246846
1,0,0.39364882340173185
1,1,0.511206960001663
0,1,0.500651500456062
0,0,0.48120409343943293
1,0,0.4522335768902933
1,1,0.502122378290864
0,1,0.500651500456062
0,0,0.4835657336042879
1,0,0.495810082142245
0,0,0.40543061632479205
0,1,0.5004800596271939
0,1,0.766777932667104
0,0,0.3560427838489933
1,1,0.5076743679281751
1,0,0.26697954730836665
0,0,0.3974866195812536
0,0,0.4928560554518983
1,0,0.409896196321467
0,1,0.5017971745472473
1,1,0.5241964626843728
1,1,0.5367275020725996
1,0,0.4153335962608873
0,1,0.5139152252839136
0,0,0.4887918962163911
1,1,0.508991123862357
1,0,0.4978844819096963
0,0,0.15141996564805144
1,0,0.4896613417951327
0,0,0.47665913479113986
0,0,0.495265968953333
1,1,0.999456656295006
0,0,0.43598526970554585
1,1,0.512884948852028
1,0,0.23935509902947055
1,0,0.4562429840032677
1,0,0.49819920442741794
0,0,0.48476437361989816
0,1,0.5081201138114664
0,0,0.45920001351658063
0,0,0.4121437237689658
1,0,0.47283324428747736
0,1,0.5122426637190173
0,0,0.4647382661544284
0,1,0.685745597507302
1,1,0.5007747256321287
1,1,0.9998957382052267
0,0,0.49041591639451965
1,1,0.5012570768930981
1,1,0.5730112714543737
0,0,0.21440568966076046
0,0,0.3753538906464041
0,0,0.45049847854653413
0,0,0.4907347032244565
1,0,0.4602549547119698
0,0,0.470943743119802
0,0,0.4937730289425932
1,1,0.5088540924344324
1,0,0.4802360913774226
1,0,0.4198873244021946
0,0,0.03657380301609518
1,0,0.4971334880395946
1,1,0.5162406105815274
1,0,0.4807793268416952
1,0,0.49890745812374576
1,1,0.9996958572743592
1,0,0.4405980817252018
1,0,0.3778450477388159
0,0,0.0011695786557536177
0,0,0.4149774193036969
0,0,0.4060473688156357
1,1,0.5076743679281751
1,1,0.5088540924344324
0,0,0.47676349497183984
1,0,0.4912617236679566
1,0,0.40956036306395005
0,0,0.4156458954064313
0,1,0.5577419326107506
1,1,0.5088540924344324
1,1,0.5102851852568917
1,1,0.512884948852028
1,0,0.49794348733861893
1,1,0.5057555170827858
1,1,0.5150887567807608
1,0,0.3679435267467051
0,0,0.05263743608585743
0,0,0.45372955296876505
1,1,0.5076743679281751
1,0,0.4631985126275813
0,1,0.6219355093819816
1,0,0.49041591639451965
1,0,0.3929863799444736
1,1,0.7622231544500128
0,1,0.5138096092673896
0,0,0.08299208051501196
1,1,0.5088540924344324
1,1,0.5028481574114908
0,0,0.26405729905843855
1,1,0.9998814663028308
0,0,0.4602549547119698
0,0,0.4955656789928899
1,0,0.47275672628916177
0,0,0.4003469432375278
1,0,0.4686630055111861
1,0,0.49459921231843273
0,0,0.4907347032244565
1,0,0.4820529712950648
0,1,0.5070836571298218
0,0,0.4940377775216328
0,0,0.3623775498204905
0,0,0.47758716578455446
1,0,0.45996680251063976
1,0,0.4855030379982238
0,1,0.5052155750330206
1,0,0.49138491198666506
1,1,0.5116690618020299
1,0,0.4807793268416952
0,0,0.49608150698402925
1,1,0.9998806652981816
1,0,0.42455446355856835
1,0,0.4405980817252018
1,1,0.9999075318370095
1,0,0.4993152916555989
1,1,0.5006197416275022
1,0,0.4998361020654101
0,1,0.5028481574114908
0,0,0.0024079314113015647
1,0,0.4807793268416952
0,0,0.48941237791057035
1,1,0.5052035243681222
1,1,0.5023977624411032
0,1,0.5076743679281751
1,1,0.50362834983977
0,0,0.1664238423223277
0,0,0.0006127280638099088
0,0,0.4860100318180232
0,1,0.5451674170507613
0,0,0.4928560554518983
0,0,0.3755029601578119
0,0,0.4887918962163911
1,0,0.370291946752007
1,1,0.5928345799642769
1,1,0.5198332570521809
0,0,0.48910367429791374
0,0,0.27061594628609226
0,0,0.24661624301279056
0,0,0.4979392204809542
0,0,0.47438996032094966
0,0,0.4150650326941919
0,0,0.4992119553781867
1,1,0.9997407370893365
0,0,0.41198503501302464
0,0,0.4631711110067176
0,0,0.19722385518859886
0,0,0.4738618843970208
1,1,0.5001167719538084
0,0,0.48790120539719756
0,1,0.5198773814204822
1,0,0.4113501031019494
0,0,0.368117092631142
0,1,0.50447924899713
0,0,0.45800644675161817
1,0,0.31461711588889
1,1,0.9999250947376965
0,0,0.4998361020654101
1,0,0.47864297870133116
0,0,0.3994725523378706
1,1,0.9999334292960858
0,0,0.005049457731832735
0,0,0.34463271120452527
1,1,0.9995794304089267
0,1,0.5008052678296921
0,1,0.5533369988202878
0,1,0.5327167468839366
0,1,0.6317346376768909
1,1,0.5241964626843728
0,1,0.502122378290864
0,1,0.502765777263656
0,0,0.4896613417951327
1,1,0.543787776574599
1,0,0.2169575113562385
1,0,0.4871028010796751
1,0,0.48625731022329105
1,1,0.5265620055024453
1,0,0.4896613417951327
0,0,0.3903873400897194
1,1,0.5041371922366241
1,0,0.4853295672373662
0,0,0.4860100318180232
1,1,0.5370558932094461
1,0,0.4548816879857701
1,0,0.4913126523089551
1,0,0.44219564075043555
0,0,0.05878028734108876
1,0,0.4860100318180232
0,0,0.47901386986436006
0,1,0.5233310761846777
0,0,0.00017698686014931044
1,1,0.9996463151534077
0,0,0.25241811353547033
1,1,0.9998849689963286
1,0,0.490580924207801
1,0,0.48903757319549285
0,0,0.345031194153069
1,0,0.4860100318180232
0,1,0.502216994528299
1,1,0.9999225102151487
0,1,0.5066801920177788
0,0,0.24994698428258433
1,0,0.4912617236679566
0,0,0.4912617236679566
0,0,0.4933814302917469
0,1,0.5278346304205921
1,0,0.4928560554518983
1,1,0.5046439033172764
0,0,0.4807793268416952
0,1,0.5076743679281751
1,0,0.4907347032244565
0,1,0.5248985926333686
1,1,0.9999075634070467
0,1,0.5040538395574718
1,0,0.49568829798813635
1,1,0.9998725222466653
1,0,0.35668976455762075
0,1,0.5057555170827858
0,1,0.5088540924344324
1,0,0.486469105453305
0,0,0.026403861612810973
0,1,0.5184880778783645
1,1,0.554473139444203
1,0,0.4871028010796751
0,0,0.42847383769140096
0,0,0.495810082142245
0,0,0.49287612112421464
1,0,0.4631711110067176
1,0,0.49951561036758535
1,1,0.9997575179489706
0,1,0.5184880778783645
0,0,0.34701249867575973
0,0,0.49515425009356323
0,1,0.5057555170827858
0,0,0.4900539305879104
1,1,0.502216994528299
1,1,0.511293968279973
0,0,0.09356659843961423
0,1,0.5023853019372048
0,1,0.6888527637472733
0,0,0.4885106476220711
0,0,4.423121922508324e-05
0,0,0.008176268636094414
1,1,0.9991486911747827
1,1,0.5160326417932759
1,0,0.4087944072663364
1,1,0.5148760137825501
0,0,0.4684528527290646
1,1,0.9997834293881076
0,0,0.36930127354835324
0,0,0.26555961569497244
0,1,0.5241964626843728
1,0,0.40797081355899373
0,0,0.45511972616308644
0,0,0.37105447100394884
1,0,0.4991876028359306
1,1,0.6038026485293564
0,0,0.4907347032244565
1,0,0.49574855865140693
0,0,0.492993705830988
1,1,0.5531642901353209
1,1,0.9997820217716126
1,1,0.5023853019372048
0,1,0.5182047886721007
0,0,0.4896613417951327
1,1,0.500651500456062
0,0,0.4820529712950648
0,0,0.4896613417951327
0,0,0.4122853549090615
0,0,0.4979392204809542
1,1,0.999884263386336
0,1,0.5113330439328624
0,1,0.5159600647703056
1,1,0.5001167719538084
1,1,0.9998263147100408
0,0,0.15192599390156045
0,0,0.483734490690348
0,1,0.5017971745472473
0,1,0.5001642265218117
1,1,0.5154895156459275
1,0,0.4873145969255669
1,1,0.9941717930448568
1,0,0.3874184392470794
1,1,0.6045706684112089
0,0,0.4913126523089551
1,1,0.5526338158332551
1,0,0.3607073372954215
0,1,0.5135015168441988
0,0,0.4990022763278688
1,0,0.49951561036758535
0,0,0.46013238266224676
1,0,0.4602549547119698
0,1,0.6160255497243359
0,0,0.4871028010796751
1,1,0.5057555170827858
0,0,0.30829539976222936
1,0,0.48625731022329105
1,0,0.4766142092186834
0,0,0.2355947395155643
0,0,0.0005264166058728283
1,1,0.5041868056645645
1,1,0.500245272175313
0,0,0.49205143468854007
0,1,0.5218204044959358
0,0,0.4946488469145844
1,1,0.9994244950227603
0,0,0.46480299130505953
0,0,0.49951561036758535
0,1,0.504303838619032
0,0,0.496508883964663
1,1,0.5101707374594792
0,0,0.4243269162270355
0,0,0.4885106476220711
0,0,0.4912617236679566
0,0,8.035156421350024e-05
0,0,0.3225268214008566
1,0,0.36438563686161185
0,0,0.4808801538540077
1,0,0.48158724101921135
1,0,0.061529044234742855
0,1,0.5218204044959358
0,1,0.5088540924344324
1,1,0.5001642265218117
0,1,0.5113330439328624
0,0,0.48185345875340946
0,0,0.4907347032244565
0,0,0.48903757319549285
1,0,0.47844648789271393
0,0,0.27474257312012396
1,0,0.42180829921375984
0,0,0.3651733333048742
1,0,0.4896613417951327
1,1,0.5062448269506209
1,1,0.5943903661194545
0,0,0.43295065028445995
0,0,0.4817024537921271
0,1,0.5148760137825501
0,0,0.4860100318180232
1,1,0.9998918865715211
1,0,0.42760674964845014
1,0,0.4871028010796751
0,0,0.48499828300239445
1,1,0.5057555170827858
1,0,0.3836880074354499
0,0,0.46003539334545146
0,0,0.0005624325529616846
1,1,0.9994526166261629
1,1,0.512884948852028
1,1,0.5076743679281751
1,1,0.5159049094912568
0,0,0.4998361020654101
0,1,0.5903710013477306
0,0,0.010418727763066054
0,1,0.5174441365390968
1,1,0.9994818402214319
1,0,0.4928560554518983
0,0,0.0001841160369484686
0,0,0.4907347032244565
1,0,0.4915317675983414
0,0,0.4417827822302438
0,1,0.5944549498780316
1,1,0.5017971745472473
0,1,0.5058462284991216
0,1,0.5057667528801252
0,0,0.49205143468854007
1,0,0.4912617236679566
1,0,0.4993842582925535
1,0,0.4060473688156357
0,1,0.504303838619032
0,0,0.407299457136056
1,1,0.9998924506855422
1,0,0.2945195232033285
0,0,0.4912617236679566
0,1,0.5088540924344324
1,0,0.3198442994359082
0,1,0.5072840869333985
1,1,0.5245875953402119
0,0,0.3829376564655275
1,1,0.7036046279117804
0,0,0.17251355187708103
1,0,0.4907347032244565
1,0,0.36485053200107015
1,0,0.45511972616308644
1,0,0.4967265630990206
1,1,0.9999059486583346
0,0,0.45996680251063976
0,0,0.4321215835986679
0,1,0.5011532225266468
0,0,0.004972371733161289
0,0,0.38279574315934173
0,0,0.4173021335388997
0,0,0.49942672204940186
0,0,0.4900628211572311
1,0,0.490580924207801
0,1,0.5160326417932759
1,0,0.430998388612768
0,1,0.5101707374594792
1,0,0.4912617236679566
0,0,0.4912617236679566
0,1,0.5057667528801252
0,0,0.41565783263111067
1,1,0.6097719985521309
0,0,0.37810504943050616
1,1,0.508560168293949
1,0,0.486469105453305
0,1,0.5123328805226314
0,1,0.500651500456062
0,1,0.5057555170827858
0,0,0.486469105453305
1,0,0.4615599743666434
1,1,0.5184880778783645
0,0,0.2602951385994528
0,0,0.000972144554774809
0,0,0.4769541139526832
0,0,0.49875121851575566
0,0,0.015180759598341876
0,0,0.35503335683258663
1,0,0.4871028010796751
1,1,0.9998126240165475
1,0,0.4321215835986679
0,0,0.4896613417951327
0,0,0.3470253367182083
0,0,0.38455760728078525
0,0,4.756944265375645e-05
0,1,0.5112992757356464
1,1,0.9994754559084594
0,1,0.5061673463911005
1,0,0.4873145969255669
0,1,0.5093159257693742
0,1,0.5072840869333985
0,0,0.49527998605729306
1,1,0.50447924899713
0,1,0.5007747256321287
1,0,0.2098648269231783
1,0,0.40654456922315874
0,1,0.5004800596271939
0,0,0.4998361020654101
0,0,0.4274957973147437
1,1,0.9991088890342654
1,1,0.5160326417932759
0,1,0.5001642265218117
1,1,0.9999509490602857
1,0,0.49951561036758535
0,0,0.4907347032244565
1,1,0.9997694622140255
0,1,0.5085366031599522
0,0,0.48573871947933595
0,0,0.49287612112421464
1,0,0.4885106476220711
0,1,0.5001642265218117
0,0,0.4432861892337789
1,1,0.5263446338305604
1,1,0.5057555170827858
1,0,0.48790120539719756
0,0,0.0007755580481198665
1,0,0.4853295672373662
0,0,0.4871028010796751
1,1,0.5048221855684755
0,0,0.490580924207801
0,0,0.4885106476220711
1,0,0.3442357663154973
0,0,0.1931217674974422
1,1,0.9994164500486904
0,0,0.49954078978307254
0,0,4.3940734417530896e-05
0,0,0.3626915214240255
0,0,0.3959958889539681
1,1,0.5327167468839366
0,0,0.4900539305879104
0,1,0.5023402173958532
0,1,0.5370558932094461
1,0,0.40834089958673575
1,1,0.511293968279973
1,0,0.3685932915014113
1,0,0.4243269162270355
0,0,0.4281977071972517
1,1,0.5076743679281751
0,0,0.4998361020654101
1,0,0.4998361020654101
0,1,0.5125687663376634
0,1,0.5008052678296921
1,0,0.4321215835986679
1,0,0.47975636155564777
0,0,0.490580924207801
0,1,0.5150887567807608
1,0,0.37058355874636595
1,0,0.47226920300183217
0,0,0.48318091008546327
0,0,0.37992933486405817
1,1,0.5011532225266468
0,1,0.5325865790732335
1,1,0.9998726650804156
0,0,0.0003237346808014517
0,1,0.5062448269506209
1,1,0.9994040106869982
1,1,0.9997801786507124
0,1,0.50447924899713
0,0,0.4501920831659195
1,1,0.999814043386296
0,0,0.494496616310427
0,0,0.46917710900744364
1,1,0.5047058633573509
1,0,0.4686627360679218
1,0,0.4955656789928899
1,0,0.47901386986436006
0,0,0.30688247405609237
1,1,0.9998542115401658
0,0,0.407299457136056
0,1,0.500651500456062
0,0,0.34841333672659425
0,1,0.5198565962548757
0,0,0.427249880937769
1,0,0.31579714521626656
0,1,0.5255155899624375
0,1,0.5076258794723396
1,1,0.999891138452389
1,1,0.5088540924344324
1,1,0.504303838619032
1,1,0.5245875953402119
1,1,0.5076258794723396
1,1,0.9998845377158606
1,1,0.500651500456062
0,0,0.4308306882851861
0,0,0.2180097665713331
1,1,0.9996870339907268
0,0,0.37662497205594736
0,1,0.5076802946337304
1,0,0.4832058434236249
0,1,0.505777054879224
0,0,0.4895329671012819
0,0,0.42099764865205896
0,1,0.5072840869333985
1,1,0.5067867173168109
1,0,0.4376880495628543
1,1,0.5102082495612129
0,0,0.3493007812051921
1,1,0.6211809865071769
0,1,0.724846750874715
1,0,0.4896613417951327
0,0,0.4907347032244565
0,0,0.4548816879857701
1,1,0.5061391490652832
0,1,0.5096382591639386
0,1,0.5004997854787552
1,0,0.49287612112421464
1,0,0.47156265333193986
0,0,0.4684317278463515
1,0,0.4998361020654101
0,0,0.23230879445310954
0,0,0.490580924207801
0,1,0.5099136502840033
1,0,0.09976933420737004
1,1,0.9999218152797741
1,0,0.4993158005371835
0,1,0.5076743679281751
0,0,0.43295065028445995
1,0,0.3153066632287864
0,0,0.06279520158173843
0,0,0.46057368783774394
1,1,0.5042440490014455
1,1,0.5067867173168109
1,0,0.4577267269139778
0,0,0.4595452257170302
0,0,0.050853206378278386
0,1,0.5011532225266468
1,1,0.5517275656203573
1,1,0.9998308838047513
1,0,0.4998361020654101
0,0,0.4113834420378817
1,1,0.508560168293949
0,0,0.4907347032244565
1,0,0.49041591639451965
1,0,0.42333351505715217
0,0,0.4933814302917469
0,1,0.5331353275985826
0,0,0.49527998605729306
0,0,0.4892591427344698
0,0,0.48625731022329105
0,0,0.490580924207801
1,0,0.349572906759134
0,0,0.4912617236679566
1,0,0.39636687900203543
0,1,0.5747448752749607
0,0,0.4979392204809542
0,0,0.1512781490439202
1,0,0.495265968953333
0,0,0.48625731022329105
0,0,0.49041591639451965
1,0,0.4871028010796751
1,0,0.33209437260427854
0,0,0.4033655286269454
1,0,0.3793511054422275
1,1,0.5262197450405391
1,0,0.47137280866446113
1,0,0.49287612112421464
0,0,0.3534882479851301
0,1,0.5517275656203573
1,0,0.4820532853313895
1,0,0.4835429876284037
1,0,0.495265968953333
0,0,0.35047009464376083
0,0,0.45591733883623486
0,0,0.4877756808128805
1,1,0.9998453148046611
1,0,0.49608150698402925
0,1,0.5057555170827858
0,1,0.5002874519233941
0,1,0.5207547994297944
0,1,0.7228953102743029
0,0,0.49041591639451965
1,0,0.4998361020654101
1,0,0.4579101200713444
1,0,0.4222552339007497
0,0,0.299149239892882
0,0,0.47313530896675765
1,0,0.08293024359319498
0,0,0.4634230871282917
0,0,0.2704346417216007
0,0,0.49942672204940186
0,0,0.486469105453305
0,0,0.4961194986577269
1,0,0.495265968953333
0,1,0.5067966390581996
1,0,0.4631985126275813
1,1,0.5001167719538084
0,0,0.4807793268416952
0,1,0.5198565962548757
0,0,0.47610008488982886
0,0,0.4121437237689658
0,1,0.5327167468839366
1,1,0.9999163852177525
1,0,0.4622478404515574
0,0,0.0013404405562350515
1,0,0.49892457765340825
0,0,0.49985538210194014
1,0,0.39116348569950354
0,0,0.4907347032244565
0,0,0.4645896001042096
0,0,0.48707866741013045
0,1,0.5008052678296921
0,0,0.39526173710997276
0,0,0.4621545305650988
1,0,0.4896613417951327
1,0,0.24142811721448304
1,0,0.4998361020654101
0,1,0.5218204044959358
1,1,0.5156035514689179
1,0,0.4842893787097104
0,0,0.490580924207801
0,0,0.47842784673445893
0,0,0.4548816879857701
1,1,0.5017971745472473
0,0,0.4996806141250493
0,1,0.5299455942071952
0,0,0.4907347032244565
0,0,0.37915948489392187
1,0,0.4126388765139396
1,1,0.9998656641329062
0,0,0.20978196805226906
0,0,0.36485053200107015
1,0,0.4885106476220711
1,1,0.9998122802346355
1,0,0.4896613417951327
1,0,0.49942672204940186
1,0,0.4328314401346664
0,0,0.3237262723815441
1,1,0.9998832191576484
0,1,0.5004800596271939
0,0,0.3762616478980147
0,0,0.44219564075043555
0,0,0.4933814302917469
1,0,0.4993152916555989
0,0,0.4871028010796751
1,1,0.5760380804414489
0,1,0.5141175904245529
0,0,0.4999023439888881
0,0,0.4871028010796751
0,0,0.3686076988599727
0,0,0.47255114436230383
0,0,0.41759336341150577
1,1,0.5327167468839366
0,0,0.495265968953333
1,1,0.5868975963081303
1,0,0.4883884446858206
1,1,0.5076743679281751
0,0,0.4885106476220711
1,1,0.5704538208411867
0,0,0.49041591639451965
1,1,0.9998789892813862
0,0,0.0003186728413376219
0,0,0.3702027828550547
0,0,0.486469105453305
0,1,0.5083704291030421
1,0,0.4873145969255669
1,0,0.43942340234983707
0,0,0.49942672204940186
0,1,0.5004800596271939
0,0,0.23645259842043384
0,1,0.5184880778783645
0,1,0.5160326417932759
0,0,0.2564418525549347
0,0,0.4405980817252018
1,1,0.5200437361609095
0,1,0.5088540924344324
0,0,0.49608150698402925
0,0,0.4907347032244565
1,0,0.4896613417951327
1,1,0.5112992757356464
0,0,0.4991671239600787
1,0,0.431814448129595
1,0,0.4212042920449964
0,0,0.4885676437368132
1,0,0.4885106476220711
0,1,0.5062448269506209
1,1,0.5088540924344324
1,1,0.9989797035827513
1,0,0.2584660128817453
0,0,0.4602549547119698
0,1,0.5057555170827858
0,0,0.34267523612829126
0,0,0.4946488469145844
0,0,0.39758822684199513
0,0,0.48383197726303145
0,1,0.50447924899713
1,0,0.22985544347436468
0,0,0.2720840032373689
1,1,0.5327167468839366
1,0,0.4907347032244565
0,1,0.5067867173168109
0,1,0.5015073223047106
1,1,0.9999289006742229
1,0,0.49465925643937925
1,1,0.643915903158695
0,0,0.35876134941663607
0,0,0.053745042933245626
1,1,0.535767484768919
0,0,0.00012920607757062826
0,1,0.5088540924344324
0,0,0.05708250915963047
1,0,0.4060473688156357
0,0,0.48316023278065307
1,1,0.99991278057439
0,0,0.16566196525255358
1,1,0.9999355236916629
1,0,0.4885106476220711
0,1,0.6532649912238919
0,1,0.5008052678296921
1,0,0.4967412875790193
1,0,0.47930629080160925
1,0,0.4807793268416952
1,1,0.515323674469248
0,1,0.5664760547776106
1,0,0.39677774201974997
0,1,0.508560168293949
1,0,0.335612062340212
1,1,0.6198026756326849
0,0,0.4857413665379931
0,0,0.42745693469913976
0,0,0.4811700531343993
1,0,0.19392407251467633
0,1,0.5081201138114664
0,1,0.5453444331926935
1,0,0.48185345875340946
1,1,0.999919328968883
0,0,0.23954261093482687
0,0,0.4933814302917469
0,0,0.470943743119802
0,0,0.31967416246165886
0,1,0.5377397960637702
1,1,0.5048221855684755
0,0,0.4603817065082902
0,0,0.31695034812972767
1,1,0.5138096092673896
0,0,0.4967412875790193
1,0,0.4912617236679566
1,1,0.9995660914130423
0,0,0.36854781466610287
1,0,0.35672424928690344
1,0,0.48989976792439643
0,0,0.4896613417951327
0,1,0.5158308932685338
0,0,0.49041591639451965
0,0,0.4855030379982238
1,1,0.5160326417932759
0,1,0.5016825827200134
1,1,0.5327167468839366
0,0,0.3837321337057045
0,1,0.5060286624090866
0,0,0.49033948727285476
0,0,0.48625731022329105
1,1,0.5268675277368899
0,0,0.2563315210135496
1,0,0.36807883573395933
0,1,0.5067867173168109
1,1,0.5054497371271585
1,0,0.4933814302917469
1,0,0.4817024537921271
1,1,0.5155337064684267
0,0,0.4860100318180232
0,0,0.4946065887391616
0,1,0.502216994528299
1,0,0.384058300024756
1,0,0.43295065028445995
1,1,0.5117570155183621
0,0,0.0007823092767581057
1,1,0.9993307761903137
0,0,0.4907347032244565
0,0,0.49568829798813635
0,1,0.6048912362253253
0,1,0.6309509271716318
0,0,0.22874754735215527
0,0,0.486469105453305
0,1,0.5125687663376634
0,1,0.5086520778998594
1,0,0.4907347032244565
0,0,0.3921989794775101
1,1,0.5538689428767614
0,1,0.53125424714165
1,0,0.48791079184476405
0,0,0.4871028010796751
0,1,0.5023402173958532
1,1,0.5177476816801827
0,0,0.00020358194048536438
1,1,0.5052581631459688
0,0,0.4907347032244565
1,0,0.38756696580262884
0,0,0.4907347032244565
1,0,0.49041591639451965
0,0,0.48647268082679257
0,0,0.47610008488982886
1,1,0.9997088865250902
1,1,0.502765777263656
0,0,0.052749453185425586
1,1,0.9998586590697484
1,0,0.4896613417951327
1,1,0.5048221855684755
1,0,0.06747708137630556
1,1,0.9998696393878449
1,0,0.4855030379982238
1,0,0.48120409343943293
1,0,0.48878185102457583
0,1,0.5067867173168109
0,0,0.4912617236679566
0,0,0.4618447013463425
0,0,0.4885106476220711
1,0,0.490580924207801
1,1,0.631501234924325
1,1,0.5160326417932759
0,1,0.5057555170827858
0,0,0.06285234095845489
0,0,0.4828232988515913
1,1,0.512884948852028
0,0,0.022506163386419024
0,0,0.470943743119802
1,0,0.2032258645487623
1,1,0.5303786277349432
0,0,0.00025346648396413763
1,1,0.5001642265218117
0,0,0.4885106476220711
0,0,0.4758080168541537
0,0,0.4268126644884159
1,1,0.9998486892317267
0,1,0.5218204044959358
1,1,0.9994647115380403
0,1,0.5139152252839136
1,0,0.4711452924496419
0,0,0.18874534330012446
0,0,0.3664903613656337
1,1,0.9998534921935718
1,0,0.48585894568688853
0,0,0.4946065887391616
0,0,0.4820529712950648
1,1,0.5001642265218117
0,0,0.434566984726244
0,1,0.5067966390581996
0,0,0.3814316583952635
1,1,0.9993024471467187
1,1,0.5327167468839366
0,0,0.3334627333310729
1,0,0.2050888402375597
0,1,0.5076743679281751
1,1,0.5160326417932759
0,0,0.4857034133800208
1,0,0.4820529712950648
0,0,0.4896166748196858
0,0,0.3294722286542996
0,0,0.4857413665379931
1,1,0.5072840869333985
0,1,0.502216994528299
0,0,0.49205143468854007
1,0,0.4984347588689215
0,0,0.4855030379982238
0,0,0.495265968953333
1,1,0.5234340344677589
0,0,0.407299457136056
0,0,0.45488423683751017
1,0,0.495265968953333
1,0,0.47864297870133116
0,0,3.897212466668293e-05
0,1,0.5161691769006654
0,1,0.5159600647703056
1,0,0.4896613417951327
1,1,0.511293968279973
1,0,0.49768411658655387
1,0,0.46511415646331994
1,0,0.49574855865140693
0,1,0.5178074413912848
1,0,0.3644753087750255
0,0,0.41340687133792897
0,1,0.5331353275985826
0,1,0.5141175904245529
0,1,0.502216994528299
1,1,0.5245875953402119
0,1,0.5128960223631743
1,1,0.6008617909618745
1,0,0.49826983692633176
0,0,0.47226920300183217
0,1,0.5011532225266468
0,0,0.3900711294499741
0,0,0.486469105453305
1,0,0.016512660930417335
1,1,0.9998961760281195
0,0,0.4998361020654101
0,1,0.5023853019372048
1,0,0.41198503501302464
1,1,0.9998604254139066
0,1,0.5264175350524888
1,0,0.490580924207801
1,0,0.45291353941892104
1,1,0.5212894060128722
0,0,0.3749786872811318
1,1,0.999762105134075
0,0,0.49445825706076313
0,0,0.2545592048163388
0,1,0.503534072715108
0,0,0.36442800982576745
0,1,0.5877700447128248
0,0,0.4405980817252018
0,0,0.2712993284750187
0,0,0.4896613417951327
0,0,0.33634973853336375
1,0,0.4946065887391616
1,0,0.4405980817252018
0,0,0.4728139173031286
1,0,0.4998361020654101
1,1,0.5125687663376634
1,0,0.4807793268416952
1,0,0.4885106476220711
1,1,0.5067867173168109
1,0,0.44573583107257086
0,1,0.504303838619032
0,0,0.4871028010796751
1,1,0.5088540924344324
0,1,0.5086833570809247
0,1,0.5062448269506209
1,1,0.9997763818822172
1,0,0.49568829798813635
1,1,0.999790874805129
0,0,0.4814464615211192
0,0,0.41006934041762755
0,1,0.5088540924344324
0,0,0.3850324215355931
0,1,0.5327167468839366
0,1,0.5089772786806688
1,1,0.9999380881986214
0,1,0.5011532225266468
1,1,0.9997430168186879
0,1,0.5212414388333919
1,1,0.5058462284991216
1,1,0.9997345405503157
1,1,0.5363703962557618
1,0,0.4933814302917469
1,0,0.38733432722496824
1,1,0.5067867173168109
0,1,0.5675669030743971
1,0,0.4998361020654101
0,0,0.2688474134919668
1,0,0.37917753175681645
0,1,0.5117092314987767
0,0,0.2354412215087263
0,1,0.5159600647703056
0,1,0.5054497371271585
0,0,0.0003056184440489394
1,0,0.4855030379982238
1,0,0.44214221957120536
0,0,0.3337091134961244
0,0,0.4885106476220711
1,0,0.48185345875340946
1,0,0.4913126523089551
0,1,0.5602806017171861
0,1,0.5811733775408422
1,0,0.18402271500043682
1,0,0.47967664775927027
0,0,0.484676115691026
0,0,0.49031752979009097
0,1,0.5199192905874231
0,1,0.5181046417778427
1,1,0.5327188262001905
0,0,0.4699646820950023
0,0,0.49608150698402925
0,0,0.4885106476220711
0,1,0.5190351495452742
0,0,0.4885106476220711
0,1,0.5517275656203573
0,0,0.4899753145032628
0,0,0.28973848524382506
0,0,0.4233467026074425
0,1,0.6955668369565896
1,1,0.9999163793035585
0,0,0.49942672204940186
1,1,0.9994631186030972
0,1,0.5327167468839366
1,1,0.5174587936751366
0,1,0.5011334201757275
1,0,0.39828163744436756
0,1,0.6198192968745425
0,0,0.28118682756226165
0,1,0.5001642265218117
0,0,0.47930629080160925
1,1,0.5057555170827858
1,1,0.5753585248902691
0,0,0.4455257675203321
0,1,0.504303838619032
0,0,0.002088599767700596
1,1,0.5123328805226314
1,0,0.4871028010796751
0,0,0.37046006590258057
0,0,0.47610008488982886
1,0,0.48358328789365584
1,1,0.5055379882233427
0,0,0.2984896863315852
1,0,0.31805151168822454
1,1,0.9999090667380961
1,0,0.4820529712950648
0,0,0.4087944072663364
0,0,0.17670071131728296
1,0,0.3793511054422275
1,1,0.5115104106478172
0,0,0.49013073094693205
1,1,0.5327167468839366
0,0,0.49826983692633176
0,1,0.502122378290864
1,1,0.9998411374061628
0,1,0.5081201138114664
0,1,0.6194073364930199
0,0,0.3762616478980147
1,0,0.3470991238525896
0,0,0.36585557400835705
0,0,0.48393385839741326
0,0,0.054391236904817876
0,0,0.407165068404172
1,1,0.9998253671137876
0,0,0.4896613417951327
0,0,0.475582220364011
0,0,0.07336294261535051
1,1,0.9998003282636567
0,0,0.46385474855023817
1,1,0.5327167468839366
0,0,0.35192352165404556
1,1,0.9999123538070221
1,1,0.9998085648878371
0,0,0.4946488469145844
1,0,0.4998361020654101
1,0,0.49205143468854007
0,0,0.3622164252622015
0,1,0.500651500456062
0,1,0.540395201593778
0,0,0.49826983692633176
1,0,0.4807793268416952
0,0,0.002696116084693742
1,0,0.496508883964663
0,0,0.01451780667412878
0,0,0.4810005647827481
1,1,0.8166904125265992
1,0,0.3285794260827285
0,0,0.486469105453305
0,0,0.2143706962652007
0,0,0.46003539334545146
0,0,0.4596783506278534
0,1,0.5058899615631003
0,0,0.4867937995483677
0,1,0.500651500456062
1,0,0.4887918962163911
0,0,0.012257668691001622
1,1,0.5517791964635524
1,1,0.5327167468839366
1,0,0.49608150698402925
1,1,0.5057667528801252
0,0,0.48701195127603475
1,0,0.45916255958421914
0,0,0.36807883573395933
0,1,0.500651500456062
0,0,0.042467472638354355
1,1,0.5218204044959358
1,0,0.4928560554518983
0,0,0.49768411658655387
1,1,0.5332855532939819
1,0,0.49205143468854007
0,0,0.3781916248282036
0,0,0.1302090107268386
1,1,0.9998478228830315
0,0,0.4087944072663364
0,0,0.4998361020654101
1,0,0.49951561036758535
0,0,0.4274004637078392
0,0,0.4931753562448483
1,0,0.43295065028445995
0,0,0.4832610138775118
1,0,0.30008774293387586
1,0,0.4890114097603994
1,1,0.5057667528801252
1,0,0.407299457136056
0,1,0.5024867708442424
0,1,0.5054497371271585
1,0,0.4405980817252018
1,0,0.49041591639451965
1,0,0.4998361020654101
1,1,0.5002156084989241
1,1,0.5007747256321287
1,0,0.37599280794750906
0,1,0.502765777263656
1,1,0.9998433675064115
0,0,0.42294942297570853
1,1,0.5085366031599522
0,0,0.4885106476220711
0,0,0.49942672204940186
0,0,0.41916665071438947
0,1,0.5057555170827858
1,1,0.5160326417932759
1,1,0.9999094454839573
0,0,0.4998361020654101
0,1,0.5660893377539493
0,0,0.32412829466821047
0,0,0.3796419855331874
1,0,0.4892190408807621
1,1,0.5343567112413588
0,0,0.2099633484675658
0,0,0.4631985126275813
1,1,0.5076743679281751
0,0,0.3270727371471443
1,1,0.5160326417932759
1,0,0.37481199941108717
0,0,0.08513071305066866
0,1,0.5126825602792299
1,0,0.4928560554518983
1,0,0.4389895028590977
0,1,0.5002874519233941
0,1,0.502216994528299
1,0,0.495265968953333
1,1,0.9999006867393766
1,1,0.6312547970486884
0,1,0.5178074413912848
1,1,0.5061108308247679
0,0,0.366841974669271
1,0,0.4946488469145844
1,0,0.49608150698402925
1,0,0.4895329671012819
0,1,0.5067867173168109
0,0,0.07099344381982693
1,1,0.5067867173168109
0,0,0.2927520193516984
0,1,0.5160326417932759
0,0,0.4503550407259078
0,1,0.5062448269506209
1,1,0.5057555170827858
0,0,0.4849730749677902
0,0,0.3767938081033415
1,1,0.9985937148287496
1,1,0.5081201138114664
0,0,0.31800338017073054
1,0,0.4871028010796751
1,1,0.9987473731309404
0,0,0.20922647808555203
1,0,0.4907347032244565
0,0,0.49768411658655387
1,0,0.4243269162270355
1,1,0.9998568320734424
1,0,0.12472167657941512
1,1,0.5122426637190173
0,0,0.49287612112421464
1,0,0.4907347032244565
0,0,0.4885106476220711
0,0,0.22199438067506483
0,1,0.5088540924344324
0,0,0.1111899840251912
0,0,0.4865649272009386
0,1,0.5298718389670402
1,0,0.49568829798813635
1,1,0.515081292151952
1,1,0.5253742558928252
0,0,0.4993152916555989
0,0,0.41728757658048693
0,1,0.5057667528801252
0,0,0.47392836258352056
1,0,0.49826983692633176
1,0,0.49459921231843273
0,1,0.5112992757356464
1,1,0.5057667528801252
1,0,0.4923590586121958
0,0,0.3575053405484391
0,1,0.504303838619032
0,0,0.378139536013784
1,1,0.9999107908678653
1,1,0.505777054879224
0,0,0.35888129480633896
0,0,0.0019327910209849496
0,1,0.5327167468839366
1,0,0.4979392204809542
1,0,0.3772293839158332
1,1,0.541924164432013
1,0,0.4907347032244565
0,0,0.3448407900028167
0,1,0.5001642265218117
1,1,0.9998291366080775
1,1,0.5035596629705884
1,0,0.49041591639451965
1,0,0.45488423683751017
0,0,0.4933814302917469
1,0,0.4907347032244565
0,0,0.4274004637078392
1,0,0.34527123536242565
0,0,0.49608150698402925
1,0,0.46529245979964645
0,0,0.1627993697849259
1,1,0.5007747256321287
1,0,0.4923590586121958
1,1,0.500651500456062
1,0,0.4907347032244565
0,0,0.4222272504121255
1,1,0.5007747256321287
0,1,0.5044949977525487
0,0,0.47756341759610815
0,0,0.3463992246683655
1,0,0.4693201936083539
1,0,0.4814464615211192
0,1,0.5058798681055762
1,0,0.4853295672373662
1,0,0.0653867153385928
1,0,0.3633408292044864
1,0,0.4907347032244565
1,1,0.5057555170827858
0,1,0.511206960001663
0,0,0.3815606332167854
0,0,0.4907347032244565
0,0,0.43215309196319274
0,1,0.5251912529179843
0,0,0.453614936463293
1,1,0.9997336166853398
1,1,0.5062448269506209
0,0,0.4871028010796751
0,0,0.0170976853341711
1,0,0.4909827331199917
0,0,0.47226920300183217
0,1,0.5096382591639386
0,1,0.5057667528801252
0,0,0.4896613417951327
1,1,0.5004800596271939
1,0,0.4092139094629123
0,0,0.48989976792439643
0,0,0.47610008488982886
1,0,0.09710690019250806
0,0,0.12017405936250328
1,0,0.4855030379982238
1,0,0.36331837743569
0,0,0.4928560554518983
0,0,0.4912617236679566
0,1,0.5370558932094461
0,0,0.4225811016385314
0,0,0.18074624696033267
1,1,0.5153065077901997
0,0,0.48120409343943293
0,0,0.4321215835986679
0,0,0.02274311081404348
1,0,0.4998361020654101
0,1,0.6386781947768974
0,0,0.47967664775927027
0,0,0.4501920831659195
1,1,0.5203395010728363
1,0,0.4972298837007246
0,1,0.5228233066650169
0,0,0.47610008488982886
1,0,0.49205143468854007
0,0,0.34802604916543656
0,0,0.49033948727285476
0,1,0.5054497371271585
0,0,0.4896613417951327
0,1,0.8453472331359698
0,0,0.22123450778185377
0,0,0.4979392204809542
0,0,0.24338655917964824
1,0,0.35821964412191665
1,1,0.5138096092673896
0,0,0.4961194986577269
1,0,0.4405980817252018
0,0,0.408009429529212
0,0,0.3771634062040608
0,1,0.500651500456062
0,0,0.49650404625184147
0,0,0.49287612112421464
0,0,0.025208167889910347
0,1,0.507274399703009
1,1,0.6381138723524461
0,0,0.30862025573111346
0,0,0.495810082142245
1,0,0.4479953679414711
1,0,0.48903757319549285
1,0,0.4632578598900885
1,1,0.9998915538380678
1,1,0.9999060124284859
1,0,0.44747109455936324
1,1,0.502122378290864
0,0,0.4310739981645822
1,0,0.3844815093994392
1,1,0.508991123862357
1,0,0.4907347032244565
1,1,0.5067867173168109
0,0,0.058904628731360625
1,0,0.29306891762542714
1,0,0.4907347032244565
1,1,0.9997877665970711
1,1,0.5218204044959358
1,1,0.542775083082598
1,1,0.5057667528801252
0,0,0.49205143468854007
1,0,0.48878185102457583
0,0,0.4912617236679566
1,0,0.23011787315123794
0,1,0.5694035815717436
0,1,0.5008052678296921
0,1,0.500651500456062
0,1,0.5054497371271585
1,0,0.39561460005403865
0,0,0.04401921580275241
0,1,0.5267100345436232
0,0,0.48707866741013045
0,1,0.5210096947056825
1,1,0.9998593209213714
1,0,0.4900539305879104
1,0,0.49041591639451965
0,0,0.4979392204809542
1,0,0.46563308330097114
1,0,0.49156055050133696
1,0,0.4885106476220711
0,0,0.4896613417951327
1,0,0.4946488469145844
1,0,0.3837321337057045
0,0,0.0013201516278445657
0,1,0.5016825827200134
1,1,0.503534072715108
0,0,0.3978807193552821
0,1,0.5001642265218117
0,1,0.5101707374594792
0,0,0.4855030379982238
0,0,0.25279616731770616
0,0,0.25106131802743464
1,1,0.9998501233846675
1,0,0.4912617236679566
1,1,0.50447924899713
0,1,0.5253742558928252
0,0,0.15881237678853358
1,0,0.4913126523089551
1,1,0.5241964626843728
1,1,0.5036572917691379
0,0,0.4998361020654101
0,1,0.5243177414327319
0,0,0.483042406777752
1,1,0.5342087934006279
0,0,0.4938141270425052
0,1,0.5001167719538084
1,1,0.531997223217816
0,0,0.36826259352026985
0,0,0.47269817041079504
0,0,0.47639249688170054
1,1,0.9998635188131617
0,0,0.4820393544046419
0,0,0.3516968054646366
0,0,0.37972453278509316
0,0,0.31019113764018924
0,0,0.37673443950387075
1,0,0.3956615836013123
1,0,0.35363083271526924
0,0,0.0005078304440004856
1,0,0.4885106476220711
0,1,0.5062513122587267
1,0,0.333591886550917
0,1,0.7148639464781141
0,1,0.5370558932094461
0,0,0.37485959254198914
1,0,0.470943743119802
0,0,0.4820529712950648
1,0,0.49951561036758535
1,1,0.5327167468839366
0,0,0.4912617236679566
1,1,0.9991172480281691
0,1,0.5675669030743971
0,0,0.3853760991189565
1,0,0.49138491198666506
1,1,0.9998890900496826
1,0,0.49145218786357653
0,0,0.004371490989914878
1,0,0.4907347032244565
1,0,0.4847000878804236
1,0,0.4912617236679566
1,1,0.508560168293949
1,0,0.42436379780171574
0,0,0.4860100318180232
0,1,0.500651500456062
0,1,0.5001642265218117
0,0,0.08092621708153946
1,0,0.35312109585231494
1,0,0.49942672204940186
1,1,0.9916165275371124
1,0,0.49465925643937925
1,1,0.9999375383508812
0,0,0.4913126523089551
1,0,0.4519232798950174
0,1,0.5190038417299232
0,0,0.48790120539719756
1,1,0.8075746902399636
0,1,0.5495128120589654
0,0,0.4860100318180232
0,0,0.4832058434236249
1,1,0.5057555170827858
0,1,0.500651500456062
1,1,0.500651500456062
1,0,0.4452252925923935
1,0,0.41691836266872306
0,0,0.33361578662226077
0,0,0.4933814302917469
0,0,0.056076771790137196
0,1,0.5046916730976629
0,1,0.5125687663376634
0,1,0.5056630004747387
0,0,0.29667776109744504
1,0,0.3778012259578315
0,1,0.508560168293949
1,1,0.511293968279973
1,0,0.2680870797022198
0,0,0.3761084607057354
0,0,0.4807793268416952
0,0,0.4863855414993883
1,0,0.490580924207801
0,0,0.4217417083832583
0,0,0.35009844143098773
1,0,0.4928560554518983
0,0,0.40192313172882593
0,1,0.5057555170827858
0,1,0.500651500456062
0,0,0.49041591639451965
1,1,0.500651500456062
0,0,0.4885106476220711
0,0,0.3614746121494543
0,0,0.4913126523089551
0,0,0.4907347032244565
0,1,0.5008052678296921
1,0,0.4995851666525363
0,1,0.515081292151952
0,0,0.2892291209315382
0,0,0.48625731022329105
0,0,0.49205143468854007
1,1,0.9999070051959418
1,0,0.36854781466610287
0,0,0.34752281463690143
0,0,0.4896613417951327
0,0,0.4855030379982238
1,0,0.48989976792439643
0,1,0.5085366031599522
0,1,0.5275483151152829
0,1,0.5062448269506209
0,0,0.48585894568688853
1,1,0.5370558932094461
0,1,0.5004800596271939
1,1,0.5067867173168109
1,1,0.999864953794574
1,0,0.49041591639451965
1,1,0.5016825827200134
0,0,0.4998361020654101
0,0,0.22876014862368907
0,0,0.47226920300183217
0,0,0.47758716578455446
0,0,0.48989976792439643
0,1,0.5218204044959358
0,0,0.4998361020654101
0,0,0.2577267508059046
1,1,0.9999619440347977
0,0,0.4993152916555989
1,0,0.3940927667781179
0,0,0.486469105453305
0,1,0.5877700447128248
0,0,0.050342316360787356
0,1,0.5088651428638128
0,0,0.4861345565281622
1,1,0.9998016909809648
1,1,0.515081292151952
1,0,0.4912617236679566
0,0,0.49205143468854007
0,0,0.4731708204230037
1,0,0.486469105453305
1,1,0.5553217564004458
1,0,0.3495904716978983
0,0,0.49875121851575566
1,1,0.5023853019372048
0,0,0.3819927277078339
0,1,0.5085366031599522
1,1,0.99961086584985
1,1,0.9999732795707388
0,1,0.5429090397279192
0,0,0.02045820826957545
0,0,0.29770047795405297
1,0,0.48185345875340946
1,0,0.0009494058881771407
0,1,0.5934861189603635
0,1,0.5138096092673896
0,1,0.5184880778783645
1,0,0.4225799499003163
0,0,0.1843511516764406
1,0,0.33890960809575943
0,0,0.3460265763990775
1,0,0.25372589064329887
0,1,0.5062448269506209
0,0,0.36321772245905987
0,1,0.5533369988202878
1,0,0.3609188853887308
0,0,0.49826983692633176
0,0,0.4913126523089551
0,0,0.4907347032244565
1,0,0.4968686452949299
0,0,0.47068539105603785
1,0,0.4807793268416952
0,1,0.5048221855684755
1,0,0.4781113065171764
0,0,0.3470253367182083
0,0,0.49942672204940186
1,0,0.490580924207801
1,1,0.5517275656203573
1,0,0.3843198677104011
0,0,0.4861345565281622
1,1,0.5245875953402119
1,0,0.3958137474160289
1,1,0.511206960001663
1,0,0.4820529712950648
0,0,0.35821964412191665
1,1,0.5011532225266468
0,0,0.4873145969255669
1,0,0.486469105453305
0,0,0.3623775498204905
1,0,0.34631771448062876
0,0,0.40955086346485653
0,1,0.6927796346161799
0,0,0.3559153328384669
1,0,0.490580924207801
0,1,0.515153573901919
1,0,0.4855030379982238
0,0,0.11401658852108784
0,0,0.40961017863768395
0,1,0.5190038417299232
0,0,0.49138491198666506
1,0,0.4807793268416952
1,1,0.515081292151952
0,0,0.48701195127603475
1,1,0.9998634804941485
0,0,0.4835657336042879
1,1,0.5148760137825501
1,0,0.46872974911852894
1,0,0.49205143468854007
0,1,0.5256374848172215
0,1,0.543787776574599
1,0,0.06227200716310193
1,0,0.32237308153102334
0,1,0.5067966390581996
1,1,0.502216994528299
0,0,0.307707052331569
1,1,0.5057555170827858
1,1,0.9993282867792563
0,1,0.500651500456062
0,1,0.5072840869333985
0,0,0.49041591639451965
1,1,0.5157516089774735
1,1,0.500651500456062
1,0,0.49686510073669465
0,0,0.18057782053631405
0,0,0.3954251636945872
0,1,0.5008052678296921
0,1,0.6671240066432691
0,0,0.0005360478635110076
0,0,0.28609326733097795
1,1,0.5238341679535461
0,0,0.490580924207801
1,1,0.9996787759570436
0,0,0.3482026959259741
1,1,0.5675669030743971
0,0,0.42084474031387425
0,0,0.39228672233065975
0,1,0.5184880778783645
1,1,0.5278346304205921
0,0,0.4933814302917469
0,0,0.49942672204940186
0,0,0.27192974054489505
0,0,0.3967929916322992
0,0,0.49942672204940186
0,0,0.4405980817252018
0,0,0.4857940284455393
0,1,0.5160326417932759
1,0,0.4769139587006113
0,0,0.44142538193739383
1,1,0.502216994528299
0,0,0.4992119553781867
1,1,0.5712233129966542
0,0,0.004347375879609591
0,0,0.33056330634036923
1,1,0.5001642265218117
0,1,0.5041868056645645
0,1,0.5644351110971142
1,0,0.2871185110016751
1,0,0.490580924207801
0,0,0.48185345875340946
1,1,0.9998236727354934
1,1,0.9995219009281029
0,0,0.4853295672373662
1,0,0.3914698262053421
0,0,0.37673443950387075
0,1,0.500651500456062
1,0,0.4010107226191025
1,1,0.9999338656774611
1,0,0.47711229782870557
1,1,0.5055379882233427
0,0,0.4713930658093873
0,0,0.16297859540819398
0,0,0.37130430150399885
0,1,0.6808314468082075
0,1,0.685745597507302
1,1,0.9997387769162458
0,0,0.46851792991169505
0,0,0.4912617236679566
0,0,0.490580924207801
0,1,0.502765777263656
1,1,0.5198565962548757
0,0,0.4900539305879104
1,1,0.5174441365390968
0,0,0.3785746603741131
0,1,0.5312457792411653
0,1,0.508560168293949
1,1,0.5081201138114664
0,0,0.470943743119802
0,0,0.36535103783226036
0,0,0.0950781645813277
1,0,0.4907347032244565
1,1,0.999602369925017
1,1,0.5991801344949312
0,0,0.44784783802532935
0,0,0.4653427594930246
0,0,0.4885106476220711
0,0,0.4857413665379931
1,0,0.4912617236679566
0,1,0.507274399703009
0,0,0.17590743412230883
0,0,0.4885106476220711
0,1,0.5178770271204021
0,1,0.5134336157549628
1,0,0.42029010279979534
0,0,0.4855030379982238
0,0,0.2691868364163808
0,1,0.500651500456062
1,0,0.27417906324308633
1,0,0.4885106476220711
1,1,0.5061391490652832
0,1,0.5021260961896915
1,0,0.48790120539719756
1,1,0.9996912381632003
0,0,0.48317580182389197
0,0,0.4855030379982238
0,0,0.4907347032244565
1,1,0.502216994528299
0,0,0.4946488469145844
0,0,0.4968953978451868
1,0,0.44030106663247076
0,1,0.6869865736290877
0,0,0.4913126523089551
1,1,0.5517275656203573
0,0,0.4933814302917469
1,0,0.4946065887391616
1,1,0.5008052678296921
0,0,0.4885106476220711
0,1,0.5256374848172215
0,0,0.3624966803557193
1,1,0.9998768938586758
0,0,0.4978844819096963
1,1,0.5004800596271939
0,0,0.46650812548969284
1,0,0.19068963853357956
0,0,0.26111634046459586
0,0,0.4946488469145844
0,0,0.47208811136596196
1,1,0.5374968416006233
0,1,0.504303838619032
0,0,0.3573632421906402
0,0,0.3988169787061197
0,0,0.1051644044431962
1,1,0.9998704903055446
0,1,0.5088540924344324
1,0,0.47901386986436006
0,0,0.4928560554518983
1,1,0.9997350790007746
1,1,0.5009284928860076
1,1,0.5057555170827858
0,0,0.3755029601578119
0,1,0.5370558932094461
1,1,0.9997655480399114
0,0,0.490580924207801
1,1,0.5295007064460803
0,0,0.486469105453305
0,1,0.5159600647703056
0,0,0.4143773491320614
0,0,0.4895329671012819
0,0,0.10809771851777354
0,0,0.48625731022329105
1,0,0.4871028010796751
0,0,0.4310992646210174
0,0,0.4945642606459811
0,0,0.4907347032244565
0,1,0.5062448269506209
1,1,0.5067564159849683
0,1,0.5018231794488057
0,0,0.2064908370680309
1,1,0.999842828978602
1,0,0.49205143468854007
0,1,0.532086446046192
0,1,0.5007747256321287
0,0,0.4405980817252018
0,1,0.5160326417932759
0,0,0.03196813340261102
0,0,0.4900539305879104
1,1,0.5008052678296921
1,0,0.3754981742477519
0,0,0.490580924207801
1,1,0.9995959815785636
0,1,0.5660893377539493
0,0,0.4519232798950174
0,1,0.502122378290864
0,1,0.5046916730976629
0,0,0.30815097487545307
0,0,0.30964344786693876
0,1,0.5067867173168109
0,0,0.4961194986577269
1,1,0.9987085852034411
1,0,0.4820529712950648
1,0,0.4289690561344236
0,0,0.4937730289425932
0,0,0.3793511054422275
0,0,0.39828163744436756
1,0,0.4907347032244565
1,1,0.9998732626982516
0,1,0.5023853019372048
0,1,0.6389428542701351
1,1,0.5232059552195719
0,0,0.4820529712950648
1,0,0.4807793268416952
0,1,0.5257823997301165
0,1,0.5312715200008131
0,0,0.10328130988184892
0,0,0.4993152916555989
1,1,0.7099115956741779
1,1,0.505777054879224
0,0,0.4868810138278967
0,0,0.47610008488982886
0,1,0.5054497371271585
1,0,0.3418161759108242
1,1,0.5138096092673896
1,0,0.4895329671012819
1,0,0.4831673369073024
0,0,0.48585894568688853
1,0,0.23619101978885534
0,0,0.3753538906464041
0,1,0.5085366031599522
1,0,0.48701195127603475
0,0,0.3376399090247907
0,0,0.34329749196262443
1,1,0.6115848613975333
0,0,0.4321215835986679
1,1,0.5004140154404271
1,1,0.9987432238723156
0,0,0.4907347032244565
0,0,0.3570784908642808
0,0,0.4855030379982238
0,0,0.03299013807725049
1,1,0.502122378290864
0,1,0.508991123862357
0,0,0.34333924130760196
1,1,0.5309677939733506
0,0,0.28162380871512044
0,1,0.533152345203617
0,1,0.5717993853150468
0,1,0.5057667528801252
0,0,0.4967412875790193
0,0,0.49033948727285476
1,0,0.470943743119802
0,1,0.5262859973036224
1,1,0.5067867173168109
1,1,0.502765777263656
0,0,0.47639249688170054
1,1,0.5204538342450359
1,1,0.5088540924344324
1,0,0.34276327248087113
0,0,0.49041591639451965
1,0,0.4855030379982238
0,0,0.4984347588689215
1,1,0.5002874519233941
1,1,0.5533369988202878
0,0,0.3313894737854994
1,0,0.49608150698402925
1,0,0.470943743119802
1,1,0.512884948852028
0,0,0.49041591639451965
0,1,0.5055357780844859
0,1,0.5196881717768919
0,1,0.5002156084989241
1,1,0.9998865938975543
1,0,0.3879507462686398
1,0,0.49608150698402925
0,1,0.5517275656203573
1,0,0.4907347032244565
0,0,0.1947169682096683
1,0,0.4955656789928899
1,1,0.6093249979148978
0,0,0.495688894995026
0,1,0.5190755266169972
1,1,0.9998789892813862
1,1,0.9997842233099081
0,0,0.0008700964049537881
0,1,0.5123328805226314
0,0,0.4693947915234218
0,0,0.4928560554518983
1,1,0.515081292151952
1,1,0.5150887567807608
1,0,0.4896613417951327
0,1,0.502122378290864
1,0,0.4653714580086645
0,1,0.5011532225266468
0,0,0.470943743119802
1,1,0.5218204044959358
1,0,0.4928560554518983
1,0,0.4972245361023221
1,0,0.4907347032244565
1,1,0.9998043944478034
0,0,0.4930017149355335
0,0,0.4998361020654101
1,0,0.49205143468854007
1,1,0.9999509480711043
1,0,0.495265968953333
1,1,0.9999282812371765
1,0,0.3399626487328707
1,0,0.435592016014303
0,0,0.33559282618407976
1,0,0.3829376564655275
1,1,0.503534072715108
1,1,0.511293968279973
1,0,0.4885106476220711
1,0,0.48910369060061226
0,0,0.46529245979964645
1,1,0.9999033809100234
1,0,0.40492278822644623
0,1,0.515081292151952
1,1,0.5085366031599522
0,0,0.495810082142245
1,1,0.5148760137825501
1,1,0.5212000129007186
0,1,0.5251912529179843
1,0,0.4885106476220711
1,0,0.39605965957475775
1,1,0.5001167719538084
1,0,0.49541332399454235
1,1,0.5001167719538084
0,1,0.5913344971434091
0,0,0.4907347032244565
0,1,0.5057555170827858
1,0,0.4860100318180232
0,1,0.5004450448749472
0,0,0.24086833735675456
0,1,0.5327167468839366
0,1,0.5041868056645645
0,0,0.49826983692633176
1,1,0.9996299787383162
0,1,0.5138096092673896
1,0,0.4912617236679566
1,0,0.40377664483276954
0,1,0.5101707374594792
1,0,0.4998361020654101
0,0,0.44201137700324483
1,0,0.4885106476220711
0,0,0.4747165201857111
0,0,0.0826264347313109
1,0,0.4097365447091748
0,0,0.48903757319549285
1,0,0.47935012505125824
0,1,0.5070836571298218
0,0,0.49205143468854007
1,1,0.5517275656203573
0,0,0.22682447554807442
1,0,0.49875121851575566
0,0,0.0019377229313918224
1,0,0.4955656789928899
1,0,0.4912617236679566
0,1,0.505109807080821
0,0,0.47136445497844354
0,1,0.50447924899713
1,0,0.4916579768149222
0,0,0.09981915058696486
0,0,0.48476437361989816
1,0,0.3508539202338522
0,1,0.503534072715108
0,0,0.49527998605729306
1,1,0.5101707374594792
1,0,0.39828163744436756
0,0,0.47610008488982886
0,1,0.5072840869333985
0,1,0.5057667528801252
1,0,0.3578168299805024
1,0,0.4855030379982238
0,0,0.3702027828550547
1,1,0.5212000129007186
0,0,0.49205143468854007
1,0,0.4907347032244565
0,0,0.4993842582925535
1,0,0.49822443318461523
0,1,0.7748128475695218
0,1,0.5223636345393182
0,1,0.5113330439328624
0,0,0.48910369060061226
0,0,0.46681083760322456
1,1,0.9997802167594045
0,0,0.36434788736375284
0,0,0.4143773491320614
0,1,0.5084925750745062
0,1,0.5001167719538084
1,0,0.3743021919855305
0,0,0.48707866741013045
0,0,0.45291353941892104
0,0,0.4907347032244565
1,1,0.542721116019886
0,1,0.5337282760281186
0,0,0.4907347032244565
1,0,0.3003402300369522
0,1,0.5231522948428701
1,0,0.48910367429791374
0,1,0.5058462284991216
0,0,0.32651246758142516
0,0,0.42577946004850575
0,0,0.3516884240307892
0,1,0.5061673463911005
1,0,0.4631985126275813
1,0,0.49041591639451965
1,1,0.9999254056571667
0,0,0.4930017149355335
0,0,0.3848639070417801
1,1,0.511293968279973
1,1,0.542785767991025
0,0,0.2707377232489688
0,1,0.5243177414327319
0,1,0.5076743679281751
0,1,0.5021260961896915
0,0,0.4784331451914235
0,1,0.5579704630819355
1,0,0.49815083884784916
1,0,0.4907347032244565
0,0,0.49041591639451965
0,0,0.4060473688156357
1,0,0.4912617236679566
0,0,0.4907347032244565
0,1,0.515081292151952
0,0,0.35312109585231494
0,0,0.4807793268416952
1,0,0.49031752979009097
1,1,0.9998722744599096
1,1,0.5234340344677589
1,1,0.5011532225266468
0,0,0.3105497390929317
0,0,0.4896613417951327
0,0,0.4923590586121958
1,0,0.4998361020654101
1,1,0.5004140154404271
0,0,0.40797081355899373
0,0,0.48158724101921135
1,1,0.9998550554375929
0,1,0.5697572937857825
1,1,0.9999193164647368
0,1,0.50447924899713
0,1,0.5067867173168109
0,0,0.4972216578997964
0,0,0.49041591639451965
0,1,0.513635538580287
0,1,0.500651500456062
0,0,0.3793511054422275
0,1,0.5024809719526898
0,1,0.5057667528801252
0,1,0.5327188262001905
1,1,0.528305790182249
0,1,0.5709726282657062
1,1,0.9998257201395959
0,0,0.4912617236679566
0,0,0.4896613417951327
0,0,0.49264978918449936
0,1,0.5278346304205921
0,1,0.5017541584999378
0,0,0.15053247573268683
0,0,0.4907347032244565
1,1,0.9995074663106828
1,1,0.9999186184706396
1,0,0.4916579768149222
0,0,0.49942672204940186
1,0,0.4857413665379931
1,0,0.4900539305879104
0,0,0.1885549660318662
1,0,0.41138596604408306
0,0,0.497699849299002
0,0,0.38031768970948476
1,0,0.3865969060490122
1,0,0.4907347032244565
0,0,0.4944782279112676
0,0,0.39885783980117834
0,0,0.4807793268416952
1,1,0.9996874942202446
1,0,0.4835429876284037
1,1,0.9998645049951571
1,0,0.49041591639451965
1,0,0.49107214256450515
1,1,0.515081292151952
0,0,0.011792504065352283
0,1,0.5612073095791169
0,0,0.4864191664221196
1,0,0.4832058434236249
1,0,0.4912617236679566
1,0,0.4121437237689658
0,0,0.34514703750299053
0,0,0.47639249688170054
0,1,0.5088557800125919
0,0,0.09762871764082225
1,0,0.4993152916555989
0,0,0.4955656789928899
1,0,0.4658396596625037
1,1,0.5393082699818473
0,0,0.4912617236679566
1,1,0.5057555170827858
0,0,0.4896613417951327
0,0,0.4414102144970655
1,1,0.5122610108510347
1,1,0.5062448269506209
0,0,0.009460245862225066
0,0,0.49995932748697525
0,1,0.508991123862357
1,0,0.4122592232711641
1,0,0.40377664483276954
0,0,0.08314960891525572
1,1,0.5076743679281751
1,1,0.5198565962548757
0,0,0.28158735850164923
0,1,0.5868975963081303
0,0,0.37313928605062247
1,0,0.4933814302917469
0,1,0.5349752624380039
0,1,0.5028481574114908
1,0,0.49826983692633176
1,0,0.4235186853346297
1,0,0.49033948727285476
0,1,0.731311825417804
1,0,0.4885106476220711
0,1,0.5160326417932759
0,1,0.5101707374594792
1,1,0.5112992757356464
0,0,0.4372696752029443
1,0,0.1734571134339302
0,0,0.4972245361023221
0,0,0.4807793268416952
1,0,0.4199325613562248
0,0,0.48585894568688853
0,1,0.5037678566793601
0,0,0.2644267337909059
1,0,0.3772335188184081
1,1,0.5057555170827858
0,0,0.0017690150796447128
0,0,0.00513250146874198
0,0,0.42538911114067474
0,1,0.5057555170827858
0,1,0.5011532225266468
0,0,0.010476927434120997
1,0,0.4631985126275813
1,0,0.4885106476220711
1,0,0.1523814905457293
1,1,0.5155294392237763
1,0,0.4998361020654101
0,0,0.46983506719063356
0,1,0.5159600647703056
1,0,0.4370186856936373
0,1,0.502216994528299
1,1,0.5327167468839366
1,0,0.3940927667781179
0,1,0.508991123862357
0,0,0.4321215835986679
1,0,0.41198503501302464
0,1,0.5134336157549628
1,1,0.511206960001663
1,1,0.9992374028907683
0,0,0.4913126523089551
0,0,0.4993152916555989
0,0,0.4912617236679566
0,0,0.006017607487113838
1,1,0.9998240343061132
0,1,0.5362812617245736
1,1,0.50447924899713
0,0,0.4405980817252018
0,1,0.5004800596271939
0,0,0.3359720306595991
1,1,0.5057555170827858
1,0,0.4860100318180232
1,0,0.4144838482825256
0,0,0.01075907219196677
0,0,0.4978606893607897
0,0,0.2900510408044341
0,0,0.4871028010796751
0,1,0.5122426637190173
1,0,0.4990022763278688
0,1,0.5067867173168109
1,0,0.490580924207801
0,0,0.49041591639451965
1,0,0.4406688459946069
1,1,0.9998221979045453
1,1,0.50447924899713
1,0,0.4912617236679566
1,1,0.5160326417932759
0,0,0.4946488469145844
0,0,0.30815097487545307
0,0,0.4907347032244565
0,0,0.35821964412191665
1,0,0.49942672204940186
0,0,0.4912617236679566
1,1,0.9998912693179848
1,0,0.2699388964281669
1,0,0.48426171088359704
1,0,0.4452252925923935
0,1,0.5527945046787013
0,1,0.5361222710925285
0,1,0.511293968279973
0,1,0.5041371922366241
1,1,0.5232059552195719
0,0,0.42760674964845014
1,1,0.5228233066650169
0,0,0.3754981742477519
0,0,0.15317327895981864
0,1,0.5274918516753078
0,1,0.5425895850896171
0,0,0.3814316583952635
0,0,0.4907347032244565
1,0,0.48790120539719756
0,1,0.5160326417932759
0,0,0.3717460096787036
0,0,0.00014770149645624127
1,0,0.48903757319549285
1,0,0.48707866741013045
1,0,0.48467810731099653
1,0,0.495265968953333
1,0,0.4845589271733205
0,0,0.4984964242557936
1,1,0.5353829769019747
0,0,0.48120409343943293
1,1,0.9999168905724061
0,0,0.47505437731922756
0,0,0.49527998605729306
0,0,0.4998361020654101
0,0,0.4928560554518983
1,0,0.4097365447091748
0,1,0.5057555170827858
0,0,0.22982263932433747
1,0,0.4860100318180232
0,0,0.4653427594930246
1,1,0.5011532225266468
0,0,0.4896613417951327
1,1,0.9995489387786237
0,0,0.42328094970154684
1,1,0.5054145487210386
0,0,0.4814464615211192
0,0,0.00030632678891409534
1,0,0.4855030379982238
0,0,0.4946488469145844
0,0,0.49951561036758535
1,0,0.431415319693323
0,0,0.4329720101562646
1,1,0.5219321540377132
0,0,0.4946488469145844
1,0,0.3035743709799377
1,1,0.9997469238420877
0,0,0.27141389528339044
0,0,0.48625731022329105
0,0,0.4885106476220711
1,0,0.3982423349722014
0,0,0.4885106476220711
1,0,0.486469105453305
1,1,0.9993737029456556
1,0,0.4885106476220711
0,1,0.5067867173168109
0,0,0.49041591639451965
0,0,0.4150650326941919
1,1,0.5200437361609095
1,0,0.49951561036758535
0,0,0.35460681219231255
0,1,0.5008052678296921
0,0,0.36940108725030696
0,0,0.49041591639451965
0,1,0.5070836571298218
1,1,0.9997559357304516
1,0,0.46013238266224676
1,1,0.9998066413667386
1,0,0.4900539305879104
1,0,0.490580924207801
0,0,0.4912617236679566
1,1,0.9996826098803966
0,1,0.503534072715108
0,0,0.4899639379480893
1,1,0.9995002391820981
0,0,0.00030771491715700865
0,1,0.5341119960704693
0,1,0.5509484486886015
0,0,0.486469105453305
1,1,0.5082073528828166
0,0,0.4717455527773568
1,0,0.4999023439888881
1,1,0.5011532225266468
1,1,0.50447924899713
0,1,0.5067966390581996
0,1,0.5057555170827858
1,1,0.5096717384679875
1,1,0.9998843396321807
1,0,0.3603400963759129
0,0,0.45671334653424467
0,1,0.504303838619032
1,0,0.4820529712950648
1,1,0.5120859480583824
0,1,0.5232059552195719
0,0,0.4967412875790193
1,1,0.5076802946337304
0,0,0.4558262968875467
0,0,0.25196125093355576
1,0,0.4913126523089551
0,0,0.3862161615030977
0,0,0.4998361020654101
0,0,0.4928560554518983
1,1,0.5076743679281751
0,0,0.49041591639451965
0,0,0.4208421032122195
0,1,0.500245272175313
0,1,0.503534072715108
1,0,0.48941237791057035
0,0,0.4928560554518983
0,0,0.003250226627773523
1,1,0.9998548015321856
0,1,0.5057555170827858
1,0,0.4933814302917469
1,1,0.5067867173168109
0,0,0.4545745363994819
0,1,0.5076743679281751
0,1,0.5007747256321287
0,0,0.4930017149355335
1,0,0.32050945235653905
0,0,0.4583873992191137
0,0,0.4907347032244565
0,1,0.6390460234663403
0,0,0.3948442411541094
1,1,0.5001642265218117
1,0,0.3698780235435641
1,1,0.5123328805226314
1,0,0.4842893787097104
1,0,0.32169908098396655
1,0,0.47255827871803063
0,0,0.42852823104112114
1,0,0.49041591639451965
1,0,0.36837845159756627
0,0,0.33634973853336375
1,0,0.40081966739287805
1,0,0.49465925643937925
0,0,0.36807883573395933
1,0,0.4773199466776318
0,0,0.4871028010796751
0,0,0.2624299350149834
0,1,0.5174587936751366
0,1,0.5001642265218117
0,0,0.33407619538653544
0,0,0.37948594740066915
1,1,0.999666055465468
1,0,0.4321215835986679
1,1,0.9998738086933607
1,1,0.50447924899713
0,0,0.0003880338610123068
0,0,0.4871028010796751
0,0,0.35340618979493693
0,0,0.1936281200534566
1,0,0.4992119553781867
0,1,0.5088540924344324
0,1,0.5282176379628747
0,0,0.2917882177045371
0,0,0.48989976792439643
0,0,0.4885106476220711
1,1,0.5280544754458564
0,1,0.5069482608209925
0,0,0.4672718087771044
0,1,0.5048221855684755
0,1,0.5076743679281751
0,0,0.42141986563760814
0,0,0.493278399628784
0,0,0.004338217117160758
0,0,0.3649908865736483
0,1,0.515081292151952
0,0,0.3627564474412641
0,0,0.44219564075043555
1,1,0.5160326417932759
1,1,0.559023559887294
1,0,0.21205905486536414
1,0,0.436297191111308
0,0,0.38460952264664383
0,0,0.4797884352603372
0,0,0.004304681390820597
0,0,0.4321215835986679
1,0,0.4860100318180232
0,0,0.36169118178067317
0,1,0.5342087632771008
0,0,0.4907347032244565
0,0,0.49041591639451965
0,0,0.3341743006546039
1,0,0.48707866741013045
0,1,0.6380874050286042
1,0,0.19252818140880165
1,0,0.4928560554518983
0,0,0.4946488469145844
0,0,0.4859010442722477
1,1,0.5008052678296921
0,0,0.4998361020654101
0,1,0.5048221855684755
1,0,0.09229509429802941
0,0,0.3437525753818988
1,1,0.504303838619032
0,1,0.5265620055024453
1,1,0.9881651714416261
0,1,0.5054497371271585
0,0,0.4896613417951327
1,0,0.26120904407752615
1,1,0.516726127545186
0,1,0.5830433735053111
0,0,0.48764244906084786
0,0,0.4860100318180232
1,0,0.4343336456170064
0,0,0.4807793268416952
1,0,0.4967412875790193
0,1,0.5147224519785338
1,1,0.5002156084989241
0,1,0.5148760137825501
0,0,0.483042406777752
1,1,0.523216331394768
0,1,0.5799587489573885
0,0,0.001607192670585
1,0,0.4913126523089551
1,0,0.4912617236679566
0,0,0.4998361020654101
1,0,0.37673443950387075
1,1,0.7734639240104421
0,1,0.504303838619032
0,0,0.49951561036758535
1,0,0.38010072312137616
0,0,0.40834089958673575
0,0,0.0032593188345707903
1,0,0.44460031154557944
0,0,0.48989976792439643
0,0,0.40835300610787484
1,0,0.470943743119802
0,0,0.4909827331199917
0,0,0.4907347032244565
0,0,0.0025807651736873063
0,1,0.5155337064684267
1,1,0.9998895540380224
0,0,0.49527998605729306
0,0,0.31437698387725627
0,1,0.5076802946337304
0,0,0.3418161759108242
1,1,0.5088557800125919
0,0,0.49257890010185734
1,0,0.466332686128998
0,0,0.28298284790336015
0,1,0.5016400186776274
0,0,0.4896166748196858
1,1,0.9997647113524719
0,0,0.484676115691026
0,0,0.4907347032244565
0,0,0.36560287300096034
1,0,0.4579101200713444
0,0,0.22296283616410653
0,0,0.41447093104885774
1,0,0.486469105453305
0,0,0.34132020078919534
0,0,0.47639249688170054
1,1,0.9999176202712635
1,1,0.9998857994725923
0,0,0.49890745812374576
0,0,0.39759144733274177
0,0,0.2792408370374482
1,0,0.4998361020654101
1,0,0.4912617236679566
1,1,0.9998463467472773
0,0,0.3230520198011418
0,0,0.4907347032244565
1,0,0.39492484796110083
0,0,0.4567867692314954
1,0,0.4995851666525363
1,1,0.99974861398591
0,0,0.4873145969255669
1,0,0.4907347032244565
1,1,0.5035679218571527
1,0,0.4928560554518983
0,0,0.4967265630990206
1,0,0.4375647045407063
0,0,0.12957655500738294
1,1,0.6947643803371117
1,0,0.36321772245905987
0,0,0.4907347032244565
0,0,0.4814464615211192
1,1,0.9999006903744765
1,1,0.5023853019372048
0,0,0.19252818140880165
1,0,0.4869696459455474
0,1,0.5218204044959358
1,1,0.500651500456062
0,0,0.4972298837007246
1,1,0.9998059121824228
1,0,0.49465925643937925
1,1,0.5057667528801252
1,0,0.4998361020654101
1,1,0.9997170037047032
0,0,0.4998361020654101
1,0,0.48158724101921135
1,0,0.4855030379982238
0,1,0.515081292151952
0,0,0.3788171438136388
1,1,0.5255155899624375
0,0,0.4907347032244565
0,0,0.48585894568688853
1,1,0.502216994528299
1,0,0.48707866741013045
0,0,0.4204981036340566
0,0,0.0014749768220506875
1,1,0.5070836571298218
1,0,0.4896613417951327
0,0,0.4933814302917469
0,1,0.5159600647703056
0,1,0.511206960001663
0,0,0.4907347032244565
1,1,0.9992779724437596
1,1,0.5011532225266468
1,0,0.42775228687537376
1,1,0.5160326417932759
0,1,0.5228233066650169
0,1,0.508991123862357
0,0,0.4571021611640761
1,1,0.5057555170827858
0,0,0.45996680251063976
1,0,0.22085035825434407
1,1,0.5218204044959358
0,0,0.49033948727285476
0,0,0.00019565131805939902
1,0,0.4998361020654101
0,0,0.0066278298156133226
0,1,0.502122378290864
0,0,0.4653427594930246
0,1,0.5057555170827858
1,0,0.4912617236679566
0,1,0.5057667528801252
0,0,0.14488149804917663
0,0,0.4912617236679566
0,1,0.6117817973785852
0,0,0.4933814302917469
1,0,0.4856053067111195
0,0,0.37228226832103295
0,1,0.5067867173168109
0,1,0.6307248593894699
1,0,0.4820529712950648
0,1,0.5160326417932759
0,1,0.5245875953402119
0,0,0.050760044497603136
0,0,0.4682125988315581
0,0,0.4946488469145844
1,1,0.5057667528801252
0,0,0.4873145969255669
1,0,0.4913126523089551
0,0,0.4121651593701116
0,0,0.4789891563632211
0,1,0.5016825827200134
0,1,0.5057555170827858
1,1,0.9996799195149118
0,1,0.5156035514689179
0,1,0.502765777263656
0,1,0.512884948852028
0,0,0.49527998605729306
0,0,0.052291223669568024
1,0,0.48467810731099653
1,1,0.511206960001663
0,1,0.5110407835480846
1,0,0.1666611978953804
0,0,0.4610812472977201
0,1,0.5088557800125919
0,0,0.021411116943042083
0,0,0.49205143468854007
0,0,0.36648890462230654
1,0,0.48585894568688853
1,1,0.9998543778766225
0,1,0.5245875953402119
0,0,0.39405958178127115
1,0,0.4602549547119698
0,1,0.5877700447128248
0,0,0.20668261045970937
0,0,0.49942672204940186
1,1,0.5186165255192988
1,1,0.5004450448749472
0,0,0.37471503977182224
1,0,0.36300924292447023
1,0,0.3069766422846044
0,1,0.5009284928860076
1,1,0.9987945277096588
0,0,0.42577929799473374
1,1,0.999908851852716
1,1,0.502122378290864
0,0,0.43727094630995095
0,0,0.00034899158555708805
0,0,0.4781113065171764
1,1,0.9993143115424982
1,0,0.49031752979009097
0,0,0.4769139587006113
0,0,0.47302181782829394
1,1,0.9998066260904033
0,1,0.5524961975862966
0,0,0.44029200938633273
0,1,0.5041371922366241
1,0,0.42023050904082354
1,1,0.5076802946337304
1,0,0.4000915261634122
1,1,0.5067867173168109
1,1,0.5653240171010517
0,1,0.511293968279973
0,0,0.4287348890446682
1,0,0.47639249688170054
0,0,0.4946065887391616
0,0,0.3067927414029065
1,0,0.4892190408807621
0,0,0.3759356298035606
1,1,0.50447924899713
0,0,0.43295065028445995
1,1,0.5517275656203573
0,1,0.5058462284991216
1,0,0.4896613417951327
0,1,0.515081292151952
0,0,0.38682006669268926
1,0,0.46622133636562635
0,0,0.46665935131431674
1,0,0.4198873244021946
1,0,0.4820529712950648
1,0,0.48750270147247166
0,1,0.5057555170827858
0,0,0.4933814302917469
0,0,0.2554253861782853
1,1,0.999575684805937
1,1,0.6090382409324243
0,1,0.5350066802340743
1,1,0.5735195641454827
0,0,0.4896613417951327
0,0,0.49041591639451965
0,0,0.4899639379480893
1,0,0.475582220364011
0,0,0.48790120539719756
0,0,0.4896166748196858
1,1,0.50447924899713
0,0,0.4372696752029443
1,0,0.49568829798813635
0,1,0.5218204044959358
1,0,0.2311358363460629
0,0,0.4657857305899203
0,1,0.5067867173168109
1,0,0.07629466442219339
0,1,0.503534072715108
0,0,0.48185345875340946
0,0,0.4087944072663364
0,0,0.21080405419658468
1,0,0.4608438303559076
0,0,0.4928560554518983
0,1,0.5154931602479238
0,0,0.4900539305879104
1,0,0.47639249688170054
1,1,0.5399694887292251
0,0,0.49768411658655387
0,0,0.3791493254256692
1,0,0.4985074050412294
0,1,0.511206960001663
0,0,0.4807793268416952
1,0,0.4896613417951327
0,0,0.00013394322540058714
0,0,0.41066305534200226
0,0,0.0006154794408408948
1,1,0.6515217003487241
1,0,0.4915317675983414
0,1,0.5370558932094461
1,1,0.5036272823927491
0,0,0.4885106476220711
1,0,0.18534834411202825
1,1,0.9988655964120918
1,0,0.4860100318180232
0,1,0.544020587315111
0,0,0.4892190408807621
0,0,0.4998361020654101
1,0,0.4010007323552128
0,0,0.4913126523089551
1,0,0.4912617236679566
1,0,0.31234125629304155
1,0,0.4857413665379931
0,0,0.34265590502431587
1,1,0.5072840869333985
1,1,0.9997839377212537
1,1,0.5324558242914925
0,0,0.49608150698402925
1,0,0.49768411658655387
0,1,0.5218204044959358
1,0,0.3053083713915435
0,0,0.05780424549558654
0,0,0.17932303572431293
0,1,0.5001642265218117
0,1,0.7228735457240668
1,1,0.9998259638699336
0,0,0.4370950121475787
0,0,0.4198070782979142
1,1,0.9997182620394361
1,1,0.5122610108510347
0,1,0.5017328769164964
0,1,0.8610982951315922
1,0,0.07516610638210569
1,1,0.9996055832388342
0,0,0.33961863466823033
0,1,0.5285604383501384
0,0,0.4842893787097104
0,0,0.48710689750896397
0,0,0.45660002352375656
1,0,0.496815270205062
0,0,0.35047009464376083
0,1,0.5256431803309848
1,1,0.5141175904245529
1,0,0.4082274624886252
1,0,0.4933814302917469
1,0,0.4996806141250493
1,1,0.5004800596271939
1,1,0.9999097817139906
0,1,0.5218204044959358
1,0,0.48625731022329105
1,1,0.9999305853583611
0,1,0.5234340344677589
0,1,0.5082073528828166
0,0,0.12242465770533184
0,0,0.4928560554518983
0,0,0.49527998605729306
0,0,0.4321215835986679
0,0,0.4979392204809542
1,0,0.48348677426821185
1,1,0.9998518841726777
0,1,0.5529563370414715
0,0,0.48750270147247166
1,1,0.500651500456062
1,0,0.4971334880395946
1,0,0.49826983692633176
1,1,0.7344325218540954
1,1,0.9994712708094734
0,1,0.52027014118348
1,0,0.4998361020654101
0,0,0.2945214614640103
0,1,0.5327167468839366
1,0,0.454161765716314
0,1,0.5076743679281751
1,1,0.5826005669875209
1,0,0.20558961314232144
0,1,0.5011532225266468
0,1,0.500651500456062
0,0,0.11466061301999748
1,0,0.4900539305879104
0,0,0.0132087920223631
1,1,0.9960187235465409
1,0,0.4896613417951327
1,0,0.4855030379982238
1,0,0.4899639379480893
0,1,0.5105737880645947
0,0,0.1394892751932701
0,0,0.4907347032244565
0,0,0.4860100318180232
0,1,0.5057555170827858
1,1,0.5218204044959358
1,0,0.4657227968396861
1,0,0.4899639379480893
0,0,0.0008621718481114606
0,1,0.500651500456062
0,0,0.470943743119802
0,0,0.4998361020654101
0,0,0.4979392204809542
0,0,0.47935012505125824
0,1,0.5071175684446739
1,0,0.4743654741899417
0,0,0.495265968953333
1,0,0.4602549547119698
0,1,0.5048221855684755
1,0,0.4852534221298536
0,0,0.4993152916555989
0,0,0.4907347032244565
1,0,0.49041591639451965
0,1,0.5057555170827858
0,0,0.4372696752029443
1,1,0.9999374212958543
0,0,0.49826983692633176
1,0,0.2847172367109362
0,0,0.4896613417951327
0,0,0.4820529712950648
1,1,0.5021492757476445
0,0,0.23939925108968288
1,1,0.9998150124512127
0,0,0.38796857298762827
0,1,0.5256431803309848
1,0,0.4907347032244565
1,1,0.9984289669199514
0,0,0.24313874481474074
0,1,0.5198565962548757
0,1,0.50447924899713
0,0,0.4940377775216328
0,0,0.2936208883798915
0,1,0.6730725883737588
1,1,0.5054497371271585
0,0,0.4907347032244565
1,1,0.504303838619032
1,0,0.495265968953333
0,1,0.5129918706940507
1,0,0.24312321458173813
0,0,0.48158724101921135
1,0,0.4896613417951327
0,1,0.6554733269547934
0,0,0.4912617236679566
0,0,0.3940927667781179
0,0,0.22177261108243862
1,0,0.43295065028445995
1,0,0.4913126523089551
1,0,0.3635699308152399
0,0,0.4807793268416952
0,0,0.4212042920449964
0,1,0.5218204044959358
0,0,0.2879396733804792
0,1,0.5082073528828166
0,0,0.49017710785667584
0,0,0.48989976792439643
0,1,0.5759579856203135
0,0,0.33771535948099435
0,0,0.48625731022329105
0,1,0.5204538342450359
1,0,0.45660002352375656
1,0,0.20048122943007507
1,0,0.4885106476220711
0,0,0.4928560554518983
0,1,0.500651500456062
0,0,0.48585894568688853
0,1,0.5159600647703056
0,0,0.3198442994359082
1,1,0.9998406224623504
1,1,0.5076743679281751
1,0,0.49205143468854007
0,0,0.4907347032244565
0,1,0.5122426637190173
0,0,0.37499891860243284
0,0,0.3484264778344651
0,1,0.5001167719538084
1,1,0.5088540924344324
1,0,0.49942672204940186
1,0,0.38823254158836523
0,0,0.4037737876990453
1,1,0.5008052678296921
1,1,0.502122378290864
0,0,0.4896613417951327
1,0,0.49942672204940186
0,1,0.5282176379628747
1,1,0.5533369988202878
0,0,0.4087944072663364
0,0,0.4885106476220711
0,0,0.4899718377499611
0,0,0.03084293386377839
1,1,0.5006197416275022
0,1,0.5017541584999378
0,0,0.40391887425428935
1,1,0.9999498332949859
0,1,0.512884948852028
0,1,0.5218204044959358
0,0,0.13147665287780244
1,1,0.5085366031599522
1,1,0.9999004755562966
0,0,0.4871028010796751
0,1,0.504303838619032
1,0,0.37972453278509316
0,0,0.48986178700936667
0,1,0.5198565962548757
0,0,0.01333374214013669
0,0,0.48120409343943293
0,1,0.5218204044959358
0,0,0.1917508888224196
0,1,0.6124623537156648
1,1,0.504303838619032
1,0,0.4853295672373662
0,0,0.4304180133671806
0,0,0.4992119553781867
1,1,0.5232059552195719
1,0,0.4998361020654101
0,0,0.33540335405206734
0,1,0.511293968279973
1,0,0.49608150698402925
0,0,0.3528081455626804
0,0,0.11808050881342086
1,0,0.4928560554518983
0,0,0.49608150698402925
0,1,0.52380476892139
0,1,0.7194603969230613
0,1,0.5088540924344324
1,0,0.4150650326941919
0,1,0.6192254325756884
0,0,0.11862128900061908
0,1,0.500651500456062
1,1,0.6358752738336234
0,0,0.37459473133300175
0,0,0.18355060494409578
1,0,0.37170175444035825
1,0,0.48023969057400573
1,0,0.46205337623071446
1,0,0.47901386986436006
1,1,0.9998853816334058
0,0,0.4807793268416952
1,0,0.34190959796566806
0,0,0.2605823451608893
0,0,0.4933814302917469
0,1,0.511206960001663
0,0,0.48707866741013045
0,0,0.35312109585231494
1,1,0.543375795824039
1,0,0.4855030379982238
1,0,0.4907347032244565
0,0,0.1408254036649739
0,1,0.5076743679281751
1,1,0.9998914609570448
1,0,0.4871028010796751
1,0,0.470943743119802
1,0,0.4677633493304796
0,1,0.6066818450527796
1,0,0.3772335188184081
0,0,0.0050130040245994385
1,1,0.5041371922366241
0,1,0.5057555170827858
0,0,0.495529163978138
0,1,0.5088540924344324
1,1,0.5256431803309848
0,0,0.3626915214240255
0,1,0.5088540924344324
1,0,0.486469105453305
0,1,0.5198565962548757
0,1,0.5159600647703056
1,1,0.5174587936751366
1,1,0.5041868056645645
0,0,0.4060473688156357
1,0,0.18103292672829643
1,0,0.4807793268416952
0,1,0.5054024819243504
0,0,0.4899218470072327
0,1,0.6924655308476116
1,0,0.39492484796110083
0,1,0.5148760137825501
0,1,0.5675669030743971
1,0,0.4817024537921271
1,0,0.4820529712950648
1,0,0.4781113065171764
1,0,0.4979392204809542
1,0,0.4743654741899417
0,0,0.48989976792439643
0,1,0.500651500456062
1,0,0.490580924207801
0,0,0.495810082142245
0,0,0.48941237791057035
0,1,0.50447924899713
1,0,0.48590018479928465
1,1,0.6295718805397394
1,1,0.5070836571298218
1,1,0.9983853703180822
1,1,0.9999123538070221
1,0,0.3681013211424546
0,0,0.48910367429791374
0,0,0.00027338702784799246
1,1,0.6975419333542879
1,1,0.5057555170827858
1,0,0.4912617236679566
1,0,0.21155340710632167
1,1,0.5146251503561979
1,0,0.4946065887391616
0,0,0.4999023439888881
0,1,0.5011532225266468
0,0,0.4201409972502839
0,0,0.4972298837007246
1,0,0.4953645761912011
0,0,0.38644427581512364
0,1,0.5001167719538084
1,0,0.3350903250835816
1,0,0.4907347032244565
0,0,0.4933814302917469
0,1,0.5517275656203573
0,1,0.5050717012599986
1,1,0.5057555170827858
0,0,0.4933814302917469
1,0,0.4150650326941919
0,0,0.23849447466088414
1,0,0.47128633746449056
1,0,0.4183777597837447
0,0,0.4907347032244565
0,0,0.24790136520910697
1,1,0.5174587936751366
0,0,0.4520134622062066
0,0,0.39781252596662986
0,0,0.4293269428932062
0,0,0.28383470608657463
0,0,0.4521238692132477
1,1,0.9994930025903287
0,0,0.4896613417951327
0,0,0.495807598658028
1,0,0.3528740598614475
1,1,0.9998176382995783
0,0,0.463405991281337
0,0,0.2691824366486448
1,0,0.07439618602278916
0,0,0.49608150698402925
1,1,0.5327167468839366
0,0,0.39818991230187384
0,1,0.5057667528801252
1,0,0.39819907156399925
1,1,0.5416001635272192
0,0,0.2880601809988156
0,0,0.4896613417951327
0,0,0.30371011656056257
1,1,0.9993454251201609
0,1,0.504303838619032
0,0,0.4998361020654101
0,0,0.3638540677873698
0,0,0.47857974014181365
0,0,0.4705538176117387
1,0,0.4602549547119698
1,0,0.46203535068784973
0,1,0.5001642265218117
1,0,0.4992119553781867
0,0,0.37228226832103295
0,1,0.500651500456062
0,0,0.2594394435181982
1,1,0.5245875953402119
1,1,0.5238341679535461
0,1,0.58452539799327
0,0,0.4660743728025248
1,1,0.5139805670099996
1,1,0.5057555170827858
1,1,0.512884948852028
0,0,0.4887918962163911
1,1,0.50447924899713
1,1,0.5067867173168109
1,1,0.500651500456062
1,0,0.4967412875790193
1,1,0.9999005292264058
0,0,0.3604404080938182
0,0,0.018873854061516065
0,0,0.1379578932983385
1,0,0.49650404625184147
0,1,0.5160326417932759
1,1,0.999714554477675
0,1,0.5011532225266468
1,0,0.47758716578455446
0,0,0.0010423415431114636
1,0,0.4907347032244565
0,0,0.4998361020654101
1,0,0.026972392380385343
1,0,0.4405980817252018
0,1,0.5122426637190173
0,1,0.500651500456062
0,0,0.34455834756027726
1,0,0.49205143468854007
0,0,0.470943743119802
1,1,0.9998649257287382
0,0,0.49205143468854007
1,1,0.5178770271204021
1,1,0.9999194608384955
1,1,0.9997561563228892
0,0,0.0001504512496376373
0,0,0.35270893758027366
1,0,0.3900742840893353
1,0,0.07073306018638845
0,0,0.3837321337057045
0,1,0.5055423962147644
0,0,0.3544295122260571
1,0,0.4907347032244565
0,0,0.4370950121475787
0,1,0.5241964626843728
0,0,0.48750270147247166
0,0,0.39167832614113773
0,0,0.31535567577527684
0,1,0.5088540924344324
1,0,0.4896613417951327
1,1,0.5088540924344324
0,1,0.5245875953402119
0,0,0.3995858725205004
0,1,0.5138096092673896
0,0,0.1518727489532135
0,1,0.5232059552195719
0,0,0.49465925643937925
0,0,0.4719086130429816
1,1,0.9998536073237915
0,0,0.470943743119802
0,0,0.49942672204940186
1,0,0.30706438443037437
0,1,0.6466952238757018
0,0,0.49745143895102995
0,0,0.490580924207801
1,1,0.5327167468839366
0,0,0.4900539305879104
0,1,0.5057667528801252
0,1,0.6324432869167774
1,0,0.4885106476220711
0,0,0.3062270193254249
1,0,0.4961194986577269
1,0,0.45996680251063976
1,1,0.5160326417932759
1,1,0.508560168293949
0,0,0.48903757319549285
0,0,0.395950137904716
0,1,0.5148760137825501
0,1,0.5088540924344324
0,0,0.38229794747926416
0,1,0.5117570155183621
0,0,0.45008082186486126
0,0,0.4885106476220711
1,0,0.37722403315603975
0,1,0.5076743679281751
0,0,0.4907347032244565
1,0,0.4969962443021633
1,0,0.39476110114448154
1,0,0.46342153104665607
0,0,0.492993705830988
1,1,0.5741206977833432
0,0,0.4235381393769223
1,1,0.5088557800125919
0,0,0.4434276005074273
0,0,0.4405980817252018
1,0,0.4907347032244565
0,1,0.5363388475651765
1,0,0.3150123125477252
0,1,0.6151519447260116
0,0,0.37948594740066915
0,0,0.07946930551268493
0,0,0.38936432503506546
1,1,0.5101707374594792
0,0,0.0553477597538123
1,0,0.3290510609262447
0,0,0.4855030379982238
0,0,0.4913126523089551
0,1,0.5001167719538084
0,1,0.5017971745472473
1,0,0.4885106476220711
1,1,0.517839238861945
0,0,0.44006639330394115
1,0,0.486469105453305
0,0,0.43196839996810454
0,1,0.511293968279973
0,0,0.3285794260827285
0,1,0.5057667528801252
1,0,0.3793511054422275
0,1,0.5088540924344324
1,0,0.4164922435065113
0,0,0.48120409343943293
0,0,0.4710439180807019
0,0,0.4873145969255669
1,0,0.13831086885046104
0,0,0.37733601233838837
0,1,0.5160326417932759
1,1,0.9994107054633014
0,0,0.4501920831659195
0,0,0.4786402576986017
0,1,0.5461924078461451
0,1,0.5198565962548757
0,0,0.3299203640902431
1,1,0.6115848613975333
0,0,0.4912617236679566
0,0,0.48383197726303145
0,1,0.5057555170827858
1,1,0.658143408011649
1,0,0.48383197726303145
0,0,0.49826983692633176
0,1,0.6812007101122262
1,0,0.4861345565281622
0,0,0.48664508786995786
1,0,0.3310911919816361
1,1,0.5088557800125919
0,1,0.5057667528801252
0,1,0.528605425455084
1,1,0.5303299141114717
1,0,0.24995321129673015
1,0,0.4321215835986679
0,1,0.5148760137825501
0,1,0.5169007468050232
0,1,0.5174441365390968
1,1,0.9997759451649317
1,1,0.5008052678296921
1,0,0.4998361020654101
1,1,0.5709726282657062
1,0,0.49027720309946515
0,0,0.4907347032244565
1,0,0.470943743119802
0,0,0.4915317675983414
1,0,0.18769060397127785
1,1,0.9998226783818053
1,1,0.544751944528451
0,1,0.5491450283758937
0,0,0.4896613417951327
1,1,0.5160326417932759
1,1,0.9997806320996333
1,0,0.3736100090853076
1,0,0.4913126523089551
1,1,0.5160326417932759
0,1,0.5024702755578836
1,0,0.4998361020654101
1,0,0.4405980817252018
0,1,0.50447924899713
0,0,0.3516879387094425
0,0,0.4321215835986679
1,0,0.44219564075043555
0,1,0.5251912529179843
0,1,0.5057555170827858
0,1,0.5184880778783645
1,0,0.48910369060061226
0,0,0.20222331580795655
0,0,0.3614746121494543
0,0,0.2039589660288455
0,1,0.5123328805226314
1,1,0.9998914630008661
1,1,0.5218204044959358
1,1,0.5331353275985826
1,0,0.4943214213394041
0,0,0.49041591639451965
0,0,0.4961194986577269
0,0,0.4896613417951327
0,0,0.42903642286604887
0,0,0.490580924207801
1,1,0.9998310912236561
1,0,0.40520730242258096
0,1,0.5160326417932759
0,0,0.3946450428770037
1,1,0.511206960001663
0,1,0.500651500456062
1,1,0.9996762444986546
1,0,0.3778012259578315
0,0,0.4859894307931794
0,0,0.321567731674785
0,1,0.543375795824039
1,1,0.5232059552195719
0,1,0.5298706968336325
1,0,0.48790120539719756
1,0,0.4885106476220711
1,0,0.4991671239600787
0,0,0.17113976828967029
1,1,0.9997004268448497
1,0,0.49076527277682463
1,0,0.4899906144832054
1,1,0.500651500456062
1,1,0.5174587936751366
0,1,0.5334741640043568
0,1,0.5067966390581996
0,1,0.5647148549745872
0,1,0.5074440403708788
0,0,0.486469105453305
0,0,0.48625731022329105
0,1,0.502765777263656
1,0,0.4896613417951327
0,0,0.470943743119802
0,0,0.4998361020654101
0,0,0.4860100318180232
0,1,0.5350066802340743
1,1,0.5085366031599522
0,0,0.4334556669661934
0,0,0.48393385839741326
1,1,0.9998708087876901
0,1,0.5245875953402119
0,0,0.33291255737330666
1,0,0.4855030379982238
1,0,0.48707866741013045
0,1,0.6045000198054428
0,1,0.5141175904245529
1,1,0.50447924899713
0,0,0.4933814302917469
1,0,0.4907347032244565
1,1,0.5245875953402119
0,0,0.49033948727285476
0,1,0.5846542630874522
1,1,0.543787776574599
1,0,0.4998361020654101
1,1,0.5219321540377132
0,1,0.500651500456062
0,0,0.4885106476220711
0,0,0.4824953569470108
0,0,0.321546005598256
0,0,0.3726622126364095
0,0,0.4992119553781867
1,1,0.9994621169490138
0,0,0.4034076198144134
1,1,0.5008052678296921
1,1,0.5048221855684755
1,0,0.4832530713645892
0,0,0.4998361020654101
1,1,0.5088540924344324
1,1,0.500651500456062
0,0,0.3389957383580667
1,1,0.5403720470836773
1,0,0.4928560554518983
0,0,0.48707866741013045
0,1,0.5042440490014455
0,0,0.44219564075043555
1,1,0.5692444090129212
1,0,0.40546420285138846
1,1,0.50447924899713
0,1,0.500651500456062
1,0,0.39819907156399925
0,0,0.49800582493248957
0,1,0.5088540924344324
0,1,0.5088540924344324
0,0,0.4915712497551651
0,0,0.49041591639451965
0,0,0.4781113065171764
0,0,0.4817024537921271
1,1,0.9995849553350029
1,1,0.5105737880645947
0,0,0.3949727982586334
0,1,0.5052155750330206
0,1,0.5088540924344324
0,0,0.32325219763173146
0,1,0.511206960001663
1,1,0.5141175904245529
1,0,0.456210270958331
0,0,0.49935287105484627
0,0,0.2819725548666047
1,0,0.4860100318180232
1,1,0.500651500456062
1,0,0.2478774929162032
1,1,0.5011532225266468
1,0,0.49041591639451965
0,0,0.495529163978138
0,1,0.5327167468839366
0,0,0.4912617236679566
1,1,0.999934438577148
1,0,0.4121437237689658
0,0,0.1198033514453622
0,0,0.45372955296876505
0,0,0.4602549547119698
0,0,0.4291201206053147
1,0,0.4998361020654101
0,1,0.554193779344862
0,1,0.50447924899713
1,1,0.5292772134122502
1,0,0.4873145969255669
1,0,0.49942672204940186
1,1,0.576758547331926
1,1,0.5327569587795925
0,0,0.0006451764602917421
1,1,0.5255155899624375
0,0,0.4885106476220711
0,1,0.502122378290864
0,0,0.4820529712950648
0,0,0.3779687042386227
0,0,0.40144547592703983
0,0,0.4519232798950174
0,0,0.3756056122615343
0,1,0.5370558932094461
1,1,0.9997958489938988
1,1,0.5027248408893272
1,1,0.543787776574599
0,0,0.46529245979964645
1,1,0.9995225687730992
0,0,0.4996806141250493
0,0,0.15500470032202857
0,0,0.1816139684517333
0,0,0.47360766472212595
0,0,0.47986545207585923
0,1,0.5513895916340389
1,0,0.44990120583961174
0,0,0.4631985126275813
0,0,0.4998361020654101
0,0,0.3890299349521431
1,0,0.49041591639451965
0,1,0.5070836571298218
0,0,0.37767149125460486
1,0,0.13484175369351992
0,0,0.3837321337057045
1,0,0.48120409343943293
0,1,0.622176197643003
0,1,0.5141175904245529
1,1,0.5037678566793601
1,1,0.999811239130869
0,0,0.4923590586121958
0,0,0.44831314890513474
0,1,0.8445974371976523
0,0,0.4006539475205397
1,1,0.9999021936068975
0,0,0.44214221957120536
0,0,0.48791952982803655
0,1,0.5088557800125919
1,1,0.5004800596271939
0,0,0.46896218943745266
0,0,0.44784783802532935
1,1,0.5184880778783645
1,0,0.47639249688170054
0,1,0.5675669030743971
0,0,0.4971334880395946
1,0,0.34174247113651773
0,0,0.4993152916555989
1,0,0.4857940284455393
0,1,0.5076743679281751
0,0,0.4896613417951327
0,0,0.4928560554518983
0,0,0.2849917494806634
0,1,0.5327167468839366
0,0,0.4814464615211192
1,1,0.5072840869333985
0,0,0.4968514298223465
0,0,0.4933814302917469
0,0,0.49287612112421464
1,0,0.4976316482315666
0,0,0.48790120539719756
0,0,0.4653427594930246
0,1,0.543787776574599
1,1,0.5057555170827858
0,0,0.45488423683751017
0,1,0.5651710339271994
0,0,0.36830360050033617
1,0,0.47913311473757
0,0,0.4885106476220711
0,0,0.34267858311787025
1,1,0.9998001296056429
1,1,0.9827698430240798
0,1,0.5001642265218117
1,0,0.45660002352375656
0,1,0.5001167719538084
0,0,0.4885106476220711
0,0,0.3935462128532796
0,0,0.49205143468854007
0,1,0.5659308349969576
1,0,0.49041591639451965
0,0,0.4913126523089551
1,1,0.5159600647703056
0,0,0.48393385839741326
1,0,0.4885106476220711
0,1,0.5138096092673896
1,1,0.9998708357650716
0,0,0.2963336491278945
0,0,0.4497376619562416
0,1,0.5307724314576598
0,0,0.023751436659760476
1,0,0.4946488469145844
1,1,0.5028481574114908
0,1,0.5138096092673896
1,1,0.9999106475111351
0,0,0.4860100318180232
0,1,0.5482168097530548
0,0,0.4631711110067176
1,0,0.31800338017073054
0,1,0.5001167719538084
1,0,0.4998361020654101
0,0,0.384015233773068
1,0,0.486469105453305
0,0,0.4253220976006731
1,0,0.3470471495359042
0,1,0.5200437361609095
0,0,0.48120409343943293
0,0,0.49942672204940186
1,0,0.3755232100598555
1,0,0.4252550328666427
0,0,0.4896613417951327
1,0,0.45825724263407547
0,1,0.5218204044959358
0,0,0.18187946739563088
1,1,0.500651500456062
1,0,0.2282059311699941
1,0,0.4912617236679566
1,0,0.4666674890286606
0,1,0.5088540924344324
1,1,0.5327167468839366
0,0,0.49995932748697525
1,1,0.5212095561454495
1,0,0.4896613417951327
1,0,0.470943743119802
0,0,0.4885106476220711
1,1,0.9999043888492646
1,1,0.5004800596271939
0,1,0.50447924899713
0,0,0.37599280794750906
0,0,0.37599280794750906
0,1,0.5036272823927491
0,0,0.06651641444860702
0,0,0.38857311339295536
0,0,0.45591733883623486
1,1,0.9998843885883988
1,0,0.4912617236679566
0,1,0.508991123862357
0,0,0.23520597384364092
0,1,0.5088540924344324
1,1,0.5076743679281751
0,1,0.5376554074222529
0,1,0.5088540924344324
1,0,0.4916579768149222
0,1,0.5077504068694113
1,1,0.5517275656203573
0,1,0.500651500456062
1,1,0.9999037805481735
1,0,0.4907347032244565
0,0,0.4814464615211192
1,0,0.36331837743569
0,0,0.0758732666190107
1,0,0.49459921231843273
0,0,0.4907347032244565
0,1,0.5001642265218117
0,0,0.2741462980803532
1,1,0.5011532225266468
1,0,0.08163269644914678
0,0,0.4907347032244565
0,0,0.4097365447091748
0,1,0.5138096092673896
1,1,0.5008052678296921
1,1,0.5198565962548757
0,0,0.4907347032244565
1,0,0.48585894568688853
0,0,0.3102245872575971
0,1,0.5008052678296921
0,1,0.503534072715108
1,0,0.4513035098952922
0,1,0.5491995170288839
0,0,0.4867937995483677
0,0,0.4946488469145844
1,0,0.4807793268416952
1,1,0.5327167468839366
0,1,0.5544266339183963
0,0,0.4535811173346463
0,0,0.4907347032244565
0,1,0.7626100542966636
1,0,0.341286884059864
0,1,0.5004800596271939
1,0,0.486469105453305
1,0,0.49033948727285476
1,0,0.4961194986577269
1,0,0.4871028010796751
1,1,0.5501864521576637
1,1,0.9999117531343158
0,0,0.490580924207801
1,0,0.4967265630990206
1,1,0.9996128391410203
0,0,0.4737159687142412
1,0,0.39819907156399925
0,1,0.50447924899713
1,1,0.5004800596271939
1,1,0.9999023522469308
0,0,0.14378590501085928
0,0,0.32653262352891177
0,0,0.27306698469696444
1,0,0.35429468613736703
0,1,0.5017971745472473
0,1,0.5009284928860076
0,0,0.4807793268416952
0,1,0.5011532225266468
0,1,0.500537240755644
0,0,0.4860100318180232
0,0,0.49033948727285476
0,1,0.5057555170827858
0,0,0.4602549547119698
1,1,0.5172361917181898
1,0,0.49822443318461523
0,0,0.33276100303141637
0,0,0.4212042920449964
1,1,0.619425871821555
1,1,0.5101707374594792
1,1,0.502122378290864
0,0,0.18040299401395063
1,0,0.4855030379982238
0,1,0.5054497371271585
1,1,0.999295032422053
1,0,0.4900539305879104
0,0,0.48941237791057035
0,1,0.5049526505298333
0,0,0.49138491198666506
0,0,0.42799999335479166
0,0,0.4451413249111679
0,0,0.490580924207801
1,0,0.3033870006815993
0,0,0.36114498134819456
1,0,0.15587649792743666
0,0,0.45354533467429364
1,1,0.5397863875457328
1,1,0.9999485651073684
0,0,0.4512895002629844
1,0,0.3826757767817416
1,1,0.502216994528299
0,0,0.4919707830896987
0,1,0.5027080262836932
1,1,0.5251912529179843
1,1,0.5160326417932759
0,0,0.27277822555852127
1,1,0.9998744784520577
1,0,0.27800639959952883
0,1,0.5138096092673896
0,1,0.5054497371271585
1,0,0.4898959424982391
0,0,0.4820529712950648
0,1,0.511206960001663
0,0,0.4978844819096963
0,1,0.5083789444293547
1,0,0.496815270205062
0,0,0.4912617236679566
1,0,0.4378916070568148
1,0,0.4907347032244565
0,0,0.47136445497844354
0,0,0.338530919362872
1,1,0.9999049961167091
0,0,0.4149774193036969
0,0,0.3494935782386206
1,1,0.504303838619032
0,0,0.48592066804518635
0,0,0.3452325326741687
1,1,0.5004140154404271
0,1,0.5184880778783645
1,0,0.4820529712950648
0,0,0.2569959108121595
1,0,0.08724355077715286
0,0,0.32148605395185703
0,0,0.331846460429965
1,0,0.05142767225421153
0,1,0.5156035514689179
0,0,0.4946488469145844
1,0,0.36577497097839373
0,1,0.6127061335645603
1,1,0.5057555170827858
0,0,0.003778659408745376
0,0,0.47873201650718067
1,1,0.9998747079322104
0,1,0.5160326417932759
0,0,0.4998361020654101
0,0,0.4789891563632211
1,0,0.4537601525206987
1,1,0.9999181815902648
0,0,0.3470253367182083
1,0,0.2451267906866056
1,1,0.9993308453832669
0,0,0.47491092698227244
0,1,0.5660893377539493
0,1,0.5265043339122724
1,1,0.5076802946337304
1,0,0.3685932915014113
1,1,0.9996586898297196
0,0,0.48737046695486624
0,0,0.24256692193830884
1,0,0.4135803194995936
0,0,0.49287612112421464
0,0,0.363268822135207
1,1,0.500651500456062
0,0,0.4573704833450613
0,1,0.5174587936751366
1,1,0.9999215098791381
0,0,0.4971334880395946
0,0,0.33634973853336375
1,0,0.4933814302917469
1,0,0.3857822869065695
1,0,0.4143127052686202
1,0,0.2694322263093686
0,0,0.3868465833228852
0,0,0.39887648761249667
0,1,0.508560168293949
0,0,0.4860100318180232
1,1,0.5162406105815274
1,1,0.9999273998381073
0,0,0.49205143468854007
0,1,0.5517275656203573
1,1,0.5218204044959358
0,0,0.48989976792439643
0,0,0.4896166748196858
0,0,0.4835429876284037
1,0,0.4907347032244565
1,1,0.5232234333631518
1,0,0.4990022763278688
1,0,0.4598224741672147
0,0,0.2260215824484777
1,1,0.5255155899624375
0,1,0.508991123862357
1,0,0.19000377562718923
1,0,0.4885106476220711
0,1,0.5218908956563222
0,1,0.58452539799327
0,0,0.44295837703063107
0,1,0.5159600647703056
1,1,0.6669477562444736
1,0,0.490580924207801
0,0,0.4929344566757638
1,0,0.3362823743691595
0,0,0.49608150698402925
1,0,0.4961194986577269
0,0,0.4896613417951327
0,0,0.001966303764353393
0,0,0.4713930658093873
1,0,0.48707866741013045
0,0,0.006810093834894302
1,0,0.4907347032244565
0,0,0.49465925643937925
1,1,0.5117570155183621
1,1,0.5499837006681707
1,0,0.470943743119802
0,0,0.4869696459455474
1,0,0.06902411574411604
0,0,0.486469105453305
1,1,0.5016825827200134
1,1,0.5165445036427506
0,0,0.486469105453305
0,0,0.4121437237689658
1,1,0.999740931926584
1,0,0.495810082142245
1,0,0.4854694713487974
0,0,0.4653427594930246
0,1,0.5327167468839366
0,0,0.4873145969255669
0,1,0.5235163991133178
1,1,0.5002223643720443
1,1,0.9998985733140646
1,0,0.4992119553781867
0,0,0.4933814302917469
0,0,0.47610008488982886
1,0,0.3628459701561881
0,0,0.49608150698402925
0,0,0.3635699308152399
1,0,0.48790120539719756
0,0,0.43295065028445995
0,0,0.4933814302917469
1,1,0.6501663927037589
0,1,0.5773369877902483
1,0,0.495265968953333
0,1,0.5057667528801252
1,1,0.9998126368107793
1,1,0.9996890407557112
0,1,0.5159600647703056
1,0,0.454161765716314
1,1,0.7313366403165791
0,1,0.5245875953402119
0,1,0.502122378290864
0,1,0.5715192884782971
0,1,0.5222668140045491
0,0,0.30702101878470517
0,0,0.4998361020654101
1,1,0.5001167719538084
0,1,0.5121652513060222
0,0,0.0017070792196452564
0,0,0.0012613547422789097
0,0,0.4912617236679566
1,0,0.4817024537921271
0,0,0.49205143468854007
1,0,0.4915317675983414
0,0,0.1295939116580655
0,0,0.486469105453305
0,0,0.4998361020654101
1,0,0.3019016758787159
0,1,0.502216994528299
0,1,0.5218204044959358
0,0,0.4820529712950648
0,0,0.4913126523089551
0,0,0.48707866741013045
0,0,0.49568829798813635
0,1,0.5216624417434105
0,0,0.4302884893144853
0,0,0.44003867456981494
1,0,0.40797081355899373
1,1,0.9999139903762607
1,0,0.4743654741899417
0,0,0.42538911114067474
1,1,0.9988353005896525
1,0,0.46650812548969284
0,0,0.26482040532093587
1,0,0.4912617236679566
1,0,0.490580924207801
1,0,0.39819907156399925
0,0,0.3768997063976824
0,0,0.4413191698315143
1,0,0.4912617236679566
1,1,0.9998786067184641
0,1,0.5218204044959358
0,0,0.0005517339058292352
1,1,0.9998986459798677
0,0,0.49608150698402925
1,0,0.4885106476220711
1,0,0.490580924207801
0,1,0.500651500456062
0,0,0.4971334880395946
0,0,0.0004032456249543906
1,0,0.39116348569950354
0,1,0.5675669030743971
0,0,0.2849917494806634
1,1,0.5057667528801252
1,1,0.5298718389670402
1,0,0.4912617236679566
0,0,0.0872495044630656
0,1,0.5102689908834179
0,0,0.4193942414581516
1,1,0.5088540924344324
0,0,0.4993152916555989
0,1,0.511206960001663
1,1,0.5126825602792299
1,1,0.9997129154082193
0,1,0.5062192442084122
0,1,0.515081292151952
0,0,0.2867636994004615
1,1,0.5372867792268106
0,0,0.49995932748697525
1,0,0.41006934041762755
0,0,0.407299457136056
0,0,0.29831986331357757
0,1,0.5070836571298218
0,1,0.5067966390581996
1,1,0.5055379882233427
0,1,0.5112992757356464
0,1,0.5293672389246846
1,1,0.5142590970432583
0,1,0.5253742558928252
0,1,0.5664760547776106
1,0,0.47906650150962055
0,0,0.16655317499868602
0,1,0.500651500456062
0,1,0.5218204044959358
0,1,0.5011532225266468
0,0,0.48703808409205707
0,0,0.40138047937398935
0,0,0.4855030379982238
0,1,0.5088540924344324
0,1,0.5042029069430568
1,0,0.47298402176642007
0,1,0.5675669030743971
0,0,0.454161765716314
1,0,0.4853295672373662
0,0,0.43295065028445995
1,0,0.4907347032244565
0,0,0.49541332399454235
1,1,0.5556471114616409
1,1,0.5371799738232163
1,0,0.454161765716314
1,1,0.999708532767477
0,1,0.5160326417932759
0,0,0.4913126523089551
0,0,0.49205143468854007
1,1,0.5076743679281751
0,1,0.5676662818403884
0,0,0.4820529712950648
0,1,0.5270305233183016
0,1,0.5011293042067464
1,1,0.5055357780844859
1,0,0.486469105453305
0,0,0.0007601456804569947
0,0,0.3844740258352321
1,0,0.49445825706076313
0,1,0.5174587936751366
0,1,0.5081201138114664
0,0,0.49942672204940186
0,1,0.5213904538680342
1,0,0.21018804703686703
1,0,0.46665935131431674
0,0,0.3824322041021113
1,0,0.4896613417951327
0,1,0.5072296365097124
0,0,0.19525823506359014
0,0,0.3753622239934595
0,0,0.37241960934177787
0,0,0.3379252113180505
1,0,0.49826983692633176
1,1,0.5893695657299328
1,0,0.3783161329930119
0,0,0.016122058077056484
0,0,0.45660002352375656
0,1,0.5118241014267366
1,1,0.5008052678296921
0,0,0.496508883964663
1,0,0.4287014828469826
0,1,0.5076743679281751
1,0,0.4405980817252018
0,0,0.41899982503485783
1,1,0.5069482608209925
0,0,0.4887918962163911
0,0,0.48318091008546327
0,0,0.49205143468854007
0,0,0.09423577482017576
1,0,0.49608150698402925
0,1,0.5114171301477594
0,0,0.49822443318461523
0,0,0.4887918962163911
0,0,0.4969962443021633
1,0,0.490580924207801
1,0,0.4481608076642764
0,0,0.4133906980072736
0,0,0.4820529712950648
0,0,0.3754981742477519
0,1,0.6087287962909601
0,0,0.4933814302917469
0,0,0.47610008488982886
0,0,0.3281326475604207
0,0,0.4321215835986679
1,1,0.5052155750330206
0,1,0.6080488658279982
0,0,0.3050642280283196
1,1,0.5148760137825501
0,0,0.0018882241187440968
1,0,0.4907347032244565
0,0,0.020151256358159512
0,1,0.5088557800125919
1,1,0.9999083321718004
1,0,0.49826983692633176
1,0,0.4079224927624184
0,0,0.4817024537921271
1,0,0.470943743119802
1,0,0.41284814521561175
0,0,0.4885106476220711
0,0,0.40545320905137716
1,0,0.38203925231240193
0,0,0.35340618979493693
0,1,0.5213904538680342
0,0,0.44219564075043555
0,0,0.48989976792439643
1,1,0.501877382301552
0,1,0.508560168293949
1,1,0.999932404966195
0,1,0.511293968279973
1,1,0.512884948852028
0,0,0.4885106476220711
0,0,0.4885106476220711
0,0,0.48910367429791374
0,1,0.5218204044959358
1,0,0.4108137296815487
0,1,0.5477026380639165
1,1,0.5067867173168109
1,0,0.4835429876284037
1,0,0.44684658171413144
1,1,0.502122378290864
0,0,0.4933814302917469
1,1,0.531997223217816
0,0,0.4807793268416952
0,1,0.5088540924344324
0,0,0.39376470237105715
0,0,0.4998361020654101
0,0,0.38823254158836523
1,0,0.4912617236679566
1,0,0.3797447153348891
0,1,0.5058462284991216
1,1,0.508991123862357
0,0,0.495529163978138
0,1,0.5245875953402119
1,1,0.502765777263656
1,1,0.5890846142431823
1,1,0.500651500456062
0,0,0.48625731022329105
0,1,0.5067867173168109
0,0,0.4998361020654101
1,0,0.4769139587006113
1,1,0.9999442126840704
0,1,0.5245875953402119
0,0,0.18459408299279723
0,1,0.5023402173958532
0,0,0.22812284064611754
0,1,0.5309788968795582
0,1,0.5156035514689179
1,1,0.9997998990199968
0,1,0.5800985332574161
0,1,0.508991123862357
1,0,0.48499828300239445
1,1,0.5253742558928252
0,0,0.4370950121475787
0,0,0.4896613417951327
0,0,0.1694221926521994
1,0,0.4896613417951327
0,1,0.5061391490652832
0,0,0.47610008488982886
0,1,0.500651500456062
1,0,0.4871028010796751
0,0,0.4993152916555989
0,0,0.08727592177283933
1,0,0.4912617236679566
1,0,0.4842893787097104
0,0,0.48625731022329105
1,1,0.5057555170827858
0,1,0.5184880778783645
1,0,0.37587285356210426
0,0,0.4855030379982238
0,0,0.37228226832103295
0,0,0.4912617236679566
0,1,0.5011532225266468
0,0,0.4896613417951327
1,1,0.5877700447128248
0,0,0.4282344316262305
0,0,0.4656714735990384
0,1,0.5156035514689179
0,0,0.44684658171413144
1,0,0.49138491198666506
0,0,0.4583873992191137
0,0,0.37228226832103295
0,0,0.4940577391214828
1,0,0.16524961646842098
1,0,0.4549647926446472
0,0,0.012769248727557567
1,1,0.5218204044959358
0,0,0.49650404625184147
0,0,0.4820529712950648
0,1,0.6026410201597552
1,0,0.4887918962163911
0,0,0.4860398956019552
1,0,0.40654456922315874
0,0,0.4992119553781867
0,0,0.46329409942614364
0,0,0.490580924207801
1,1,0.6127061335645603
0,1,0.5004800596271939
0,0,0.06175022788886908
1,0,0.36988973506489203
0,1,0.504303838619032
0,0,0.49568829798813635
1,1,0.502216994528299
1,0,0.44573583107257086
0,0,0.4427842281883619
1,1,0.5607303288028764
1,1,0.9998043944478034
0,0,0.16858425031294347
0,0,0.4524508156722656
1,1,0.5062448269506209
1,1,0.5174587936751366
0,1,0.5159600647703056
1,0,0.36577497097839373
0,0,0.3873219368830133
0,0,0.3654582722428852
0,0,0.490580924207801
1,0,0.4907347032244565
0,1,0.5517275656203573
1,1,0.507274399703009
0,1,0.5336529103264867
1,1,0.9998184062830311
1,1,0.5088557800125919
1,1,0.5004140154404271
0,0,0.48181691623876266
1,0,0.4896613417951327
0,1,0.5218204044959358
0,1,0.500651500456062
1,0,0.2905358773029261
0,0,0.05716460428746125
1,1,0.99861137237717
0,0,0.49568829798813635
0,1,0.5011532225266468
1,0,0.4855030379982238
0,0,0.4113834420378817
0,0,0.49579228297780126
1,1,0.7117484269936604
1,1,0.9997891938135598
0,1,0.500651500456062
0,0,0.4855030379982238
