y_true,y_proba,y_pred
0.0,0.4833107,0
1.0,0.3193864,0
1.0,0.39561054,0
0.0,0.49133912,0
1.0,0.4954927,0
1.0,0.49545136,0
1.0,0.4933145,0
0.0,0.487241,0
0.0,0.49112642,0
1.0,0.25672573,0
0.0,0.487241,0
0.0,0.4841706,0
0.0,0.4037979,0
0.0,0.37040037,0
0.0,0.14125748,0
0.0,0.49579063,0
0.0,0.4947974,0
0.0,0.24491745,0
1.0,0.9989605,1
1.0,0.4937883,0
0.0,0.49089718,0
1.0,0.9923035,1
0.0,0.3883009,0
1.0,0.8555811,1
0.0,0.4921414,0
0.0,0.25979197,0
0.0,0.02997234,0
1.0,0.49579,0
1.0,0.99594754,1
0.0,0.4957956,0
0.0,0.49556926,0
1.0,0.506008,1
1.0,0.48997924,0
0.0,0.48528695,0
1.0,0.3630213,0
1.0,0.4027757,0
0.0,0.4942459,0
0.0,0.4896351,0
1.0,0.99795794,1
0.0,0.19761023,0
1.0,0.50840706,1
1.0,0.48825046,0
1.0,0.27326584,0
1.0,0.5036993,1
1.0,0.49007323,0
0.0,0.49085805,0
1.0,0.4910119,0
0.0,0.4949238,0
0.0,0.4844182,0
1.0,0.49485284,0
0.0,0.48499426,0
1.0,1.0,1
1.0,0.4840519,0
1.0,0.4956906,0
1.0,0.4946622,0
1.0,0.49551645,0
0.0,0.4957956,0
1.0,0.5082872,1
1.0,0.5079604,1
1.0,0.50737464,1
0.0,0.49499542,0
1.0,0.2451863,0
1.0,0.99960417,1
1.0,0.3968275,0
1.0,0.49573052,0
0.0,0.49112642,0
0.0,0.4922431,0
0.0,0.49382433,0
0.0,0.3022535,0
0.0,0.3756914,0
0.0,0.48515615,0
1.0,0.487241,0
0.0,0.24026553,0
0.0,0.48961455,0
0.0,0.49673226,0
0.0,0.5081385,1
1.0,0.4841706,0
1.0,0.4960588,0
1.0,0.49506038,0
1.0,0.49579063,0
1.0,0.49495617,0
0.0,0.39905182,0
1.0,0.4909339,0
1.0,0.49607575,0
1.0,0.25091115,0
0.0,0.50788176,1
1.0,0.49562332,0
1.0,0.38865888,0
0.0,0.49573806,0
0.0,0.49173468,0
1.0,0.41053313,0
0.0,0.48630977,0
1.0,0.487241,0
1.0,0.49562332,0
0.0,0.24924158,0
1.0,0.49411592,0
0.0,0.4854583,0
1.0,0.4922431,0
0.0,0.50840825,1
1.0,0.9990798,1
0.0,0.4918458,0
0.0,0.49485502,0
0.0,0.3837578,0
1.0,0.487241,0
1.0,0.49420604,0
0.0,0.48532742,0
0.0,0.40006235,0
0.0,0.48961455,0
0.0,0.48809752,0
0.0,0.39967564,0
0.0,0.49097422,0
0.0,0.4833107,0
0.0,0.487241,0
1.0,0.487241,0
1.0,0.22982085,0
0.0,0.49368566,0
0.0,0.48596966,0
1.0,0.49566695,0
1.0,0.4831316,0
1.0,0.99760395,1
0.0,0.49368566,0
1.0,0.39504543,0
0.0,0.49429587,0
0.0,0.49485502,0
1.0,0.49206245,0
1.0,0.487241,0
1.0,0.494246,0
0.0,0.4955675,0
0.0,0.4934747,0
1.0,0.49211222,0
1.0,0.49335697,0
0.0,0.12486501,0
0.0,0.4946622,0
1.0,0.48991004,0
1.0,0.4956906,0
1.0,0.49202535,0
0.0,0.40900388,0
0.0,0.49562332,0
0.0,0.4883845,0
0.0,0.31125352,0
0.0,0.49335697,0
0.0,0.4936102,0
0.0,0.49506038,0
1.0,0.49295527,0
0.0,0.48509577,0
0.0,0.4956906,0
0.0,0.48307273,0
0.0,0.4954927,0
1.0,0.49280816,0
0.0,0.49202678,0
0.0,0.39924452,0
1.0,0.48962626,0
0.0,0.25327593,0
0.0,0.036485147,0
1.0,0.31125352,0
1.0,0.39608952,0
1.0,0.4949238,0
0.0,0.49276388,0
0.0,0.49560568,0
1.0,0.49311784,0
1.0,0.4954927,0
1.0,0.49439514,0
0.0,0.49458238,0
1.0,0.9989749,1
1.0,0.48099807,0
1.0,0.48103297,0
0.0,0.24309732,0
0.0,0.4884521,0
0.0,0.39544925,0
1.0,0.505429,1
0.0,0.2609736,0
1.0,0.49507418,0
1.0,0.49154404,0
0.0,0.49556926,0
0.0,0.32379073,0
1.0,0.48715279,0
1.0,0.4915588,0
1.0,0.99979156,1
0.0,0.48146626,0
0.0,0.48817706,0
1.0,0.496171,0
0.0,0.49152917,0
0.0,0.27289185,0
1.0,0.49608448,0
1.0,0.4956823,0
1.0,0.5072636,1
1.0,0.48643103,0
1.0,0.49364755,0
0.0,0.26181564,0
0.0,0.487241,0
0.0,0.4956906,0
0.0,0.4956717,0
0.0,0.49278256,0
1.0,0.501128,1
0.0,0.4956906,0
0.0,0.38754222,0
1.0,0.48418003,0
0.0,0.49562332,0
0.0,0.48513922,0
1.0,0.99871874,1
1.0,0.48496202,0
0.0,0.49608448,0
1.0,0.50829077,1
1.0,0.49497947,0
1.0,0.48307273,0
1.0,0.49099258,0
0.0,0.49576715,0
1.0,0.49608448,0
1.0,0.98511595,1
1.0,0.27077577,0
0.0,0.05476746,0
0.0,0.4954824,0
1.0,1.0,1
1.0,0.49258047,0
0.0,0.14878386,0
0.0,0.48409465,0
0.0,0.50776386,1
1.0,0.3864744,0
1.0,0.99776745,1
1.0,0.48809752,0
0.0,0.5088613,1
0.0,0.5066501,1
1.0,0.4908545,0
0.0,0.4914572,0
0.0,0.4955675,0
1.0,0.28319934,0
1.0,0.49305853,0
1.0,0.26086828,0
0.0,0.4937883,0
1.0,0.50614494,1
1.0,0.9999573,1
1.0,0.4947619,0
1.0,0.39240065,0
1.0,0.49583924,0
0.0,0.4835873,0
0.0,0.4820653,0
1.0,0.50788176,1
1.0,0.9950411,1
0.0,0.08717923,0
0.0,0.4936673,0
0.0,0.4943286,0
0.0,0.31995386,0
0.0,0.37473384,0
1.0,0.49506038,0
1.0,0.48554245,0
0.0,0.37872633,0
1.0,0.49035913,0
0.0,0.3202136,0
1.0,0.48936942,0
0.0,0.47898424,0
0.0,0.49567327,0
0.0,0.4892411,0
1.0,0.49512255,0
1.0,0.40095842,0
0.0,0.38968092,0
0.0,0.17305906,0
0.0,0.49029544,0
0.0,0.49152917,0
0.0,0.48169562,0
1.0,0.39556307,0
1.0,0.48267135,0
0.0,0.49506038,0
0.0,0.31210297,0
0.0,0.48817238,0
0.0,0.49202678,0
0.0,0.38918486,0
1.0,0.4958107,0
1.0,0.496171,0
1.0,0.99787235,1
1.0,0.5077283,1
0.0,0.3166953,0
0.0,0.31636894,0
1.0,0.49120888,0
0.0,0.49551645,0
1.0,0.48973727,0
1.0,0.48320374,0
1.0,0.9982799,1
0.0,0.49338356,0
1.0,0.49459195,0
0.0,0.09194038,0
1.0,0.48989362,0
1.0,0.50490326,1
0.0,0.49562454,0
1.0,0.48846394,0
1.0,0.99865603,1
0.0,0.48596966,0
1.0,0.37410218,0
0.0,0.4930438,0
0.0,0.49508375,0
1.0,0.38657814,0
0.0,0.027518924,0
1.0,0.49562407,0
1.0,0.49152917,0
1.0,0.49171,0
0.0,0.49007323,0
0.0,0.4884521,0
1.0,0.4884686,0
0.0,0.5078861,1
0.0,0.487241,0
1.0,0.9999995,1
1.0,0.4960237,0
0.0,0.4936883,0
1.0,0.4864479,0
1.0,0.3966069,0
1.0,0.49422795,0
1.0,0.4954927,0
0.0,0.49563557,0
1.0,0.49202678,0
1.0,0.4941043,0
0.0,0.48380435,0
1.0,0.49578425,0
0.0,0.29689804,0
1.0,0.48779052,0
0.0,0.22564618,0
1.0,0.50772035,1
1.0,0.49368566,0
0.0,0.49482167,0
0.0,0.01633419,0
0.0,0.48445088,0
0.0,0.38953143,0
0.0,0.38393676,0
0.0,0.014120475,0
0.0,0.4946622,0
0.0,0.49562332,0
0.0,0.49058378,0
0.0,0.48426327,0
0.0,0.3727655,0
0.0,0.49089718,0
0.0,0.49591604,0
0.0,0.48851314,0
1.0,0.50806046,1
0.0,0.49583924,0
0.0,0.33110765,0
1.0,0.49560568,0
0.0,0.49439514,0
0.0,0.4895451,0
0.0,0.49380812,0
0.0,0.3872445,0
0.0,0.49097648,0
0.0,0.19827315,0
1.0,0.49410912,0
1.0,0.37572205,0
0.0,0.5021945,1
1.0,0.49591604,0
1.0,0.99926895,1
1.0,0.49569038,0
1.0,0.2313148,0
1.0,0.4824434,0
1.0,0.49783823,0
1.0,0.3966691,0
0.0,0.49505126,0
1.0,0.48547208,0
0.0,0.4903629,0
1.0,0.99111384,1
0.0,0.30989525,0
0.0,0.49264944,0
1.0,0.49311784,0
0.0,0.39052418,0
1.0,0.49573806,0
0.0,0.49202678,0
0.0,0.48700362,0
0.0,0.4951412,0
0.0,0.4947028,0
1.0,0.37961954,0
1.0,0.49007323,0
1.0,0.4851235,0
0.0,0.4899833,0
0.0,0.49133906,0
1.0,0.3955709,0
0.0,0.48409465,0
0.0,0.4899257,0
1.0,0.4837798,0
0.0,0.25323406,0
0.0,0.38984445,0
1.0,0.49099258,0
0.0,0.49171,0
1.0,0.4956906,0
1.0,0.48961455,0
0.0,0.3237327,0
1.0,0.49214265,0
0.0,0.49335697,0
1.0,0.99892396,1
1.0,0.48380435,0
0.0,0.48961455,0
0.0,0.3855087,0
1.0,0.39545932,0
0.0,0.4912685,0
0.0,0.49562442,0
1.0,0.49152917,0
1.0,0.4925334,0
0.0,0.49439514,0
1.0,0.49673226,0
0.0,0.4947974,0
1.0,0.49144158,0
1.0,0.4903629,0
1.0,0.99931717,1
0.0,0.48550427,0
1.0,0.48458734,0
0.0,0.4941208,0
1.0,0.9983962,1
1.0,0.4954927,0
1.0,0.49250025,0
0.0,0.39566538,0
0.0,0.49587867,0
0.0,0.49506488,0
1.0,0.3966691,0
1.0,0.2848173,0
1.0,0.3825262,0
1.0,0.49562332,0
1.0,0.49035913,0
0.0,0.48435745,0
0.0,0.48367736,0
0.0,0.49499542,0
1.0,0.49269852,0
1.0,0.4847967,0
1.0,0.495356,0
1.0,0.48531908,0
1.0,0.4941043,0
0.0,0.4963853,0
1.0,0.4831316,0
1.0,0.4937176,0
0.0,0.4954927,0
0.0,0.38745514,0
1.0,0.496171,0
1.0,0.48390993,0
1.0,0.4951412,0
1.0,0.4957396,0
1.0,0.48596966,0
1.0,0.38394567,0
1.0,0.4946899,0
1.0,0.99690527,1
1.0,0.9995858,1
1.0,0.49897406,0
0.0,0.013139894,0
0.0,0.49368566,0
1.0,0.99611413,1
0.0,0.49412793,0
0.0,0.488471,0
0.0,0.48380435,0
1.0,0.99653447,1
1.0,0.4918327,0
0.0,0.4921143,0
1.0,0.4922914,0
0.0,0.01241444,0
0.0,0.48435745,0
0.0,0.49364755,0
1.0,0.49540046,0
0.0,0.49001145,0
1.0,0.49112642,0
1.0,0.4918458,0
1.0,0.49171,0
0.0,0.48630977,0
0.0,0.4851986,0
0.0,0.060307935,0
0.0,0.50540936,1
0.0,0.40560645,0
0.0,0.49082997,0
1.0,1.0,1
1.0,0.9991129,1
0.0,0.07587023,0
0.0,0.2987012,0
0.0,0.40497413,0
0.0,0.42071164,0
1.0,0.5026625,1
0.0,0.48172358,0
0.0,0.48789334,0
0.0,0.39098856,0
1.0,0.48099905,0
1.0,0.48700362,0
1.0,0.48284665,0
0.0,0.49607575,0
1.0,0.9990006,1
1.0,0.4882123,0
0.0,0.49572107,0
0.0,0.4936982,0
1.0,0.23560387,0
0.0,0.49152917,0
1.0,0.5026625,1
0.0,0.39654472,0
1.0,0.48809752,0
0.0,0.481842,0
0.0,0.5061645,1
1.0,0.49536997,0
1.0,0.4922914,0
1.0,0.49608424,0
0.0,0.1018231,0
0.0,0.24095464,0
1.0,0.49251512,0
1.0,0.49572062,0
0.0,0.48146626,0
1.0,0.5083989,1
0.0,0.30701208,0
1.0,0.487241,0
1.0,0.49567327,0
1.0,0.48427463,0
0.0,0.4951029,0
1.0,0.4960588,0
0.0,0.49551645,0
0.0,0.49429855,0
0.0,0.49171,0
1.0,0.48961455,0
0.0,0.38952637,0
0.0,0.49095488,0
0.0,0.4884521,0
1.0,0.4911187,0
0.0,0.50390124,1
0.0,0.48531908,0
0.0,0.3998027,0
0.0,0.48390993,0
1.0,0.99928856,1
0.0,0.4941986,0
0.0,0.50651836,1
1.0,0.48033226,0
1.0,0.50482965,1
1.0,0.4956906,0
0.0,0.48962626,0
1.0,0.9956214,1
1.0,0.49105063,0
0.0,0.49495617,0
0.0,0.49608448,0
0.0,0.49412793,0
1.0,0.99080724,1
0.0,0.30928686,0
0.0,0.48736238,0
0.0,0.40165275,0
1.0,0.49410683,0
0.0,0.49506027,0
0.0,0.49035913,0
0.0,0.023105035,0
1.0,0.5031516,1
0.0,0.4941043,0
1.0,0.4809551,0
0.0,0.48369622,0
0.0,0.4913911,0
0.0,0.49551645,0
0.0,0.4921948,0
1.0,0.97336334,1
0.0,0.4950537,0
0.0,0.38588986,0
1.0,0.99998784,1
0.0,0.48484647,0
1.0,0.30724677,0
0.0,0.49506038,0
0.0,0.5037712,1
1.0,0.49384516,0
1.0,0.49540186,0
0.0,0.0035069825,0
0.0,0.5078742,1
1.0,0.31373414,0
1.0,0.99890745,1
0.0,0.39206827,0
0.0,0.4816085,0
1.0,0.99980885,1
1.0,0.49202678,0
0.0,0.495468,0
0.0,0.10547599,0
0.0,0.5077227,1
0.0,0.4918458,0
1.0,0.49454647,0
0.0,0.49204838,0
1.0,0.49032605,0
0.0,0.31807032,0
0.0,0.39431572,0
0.0,0.4922431,0
1.0,0.9982888,1
0.0,0.39331496,0
1.0,0.49567643,0
1.0,0.4926417,0
0.0,0.38983306,0
0.0,0.4064742,0
0.0,0.4922431,0
1.0,0.49089718,0
0.0,0.495356,0
0.0,0.49499542,0
0.0,0.4936656,0
0.0,0.4941043,0
1.0,0.50746566,1
0.0,0.47907767,0
0.0,0.4927413,0
0.0,0.3892833,0
1.0,0.4892411,0
0.0,0.4954688,0
1.0,0.5045651,1
0.0,0.38808906,0
1.0,0.9991998,1
1.0,0.5019047,1
0.0,0.37614837,0
1.0,0.4914771,0
1.0,0.4946622,0
1.0,0.4936673,0
0.0,0.48743612,0
1.0,0.41404712,0
1.0,0.3774313,0
1.0,0.4948319,0
0.0,0.39889827,0
0.0,0.48380435,0
0.0,0.39770004,0
0.0,0.23901287,0
1.0,0.99680823,1
0.0,0.11081105,0
0.0,0.48596966,0
1.0,0.50213045,1
1.0,0.99837106,1
0.0,0.49439514,0
0.0,0.48418003,0
1.0,0.48973727,0
0.0,0.24516211,0
0.0,0.49450624,0
1.0,0.49569038,0
0.0,0.49531645,0
0.0,0.48012355,0
1.0,0.4949405,0
1.0,0.48513922,0
0.0,0.4946622,0
1.0,0.9987966,1
0.0,0.49616212,0
0.0,0.3802209,0
0.0,0.49248794,0
0.0,0.5077669,1
0.0,0.49089718,0
1.0,0.4951665,0
0.0,0.49495617,0
0.0,0.4922431,0
1.0,0.4883845,0
1.0,0.4960588,0
0.0,0.49608448,0
0.0,0.37503365,0
0.0,0.31172833,0
1.0,0.49112642,0
0.0,0.49505126,0
0.0,0.5089246,1
0.0,0.493985,0
0.0,0.3968275,0
0.0,0.5089684,1
0.0,0.4847391,0
0.0,0.39263773,0
1.0,0.99926466,1
0.0,0.4956823,0
1.0,0.3061202,0
1.0,0.99999976,1
0.0,0.4951029,0
0.0,0.4895451,0
1.0,0.49673226,0
0.0,0.5058103,1
1.0,0.26490158,0
1.0,0.49353132,0
1.0,0.4956906,0
1.0,0.99509156,1
0.0,0.49475485,0
1.0,0.3215083,0
1.0,0.99922013,1
0.0,0.49506038,0
1.0,0.49566695,0
1.0,0.9991192,1
1.0,0.49184906,0
0.0,0.4884521,0
0.0,0.49295527,0
0.0,0.32036698,0
0.0,0.22404541,0
0.0,0.49502778,0
0.0,0.36046433,0
0.0,0.49410912,0
1.0,0.49239838,0
0.0,0.49567327,0
1.0,0.4840451,0
0.0,0.30815855,0
1.0,0.49562362,0
1.0,0.2661327,0
1.0,0.9993212,1
0.0,0.49450624,0
0.0,0.49285102,0
1.0,0.4922431,0
0.0,0.49032605,0
1.0,0.4911187,0
0.0,0.3948284,0
0.0,0.48275203,0
1.0,0.48259637,0
1.0,0.25792435,0
1.0,0.4950924,0
1.0,0.4911317,0
0.0,0.49368566,0
1.0,0.9990902,1
0.0,0.049972035,0
1.0,0.48396143,0
1.0,0.38618004,0
1.0,0.31766522,0
1.0,0.4925667,0
1.0,0.49007648,0
1.0,0.37371132,0
0.0,0.024031138,0
0.0,0.49549925,0
0.0,0.4919947,0
1.0,0.40752852,0
0.0,0.4878777,0
0.0,0.494144,0
1.0,0.4841364,0
1.0,0.48854488,0
1.0,0.49562332,0
1.0,0.49411047,0
0.0,0.49152917,0
0.0,0.4949238,0
0.0,0.38657522,0
0.0,0.49579063,0
1.0,0.50763524,1
0.0,0.49481478,0
1.0,0.48515615,0
0.0,0.4876916,0
1.0,0.49452952,0
0.0,0.23312664,0
1.0,0.49171,0
1.0,0.4959691,0
0.0,0.49089718,0
1.0,0.9987173,1
0.0,0.5088096,1
0.0,0.49171,0
1.0,0.49368566,0
0.0,0.49562407,0
1.0,0.36336342,0
1.0,0.27004677,0
1.0,0.32256883,0
1.0,0.24125133,0
0.0,0.49607575,0
0.0,0.48564094,0
0.0,0.37554,0
0.0,0.4906576,0
0.0,0.48977187,0
0.0,0.487241,0
1.0,0.9992847,1
1.0,0.4936702,0
1.0,0.35940427,0
1.0,0.4951412,0
0.0,0.49068135,0
1.0,0.3819878,0
1.0,0.50820184,1
0.0,0.39503086,0
1.0,0.48152265,0
0.0,0.39219537,0
0.0,0.39100876,0
0.0,0.31935704,0
1.0,0.49476898,0
1.0,0.4955675,0
1.0,0.4847967,0
1.0,0.48915094,0
1.0,0.39098075,0
0.0,0.4951124,0
1.0,0.48736238,0
0.0,0.49562454,0
1.0,0.4930438,0
1.0,0.2585267,0
1.0,0.48700362,0
0.0,0.3912823,0
0.0,0.487241,0
0.0,0.4956906,0
0.0,0.28317738,0
0.0,0.39356127,0
0.0,0.14072397,0
1.0,0.99914837,1
0.0,0.49551645,0
0.0,0.3824528,0
0.0,0.50798404,1
0.0,0.49549925,0
1.0,0.48241192,0
1.0,0.5079749,1
1.0,0.99998987,1
0.0,0.5019681,1
1.0,0.39934814,0
1.0,0.48206002,0
1.0,0.505822,1
1.0,0.49551645,0
1.0,0.4810891,0
1.0,0.49608448,0
1.0,0.4921445,0
1.0,0.31935948,0
1.0,0.49549925,0
1.0,0.344951,0
0.0,0.4957956,0
1.0,0.39805213,0
0.0,0.48630977,0
1.0,0.99999976,1
1.0,0.39527935,0
0.0,0.3903636,0
1.0,0.48961455,0
0.0,0.50584674,1
1.0,0.99614656,1
0.0,0.2591251,0
1.0,0.487241,0
0.0,0.48526195,0
1.0,0.5084093,1
0.0,0.39113486,0
0.0,0.39070028,0
1.0,0.48418003,0
0.0,0.046510957,0
0.0,0.48267135,0
0.0,0.4951071,0
1.0,0.9988925,1
0.0,0.48268235,0
0.0,0.013001525,0
0.0,0.23447165,0
1.0,0.49249706,0
1.0,0.38339734,0
0.0,0.49152917,0
0.0,0.3278852,0
0.0,0.31613255,0
0.0,0.50846624,1
0.0,0.49066666,0
0.0,0.4915588,0
0.0,0.487241,0
1.0,0.5081594,1
0.0,0.4954927,0
0.0,0.38968945,0
1.0,0.5071497,1
0.0,0.31214997,0
0.0,0.49485284,0
1.0,0.4921626,0
0.0,0.49002016,0
0.0,0.4956906,0
1.0,0.49422795,0
0.0,0.49097648,0
0.0,0.32106686,0
0.0,0.2588403,0
1.0,0.50819635,1
0.0,0.40268514,0
1.0,0.38481823,0
1.0,0.49449387,0
0.0,0.48612183,0
0.0,0.4870631,0
1.0,0.4956906,0
1.0,0.3701195,0
1.0,0.27423012,0
0.0,0.48499426,0
0.0,0.49607575,0
1.0,0.49410683,0
1.0,0.49410683,0
0.0,0.49089718,0
0.0,0.49567643,0
0.0,0.4817685,0
1.0,0.3917368,0
0.0,0.49505723,0
0.0,0.09607956,0
0.0,0.49508375,0
1.0,0.48997924,0
0.0,0.0041612815,0
0.0,0.496171,0
0.0,0.48307666,0
1.0,0.3292849,0
0.0,0.485054,0
0.0,0.50770456,1
0.0,0.49258047,0
1.0,0.4884521,0
0.0,0.50818247,1
1.0,0.4934747,0
0.0,0.4029534,0
1.0,0.4941043,0
0.0,0.49410912,0
1.0,0.4956823,0
0.0,0.4947028,0
0.0,0.49573052,0
1.0,0.49573052,0
0.0,0.49566695,0
1.0,0.49215266,0
1.0,0.49566695,0
1.0,0.47825173,0
0.0,0.5008862,1
0.0,0.4952023,0
0.0,0.4961519,0
0.0,0.4844672,0
0.0,0.4958071,0
0.0,0.39754018,0
0.0,0.38792136,0
0.0,0.49591604,0
1.0,0.3203797,0
1.0,0.4957956,0
1.0,0.49384516,0
1.0,0.4901404,0
0.0,0.49264273,0
0.0,0.48809752,0
0.0,0.5085543,1
1.0,0.49562407,0
1.0,0.9988707,1
0.0,0.4920624,0
0.0,0.50410306,1
0.0,0.4937204,0
0.0,0.49439514,0
0.0,0.28657916,0
0.0,0.49549925,0
1.0,0.48426327,0
0.0,0.3919413,0
1.0,0.49591604,0
1.0,0.50921917,1
1.0,0.24017335,0
1.0,0.50745064,1
0.0,0.49490768,0
0.0,0.487241,0
0.0,0.486258,0
0.0,0.4947974,0
1.0,0.38607642,0
0.0,0.39070028,0
1.0,0.48304847,0
0.0,0.49596357,0
0.0,0.48817706,0
0.0,0.20812166,0
0.0,0.50788283,1
0.0,0.5084072,1
0.0,0.39305508,0
0.0,0.49175394,0
0.0,0.49578425,0
1.0,0.48632702,0
1.0,0.49438208,0
0.0,0.495356,0
1.0,0.50839674,1
1.0,0.49573806,0
1.0,0.99286336,1
1.0,0.49562442,0
1.0,0.48724508,0
0.0,0.49475485,0
0.0,0.2022571,0
0.0,0.49280816,0
1.0,1.0,1
1.0,0.48734465,0
1.0,0.49007323,0
1.0,0.49232468,0
0.0,0.4841364,0
0.0,0.49301577,0
0.0,0.49508375,0
1.0,0.49089718,0
1.0,0.4847744,0
1.0,0.49699602,0
0.0,0.48596966,0
0.0,0.49569038,0
1.0,0.9992588,1
0.0,0.4831316,0
1.0,0.49368724,0
0.0,0.49453855,0
1.0,0.9987129,1
0.0,0.008005674,0
0.0,0.48817706,0
0.0,0.49175394,0
1.0,0.4838904,0
0.0,0.49154958,0
1.0,0.4940029,0
0.0,0.49608424,0
0.0,0.49202678,0
0.0,0.4914703,0
1.0,0.4914703,0
0.0,0.49562454,0
0.0,0.24112196,0
1.0,0.50843877,1
0.0,0.49505126,0
1.0,0.9999981,1
1.0,0.4940029,0
0.0,0.4937883,0
0.0,0.49475485,0
0.0,0.5084272,1
0.0,0.5065766,1
0.0,0.4936883,0
1.0,0.487241,0
0.0,0.49507418,0
0.0,0.48700362,0
1.0,0.4941611,0
0.0,0.48936102,0
0.0,0.48850968,0
0.0,0.4819782,0
1.0,0.48936102,0
0.0,0.49572107,0
0.0,0.39665428,0
1.0,0.48281527,0
0.0,0.49549925,0
1.0,0.4951412,0
1.0,0.49567643,0
1.0,0.4950667,0
0.0,0.49508375,0
1.0,0.99910235,1
0.0,0.50819296,1
0.0,0.47467697,0
0.0,0.48435745,0
0.0,0.32147482,0
1.0,0.48436797,0
0.0,0.0054239584,0
0.0,0.33225062,0
0.0,0.4956906,0
0.0,0.4922059,0
0.0,0.4933145,0
1.0,0.48369583,0
0.0,0.4851235,0
0.0,0.49499542,0
0.0,0.4854583,0
0.0,0.4824203,0
0.0,0.31734872,0
0.0,0.3062531,0
1.0,0.23749983,0
1.0,0.48409465,0
1.0,0.495356,0
0.0,0.48442703,0
0.0,0.4949238,0
1.0,0.493985,0
1.0,0.31774384,0
1.0,0.4956906,0
0.0,0.49382433,0
0.0,0.4844182,0
0.0,0.4922914,0
1.0,0.9989022,1
1.0,0.4927675,0
1.0,0.40028423,0
0.0,0.31980443,0
0.0,0.48172358,0
0.0,0.49412793,0
1.0,0.49117908,0
0.0,0.49447545,0
0.0,0.48410243,0
0.0,0.49562332,0
0.0,0.48809752,0
0.0,0.48630977,0
1.0,0.4915096,0
1.0,0.49572107,0
1.0,0.49482167,0
1.0,0.4954688,0
0.0,0.40029785,0
0.0,0.50825363,1
0.0,0.18538456,0
1.0,0.4954927,0
1.0,0.4956906,0
0.0,0.49412793,0
1.0,0.999084,1
1.0,0.48307273,0
0.0,0.49339524,0
1.0,0.31648132,0
1.0,0.4922431,0
0.0,0.5102124,1
0.0,0.2853025,0
0.0,0.487241,0
0.0,0.49583924,0
0.0,0.49139562,0
1.0,0.27975386,0
0.0,0.4840519,0
0.0,0.4956906,0
0.0,0.49249706,0
0.0,0.4954927,0
0.0,0.31120664,0
0.0,0.49459195,0
1.0,0.9987531,1
1.0,0.49368566,0
0.0,0.49422795,0
0.0,0.48968524,0
1.0,0.9992835,1
0.0,0.49335697,0
0.0,0.49556926,0
1.0,0.99856466,1
0.0,0.39354232,0
0.0,0.4914311,0
1.0,0.4951029,0
0.0,0.49495617,0
0.0,0.4937883,0
1.0,0.4956906,0
0.0,0.49280816,0
1.0,1.0,1
1.0,0.9993162,1
0.0,0.49514928,0
0.0,0.49367484,0
0.0,0.19496296,0
0.0,0.48312214,0
1.0,0.997703,1
1.0,0.49585035,0
0.0,0.48750094,0
0.0,0.4870631,0
1.0,0.4956906,0
0.0,0.49185762,0
1.0,0.49429587,0
1.0,0.49112642,0
1.0,0.4914011,0
1.0,0.48809752,0
1.0,0.49502778,0
1.0,0.4847391,0
1.0,0.48452815,0
1.0,0.494246,0
1.0,0.390613,0
1.0,0.49202678,0
0.0,0.26077327,0
0.0,0.021528453,0
1.0,1.0,1
0.0,0.3127604,0
0.0,0.4879961,0
1.0,0.9986946,1
0.0,0.508479,1
1.0,0.38224182,0
1.0,0.48875707,0
0.0,0.4937883,0
0.0,0.49436036,0
0.0,0.49459407,0
1.0,0.49591684,0
0.0,0.40045092,0
1.0,0.4895451,0
0.0,0.49334016,0
0.0,0.37079668,0
1.0,0.99900264,1
0.0,0.36323553,0
1.0,0.48499426,0
1.0,0.4186207,0
0.0,0.4946622,0
0.0,0.06164765,0
1.0,0.49422795,0
1.0,0.49397317,0
0.0,0.4991474,0
1.0,0.5081533,1
1.0,0.49556926,0
1.0,0.50499535,1
1.0,0.4920624,0
0.0,0.4884521,0
0.0,0.49549925,0
1.0,0.39544305,0
0.0,0.4946622,0
1.0,0.23970535,0
0.0,0.054534566,0
1.0,0.49505723,0
1.0,0.49028122,0
1.0,0.49572107,0
1.0,0.48452815,0
1.0,0.4957956,0
1.0,0.49171,0
1.0,0.99193,1
0.0,0.4958071,0
0.0,0.49491194,0
1.0,0.48390993,0
0.0,0.48380435,0
0.0,0.5087406,1
1.0,0.49498934,0
0.0,0.48458734,0
1.0,0.99340785,1
1.0,0.49240085,0
1.0,0.49214265,0
1.0,0.4895451,0
1.0,0.49608448,0
0.0,0.48452023,0
1.0,0.4941611,0
1.0,0.4937883,0
1.0,0.491641,0
0.0,0.48458734,0
1.0,0.48554245,0
1.0,0.9989794,1
0.0,0.28518072,0
1.0,0.49152917,0
1.0,0.4911925,0
0.0,0.49562454,0
1.0,0.99791497,1
1.0,0.5078665,1
0.0,0.48322132,0
1.0,0.9999956,1
1.0,0.5081594,1
1.0,0.9996474,1
0.0,0.49495593,0
1.0,0.48244396,0
1.0,0.49372017,0
1.0,0.37591514,0
1.0,0.5081386,1
0.0,0.022699937,0
0.0,0.48577097,0
0.0,0.4936883,0
1.0,0.233172,0
0.0,0.48435745,0
0.0,0.48009452,0
0.0,0.3734292,0
1.0,0.4947974,0
1.0,0.49436036,0
0.0,0.50825363,1
0.0,0.47907746,0
1.0,0.4947028,0
0.0,0.39566538,0
1.0,0.49233255,0
0.0,0.36568496,0
1.0,0.41927215,0
0.0,0.31997198,0
0.0,0.49109295,0
0.0,0.49514928,0
1.0,0.29642448,0
0.0,0.48380435,0
0.0,0.40562332,0
0.0,0.49007323,0
0.0,0.48596573,0
0.0,0.315279,0
0.0,0.49569038,0
0.0,0.49394083,0
1.0,0.49273804,0
1.0,0.493985,0
1.0,0.49380812,0
1.0,0.50896907,1
1.0,0.9990932,1
0.0,0.3901716,0
1.0,0.48562637,0
0.0,0.2566318,0
0.0,0.49551645,0
0.0,0.32155856,0
1.0,0.26145434,0
1.0,0.26080698,0
0.0,0.4906759,0
1.0,0.49562454,0
1.0,0.4851235,0
1.0,0.49506038,0
0.0,0.4002779,0
0.0,0.49449387,0
0.0,0.5084474,1
1.0,0.5079876,1
1.0,0.49410912,0
1.0,0.48307827,0
0.0,0.28306732,0
1.0,0.49059573,0
1.0,0.99919564,1
0.0,0.50776386,1
1.0,0.49422795,0
0.0,0.49562454,0
0.0,0.39331496,0
0.0,0.22751689,0
0.0,0.48729545,0
1.0,0.98776954,1
0.0,0.49616212,0
0.0,0.48499426,0
1.0,0.4819782,0
0.0,0.49126786,0
0.0,0.48380435,0
1.0,0.5059705,1
1.0,0.4915588,0
0.0,0.48419127,0
0.0,0.49325648,0
0.0,0.25997728,0
1.0,0.2507726,0
1.0,0.30287144,0
0.0,0.29258713,0
1.0,0.38056657,0
1.0,0.49496713,0
0.0,0.22305036,0
0.0,0.48746535,0
0.0,0.49450624,0
1.0,0.9987436,1
0.0,0.48549107,0
1.0,0.49386266,0
1.0,0.4895451,0
1.0,0.49035913,0
1.0,0.49035913,0
0.0,0.30815855,0
0.0,0.4950667,0
1.0,0.4838904,0
0.0,0.48415482,0
1.0,0.48396143,0
0.0,0.49562407,0
1.0,0.49573806,0
0.0,0.39708236,0
0.0,0.49175233,0
1.0,0.37645417,0
1.0,0.49506038,0
1.0,1.0,1
1.0,0.40413132,0
0.0,0.32552436,0
1.0,0.5078692,1
1.0,0.3955709,0
1.0,0.48019242,0
0.0,0.09455406,0
0.0,0.36415395,0
1.0,0.48973727,0
0.0,0.3927123,0
0.0,0.4884521,0
1.0,0.40166155,0
1.0,0.99557096,1
1.0,0.9968347,1
1.0,0.49364755,0
0.0,0.38036036,0
0.0,0.49429587,0
1.0,0.3915101,0
1.0,0.49556926,0
1.0,0.48851314,0
1.0,0.48458734,0
0.0,0.40379575,0
0.0,0.3992116,0
1.0,0.9973992,1
0.0,0.39556783,0
0.0,0.4919947,0
0.0,0.49097648,0
1.0,0.48591515,0
1.0,0.99901736,1
0.0,0.49002016,0
0.0,0.49496526,0
1.0,0.48531368,0
0.0,0.4927675,0
1.0,0.3992116,0
0.0,0.3241231,0
1.0,0.49213144,0
0.0,0.48997924,0
1.0,0.98874366,1
1.0,0.48989362,0
1.0,0.3923889,0
0.0,0.49410683,0
1.0,0.4941023,0
1.0,0.39192423,0
0.0,0.5020094,1
0.0,0.22134708,0
0.0,0.48380435,0
1.0,0.9857503,1
0.0,0.48989362,0
0.0,0.3092403,0
0.0,0.4492862,0
0.0,0.49507418,0
0.0,0.4951029,0
0.0,0.49121234,0
0.0,0.48596966,0
1.0,0.9993143,1
1.0,0.487241,0
0.0,0.487241,0
0.0,0.50878966,1
0.0,0.49249047,0
0.0,0.49278256,0
1.0,0.3772671,0
0.0,0.49549925,0
0.0,0.38715,0
0.0,0.49295527,0
1.0,0.49572107,0
0.0,0.49608448,0
0.0,0.49606618,0
1.0,0.39770004,0
1.0,0.49633902,0
1.0,0.4956906,0
1.0,0.4958071,0
0.0,0.49573052,0
0.0,0.49585035,0
0.0,0.49055567,0
1.0,0.5047584,1
1.0,0.4851235,0
1.0,0.4956906,0
0.0,0.49505126,0
1.0,0.488486,0
0.0,0.16442557,0
1.0,0.50675327,1
1.0,0.48567197,0
0.0,0.4957956,0
0.0,0.49293095,0
0.0,0.14792189,0
1.0,0.4878099,0
0.0,0.50466436,1
1.0,0.49363267,0
0.0,0.491925,0
0.0,0.37759963,0
1.0,0.49591604,0
1.0,0.49135044,0
0.0,0.49171,0
1.0,0.50799346,1
1.0,0.49508375,0
0.0,0.48380435,0
0.0,0.491071,0
0.0,0.48468795,0
0.0,0.4847391,0
0.0,0.4897349,0
1.0,0.38888317,0
1.0,0.4959078,0
0.0,0.49482167,0
0.0,0.027821489,0
0.0,0.48531368,0
1.0,0.990243,1
0.0,0.49551645,0
0.0,0.49273804,0
1.0,0.9990792,1
1.0,0.4949238,0
0.0,0.4922431,0
1.0,0.49562442,0
0.0,0.49035913,0
0.0,0.014207806,0
0.0,0.485054,0
0.0,0.39147615,0
1.0,0.48973727,0
0.0,0.25880155,0
1.0,0.4947619,0
0.0,0.49531645,0
0.0,0.4937204,0
1.0,0.48460302,0
1.0,0.23598856,0
1.0,0.99879396,1
1.0,0.49171,0
0.0,0.49519503,0
1.0,0.4956906,0
0.0,0.48715279,0
0.0,0.48435745,0
0.0,0.39807966,0
0.0,0.49531856,0
1.0,0.49073258,0
1.0,0.48746535,0
0.0,0.23858319,0
1.0,0.49368566,0
0.0,0.50046873,1
0.0,0.4936673,0
0.0,0.49559808,0
1.0,0.31357303,0
0.0,0.50827205,1
1.0,0.49505126,0
0.0,0.5081914,1
1.0,0.48728752,0
0.0,0.4819782,0
1.0,0.48728752,0
0.0,0.49577668,0
0.0,0.48557404,0
1.0,0.4948319,0
1.0,0.48390993,0
1.0,0.4921881,0
1.0,0.48715279,0
0.0,0.5086545,1
1.0,0.49673226,0
0.0,0.33596605,0
1.0,0.49157792,0
1.0,0.4841364,0
0.0,0.3889416,0
0.0,0.487241,0
1.0,0.4960766,0
0.0,0.40355456,0
0.0,0.5088626,1
1.0,0.4957956,0
0.0,0.48099807,0
1.0,0.49439514,0
0.0,0.49549925,0
1.0,0.99892884,1
1.0,0.4816085,0
0.0,0.49077114,0
0.0,0.48989362,0
1.0,0.4947608,0
0.0,0.4876076,0
0.0,0.26183358,0
1.0,0.49551645,0
0.0,0.4943159,0
0.0,0.48863316,0
1.0,0.49185762,0
0.0,0.4956906,0
0.0,0.39209276,0
1.0,0.38807455,0
0.0,0.48591194,0
1.0,0.39651644,0
1.0,0.5051429,1
1.0,0.49350297,0
0.0,0.39389175,0
0.0,0.4955675,0
0.0,0.4956906,0
0.0,0.49562442,0
0.0,0.3834682,0
0.0,0.49368566,0
1.0,0.496171,0
1.0,0.48840323,0
1.0,0.4900173,0
0.0,0.49072552,0
1.0,0.49368566,0
0.0,0.48973727,0
1.0,0.99794525,1
0.0,0.48554245,0
1.0,0.49425158,0
1.0,0.487241,0
1.0,0.4866168,0
0.0,0.4919289,0
0.0,0.3682524,0
0.0,0.4851235,0
0.0,0.39504543,0
0.0,0.49364755,0
1.0,0.4868762,0
0.0,0.32847643,0
0.0,0.21067266,0
1.0,0.49429855,0
0.0,0.49450624,0
1.0,0.4898701,0
1.0,0.49453166,0
0.0,0.48097742,0
0.0,0.4956906,0
1.0,1.0,1
1.0,0.5074329,1
1.0,0.48863316,0
0.0,0.38888317,0
0.0,0.4922363,0
0.0,0.0088319965,0
1.0,0.49335697,0
0.0,0.48011926,0
0.0,0.49007323,0
0.0,0.49379778,0
1.0,0.17698167,0
1.0,0.4918458,0
0.0,0.49566695,0
1.0,0.4903629,0
0.0,0.48011926,0
0.0,0.4838904,0
0.0,0.31842327,0
1.0,0.48596966,0
0.0,0.49072552,0
0.0,0.4941986,0
0.0,0.32999548,0
0.0,0.24028696,0
1.0,0.4868762,0
1.0,0.49372187,0
1.0,0.4947974,0
0.0,0.22633673,0
1.0,0.28183898,0
1.0,0.49410683,0
1.0,0.39772764,0
0.0,0.27495533,0
0.0,0.4847391,0
1.0,0.48892006,0
1.0,0.5077781,1
0.0,0.49368566,0
1.0,0.4890419,0
0.0,0.49029544,0
0.0,0.50564045,1
0.0,0.49475485,0
1.0,0.4882123,0
0.0,0.495356,0
1.0,0.49616212,0
0.0,0.49506038,0
0.0,0.4841364,0
1.0,0.5074025,1
0.0,0.4899257,0
1.0,0.49097648,0
1.0,0.4186813,0
1.0,0.48515615,0
1.0,0.49264273,0
0.0,0.49505723,0
0.0,0.48249307,0
0.0,0.2976678,0
0.0,0.33295834,0
1.0,0.4958516,0
1.0,0.4882089,0
0.0,0.49450624,0
1.0,0.4956823,0
1.0,0.35986918,0
0.0,0.5071231,1
0.0,0.3955107,0
0.0,0.48458734,0
0.0,0.49311784,0
0.0,0.4930438,0
0.0,0.49322742,0
1.0,0.49495617,0
0.0,0.49506038,0
1.0,0.4961519,0
0.0,0.48596966,0
0.0,0.3912011,0
1.0,0.49394083,0
0.0,0.080439314,0
1.0,0.49608424,0
0.0,0.43269917,0
1.0,0.4950537,0
1.0,0.4906759,0
0.0,0.4927153,0
1.0,0.99897826,1
1.0,0.49368566,0
0.0,0.49072683,0
1.0,0.99926513,1
0.0,0.4841364,0
1.0,0.49135044,0
0.0,0.49549925,0
1.0,0.4864567,0
0.0,0.49225247,0
1.0,0.23318875,0
1.0,0.48630977,0
0.0,0.47836223,0
1.0,0.4947028,0
0.0,0.39481428,0
0.0,0.44492906,0
1.0,0.9999975,1
1.0,0.38844427,0
0.0,0.3909599,0
1.0,0.49368566,0
0.0,0.37645727,0
0.0,0.38008302,0
1.0,0.48816934,0
0.0,0.49611154,0
1.0,0.50816923,1
0.0,0.48596966,0
1.0,0.4949238,0
0.0,0.2890491,0
1.0,0.5076475,1
1.0,0.9993375,1
1.0,0.50842226,1
1.0,0.50701493,1
0.0,0.4949238,0
0.0,0.4899882,0
1.0,0.49505723,0
1.0,0.48728752,0
0.0,0.4934747,0
0.0,0.49475485,0
1.0,0.49135044,0
1.0,0.49562454,0
1.0,0.49556926,0
1.0,0.49506038,0
0.0,0.38888317,0
0.0,0.4870631,0
1.0,0.49545243,0
0.0,0.4915588,0
1.0,0.50670874,1
1.0,0.3142893,0
1.0,0.5070382,1
1.0,0.5046192,1
0.0,0.4951029,0
0.0,0.40029785,0
0.0,0.31925556,0
0.0,0.39240065,0
1.0,0.48385155,0
0.0,0.39275348,0
0.0,0.50228834,1
1.0,0.39633775,0
1.0,0.9993142,1
1.0,0.3236242,0
0.0,0.49531645,0
0.0,0.49608448,0
0.0,0.4864567,0
0.0,0.29935142,0
0.0,0.48231867,0
1.0,0.4917941,0
1.0,0.49175394,0
0.0,0.30363816,0
0.0,0.36567432,0
0.0,0.4841364,0
0.0,0.4918458,0
1.0,0.48961455,0
0.0,0.49499542,0
0.0,0.37270504,0
1.0,0.4869645,0
1.0,0.49068135,0
1.0,0.49606618,0
1.0,0.99911314,1
1.0,0.5052219,1
1.0,0.298968,0
0.0,0.4950537,0
1.0,0.39650503,0
0.0,0.16811346,0
0.0,0.3069836,0
1.0,0.9947766,1
0.0,0.5061726,1
0.0,0.5087954,1
0.0,0.48549107,0
0.0,0.4901404,0
1.0,0.9999981,1
0.0,0.49465716,0
0.0,0.42513582,0
0.0,0.3960698,0
1.0,0.49335697,0
0.0,0.39452577,0
1.0,1.0,1
1.0,0.49561366,0
0.0,0.506042,1
0.0,0.24924706,0
0.0,0.4947974,0
0.0,0.4950537,0
1.0,0.48368797,0
1.0,0.9994729,1
1.0,0.485054,0
0.0,0.2636269,0
0.0,0.49549925,0
0.0,0.21801776,0
0.0,0.48435745,0
1.0,0.49035913,0
0.0,0.49225247,0
0.0,0.48280886,0
1.0,0.99440855,1
1.0,0.49485284,0
1.0,0.41703984,0
0.0,0.49368566,0
1.0,0.49185762,0
1.0,0.23994556,0
1.0,0.49573806,0
0.0,0.49301577,0
1.0,0.5016978,1
0.0,0.5006969,1
1.0,0.48809752,0
1.0,0.48868725,0
0.0,0.49191552,0
0.0,0.2538523,0
1.0,0.49185762,0
0.0,0.49193203,0
1.0,0.48380512,0
0.0,0.49295527,0
1.0,0.4936656,0
0.0,0.3157946,0
0.0,0.38716558,0
1.0,0.49089718,0
0.0,0.49587867,0
1.0,0.49485284,0
1.0,0.94496155,1
0.0,0.486481,0
0.0,0.4884521,0
1.0,0.999044,1
1.0,0.48769027,0
1.0,0.99956304,1
1.0,0.49202678,0
0.0,0.48811775,0
1.0,0.39504543,0
0.0,0.48484647,0
0.0,0.49229765,0
1.0,0.4903629,0
0.0,0.3641604,0
1.0,0.49569038,0
0.0,0.39676407,0
1.0,0.49499542,0
0.0,0.49572107,0
1.0,0.4841364,0
1.0,0.4947974,0
0.0,0.49420896,0
0.0,0.3150176,0
0.0,0.49439514,0
0.0,0.49191552,0
1.0,0.49152917,0
1.0,0.39784667,0
1.0,0.4949238,0
1.0,0.38607678,0
1.0,0.49498934,0
0.0,0.48418003,0
0.0,0.3834889,0
0.0,0.49089718,0
0.0,0.38968822,0
0.0,0.48961455,0
1.0,0.5070382,1
0.0,0.26889303,0
0.0,0.48472336,0
1.0,0.4922431,0
0.0,0.4921881,0
1.0,0.48241192,0
0.0,0.48961455,0
1.0,0.4951029,0
1.0,0.49035913,0
0.0,0.49567643,0
0.0,0.49153793,0
0.0,0.23132084,0
0.0,0.37692943,0
0.0,0.48973727,0
0.0,0.49579063,0
0.0,0.49429587,0
0.0,0.21451348,0
0.0,0.4955675,0
1.0,0.48547208,0
0.0,0.49175394,0
0.0,0.4936982,0
1.0,0.4949238,0
1.0,0.49783823,0
1.0,0.9982565,1
0.0,0.49593937,0
0.0,0.33315924,0
1.0,0.506042,1
1.0,0.9956819,1
1.0,0.4899257,0
1.0,0.4936982,0
0.0,0.39233857,0
0.0,0.48531908,0
1.0,0.4937176,0
0.0,0.49394083,0
1.0,0.48499426,0
0.0,0.4954667,0
0.0,0.49311784,0
0.0,0.38252848,0
1.0,0.48630977,0
0.0,0.49368724,0
0.0,0.4947974,0
0.0,0.4961052,0
0.0,0.12465901,0
1.0,0.49300563,0
1.0,0.4954927,0
1.0,0.48861358,0
1.0,0.99999225,1
1.0,0.48596966,0
0.0,0.49616212,0
1.0,0.48634675,0
0.0,0.49207038,0
0.0,0.49485502,0
0.0,0.15528269,0
1.0,0.49217436,0
1.0,0.9984346,1
0.0,0.38393676,0
0.0,0.24243717,0
0.0,0.4922431,0
0.0,0.48418003,0
0.0,0.4960588,0
0.0,0.48281693,0
0.0,0.49607575,0
0.0,0.4884521,0
0.0,0.2971493,0
1.0,0.48435745,0
0.0,0.49458238,0
1.0,0.4831272,0
1.0,0.22333205,0
1.0,0.4929682,0
0.0,0.49567643,0
0.0,0.49573806,0
0.0,0.2151452,0
0.0,0.50718987,1
0.0,0.49562442,0
0.0,0.48096484,0
0.0,0.019135283,0
0.0,0.4928605,0
0.0,0.5081793,1
0.0,0.49439514,0
0.0,0.31999642,0
0.0,0.49458238,0
0.0,0.50846624,1
1.0,0.50082904,1
0.0,0.37588906,0
0.0,0.49394083,0
0.0,0.07559433,0
1.0,0.9869848,1
0.0,0.48380435,0
1.0,0.39331496,0
0.0,0.48307273,0
0.0,0.4895451,0
1.0,0.99748456,1
1.0,0.49295527,0
0.0,0.27739453,0
1.0,0.48851314,0
1.0,0.4886414,0
1.0,0.48547572,0
0.0,0.4956906,0
1.0,0.50453424,1
1.0,0.48187384,0
0.0,0.4921765,0
1.0,0.49369183,0
0.0,0.49273804,0
0.0,0.48596966,0
0.0,0.49573806,0
0.0,0.49567327,0
1.0,0.2549737,0
0.0,0.4914011,0
1.0,0.48145473,0
1.0,0.2635031,0
0.0,0.49450624,0
1.0,0.995214,1
1.0,0.49200577,0
1.0,0.48825046,0
1.0,0.50701225,1
1.0,0.37098572,0
1.0,0.49112642,0
1.0,0.99914,1
1.0,0.48596966,0
0.0,0.5081326,1
1.0,0.38968924,0
1.0,0.48753187,0
0.0,0.4947059,0
0.0,0.49482167,0
0.0,0.49367625,0
0.0,0.49252644,0
0.0,0.4950537,0
1.0,0.49295527,0
1.0,0.5009684,1
0.0,0.49202678,0
1.0,0.48012355,0
0.0,0.5033781,1
0.0,0.4951029,0
0.0,0.38656062,0
1.0,0.49585986,0
0.0,0.38366985,0
0.0,0.23409398,0
1.0,0.49608448,0
0.0,0.4906759,0
0.0,0.092996046,0
0.0,0.41554472,0
1.0,0.49562332,0
0.0,0.48409465,0
1.0,0.4882123,0
1.0,0.48961455,0
1.0,0.3918056,0
0.0,0.4956906,0
1.0,0.4858475,0
1.0,0.49301577,0
1.0,0.49538043,0
0.0,0.49068135,0
1.0,0.50896,1
0.0,0.4918458,0
1.0,0.49458238,0
1.0,0.48380512,0
0.0,0.4372454,0
0.0,0.4922431,0
0.0,0.38724515,0
0.0,0.50836825,1
0.0,0.49606618,0
0.0,0.49573806,0
1.0,0.49551645,0
0.0,0.4946189,0
1.0,0.49573052,0
1.0,0.39275348,0
1.0,0.4957956,0
0.0,0.4947619,0
0.0,0.093552396,0
1.0,0.5012131,1
1.0,0.49481696,0
0.0,0.49301577,0
0.0,0.47895908,0
1.0,0.39098075,0
1.0,0.49498934,0
0.0,0.49061024,0
0.0,0.4956906,0
1.0,0.49133617,0
0.0,0.4949238,0
0.0,0.49247938,0
1.0,0.49118197,0
1.0,0.47901165,0
1.0,0.48648253,0
1.0,0.9954651,1
1.0,0.49583924,0
0.0,0.4947028,0
1.0,0.3849703,0
0.0,0.49527428,0
0.0,0.4847391,0
1.0,0.49439514,0
0.0,0.4949405,0
0.0,0.4942459,0
0.0,0.4938951,0
0.0,0.4037128,0
1.0,0.4884521,0
1.0,0.49394083,0
0.0,0.48961455,0
0.0,0.49573806,0
0.0,0.29367772,0
1.0,0.49521434,0
1.0,0.4954927,0
1.0,0.39784667,0
0.0,0.0037169943,0
0.0,0.4949238,0
0.0,0.49454647,0
1.0,0.99976045,1
0.0,0.501534,1
1.0,0.48686448,0
0.0,0.48434594,0
0.0,0.48203942,0
0.0,0.48825046,0
1.0,0.4936656,0
1.0,0.99999535,1
1.0,0.99903095,1
1.0,0.50778836,1
0.0,0.5083989,1
0.0,0.3748021,0
1.0,0.49573806,0
1.0,0.4915588,0
0.0,0.48260677,0
0.0,0.4937025,0
1.0,0.9999715,1
0.0,0.39726663,0
0.0,0.38607678,0
0.0,0.487241,0
1.0,0.49506038,0
0.0,0.49591604,0
1.0,0.496171,0
0.0,0.39883,0
1.0,0.40042192,0
1.0,0.99921334,1
1.0,0.49008748,0
1.0,0.48989362,0
0.0,0.48895204,0
1.0,0.49414644,0
1.0,0.40126717,0
1.0,0.2483132,0
0.0,0.4949238,0
0.0,0.49550733,0
0.0,0.49154404,0
0.0,0.18355303,0
1.0,0.99542516,1
1.0,0.49439514,0
0.0,0.49508375,0
1.0,0.49143472,0
1.0,0.99999976,1
0.0,0.49266177,0
1.0,0.48484647,0
1.0,0.48821267,0
0.0,0.49562407,0
0.0,0.48936102,0
1.0,0.9932997,1
1.0,0.49583924,0
1.0,0.48322132,0
0.0,0.48960596,0
1.0,0.4846104,0
1.0,0.49569038,0
0.0,0.48549107,0
0.0,0.4951412,0
1.0,0.48396143,0
1.0,0.49429587,0
0.0,0.4897349,0
1.0,0.49588084,0
1.0,0.3574962,0
1.0,0.5078692,1
1.0,0.29063702,0
1.0,0.4960609,0
0.0,0.4915588,0
0.0,0.37642375,0
1.0,0.48915094,0
0.0,0.49562332,0
0.0,0.39836767,0
0.0,0.4936883,0
0.0,0.39561054,0
0.0,0.48328796,0
1.0,0.49223015,0
1.0,0.49508375,0
0.0,0.48554245,0
1.0,0.48307404,0
1.0,0.36825088,0
1.0,0.99930716,1
0.0,0.49573806,0
1.0,0.49496526,0
0.0,0.38893816,0
1.0,0.50828946,1
1.0,0.48380435,0
0.0,0.48390993,0
0.0,0.4918458,0
0.0,0.49573052,0
0.0,0.4956906,0
1.0,0.3317395,0
1.0,0.49311784,0
1.0,0.4941043,0
0.0,0.49410683,0
1.0,0.14706051,0
1.0,0.49232978,0
0.0,0.49214265,0
0.0,0.48418003,0
0.0,0.5086487,1
0.0,0.49476898,0
1.0,0.49410912,0
1.0,0.49394083,0
0.0,0.49368566,0
1.0,0.49506038,0
0.0,0.487241,0
0.0,0.49573806,0
0.0,0.48247847,0
0.0,0.4949405,0
1.0,0.49007323,0
0.0,0.4841364,0
1.0,1.0,1
1.0,0.49585035,0
0.0,0.48380512,0
1.0,0.4956906,0
1.0,0.48741642,0
0.0,0.49559808,0
1.0,0.48284665,0
0.0,0.49573806,0
0.0,0.49566695,0
0.0,0.4913272,0
0.0,0.49608448,0
0.0,0.4944877,0
0.0,0.49152917,0
0.0,0.38952637,0
1.0,0.49505723,0
1.0,0.49538043,0
1.0,0.49352452,0
0.0,0.4934747,0
1.0,0.49675068,0
0.0,0.49608877,0
0.0,0.4404038,0
0.0,0.4941043,0
0.0,0.38731644,0
0.0,0.3940338,0
0.0,0.49152917,0
0.0,0.37929004,0
1.0,0.49590853,0
0.0,0.4922431,0
0.0,0.49007323,0
1.0,0.9989525,1
0.0,0.38316065,0
0.0,0.38072395,0
0.0,0.4915588,0
0.0,0.3883009,0
0.0,0.055621825,0
0.0,0.4932116,0
0.0,0.49368566,0
0.0,0.39545932,0
0.0,0.4838904,0
0.0,0.1299576,0
0.0,0.037651278,0
1.0,0.9999976,1
0.0,0.49202678,0
0.0,0.49335697,0
1.0,0.47818947,0
0.0,0.2210539,0
0.0,0.48445088,0
0.0,0.30564645,0
1.0,0.48329148,0
0.0,0.4918458,0
0.0,0.19965127,0
1.0,0.49506038,0
1.0,0.48973727,0
0.0,0.36472166,0
0.0,0.4956823,0
0.0,0.49032605,0
0.0,0.48643103,0
0.0,0.49531645,0
0.0,0.39133608,0
0.0,0.49567643,0
0.0,0.5083389,1
0.0,0.48630977,0
1.0,0.24602352,0
1.0,0.49573806,0
0.0,0.487241,0
0.0,0.4881737,0
1.0,0.49372017,0
0.0,0.23693682,0
1.0,0.4882089,0
1.0,0.99982184,1
1.0,0.49551645,0
1.0,0.49569038,0
1.0,0.49175233,0
0.0,0.4951029,0
1.0,0.4922431,0
1.0,0.48146626,0
0.0,0.49368566,0
0.0,0.3847972,0
1.0,0.49097648,0
0.0,0.37140402,0
1.0,0.9915808,1
0.0,0.37486637,0
0.0,0.4831316,0
0.0,0.39479187,0
0.0,0.18410589,0
1.0,0.49369037,0
0.0,0.38363886,0
0.0,0.3901716,0
1.0,0.11816382,0
1.0,0.48011926,0
1.0,0.48310643,0
1.0,0.49449387,0
0.0,0.5082872,1
0.0,0.36588627,0
0.0,0.488804,0
1.0,0.49202678,0
1.0,0.48817706,0
1.0,0.487241,0
0.0,0.49572107,0
0.0,0.4956906,0
0.0,0.4816085,0
1.0,0.49394083,0
0.0,0.23592548,0
0.0,0.38089517,0
1.0,0.4877414,0
0.0,0.49573052,0
0.0,0.49368566,0
0.0,0.49551645,0
1.0,0.39986572,0
0.0,0.4847967,0
0.0,0.48596966,0
0.0,0.36092472,0
0.0,0.36136702,0
1.0,0.37320805,0
1.0,0.49211222,0
0.0,0.4876373,0
1.0,0.49349368,0
1.0,0.49768558,0
1.0,0.17427443,0
0.0,0.494642,0
0.0,0.05774675,0
1.0,0.48011926,0
1.0,0.998801,1
1.0,0.49412793,0
1.0,0.48627684,0
1.0,0.31983677,0
0.0,0.23971197,0
1.0,0.487241,0
1.0,0.4944877,0
0.0,0.49587867,0
0.0,0.31622884,0
1.0,0.49368566,0
0.0,0.49412793,0
0.0,0.40115997,0
0.0,0.49175394,0
1.0,0.50776386,1
1.0,0.3157719,0
0.0,0.4909936,0
0.0,0.2262028,0
1.0,0.49029544,0
1.0,0.117855534,0
1.0,0.9999999,1
0.0,0.38968945,0
1.0,0.49476898,0
1.0,0.39120722,0
0.0,0.4956823,0
1.0,0.37395594,0
0.0,0.30339316,0
0.0,0.3889591,0
1.0,0.9987208,1
0.0,0.33829346,0
1.0,0.4914011,0
1.0,0.49579063,0
1.0,0.48187384,0
0.0,0.5077834,1
0.0,0.48936102,0
1.0,0.99888355,1
0.0,0.5061473,1
0.0,0.29730287,0
0.0,0.49624425,0
1.0,0.49171,0
0.0,0.48187384,0
1.0,0.50770056,1
0.0,0.39833173,0
0.0,0.49475485,0
1.0,0.36791608,0
0.0,0.49454647,0
1.0,0.49608448,0
1.0,0.49505126,0
1.0,0.50156814,1
0.0,0.21074897,0
0.0,0.48492247,0
1.0,0.49339524,0
0.0,0.49450624,0
0.0,0.09989557,0
1.0,0.39841467,0
1.0,0.37807566,0
0.0,0.3310573,0
0.0,0.48310643,0
0.0,0.48459226,0
1.0,0.4949238,0
1.0,0.4933773,0
0.0,0.4950537,0
0.0,0.04741886,0
1.0,0.48989362,0
1.0,0.4841165,0
1.0,0.99961424,1
1.0,0.49439514,0
0.0,0.49202678,0
0.0,0.48146626,0
0.0,0.32057476,0
1.0,0.49364755,0
0.0,0.37507674,0
1.0,0.4947028,0
1.0,0.4954688,0
0.0,0.49449387,0
1.0,0.99842876,1
1.0,0.48435745,0
0.0,0.4949238,0
0.0,0.49505126,0
1.0,0.99813026,1
1.0,0.49092177,0
1.0,0.4954927,0
1.0,0.49002016,0
0.0,0.49154404,0
0.0,0.3878034,0
0.0,0.49029544,0
1.0,0.49273804,0
0.0,0.48596966,0
0.0,0.39137536,0
0.0,0.49335697,0
1.0,0.49485284,0
0.0,0.48439968,0
0.0,0.3193864,0
0.0,0.21432222,0
1.0,0.49573806,0
1.0,0.48677668,0
0.0,0.49551645,0
1.0,0.38875723,0
1.0,0.49643937,0
0.0,0.49505126,0
0.0,0.48448926,0
1.0,0.9972518,1
0.0,0.37395594,0
1.0,0.40012512,0
1.0,0.48481956,0
1.0,0.4951029,0
0.0,0.48677668,0
0.0,0.48396143,0
0.0,0.24125133,0
0.0,0.15773007,0
1.0,0.49089718,0
1.0,0.34475452,0
1.0,0.4922431,0
1.0,0.49531645,0
0.0,0.49394083,0
0.0,0.487241,0
1.0,0.4956906,0
0.0,0.49569038,0
1.0,0.9782632,1
0.0,0.48206002,0
0.0,0.49560523,0
1.0,0.49068135,0
0.0,0.49550733,0
1.0,0.49583924,0
1.0,0.4955675,0
1.0,0.49506038,0
1.0,0.26410717,0
0.0,0.49549925,0
0.0,0.3914304,0
1.0,0.49135044,0
1.0,0.49458238,0
0.0,0.48435745,0
1.0,0.39549944,0
0.0,0.3050987,0
1.0,0.49097648,0
0.0,0.39331496,0
0.0,0.36854813,0
1.0,0.48665705,0
0.0,0.49569038,0
0.0,0.07777246,0
1.0,0.49089718,0
0.0,0.39928016,0
0.0,0.488471,0
0.0,0.49139488,0
0.0,0.36789042,0
0.0,0.4884521,0
0.0,0.4964409,0
0.0,0.48313403,0
1.0,0.99885666,1
0.0,0.49442258,0
0.0,0.26626748,0
1.0,0.37625378,0
0.0,0.40701857,0
1.0,0.7537793,1
0.0,0.49300238,0
1.0,0.99901557,1
0.0,0.49175394,0
0.0,0.486172,0
1.0,0.49454647,0
1.0,0.49110454,0
0.0,0.48303422,0
1.0,0.48811775,0
1.0,0.3999344,0
0.0,0.3910587,0
1.0,0.4955606,0
1.0,0.9995641,1
0.0,0.4915588,0
0.0,0.49202678,0
1.0,0.9994825,1
1.0,0.49072552,0
0.0,0.30328855,0
0.0,0.4915588,0
0.0,0.49369183,0
1.0,0.49098733,0
1.0,0.4937204,0
1.0,0.97299194,1
0.0,0.22202267,0
1.0,0.49097648,0
1.0,0.48863316,0
1.0,0.49567643,0
0.0,0.4949238,0
0.0,0.49177098,0
1.0,0.992717,1
1.0,0.48472336,0
0.0,0.25345063,0
0.0,0.48700362,0
1.0,0.48630103,0
0.0,0.4875501,0
0.0,0.30722833,0
0.0,0.31480163,0
1.0,0.49608448,0
0.0,0.39543623,0
1.0,0.49139634,0
0.0,0.39677638,0
0.0,0.49055567,0
1.0,0.4837984,0
1.0,0.4949238,0
0.0,0.49167022,0
1.0,0.487241,0
1.0,0.3804305,0
0.0,0.40487084,0
1.0,0.26965162,0
1.0,0.49108374,0
1.0,0.48630977,0
1.0,0.49566695,0
0.0,0.0033197086,0
0.0,0.14966814,0
1.0,0.48596966,0
0.0,0.4951412,0
1.0,0.4936702,0
1.0,0.999335,1
0.0,0.48665705,0
0.0,0.49410683,0
1.0,0.49514928,0
1.0,0.4950537,0
0.0,0.4927675,0
0.0,0.49482167,0
1.0,0.40012512,0
0.0,0.38876998,0
0.0,0.48989362,0
0.0,0.48390993,0
0.0,0.48778442,0
0.0,0.48596966,0
0.0,0.4981387,0
0.0,0.49475485,0
0.0,0.3715235,0
0.0,0.49429587,0
0.0,0.4949238,0
1.0,0.98332757,1
0.0,0.33055496,0
0.0,0.4954927,0
1.0,0.48554245,0
0.0,0.29072657,0
0.0,0.39347365,0
1.0,0.39111954,0
0.0,0.49035913,0
1.0,0.48231867,0
0.0,0.4951412,0
1.0,0.49573806,0
1.0,0.99925524,1
1.0,0.24087963,0
0.0,0.49549925,0
0.0,0.39712238,0
0.0,0.496171,0
0.0,0.49485284,0
1.0,0.23870972,0
1.0,0.49109536,0
1.0,0.4988608,0
0.0,0.20272502,0
0.0,0.49023515,0
0.0,0.49458238,0
1.0,0.4956823,0
1.0,0.49549925,0
1.0,0.5079696,1
1.0,0.49410683,0
0.0,0.49295527,0
1.0,0.39544925,0
0.0,0.49007323,0
0.0,0.23452017,0
1.0,0.48923516,0
1.0,0.49605516,0
1.0,0.49458238,0
1.0,0.488471,0
1.0,0.487241,0
0.0,0.4936883,0
1.0,0.48145473,0
0.0,0.4949238,0
0.0,0.4947619,0
0.0,0.38538092,0
0.0,0.49573052,0
1.0,0.4831316,0
0.0,0.4911821,0
0.0,0.30165896,0
1.0,0.38538367,0
0.0,0.5081694,1
1.0,0.3917368,0
1.0,0.49202678,0
1.0,0.48409465,0
0.0,0.015049307,0
1.0,0.495356,0
1.0,0.3722269,0
0.0,0.49565798,0
1.0,0.4800582,0
1.0,0.99854183,1
0.0,0.28217325,0
0.0,0.49121234,0
0.0,0.49439514,0
0.0,0.3286315,0
1.0,0.9992126,1
0.0,0.31657037,0
0.0,0.2609736,0
0.0,0.4890419,0
0.0,0.37817475,0
1.0,0.49135044,0
1.0,0.998398,1
0.0,0.24455038,0
0.0,0.4946937,0
0.0,0.4841706,0
0.0,0.49454647,0
0.0,0.4951412,0
0.0,0.26554728,0
0.0,0.49089718,0
1.0,0.49112642,0
0.0,0.49461448,0
1.0,0.9988819,1
1.0,0.48357415,0
1.0,0.49502778,0
1.0,0.9993255,1
1.0,0.5088108,1
1.0,0.4927293,0
1.0,0.3017532,0
1.0,0.49439514,0
1.0,0.49112642,0
1.0,0.49449387,0
1.0,0.48591194,0
0.0,0.487241,0
1.0,0.49569038,0
0.0,0.48368797,0
1.0,0.50848293,1
1.0,0.38172734,0
0.0,0.48554608,0
1.0,0.48369622,0
1.0,0.49591604,0
0.0,0.49562332,0
0.0,0.4922914,0
0.0,0.49495617,0
1.0,0.49412793,0
1.0,0.99710935,1
0.0,0.4949134,0
0.0,0.48280886,0
1.0,0.9961972,1
1.0,0.37822112,0
1.0,0.47996548,0
1.0,0.390613,0
0.0,0.4881737,0
1.0,0.9983171,1
1.0,0.49475485,0
0.0,0.49141377,0
0.0,0.50746566,1
0.0,0.49152917,0
1.0,0.5031255,1
0.0,0.22024378,0
1.0,0.487241,0
0.0,0.49368566,0
0.0,0.048101004,0
0.0,0.48555368,0
0.0,0.48369583,0
1.0,0.5081594,1
1.0,0.48390993,0
0.0,0.48549107,0
0.0,0.48418003,0
1.0,0.38667095,0
0.0,0.4909812,0
0.0,0.4957956,0
0.0,0.4879961,0
0.0,0.49821195,0
0.0,0.4946899,0
1.0,0.4922431,0
1.0,0.4838102,0
0.0,0.49394083,0
1.0,0.9978725,1
0.0,0.4954927,0
0.0,0.49459407,0
1.0,0.49394083,0
1.0,0.9980258,1
1.0,0.48587373,0
0.0,0.49597168,0
0.0,0.1613239,0
0.0,0.5084854,1
0.0,0.49606618,0
0.0,0.222629,0
0.0,0.4047516,0
1.0,0.4882123,0
1.0,0.5005134,1
0.0,0.31314924,0
1.0,0.4817685,0
1.0,0.9988085,1
0.0,0.49590853,0
0.0,0.3033455,0
0.0,0.39070028,0
0.0,0.39770004,0
0.0,0.39805213,0
0.0,0.1589467,0
1.0,0.30516496,0
1.0,0.5081762,1
0.0,0.4954688,0
1.0,0.9991799,1
1.0,0.50778836,1
0.0,0.50816923,1
1.0,0.49436006,0
1.0,0.48700362,0
1.0,0.5082573,1
1.0,0.39389175,0
0.0,0.48954877,0
1.0,0.49573806,0
0.0,0.28627905,0
0.0,0.4914011,0
0.0,0.4954927,0
0.0,0.48973122,0
0.0,0.496171,0
0.0,0.40110856,0
0.0,0.50875646,1
0.0,0.5084033,1
1.0,0.4954927,0
1.0,0.49549925,0
0.0,0.3718364,0
0.0,0.5066202,1
0.0,0.4933145,0
0.0,0.49566695,0
1.0,0.98980355,1
0.0,0.49300563,0
0.0,0.50623465,1
0.0,0.49368724,0
0.0,0.49506038,0
1.0,0.9986952,1
1.0,0.49439514,0
0.0,0.49485284,0
1.0,0.49560568,0
1.0,0.495356,0
1.0,0.4817033,0
0.0,0.49538043,0
1.0,0.5079543,1
0.0,0.49573052,0
0.0,0.49608424,0
0.0,0.4926417,0
1.0,0.4933145,0
1.0,0.4927112,0
0.0,0.2322981,0
0.0,0.48484647,0
1.0,0.48686448,0
0.0,0.49550733,0
0.0,0.4956906,0
0.0,0.11320062,0
1.0,0.36853123,0
0.0,0.49506027,0
1.0,0.49499542,0
1.0,0.49288616,0
0.0,0.4884521,0
1.0,0.4914703,0
1.0,0.38900048,0
0.0,0.49081904,0
1.0,0.49573052,0
0.0,0.48989362,0
0.0,0.3968275,0
0.0,0.4908975,0
0.0,0.4934747,0
1.0,0.49475485,0
1.0,0.48677668,0
0.0,0.48451635,0
1.0,0.4955675,0
0.0,0.3955709,0
1.0,0.9955687,1
1.0,0.40012512,0
0.0,0.4884521,0
1.0,0.50783104,1
0.0,0.49616212,0
0.0,0.4884635,0
0.0,0.3108084,0
0.0,0.50673395,1
0.0,0.4941214,0
0.0,0.49673226,0
1.0,0.49000585,0
0.0,0.4947028,0
0.0,0.49585986,0
0.0,0.49249706,0
0.0,0.49506038,0
0.0,0.4947974,0
1.0,0.9988147,1
0.0,0.5087954,1
1.0,0.48716345,0
1.0,0.96381795,1
0.0,0.5030848,1
0.0,0.36840042,0
0.0,0.495356,0
0.0,0.49458238,0
1.0,0.4947028,0
0.0,0.49506038,0
1.0,0.9992818,1
1.0,0.49591604,0
0.0,0.4956906,0
1.0,0.49579063,0
0.0,0.37343088,0
0.0,0.48373973,0
0.0,0.50068355,1
1.0,0.9908441,1
1.0,0.49356994,0
1.0,0.48295814,0
0.0,0.487241,0
0.0,0.4895451,0
0.0,0.3759526,0
0.0,0.4949238,0
0.0,0.3795333,0
1.0,0.49394083,0
0.0,0.49475485,0
1.0,0.25668502,0
1.0,0.48526195,0
1.0,0.49560568,0
1.0,0.49394083,0
1.0,0.4942459,0
0.0,0.4954927,0
1.0,0.49364755,0
1.0,0.49311784,0
0.0,0.49585986,0
0.0,0.49311784,0
0.0,0.0068513043,0
0.0,0.49562407,0
0.0,0.24137215,0
0.0,0.48380435,0
0.0,0.50634766,1
0.0,0.22993706,0
0.0,0.19216049,0
1.0,0.49202678,0
0.0,0.3155023,0
0.0,0.03301856,0
0.0,0.3258693,0
1.0,0.99869955,1
0.0,0.49508375,0
1.0,0.49607575,0
0.0,0.49587867,0
1.0,0.5009178,1
0.0,0.4844182,0
0.0,0.40218398,0
1.0,0.38900048,0
1.0,0.49368566,0
0.0,0.4952473,0
0.0,0.49171,0
0.0,0.4841364,0
0.0,0.49482167,0
0.0,0.49450624,0
0.0,0.48811775,0
0.0,0.49429855,0
0.0,0.487241,0
0.0,0.2638129,0
0.0,0.37916458,0
1.0,0.24761143,0
1.0,0.48357415,0
0.0,0.48380435,0
0.0,0.50758797,1
0.0,0.49608424,0
0.0,0.40028423,0
1.0,0.48106366,0
0.0,0.4939663,0
1.0,0.4954927,0
1.0,0.27025688,0
1.0,0.487241,0
0.0,0.4856488,0
1.0,0.48304847,0
1.0,0.50046873,1
1.0,0.39544526,0
0.0,0.4951124,0
1.0,0.49072552,0
1.0,0.4922431,0
0.0,0.38774112,0
0.0,0.24974212,0
1.0,0.40244976,0
0.0,0.49439514,0
1.0,0.4937883,0
0.0,0.43660024,0
1.0,0.9991942,1
0.0,0.49368635,0
1.0,0.5003356,1
0.0,0.5087006,1
1.0,0.47901323,0
1.0,0.49007323,0
1.0,0.48485038,0
0.0,0.49068135,0
1.0,0.49549925,0
0.0,0.4915588,0
0.0,0.4895451,0
1.0,0.4922431,0
1.0,0.50280184,1
0.0,0.48280886,0
0.0,0.4956906,0
0.0,0.49458238,0
0.0,0.37465602,0
0.0,0.07893464,0
1.0,0.4884521,0
1.0,0.49506027,0
1.0,0.49305853,0
1.0,0.49583924,0
1.0,0.50341356,1
1.0,0.49280816,0
1.0,0.9999964,1
1.0,0.24486661,0
0.0,0.5077284,1
1.0,0.4840419,0
1.0,0.9991648,1
1.0,0.9931993,1
1.0,0.4951318,0
0.0,0.39263773,0
1.0,0.23160966,0
0.0,0.486172,0
0.0,0.37646458,0
0.0,0.35723755,0
0.0,0.49069393,0
0.0,0.3022649,0
0.0,0.49562332,0
1.0,0.48379847,0
0.0,0.49035913,0
0.0,0.49273804,0
1.0,0.49394786,0
0.0,0.48390993,0
1.0,0.50801814,1
0.0,0.39035395,0
0.0,0.4927849,0
1.0,0.38316065,0
0.0,0.50846624,1
0.0,0.49429855,0
1.0,0.49368566,0
0.0,0.1669185,0
1.0,0.48596966,0
0.0,0.49573052,0
0.0,0.49363267,0
0.0,0.49265546,0
1.0,0.48619464,0
0.0,0.4884686,0
0.0,0.496171,0
0.0,0.49566695,0
1.0,0.39748022,0
0.0,0.48380435,0
1.0,0.48941052,0
0.0,0.5082318,1
1.0,1.0,1
1.0,0.9990804,1
1.0,0.49436036,0
0.0,0.2935763,0
1.0,0.997846,1
0.0,0.49175233,0
0.0,0.49035913,0
0.0,0.4844633,0
0.0,0.4936702,0
1.0,0.249862,0
0.0,0.49429587,0
0.0,0.31669632,0
0.0,0.49608424,0
0.0,0.4879961,0
0.0,0.4004281,0
1.0,0.4882089,0
1.0,0.38636926,0
1.0,0.48577097,0
0.0,0.49224946,0
0.0,0.49783823,0
1.0,0.49606618,0
1.0,0.39263773,0
0.0,0.49420896,0
1.0,0.99388474,1
0.0,0.4884521,0
0.0,0.48247847,0
0.0,0.48989362,0
1.0,0.49273804,0
1.0,0.9991161,1
0.0,0.2806729,0
0.0,0.49422795,0
0.0,0.0019088627,0
1.0,0.2623223,0
0.0,0.4958071,0
1.0,0.49573052,0
0.0,0.49551645,0
0.0,0.49002016,0
0.0,0.30953345,0
1.0,0.9970161,1
1.0,0.49611154,0
0.0,0.2735142,0
1.0,0.9992617,1
0.0,0.49301577,0
1.0,0.99657273,1
1.0,0.5026625,1
1.0,0.49368566,0
0.0,0.48812875,0
1.0,0.4927249,0
1.0,0.49066666,0
0.0,0.49429587,0
1.0,0.48409465,0
1.0,0.48307273,0
0.0,0.49556956,0
0.0,0.48596966,0
1.0,0.49459627,0
0.0,0.4947974,0
0.0,0.49035913,0
0.0,0.49380812,0
1.0,0.4947974,0
0.0,0.23385164,0
0.0,0.12493625,0
1.0,0.49485284,0
0.0,0.3741493,0
1.0,0.9997397,1
1.0,0.49562442,0
0.0,0.49579063,0
0.0,0.49439514,0
0.0,0.49201098,0
0.0,0.50418687,1
0.0,0.49202678,0
0.0,0.48789334,0
1.0,0.50490326,1
0.0,0.49560568,0
0.0,0.48169562,0
0.0,0.4956906,0
0.0,0.4908545,0
0.0,0.4949405,0
0.0,0.4946899,0
0.0,0.12318265,0
0.0,0.27077776,0
0.0,0.49258354,0
1.0,0.4922431,0
0.0,0.4897349,0
0.0,0.49573806,0
1.0,0.48657942,0
1.0,0.48902616,0
1.0,0.3909781,0
1.0,0.49592176,0
1.0,0.5082306,1
1.0,0.9991673,1
0.0,0.49506038,0
0.0,0.495356,0
0.0,0.495356,0
1.0,0.99907887,1
0.0,0.49551645,0
1.0,0.49412793,0
0.0,0.49556926,0
1.0,0.48997924,0
1.0,0.48172358,0
0.0,0.49422795,0
1.0,0.49495617,0
0.0,0.48380435,0
1.0,0.48012355,0
1.0,0.27115852,0
0.0,0.49439514,0
0.0,0.48848474,0
1.0,0.49311784,0
0.0,0.48989362,0
0.0,0.5048313,1
0.0,0.5025704,1
1.0,0.49067596,0
1.0,0.49608448,0
1.0,0.48057187,0
0.0,0.5084207,1
1.0,0.99910957,1
0.0,0.49190214,0
0.0,0.49280816,0
0.0,0.49177405,0
0.0,0.49505723,0
0.0,0.49482167,0
1.0,0.39159942,0
0.0,0.290151,0
0.0,0.013281216,0
0.0,0.49395648,0
0.0,0.49506038,0
1.0,0.49665123,0
1.0,0.4835888,0
0.0,0.49616212,0
1.0,0.9989587,1
0.0,0.49248794,0
0.0,0.3603425,0
1.0,0.4947974,0
1.0,0.49482167,0
0.0,0.48231867,0
0.0,0.49097648,0
0.0,0.48369622,0
0.0,0.0012723918,0
1.0,0.31582123,0
1.0,0.3882417,0
1.0,0.5017943,1
1.0,0.49363267,0
0.0,0.49572107,0
0.0,0.48132566,0
1.0,0.49452302,0
0.0,0.3815988,0
0.0,0.051149916,0
0.0,0.49412793,0
1.0,0.4868579,0
1.0,0.49214265,0
1.0,0.49422795,0
0.0,0.49476898,0
1.0,0.496171,0
0.0,0.4941043,0
0.0,0.49202678,0
1.0,0.48487067,0
0.0,0.4943716,0
0.0,0.49089718,0
0.0,0.39561054,0
0.0,0.48131025,0
1.0,0.509289,1
1.0,0.48715279,0
1.0,0.49573052,0
0.0,0.48596966,0
0.0,0.49232468,0
1.0,0.49579063,0
0.0,0.48938295,0
1.0,0.4915588,0
0.0,0.48435745,0
1.0,0.49284598,0
1.0,0.49207038,0
1.0,0.99922407,1
1.0,0.4915588,0
1.0,0.49499542,0
1.0,0.38578355,0
1.0,0.5026384,1
0.0,0.2992895,0
0.0,0.49339524,0
0.0,0.49616212,0
1.0,0.4846104,0
0.0,0.49507418,0
0.0,0.49072552,0
0.0,0.49368635,0
1.0,0.23663408,0
1.0,0.48172358,0
1.0,0.4934747,0
0.0,0.49498934,0
0.0,0.23938422,0
1.0,0.49463814,0
0.0,0.49499542,0
0.0,0.48357415,0
1.0,0.49043378,0
0.0,0.487241,0
1.0,0.9982293,1
0.0,0.5066292,1
0.0,0.4957396,0
0.0,0.48663345,0
0.0,0.5007881,1
1.0,0.49035913,0
1.0,0.49499542,0
0.0,0.49071017,0
1.0,0.48991004,0
0.0,0.49030417,0
0.0,0.49097422,0
1.0,0.48201105,0
1.0,0.99916553,1
0.0,0.49458238,0
0.0,0.5083963,1
1.0,0.49436036,0
0.0,0.4941043,0
0.0,0.48596966,0
0.0,0.48458734,0
1.0,0.4033073,0
1.0,0.487241,0
1.0,0.49507418,0
1.0,0.5047612,1
1.0,0.4895451,0
0.0,0.4909339,0
0.0,0.48451635,0
0.0,0.5016405,1
1.0,0.49072552,0
1.0,0.49629328,0
0.0,0.49412793,0
1.0,0.48409465,0
1.0,0.4845282,0
0.0,0.22032408,0
1.0,0.34276223,0
1.0,0.50777054,1
0.0,0.4914011,0
0.0,0.3228524,0
0.0,0.49112642,0
0.0,0.31363577,0
0.0,0.38105324,0
0.0,0.39601687,0
0.0,0.48207465,0
0.0,0.4895451,0
1.0,0.50825363,1
1.0,0.4941986,0
0.0,0.22645007,0
1.0,0.49029544,0
1.0,0.99411666,1
1.0,0.49135044,0
0.0,0.49368566,0
0.0,0.49217436,0
1.0,0.49368724,0
0.0,0.4864567,0
0.0,0.49572107,0
1.0,0.49214265,0
0.0,0.4884521,0
0.0,0.49425158,0
1.0,0.99878126,1
0.0,0.12246143,0
0.0,0.49280816,0
0.0,0.4949238,0
1.0,0.9586228,1
0.0,0.41986609,0
1.0,0.31548938,0
0.0,0.49422282,0
0.0,0.39035395,0
0.0,0.11140238,0
0.0,0.37259203,0
1.0,0.496171,0
0.0,0.48531908,0
1.0,0.4951029,0
1.0,0.9991295,1
0.0,0.3992009,0
1.0,0.4851235,0
0.0,0.48325333,0
1.0,0.488471,0
1.0,0.48997924,0
0.0,0.49072552,0
0.0,0.35584557,0
0.0,0.25471225,0
1.0,0.9979779,1
0.0,0.39927906,0
0.0,0.40099934,0
1.0,0.4889128,0
0.0,0.3214724,0
1.0,0.487241,0
1.0,0.49007323,0
0.0,0.5078925,1
1.0,0.99565685,1
1.0,0.2692564,0
1.0,0.4951412,0
1.0,0.4957956,0
0.0,0.4847391,0
1.0,0.39714825,0
0.0,0.49248794,0
1.0,0.3962083,0
0.0,0.24205042,0
1.0,0.4819782,0
0.0,0.49439514,0
0.0,0.49410683,0
0.0,0.49573806,0
0.0,0.3993039,0
0.0,0.49380812,0
1.0,0.49514928,0
1.0,0.99725634,1
0.0,0.018951133,0
0.0,0.21903199,0
1.0,0.49498934,0
0.0,0.39527246,0
0.0,0.49562332,0
0.0,0.39310092,0
0.0,0.5079293,1
1.0,1.0,1
1.0,0.48596966,0
0.0,0.39669776,0
1.0,0.9963626,1
0.0,0.49573806,0
0.0,0.3720233,0
1.0,0.49567327,0
0.0,0.48993132,0
1.0,0.4947974,0
1.0,0.49749964,0
1.0,0.3853948,0
0.0,0.48994574,0
1.0,0.47901323,0
1.0,0.98217404,1
0.0,0.3840765,0
0.0,0.4918458,0
0.0,0.49551645,0
1.0,0.26842842,0
0.0,0.48380435,0
1.0,0.49098733,0
0.0,0.3819594,0
0.0,0.4947974,0
0.0,0.50618625,1
0.0,0.4841484,0
1.0,0.99518764,1
1.0,0.48961455,0
0.0,0.48973727,0
1.0,0.4914011,0
0.0,0.49368566,0
0.0,0.49608448,0
0.0,0.49311784,0
0.0,0.49410912,0
0.0,0.48380512,0
1.0,0.49579,0
1.0,0.99996686,1
1.0,0.49394786,0
0.0,0.49495617,0
0.0,0.40422663,0
0.0,0.49007323,0
0.0,0.502989,1
0.0,0.49783823,0
1.0,0.4955675,0
0.0,0.38888317,0
1.0,0.48284665,0
1.0,0.5068399,1
1.0,0.5089684,1
0.0,0.4951412,0
1.0,0.49562454,0
1.0,0.48515615,0
0.0,0.4841706,0
0.0,0.2361257,0
0.0,0.32864103,0
1.0,0.5026179,1
1.0,0.48885152,0
0.0,0.4900314,0
1.0,0.9992318,1
0.0,0.49463814,0
0.0,0.49152917,0
0.0,0.48380435,0
1.0,0.4949405,0
0.0,0.49505126,0
1.0,0.49211222,0
1.0,0.4957956,0
1.0,0.4948302,0
0.0,0.24695997,0
1.0,0.5081793,1
0.0,0.36875075,0
1.0,0.4841364,0
1.0,0.48809752,0
0.0,0.4884521,0
1.0,0.49072552,0
1.0,0.4890467,0
0.0,0.48962626,0
0.0,0.49002016,0
1.0,0.4947974,0
1.0,0.48172358,0
1.0,0.4045319,0
1.0,0.4847391,0
1.0,0.49301577,0
0.0,0.48820835,0
0.0,0.39748022,0
0.0,0.49449387,0
1.0,0.48146626,0
0.0,0.4931797,0
1.0,0.5073043,1
0.0,0.48012355,0
1.0,0.39498836,0
0.0,0.48380435,0
1.0,0.9171522,1
1.0,0.4956906,0
0.0,0.3792484,0
1.0,0.48509577,0
1.0,0.48307404,0
0.0,0.28173748,0
0.0,0.4884521,0
0.0,0.49536997,0
1.0,0.48997924,0
0.0,0.2299708,0
0.0,0.2753156,0
1.0,0.49112642,0
1.0,0.39263773,0
1.0,0.49506038,0
0.0,0.4896442,0
0.0,0.48809752,0
0.0,0.4114608,0
0.0,0.4954927,0
0.0,0.49506038,0
0.0,0.50896347,1
1.0,0.39211938,0
0.0,0.38390905,0
0.0,0.3649852,0
0.0,0.4961519,0
1.0,0.9999938,1
1.0,0.50842774,1
1.0,0.49567327,0
1.0,0.49499542,0
1.0,0.4864567,0
1.0,0.4944877,0
1.0,0.28069913,0
0.0,0.5074656,1
1.0,0.49436036,0
1.0,0.49567643,0
0.0,0.4010841,0
0.0,0.4956906,0
1.0,0.49368635,0
1.0,0.4895451,0
1.0,0.48746535,0
1.0,0.4936656,0
1.0,0.49988142,0
0.0,0.3936309,0
1.0,1.0,1
0.0,0.49089718,0
0.0,0.50247,1
0.0,0.046664365,0
1.0,0.992878,1
1.0,0.39133608,0
1.0,0.23006697,0
0.0,0.224162,0
1.0,1.0,1
1.0,0.27169922,0
1.0,0.4860853,0
1.0,0.4939278,0
0.0,0.48396143,0
0.0,0.49171,0
0.0,0.48244885,0
1.0,0.99830747,1
1.0,0.4930043,0
0.0,0.48435745,0
0.0,0.49335697,0
1.0,0.99986076,1
0.0,0.4957956,0
1.0,0.4909613,0
0.0,0.487241,0
0.0,0.48547208,0
1.0,0.48596966,0
0.0,0.5034988,1
1.0,0.49410683,0
1.0,0.49844736,0
0.0,0.5073052,1
0.0,0.27833003,0
0.0,0.4867603,0
0.0,0.49549925,0
1.0,0.4954927,0
0.0,0.259483,0
0.0,0.36394256,0
0.0,0.4919289,0
0.0,0.38360435,0
0.0,0.49485284,0
1.0,0.49549925,0
0.0,0.49453855,0
0.0,0.49339524,0
0.0,0.38349336,0
1.0,0.48936102,0
1.0,0.38538367,0
0.0,0.39544526,0
0.0,0.5081741,1
1.0,0.49508375,0
1.0,0.99403644,1
0.0,0.4895451,0
1.0,0.487241,0
1.0,0.24254565,0
0.0,0.49579063,0
1.0,0.99559504,1
1.0,0.48284665,0
1.0,0.99797636,1
0.0,0.4851986,0
0.0,0.15876704,0
1.0,0.49573806,0
1.0,0.48390993,0
0.0,0.07201113,0
1.0,0.40079096,0
1.0,0.49330488,0
0.0,0.28629175,0
0.0,0.4884521,0
0.0,0.4160379,0
0.0,0.4954927,0
0.0,0.4846104,0
1.0,0.49072552,0
0.0,0.49556926,0
1.0,0.4903629,0
1.0,0.48515615,0
0.0,0.4951412,0
1.0,0.49032605,0
1.0,0.49368566,0
1.0,0.49370354,0
0.0,0.487241,0
1.0,0.49017924,0
0.0,0.5086824,1
0.0,0.487241,0
0.0,0.49202678,0
0.0,0.49160188,0
1.0,0.48390993,0
1.0,0.4955675,0
1.0,0.49783823,0
0.0,0.49089718,0
1.0,0.49459407,0
1.0,0.4927675,0
0.0,0.48817706,0
0.0,0.49461448,0
1.0,0.49422795,0
1.0,0.3834057,0
0.0,0.39635402,0
0.0,0.4831928,0
1.0,0.50820184,1
1.0,0.9947655,1
1.0,0.49662334,0
1.0,0.49202678,0
0.0,0.39182067,0
0.0,0.49249706,0
0.0,0.35775647,0
1.0,0.4947028,0
0.0,0.49304116,0
0.0,0.48424193,0
0.0,0.4918327,0
1.0,0.99670666,1
1.0,0.26027364,0
0.0,0.22272675,0
1.0,0.4949238,0
0.0,0.48596966,0
1.0,0.32238534,0
0.0,0.391855,0
0.0,0.3154084,0
0.0,0.39301565,0
0.0,0.3941836,0
0.0,0.488804,0
0.0,0.49171,0
0.0,0.26626292,0
1.0,0.49363568,0
0.0,0.49260807,0
1.0,0.4903629,0
1.0,0.48322132,0
0.0,0.27909645,0
1.0,0.49531645,0
1.0,0.5084425,1
0.0,0.48630977,0
1.0,0.48418003,0
0.0,0.31930652,0
1.0,0.48717126,0
0.0,0.5084041,1
1.0,0.48868725,0
0.0,0.39356127,0
0.0,0.4851235,0
0.0,0.40047023,0
1.0,0.49549925,0
0.0,0.50675327,1
1.0,0.48564094,0
0.0,0.24558702,0
1.0,0.5080678,1
0.0,0.49089718,0
0.0,0.4951412,0
1.0,0.49523112,0
0.0,0.488471,0
0.0,0.4847967,0
0.0,0.48060188,0
0.0,0.48307666,0
0.0,0.49384516,0
1.0,0.391728,0
0.0,0.42524135,0
0.0,0.5066897,1
0.0,0.4841706,0
0.0,0.3185318,0
0.0,0.49297878,0
1.0,0.4956906,0
0.0,0.49569038,0
1.0,0.49580416,0
0.0,0.4949614,0
1.0,0.9981812,1
0.0,0.487241,0
0.0,0.37228155,0
0.0,0.4949405,0
1.0,0.4956823,0
0.0,0.49506038,0
1.0,0.48146626,0
0.0,0.37823236,0
1.0,0.4956823,0
0.0,0.4895451,0
1.0,0.49562332,0
0.0,0.4951029,0
1.0,0.487241,0
0.0,0.510066,1
1.0,0.4817685,0
0.0,0.25640383,0
1.0,0.3146965,0
1.0,0.99489945,1
1.0,1.0,1
1.0,0.48892006,0
1.0,0.49608448,0
1.0,0.5084572,1
1.0,0.49374488,0
0.0,0.4936702,0
1.0,0.49458238,0
0.0,0.40029785,0
1.0,0.4844182,0
0.0,0.30902615,0
1.0,0.99647397,1
1.0,0.99838185,1
0.0,0.495356,0
0.0,0.131041,0
1.0,0.49473944,0
0.0,0.4854583,0
0.0,0.48596966,0
1.0,0.4883845,0
1.0,0.49121234,0
0.0,0.0709855,0
0.0,0.39998016,0
0.0,0.3881466,0
1.0,0.49099258,0
1.0,0.49506038,0
1.0,0.99932456,1
0.0,0.4941043,0
0.0,0.48916474,0
0.0,0.39730075,0
0.0,0.48509085,0
1.0,0.49425158,0
0.0,0.117313564,0
0.0,0.2575674,0
1.0,0.48249307,0
1.0,0.24302346,0
0.0,0.49566695,0
0.0,0.49567327,0
0.0,0.49394083,0
0.0,0.49066666,0
1.0,0.49301577,0
0.0,0.49568963,0
0.0,0.49311784,0
0.0,0.4903629,0
0.0,0.38059336,0
1.0,0.48307273,0
0.0,0.38817602,0
1.0,0.49506038,0
1.0,0.49506038,0
0.0,0.37434965,0
0.0,0.39509374,0
1.0,0.48961455,0
0.0,0.3996176,0
1.0,0.48476416,0
0.0,0.4940029,0
0.0,0.30986622,0
0.0,0.4882844,0
1.0,0.9953767,1
0.0,0.50719166,1
0.0,0.49386266,0
1.0,0.48409465,0
1.0,0.4942459,0
0.0,0.49538043,0
0.0,0.49606618,0
1.0,0.9999819,1
0.0,0.48686448,0
0.0,0.49120888,0
1.0,0.508479,1
1.0,0.48954877,0
1.0,0.4854583,0
0.0,0.39643228,0
1.0,0.9991272,1
0.0,0.49556926,0
1.0,0.37700063,0
0.0,0.4895451,0
1.0,0.4927153,0
1.0,0.4919947,0
1.0,0.9999565,1
0.0,0.49082467,0
0.0,0.37964538,0
0.0,0.49259737,0
1.0,0.49467292,0
0.0,0.25648108,0
1.0,0.4936656,0
1.0,0.48919505,0
1.0,0.48562637,0
0.0,0.4956906,0
0.0,0.275776,0
1.0,0.5054273,1
1.0,0.99924695,1
1.0,0.50759035,1
0.0,0.48418003,0
1.0,0.4927675,0
0.0,0.48203942,0
1.0,0.492613,0
1.0,0.49608448,0
0.0,0.48458734,0
0.0,0.4847391,0
0.0,0.487241,0
1.0,0.25212353,0
1.0,0.487241,0
0.0,0.494642,0
0.0,0.49562332,0
0.0,0.4922431,0
0.0,0.49367484,0
0.0,0.48962626,0
0.0,0.38796374,0
0.0,0.49429587,0
1.0,0.4914667,0
0.0,0.4895451,0
1.0,0.506042,1
1.0,0.49566695,0
1.0,0.49475485,0
0.0,0.2727312,0
1.0,0.99750537,1
0.0,0.49453393,0
0.0,0.4881737,0
0.0,0.39999306,0
0.0,0.4942747,0
0.0,0.49368566,0
1.0,0.3826323,0
1.0,0.49219424,0
1.0,0.49202678,0
1.0,0.48384988,0
0.0,0.48224244,0
1.0,0.4951029,0
0.0,0.4947028,0
1.0,0.49459627,0
1.0,0.9990453,1
1.0,0.99917394,1
0.0,0.4949238,0
1.0,0.36047146,0
0.0,0.49185762,0
1.0,0.9996197,1
0.0,0.4915588,0
0.0,0.49112642,0
0.0,0.4909812,0
0.0,0.5077098,1
1.0,1.0,1
0.0,0.49171,0
0.0,0.487241,0
0.0,0.025771942,0
0.0,0.38849232,0
0.0,0.49139374,0
1.0,0.5050495,1
0.0,0.24687794,0
1.0,0.31847027,0
0.0,0.496171,0
1.0,0.48435745,0
1.0,0.49583924,0
1.0,0.999114,1
0.0,0.38888317,0
0.0,0.49562407,0
1.0,0.49301577,0
1.0,0.99912494,1
1.0,0.3850497,0
1.0,0.49311784,0
1.0,0.48596966,0
0.0,0.4816798,0
1.0,0.49559528,0
1.0,0.48357415,0
1.0,0.49368566,0
0.0,0.49505723,0
0.0,0.49549925,0
1.0,0.49549925,0
1.0,0.4954927,0
1.0,0.40029785,0
0.0,0.4918458,0
0.0,0.49506038,0
1.0,0.4914011,0
1.0,0.4819782,0
0.0,0.3905276,0
0.0,0.49580258,0
0.0,0.308169,0
0.0,0.48812196,0
1.0,0.99636745,1
0.0,0.26134747,0
1.0,0.39542994,0
0.0,0.32627586,0
0.0,0.49167103,0
0.0,0.19960395,0
1.0,0.4831316,0
1.0,0.9989085,1
1.0,0.487241,0
1.0,0.49578425,0
1.0,0.49927863,0
1.0,0.37535712,0
1.0,0.49211222,0
0.0,0.48335373,0
1.0,0.4956823,0
0.0,0.37602225,0
1.0,0.49616212,0
1.0,0.3801632,0
1.0,0.49185762,0
0.0,0.49249706,0
0.0,0.48840323,0
0.0,0.25699055,0
1.0,0.4947619,0
0.0,0.49549925,0
0.0,0.38810468,0
1.0,0.49007323,0
1.0,0.49459407,0
0.0,0.22143528,0
0.0,0.48146626,0
0.0,0.4895451,0
1.0,0.4956906,0
0.0,0.4920624,0
1.0,0.48917192,0
1.0,0.32796198,0
1.0,0.4897349,0
0.0,0.4892411,0
0.0,0.4841706,0
0.0,0.48567197,0
0.0,0.28497458,0
1.0,0.48499426,0
1.0,0.38406482,0
0.0,0.49481478,0
0.0,0.31495234,0
0.0,0.48499426,0
0.0,0.49175233,0
0.0,0.3968504,0
1.0,0.49094844,0
1.0,0.40029785,0
1.0,0.3992116,0
0.0,0.48513922,0
1.0,0.9964573,1
0.0,0.49185762,0
1.0,0.4897812,0
1.0,1.0,1
0.0,0.5087707,1
1.0,0.48435745,0
0.0,0.49591604,0
0.0,0.49585035,0
0.0,0.49608448,0
0.0,0.48731917,0
1.0,0.49368566,0
0.0,0.4847967,0
0.0,0.4956823,0
0.0,0.49573806,0
0.0,0.4954927,0
0.0,0.3121194,0
1.0,0.4954927,0
0.0,0.49560568,0
1.0,0.49335697,0
0.0,0.4788412,0
1.0,0.26711184,0
0.0,0.20489296,0
1.0,0.48715279,0
0.0,0.4921736,0
1.0,0.510066,1
0.0,0.48193556,0
1.0,0.4884521,0
0.0,0.4947974,0
0.0,0.49064577,0
0.0,0.48961455,0
1.0,0.49562362,0
1.0,0.49112642,0
1.0,0.996467,1
0.0,0.48677668,0
1.0,0.5045657,1
0.0,0.47901565,0
1.0,0.49352452,0
0.0,0.016293297,0
0.0,0.48453394,0
0.0,0.4954927,0
1.0,0.48305014,0
1.0,0.9990289,1
0.0,0.48817706,0
0.0,0.38853532,0
1.0,0.99884194,1
1.0,0.48282272,0
0.0,0.49506038,0
1.0,0.49562454,0
0.0,0.38568297,0
1.0,1.0,1
1.0,0.4949238,0
0.0,0.4831471,0
0.0,0.49280816,0
1.0,0.5088626,1
1.0,0.48789334,0
0.0,0.48307273,0
0.0,0.39556247,0
0.0,0.49422795,0
0.0,0.48988086,0
0.0,0.49097648,0
0.0,0.30013642,0
1.0,0.39263773,0
1.0,0.48661792,0
0.0,0.49410912,0
0.0,0.49264273,0
1.0,0.49608448,0
1.0,0.4851235,0
0.0,0.4851235,0
0.0,0.4902403,0
0.0,0.49663082,0
0.0,0.49573052,0
1.0,0.99911577,1
1.0,0.9980823,1
0.0,0.48809752,0
1.0,0.4951029,0
0.0,0.48173058,0
0.0,0.4882089,0
1.0,0.5081594,1
0.0,0.4931797,0
0.0,0.48945633,0
0.0,0.39554128,0
1.0,0.18901753,0
1.0,0.99916065,1
0.0,0.4895451,0
1.0,0.4957956,0
0.0,0.3883009,0
1.0,0.49549925,0
0.0,0.4819782,0
0.0,0.49295527,0
0.0,0.38975036,0
0.0,0.49458414,0
1.0,0.93214977,1
1.0,0.9988689,1
1.0,0.49582064,0
0.0,0.24186596,0
1.0,0.48882052,0
0.0,0.4019521,0
0.0,0.31482592,0
1.0,0.9928318,1
1.0,0.49566695,0
0.0,0.507838,1
1.0,0.49573806,0
0.0,0.48840323,0
0.0,0.49035913,0
1.0,0.49055567,0
0.0,0.49616212,0
0.0,0.49089718,0
1.0,0.49092177,0
1.0,0.49304116,0
1.0,0.4937083,0
0.0,0.49585986,0
1.0,0.24550192,0
0.0,0.4956906,0
1.0,0.487241,0
0.0,0.39967564,0
0.0,0.48280886,0
0.0,0.49394083,0
0.0,0.49551645,0
1.0,0.49288952,0
0.0,0.4915588,0
0.0,0.5065766,1
0.0,0.012035327,0
0.0,0.19597776,0
1.0,0.9925517,1
0.0,0.49552348,0
1.0,0.49089718,0
0.0,0.49167103,0
0.0,0.3739354,0
1.0,0.99870527,1
0.0,0.4958516,0
1.0,0.49691564,0
1.0,0.4947974,0
1.0,0.50812864,1
1.0,0.48409465,0
0.0,0.4873164,0
0.0,0.5076475,1
1.0,0.48591515,0
0.0,0.49002016,0
0.0,0.4954927,0
1.0,0.36887315,0
1.0,0.3900306,0
1.0,0.9985668,1
1.0,0.9991154,1
0.0,0.49258047,0
0.0,0.4934747,0
1.0,0.48380435,0
1.0,0.49072552,0
1.0,0.48665705,0
0.0,0.49171,0
0.0,0.36903718,0
0.0,0.4952597,0
0.0,0.01892967,0
1.0,0.48686448,0
1.0,0.2704266,0
0.0,0.49035913,0
1.0,0.3129428,0
0.0,0.4906305,0
0.0,0.09376559,0
0.0,0.49213144,0
1.0,0.4955675,0
0.0,0.48499426,0
1.0,0.49319816,0
1.0,0.49562362,0
0.0,0.49616346,0
0.0,0.50673026,1
0.0,0.49458238,0
0.0,0.39070028,0
0.0,0.4826419,0
0.0,0.48665705,0
0.0,0.49485502,0
1.0,0.9864009,1
0.0,0.49410683,0
1.0,0.49439514,0
0.0,0.3875407,0
0.0,0.48596966,0
1.0,0.48596966,0
1.0,0.48961455,0
0.0,0.32639834,0
0.0,0.39531454,0
0.0,0.37578094,0
0.0,0.2981063,0
0.0,0.50562793,1
0.0,0.48492247,0
1.0,0.4912288,0
1.0,0.49264273,0
0.0,0.48312214,0
1.0,0.50770456,1
0.0,0.33330417,0
0.0,0.4954927,0
0.0,0.49551645,0
0.0,0.49597168,0
1.0,0.487241,0
0.0,0.4918458,0
0.0,0.413117,0
0.0,0.39750642,0
0.0,0.4923427,0
1.0,0.4956906,0
0.0,0.5010728,1
1.0,0.49472088,0
1.0,0.9945257,1
1.0,0.4951412,0
0.0,0.49505723,0
1.0,0.49429587,0
0.0,0.39450547,0
0.0,0.49585986,0
0.0,0.49506038,0
0.0,0.49482536,0
0.0,0.4925819,0
1.0,0.49573806,0
0.0,0.49258047,0
1.0,0.48307273,0
0.0,0.4956906,0
0.0,0.3954072,0
1.0,0.3772671,0
0.0,0.31616446,0
1.0,0.9985537,1
1.0,0.99881256,1
0.0,0.4959735,0
1.0,0.9993617,1
0.0,0.49551645,0
0.0,0.48863316,0
0.0,0.4901404,0
1.0,0.49454647,0
1.0,0.31411463,0
0.0,0.49422795,0
0.0,0.4950537,0
0.0,0.24474508,0
0.0,0.49295527,0
1.0,0.49363267,0
1.0,0.99961203,1
0.0,0.493024,0
1.0,0.49552348,0
0.0,0.49505126,0
0.0,0.016307632,0
1.0,0.50436157,1
1.0,0.49663994,0
0.0,0.27460432,0
0.0,0.09476337,0
0.0,0.487241,0
1.0,0.4815786,0
1.0,0.48268235,0
0.0,0.49495617,0
0.0,0.3260761,0
0.0,0.49422795,0
1.0,0.48499426,0
0.0,0.49562454,0
1.0,0.99921095,1
0.0,0.4954927,0
0.0,0.4908545,0
0.0,0.05542319,0
0.0,0.48747605,0
0.0,0.116556905,0
0.0,0.32241464,0
0.0,0.48380435,0
1.0,1.0,1
0.0,0.3818864,0
0.0,0.23284888,0
1.0,0.50746465,1
0.0,0.49527726,0
0.0,0.49562407,0
1.0,0.4947028,0
1.0,0.3178424,0
1.0,0.29799038,0
0.0,0.49028015,0
1.0,0.4918458,0
0.0,0.49339524,0
1.0,0.49506027,0
0.0,0.29440665,0
0.0,0.5024998,1
1.0,0.99357116,1
1.0,0.4951412,0
0.0,0.4951029,0
0.0,0.5011646,1
1.0,0.4956906,0
0.0,0.4864567,0
1.0,0.99932754,1
0.0,0.4817685,0
1.0,0.4931797,0
0.0,0.5062045,1
0.0,0.4927249,0
1.0,0.4956906,0
0.0,0.4840451,0
0.0,0.21090785,0
0.0,0.4925667,0
1.0,0.3905585,0
0.0,0.3191554,0
1.0,0.49552348,0
0.0,0.4941043,0
0.0,0.39937863,0
0.0,0.49041155,0
1.0,0.48596966,0
1.0,0.26667625,0
1.0,0.49301577,0
1.0,0.49506038,0
0.0,0.49097648,0
0.0,0.49573806,0
1.0,0.49559808,0
1.0,0.4833107,0
1.0,0.38827205,0
0.0,0.49550733,0
1.0,0.48728752,0
0.0,0.4947028,0
0.0,0.49012816,0
1.0,0.31680906,0
0.0,0.4952133,0
0.0,0.4956906,0
1.0,0.4949405,0
0.0,0.49491194,0
0.0,0.49551645,0
0.0,0.48976976,0
0.0,0.4844182,0
0.0,0.49363267,0
0.0,0.4882089,0
0.0,0.48554245,0
1.0,0.49029544,0
0.0,0.48499426,0
0.0,0.5082837,1
0.0,0.49459195,0
0.0,0.49368566,0
1.0,0.30331174,0
1.0,0.4948319,0
0.0,0.49436915,0
0.0,0.21972016,0
0.0,0.22231348,0
1.0,0.49097422,0
1.0,0.24051723,0
0.0,0.39554128,0
1.0,0.49458238,0
0.0,0.49410683,0
0.0,0.4956906,0
1.0,0.49777323,0
0.0,0.49485284,0
0.0,0.36573496,0
0.0,0.28779668,0
0.0,0.5088096,1
0.0,0.38316065,0
0.0,0.50568724,1
0.0,0.39564538,0
1.0,0.26606497,0
1.0,0.4954927,0
0.0,0.49578425,0
1.0,0.48754343,0
1.0,0.49514928,0
0.0,0.4837394,0
0.0,0.4943695,0
1.0,0.49264273,0
1.0,0.49562454,0
1.0,0.39263773,0
0.0,0.14232858,0
0.0,0.26229748,0
1.0,0.49058378,0
0.0,0.48011926,0
1.0,0.49135044,0
0.0,0.20686877,0
0.0,0.398262,0
1.0,0.4937176,0
1.0,0.49301577,0
0.0,0.48596966,0
1.0,0.49339524,0
1.0,0.48586866,0
0.0,0.3751929,0
0.0,0.38332412,0
0.0,0.5070382,1
0.0,0.390613,0
1.0,0.49295527,0
0.0,0.48206002,0
0.0,0.48989362,0
0.0,0.49562442,0
0.0,0.3389861,0
0.0,0.50585055,1
1.0,0.99966943,1
0.0,0.5070433,1
1.0,0.5066202,1
0.0,0.4868728,0
1.0,0.4915588,0
1.0,0.4956823,0
0.0,0.49506038,0
0.0,0.4087051,0
1.0,0.40667868,0
0.0,0.25757524,0
1.0,0.4922431,0
1.0,0.9985024,1
0.0,0.49230197,0
0.0,0.48596966,0
0.0,0.4956823,0
1.0,0.49410683,0
0.0,0.4895451,0
0.0,0.4956906,0
0.0,0.49583924,0
1.0,0.49485502,0
1.0,0.4922431,0
0.0,0.49295527,0
1.0,0.48146626,0
0.0,0.50818247,1
0.0,0.49506038,0
1.0,0.49086443,0
1.0,0.48418003,0
0.0,0.49608424,0
1.0,0.49562454,0
1.0,0.99608177,1
1.0,0.2654795,0
0.0,0.49537167,0
1.0,0.9986381,1
1.0,0.48390993,0
1.0,0.49573806,0
0.0,0.4949238,0
0.0,0.49567327,0
0.0,0.50433725,1
1.0,0.99153966,1
0.0,0.49562332,0
1.0,0.5000986,1
1.0,0.50623465,1
1.0,0.48418003,0
0.0,0.49762678,0
1.0,0.48250365,0
0.0,0.49587867,0
0.0,0.32812437,0
1.0,0.487241,0
1.0,0.9959488,1
1.0,0.47208104,0
0.0,0.49502778,0
1.0,0.37183315,0
1.0,0.485054,0
1.0,0.49152917,0
0.0,0.48310643,0
1.0,0.49058378,0
1.0,0.48304847,0
0.0,0.49185762,0
1.0,0.48596966,0
1.0,0.39698082,0
0.0,0.49394083,0
1.0,0.22703841,0
1.0,0.49514928,0
1.0,0.49097648,0
1.0,0.5073794,1
1.0,0.49567327,0
0.0,0.501189,1
0.0,0.49492088,0
1.0,0.48357415,0
0.0,0.49368566,0
0.0,0.49562332,0
0.0,0.49175394,0
1.0,0.49394083,0
0.0,0.49804506,0
1.0,0.49506027,0
0.0,0.49499542,0
1.0,0.9933902,1
1.0,0.48596966,0
1.0,0.49436036,0
1.0,0.31440368,0
0.0,0.99893445,1
0.0,0.2327821,0
0.0,0.2821299,0
1.0,0.9957769,1
0.0,0.48562637,0
1.0,0.49562407,0
0.0,0.50820184,1
0.0,0.50303674,1
0.0,0.5019126,1
1.0,0.49007323,0
1.0,0.4950537,0
0.0,0.49007323,0
0.0,0.4931532,0
1.0,0.398262,0
0.0,0.4951029,0
0.0,0.48260677,0
1.0,0.48554245,0
1.0,0.40871635,0
0.0,0.49562332,0
0.0,0.49009436,0
0.0,0.49556926,0
0.0,0.51129305,1
0.0,0.2029932,0
0.0,0.48718745,0
0.0,0.4895451,0
0.0,0.48892006,0
1.0,0.3790086,0
1.0,0.49367484,0
0.0,0.49157977,0
0.0,0.4847967,0
0.0,0.4933145,0
1.0,0.49368566,0
0.0,0.4949238,0
0.0,0.4884521,0
1.0,0.4951412,0
0.0,0.50825363,1
0.0,0.50822866,1
0.0,0.36946547,0
0.0,0.49567643,0
0.0,0.4912288,0
0.0,0.50776386,1
1.0,0.48435745,0
1.0,0.9953453,1
1.0,0.49311784,0
0.0,0.0022439386,0
0.0,0.49508375,0
1.0,0.4864567,0
1.0,0.48728752,0
1.0,0.48368797,0
0.0,0.48284665,0
0.0,0.495261,0
0.0,0.5087766,1
0.0,0.3915571,0
1.0,0.48435745,0
1.0,0.49508375,0
0.0,0.4915588,0
0.0,0.4947974,0
0.0,0.4895451,0
0.0,0.49095854,0
0.0,0.24612929,0
0.0,0.48206002,0
1.0,0.2701144,0
0.0,0.49040666,0
0.0,0.096374065,0
0.0,0.3866428,0
0.0,0.3785533,0
0.0,0.24144721,0
0.0,0.48809752,0
1.0,0.507879,1
0.0,0.49243808,0
1.0,0.32145306,0
0.0,0.49499542,0
0.0,0.48418003,0
1.0,0.48531908,0
1.0,0.9956487,1
0.0,0.5061542,1
1.0,0.9990945,1
0.0,0.5047379,1
0.0,0.49551645,0
0.0,0.39133608,0
0.0,0.35972232,0
1.0,0.99915814,1
0.0,0.23213378,0
1.0,0.4960588,0
1.0,0.99791986,1
0.0,0.49495617,0
1.0,0.40191418,0
1.0,0.038458444,0
0.0,0.3772671,0
0.0,0.49611154,0
1.0,0.49743733,0
1.0,0.49573806,0
1.0,0.48715279,0
1.0,0.5060679,1
0.0,0.49280816,0
1.0,0.49458238,0
0.0,0.49512255,0
0.0,0.4956906,0
0.0,0.020424196,0
0.0,0.49458238,0
1.0,0.48380435,0
0.0,0.4895451,0
0.0,0.49499542,0
0.0,0.2759805,0
0.0,0.24114692,0
1.0,0.48805156,0
0.0,0.033902436,0
1.0,0.48731142,0
1.0,0.48596966,0
1.0,0.9972097,1
0.0,0.49573052,0
1.0,0.48989362,0
0.0,0.50879556,1
0.0,0.5085543,1
1.0,0.9996045,1
0.0,0.49265546,0
0.0,0.4951029,0
0.0,0.48665705,0
0.0,0.49184906,0
1.0,0.4906759,0
0.0,0.50896,1
0.0,0.49363267,0
1.0,0.49436006,0
0.0,0.49372017,0
1.0,0.48082468,0
0.0,0.49608448,0
1.0,0.49273804,0
1.0,0.37941688,0
1.0,0.49562454,0
0.0,0.2834746,0
1.0,0.40110886,0
0.0,0.49175233,0
0.0,0.49567643,0
0.0,0.3954356,0
0.0,0.49264273,0
1.0,0.39428094,0
0.0,0.49273804,0
1.0,0.24000536,0
1.0,0.98866826,1
0.0,0.30411476,0
0.0,0.29205352,0
1.0,0.49112642,0
1.0,0.48147407,0
1.0,0.48448685,0
0.0,0.48206002,0
1.0,0.49578425,0
1.0,0.27727938,0
1.0,0.49225247,0
0.0,0.49293366,0
1.0,0.4949238,0
1.0,0.9999999,1
0.0,0.4954927,0
1.0,0.49295527,0
0.0,0.49414644,0
0.0,0.49439514,0
0.0,0.2515837,0
1.0,0.48418003,0
0.0,0.49225247,0
0.0,0.4886778,0
0.0,0.49032605,0
0.0,0.49202678,0
0.0,0.48612183,0
0.0,0.49552482,0
1.0,0.99692047,1
1.0,0.40238863,0
0.0,0.49673226,0
1.0,0.49482167,0
0.0,0.4956906,0
1.0,0.49068135,0
0.0,0.3193864,0
1.0,0.4847391,0
0.0,0.27489606,0
0.0,0.4849526,0
0.0,0.48380435,0
0.0,0.49506038,0
0.0,0.49410683,0
0.0,0.5070075,1
0.0,0.48176047,0
1.0,0.49608424,0
0.0,0.5088096,1
0.0,0.49364755,0
0.0,0.010594579,0
0.0,0.4947028,0
0.0,0.48380512,0
0.0,0.31971335,0
1.0,0.48961455,0
0.0,0.50817406,1
0.0,0.49410683,0
0.0,0.487241,0
1.0,0.49072552,0
0.0,0.48231867,0
0.0,0.49476898,0
1.0,0.5050495,1
1.0,0.4941043,0
0.0,0.48938295,0
1.0,0.49482167,0
1.0,0.49502778,0
0.0,0.06717725,0
0.0,0.2876684,0
0.0,0.4933145,0
0.0,0.4956906,0
0.0,0.4819782,0
0.0,0.1523622,0
1.0,0.48146626,0
0.0,0.3514838,0
0.0,0.49422795,0
0.0,0.49035913,0
0.0,0.49567643,0
0.0,0.49450624,0
0.0,0.4956906,0
1.0,0.48728752,0
0.0,0.4884521,0
1.0,0.49202678,0
1.0,0.48380512,0
0.0,0.49029544,0
1.0,0.49248794,0
0.0,0.4948319,0
0.0,0.49569038,0
1.0,0.48248023,0
0.0,0.48322132,0
0.0,0.49566695,0
0.0,0.49439514,0
1.0,0.27561745,0
0.0,0.4898981,0
1.0,0.49089718,0
0.0,0.49379778,0
1.0,0.24912326,0
0.0,0.49202678,0
1.0,0.26533675,0
0.0,0.48338237,0
0.0,0.1640293,0
1.0,0.4864479,0
0.0,0.49562454,0
0.0,0.39407602,0
0.0,0.49562442,0
0.0,0.5088108,1
1.0,0.4947974,0
1.0,0.9977545,1
0.0,0.2604065,0
0.0,0.387788,0
0.0,0.5076946,1
1.0,0.49873868,0
0.0,0.15566377,0
1.0,0.49202678,0
1.0,0.32286054,0
0.0,0.5082643,1
0.0,0.48409465,0
1.0,0.99895084,1
0.0,0.49335697,0
0.0,0.3706243,0
1.0,0.50816923,1
0.0,0.49673226,0
0.0,0.48973727,0
0.0,0.39301565,0
1.0,0.48239717,0
0.0,0.4920624,0
1.0,0.4947926,0
0.0,0.4083051,0
0.0,0.48380512,0
1.0,0.49410683,0
1.0,0.4841364,0
0.0,0.5077051,1
1.0,0.99918705,1
1.0,0.49562332,0
1.0,0.4938091,0
0.0,0.48368797,0
0.0,0.4950537,0
1.0,0.4947028,0
0.0,0.28866085,0
0.0,0.48679742,0
0.0,0.49175394,0
0.0,0.3675414,0
0.0,0.4881737,0
0.0,0.50789255,1
1.0,0.99896014,1
1.0,0.49572107,0
0.0,0.48754343,0
0.0,0.37621355,0
0.0,0.48677668,0
0.0,0.08356777,0
1.0,0.4951412,0
0.0,0.39114717,0
1.0,0.49573052,0
1.0,0.49096957,0
1.0,0.5036803,1
0.0,0.48627684,0
1.0,0.38964483,0
0.0,0.39741102,0
1.0,0.2903089,0
0.0,0.30632475,0
0.0,0.13519435,0
1.0,0.49585986,0
0.0,0.49384516,0
0.0,0.4897349,0
1.0,0.49562454,0
0.0,0.5065766,1
1.0,0.48746535,0
0.0,0.48863316,0
0.0,0.4956906,0
0.0,0.4955675,0
0.0,0.20511778,0
1.0,0.99849117,1
1.0,0.4884521,0
0.0,0.50528693,1
1.0,0.9979619,1
1.0,0.48424193,0
0.0,0.4918458,0
1.0,0.99925786,1
0.0,0.4937883,0
0.0,0.49364755,0
0.0,0.49514928,0
0.0,0.49055567,0
1.0,0.4950537,0
0.0,0.31787303,0
1.0,0.4956906,0
0.0,0.49097648,0
0.0,0.5088613,1
0.0,0.4954927,0
0.0,0.49410683,0
0.0,0.48899025,0
0.0,0.48499426,0
1.0,0.18756503,0
0.0,0.38633296,0
0.0,0.39770004,0
0.0,0.4884521,0
0.0,0.49439514,0
0.0,0.48031604,0
0.0,0.060044695,0
0.0,0.39564538,0
0.0,0.39275348,0
0.0,0.49458238,0
0.0,0.3850497,0
1.0,0.50859857,1
1.0,0.48435745,0
0.0,0.39344394,0
0.0,0.49097422,0
0.0,0.4918327,0
0.0,0.4955606,0
0.0,0.487241,0
0.0,0.48973727,0
0.0,0.49573052,0
1.0,0.4941043,0
1.0,0.4941611,0
1.0,0.48826867,0
1.0,0.48335373,0
1.0,0.49214265,0
1.0,0.48806924,0
0.0,0.29747146,0
1.0,0.49301577,0
0.0,0.4947974,0
1.0,0.50226307,1
0.0,0.34319335,0
0.0,0.49364755,0
0.0,0.39305508,0
1.0,0.9611115,1
0.0,0.5079522,1
0.0,0.48459226,0
1.0,0.49645182,0
0.0,0.12400684,0
1.0,0.49573052,0
0.0,0.48591194,0
1.0,0.4912288,0
0.0,0.39483592,0
1.0,0.9915509,1
0.0,0.4946899,0
1.0,0.4947028,0
0.0,0.4935725,0
0.0,0.48306516,0
1.0,0.49506038,0
1.0,0.99999976,1
0.0,0.49573806,0
1.0,0.4948319,0
1.0,0.3171509,0
0.0,0.49202678,0
1.0,0.9980094,1
0.0,0.49506038,0
1.0,0.9951687,1
1.0,0.49421677,0
0.0,0.48821798,0
0.0,0.38968924,0
0.0,0.49608448,0
0.0,0.39389175,0
0.0,0.49304116,0
0.0,0.49202678,0
1.0,0.49368566,0
1.0,0.4958071,0
0.0,0.38791662,0
0.0,0.48852924,0
1.0,0.49410683,0
1.0,0.4956906,0
1.0,0.99935204,1
0.0,0.49394083,0
1.0,0.9751761,1
0.0,0.49499542,0
1.0,0.48861712,0
1.0,0.49412793,0
1.0,0.4949238,0
0.0,0.30322033,0
1.0,0.49068135,0
0.0,0.5079543,1
0.0,0.49495617,0
1.0,0.48665705,0
1.0,0.9988802,1
0.0,0.49436036,0
0.0,0.49339524,0
1.0,0.49202678,0
1.0,0.4956906,0
1.0,0.9945747,1
0.0,0.4954927,0
1.0,0.49573052,0
0.0,0.3864306,0
0.0,0.4950537,0
0.0,0.39545768,0
0.0,0.39613453,0
1.0,0.4921445,0
1.0,0.30986622,0
1.0,0.23174502,0
1.0,0.5081594,1
1.0,0.9994079,1
0.0,0.28298482,0
1.0,0.39805123,0
1.0,0.49068135,0
1.0,0.4951412,0
0.0,0.4946622,0
0.0,0.49454495,0
0.0,0.4951412,0
0.0,0.49264273,0
1.0,0.49394083,0
1.0,0.9999697,1
1.0,0.4956823,0
0.0,0.48596966,0
1.0,0.39210862,0
0.0,0.49562332,0
0.0,0.4941986,0
1.0,1.0,1
0.0,0.39554128,0
0.0,0.5085685,1
0.0,0.4941793,0
0.0,0.48241192,0
1.0,0.49030417,0
0.0,0.49439514,0
1.0,0.49368566,0
1.0,0.48907772,0
0.0,0.4946622,0
1.0,0.49968347,0
1.0,0.49536997,0
0.0,0.4996713,0
1.0,0.50481033,1
0.0,0.48146626,0
0.0,0.4895451,0
1.0,0.40068296,0
0.0,0.4841364,0
0.0,0.49214265,0
0.0,0.49043378,0
0.0,0.48746535,0
0.0,0.49567643,0
1.0,0.4897349,0
1.0,0.4897349,0
0.0,0.49562332,0
1.0,0.3917368,0
0.0,0.49368566,0
1.0,0.50707173,1
1.0,0.2474769,0
1.0,0.4949238,0
1.0,0.48418003,0
0.0,0.49616212,0
0.0,0.4906759,0
1.0,0.48863316,0
1.0,0.49007323,0
0.0,0.4947028,0
0.0,0.4960588,0
1.0,0.49112642,0
1.0,0.49573806,0
1.0,0.496171,0
1.0,0.4946622,0
0.0,0.49429587,0
0.0,0.48390993,0
1.0,0.5056831,1
1.0,0.4951029,0
0.0,0.49394083,0
1.0,0.24889223,0
0.0,0.49368566,0
1.0,0.4956906,0
1.0,0.48991576,0
0.0,0.485054,0
0.0,0.48825046,0
0.0,0.49587867,0
1.0,0.49217436,0
1.0,0.397761,0
1.0,0.48700362,0
1.0,0.49032605,0
1.0,0.99959415,1
0.0,0.487241,0
1.0,0.99953663,1
1.0,0.28934237,0
1.0,0.3898698,0
1.0,0.25156352,0
1.0,0.9941553,1
1.0,0.48961455,0
0.0,0.49264273,0
1.0,0.9919918,1
1.0,0.49202678,0
0.0,0.48554245,0
1.0,0.2976367,0
1.0,0.4936656,0
1.0,0.48426327,0
0.0,0.49549925,0
0.0,0.4949238,0
1.0,0.9992386,1
1.0,0.38791662,0
1.0,0.49495617,0
0.0,0.49097422,0
0.0,0.49089718,0
0.0,0.49368566,0
0.0,0.386027,0
0.0,0.38337508,0
1.0,0.99907315,1
1.0,0.4835888,0
1.0,0.49569038,0
1.0,0.49089718,0
0.0,0.48531908,0
0.0,0.4884686,0
0.0,0.38984445,0
1.0,0.50815207,1
0.0,0.4944149,0
1.0,0.5095418,1
0.0,0.49506038,0
0.0,0.3859514,0
0.0,0.24001832,0
1.0,0.4940029,0
1.0,0.3681933,0
0.0,0.4951029,0
0.0,0.39370945,0
1.0,0.49439514,0
0.0,0.3881466,0
1.0,0.5011957,1
0.0,0.49481478,0
0.0,0.49485284,0
0.0,0.487241,0
1.0,0.49506038,0
0.0,0.49097648,0
1.0,0.49135044,0
1.0,0.49567327,0
0.0,0.24109335,0
0.0,0.48380435,0
1.0,0.49492782,0
0.0,0.8586941,1
1.0,0.4893822,0
0.0,0.49270964,0
1.0,0.384826,0
1.0,0.49062523,0
0.0,0.4886861,0
1.0,0.49372187,0
0.0,0.48554245,0
0.0,0.49429587,0
0.0,0.4918458,0
0.0,0.15931821,0
1.0,0.48929542,0
1.0,0.4960588,0
1.0,0.5045414,1
0.0,0.40268514,0
0.0,0.49449387,0
0.0,0.48305014,0
0.0,0.49506027,0
0.0,0.48515615,0
1.0,0.4949405,0
0.0,0.4938091,0
0.0,0.49202678,0
0.0,0.48484647,0
1.0,0.3883009,0
0.0,0.4947974,0
1.0,0.5088096,1
1.0,0.49518797,0
0.0,0.4847391,0
0.0,0.4934747,0
1.0,0.39896053,0
0.0,0.3222311,0
1.0,0.27392572,0
0.0,0.48146626,0
0.0,0.4941043,0
0.0,0.07557864,0
1.0,0.48902616,0
0.0,0.49112377,0
1.0,0.4918327,0
1.0,0.49072552,0
0.0,0.40164676,0
1.0,0.5084425,1
0.0,0.3834682,0
1.0,0.48526195,0
0.0,0.5079203,1
0.0,0.4941043,0
1.0,0.49305308,0
0.0,0.5077789,1
1.0,0.49505723,0
1.0,0.49255455,0
1.0,0.49506038,0
1.0,0.49097648,0
0.0,0.49384516,0
0.0,0.5084425,1
1.0,0.4856532,0
0.0,0.4949238,0
1.0,0.49410912,0
0.0,0.3926112,0
0.0,0.3494675,0
0.0,0.49295527,0
1.0,0.4936702,0
0.0,0.24806349,0
1.0,0.4831316,0
0.0,0.4892411,0
1.0,0.48499426,0
1.0,0.3878034,0
1.0,0.48677668,0
1.0,0.49006847,0
1.0,0.49368566,0
1.0,0.2808889,0
1.0,0.49258047,0
1.0,0.4949238,0
0.0,0.49561885,0
1.0,0.487241,0
1.0,0.49545243,0
1.0,0.40208516,0
0.0,0.4961342,0
0.0,0.4895451,0
1.0,0.487241,0
1.0,0.5070382,1
1.0,0.49572062,0
1.0,0.49458238,0
0.0,0.48418003,0
0.0,0.5088626,1
0.0,0.49549925,0
1.0,0.48591194,0
0.0,0.49035913,0
0.0,0.48602203,0
0.0,0.49185762,0
0.0,0.49135044,0
0.0,0.39100075,0
1.0,0.3779835,0
0.0,0.493985,0
0.0,0.49372017,0
1.0,0.50818044,1
1.0,0.49097648,0
1.0,0.4954927,0
0.0,0.49308345,0
1.0,0.4946899,0
0.0,0.4847967,0
0.0,0.49451533,0
0.0,0.4960609,0
1.0,0.3894163,0
0.0,0.39542285,0
1.0,0.4941043,0
0.0,0.49508375,0
0.0,0.3302093,0
0.0,0.49363267,0
1.0,0.487241,0
0.0,0.39177793,0
0.0,0.32239905,0
0.0,0.4856532,0
0.0,0.49549925,0
1.0,0.4941043,0
0.0,0.4919244,0
0.0,0.3160291,0
1.0,0.48596966,0
0.0,0.48368797,0
0.0,0.5086824,1
0.0,0.4851235,0
0.0,0.49029544,0
0.0,0.3047917,0
1.0,0.49608448,0
1.0,0.31734058,0
0.0,0.49030513,0
0.0,0.4956906,0
1.0,0.49534687,0
1.0,0.400507,0
1.0,0.40012792,0
1.0,0.3975783,0
1.0,0.23208836,0
1.0,0.48296437,0
0.0,0.48700362,0
0.0,0.49225247,0
0.0,0.49569038,0
1.0,0.4922431,0
1.0,0.4841364,0
1.0,0.39899322,0
0.0,0.38865817,0
1.0,0.4949405,0
1.0,0.30390853,0
1.0,0.48284665,0
1.0,0.4937204,0
0.0,0.4919467,0
1.0,0.4954927,0
0.0,0.48551804,0
0.0,0.49035913,0
1.0,0.4954927,0
0.0,0.4956906,0
0.0,0.48809752,0
1.0,0.4884521,0
1.0,0.49562407,0
0.0,0.48985735,0
1.0,0.4884521,0
1.0,0.4951029,0
0.0,0.320529,0
1.0,0.4816085,0
0.0,0.48172358,0
0.0,0.48591194,0
1.0,0.49369183,0
0.0,0.39998016,0
1.0,0.49135044,0
1.0,0.31469676,0
1.0,0.99896324,1
0.0,0.24346334,0
0.0,0.49422795,0
1.0,0.49425158,0
0.0,0.49506605,0
1.0,0.49023366,0
0.0,0.48308545,0
1.0,0.49295485,0
1.0,0.32514378,0
0.0,0.489487,0
0.0,0.49097648,0
0.0,0.49607575,0
1.0,0.32253364,0
0.0,0.49097422,0
0.0,0.39544526,0
1.0,0.4914011,0
0.0,0.49572107,0
1.0,0.33498943,0
0.0,0.48464754,0
1.0,0.49569038,0
0.0,0.4838904,0
0.0,0.5012636,1
0.0,0.4847744,0
1.0,0.4947974,0
0.0,0.4951412,0
0.0,0.4941043,0
1.0,0.48380435,0
0.0,0.2512141,0
0.0,0.49566695,0
0.0,0.49089718,0
1.0,0.49567327,0
0.0,0.4949238,0
1.0,0.487241,0
1.0,0.49035913,0
0.0,0.49202678,0
1.0,0.49012935,0
1.0,0.49089718,0
0.0,0.4954927,0
1.0,0.49562678,0
0.0,0.4816085,0
0.0,0.49007323,0
1.0,0.5065405,1
0.0,0.48851314,0
1.0,0.4879961,0
0.0,0.48661906,0
1.0,0.9812013,1
0.0,0.49485502,0
1.0,0.4960588,0
1.0,0.49606618,0
0.0,0.50596166,1
0.0,0.324942,0
0.0,0.48368797,0
0.0,0.4895451,0
0.0,0.48418003,0
0.0,0.49171,0
1.0,0.99015474,1
1.0,0.4831471,0
0.0,0.48759574,0
1.0,0.49506038,0
0.0,0.25972444,0
0.0,0.09521525,0
1.0,0.49135044,0
1.0,0.50198996,1
0.0,0.254009,0
0.0,0.48435745,0
1.0,0.39918596,0
1.0,0.48596966,0
0.0,0.4931732,0
1.0,0.49579,0
1.0,0.99200284,1
0.0,0.38705182,0
1.0,0.49606618,0
0.0,0.49499542,0
0.0,0.19592611,0
1.0,0.4938091,0
0.0,0.24104442,0
1.0,0.49214265,0
1.0,0.49499542,0
0.0,0.4949134,0
1.0,0.32247525,0
0.0,0.4910119,0
0.0,0.31213495,0
0.0,0.49249706,0
1.0,0.40268514,0
1.0,0.2561188,0
0.0,0.49556926,0
0.0,0.00775302,0
1.0,0.4884521,0
0.0,0.49174976,0
0.0,0.48968524,0
1.0,0.49007323,0
0.0,0.48532385,0
0.0,0.2474043,0
0.0,0.4884521,0
0.0,0.49591604,0
1.0,0.4847967,0
0.0,0.4915588,0
0.0,0.30635473,0
1.0,0.49305,0
0.0,0.49566695,0
0.0,0.49591684,0
1.0,0.3889616,0
0.0,0.4956906,0
1.0,0.48554245,0
1.0,0.49562442,0
1.0,0.48458734,0
1.0,0.49171,0
0.0,0.4946622,0
1.0,0.49225247,0
1.0,0.4955675,0
0.0,0.496171,0
0.0,0.4884521,0
0.0,0.48580348,0
0.0,0.4884521,0
0.0,0.49608448,0
1.0,0.49506027,0
1.0,0.48458734,0
0.0,0.48485634,0
0.0,0.4936883,0
1.0,0.5088356,1
1.0,0.4949238,0
1.0,0.39217186,0
0.0,0.4926417,0
0.0,0.48267135,0
1.0,0.48602203,0
1.0,0.9951391,1
1.0,0.4856533,0
1.0,0.39486772,0
0.0,0.33779788,0
1.0,0.998946,1
0.0,0.4915096,0
1.0,0.4946622,0
0.0,0.35642263,0
1.0,0.49562332,0
0.0,0.39275348,0
1.0,0.4903629,0
0.0,0.49458238,0
0.0,0.48146626,0
0.0,0.3838457,0
1.0,0.49583924,0
1.0,0.50300276,1
0.0,0.38447487,0
1.0,0.9990528,1
0.0,0.23956111,0
1.0,0.99973184,1
1.0,0.4936883,0
1.0,0.495356,0
1.0,0.49583924,0
1.0,0.49425158,0
0.0,0.49152917,0
0.0,0.4944135,0
0.0,0.23166212,0
1.0,0.32102746,0
0.0,0.49562332,0
0.0,0.50816923,1
0.0,0.4906759,0
0.0,0.49335697,0
1.0,0.9993901,1
0.0,0.49112642,0
1.0,0.997044,1
0.0,0.29221737,0
0.0,0.3878413,0
1.0,0.49329293,0
0.0,0.2830771,0
0.0,0.48409465,0
1.0,0.49429587,0
0.0,0.48275825,0
0.0,0.3920575,0
0.0,0.13796458,0
0.0,0.49335697,0
0.0,0.40601385,0
0.0,0.28155908,0
1.0,0.4951412,0
1.0,0.48012355,0
0.0,0.49185762,0
0.0,0.32179388,0
1.0,0.28816518,0
1.0,0.9988217,1
0.0,0.5081934,1
1.0,0.49043378,0
0.0,0.48146626,0
1.0,0.48295185,0
0.0,0.4956823,0
0.0,0.49436036,0
1.0,0.4947974,0
0.0,0.49508375,0
0.0,0.48973122,0
1.0,0.9984273,1
0.0,0.3949706,0
0.0,0.4831316,0
0.0,0.49600786,0
1.0,0.9990835,1
0.0,0.48357415,0
1.0,0.9992415,1
0.0,0.4833192,0
0.0,0.4883072,0
1.0,0.49017924,0
1.0,0.50245,1
0.0,0.48468617,0
0.0,0.4936982,0
0.0,0.49496526,0
0.0,0.49099258,0
1.0,0.48938295,0
1.0,0.4897349,0
0.0,0.48418003,0
1.0,0.998808,1
1.0,0.9983469,1
1.0,0.49583924,0
0.0,0.3836596,0
1.0,0.49567643,0
1.0,0.48487747,0
1.0,0.48499426,0
0.0,0.5085352,1
1.0,0.49112642,0
1.0,0.49498934,0
0.0,0.2086438,0
0.0,0.487241,0
0.0,0.48596966,0
1.0,0.4948479,0
1.0,0.3679704,0
1.0,0.48146626,0
0.0,0.49167103,0
0.0,0.3968275,0
0.0,0.4947974,0
0.0,0.4847744,0
0.0,0.08903893,0
1.0,0.4948319,0
1.0,0.391728,0
0.0,0.4956906,0
1.0,0.48011926,0
1.0,0.49449387,0
1.0,0.99929285,1
0.0,0.3994575,0
0.0,0.4831554,0
1.0,0.9999999,1
0.0,0.4882089,0
1.0,0.49439514,0
1.0,0.48985174,0
1.0,0.99907994,1
0.0,0.4950537,0
0.0,0.49171,0
0.0,0.4914703,0
0.0,0.49429587,0
0.0,0.49211222,0
1.0,0.99897987,1
0.0,0.48307273,0
0.0,0.31400132,0
1.0,0.4004592,0
1.0,0.48435745,0
1.0,0.4915588,0
1.0,0.49295527,0
1.0,0.99972934,1
1.0,0.4937883,0
1.0,0.487241,0
1.0,0.24478106,0
0.0,0.39544925,0
1.0,0.4954688,0
1.0,0.49202678,0
0.0,0.40012512,0
1.0,0.39097533,0
1.0,0.49562454,0
1.0,0.49439514,0
0.0,0.40126282,0
1.0,0.4918458,0
1.0,0.4847967,0
1.0,0.28821507,0
0.0,0.4949238,0
1.0,0.49453855,0
0.0,0.49360526,0
1.0,0.4954927,0
1.0,0.47825173,0
0.0,0.49301577,0
1.0,0.49301106,0
0.0,0.49572107,0
0.0,0.5087657,1
0.0,0.38863742,0
0.0,0.39137536,0
1.0,0.5000859,1
0.0,0.22244346,0
1.0,0.4951029,0
1.0,0.5037323,1
1.0,0.48310643,0
1.0,0.49210933,0
0.0,0.49152917,0
1.0,0.496171,0
1.0,0.48369622,0
1.0,0.4937204,0
0.0,0.4817453,0
1.0,0.507879,1
1.0,0.49258047,0
1.0,0.4951412,0
1.0,0.49611154,0
1.0,0.49567643,0
1.0,0.49301577,0
0.0,0.23230872,0
1.0,0.49573806,0
1.0,0.2558987,0
1.0,0.4831471,0
0.0,0.40406957,0
1.0,0.23878658,0
0.0,0.4951029,0
0.0,0.48995787,0
1.0,0.49425158,0
1.0,0.4936656,0
0.0,0.4831316,0
0.0,0.50789255,1
0.0,0.49587867,0
0.0,0.49573806,0
0.0,0.40272063,0
1.0,0.48284665,0
0.0,0.49591604,0
0.0,0.32355955,0
1.0,0.49530807,0
0.0,0.3772671,0
0.0,0.48596966,0
0.0,0.48228052,0
0.0,0.4934747,0
1.0,0.4918458,0
1.0,0.49097422,0
0.0,0.4941901,0
1.0,0.30355045,0
0.0,0.49214265,0
1.0,0.4878777,0
0.0,0.5071022,1
0.0,0.24184443,0
0.0,0.22206141,0
0.0,0.39614508,0
0.0,0.4881308,0
0.0,0.4954927,0
1.0,0.48380512,0
1.0,0.49167103,0
0.0,0.40110886,0
1.0,0.48962626,0
0.0,0.48907772,0
0.0,0.38825846,0
1.0,0.49249706,0
0.0,0.49572107,0
0.0,0.013102964,0
0.0,0.49368566,0
0.0,0.5010329,1
1.0,0.49175394,0
1.0,0.4863057,0
0.0,0.48973727,0
0.0,0.48759156,0
1.0,0.49550733,0
0.0,0.4884686,0
0.0,0.48809752,0
0.0,0.32996902,0
0.0,0.9976266,1
0.0,0.49496526,0
0.0,0.3835634,0
0.0,0.4010881,0
0.0,0.48591852,0
0.0,0.4847967,0
0.0,0.49436036,0
0.0,0.26655537,0
1.0,0.99593866,1
1.0,0.9978818,1
1.0,0.4960588,0
1.0,0.48596966,0
0.0,0.49439514,0
1.0,0.4947974,0
0.0,0.4884521,0
1.0,0.4851235,0
0.0,0.48596966,0
0.0,0.49068135,0
1.0,0.9990835,1
0.0,0.3244299,0
1.0,0.49072552,0
0.0,0.48665705,0
1.0,0.49394083,0
0.0,0.49573052,0
1.0,0.4846104,0
0.0,0.49397317,0
1.0,0.49538043,0
0.0,0.4883845,0
1.0,0.49573052,0
1.0,0.48280886,0
1.0,0.49573052,0
0.0,0.4822474,0
0.0,0.49490768,0
0.0,0.5076609,1
0.0,0.27912173,0
0.0,0.50623465,1
0.0,0.49495617,0
0.0,0.48308235,0
0.0,0.48435745,0
0.0,0.40766478,0
0.0,0.49099258,0
1.0,0.49591604,0
1.0,0.49453855,0
0.0,0.24116509,0
0.0,0.49534693,0
1.0,0.4897349,0
1.0,0.48435745,0
1.0,0.3905585,0
0.0,0.22194214,0
1.0,0.49425158,0
1.0,0.49201098,0
1.0,0.49269712,0
1.0,0.4847391,0
0.0,0.49372187,0
0.0,0.500948,1
1.0,0.4951029,0
0.0,0.4918458,0
0.0,0.49098733,0
1.0,0.4951029,0
1.0,0.49394083,0
1.0,0.487241,0
0.0,0.4931797,0
1.0,0.50623465,1
1.0,0.49567327,0
0.0,0.3299562,0
0.0,0.3141658,0
0.0,0.39070028,0
0.0,0.31495205,0
1.0,0.99994826,1
1.0,1.0,1
0.0,0.49439514,0
0.0,0.4840451,0
0.0,0.32903868,0
0.0,0.49095842,0
0.0,0.49422795,0
1.0,0.4949134,0
1.0,0.39331496,0
1.0,0.48458734,0
1.0,0.507879,1
1.0,0.9955878,1
0.0,0.48809752,0
1.0,0.49481478,0
0.0,0.06508818,0
0.0,0.5096934,1
0.0,0.24843286,0
0.0,0.49573806,0
1.0,0.48580348,0
0.0,0.40012792,0
1.0,0.48368797,0
1.0,0.49368566,0
0.0,0.30708605,0
0.0,0.4918327,0
0.0,0.4999827,0
1.0,0.4950113,0
0.0,0.39709005,0
0.0,0.4922431,0
0.0,0.48843163,0
1.0,0.38781628,0
0.0,0.48172358,0
1.0,0.39177895,0
0.0,0.48249307,0
1.0,0.49032605,0
0.0,0.4933145,0
0.0,0.4946899,0
1.0,0.48746535,0
0.0,0.48665705,0
1.0,0.3853041,0
1.0,0.99906677,1
1.0,0.9989222,1
0.0,0.073046155,0
0.0,0.49405092,0
1.0,0.49367484,0
1.0,0.9990332,1
0.0,0.49611154,0
1.0,0.49449387,0
1.0,0.48145473,0
0.0,0.50647235,1
0.0,0.49476898,0
1.0,0.4956906,0
1.0,0.49173468,0
1.0,0.48997924,0
0.0,0.49367484,0
1.0,0.49508375,0
0.0,0.49608448,0
1.0,0.9822441,1
0.0,0.50032157,1
1.0,0.487241,0
0.0,0.48987302,0
1.0,0.49035913,0
1.0,0.4887222,0
1.0,0.4841706,0
0.0,0.4831316,0
0.0,0.3800334,0
0.0,0.24991068,0
0.0,0.24100076,0
1.0,0.49673226,0
0.0,0.49029544,0
1.0,0.49580258,0
0.0,0.488804,0
0.0,0.5070382,1
1.0,0.4956823,0
1.0,0.99886155,1
1.0,0.49573806,0
1.0,0.381719,0
0.0,0.49202678,0
0.0,0.48390993,0
0.0,0.50915194,1
0.0,0.4952445,0
0.0,0.2997716,0
1.0,0.49616212,0
0.0,0.3805523,0
0.0,0.49586654,0
0.0,0.48378438,0
0.0,0.49585035,0
1.0,0.49506027,0
1.0,0.49090374,0
1.0,0.49425158,0
1.0,0.49429587,0
0.0,0.4947028,0
1.0,0.49368566,0
1.0,0.48728752,0
1.0,0.3892022,0
1.0,0.49567643,0
1.0,0.49380812,0
1.0,0.4949405,0
1.0,0.9990709,1
0.0,0.24025977,0
0.0,0.49422795,0
0.0,0.4993002,0
1.0,0.4950537,0
1.0,0.48307273,0
1.0,0.50818247,1
1.0,0.39446425,0
0.0,0.4819782,0
1.0,0.39655292,0
0.0,0.4937176,0
0.0,0.30907497,0
1.0,0.4854583,0
1.0,0.99887174,1
0.0,0.48746535,0
0.0,0.5088108,1
0.0,0.49225247,0
1.0,0.5076402,1
0.0,0.48401135,0
1.0,0.49035913,0
0.0,0.49481478,0
1.0,0.4860924,0
0.0,0.041001875,0
0.0,0.3850497,0
1.0,0.5077276,1
0.0,0.38909963,0
0.0,0.4941043,0
0.0,0.49263936,0
1.0,0.9943024,1
0.0,0.48390993,0
0.0,0.49475485,0
1.0,0.49295527,0
1.0,0.4823524,0
0.0,0.35125852,0
1.0,0.4925873,0
0.0,0.49069393,0
1.0,0.49459195,0
0.0,0.4841165,0
1.0,0.9963341,1
1.0,0.5069098,1
0.0,0.48715279,0
0.0,0.4956906,0
0.0,0.48531908,0
1.0,0.3917368,0
0.0,0.48645967,0
0.0,0.2670863,0
1.0,0.49505126,0
1.0,0.48307827,0
1.0,0.48206002,0
0.0,0.49505126,0
1.0,0.4937883,0
1.0,0.99993634,1
1.0,0.48418003,0
1.0,0.4897349,0
0.0,0.4903629,0
1.0,0.48973727,0
1.0,0.4941043,0
1.0,0.49585035,0
0.0,0.4954927,0
0.0,0.39344886,0
0.0,0.49573806,0
0.0,0.49305308,0
0.0,0.50221664,1
1.0,0.99991953,1
0.0,0.4930438,0
1.0,0.39714825,0
1.0,0.49202678,0
0.0,0.49466288,0
0.0,0.49368566,0
1.0,0.991911,1
1.0,0.49295527,0
1.0,0.49562332,0
0.0,0.29735813,0
0.0,0.49311784,0
0.0,0.49562407,0
0.0,0.49450624,0
0.0,0.14633353,0
0.0,0.49534687,0
0.0,0.48513326,0
1.0,0.996671,1
1.0,0.49061626,0
1.0,0.9988611,1
1.0,0.3834682,0
0.0,0.4954927,0
1.0,0.4937883,0
0.0,0.4940029,0
1.0,0.39765766,0
0.0,0.23657309,0
1.0,0.4884521,0
0.0,0.5084579,1
0.0,0.48526195,0
1.0,0.31653634,0
0.0,0.49280816,0
1.0,0.49476898,0
1.0,0.9988895,1
1.0,0.5081594,1
1.0,0.4915588,0
0.0,0.49203336,0
0.0,0.4951029,0
1.0,0.49597168,0
0.0,0.4895451,0
1.0,0.38656062,0
0.0,0.49364161,0
0.0,0.4009266,0
0.0,0.36887315,0
1.0,0.49097648,0
0.0,0.4947028,0
0.0,0.49429855,0
0.0,0.48380512,0
0.0,0.39541817,0
0.0,0.10894861,0
1.0,0.9992873,1
1.0,0.31477082,0
0.0,0.50837284,1
1.0,0.48789334,0
1.0,0.4844182,0
0.0,0.4951412,0
1.0,0.48817706,0
1.0,0.9989976,1
0.0,0.31408015,0
0.0,0.4946622,0
0.0,0.49508375,0
0.0,0.37009305,0
0.0,0.49265546,0
1.0,0.38984445,0
1.0,0.49572107,0
0.0,0.48919362,0
1.0,0.4940029,0
1.0,0.49569038,0
0.0,0.4890467,0
0.0,0.17493644,0
1.0,0.49368566,0
0.0,0.483902,0
0.0,0.4918458,0
1.0,0.9957455,1
1.0,0.48380435,0
1.0,0.48426327,0
0.0,0.49482536,0
1.0,0.48409465,0
1.0,0.49394083,0
0.0,0.4862083,0
0.0,0.49097648,0
0.0,0.48407248,0
0.0,0.483902,0
1.0,0.49560568,0
0.0,0.1719413,0
0.0,0.5078891,1
1.0,1.0,1
1.0,0.39851618,0
0.0,0.49784437,0
0.0,0.49505723,0
1.0,0.9993112,1
0.0,0.48938295,0
1.0,0.49549925,0
0.0,0.50177556,1
1.0,0.998961,1
0.0,0.3966691,0
0.0,0.48564094,0
0.0,0.38982654,0
0.0,0.48847258,0
0.0,0.49551645,0
1.0,0.48380512,0
0.0,0.48390993,0
0.0,0.48968902,0
1.0,0.48700362,0
0.0,0.4947974,0
0.0,0.49567327,0
1.0,0.9994505,1
1.0,0.5025025,1
1.0,0.985355,1
1.0,0.49219573,0
1.0,0.5088096,1
1.0,0.49611154,0
1.0,0.40377864,0
1.0,0.9940865,1
0.0,0.35228083,0
0.0,0.5024233,1
0.0,0.5075711,1
0.0,0.49562332,0
1.0,0.5089684,1
1.0,0.4947974,0
0.0,0.031169834,0
1.0,0.495468,0
1.0,0.4844672,0
0.0,0.48809752,0
1.0,0.49436036,0
0.0,0.48464754,0
0.0,0.39202482,0
0.0,0.49364755,0
1.0,0.38476118,0
0.0,0.50623465,1
1.0,0.49554878,0
1.0,0.48961455,0
1.0,0.40524426,0
1.0,0.4941043,0
0.0,0.4847967,0
0.0,0.49551645,0
1.0,0.39918596,0
1.0,0.9984314,1
0.0,0.49562332,0
0.0,0.4919467,0
0.0,0.49429587,0
1.0,0.49708277,0
0.0,0.38217095,0
0.0,0.49206245,0
1.0,0.49699312,0
0.0,0.48587373,0
0.0,0.22064573,0
1.0,0.4933795,0
0.0,0.4956906,0
0.0,0.46957257,0
0.0,0.48367736,0
1.0,0.49043378,0
0.0,0.32152522,0
1.0,0.4847391,0
1.0,0.49567643,0
0.0,0.49485284,0
1.0,0.49295527,0
1.0,0.48661906,0
0.0,0.4943286,0
1.0,0.48612183,0
1.0,0.38703057,0
1.0,0.487241,0
1.0,0.487241,0
0.0,0.5081769,1
1.0,0.4900312,0
1.0,0.4891092,0
0.0,0.49550733,0
0.0,0.48496202,0
1.0,0.23093504,0
1.0,0.48961455,0
0.0,0.4846104,0
0.0,0.49436036,0
0.0,0.27444628,0
0.0,0.3968275,0
0.0,0.0061635566,0
1.0,0.4895451,0
1.0,0.99357396,1
0.0,0.4822253,0
0.0,0.48746535,0
0.0,0.4895451,0
1.0,0.49562332,0
0.0,0.3154811,0
1.0,0.99997425,1
0.0,0.37684435,0
1.0,0.49567327,0
1.0,0.4937176,0
0.0,0.0034613863,0
1.0,0.49562454,0
0.0,0.40002784,0
0.0,0.29009658,0
0.0,0.39548358,0
0.0,0.48661792,0
0.0,0.49573806,0
0.0,0.12586677,0
1.0,0.4936702,0
1.0,0.9991314,1
0.0,0.50785977,1
1.0,0.99498725,1
1.0,0.49175394,0
1.0,0.49394083,0
0.0,0.4947028,0
0.0,0.49097648,0
1.0,0.39554128,0
1.0,0.4020871,0
0.0,0.4938091,0
0.0,0.49505723,0
0.0,0.4899833,0
1.0,0.49608448,0
1.0,0.5053977,1
1.0,0.4957956,0
1.0,0.31407154,0
0.0,0.49505126,0
1.0,0.99947494,1
1.0,0.4892411,0
0.0,0.49566695,0
0.0,0.4951029,0
1.0,0.40037587,0
1.0,0.49583924,0
0.0,0.31669632,0
0.0,0.31647497,0
0.0,0.4956906,0
1.0,0.39765897,0
1.0,0.8921141,1
0.0,0.49368566,0
0.0,0.4947028,0
1.0,0.49580064,0
0.0,0.49429587,0
1.0,0.48499426,0
0.0,0.48554608,0
0.0,0.4819782,0
1.0,0.49072683,0
0.0,0.49537167,0
0.0,0.4956906,0
0.0,0.48499426,0
0.0,0.19976991,0
0.0,0.2528856,0
0.0,0.3954116,0
1.0,0.49301577,0
0.0,0.49453375,0
1.0,0.48562637,0
0.0,0.49556926,0
1.0,0.48380435,0
0.0,0.4910119,0
0.0,0.40004003,0
0.0,0.27425948,0
1.0,0.48369622,0
0.0,0.49099258,0
0.0,0.04586261,0
0.0,0.03940685,0
0.0,0.49112642,0
1.0,0.9993231,1
0.0,0.38270766,0
1.0,0.4883845,0
1.0,0.49112642,0
1.0,0.49562332,0
0.0,0.5088119,1
1.0,0.49097648,0
1.0,0.4962264,0
0.0,0.48596966,0
0.0,0.314152,0
0.0,0.48458734,0
0.0,0.48580348,0
0.0,0.49572107,0
1.0,0.40872538,0
1.0,0.49369037,0
0.0,0.49567643,0
0.0,0.49248794,0
0.0,0.4895451,0
1.0,0.485054,0
0.0,0.3901716,0
0.0,0.49590853,0
0.0,0.08185503,0
0.0,0.38105324,0
0.0,0.49429855,0
1.0,0.5076326,1
0.0,0.49591604,0
0.0,0.48630977,0
0.0,0.49608448,0
0.0,0.15179135,0
1.0,0.99899787,1
0.0,0.49584943,0
1.0,0.4925334,0
0.0,0.49439514,0
1.0,0.48499426,0
1.0,0.40212348,0
0.0,0.49608448,0
0.0,0.26080325,0
1.0,0.49017924,0
1.0,0.4840419,0
1.0,0.4956823,0
1.0,0.31697062,0
1.0,1.0,1
0.0,0.49505898,0
0.0,0.48151872,0
1.0,0.48284665,0
1.0,0.4949238,0
0.0,0.39331496,0
0.0,0.49439514,0
1.0,0.49429587,0
1.0,0.49502778,0
1.0,0.49573806,0
1.0,0.48307273,0
1.0,0.4847967,0
0.0,0.38578686,0
1.0,0.9992243,1
1.0,0.99882275,1
0.0,0.4915588,0
1.0,0.4922914,0
0.0,0.49567327,0
0.0,0.5077051,1
1.0,0.4816015,0
1.0,0.48390993,0
0.0,0.49373356,0
0.0,0.37025282,0
0.0,0.4860628,0
0.0,0.49567327,0
1.0,0.49538043,0
0.0,0.4013642,0
1.0,0.4956906,0
1.0,0.48169562,0
1.0,0.48363632,0
0.0,0.49608424,0
1.0,0.38769543,0
1.0,0.49608448,0
1.0,0.48380435,0
0.0,0.50806826,1
0.0,0.48369622,0
1.0,0.4956906,0
1.0,0.4946189,0
1.0,0.4860924,0
1.0,0.4956906,0
1.0,0.998784,1
0.0,0.32212487,0
1.0,0.9943228,1
1.0,0.3170901,0
0.0,0.48172358,0
1.0,0.9990945,1
1.0,0.48409465,0
0.0,0.49175394,0
1.0,0.508479,1
1.0,0.13725302,0
0.0,0.5082672,1
1.0,0.9981818,1
0.0,0.49573052,0
0.0,0.4930438,0
1.0,0.3903851,0
1.0,0.4955675,0
0.0,0.49616212,0
0.0,0.487241,0
1.0,0.39555514,0
1.0,0.9999888,1
1.0,0.49548414,0
0.0,0.49506027,0
1.0,0.4918327,0
0.0,0.48562637,0
0.0,0.39665428,0
0.0,0.5077051,1
0.0,0.40012518,0
1.0,0.49573052,0
0.0,0.48499426,0
1.0,0.49265546,0
0.0,0.4949238,0
0.0,0.49562454,0
0.0,0.49206614,0
0.0,0.48307273,0
1.0,0.99504495,1
0.0,0.48863316,0
1.0,0.4870631,0
0.0,0.4845964,0
0.0,0.49459195,0
1.0,0.40573883,0
0.0,0.49311784,0
0.0,0.38220406,0
0.0,0.49569038,0
1.0,0.49251512,0
0.0,0.49368635,0
0.0,0.4867603,0
0.0,0.49616212,0
0.0,0.38979578,0
1.0,0.4851916,0
0.0,0.49368566,0
0.0,0.39413595,0
0.0,0.38689023,0
0.0,0.4892411,0
1.0,0.99579597,1
0.0,0.2919744,0
1.0,0.32205102,0
0.0,0.3853041,0
1.0,0.4949405,0
1.0,0.48630977,0
0.0,0.16956446,0
0.0,0.49673226,0
0.0,0.4842118,0
0.0,0.49451208,0
0.0,0.28870672,0
0.0,0.3823512,0
1.0,0.4954927,0
0.0,0.40288442,0
0.0,0.4954688,0
1.0,0.9990036,1
1.0,0.4914011,0
1.0,1.0,1
1.0,0.49368566,0
0.0,0.22846667,0
0.0,0.4942459,0
0.0,0.4955675,0
1.0,0.99932194,1
0.0,0.4949405,0
0.0,0.48716614,0
0.0,0.49549925,0
1.0,0.99955386,1
1.0,0.48409465,0
0.0,0.48936102,0
0.0,0.49562332,0
0.0,0.4940029,0
0.0,0.4831956,0
0.0,0.4903629,0
0.0,0.49410912,0
0.0,0.4892411,0
0.0,0.48349637,0
0.0,0.4831316,0
1.0,0.48580396,0
1.0,0.49567643,0
0.0,0.49276125,0
1.0,0.50675327,1
0.0,0.49007323,0
0.0,0.40218398,0
0.0,0.48472336,0
1.0,0.49485502,0
0.0,0.4936702,0
1.0,0.49551645,0
1.0,0.49025866,0
1.0,0.49439514,0
0.0,0.49097422,0
1.0,0.49385923,0
1.0,0.3803464,0
0.0,0.04540882,0
0.0,0.0263728,0
0.0,0.5049779,1
0.0,0.38747188,0
1.0,0.48435745,0
0.0,0.37803626,0
0.0,0.03979744,0
0.0,0.50499535,1
0.0,0.23188847,0
1.0,0.4847391,0
0.0,0.4847967,0
1.0,0.49506038,0
1.0,0.49436036,0
0.0,0.39735076,0
1.0,0.48367736,0
1.0,0.9979875,1
0.0,0.49412793,0
0.0,0.49439514,0
0.0,0.25610548,0
0.0,0.4956823,0
1.0,0.49068135,0
1.0,0.49152917,0
0.0,0.5054273,1
0.0,0.49317124,0
1.0,0.25518817,0
1.0,0.50815207,1
1.0,0.49458238,0
0.0,0.38667095,0
1.0,0.48203942,0
0.0,0.48591515,0
0.0,0.37507674,0
1.0,0.48512957,0
1.0,0.9993303,1
0.0,0.2975624,0
1.0,0.49587867,0
1.0,0.4947974,0
0.0,0.5077082,1
0.0,0.48973727,0
1.0,0.99801624,1
1.0,0.49482167,0
1.0,0.48851314,0
0.0,0.49202678,0
0.0,0.48140073,0
1.0,0.49506038,0
0.0,0.49035913,0
1.0,0.48978096,0
0.0,0.48442703,0
1.0,0.49568963,0
1.0,1.0,1
1.0,0.48728752,0
0.0,0.48269334,0
0.0,0.49482167,0
0.0,0.48435745,0
0.0,0.4915588,0
1.0,0.5014685,1
1.0,0.49412793,0
0.0,0.5027168,1
1.0,0.4884521,0
0.0,0.15650536,0
0.0,0.4951412,0
1.0,0.49505126,0
1.0,0.50785977,1
0.0,0.49068135,0
1.0,0.49305853,0
1.0,0.4917862,0
0.0,0.38817552,0
1.0,0.49089718,0
0.0,0.5008214,1
1.0,0.49368566,0
0.0,0.48700362,0
1.0,0.9993443,1
0.0,0.3881466,0
1.0,0.49459195,0
0.0,0.49368566,0
0.0,0.4954688,0
1.0,0.4831316,0
1.0,0.27541503,0
0.0,0.49878612,0
0.0,0.49616212,0
1.0,0.3160291,0
0.0,0.48892006,0
0.0,0.48515615,0
1.0,0.24376693,0
0.0,0.37255508,0
0.0,0.49607575,0
0.0,0.48683506,0
0.0,0.49202678,0
1.0,0.4895451,0
1.0,0.49454647,0
1.0,0.4831316,0
0.0,0.487241,0
0.0,0.4949238,0
0.0,0.49376535,0
0.0,0.49498934,0
0.0,0.48034495,0
0.0,0.49112642,0
1.0,0.49454647,0
0.0,0.39413595,0
1.0,0.4956906,0
0.0,0.49280816,0
1.0,0.49496526,0
0.0,0.011529161,0
1.0,0.49585986,0
1.0,0.49562442,0
0.0,0.48700362,0
1.0,0.4954927,0
1.0,0.9991302,1
0.0,0.48677668,0
0.0,0.3818294,0
0.0,0.5059484,1
0.0,0.39356127,0
1.0,0.49032605,0
1.0,0.48567197,0
1.0,0.48496202,0
0.0,0.5017445,1
0.0,0.5089684,1
0.0,0.19020672,0
0.0,0.48146626,0
0.0,0.49397317,0
0.0,0.25883722,0
0.0,0.4954927,0
1.0,0.48435745,0
1.0,0.4955675,0
1.0,0.3880714,0
1.0,0.34017766,0
1.0,0.4966803,0
1.0,0.49414644,0
0.0,0.4918458,0
1.0,0.48817706,0
0.0,0.49573052,0
0.0,0.4803683,0
0.0,0.48789334,0
0.0,0.48809752,0
0.0,0.48380512,0
0.0,0.40222183,0
1.0,0.282199,0
1.0,0.48435745,0
0.0,0.48409465,0
1.0,0.487241,0
0.0,0.23542789,0
0.0,0.39426082,0
1.0,0.4921053,0
0.0,0.39973575,0
1.0,0.5088613,1
1.0,0.49394083,0
1.0,0.9921582,1
1.0,0.31834623,0
0.0,0.48997924,0
1.0,0.4882089,0
0.0,0.49335697,0
1.0,0.39545262,0
1.0,0.49422795,0
1.0,0.4909812,0
0.0,0.5059673,1
0.0,0.50209224,1
0.0,0.4892411,0
0.0,0.48715279,0
0.0,0.49579063,0
0.0,0.49525955,0
0.0,0.39137638,0
0.0,0.2836916,0
1.0,0.99795604,1
0.0,0.48577097,0
1.0,0.5055794,1
0.0,0.4903629,0
1.0,0.49454647,0
1.0,0.49573052,0
0.0,0.49434882,0
1.0,0.5057774,1
0.0,0.4958071,0
1.0,0.48172358,0
0.0,0.30172727,0
0.0,0.4884686,0
1.0,0.48380435,0
1.0,0.99701405,1
0.0,0.49562454,0
1.0,0.49149543,0
0.0,0.49504033,0
1.0,0.49007323,0
1.0,0.99595404,1
1.0,0.99893016,1
0.0,0.39927906,0
1.0,0.50785285,1
0.0,0.49055567,0
0.0,0.48825046,0
1.0,0.9988599,1
0.0,0.48464754,0
1.0,0.4884521,0
1.0,1.0,1
1.0,0.48596966,0
0.0,0.50596166,1
1.0,0.4947974,0
1.0,0.5082672,1
0.0,0.48700362,0
1.0,0.50764793,1
1.0,0.9970139,1
0.0,0.38828874,0
0.0,0.49021736,0
0.0,0.49361292,0
0.0,0.24157725,0
0.0,0.49491194,0
0.0,0.24109077,0
1.0,0.48146626,0
1.0,0.9587133,1
1.0,0.99963975,1
0.0,0.4846566,0
0.0,0.1660769,0
0.0,0.38390905,0
1.0,0.48766464,0
1.0,0.49285102,0
0.0,0.48715279,0
0.0,0.47898424,0
1.0,0.49512255,0
1.0,0.49395648,0
1.0,0.38966507,0
0.0,0.4881737,0
0.0,0.49175394,0
0.0,0.48809752,0
1.0,0.26919028,0
1.0,0.48172358,0
0.0,0.48380435,0
1.0,0.49152917,0
1.0,0.48746535,0
0.0,0.50306225,1
0.0,0.4954927,0
1.0,0.49097422,0
1.0,0.4934747,0
1.0,0.4324073,0
0.0,0.49458238,0
0.0,0.50357413,1
1.0,0.9961434,1
0.0,0.48547572,0
0.0,0.488471,0
0.0,0.50839657,1
0.0,0.48286173,0
0.0,0.30641645,0
1.0,0.49607575,0
0.0,0.49482167,0
1.0,0.4915096,0
1.0,0.9999026,1
1.0,0.5076993,1
0.0,0.49412793,0
1.0,0.49301577,0
0.0,0.49089718,0
1.0,0.49335697,0
0.0,0.38950497,0
1.0,0.49499542,0
1.0,0.4884521,0
1.0,0.48961455,0
0.0,0.49394083,0
0.0,0.4881308,0
0.0,0.49378887,0
0.0,0.49202678,0
0.0,0.49089718,0
0.0,0.49475485,0
1.0,0.49550733,0
0.0,0.27827582,0
0.0,0.4947974,0
1.0,0.49551645,0
0.0,0.39347365,0
1.0,0.9965659,1
1.0,0.48409465,0
1.0,0.4949238,0
1.0,0.49410683,0
0.0,0.48554245,0
1.0,0.4910119,0
1.0,0.49502778,0
0.0,0.4950113,0
0.0,0.487241,0
1.0,0.49616212,0
1.0,0.48501024,0
0.0,0.48596966,0
1.0,0.5012955,1
0.0,0.50664675,1
1.0,0.49117795,0
0.0,0.2480076,0
1.0,0.48961455,0
0.0,0.39554128,0
0.0,0.49573806,0
0.0,0.2991358,0
0.0,0.4947028,0
0.0,0.39633775,0
0.0,0.49606618,0
1.0,0.48917192,0
1.0,0.48475686,0
1.0,0.48596966,0
0.0,0.49285102,0
1.0,0.4954927,0
1.0,0.50482947,1
1.0,0.48380435,0
0.0,0.49099258,0
0.0,0.30186293,0
0.0,0.48596966,0
0.0,0.50584674,1
0.0,0.37233648,0
1.0,0.49225247,0
0.0,0.2580559,0
1.0,0.99828964,1
1.0,0.999302,1
1.0,0.49567643,0
0.0,0.17304415,0
0.0,0.49422795,0
0.0,0.49363267,0
0.0,0.48146626,0
1.0,0.49569038,0
1.0,0.49368566,0
0.0,0.49482167,0
0.0,0.4857927,0
1.0,0.4788412,0
0.0,0.26174268,0
0.0,0.50420386,1
1.0,0.4903629,0
1.0,0.49454647,0
1.0,0.49549925,0
1.0,0.4909812,0
0.0,0.3752552,0
1.0,0.48380712,0
0.0,0.4956906,0
1.0,0.99896324,1
0.0,0.49616212,0
1.0,0.39240065,0
0.0,0.5079543,1
0.0,0.48713574,0
1.0,0.48206002,0
0.0,0.487241,0
0.0,0.3030177,0
1.0,0.37645727,0
0.0,0.49523258,0
0.0,0.2332914,0
1.0,0.49549925,0
0.0,0.49562332,0
0.0,0.48380435,0
0.0,0.50736034,1
1.0,0.49585035,0
0.0,0.08408783,0
1.0,0.4954927,0
1.0,0.5061409,1
1.0,0.99933344,1
0.0,0.4882844,0
0.0,0.03448086,0
0.0,0.48328796,0
1.0,0.49029544,0
0.0,0.48310643,0
0.0,0.036577508,0
1.0,0.4864414,0
1.0,0.4915588,0
0.0,0.31689194,0
1.0,0.48596966,0
1.0,0.4851235,0
0.0,0.37946734,0
0.0,0.39772764,0
0.0,0.4947028,0
0.0,0.4915588,0
0.0,0.49591604,0
0.0,0.4819782,0
0.0,0.4919467,0
0.0,0.40440643,0
1.0,0.49429587,0
0.0,0.4903629,0
1.0,0.49960133,0
1.0,0.50453424,1
0.0,0.4878777,0
0.0,0.49097422,0
1.0,0.49394083,0
0.0,0.4941043,0
0.0,0.3862371,0
0.0,0.48942253,0
1.0,0.4915588,0
0.0,0.20633891,0
1.0,0.27960727,0
1.0,0.4913463,0
0.0,0.49152917,0
1.0,0.48577097,0
0.0,0.48973727,0
1.0,0.4906759,0
0.0,0.5052711,1
0.0,0.32244965,0
0.0,0.49030071,0
1.0,0.49482167,0
0.0,0.4922431,0
0.0,0.484671,0
0.0,0.014448701,0
0.0,0.49562332,0
0.0,0.26862568,0
1.0,0.48380435,0
1.0,0.48368797,0
1.0,0.98973364,1
0.0,0.506887,1
1.0,0.4951029,0
1.0,0.49538043,0
1.0,0.48011926,0
0.0,0.4954927,0
1.0,0.32562828,0
1.0,0.48499426,0
0.0,0.39699614,0
1.0,0.49534693,0
1.0,0.49485284,0
1.0,0.487241,0
0.0,0.49412793,0
0.0,0.487241,0
1.0,0.24109335,0
0.0,0.4951029,0
1.0,0.4918327,0
1.0,0.39176354,0
0.0,0.50819635,1
1.0,0.40582398,0
0.0,0.3021246,0
0.0,0.2440596,0
1.0,0.48409465,0
0.0,0.4922431,0
0.0,0.38936904,0
0.0,0.5082033,1
1.0,0.4847391,0
0.0,0.49569038,0
0.0,0.38825148,0
0.0,0.49562332,0
1.0,0.4949773,0
0.0,0.49495617,0
0.0,0.50724846,1
0.0,0.06784114,0
0.0,0.35272744,0
1.0,0.4927112,0
1.0,0.28829214,0
1.0,0.49458238,0
0.0,0.4938847,0
0.0,0.38208517,0
1.0,0.48513326,0
0.0,0.49263936,0
1.0,0.50735384,1
1.0,0.99813485,1
0.0,0.3715504,0
1.0,0.25736672,0
1.0,0.49490768,0
1.0,0.4903629,0
0.0,0.38968945,0
0.0,0.49562454,0
0.0,0.31804168,0
1.0,0.99897575,1
0.0,0.3825262,0
1.0,0.49254888,0
0.0,0.49394083,0
0.0,0.48206002,0
0.0,0.0321894,0
1.0,0.49277607,0
1.0,0.49210933,0
1.0,0.23689191,0
0.0,0.4042303,0
0.0,0.50788176,1
0.0,0.024191227,0
1.0,0.49821195,0
1.0,0.4847391,0
0.0,0.39541525,0
0.0,0.37390473,0
0.0,0.48596966,0
1.0,0.49249706,0
1.0,0.9986934,1
0.0,0.49562332,0
0.0,0.49284598,0
0.0,0.09908009,0
0.0,0.4895451,0
1.0,0.49207038,0
1.0,0.4932116,0
1.0,0.99724495,1
1.0,0.5079876,1
0.0,0.483902,0
0.0,0.20104986,0
0.0,0.49394083,0
1.0,0.49007323,0
1.0,0.4851986,0
1.0,0.2612126,0
0.0,0.5082442,1
1.0,0.49552348,0
0.0,0.5059598,1
0.0,0.4951412,0
0.0,0.38220784,0
0.0,0.48484647,0
0.0,0.066408865,0
1.0,0.9983473,1
1.0,0.49616212,0
1.0,0.39592817,0
1.0,0.4921575,0
0.0,0.36363736,0
1.0,0.38599443,0
0.0,0.49007323,0
0.0,0.3838457,0
1.0,0.31415683,0
0.0,0.25452533,0
0.0,0.49135044,0
1.0,0.49315837,0
1.0,0.48452368,0
1.0,0.40556288,0
0.0,0.24797684,0
0.0,0.39542502,0
0.0,0.49461448,0
1.0,0.48011926,0
0.0,0.49450624,0
1.0,0.40287396,0
1.0,0.49552348,0
1.0,0.996642,1
1.0,0.38968945,0
1.0,0.37018847,0
0.0,0.16841298,0
1.0,0.48715279,0
1.0,0.48596966,0
1.0,0.4936702,0
0.0,0.49573052,0
0.0,0.49368566,0
1.0,0.48632702,0
1.0,0.49414644,0
0.0,0.22911482,0
1.0,0.5055724,1
1.0,0.49485284,0
0.0,0.49572107,0
1.0,0.34943572,0
0.0,0.5031684,1
1.0,0.4951412,0
0.0,0.24569157,0
0.0,0.38724515,0
1.0,0.99904317,1
0.0,0.4956906,0
0.0,0.38316065,0
0.0,0.4929507,0
0.0,0.4868579,0
0.0,0.46638757,0
1.0,0.37110728,0
0.0,0.5088096,1
0.0,0.493242,0
0.0,0.4882123,0
1.0,0.48499426,0
0.0,0.101578936,0
0.0,0.49608448,0
0.0,0.304425,0
0.0,0.49295527,0
0.0,0.4888104,0
0.0,0.49273804,0
1.0,0.4949238,0
1.0,0.38944313,0
0.0,0.49325648,0
1.0,0.48472336,0
0.0,0.16472714,0
1.0,0.49265546,0
1.0,0.397766,0
0.0,0.4951029,0
0.0,0.4947974,0
1.0,0.49202678,0
0.0,0.48612183,0
1.0,0.49295527,0
1.0,0.49573806,0
1.0,0.50869113,1
0.0,0.48390993,0
0.0,0.49562407,0
1.0,0.49613318,0
0.0,0.49311784,0
1.0,0.48686448,0
0.0,0.5083989,1
1.0,0.49458238,0
0.0,0.508214,1
1.0,0.493985,0
1.0,0.47901297,0
1.0,0.30472878,0
0.0,0.48305014,0
0.0,0.4847967,0
1.0,0.4938091,0
0.0,0.49566695,0
1.0,0.5041777,1
1.0,0.4906759,0
0.0,0.49112642,0
0.0,0.48280886,0
1.0,0.49295527,0
1.0,0.4958071,0
0.0,0.38542527,0
0.0,0.49152917,0
0.0,0.30002373,0
1.0,0.49043378,0
0.0,0.4915096,0
0.0,0.22912553,0
1.0,0.49503666,0
0.0,0.49112377,0
1.0,0.49573052,0
1.0,0.48140073,0
1.0,0.31372803,0
1.0,0.4947974,0
0.0,0.4915096,0
0.0,0.49545243,0
0.0,0.38759303,0
0.0,0.48591515,0
1.0,0.9987411,1
0.0,0.4819782,0
1.0,0.4937883,0
1.0,0.49202678,0
1.0,0.49485284,0
0.0,0.39446425,0
1.0,0.4949238,0
1.0,0.99922955,1
0.0,0.49887428,0
1.0,0.99920964,1
0.0,0.49368566,0
1.0,0.49177098,0
1.0,0.49562454,0
0.0,0.49335697,0
1.0,0.48596966,0
0.0,0.4956906,0
1.0,0.48367736,0
0.0,0.49072552,0
1.0,0.48496202,0
0.0,0.48989362,0
0.0,0.49175394,0
1.0,0.49171,0
0.0,0.49436036,0
0.0,0.4938951,0
1.0,0.48388043,0
1.0,0.9960328,1
1.0,0.9993162,1
1.0,0.48817706,0
1.0,0.367542,0
1.0,0.999546,1
0.0,0.5078747,1
0.0,0.4954927,0
0.0,0.49202678,0
0.0,0.37056404,0
0.0,0.48907772,0
0.0,0.4934747,0
0.0,0.49573806,0
0.0,0.48965153,0
1.0,0.38630953,0
0.0,0.48564094,0
0.0,0.4882123,0
0.0,0.4858923,0
1.0,0.48146626,0
1.0,0.38952637,0
1.0,0.49175394,0
1.0,0.494942,0
1.0,0.4934747,0
0.0,0.49295527,0
1.0,0.48936102,0
0.0,0.4947974,0
1.0,0.4903629,0
1.0,0.49335697,0
1.0,0.49607575,0
1.0,0.48677668,0
0.0,0.49368635,0
0.0,0.48380435,0
0.0,0.4949134,0
0.0,0.3187955,0
1.0,0.487241,0
0.0,0.5012932,1
0.0,0.48863316,0
1.0,0.49112642,0
1.0,0.39561054,0
0.0,0.48698732,0
1.0,0.49368635,0
0.0,0.4956823,0
1.0,0.4940029,0
0.0,0.49562332,0
1.0,0.3005923,0
0.0,0.4950537,0
1.0,0.3901716,0
0.0,0.48596966,0
0.0,0.49429587,0
0.0,0.48369622,0
1.0,0.31130847,0
0.0,0.12987044,0
0.0,0.4954927,0
1.0,0.4899257,0
1.0,0.50869113,1
0.0,0.009265132,0
0.0,0.4884521,0
1.0,0.99999106,1
1.0,0.49097648,0
0.0,0.48882052,0
0.0,0.49335697,0
0.0,0.3805964,0
0.0,0.487241,0
0.0,0.3238015,0
1.0,0.49202678,0
1.0,0.21183363,0
0.0,0.49502778,0
1.0,0.49863338,0
0.0,0.4884521,0
0.0,0.50820184,1
0.0,0.3843488,0
1.0,0.49608448,0
1.0,0.488471,0
1.0,0.99474525,1
1.0,0.4956906,0
1.0,0.39305508,0
0.0,0.3784924,0
0.0,0.37507674,0
0.0,0.49314058,0
1.0,0.4884521,0
0.0,0.06832846,0
1.0,0.490026,0
1.0,0.487241,0
1.0,0.487241,0
0.0,0.38408166,0
0.0,0.002680645,0
0.0,0.49572107,0
0.0,0.39450547,0
0.0,0.49616212,0
0.0,0.4951029,0
1.0,0.48780268,0
0.0,0.49498934,0
0.0,0.4919289,0
1.0,0.9988932,1
0.0,0.49152917,0
0.0,0.48330945,0
0.0,0.21693234,0
1.0,0.4878777,0
0.0,0.49616212,0
0.0,0.39665428,0
1.0,0.49171,0
1.0,0.49135044,0
1.0,0.4083755,0
0.0,0.4895451,0
0.0,0.37284887,0
0.0,0.49511415,0
1.0,0.4946899,0
1.0,0.49502778,0
0.0,0.38940462,0
0.0,0.4943395,0
0.0,0.3745751,0
1.0,0.48596966,0
1.0,0.49422795,0
1.0,0.3781157,0
1.0,0.24205042,0
0.0,0.49394786,0
1.0,0.4966339,0
1.0,0.49411383,0
0.0,0.48596966,0
0.0,0.3903636,0
1.0,0.49305853,0
0.0,0.3111595,0
0.0,0.5088948,1
1.0,0.49500918,0
0.0,0.48685008,0
0.0,0.28964195,0
0.0,0.022597814,0
0.0,0.48531908,0
1.0,0.4918458,0
1.0,0.48938295,0
0.0,0.4918458,0
0.0,0.38900048,0
0.0,0.4957996,0
0.0,0.48307273,0
0.0,0.48082468,0
1.0,0.99950135,1
0.0,0.48435745,0
0.0,0.5077098,1
0.0,0.49578425,0
1.0,0.48282272,0
1.0,0.49368566,0
0.0,0.4884521,0
1.0,0.48418003,0
1.0,0.9989126,1
1.0,0.49463814,0
0.0,0.49098733,0
0.0,0.49485502,0
0.0,0.063313544,0
1.0,0.4927675,0
0.0,0.046436343,0
0.0,0.49508375,0
1.0,0.49506027,0
1.0,0.32344863,0
1.0,0.9989982,1
1.0,0.49089718,0
1.0,0.48496202,0
1.0,0.4946899,0
0.0,0.50786275,1
0.0,0.39503086,0
0.0,0.5081594,1
0.0,0.49485284,0
1.0,0.48596966,0
1.0,0.496171,0
0.0,0.4954927,0
0.0,0.49202678,0
0.0,0.50892955,1
0.0,0.3775037,0
0.0,0.49572107,0
1.0,0.9990907,1
1.0,0.4884521,0
1.0,0.49573806,0
0.0,0.49608448,0
0.0,0.49673226,0
1.0,0.48790175,0
1.0,0.49231654,0
0.0,0.48531908,0
1.0,0.48892006,0
1.0,0.50147897,1
1.0,0.49068135,0
0.0,0.49120888,0
0.0,0.49528727,0
0.0,0.48728752,0
1.0,0.4931797,0
0.0,0.49368566,0
0.0,0.4889379,0
0.0,0.48596966,0
0.0,0.3262301,0
0.0,0.49491194,0
1.0,0.38682064,0
0.0,0.050374817,0
1.0,0.4837453,0
0.0,0.48746535,0
0.0,0.49185762,0
0.0,0.487241,0
0.0,0.49189627,0
0.0,0.49506038,0
0.0,0.48284665,0
0.0,0.49562407,0
0.0,0.49458238,0
0.0,0.4947028,0
1.0,0.49562442,0
0.0,0.49393415,0
0.0,0.31971806,0
0.0,0.49335697,0
0.0,0.50846624,1
1.0,0.48997924,0
1.0,0.4941043,0
1.0,0.4954927,0
1.0,0.99880326,1
0.0,0.4909812,0
1.0,0.49301577,0
0.0,0.4941611,0
0.0,0.49608424,0
0.0,0.37764415,0
1.0,0.99825615,1
0.0,0.49534693,0
1.0,0.9992687,1
1.0,0.37531996,0
1.0,0.49569038,0
0.0,0.4955675,0
1.0,0.50240135,1
0.0,0.39263773,0
0.0,0.48499426,0
1.0,0.48464754,0
1.0,0.496171,0
0.0,0.48415482,0
0.0,0.3944787,0
0.0,0.49410683,0
1.0,0.4831316,0
0.0,0.4897349,0
0.0,0.49394083,0
0.0,0.494246,0
0.0,0.49549925,0
1.0,0.22808647,0
0.0,0.4848616,0
0.0,0.50813097,1
1.0,0.99923205,1
0.0,0.487241,0
1.0,0.49032605,0
0.0,0.49485284,0
0.0,0.31704015,0
0.0,0.39555514,0
1.0,0.49721572,0
1.0,0.94786733,1
1.0,0.4956906,0
1.0,0.39937863,0
0.0,0.49412793,0
0.0,0.4884521,0
0.0,0.48876244,0
1.0,0.48380512,0
0.0,0.49495617,0
0.0,0.0753888,0
0.0,0.01104496,0
0.0,0.4851986,0
0.0,0.49485502,0
1.0,0.31098908,0
1.0,0.4906576,0
0.0,0.49583924,0
1.0,0.49214265,0
0.0,0.48438346,0
0.0,0.487241,0
0.0,0.49458238,0
0.0,0.49185762,0
0.0,0.48368797,0
1.0,0.49112642,0
1.0,0.4884521,0
0.0,0.49007323,0
1.0,0.49032605,0
1.0,0.24649143,0
0.0,0.48961455,0
0.0,0.49394083,0
0.0,0.3911009,0
0.0,0.5094379,1
0.0,0.3163849,0
1.0,0.4942459,0
1.0,0.49606618,0
1.0,0.4933773,0
1.0,0.49585512,0
1.0,0.4831554,0
0.0,0.356491,0
1.0,0.99894387,1
1.0,0.49475485,0
1.0,0.39413595,0
0.0,0.5079555,1
0.0,0.49573806,0
0.0,0.487241,0
0.0,0.49436006,0
0.0,0.39556247,0
0.0,0.49185762,0
0.0,0.5082672,1
0.0,0.49422795,0
0.0,0.023089608,0
0.0,0.49485284,0
1.0,0.4954927,0
1.0,0.49549925,0
0.0,0.48307273,0
1.0,0.50759,1
1.0,0.4940029,0
0.0,0.4917416,0
1.0,0.99137586,1
0.0,0.49202678,0
0.0,0.5089684,1
0.0,0.48700362,0
1.0,0.9988844,1
1.0,0.39093602,0
0.0,0.48380435,0
0.0,0.49072552,0
0.0,0.17954172,0
0.0,0.4956823,0
0.0,0.4956906,0
1.0,0.49032605,0
0.0,0.48082468,0
0.0,0.393398,0
0.0,0.40402815,0
0.0,0.49562332,0
1.0,0.487241,0
1.0,1.0,1
0.0,0.49436036,0
0.0,0.37681466,0
1.0,0.4918458,0
1.0,0.4916604,0
1.0,0.3256384,0
0.0,0.4840451,0
1.0,0.4919947,0
1.0,0.27841514,0
1.0,0.49368566,0
0.0,0.4905959,0
1.0,0.49368566,0
0.0,0.49573052,0
0.0,0.4841364,0
0.0,0.39665428,0
1.0,0.48468617,0
0.0,0.48989362,0
0.0,0.496171,0
1.0,0.4819782,0
0.0,0.49449387,0
0.0,0.49112642,0
1.0,0.4954927,0
1.0,0.99901664,1
1.0,0.99888676,1
1.0,0.39114717,0
1.0,0.4931797,0
0.0,0.2926259,0
1.0,0.4939409,0
0.0,0.31564564,0
1.0,0.49496526,0
0.0,0.4872283,0
1.0,1.0,1
1.0,0.31900072,0
0.0,0.49567643,0
0.0,0.48546556,0
1.0,0.48809752,0
0.0,0.49551645,0
0.0,0.4881308,0
0.0,0.48596966,0
1.0,0.26193446,0
0.0,0.4951029,0
0.0,0.487241,0
1.0,0.495356,0
1.0,0.49202678,0
0.0,0.49175394,0
0.0,0.37750235,0
0.0,0.4833387,0
1.0,0.4948121,0
1.0,0.49562407,0
1.0,0.49498934,0
0.0,0.39331496,0
0.0,0.49335697,0
1.0,0.4918458,0
1.0,0.49551645,0
0.0,0.49002773,0
0.0,0.48283604,0
0.0,0.49007323,0
0.0,0.49556926,0
0.0,0.49035913,0
0.0,0.032006674,0
0.0,0.3877195,0
1.0,0.3916493,0
1.0,0.49273804,0
0.0,0.48260677,0
0.0,0.2282681,0
1.0,0.495356,0
1.0,0.48247847,0
0.0,0.4940881,0
1.0,0.48840323,0
1.0,0.4951029,0
0.0,0.48219064,0
0.0,0.49585035,0
0.0,0.4831613,0
1.0,0.49384058,0
1.0,0.99839646,1
1.0,0.4895451,0
0.0,0.3880159,0
1.0,0.19126849,0
1.0,0.49559984,0
0.0,0.5079397,1
1.0,0.3149291,0
1.0,0.9924089,1
0.0,0.49573806,0
0.0,0.37977114,0
0.0,0.0011612766,0
0.0,0.39549944,0
0.0,0.39564538,0
1.0,0.5036485,1
0.0,0.39181122,0
0.0,0.4949238,0
1.0,0.49562442,0
0.0,0.39114717,0
0.0,0.38950497,0
0.0,0.49458238,0
0.0,0.2478251,0
0.0,0.49458238,0
1.0,0.39275348,0
0.0,0.48829582,0
0.0,0.38375697,0
1.0,0.49167103,0
1.0,0.487241,0
1.0,0.49394083,0
0.0,0.4954496,0
0.0,0.49295527,0
1.0,0.49167103,0
1.0,0.48435745,0
1.0,0.4925334,0
0.0,0.3913272,0
0.0,0.50657266,1
0.0,0.4951412,0
0.0,0.49410683,0
0.0,0.48082468,0
0.0,0.38979578,0
0.0,0.48305014,0
0.0,0.49475485,0
0.0,0.50136024,1
0.0,0.48496202,0
0.0,0.27774528,0
1.0,0.4954927,0
0.0,0.49265516,0
1.0,0.50788283,1
1.0,0.99882835,1
0.0,0.49455947,0
1.0,0.50634766,1
0.0,0.49439514,0
0.0,0.48968524,0
1.0,0.99062014,1
0.0,0.4956906,0
1.0,0.4947028,0
0.0,0.36804408,0
0.0,0.49304116,0
0.0,0.49573806,0
0.0,0.48418003,0
0.0,0.49506027,0
0.0,0.48426327,0
1.0,0.49171,0
1.0,0.5075675,1
1.0,0.3998027,0
0.0,0.5088626,1
0.0,0.49608448,0
0.0,0.003009053,0
1.0,0.5038614,1
1.0,0.48809752,0
0.0,0.49491194,0
1.0,0.9969265,1
1.0,0.49458238,0
0.0,0.5081914,1
0.0,0.49336052,0
1.0,0.49506605,0
1.0,0.49171,0
1.0,0.4884521,0
0.0,0.4903629,0
1.0,0.49429587,0
1.0,0.487241,0
0.0,0.5063637,1
1.0,0.26556665,0
0.0,0.3838251,0
0.0,0.48446095,0
1.0,0.49284598,0
1.0,0.4897349,0
0.0,0.49549925,0
0.0,0.49526128,0
0.0,0.49368566,0
0.0,0.48817706,0
1.0,0.40268514,0
1.0,0.49549925,0
1.0,0.48630977,0
0.0,0.39350164,0
1.0,0.4847391,0
0.0,0.40304488,0
1.0,0.5039477,1
0.0,0.485719,0
1.0,0.49280816,0
1.0,0.49221432,0
0.0,0.055171154,0
1.0,0.4951412,0
1.0,0.48458734,0
1.0,0.9996476,1
0.0,0.48596966,0
1.0,0.38953143,0
1.0,0.49583924,0
1.0,0.488471,0
1.0,0.27719656,0
0.0,0.48444563,0
0.0,0.495356,0
1.0,0.49439514,0
0.0,0.49410912,0
0.0,0.49225247,0
1.0,0.39561054,0
1.0,0.48961455,0
0.0,0.49562454,0
0.0,0.49482167,0
0.0,0.49264273,0
1.0,0.48973727,0
0.0,0.4951412,0
1.0,0.49305853,0
0.0,0.43290526,0
0.0,0.49502778,0
0.0,0.40766478,0
1.0,0.49506038,0
1.0,0.49301577,0
0.0,0.49569038,0
1.0,0.50623554,1
0.0,0.33414328,0
0.0,0.2841606,0
1.0,0.49566695,0
0.0,0.48025653,0
1.0,0.9991731,1
0.0,0.4110225,0
1.0,0.48809752,0
1.0,0.99908197,1
1.0,0.48700362,0
0.0,0.49528036,0
1.0,0.48907772,0
0.0,0.49438208,0
0.0,0.48716828,0
0.0,0.49276388,0
0.0,0.48531908,0
0.0,0.48544937,0
0.0,0.5052578,1
0.0,0.37077507,0
0.0,0.487241,0
1.0,0.9998486,1
0.0,0.35172728,0
1.0,0.9993431,1
0.0,0.5050634,1
0.0,0.4884521,0
1.0,0.49210933,0
0.0,0.48034495,0
1.0,0.4942496,0
1.0,0.49249706,0
0.0,0.506042,1
0.0,0.49566695,0
0.0,0.013793782,0
0.0,0.4881737,0
1.0,0.5082643,1
1.0,0.49363267,0
1.0,0.49330488,0
0.0,0.49202678,0
1.0,0.49549925,0
1.0,0.49573052,0
1.0,0.996302,1
0.0,0.48269334,0
1.0,0.49090937,0
1.0,0.4958107,0
0.0,0.49439514,0
0.0,0.48206002,0
0.0,0.098594904,0
0.0,0.36992052,0
1.0,0.49002016,0
0.0,0.5000152,1
0.0,0.4956823,0
1.0,0.4915588,0
1.0,0.4913911,0
0.0,0.19104077,0
0.0,0.49280816,0
1.0,0.49410683,0
0.0,0.49285102,0
1.0,0.4947028,0
0.0,0.4911772,0
0.0,0.4903629,0
1.0,0.99019927,1
1.0,0.998628,1
1.0,0.49572107,0
0.0,0.31407154,0
1.0,0.4949238,0
0.0,0.3850497,0
0.0,0.38087794,0
0.0,0.48380512,0
1.0,0.48284665,0
1.0,0.48419127,0
0.0,0.4896516,0
1.0,0.9999999,1
1.0,0.4864479,0
0.0,0.4951029,0
1.0,0.49608448,0
0.0,0.38796374,0
0.0,0.49573806,0
0.0,0.37258658,0
0.0,0.008510458,0
0.0,0.48848987,0
1.0,0.9985966,1
1.0,0.4841706,0
1.0,0.48967278,0
0.0,0.49579,0
0.0,0.48499426,0
1.0,0.2680955,0
1.0,0.4819782,0
1.0,0.48099905,0
0.0,0.39223233,0
0.0,0.38865888,0
1.0,0.48363414,0
1.0,0.49301577,0
1.0,0.38120845,0
0.0,0.49295157,0
1.0,0.48492247,0
0.0,0.50846624,1
1.0,0.487241,0
0.0,0.4954927,0
1.0,0.99379236,1
0.0,0.37759784,0
0.0,0.49372187,0
0.0,0.39936328,0
1.0,0.49549925,0
0.0,0.37133777,0
0.0,0.48596966,0
0.0,0.4901404,0
1.0,0.49562454,0
1.0,0.49485502,0
1.0,0.4847391,0
1.0,0.3806538,0
1.0,0.49475485,0
1.0,0.49369037,0
0.0,0.496171,0
0.0,0.5071022,1
0.0,0.49549925,0
0.0,0.36019585,0
1.0,0.4956823,0
1.0,0.48176047,0
0.0,0.27639517,0
1.0,0.9961443,1
1.0,0.3909837,0
0.0,0.49439514,0
0.0,0.48513922,0
0.0,0.3919785,0
1.0,0.39555514,0
0.0,0.49368566,0
1.0,0.39160872,0
1.0,0.48700362,0
0.0,0.49562332,0
1.0,0.49573806,0
0.0,0.49339524,0
0.0,0.49562362,0
0.0,0.48746535,0
1.0,0.4951029,0
1.0,0.48715279,0
1.0,0.49068135,0
0.0,0.49429587,0
0.0,0.49072552,0
0.0,0.36736405,0
1.0,0.48809752,0
0.0,0.48715279,0
1.0,0.49335697,0
1.0,0.9986218,1
0.0,0.37194532,0
1.0,0.49301577,0
1.0,0.99261993,1
1.0,0.49211222,0
1.0,0.9992955,1
0.0,0.39527246,0
1.0,0.998629,1
0.0,0.49368566,0
0.0,0.48936942,0
0.0,0.4957956,0
0.0,0.49534693,0
0.0,0.22678259,0
0.0,0.49611154,0
1.0,0.4937883,0
0.0,0.48390993,0
1.0,0.49562362,0
1.0,0.49343127,0
0.0,0.07077785,0
0.0,0.48390993,0
1.0,0.4928605,0
1.0,0.4895451,0
0.0,0.49603438,0
0.0,0.49579063,0
0.0,0.12796098,0
0.0,0.49202678,0
0.0,0.49368566,0
1.0,0.48418003,0
1.0,0.9934181,1
1.0,0.49175394,0
1.0,0.49506038,0
1.0,0.49606618,0
0.0,0.4957956,0
0.0,0.48532742,0
1.0,0.97579134,1
0.0,0.5012875,1
1.0,0.48989362,0
1.0,0.48499426,0
0.0,0.495356,0
0.0,0.49043378,0
0.0,0.4857484,0
0.0,0.48011926,0
0.0,0.4915588,0
0.0,0.50437593,1
0.0,0.48728752,0
0.0,0.5047521,1
1.0,0.48809752,0
0.0,0.48357415,0
0.0,0.061658956,0
0.0,0.49475485,0
0.0,0.48700362,0
0.0,0.4922431,0
0.0,0.49368566,0
1.0,0.99778026,1
1.0,0.50547427,1
1.0,0.4819782,0
1.0,0.9991455,1
0.0,0.48961455,0
1.0,0.39431417,0
1.0,0.49098733,0
1.0,0.49308345,0
1.0,0.48172358,0
1.0,0.4925819,0
0.0,0.4895451,0
0.0,0.487241,0
1.0,0.9993486,1
1.0,0.4956823,0
1.0,0.48496202,0
1.0,0.38039446,0
0.0,0.48492247,0
1.0,0.49531645,0
0.0,0.31516623,0
0.0,0.36976615,0
1.0,0.48976085,0
0.0,0.49339524,0
0.0,0.5084272,1
0.0,0.4954688,0
1.0,0.49007323,0
0.0,0.28833178,0
1.0,0.49035913,0
1.0,0.49572107,0
0.0,0.026177758,0
0.0,0.49521142,0
1.0,0.48328796,0
0.0,0.31581512,0
0.0,0.36954957,0
0.0,0.4956906,0
1.0,0.22876202,0
0.0,0.48531908,0
1.0,0.5046692,1
0.0,0.48989362,0
0.0,0.4977236,0
1.0,0.5075675,1
0.0,0.48496202,0
0.0,0.48748603,0
0.0,0.49502778,0
1.0,0.99924326,1
1.0,0.48418003,0
0.0,0.40419617,0
0.0,0.5070382,1
1.0,0.48451343,0
0.0,0.49573052,0
1.0,0.48231867,0
0.0,0.26468652,0
0.0,0.5086662,1
0.0,0.49508375,0
0.0,0.49085283,0
1.0,0.49264273,0
1.0,0.4954688,0
0.0,0.4937176,0
1.0,0.4956906,0
0.0,0.4909936,0
1.0,0.4955675,0
1.0,0.50167984,1
1.0,0.4895451,0
0.0,0.48513922,0
1.0,0.48731142,0
0.0,0.50798404,1
0.0,0.49873868,0
1.0,0.4936702,0
1.0,0.49285102,0
1.0,0.4917899,0
1.0,0.49566695,0
0.0,0.39206827,0
1.0,0.4955701,0
1.0,0.49549925,0
1.0,1.0,1
0.0,0.28315708,0
0.0,0.39735118,0
1.0,0.48448685,0
1.0,0.39841467,0
1.0,0.49499542,0
1.0,0.506042,1
0.0,0.5072844,1
1.0,0.4922268,0
1.0,0.49335697,0
1.0,0.48630977,0
1.0,0.99999964,1
1.0,0.4954927,0
0.0,0.38199893,0
0.0,0.49505126,0
0.0,0.48484647,0
0.0,0.49151057,0
0.0,0.5084474,1
1.0,0.49412793,0
1.0,0.9976024,1
1.0,0.23894174,0
1.0,0.41462326,0
0.0,0.48789334,0
0.0,0.38534775,0
1.0,0.49453166,0
0.0,0.25548017,0
0.0,0.48425496,0
1.0,0.483902,0
0.0,0.4947974,0
0.0,0.2388939,0
1.0,0.38769543,0
1.0,0.480607,0
1.0,0.9987232,1
0.0,0.3955709,0
1.0,0.48989362,0
0.0,0.49562407,0
1.0,0.4954927,0
1.0,0.3834682,0
0.0,0.4922914,0
0.0,0.48817706,0
0.0,0.483902,0
0.0,0.4892411,0
1.0,0.48310643,0
1.0,0.48771057,0
0.0,0.2974933,0
1.0,0.49454647,0
0.0,0.4892411,0
0.0,0.49616212,0
1.0,0.49008748,0
1.0,0.50002044,1
0.0,0.49508375,0
0.0,0.25288162,0
0.0,0.3954072,0
0.0,0.48307273,0
0.0,0.49587867,0
0.0,0.4922268,0
0.0,0.49394083,0
0.0,0.4941043,0
1.0,0.48393953,0
1.0,0.38726044,0
1.0,0.49584943,0
0.0,0.40012512,0
0.0,0.49579063,0
1.0,0.4955675,0
0.0,0.021251833,0
0.0,0.48496202,0
0.0,0.48923516,0
1.0,0.5081594,1
1.0,0.38952637,0
0.0,0.48700362,0
1.0,0.99411446,1
1.0,0.48973727,0
0.0,0.487241,0
1.0,0.5088626,1
1.0,0.48817706,0
0.0,0.38217095,0
1.0,0.49368566,0
1.0,0.49109536,0
0.0,0.4956823,0
1.0,0.3815245,0
1.0,0.99905807,1
1.0,0.4841706,0
1.0,0.5081594,1
1.0,0.4895451,0
0.0,0.49368566,0
1.0,0.48296437,0
1.0,0.49422795,0
1.0,0.99637705,1
0.0,0.4844182,0
1.0,0.9975593,1
0.0,0.49608448,0
0.0,0.49301577,0
0.0,0.4882923,0
0.0,0.49090374,0
0.0,0.48282892,0
0.0,0.48663345,0
0.0,0.49505126,0
1.0,0.48259637,0
1.0,0.4856532,0
1.0,0.49097648,0
0.0,0.49295527,0
0.0,0.50482994,1
1.0,0.49410683,0
1.0,0.9973127,1
1.0,0.50127393,1
1.0,0.48973727,0
0.0,0.30719396,0
0.0,0.48357415,0
0.0,0.08803331,0
0.0,0.49369037,0
1.0,0.9991792,1
1.0,0.48146626,0
0.0,0.23564385,0
0.0,0.24163727,0
0.0,0.2858105,0
0.0,0.49175394,0
0.0,0.3689325,0
0.0,0.49578425,0
0.0,0.4895451,0
0.0,0.3327224,0
0.0,0.49980718,0
1.0,0.4895451,0
1.0,0.30387205,0
1.0,0.29625627,0
1.0,0.99931145,1
0.0,0.38816437,0
1.0,0.490173,0
0.0,0.4937204,0
0.0,0.49248794,0
0.0,0.48332596,0
1.0,0.485054,0
1.0,0.49029544,0
0.0,0.5060026,1
1.0,0.5011052,1
1.0,0.48365355,0
0.0,0.5073413,1
1.0,0.9994723,1
0.0,0.4820271,0
0.0,0.49572107,0
1.0,0.3905654,0
0.0,0.49476898,0
0.0,0.3183951,0
0.0,0.23315693,0
1.0,0.4878777,0
0.0,0.49608448,0
0.0,0.37673122,0
1.0,0.49285102,0
1.0,0.49068135,0
0.0,0.32512125,0
1.0,0.3954337,0
1.0,0.49099258,0
1.0,0.5059942,1
0.0,0.26547316,0
0.0,0.4920413,0
0.0,0.39608952,0
0.0,0.3870186,0
1.0,0.5071945,1
1.0,0.49572062,0
1.0,0.4931832,0
1.0,0.3740367,0
0.0,0.0028700775,0
0.0,0.487241,0
1.0,0.4833107,0
1.0,0.998806,1
0.0,0.2509949,0
1.0,0.49514928,0
1.0,0.4946622,0
0.0,0.49009436,0
1.0,0.49035913,0
0.0,0.49429587,0
1.0,0.9970049,1
1.0,0.9998671,1
0.0,0.49572107,0
0.0,0.040925015,0
0.0,0.4918458,0
0.0,0.39778703,0
1.0,0.49458238,0
0.0,0.49566695,0
0.0,0.49579,0
1.0,0.27608305,0
1.0,0.49410912,0
0.0,0.49459407,0
0.0,0.30087572,0
1.0,0.49295527,0
0.0,0.39296815,0
1.0,0.38270766,0
0.0,0.49439514,0
0.0,0.49089718,0
0.0,0.3819878,0
0.0,0.48661906,0
1.0,0.38810182,0
0.0,0.49394083,0
0.0,0.39936328,0
1.0,0.4905607,0
0.0,0.49363267,0
0.0,0.50755274,1
1.0,0.49410683,0
0.0,0.358927,0
1.0,0.3954337,0
0.0,0.49112642,0
0.0,0.26913968,0
0.0,0.33263794,0
0.0,0.31568098,0
0.0,0.48422772,0
0.0,0.49608424,0
0.0,0.49097648,0
0.0,0.48961455,0
0.0,0.3959758,0
1.0,0.4960588,0
1.0,0.3937912,0
1.0,0.9979115,1
1.0,0.50629073,1
1.0,0.3922122,0
1.0,0.5073054,1
0.0,0.48305014,0
1.0,0.49556926,0
1.0,0.49573052,0
0.0,0.49549925,0
1.0,0.49207038,0
0.0,0.49121234,0
1.0,0.49608448,0
0.0,0.4884521,0
0.0,0.493602,0
1.0,0.5040876,1
0.0,0.50816923,1
1.0,0.9996408,1
0.0,0.4938091,0
0.0,0.18559122,0
1.0,0.50820583,1
1.0,0.49491802,0
1.0,0.4949405,0
1.0,0.49039277,0
0.0,0.024440428,0
1.0,0.5059705,1
0.0,0.49392578,0
1.0,0.99716336,1
0.0,0.39745238,0
1.0,0.3937912,0
1.0,0.4914011,0
0.0,0.49304116,0
1.0,0.49175233,0
0.0,0.49311784,0
0.0,0.4895451,0
0.0,0.37579665,0
1.0,0.49485284,0
1.0,0.4903629,0
1.0,0.4949238,0
0.0,0.4947974,0
1.0,0.49066666,0
0.0,0.50789255,1
0.0,0.50798494,1
1.0,0.4946622,0
1.0,0.4919011,0
0.0,0.48875707,0
0.0,0.38968945,0
1.0,0.48458734,0
1.0,0.4907483,0
0.0,0.48380435,0
1.0,0.5081914,1
0.0,0.48663345,0
1.0,0.49368635,0
1.0,0.48269257,0
0.0,0.39131168,0
1.0,0.27003744,0
1.0,0.4956906,0
0.0,0.40257698,0
1.0,0.48206002,0
1.0,0.49157977,0
0.0,0.49285102,0
0.0,0.487241,0
0.0,0.49569038,0
0.0,0.49339524,0
1.0,0.49364161,0
0.0,0.32357967,0
1.0,0.39236712,0
1.0,0.49152917,0
1.0,0.4895451,0
1.0,0.50303674,1
0.0,0.2795448,0
1.0,0.9998816,1
0.0,0.49394083,0
0.0,0.4922431,0
0.0,0.5076184,1
1.0,0.487241,0
0.0,0.4914011,0
0.0,0.111162,0
0.0,0.38649863,0
0.0,0.50598365,1
1.0,0.487241,0
0.0,0.14081725,0
1.0,0.4958107,0
0.0,0.496171,0
0.0,0.49551645,0
0.0,0.25925553,0
0.0,0.49428618,0
1.0,0.487241,0
1.0,0.99718994,1
0.0,0.48686448,0
1.0,0.48809752,0
0.0,0.49567643,0
1.0,0.99566853,1
1.0,0.4897349,0
1.0,0.48418003,0
0.0,0.48390993,0
1.0,0.49097422,0
0.0,0.49336052,0
0.0,0.49556926,0
0.0,0.3787851,0
0.0,0.4892411,0
0.0,0.4930438,0
1.0,0.24361326,0
0.0,0.4951029,0
0.0,0.49410683,0
1.0,0.9999994,1
1.0,0.9993018,1
1.0,0.49311784,0
1.0,0.4921765,0
0.0,0.003533582,0
0.0,0.49606618,0
1.0,0.48302248,0
0.0,0.5044097,1
0.0,0.047714856,0
1.0,0.4954927,0
0.0,0.5069098,1
0.0,0.4939409,0
0.0,0.26889753,0
1.0,0.4940029,0
1.0,0.49089718,0
0.0,0.2523871,0
0.0,0.39564538,0
1.0,0.3955709,0
0.0,0.48219064,0
0.0,0.27349186,0
0.0,0.4931797,0
1.0,0.22937182,0
0.0,0.37909335,0
1.0,0.4922431,0
1.0,0.49499542,0
0.0,0.49562332,0
1.0,0.50433725,1
1.0,0.38097385,0
1.0,0.3967791,0
1.0,0.5013118,1
0.0,0.48458734,0
0.0,0.29831833,0
1.0,0.49506038,0
0.0,0.4905607,0
1.0,0.9975908,1
0.0,0.48033226,0
1.0,0.49057105,0
1.0,0.49567643,0
0.0,0.4947028,0
1.0,0.4956906,0
0.0,0.42543378,0
0.0,0.39849037,0
0.0,0.46245092,0
0.0,0.39324751,0
0.0,0.49368566,0
1.0,0.49002016,0
1.0,0.48307273,0
0.0,0.34224677,0
1.0,0.47907725,0
1.0,0.50846624,1
0.0,0.4922431,0
0.0,0.49043378,0
0.0,0.49368635,0
0.0,0.3166652,0
0.0,0.38423854,0
0.0,0.4930438,0
0.0,0.48490667,0
0.0,0.3834682,0
0.0,0.4884521,0
0.0,0.48435745,0
0.0,0.49466288,0
0.0,0.39937863,0
1.0,0.3783008,0
1.0,0.49023515,0
0.0,0.48630977,0
0.0,0.49171,0
0.0,0.49035913,0
1.0,0.4847391,0
1.0,0.28696525,0
0.0,0.48886576,0
1.0,0.48532742,0
0.0,0.50816923,1
1.0,0.99931955,1
0.0,0.48484647,0
0.0,0.36915296,0
0.0,0.4922431,0
1.0,0.4862083,0
0.0,0.50357413,1
1.0,0.49506038,0
0.0,0.49258047,0
1.0,0.48989362,0
0.0,0.49482167,0
0.0,0.50285536,1
0.0,0.49514928,0
0.0,0.48254207,0
1.0,0.49624425,0
0.0,0.48596966,0
1.0,0.4922914,0
0.0,0.48307273,0
0.0,0.49439514,0
0.0,0.48380435,0
0.0,0.4957956,0
1.0,0.49369037,0
0.0,0.48239717,0
1.0,0.9965752,1
0.0,0.48961455,0
0.0,0.49616212,0
1.0,0.4956906,0
1.0,0.48442703,0
1.0,0.48454356,0
1.0,0.49572107,0
1.0,0.4947619,0
0.0,0.4949405,0
0.0,0.4847744,0
0.0,0.37740573,0
1.0,0.4915588,0
0.0,0.48825046,0
1.0,0.49556926,0
1.0,0.48531908,0
0.0,0.49089718,0
1.0,0.9999993,1
1.0,0.9990533,1
0.0,0.50813556,1
1.0,0.49112642,0
0.0,0.012648849,0
1.0,0.2916493,0
1.0,0.49573806,0
1.0,0.48357415,0
1.0,0.4884521,0
1.0,0.49482167,0
0.0,0.485054,0
0.0,0.17681667,0
1.0,0.48562637,0
0.0,0.39655548,0
0.0,0.25693142,0
1.0,0.3883009,0
0.0,0.49458238,0
0.0,0.4201274,0
1.0,0.49573806,0
1.0,0.49206245,0
0.0,0.49394083,0
1.0,0.49369183,0
1.0,0.4918458,0
0.0,0.38962266,0
1.0,0.4934747,0
0.0,0.48825046,0
1.0,0.9991615,1
1.0,0.49508375,0
0.0,0.4957956,0
1.0,0.5081793,1
0.0,0.26677084,0
0.0,0.49549925,0
1.0,0.5074344,1
0.0,0.2856594,0
0.0,0.49395496,0
1.0,0.4873172,0
0.0,0.5059062,1
0.0,0.49551645,0
1.0,0.4954927,0
1.0,0.99912316,1
1.0,0.28570175,0
0.0,0.32068777,0
1.0,0.49412793,0
1.0,0.4841165,0
1.0,0.48809752,0
0.0,0.316602,0
0.0,0.483902,0
0.0,0.3842856,0
1.0,0.48663345,0
0.0,0.49485284,0
0.0,0.3975789,0
0.0,0.3665342,0
1.0,0.48458734,0
0.0,0.49453855,0
1.0,0.4936883,0
1.0,0.49481478,0
0.0,0.2520063,0
1.0,0.9994991,1
0.0,0.48390993,0
1.0,0.49363267,0
1.0,0.4919467,0
0.0,0.49616212,0
0.0,0.2280636,0
0.0,0.48746535,0
1.0,0.49304116,0
0.0,0.50837374,1
0.0,0.38396636,0
0.0,0.50869113,1
1.0,0.49562332,0
1.0,0.32158867,0
0.0,0.4922431,0
1.0,0.49583924,0
0.0,0.39754018,0
1.0,0.4819782,0
1.0,0.49573797,0
0.0,0.4946622,0
0.0,0.48587373,0
0.0,0.49410912,0
1.0,0.48418003,0
1.0,0.49152917,0
0.0,0.487241,0
0.0,0.49562332,0
0.0,0.48596966,0
0.0,0.37602615,0
0.0,0.49273804,0
1.0,0.49562407,0
1.0,0.9992335,1
1.0,0.4899882,0
1.0,0.49009436,0
0.0,0.48984697,0
0.0,0.48596966,0
1.0,0.4895451,0
1.0,0.49368635,0
1.0,0.99184823,1
0.0,0.4895451,0
0.0,0.5081594,1
1.0,0.24494003,0
1.0,0.49585035,0
1.0,0.49202678,0
0.0,0.487241,0
1.0,0.49607575,0
1.0,0.48206002,0
0.0,0.4895451,0
0.0,0.5047521,1
0.0,0.3049706,0
0.0,0.49572107,0
1.0,0.999718,1
1.0,0.48484647,0
0.0,0.4954927,0
0.0,0.49301577,0
0.0,0.3898698,0
1.0,0.99734503,1
0.0,0.3920575,0
1.0,0.4954688,0
0.0,0.49225163,0
1.0,0.28232485,0
1.0,0.49465734,0
1.0,0.49475485,0
0.0,0.48193118,0
0.0,0.2497279,0
0.0,0.4869792,0
0.0,0.487241,0
0.0,0.49549925,0
1.0,0.48380435,0
0.0,0.49450624,0
0.0,0.48554245,0
1.0,0.9965843,1
0.0,0.48523092,0
0.0,0.49089718,0
1.0,0.9936526,1
1.0,0.48851314,0
1.0,0.9947572,1
1.0,0.9986267,1
1.0,0.49368635,0
0.0,0.30693293,0
1.0,0.4884521,0
0.0,0.49508375,0
0.0,0.37248388,0
0.0,0.48577097,0
0.0,0.5081793,1
0.0,0.4896341,0
0.0,0.49506038,0
0.0,0.49112642,0
1.0,0.49333644,0
0.0,0.50706863,1
1.0,0.48700362,0
0.0,0.48596966,0
0.0,0.23380417,0
1.0,0.48863316,0
0.0,0.49068135,0
0.0,0.48532742,0
0.0,0.48435745,0
0.0,0.48844323,0
1.0,0.4951029,0
0.0,0.506042,1
0.0,0.3866997,0
0.0,0.39100876,0
0.0,0.48426327,0
1.0,0.48492247,0
0.0,0.48989362,0
1.0,0.4949676,0
0.0,0.4949238,0
1.0,0.49120888,0
0.0,0.48907772,0
0.0,0.079492085,0
0.0,0.38738605,0
0.0,0.5075654,1
1.0,0.496171,0
0.0,0.49567327,0
0.0,0.21183833,0
1.0,0.4914011,0
1.0,0.48630977,0
1.0,0.4878777,0
1.0,0.49368566,0
0.0,0.4864567,0
1.0,0.9848977,1
1.0,0.4914011,0
0.0,0.29453483,0
1.0,0.48967278,0
0.0,0.49476898,0
0.0,0.39269307,0
1.0,0.4947974,0
0.0,0.3920805,0
0.0,0.49068135,0
1.0,0.49475485,0
1.0,0.48961455,0
0.0,0.17527959,0
0.0,0.4895451,0
1.0,0.487241,0
0.0,0.4957956,0
1.0,0.4915096,0
1.0,0.40214208,0
1.0,0.9992674,1
1.0,0.9999647,1
1.0,0.48284665,0
0.0,0.4903629,0
0.0,0.3888205,0
1.0,0.4947028,0
0.0,0.48380435,0
0.0,0.49608448,0
1.0,0.48728752,0
0.0,0.49569038,0
0.0,0.3728176,0
1.0,0.50847185,1
1.0,0.49506038,0
0.0,0.50785285,1
0.0,0.37409914,0
0.0,0.48380512,0
0.0,0.49429587,0
1.0,0.49121234,0
0.0,0.3732021,0
1.0,0.48499426,0
0.0,0.49112642,0
0.0,0.49007323,0
0.0,0.50965804,1
1.0,0.49175394,0
0.0,0.49202678,0
0.0,0.5074723,1
0.0,0.39712512,0
0.0,0.4957956,0
1.0,0.28480032,0
0.0,0.49012774,0
1.0,0.4864567,0
0.0,0.50805986,1
0.0,0.40464938,0
0.0,0.49549925,0
0.0,0.49608448,0
0.0,0.4954927,0
0.0,0.4951412,0
0.0,0.13006222,0
0.0,0.48554245,0
0.0,0.4919947,0
0.0,0.49301577,0
0.0,0.48484647,0
1.0,0.49214265,0
1.0,0.49491194,0
1.0,0.49175233,0
0.0,0.4947974,0
1.0,0.48840323,0
1.0,0.49508375,0
1.0,0.48012355,0
0.0,0.49508375,0
1.0,0.49984276,0
0.0,0.39998016,0
0.0,0.24332283,0
1.0,0.48947644,0
0.0,0.49325648,0
0.0,0.48989362,0
1.0,0.9993569,1
1.0,0.4034538,0
0.0,0.11367029,0
0.0,0.49506038,0
0.0,0.38394392,0
0.0,0.4947619,0
1.0,0.49585035,0
0.0,0.4918327,0
0.0,0.5078309,1
0.0,0.48494962,0
1.0,0.49411592,0
0.0,0.5077283,1
1.0,0.9933509,1
0.0,0.5061111,1
1.0,0.99640626,1
1.0,0.9975661,1
1.0,0.99961543,1
1.0,0.48962626,0
0.0,0.39460367,0
0.0,0.5081326,1
1.0,0.49567643,0
0.0,0.49458238,0
1.0,0.49249706,0
1.0,0.98401743,1
0.0,0.39438254,0
1.0,0.49562332,0
1.0,0.49551645,0
1.0,0.48380512,0
0.0,0.4898734,0
0.0,0.48597687,0
0.0,0.49562442,0
0.0,0.50288683,1
0.0,0.320935,0
1.0,0.49569038,0
1.0,0.50825363,1
0.0,0.49112642,0
0.0,0.5084579,1
0.0,0.40118563,0
1.0,0.4958071,0
1.0,0.99693596,1
1.0,0.49429587,0
0.0,0.49249706,0
1.0,0.49185762,0
0.0,0.4866671,0
0.0,0.44692472,0
1.0,0.3183373,0
1.0,0.49264458,0
0.0,0.49439514,0
0.0,0.49000585,0
0.0,0.24356498,0
0.0,0.48989362,0
0.0,0.38746923,0
0.0,0.4950237,0
1.0,0.48448926,0
1.0,0.4954927,0
1.0,0.49549925,0
0.0,0.36417815,0
0.0,0.4941043,0
0.0,0.48385954,0
1.0,0.49506027,0
0.0,0.5078861,1
1.0,0.48962626,0
0.0,0.48244396,0
0.0,0.49579,0
0.0,0.3855134,0
1.0,0.9992756,1
0.0,0.50663716,1
0.0,0.4951412,0
0.0,0.3713358,0
0.0,0.013999414,0
1.0,0.48677668,0
0.0,0.4956823,0
0.0,0.42590973,0
0.0,0.49301577,0
0.0,0.4841364,0
1.0,0.9788462,1
0.0,0.48458734,0
1.0,0.9997832,1
0.0,0.49429587,0
1.0,0.4949238,0
1.0,0.4957956,0
0.0,0.49293476,0
0.0,0.49368566,0
0.0,0.23721525,0
1.0,0.30232143,0
0.0,0.49573806,0
0.0,0.487241,0
0.0,0.49573806,0
1.0,0.4851235,0
0.0,0.50788784,1
0.0,0.06666853,0
1.0,0.493985,0
0.0,0.49351186,0
0.0,0.11884758,0
1.0,0.48169562,0
1.0,0.50902945,1
1.0,0.48396143,0
0.0,0.48654494,0
0.0,0.48987678,0
1.0,0.4956906,0
0.0,0.11616818,0
0.0,0.3861925,0
1.0,0.49097648,0
0.0,0.04312816,0
0.0,0.5084477,1
1.0,0.37890127,0
0.0,0.48596966,0
0.0,0.5069686,1
0.0,0.09303067,0
0.0,0.48499426,0
1.0,0.49458238,0
1.0,0.9964461,1
0.0,0.38363886,0
0.0,0.386027,0
1.0,0.49225247,0
1.0,0.49429855,0
0.0,0.48526195,0
1.0,0.3820013,0
1.0,0.26758063,0
0.0,0.48596966,0
0.0,0.48172358,0
0.0,0.4819782,0
0.0,0.3218024,0
0.0,0.49205583,0
1.0,0.48562637,0
1.0,0.39070028,0
0.0,0.4911187,0
0.0,0.40307724,0
1.0,0.49436036,0
0.0,0.376765,0
0.0,0.40036595,0
1.0,0.49439514,0
0.0,0.496171,0
0.0,0.4915588,0
0.0,0.32689112,0
0.0,0.49257168,0
1.0,0.99881613,1
0.0,0.08943408,0
0.0,0.3444128,0
0.0,0.491273,0
0.0,0.39566538,0
0.0,0.49606618,0
1.0,0.49099258,0
1.0,0.9992192,1
1.0,0.5089708,1
0.0,0.49573806,0
1.0,0.9985807,1
1.0,0.48146626,0
0.0,0.32080045,0
0.0,0.49367484,0
0.0,0.50816923,1
0.0,0.49394083,0
1.0,0.49439514,0
0.0,0.4925334,0
1.0,0.40650856,0
1.0,0.48169562,0
0.0,0.49429855,0
0.0,0.4946622,0
0.0,0.5060142,1
0.0,0.506042,1
1.0,0.49372187,0
0.0,0.4954927,0
0.0,0.49572107,0
1.0,0.4847967,0
0.0,0.48304847,0
1.0,0.40287396,0
1.0,0.48526195,0
1.0,0.48817706,0
1.0,0.49185762,0
1.0,0.2699866,0
1.0,0.5087954,1
0.0,0.49229765,0
1.0,0.4922431,0
0.0,0.49305853,0
1.0,0.96589315,1
1.0,0.49573806,0
1.0,0.99898916,1
0.0,0.49562407,0
0.0,0.49301577,0
1.0,0.98879457,1
0.0,0.49157977,0
0.0,0.49368566,0
1.0,0.49410683,0
0.0,0.31203482,0
1.0,0.48269334,0
1.0,0.48577097,0
1.0,0.4946622,0
1.0,0.38829955,0
1.0,0.48026016,0
0.0,0.496322,0
0.0,0.49368566,0
0.0,0.39190808,0
0.0,0.48151326,0
0.0,0.49311784,0
0.0,0.49566695,0
0.0,0.48304963,0
1.0,0.49590853,0
1.0,0.49587867,0
1.0,0.4947974,0
1.0,0.48435745,0
1.0,0.49556926,0
0.0,0.031261876,0
0.0,0.49495617,0
1.0,0.49367484,0
0.0,0.39955434,0
0.0,0.4105768,0
0.0,0.49606618,0
1.0,0.49458238,0
0.0,0.49367484,0
0.0,0.4918458,0
0.0,0.49573052,0
0.0,0.49475485,0
1.0,0.49496526,0
0.0,0.4947028,0
0.0,0.37946734,0
0.0,0.47948542,0
0.0,0.2322518,0
1.0,0.99847347,1
1.0,0.26811174,0
0.0,0.32120386,0
1.0,0.5079992,1
0.0,0.24682674,0
0.0,0.48841184,0
1.0,0.49534687,0
0.0,0.49549925,0
0.0,0.48390993,0
1.0,0.39171755,0
1.0,0.4925346,0
1.0,0.48012355,0
0.0,0.38736972,0
0.0,0.11885132,0
0.0,0.3214663,0
1.0,0.4892411,0
0.0,0.49363267,0
0.0,0.4918327,0
1.0,0.2948259,0
0.0,0.4951412,0
1.0,0.487241,0
1.0,0.49506038,0
1.0,0.48369622,0
0.0,0.4949238,0
0.0,0.4927675,0
0.0,0.2757872,0
0.0,0.49485284,0
1.0,0.49369037,0
0.0,0.49386853,0
0.0,0.49573806,0
0.0,0.39709005,0
1.0,0.49552348,0
1.0,0.48554245,0
1.0,0.49607575,0
1.0,0.49273804,0
0.0,0.4949238,0
0.0,0.19588287,0
0.0,0.49249706,0
0.0,0.485054,0
0.0,0.48760715,0
0.0,0.2578626,0
1.0,0.4847391,0
1.0,0.48369622,0
0.0,0.0127283335,0
1.0,0.49562332,0
0.0,0.48716828,0
0.0,0.39444116,0
0.0,0.4937025,0
0.0,0.49538043,0
0.0,0.26645187,0
1.0,0.9992144,1
0.0,0.4922363,0
1.0,0.48468617,0
0.0,0.3161913,0
0.0,0.4892411,0
0.0,0.36785364,0
0.0,0.4854583,0
1.0,0.487241,0
1.0,0.48409465,0
0.0,0.20515339,0
0.0,0.4955606,0
0.0,0.49562332,0
1.0,0.49475485,0
0.0,0.23458344,0
1.0,0.48380435,0
0.0,0.39079657,0
0.0,0.39481428,0
1.0,0.49556926,0
1.0,0.48840323,0
1.0,0.4956906,0
1.0,0.99966776,1
0.0,0.37433726,0
1.0,0.48596966,0
0.0,0.4884521,0
1.0,0.48269334,0
0.0,0.48746535,0
1.0,0.49608448,0
1.0,0.49567327,0
1.0,0.3900226,0
0.0,0.48963472,0
1.0,0.48686448,0
1.0,0.3076828,0
1.0,0.39604762,0
0.0,0.4939409,0
0.0,0.4954927,0
0.0,0.4897349,0
1.0,0.49007323,0
0.0,0.4937204,0
1.0,0.49506027,0
0.0,0.39913684,0
0.0,0.49573806,0
1.0,0.48961455,0
1.0,0.4937204,0
1.0,0.49461448,0
0.0,0.494642,0
0.0,0.4954728,0
0.0,0.49425158,0
0.0,0.5039562,1
1.0,0.4948319,0
1.0,0.4949238,0
0.0,0.4927675,0
0.0,0.48496202,0
1.0,0.49429587,0
1.0,0.99907243,1
1.0,0.49475485,0
1.0,0.9989489,1
0.0,0.48492247,0
0.0,0.398262,0
1.0,0.38023952,0
0.0,0.49578425,0
0.0,0.49368566,0
1.0,0.391855,0
0.0,0.4956906,0
1.0,0.48961455,0
0.0,0.48989362,0
1.0,0.5088096,1
1.0,0.50838745,1
0.0,0.30183887,0
0.0,0.27943903,0
0.0,0.49175233,0
0.0,0.49042708,0
0.0,0.49089718,0
1.0,1.0,1
0.0,0.3988677,0
1.0,0.32253042,0
0.0,0.5073621,1
0.0,0.49551645,0
0.0,0.50085765,1
1.0,0.49429855,0
1.0,0.26279455,0
0.0,0.4841364,0
0.0,0.054938834,0
0.0,0.49439514,0
0.0,0.40080705,0
0.0,0.49273804,0
0.0,0.49590853,0
0.0,0.4927675,0
1.0,0.9989023,1
0.0,0.4854583,0
0.0,0.49567327,0
1.0,0.4910119,0
1.0,0.48663345,0
1.0,0.49569038,0
0.0,0.49335697,0
0.0,0.048644796,0
0.0,0.49112642,0
0.0,0.4919011,0
0.0,0.49258047,0
0.0,0.4947028,0
1.0,0.49202678,0
1.0,0.49506027,0
1.0,0.9972607,1
0.0,2.8612153e-06,0
1.0,0.5084425,1
0.0,0.48806924,0
1.0,0.4841706,0
1.0,0.5052711,1
0.0,0.49133912,0
0.0,0.48169562,0
1.0,0.48700362,0
0.0,0.4918458,0
1.0,0.48715279,0
0.0,0.3801632,0
1.0,0.9999089,1
0.0,0.25960863,0
0.0,0.5019047,1
0.0,0.49008748,0
1.0,0.31761134,0
0.0,0.48596966,0
1.0,0.48247847,0
1.0,0.48435745,0
1.0,0.49458238,0
0.0,0.48746535,0
0.0,0.07889135,0
1.0,0.48381707,0
0.0,0.493985,0
1.0,0.49167103,0
0.0,0.39170596,0
1.0,0.4839351,0
0.0,0.48464754,0
1.0,0.999132,1
0.0,0.487241,0
0.0,0.49414644,0
1.0,0.4946899,0
0.0,0.48357415,0
1.0,0.99846315,1
0.0,0.17911609,0
0.0,0.49301577,0
1.0,0.40483215,0
0.0,0.38916168,0
0.0,0.49121234,0
0.0,0.49429587,0
0.0,0.39111394,0
0.0,0.49171,0
1.0,0.4897349,0
1.0,0.4810891,0
1.0,0.27192858,0
0.0,0.487241,0
0.0,0.4954927,0
0.0,0.3825948,0
0.0,0.48484647,0
1.0,0.9973151,1
1.0,0.4021509,0
0.0,0.50596166,1
0.0,0.4927112,0
0.0,0.48646295,0
0.0,0.3947288,0
0.0,0.49573806,0
1.0,0.4867603,0
1.0,0.26173478,0
1.0,0.48231867,0
1.0,0.487241,0
0.0,0.38095245,0
0.0,0.38316065,0
0.0,0.15996377,0
0.0,0.39671463,0
0.0,0.39608952,0
0.0,0.49027103,0
0.0,0.40279502,0
1.0,0.99797803,1
1.0,0.49422795,0
1.0,0.4958071,0
1.0,0.37507674,0
1.0,0.48918244,0
1.0,0.39986572,0
0.0,0.34876248,0
0.0,0.4914572,0
0.0,0.49562442,0
0.0,0.4956823,0
0.0,0.49368635,0
1.0,0.4865187,0
0.0,0.39551008,0
0.0,0.48809752,0
0.0,0.24564633,0
1.0,0.99999833,1
1.0,0.5083989,1
1.0,0.488472,0
1.0,0.9846794,1
0.0,0.40766478,0
1.0,0.48554245,0
0.0,0.48956648,0
0.0,0.4956906,0
0.0,0.3995089,0
0.0,0.49616212,0
1.0,0.9993376,1
0.0,0.4941611,0
0.0,0.4927153,0
1.0,0.49573806,0
0.0,0.49089718,0
0.0,0.31363964,0
1.0,0.49562332,0
0.0,0.39702126,0
1.0,0.49499542,0
1.0,0.38778096,0
0.0,0.48802564,0
0.0,0.48811775,0
1.0,0.49549925,0
0.0,0.48146626,0
0.0,0.5026179,1
0.0,0.49089718,0
0.0,0.48728752,0
1.0,0.4942979,0
0.0,0.39164227,0
1.0,0.9992112,1
0.0,0.024631204,0
1.0,0.28512773,0
1.0,0.3816855,0
0.0,0.48863316,0
0.0,0.4881308,0
0.0,0.49458238,0
0.0,0.2056284,0
1.0,0.48279235,0
0.0,0.48147407,0
0.0,0.49055567,0
0.0,0.493242,0
0.0,0.4895451,0
0.0,0.49410912,0
0.0,0.48989362,0
0.0,0.48380435,0
1.0,0.48713574,0
0.0,0.4950537,0
1.0,0.40144834,0
0.0,0.5081594,1
0.0,0.48700362,0
0.0,0.48145708,0
1.0,0.49562332,0
1.0,0.5079522,1
0.0,0.38962266,0
1.0,0.5078692,1
0.0,0.48368797,0
0.0,0.48458734,0
0.0,0.49299526,0
1.0,0.49422795,0
0.0,0.4954927,0
1.0,0.49509555,0
0.0,0.38865817,0
0.0,0.49534687,0
0.0,0.4892411,0
0.0,0.48596966,0
0.0,0.48435745,0
0.0,0.4955675,0
0.0,0.3954072,0
1.0,0.48658282,0
1.0,0.49573806,0
0.0,0.4918458,0
0.0,0.4946622,0
0.0,0.40484545,0
0.0,0.38900048,0
0.0,0.49066666,0
0.0,0.3950176,0
0.0,0.38400972,0
0.0,0.49573806,0
0.0,0.4882089,0
1.0,0.5077917,1
0.0,0.49030417,0
0.0,0.32675463,0
0.0,0.29577562,0
1.0,0.26108804,0
1.0,0.49573806,0
0.0,0.39154947,0
1.0,0.2393661,0
0.0,0.49573052,0
1.0,0.39192235,0
0.0,0.29493538,0
0.0,0.3850497,0
1.0,0.49567643,0
0.0,0.029464008,0
0.0,0.31454504,0
0.0,0.49364755,0
0.0,0.48596966,0
0.0,0.4947028,0
0.0,0.4855592,0
0.0,0.014867679,0
0.0,0.50789255,1
0.0,0.37258658,0
1.0,0.99756277,1
1.0,0.4947028,0
0.0,0.04574837,0
1.0,0.49632975,0
1.0,0.9997955,1
1.0,0.4949238,0
0.0,0.487241,0
1.0,0.4847967,0
0.0,0.39115876,0
0.0,0.49616212,0
0.0,0.493985,0
0.0,0.4957956,0
0.0,0.4946622,0
1.0,0.31498113,0
0.0,0.4954927,0
1.0,0.50088286,1
1.0,0.38926905,0
0.0,0.48715279,0
1.0,0.99927074,1
0.0,0.48778304,0
1.0,0.5076946,1
0.0,0.38390905,0
0.0,0.49506038,0
0.0,0.49368566,0
0.0,0.5007265,1
1.0,0.99624205,1
0.0,0.49476898,0
0.0,0.24957749,0
0.0,0.49562442,0
0.0,0.49560568,0
0.0,0.49583924,0
0.0,0.26849174,0
1.0,0.4841364,0
0.0,0.40115997,0
1.0,0.4932116,0
0.0,0.50793755,1
1.0,0.49562442,0
0.0,0.31654078,0
1.0,0.49133912,0
0.0,0.038618814,0
0.0,0.4954927,0
1.0,0.4922431,0
1.0,0.49191552,0
0.0,0.4922268,0
0.0,0.49914274,0
0.0,0.4951029,0
1.0,0.951013,1
0.0,0.49363267,0
0.0,0.39754018,0
0.0,0.49590853,0
0.0,0.4921948,0
1.0,0.49280816,0
0.0,0.49295527,0
1.0,0.3909781,0
1.0,0.496171,0
1.0,0.48280886,0
1.0,0.5069271,1
0.0,0.49035913,0
1.0,0.49097422,0
1.0,0.99559975,1
0.0,0.487241,0
0.0,0.49449387,0
1.0,0.48304847,0
1.0,0.48917192,0
0.0,0.49562332,0
0.0,0.4895451,0
1.0,0.3724716,0
0.0,0.48686448,0
0.0,0.49439514,0
0.0,0.49085915,0
1.0,0.505429,1
0.0,0.49591604,0
1.0,0.4957956,0
0.0,0.487241,0
0.0,0.4946899,0
0.0,0.49549925,0
0.0,0.29157907,0
0.0,0.48700362,0
0.0,0.49573806,0
1.0,0.49549925,0
0.0,0.4895451,0
1.0,0.4941043,0
0.0,0.5074891,1
1.0,0.3966691,0
0.0,0.49311784,0
0.0,0.48380435,0
0.0,0.49549925,0
1.0,0.99992096,1
0.0,0.49368566,0
0.0,0.3884423,0
0.0,0.49167103,0
1.0,0.4884521,0
1.0,0.48817706,0
1.0,0.49485284,0
1.0,0.4881737,0
0.0,0.3924293,0
0.0,0.5082672,1
1.0,0.48440146,0
1.0,0.39460367,0
0.0,0.3656818,0
0.0,0.48554245,0
1.0,0.49295527,0
0.0,0.3954632,0
0.0,0.48907772,0
0.0,0.48267135,0
1.0,0.49481156,0
1.0,0.313649,0
1.0,0.49368635,0
1.0,0.48241192,0
1.0,0.4903629,0
1.0,0.5083989,1
0.0,0.4895451,0
0.0,0.49551645,0
0.0,0.48146626,0
0.0,0.4819782,0
0.0,0.0752139,0
1.0,0.49368566,0
0.0,0.22152884,0
0.0,0.49273804,0
1.0,0.487241,0
1.0,0.9993154,1
0.0,0.39712512,0
0.0,0.19257566,0
0.0,0.48254207,0
1.0,0.48380512,0
1.0,0.4956823,0
0.0,0.3876623,0
0.0,0.5084425,1
1.0,0.9978721,1
1.0,0.4873164,0
1.0,0.48380435,0
0.0,0.4860853,0
0.0,0.4956906,0
0.0,0.4906759,0
0.0,0.49167103,0
0.0,0.39694288,0
1.0,0.9989894,1
1.0,0.49549925,0
1.0,0.48973727,0
0.0,0.4884521,0
0.0,0.49394083,0
0.0,0.48496202,0
0.0,0.49805993,0
0.0,0.4942968,0
0.0,0.00013197778,0
0.0,0.055490527,0
1.0,0.49464855,0
1.0,0.49573052,0
1.0,0.49273804,0
1.0,0.99994266,1
0.0,0.5012636,1
1.0,0.4937883,0
0.0,0.4820653,0
0.0,0.48451635,0
0.0,0.34127945,0
1.0,0.48281693,0
0.0,0.50696516,1
0.0,0.38828874,0
1.0,0.4906064,0
1.0,0.4842274,0
1.0,0.49590448,0
0.0,0.48811775,0
1.0,0.4844182,0
0.0,0.49573052,0
0.0,0.5033676,1
1.0,0.48817706,0
0.0,0.4941901,0
0.0,0.49573806,0
1.0,0.49449387,0
1.0,0.5016128,1
1.0,0.99858093,1
1.0,0.48812622,0
0.0,0.4947974,0
0.0,0.25181094,0
0.0,0.25667456,0
0.0,0.49803472,0
1.0,0.49117795,0
1.0,0.49499542,0
0.0,0.5076653,1
1.0,0.49498934,0
0.0,0.4922431,0
1.0,0.494642,0
0.0,0.4810051,0
1.0,0.31796572,0
0.0,0.4927675,0
0.0,0.49572107,0
0.0,0.48630977,0
1.0,0.4946622,0
1.0,0.5009422,1
0.0,0.49273804,0
0.0,0.48499426,0
0.0,0.5045383,1
0.0,0.49578425,0
0.0,0.49506038,0
1.0,0.4819782,0
0.0,0.4884521,0
0.0,0.49394083,0
0.0,0.49100164,0
0.0,0.48380435,0
0.0,0.4884521,0
0.0,0.4950537,0
0.0,0.4937025,0
1.0,0.39608952,0
1.0,0.4956906,0
1.0,0.9990545,1
0.0,0.49566695,0
0.0,0.37686387,0
1.0,0.49264273,0
0.0,0.38107428,0
0.0,0.487241,0
1.0,0.5023695,1
0.0,0.4946899,0
0.0,0.50306916,1
0.0,0.4927675,0
0.0,0.49429587,0
0.0,0.083416745,0
1.0,0.48380435,0
1.0,0.9992841,1
1.0,0.49481478,0
0.0,0.49007323,0
0.0,0.4918458,0
1.0,0.4951412,0
0.0,0.22706634,0
1.0,0.9999999,1
0.0,0.38418898,0
1.0,0.49630272,0
1.0,0.3914534,0
1.0,0.48435745,0
1.0,0.48630977,0
0.0,0.4947619,0
0.0,0.27498284,0
1.0,0.49035913,0
0.0,0.4956717,0
0.0,0.2689633,0
1.0,0.33809182,0
1.0,0.49394083,0
0.0,0.39081693,0
0.0,0.49410683,0
1.0,0.48418003,0
0.0,0.28332195,0
1.0,0.50859535,1
0.0,0.49556926,0
1.0,0.23412608,0
0.0,0.4950537,0
0.0,0.4943828,0
0.0,0.38618004,0
1.0,0.496171,0
0.0,0.49567327,0
0.0,0.17691454,0
0.0,0.49458238,0
1.0,0.5051639,1
0.0,0.49285355,0
0.0,0.34778702,0
0.0,0.38056657,0
0.0,0.40118563,0
0.0,0.37104368,0
0.0,0.5052178,1
0.0,0.38808906,0
0.0,0.48107308,0
0.0,0.49639013,0
0.0,0.4896514,0
1.0,0.5087368,1
1.0,0.997969,1
1.0,0.50815207,1
0.0,0.48715279,0
1.0,0.39986572,0
1.0,0.5077481,1
1.0,0.49562407,0
1.0,0.3909599,0
0.0,0.49549925,0
0.0,0.29897925,0
0.0,0.4882923,0
0.0,0.3912155,0
0.0,0.40012512,0
1.0,0.48312214,0
0.0,0.1199638,0
0.0,0.38757935,0
0.0,0.49562442,0
1.0,0.49506038,0
0.0,0.49508375,0
0.0,0.4925873,0
0.0,0.49066666,0
1.0,0.487241,0
1.0,0.99674666,1
0.0,0.487241,0
1.0,0.9992094,1
1.0,0.49531645,0
0.0,0.49579,0
0.0,0.3173553,0
0.0,0.49783823,0
0.0,0.39432067,0
0.0,0.49071455,0
0.0,0.3880759,0
1.0,0.971347,1
1.0,0.99868387,1
0.0,0.3867917,0
0.0,0.49549925,0
1.0,0.4882844,0
1.0,0.48034376,0
0.0,0.4947974,0
0.0,0.50624144,1
1.0,0.48172164,0
1.0,0.99727315,1
1.0,0.48390993,0
0.0,0.50784373,1
1.0,0.3226022,0
1.0,0.39217186,0
1.0,0.24659379,0
1.0,0.4949238,0
0.0,0.49368566,0
1.0,0.4975926,0
0.0,0.39042205,0
0.0,0.4840419,0
0.0,0.4947619,0
0.0,0.49203712,0
1.0,0.49185762,0
1.0,0.49562407,0
1.0,0.4854583,0
0.0,0.05240882,0
1.0,0.4949238,0
0.0,0.5000243,1
0.0,0.4954927,0
0.0,0.49506038,0
0.0,0.49368566,0
0.0,0.4996125,0
0.0,0.4922431,0
0.0,0.0148966145,0
0.0,0.49215266,0
0.0,0.48357415,0
0.0,0.40231672,0
1.0,0.4841364,0
1.0,0.5089684,1
1.0,0.3951766,0
0.0,0.48468617,0
0.0,0.49339134,0
1.0,0.49185762,0
0.0,0.4859119,0
1.0,0.4955675,0
1.0,0.50794303,1
0.0,0.26173913,0
0.0,0.4951029,0
0.0,0.48577097,0
0.0,0.48439234,0
1.0,0.5060238,1
1.0,0.996046,1
1.0,0.3130082,0
1.0,0.3954072,0
1.0,0.25553632,0
1.0,0.3883676,0
1.0,0.49567643,0
1.0,0.49477562,0
0.0,0.27101317,0
1.0,0.49368566,0
0.0,0.5080484,1
1.0,0.4908975,0
1.0,0.5060526,1
1.0,0.49826488,0
0.0,0.24841803,0
0.0,0.38050008,0
0.0,0.49463814,0
1.0,0.48380435,0
1.0,0.49549925,0
0.0,0.4922268,0
1.0,0.4922914,0
1.0,0.4956906,0
0.0,0.49280816,0
0.0,0.49997723,0
0.0,0.49508375,0
1.0,0.48997924,0
0.0,0.49481156,0
1.0,0.9999951,1
0.0,0.38222834,0
0.0,0.29279396,0
1.0,0.5079399,1
0.0,0.4909591,0
0.0,0.5074195,1
1.0,0.3161502,0
0.0,0.4949981,0
1.0,0.99888235,1
1.0,0.31302497,0
1.0,0.9967289,1
1.0,0.49534687,0
0.0,0.40961367,0
1.0,0.4948319,0
1.0,0.9991086,1
0.0,0.49573806,0
0.0,0.49573052,0
1.0,0.49422282,0
1.0,0.48357415,0
1.0,0.48531368,0
1.0,0.4947028,0
0.0,0.14464793,0
1.0,0.40505016,0
1.0,0.49291354,0
1.0,0.49608448,0
1.0,0.4931797,0
1.0,0.48643103,0
0.0,0.49202678,0
0.0,0.37028605,0
1.0,0.4955606,0
0.0,0.4922431,0
1.0,0.39598417,0
1.0,0.4951029,0
0.0,0.39679602,0
0.0,0.044308938,0
1.0,1.0,1
1.0,0.4951029,0
1.0,0.48380435,0
0.0,0.4946622,0
1.0,0.49439514,0
1.0,0.4938091,0
1.0,0.4937883,0
0.0,0.4936702,0
1.0,0.49573806,0
1.0,1.0,1
0.0,0.38862634,0
0.0,0.4947974,0
0.0,0.39561054,0
0.0,0.4840519,0
1.0,0.91292065,1
0.0,0.49295527,0
0.0,0.38888317,0
0.0,0.4931797,0
1.0,0.4817685,0
0.0,0.2854119,0
1.0,0.5084703,1
1.0,0.5010081,1
0.0,0.49499542,0
1.0,0.50826126,1
0.0,0.32322207,0
0.0,0.39945415,0
0.0,0.50816923,1
1.0,0.28713083,0
0.0,0.23309319,0
0.0,0.31606358,0
1.0,0.49278766,0
0.0,0.49567643,0
1.0,0.50673395,1
1.0,0.99718946,1
0.0,0.4936394,0
1.0,0.30003244,0
0.0,0.40110856,0
0.0,0.3907453,0
0.0,0.48591515,0
1.0,0.49608448,0
1.0,0.38390478,0
1.0,0.49562454,0
0.0,0.39543623,0
1.0,0.4954688,0
1.0,0.36790192,0
0.0,0.49507907,0
1.0,0.49025866,0
0.0,0.48380512,0
0.0,0.04173754,0
1.0,0.3061202,0
0.0,0.5053595,1
0.0,0.4956906,0
1.0,0.49311784,0
0.0,0.5015569,1
1.0,0.40470305,0
0.0,0.48307273,0
1.0,0.5084579,1
1.0,0.49567643,0
1.0,0.487241,0
0.0,0.23447543,0
1.0,0.4956906,0
0.0,0.4840419,0
1.0,0.4908545,0
0.0,0.4947028,0
0.0,0.49459407,0
1.0,0.2485259,0
0.0,0.48956355,0
1.0,0.40287018,0
0.0,0.23716708,0
0.0,0.48176047,0
1.0,0.49591604,0
0.0,0.49573052,0
0.0,0.48492247,0
1.0,0.4947974,0
1.0,0.9987458,1
0.0,0.30414376,0
0.0,0.49410683,0
0.0,0.48915094,0
1.0,0.4882606,0
0.0,0.39070028,0
1.0,0.49506027,0
0.0,0.49146253,0
0.0,0.4882123,0
1.0,0.48357415,0
1.0,0.49798417,0
1.0,0.27591088,0
1.0,0.4048007,0
1.0,0.49135044,0
0.0,0.49410912,0
0.0,0.30429956,0
0.0,0.4956823,0
0.0,0.25613096,0
0.0,0.48978588,0
0.0,0.39570197,0
1.0,0.49410683,0
1.0,0.50292325,1
1.0,0.4954496,0
1.0,0.4956906,0
0.0,0.4895451,0
0.0,0.4956906,0
1.0,0.9984139,1
1.0,0.98808414,1
0.0,0.48280886,0
0.0,0.29508224,0
1.0,0.48665532,0
1.0,0.49363267,0
0.0,0.4946622,0
0.0,0.4922431,0
0.0,0.20372693,0
1.0,0.49273804,0
0.0,0.49538043,0
1.0,0.49584538,0
1.0,0.50623465,1
1.0,0.4884521,0
0.0,0.48604804,0
1.0,0.99969816,1
1.0,0.48435745,0
0.0,0.49212226,0
0.0,0.49616212,0
0.0,0.39770004,0
0.0,0.39556247,0
1.0,0.99890065,1
0.0,0.2420259,0
0.0,0.48410243,0
0.0,0.48106366,0
0.0,0.045588307,0
1.0,0.49482167,0
1.0,0.48700362,0
0.0,0.38979578,0
0.0,0.49257502,0
1.0,0.49608424,0
0.0,0.22755067,0
0.0,0.49673226,0
1.0,0.49410912,0
0.0,0.49439514,0
1.0,0.48380435,0
0.0,0.4841706,0
0.0,0.49606618,0
1.0,0.49573806,0
1.0,0.49562332,0
1.0,0.5084579,1
1.0,0.4922431,0
0.0,0.49562407,0
0.0,0.48458734,0
0.0,0.48418003,0
1.0,0.49482167,0
1.0,0.49606618,0
0.0,0.49567327,0
1.0,0.49567327,0
1.0,0.49436036,0
1.0,0.4895451,0
1.0,0.49562454,0
0.0,0.40643921,0
0.0,0.2608656,0
0.0,0.49458238,0
1.0,0.49572107,0
0.0,0.4862862,0
0.0,0.4920413,0
1.0,0.48916474,0
1.0,0.48820835,0
1.0,0.4895451,0
0.0,0.49537167,0
1.0,0.4956906,0
0.0,0.4895451,0
1.0,0.39957967,0
0.0,0.49258047,0
1.0,0.9999989,1
1.0,0.3214662,0
1.0,0.49591604,0
0.0,0.4927153,0
0.0,0.48390993,0
0.0,0.49459407,0
1.0,0.49291947,0
0.0,0.50652814,1
0.0,0.4919467,0
1.0,0.48809752,0
1.0,0.9999317,1
1.0,0.39097533,0
1.0,0.48665705,0
0.0,0.40117577,0
1.0,0.48968524,0
0.0,0.5070791,1
1.0,0.48380435,0
1.0,0.49301577,0
1.0,0.39275348,0
1.0,0.48867878,0
0.0,0.49549925,0
0.0,0.488471,0
0.0,0.4955675,0
1.0,0.48809752,0
0.0,0.49458238,0
0.0,0.48973727,0
1.0,0.39756346,0
0.0,0.49579537,0
1.0,0.485719,0
1.0,0.36867356,0
0.0,0.4922431,0
0.0,0.39556247,0
0.0,0.4956823,0
1.0,0.4911821,0
0.0,0.45136017,0
1.0,0.38506326,0
0.0,0.48759574,0
0.0,0.39495534,0
1.0,0.4911821,0
1.0,0.2763185,0
1.0,0.5079079,1
1.0,0.9990375,1
1.0,0.493242,0
0.0,0.48961455,0
1.0,0.5032916,1
0.0,0.41191643,0
0.0,0.48968524,0
0.0,0.48766464,0
0.0,0.48368797,0
0.0,0.49264458,0
1.0,0.49364755,0
1.0,0.4934747,0
1.0,0.4960588,0
0.0,0.49106592,0
1.0,0.999361,1
0.0,0.3888242,0
0.0,0.4864567,0
0.0,0.50522,1
1.0,0.24271081,0
0.0,0.49089718,0
0.0,0.49572107,0
1.0,0.4946622,0
0.0,0.3191436,0
1.0,0.36146906,0
1.0,0.49572107,0
1.0,0.48562637,0
1.0,0.4950113,0
0.0,0.4914011,0
0.0,0.22533664,0
0.0,0.493242,0
0.0,0.49549925,0
0.0,0.23838472,0
1.0,0.49055567,0
0.0,0.48728752,0
0.0,0.39398834,0
1.0,0.09032608,0
0.0,0.48451635,0
1.0,0.49723542,0
1.0,0.49029544,0
0.0,0.27684435,0
0.0,0.4956906,0
0.0,0.49436036,0
1.0,0.487241,0
0.0,0.48809752,0
1.0,0.49415505,0
0.0,0.50827205,1
0.0,0.37852883,0
1.0,0.49092376,0
0.0,0.289231,0
0.0,0.5047423,1
1.0,0.39206782,0
1.0,0.4884521,0
1.0,0.4931797,0
1.0,0.50410306,1
1.0,0.48380512,0
0.0,0.49616212,0
0.0,0.38053966,0
0.0,0.48766792,0
1.0,0.49551645,0
0.0,0.29589757,0
0.0,0.5084272,1
0.0,0.4882406,0
1.0,0.49454647,0
0.0,0.48936102,0
0.0,0.49573052,0
0.0,0.48665532,0
0.0,0.49439514,0
0.0,0.48731917,0
0.0,0.40162998,0
0.0,0.49551645,0
1.0,0.38456914,0
0.0,0.39176628,0
1.0,0.49573806,0
0.0,0.48380512,0
0.0,0.3968275,0
0.0,0.4922431,0
0.0,0.48367736,0
1.0,0.507986,1
0.0,0.4895451,0
0.0,0.2340537,0
1.0,0.4927112,0
0.0,0.24957785,0
0.0,0.48396143,0
0.0,0.49175394,0
0.0,0.4933773,0
1.0,0.39431417,0
1.0,0.48809752,0
0.0,0.31229013,0
0.0,0.49436036,0
0.0,0.49368635,0
1.0,0.99568754,1
1.0,0.4909812,0
0.0,0.4915588,0
1.0,0.4949238,0
0.0,0.5035421,1
1.0,0.4847391,0
0.0,0.4947974,0
0.0,0.4957956,0
1.0,0.49273804,0
1.0,0.99904686,1
0.0,0.4954927,0
0.0,0.49551645,0
1.0,0.49562442,0
0.0,0.4915588,0
0.0,0.48380435,0
0.0,0.34502882,0
0.0,0.26894733,0
0.0,0.49475485,0
1.0,0.50716347,1
0.0,0.49485502,0
0.0,0.49418694,0
1.0,0.37922826,0
0.0,0.48409465,0
0.0,0.24428886,0
1.0,0.48418003,0
1.0,0.4957956,0
1.0,0.49783823,0
0.0,0.48596966,0
0.0,0.5060854,1
1.0,0.49202678,0
1.0,0.48591194,0
1.0,0.49567327,0
1.0,0.49458238,0
0.0,0.49573052,0
0.0,0.48910987,0
0.0,0.39334178,0
1.0,0.2561601,0
0.0,0.4954927,0
1.0,0.99999857,1
1.0,0.99702805,1
1.0,0.49202737,0
0.0,0.49295527,0
1.0,0.487738,0
1.0,0.4957956,0
1.0,0.9989309,1
0.0,0.487241,0
0.0,0.49591604,0
0.0,0.48310643,0
0.0,0.4914703,0
0.0,0.49214265,0
1.0,0.9991468,1
1.0,0.4918327,0
1.0,0.49411047,0
1.0,0.49097648,0
0.0,0.49414644,0
0.0,0.48303345,0
0.0,0.39762637,0
1.0,0.487241,0
1.0,0.49146745,0
1.0,0.4922268,0
0.0,0.49591604,0
1.0,0.48947644,0
1.0,0.49572107,0
0.0,0.3802739,0
1.0,0.49097648,0
0.0,0.48409465,0
0.0,0.49301577,0
0.0,0.49475485,0
0.0,0.40455613,0
1.0,0.48438346,0
1.0,0.49783823,0
1.0,0.4922431,0
0.0,0.4949134,0
1.0,0.49505898,0
0.0,0.4956906,0
0.0,0.49439514,0
1.0,0.49491194,0
0.0,0.39106676,0
0.0,0.487241,0
0.0,0.4956906,0
0.0,0.49002078,0
1.0,0.49191552,0
1.0,0.4947974,0
0.0,0.31580302,0
1.0,0.40301052,0
0.0,0.4949614,0
1.0,0.49562407,0
1.0,0.9941614,1
0.0,0.38116363,0
0.0,0.49485284,0
0.0,0.487241,0
0.0,0.22459204,0
1.0,0.49330488,0
0.0,0.48809752,0
1.0,0.4947974,0
0.0,0.3152261,0
0.0,0.5087406,1
1.0,0.9999995,1
0.0,0.36438847,0
1.0,0.49585986,0
0.0,0.49202678,0
1.0,0.48219064,0
1.0,0.9995814,1
1.0,0.38979578,0
1.0,0.3160542,0
0.0,0.49407732,0
0.0,0.5084272,1
0.0,0.38747188,0
0.0,0.48282865,0
1.0,0.38956192,0
1.0,0.48564094,0
0.0,0.41342667,0
0.0,0.25984007,0
0.0,0.49368566,0
0.0,0.49205703,0
0.0,0.3196424,0
0.0,0.50357413,1
0.0,0.49175233,0
0.0,0.49097648,0
0.0,0.49312514,0
0.0,0.4878777,0
0.0,0.49573052,0
0.0,0.5030869,1
0.0,0.3968275,0
1.0,0.49394083,0
0.0,0.49394083,0
1.0,0.4913075,0
0.0,0.48997277,0
0.0,0.49585035,0
0.0,0.48809752,0
0.0,0.48254207,0
1.0,0.4847967,0
1.0,0.48700362,0
1.0,0.39275348,0
1.0,0.4956906,0
0.0,0.39173174,0
0.0,0.49301577,0
0.0,0.49202678,0
0.0,0.49412793,0
1.0,0.49177873,0
1.0,0.9985038,1
0.0,0.49422795,0
0.0,0.4879852,0
0.0,0.48499426,0
0.0,0.5036242,1
1.0,0.49368566,0
1.0,0.49549925,0
0.0,0.4951029,0
0.0,0.21188568,0
1.0,0.50820184,1
0.0,0.38676897,0
1.0,0.99669325,1
1.0,1.0,1
0.0,0.4915588,0
0.0,0.49583924,0
0.0,0.49202678,0
0.0,0.5081858,1
1.0,0.99988925,1
0.0,0.38953817,0
0.0,0.49225247,0
1.0,0.9807561,1
0.0,0.49135044,0
1.0,0.24876215,0
0.0,0.49545136,0
0.0,0.49368566,0
0.0,0.49285102,0
1.0,0.38853532,0
1.0,0.48825046,0
0.0,0.49485502,0
1.0,0.49191552,0
1.0,0.48011926,0
1.0,0.31299654,0
1.0,0.999089,1
0.0,0.505308,1
1.0,0.40393823,0
1.0,0.48299083,0
1.0,0.99951196,1
0.0,0.49032605,0
1.0,0.495468,0
0.0,0.49482167,0
0.0,0.38810468,0
1.0,0.99890757,1
0.0,0.49573806,0
0.0,0.4899257,0
1.0,0.27664286,0
0.0,0.49567327,0
0.0,0.501978,1
1.0,0.48462215,0
0.0,0.24837613,0
1.0,0.4954927,0
0.0,0.39424893,0
1.0,0.49608424,0
1.0,0.99910223,1
1.0,0.48307827,0
1.0,0.4890467,0
1.0,0.5081594,1
0.0,0.3160536,0
1.0,0.49121234,0
1.0,0.9989976,1
1.0,0.48783013,0
1.0,0.99707437,1
1.0,0.49394083,0
0.0,0.38979578,0
0.0,0.49311784,0
1.0,0.50826126,1
1.0,0.49556926,0
1.0,0.48268235,0
0.0,0.48418003,0
0.0,0.39542285,0
1.0,0.49587867,0
1.0,0.4895451,0
1.0,0.48568293,0
1.0,1.0,1
0.0,0.49608448,0
0.0,0.25808176,0
0.0,0.29705942,0
1.0,0.493985,0
1.0,0.4922431,0
0.0,0.39564538,0
1.0,0.48418003,0
0.0,0.22787522,0
1.0,0.4884521,0
1.0,0.48817706,0
1.0,0.4937204,0
0.0,0.5079293,1
1.0,0.5076326,1
0.0,0.49425158,0
1.0,0.50778836,1
1.0,0.4847967,0
0.0,0.39995027,0
0.0,0.50649846,1
0.0,0.48700362,0
0.0,0.020865776,0
0.0,0.49273804,0
1.0,0.398262,0
0.0,0.28019705,0
0.0,0.3171851,0
1.0,0.49569038,0
0.0,0.49368566,0
0.0,0.38937566,0
1.0,0.24819618,0
1.0,0.49476898,0
0.0,0.25236028,0
0.0,0.05921249,0
1.0,0.9999988,1
1.0,0.49265546,0
0.0,0.49410683,0
0.0,0.50844204,1
1.0,0.49429587,0
0.0,0.49499542,0
0.0,0.4915589,0
1.0,0.99929583,1
1.0,0.48895204,0
0.0,0.49043378,0
0.0,0.49328607,0
0.0,0.021857012,0
0.0,0.48457727,0
1.0,0.4918458,0
0.0,0.31477162,0
1.0,0.9985469,1
0.0,0.4956906,0
0.0,0.11276502,0
0.0,0.49202678,0
0.0,0.49496526,0
1.0,0.4973583,0
0.0,0.49394083,0
0.0,0.48390993,0
0.0,0.32239905,0
1.0,0.3927394,0
0.0,0.49567643,0
0.0,0.39208937,0
1.0,0.48961455,0
0.0,0.38908765,0
0.0,0.48577097,0
0.0,0.2599006,0
0.0,0.3096233,0
1.0,0.4934445,0
0.0,0.4941208,0
1.0,0.4927249,0
1.0,0.99746585,1
0.0,0.48608533,0
0.0,0.49368566,0
1.0,0.4951029,0
1.0,0.9997867,1
1.0,0.49264434,0
0.0,0.49301577,0
1.0,0.32064807,0
1.0,0.3861925,0
1.0,0.49454647,0
0.0,0.4847967,0
0.0,0.4861976,0
0.0,0.49583924,0
0.0,0.4937883,0
0.0,0.49368635,0
1.0,0.37006658,0
0.0,0.49454647,0
0.0,0.49072552,0
1.0,0.4884521,0
1.0,0.4949238,0
0.0,0.25998753,0
1.0,0.50784373,1
1.0,0.496171,0
0.0,0.49506038,0
1.0,0.9964307,1
0.0,0.50757265,1
1.0,0.4954927,0
1.0,0.49562442,0
1.0,0.48677668,0
1.0,0.38222587,0
0.0,0.038323365,0
0.0,0.48531908,0
0.0,0.3729826,0
0.0,0.30454665,0
0.0,0.49616212,0
0.0,0.28433168,0
1.0,0.4900173,0
1.0,0.4919947,0
0.0,0.4951412,0
0.0,0.040727615,0
0.0,0.4957956,0
1.0,0.49007472,0
1.0,0.49133146,0
1.0,0.9896097,1
1.0,0.4951029,0
0.0,0.49573052,0
0.0,0.40004003,0
0.0,0.4914703,0
0.0,0.49368566,0
0.0,0.48380512,0
0.0,0.493242,0
0.0,0.2079755,0
1.0,0.49088913,0
0.0,0.48989362,0
0.0,0.40389234,0
1.0,0.48989362,0
0.0,0.39237806,0
0.0,0.5075454,1
1.0,0.99585754,1
0.0,0.4933151,0
1.0,0.252342,0
0.0,0.48968524,0
0.0,0.39545262,0
0.0,0.48630977,0
1.0,0.3706243,0
1.0,0.4954927,0
0.0,0.37026367,0
0.0,0.49495617,0
0.0,0.49573806,0
0.0,0.4957956,0
0.0,0.49562454,0
1.0,0.40376845,0
1.0,0.4882923,0
0.0,0.49394083,0
1.0,0.5026055,1
0.0,0.48435745,0
1.0,0.99932325,1
0.0,0.49506038,0
0.0,0.4956906,0
1.0,0.48961455,0
1.0,0.49506038,0
1.0,0.99905056,1
0.0,0.50399375,1
1.0,0.39544925,0
1.0,0.4951412,0
0.0,0.39555514,0
0.0,0.49311784,0
0.0,0.37847823,0
0.0,0.4958595,0
1.0,0.49485502,0
1.0,0.3029825,0
0.0,0.49072552,0
1.0,0.5070791,1
0.0,0.4954667,0
1.0,0.9979571,1
1.0,0.49567643,0
0.0,0.3160291,0
1.0,0.49295527,0
1.0,0.48817706,0
0.0,0.40279502,0
1.0,0.4949238,0
1.0,0.29561716,0
1.0,0.49579063,0
0.0,0.496623,0
0.0,0.4950537,0
0.0,0.4956906,0
0.0,0.38979578,0
0.0,0.50921917,1
0.0,0.4813968,0
1.0,0.4890467,0
0.0,0.39556068,0
0.0,0.3292556,0
0.0,0.49112642,0
0.0,0.39147615,0
0.0,0.49394083,0
0.0,0.25071344,0
1.0,0.49175394,0
0.0,0.48146626,0
0.0,0.40082198,0
0.0,0.49412793,0
0.0,0.31867123,0
1.0,0.999041,1
1.0,0.4954688,0
1.0,0.4896773,0
0.0,0.49606618,0
0.0,0.48903304,0
1.0,0.997624,1
1.0,0.40432635,0
1.0,0.2938214,0
1.0,0.49436036,0
0.0,0.3880439,0
0.0,0.4902044,0
1.0,0.3771646,0
0.0,0.39131168,0
0.0,0.3957473,0
1.0,0.9942783,1
0.0,0.4870631,0
0.0,0.4936702,0
1.0,0.99351305,1
1.0,0.4956823,0
0.0,0.12994087,0
0.0,0.39665428,0
1.0,0.24513732,0
0.0,0.49485502,0
0.0,0.3795103,0
1.0,0.4851235,0
1.0,0.4839925,0
0.0,0.48809752,0
1.0,0.9987214,1
0.0,0.3870051,0
1.0,0.99530065,1
0.0,0.48532742,0
1.0,0.4915588,0
1.0,0.4947028,0
0.0,0.4955606,0
1.0,0.49429587,0
0.0,0.39835835,0
1.0,0.49202678,0
0.0,0.49468482,0
0.0,0.48908523,0
1.0,0.9986743,1
0.0,0.4910119,0
1.0,0.49121234,0
0.0,0.5059673,1
0.0,0.48282892,0
0.0,0.49661765,0
1.0,0.4844182,0
0.0,0.5004846,1
1.0,0.38056657,0
1.0,0.48146626,0
1.0,0.99903154,1
0.0,0.3130298,0
0.0,0.49439514,0
1.0,0.49458238,0
0.0,0.49439514,0
0.0,0.2565539,0
0.0,0.49616212,0
1.0,0.995069,1
1.0,0.49582985,0
0.0,0.49567327,0
1.0,0.4884521,0
0.0,0.058668584,0
0.0,0.2967231,0
0.0,0.488471,0
0.0,0.49120888,0
0.0,0.49264273,0
1.0,0.5021979,1
1.0,0.48435745,0
1.0,0.9114965,1
1.0,0.36790192,0
1.0,0.3725812,0
1.0,0.48534253,0
1.0,0.49573806,0
0.0,0.49567643,0
1.0,0.4947028,0
0.0,0.4914703,0
0.0,0.4838465,0
1.0,0.40102595,0
1.0,0.9992465,1
1.0,0.50730026,1
0.0,0.48806924,0
1.0,0.9953967,1
1.0,0.4847744,0
0.0,0.49043378,0
1.0,0.5078742,1
1.0,0.9999981,1
0.0,0.487241,0
1.0,0.991689,1
1.0,0.49712762,0
0.0,0.47900224,0
0.0,0.23210205,0
0.0,0.0058413097,0
0.0,0.48435745,0
1.0,0.32150286,0
1.0,0.49562442,0
0.0,0.50119954,1
1.0,0.48989362,0
1.0,0.4841364,0
0.0,0.060192127,0
1.0,0.4895451,0
1.0,0.50776345,1
0.0,0.4819782,0
0.0,0.49573052,0
0.0,0.37645727,0
0.0,0.49583924,0
0.0,0.16431133,0
0.0,0.48396143,0
0.0,0.49410683,0
1.0,0.5028718,1
0.0,0.49410683,0
0.0,0.4937204,0
0.0,0.49394083,0
1.0,0.4851235,0
0.0,0.48451635,0
1.0,0.382176,0
0.0,0.48380435,0
0.0,0.4956906,0
0.0,0.31999642,0
0.0,0.4884521,0
0.0,0.48596966,0
1.0,0.49608448,0
1.0,0.32769775,0
1.0,0.48244885,0
1.0,0.49191552,0
1.0,0.49566695,0
0.0,0.49301577,0
0.0,0.48700362,0
0.0,0.25347513,0
0.0,0.48810956,0
1.0,0.49567643,0
0.0,0.4947028,0
1.0,0.50788283,1
0.0,0.49549586,0
1.0,0.49368566,0
1.0,0.50825363,1
0.0,0.06458862,0
0.0,0.4915588,0
0.0,0.4134858,0
1.0,0.48312214,0
0.0,0.07311567,0
0.0,0.49397317,0
0.0,0.4946622,0
1.0,0.49439514,0
0.0,0.5083249,1
1.0,0.488471,0
0.0,0.48825046,0
0.0,0.49097648,0
1.0,0.98980916,1
1.0,0.49072552,0
0.0,0.3911344,0
1.0,0.49514928,0
1.0,0.5079399,1
1.0,0.4958516,0
0.0,0.4922431,0
1.0,0.49191552,0
0.0,0.26046574,0
1.0,0.48396143,0
0.0,0.4900173,0
1.0,0.4927112,0
1.0,0.24230161,0
0.0,0.25784782,0
1.0,0.39344886,0
1.0,0.49608424,0
1.0,0.9989392,1
1.0,0.99672925,1
1.0,0.49311784,0
0.0,0.4951412,0
0.0,0.3259824,0
0.0,0.4949405,0
0.0,0.2934267,0
0.0,0.48596966,0
0.0,0.48206002,0
0.0,0.49089718,0
0.0,0.5046192,1
1.0,0.31469676,0
1.0,0.487241,0
0.0,0.3483206,0
0.0,0.49505723,0
0.0,0.4951412,0
1.0,0.49367177,0
1.0,0.50778824,1
0.0,0.4926422,0
0.0,0.487241,0
0.0,0.39862773,0
0.0,0.49097422,0
0.0,0.49394083,0
1.0,0.49485284,0
0.0,0.49562332,0
0.0,0.49549925,0
0.0,0.5076475,1
0.0,0.4914011,0
1.0,0.9965223,1
0.0,0.4956906,0
0.0,0.4847967,0
0.0,0.49495617,0
0.0,0.49567643,0
1.0,0.4890419,0
1.0,0.4949238,0
1.0,0.97688144,1
0.0,0.49439514,0
0.0,0.4951029,0
1.0,0.48409465,0
0.0,0.5081326,1
0.0,0.49265546,0
0.0,0.3342686,0
1.0,0.4915588,0
1.0,0.9998646,1
0.0,0.4927249,0
1.0,0.4950924,0
0.0,0.4946189,0
0.0,0.48499426,0
1.0,0.38968945,0
0.0,0.49572107,0
0.0,0.4915588,0
0.0,0.4840451,0
1.0,0.9990382,1
0.0,0.49112642,0
1.0,0.28894764,0
1.0,0.49225247,0
1.0,0.4918458,0
0.0,0.4952817,0
1.0,0.49273804,0
0.0,0.27729034,0
0.0,0.3909599,0
0.0,0.48079008,0
0.0,0.48809752,0
0.0,0.49072552,0
1.0,0.48239717,0
1.0,0.4926917,0
0.0,0.4956823,0
0.0,0.30273017,0
0.0,0.40037388,0
1.0,0.4847513,0
1.0,0.4941043,0
0.0,0.48716828,0
0.0,0.49157232,0
1.0,0.49673226,0
0.0,0.3951766,0
1.0,0.49567643,0
0.0,0.49394083,0
1.0,0.38538092,0
1.0,0.29010034,0
1.0,0.4910119,0
1.0,0.38731644,0
1.0,0.49136293,0
0.0,0.51019883,1
1.0,0.49258047,0
0.0,0.4912288,0
1.0,0.48568293,0
0.0,0.50410306,1
1.0,0.49311784,0
1.0,0.9988366,1
1.0,0.99999917,1
0.0,0.2633534,0
0.0,0.4046073,0
1.0,0.49804395,0
1.0,0.48518196,0
0.0,0.49562407,0
0.0,0.48961455,0
0.0,0.4951029,0
1.0,0.112721555,0
0.0,0.15267819,0
1.0,0.48811775,0
0.0,0.48532742,0
1.0,0.48484647,0
0.0,0.485054,0
0.0,0.39305508,0
1.0,0.49489263,0
0.0,0.48418003,0
1.0,0.49549925,0
1.0,0.49567327,0
0.0,0.3864306,0
0.0,0.49475485,0
0.0,0.3204182,0
0.0,0.38754222,0
1.0,0.50306225,1
0.0,0.3214262,0
0.0,0.48591194,0
0.0,0.488471,0
0.0,0.055355616,0
0.0,0.49175394,0
1.0,0.49055567,0
0.0,0.4886745,0
1.0,0.49583924,0
0.0,0.507684,1
0.0,0.48145106,0
1.0,0.27183026,0
0.0,0.48459226,0
1.0,0.37580734,0
0.0,0.49068135,0
0.0,0.40153003,0
0.0,0.5054619,1
0.0,0.3779835,0
0.0,0.48400387,0
0.0,0.390613,0
1.0,0.49097648,0
0.0,0.5070382,1
1.0,0.49043378,0
1.0,0.3834682,0
0.0,0.4922431,0
1.0,0.49191552,0
0.0,0.47901323,0
0.0,0.4957956,0
1.0,0.4950537,0
0.0,0.49213982,0
0.0,0.49412793,0
1.0,0.49295527,0
1.0,0.9531525,1
1.0,0.48620546,0
0.0,0.48587373,0
0.0,0.48409465,0
0.0,0.30014768,0
0.0,0.04893074,0
1.0,0.48380712,0
1.0,0.38588986,0
1.0,0.40307948,0
0.0,0.49567643,0
0.0,0.04156663,0
0.0,0.49089718,0
1.0,0.5070114,1
0.0,0.50214404,1
0.0,0.49495617,0
0.0,0.4947028,0
0.0,0.48562637,0
0.0,0.49112642,0
0.0,0.5008544,1
0.0,0.4908545,0
1.0,0.47901165,0
0.0,0.49175233,0
1.0,0.99976116,1
0.0,0.49505723,0
1.0,0.49002016,0
1.0,0.30694866,0
1.0,0.49573806,0
1.0,0.50846624,1
0.0,0.49458238,0
0.0,0.41419372,0
0.0,0.49572107,0
0.0,0.49475485,0
1.0,0.4922914,0
0.0,0.38705182,0
0.0,0.3688352,0
0.0,0.4927675,0
1.0,0.49531856,0
1.0,0.25067478,0
0.0,0.4847391,0
1.0,0.50296694,1
1.0,0.4957956,0
0.0,0.4941043,0
0.0,0.3912155,0
1.0,0.99724895,1
0.0,0.49364755,0
0.0,0.49007323,0
1.0,0.48263776,0
1.0,0.39197478,0
0.0,0.31935877,0
0.0,0.3992009,0
0.0,0.50399375,1
1.0,0.48146626,0
1.0,0.4957396,0
0.0,0.4956906,0
1.0,0.99740124,1
1.0,0.40012518,0
1.0,0.32014912,0
0.0,0.26726577,0
0.0,0.40377864,0
0.0,0.49567643,0
1.0,0.37328103,0
0.0,0.49177098,0
0.0,0.31003442,0
0.0,0.47991773,0
1.0,0.28839132,0
0.0,0.49485284,0
0.0,0.32148397,0
0.0,0.49551645,0
0.0,0.49422795,0
1.0,0.49384516,0
1.0,0.49097422,0
0.0,0.4800582,0
1.0,0.49305853,0
1.0,0.99644464,1
0.0,0.37847823,0
1.0,0.49512255,0
1.0,0.25219578,0
0.0,0.4895451,0
1.0,0.49458238,0
1.0,0.9992949,1
0.0,0.4895451,0
0.0,0.49606618,0
0.0,0.48282865,0
1.0,0.9995289,1
0.0,0.090974614,0
0.0,0.49508375,0
0.0,0.4882089,0
0.0,0.4946622,0
1.0,0.37625378,0
1.0,0.49077058,0
0.0,0.39622158,0
0.0,0.37297642,0
1.0,0.9986124,1
0.0,0.48386618,0
0.0,0.3738027,0
0.0,0.4884521,0
0.0,0.4947974,0
1.0,0.99999845,1
0.0,0.4854583,0
1.0,0.48596966,0
0.0,0.5052645,1
0.0,0.49368566,0
1.0,0.99534506,1
0.0,0.49368635,0
1.0,0.48663345,0
0.0,0.3998949,0
0.0,0.4936702,0
0.0,0.4958071,0
0.0,0.49301577,0
0.0,0.4013994,0
0.0,0.32003644,0
1.0,0.4823959,0
1.0,0.3954072,0
1.0,0.49372017,0
1.0,0.49097648,0
0.0,0.49035913,0
1.0,0.50797975,1
1.0,0.5043848,1
1.0,0.99999917,1
0.0,0.49562362,0
1.0,0.49499542,0
1.0,0.50548726,1
0.0,0.3996188,0
1.0,0.49562407,0
0.0,0.49171,0
0.0,0.4918458,0
1.0,0.49295527,0
1.0,0.49506038,0
0.0,0.4844182,0
0.0,0.39990026,0
0.0,0.4958071,0
1.0,0.49030417,0
0.0,0.49516407,0
1.0,0.49439514,0
1.0,0.49085805,0
0.0,0.4919947,0
0.0,0.4895451,0
0.0,0.49384516,0
0.0,0.39796686,0
0.0,0.014796213,0
0.0,0.1953351,0
1.0,0.9996216,1
0.0,0.48715279,0
0.0,0.49097422,0
0.0,0.4973583,0
0.0,0.38359445,0
0.0,0.49573052,0
0.0,0.49002016,0
1.0,0.487241,0
1.0,0.48596966,0
1.0,0.49368566,0
1.0,0.49551645,0
0.0,0.4956906,0
1.0,0.48515615,0
0.0,0.49673226,0
0.0,0.37687877,0
0.0,0.4866509,0
0.0,0.4956906,0
0.0,0.338186,0
0.0,0.49135044,0
0.0,0.48195273,0
0.0,0.3110046,0
1.0,0.48863077,0
0.0,0.48596966,0
1.0,0.49607575,0
1.0,0.48746535,0
0.0,0.49152917,0
0.0,0.39136252,0
1.0,0.48648253,0
0.0,0.4887045,0
0.0,0.49587867,0
0.0,0.48809752,0
0.0,0.49185762,0
0.0,0.31841266,0
1.0,0.3862371,0
0.0,0.49368566,0
0.0,0.49436036,0
0.0,0.5030105,1
0.0,0.2684329,0
0.0,0.4948319,0
0.0,0.3187246,0
0.0,0.4909339,0
0.0,0.4876373,0
0.0,0.49569038,0
1.0,0.4986415,0
0.0,0.49608448,0
0.0,0.4947619,0
1.0,0.487241,0
0.0,0.5036926,1
0.0,0.4957956,0
1.0,0.4949773,0
1.0,0.4816085,0
1.0,0.49298182,0
1.0,0.39324751,0
0.0,0.3754189,0
1.0,0.49429587,0
1.0,0.48962077,0
0.0,0.48241192,0
0.0,0.4890467,0
0.0,0.49112642,0
0.0,0.48458734,0
0.0,0.4829882,0
0.0,0.50763017,1
1.0,0.9929361,1
1.0,0.49306038,0
1.0,0.4957956,0
1.0,0.49032605,0
1.0,0.48596966,0
0.0,0.49185762,0
0.0,0.36199662,0
1.0,0.4840419,0
1.0,0.9916403,1
0.0,0.49422795,0
0.0,0.495356,0
0.0,0.395236,0
1.0,0.49397317,0
1.0,0.99937683,1
0.0,0.47883746,0
0.0,0.483902,0
1.0,0.5059942,1
0.0,0.48717126,0
0.0,0.4951029,0
0.0,0.49481156,0
1.0,0.49475613,0
0.0,0.49562332,0
1.0,0.9988354,1
1.0,0.31653634,0
0.0,0.029511824,0
1.0,0.48811775,0
1.0,0.49556926,0
1.0,0.49534693,0
1.0,0.99924123,1
0.0,0.48663345,0
1.0,0.48098063,0
0.0,0.49171,0
1.0,0.4910119,0
0.0,0.38618004,0
0.0,0.12760878,0
1.0,0.50399375,1
0.0,0.4906561,0
1.0,0.48825046,0
1.0,0.4882089,0
0.0,0.48146626,0
1.0,0.38888317,0
0.0,0.49562362,0
0.0,0.37428963,0
1.0,0.9968997,1
0.0,0.3202136,0
1.0,0.99917847,1
0.0,0.49458238,0
1.0,0.24022146,0
0.0,0.4918458,0
0.0,0.48409465,0
0.0,0.36638388,0
0.0,0.49368566,0
1.0,0.4956906,0
0.0,0.48973727,0
1.0,1.0,1
1.0,0.49454647,0
0.0,0.3909771,0
1.0,0.49185762,0
0.0,0.483902,0
0.0,0.48187384,0
1.0,0.496171,0
1.0,0.4947974,0
1.0,0.49201098,0
1.0,0.49368566,0
0.0,0.48513922,0
0.0,0.49171,0
0.0,0.5012228,1
0.0,0.49097648,0
0.0,0.4956906,0
1.0,0.40005854,0
0.0,0.4954927,0
1.0,0.4956522,0
0.0,0.38888317,0
1.0,0.99920976,1
1.0,0.99894935,1
0.0,0.49171,0
0.0,0.4903629,0
1.0,0.4922914,0
0.0,0.49495617,0
1.0,0.4954688,0
1.0,0.49439514,0
1.0,0.48973727,0
1.0,0.99924314,1
1.0,0.5077666,1
1.0,0.48284665,0
1.0,0.49185762,0
0.0,0.38736215,0
0.0,0.4935704,0
0.0,0.3762475,0
1.0,0.39252743,0
1.0,0.5078591,1
0.0,0.2361149,0
0.0,0.49534693,0
0.0,0.38374195,0
0.0,0.5060235,1
0.0,0.49590853,0
1.0,0.4940298,0
0.0,0.49569038,0
1.0,0.48700362,0
0.0,0.49490768,0
0.0,0.49394083,0
0.0,0.39305508,0
0.0,0.49199367,0
0.0,0.3692335,0
1.0,0.39111954,0
1.0,0.49394083,0
0.0,0.39111954,0
1.0,0.4925683,0
1.0,0.999949,1
0.0,0.3794974,0
1.0,0.50869113,1
0.0,0.49590853,0
0.0,0.16661146,0
0.0,0.49449387,0
1.0,0.4947974,0
1.0,0.48280886,0
0.0,0.49007323,0
0.0,0.48941377,0
1.0,0.99873596,1
1.0,0.39116913,0
1.0,0.48962626,0
1.0,0.99671626,1
0.0,0.3973318,0
1.0,0.4950537,0
0.0,0.48499426,0
0.0,0.49606618,0
0.0,0.4858879,0
1.0,0.48396143,0
1.0,0.9999981,1
1.0,0.99458826,1
1.0,0.50623465,1
1.0,0.40742126,0
1.0,0.49171,0
0.0,0.48591515,0
1.0,0.49608448,0
0.0,0.4918458,0
1.0,0.49573806,0
0.0,0.27686685,0
1.0,0.49573052,0
0.0,0.48099807,0
1.0,0.49112642,0
0.0,0.49202678,0
0.0,0.25120476,0
0.0,0.49439514,0
0.0,0.5088108,1
0.0,0.4810891,0
1.0,1.0,1
0.0,0.4914572,0
1.0,0.9999988,1
0.0,0.49135044,0
0.0,0.49429587,0
0.0,0.2632729,0
1.0,0.49505723,0
1.0,0.9991234,1
0.0,0.39026794,0
1.0,0.49449387,0
1.0,0.379252,0
0.0,0.49491078,0
0.0,0.48577097,0
0.0,0.10747059,0
1.0,0.30699614,0
0.0,0.48715279,0
0.0,0.38365474,0
0.0,0.4936702,0
0.0,0.49673226,0
0.0,0.48435745,0
0.0,0.48499426,0
0.0,0.39671817,0
1.0,0.4949238,0
0.0,0.48989362,0
1.0,0.4960588,0
0.0,0.19489886,0
0.0,0.31170788,0
1.0,0.487241,0
1.0,0.4955675,0
0.0,0.5059003,1
0.0,0.4847391,0
0.0,0.30161035,0
0.0,0.30714345,0
0.0,0.49112642,0
0.0,0.5048313,1
1.0,0.49449387,0
1.0,0.48462865,0
0.0,0.3947882,0
1.0,0.50820184,1
0.0,0.48591194,0
0.0,0.49214265,0
1.0,0.49121234,0
0.0,0.49562332,0
1.0,0.49085283,0
0.0,0.49412793,0
0.0,0.04758105,0
0.0,0.49485284,0
1.0,0.49277607,0
1.0,0.2946347,0
0.0,0.48665705,0
0.0,0.4949238,0
1.0,0.4954688,0
0.0,0.39805213,0
0.0,0.19478758,0
0.0,0.08130868,0
1.0,0.9993364,1
0.0,0.49210933,0
0.0,0.4912288,0
1.0,0.487241,0
1.0,0.48715279,0
1.0,0.48973727,0
1.0,0.48409465,0
1.0,0.9990326,1
0.0,0.4958516,0
1.0,0.4981618,0
1.0,0.4947619,0
0.0,0.49567643,0
0.0,0.2500651,0
0.0,0.39438254,0
0.0,0.49135044,0
1.0,0.4912288,0
1.0,0.49568442,0
1.0,0.49673226,0
1.0,0.48499426,0
1.0,0.99998355,1
0.0,0.38954636,0
0.0,0.49202678,0
0.0,0.4847967,0
0.0,0.3268847,0
0.0,0.010808467,0
1.0,0.49112642,0
0.0,0.487241,0
1.0,0.38140708,0
1.0,0.48961455,0
0.0,0.5074329,1
0.0,0.49397317,0
0.0,0.32117763,0
0.0,0.49608424,0
0.0,0.4949238,0
0.0,0.5076609,1
1.0,0.9961247,1
0.0,0.49499542,0
1.0,0.49310213,0
1.0,0.49305853,0
1.0,0.4951412,0
0.0,0.3953892,0
0.0,0.4946899,0
0.0,0.25661144,0
0.0,0.4914572,0
0.0,0.4839925,0
0.0,0.49608448,0
0.0,0.39503086,0
1.0,0.49394083,0
0.0,0.49368566,0
0.0,0.49311784,0
1.0,0.49567643,0
0.0,0.487241,0
1.0,0.4954927,0
1.0,0.49368566,0
1.0,0.30750382,0
0.0,0.49572107,0
1.0,0.26715222,0
0.0,0.38481858,0
1.0,0.9997894,1
0.0,0.49225247,0
0.0,0.49175394,0
0.0,0.4956823,0
1.0,0.99996006,1
0.0,0.48549107,0
0.0,0.48146626,0
0.0,0.49608448,0
0.0,0.49219424,0
1.0,0.48554245,0
0.0,0.4922431,0
0.0,0.4878777,0
1.0,0.49439514,0
0.0,0.4918458,0
0.0,0.49591604,0
1.0,0.49550733,0
0.0,0.49112642,0
1.0,0.48342595,0
0.0,0.397761,0
0.0,0.49410683,0
0.0,0.48458734,0
0.0,0.4915096,0
1.0,0.99909174,1
0.0,0.49505126,0
1.0,0.4890419,0
1.0,0.48368797,0
1.0,0.23497738,0
0.0,0.49378887,0
0.0,0.48961455,0
0.0,0.4936702,0
0.0,0.49454647,0
1.0,0.49305853,0
1.0,0.49568963,0
0.0,0.49112642,0
1.0,0.5069271,1
0.0,0.09837482,0
0.0,0.49436006,0
1.0,0.49167103,0
0.0,0.49551645,0
1.0,0.998197,1
1.0,0.49439514,0
1.0,0.49273804,0
0.0,0.48880947,0
1.0,0.49567643,0
1.0,0.49305853,0
1.0,0.49097422,0
1.0,0.49496526,0
1.0,0.4914572,0
0.0,0.50770456,1
0.0,0.49495617,0
0.0,0.37909743,0
0.0,0.49567643,0
0.0,0.48435745,0
0.0,0.483902,0
0.0,0.4904321,0
1.0,0.4882089,0
1.0,0.48973727,0
0.0,0.49562362,0
1.0,0.3698596,0
0.0,0.4949238,0
0.0,0.49551645,0
1.0,0.99864537,1
0.0,0.25393686,0
0.0,0.12519057,0
1.0,0.4903629,0
0.0,0.50149053,1
0.0,0.4949238,0
0.0,0.49506038,0
1.0,0.4949981,0
1.0,0.49368635,0
0.0,0.032628432,0
0.0,0.38595092,0
1.0,0.49219424,0
0.0,0.39772764,0
0.0,0.27139026,0
1.0,0.4955675,0
1.0,0.4881737,0
0.0,0.50399375,1
1.0,0.50813556,1
1.0,0.48776808,0
0.0,0.3071646,0
0.0,0.3878034,0
1.0,0.9975031,1
1.0,0.4951029,0
0.0,0.49551645,0
0.0,0.32126176,0
1.0,0.49573806,0
0.0,0.3657256,0
1.0,0.49412793,0
0.0,0.4860628,0
0.0,0.49508375,0
0.0,0.49439514,0
0.0,0.49068135,0
0.0,0.49573052,0
1.0,0.49007323,0
0.0,0.49562332,0
1.0,0.49072552,0
0.0,0.49416733,0
1.0,0.48591515,0
0.0,0.49368635,0
0.0,0.49534208,0
1.0,0.49566695,0
0.0,0.20215043,0
0.0,0.48499426,0
1.0,0.9993824,1
1.0,0.39770722,0
1.0,0.48700362,0
0.0,0.49591604,0
0.0,0.49201098,0
0.0,0.5083833,1
1.0,0.49573052,0
1.0,0.21963821,0
1.0,0.5087368,1
1.0,0.4934747,0
1.0,1.0,1
0.0,0.49301577,0
0.0,0.2509431,0
0.0,0.49611154,0
0.0,0.49556926,0
0.0,0.4954927,0
0.0,0.2191916,0
0.0,0.49505126,0
0.0,0.37972322,0
0.0,0.5086824,1
0.0,0.4951412,0
1.0,0.49454647,0
0.0,0.3601155,0
1.0,0.48390993,0
0.0,0.39725193,0
0.0,0.4890678,0
0.0,0.48267135,0
0.0,0.49135044,0
0.0,0.49410683,0
0.0,0.4956906,0
0.0,0.31827244,0
0.0,0.4935898,0
0.0,0.37529603,0
1.0,0.48567197,0
0.0,0.49481124,0
1.0,0.3184666,0
0.0,0.49368635,0
0.0,0.49422795,0
0.0,0.39564538,0
1.0,0.49485502,0
0.0,0.4954927,0
0.0,0.25487697,0
0.0,0.49217436,0
0.0,0.3870078,0
0.0,0.3162425,0
1.0,0.4847744,0
1.0,0.49439514,0
0.0,0.4956823,0
1.0,0.3792484,0
1.0,0.3767514,0
1.0,0.49458238,0
0.0,0.49369037,0
0.0,0.487241,0
0.0,0.5017382,1
0.0,0.4922431,0
0.0,0.49450624,0
1.0,0.9987607,1
1.0,0.48902616,0
0.0,0.49485284,0
0.0,0.3777928,0
0.0,0.4934747,0
1.0,0.5078861,1
1.0,0.49055567,0
0.0,0.49528727,0
0.0,0.25525957,0
0.0,0.49394083,0
1.0,0.3950353,0
0.0,0.49311784,0
1.0,0.5077042,1
1.0,0.9994073,1
0.0,0.4947619,0
0.0,0.4937204,0
0.0,0.38694623,0
0.0,0.505429,1
0.0,0.48515615,0
0.0,0.36417815,0
0.0,0.49207038,0
0.0,0.39555514,0
0.0,0.39984083,0
0.0,0.39278746,0
0.0,0.38872892,0
1.0,0.48577097,0
1.0,0.49295527,0
1.0,0.49505723,0
0.0,0.4947028,0
0.0,0.504714,1
0.0,0.30296335,0
0.0,0.4892411,0
0.0,0.4927249,0
0.0,0.49514928,0
0.0,0.50816923,1
0.0,0.38715363,0
1.0,0.36903718,0
1.0,0.4899257,0
0.0,0.4956906,0
0.0,0.39456192,0
1.0,1.0,1
0.0,0.50893563,1
0.0,0.5088626,1
1.0,0.49567643,0
1.0,0.30894026,0
0.0,0.4956906,0
0.0,0.48531908,0
0.0,0.49368635,0
0.0,0.49562222,0
1.0,0.48310643,0
0.0,0.49339524,0
0.0,0.14901392,0
1.0,0.48042244,0
1.0,0.9990268,1
0.0,0.4936656,0
0.0,0.39573818,0
0.0,0.40828186,0
1.0,0.9991357,1
1.0,0.50058365,1
0.0,0.49454647,0
0.0,0.49454647,0
1.0,0.49436036,0
1.0,0.50826126,1
1.0,0.4867908,0
0.0,0.4956823,0
0.0,0.494642,0
0.0,0.4956906,0
0.0,0.31888184,0
1.0,0.9988851,1
0.0,0.4841364,0
1.0,0.37602225,0
0.0,0.49562332,0
1.0,0.4927931,0
1.0,0.5049262,1
1.0,0.99622715,1
0.0,0.48947644,0
1.0,0.36859807,0
0.0,0.4810891,0
0.0,0.40094906,0
1.0,0.48458734,0
0.0,0.49264273,0
1.0,0.49559808,0
1.0,0.4909812,0
1.0,0.4954125,0
0.0,0.4948319,0
1.0,0.4942,0
0.0,0.49357796,0
1.0,0.9973629,1
1.0,0.40287018,0
0.0,0.4956906,0
1.0,0.99469876,1
0.0,0.49001762,0
1.0,0.48310643,0
1.0,0.25606605,0
1.0,1.0,1
0.0,0.5050376,1
1.0,0.4922431,0
0.0,0.48700362,0
0.0,0.4996125,0
0.0,0.39671782,0
0.0,0.49211222,0
0.0,0.38678712,0
1.0,0.3954072,0
0.0,0.3888242,0
0.0,0.48596966,0
1.0,0.38984445,0
0.0,0.48797634,0
0.0,0.34870893,0
0.0,0.08563683,0
1.0,0.39776644,0
1.0,0.48811775,0
1.0,0.4065086,0
0.0,0.49202678,0
1.0,0.49273804,0
0.0,0.49295527,0
0.0,0.48337758,0
0.0,0.39227998,0
1.0,0.50297236,1
0.0,0.49332815,0
1.0,0.3968275,0
1.0,0.48304963,0
1.0,0.4930568,0
0.0,0.49569038,0
0.0,0.49506038,0
0.0,0.50410306,1
0.0,0.4919467,0
0.0,0.30740693,0
1.0,0.49001145,0
1.0,0.49202678,0
0.0,0.4934747,0
0.0,0.38865817,0
1.0,0.49573806,0
0.0,0.5054273,1
0.0,0.48396143,0
0.0,0.49567643,0
1.0,0.49311784,0
1.0,0.48146626,0
1.0,0.28610006,0
1.0,0.49410912,0
1.0,0.49439514,0
0.0,0.487241,0
1.0,0.49573806,0
0.0,0.49301577,0
0.0,0.49673226,0
1.0,0.4895451,0
0.0,0.49368566,0
1.0,0.49368566,0
1.0,0.48546556,0
0.0,0.38484442,0
0.0,0.4944969,0
1.0,0.4950537,0
1.0,0.48099807,0
0.0,0.487241,0
1.0,0.48939717,0
1.0,0.998769,1
1.0,0.4918458,0
0.0,0.49394083,0
0.0,0.49394083,0
1.0,0.9984762,1
0.0,0.4841364,0
0.0,0.4847391,0
1.0,0.9992544,1
1.0,0.49429587,0
0.0,0.49368635,0
0.0,0.4956906,0
1.0,0.49171,0
1.0,0.50716645,1
0.0,0.48715279,0
1.0,0.50869113,1
0.0,0.09297036,0
1.0,0.48919362,0
1.0,0.49031994,0
0.0,0.11786691,0
0.0,0.4954688,0
1.0,0.48596966,0
0.0,0.37226483,0
1.0,0.9995384,1
0.0,0.49356994,0
0.0,0.48961455,0
1.0,0.48817706,0
1.0,0.996429,1
0.0,0.48728752,0
1.0,0.49295527,0
0.0,0.49358097,0
0.0,0.49089718,0
0.0,0.4955675,0
0.0,0.31763813,0
1.0,0.49171,0
0.0,0.49121234,0
0.0,0.48728752,0
1.0,0.4841364,0
0.0,0.17805327,0
0.0,0.49177098,0
1.0,0.49562454,0
0.0,0.4848793,0
0.0,0.2757872,0
0.0,0.4937204,0
0.0,0.4960588,0
0.0,0.49475485,0
1.0,1.0,1
0.0,0.48923516,0
1.0,0.99904925,1
0.0,0.4934747,0
0.0,0.48840323,0
1.0,0.49410683,0
1.0,0.4895451,0
1.0,0.49585035,0
0.0,0.49301577,0
1.0,0.4860044,0
0.0,0.49410912,0
0.0,0.49368566,0
0.0,0.0045683645,0
0.0,0.49112642,0
0.0,0.496171,0
0.0,0.40377864,0
1.0,0.4933145,0
0.0,0.024163922,0
1.0,0.5088632,1
0.0,0.5077781,1
1.0,0.5075675,1
0.0,0.25754678,0
1.0,0.48280886,0
1.0,0.49152917,0
1.0,0.49175233,0
0.0,0.03357668,0
1.0,0.4950537,0
1.0,0.48596966,0
1.0,0.49410912,0
0.0,0.48011926,0
0.0,0.3872857,0
0.0,0.5062851,1
0.0,0.48665705,0
0.0,0.37022105,0
1.0,0.4941043,0
1.0,0.9977162,1
0.0,0.48781222,0
1.0,0.99414223,1
0.0,0.38731644,0
1.0,0.48146626,0
0.0,0.387865,0
0.0,0.293207,0
0.0,0.32321146,0
0.0,0.28393853,0
0.0,0.31919774,0
0.0,0.4946622,0
0.0,0.2940043,0
1.0,0.2882386,0
1.0,0.99963975,1
0.0,0.49372077,0
1.0,0.48496202,0
0.0,0.487241,0
1.0,0.49368635,0
1.0,0.9988689,1
1.0,0.2349827,0
1.0,0.491273,0
1.0,0.4899257,0
1.0,0.48146626,0
1.0,0.49573806,0
0.0,0.4948319,0
0.0,0.49214265,0
0.0,0.49454647,0
0.0,0.3198791,0
0.0,0.39052787,0
0.0,0.38888317,0
0.0,0.4949676,0
0.0,0.4956823,0
0.0,0.3890665,0
1.0,0.48797157,0
0.0,0.49485502,0
0.0,0.49562332,0
0.0,0.22905003,0
0.0,0.49202678,0
1.0,0.4895451,0
1.0,0.49573806,0
0.0,0.49454647,0
1.0,0.31606984,0
0.0,0.49295527,0
0.0,0.3652282,0
0.0,0.38849708,0
0.0,0.48979756,0
0.0,0.49203712,0
1.0,0.4957956,0
0.0,0.48989362,0
0.0,0.38433924,0
1.0,0.48380435,0
0.0,0.48596966,0
0.0,0.48907772,0
0.0,0.23241867,0
0.0,0.49475485,0
0.0,0.25085875,0
1.0,0.4895451,0
0.0,0.0016366917,0
0.0,0.37433726,0
0.0,0.402393,0
0.0,0.3085706,0
0.0,0.4956906,0
1.0,0.4847391,0
0.0,0.385721,0
1.0,0.9994898,1
0.0,0.3245254,0
0.0,0.49506038,0
0.0,0.38888317,0
0.0,0.48417658,0
1.0,0.487241,0
1.0,0.39608952,0
1.0,0.4872727,0
0.0,0.39479187,0
0.0,0.48011926,0
0.0,0.50401384,1
1.0,0.39070028,0
0.0,0.48380512,0
0.0,0.49185762,0
1.0,0.99925655,1
0.0,0.4922431,0
1.0,0.49572107,0
1.0,0.487241,0
0.0,0.30139747,0
1.0,0.49508375,0
0.0,0.49569038,0
1.0,0.49175233,0
0.0,0.49608448,0
1.0,0.49673226,0
0.0,0.48496202,0
0.0,0.48368797,0
0.0,0.48854542,0
1.0,0.4947974,0
1.0,0.48045126,0
0.0,0.37687436,0
0.0,0.49490768,0
0.0,0.4922431,0
0.0,0.4842955,0
0.0,0.48387635,0
1.0,0.48284665,0
0.0,0.49573806,0
1.0,0.4950537,0
1.0,0.50776386,1
0.0,0.4898701,0
0.0,0.38002452,0
0.0,0.3819878,0
0.0,0.4925589,0
1.0,0.9983425,1
0.0,0.1775748,0
1.0,0.49458238,0
1.0,0.9991037,1
1.0,0.49091625,0
0.0,0.4942842,0
1.0,0.40004003,0
0.0,0.4954927,0
0.0,0.49505126,0
0.0,0.38649863,0
0.0,0.019877635,0
1.0,0.39069903,0
0.0,0.4933151,0
1.0,0.4944666,0
1.0,0.4915588,0
0.0,0.49485284,0
0.0,0.4940029,0
1.0,0.4918458,0
0.0,0.09961885,0
1.0,0.4956823,0
0.0,0.50068223,1
1.0,0.34229225,0
1.0,1.0,1
0.0,0.48280886,0
1.0,0.4949405,0
1.0,0.4949238,0
0.0,0.487241,0
0.0,0.48382878,0
0.0,0.4895451,0
0.0,0.4954927,0
0.0,0.49146745,0
0.0,0.49572107,0
1.0,0.999337,1
1.0,0.38057786,0
1.0,0.39503086,0
0.0,0.23838472,0
1.0,0.48577097,0
1.0,0.4895451,0
0.0,0.48630977,0
0.0,0.49285102,0
0.0,0.48396143,0
0.0,0.2847736,0
1.0,0.9993487,1
1.0,0.49506038,0
1.0,0.49566695,0
0.0,0.487241,0
1.0,0.50818294,1
0.0,0.4956906,0
1.0,0.4922914,0
1.0,0.49043378,0
1.0,0.49506027,0
0.0,0.49335697,0
0.0,0.4114608,0
0.0,0.4949134,0
1.0,0.37008908,0
0.0,0.48284665,0
0.0,0.37822112,0
1.0,0.25195944,0
0.0,0.49171,0
0.0,0.37343088,0
1.0,0.48380712,0
0.0,0.49565244,0
0.0,0.4947974,0
1.0,0.5066865,1
1.0,0.48357415,0
1.0,0.5008773,1
0.0,0.496171,0
0.0,0.49032605,0
0.0,0.4918458,0
0.0,0.38937423,0
1.0,0.99867994,1
0.0,0.33018017,0
1.0,0.49562442,0
0.0,0.49567327,0
0.0,0.48825046,0
0.0,0.49572107,0
0.0,0.49214265,0
1.0,0.4892411,0
1.0,0.4884521,0
0.0,0.4949957,0
1.0,0.4847744,0
0.0,0.4895451,0
1.0,0.36915296,0
1.0,0.4877978,0
0.0,0.49573806,0
1.0,0.4946899,0
1.0,0.485054,0
1.0,0.9612335,1
0.0,0.487241,0
0.0,0.49482167,0
0.0,0.48492247,0
0.0,0.49673226,0
1.0,0.49611154,0
0.0,0.49112642,0
0.0,0.3878034,0
0.0,0.49100107,0
1.0,0.5026384,1
0.0,0.4897349,0
1.0,0.99928975,1
0.0,0.49505126,0
0.0,0.39153746,0
0.0,0.49394083,0
0.0,0.48210824,0
0.0,0.39756346,0
1.0,0.49368566,0
0.0,0.49030417,0
0.0,0.32027677,0
1.0,0.487241,0
0.0,0.4906129,0
0.0,0.49394083,0
1.0,0.49538043,0
1.0,0.4892411,0
1.0,0.49404648,0
0.0,0.33551714,0
1.0,0.99996936,1
1.0,0.31860238,0
1.0,0.506265,1
0.0,0.49368635,0
0.0,0.5046192,1
1.0,0.49072552,0
1.0,0.48803613,0
0.0,0.4884521,0
0.0,0.49339524,0
0.0,0.26767942,0
0.0,0.49097422,0
0.0,0.39608952,0
0.0,0.49285102,0
0.0,0.49562332,0
1.0,0.49616212,0
1.0,0.50569004,1
0.0,0.49154404,0
1.0,0.9993137,1
0.0,0.5070382,1
0.0,0.24112351,0
1.0,0.4915588,0
0.0,0.41348416,0
1.0,0.4954554,0
1.0,0.4884521,0
1.0,0.4951412,0
0.0,0.49397317,0
0.0,0.4915588,0
0.0,0.5079397,1
0.0,0.49475485,0
1.0,0.48967278,0
1.0,0.49439514,0
1.0,0.2652178,0
1.0,0.99999976,1
0.0,0.39504543,0
1.0,0.9991844,1
0.0,0.4954688,0
1.0,0.47907725,0
0.0,0.49567327,0
1.0,0.99969184,1
1.0,0.9999939,1
1.0,0.4939409,0
1.0,0.48011926,0
1.0,0.24411203,0
1.0,0.4956823,0
1.0,0.49154404,0
0.0,0.49573052,0
0.0,0.49027115,0
0.0,0.487241,0
0.0,0.5076608,1
0.0,0.48512957,0
0.0,0.48380435,0
1.0,0.48538527,0
0.0,0.508214,1
1.0,0.4922468,0
0.0,0.49490768,0
1.0,0.48275757,0
1.0,0.49202678,0
0.0,0.49567643,0
0.0,0.18742678,0
0.0,0.49089718,0
1.0,0.37192178,0
0.0,0.49496526,0
0.0,0.48380435,0
1.0,0.49551645,0
1.0,0.99506503,1
0.0,0.49573806,0
1.0,0.9985393,1
1.0,0.48531908,0
0.0,0.12050857,0
1.0,0.99174213,1
0.0,0.49562442,0
1.0,0.49422795,0
0.0,0.48716828,0
1.0,0.495356,0
1.0,0.3006262,0
0.0,0.49506038,0
0.0,0.49108833,0
0.0,0.480607,0
1.0,0.5069686,1
0.0,0.49112642,0
0.0,0.4919144,0
1.0,0.5089684,1
0.0,0.49072552,0
0.0,0.0005917011,0
0.0,0.4839351,0
1.0,0.487241,0
1.0,0.4884521,0
1.0,0.99053556,1
0.0,0.49363267,0
1.0,0.49590853,0
0.0,0.48907772,0
1.0,0.48454636,0
1.0,0.40133563,0
1.0,0.49453655,0
1.0,0.5009434,1
0.0,0.49023366,0
0.0,0.48840323,0
0.0,0.49506038,0
1.0,0.48284665,0
1.0,0.4954927,0
0.0,0.20767695,0
1.0,0.4950537,0
1.0,0.99915254,1
1.0,0.39487448,0
1.0,0.39159498,0
1.0,0.38705182,0
0.0,0.48771673,0
0.0,0.48811775,0
1.0,0.49249706,0
0.0,0.49591604,0
1.0,0.49549925,0
0.0,0.48458734,0
0.0,0.4956906,0
0.0,0.4941043,0
0.0,0.49673226,0
0.0,0.49185762,0
0.0,0.4951412,0
0.0,0.29235792,0
1.0,0.4949238,0
0.0,0.49154404,0
1.0,0.50492346,1
1.0,0.4883845,0
1.0,0.24353893,0
0.0,0.39301795,0
0.0,0.37587374,0
0.0,0.4847391,0
1.0,0.9958358,1
0.0,0.4954927,0
1.0,0.4902409,0
0.0,0.40619278,0
1.0,0.4952445,0
0.0,0.39310092,0
0.0,0.48284665,0
0.0,0.49364161,0
1.0,0.39459342,0
1.0,0.49579063,0
0.0,0.4892827,0
1.0,0.49506038,0
0.0,0.31637746,0
0.0,0.49258047,0
0.0,0.4951412,0
1.0,0.4947028,0
1.0,0.98862606,1
0.0,0.3954337,0
0.0,0.2559258,0
1.0,0.4881737,0
0.0,0.49394083,0
0.0,0.49560744,0
1.0,0.48632702,0
1.0,0.49035913,0
0.0,0.393449,0
1.0,0.37060785,0
0.0,0.48577097,0
0.0,0.48499426,0
1.0,0.9992841,1
1.0,0.49369183,0
0.0,0.4895451,0
0.0,0.2644762,0
1.0,0.2707859,0
1.0,0.99998367,1
0.0,0.4847967,0
1.0,0.49545136,0
0.0,0.48306516,0
0.0,0.49508375,0
0.0,0.48328796,0
1.0,0.5078742,1
1.0,0.493024,0
0.0,0.39963704,0
0.0,0.49583924,0
1.0,0.48962626,0
0.0,0.48686448,0
1.0,0.49551645,0
1.0,0.48282892,0
0.0,0.38358495,0
1.0,0.9983241,1
1.0,0.49450624,0
1.0,0.9978321,1
0.0,0.48577097,0
1.0,0.49335697,0
0.0,0.4956906,0
1.0,0.49573806,0
1.0,0.49499542,0
1.0,0.9950399,1
0.0,0.49783823,0
0.0,0.38137552,0
1.0,0.9973231,1
1.0,0.4934747,0
0.0,0.4920413,0
1.0,0.48435745,0
1.0,0.99958557,1
1.0,0.48492247,0
0.0,0.5045794,1
0.0,0.31084013,0
0.0,0.4956906,0
0.0,0.39269936,0
0.0,0.5019199,1
0.0,0.48825046,0
1.0,0.39112818,0
0.0,0.4847391,0
0.0,0.06271552,0
1.0,0.9927133,1
0.0,0.49482167,0
0.0,0.49029544,0
1.0,0.49590853,0
1.0,0.4956906,0
0.0,0.30013368,0
1.0,0.49439514,0
0.0,0.5030105,1
0.0,0.49616212,0
1.0,0.998629,1
0.0,0.4951029,0
1.0,0.49217823,0
0.0,0.49394083,0
1.0,0.9965378,1
0.0,0.4951436,0
1.0,0.4949238,0
0.0,0.49566695,0
1.0,0.49485284,0
1.0,0.4949405,0
1.0,0.9992254,1
0.0,0.4817033,0
1.0,0.48989362,0
0.0,0.3901173,0
1.0,0.49573806,0
0.0,0.40095285,0
0.0,0.4947028,0
1.0,0.48011294,0
0.0,0.38628542,0
1.0,0.49556926,0
0.0,0.37422198,0
1.0,0.4950537,0
0.0,0.39292714,0
1.0,0.3964615,0
1.0,0.9967539,1
0.0,0.49429587,0
1.0,0.3226314,0
0.0,0.39665428,0
1.0,0.4844182,0
1.0,0.4844897,0
0.0,0.055260282,0
1.0,0.49369183,0
1.0,0.49608424,0
1.0,0.49485502,0
0.0,0.25488552,0
0.0,0.39887026,0
1.0,0.49429587,0
0.0,0.39998016,0
0.0,0.48120356,0
0.0,0.48734465,0
0.0,0.49584895,0
0.0,0.49608448,0
1.0,0.49552348,0
0.0,0.49482167,0
1.0,0.38172814,0
0.0,0.4060813,0
0.0,0.49567327,0
1.0,0.32036698,0
1.0,0.49171,0
0.0,0.48784143,0
0.0,0.4949134,0
0.0,0.48458734,0
1.0,0.5083989,1
1.0,0.40377864,0
0.0,0.48172358,0
1.0,0.49506038,0
0.0,0.19191001,0
1.0,0.21206185,0
1.0,0.48871443,0
1.0,0.4949238,0
0.0,0.4949238,0
0.0,0.2501962,0
0.0,0.49729273,0
1.0,0.5086824,1
1.0,0.49458238,0
1.0,0.49534693,0
1.0,0.4847391,0
0.0,0.31116647,0
0.0,0.487241,0
0.0,0.49029544,0
1.0,0.99926406,1
0.0,0.3954072,0
0.0,0.48854488,0
1.0,0.37540257,0
1.0,0.49434882,0
1.0,0.5075675,1
0.0,0.36624113,0
1.0,0.4922431,0
0.0,0.4955606,0
1.0,0.49549925,0
1.0,0.9936725,1
1.0,0.49573052,0
1.0,0.4851235,0
0.0,0.4968622,0
1.0,0.49277607,0
0.0,0.4949405,0
1.0,0.4949238,0
1.0,0.49410912,0
0.0,0.4838904,0
1.0,0.48728752,0
1.0,0.4947974,0
0.0,0.48825046,0
0.0,0.4855431,0
0.0,0.49305853,0
1.0,0.488804,0
1.0,0.4941208,0
0.0,0.496171,0
1.0,0.49171,0
0.0,0.49425158,0
0.0,0.49459407,0
1.0,0.99835455,1
0.0,0.487241,0
0.0,0.28426442,0
0.0,0.4933145,0
1.0,0.49410912,0
1.0,0.49508375,0
1.0,0.9995346,1
0.0,0.48771057,0
0.0,0.49325648,0
1.0,0.282381,0
0.0,0.4013642,0
1.0,0.3002989,0
1.0,0.4884521,0
1.0,0.49429587,0
0.0,0.49562442,0
0.0,0.3912823,0
0.0,0.40047023,0
1.0,0.3805666,0
0.0,0.3816824,0
0.0,0.4812685,0
1.0,0.48459226,0
1.0,0.48863316,0
1.0,0.2859462,0
0.0,0.49007323,0
0.0,0.31710148,0
1.0,0.48526195,0
1.0,0.9965995,1
1.0,0.4897349,0
1.0,0.4914011,0
1.0,0.4947619,0
0.0,0.49085873,0
0.0,0.49374214,0
0.0,0.005951907,0
0.0,0.49202678,0
0.0,0.4922431,0
0.0,0.4947619,0
1.0,0.39413595,0
0.0,0.48982364,0
0.0,0.4947974,0
0.0,0.49202678,0
1.0,0.4942459,0
0.0,0.48396143,0
1.0,0.99996066,1
1.0,0.49485284,0
0.0,0.48562637,0
0.0,0.49394083,0
1.0,0.49108374,0
0.0,0.48596573,0
0.0,0.49097648,0
1.0,0.4903629,0
0.0,0.49227205,0
0.0,0.29450577,0
0.0,0.50893563,1
1.0,0.49335697,0
0.0,0.4957956,0
1.0,0.50657976,1
1.0,0.38940462,0
0.0,0.4951412,0
0.0,0.48764205,0
1.0,0.49585035,0
0.0,0.48418003,0
0.0,0.48499426,0
1.0,0.9988883,1
0.0,0.3953892,0
0.0,0.3843488,0
1.0,0.5071022,1
0.0,0.48380512,0
1.0,0.3724602,0
0.0,0.4864479,0
1.0,0.5062132,1
0.0,0.49454647,0
0.0,0.2731549,0
1.0,0.49458238,0
0.0,0.2467728,0
1.0,0.49616212,0
1.0,0.2684039,0
1.0,0.99900633,1
0.0,0.4960588,0
1.0,0.49412793,0
1.0,0.37024152,0
0.0,0.48231867,0
0.0,0.4906219,0
0.0,0.49364755,0
1.0,0.9972486,1
0.0,0.4954927,0
1.0,0.49534687,0
1.0,0.49097422,0
0.0,0.48630977,0
1.0,0.49002016,0
0.0,0.4903629,0
0.0,0.49583924,0
0.0,0.49035913,0
0.0,0.36919937,0
1.0,0.49909726,0
1.0,0.49556926,0
1.0,0.9973769,1
0.0,0.33234164,0
0.0,0.48453394,0
0.0,0.48852924,0
1.0,0.49171,0
0.0,0.485054,0
1.0,0.9985203,1
0.0,0.2411631,0
0.0,0.4884521,0
0.0,0.496171,0
0.0,0.4895451,0
0.0,0.23902053,0
1.0,0.99976355,1
0.0,0.4895451,0
0.0,0.013004175,0
0.0,0.49587867,0
0.0,0.48380435,0
1.0,0.4892411,0
0.0,0.4847744,0
1.0,0.507989,1
0.0,0.39805213,0
0.0,0.4926499,0
1.0,0.4936883,0
1.0,0.49566695,0
0.0,0.49254948,0
1.0,0.9963935,1
0.0,0.3761444,0
1.0,0.49498934,0
1.0,0.48989362,0
0.0,0.4937883,0
1.0,0.99897873,1
0.0,0.4956906,0
0.0,0.378819,0
0.0,0.49573806,0
0.0,0.4847391,0
0.0,0.49191552,0
1.0,0.99900204,1
0.0,0.49429587,0
1.0,0.4884521,0
1.0,0.49001145,0
1.0,0.99923635,1
1.0,0.24354804,0
0.0,0.39329597,0
1.0,0.5087406,1
0.0,0.50399375,1
1.0,0.5059237,1
1.0,0.4958516,0
0.0,0.48451635,0
0.0,0.09473441,0
0.0,0.48176047,0
0.0,0.49436036,0
1.0,0.30896622,0
1.0,0.3954337,0
1.0,0.99827397,1
1.0,0.26024085,0
1.0,0.49587867,0
1.0,0.49339524,0
0.0,0.49225247,0
1.0,0.4918458,0
1.0,0.99960905,1
0.0,0.4956906,0
1.0,0.99629885,1
0.0,0.49549925,0
1.0,0.49579063,0
1.0,0.49616212,0
0.0,0.49560013,0
0.0,0.40095395,0
1.0,0.48484647,0
1.0,0.488471,0
0.0,0.4838904,0
1.0,0.49213982,0
1.0,0.49562332,0
0.0,0.082228206,0
1.0,0.48809752,0
0.0,0.39266813,0
1.0,0.49035913,0
0.0,0.48991004,0
1.0,0.49335697,0
0.0,0.26059064,0
1.0,0.48345095,0
0.0,0.48458734,0
1.0,1.0,1
1.0,0.5053595,1
0.0,0.4922914,0
1.0,0.4892411,0
1.0,0.83111495,1
1.0,0.48380435,0
1.0,0.4864479,0
1.0,0.49566695,0
1.0,0.99943763,1
0.0,0.49097648,0
1.0,0.5058622,1
0.0,0.49591604,0
0.0,0.37026796,0
0.0,0.50793755,1
0.0,0.48499426,0
0.0,0.49505022,0
1.0,0.49506038,0
1.0,0.495356,0
0.0,0.4940881,0
1.0,0.31330287,0
1.0,0.49249706,0
0.0,0.48961455,0
0.0,0.49549925,0
0.0,0.49556926,0
1.0,0.2664662,0
0.0,0.39344272,0
1.0,0.3922318,0
1.0,0.48596966,0
0.0,0.48983932,0
0.0,0.33257815,0
0.0,0.4947028,0
1.0,0.48961413,0
0.0,0.22989285,0
1.0,0.49397317,0
1.0,0.9992654,1
0.0,0.48825046,0
0.0,0.49506038,0
1.0,0.99796873,1
0.0,0.31850976,0
0.0,0.48380512,0
1.0,0.9940154,1
0.0,0.49673226,0
0.0,0.5084474,1
0.0,0.49336052,0
1.0,0.49089718,0
0.0,0.4846878,0
0.0,0.4922914,0
1.0,0.9999713,1
0.0,0.4922431,0
0.0,0.4154184,0
1.0,0.49673226,0
1.0,0.4957956,0
1.0,0.48368797,0
0.0,0.4819782,0
1.0,0.49499542,0
0.0,0.49185762,0
0.0,0.48596966,0
1.0,0.4936656,0
0.0,0.1098456,0
1.0,0.49608448,0
1.0,0.5069191,1
0.0,0.38667095,0
1.0,0.4919037,0
0.0,0.503264,1
0.0,0.4947028,0
0.0,0.49514928,0
0.0,0.49562332,0
1.0,0.48440185,0
0.0,0.49067596,0
0.0,0.49364755,0
1.0,0.99998355,1
1.0,0.5059705,1
0.0,0.31373137,0
1.0,0.9999999,1
1.0,0.49439514,0
0.0,0.49175394,0
0.0,0.4931797,0
1.0,0.49482167,0
0.0,0.4918458,0
0.0,0.48375842,0
0.0,0.49551645,0
1.0,0.49506038,0
0.0,0.49394083,0
1.0,0.4941043,0
0.0,0.3990192,0
1.0,0.99989367,1
0.0,0.50776386,1
0.0,0.31995386,0
0.0,0.4897349,0
1.0,0.49606618,0
1.0,0.4956906,0
1.0,0.49157152,0
1.0,0.49611154,0
0.0,0.49459627,0
0.0,0.37961954,0
0.0,0.49112642,0
0.0,0.4922431,0
1.0,0.49514928,0
1.0,0.49505126,0
1.0,0.99999845,1
1.0,0.31544095,0
1.0,0.4884521,0
0.0,0.49567446,0
1.0,1.0,1
1.0,0.39768514,0
1.0,0.30345845,0
1.0,0.49506038,0
1.0,0.49202678,0
0.0,0.4954688,0
0.0,0.4922431,0
0.0,0.4934747,0
0.0,0.4938091,0
1.0,0.4847513,0
0.0,0.5082223,1
0.0,0.36820552,0
1.0,0.9998982,1
1.0,0.48809752,0
1.0,0.298774,0
1.0,0.4950537,0
1.0,0.48716828,0
0.0,0.4929943,0
0.0,0.29240978,0
0.0,0.4922431,0
1.0,0.29784998,0
1.0,0.49563426,0
1.0,0.4884521,0
0.0,0.33665362,0
0.0,0.019879218,0
1.0,0.50444615,1
1.0,0.48728752,0
0.0,0.36716306,0
1.0,0.48494962,0
0.0,0.38691106,0
1.0,0.4951029,0
1.0,0.31740648,0
0.0,0.48280886,0
0.0,0.49608448,0
1.0,0.5070526,1
1.0,0.49552482,0
0.0,0.487241,0
1.0,0.48458734,0
1.0,0.49230233,0
0.0,0.37226158,0
1.0,0.4879961,0
0.0,0.36643133,0
1.0,0.49301577,0
1.0,0.4915588,0
0.0,0.48780268,0
1.0,0.49567643,0
1.0,0.49384516,0
0.0,0.3883009,0
1.0,0.49626762,0
0.0,0.30669752,0
1.0,0.49368566,0
1.0,0.4947974,0
0.0,0.48451048,0
0.0,0.4954927,0
1.0,0.49616212,0
1.0,0.49335697,0
1.0,0.9997476,1
0.0,0.057371266,0
1.0,0.9934617,1
1.0,0.9899148,1
0.0,0.5066292,1
0.0,0.36891782,0
0.0,0.5079203,1
1.0,0.9993468,1
0.0,0.29640847,0
0.0,0.5064662,1
1.0,0.49616212,0
1.0,0.4956906,0
0.0,0.49585986,0
0.0,0.48011926,0
0.0,0.48989362,0
0.0,0.04461172,0
1.0,0.9997658,1
1.0,0.49507907,0
0.0,0.318245,0
1.0,0.2962648,0
0.0,0.3968957,0
1.0,0.49397317,0
0.0,0.4915096,0
0.0,0.4892411,0
0.0,0.21877171,0
0.0,0.4888914,0
1.0,0.49609745,0
0.0,0.36757082,0
1.0,0.49425158,0
1.0,0.48099807,0
1.0,0.5021979,1
0.0,0.3138527,0
0.0,0.38097385,0
1.0,0.4946622,0
1.0,0.29123247,0
1.0,0.5073933,1
0.0,0.48967278,0
0.0,0.4895451,0
0.0,0.50789255,1
0.0,0.3777928,0
0.0,0.49567643,0
0.0,0.4821049,0
1.0,0.9999994,1
1.0,0.99303895,1
0.0,0.50394577,1
1.0,0.48612183,0
0.0,0.48435745,0
1.0,0.9986897,1
1.0,0.4946189,0
0.0,0.49368566,0
0.0,0.49585035,0
1.0,0.4954927,0
1.0,0.4892411,0
1.0,0.4955675,0
0.0,0.50798494,1
1.0,0.99926466,1
1.0,0.48902616,0
0.0,0.4949238,0
1.0,0.49410912,0
1.0,0.29520264,0
0.0,0.48630977,0
0.0,0.4955606,0
0.0,0.24532136,0
0.0,0.49570918,0
1.0,0.9983607,1
0.0,0.4957956,0
0.0,0.49562332,0
0.0,5.361696e-05,0
0.0,0.4938091,0
0.0,0.297742,0
0.0,0.29144362,0
0.0,0.41711447,0
0.0,0.4892411,0
1.0,0.9944682,1
0.0,0.13441993,0
1.0,0.4915096,0
0.0,0.49301577,0
0.0,0.39137536,0
1.0,0.49723616,0
1.0,0.25729367,0
0.0,0.4824434,0
1.0,0.49506038,0
0.0,0.37911534,0
1.0,0.4841364,0
1.0,0.49032605,0
0.0,0.37797955,0
1.0,0.48962626,0
1.0,0.49499542,0
1.0,0.39263773,0
0.0,0.38270766,0
1.0,0.49589726,0
0.0,0.4951029,0
1.0,0.48146626,0
1.0,0.49394083,0
0.0,0.49490768,0
0.0,0.4895451,0
0.0,0.4957361,0
0.0,0.49608424,0
0.0,0.38703057,0
1.0,0.49567643,0
1.0,0.48369583,0
0.0,0.4861976,0
1.0,0.487241,0
1.0,0.4903629,0
0.0,0.39750642,0
0.0,0.48994038,0
1.0,0.99911875,1
0.0,0.23812455,0
0.0,0.48944038,0
0.0,0.4884521,0
0.0,0.25348827,0
0.0,0.50623465,1
1.0,0.34617674,0
0.0,0.3207592,0
0.0,0.49304116,0
0.0,0.30547374,0
1.0,0.49368566,0
0.0,0.4847391,0
0.0,0.49410683,0
0.0,0.38769457,0
0.0,0.39263773,0
1.0,0.9963594,1
1.0,0.48418003,0
0.0,0.37483528,0
0.0,0.49177098,0
0.0,0.49384516,0
1.0,0.49485284,0
1.0,0.4956823,0
0.0,0.4918458,0
1.0,0.99841106,1
0.0,0.24078761,0
0.0,0.48961455,0
0.0,0.50846624,1
0.0,0.49549925,0
1.0,0.4864479,0
1.0,0.487241,0
1.0,0.48880947,0
0.0,0.49616346,0
1.0,0.074175596,0
1.0,1.0,1
1.0,0.4954927,0
1.0,0.49114963,0
0.0,0.487241,0
0.0,0.49429587,0
1.0,0.48581836,0
0.0,0.5060026,1
0.0,0.49367484,0
0.0,0.49099258,0
1.0,0.49191552,0
0.0,0.50819457,1
1.0,0.4954927,0
0.0,0.08007757,0
1.0,0.49097648,0
1.0,0.48989362,0
1.0,0.48562637,0
1.0,0.48380435,0
0.0,0.4884521,0
1.0,0.9985116,1
0.0,0.48380435,0
1.0,0.4937025,0
1.0,0.50825363,1
0.0,0.39699614,0
0.0,0.49481478,0
1.0,0.39438254,0
0.0,0.50829077,1
1.0,0.49277607,0
0.0,0.3244827,0
1.0,0.49453855,0
0.0,0.48728752,0
0.0,0.49552348,0
0.0,0.49175394,0
0.0,0.32037383,0
0.0,0.49572107,0
0.0,0.49359632,0
1.0,0.48187384,0
1.0,0.49562454,0
0.0,0.49135044,0
0.0,0.48418003,0
0.0,0.48418003,0
1.0,0.38788816,0
0.0,0.5045696,1
1.0,0.9991702,1
0.0,0.29129758,0
1.0,0.49508375,0
0.0,0.49095842,0
0.0,0.48452368,0
0.0,0.4883845,0
1.0,0.37334263,0
1.0,0.29520622,0
1.0,0.49368566,0
0.0,0.0047818306,0
0.0,0.4934445,0
0.0,0.4946622,0
0.0,0.49035913,0
0.0,0.03856934,0
1.0,0.29034263,0
0.0,0.22585313,0
0.0,0.23597704,0
1.0,0.39503086,0
0.0,0.48973727,0
1.0,0.32113963,0
1.0,0.48221117,0
0.0,0.50624144,1
1.0,0.3844688,0
0.0,0.49573806,0
0.0,0.4922431,0
0.0,0.4954927,0
0.0,0.3870078,0
0.0,0.18560207,0
1.0,0.48531908,0
0.0,0.483902,0
1.0,0.9979943,1
0.0,0.49035913,0
1.0,0.49412793,0
1.0,0.49608448,0
1.0,0.48989362,0
1.0,0.99999416,1
0.0,0.277334,0
0.0,0.495356,0
0.0,0.39770004,0
0.0,0.49201098,0
0.0,0.49549925,0
0.0,0.4954927,0
1.0,0.4847958,0
0.0,0.49585006,0
1.0,0.4954927,0
0.0,0.39995027,0
0.0,0.4868579,0
1.0,0.9984634,1
0.0,0.5081901,1
1.0,0.39927906,0
1.0,0.3960257,0
0.0,0.26039472,0
0.0,0.4941986,0
1.0,0.48304847,0
1.0,0.4878777,0
0.0,0.48396143,0
0.0,0.48263776,0
0.0,0.31101698,0
1.0,0.4956906,0
0.0,0.49369183,0
0.0,0.49572107,0
1.0,0.2611839,0
1.0,0.99845135,1
1.0,0.48496202,0
1.0,0.4835873,0
0.0,0.49573052,0
1.0,0.49454647,0
0.0,0.4922431,0
1.0,0.4949238,0
0.0,0.49097422,0
1.0,0.4899257,0
1.0,0.5064506,1
0.0,0.24392353,0
1.0,0.48335373,0
0.0,0.49264273,0
1.0,0.4881737,0
1.0,1.0,1
1.0,0.49549925,0
0.0,0.4903629,0
0.0,0.32079348,0
0.0,0.48700362,0
1.0,0.26219392,0
0.0,0.49801415,0
1.0,0.49573806,0
1.0,0.38089517,0
1.0,0.9393313,1
1.0,0.49007323,0
1.0,0.487241,0
0.0,0.4824688,0
0.0,0.49068135,0
1.0,0.99996066,1
1.0,0.4956823,0
1.0,0.49506938,0
0.0,0.3998885,0
0.0,0.38953817,0
0.0,0.3966642,0
1.0,0.5087425,1
0.0,0.036968395,0
0.0,0.39165127,0
1.0,0.9956501,1
0.0,0.49514928,0
1.0,0.4895451,0
0.0,0.4938091,0
1.0,0.99893624,1
1.0,0.49569038,0
0.0,0.40024734,0
1.0,0.48435745,0
0.0,0.50312805,1
1.0,0.9992536,1
0.0,0.3928085,0
1.0,0.49335697,0
0.0,0.3903636,0
0.0,0.4955675,0
1.0,0.48596966,0
0.0,0.48338237,0
1.0,0.9990073,1
1.0,0.26060984,0
0.0,0.4949238,0
1.0,0.9953243,1
1.0,0.49422148,0
0.0,0.40829703,0
1.0,0.48910987,0
0.0,0.48380435,0
0.0,0.48146626,0
0.0,0.31335658,0
1.0,0.49335697,0
0.0,0.48771635,0
0.0,0.4938091,0
0.0,0.37271458,0
0.0,0.39237806,0
0.0,0.49458238,0
1.0,0.49616212,0
0.0,0.22767112,0
1.0,0.996933,1
0.0,0.49567327,0
0.0,0.4954927,0
1.0,0.998814,1
0.0,0.3874363,0
0.0,0.2599006,0
1.0,0.48390993,0
1.0,0.49525955,0
0.0,0.4819782,0
1.0,0.50881356,1
0.0,0.23131256,0
1.0,0.49335697,0
0.0,0.4894937,0
0.0,0.5015467,1
1.0,0.49074745,0
1.0,0.47909224,0
0.0,0.4886022,0
0.0,0.49152917,0
1.0,0.48418003,0
0.0,0.49429587,0
1.0,0.49608448,0
0.0,0.4882089,0
0.0,0.49072552,0
1.0,0.487241,0
1.0,0.487241,0
0.0,0.507986,1
0.0,0.50733775,1
0.0,0.49567643,0
0.0,0.34928644,0
0.0,0.4824222,0
1.0,0.39516875,0
1.0,0.9872794,1
0.0,0.4293444,0
0.0,0.48435745,0
1.0,0.49368566,0
0.0,0.31958312,0
1.0,0.9990398,1
1.0,0.49562332,0
0.0,0.49475485,0
0.0,0.48019242,0
1.0,0.48499426,0
0.0,0.50675327,1
1.0,0.48962626,0
0.0,0.4915588,0
0.0,0.49363267,0
1.0,0.49562454,0
0.0,0.38944432,0
0.0,0.21990277,0
0.0,0.50785977,1
0.0,0.39479187,0
1.0,0.3917368,0
0.0,0.48700362,0
1.0,0.48295814,0
1.0,0.4884521,0
1.0,0.49422795,0
1.0,0.49496526,0
1.0,0.3674277,0
0.0,0.49862254,0
0.0,0.48435745,0
1.0,0.99999976,1
0.0,0.4956906,0
0.0,0.487241,0
1.0,0.40819877,0
1.0,0.49229765,0
1.0,0.999236,1
1.0,0.49002016,0
1.0,0.99994266,1
1.0,0.4840519,0
1.0,0.38825148,0
0.0,0.49429587,0
1.0,0.49167103,0
0.0,0.49368566,0
0.0,0.4816085,0
1.0,0.49258047,0
1.0,0.292166,0
0.0,0.5088096,1
0.0,0.39252216,0
1.0,0.49368566,0
0.0,0.494619,0
0.0,0.49335697,0
0.0,0.023063809,0
1.0,0.4921736,0
1.0,0.49579063,0
0.0,0.39431417,0
1.0,0.49556926,0
0.0,0.5047521,1
1.0,0.3849703,0
1.0,0.4954927,0
0.0,0.5027371,1
0.0,0.3251322,0
0.0,0.2876684,0
1.0,0.37977675,0
0.0,0.4960725,0
0.0,0.3115981,0
1.0,0.49284598,0
0.0,0.26711988,0
0.0,0.38849232,0
1.0,0.3039508,0
0.0,0.30431855,0
1.0,0.99906963,1
0.0,0.26718497,0
1.0,0.49567327,0
1.0,0.3979134,0
0.0,0.49579063,0
1.0,0.49569038,0
0.0,0.49135044,0
0.0,0.49922076,0
1.0,0.49453855,0
0.0,0.4895451,0
0.0,0.49410912,0
0.0,0.48596966,0
1.0,0.11387306,0
0.0,0.4914011,0
0.0,0.4899257,0
0.0,0.487955,0
0.0,0.3915101,0
0.0,0.49548402,0
0.0,0.49486378,0
0.0,0.3920382,0
0.0,0.39928195,0
0.0,0.39910486,0
1.0,0.49451533,0
1.0,0.4930043,0
1.0,0.49505126,0
1.0,0.49549925,0
0.0,0.48193556,0
0.0,0.3909781,0
1.0,0.48811775,0
0.0,0.49453855,0
1.0,0.1732368,0
0.0,0.48011926,0
0.0,0.48254207,0
0.0,0.39611346,0
1.0,0.49133912,0
0.0,0.49043378,0
0.0,0.40369198,0
1.0,0.48304847,0
0.0,0.49550733,0
1.0,0.49035913,0
0.0,0.49175233,0
0.0,0.488471,0
0.0,0.23776457,0
1.0,0.49565887,0
0.0,0.3824745,0
0.0,0.48369622,0
1.0,0.9908902,1
0.0,0.5079555,1
0.0,0.49368566,0
0.0,0.48961455,0
0.0,0.49551645,0
1.0,0.48942903,0
0.0,0.50161046,1
0.0,0.49585986,0
0.0,0.3211773,0
0.0,0.48577097,0
0.0,0.4833107,0
1.0,0.49907807,0
1.0,0.49385923,0
1.0,0.49120888,0
0.0,0.49562442,0
0.0,0.4934747,0
0.0,0.31125352,0
0.0,0.49499542,0
0.0,0.49549925,0
1.0,0.48330945,0
0.0,0.49133912,0
1.0,0.37507674,0
0.0,0.4946622,0
0.0,0.4927675,0
0.0,0.49380812,0
1.0,0.9999999,1
1.0,0.999081,1
0.0,0.49499542,0
0.0,0.49573052,0
0.0,0.5081271,1
1.0,0.49185762,0
0.0,0.48973727,0
1.0,0.49506605,0
1.0,0.49549925,0
1.0,0.49043378,0
0.0,0.13874944,0
0.0,0.4921765,0
0.0,0.2937268,0
0.0,0.49556926,0
1.0,0.9999777,1
0.0,0.4951029,0
1.0,0.5084854,1
0.0,0.32072258,0
0.0,0.49884623,0
0.0,0.4885261,0
1.0,0.4903629,0
1.0,0.9989458,1
1.0,0.50077665,1
0.0,0.49097648,0
1.0,0.4933145,0
0.0,0.3610117,0
0.0,0.38270766,0
1.0,0.49481156,0
1.0,0.9710024,1
0.0,0.4956823,0
1.0,0.49573052,0
0.0,0.49068135,0
1.0,0.9988772,1
1.0,0.9991942,1
0.0,0.49562442,0
0.0,0.038522147,0
0.0,0.39544526,0
1.0,0.48963642,0
0.0,0.50698066,1
0.0,0.4821442,0
0.0,0.1322653,0
0.0,0.5087707,1
0.0,0.49002016,0
0.0,0.49295527,0
1.0,0.49566695,0
0.0,0.39240065,0
0.0,0.48330945,0
1.0,0.9966953,1
0.0,0.4941043,0
0.0,0.4954927,0
1.0,0.39503086,0
0.0,0.49514928,0
0.0,0.4947028,0
0.0,0.3912823,0
0.0,0.4918458,0
0.0,0.4951029,0
1.0,0.99932206,1
1.0,0.9996264,1
1.0,0.49454647,0
0.0,0.49803147,0
1.0,0.4957956,0
1.0,0.9744668,1
0.0,0.22762595,0
0.0,0.39097786,0
0.0,0.40547234,0
0.0,0.48409465,0
1.0,0.49394083,0
0.0,0.4949134,0
0.0,0.49531645,0
0.0,0.4895451,0
0.0,0.50763524,1
1.0,0.49450624,0
1.0,0.49410683,0
1.0,0.38390478,0
0.0,0.04077498,0
0.0,0.49673226,0
1.0,0.49397317,0
1.0,0.49616212,0
0.0,0.49805158,0
0.0,0.4044098,0
0.0,0.49585986,0
0.0,0.49585035,0
1.0,0.9977958,1
1.0,0.48813832,0
1.0,0.4884521,0
1.0,0.4884521,0
0.0,0.49281025,0
1.0,0.48492247,0
1.0,0.49121234,0
0.0,0.49368566,0
0.0,0.48380435,0
1.0,0.50875145,1
1.0,0.9974516,1
0.0,0.48087442,0
0.0,0.48825046,0
1.0,0.493242,0
0.0,0.49410683,0
0.0,0.50797975,1
0.0,0.48686448,0
1.0,0.99914193,1
0.0,0.49611154,0
1.0,0.48368797,0
1.0,0.50847185,1
0.0,0.50816923,1
1.0,0.48989642,0
1.0,0.9958562,1
0.0,0.40696314,0
0.0,0.50846624,1
0.0,0.37639335,0
1.0,0.49567643,0
0.0,0.48409465,0
1.0,0.5088787,1
1.0,0.49429587,0
1.0,0.49624893,0
1.0,0.49211222,0
0.0,0.4951085,0
0.0,0.4846566,0
1.0,0.48715279,0
0.0,0.49607575,0
0.0,0.49089718,0
0.0,0.25796556,0
0.0,0.4927112,0
0.0,0.24674705,0
1.0,0.25282338,0
0.0,0.4920413,0
0.0,0.40218398,0
0.0,0.49295527,0
0.0,0.49112642,0
1.0,0.50276256,1
0.0,0.39770722,0
0.0,0.49369183,0
0.0,0.39686745,0
0.0,0.4957956,0
1.0,0.39986572,0
1.0,0.49506038,0
1.0,0.5070382,1
0.0,0.50196135,1
1.0,0.4918458,0
0.0,0.49762967,0
0.0,0.24186495,0
0.0,0.49567327,0
0.0,0.4955716,0
1.0,0.4951318,0
0.0,0.49422795,0
0.0,0.5046859,1
0.0,0.48435745,0
1.0,0.9990024,1
0.0,0.29056513,0
0.0,0.5059942,1
0.0,0.4819782,0
0.0,0.49285102,0
0.0,0.39877877,0
1.0,0.49425554,0
0.0,0.49562407,0
0.0,0.37823236,0
1.0,0.49551645,0
0.0,0.39813185,0
0.0,0.39450547,0
1.0,0.3966691,0
1.0,0.48596966,0
0.0,0.49009436,0
0.0,0.4882089,0
0.0,0.49583924,0
1.0,0.48809752,0
1.0,0.4864479,0
1.0,0.49935555,0
1.0,0.49012724,0
0.0,0.4950113,0
1.0,0.49155632,0
0.0,0.4920624,0
1.0,0.49035913,0
1.0,0.49089718,0
0.0,0.39804316,0
0.0,0.49441928,0
1.0,0.48973727,0
1.0,0.4954927,0
0.0,0.48531908,0
1.0,0.49035913,0
0.0,0.5079397,1
0.0,0.21679866,0
0.0,0.4949238,0
0.0,0.32980487,0
1.0,0.49481156,0
1.0,0.4949405,0
0.0,0.49420604,0
1.0,0.3204182,0
1.0,0.49436036,0
0.0,0.4921143,0
0.0,0.4818723,0
1.0,0.30954555,0
0.0,0.49430773,0
1.0,0.49815473,0
1.0,0.49608448,0
0.0,0.4937883,0
1.0,0.39555514,0
0.0,0.48817706,0
0.0,0.4891092,0
0.0,0.49210933,0
0.0,0.49089718,0
1.0,0.99781215,1
1.0,0.49573052,0
1.0,0.50896907,1
1.0,0.48338237,0
0.0,0.49505723,0
1.0,0.49472532,0
1.0,0.48335373,0
0.0,0.49559808,0
0.0,0.48206002,0
0.0,0.487241,0
1.0,0.4903629,0
1.0,0.99757093,1
0.0,0.38721713,0
1.0,0.9995443,1
0.0,0.39263773,0
0.0,0.48146626,0
1.0,0.49527726,0
0.0,0.4956906,0
1.0,0.9914214,1
1.0,0.4903629,0
1.0,0.99923015,1
0.0,0.2654509,0
0.0,0.49562442,0
0.0,0.024257733,0
1.0,0.48811775,0
1.0,0.1941204,0
1.0,0.48724508,0
0.0,0.50357413,1
1.0,0.50816923,1
1.0,0.50088286,1
0.0,0.49410683,0
1.0,0.49616212,0
1.0,0.49429587,0
0.0,0.48863316,0
1.0,0.9943293,1
1.0,0.4941611,0
1.0,0.48096484,0
0.0,0.48648158,0
0.0,0.4915588,0
0.0,0.49363267,0
1.0,0.49368566,0
1.0,0.4914011,0
1.0,0.49335697,0
1.0,0.49219424,0
0.0,0.48357415,0
1.0,0.23271908,0
1.0,0.3405374,0
1.0,0.4872727,0
1.0,0.49171,0
0.0,0.47918978,0
1.0,0.49459195,0
0.0,0.4922431,0
0.0,0.27833027,0
0.0,0.49303314,0
0.0,0.49450624,0
1.0,0.9990138,1
0.0,0.4847391,0
0.0,0.49573052,0
1.0,0.48284665,0
1.0,0.4950113,0
0.0,0.5000254,1
1.0,0.49120888,0
1.0,0.49458238,0
0.0,0.50714546,1
0.0,0.49562332,0
1.0,0.99937075,1
1.0,0.4920624,0
0.0,0.49608448,0
0.0,0.40012512,0
0.0,0.49496526,0
0.0,0.4881308,0
0.0,0.4841364,0
0.0,0.3211271,0
0.0,0.37759057,0
1.0,0.49549925,0
1.0,0.49089718,0
1.0,0.9996315,1
1.0,0.4947974,0
1.0,0.48330945,0
0.0,0.4921881,0
1.0,0.5061775,1
0.0,0.48464754,0
0.0,0.28653482,0
0.0,0.4955675,0
1.0,0.99998736,1
1.0,0.34972018,0
1.0,0.48390993,0
0.0,0.38588986,0
0.0,0.49368635,0
1.0,0.49498934,0
1.0,0.496171,0
0.0,0.4957956,0
1.0,0.49475485,0
0.0,0.27674943,0
0.0,0.48840323,0
1.0,0.49429587,0
1.0,0.50085765,1
1.0,0.49331102,0
0.0,0.32657883,0
0.0,0.49590853,0
0.0,0.49453855,0
1.0,0.4851986,0
1.0,0.49573052,0
1.0,0.49363267,0
0.0,0.40881127,0
1.0,0.50428605,1
1.0,0.48665705,0
0.0,0.48835006,0
0.0,0.49499542,0
1.0,0.4951029,0
0.0,0.401248,0
1.0,0.50605667,1
0.0,0.48329487,0
0.0,0.49133912,0
1.0,0.48919362,0
0.0,0.49211222,0
0.0,0.39841467,0
1.0,0.48942298,0
1.0,0.48330945,0
0.0,0.38702804,0
0.0,0.41923797,0
1.0,0.9969584,1
0.0,0.49394786,0
1.0,0.49562332,0
0.0,0.29481915,0
1.0,0.48268235,0
0.0,0.39147615,0
0.0,0.39851478,0
1.0,0.99908996,1
1.0,0.99889994,1
0.0,0.49325648,0
1.0,0.98221546,1
0.0,0.49459407,0
0.0,0.48267135,0
0.0,0.48596966,0
0.0,0.48910588,0
1.0,0.49089718,0
1.0,0.4851235,0
0.0,0.078830056,0
1.0,0.4956906,0
1.0,0.4946622,0
0.0,0.49506038,0
1.0,0.49397317,0
0.0,0.49439514,0
0.0,0.49391833,0
0.0,0.48938295,0
0.0,0.47907665,0
0.0,0.48380435,0
0.0,0.3789786,0
1.0,0.4949238,0
1.0,0.48380512,0
0.0,0.4956906,0
0.0,0.49214265,0
0.0,0.3954356,0
1.0,0.4956906,0
0.0,0.15549298,0
1.0,0.488804,0
1.0,0.50840706,1
0.0,0.49097422,0
0.0,0.48175085,0
1.0,0.99284923,1
0.0,0.4957956,0
1.0,0.3392036,0
0.0,0.37779966,0
0.0,0.4847967,0
0.0,0.40037587,0
1.0,0.9990465,1
1.0,0.49439514,0
0.0,0.3951766,0
0.0,0.4954927,0
1.0,0.48390728,0
1.0,0.48380512,0
1.0,0.48269334,0
1.0,0.49025866,0
1.0,0.4868579,0
1.0,0.49591604,0
1.0,0.4922914,0
1.0,0.49308345,0
0.0,0.25221622,0
1.0,0.49258047,0
1.0,0.49379778,0
1.0,0.991971,1
1.0,0.39217186,0
0.0,0.3883009,0
0.0,0.49506038,0
1.0,0.4951412,0
1.0,0.49505126,0
0.0,0.5070055,1
0.0,0.48310643,0
0.0,0.31983525,0
0.0,0.49536997,0
0.0,0.5084204,1
0.0,0.03286443,0
1.0,0.5077283,1
1.0,0.49301577,0
1.0,0.49284598,0
1.0,0.49573052,0
0.0,0.4908095,0
0.0,0.49225247,0
1.0,0.48267135,0
1.0,1.0,1
0.0,0.48759574,0
0.0,0.4954927,0
0.0,0.24338351,0
1.0,0.48435745,0
0.0,0.3882124,0
0.0,0.4816085,0
0.0,0.48418003,0
1.0,0.48754343,0
0.0,0.12130489,0
0.0,0.19004093,0
0.0,0.39258373,0
0.0,0.4954927,0
0.0,0.49534693,0
1.0,0.49562332,0
0.0,0.5021979,1
0.0,0.4927112,0
0.0,0.50728655,1
0.0,0.3709005,0
1.0,0.36906406,0
0.0,0.2472337,0
1.0,0.48997864,0
1.0,0.35523978,0
1.0,0.5087657,1
0.0,0.48925295,0
0.0,0.49562442,0
0.0,0.012614611,0
0.0,0.49485284,0
0.0,0.49485284,0
0.0,0.4810891,0
1.0,0.99999523,1
1.0,0.39114717,0
1.0,0.999252,1
1.0,0.49117863,0
1.0,0.49422148,0
0.0,0.39770004,0
0.0,0.4914011,0
1.0,0.49616212,0
0.0,0.48418003,0
0.0,0.4948319,0
1.0,0.4895451,0
0.0,0.4849304,0
1.0,0.3154188,0
0.0,0.11547729,0
0.0,0.26364717,0
1.0,0.49368635,0
0.0,0.49175233,0
0.0,0.012022984,0
1.0,0.49214265,0
1.0,0.49203712,0
0.0,0.30363816,0
1.0,0.49301577,0
1.0,0.3951766,0
1.0,0.49429587,0
1.0,0.49411952,0
1.0,0.48632702,0
1.0,0.9996007,1
0.0,0.4828307,0
0.0,0.50718987,1
0.0,0.49579063,0
1.0,0.99910444,1
0.0,0.49453855,0
0.0,0.4847967,0
0.0,0.4936702,0
0.0,0.4897349,0
1.0,0.9989925,1
0.0,0.37923855,0
0.0,0.4951412,0
0.0,0.124445744,0
1.0,0.9999174,1
0.0,0.048681207,0
0.0,0.49506027,0
0.0,0.4947974,0
1.0,0.99968326,1
1.0,0.4937204,0
0.0,0.3774514,0
1.0,0.48187384,0
0.0,0.49041155,0
0.0,0.49185762,0
1.0,0.49586046,0
1.0,0.4909079,0
1.0,0.23708364,0
1.0,0.9992219,1
0.0,0.23999688,0
1.0,0.49549925,0
1.0,0.4937204,0
0.0,0.4864567,0
1.0,0.50540936,1
1.0,0.4841706,0
1.0,0.39133608,0
1.0,0.49562454,0
1.0,0.4857162,0
0.0,0.022378689,0
0.0,0.21424279,0
1.0,0.49551645,0
0.0,0.4938091,0
0.0,0.4847967,0
1.0,0.2844177,0
0.0,0.49171,0
1.0,0.9989159,1
0.0,0.49099258,0
1.0,0.99999976,1
1.0,0.9991235,1
1.0,0.29994366,0
0.0,0.48252088,0
1.0,0.9997404,1
1.0,0.4922363,0
0.0,0.5087954,1
0.0,0.3909781,0
0.0,0.027767982,0
1.0,0.9989818,1
0.0,0.48338237,0
0.0,0.48311472,0
0.0,0.4895451,0
0.0,0.16897619,0
0.0,0.49152917,0
0.0,0.054206997,0
1.0,0.3354935,0
1.0,0.49552348,0
1.0,0.48771057,0
0.0,0.39217544,0
0.0,0.40325597,0
1.0,0.49569038,0
0.0,0.48396143,0
0.0,0.49704307,0
0.0,0.48577097,0
1.0,0.49570397,0
1.0,0.49213982,0
0.0,0.49562332,0
0.0,0.3153483,0
1.0,0.4956906,0
0.0,0.4895451,0
0.0,0.4936702,0
0.0,0.4956906,0
0.0,0.49549925,0
0.0,0.38547012,0
1.0,0.4941043,0
0.0,0.2988765,0
0.0,0.29444334,0
1.0,0.9966276,1
1.0,0.48435745,0
0.0,0.48380435,0
0.0,0.4951412,0
0.0,0.31073213,0
0.0,0.49475485,0
1.0,0.4954927,0
1.0,0.48146626,0
0.0,0.49002016,0
0.0,0.5046011,1
1.0,0.38721713,0
1.0,0.49368566,0
1.0,0.9986499,1
1.0,0.22382504,0
0.0,0.320849,0
1.0,0.487241,0
0.0,0.38560033,0
0.0,0.49384516,0
0.0,0.40255782,0
0.0,0.49505723,0
0.0,0.19032833,0
1.0,0.9989882,1
0.0,0.50844204,1
0.0,0.4918458,0
0.0,0.39334178,0
0.0,0.48930857,0
1.0,0.48961455,0
0.0,0.49035913,0
0.0,0.49552348,0
0.0,0.487241,0
1.0,0.48811775,0
1.0,1.0,1
0.0,0.4955675,0
1.0,0.99822277,1
1.0,0.49814627,0
1.0,0.4892411,0
0.0,0.49514928,0
0.0,0.37082052,0
0.0,0.4956906,0
1.0,0.99862754,1
1.0,0.49549925,0
0.0,0.49425125,0
0.0,0.4879961,0
1.0,0.31480163,0
1.0,0.49562454,0
1.0,0.3896355,0
0.0,0.49368566,0
1.0,0.48554245,0
0.0,0.48380435,0
1.0,0.48580348,0
1.0,0.99854976,1
0.0,0.49164948,0
1.0,0.99286544,1
1.0,1.0,1
0.0,0.49475485,0
1.0,0.3944478,0
1.0,0.48840323,0
1.0,0.2755036,0
1.0,0.5078947,1
1.0,0.49439514,0
0.0,0.09554786,0
0.0,0.49325648,0
0.0,0.4956906,0
0.0,0.48863077,0
0.0,0.20949052,0
0.0,0.3596424,0
1.0,0.49625412,0
0.0,0.48380512,0
0.0,0.4012593,0
0.0,0.5047934,1
1.0,0.4808936,0
0.0,0.4954927,0
0.0,0.3862644,0
0.0,0.00090268184,0
1.0,0.48513922,0
1.0,0.30151555,0
0.0,0.2848173,0
0.0,0.49475485,0
0.0,0.49335697,0
0.0,0.4882089,0
1.0,0.48357415,0
1.0,0.4907835,0
1.0,0.9963611,1
0.0,0.25780427,0
0.0,0.48012602,0
0.0,0.48618698,0
1.0,0.49506038,0
0.0,0.49368566,0
1.0,0.49335697,0
1.0,0.4956823,0
0.0,0.49217436,0
1.0,0.49087843,0
0.0,0.26079485,0
0.0,0.48472336,0
1.0,0.48338237,0
0.0,0.4949238,0
0.0,0.4941043,0
0.0,0.38909963,0
1.0,0.4925439,0
0.0,0.49505126,0
1.0,0.49335697,0
0.0,0.49422795,0
1.0,0.49356994,0
0.0,0.49264458,0
1.0,0.49573806,0
1.0,0.49364755,0
0.0,0.49567643,0
0.0,0.22338873,0
1.0,0.39269307,0
1.0,0.99996126,1
0.0,0.48458734,0
1.0,0.49512255,0
0.0,0.4847391,0
1.0,0.4922431,0
0.0,0.4906576,0
0.0,0.49505723,0
0.0,0.49611154,0
0.0,0.4883835,0
1.0,0.4847967,0
0.0,0.48396143,0
1.0,0.4956906,0
0.0,0.4900332,0
0.0,0.394952,0
1.0,0.4941208,0
1.0,0.49436036,0
1.0,0.4911821,0
0.0,0.4890419,0
1.0,0.38618004,0
1.0,0.38371772,0
1.0,0.38747188,0
0.0,0.3166238,0
0.0,0.49454647,0
1.0,0.49507418,0
1.0,0.49566695,0
1.0,0.99785304,1
0.0,0.48254207,0
0.0,0.49567643,0
0.0,0.13859113,0
0.0,0.4890419,0
1.0,0.40710443,0
1.0,0.39745238,0
0.0,0.48146626,0
1.0,0.49608448,0
1.0,0.47273475,0
0.0,0.48596966,0
0.0,0.4881033,0
0.0,0.49495617,0
1.0,0.39711314,0
1.0,0.4908674,0
1.0,0.48368797,0
0.0,0.48244885,0
1.0,0.3988677,0
1.0,0.48380435,0
0.0,0.4896773,0
1.0,0.48989362,0
0.0,0.49030486,0
0.0,0.48751545,0
0.0,0.4934747,0
1.0,0.49394083,0
0.0,0.29310971,0
0.0,0.48304847,0
1.0,0.25587565,0
0.0,0.37688506,0
0.0,0.48809752,0
1.0,0.999451,1
0.0,0.487877,0
0.0,0.49436036,0
1.0,0.4897349,0
1.0,0.48896927,0
1.0,0.31373137,0
1.0,0.38948298,0
0.0,0.48630977,0
1.0,0.49429587,0
0.0,0.48686448,0
0.0,0.49572107,0
1.0,0.4947028,0
1.0,0.99911684,1
0.0,0.31778884,0
0.0,0.50516397,1
1.0,0.49412793,0
1.0,0.99869764,1
0.0,0.5055606,1
0.0,0.49244747,0
1.0,0.4893315,0
0.0,0.48715279,0
0.0,0.32239905,0
1.0,0.49486646,0
1.0,0.4949405,0
0.0,0.4879961,0
0.0,0.14777929,0
0.0,0.3989091,0
0.0,0.49482167,0
0.0,0.49504033,0
0.0,0.49514928,0
1.0,0.5010079,1
0.0,0.39545768,0
0.0,0.39263773,0
1.0,0.49449387,0
0.0,0.49476898,0
1.0,0.48499426,0
0.0,0.49368566,0
1.0,0.48390993,0
0.0,0.48187384,0
0.0,0.21205682,0
0.0,0.4956823,0
1.0,0.48997924,0
0.0,0.49133146,0
0.0,0.4919289,0
1.0,0.99933165,1
0.0,0.49573806,0
0.0,0.48193556,0
0.0,0.49461448,0
0.0,0.49363267,0
1.0,0.4949238,0
0.0,0.49301577,0
1.0,0.48390993,0
0.0,0.49066666,0
0.0,0.29288557,0
0.0,0.29976928,0
0.0,0.31214923,0
0.0,0.487241,0
1.0,0.49436036,0
0.0,0.487241,0
1.0,0.48549107,0
1.0,0.49505723,0
1.0,0.50818294,1
0.0,0.4943159,0
1.0,0.4903629,0
1.0,0.49436036,0
0.0,0.49412793,0
1.0,0.38985685,0
1.0,0.49485284,0
1.0,0.48176417,0
0.0,0.3734796,0
1.0,0.49273804,0
1.0,0.48562637,0
1.0,0.4951029,0
0.0,0.4950824,0
0.0,0.4847967,0
1.0,0.49171,0
1.0,0.50765514,1
0.0,0.4840116,0
1.0,0.5084386,1
0.0,0.48596966,0
0.0,0.48809752,0
0.0,0.49135044,0
1.0,0.5082872,1
1.0,0.99850583,1
1.0,0.3188189,0
0.0,0.48174453,0
0.0,0.4884521,0
0.0,0.39544305,0
0.0,0.02674274,0
0.0,0.5082573,1
1.0,0.39460367,0
1.0,0.39745238,0
0.0,0.48011926,0
0.0,0.49607575,0
0.0,0.49112642,0
1.0,0.4951029,0
1.0,0.49043378,0
0.0,0.5046675,1
0.0,0.3777387,0
1.0,0.9976457,1
0.0,0.48380435,0
1.0,0.39337417,0
0.0,0.4833107,0
1.0,0.99811906,1
0.0,0.4913911,0
0.0,0.4922431,0
1.0,0.49475485,0
0.0,0.4885156,0
0.0,0.40485653,0
0.0,0.37931585,0
1.0,0.37534866,0
0.0,0.4955675,0
0.0,0.49475485,0
0.0,0.49444363,0
1.0,0.49363267,0
0.0,0.49097422,0
0.0,0.07915637,0
1.0,0.48418003,0
0.0,0.48512957,0
0.0,0.36873478,0
1.0,0.49098733,0
1.0,0.49585986,0
1.0,0.4956906,0
1.0,0.49285102,0
0.0,0.40029785,0
1.0,0.4873898,0
0.0,0.491273,0
0.0,0.49481478,0
0.0,0.4915588,0
0.0,0.50480235,1
1.0,0.99999964,1
1.0,0.3770218,0
1.0,0.48322132,0
1.0,0.4956906,0
0.0,0.39331496,0
1.0,0.49311784,0
0.0,0.49295527,0
1.0,0.39679876,0
1.0,0.49567643,0
0.0,0.49573806,0
0.0,0.4949238,0
1.0,0.4884686,0
0.0,0.39558032,0
1.0,0.49171,0
1.0,0.4891092,0
1.0,0.9991737,1
0.0,0.4954927,0
1.0,0.37726438,0
0.0,0.5050495,1
1.0,0.49010605,0
0.0,0.5020918,1
1.0,0.4958071,0
0.0,0.49202678,0
1.0,0.998941,1
0.0,0.40307724,0
1.0,0.48307273,0
0.0,0.49567327,0
0.0,0.48426327,0
1.0,0.32696837,0
0.0,0.4956906,0
1.0,0.49595192,0
0.0,0.37591514,0
1.0,0.9832287,1
0.0,0.4946622,0
0.0,0.48809752,0
0.0,0.40756655,0
1.0,0.4918458,0
0.0,0.3951766,0
0.0,0.38451046,0
0.0,0.49499542,0
0.0,0.3773295,0
0.0,0.49514928,0
0.0,0.39770004,0
0.0,0.5079522,1
0.0,0.49498934,0
0.0,0.49394083,0
1.0,0.49368566,0
0.0,0.3749988,0
0.0,0.4844182,0
0.0,0.38840047,0
1.0,0.49412793,0
0.0,0.49429587,0
1.0,0.48598924,0
1.0,0.48577097,0
0.0,0.38316065,0
0.0,0.32800767,0
1.0,0.48715279,0
0.0,0.49311784,0
0.0,0.07869184,0
0.0,0.4960588,0
1.0,0.99955314,1
0.0,0.4878777,0
1.0,0.48305014,0
1.0,0.38623866,0
0.0,0.49600998,0
0.0,0.49585035,0
1.0,0.9991391,1
1.0,0.49368566,0
0.0,0.50827205,1
1.0,0.49562362,0
1.0,0.49335697,0
1.0,0.9927677,1
0.0,0.33915627,0
1.0,0.5081914,1
0.0,0.49498934,0
0.0,0.507684,1
1.0,0.96614635,1
1.0,0.47901165,0
0.0,0.3097624,0
0.0,0.3116128,0
1.0,0.49514928,0
1.0,0.49495617,0
1.0,0.49074745,0
0.0,0.487765,0
0.0,0.487241,0
0.0,0.502234,1
1.0,0.50763535,1
1.0,0.9991647,1
1.0,0.49502778,0
1.0,0.49429587,0
0.0,0.485054,0
0.0,0.49264458,0
0.0,0.4937883,0
0.0,0.49572107,0
0.0,0.48380435,0
1.0,0.49185762,0
0.0,0.4947974,0
0.0,0.4951412,0
0.0,0.48991004,0
1.0,0.4918458,0
1.0,0.4914703,0
1.0,0.38861638,0
0.0,0.50548726,1
1.0,0.4947028,0
0.0,0.39899322,0
1.0,0.48731142,0
0.0,0.4946622,0
1.0,0.49549925,0
1.0,0.4158215,0
1.0,0.49585035,0
1.0,0.49458238,0
0.0,0.48380512,0
1.0,0.4033073,0
0.0,0.49066827,0
0.0,0.31859922,0
0.0,0.49551645,0
0.0,0.50786424,1
0.0,0.48396143,0
0.0,0.3862371,0
1.0,0.49175394,0
1.0,0.4930392,0
0.0,0.49007323,0
0.0,0.48914146,0
0.0,0.39285758,0
1.0,0.9992379,1
0.0,0.48390993,0
0.0,0.487241,0
1.0,0.4952197,0
0.0,0.4841706,0
0.0,0.08486722,0
1.0,0.49368635,0
0.0,0.3157606,0
1.0,0.50806826,1
0.0,0.24322172,0
0.0,0.491916,0
0.0,0.49573052,0
0.0,0.26489863,0
0.0,0.031223588,0
1.0,0.49173468,0
0.0,0.37486058,0
0.0,0.48369622,0
0.0,0.5077834,1
0.0,0.49368635,0
1.0,0.49120888,0
1.0,0.503233,1
1.0,0.49175394,0
0.0,0.48762006,0
1.0,0.49566695,0
0.0,0.4954927,0
1.0,0.48731142,0
0.0,0.49394083,0
1.0,0.48811775,0
0.0,0.49463332,0
1.0,0.4947619,0
1.0,0.3869922,0
1.0,0.49097648,0
1.0,0.48409465,0
1.0,0.99762934,1
1.0,0.39378706,0
0.0,0.3072156,0
0.0,0.35705048,0
0.0,0.48513922,0
0.0,0.3980528,0
0.0,0.48677668,0
0.0,0.49412793,0
0.0,0.30659246,0
1.0,0.49611154,0
1.0,1.0,1
1.0,0.48338237,0
1.0,0.49436036,0
1.0,0.5024015,1
0.0,0.032320246,0
0.0,0.15311891,0
1.0,0.21953185,0
1.0,0.4954927,0
0.0,0.25914752,0
1.0,0.99999964,1
0.0,0.27944723,0
1.0,0.49573806,0
1.0,0.99730897,1
0.0,0.49410683,0
1.0,0.4954927,0
0.0,0.49035913,0
0.0,0.38409507,0
0.0,0.40556288,0
0.0,0.48871443,0
0.0,0.4956906,0
0.0,0.49607575,0
0.0,0.24908498,0
0.0,0.49608424,0
1.0,0.4949134,0
0.0,0.29994366,0
0.0,0.4847967,0
0.0,0.39918596,0
1.0,0.49616212,0
1.0,0.4915588,0
0.0,0.48515615,0
0.0,0.49634373,0
1.0,0.49185762,0
1.0,0.49538043,0
0.0,0.3188815,0
1.0,0.3954337,0
0.0,0.48099807,0
0.0,0.49608448,0
0.0,0.49311784,0
0.0,0.49573052,0
0.0,0.48591515,0
0.0,0.48526195,0
0.0,0.489609,0
1.0,0.48187384,0
1.0,0.4955653,0
1.0,0.48867878,0
0.0,0.49607575,0
0.0,0.49227268,0
1.0,0.5084041,1
0.0,0.50826675,1
0.0,0.4931797,0
0.0,0.49562407,0
1.0,0.49499542,0
0.0,0.035334982,0
0.0,0.487241,0
0.0,0.49372017,0
0.0,0.4954364,0
0.0,0.3926698,0
1.0,0.49505022,0
0.0,0.49591604,0
1.0,0.4954927,0
0.0,0.4947028,0
0.0,0.49562454,0
0.0,0.07763155,0
0.0,0.00869287,0
1.0,0.49342042,0
1.0,0.50825363,1
1.0,0.48700362,0
0.0,0.49573806,0
1.0,0.49311784,0
0.0,0.48587373,0
0.0,0.49514928,0
1.0,0.50868267,1
0.0,0.49573806,0
0.0,0.4915588,0
0.0,0.49039277,0
0.0,0.4934012,0
0.0,0.48596966,0
1.0,0.99995387,1
1.0,0.24062476,0
0.0,0.37531996,0
0.0,0.4817685,0
0.0,0.49035913,0
1.0,0.4822474,0
0.0,0.48380435,0
0.0,0.49616212,0
1.0,0.49590853,0
1.0,0.496171,0
1.0,0.4881737,0
0.0,0.48989362,0
0.0,0.496171,0
1.0,0.38099638,0
0.0,0.39337954,0
0.0,0.48978314,0
1.0,0.50892955,1
1.0,0.4958071,0
1.0,1.0,1
1.0,0.99644727,1
0.0,0.23482777,0
1.0,0.49055567,0
1.0,0.487241,0
0.0,0.49459407,0
0.0,0.49607575,0
0.0,0.48496202,0
0.0,0.49552348,0
0.0,0.48809752,0
0.0,0.50824535,1
1.0,0.4947028,0
0.0,0.2800219,0
0.0,0.3723643,0
1.0,0.50718784,1
1.0,0.48715279,0
0.0,0.49112642,0
0.0,0.3135587,0
0.0,0.49805993,0
0.0,0.32045704,0
1.0,0.496171,0
0.0,0.50212425,1
0.0,0.4954927,0
0.0,0.39965498,0
1.0,0.49572107,0
0.0,0.49382433,0
0.0,0.39325932,0
1.0,0.48435745,0
0.0,0.4954927,0
0.0,0.49562332,0
1.0,0.99990356,1
0.0,0.38603717,0
0.0,0.487241,0
1.0,0.48625806,0
1.0,0.4889611,0
0.0,0.48011926,0
0.0,0.49068135,0
0.0,0.48902616,0
0.0,0.48863316,0
0.0,0.4956906,0
0.0,0.3022441,0
0.0,0.38528895,0
0.0,0.49143627,0
0.0,0.14200597,0
0.0,0.49072552,0
0.0,0.3086451,0
0.0,0.4958071,0
1.0,0.4851986,0
1.0,0.38882765,0
0.0,0.50778174,1
0.0,0.48825046,0
1.0,0.49032605,0
0.0,0.49451533,0
1.0,0.3834181,0
1.0,0.48492247,0
1.0,0.49573052,0
1.0,0.99775,1
1.0,0.4956906,0
0.0,0.49202678,0
0.0,0.3947049,0
0.0,0.4954927,0
1.0,0.4936702,0
1.0,0.49434882,0
0.0,0.31153214,0
0.0,0.49313644,0
0.0,0.4956675,0
0.0,0.49514928,0
1.0,0.49007323,0
1.0,0.48989362,0
0.0,0.48380435,0
0.0,0.49499542,0
0.0,0.4870631,0
0.0,0.49055567,0
0.0,0.0010119644,0
1.0,0.49505126,0
0.0,0.2031848,0
1.0,0.49566695,0
1.0,0.49067596,0
0.0,0.4954927,0
0.0,0.4956906,0
0.0,0.3851279,0
1.0,0.99108523,1
0.0,0.4899833,0
1.0,0.37494108,0
0.0,0.48328796,0
1.0,0.99983406,1
1.0,0.38900048,0
0.0,0.39556307,0
0.0,0.49567643,0
1.0,0.5028942,1
0.0,0.16463162,0
0.0,0.4957956,0
1.0,0.4951412,0
1.0,0.49556926,0
0.0,0.49624425,0
1.0,0.48513922,0
1.0,0.488471,0
1.0,0.48220125,0
0.0,0.5017679,1
1.0,0.4957956,0
1.0,0.49249706,0
0.0,0.23066269,0
1.0,0.5059062,1
0.0,0.49506038,0
1.0,0.4923277,0
1.0,0.99605966,1
1.0,0.9999989,1
1.0,0.49166632,0
0.0,0.30924156,0
1.0,0.9990459,1
1.0,0.49420896,0
0.0,0.49789542,0
0.0,0.4947974,0
0.0,0.49202678,0
0.0,0.5015782,1
0.0,0.48231867,0
0.0,0.48344505,0
1.0,0.5050717,1
0.0,0.48368797,0
1.0,0.4951029,0
0.0,0.4911821,0
1.0,0.49573052,0
0.0,0.49562442,0
0.0,0.40185922,0
0.0,0.48432413,0
0.0,0.48299974,0
1.0,0.99895954,1
1.0,0.49248794,0
0.0,0.48938295,0
1.0,0.48844102,0
0.0,0.40045264,0
0.0,0.16668214,0
0.0,0.48188645,0
0.0,0.4949238,0
1.0,0.3864868,0
1.0,0.4851986,0
1.0,0.99721485,1
1.0,0.4946189,0
1.0,0.4934747,0
1.0,0.49202678,0
1.0,0.48809752,0
0.0,0.49171,0
1.0,1.0,1
1.0,0.49608448,0
1.0,0.50709546,1
1.0,0.49311784,0
1.0,0.4949238,0
0.0,0.32771417,0
1.0,0.9986681,1
0.0,0.39886647,0
1.0,0.49506038,0
1.0,0.49573052,0
1.0,0.48596966,0
0.0,0.49202678,0
1.0,0.4954927,0
1.0,0.49112642,0
1.0,0.48973727,0
0.0,0.4947028,0
0.0,0.30256823,0
1.0,0.48746535,0
1.0,0.9991253,1
0.0,0.49112642,0
0.0,0.38967156,0
1.0,0.49273804,0
1.0,0.48715279,0
0.0,0.48917192,0
0.0,0.4881737,0
1.0,1.0,1
0.0,0.49562332,0
0.0,0.483902,0
0.0,0.49475485,0
1.0,0.4918458,0
0.0,0.27887794,0
1.0,0.99917763,1
1.0,0.99875236,1
1.0,0.49562454,0
0.0,0.28242427,0
0.0,0.49534693,0
1.0,0.4927675,0
1.0,0.4934747,0
0.0,0.4915588,0
0.0,0.26561514,0
1.0,0.48759574,0
0.0,0.4895451,0
1.0,0.49301577,0
0.0,0.49573806,0
0.0,0.4841364,0
1.0,0.4847967,0
1.0,0.4922431,0
0.0,0.49112642,0
1.0,0.4946622,0
1.0,0.49171,0
0.0,0.4927249,0
0.0,0.40095842,0
0.0,0.3072156,0
0.0,0.48916474,0
0.0,0.48746535,0
1.0,0.48596966,0
1.0,0.99922407,1
0.0,0.250545,0
1.0,0.496171,0
0.0,0.42079762,0
0.0,0.49562362,0
0.0,0.5075963,1
0.0,0.40174648,0
0.0,0.32244965,0
0.0,0.49551645,0
0.0,0.49095842,0
1.0,0.48472768,0
0.0,0.49572107,0
1.0,0.49591604,0
0.0,0.49412793,0
0.0,0.48176047,0
1.0,0.4954927,0
0.0,0.5065321,1
0.0,0.49133912,0
1.0,0.3855134,0
0.0,0.39331496,0
1.0,0.49506038,0
0.0,0.3876984,0
1.0,0.48923784,0
0.0,0.48991004,0
1.0,0.4957956,0
0.0,0.49003538,0
1.0,0.49475485,0
0.0,0.37993035,0
0.0,0.3775391,0
0.0,0.487241,0
1.0,0.48715279,0
0.0,0.20252746,0
0.0,0.38968092,0
0.0,0.40257698,0
1.0,0.49531645,0
0.0,0.50137633,1
0.0,0.49152917,0
1.0,0.49485284,0
0.0,0.19418524,0
0.0,0.49567327,0
1.0,0.49549925,0
1.0,0.48962626,0
0.0,0.48451635,0
1.0,0.9946489,1
0.0,0.49394083,0
1.0,0.49616212,0
1.0,0.49007323,0
1.0,0.48169562,0
0.0,0.23964058,0
0.0,0.48915094,0
0.0,0.49089718,0
0.0,0.49068135,0
0.0,0.4013762,0
0.0,0.4922431,0
1.0,0.4941986,0
0.0,0.39217186,0
1.0,0.48596966,0
1.0,0.4954927,0
1.0,0.9998598,1
1.0,0.28319934,0
1.0,0.48484647,0
0.0,0.4959691,0
1.0,0.4914011,0
0.0,0.49609974,0
1.0,0.99572444,1
0.0,0.49562362,0
1.0,0.49394083,0
0.0,0.39197478,0
1.0,0.99554944,1
0.0,0.48817053,0
1.0,0.4868762,0
0.0,0.49498934,0
0.0,0.48731917,0
0.0,0.48390728,0
1.0,0.9992712,1
0.0,0.49616212,0
0.0,0.488471,0
1.0,0.48512957,0
0.0,0.4957481,0
1.0,0.49394083,0
1.0,0.3149291,0
0.0,0.28718314,0
1.0,0.05526392,0
1.0,0.9991843,1
0.0,0.49007323,0
1.0,1.0,1
1.0,0.49476898,0
0.0,0.39996842,0
1.0,0.49485502,0
1.0,0.5087707,1
1.0,0.38714176,0
1.0,0.9939505,1
1.0,0.87136996,1
1.0,0.38107428,0
1.0,0.49783823,0
0.0,0.49456045,0
0.0,0.50798064,1
0.0,0.40004003,0
0.0,0.48907772,0
1.0,0.38966507,0
1.0,0.48435745,0
1.0,0.49458238,0
0.0,0.4915588,0
1.0,0.31063116,0
1.0,0.49029544,0
0.0,0.49549925,0
0.0,0.48989362,0
1.0,0.48840323,0
0.0,0.4922431,0
1.0,0.48484647,0
1.0,0.9990283,1
0.0,0.49506038,0
0.0,0.48335373,0
1.0,0.4896864,0
0.0,0.38699296,0
0.0,0.4915588,0
1.0,0.99925214,1
1.0,0.99909115,1
0.0,0.50770557,1
0.0,0.49112377,0
0.0,0.48797157,0
0.0,0.48741642,0
1.0,0.9990183,1
1.0,0.49097422,0
0.0,0.487241,0
1.0,0.49499542,0
1.0,0.49567643,0
0.0,0.05500884,0
0.0,0.37040037,0
0.0,0.4955675,0
0.0,0.3824528,0
0.0,0.49499542,0
1.0,0.50770056,1
0.0,0.48961455,0
0.0,0.4846878,0
1.0,0.49562332,0
0.0,0.4895451,0
1.0,0.49458238,0
1.0,0.22334713,0
0.0,0.488804,0
0.0,0.4954927,0
1.0,0.49864435,0
1.0,0.24388477,0
0.0,0.49097422,0
0.0,0.49562332,0
1.0,0.49301577,0
0.0,0.29862863,0
0.0,0.48771057,0
1.0,1.0,1
0.0,0.48267135,0
1.0,0.49458238,0
0.0,0.49562332,0
0.0,0.4946622,0
0.0,0.22752534,0
1.0,0.49562362,0
0.0,0.48435745,0
1.0,1.0,1
1.0,0.48678407,0
0.0,0.49514928,0
0.0,0.40015966,0
1.0,0.4847967,0
0.0,0.037562117,0
0.0,0.4884521,0
0.0,0.49476898,0
1.0,0.5057015,1
1.0,0.9778547,1
0.0,0.49572107,0
0.0,0.49556926,0
0.0,0.5038824,1
0.0,0.40047023,0
0.0,0.48961455,0
0.0,0.49368566,0
1.0,0.4847391,0
0.0,0.49369967,0
0.0,0.49217436,0
0.0,0.00781007,0
0.0,0.48829833,0
0.0,0.48206002,0
1.0,0.4844182,0
0.0,0.49202678,0
1.0,0.48562637,0
0.0,0.36981076,0
1.0,0.4870631,0
0.0,0.49439514,0
1.0,0.49394083,0
1.0,0.4903629,0
0.0,0.4847967,0
1.0,0.4899257,0
1.0,0.49264273,0
0.0,0.4884521,0
1.0,0.99904376,1
1.0,0.49098733,0
0.0,0.21333207,0
1.0,0.48596966,0
1.0,0.5085685,1
0.0,0.49043378,0
1.0,0.99999726,1
0.0,0.49608448,0
0.0,0.48989195,0
0.0,0.49566695,0
1.0,0.38953817,0
0.0,0.48508424,0
0.0,0.24181995,0
0.0,0.4951318,0
0.0,0.26756886,0
0.0,0.22454487,0
0.0,0.5079203,1
0.0,0.4885227,0
0.0,0.485054,0
0.0,0.39544526,0
1.0,0.49066666,0
1.0,0.49182567,0
1.0,0.50667816,1
0.0,0.37847823,0
0.0,0.31114444,0
0.0,0.26041296,0
1.0,0.9967457,1
1.0,0.48941377,0
1.0,0.4903629,0
0.0,0.015991632,0
0.0,0.3169752,0
0.0,0.0023937912,0
0.0,0.48267135,0
0.0,0.31056792,0
1.0,0.49485284,0
1.0,0.99902594,1
0.0,0.39242086,0
1.0,0.99999976,1
1.0,0.49185762,0
0.0,0.39737174,0
0.0,0.37324798,0
1.0,0.3135587,0
1.0,0.49907807,0
0.0,0.36951447,0
0.0,0.49506605,0
0.0,0.49429587,0
0.0,0.31887987,0
1.0,0.49567643,0
0.0,0.5088105,1
0.0,0.49202678,0
0.0,0.49482167,0
0.0,0.487241,0
0.0,0.29953378,0
0.0,0.48817706,0
0.0,0.4922914,0
0.0,0.49608448,0
0.0,0.50825363,1
0.0,0.49506938,0
0.0,0.37267268,0
0.0,0.5083989,1
0.0,0.18162027,0
0.0,0.4883845,0
0.0,0.49005714,0
0.0,0.39520162,0
1.0,0.4936702,0
0.0,0.4906759,0
1.0,0.4949238,0
1.0,0.9938065,1
0.0,0.4917941,0
0.0,0.49488795,0
0.0,0.49507418,0
0.0,0.4904726,0
0.0,0.4922431,0
0.0,0.49177098,0
0.0,0.4915588,0
1.0,0.4927153,0
0.0,0.49481478,0
0.0,0.4884521,0
1.0,0.49549925,0
1.0,0.4876898,0
0.0,0.37687877,0
1.0,0.5027046,1
1.0,0.4892411,0
1.0,0.49616212,0
0.0,0.2941733,0
0.0,0.49382213,0
1.0,0.49861553,0
1.0,0.49154404,0
0.0,0.49573806,0
0.0,0.40029785,0
1.0,0.49385923,0
0.0,0.49459195,0
0.0,0.5088096,1
0.0,0.49335697,0
1.0,0.20241193,0
0.0,0.32115796,0
0.0,0.487241,0
0.0,0.49073526,0
0.0,0.38801202,0
0.0,0.48537517,0
0.0,0.49562407,0
1.0,0.99775296,1
0.0,0.4884521,0
0.0,0.5069453,1
1.0,0.4884521,0
1.0,1.0,1
0.0,0.49335697,0
1.0,0.49562332,0
0.0,0.49454308,0
1.0,0.9999933,1
0.0,0.38579664,0
0.0,0.48499426,0
0.0,0.48916474,0
0.0,0.4922431,0
1.0,0.9989575,1
0.0,0.4949238,0
0.0,0.48499426,0
1.0,0.9999981,1
0.0,0.4022129,0
1.0,0.48728752,0
0.0,0.2973453,0
1.0,0.48791242,0
1.0,0.9999999,1
0.0,0.23715208,0
1.0,0.99993205,1
0.0,0.49185762,0
1.0,0.4966611,0
0.0,0.4951029,0
0.0,0.48458734,0
0.0,0.4947028,0
1.0,0.49368566,0
0.0,0.39558032,0
1.0,0.48554245,0
0.0,0.4954688,0
1.0,0.49624425,0
0.0,0.5050969,1
0.0,0.30191362,0
1.0,0.50249195,1
0.0,0.49886805,0
1.0,0.267526,0
0.0,0.48591194,0
1.0,0.49097422,0
0.0,0.50786275,1
1.0,1.0,1
1.0,0.49590853,0
1.0,0.49422282,0
0.0,0.4957956,0
1.0,0.4918458,0
1.0,0.49227205,0
1.0,0.99905187,1
0.0,0.22567905,0
0.0,0.48630977,0
1.0,0.38321826,0
0.0,0.48458734,0
1.0,0.9977719,1
1.0,0.49606618,0
0.0,0.49439514,0
0.0,0.49583924,0
0.0,0.49556926,0
1.0,0.9994917,1
1.0,0.4948319,0
1.0,0.9990546,1
1.0,0.4906759,0
0.0,0.4922914,0
0.0,0.3918243,0
1.0,0.49301577,0
1.0,0.48596966,0
0.0,0.48435745,0
0.0,0.4947974,0
1.0,0.40207633,0
0.0,0.4886778,0
0.0,0.48882052,0
1.0,0.9997062,1
0.0,0.020337954,0
1.0,0.48825046,0
0.0,0.4821408,0
0.0,0.49394083,0
0.0,0.49458238,0
1.0,0.99998176,1
0.0,0.49505126,0
1.0,0.49549925,0
1.0,0.99994266,1
1.0,0.4937204,0
1.0,1.0,1
1.0,0.39623606,0
1.0,0.49171,0
1.0,0.49567327,0
0.0,0.49335697,0
1.0,0.49498934,0
1.0,0.9963697,1
0.0,0.38810468,0
0.0,0.49562442,0
0.0,0.49215266,0
1.0,0.49225247,0
0.0,0.5090579,1
1.0,0.49295527,0
1.0,0.99999976,1
0.0,0.1815435,0
0.0,0.49225247,0
1.0,0.507684,1
0.0,0.49567327,0
0.0,0.3918493,0
0.0,0.48759156,0
1.0,0.49412793,0
0.0,0.48282892,0
0.0,0.49485284,0
0.0,0.32244965,0
1.0,0.49458238,0
1.0,0.99890375,1
1.0,0.487241,0
0.0,0.2555938,0
1.0,0.9999833,1
0.0,0.4840519,0
0.0,0.4951412,0
1.0,0.9963063,1
0.0,0.48390993,0
0.0,0.22149622,0
1.0,0.47899735,0
0.0,0.5051961,1
0.0,0.26486537,0
1.0,0.4883379,0
0.0,0.4937083,0
1.0,0.4947974,0
1.0,0.49573052,0
0.0,0.49072552,0
1.0,0.49295527,0
0.0,0.49072552,0
0.0,0.23316295,0
0.0,0.4847513,0
0.0,0.49021736,0
0.0,0.49551645,0
1.0,0.49295527,0
1.0,0.48596966,0
0.0,0.48390993,0
1.0,0.49534294,0
1.0,0.3204182,0
0.0,0.48630977,0
0.0,0.49368566,0
0.0,0.036836125,0
0.0,0.3816326,0
0.0,0.39555514,0
0.0,0.38415885,0
1.0,0.99959534,1
0.0,0.5072791,1
0.0,0.39275348,0
0.0,0.50617915,1
1.0,0.49608424,0
1.0,0.49032605,0
1.0,0.4947028,0
0.0,0.48380512,0
0.0,0.4884521,0
1.0,0.487241,0
0.0,0.50827205,1
0.0,0.48380435,0
0.0,0.31161052,0
0.0,0.4934747,0
1.0,0.29809943,0
1.0,0.9992723,1
0.0,0.4927675,0
0.0,0.49514928,0
1.0,0.23524271,0
1.0,0.49109295,0
1.0,0.49475485,0
0.0,0.48948318,0
1.0,0.49410683,0
0.0,0.49482167,0
1.0,0.49273804,0
1.0,0.9985732,1
1.0,0.48973727,0
0.0,0.49499542,0
0.0,0.487241,0
1.0,0.4900173,0
0.0,0.37051746,0
0.0,0.49573806,0
0.0,0.3313063,0
0.0,0.4919011,0
0.0,0.48835555,0
0.0,0.40012512,0
0.0,0.48596966,0
1.0,0.49112642,0
0.0,0.49569038,0
1.0,0.49089718,0
0.0,0.39541525,0
1.0,0.4934747,0
1.0,0.49394083,0
1.0,0.49501234,0
0.0,0.4851916,0
1.0,0.40004346,0
1.0,0.49591604,0
1.0,0.4946622,0
0.0,0.2894981,0
0.0,0.4215931,0
1.0,0.49364161,0
0.0,0.4954824,0
1.0,0.49499542,0
1.0,0.4896864,0
0.0,0.4946899,0
1.0,0.4952445,0
0.0,0.39344445,0
0.0,0.25036258,0
1.0,0.48646384,0
0.0,0.4955675,0
1.0,0.21954235,0
0.0,0.48009127,0
0.0,0.48513922,0
0.0,0.4864479,0
0.0,0.48728752,0
0.0,0.4948319,0
1.0,0.49505723,0
0.0,0.5015429,1
1.0,0.9993451,1
1.0,0.4954927,0
0.0,0.50896347,1
1.0,0.36517188,0
1.0,0.49394786,0
0.0,0.049728937,0
1.0,0.49566695,0
1.0,0.38649863,0
1.0,0.50689614,1
1.0,0.99837554,1
0.0,0.039815772,0
0.0,0.4919531,0
1.0,0.49394083,0
0.0,0.3201672,0
0.0,0.49295527,0
1.0,0.5002258,1
1.0,0.1186402,0
1.0,0.48496202,0
0.0,0.10525105,0
0.0,0.48825046,0
0.0,0.39037335,0
0.0,0.49506027,0
1.0,0.3015306,0
1.0,0.49112642,0
0.0,0.49154404,0
1.0,0.9982278,1
0.0,0.3902528,0
0.0,0.4895451,0
0.0,0.48851314,0
0.0,0.4946189,0
0.0,0.4941043,0
0.0,0.48938295,0
0.0,0.48021188,0
1.0,0.49506038,0
0.0,0.3951766,0
1.0,0.48961455,0
1.0,1.0,1
1.0,0.33416167,0
0.0,0.39566538,0
1.0,0.48973018,0
0.0,0.38508728,0
1.0,0.4947028,0
0.0,0.48978588,0
0.0,0.49368566,0
1.0,0.9963727,1
1.0,0.49673226,0
0.0,0.4956906,0
1.0,0.50803024,1
0.0,0.49458238,0
1.0,0.4947974,0
1.0,0.5019287,1
1.0,0.49429587,0
0.0,0.4951412,0
1.0,0.9948991,1
0.0,0.22955984,0
0.0,0.49301577,0
1.0,0.4941986,0
0.0,0.3305249,0
1.0,0.50675786,1
0.0,0.24269266,0
0.0,0.49566695,0
0.0,0.48413283,0
0.0,0.40268514,0
0.0,0.30783647,0
0.0,0.33097988,0
0.0,0.5088108,1
0.0,0.4946622,0
0.0,0.49590853,0
0.0,0.33463737,0
1.0,0.49301577,0
1.0,0.49368566,0
0.0,0.030035518,0
0.0,0.4878777,0
1.0,0.49606618,0
0.0,0.38322338,0
0.0,0.3068438,0
1.0,0.48282892,0
0.0,0.16165581,0
1.0,0.4893822,0
0.0,0.31989428,0
0.0,0.508214,1
0.0,0.39685646,0
0.0,0.4937883,0
0.0,0.48219064,0
0.0,0.4918458,0
1.0,0.3050967,0
1.0,0.4847967,0
0.0,0.3944787,0
0.0,0.49175394,0
1.0,0.4956823,0
1.0,0.30545396,0
1.0,0.4918327,0
1.0,0.98298967,1
1.0,0.48368797,0
0.0,0.48499426,0
1.0,0.49368566,0
1.0,0.507276,1
0.0,0.49482536,0
0.0,0.37621355,0
0.0,0.5081386,1
0.0,0.3166074,0
0.0,0.49035913,0
0.0,0.49385923,0
0.0,0.4918458,0
1.0,0.24695905,0
1.0,0.4925589,0
0.0,0.49202678,0
1.0,0.99871457,1
1.0,0.9963223,1
0.0,0.49506038,0
1.0,0.49485284,0
0.0,0.48368797,0
0.0,0.37946734,0
1.0,0.9991629,1
0.0,0.48961455,0
1.0,0.48380435,0
0.0,0.49097648,0
1.0,0.48390993,0
0.0,0.4918327,0
0.0,0.40364733,0
1.0,0.50127393,1
0.0,0.39219537,0
0.0,0.39234462,0
1.0,0.49550733,0
1.0,0.99673694,1
1.0,0.99936813,1
0.0,0.38359445,0
0.0,0.32321146,0
0.0,0.37993035,0
0.0,0.4831554,0
0.0,0.4949238,0
0.0,0.29693782,0
1.0,0.49397317,0
1.0,0.9987331,1
1.0,0.48596966,0
1.0,0.49546874,0
0.0,0.4881308,0
0.0,0.40900388,0
1.0,0.49152917,0
0.0,0.48499426,0
0.0,0.49364755,0
0.0,0.38984862,0
0.0,0.39398834,0
0.0,0.36708927,0
0.0,0.4816798,0
0.0,0.4915588,0
0.0,0.49277607,0
1.0,0.40126625,0
1.0,0.49295527,0
0.0,0.48961455,0
0.0,0.48577097,0
1.0,0.4869379,0
1.0,0.49410912,0
0.0,0.49097422,0
0.0,0.5062851,1
1.0,0.49171,0
0.0,0.3040338,0
0.0,0.4915588,0
0.0,0.30493423,0
0.0,0.24051723,0
1.0,0.49567643,0
1.0,0.43373647,0
0.0,0.2535916,0
0.0,0.49549925,0
1.0,0.38095245,0
0.0,0.4922914,0
1.0,0.49264273,0
1.0,0.4949655,0
1.0,0.38773528,0
0.0,0.4919467,0
0.0,0.48513922,0
1.0,0.49579063,0
1.0,0.4918327,0
0.0,0.39082235,0
1.0,0.49394786,0
0.0,0.5088356,1
0.0,0.49089718,0
1.0,0.9876639,1
0.0,0.494572,0
1.0,0.48418003,0
1.0,0.39543957,0
1.0,0.4936673,0
1.0,0.50846624,1
0.0,0.48310643,0
0.0,0.49412793,0
0.0,0.37886268,0
0.0,0.39772764,0
1.0,0.37494108,0
0.0,0.4948319,0
0.0,0.378135,0
0.0,0.47895765,0
1.0,0.48883957,0
1.0,0.9989875,1
0.0,0.49481124,0
1.0,0.4841706,0
1.0,0.50972164,1
0.0,0.37269247,0
0.0,0.4001289,0
0.0,0.48434594,0
0.0,0.4956906,0
1.0,0.49072552,0
0.0,0.48435745,0
0.0,0.5081326,1
1.0,0.49439514,0
1.0,0.47971547,0
1.0,0.32286054,0
0.0,0.25158107,0
1.0,0.49673226,0
1.0,0.48096484,0
1.0,0.49055567,0
1.0,0.5069426,1
1.0,0.9999919,1
1.0,0.4844182,0
1.0,0.39566538,0
0.0,0.020943057,0
0.0,0.49624425,0
0.0,0.3966069,0
1.0,0.49556926,0
1.0,0.49439514,0
0.0,0.484453,0
1.0,0.49562454,0
1.0,0.49642527,0
0.0,0.39058825,0
0.0,0.5008061,1
1.0,0.49454647,0
1.0,0.49468482,0
1.0,0.48418003,0
1.0,0.49389035,0
1.0,0.487241,0
1.0,0.4920413,0
1.0,0.32164732,0
0.0,0.2488017,0
0.0,0.34854233,0
1.0,0.49567643,0
1.0,0.49305853,0
0.0,0.49316317,0
1.0,0.49458238,0
1.0,0.27839166,0
1.0,0.24622528,0
0.0,0.4951029,0
0.0,0.26889658,0
1.0,0.49454647,0
1.0,0.49490768,0
0.0,0.37221965,0
1.0,0.9993112,1
0.0,0.49072552,0
0.0,0.4937204,0
1.0,0.5076614,1
0.0,0.32652843,0
1.0,0.31778884,0
1.0,0.48328796,0
0.0,0.4956906,0
1.0,0.4947974,0
0.0,0.495356,0
0.0,0.49438208,0
0.0,0.31620756,0
0.0,0.48591515,0
1.0,0.4864479,0
1.0,0.49311784,0
0.0,0.49372187,0
1.0,0.49372077,0
1.0,0.50915194,1
1.0,0.49007323,0
0.0,0.4949238,0
1.0,0.9987155,1
1.0,0.38977942,0
1.0,0.4844182,0
1.0,0.99894184,1
1.0,0.48396143,0
1.0,0.4943159,0
1.0,0.49368566,0
0.0,0.49490768,0
0.0,0.10409187,0
1.0,0.49007323,0
0.0,0.48369622,0
1.0,0.49066827,0
1.0,0.4913183,0
0.0,0.49567643,0
1.0,0.49083847,0
0.0,0.29450625,0
0.0,0.0541966,0
0.0,0.49551645,0
0.0,0.50511384,1
0.0,0.49549925,0
0.0,0.394952,0
0.0,0.48513922,0
1.0,0.40854576,0
1.0,0.5001311,1
1.0,0.49247387,0
0.0,0.488804,0
0.0,0.49553484,0
0.0,0.21113294,0
0.0,0.49508375,0
0.0,0.4849304,0
0.0,0.4882844,0
0.0,0.496171,0
1.0,0.96455514,1
0.0,0.39111865,0
0.0,0.48011926,0
0.0,0.27183145,0
0.0,0.4218282,0
1.0,0.4947028,0
0.0,0.48172358,0
0.0,0.49114963,0
1.0,0.34083557,0
0.0,0.26094568,0
0.0,0.4884521,0
0.0,0.504715,1
1.0,0.39170596,0
1.0,0.9985819,1
0.0,0.49368566,0
1.0,0.5068527,1
0.0,0.39998016,0
1.0,0.99892116,1
0.0,0.038329512,0
0.0,0.37729385,0
1.0,0.9998373,1
0.0,0.49214265,0
0.0,0.5070382,1
0.0,0.48809752,0
0.0,0.47922218,0
1.0,0.49264273,0
0.0,0.4932116,0
0.0,0.4847967,0
0.0,0.49394083,0
1.0,0.48307827,0
1.0,0.30407378,0
1.0,0.49498934,0
1.0,0.4941043,0
1.0,0.49203712,0
1.0,0.49394083,0
0.0,0.39200732,0
1.0,0.49368724,0
1.0,0.4958071,0
0.0,0.49551645,0
1.0,0.49339524,0
1.0,0.50820184,1
1.0,0.48596966,0
1.0,0.39275348,0
0.0,0.23695797,0
1.0,0.49551645,0
0.0,0.4933151,0
0.0,0.50837284,1
0.0,0.032496702,0
1.0,0.9999938,1
0.0,0.40220675,0
1.0,0.9969541,1
1.0,0.49590853,0
1.0,0.49505126,0
0.0,0.2549354,0
1.0,0.49551645,0
0.0,0.4918458,0
1.0,0.9988238,1
0.0,0.5059942,1
0.0,0.29833028,0
1.0,0.49562332,0
0.0,0.49562454,0
0.0,0.4954927,0
0.0,0.4893822,0
1.0,0.49549925,0
1.0,0.5081793,1
0.0,0.49007323,0
0.0,0.49567643,0
1.0,0.4956906,0
0.0,0.4951788,0
1.0,0.9963372,1
0.0,0.49070075,0
1.0,0.49572107,0
1.0,0.99521303,1
1.0,0.37747282,0
0.0,0.487241,0
0.0,0.49439514,0
1.0,0.4922431,0
0.0,0.19162911,0
0.0,0.4903629,0
1.0,0.50213474,1
1.0,0.49498934,0
0.0,0.49295864,0
0.0,0.49171,0
0.0,0.48499426,0
1.0,0.48011926,0
1.0,0.49422795,0
1.0,0.99998057,1
0.0,0.4903629,0
0.0,0.38439888,0
0.0,0.49420896,0
0.0,0.487241,0
0.0,0.49607575,0
1.0,0.4918458,0
1.0,0.49043378,0
0.0,0.21368504,0
0.0,0.49562362,0
0.0,0.4902017,0
0.0,0.49506038,0
0.0,0.008947116,0
0.0,0.14019045,0
1.0,1.0,1
1.0,0.49573806,0
1.0,0.38953143,0
1.0,0.4847391,0
0.0,0.3035757,0
1.0,0.9998734,1
0.0,0.3785533,0
0.0,0.49417508,0
0.0,0.49264273,0
1.0,0.39665428,0
0.0,0.39334178,0
0.0,0.3957473,0
1.0,0.48704726,0
1.0,0.50592566,1
0.0,0.4956906,0
1.0,0.5011646,1
0.0,0.5082983,1
1.0,0.48604912,0
1.0,0.99906415,1
1.0,0.49562362,0
0.0,0.48619455,0
0.0,0.4938091,0
1.0,0.48961455,0
0.0,0.4947974,0
0.0,0.49394083,0
0.0,0.39331496,0
0.0,0.49508375,0
1.0,0.9954592,1
0.0,0.5083989,1
0.0,0.49368635,0
1.0,0.4947028,0
1.0,0.96512735,1
0.0,0.2301167,0
0.0,0.49385923,0
0.0,0.4922914,0
0.0,0.49573052,0
1.0,0.48984697,0
1.0,0.4897349,0
1.0,0.99745065,1
1.0,0.37140402,0
1.0,0.48476723,0
0.0,0.48596966,0
1.0,0.505506,1
1.0,0.3937099,0
0.0,0.4847744,0
0.0,0.4910119,0
1.0,0.49422795,0
0.0,0.48917192,0
1.0,0.49072552,0
0.0,0.3943924,0
0.0,0.49499542,0
1.0,0.487241,0
0.0,0.3709616,0
1.0,0.4941043,0
1.0,0.4959691,0
0.0,0.3036564,0
0.0,0.011197343,0
1.0,0.50818044,1
1.0,0.49367484,0
0.0,0.49608448,0
0.0,0.4895451,0
0.0,0.4957956,0
1.0,0.9981464,1
0.0,0.3327224,0
0.0,0.49422795,0
0.0,0.49475485,0
0.0,0.50816923,1
1.0,0.49495617,0
0.0,0.3911344,0
0.0,0.49506038,0
0.0,0.49562332,0
0.0,0.019091692,0
0.0,0.37596262,0
1.0,0.39549944,0
0.0,0.50712466,1
1.0,0.48187384,0
1.0,0.29785082,0
0.0,0.4895451,0
0.0,0.49439514,0
1.0,0.49573052,0
0.0,0.5083989,1
0.0,0.49482167,0
0.0,0.49567327,0
0.0,0.49505126,0
1.0,0.48635533,0
0.0,0.3849774,0
1.0,0.39675102,0
0.0,0.3029269,0
1.0,0.49410683,0
1.0,0.49514928,0
1.0,0.48954555,0
0.0,0.48357415,0
0.0,0.4927675,0
0.0,0.4847391,0
0.0,0.49551645,0
1.0,0.9918989,1
1.0,0.48661906,0
1.0,0.49496526,0
0.0,0.4839925,0
1.0,0.487241,0
1.0,0.34136277,0
0.0,0.49265546,0
0.0,0.053959224,0
1.0,0.9999963,1
1.0,0.48418003,0
1.0,0.49567643,0
1.0,0.48454434,0
0.0,0.49368566,0
0.0,0.49422246,0
0.0,0.13576788,0
0.0,0.4906759,0
1.0,0.99916613,1
1.0,0.49549925,0
0.0,0.023520632,0
0.0,0.4956906,0
1.0,0.4854583,0
0.0,0.40320754,0
0.0,0.49465704,0
1.0,0.4922914,0
0.0,0.49459407,0
0.0,0.4951412,0
0.0,0.49608448,0
1.0,0.49562332,0
1.0,0.5087072,1
1.0,0.39544526,0
0.0,0.4949134,0
0.0,0.39770004,0
1.0,0.99870706,1
1.0,0.48232612,0
0.0,0.49566695,0
0.0,0.49439514,0
1.0,0.38832474,0
0.0,0.48307273,0
1.0,0.49167103,0
0.0,0.39545932,0
1.0,0.49421978,0
0.0,0.36599317,0
1.0,0.49569038,0
1.0,0.40287396,0
1.0,0.39334178,0
1.0,0.5060026,1
1.0,0.9982443,1
0.0,0.4864479,0
0.0,0.48554245,0
0.0,0.4946622,0
0.0,0.101784475,0
0.0,0.38047415,0
0.0,0.39736608,0
0.0,0.49202678,0
0.0,0.50825363,1
1.0,0.4960588,0
0.0,0.49573806,0
1.0,0.26311195,0
0.0,0.49502778,0
1.0,0.49566695,0
0.0,0.49562332,0
0.0,0.4951412,0
0.0,0.40268514,0
1.0,0.4863057,0
0.0,0.38992813,0
1.0,0.4819782,0
1.0,0.4922431,0
0.0,0.4841165,0
0.0,0.49112642,0
0.0,0.487241,0
0.0,0.4922431,0
1.0,0.507524,1
1.0,0.4903629,0
0.0,0.29556945,0
0.0,0.09509459,0
0.0,0.4905202,0
0.0,0.39503086,0
0.0,0.09716687,0
0.0,0.3998386,0
1.0,0.49499542,0
1.0,0.989144,1
1.0,0.48554245,0
0.0,0.49410683,0
0.0,0.31264156,0
0.0,0.31578666,0
0.0,0.022081995,0
0.0,0.4851235,0
1.0,0.9989617,1
0.0,0.5047521,1
1.0,0.4897349,0
0.0,0.38628682,0
0.0,0.4831471,0
0.0,0.48562637,0
1.0,0.4884521,0
0.0,0.4909936,0
1.0,0.3203142,0
1.0,0.40539506,0
0.0,0.4915588,0
0.0,0.49368566,0
0.0,0.26070347,0
1.0,0.9999987,1
1.0,0.49573806,0
0.0,0.49573052,0
1.0,0.99575543,1
1.0,0.49422795,0
0.0,0.4956906,0
1.0,1.0,1
0.0,0.48380435,0
0.0,0.48962626,0
0.0,0.48499426,0
1.0,0.49506038,0
0.0,0.49573052,0
0.0,0.25863463,0
1.0,0.48485655,0
1.0,0.487241,0
1.0,0.48172358,0
0.0,9.66273e-05,0
1.0,0.4958071,0
0.0,0.49498934,0
1.0,0.49152917,0
0.0,0.49587867,0
0.0,0.49506038,0
1.0,0.38673267,0
0.0,0.24394055,0
1.0,1.0,1
0.0,0.48548174,0
0.0,0.006104438,0
0.0,0.40004003,0
0.0,0.40380415,0
1.0,0.48809752,0
0.0,0.49608424,0
0.0,0.4911821,0
0.0,0.49325648,0
1.0,0.39894742,0
1.0,0.49043378,0
1.0,0.39570248,0
1.0,0.39113486,0
0.0,0.4929209,0
1.0,0.49567643,0
0.0,0.49368566,0
1.0,0.49368566,0
0.0,0.49481478,0
0.0,0.49301577,0
1.0,0.48554245,0
1.0,0.49219424,0
0.0,0.49590853,0
0.0,0.4920413,0
1.0,0.3909771,0
1.0,0.4942645,0
0.0,0.48938295,0
0.0,0.3959225,0
1.0,0.4946622,0
0.0,0.49229765,0
1.0,0.9986731,1
0.0,0.011378041,0
0.0,0.49514928,0
1.0,0.9966876,1
1.0,0.9999944,1
0.0,0.4884521,0
0.0,0.39100212,0
1.0,0.9992855,1
0.0,0.50159055,1
0.0,0.17152669,0
1.0,0.49040163,0
1.0,0.4877978,0
1.0,0.4937204,0
1.0,0.49336052,0
0.0,0.31367493,0
1.0,0.9933697,1
0.0,0.39770004,0
0.0,0.49097422,0
0.0,0.38389993,0
0.0,0.48989362,0
0.0,0.40253636,0
1.0,0.39131358,0
0.0,0.48973727,0
0.0,0.48715279,0
1.0,0.99938977,1
1.0,0.49439514,0
1.0,0.49475485,0
1.0,0.49135044,0
1.0,0.48715279,0
1.0,0.9992574,1
1.0,0.49112642,0
0.0,0.38979578,0
0.0,0.4946736,0
1.0,0.99995565,1
0.0,0.5069801,1
0.0,0.49369037,0
1.0,0.49328607,0
0.0,0.49133912,0
0.0,0.49512255,0
0.0,0.3879037,0
0.0,0.48307273,0
1.0,0.49429587,0
1.0,0.50664675,1
1.0,0.5075675,1
0.0,0.31234035,0
1.0,0.48215258,0
0.0,0.505744,1
1.0,0.49394083,0
0.0,0.4956823,0
0.0,0.50820184,1
1.0,0.49225247,0
0.0,0.50526226,1
0.0,0.48657966,0
1.0,0.48499426,0
1.0,0.39748022,0
0.0,0.487877,0
1.0,0.49368566,0
0.0,0.21626559,0
0.0,0.49590853,0
0.0,0.4981448,0
1.0,0.26630148,0
1.0,0.9992906,1
1.0,0.5083963,1
0.0,0.49567643,0
0.0,0.48357415,0
1.0,0.39292714,0
0.0,0.21474004,0
0.0,0.4867603,0
1.0,0.50602275,1
1.0,0.49429855,0
1.0,0.5030693,1
0.0,0.48759574,0
0.0,0.21470529,0
0.0,0.4946622,0
1.0,0.49247938,0
1.0,0.9993507,1
1.0,0.49368566,0
0.0,0.39841467,0
1.0,0.4819782,0
0.0,0.49567327,0
1.0,0.49458238,0
1.0,0.38484442,0
0.0,0.4954927,0
0.0,0.49212226,0
0.0,0.48562637,0
0.0,0.2365334,0
0.0,0.4941043,0
0.0,0.4960588,0
1.0,0.4165671,0
0.0,0.49566695,0
1.0,0.34086698,0
0.0,0.48724496,0
0.0,0.49508375,0
0.0,0.41364697,0
1.0,0.49089718,0
0.0,0.4941043,0
0.0,0.4946899,0
1.0,0.49499542,0
1.0,0.31768927,0
0.0,0.28000325,0
1.0,0.3966691,0
1.0,0.4901473,0
1.0,0.49891886,0
1.0,0.48499426,0
0.0,0.30541,0
0.0,0.49335697,0
1.0,0.5009513,1
1.0,0.49585986,0
1.0,0.49089718,0
0.0,0.38656062,0
0.0,0.4912288,0
0.0,0.507684,1
1.0,0.99661094,1
1.0,0.4949238,0
0.0,0.487241,0
0.0,0.49304116,0
0.0,0.50878686,1
0.0,0.50148475,1
0.0,0.49450624,0
1.0,0.49368566,0
1.0,0.48685008,0
1.0,0.49808133,0
0.0,0.3665342,0
0.0,0.5082872,1
1.0,0.33925188,0
0.0,0.32518768,0
0.0,0.48345459,0
0.0,0.49202678,0
0.0,0.4922431,0
0.0,0.49538043,0
1.0,0.49089718,0
0.0,0.48531908,0
1.0,0.49305853,0
1.0,0.4947028,0
0.0,0.49007323,0
0.0,0.48989362,0
0.0,0.48746535,0
0.0,0.39772764,0
0.0,0.48809752,0
1.0,0.99887496,1
1.0,0.48210534,0
0.0,0.05116651,0
1.0,0.5076822,1
0.0,0.49565428,0
1.0,0.39398834,0
0.0,0.4956906,0
0.0,0.50902843,1
0.0,0.48380512,0
0.0,0.49301577,0
0.0,0.3892774,0
0.0,0.4034538,0
1.0,0.49410683,0
1.0,0.45945057,0
1.0,0.49368566,0
0.0,0.4895451,0
1.0,0.4841364,0
1.0,0.49459195,0
0.0,0.49587867,0
0.0,0.5052652,1
0.0,0.50820184,1
1.0,0.4922914,0
0.0,0.49249706,0
0.0,0.4958516,0
0.0,0.4956906,0
0.0,0.40004134,0
1.0,0.31421942,0
1.0,0.9994444,1
0.0,0.37486625,0
0.0,0.40287396,0
1.0,0.49506038,0
1.0,0.99873525,1
1.0,0.49394083,0
1.0,0.49202678,0
1.0,0.48259637,0
0.0,0.39337584,0
1.0,0.99104553,1
0.0,0.4915588,0
0.0,0.40231672,0
0.0,0.39275348,0
0.0,0.4954927,0
1.0,0.48281527,0
0.0,0.49499542,0
1.0,0.48875764,0
0.0,0.48546556,0
0.0,0.48484647,0
0.0,0.49496526,0
0.0,0.482929,0
0.0,0.5083249,1
0.0,0.40122083,0
1.0,0.48809752,0
0.0,0.49089718,0
1.0,0.47901323,0
1.0,0.5077051,1
1.0,0.49567643,0
0.0,0.49506038,0
1.0,0.50086606,1
0.0,0.4946899,0
1.0,0.9985399,1
0.0,0.012520095,0
0.0,0.39431417,0
0.0,0.4922431,0
0.0,0.50353307,1
1.0,0.4897349,0
1.0,0.4775145,0
0.0,0.49202678,0
0.0,0.4915588,0
0.0,0.3975789,0
0.0,0.4903629,0
0.0,0.49573806,0
0.0,0.28412083,0
0.0,0.4844182,0
1.0,0.49154404,0
0.0,0.49439514,0
0.0,0.4949238,0
0.0,0.4956823,0
1.0,0.49394083,0
1.0,0.4851235,0
0.0,0.4839546,0
1.0,0.27032077,0
1.0,0.39555514,0
0.0,0.50334066,1
1.0,0.49505723,0
0.0,0.49514928,0
1.0,0.49439514,0
1.0,0.99912447,1
1.0,0.4946661,0
0.0,0.49072552,0
0.0,0.487241,0
0.0,0.24700256,0
0.0,0.4957956,0
0.0,0.31326407,0
0.0,0.49449387,0
0.0,0.4884521,0
1.0,0.30237153,0
0.0,0.25949726,0
1.0,0.48809752,0
1.0,0.4956906,0
0.0,0.49436036,0
0.0,0.4881308,0
1.0,0.9992343,1
1.0,0.4914011,0
1.0,0.48193374,0
0.0,0.23656863,0
0.0,0.21976864,0
1.0,0.4891092,0
0.0,0.0016122046,0
0.0,0.49454647,0
0.0,0.29201564,0
1.0,0.39527246,0
0.0,0.48612183,0
1.0,0.998961,1
0.0,0.29993322,0
1.0,0.99998415,1
1.0,0.49506038,0
0.0,0.48907074,0
0.0,0.49301577,0
1.0,0.49035913,0
1.0,0.5078309,1
1.0,0.49007323,0
1.0,0.49030417,0
0.0,0.5076437,1
1.0,0.3148709,0
0.0,0.48206002,0
1.0,0.31521323,0
1.0,0.4973954,0
0.0,0.49485502,0
0.0,0.50382185,1
0.0,0.48736238,0
1.0,0.31941393,0
0.0,0.49412793,0
0.0,0.5084476,1
1.0,0.49482167,0
1.0,0.99877936,1
0.0,0.24378718,0
0.0,0.4954688,0
0.0,0.48435745,0
0.0,0.2461717,0
0.0,0.48034495,0
1.0,0.49152917,0
0.0,0.49213532,0
0.0,0.4955667,0
1.0,0.4951029,0
0.0,0.49035913,0
1.0,0.49562454,0
1.0,1.0,1
0.0,0.38868612,0
1.0,0.38316065,0
1.0,0.4955675,0
0.0,0.49394083,0
0.0,0.4840519,0
0.0,0.49458238,0
0.0,0.4934747,0
1.0,0.49573806,0
0.0,0.49185762,0
1.0,0.48809752,0
0.0,0.39669776,0
0.0,0.48553535,0
0.0,0.4892411,0
0.0,0.4941043,0
1.0,0.48944038,0
0.0,0.30372614,0
1.0,0.39263773,0
0.0,0.49429855,0
1.0,0.49485284,0
1.0,0.4954927,0
1.0,0.4927675,0
1.0,0.49095842,0
0.0,0.49551645,0
0.0,0.48630977,0
0.0,0.4918458,0
1.0,0.38407978,0
1.0,0.48357415,0
1.0,0.48997924,0
0.0,0.053532846,0
1.0,0.999998,1
0.0,0.4956823,0
0.0,0.49572107,0
0.0,0.5037633,1
0.0,0.4929446,0
0.0,0.23698676,0
0.0,0.4922431,0
0.0,0.49481478,0
0.0,0.5079555,1
1.0,0.4956823,0
0.0,0.39131168,0
1.0,0.49391145,0
0.0,0.49285102,0
1.0,0.49255455,0
0.0,0.49498934,0
0.0,0.4911821,0
1.0,0.4886745,0
0.0,0.014262453,0
1.0,0.49405342,0
0.0,0.4956906,0
1.0,0.4958727,0
0.0,0.4956906,0
1.0,0.4946899,0
0.0,0.5061623,1
0.0,0.48746535,0
1.0,0.99494934,1
1.0,0.4847967,0
0.0,0.17382218,0
1.0,0.9936615,1
1.0,0.49410683,0
1.0,0.49152917,0
1.0,0.3568272,0
1.0,0.98857456,1
1.0,0.49311784,0
1.0,0.48577097,0
1.0,0.49563873,0
0.0,0.49429587,0
0.0,0.49566695,0
0.0,0.49278256,0
0.0,0.49505723,0
1.0,0.49591604,0
1.0,0.48733214,0
1.0,0.49573806,0
0.0,0.487241,0
0.0,0.09274245,0
0.0,0.31326178,0
1.0,0.48418003,0
0.0,0.419702,0
0.0,0.48435745,0
1.0,0.19195825,0
1.0,0.48057187,0
0.0,0.07255035,0
1.0,0.49573052,0
0.0,0.49506038,0
0.0,0.38761717,0
0.0,0.39310092,0
1.0,0.9985154,1
0.0,0.4895451,0
1.0,0.99097276,1
0.0,0.4919467,0
1.0,0.31197658,0
0.0,0.38217944,0
0.0,0.37602615,0
1.0,0.99921536,1
1.0,0.4937883,0
0.0,0.48630977,0
0.0,0.4947974,0
1.0,0.49573052,0
0.0,0.2886817,0
0.0,0.48531908,0
0.0,0.50046873,1
1.0,0.97781473,1
1.0,0.48665705,0
0.0,0.49949673,0
1.0,0.249043,0
0.0,0.49567643,0
1.0,0.49573806,0
0.0,0.4938824,0
1.0,0.4947974,0
0.0,0.48632702,0
0.0,0.3903636,0
0.0,0.49485502,0
1.0,0.4831471,0
0.0,0.4918458,0
0.0,0.49608448,0
1.0,0.49039277,0
0.0,0.49313644,0
0.0,0.49089718,0
1.0,0.49023515,0
0.0,0.39770004,0
0.0,0.4899257,0
1.0,0.49089718,0
1.0,0.5068527,1
0.0,0.013351203,0
0.0,0.49284598,0
0.0,0.49368635,0
1.0,0.49394083,0
1.0,0.49043378,0
1.0,0.49562407,0
1.0,0.24274689,0
1.0,0.50118804,1
0.0,0.48367736,0
1.0,0.3779835,0
0.0,0.5070558,1
0.0,0.4921143,0
0.0,0.48677668,0
0.0,0.4918458,0
1.0,0.49135044,0
0.0,0.48990992,0
1.0,0.49822748,0
1.0,0.48700362,0
0.0,0.4942496,0
0.0,0.4946622,0
0.0,0.30176255,0
0.0,0.4922431,0
1.0,0.3089961,0
1.0,0.9991455,1
0.0,0.49368566,0
0.0,0.49560568,0
1.0,0.39111865,0
1.0,0.99915636,1
0.0,0.4927604,0
1.0,0.49590853,0
1.0,0.4844672,0
1.0,0.50148785,1
0.0,0.41348416,0
1.0,0.9989774,1
0.0,0.48305014,0
0.0,0.25626418,0
0.0,0.49273804,0
0.0,0.25337517,0
0.0,0.49258047,0
0.0,0.4844182,0
0.0,0.39301565,0
0.0,0.49394786,0
0.0,0.3968275,0
1.0,0.48630977,0
1.0,0.4844182,0
0.0,0.49269453,0
1.0,0.49368566,0
1.0,0.49481478,0
1.0,0.49002016,0
1.0,0.4950537,0
1.0,0.49425158,0
1.0,0.49580258,0
0.0,0.49475485,0
0.0,0.49498934,0
1.0,0.49454647,0
0.0,0.4844192,0
0.0,0.49514928,0
1.0,0.9999778,1
1.0,0.49567446,0
1.0,0.99987185,1
0.0,0.48146626,0
0.0,0.48549107,0
0.0,0.49439514,0
0.0,0.39625436,0
0.0,0.4868579,0
0.0,0.491641,0
1.0,0.99934727,1
0.0,0.4946622,0
1.0,0.9983681,1
0.0,0.49139974,0
1.0,0.49459407,0
1.0,0.9997408,1
1.0,0.48219064,0
1.0,0.4954927,0
1.0,0.39278746,0
1.0,0.49429587,0
0.0,0.49783823,0
1.0,0.49368566,0
0.0,0.5075478,1
1.0,0.39986572,0
0.0,0.4851501,0
0.0,0.40163088,0
0.0,0.49368635,0
0.0,0.4947619,0
0.0,0.06144631,0
1.0,0.49311784,0
1.0,0.4908975,0
0.0,0.38222587,0
0.0,0.49506027,0
1.0,0.49482167,0
1.0,0.48596966,0
0.0,0.48848158,0
0.0,0.40568548,0
1.0,0.30873296,0
1.0,0.493985,0
0.0,0.5078903,1
0.0,0.49531645,0
0.0,0.49180365,0
0.0,0.50294435,1
1.0,0.49493286,0
0.0,0.4879961,0
0.0,0.4949238,0
0.0,0.49506038,0
0.0,0.4919289,0
0.0,0.4950537,0
0.0,0.49335697,0
0.0,0.4916964,0
0.0,0.3913272,0
0.0,0.40742126,0
0.0,0.49465495,0
1.0,0.9977514,1
0.0,0.49202678,0
1.0,0.99998736,1
0.0,0.48665705,0
1.0,0.48817706,0
0.0,0.39438254,0
1.0,0.3881466,0
0.0,0.48590648,0
0.0,0.32163095,0
0.0,0.49573052,0
0.0,0.5076404,1
1.0,0.487241,0
1.0,0.3218241,0
0.0,0.30503756,0
0.0,0.4946189,0
0.0,0.06674684,0
1.0,0.48515615,0
1.0,0.49496526,0
0.0,0.3166762,0
0.0,0.4878777,0
1.0,0.49254948,0
1.0,0.48368797,0
0.0,0.38148877,0
1.0,0.38764268,0
1.0,0.99917716,1
1.0,0.4947974,0
0.0,0.38953143,0
0.0,0.3743717,0
1.0,0.3966691,0
1.0,0.50875646,1
0.0,0.4977717,0
1.0,0.48809752,0
0.0,0.48700362,0
0.0,0.4932116,0
1.0,0.99706084,1
0.0,0.49412793,0
0.0,0.3085803,0
0.0,0.40231672,0
1.0,0.23702665,0
0.0,0.3671963,0
0.0,0.50763524,1
0.0,0.49655485,0
0.0,0.50713664,1
1.0,0.99113023,1
0.0,0.49394083,0
0.0,0.48941377,0
0.0,0.30443385,0
1.0,0.99998665,1
0.0,0.48868725,0
1.0,0.48809752,0
0.0,0.3867968,0
1.0,0.99880373,1
1.0,0.9999999,1
0.0,0.4957956,0
1.0,0.49368566,0
1.0,0.49608448,0
0.0,0.38827842,0
0.0,0.48961455,0
0.0,0.4956983,0
0.0,0.48700362,0
1.0,0.49007323,0
0.0,0.07118419,0
1.0,0.50816923,1
0.0,0.079127274,0
0.0,0.4939438,0
1.0,0.49178195,0
1.0,0.3803245,0
0.0,0.49248794,0
0.0,0.28099436,0
0.0,0.49265546,0
0.0,0.39133608,0
0.0,0.49173468,0
0.0,0.5081594,1
0.0,0.49097648,0
1.0,0.48513922,0
0.0,0.083283424,0
1.0,0.50765616,1
1.0,0.48809752,0
1.0,0.4949238,0
1.0,0.4951412,0
0.0,0.4915096,0
1.0,0.3838794,0
0.0,0.39263773,0
0.0,0.49112642,0
0.0,0.12638752,0
1.0,0.4895451,0
1.0,0.49549925,0
0.0,0.49562407,0
1.0,0.5036485,1
1.0,0.49608448,0
0.0,0.3762172,0
0.0,0.22592564,0
1.0,0.998755,1
0.0,0.38966507,0
0.0,0.49368566,0
1.0,0.49422795,0
0.0,0.39904934,0
0.0,0.49085915,0
1.0,0.48357415,0
0.0,0.50842774,1
1.0,0.22495408,0
1.0,0.50795716,1
1.0,0.4951412,0
1.0,0.39770004,0
0.0,0.5084474,1
0.0,0.49485284,0
1.0,0.4845797,0
1.0,0.49458238,0
1.0,0.49368566,0
1.0,0.48284665,0
1.0,0.4884253,0
1.0,0.39545262,0
0.0,0.4847967,0
1.0,0.9977513,1
0.0,0.3173304,0
1.0,0.48380435,0
0.0,0.4950537,0
0.0,0.49202678,0
0.0,0.39026794,0
0.0,0.487241,0
1.0,0.49573806,0
1.0,0.9879771,1
0.0,0.49368566,0
0.0,0.4840451,0
0.0,0.39367008,0
0.0,0.39676225,0
1.0,0.49583924,0
1.0,0.486387,0
0.0,0.24636877,0
0.0,0.49305853,0
1.0,0.49556926,0
0.0,0.500448,1
1.0,0.49573806,0
1.0,0.28032756,0
0.0,0.1329351,0
0.0,0.48748603,0
1.0,0.49549925,0
1.0,0.49604517,0
0.0,0.49279135,0
0.0,0.4918458,0
1.0,0.49089718,0
1.0,0.9852822,1
1.0,0.493799,0
0.0,0.48367736,0
1.0,0.3998885,0
0.0,0.3273714,0
1.0,0.49578425,0
1.0,0.4949238,0
1.0,0.4951665,0
0.0,0.49436036,0
0.0,0.40603316,0
1.0,0.49429587,0
0.0,0.38724515,0
0.0,0.49573806,0
0.0,0.25759238,0
0.0,0.49514928,0
1.0,0.487241,0
0.0,0.494147,0
0.0,0.32758418,0
1.0,1.0,1
1.0,0.49412793,0
0.0,0.3725811,0
1.0,0.49499542,0
1.0,1.0,1
0.0,0.23279276,0
1.0,0.4956823,0
0.0,0.49562407,0
1.0,0.39113486,0
1.0,0.9983797,1
1.0,0.2611385,0
1.0,0.4948319,0
0.0,0.48499426,0
1.0,0.4956823,0
0.0,0.49506038,0
0.0,0.38823316,0
0.0,0.49439514,0
0.0,0.25389174,0
0.0,0.48338237,0
0.0,0.48304847,0
1.0,0.49572107,0
1.0,0.49616212,0
1.0,0.49364755,0
0.0,0.48396143,0
0.0,0.38257217,0
0.0,0.4951412,0
0.0,0.48716614,0
1.0,0.48700362,0
1.0,0.4837984,0
0.0,0.4851235,0
1.0,0.4951412,0
1.0,0.4882089,0
0.0,0.37308037,0
0.0,0.49475485,0
0.0,0.4940866,0
1.0,1.0,1
1.0,0.49133912,0
0.0,0.38844055,0
0.0,0.05635456,0
0.0,0.48809752,0
1.0,0.49508375,0
1.0,0.38914445,0
1.0,0.49592564,0
1.0,0.4956823,0
0.0,0.49357086,0
0.0,0.49573052,0
1.0,0.9999132,1
1.0,0.3791515,0
1.0,0.49458238,0
1.0,0.4899257,0
0.0,0.4954927,0
1.0,0.4956906,0
0.0,0.39903113,0
1.0,0.30547825,0
0.0,0.4949238,0
1.0,0.4810891,0
0.0,0.2994138,0
1.0,0.49098733,0
1.0,0.4882089,0
1.0,0.48784068,0
1.0,0.4956906,0
0.0,0.4922252,0
1.0,0.49095818,0
0.0,0.490515,0
0.0,0.48959276,0
0.0,0.40483215,0
1.0,0.49608877,0
1.0,0.48146626,0
0.0,0.5052711,1
1.0,0.4958071,0
1.0,0.17420232,0
1.0,0.4844607,0
1.0,0.4956906,0
1.0,0.487241,0
0.0,0.493242,0
0.0,0.39100876,0
0.0,0.4956906,0
0.0,0.39412838,0
0.0,0.4931797,0
0.0,0.39684576,0
1.0,0.999597,1
1.0,0.49514928,0
0.0,0.49496526,0
0.0,0.22822225,0
1.0,0.48496202,0
0.0,0.4942496,0
0.0,0.50526226,1
0.0,0.4951412,0
0.0,0.49394786,0
1.0,0.4915588,0
1.0,0.39834636,0
0.0,0.4955675,0
0.0,0.48821798,0
1.0,0.36186492,0
0.0,0.2599022,0
1.0,0.49313644,0
1.0,0.39337417,0
0.0,0.49549925,0
0.0,0.49562332,0
0.0,0.49325648,0
0.0,0.40245342,0
0.0,0.22296204,0
1.0,0.4890467,0
0.0,0.48577097,0
0.0,0.48554245,0
0.0,0.12965533,0
1.0,0.49368566,0
0.0,0.49057105,0
0.0,0.493985,0
0.0,0.39100212,0
1.0,0.48850325,0
1.0,0.48825046,0
0.0,0.48282892,0
0.0,0.4878777,0
1.0,0.49608448,0
0.0,0.25966102,0
0.0,0.4896341,0
0.0,0.49485284,0
0.0,0.49394083,0
0.0,0.48685902,0
0.0,0.2364888,0
0.0,0.49508375,0
0.0,0.4996011,0
1.0,0.38940462,0
1.0,0.4951029,0
0.0,0.49538043,0
1.0,0.4844182,0
0.0,0.2929962,0
0.0,0.3157606,0
0.0,0.49112642,0
0.0,0.4831316,0
0.0,0.48499426,0
0.0,0.19314033,0
0.0,0.5081386,1
1.0,0.31311968,0
0.0,0.21247607,0
0.0,0.49171,0
1.0,0.50844336,1
1.0,0.49505126,0
1.0,0.48863077,0
1.0,0.99885345,1
1.0,0.998359,1
1.0,0.32321146,0
1.0,0.49410912,0
0.0,0.39324751,0
1.0,0.49204838,0
1.0,0.49579063,0
1.0,0.49569038,0
1.0,0.49436036,0
0.0,0.27165076,0
1.0,0.24877785,0
1.0,0.4956906,0
1.0,0.99936527,1
1.0,0.4895451,0
1.0,0.49896574,0
1.0,0.4951412,0
0.0,0.49608448,0
1.0,0.49215266,0
0.0,0.49566695,0
1.0,0.38301542,0
0.0,0.5050848,1
0.0,0.49280867,0
0.0,0.49097648,0
0.0,0.4947619,0
1.0,0.40038276,0
0.0,0.061609577,0
0.0,0.46519396,0
0.0,0.48380512,0
0.0,0.49421677,0
1.0,0.99912554,1
1.0,0.49608424,0
1.0,0.49450624,0
0.0,0.49508375,0
1.0,0.50788176,1
1.0,0.5087657,1
1.0,0.49506038,0
0.0,0.49410683,0
1.0,0.4957956,0
1.0,0.39635402,0
0.0,0.22872894,0
0.0,0.49191552,0
1.0,0.49273804,0
0.0,0.3992971,0
0.0,0.49573052,0
0.0,0.49495617,0
0.0,0.49280816,0
0.0,0.28455114,0
0.0,0.22821589,0
1.0,0.9994597,1
1.0,0.49566695,0
1.0,0.4884521,0
0.0,0.49364755,0
0.0,0.16548394,0
1.0,0.48596966,0
1.0,0.49264273,0
1.0,0.4905607,0
0.0,0.49368566,0
0.0,0.49058378,0
0.0,0.49017924,0
1.0,0.50377774,1
0.0,0.50684017,1
0.0,0.4947028,0
1.0,0.48746848,0
0.0,0.40259275,0
0.0,0.48731917,0
0.0,0.4949405,0
1.0,0.9971193,1
0.0,0.4954138,0
0.0,0.39389342,0
0.0,0.39671463,0
0.0,0.39736322,0
0.0,0.40012512,0
1.0,0.39556307,0
1.0,0.39606845,0
0.0,0.017548293,0
1.0,0.49506038,0
0.0,0.50712293,1
1.0,0.38647842,0
0.0,0.40448257,0
0.0,0.49339524,0
0.0,0.40012646,0
1.0,0.48435745,0
0.0,0.4947974,0
1.0,0.49422795,0
1.0,0.4868579,0
0.0,0.49562454,0
1.0,0.9988595,1
0.0,0.49783823,0
0.0,0.4962088,0
1.0,0.49378887,0
1.0,0.99870205,1
1.0,0.49273545,0
0.0,0.12351684,0
1.0,0.4956906,0
1.0,0.49417996,0
1.0,0.49562454,0
1.0,0.4819782,0
1.0,0.48439234,0
0.0,0.49552348,0
0.0,0.49097422,0
0.0,0.49573052,0
0.0,0.4799832,0
1.0,0.39690328,0
1.0,0.49202678,0
1.0,0.99929965,1
1.0,0.4914011,0
1.0,0.9993352,1
0.0,0.48596966,0
1.0,0.48436797,0
0.0,0.5077284,1
0.0,0.48172358,0
1.0,0.98737645,1
0.0,0.48993132,0
0.0,0.49551645,0
0.0,0.49328607,0
1.0,0.487241,0
0.0,0.49097422,0
1.0,0.49097422,0
1.0,0.48451635,0
1.0,0.3166052,0
0.0,0.3914304,0
0.0,0.4954927,0
0.0,0.13818863,0
0.0,0.48915094,0
0.0,0.49481478,0
0.0,0.4902678,0
0.0,0.49982756,0
1.0,0.3889591,0
0.0,0.4819782,0
1.0,0.49175233,0
1.0,0.30545482,0
0.0,0.3161878,0
0.0,0.49002016,0
0.0,0.48527643,0
1.0,0.49591604,0
0.0,0.3907518,0
0.0,0.37239245,0
1.0,0.49549925,0
0.0,0.47988293,0
0.0,0.487241,0
0.0,0.49097422,0
0.0,0.49450624,0
1.0,0.49097648,0
0.0,0.49506038,0
0.0,0.39542285,0
0.0,0.48596966,0
0.0,0.4956906,0
0.0,0.49301577,0
1.0,0.506042,1
0.0,0.49616212,0
0.0,0.50257206,1
0.0,0.4941043,0
0.0,0.49608448,0
1.0,0.9993211,1
1.0,0.38868612,0
0.0,0.401248,0
0.0,0.49394083,0
0.0,0.4934747,0
1.0,0.4955675,0
0.0,0.48380435,0
0.0,0.23789166,0
0.0,0.49514928,0
0.0,0.4937883,0
1.0,0.49339524,0
0.0,0.4915588,0
1.0,0.49429587,0
1.0,0.9968935,1
1.0,0.49458238,0
1.0,0.49185762,0
0.0,0.49368566,0
0.0,0.46419853,0
0.0,0.494246,0
0.0,0.48591515,0
0.0,0.4955675,0
0.0,0.4895451,0
0.0,0.49397317,0
0.0,0.2996977,0
1.0,0.99998486,1
0.0,0.48267135,0
1.0,0.3898698,0
0.0,0.4922431,0
0.0,0.49258047,0
0.0,0.4513147,0
0.0,0.49553403,0
0.0,0.48464754,0
1.0,1.0,1
1.0,0.49616212,0
1.0,0.49566695,0
0.0,0.49608448,0
0.0,0.4879852,0
1.0,0.4922431,0
1.0,0.4942,0
1.0,0.37155664,0
0.0,0.39503086,0
1.0,0.49562362,0
0.0,0.37866527,0
0.0,0.48380435,0
1.0,1.0,1
1.0,0.9999901,1
0.0,0.49366927,0
0.0,0.022744795,0
0.0,0.4880251,0
1.0,0.49482167,0
1.0,0.039105535,0
0.0,0.48642954,0
0.0,0.4951029,0
0.0,0.4903629,0
1.0,0.38984445,0
0.0,0.24072738,0
1.0,0.22462846,0
0.0,0.29624453,0
1.0,0.29267108,0
0.0,0.49514928,0
0.0,0.3955129,0
0.0,0.5070382,1
1.0,0.38721713,0
0.0,0.48700362,0
0.0,0.48596966,0
0.0,0.49569038,0
1.0,0.4921948,0
0.0,0.29596373,0
1.0,0.49007323,0
0.0,0.49152917,0
1.0,0.48907772,0
0.0,0.31264156,0
0.0,0.49202678,0
1.0,0.49591604,0
1.0,0.49335697,0
1.0,0.37839907,0
0.0,0.48464754,0
1.0,0.49109536,0
1.0,0.50742996,1
1.0,0.49295527,0
1.0,0.4947974,0
0.0,0.38940462,0
1.0,0.4946622,0
0.0,0.4897349,0
1.0,0.4922431,0
0.0,0.31620756,0
1.0,0.3849703,0
0.0,0.38848886,0
0.0,0.49499974,0
0.0,0.3850497,0
1.0,0.49591604,0
0.0,0.4919011,0
1.0,0.4934747,0
0.0,0.24922602,0
0.0,0.38703057,0
0.0,0.5077284,1
0.0,0.49370354,0
1.0,0.49055567,0
1.0,0.49616212,0
0.0,0.4915096,0
1.0,0.99873275,1
0.0,0.5062851,1
1.0,0.4847391,0
1.0,0.5049976,1
1.0,0.49608448,0
0.0,0.4944877,0
0.0,0.48286173,0
1.0,0.25172743,0
1.0,0.32292464,0
0.0,0.48531908,0
1.0,0.4918458,0
0.0,0.25020954,0
1.0,0.487241,0
1.0,0.9987105,1
0.0,0.49097648,0
0.0,0.4831471,0
0.0,0.49450624,0
1.0,0.49367312,0
1.0,0.48961455,0
1.0,0.50127393,1
0.0,0.27302814,0
0.0,0.40014532,0
0.0,0.49301577,0
0.0,0.4914572,0
0.0,0.0049594324,0
0.0,0.49344534,0
1.0,0.48492247,0
0.0,0.49590853,0
1.0,1.0,1
0.0,0.39137536,0
1.0,0.49783823,0
0.0,0.25149864,0
0.0,0.4250831,0
0.0,0.4903629,0
1.0,0.48942298,0
0.0,0.4954927,0
0.0,0.49202678,0
0.0,0.38512337,0
0.0,0.25381786,0
0.0,0.49202678,0
0.0,0.4844182,0
0.0,0.49217436,0
0.0,0.49573806,0
1.0,0.49120888,0
0.0,0.3022667,0
1.0,0.4918458,0
0.0,0.496171,0
1.0,0.48254207,0
0.0,0.07802549,0
0.0,0.3742175,0
1.0,0.49573052,0
0.0,0.50818044,1
0.0,0.49213925,0
1.0,0.49263936,0
1.0,0.49590853,0
0.0,0.49482167,0
1.0,0.9980659,1
1.0,0.99393797,1
0.0,0.4958071,0
1.0,0.38719058,0
0.0,0.40012512,0
0.0,0.49112642,0
1.0,0.29103106,0
1.0,0.9951551,1
1.0,0.5017037,1
1.0,0.48368797,0
0.0,0.48280886,0
0.0,0.22804983,0
0.0,0.3793374,0
0.0,0.4067067,0
0.0,0.47895765,0
1.0,0.99889475,1
0.0,0.49669558,0
0.0,0.49562442,0
0.0,0.49591604,0
0.0,0.4847967,0
1.0,0.48989362,0
0.0,0.49607575,0
1.0,0.4906759,0
0.0,0.39937863,0
0.0,0.4923277,0
0.0,0.4819782,0
1.0,0.49412793,0
0.0,0.48435745,0
0.0,0.37343088,0
0.0,0.20872709,0
1.0,0.49567327,0
1.0,0.9950996,1
1.0,0.49503613,0
0.0,0.39240065,0
0.0,0.49032605,0
0.0,0.4950537,0
0.0,0.49485502,0
1.0,0.49562442,0
0.0,0.50813097,1
0.0,0.27471656,0
0.0,0.4950537,0
0.0,0.5081694,1
0.0,0.4807793,0
1.0,0.48758763,0
0.0,0.49311784,0
0.0,0.18811229,0
0.0,0.487765,0
1.0,0.28611737,0
1.0,0.49506027,0
1.0,0.49225247,0
0.0,0.502403,1
1.0,0.48169562,0
1.0,0.99977046,1
0.0,0.48329148,0
0.0,0.49311784,0
0.0,0.4956906,0
1.0,0.4918458,0
0.0,0.49568963,0
0.0,0.4995355,0
1.0,0.5079227,1
0.0,0.5054269,1
0.0,0.48596966,0
1.0,0.49335697,0
0.0,0.4954927,0
1.0,0.48630977,0
1.0,0.49301577,0
0.0,0.49505723,0
0.0,0.4944877,0
0.0,0.49577275,0
1.0,0.9980907,1
0.0,0.4918327,0
1.0,0.4915588,0
0.0,0.4920624,0
1.0,0.37486637,0
0.0,0.24449307,0
0.0,0.49578425,0
0.0,0.39166284,0
1.0,0.48648158,0
0.0,0.4946189,0
0.0,0.25984466,0
0.0,0.26656178,0
0.0,0.24992849,0
1.0,0.9989506,1
0.0,0.49454647,0
1.0,0.49333644,0
0.0,0.49549925,0
1.0,0.99625176,1
1.0,0.491273,0
1.0,0.487241,0
0.0,0.394952,0
0.0,0.49339524,0
1.0,0.9963541,1
0.0,0.49591604,0
1.0,0.49117795,0
0.0,0.4922431,0
0.0,0.49368635,0
0.0,0.3988677,0
0.0,0.49512255,0
0.0,0.26061648,0
0.0,0.4940029,0
1.0,0.49499542,0
0.0,0.48558876,0
0.0,0.29299653,0
0.0,0.4956823,0
0.0,0.49514928,0
1.0,0.49631476,0
0.0,0.48203942,0
0.0,0.30754146,0
1.0,0.9992792,1
1.0,0.48937842,0
0.0,0.49109295,0
0.0,0.4909812,0
0.0,0.48442703,0
0.0,0.49573806,0
0.0,0.2069176,0
0.0,0.49607575,0
1.0,0.49301577,0
1.0,0.3954337,0
0.0,0.4960588,0
1.0,0.99156976,1
0.0,0.4840451,0
0.0,0.48436797,0
0.0,0.49410912,0
0.0,0.48915094,0
0.0,0.40191418,0
0.0,0.4912166,0
0.0,0.49425158,0
0.0,0.49538043,0
1.0,0.9813488,1
1.0,0.4947974,0
1.0,0.48519477,0
0.0,0.5081326,1
0.0,0.3966691,0
0.0,0.38813996,0
1.0,0.4956906,0
1.0,0.9966413,1
0.0,0.49562362,0
0.0,0.4930035,0
1.0,0.48390993,0
0.0,0.4947974,0
1.0,0.49002016,0
0.0,0.49144158,0
0.0,0.48569256,0
0.0,0.22286381,0
0.0,0.48396143,0
1.0,0.48615104,0
1.0,0.49133912,0
0.0,0.49451533,0
0.0,0.4878777,0
0.0,0.49485284,0
1.0,0.38618004,0
1.0,0.4951029,0
1.0,0.49552944,0
1.0,0.493123,0
0.0,0.4937883,0
1.0,0.2588585,0
0.0,0.40006235,0
0.0,0.48380435,0
1.0,0.4915096,0
0.0,0.25382304,0
0.0,0.28137708,0
1.0,0.4890419,0
0.0,0.48554245,0
1.0,0.49068135,0
1.0,0.99899286,1
0.0,0.4956906,0
0.0,0.31245795,0
0.0,0.49311784,0
0.0,0.28224495,0
1.0,0.49410912,0
0.0,0.49585035,0
0.0,0.22895387,0
1.0,0.49193513,0
0.0,0.2547023,0
0.0,0.48649973,0
0.0,0.48292637,0
0.0,0.4951412,0
0.0,0.49035913,0
0.0,0.48919362,0
1.0,0.48435745,0
0.0,0.4889128,0
1.0,0.49436036,0
1.0,0.4847967,0
0.0,0.4949405,0
1.0,0.49550733,0
1.0,0.49439514,0
1.0,0.24910864,0
0.0,0.49450624,0
1.0,0.4934747,0
0.0,0.49042708,0
1.0,0.49304116,0
1.0,0.5070382,1
0.0,0.38766998,0
1.0,0.4949238,0
1.0,0.48435745,0
1.0,0.48418003,0
0.0,0.49450624,0
0.0,0.49099258,0
0.0,0.4861976,0
0.0,0.48284665,0
1.0,0.99910814,1
1.0,0.48891088,0
1.0,0.4949238,0
0.0,0.49335697,0
1.0,0.4956906,0
0.0,0.20452122,0
1.0,0.4937204,0
1.0,0.5022346,1
0.0,0.48899114,0
0.0,0.50623465,1
1.0,0.99826956,1
1.0,1.0,1
0.0,0.06599344,0
0.0,0.48424193,0
0.0,0.22445853,0
0.0,0.49549925,0
1.0,0.49616212,0
1.0,0.4920413,0
1.0,0.49394083,0
0.0,0.49410912,0
1.0,0.49375203,0
0.0,0.49481156,0
0.0,0.48435745,0
1.0,0.4895451,0
1.0,0.49549925,0
1.0,0.48462865,0
1.0,0.4956906,0
1.0,0.99900466,1
0.0,0.4837394,0
0.0,0.49397317,0
1.0,0.49608448,0
1.0,0.99903584,1
1.0,0.49089718,0
1.0,0.9969104,1
1.0,0.24185352,0
1.0,0.39782,0
0.0,0.38691106,0
1.0,0.39545932,0
1.0,0.49273804,0
1.0,0.49043378,0
1.0,0.49506038,0
1.0,0.49463814,0
0.0,0.4810891,0
1.0,0.9991478,1
1.0,0.3029817,0
0.0,0.49616212,0
1.0,0.48380435,0
0.0,0.49171,0
1.0,0.4847391,0
1.0,0.5081914,1
0.0,0.4931797,0
1.0,0.49506038,0
1.0,0.39697555,0
1.0,0.4947028,0
1.0,0.48526195,0
1.0,0.4947028,0
0.0,0.5040575,1
0.0,0.49567327,0
0.0,0.487241,0
1.0,0.49551645,0
0.0,0.4936702,0
0.0,0.2617203,0
0.0,0.48809752,0
0.0,0.50818044,1
0.0,0.48700362,0
1.0,0.9998652,1
0.0,0.4951029,0
1.0,0.49562332,0
1.0,0.3884423,0
0.0,0.49495617,0
1.0,0.49368566,0
0.0,0.2983632,0
1.0,0.4950537,0
0.0,0.50819635,1
0.0,0.24608049,0
1.0,0.39219537,0
0.0,0.49505126,0
1.0,0.48728752,0
0.0,0.495356,0
0.0,0.49608448,0
1.0,0.49335697,0
0.0,0.25121874,0
1.0,0.39503086,0
0.0,0.12143086,0
1.0,0.4937204,0
1.0,0.49562332,0
0.0,0.5049779,1
0.0,0.48991582,0
0.0,0.4884521,0
1.0,0.49384516,0
0.0,0.19630279,0
0.0,0.48310643,0
1.0,0.3065975,0
0.0,0.49273804,0
0.0,0.48562637,0
1.0,0.49495617,0
1.0,0.38827205,0
0.0,0.4878777,0
0.0,0.48307273,0
0.0,0.4951412,0
1.0,0.3886698,0
1.0,0.49311784,0
0.0,0.39460367,0
1.0,0.5081914,1
0.0,0.49608448,0
1.0,0.4956906,0
0.0,0.5087072,1
1.0,0.49491194,0
0.0,0.4997867,0
0.0,0.4847513,0
0.0,0.5083989,1
0.0,0.49463814,0
0.0,0.47898424,0
1.0,0.9999796,1
0.0,0.30986413,0
0.0,0.3988677,0
0.0,0.50634766,1
0.0,0.4947028,0
1.0,0.49085873,0
0.0,0.48380512,0
0.0,0.4844672,0
0.0,0.4956906,0
1.0,0.49769044,0
0.0,0.49302486,0
0.0,0.4956906,0
1.0,0.3316519,0
0.0,0.31863332,0
1.0,0.48916474,0
0.0,0.49459407,0
0.0,0.29137528,0
0.0,0.49881074,0
0.0,0.48627192,0
0.0,0.50477076,1
1.0,0.49305853,0
1.0,0.49458238,0
1.0,0.999982,1
0.0,0.48383012,0
0.0,0.31642085,0
1.0,0.49175233,0
1.0,0.5079293,1
0.0,0.48394752,0
0.0,0.49058378,0
0.0,0.49556926,0
0.0,0.502403,1
0.0,0.49036968,0
0.0,0.24735951,0
1.0,0.5083784,1
1.0,0.4956906,0
0.0,0.4946899,0
0.0,0.3951766,0
1.0,0.49566695,0
0.0,0.4956906,0
0.0,0.49616212,0
0.0,0.39690328,0
0.0,0.49002016,0
1.0,0.49531645,0
1.0,0.99938405,1
1.0,0.49023515,0
1.0,0.4946622,0
0.0,0.39711314,0
0.0,0.49394083,0
0.0,0.4882089,0
1.0,0.49368566,0
1.0,0.49068135,0
0.0,0.39665428,0
0.0,0.48187384,0
1.0,0.9989312,1
0.0,0.49184906,0
1.0,0.998904,1
0.0,0.4884521,0
0.0,0.49429587,0
0.0,0.48078832,0
0.0,0.4946899,0
0.0,0.50298804,1
0.0,0.49112642,0
0.0,0.3966691,0
0.0,0.4909628,0
0.0,0.4951412,0
0.0,0.49493286,0
1.0,0.49421048,0
0.0,0.47946525,0
1.0,0.99889934,1
0.0,0.49562454,0
0.0,0.49394083,0
0.0,0.4846104,0
0.0,0.48942298,0
0.0,0.49534687,0
0.0,0.2454988,0
0.0,0.4956906,0
1.0,0.30584002,0
1.0,0.99984324,1
1.0,0.49384516,0
0.0,0.49202678,0
1.0,0.49485502,0
1.0,0.49608424,0
0.0,0.24632096,0
1.0,0.48268235,0
0.0,0.28570175,0
0.0,0.27141228,0
1.0,0.21519342,0
1.0,0.4956906,0
0.0,0.49199742,0
0.0,0.29688257,0
0.0,0.49007323,0
1.0,0.9998272,1
1.0,0.49585986,0
1.0,0.9986493,1
1.0,0.49458238,0
1.0,0.49537167,0
1.0,0.49616212,0
0.0,0.13633947,0
0.0,0.48385155,0
0.0,0.4870631,0
1.0,0.49328607,0
1.0,0.49562454,0
1.0,0.39772764,0
0.0,0.31497028,0
0.0,0.4949405,0
0.0,0.49175394,0
0.0,0.28220615,0
1.0,0.48396143,0
0.0,0.4937204,0
1.0,0.48337758,0
1.0,0.48819354,0
0.0,0.49562442,0
1.0,0.487241,0
0.0,0.49394083,0
0.0,0.48248968,0
1.0,0.48531368,0
1.0,0.49514928,0
0.0,0.046488203,0
0.0,0.4915013,0
0.0,0.49585035,0
1.0,0.48244396,0
1.0,0.3884423,0
0.0,0.24198803,0
1.0,0.49567643,0
1.0,0.48989362,0
0.0,0.39177793,0
0.0,0.47901323,0
0.0,0.33324668,0
1.0,0.4954927,0
0.0,0.49498987,0
0.0,0.49490768,0
1.0,0.48700362,0
1.0,0.48984098,0
1.0,0.4896341,0
0.0,0.49635735,0
1.0,0.49506038,0
0.0,0.49573806,0
0.0,0.49502778,0
1.0,0.4851235,0
0.0,0.50399375,1
1.0,0.3190185,0
0.0,0.48476416,0
0.0,0.49002016,0
1.0,0.48042244,0
0.0,0.4937883,0
0.0,0.48458734,0
0.0,0.38260117,0
1.0,0.3968438,0
1.0,0.487241,0
0.0,0.019277321,0
0.0,0.073407024,0
0.0,0.29129758,0
0.0,0.487241,0
0.0,0.4946622,0
0.0,0.12727714,0
1.0,0.49305853,0
1.0,0.49506038,0
1.0,0.2490548,0
1.0,0.48308235,0
1.0,0.49368566,0
0.0,0.36830923,0
0.0,0.49368635,0
1.0,0.39832932,0
0.0,0.4918458,0
1.0,0.48809752,0
1.0,0.3898698,0
0.0,0.49579063,0
0.0,0.48554245,0
1.0,0.39111865,0
0.0,0.48176047,0
1.0,0.493242,0
1.0,0.9990189,1
0.0,0.48596966,0
0.0,0.48396143,0
0.0,0.49566695,0
0.0,0.05218324,0
1.0,0.99512357,1
0.0,0.48975626,0
1.0,0.4884521,0
0.0,0.4844182,0
0.0,0.4915588,0
0.0,0.5086603,1
1.0,0.487241,0
1.0,0.49551645,0
1.0,0.48264626,0
0.0,0.1553603,0
0.0,0.48390728,0
0.0,0.28206885,0
0.0,0.49499542,0
0.0,0.4948319,0
1.0,0.4910119,0
0.0,0.49436036,0
1.0,0.49587867,0
0.0,0.49458238,0
1.0,0.39269307,0
1.0,0.99920887,1
1.0,0.4884521,0
1.0,0.49566695,0
1.0,0.49573806,0
0.0,0.49568963,0
0.0,0.40204892,0
0.0,0.4956906,0
0.0,0.38940462,0
1.0,0.49202678,0
0.0,0.49562454,0
1.0,0.99928015,1
1.0,0.5022268,1
1.0,0.5069723,1
1.0,0.48451635,0
0.0,0.4999168,0
0.0,0.48118153,0
0.0,0.49175233,0
0.0,0.49368724,0
1.0,0.48390993,0
0.0,0.48661906,0
1.0,0.48282865,0
0.0,0.3954337,0
0.0,0.36563802,0
0.0,0.3636868,0
0.0,0.49057856,0
0.0,0.50046873,1
0.0,0.49569038,0
1.0,0.48169562,0
0.0,0.49573806,0
0.0,0.3149291,0
0.0,0.013675751,0
1.0,0.49505126,0
1.0,0.48380512,0
1.0,0.49572888,0
1.0,0.49089718,0
1.0,0.47886142,0
0.0,0.50717413,1
1.0,0.49806306,0
0.0,0.48577097,0
1.0,0.9991831,1
0.0,0.4857484,0
0.0,0.48602203,0
0.0,0.49368566,0
0.0,0.49549925,0
1.0,0.39219537,0
0.0,0.487241,0
0.0,0.25574058,0
1.0,0.49551645,0
0.0,0.49032605,0
1.0,0.4946622,0
0.0,0.4941023,0
1.0,0.9993351,1
0.0,0.38900048,0
1.0,0.50486416,1
0.0,0.48146626,0
0.0,0.03818097,0
1.0,0.49311784,0
0.0,0.4957956,0
0.0,0.49422795,0
1.0,0.3920981,0
0.0,0.49973968,0
1.0,0.485054,0
0.0,0.4957956,0
1.0,0.48803613,0
1.0,0.9769487,1
0.0,0.3821912,0
0.0,0.4941043,0
0.0,0.49506038,0
1.0,0.49393985,0
0.0,0.49506038,0
1.0,0.4922431,0
1.0,0.99961936,1
1.0,0.49506038,0
0.0,0.49429587,0
0.0,0.49458238,0
0.0,0.4882844,0
1.0,0.49154404,0
1.0,0.49422795,0
0.0,0.22567905,0
0.0,0.49301577,0
0.0,0.37083468,0
0.0,0.49458238,0
0.0,0.495356,0
1.0,0.98636705,1
1.0,0.48917192,0
1.0,0.99275064,1
1.0,0.49608424,0
1.0,0.49590853,0
0.0,0.49562442,0
1.0,0.9995229,1
0.0,0.49273804,0
0.0,0.50776345,1
1.0,1.0,1
0.0,0.009202285,0
0.0,0.508549,1
0.0,0.49548858,0
0.0,0.4922431,0
1.0,0.49369183,0
0.0,0.48426327,0
1.0,0.48484647,0
1.0,0.4946622,0
1.0,0.4884521,0
0.0,0.48531908,0
0.0,0.487241,0
1.0,0.5048313,1
1.0,0.9990158,1
1.0,0.48965168,0
0.0,0.48329487,0
0.0,0.49505898,0
1.0,0.4947974,0
1.0,0.50765145,1
0.0,0.48390993,0
0.0,0.49035913,0
1.0,0.49369037,0
0.0,0.3959759,0
0.0,0.3073479,0
1.0,0.48596966,0
0.0,0.30662945,0
0.0,0.49368566,0
0.0,0.49549925,0
1.0,0.49567643,0
0.0,0.4946899,0
0.0,0.49188104,0
0.0,0.49367484,0
0.0,0.49273804,0
1.0,0.48369622,0
0.0,0.49549925,0
0.0,0.0971223,0
1.0,0.9991636,1
0.0,0.487241,0
1.0,0.4954927,0
1.0,0.49436036,0
0.0,0.3112736,0
0.0,0.49567643,0
0.0,0.49095818,0
0.0,0.4837394,0
1.0,0.45991233,0
0.0,0.50585055,1
0.0,0.4956906,0
0.0,0.49406224,0
0.0,0.40389234,0
1.0,0.49573052,0
1.0,0.2802153,0
1.0,0.48515615,0
1.0,0.49459195,0
1.0,0.3141658,0
1.0,0.29809937,0
0.0,0.49299884,0
1.0,0.49458238,0
1.0,0.3753745,0
0.0,0.3968275,0
1.0,0.3908885,0
1.0,0.4914011,0
0.0,0.39263773,0
1.0,0.497923,0
0.0,0.49499542,0
0.0,0.29682675,0
0.0,0.48817706,0
0.0,0.49573052,0
0.0,0.3919757,0
0.0,0.31977874,0
1.0,0.9983171,1
1.0,0.48554245,0
1.0,0.99729353,1
1.0,0.4884521,0
0.0,0.020478683,0
0.0,0.49498934,0
0.0,0.27187422,0
0.0,0.4893375,0
1.0,0.496171,0
0.0,0.49439514,0
0.0,0.5026625,1
0.0,0.49811375,0
0.0,0.4955675,0
0.0,0.49505723,0
1.0,0.49140254,0
0.0,0.4927153,0
0.0,0.4060647,0
0.0,0.49152917,0
0.0,0.49556926,0
0.0,0.50450724,1
0.0,0.5001566,1
0.0,0.11501728,0
0.0,0.24365854,0
0.0,0.49616212,0
0.0,0.316602,0
0.0,0.39275348,0
1.0,0.49573806,0
1.0,0.49317652,0
1.0,0.38565174,0
1.0,0.39459294,0
0.0,0.39238027,0
0.0,0.5078766,1
0.0,0.09882529,0
0.0,0.48554245,0
1.0,0.49551645,0
0.0,0.2896381,0
0.0,0.488471,0
0.0,0.49569038,0
0.0,0.49458238,0
0.0,0.24479878,0
1.0,0.48380512,0
0.0,0.31509402,0
1.0,0.26060265,0
1.0,0.49549925,0
0.0,0.4957956,0
0.0,0.49148655,0
1.0,0.49214265,0
0.0,0.49368566,0
0.0,0.49152917,0
1.0,0.27493545,0
0.0,0.38285106,0
1.0,0.4949134,0
0.0,0.49208093,0
1.0,0.99959224,1
0.0,0.4947619,0
0.0,0.49394083,0
1.0,0.51000446,1
1.0,0.4951436,0
0.0,0.4934162,0
0.0,0.48991403,0
0.0,0.49551645,0
1.0,0.5031584,1
0.0,0.49002016,0
1.0,0.49035913,0
0.0,0.48686448,0
1.0,0.48284665,0
0.0,0.4847391,0
0.0,0.49017924,0
1.0,0.49605784,0
0.0,0.48928225,0
0.0,0.09311398,0
1.0,0.48596966,0
1.0,0.49562454,0
0.0,0.49368566,0
1.0,0.40012512,0
1.0,0.49533838,0
0.0,0.4949134,0
0.0,0.49422795,0
1.0,0.38865817,0
0.0,0.39894742,0
0.0,0.17896898,0
1.0,0.5075963,1
0.0,0.4955675,0
0.0,0.5025005,1
1.0,0.48435745,0
0.0,0.48496202,0
0.0,0.4956906,0
0.0,0.08593721,0
0.0,0.4911187,0
1.0,0.9899345,1
0.0,0.48562637,0
0.0,0.48802733,0
0.0,0.4936883,0
0.0,0.38618004,0
1.0,0.49175394,0
0.0,0.50461674,1
1.0,0.50921917,1
0.0,0.25857675,0
0.0,0.24642709,0
0.0,0.48632702,0
1.0,0.9999081,1
0.0,0.5078903,1
0.0,0.49569038,0
0.0,0.32819286,0
1.0,0.48685008,0
0.0,0.42223093,0
0.0,0.31581154,0
1.0,0.4922431,0
0.0,0.2530033,0
0.0,0.4949405,0
1.0,0.9997702,1
1.0,0.9919328,1
0.0,0.50680906,1
0.0,0.4898433,0
0.0,0.2553579,0
1.0,0.49368566,0
1.0,0.49562332,0
1.0,0.9982241,1
0.0,0.40040556,0
0.0,0.4956906,0
1.0,0.39602494,0
0.0,0.31935877,0
1.0,0.506042,1
1.0,0.9999237,1
0.0,0.4897349,0
1.0,0.4956906,0
1.0,0.48910987,0
1.0,0.49549925,0
0.0,0.5060026,1
1.0,0.37006375,0
0.0,0.4911317,0
1.0,0.48942572,0
1.0,0.3955129,0
0.0,0.4956823,0
0.0,0.48133278,0
1.0,0.9981059,1
1.0,0.49560568,0
0.0,0.25915414,0
1.0,0.49414644,0
0.0,0.48840323,0
1.0,0.49121234,0
0.0,0.48825046,0
1.0,0.99931717,1
1.0,0.4914011,0
1.0,0.4951412,0
1.0,0.49368566,0
1.0,0.9999956,1
0.0,0.49368566,0
1.0,0.4823706,0
1.0,0.49311784,0
0.0,0.49616212,0
0.0,0.31602612,0
1.0,0.48973727,0
0.0,0.49569038,0
0.0,0.4937883,0
1.0,0.4918458,0
1.0,0.48380512,0
0.0,0.4832396,0
0.0,0.072531454,0
1.0,0.495356,0
1.0,0.49394083,0
0.0,0.4954927,0
0.0,0.49368635,0
0.0,0.49295527,0
0.0,0.4956906,0
1.0,1.0,1
1.0,0.4946622,0
1.0,0.40037587,0
1.0,0.49573806,0
0.0,0.48282865,0
0.0,0.49585035,0
0.0,0.48591194,0
1.0,0.487241,0
0.0,0.4864479,0
1.0,0.27574468,0
1.0,0.4895451,0
0.0,0.4892411,0
0.0,0.07155549,0
1.0,0.49368566,0
0.0,0.058807187,0
0.0,0.49410912,0
0.0,0.49032605,0
0.0,0.487241,0
1.0,0.49562442,0
0.0,0.4951412,0
0.0,0.25504288,0
0.0,0.49562332,0
0.0,0.49534872,0
0.0,0.49549276,0
1.0,0.4950461,0
0.0,0.38747188,0
0.0,0.49425158,0
0.0,0.48027048,0
1.0,0.49479747,0
0.0,0.49573806,0
0.0,0.49167103,0
0.0,0.22096995,0
0.0,0.4960609,0
0.0,0.4957956,0
1.0,0.4951412,0
0.0,0.4897349,0
1.0,0.48596966,0
0.0,0.50425714,1
0.0,0.4882123,0
0.0,0.49185762,0
0.0,0.487241,0
1.0,1.0,1
0.0,0.4841364,0
0.0,0.4847967,0
0.0,0.48418003,0
0.0,0.48602203,0
0.0,0.30236524,0
1.0,0.49579,0
1.0,0.49295527,0
0.0,0.25948304,0
1.0,0.2546372,0
0.0,0.28633425,0
0.0,0.49175394,0
0.0,0.17890511,0
0.0,0.49608448,0
0.0,0.38417792,0
1.0,0.4937883,0
1.0,0.9991372,1
0.0,0.49135044,0
0.0,0.38950497,0
1.0,0.49072552,0
0.0,0.49258047,0
0.0,0.24390866,0
0.0,0.49202678,0
1.0,0.4878647,0
1.0,0.49367025,0
0.0,0.39545768,0
1.0,0.3922318,0
1.0,0.39556783,0
0.0,0.48973775,0
1.0,0.99905914,1
0.0,0.49562532,0
1.0,0.9993001,1
1.0,0.49410912,0
0.0,0.4899161,0
0.0,0.011035235,0
0.0,0.48907772,0
1.0,0.99744225,1
1.0,0.49536997,0
0.0,0.49120888,0
0.0,0.49411047,0
1.0,0.99857616,1
0.0,0.48739952,0
0.0,0.32381886,0
0.0,0.49368724,0
1.0,0.40125844,0
1.0,0.49369037,0
1.0,0.4915922,0
1.0,0.4942459,0
1.0,0.50836825,1
0.0,0.49043378,0
0.0,0.3116105,0
1.0,0.4949405,0
0.0,0.48630977,0
0.0,0.44452876,0
1.0,0.49583924,0
0.0,0.31050402,0
1.0,0.4884521,0
0.0,0.48357415,0
1.0,0.49335697,0
0.0,0.49459407,0
1.0,0.49410683,0
0.0,0.49616212,0
0.0,0.31127998,0
1.0,0.39113894,0
0.0,0.4914311,0
1.0,0.3228605,0
1.0,0.49479747,0
1.0,0.4851986,0
0.0,0.487241,0
0.0,0.4954688,0
0.0,0.39133316,0
1.0,1.0,1
1.0,0.4021463,0
0.0,0.48554608,0
1.0,0.4881157,0
0.0,0.49410683,0
0.0,0.49458238,0
0.0,0.5071231,1
1.0,0.48941377,0
0.0,0.48172358,0
0.0,0.48632702,0
1.0,0.4884521,0
0.0,0.50399375,1
1.0,0.49572107,0
0.0,0.4895451,0
1.0,0.48804674,0
0.0,0.49223813,0
0.0,0.49429587,0
1.0,0.38114533,0
0.0,0.49273798,0
0.0,0.49482167,0
0.0,0.38966507,0
0.0,0.38540286,0
1.0,0.48344934,0
0.0,0.49549925,0
0.0,0.49928185,0
0.0,0.49607575,0
1.0,0.4949405,0
1.0,0.4844633,0
0.0,0.49562407,0
0.0,0.40082893,0
1.0,0.49476898,0
0.0,0.49295527,0
0.0,0.49007323,0
1.0,0.49410683,0
0.0,0.022996284,0
0.0,0.4911317,0
0.0,0.034268405,0
1.0,0.49012724,0
1.0,0.4854583,0
0.0,0.49339524,0
1.0,0.4908545,0
0.0,0.49505723,0
1.0,0.317048,0
1.0,0.97261524,1
1.0,0.49551645,0
0.0,0.50818586,1
0.0,0.49583924,0
0.0,0.49397317,0
1.0,0.49582246,0
0.0,0.48596966,0
1.0,0.49562454,0
1.0,0.49416727,0
1.0,0.49485502,0
0.0,0.40667868,0
1.0,0.4831471,0
1.0,0.9996953,1
1.0,0.39171872,0
0.0,0.4949238,0
1.0,0.49562407,0
0.0,0.4895451,0
1.0,0.38602766,0
0.0,0.2538071,0
0.0,0.36572352,0
0.0,0.49573052,0
0.0,0.48383287,0
1.0,0.9994784,1
0.0,0.48968524,0
0.0,0.3979865,0
1.0,0.9817255,1
1.0,0.48531368,0
0.0,0.37203768,0
0.0,0.29915208,0
1.0,0.2854544,0
1.0,0.998896,1
0.0,0.31887987,0
0.0,0.48863316,0
0.0,0.49459195,0
0.0,0.5048073,1
0.0,0.48409465,0
1.0,0.49461448,0
0.0,0.38656062,0
0.0,0.49085805,0
1.0,0.48677668,0
1.0,0.49691594,0
1.0,0.49534693,0
1.0,0.49249706,0
1.0,0.4915588,0
1.0,0.9986142,1
0.0,0.4895451,0
1.0,0.4941043,0
1.0,0.9990589,1
0.0,0.49023515,0
0.0,0.49369183,0
0.0,0.37052348,0
0.0,0.49549925,0
0.0,0.48602203,0
0.0,0.48554245,0
0.0,0.49508375,0
1.0,0.49526426,0
1.0,0.9999999,1
0.0,0.4921783,0
0.0,0.4851986,0
1.0,0.49097648,0
1.0,0.49673226,0
1.0,0.48700362,0
1.0,0.4979049,0
1.0,0.99144614,1
0.0,0.48399627,0
1.0,0.49368566,0
0.0,0.30560583,0
0.0,0.4868579,0
1.0,0.49029544,0
0.0,0.49567643,0
1.0,0.5024128,1
1.0,0.2356171,0
0.0,0.4946622,0
0.0,0.49112642,0
0.0,0.35879794,0
1.0,0.49607575,0
0.0,0.109649494,0
1.0,0.8969864,1
1.0,0.4938091,0
1.0,0.49311784,0
1.0,0.5070791,1
0.0,0.5062415,1
0.0,0.3546182,0
0.0,0.4956906,0
0.0,0.49551645,0
0.0,0.487241,0
1.0,0.4895451,0
1.0,0.48316586,0
1.0,0.50776386,1
0.0,0.017981503,0
0.0,0.49112642,0
0.0,0.48435745,0
0.0,0.49368566,0
0.0,0.49508375,0
0.0,0.48728752,0
0.0,0.5075271,1
1.0,0.48973122,0
0.0,0.49089718,0
1.0,0.49072552,0
0.0,0.49152917,0
1.0,0.49305308,0
0.0,0.48267135,0
0.0,0.4956906,0
1.0,0.49458238,0
0.0,0.487241,0
0.0,0.50399375,1
1.0,0.99830747,1
0.0,0.48700362,0
1.0,0.2633979,0
0.0,0.4938091,0
0.0,0.49479747,0
1.0,0.49584895,0
0.0,0.39093602,0
1.0,0.9886451,1
0.0,0.39542502,0
0.0,0.49085805,0
1.0,0.49567327,0
1.0,0.99989986,1
0.0,0.30359846,0
0.0,0.48989367,0
0.0,0.4884521,0
0.0,0.49434888,0
0.0,0.3732167,0
0.0,0.49614468,0
1.0,0.4947619,0
0.0,0.4956823,0
1.0,0.4946189,0
1.0,0.49089718,0
0.0,0.5069727,1
1.0,0.37165314,0
0.0,0.4817685,0
1.0,0.4939409,0
0.0,0.49939415,0
0.0,0.49566695,0
0.0,0.38986978,0
0.0,0.2379775,0
1.0,0.48357415,0
1.0,0.48596966,0
1.0,0.39545998,0
0.0,0.49002016,0
0.0,0.39555514,0
0.0,0.4895451,0
0.0,0.32025006,0
0.0,0.49369183,0
0.0,0.49119726,0
0.0,0.4955675,0
0.0,0.5033542,1
0.0,0.3678959,0
0.0,0.4941043,0
0.0,0.49550733,0
1.0,0.48410243,0
1.0,0.3644024,0
1.0,0.49505723,0
0.0,0.49545243,0
0.0,0.49097648,0
0.0,0.4937883,0
0.0,0.49368635,0
0.0,0.38832474,0
1.0,0.9988129,1
1.0,0.49567643,0
1.0,0.49608448,0
0.0,0.4956906,0
0.0,0.4948319,0
0.0,0.4878508,0
0.0,0.23257613,0
0.0,0.4947028,0
1.0,0.49454647,0
1.0,0.49202678,0
1.0,0.39125592,0
0.0,0.30127078,0
1.0,0.49301577,0
1.0,0.49410912,0
0.0,0.4938091,0
1.0,0.49202678,0
0.0,0.5026625,1
1.0,0.5070382,1
0.0,0.38966507,0
0.0,0.49506038,0
0.0,0.50335056,1
0.0,0.16248308,0
1.0,0.4943159,0
0.0,0.49534687,0
0.0,0.39983627,0
1.0,0.98218083,1
0.0,0.48418003,0
0.0,0.4895451,0
0.0,0.37574285,0
1.0,0.48380435,0
1.0,0.9988589,1
0.0,0.49496526,0
0.0,0.49505898,0
1.0,0.39671463,0
0.0,0.4859164,0
0.0,0.48989367,0
0.0,0.16151285,0
0.0,0.48577097,0
0.0,0.4895451,0
0.0,0.43816832,0
0.0,0.49258354,0
1.0,0.49475485,0
1.0,0.4958071,0
0.0,0.38326696,0
0.0,0.496171,0
1.0,0.48390993,0
1.0,0.49368566,0
0.0,0.25562266,0
0.0,0.49043378,0
1.0,0.4949238,0
0.0,0.26082665,0
0.0,0.24218762,0
1.0,0.49549925,0
0.0,0.4949238,0
0.0,0.48871443,0
0.0,0.24322629,0
0.0,0.49454647,0
1.0,0.4882844,0
0.0,0.50292116,1
0.0,0.23932397,0
0.0,0.48961455,0
1.0,0.4910781,0
0.0,0.31867033,0
0.0,0.2848842,0
1.0,0.38702804,0
1.0,0.50818247,1
1.0,0.5079748,1
1.0,0.4933145,0
1.0,0.9991103,1
0.0,0.49055567,0
1.0,0.4861486,0
0.0,0.4948208,0
0.0,0.49549276,0
0.0,0.493242,0
0.0,0.48380506,0
0.0,0.39690328,0
1.0,0.49280062,0
1.0,0.49311784,0
1.0,0.4956906,0
0.0,0.48941177,0
0.0,0.49567643,0
1.0,0.9992161,1
1.0,0.49499542,0
1.0,0.48435745,0
1.0,0.507986,1
0.0,0.48812467,0
1.0,0.39685047,0
0.0,0.14407656,0
1.0,0.49368724,0
0.0,0.487241,0
0.0,0.4922268,0
0.0,0.49439514,0
1.0,0.49091625,0
0.0,0.40004006,0
0.0,0.49454647,0
1.0,0.4922431,0
0.0,0.48989367,0
0.0,0.49368635,0
1.0,0.48817706,0
1.0,0.50818044,1
0.0,0.3952724,0
1.0,0.3818973,0
1.0,0.49007323,0
0.0,0.5074289,1
0.0,0.2958419,0
0.0,0.5026158,1
1.0,0.396025,0
0.0,0.4847391,0
0.0,0.49783823,0
1.0,0.4927675,0
1.0,0.49479747,0
1.0,0.48907772,0
1.0,0.49508375,0
1.0,0.48973122,0
0.0,0.4955675,0
0.0,0.49097422,0
1.0,0.49587867,0
0.0,0.49171,0
0.0,0.48369622,0
0.0,0.4884521,0
1.0,0.50893563,1
1.0,0.49789,0
1.0,0.495356,0
1.0,0.9973495,1
1.0,0.9989053,1
1.0,0.48174807,0
0.0,0.48916474,0
0.0,0.021440493,0
1.0,0.4949515,0
1.0,0.487241,0
1.0,0.49562332,0
1.0,0.48605874,0
1.0,0.48744893,0
1.0,0.48630977,0
0.0,0.48484647,0
0.0,0.4946622,0
0.0,0.30995673,0
0.0,0.48825046,0
1.0,0.5087707,1
0.0,0.38888317,0
0.0,0.4947028,0
1.0,0.26383957,0
1.0,0.49569038,0
0.0,0.49549276,0
0.0,0.49335697,0
0.0,0.40562332,0
1.0,0.487241,0
0.0,0.49549276,0
1.0,0.4882844,0
0.0,0.37641606,0
1.0,0.50558436,1
1.0,0.49812865,0
0.0,0.4956906,0
0.0,0.4830163,0
1.0,0.48817706,0
0.0,0.38365474,0
0.0,0.49112377,0
0.0,0.31906563,0
0.0,0.21357489,0
0.0,0.49027303,0
1.0,0.99755365,1
0.0,0.4938091,0
0.0,0.49195188,0
1.0,0.3810533,0
1.0,0.999086,1
0.0,0.5083819,1
0.0,0.30185407,0
1.0,0.49711013,0
0.0,0.4949238,0
1.0,0.48665705,0
0.0,0.48320374,0
0.0,0.4951412,0
1.0,0.38968945,0
1.0,0.48295185,0
0.0,0.38827765,0
0.0,0.49410683,0
0.0,0.20957229,0
1.0,0.99942136,1
0.0,0.4946189,0
0.0,0.49368566,0
0.0,0.3912823,0
0.0,0.4833107,0
0.0,0.5079397,1
1.0,0.49072552,0
1.0,0.49188784,0
0.0,0.49573052,0
1.0,0.496171,0
0.0,0.38747188,0
0.0,0.49121234,0
0.0,0.25892994,0
1.0,0.49109536,0
1.0,0.48492247,0
0.0,0.48241192,0
0.0,0.36961368,0
1.0,0.4936982,0
1.0,0.487241,0
1.0,0.48418003,0
0.0,0.48513922,0
1.0,0.4884521,0
1.0,0.49436036,0
1.0,0.49121234,0
1.0,0.49035913,0
1.0,0.9990772,1
0.0,0.38578355,0
0.0,0.008789023,0
0.0,0.28782135,0
1.0,0.4831316,0
0.0,0.49573806,0
1.0,1.0,1
0.0,0.4946622,0
1.0,0.48591515,0
0.0,0.008342198,0
1.0,0.4956906,0
0.0,0.49368566,0
1.0,0.3966743,0
1.0,0.48441815,0
0.0,0.4948319,0
0.0,0.49097422,0
0.0,0.36934668,0
1.0,0.49608448,0
0.0,0.48435745,0
1.0,1.0,1
0.0,0.49608448,0
1.0,0.5081694,1
1.0,0.988106,1
1.0,0.99930716,1
0.0,0.026284233,0
0.0,0.38939837,0
1.0,0.31223667,0
1.0,0.49961442,0
0.0,0.39633775,0
0.0,0.5087954,1
0.0,0.38359442,0
1.0,0.49569038,0
0.0,0.48968524,0
0.0,0.49264273,0
0.0,0.4851986,0
0.0,0.49438372,0
0.0,0.3921105,0
0.0,0.49439514,0
1.0,0.4939409,0
1.0,0.49439514,0
0.0,0.49135044,0
0.0,0.39920086,0
0.0,0.4951029,0
0.0,0.22099198,0
0.0,0.48390993,0
0.0,0.4914011,0
0.0,0.5083432,1
1.0,1.0,1
0.0,0.48435745,0
0.0,0.49202678,0
1.0,0.39524832,0
0.0,0.48731664,0
0.0,0.4925334,0
0.0,0.49591604,0
1.0,0.48665705,0
0.0,0.49606618,0
0.0,0.4951412,0
0.0,0.4876076,0
1.0,0.4950537,0
0.0,0.37951204,0
1.0,0.49538043,0
1.0,0.4864479,0
1.0,0.49573806,0
1.0,0.48206002,0
0.0,0.49505132,0
0.0,0.48567197,0
0.0,0.4847391,0
0.0,0.49439514,0
0.0,0.39070028,0
0.0,0.48997924,0
0.0,0.27293655,0
0.0,0.49505723,0
1.0,0.48545462,0
0.0,0.49567643,0
0.0,0.4956906,0
1.0,0.3975064,0
1.0,0.50809336,1
1.0,0.39946175,0
0.0,0.5082983,1
1.0,0.5086125,1
0.0,0.39180565,0
1.0,0.49175394,0
0.0,0.49542832,0
0.0,0.48441815,0
1.0,0.4956823,0
0.0,0.5026926,1
1.0,0.48330346,0
0.0,0.48899582,0
0.0,0.31977874,0
0.0,0.28654185,0
0.0,0.3155372,0
1.0,0.49495617,0
0.0,0.24067833,0
1.0,0.3891311,0
0.0,0.4934747,0
0.0,0.48596966,0
0.0,0.4947028,0
0.0,0.4922914,0
1.0,0.4950537,0
1.0,0.48821944,0
0.0,0.30269814,0
1.0,0.4922431,0
0.0,0.31308487,0
0.0,0.49043378,0
0.0,0.38031527,0
0.0,0.4951412,0
1.0,0.39666906,0
0.0,0.49454647,0
1.0,0.39498398,0
0.0,0.48577097,0
0.0,0.5050495,1
0.0,0.4897349,0
1.0,0.5015594,1
0.0,0.39561054,0
0.0,0.49573806,0
1.0,0.9991935,1
0.0,0.39100212,0
0.0,0.14057787,0
0.0,0.48750466,0
0.0,0.48989367,0
0.0,0.37760615,0
1.0,0.4890419,0
0.0,0.49562442,0
0.0,0.49436006,0
0.0,0.487241,0
1.0,0.49585506,0
1.0,0.49449387,0
0.0,0.48700362,0
0.0,0.5005134,1
1.0,0.48464754,0
0.0,0.48148826,0
1.0,0.3789365,0
1.0,0.49175394,0
0.0,0.49484357,0
0.0,0.39928192,0
1.0,0.4922059,0
1.0,0.38771057,0
1.0,0.48554245,0
0.0,0.4847391,0
0.0,0.4936656,0
0.0,0.4906759,0
1.0,0.9993499,1
1.0,0.49280867,0
1.0,0.49368566,0
1.0,0.4794641,0
1.0,0.5076184,1
0.0,0.4956906,0
1.0,0.48435745,0
0.0,0.4854583,0
1.0,0.29325688,0
1.0,0.9994716,1
1.0,0.48884138,0
0.0,0.49480784,0
0.0,0.49410683,0
1.0,0.49573806,0
1.0,0.9998832,1
1.0,0.38592768,0
1.0,0.48596966,0
1.0,0.49573538,0
0.0,0.50744915,1
1.0,0.49368566,0
1.0,0.48442703,0
0.0,0.4884521,0
0.0,0.31372803,0
0.0,0.48554245,0
1.0,0.39275348,0
0.0,0.4931797,0
0.0,0.487241,0
0.0,0.4903629,0
1.0,0.49453855,0
0.0,0.3835419,0
0.0,0.39542285,0
0.0,0.49935555,0
0.0,0.48515615,0
1.0,0.99781847,1
1.0,0.4895451,0
1.0,0.4921143,0
1.0,0.48835257,0
0.0,0.49458238,0
0.0,0.49538043,0
0.0,0.4939409,0
0.0,0.39111954,0
0.0,0.49591604,0
1.0,0.9930709,1
1.0,0.25833553,0
0.0,0.49573806,0
0.0,0.39113382,0
1.0,0.49295527,0
0.0,0.49097422,0
1.0,0.9991248,1
1.0,0.3889591,0
0.0,0.48295814,0
0.0,0.32056135,0
0.0,0.49280062,0
1.0,0.48390993,0
0.0,0.48385954,0
1.0,0.48172358,0
1.0,0.49506038,0
1.0,0.483902,0
0.0,0.4845701,0
1.0,0.9991283,1
1.0,0.5008214,1
1.0,0.49397358,0
1.0,0.48961455,0
1.0,0.48817706,0
0.0,0.2740695,0
0.0,0.4853191,0
0.0,0.503873,1
0.0,0.50504535,1
0.0,0.49248794,0
0.0,0.4941611,0
0.0,0.4847967,0
1.0,0.4939409,0
0.0,0.48435745,0
0.0,0.49368566,0
0.0,0.49551645,0
0.0,0.48554608,0
1.0,0.48380435,0
0.0,0.39537075,0
0.0,0.50758845,1
1.0,0.99899083,1
0.0,0.49167103,0
0.0,0.50207794,1
1.0,0.49313644,0
1.0,0.48380506,0
0.0,0.48995787,0
0.0,0.48677668,0
1.0,0.4884521,0
0.0,0.49549276,0
1.0,0.4956823,0
1.0,0.49109536,0
0.0,0.4892411,0
0.0,0.49878487,0
1.0,0.48307827,0
1.0,0.49368566,0
1.0,0.485054,0
0.0,0.49121234,0
0.0,0.49506038,0
0.0,0.5062783,1
0.0,0.5013357,1
0.0,0.40107542,0
0.0,0.496171,0
1.0,0.99520206,1
0.0,0.4090039,0
1.0,0.49214265,0
1.0,0.49152917,0
1.0,0.38497004,0
0.0,0.49368566,0
1.0,0.49454647,0
1.0,0.49097422,0
0.0,0.39446428,0
1.0,0.4882956,0
1.0,0.49549925,0
0.0,0.48380506,0
0.0,0.50602275,1
0.0,0.39275348,0
1.0,0.50543565,1
1.0,0.29702312,0
1.0,0.4884521,0
0.0,0.49097422,0
1.0,0.38968945,0
0.0,0.5049237,1
0.0,0.49454647,0
0.0,0.49439514,0
0.0,0.4923286,0
0.0,0.49458238,0
0.0,0.48907772,0
0.0,0.4927675,0
1.0,0.99771464,1
1.0,0.5062415,1
0.0,0.3152712,0
0.0,0.49372187,0
0.0,0.49439514,0
0.0,0.40029785,0
0.0,0.49295527,0
1.0,0.48677668,0
1.0,0.38875723,0
0.0,0.48244885,0
0.0,0.3703621,0
1.0,0.49551645,0
1.0,0.49112642,0
1.0,0.4267456,0
1.0,0.4946622,0
1.0,0.4946899,0
0.0,0.4922268,0
0.0,0.48809752,0
0.0,0.49562454,0
1.0,0.992919,1
1.0,0.3977276,0
0.0,0.4063433,0
0.0,0.34854233,0
0.0,0.49072552,0
0.0,0.40309468,0
1.0,0.49368566,0
0.0,0.48854423,0
0.0,0.4884521,0
1.0,0.49452952,0
1.0,0.4897349,0
1.0,0.49202678,0
1.0,0.5077026,1
1.0,0.4868762,0
0.0,0.06504117,0
1.0,0.48973727,0
0.0,0.49505723,0
0.0,0.4932116,0
0.0,0.49479747,0
0.0,0.39849082,0
0.0,0.19618472,0
0.0,0.48436797,0
0.0,0.50959843,1
0.0,0.49339524,0
1.0,0.994619,1
1.0,0.49514055,0
1.0,0.48307827,0
0.0,0.4810891,0
1.0,0.9989342,1
0.0,0.49249706,0
0.0,0.39805835,0
0.0,0.2378309,0
0.0,0.50096065,1
0.0,0.31902277,0
0.0,0.5073794,1
1.0,0.49071017,0
0.0,0.49305853,0
0.0,0.49368566,0
0.0,0.261208,0
1.0,0.49481124,0
0.0,0.495356,0
0.0,0.3211773,0
1.0,0.48448032,0
0.0,0.3966978,0
1.0,0.48577097,0
0.0,0.500922,1
0.0,0.48677668,0
1.0,0.48458734,0
1.0,0.99999976,1
0.0,0.4882089,0
0.0,0.37469968,0
0.0,0.42851597,0
0.0,0.31665027,0
1.0,0.9983254,1
0.0,0.4908975,0
0.0,0.4063479,0
0.0,0.49175394,0
1.0,0.4915588,0
0.0,0.48404196,0
0.0,0.39240065,0
1.0,0.4903629,0
1.0,0.4949405,0
0.0,0.49783823,0
0.0,0.49673226,0
1.0,0.48380056,0
0.0,0.48396143,0
1.0,0.49217436,0
0.0,0.49556926,0
0.0,0.4939409,0
0.0,0.49549925,0
0.0,0.3818294,0
0.0,0.48809752,0
0.0,0.48146626,0
1.0,0.4831471,0
0.0,0.26454416,0
0.0,0.4952023,0
0.0,0.48499426,0
1.0,0.50798273,1
0.0,0.48172358,0
0.0,0.49032605,0
0.0,0.48302248,0
1.0,0.487241,0
0.0,0.4899257,0
0.0,0.50453424,1
0.0,0.3178195,0
1.0,0.48587373,0
0.0,0.49506038,0
0.0,0.24966517,0
1.0,0.9717209,1
1.0,0.9985701,1
0.0,0.49573052,0
1.0,0.48409465,0
0.0,0.4947028,0
0.0,0.4950537,0
0.0,0.38643062,0
0.0,0.49608448,0
0.0,0.5024646,1
1.0,0.49458238,0
0.0,0.48596966,0
1.0,0.49368635,0
0.0,0.50763524,1
1.0,0.49505723,0
0.0,0.4951029,0
1.0,0.9997025,1
0.0,0.26844177,0
0.0,0.26621142,0
0.0,0.5048402,1
0.0,0.21700987,0
1.0,0.4957956,0
1.0,0.49490768,0
0.0,0.4951029,0
1.0,0.9989888,1
0.0,0.49551645,0
0.0,0.4887016,0
0.0,0.48011294,0
1.0,0.3725811,0
0.0,0.4947028,0
1.0,0.49368566,0
0.0,0.3986643,0
1.0,0.4922431,0
0.0,0.2754592,0
1.0,0.31935945,0
0.0,0.49154404,0
0.0,0.48577097,0
0.0,0.49202678,0
1.0,0.5067673,1
1.0,0.22815417,0
0.0,0.4938091,0
1.0,0.48580396,0
0.0,0.48811775,0
0.0,0.40183094,0
1.0,0.49097422,0
1.0,0.28225505,0
1.0,0.49562454,0
1.0,0.23752205,0
0.0,0.49439514,0
1.0,0.48809752,0
0.0,0.48910874,0
1.0,0.4884686,0
1.0,0.4939409,0
1.0,0.48435745,0
0.0,0.49506027,0
1.0,0.9989022,1
1.0,0.4915588,0
0.0,0.4884521,0
0.0,0.39544925,0
0.0,0.3954499,0
0.0,0.4908545,0
0.0,0.24545112,0
0.0,0.22169444,0
0.0,0.4912288,0
1.0,0.99916565,1
1.0,0.49562332,0
0.0,0.49585035,0
0.0,0.288444,0
0.0,0.49439514,0
1.0,0.49567643,0
0.0,0.26013318,0
0.0,0.49439514,0
1.0,0.49384516,0
0.0,0.49048385,0
1.0,0.49335697,0
0.0,0.48961455,0
1.0,0.99868494,1
1.0,0.4956906,0
0.0,0.48146626,0
1.0,0.39337417,0
0.0,0.2530468,0
1.0,0.4837984,0
0.0,0.4956906,0
0.0,0.49573052,0
0.0,0.26425618,0
1.0,0.49481156,0
1.0,0.22451767,0
0.0,0.49567327,0
0.0,0.39219537,0
0.0,0.4951029,0
1.0,0.49301577,0
1.0,0.48989367,0
0.0,0.49567327,0
1.0,0.4937883,0
0.0,0.24358241,0
0.0,0.49301577,0
0.0,0.49273798,0
1.0,0.49283925,0
0.0,0.50817615,1
0.0,0.5081594,1
0.0,0.4957956,0
1.0,0.49002016,0
1.0,0.48809752,0
0.0,0.50756556,1
0.0,0.48369578,0
0.0,0.4956906,0
0.0,0.49561858,0
1.0,0.508577,1
0.0,0.4915588,0
1.0,0.4922431,0
1.0,0.48919362,0
1.0,0.49538043,0
1.0,0.49498934,0
1.0,0.49151292,0
1.0,0.99876225,1
0.0,0.49587867,0
1.0,0.5060026,1
1.0,0.9975696,1
0.0,0.49025866,0
1.0,0.38968945,0
0.0,0.4884521,0
1.0,0.4915588,0
1.0,0.99884534,1
0.0,0.23689523,0
0.0,0.38627258,0
0.0,0.28574553,0
1.0,0.24804929,0
0.0,0.4922914,0
0.0,0.4913911,0
0.0,0.49002016,0
0.0,0.4946622,0
0.0,0.48769104,0
0.0,0.49551645,0
0.0,0.48919362,0
0.0,0.487241,0
0.0,0.49072552,0
1.0,0.49040127,0
1.0,0.49491194,0
0.0,0.2517618,0
0.0,0.39555514,0
1.0,0.5032554,1
1.0,0.49495617,0
1.0,0.49410912,0
0.0,0.26753977,0
1.0,0.49311784,0
0.0,0.49485284,0
1.0,0.99878985,1
1.0,0.49607575,0
0.0,0.48369622,0
0.0,0.38094386,0
0.0,0.49372077,0
0.0,0.49228424,0
0.0,0.48942903,0
0.0,0.49591604,0
1.0,0.21699862,0
0.0,0.4952203,0
1.0,0.24790604,0
0.0,0.4926917,0
1.0,0.48532742,0
1.0,0.99825317,1
0.0,0.26920602,0
1.0,0.29078597,0
1.0,0.4918458,0
0.0,0.4927931,0
0.0,0.48967278,0
1.0,0.4931797,0
1.0,0.49573806,0
0.0,0.4222399,0
1.0,0.9989722,1
1.0,0.2647188,0
0.0,0.4951029,0
0.0,0.4947619,0
1.0,0.4927112,0
0.0,0.49479747,0
0.0,0.49295527,0
0.0,0.4918327,0
0.0,0.48966274,0
1.0,0.49461448,0
0.0,0.49562332,0
1.0,0.37760457,0
1.0,0.49567327,0
0.0,0.48991582,0
0.0,0.39237806,0
1.0,0.99864155,1
0.0,0.49624425,0
0.0,0.2951549,0
1.0,0.49475485,0
0.0,0.49919295,0
0.0,0.37315908,0
1.0,0.49068135,0
0.0,0.4903629,0
1.0,0.49479747,0
0.0,0.382421,0
1.0,0.21227877,0
0.0,0.3671329,0
0.0,0.49009436,0
1.0,0.14329685,0
0.0,0.4841364,0
0.0,0.4957956,0
1.0,0.50798446,1
0.0,0.50842714,1
1.0,0.487241,0
0.0,0.055022236,0
0.0,0.3999344,0
1.0,0.99895763,1
0.0,0.49573806,0
0.0,0.49397317,0
0.0,0.4882123,0
1.0,0.49504623,0
1.0,0.93771636,1
0.0,0.31264153,0
1.0,0.3665987,0
1.0,0.93183017,1
0.0,0.39147618,0
0.0,0.4840451,0
0.0,0.49559748,0
1.0,0.49368823,0
1.0,0.39570248,0
1.0,0.999275,1
0.0,0.4816085,0
0.0,0.2799326,0
1.0,0.39262217,0
0.0,0.48499426,0
0.0,0.36805314,0
1.0,0.49112642,0
0.0,0.3106311,0
0.0,0.48817706,0
1.0,0.9995912,1
0.0,0.49673226,0
0.0,0.3968275,0
1.0,0.49549276,0
1.0,0.3998027,0
1.0,0.39805213,0
1.0,0.25176582,0
0.0,0.3805666,0
0.0,0.3029068,0
0.0,0.48246253,0
0.0,0.49552348,0
1.0,0.48087442,0
1.0,0.9976694,1
0.0,0.49608448,0
0.0,0.49335697,0
1.0,0.48811775,0
0.0,0.4955675,0
0.0,0.48639572,0
0.0,0.49585986,0
1.0,0.4956906,0
1.0,0.4872976,0
1.0,0.4910119,0
1.0,0.48147413,0
0.0,0.38607678,0
1.0,0.48973727,0
0.0,0.49579063,0
1.0,0.30457184,0
1.0,0.4950537,0
0.0,0.4950771,0
0.0,0.48241192,0
0.0,0.50782806,1
0.0,0.49368635,0
1.0,0.48823604,0
1.0,0.49591604,0
0.0,0.36763427,0
1.0,0.31284225,0
0.0,0.4949238,0
1.0,0.49538043,0
0.0,0.4939409,0
0.0,0.064452305,0
0.0,0.48280886,0
1.0,0.48380506,0
0.0,0.11092049,0
1.0,0.49569038,0
0.0,0.4914011,0
1.0,0.48997924,0
1.0,0.50793755,1
1.0,0.48435745,0
0.0,0.49414644,0
1.0,0.23056284,0
0.0,0.4922431,0
1.0,0.49185762,0
1.0,0.5039327,1
0.0,0.4922431,0
0.0,0.3977276,0
1.0,0.99246323,1
1.0,0.49171,0
1.0,0.50826126,1
0.0,0.49032605,0
0.0,0.48809752,0
0.0,0.4897349,0
0.0,0.49211222,0
1.0,0.50807023,1
1.0,0.99638593,1
1.0,0.496171,0
0.0,0.49549276,0
0.0,0.48821798,0
1.0,0.38968092,0
0.0,0.4949238,0
0.0,0.39545998,0
1.0,0.48172358,0
0.0,0.48357415,0
0.0,0.49549276,0
1.0,0.49300238,0
0.0,0.4851203,0
1.0,0.49089718,0
0.0,0.49484357,0
1.0,0.99533385,1
1.0,0.9999225,1
0.0,0.49368635,0
1.0,0.49029544,0
1.0,0.49282685,0
0.0,0.49109536,0
0.0,0.49410912,0
0.0,0.49176234,0
0.0,0.4881656,0
0.0,0.37319574,0
0.0,0.49368566,0
1.0,0.4947028,0
0.0,0.48269334,0
0.0,0.018259209,0
0.0,0.057716,0
0.0,0.49562442,0
1.0,0.4927675,0
0.0,0.49608448,0
1.0,0.4854583,0
0.0,0.44418895,0
0.0,0.4922431,0
0.0,0.49368566,0
1.0,0.24619962,0
0.0,0.4918458,0
0.0,0.4895451,0
0.0,0.49479747,0
0.0,0.48596966,0
0.0,0.48380506,0
0.0,0.49572107,0
0.0,0.49089292,0
0.0,0.39042205,0
0.0,0.49304116,0
1.0,0.3966543,0
1.0,0.99871624,1
1.0,0.4899754,0
0.0,0.29129755,0
1.0,0.9997534,1
1.0,0.4920624,0
0.0,0.30813813,0
1.0,0.49566695,0
1.0,0.49587867,0
1.0,0.38968945,0
0.0,0.3148458,0
0.0,0.25815716,0
1.0,0.49566695,0
1.0,0.9990784,1
0.0,0.48811775,0
0.0,0.055135436,0
1.0,0.9986104,1
0.0,0.4949238,0
1.0,0.49506038,0
1.0,0.49591604,0
0.0,0.48961455,0
0.0,0.49673226,0
0.0,0.026029011,0
1.0,0.39398834,0
0.0,0.49783823,0
0.0,0.3818864,0
1.0,0.4951412,0
1.0,0.48304847,0
1.0,0.49562442,0
0.0,0.15650421,0
0.0,0.5070075,1
0.0,0.49774843,0
1.0,0.49439514,0
0.0,0.48396143,0
0.0,0.49295527,0
1.0,0.48748603,0
1.0,0.99985933,1
0.0,0.48345095,0
0.0,0.49616212,0
0.0,0.38955677,0
1.0,0.50391203,1
0.0,0.4914703,0
1.0,0.48549107,0
0.0,0.39770004,0
0.0,0.36928475,0
0.0,0.495356,0
0.0,0.4853191,0
1.0,0.48368797,0
0.0,0.4851235,0
0.0,0.49277613,0
1.0,0.48708993,0
0.0,0.49364755,0
0.0,0.5076437,1
1.0,0.4882868,0
0.0,0.48125094,0
0.0,0.49097422,0
0.0,0.4895451,0
0.0,0.4946622,0
0.0,0.4814675,0
0.0,0.3911673,0
0.0,0.49280816,0
0.0,0.49439514,0
0.0,0.30348444,0
1.0,0.5089708,1
0.0,0.49783823,0
0.0,0.49029544,0
1.0,0.4958071,0
0.0,0.48357415,0
1.0,0.4956906,0
0.0,0.48526195,0
1.0,0.4937189,0
1.0,0.48440185,0
1.0,0.49029544,0
1.0,0.9997019,1
0.0,0.49573806,0
0.0,0.48596966,0
0.0,0.49608448,0
1.0,0.49556926,0
0.0,0.48268124,0
0.0,0.49479747,0
0.0,0.28086206,0
0.0,0.49256745,0
1.0,0.49099258,0
1.0,0.4922431,0
0.0,0.050758272,0
0.0,0.48197448,0
1.0,0.48305014,0
0.0,0.48817706,0
0.0,0.49412793,0
0.0,0.49202678,0
0.0,0.48947644,0
1.0,0.3607861,0
1.0,0.4914311,0
0.0,0.27952453,0
1.0,0.49410683,0
0.0,0.4880538,0
0.0,0.36029974,0
0.0,0.4051831,0
0.0,0.3231059,0
0.0,0.32432202,0
1.0,0.48700362,0
1.0,0.40047023,0
1.0,0.4898996,0
0.0,0.07396906,0
0.0,0.48409465,0
0.0,0.48689812,0
1.0,0.49301577,0
0.0,0.5081693,1
1.0,0.40056494,0
0.0,0.49567643,0
1.0,0.48441815,0
0.0,0.2766794,0
1.0,0.4927153,0
0.0,0.48513922,0
0.0,0.48938295,0
0.0,0.49608448,0
0.0,0.4429466,0
1.0,0.4949238,0
0.0,0.4926417,0
0.0,0.49491194,0
0.0,0.48513922,0
0.0,0.3975064,0
1.0,0.49587867,0
1.0,0.39028543,0
0.0,0.3870051,0
0.0,0.49479747,0
0.0,0.39543375,0
0.0,0.4892064,0
0.0,0.49549276,0
0.0,0.4878777,0
0.0,0.23080392,0
0.0,0.48554245,0
1.0,0.49372187,0
0.0,0.50397015,1
0.0,0.28424594,0
1.0,0.4847391,0
0.0,0.1610076,0
1.0,0.4956906,0
0.0,0.10275427,0
0.0,0.49175394,0
1.0,0.9992015,1
1.0,0.48700362,0
1.0,0.39277795,0
0.0,0.4927675,0
1.0,0.48435745,0
1.0,0.48917577,0
0.0,0.4950537,0
0.0,0.3849523,0
1.0,0.39541525,0
0.0,0.2718742,0
0.0,0.48947644,0
0.0,0.39275348,0
0.0,0.4955675,0
1.0,0.4910267,0
0.0,0.4819782,0
1.0,0.995256,1
0.0,0.49175233,0
1.0,0.48418003,0
0.0,0.49506038,0
0.0,0.4950537,0
0.0,0.4883845,0
0.0,0.4895451,0
1.0,0.27460432,0
0.0,0.49363267,0
1.0,0.49425158,0
1.0,0.49585986,0
1.0,0.48160836,0
1.0,0.4932116,0
0.0,0.49549276,0
1.0,0.4868728,0
0.0,0.49007323,0
0.0,0.49439514,0
0.0,0.38714176,0
0.0,0.49368566,0
0.0,0.3912155,0
1.0,0.49562332,0
1.0,0.38534212,0
0.0,0.49459407,0
1.0,0.49579063,0
0.0,0.4922268,0
0.0,0.49135044,0
1.0,0.4847967,0
1.0,0.5024168,1
1.0,0.49097648,0
0.0,0.4941043,0
0.0,0.49429587,0
0.0,0.49368566,0
1.0,0.49120888,0
1.0,0.99677086,1
0.0,0.49135044,0
0.0,0.3837384,0
0.0,0.4911821,0
0.0,0.48616844,0
0.0,0.486172,0
0.0,0.4841364,0
1.0,0.9985714,1
0.0,0.26954263,0
0.0,0.49585035,0
1.0,0.48380712,0
1.0,0.49364755,0
0.0,0.48968524,0
0.0,0.49410683,0
0.0,0.24458078,0
1.0,0.49410683,0
0.0,0.49225247,0
0.0,0.48746535,0
0.0,0.49097648,0
1.0,0.49499542,0
0.0,0.4831554,0
0.0,0.47078964,0
1.0,0.49562332,0
1.0,0.49459195,0
0.0,0.4940029,0
1.0,0.487241,0
0.0,0.4903629,0
1.0,0.3015258,0
0.0,0.49311784,0
0.0,0.38747188,0
0.0,0.49566695,0
0.0,0.4946622,0
0.0,0.49410683,0
1.0,0.49258047,0
0.0,0.32203385,0
0.0,0.49262744,0
0.0,0.4841364,0
0.0,0.48147187,0
1.0,0.49370354,0
0.0,0.50585055,1
0.0,0.38747188,0
0.0,0.50522006,1
1.0,0.2262972,0
1.0,0.39184707,0
0.0,0.10830952,0
1.0,0.4895451,0
0.0,0.4831316,0
0.0,0.49479747,0
0.0,0.24415383,0
1.0,0.48513922,0
0.0,0.39479187,0
1.0,0.40539503,0
0.0,0.496171,0
0.0,0.38989934,0
0.0,0.49591604,0
1.0,0.50842714,1
0.0,0.4915588,0
0.0,0.21360956,0
1.0,0.31673858,0
0.0,0.49475485,0
0.0,0.49572107,0
1.0,0.4918458,0
1.0,0.49580258,0
0.0,0.5046667,1
1.0,0.5063123,1
1.0,0.99900526,1
0.0,0.49334237,0
0.0,0.28620785,0
1.0,0.49514928,0
1.0,0.48817706,0
0.0,0.49368635,0
1.0,0.50797975,1
0.0,0.39990366,0
0.0,0.28802085,0
0.0,0.49591604,0
1.0,0.4956906,0
0.0,0.49335697,0
1.0,0.5081386,1
0.0,0.49300453,0
1.0,0.9952265,1
1.0,0.49175394,0
1.0,0.49068135,0
0.0,0.4881737,0
1.0,0.4939409,0
0.0,0.4895451,0
0.0,0.48961455,0
1.0,0.48810184,0
0.0,0.39199725,0
1.0,0.995555,1
0.0,0.49567446,0
0.0,0.4946622,0
1.0,0.49311784,0
0.0,0.39841467,0
0.0,0.5067018,1
1.0,0.5005973,1
1.0,0.99794894,1
0.0,0.49097422,0
0.0,0.49311784,0
