y_true,y_pred,y_proba
0,1,0.6183606692442691
1,0,0.21190302372431097
1,0,0.3656487510132603
0,1,0.6236675651530138
1,1,0.5168908312977021
1,0,0.06784209278719906
1,0,0.3593588504239299
0,1,0.5148083908137516
0,1,0.5315390255484721
1,0,0.136
0,1,0.5148083908137516
0,0,0.49994549067271427
0,0,0.37558356262000436
0,1,0.5397069877880631
0,0,0.04
0,1,0.5186175984546153
0,0,0.4425266378350777
0,0,0.346
1,1,1.0
1,0,0.4597163934556409
0,1,0.5062091004224261
1,1,1.0
0,1,0.6120235513564808
1,1,0.842
0,1,0.994
0,0,0.114
0,0,0.0
1,0,0.4110090878069675
1,1,1.0
0,1,0.5062551569469426
0,1,0.5702995868798902
1,1,0.7394342443773138
1,0,0.45411167063826674
0,1,0.8058937827794267
1,0,0.239670224085798
1,0,0.340804165559314
0,1,0.5549177329767376
0,0,0.358359402952064
1,1,1.0
0,0,0.132
1,1,0.7690359028628831
1,1,0.5144574971134271
1,0,0.282
1,0,0.41635582814386296
1,0,0.4697383445553928
0,0,0.38689557008813197
1,1,0.5446153923852054
0,0,0.468841408237262
0,0,0.37490339873086514
1,0,0.4910703178175632
0,0,0.46252547144969347
1,1,1.0
1,1,0.546743198847846
1,0,0.4846550422197456
1,0,0.48445796888904447
1,0,0.4586471894326953
0,1,0.5062551569469426
1,0,0.4607529709772349
1,1,0.6629729004800115
1,0,0.18204358890232505
0,0,0.47618657596830494
1,1,0.9571179898542421
1,1,1.0
1,0,0.21335787297903017
1,1,0.5206012913692054
0,1,0.5315390255484721
0,0,0.44950214928545024
0,0,0.23661004254289086
0,0,0.002
0,0,0.2255304506346991
0,0,0.4690371103618516
1,1,0.5148083908137516
0,0,0.12035940295206402
0,0,0.49579009920675504
0,0,0.49886239820922595
0,0,0.30821478652085715
1,0,0.49994549067271427
1,0,0.47203741452604653
1,1,0.5008616683452152
1,1,0.5186175984546153
1,1,0.5546291780769825
0,1,0.6238223126204127
1,1,0.7789896640557102
1,0,0.49295965076484877
1,0,0.106
0,0,0.3585535982973038
1,1,0.5307810956670667
1,0,0.24268627586923702
0,1,0.5274458871662253
0,1,0.5179506995448857
1,0,0.255493932423742
0,0,0.49301185059592867
1,1,0.5148083908137516
1,1,0.5307810956670667
0,0,0.126
1,1,0.642450538557848
0,0,0.48071039105048385
1,0,0.44950214928545024
0,0,0.1515631571906288
1,1,1.0
0,1,0.521213248302004
0,1,0.5076741198716426
0,0,0.48277584033205967
1,1,0.5148083908137516
1,0,0.19722732166890805
0,1,0.6297153426496257
0,0,0.2570440882289015
0,0,0.49579009920675504
0,1,0.5501598917490345
0,0,0.2071127306954195
0,0,0.4322725601657114
0,1,0.6183606692442691
0,1,0.5148083908137516
1,1,0.5148083908137516
1,0,0.3107758403320597
0,1,0.5041457495382529
0,0,0.48573334785029304
1,0,0.4818662294014451
1,0,0.48456139294715117
1,1,1.0
0,1,0.5041457495382529
1,1,0.5029596836407091
0,0,0.45901950376428874
0,1,0.5076741198716426
1,0,0.20333828302895154
1,1,0.5148083908137516
1,0,0.4599242019982917
0,0,0.4933815720306598
0,1,0.5099706816256824
1,1,0.5873447193542976
1,1,0.588983762227404
0,0,0.092
0,0,0.48445796888904447
1,0,0.3863743451836792
1,0,0.4846550422197456
1,0,0.4341307663238103
0,0,0.34004248381928953
0,1,0.5307810956670667
0,0,0.46936033951834955
0,0,0.009713372514790234
0,1,0.588983762227404
0,1,0.5706389094950348
0,1,0.5008616683452152
1,1,0.5301418892261626
0,1,0.5978749512467517
0,0,0.4846550422197456
0,1,0.5571812997139598
0,1,0.5168908312977021
1,0,0.45650053647296956
0,0,0.48913121198346254
0,0,0.20788891436275073
1,0,0.49366174624760706
0,0,0.277724795499084
0,0,0.006
1,0,0.009713372514790234
1,0,0.4041688980639369
1,0,0.468841408237262
0,0,0.11234714644526453
0,1,0.5253154859573989
1,0,0.4433442332932364
1,1,0.5168908312977021
1,0,0.48764516612798786
0,0,0.4750077105375299
1,1,1.0
1,0,0.4015729644575041
1,1,0.5631179898542421
0,0,0.02
0,1,0.5005710121715935
0,0,0.2081296458015925
1,0,0.3294472623952632
0,0,0.35899157133079046
1,1,0.5303586267665066
1,1,0.554692071634821
0,1,0.5702995868798902
0,0,0.14680090684622882
1,1,0.574668822712649
1,0,0.47628215384141365
1,1,1.0
0,0,0.43687509100515526
0,1,0.5288197753589837
1,0,0.4476417175568387
0,1,0.5180276523965016
0,0,0.264029923998019
1,0,0.4536142114081671
1,1,0.5062791679048926
1,0,0.29500780562624074
1,0,0.38111176755988935
1,1,0.5475407875117035
0,0,0.294
0,1,0.5148083908137516
0,0,0.4846550422197456
0,1,0.6954200294996411
0,1,0.5378738036411618
1,1,0.573374093095259
0,0,0.4846550422197456
0,0,0.36911012655406916
1,1,0.5298929977844897
0,1,0.5307810956670667
0,1,0.5307185131626951
1,1,1.0
1,1,0.5295143721256249
0,0,0.4536142114081671
1,1,0.7512202698689898
1,1,0.5548780768496976
1,1,0.5571812997139598
1,0,0.41576191994524114
0,1,0.6721733064659896
1,0,0.4536142114081671
1,1,0.998
1,0,0.3602699773716928
0,0,0.004
0,1,0.6322756095635158
1,1,1.0
1,1,0.5921313760236293
0,0,0.156
0,0,0.4208154019456053
0,0,0.36777007155724345
1,1,0.508091237856624
1,1,1.0
1,1,0.5501598917490345
0,0,0.2159627790009397
0,1,0.9432586689135731
1,1,0.5285803243035255
0,1,0.7896492705137228
0,0,0.4933815720306598
1,0,0.282
1,0,0.39457283549883226
1,0,0.10017152356088396
0,0,0.4597163934556409
1,0,0.31045706649579974
1,1,1.0
1,0,0.4858245227197598
1,1,0.5045138203751658
1,0,0.44776508807210663
0,0,0.18491435850063798
0,0,0.35461760362661743
1,0,0.3585535982973038
1,1,1.0
0,0,0.006
0,0,0.32169133713916204
0,1,0.553860055621248
0,0,0.002
0,1,0.6243304360602889
1,1,0.5008616683452152
1,0,0.36900222289666224
0,0,0.044873749716780674
1,1,0.5595582326658877
0,0,0.10243547009400555
1,0,0.3476811257699697
0,0,0.24714223585391512
0,0,0.4922007930514516
0,1,0.570550159157931
1,0,0.3500788102298581
1,0,0.2813910190796729
0,0,0.17680125972984587
0,0,0.024
0,0,0.3601532250042887
0,1,0.5180276523965016
0,1,0.5841043073317866
1,0,0.22211907288151703
1,1,0.5014150420463898
0,1,0.5008616683452152
0,0,0.128
0,0,0.1913576764120698
0,0,0.48913121198346254
0,0,0.3765377104914455
1,1,0.5108537173826531
1,0,0.4476417175568387
1,1,1.0
1,0,0.14149253877285736
0,1,0.8800339976632087
0,1,0.842
1,0,0.4599287267677158
0,0,0.4586471894326953
1,1,0.580006052493627
1,1,0.6951179898542421
1,1,1.0
0,0,0.212
1,0,0.38152624440860183
0,0,0.086
1,1,0.5805381842618853
1,1,0.6272143710228599
0,0,0.42326595206610806
1,0,0.2554413113777545
1,1,1.0
0,0,0.48573334785029304
1,1,0.8675179082918171
0,0,0.49161102798523393
0,1,0.539572910930673
1,0,0.19028334375858733
0,0,0.002
1,1,0.5184611892327401
1,1,0.5180276523965016
1,0,0.49768904978934986
0,0,0.4697383445553928
0,1,0.5005710121715935
1,1,0.5585186464129971
0,0,0.45094094178510324
0,1,0.5148083908137516
1,1,1.0
1,1,0.5332454558168339
0,0,0.4984847908976116
1,0,0.4299323335541183
1,0,0.002975140031540934
1,1,0.5226611005321335
1,1,0.5168908312977021
0,0,0.04343424437731384
1,0,0.48913121198346254
1,0,0.49448062507050894
0,1,0.5135609530289467
1,1,0.5096641773215661
0,0,0.4105940402907827
1,0,0.36
0,0,0.238
1,1,0.617117989854242
1,1,0.5041457495382529
0,0,0.4838314888059446
0,0,0.01
0,1,0.7107097853363818
0,1,0.6901833301291025
0,1,0.8745886001157831
0,0,0.0
0,0,0.48445796888904447
0,1,0.5307810956670667
0,0,0.006251951348662326
0,0,0.38973570122600715
0,0,0.27942275030694474
0,1,0.5062091004224261
0,0,0.43731240932524224
0,0,0.448317997251605
1,0,0.2248059658699985
0,0,0.44776508807210663
0,0,0.32743424437731383
1,1,0.5253154859573989
0,0,0.48764516612798786
0,1,0.5391036983285884
0,0,0.44173151048183007
0,1,0.6488639775365841
0,0,0.4737871175321619
0,0,0.07659404029078273
1,1,0.537952724440943
1,0,0.27695054554784265
0,1,0.8446985577916037
1,0,0.43731240932524224
1,1,1.0
1,0,0.46635409515567156
1,0,0.07711798985424206
1,1,0.68
1,1,0.5710746284531442
1,0,0.2273677673707433
0,0,0.46815228885074844
1,0,0.43387970890377264
0,1,0.5131509117186277
1,1,1.0
0,1,0.703310658933779
0,0,0.246
1,0,0.4433442332932364
0,0,0.4818519465871586
1,1,0.5274458871662253
0,0,0.48913121198346254
0,0,0.49171271720769577
0,1,0.5227325470323655
0,1,0.5201971080203623
1,0,0.23098097794010225
1,0,0.4697383445553928
1,1,0.5165159489951439
0,0,0.48558370018224556
0,1,0.8231828437241273
1,0,0.4359404213665217
0,0,0.4208154019456053
0,0,0.41341717301667974
1,0,0.4456172825294084
0,1,0.7333539695627262
0,1,0.5153415326223156
1,0,0.41576191994524114
0,0,0.49768904978934986
1,0,0.4846550422197456
1,0,0.49579009920675504
0,0,0.42943424437731387
1,0,0.47487596818877464
0,1,0.588983762227404
1,1,1.0
1,1,0.5135609530289467
0,0,0.49579009920675504
0,0,0.09319315978540169
1,0,0.4495408842441186
0,0,0.19121321954360507
0,0,0.47164343426198585
1,1,0.5180276523965016
1,1,0.5297283274046817
0,0,0.48764516612798786
1,0,0.49886239820922595
0,0,0.4425266378350777
1,1,0.5393441388919591
1,1,0.5131509117186277
1,1,1.0
0,1,0.561212003099669
1,1,0.5246334455253594
0,1,0.5149715380244776
1,1,1.0
1,1,0.5168908312977021
1,0,0.34485974384870893
0,0,0.1879392466920079
0,1,0.5454806148347662
0,1,0.8486712235759921
1,0,0.2273677673707433
1,0,0.2703502521862804
1,0,0.35775957918220336
1,1,0.5307810956670667
1,1,0.5595582326658877
0,0,0.45965815536102983
0,1,0.6130398985300493
0,0,0.47618657596830494
1,0,0.36644907085766365
1,1,0.5095088662355254
1,1,0.5260711927674411
1,1,0.5221259513988297
1,0,0.49448062507050894
0,1,0.77
1,0,0.48456139294715117
1,0,0.4013849817682771
0,1,0.5168908312977021
0,0,0.27887831655425815
1,0,0.4476417175568387
1,1,0.5238684645228838
1,1,0.5227325470323655
1,0,0.3224569341514602
1,0,0.48573334785029304
1,1,0.6901824205014927
1,1,0.5259103196815872
1,1,1.0
1,1,1.0
1,0,0.26167683734030783
0,0,0.006
0,1,0.5041457495382529
1,1,1.0
0,0,0.4990937612427997
0,1,0.645535368394092
0,1,0.5135609530289467
1,1,1.0
1,0,0.47850032451268387
0,1,0.62875009460264
1,0,0.46178844918451295
0,0,0.01
0,0,0.45965815536102983
0,1,0.5475407875117035
1,0,0.288819930559576
0,1,0.7899673286767116
1,1,0.5315390255484721
1,1,0.521213248302004
1,0,0.49768904978934986
0,0,0.49301185059592867
0,0,0.4310514842923118
0,0,0.002
0,1,0.524617803035881
0,0,0.2424187013568159
0,0,0.404
1,1,1.0
1,1,1.0
0,0,0.038
0,0,0.3050178069973182
0,0,0.2144046028864689
0,0,0.39077584033205964
1,1,0.5584286497937176
0,0,0.4121226376834898
0,0,0.35356582013731025
0,0,0.26027439027303
1,0,0.29352353476017917
1,0,0.49171271720769577
1,1,0.5760050255158246
0,0,0.49295965076484877
1,1,1.0
1,0,0.35839305303887714
0,0,0.48488370439453227
0,0,0.4937275481121073
1,0,0.34150200081156745
0,1,0.5180276523965016
1,1,0.5584286497937176
0,1,0.5803311354403508
1,1,0.5501598917490345
0,0,0.2547200591494577
0,1,0.5223553922806389
1,1,0.5599496487602985
1,0,0.46178844918451295
1,0,0.46423277090606546
0,0,0.124
0,0,0.16
1,1,0.8261740360632696
1,0,0.050526174732504474
0,0,0.43687509100515526
1,1,0.5687609755770522
0,0,0.32
1,1,0.5148083908137516
1,0,0.4922007930514516
1,0,0.1534228753171856
0,1,0.5229425652346357
1,0,0.47203741452604653
0,0,0.4586471894326953
0,1,0.5769469797610072
0,0,0.49768904978934986
1,0,0.49579009920675504
0,1,0.6379623571985295
0,0,0.3642872876312967
0,1,0.5005710121715935
1,0,0.429800594680254
0,1,0.7607873596415703
0,1,0.5221259513988297
0,0,0.23387382536489174
0,1,0.5238684645228838
1,1,1.0
0,0,0.3887095223589768
0,0,0.07406856645016838
1,1,0.5519249236729369
1,1,0.5556225133281925
1,0,0.4846550422197456
0,0,0.49366174624760706
1,1,1.0
1,0,0.122
0,1,0.5546291780769825
0,0,0.4536142114081671
0,0,0.4990937612427997
1,1,1.0
0,0,0.0172905989486138
0,0,0.43366859969900384
0,0,0.16340001416491412
1,0,0.4657854338082925
0,1,0.5031810784270069
0,1,0.5595582326658877
0,0,0.002
1,1,0.7002363069231684
0,0,0.49448062507050894
1,0,0.25311798985424205
0,1,0.5432744805326412
0,0,0.39334210330510644
0,0,0.4586471894326953
0,1,0.5259064696867239
1,1,1.0
0,0,0.4860395113900581
0,0,0.03358181855185886
1,1,1.0
0,0,0.48786722992733145
1,0,0.4774342443773138
0,1,0.5008616683452152
0,0,0.1
1,0,0.44810840746526387
1,0,0.23157568882667925
0,0,0.0
0,1,0.6833055037699524
1,0,0.2503066320683483
1,1,1.0
0,0,0.08546059588624798
0,1,0.5561066414508239
1,1,1.0
1,0,0.48913121198346254
0,0,0.26561122820022653
0,0,0.028
0,1,0.6113280745636156
0,1,0.521213248302004
1,0,0.4944048956969496
0,1,0.8573471709059516
1,0,0.35010342243069176
0,0,0.04280472488733674
0,0,0.153055789343812
0,0,0.44950214928545024
1,1,1.0
0,0,0.3720776526794792
1,0,0.4614161442494055
1,1,0.6111085084569122
0,0,0.2184978482479936
0,1,0.6605125889809782
0,0,0.44950214928545024
1,1,0.5062091004224261
0,1,0.5260711927674411
0,0,0.47618657596830494
0,0,0.39191062606642096
0,0,0.49448062507050894
1,0,0.3481912029741853
0,1,0.5211394801191515
0,0,0.35101818640774174
0,0,0.18992361458654358
1,1,0.570550159157931
0,0,0.4791321860913771
1,0,0.1270480839214756
0,1,0.7234169066539071
1,1,1.0
1,0,0.4858379822933427
0,0,0.15726001115705332
1,0,0.22528995330955712
1,0,0.48445796888904447
1,0,0.32169133713916204
0,0,0.4960066069771336
1,1,0.5911848569872858
1,1,0.6398041955814852
1,1,0.5838417550411342
0,1,0.5571179898542421
0,1,0.5135609530289467
0,0,0.4835800032887292
0,0,0.05143424437731384
1,1,1.0
0,0,0.09
0,0,0.48573334785029304
1,0,0.4317104462002576
1,1,1.0
0,0,0.48764516612798786
0,1,0.5298929977844897
1,1,0.580006052493627
0,0,0.18311798985424207
0,1,0.6061226828916031
1,0,0.46635409515567156
0,0,0.4549494352308837
0,1,0.5540995114962906
1,0,0.4489019177894239
1,1,0.5307185131626951
0,0,0.48445796888904447
1,1,1.0
0,1,0.5264876521265783
0,0,0.3752472088814889
0,0,0.4738463558009017
0,1,0.7882694711066126
0,1,0.5062091004224261
1,0,0.14164442384535292
0,1,0.5546291780769825
0,0,0.44950214928545024
1,0,0.46936033951834955
1,0,0.47203741452604653
0,0,0.4536142114081671
0,0,0.26837701392156044
0,0,0.342
1,1,0.5315390255484721
0,0,0.46815228885074844
0,0,0.3742643571550456
0,0,0.40632844841524735
0,0,0.21335787297903017
0,1,0.6595693550984925
0,1,0.5322324356508161
0,0,0.28144877011273656
1,1,1.0
0,1,0.5062791679048926
1,0,0.07050744707368174
1,1,1.0
0,1,0.5229425652346357
0,1,0.5391036983285884
1,0,0.49886239820922595
0,1,0.5770223068119735
1,0,0.4109874323384708
1,0,0.03036500348031553
1,0,0.4846550422197456
1,1,1.0
0,1,0.5398567345685806
1,1,0.744
1,1,0.98
0,1,0.5008616683452152
1,0,0.4818662294014451
1,1,1.0
1,1,0.5391594528444721
0,1,0.5005710121715935
0,1,0.5301418892261626
0,0,0.01
0,0,0.27422245831735387
0,1,0.5106587709370765
0,0,0.4292777237470469
0,1,0.537952724440943
1,1,0.5637791267523606
0,0,0.4922007930514516
1,1,0.5974129891786553
0,0,0.022359402952064015
1,1,0.5404575636614277
1,0,0.298
1,1,1.0
0,1,0.6061226828916031
0,1,0.6046547101671703
1,0,0.44950214928545024
0,0,0.35010342243069176
1,0,0.429800594680254
0,0,0.3358915136811813
0,0,0.206
1,0,0.37614928298260214
1,0,0.3812531839629898
1,0,0.3313723669538184
1,0,0.26963107301745104
0,1,0.5041457495382529
1,1,1.0
0,0,0.004
1,0,0.4571309652568444
1,0,0.38401868199547246
1,0,0.12731410992281494
1,0,0.2010184973532433
1,0,0.295803672955595
1,0,0.13038261564032883
0,0,0.002
0,0,0.46151934508981374
0,0,0.41131803305969517
1,0,0.11965245314206865
0,1,0.5148511997544535
0,1,0.8794342443773139
1,1,0.5518544189074571
1,0,0.3681453535944154
1,1,0.5307810956670667
1,0,0.38382557194849576
0,1,0.5180276523965016
0,0,0.468841408237262
0,1,0.5819612012365807
0,1,0.5186175984546153
1,0,0.29472657096539656
0,1,0.5897549056823275
1,0,0.4690371103618516
0,1,0.5835427173611092
1,0,0.24851222859931352
0,0,0.196
1,0,0.49768904978934986
1,0,0.4506633431786874
0,1,0.5062091004224261
1,1,1.0
0,1,0.5314703635245241
0,0,0.49768904978934986
1,1,0.5041457495382529
0,1,0.5184611892327401
1,0,0.15048787047708445
1,0,0.21449957042897094
1,0,0.346509551362035
1,0,0.49113474142427566
0,0,0.49295965076484877
0,0,0.3498750300161395
0,0,0.024327214322358563
0,0,0.1396941611270426
0,0,0.2582440823725822
0,1,0.5148083908137516
1,1,1.0
1,1,0.5013785600596085
1,1,0.5003816854091653
1,1,0.5227325470323655
0,1,0.5274037271396327
1,0,0.2579937892886443
1,0,0.4036283462416651
0,1,0.5284710673012118
1,1,0.5158160651408847
0,0,0.37478870703193257
0,0,0.3209172164055456
0,0,0.03943424437731384
1,1,0.5505390467123841
1,0,0.4933815720306598
1,1,0.5095088662355254
1,0,0.4530487751784647
1,0,0.33857784286794473
0,1,0.646297283792054
1,0,0.43366859969900384
0,0,0.42326595206610806
1,0,0.49161102798523393
1,0,0.24402364008108762
1,0,0.49171271720769577
0,0,0.28850887907116834
0,1,0.5148083908137516
0,0,0.4846550422197456
0,0,0.236
0,1,0.7061344443999423
0,0,0.068
1,1,1.0
0,0,0.4586471894326953
0,1,0.6860038691084751
0,1,0.6039103089476682
0,0,0.46151934508981374
1,1,0.6676156118662823
1,0,0.11671754186182705
1,1,1.0
0,0,0.28933519884016123
1,0,0.17294620601434924
1,1,0.5412118027343137
1,1,0.5128764390286679
1,0,0.4586471894326953
1,0,0.39851850159999064
1,0,0.4536142114081671
1,0,0.31783339420495904
1,0,0.0816310215985393
1,0,0.46151934508981374
1,1,0.799310658933779
0,1,0.5062551569469426
1,0,0.355745477202902
0,0,0.49301185059592867
1,1,1.0
1,0,0.2533198510936552
0,0,0.3318655192453492
1,0,0.49579009920675504
0,0,0.361391747351067
1,1,0.978
0,0,0.4616159361121561
1,1,0.5148083908137516
0,0,0.47713020629801683
1,0,0.15061125240801074
0,0,0.47708756403220004
0,0,0.38074476384438216
1,1,0.5298929977844897
0,0,0.01
0,1,0.5014150420463898
0,0,0.464
1,1,1.0
0,0,0.2906512143446324
0,0,0.006
0,0,0.07407248780985276
1,0,0.4878470506189733
1,0,0.07827312299453838
0,1,0.5180276523965016
0,0,0.4963319346950245
0,0,0.39591711464716184
0,0,0.34924584490791694
0,0,0.4689622786249206
0,0,0.47628215384141365
0,1,0.5148083908137516
1,0,0.46001664325981595
0,1,0.5168908312977021
0,0,0.44735835143181435
1,0,0.022413447694141178
0,1,0.724
0,0,0.4910703178175632
1,1,0.7700073088921282
0,0,0.3475127131219453
0,0,0.4846550422197456
1,1,0.5226611005321335
0,0,0.4737871175321619
0,1,0.9245522342315559
0,0,0.46506305526438185
1,1,0.533915429909167
0,0,0.41568770760731294
1,1,0.604713789138505
1,0,0.4185738259399454
0,1,0.5885623164170405
0,1,0.5260908323545981
1,0,0.4846550422197456
1,1,0.7492955927650291
1,0,0.088
0,0,0.46252547144969347
0,0,0.49295965076484877
1,0,0.4657854338082925
1,0,0.4657854338082925
0,1,0.5062091004224261
0,0,0.4614161442494055
0,0,0.4929934024441226
1,0,0.0987176371362433
0,0,0.4175563662791982
0,0,0.172
0,1,0.539572910930673
1,0,0.45411167063826674
0,0,0.0
0,0,0.4476417175568387
0,0,0.020680715480163175
1,0,0.394
0,1,0.5387972424274352
0,1,0.6510049228932738
0,1,0.5921313760236293
1,1,0.5005710121715935
0,0,0.48102852613716823
1,1,0.5099706816256824
0,1,0.6752603232494719
1,0,0.49448062507050894
0,1,0.537952724440943
1,1,0.5062791679048926
0,1,0.5201971080203623
0,1,0.5206012913692054
1,1,0.5206012913692054
0,0,0.4818662294014451
1,0,0.4069792097496562
1,0,0.4818662294014451
1,0,0.06421695235630749
0,0,0.26143424437731383
0,1,0.6510422988072917
0,0,0.36838113061394645
0,0,0.36766079563122156
0,0,0.45437477955443434
0,0,0.4964567644676678
0,1,0.5151900438245699
0,0,0.43731240932524224
1,0,0.146
1,1,0.5062551569469426
1,0,0.44810840746526387
1,1,0.6185000540316953
0,1,0.5848468204226454
0,1,0.5501598917490345
0,1,0.5234345559802398
1,1,0.5184611892327401
1,1,1.0
0,0,0.4306082606379076
0,1,0.9589097921095676
0,0,0.36721963159351284
0,0,0.48764516612798786
0,0,0.18311798985424207
0,0,0.46151934508981374
1,0,0.38973570122600715
0,0,0.307090983786575
1,0,0.43731240932524224
1,0,0.23558924805775572
1,0,0.186
1,1,0.6736962181121696
0,1,0.5249686453703476
0,1,0.5148083908137516
0,1,0.7453994176841603
0,0,0.4425266378350777
1,1,0.6809594731676126
0,0,0.38074476384438216
1,1,0.6349595967207698
0,0,0.26079161669667905
0,1,0.5288197753589837
0,0,0.047328074563615576
0,1,0.6864324343698478
0,1,0.9886675273042427
0,0,0.2554769008361869
0,1,0.5429481376599417
0,1,0.5096641773215661
1,0,0.41388923249885845
1,0,0.4272949154295242
0,1,0.5260711927674411
1,1,0.8246994918443081
1,1,0.5274458871662253
1,1,0.998
1,0,0.47164343426198585
1,0,0.2683733354274442
0,1,0.5398567345685806
0,0,0.15
0,0,0.45650053647296956
1,1,1.0
1,0,0.30785434052102373
1,0,0.4697383445553928
1,1,0.5471930023822041
0,1,0.5518544189074571
0,0,0.49456702806227304
0,1,0.539572910930673
1,1,0.5062091004224261
1,1,0.7011557400476611
1,0,0.15564432908668732
0,0,0.48573334785029304
0,0,0.46635409515567156
1,1,1.0
0,0,0.48456139294715117
1,1,0.5039284135526704
0,0,0.42126670095815294
1,1,0.998
0,0,0.0
0,1,0.5288197753589837
0,1,0.5429481376599417
1,1,0.5237958036661164
0,0,0.26533401899170633
1,1,0.5140177036008678
0,0,0.46423277090606546
0,0,0.48913121198346254
0,0,0.2579565757147841
1,0,0.4816055454021122
0,0,0.42326595206610806
0,0,0.066
1,0,0.4325652644654742
0,0,0.46815228885074844
1,1,1.0
1,1,0.5140177036008678
0,0,0.4597163934556409
0,1,0.5398567345685806
0,1,0.7458222234359824
0,0,0.28635159064290233
0,0,0.4984847908976116
1,1,0.5148083908137516
0,1,0.5303586267665066
0,0,0.49171271720769577
1,0,0.4419836480087153
0,0,0.3100726152285002
0,1,0.6815838184981856
0,1,0.519101385594176
1,0,0.3100726152285002
0,0,0.48488370439453227
0,0,0.3930395273757744
1,0,0.3911769768839827
0,0,0.46151934508981374
1,1,0.5227325470323655
1,0,0.4614161442494055
1,1,0.5325835527470751
0,1,0.539572910930673
1,1,1.0
0,0,0.22190748452455913
0,0,0.17572743644113545
0,0,0.45965815536102983
0,0,0.12255714869970204
1,0,0.22599031414000956
0,0,0.0
0,0,0.124
0,0,0.4846550422197456
0,1,0.9175956371459614
0,0,0.3593588504239299
1,0,0.3383704474432892
0,1,0.5165159489951439
0,0,0.47618657596830494
0,0,0.48071039105048385
0,0,0.48427487901999
0,1,0.7373897119585253
0,0,0.4566877726896829
1,0,0.2649544979556107
1,0,0.4208154019456053
1,1,0.5260711927674411
0,0,0.4243393467798189
0,0,0.468841408237262
1,0,0.40632844841524735
1,1,0.6351179898542421
1,0,0.4846550422197456
0,0,0.23661004254289086
0,0,0.37490339873086514
0,0,0.46178844918451295
1,1,1.0
1,0,0.44000169532150885
1,0,0.2521416108115798
0,0,0.44511798985424206
0,0,0.4121226376834898
0,0,0.4990937612427997
1,0,0.4920811685682888
0,0,0.2165674467167533
0,1,0.6259219276462926
0,1,0.5307810956670667
0,1,0.5501598917490345
0,0,0.49301185059592867
1,0,0.41085021495090557
1,0,0.48488370439453227
1,0,0.4838314888059446
1,0,0.4791321860913771
0,0,0.12317484219465138
0,1,0.5233753470611903
0,0,0.058
1,1,0.5168908312977021
1,0,0.4846550422197456
0,0,0.4990937612427997
1,1,1.0
1,1,0.5571812997139598
0,1,0.5915292451116118
1,0,0.3342100847093735
1,0,0.44950214928545024
0,0,0.40369226617904613
0,0,0.12732807456361558
0,1,0.5148083908137516
0,0,0.44776508807210663
0,0,0.4751328874631397
1,0,0.4251179898542421
0,1,0.546743198847846
0,0,0.4846550422197456
0,0,0.4878470506189733
0,1,0.5168908312977021
0,0,0.2132858476508063
0,0,0.38152624440860183
1,1,1.0
1,1,0.5041457495382529
0,1,0.5226611005321335
0,0,0.3122332896193267
1,1,1.0
0,1,0.588983762227404
0,1,0.5702995868798902
1,1,1.0
0,1,0.682
0,1,0.5719636649684258
1,1,0.5229425652346357
0,1,0.5546291780769825
0,0,0.4597163934556409
1,0,0.4846550422197456
0,0,0.45650053647296956
1,1,1.0
1,1,1.0
0,1,0.5436460296026628
0,0,0.46640442403181914
0,0,0.052
0,0,0.48958817824574974
1,1,1.0
1,1,0.5229069104382628
0,1,0.6155561783424933
0,1,0.5260908323545981
1,0,0.4846550422197456
0,0,0.4796492602518468
1,0,0.45901950376428874
1,1,0.5315390255484721
1,0,0.47117479526733574
1,1,0.5501598917490345
1,1,0.5106587709370765
1,1,0.5322324356508161
1,0,0.1910632538878864
1,0,0.4599242019982917
1,1,0.5421303914329079
1,0,0.48913121198346254
0,0,0.43367644853704895
0,0,0.0
1,1,0.944
0,0,0.015983506397669572
0,0,0.4392954521202047
1,1,1.0
0,1,0.5532618333366005
1,0,0.23208432551631525
1,1,0.7015957678937388
0,0,0.4597163934556409
0,1,0.520155681706381
0,1,0.5608766553397652
1,0,0.166
0,0,0.31316452305647463
1,1,0.5391036983285884
0,0,0.40830666081731104
0,1,0.532
1,1,1.0
0,0,0.4048684887546277
1,0,0.46252547144969347
1,0,0.28733846015575204
0,0,0.48445796888904447
0,0,0.004
1,1,0.5226611005321335
1,1,0.5198361893063094
0,0,0.4205368888190426
1,1,0.8391290498994229
1,1,0.5702995868798902
1,1,0.537940026482684
1,0,0.4306082606379076
0,1,0.5005710121715935
0,0,0.46151934508981374
1,1,0.5173095030045985
0,0,0.48445796888904447
1,0,0.32311798985424206
0,0,0.012
1,0,0.4175563662791982
1,0,0.018313999605048734
1,0,0.48488370439453227
1,0,0.1910632538878864
1,1,0.5062551569469426
1,0,0.49768904978934986
1,1,1.0
0,0,0.45437477955443434
0,1,0.5524644073553298
1,1,0.5238684645228838
0,1,0.5135609530289467
0,0,0.4991985733251133
1,1,0.5188566827535638
0,1,0.5246334455253594
1,1,0.944
1,0,0.4850203993851161
1,0,0.47487596818877464
1,1,0.5391036983285884
1,0,0.4536142114081671
0,1,0.563201747864591
1,0,0.4419836480087153
1,0,0.4597163934556409
1,1,0.5637826762545121
0,1,0.5246334455253594
1,0,0.36900222289666224
1,1,1.0
0,0,0.45018940833557536
1,1,0.5180276523965016
1,1,0.5156920549019947
0,0,0.42326595206610806
1,1,1.0
1,0,0.37322760806456795
0,0,0.42075811208565744
1,1,1.0
1,0,0.46001664325981595
1,1,1.0
0,0,0.19604548718267603
1,0,0.2603324776505402
1,1,0.5563121474199869
1,0,0.406497193436997
1,1,0.5383888524880848
0,0,0.004
0,0,0.49119239005837234
0,0,0.4984847908976116
1,0,0.226
0,0,0.45965815536102983
0,0,0.3732987804823564
0,0,0.13
1,0,0.4425266378350777
1,1,0.520155681706381
0,1,0.5233753470611903
0,1,0.5435610309805373
1,1,0.5201971080203623
0,0,0.1879392466920079
1,1,0.6671660715340725
0,0,0.4
1,0,0.076
0,0,0.176
0,1,0.6271447547563276
0,1,0.5436460296026628
1,0,0.26768034324348816
0,1,0.5135609530289467
0,0,0.4898706845391655
0,0,0.4697383445553928
0,1,0.8888507058642147
0,0,0.38
0,0,0.46635409515567156
0,1,0.5161277911284329
1,0,0.48305375113730215
1,0,0.40632844841524735
1,0,0.44173151048183007
1,0,0.46197368280995704
1,1,1.0
0,0,0.40905894531376213
1,0,0.4781771771504908
0,0,0.24328203271022206
0,0,0.4586471894326953
0,0,0.342428648788021
1,1,0.74851482989755
1,0,0.28277584033205966
0,1,0.5745781588643395
1,0,0.42326595206610806
1,1,0.5165159489951439
1,1,0.5008616683452152
0,0,0.4034693734059682
0,0,0.4185738259399454
0,1,0.5739765734953709
1,0,0.3693526753806062
1,1,0.537952724440943
1,1,0.6416333645115374
0,0,0.316
1,0,0.36194432229729195
1,1,1.0
0,0,0.36777007155724345
1,1,0.5226611005321335
0,0,0.42326595206610806
0,0,0.3720776526794792
0,0,0.258
0,0,0.3635939025630304
1,1,1.0
0,1,0.5264876521265783
0,0,0.46252547144969347
1,1,0.519101385594176
0,1,0.6211271254103345
0,1,0.5135609530289467
1,0,0.48742259766954305
1,0,0.47628215384141365
0,0,0.382151377696277
0,1,0.5132304036650649
0,0,0.03512042732460817
1,0,0.12736988062284238
1,0,0.4778784619769643
0,0,0.006582082522486649
1,0,0.43517347510535204
1,0,0.4314250228585585
0,0,0.4078938301863017
0,0,0.47822016510500465
0,1,0.6061226828916031
1,1,1.0
0,0,0.4092066882980152
1,1,0.6147066712549593
1,1,0.5391036983285884
1,1,0.5595582326658877
1,1,0.5595582326658877
0,0,0.022359402952064015
0,1,0.5325835527470751
1,1,0.5237958036661164
0,0,0.3462729489133287
1,0,0.4571309652568444
0,1,0.5184611892327401
1,1,0.5274458871662253
0,0,0.0850453098975218
0,1,0.5410227754434169
1,0,0.08077584033205966
1,1,0.5008616683452152
1,1,0.934
1,1,0.7520040630234366
0,0,0.21477584033205965
1,1,0.55103210176493
1,0,0.4359404213665217
1,0,0.35282985914073584
0,0,0.04
0,0,0.052
1,1,0.580006052493627
0,1,0.6114873271122646
0,1,0.5005710121715935
1,0,0.22440549663167453
1,1,1.0
1,1,1.0
1,1,0.5475407875117035
0,0,0.242
0,0,0.45901950376428874
1,0,0.07874896654072855
1,1,0.5702995868798902
1,0,0.448317997251605
1,1,0.5246334455253594
0,0,0.04792916632889422
0,1,0.5419577609617408
1,1,1.0
0,0,0.2781020295329753
0,0,0.41131803305969517
0,0,0.4737871175321619
1,0,0.46732386279725013
1,1,1.0
0,0,0.3475127131219453
0,0,0.4329489177732665
1,0,0.35182414433706516
0,0,0.44000169532150885
1,1,0.5419577609617408
0,0,0.4412209249510535
1,1,0.5553203938866067
0,0,0.45411167063826674
1,1,1.0
1,1,0.5805381842618853
1,0,0.10451473065381608
0,0,0.4657854338082925
1,0,0.4750580545309015
1,0,0.4128453785497795
0,0,0.3554193607537591
0,0,0.15343424437731384
0,1,0.5135609530289467
1,1,1.0
0,1,0.5805381842618853
0,1,0.6382188068325725
0,0,0.406
0,1,0.5303586267665066
0,1,0.5229425652346357
0,0,0.4779325790026912
0,0,0.48573334785029304
1,1,1.0
1,1,0.5148083908137516
0,1,0.5148083908137516
0,1,0.8404703545508025
0,1,0.9497025693929195
0,1,0.5378738036411618
1,0,0.3231218281639396
0,0,0.46151934508981374
0,0,0.13480215984175897
0,1,0.5301418892261626
1,0,0.48488370439453227
0,0,0.4536142114081671
0,1,0.5140177000648697
1,0,0.4835800032887292
1,0,0.42450243604629345
1,0,0.4846550422197456
1,0,0.45437477955443434
0,1,0.5206012913692054
0,1,0.5229069104382628
0,0,0.4174899024020761
1,0,0.40862803795399133
1,1,0.5165159489951439
1,0,0.4846550422197456
0,0,0.46815228885074844
1,1,0.8014640157107721
0,0,0.07
1,0,0.2692696099343006
1,0,0.2761450881545754
0,1,0.5062551569469426
0,1,0.7272871034542545
0,0,0.222
1,0,0.2673539695627262
0,0,0.04679652973264395
1,1,0.5714251596208244
0,0,0.15709082175642344
0,0,0.1645317398861412
1,0,0.43731240932524224
1,1,0.5319548068498541
0,0,0.49768904978934986
1,0,0.159108505070563
1,1,0.539572910930673
0,1,0.5135609530289467
0,1,0.634
0,0,0.12877584033205966
0,1,0.5322324356508161
0,0,0.40791471958378456
1,0,0.41307362162400946
1,0,0.4245940402907827
0,0,0.4838314888059446
0,0,0.004
0,0,0.35182414433706516
1,1,1.0
0,0,0.4586471894326953
0,0,0.48305375113730215
1,1,1.0
1,0,0.468841408237262
0,0,0.44950214928545024
1,0,0.47164343426198585
0,1,0.5595582326658877
0,0,0.006
0,1,0.5387972424274352
0,1,0.5992081077565476
1,1,0.580006052493627
0,1,0.6096443290866873
1,0,0.4858245227197598
0,0,0.4549494352308837
0,0,0.36721963159351284
1,1,0.8890941843088958
1,0,0.042235979708484146
1,1,1.0
1,0,0.49768904978934986
0,0,0.05853845364417546
1,0,0.4846550422197456
0,1,0.574668822712649
0,0,0.45965815536102983
0,0,0.32743933763623356
0,1,0.6780615072319008
1,0,0.2
1,0,0.47822016510500465
0,0,0.17911798985424207
1,1,0.5041457495382529
0,1,0.6678676140153814
0,0,0.32169133713916204
0,1,0.6271576428117691
1,0,0.06802800921259203
0,0,0.48389757818469803
1,0,0.46815228885074844
0,1,0.5137387239283931
1,0,0.49164486014771697
0,1,0.519101385594176
1,0,0.49164486014771697
0,0,0.13148186663630435
0,1,0.5460060800501039
1,1,0.5838417550411342
1,1,0.5238684645228838
1,1,0.9296030868421569
1,1,0.574668822712649
0,1,0.7735370894362066
1,0,0.49886239820922595
0,0,0.2055010328873937
1,0,0.0016689919893753463
1,1,0.5518544189074571
0,0,0.0
0,1,0.5148083908137516
1,0,0.18844606441785766
0,0,0.15039754759684248
0,0,0.3805759145387206
1,1,0.5062551569469426
0,0,0.4015729644575041
1,0,0.48764516612798786
0,0,0.46151934508981374
1,1,1.0
1,1,0.5561066414508239
0,0,0.12372798197041421
0,1,0.5805381842618853
1,0,0.12854731928031782
0,1,0.7775694073262943
0,0,0.15275019376048035
1,0,0.4586471894326953
0,1,0.6326163545143642
0,0,0.4600694189797085
1,0,0.4796492602518468
0,0,0.4846550422197456
0,1,0.6618532406943077
1,1,0.7805738816120402
0,0,0.4164432258744584
1,0,0.04052237959643202
1,0,0.052813798178879275
1,0,0.34219893467489754
0,0,0.4267100404435874
0,0,0.4933815720306598
0,0,0.4846550422197456
0,0,0.47164343426198585
0,0,0.44602484359760636
0,1,0.5041457495382529
1,0,0.4476417175568387
1,1,0.5406443469624344
1,0,0.4090540168649377
0,0,0.4514109008572663
1,1,0.5041457495382529
0,1,0.580006052493627
1,1,0.998
0,0,0.36900222289666224
1,1,0.590824129052898
1,1,0.5148083908137516
1,1,0.6318441290016829
0,0,0.49863681320427405
0,0,0.11911798985424207
0,1,0.5165159489951439
0,1,0.5029596836407091
0,1,0.5475407875117035
1,0,0.4744440633146783
0,0,0.19111798985424208
0,0,0.2931179898542421
1,1,0.5769469797610072
0,1,0.6061226828916031
1,1,0.9334965982106371
1,0,0.4745136556943678
0,1,0.6736698499202297
0,0,0.4846550422197456
1,1,1.0
1,0,0.4782685966288142
1,0,0.4600694189797085
0,0,0.41307362162400946
0,0,0.44509849476093366
0,0,0.0
1,1,0.588983762227404
0,0,0.41921253146323095
0,0,0.4697383445553928
0,1,0.5437535327245367
1,0,0.1
1,1,0.521213248302004
0,0,0.4818662294014451
1,1,0.5131509117186277
0,0,0.41921253146323095
0,1,0.5237958036661164
0,0,0.06202404898352462
1,0,0.48573334785029304
0,0,0.4514109008572663
0,0,0.3887095223589768
0,0,0.08466836053525655
0,0,0.114
1,0,0.4744440633146783
1,1,0.6013027561620332
1,0,0.4425266378350777
0,0,0.238
1,0,0.3471179898542421
1,0,0.4657854338082925
1,0,0.42817354931195384
0,1,0.6848584357643019
0,1,0.5322324356508161
1,1,0.5959094558604922
1,0,0.3525463866745519
0,1,0.5041457495382529
1,1,0.7673217226339762
0,0,0.3601532250042887
0,0,0.3851454569541528
0,1,0.5398567345685806
1,0,0.35839305303887714
0,1,0.5260711927674411
1,1,0.5264876521265783
0,1,0.5008616683452152
0,1,0.5518544189074571
1,1,0.6855028559615396
0,0,0.41341717301667974
1,0,0.4737871175321619
1,0,0.4756112622761631
1,0,0.4690371103618516
1,1,0.5848468204226454
0,0,0.4175563662791982
0,0,0.010481266693938446
0,0,0.16224665282186254
0,0,0.162
1,1,0.5978609907482153
1,1,0.5030472089920336
0,1,0.6061226828916031
1,1,0.5062791679048926
1,0,0.2859842236908467
0,1,0.5687074673291426
0,0,0.15731163979503443
0,1,0.5246334455253594
0,0,0.4433442332932364
0,0,0.49161102798523393
0,0,0.246
1,1,0.5546291780769825
0,1,0.5008616683452152
1,0,0.36838113061394645
0,0,0.48573334785029304
0,0,0.038465433555062864
1,1,0.5161277911284329
0,0,0.008
1,0,0.46423277090606546
0,0,0.219809341257554
1,0,0.4860395113900581
1,1,0.5745781588643395
0,1,0.5600755045559667
1,1,1.0
1,1,0.5041457495382529
0,0,0.2817646345551018
1,1,1.0
0,1,0.5518544189074571
1,1,0.5319548068498541
0,0,0.46151934508981374
1,0,0.42005640434688957
0,1,0.543319433170877
1,0,0.066
1,0,0.49301185059592867
0,0,0.4841565195116219
1,1,0.5201971080203623
0,1,0.5238892220672662
0,0,0.44103726528059556
1,1,1.0
1,0,0.452665863512615
0,0,0.011117989854242073
1,1,0.5041457495382529
0,0,0.13609278964693636
0,0,0.0697577064637536
1,1,0.5244617745508419
0,0,0.4653118545226047
1,0,0.4240710276052274
0,0,0.48573334785029304
1,0,0.468841408237262
0,0,0.22
1,1,0.5294784893914873
1,1,0.998
1,0,0.34559585916665747
1,0,0.12093338960684297
0,0,0.468841408237262
0,1,0.5674017998368449
1,0,0.4175563662791982
1,0,0.49164486014771697
0,1,0.5099706816256824
0,1,0.5398567345685806
1,1,0.5319548068498541
1,0,0.42326595206610806
1,1,0.5702995868798902
1,1,0.5008616683452152
0,0,0.41307362162400946
0,1,0.5260908323545981
1,0,0.4306944311987149
0,0,0.47628215384141365
1,1,0.6565261147637228
1,0,0.18571080423791336
1,1,0.7309335019117188
1,1,0.7794603062668356
0,1,0.5229425652346357
0,0,0.12317484219465138
0,0,0.2446023395651243
0,1,0.5045138203751658
1,1,0.5869718200943604
0,0,0.4524968442818173
0,1,0.5746150385340849
1,0,0.4977214821268487
1,1,1.0
1,0,0.1538166986913912
0,0,0.4549494352308837
0,0,0.4536142114081671
0,0,0.42005640434688957
0,0,0.36462022570232283
0,1,0.5200632390109623
1,1,0.8102762405888408
1,1,0.5429481376599417
0,1,0.7793711758499251
0,0,0.05511798985424208
0,1,0.5518544189074571
0,1,0.521213248302004
1,0,0.49579009920675504
0,0,0.47618657596830494
0,0,0.10475602640953346
1,1,0.6186562672261168
1,1,0.5274037271396327
1,1,0.5140177000648697
1,1,1.0
1,1,0.7309815650238995
1,0,0.194
0,0,0.4860395113900581
1,0,0.25
0,0,0.108
0,0,0.34377521771562636
1,1,1.0
0,1,0.8946671779230216
0,1,0.5867454605629636
0,0,0.4092066882980152
0,1,0.6185000540316953
1,1,1.0
0,1,0.6738509984875729
0,0,0.10307076842357457
0,0,0.2871880492114062
1,1,0.588983762227404
0,0,0.10542406029004958
1,1,1.0
1,0,0.4484787489934956
0,0,0.4726665754463352
0,0,0.194
0,0,0.4425266378350777
0,0,0.4860395113900581
1,0,0.4866938206929386
1,1,1.0
1,1,0.5387972424274352
0,0,0.35933045817434944
0,0,0.46151934508981374
0,0,0.238
0,0,0.45965815536102983
1,1,0.5595582326658877
0,1,0.543319433170877
0,0,0.462484085741534
1,1,1.0
1,0,0.4910703178175632
1,1,0.8386928327955969
0,1,0.5041457495382529
1,0,0.4796492602518468
1,0,0.4833886676099869
1,1,0.5274458871662253
0,0,0.49456702806227304
1,0,0.2920507769660343
0,0,0.4555081726063187
1,1,0.5501598917490345
1,0,0.44989669470092897
0,0,0.4828910212809668
0,1,0.6036610100864328
1,0,0.4796492602518468
0,0,0.37157026178304486
1,0,0.46685162054024915
0,1,0.5301418892261626
1,0,0.39191062606642096
0,1,0.9081351812346213
0,1,0.8085906832100568
1,1,0.5062091004224261
0,1,0.5454806148347662
1,0,0.4910703178175632
1,1,0.984
0,0,0.4738192150764034
0,1,0.5005710121715935
1,1,1.0
1,1,0.80620751393725
1,1,1.0
1,0,0.48913121198346254
0,1,0.519456677464264
1,1,0.5029596836407091
0,0,0.48786722992733145
0,1,0.5547203954706377
1,1,0.5131509117186277
0,1,0.5677951267096906
1,0,0.46635409515567156
0,0,0.3767355501374551
1,0,0.47618657596830494
0,0,0.48488370439453227
1,1,0.5518544189074571
1,0,0.4425266378350777
0,1,0.6593779541957756
0,1,0.7071038161983013
0,0,0.48764516612798786
0,0,0.4828910212809668
1,1,0.5180276523965016
1,0,0.009929580946538978
1,0,0.468841408237262
1,0,0.20642362395512642
1,1,0.5188566827535638
0,1,0.5298929977844897
0,0,0.05659404029078272
0,1,0.5062091004224261
0,0,0.07173891856283579
0,0,0.49579009920675504
1,1,0.7309335019117188
0,0,0.208
0,1,0.8971024977577972
1,0,0.44950214928545024
0,1,0.9296030868421569
1,1,0.6676156118662823
0,0,0.49579009920675504
1,1,0.5229425652346357
1,1,0.5595582326658877
0,0,0.4614161442494055
0,1,0.5200512052931243
0,0,0.182
0,0,0.278539783823429
0,1,0.580006052493627
0,1,0.5186175984546153
0,0,0.45901950376428874
0,0,0.18
0,0,0.4933815720306598
1,0,0.43387970890377264
0,1,0.5429481376599417
0,0,0.4937275481121073
1,0,0.468841408237262
1,1,0.5710746284531442
1,1,1.0
0,1,0.714
0,0,0.202
1,0,0.4726665754463352
1,1,1.0
1,0,0.41341717301667974
1,0,0.4937275481121073
0,0,0.13656038469703408
0,1,0.5221259513988297
1,0,0.4013849817682771
0,1,0.5161277911284329
1,0,0.46252547144969347
0,0,0.1144179961214109
0,0,0.4433442332932364
0,0,0.19798647860886973
1,0,0.49301185059592867
0,1,0.5039284135526704
0,0,0.4425266378350777
0,0,0.08545749919487995
0,0,0.03
1,0,0.0068873378773485075
1,1,0.5168908312977021
1,0,0.3779863609487211
1,1,1.0
1,0,0.48573334785029304
0,1,0.5264876521265783
1,1,0.5987339675775462
0,1,0.6554505882088438
0,1,0.5076741198716426
0,0,0.032
1,0,0.4968785990449293
1,1,0.99
0,1,0.8745886001157831
0,0,0.37067287675841626
0,0,0.44950214928545024
0,1,0.5298929977844897
0,0,0.47203741452604653
0,1,0.5395489107537512
0,0,0.49295965076484877
0,1,0.5005710121715935
0,0,0.14677584033205965
1,0,0.45965815536102983
0,0,0.4750077105375299
1,0,0.030688809541436577
1,0,0.302
1,1,0.5971596122647176
0,0,0.4614161442494055
0,1,0.5274458871662253
0,0,0.342
0,1,0.9005230354413193
0,0,0.47164343426198585
0,0,0.41975615029925567
0,0,0.004
0,0,0.014461618767952404
0,1,0.6701468764907126
0,0,0.48764516612798786
0,0,0.14258418372972143
0,0,0.4750077105375299
0,0,0.34924584490791694
1,1,0.7891929905118966
0,0,0.232
0,1,0.5161277911284329
0,0,0.052
1,1,1.0
0,1,0.5135609530289467
1,0,0.3720776526794792
0,1,0.5571812997139598
0,1,0.5391036983285884
1,1,1.0
1,1,0.5301418892261626
0,0,0.08359193701718473
1,0,0.448317997251605
1,0,0.24044606441785765
1,1,0.6906929825674086
0,0,0.4846550422197456
1,0,0.42415695664957004
1,0,0.4709017450920481
0,0,0.4753156461944111
1,1,0.5590434616800123
0,0,0.48305375113730215
0,0,0.48573334785029304
0,1,0.5274458871662253
0,0,0.4922007930514516
1,0,0.02967052104595499
0,0,0.47117479526733574
1,0,0.4463572513117074
1,0,0.232
0,1,0.6061226828916031
1,1,1.0
1,1,0.6373786260560392
1,1,0.5144574971134271
1,0,0.028
1,0,0.15511798985424208
1,1,0.5315390255484721
1,1,1.0
1,0,0.48573334785029304
0,1,0.6170897021215733
1,0,0.3039158961941742
1,1,0.642
0,0,0.41062732538930413
0,0,0.4838314888059446
0,0,0.10970841661878052
0,0,0.22409458076381297
0,0,0.4860395113900581
1,1,0.5301418892261626
1,0,0.3699683486096913
0,0,0.48913121198346254
1,1,0.5540995114962906
0,0,0.02832008041182812
0,1,0.5229425652346357
0,0,0.4006179200025843
1,0,0.4534929831632774
0,0,0.25051943327090526
0,0,0.12477584033205966
1,0,0.4536142114081671
0,1,0.5745781588643395
0,0,0.056
0,1,0.8936320994205964
1,1,0.5307810956670667
0,0,0.4208154019456053
1,0,0.35839305303887714
1,0,0.49579009920675504
1,1,0.9157897237615197
0,0,0.4846550422197456
1,0,0.22353530658960827
1,0,0.49456702806227304
1,1,0.5019931156820426
0,1,0.5274037271396327
1,0,0.25926808729839534
0,1,0.521213248302004
1,0,0.4750077105375299
1,0,0.46685162054024915
0,0,0.15191551107125228
0,0,0.44950214928545024
0,0,0.1173458946051407
0,1,0.5952125656344773
0,1,0.5140177000648697
0,1,0.5274458871662253
1,0,0.4586471894326953
0,0,0.4315935851521222
1,1,0.5206012913692054
1,0,0.4524968442818173
1,1,0.5062551569469426
0,0,0.4858245227197598
0,0,0.012
1,0,0.28188232210850306
1,0,0.154
0,0,0.49456702806227304
0,0,0.2501599582192939
1,0,0.33857784286794473
1,1,0.5188566827535638
0,0,0.05198196739082612
0,0,0.4846550422197456
1,1,0.5427030531489552
0,0,0.468841408237262
0,1,0.7785260872228967
1,1,0.7584956520566253
1,1,0.5526259769017853
1,1,0.7475494034317148
1,1,1.0
1,0,0.44776508807210663
0,1,0.5201971080203623
1,0,0.13425330181237216
0,1,0.61
0,1,0.5322324356508161
1,0,0.48764516612798786
0,0,0.4489019177894239
0,1,0.5549177329767376
0,0,0.14110017103423833
0,0,0.07438163416211867
1,1,0.5005710121715935
1,1,0.5161277911284329
0,0,0.49579009920675504
0,1,0.5274458871662253
0,0,0.25733691975477757
1,1,0.5625796192414322
1,1,0.5168908312977021
1,0,0.009929580946538978
0,0,0.002
0,0,0.468841408237262
0,0,0.4944048956969496
1,1,1.0
0,0,0.37471268076825404
1,0,0.4484764535772229
0,1,0.6773101473983355
0,1,0.5958445712484003
0,1,0.5144574971134271
1,0,0.39191062606642096
1,1,1.0
1,1,1.0
1,1,0.5935415148228974
0,1,0.5687609755770522
0,1,0.664
1,1,0.5274458871662253
1,0,0.47628215384141365
0,0,0.45722716087155163
0,0,0.29133880633837095
1,1,1.0
0,0,0.4008041116388819
0,0,0.20642362395512642
0,1,0.5148083908137516
1,1,0.5008616683452152
0,0,0.43731240932524224
1,0,0.4476417175568387
0,0,0.4828680594836615
1,1,0.8800856484428456
1,1,1.0
1,0,0.4920370398256063
1,1,0.5805381842618853
0,1,0.5478666080418308
1,0,0.4365350224090678
1,0,0.07437301349549887
1,0,0.3614342443773138
0,0,0.468841408237262
0,1,0.5817140355808609
0,1,0.554692071634821
0,0,0.1
1,1,1.0
1,0,0.48764516612798786
0,1,0.539572910930673
1,1,0.6429804974217086
1,1,1.0
0,0,0.072
1,0,0.48786722992733145
1,0,0.3005978110638753
0,1,0.5184611892327401
0,0,0.3100726152285002
1,1,0.992
1,0,0.44776508807210663
1,0,0.42075811208565744
0,1,0.5044445353641436
1,0,0.4677245249541469
1,0,0.46635409515567156
0,0,0.4092066882980152
0,1,0.5227325470323655
1,0,0.4571309652568444
1,0,0.45901950376428874
0,0,0.40791471958378456
1,1,0.9172983246951557
1,0,0.11789383018630173
1,1,0.55103210176493
1,0,0.18
1,0,0.2284877607204653
0,0,0.47628215384141365
0,0,0.3876923595971652
1,0,0.4530487751784647
0,1,0.5307810956670667
0,0,0.14677584033205965
0,0,0.4984847908976116
0,0,0.3656487510132603
0,0,0.4099852058241096
1,1,0.5655267888011333
1,1,0.539572910930673
0,0,0.36900222289666224
1,1,0.5084587114727547
1,0,0.154
1,1,1.0
0,1,0.5274458871662253
1,0,0.4329489177732665
0,0,0.464
1,0,0.2955099867536428
1,1,0.5135609530289467
0,1,0.5238684645228838
0,1,0.521213248302004
0,1,0.5206012913692054
0,0,0.4846550422197456
1,0,0.44244606441785767
1,0,0.4433442332932364
1,0,0.49448062507050894
0,0,0.4657854338082925
1,0,0.17
1,0,0.46487326677624613
0,0,0.47487596818877464
0,1,0.5298929977844897
0,0,0.17322933270650062
0,1,0.5505390467123841
1,1,0.537952724440943
1,1,0.5161277911284329
0,1,0.5041457495382529
1,1,0.5008616683452152
0,1,0.5148083908137516
0,1,0.5274458871662253
0,0,0.38664757827049623
0,0,0.4489019177894239
1,0,0.4697383445553928
0,1,0.5518544189074571
1,1,1.0
1,1,0.5229069104382628
0,0,0.46685162054024915
1,0,0.4846550422197456
1,1,0.5115458922915659
0,1,0.6271576428117691
1,1,0.5760050255158246
0,1,0.5274458871662253
0,0,0.4818662294014451
0,1,0.5834383138150157
0,0,0.4536142114081671
0,1,0.5632096017664809
0,1,0.5180276523965016
0,1,0.6379623571985295
1,0,0.4175563662791982
1,1,0.5019931156820426
1,0,0.38005962036248664
0,1,0.5099706816256824
1,1,0.6272404519500127
0,0,0.3926975035747734
0,0,0.4068280363600681
0,0,0.49448062507050894
0,0,0.005443487629149359
0,0,0.14428716225475452
0,1,0.5180276523965016
0,0,0.04059404029078272
1,0,0.49691814636016446
0,0,0.44950214928545024
0,0,0.4697383445553928
1,1,1.0
0,0,0.3085974117581091
0,0,0.37026513097290237
0,0,0.47628215384141365
0,1,0.6120235513564808
0,0,0.05
0,1,0.52100620764171
0,1,0.5041457495382529
0,0,0.4495408842441186
0,1,0.5237958036661164
0,0,0.036
0,0,0.004
1,1,1.0
0,0,0.48913121198346254
0,1,0.588983762227404
1,0,0.1937531596334809
0,0,0.028
0,1,0.7107097853363818
0,0,0.168
1,0,0.18028473426197567
0,1,0.521213248302004
0,0,0.022
1,1,0.5008616683452152
1,1,0.580006052493627
0,0,0.0977120301450248
0,1,0.5062791679048926
0,0,0.35010342243069176
0,0,0.38111176755988935
0,0,0.4549494352308837
0,0,0.4894173401327036
0,0,0.4614161442494055
0,1,0.6514736837535339
0,0,0.49301185059592867
1,1,0.742
1,1,0.5274458871662253
0,1,0.5148083908137516
0,0,0.4549275406719968
1,1,0.5563121474199869
0,0,0.13
1,1,0.5030472089920336
1,1,1.0
1,0,0.4586471894326953
1,0,0.46635409515567156
1,1,0.5410227754434169
0,1,0.5229425652346357
1,0,0.44950214928545024
1,0,0.43687509100515526
0,1,0.5041457495382529
0,0,0.15380037837066124
1,0,0.4737871175321619
0,1,0.7614641232765588
1,1,0.952
0,0,0.015375606049662465
0,0,0.48456139294715117
0,1,0.6743003003550057
0,0,0.08
1,1,0.5581282566809108
0,0,0.07431671816413628
0,0,0.40905894531376213
1,0,0.15
1,0,0.41921253146323095
1,0,0.48646762939111754
1,0,0.4185738259399454
0,0,0.4607529709772349
0,0,0.31711798985424205
0,0,0.35770921662327815
1,0,0.48913121198346254
1,1,0.5288197753589837
1,1,0.5148083908137516
0,0,0.48488370439453227
0,0,0.4846550422197456
0,1,0.5561066414508239
1,1,0.5161277911284329
0,0,0.172
0,0,0.05732778500610301
1,0,0.419847136058718
0,1,0.5206012913692054
0,1,0.5041457495382529
0,0,0.4586471894326953
1,0,0.12464960763381439
0,1,0.5095088662355254
0,0,0.48573334785029304
0,0,0.3139971452392756
0,0,0.11311798985424207
1,1,0.5671179898542421
1,1,0.5873447193542976
0,1,0.8640284881538913
1,0,0.156
1,0,0.486
1,0,0.198
0,0,0.43563073699512406
0,0,0.052
1,0,0.41921253146323095
1,1,1.0
1,0,0.4990937612427997
1,1,0.6060103269714396
1,1,0.9729160078089666
0,0,0.04470881640347937
1,1,0.5148083908137516
1,1,0.5632096017664809
0,1,0.5454806148347662
0,0,0.204
1,1,0.5041457495382529
0,0,0.4990937612427997
0,0,0.07308209014407291
0,1,0.5429481376599417
1,0,0.36777007155724345
1,0,0.07189383018630173
0,1,0.8553853989184536
0,0,0.09
1,0,0.3601532250042887
1,0,0.058
1,1,1.0
0,0,0.44735835143181435
1,1,0.5505390467123841
1,0,0.1554811271046418
0,1,0.5062791679048926
1,0,0.05417782060135711
0,1,0.6218938301863017
0,1,0.8653075802182009
1,1,1.0
0,0,0.286
1,0,0.47117479526733574
1,1,0.5186175984546153
1,0,0.4709017450920481
0,1,0.6372389429671333
0,0,0.3100726152285002
1,1,1.0
0,1,0.5714084708361187
0,0,0.206
0,0,0.37315834268525305
1,0,0.49768904978934986
0,0,0.4709017450920481
1,0,0.29579617195022834
0,0,0.104
0,1,0.5398567345685806
1,1,0.5729043402437406
0,0,0.4944048956969496
1,0,0.4536142114081671
1,0,0.46815228885074844
1,1,0.7416126830929474
0,0,0.094
0,1,0.598755330115692
1,1,0.5915292451116118
0,1,0.6061226828916031
0,0,0.086
1,0,0.28546334275634755
1,0,0.32089930013521195
0,0,0.4740714330970888
0,0,0.48646762939111754
0,1,0.5500711816387502
1,0,0.468841408237262
1,0,0.38654898866468895
0,0,0.4860395113900581
0,0,0.037583562620004354
1,1,0.5805381842618853
1,1,0.5601584430961681
1,1,1.0
1,0,0.48764516612798786
0,0,0.48913121198346254
0,0,0.43687509100515526
0,0,0.14797837539474487
1,1,0.5475407875117035
0,0,0.41140748213367184
1,1,0.5201971080203623
1,0,0.4791321860913771
0,0,0.4185738259399454
1,1,1.0
1,0,0.45965815536102983
0,0,0.468841408237262
0,0,0.46815228885074844
1,1,0.996
1,0,0.33075005629119014
1,1,0.5168908312977021
1,0,0.3475127131219453
0,1,0.554692071634821
0,0,0.1637334176534254
0,0,0.3601532250042887
1,0,0.48305375113730215
0,0,0.48573334785029304
0,0,0.26169559420020566
0,1,0.588983762227404
1,0,0.4910703178175632
0,1,0.8150818416495152
0,0,0.21190302372431097
0,0,0.126
1,1,0.5274458871662253
1,1,0.54171470629203
0,0,0.4586471894326953
1,1,0.6430808878988048
1,0,0.258
0,0,0.46815228885074844
0,0,0.23934518901678267
1,1,1.0
0,0,0.05417782060135711
1,1,0.5720196859984993
1,0,0.2258996138858561
1,1,0.5229425652346357
0,1,0.54171470629203
0,0,0.4571309652568444
0,0,0.49113474142427566
0,0,0.242
1,1,0.5062091004224261
1,0,0.16247569145571963
1,0,0.44950214928545024
1,0,0.4549494352308837
0,1,0.5161277911284329
0,1,0.5148083908137516
1,0,0.4846550422197456
0,0,0.46635409515567156
1,1,1.0
0,1,0.5412118027343137
0,0,0.23823597970848415
1,1,0.5274037271396327
0,1,0.5817140355808609
1,0,0.44776508807210663
1,0,0.4933815720306598
1,1,0.5008616683452152
1,0,0.33673200060787856
0,0,0.46151934508981374
0,0,0.3330670529260586
1,1,0.5319548068498541
1,0,0.4750077105375299
0,0,0.45965815536102983
1,0,0.4066019441473647
0,0,0.35217630559902846
1,0,0.4737871175321619
0,0,0.3720776526794792
0,1,0.509325125612261
1,1,0.5195556111422631
0,0,0.46635409515567156
0,0,0.096
1,1,0.5062091004224261
0,0,0.2315262892444451
0,1,0.645535368394092
0,1,0.5576237320087466
0,0,0.13859404029078273
0,1,0.5005710121715935
0,1,0.858862285133646
0,0,0.2697322601839859
1,1,1.0
0,1,0.8111961307128874
0,0,0.029117989854242073
1,0,0.1391480286055789
0,1,0.7097076593575641
1,1,1.0
0,1,0.9189210337722081
1,1,1.0
0,1,0.5429481376599417
0,1,0.5492938265126921
1,0,0.4944048956969496
1,1,0.5115502111873148
0,0,0.04472519255533405
1,1,0.519456677464264
1,0,0.4723616963953369
0,0,0.4822234905957057
1,0,0.4665613285278355
1,1,1.0
0,0,0.47628215384141365
0,0,0.48913121198346254
1,1,1.0
1,0,0.4514109008572663
0,0,0.404
0,0,0.47628215384141365
0,1,0.5590434616800123
1,0,0.3398490797893002
1,0,0.36721963159351284
1,1,1.0
0,0,0.292
1,0,0.4737871175321619
1,0,0.4600694189797085
1,0,0.4614161442494055
0,0,0.468841408237262
0,0,0.322729774318756
1,1,1.0
1,1,0.8971024977577972
0,0,0.082
0,0,0.49171271720769577
1,1,0.7991685135807182
0,0,0.4688008753120714
0,0,0.11797216817002219
0,0,0.44890934163412505
1,0,0.4536142114081671
0,0,0.4714752068552115
1,0,0.12511798985424208
0,0,0.15631877964783358
0,0,0.4174899024020761
1,0,0.4454631210970632
1,0,0.468841408237262
0,0,0.3586973934184017
1,1,0.5148083908137516
1,0,0.4446239550468651
0,1,0.6862359797084842
1,0,0.20343424437731383
1,1,0.5386230489563907
1,0,0.49301185059592867
1,0,0.4818662294014451
0,0,0.0
0,0,0.188
1,0,0.48573334785029304
0,1,0.5227325470323655
1,1,0.5013785600596085
1,1,1.0
0,1,0.5195556111422631
0,0,0.4657854338082925
1,1,0.5436460296026628
1,0,0.4860395113900581
0,0,0.44000169532150885
0,0,0.4838314888059446
1,1,0.5720196859984993
0,1,0.5016046888817546
0,1,0.5805381842618853
0,1,0.5238684645228838
0,0,0.404214084184297
0,0,0.48573334785029304
0,0,0.17417786055966483
0,1,0.5398567345685806
0,0,0.4404608684278692
0,0,0.45901950376428874
0,0,0.468841408237262
1,1,1.0
0,0,0.19499400928352628
0,1,0.5168908312977021
1,0,0.36900222289666224
0,1,0.6187750127680213
0,0,0.19784844725643638
1,0,0.4671236522841531
0,1,0.5595582326658877
1,1,0.5200632390109623
0,1,0.5227325470323655
1,1,0.5274458871662253
1,1,1.0
1,0,0.362
0,0,0.46151934508981374
0,0,0.014710921380472624
0,0,0.4476417175568387
0,0,0.4910703178175632
1,0,0.0597120301450248
1,0,0.4911788058103611
1,1,0.6907910286239483
0,0,0.094
0,1,0.5903121723213637
0,0,0.4750077105375299
1,1,0.5062791679048926
1,0,0.46151934508981374
1,1,0.6815180452410694
1,0,0.4657854338082925
0,1,0.5301418892261626
1,0,0.2081296458015925
0,0,0.4697383445553928
0,0,0.2035799653322159
1,0,0.26253559198864596
1,0,0.09152704673689177
1,0,0.4750077105375299
1,1,0.645535368394092
1,1,0.5148083908137516
0,0,0.4984847908976116
1,0,0.4463572513117074
0,0,0.468841408237262
0,0,0.4858245227197598
0,0,0.1774773928063061
0,1,0.5206012913692054
1,0,0.48456139294715117
0,0,0.46982211567338034
0,0,0.2335992565481805
1,0,0.03184860027196709
0,1,0.6600408146942585
1,0,0.0987176371362433
1,0,0.48913121198346254
1,0,0.4208154019456053
0,0,0.008
1,1,0.5260711927674411
1,1,0.6807188957672115
0,0,0.30742776142795214
1,1,0.855036565303431
1,1,1.0
0,0,0.3471179898542421
0,0,0.4779325790026912
0,0,0.48764516612798786
0,1,0.5473893133016468
1,1,1.0
0,0,0.24430217120840567
0,0,0.35899157133079046
0,1,0.7673217226339762
0,0,0.2606428035771507
1,1,0.5319548068498541
1,1,1.0
0,0,0.2597936473293779
0,1,0.622
0,0,0.49994549067271427
0,0,0.4944048956969496
0,1,0.5227325470323655
0,0,0.30921068607819024
0,1,0.5062091004224261
1,1,0.5315390255484721
0,1,0.5577407537995943
1,1,1.0
1,0,0.38825243764936024
1,1,0.5106587709370765
1,1,1.0
1,0,0.3686828366044972
1,0,0.08575714422891467
1,0,0.23169834761215796
1,0,0.48764516612798786
1,1,0.5315390255484721
1,0,0.4185738259399454
1,0,0.4164432258744584
0,1,0.5148083908137516
1,0,0.46635409515567156
0,0,0.4866938206929386
1,0,0.38804070035515664
1,1,0.7994726954825934
0,0,0.3663398514006354
1,1,0.5432744805326412
1,0,0.43731240932524224
0,1,0.5307810956670667
0,0,0.46178844918451295
0,1,0.5546291780769825
1,0,0.4990937612427997
1,1,1.0
0,1,0.5479401450999355
0,0,0.462484085741534
1,1,1.0
1,1,0.6163693167009147
1,0,0.36601041565011433
1,1,0.5421303914329079
0,0,0.4549275406719968
1,1,1.0
1,1,0.5398567345685806
0,0,0.009525865649931773
0,0,0.3481912029741853
0,1,0.5180276523965016
1,1,0.5810517071715534
0,0,0.158
1,1,0.5148083908137516
0,1,0.5041457495382529
0,0,0.006
0,0,0.24517455919043518
0,0,0.3383704474432892
1,0,0.46001664325981595
1,1,0.5238684645228838
0,0,0.4092066882980152
0,1,0.5298929977844897
1,0,0.1539335289881573
0,0,0.4399746863229401
0,1,0.5062551569469426
0,0,0.4392954521202047
0,1,0.6529343262428962
0,1,0.5259103196815872
1,0,0.44950214928545024
1,0,0.005434244377313839
0,1,0.5161277911284329
1,1,1.0
0,1,0.5168908312977021
0,1,0.5608766553397652
1,1,0.5161277911284329
1,1,1.0
1,1,0.5028002029334034
0,0,0.2889850729026376
0,0,0.15
0,0,0.34639452464770654
0,1,0.5140177000648697
0,0,0.25767052104595495
0,0,0.304866756594486
1,0,0.35839305303887714
1,0,0.168809414153901
0,0,0.264842966100876
1,0,0.4929934024441226
1,1,1.0
0,0,0.49691814636016446
0,0,0.058
0,0,0.38074476384438216
0,0,0.4835800032887292
0,0,0.355745477202902
0,0,0.182
1,0,0.2645522342315559
1,1,0.7185286094321462
0,0,0.4791321860913771
1,1,1.0
1,1,0.5935415148228974
0,0,0.4240710276052274
1,0,0.4621627048890279
1,0,0.49171271720769577
1,0,0.26600252622042964
1,0,0.4267100404435874
0,1,0.8528532294891467
1,1,0.5274458871662253
0,0,0.08641681935341626
0,0,0.47117479526733574
0,1,0.5168908312977021
0,0,0.15972036685543572
0,0,0.4476417175568387
0,0,0.3618860635650265
0,1,0.5503248073788848
0,1,0.840488113800006
1,1,0.5168908312977021
1,0,0.46151934508981374
0,0,0.31
0,0,0.41439787647437837
0,0,0.3593588504239299
0,0,0.4818662294014451
1,1,1.0
0,0,0.0068873378773485075
0,1,0.6640561630766315
0,1,0.5039284135526704
0,1,0.5008616683452152
1,1,1.0
1,0,0.48764516612798786
0,0,0.4910703178175632
1,1,0.5253154859573989
1,1,0.5260711927674411
1,1,0.6538083502051736
0,1,0.5019931156820426
1,0,0.3746314759293058
0,1,0.5206012913692054
0,0,0.46423277090606546
0,1,0.6111085084569122
1,0,0.3593588504239299
1,0,0.4044843348585801
0,0,0.24711798985424208
0,0,0.48786722992733145
1,0,0.4484764535772229
0,1,0.5817140355808609
0,0,0.4846550422197456
0,0,0.114
1,0,0.018449103424725125
0,1,0.5031810784270069
1,0,0.47618657596830494
1,0,0.256
0,1,0.5005710121715935
1,0,0.4816055454021122
1,1,0.5894432365314035
0,1,0.9136592485325091
1,1,0.5206012913692054
0,1,0.5805381842618853
0,0,0.21335787297903017
0,0,0.38105564847973494
0,1,0.5099706816256824
1,1,0.5398567345685806
1,1,0.54171470629203
0,0,0.3809649963081923
1,0,0.4933815720306598
0,0,0.4359404213665217
1,1,1.0
1,1,0.5720196859984993
0,1,0.5005710121715935
1,0,0.2465116877978903
0,1,0.5264876521265783
0,1,0.6224198987150841
0,0,0.13059404029078275
0,0,0.38441448749092294
0,0,0.15
0,0,0.49886239820922595
1,1,0.8140690017865828
0,1,0.5201971080203623
0,0,0.4534929831632774
0,0,0.4878470506189733
0,1,0.5008616683452152
0,0,0.4425266378350777
1,1,0.998
0,1,0.5867454605629636
1,0,0.3950737144723694
1,1,1.0
0,1,0.7880287638761831
0,1,0.5875898822501446
0,1,0.5260711927674411
0,0,0.4750077105375299
1,1,0.5201971080203623
0,1,0.5008616683452152
1,1,1.0
1,0,0.43731240932524224
0,0,0.4846550422197456
1,1,0.5186175984546153
0,1,0.7553679200890047
0,0,0.27651599581049646
0,1,0.8287320011300708
1,1,1.0
1,0,0.2199295928931911
1,0,0.36556464416963075
0,1,0.5148083908137516
0,1,0.5391036983285884
0,0,0.352
0,0,0.468841408237262
0,1,0.5497729556418924
1,1,0.5161277911284329
0,1,0.5398567345685806
1,0,0.38511798985424206
1,0,0.47713020629801683
1,1,0.5253154859573989
1,1,0.5161277911284329
1,1,0.5549177329767376
0,1,0.5168908312977021
1,1,0.5475407875117035
1,0,0.4433442332932364
0,0,0.4534929831632774
0,0,0.4433442332932364
0,0,0.002
0,1,0.5184611892327401
0,0,0.452
0,1,0.5135609530289467
0,0,0.3844145891398472
0,1,0.552
0,0,0.156
1,0,0.48913121198346254
0,0,0.2795544467874479
0,0,0.0
0,0,0.08565947483390828
1,1,1.0
0,1,0.539572910930673
1,0,0.49295965076484877
0,1,0.5454806148347662
1,1,0.6965485983303145
0,0,0.37490339873086514
0,1,0.6741965661326971
1,1,0.5894432365314035
1,1,0.5041457495382529
0,0,0.32156874666048885
0,0,0.49768904978934986
0,1,0.5518544189074571
0,0,0.4838314888059446
0,1,0.6061226828916031
0,1,0.519456677464264
0,1,0.5769469797610072
0,1,0.5148083908137516
0,0,0.09943424437731385
0,0,0.05564749119033569
1,0,0.02
1,0,0.38825243764936024
0,1,0.5135609530289467
0,0,0.08051134696489513
0,0,0.46423277090606546
0,0,0.2521416108115798
1,0,0.42660187285519235
0,0,0.04287289805719624
1,1,0.5168908312977021
1,1,0.7232760844171244
1,1,0.5148083908137516
0,0,0.3375520456424271
1,1,0.6349595967207698
1,1,0.6678676140153814
1,0,0.3927812304945139
0,1,0.646297283792054
1,0,0.4514109008572663
1,0,0.44950214928545024
0,0,0.2045588598967558
0,0,0.1257154932292415
1,0,0.011155748634174317
0,0,0.48764516612798786
1,0,0.4597163934556409
0,0,0.248
1,1,1.0
0,1,0.5644590578433407
1,0,0.45910476542326883
0,1,0.5026844679304702
1,1,0.8200473115641502
1,0,0.4697383445553928
1,1,0.6499708530906938
0,1,0.5274037271396327
1,0,0.46151934508981374
0,0,0.47628215384141365
0,1,0.5391036983285884
1,0,0.44950214928545024
1,0,0.1738636518304794
0,0,0.462484085741534
0,0,0.4846550422197456
0,0,0.4750077105375299
0,0,0.033712030145024795
0,0,0.038
1,1,0.5005710121715935
1,1,0.5031810784270069
1,0,0.39457283549883226
1,0,0.44776508807210663
1,1,0.5416922521439209
1,0,0.45650053647296956
1,1,1.0
1,0,0.034
0,1,0.7107309902540253
1,0,0.39477996376752456
1,1,1.0
1,1,1.0
1,1,0.57916540779115
0,0,0.28144877011273656
1,0,0.07301182004054381
0,1,0.5492938265126921
0,0,0.04143424437731384
0,0,0.1280648293139428
0,0,0.432900856880855
0,1,0.570359402952064
0,1,0.5307810956670667
1,0,0.1086453376351681
0,1,0.5595582326658877
0,0,0.48305375113730215
1,0,0.42225453220352294
0,1,0.5238684645228838
1,1,0.5617555119594742
0,0,0.4483622098043169
0,1,0.6590321828975637
1,0,0.3085974117581091
0,0,0.34924584490791694
0,1,0.5769469797610072
1,1,0.5041457495382529
0,0,0.126
1,0,0.48573334785029304
0,1,0.5206012913692054
0,1,0.5714251596208244
0,0,0.2942847425469373
1,1,0.508
0,1,0.5585186464129971
0,0,0.4476417175568387
0,0,0.4818662294014451
1,1,0.5372538243228401
0,1,0.5135609530289467
1,0,0.46797712813783804
0,1,0.7971500819279546
1,1,1.0
1,1,1.0
1,1,0.520155681706381
0,0,0.06402608653700641
1,1,1.0
0,1,0.5410227754434169
0,1,0.5595582326658877
0,1,0.7696038649162001
0,1,0.5013785600596085
1,0,0.10095671384325548
0,0,0.45901950376428874
0,0,0.04866401227109594
0,0,0.46423277090606546
0,0,0.4392954521202047
0,1,0.8569977657704498
1,1,0.5030472089920336
1,0,0.012555933800527254
1,0,0.49119239005837234
0,0,0.36313144734776226
0,1,0.5710746284531442
1,1,0.5140177000648697
1,0,0.28144877011273656
0,1,0.6593779541957756
1,1,1.0
0,1,0.5005710121715935
0,0,0.38664757827049623
0,1,0.5805381842618853
1,0,0.48305375113730215
1,1,1.0
0,0,0.34383872398901344
0,1,0.5226611005321335
0,0,0.008
1,0,0.38989383018630175
0,0,0.45437477955443434
1,1,0.5206012913692054
0,0,0.4586471894326953
0,0,0.3475127131219453
0,1,0.584
1,1,1.0
1,0,0.4653118545226047
0,0,0.102
1,1,1.0
0,0,0.49456702806227304
1,1,1.0
1,1,0.5584286497937176
1,1,0.5041457495382529
0,1,0.7124253742842742
1,0,0.433417075080916
1,0,0.4689622786249206
0,0,0.45901950376428874
1,0,0.4208154019456053
1,1,0.5571812997139598
0,0,0.308
0,0,0.48573334785029304
1,0,0.4322785151802546
0,0,0.4425266378350777
0,1,0.5595582326658877
0,0,0.44173151048183007
1,0,0.4425266378350777
0,0,0.3126330562089752
0,0,0.004
1,0,0.4910703178175632
0,0,0.266
1,1,1.0
1,0,0.47164343426198585
0,1,0.5186175984546153
0,0,0.48764516612798786
0,0,0.39999425601581284
0,1,0.6528966573677912
0,0,0.48913121198346254
0,0,0.35356582013731025
1,1,0.6272143710228599
0,1,0.5253154859573989
0,1,0.5841043073317866
0,0,0.4846550422197456
0,1,0.5285803243035255
0,0,0.4489019177894239
0,1,0.5259103196815872
0,0,0.074
0,0,0.2987758403320597
0,1,0.7803572096396029
1,0,0.44950214928545024
0,0,0.40791471958378456
0,1,0.5274458871662253
1,1,0.7387758403320597
1,0,0.3896271903878461
1,0,0.28669028094783605
1,1,0.5203500130378891
1,0,0.4971397704271546
1,1,1.0
0,1,0.5008616683452152
0,1,0.5260711927674411
0,1,0.5260711927674411
1,1,1.0
0,0,0.4586471894326953
1,0,0.4990937612427997
0,1,0.5702995868798902
1,0,0.45411167063826674
1,0,0.4121226376834898
0,1,0.5226611005321335
1,1,0.5546291780769825
0,1,0.5135609530289467
1,1,0.5540995114962906
1,0,0.36711798985424204
0,0,0.48764516612798786
0,0,0.36190040813514934
1,0,0.4433442332932364
0,1,0.5805381842618853
0,0,0.26261558837356247
0,0,0.3349734923935198
1,0,0.2910315083471534
1,0,0.4536142114081671
1,0,0.39041404346973047
0,0,0.1573411816361857
1,1,1.0
0,1,0.8496955843009064
0,0,0.45650053647296956
0,0,0.23776373714163718
0,0,0.4175563662791982
0,0,0.4838314888059446
1,1,0.7247850165561791
0,0,0.2801922435650675
0,0,0.004
0,0,0.3207101893413163
0,1,0.5008616683452152
1,0,0.33131606903710753
1,1,0.5535025310313856
0,1,0.5264876521265783
1,1,0.984
0,0,0.4738463558009017
0,0,0.138
1,0,0.4425266378350777
1,0,0.4838314888059446
0,1,0.5200632390109623
0,0,0.4737871175321619
0,1,0.5432744805326412
0,0,0.002
1,1,0.5321836573661148
1,0,0.17331385405854882
1,1,0.6919864786088697
1,1,0.5714251596208244
0,0,0.48488370439453227
0,0,0.44975068791087774
1,0,0.049668115456489366
0,0,0.004
0,0,0.09
0,0,0.4990937612427997
1,1,0.6847364362822198
1,0,0.47487596818877464
1,1,0.5226611005321335
0,1,0.5505390467123841
1,0,0.4476417175568387
0,0,0.49448062507050894
0,0,0.48913121198346254
1,1,0.5242526580190953
0,0,0.49542464466747516
0,1,0.5062091004224261
0,0,0.3656487510132603
0,0,0.092
1,0,0.3034869520121075
1,1,0.574668822712649
1,1,0.5206012913692054
0,0,0.48573334785029304
0,1,0.5471930023822041
1,1,0.5186175984546153
0,1,0.5048088613794017
1,0,0.47628215384141365
0,0,0.45965815536102983
1,0,0.48941814495606867
1,1,0.6554505882088438
1,1,1.0
1,0,0.47628215384141365
1,0,0.47618657596830494
1,0,0.4217070016953104
1,1,0.8069268872568376
0,0,0.16319569987294122
0,1,0.5915292451116118
0,1,0.5264876521265783
1,0,0.4677245249541469
0,1,0.5303586267665066
0,0,0.4514109008572663
0,1,0.5644590578433407
1,0,0.184
1,0,0.4121226376834898
1,1,0.5099706816256824
0,1,0.5188566827535638
0,0,0.16413219956377179
1,0,0.3496729118871263
0,0,0.47618657596830494
0,0,0.38825243764936024
1,1,0.5419557611748552
0,1,0.5148083908137516
1,1,1.0
0,0,0.07547630498449712
0,0,0.3224569341514602
0,0,0.38015977129612927
0,1,0.6362147436769479
1,1,0.5595582326658877
1,0,0.47618657596830494
0,0,0.07466980099825732
1,0,0.3863743451836792
0,1,0.5761376105790003
0,0,0.4322725601657114
1,0,0.4743488314741997
1,1,1.0
0,0,0.4750077105375299
0,0,0.4439547310176263
1,1,0.520155681706381
0,0,0.49448062507050894
0,0,0.48573334785029304
0,1,0.5246334455253594
1,0,0.31763761374481486
1,1,0.5148083908137516
1,1,0.5303586267665066
1,0,0.3330167285770635
1,1,0.5391036983285884
0,1,0.7789896640557102
0,0,0.3809649963081923
0,0,0.45713385005406
1,0,0.4514109008572663
1,0,0.284
0,0,0.4990937612427997
1,0,0.4208154019456053
1,0,0.362
0,0,0.128
1,1,0.5278542136477911
1,0,0.2775168300029954
0,0,0.47117479526733574
0,0,0.13653678873091107
0,1,0.5315390255484721
0,0,0.2205033293151333
0,0,0.19392133457606656
0,0,0.3101920922260911
0,0,0.0313139445884514
0,1,0.5391036983285884
1,1,0.5233753470611903
1,0,0.3887095223589768
0,0,0.082
1,0,0.3601532250042887
1,1,1.0
1,1,0.5319548068498541
0,1,0.5041457495382529
0,0,0.4968785990449293
1,1,0.5039284135526704
0,0,0.42005640434688957
0,0,0.48488370439453227
1,0,0.47487596818877464
0,1,0.5005710121715935
0,1,0.590824129052898
1,1,1.0
0,0,0.02
0,0,0.45650053647296956
0,0,0.468841408237262
1,1,1.0
0,0,0.15613116380638958
1,0,0.07408481597266812
0,1,0.7073447647305007
0,0,0.4483622098043169
0,0,0.214
0,0,0.24
1,0,0.4476417175568387
0,1,0.5221259513988297
1,1,0.5229425652346357
1,1,1.0
0,0,0.2794184546496505
1,1,0.5165159489951439
0,0,0.213050180204701
1,1,0.645535368394092
1,0,0.45411167063826674
0,0,0.4514109008572663
0,0,0.040235979708484144
0,0,0.34116700723919374
1,1,1.0
0,0,0.30946097760377
0,1,0.5379487424450392
1,1,0.6701711255433482
0,1,0.7999953394194497
1,1,0.5148083908137516
1,0,0.4697383445553928
0,1,0.6927298930625327
1,1,1.0
1,0,0.1807749120587629
1,1,0.5227325470323655
1,1,0.5062551569469426
0,1,0.5322324356508161
1,1,0.7354242688200331
0,0,0.4738463558009017
1,1,0.6408640090190286
0,1,0.95
1,1,0.519101385594176
0,0,0.48764516612798786
0,0,0.4657854338082925
0,1,0.5274458871662253
0,0,0.3475638920721447
0,0,0.44173151048183007
1,1,0.5436460296026628
1,1,1.0
0,0,0.02
0,0,0.19821008470937349
1,1,0.5188566827535638
0,0,0.4305248998675187
0,1,0.5307810956670667
0,0,0.10436817228695308
0,1,0.6946524708929869
1,1,1.0
1,0,0.48573334785029304
0,0,0.47633238973581954
1,1,1.0
0,1,0.5274458871662253
0,0,0.004
1,0,0.4922007930514516
0,1,0.6263737533945379
1,0,0.4425266378350777
1,0,0.29553732567652446
1,0,0.2735333768844001
0,0,0.11750043877166448
1,1,0.8200473115641502
1,1,0.996
0,0,0.023803119467450735
0,1,0.521213248302004
0,0,0.4586471894326953
1,0,0.12975590425298358
0,1,0.5135609530289467
1,0,0.3398490797893002
0,0,0.053356905777117734
0,0,0.4425266378350777
0,0,0.48773604240734647
0,0,0.3675003622736808
1,1,0.942
1,0,0.49579009920675504
0,1,0.580006052493627
1,0,0.47117479526733574
0,1,0.5041457495382529
0,0,0.4536142114081671
0,0,0.4433442332932364
0,1,0.537952724440943
0,0,0.46685162054024915
1,0,0.4110090878069675
1,1,1.0
1,0,0.42225453220352294
0,1,0.5546291780769825
0,0,0.15083928836362967
0,0,0.4697383445553928
0,1,0.6969755774349248
0,1,0.5710746284531442
1,0,0.4933815720306598
0,0,0.41307362162400946
1,1,0.5760050255158246
1,0,0.19686499695089496
1,1,0.6595693550984925
0,1,0.5227325470323655
1,0,0.42326595206610806
1,0,0.4690371103618516
0,0,0.49994549067271427
0,1,0.6428207070335282
0,1,0.5359876097760331
1,1,0.8013385179422751
1,0,0.2677347345242809
0,1,0.715434244377314
1,1,1.0
0,0,0.3496729118871263
0,1,0.5180276523965016
0,1,0.5135609530289467
1,0,0.4489019177894239
0,0,0.46815228885074844
1,1,0.5873447193542976
1,1,0.5062551569469426
1,1,0.8142326908185794
0,0,0.066
1,1,0.6701468764907126
0,0,0.492
1,1,0.5518544189074571
1,1,0.5501598917490345
0,1,0.5005710121715935
1,0,0.4514109008572663
1,1,0.5554050485776428
0,0,0.49366174624760706
0,0,0.3475127131219453
1,0,0.4425266378350777
1,0,0.4121226376834898
1,0,0.09532025078633825
1,1,0.5322324356508161
1,0,0.49456702806227304
0,1,0.6857771043177131
0,1,0.5372538243228401
0,0,0.4185738259399454
1,0,0.43687509100515526
0,1,0.5102902435237725
1,0,0.44906660318298425
0,1,0.5540995114962906
1,1,0.5663621388355481
0,1,0.5135609530289467
1,1,0.92
1,0,0.4846550422197456
0,0,0.3927337452337544
1,1,0.5978749512467517
1,1,0.5084587114727547
0,0,0.248
0,1,0.5005710121715935
0,1,0.5599496487602985
1,0,0.45411167063826674
0,0,0.25311798985424205
0,1,0.8660282846680966
1,1,0.5315390255484721
1,0,0.28144877011273656
1,1,0.5008616683452152
0,1,0.9192117999316117
0,1,0.5501598917490345
0,0,0.4326194373197781
0,1,0.5168908312977021
0,1,0.5008616683452152
0,0,0.34377266870346285
1,1,0.7213099941034049
0,0,0.4452982068951879
0,0,0.10143424437731383
0,0,0.36838113061394645
1,1,1.0
1,1,0.6456430199575676
1,0,0.4922007930514516
1,0,0.47618657596830494
1,0,0.42005640434688957
1,1,0.5632096017664809
1,0,0.3049728942993546
0,0,0.3744771421124484
1,1,0.520155681706381
1,0,0.4614161442494055
0,0,0.21200210875555245
0,0,0.4846550422197456
1,1,0.5644590578433407
1,1,0.5391036983285884
1,0,0.47822016510500465
1,0,0.39191062606642096
1,1,0.666
0,1,0.6466345363669046
1,1,1.0
0,1,0.5062091004224261
0,0,0.3690860661055412
0,0,0.0
1,1,1.0
1,0,0.4894173401327036
1,0,0.45055223423155594
0,0,0.128
1,1,0.97
1,0,0.2118821216199507
1,1,0.5552351521736353
1,0,0.30589383018630173
0,0,0.4571309652568444
0,0,0.49768904978934986
0,0,0.38319707734020275
1,1,1.0
1,1,0.5048727901850015
0,0,0.45965815536102983
0,1,0.588983762227404
1,1,1.0
0,1,0.5062551569469426
1,0,0.08995860195496272
0,1,0.5148083908137516
0,0,0.43387970890377264
1,0,0.48573334785029304
0,1,0.5427758403320597
1,0,0.4657854338082925
1,1,0.5551044684631119
0,0,0.3501962753350299
0,1,0.5799587008943372
0,1,0.561011560559877
0,0,0.46151934508981374
1,1,0.5168908312977021
0,1,0.731670521045955
0,1,0.5647758403320597
0,0,0.49863681320427405
0,1,0.5164730951370088
0,0,0.4910703178175632
1,0,0.46151934508981374
0,0,0.42126670095815294
0,1,0.5915292451116118
0,1,0.5121535929133378
1,0,0.3100726152285002
1,0,0.03184860027196709
0,0,0.3927812304945139
0,0,0.4855011742606204
1,1,0.539572910930673
1,1,1.0
0,1,0.5391036983285884
1,1,0.5148083908137516
1,1,0.5534342443773138
0,1,0.5186175984546153
1,1,1.0
1,1,0.5760050255158246
1,1,1.0
0,0,0.4310514842923118
0,0,0.254
1,1,0.5274458871662253
1,1,0.5238684645228838
0,0,0.014
1,0,0.3591748572084345
1,0,0.44076350182436813
0,1,0.9585940402907827
0,1,0.5005710121715935
0,0,0.15673818784112353
0,1,0.5168908312977021
0,0,0.4677245249541469
1,0,0.4514109008572663
0,1,0.5702995868798902
1,1,0.5131509117186277
1,0,0.4690371103618516
0,1,0.5227325470323655
1,0,0.35010342243069176
1,1,0.5041457495382529
1,0,0.3841060467131148
0,1,0.5148083908137516
1,0,0.19406351767634664
0,1,0.604825545721226
0,1,0.5148083908137516
0,0,0.48913121198346254
0,1,0.8893467029682571
1,1,0.5238684645228838
1,0,0.4933815720306598
1,1,0.5710746284531442
0,1,0.5062091004224261
1,1,0.5608766553397652
1,0,0.44000169532150885
0,1,0.5288197753589837
0,1,0.5577407537995943
1,1,0.5226611005321335
1,0,0.19312609251834004
0,0,0.18467557408898894
0,1,0.6897243277112259
1,0,0.4036283462416651
1,1,1.0
1,0,0.4231074167553557
1,0,0.48913121198346254
0,0,0.19
0,0,0.4878470506189733
0,0,0.36
1,1,0.5201971080203623
0,1,0.6299616899528142
0,1,0.9136218230369062
0,0,0.47850032451268387
1,1,1.0
1,0,0.3114761300558642
0,0,0.126
1,0,0.468841408237262
0,0,0.48573334785029304
1,1,0.5224286487880211
0,0,0.141546952357964
0,0,0.152
0,0,0.0007401881285472301
0,1,0.529065722886621
0,0,0.35770921662327815
0,0,0.49768904978934986
0,0,0.07012980989478589
1,1,0.6189797289188055
0,0,0.30009183169658404
1,1,0.5131509117186277
1,0,0.42075811208565744
0,0,0.322
1,0,0.4549494352308837
1,1,0.5882054775441274
0,0,0.49301185059592867
1,1,0.5298929977844897
0,1,0.9157501531231194
1,1,0.5033443043853133
0,1,0.510210558778354
1,0,0.44989669470092897
0,1,0.7061344443999423
0,1,0.5165159489951439
0,1,0.7525418252836147
1,0,0.46151934508981374
0,0,0.2692696099343006
1,0,0.3498750300161395
0,0,0.08132058451903772
1,1,0.8199999596047378
0,1,0.5062091004224261
0,1,0.5227325470323655
1,0,0.14246124999365758
0,1,0.645535368394092
0,1,0.5095088662355254
0,0,0.4087568910204687
0,0,0.020680715480163175
0,0,0.44810840746526387
1,1,0.6302591546314378
0,0,0.19685082854385894
0,0,0.14448372190894987
0,0,0.49994549067271427
0,0,0.3445366656654643
0,0,0.4780183641686338
1,0,0.4846550422197456
0,0,0.46635409515567156
1,0,0.23771206158687927
0,0,0.4304938822931777
1,1,1.0
0,1,0.5148083908137516
0,0,0.268855169335685
0,0,0.4489019177894239
1,1,0.5062791679048926
0,1,0.5008616683452152
1,0,0.43687509100515526
0,1,0.5616537073409492
1,1,0.5062791679048926
0,1,0.5391036983285884
1,1,0.5307810956670667
0,1,0.5229425652346357
1,1,0.5148083908137516
0,1,0.5487774788900579
1,0,0.4929934024441226
0,0,0.086
1,0,0.28104476739860157
1,1,0.984
1,1,1.0
1,1,0.5959094558604922
1,0,0.4536142114081671
1,1,0.847508350178752
1,1,0.7570273630031853
0,1,0.5013785600596085
1,0,0.4750077105375299
0,0,0.12317484219465138
1,0,0.37490339873086514
0,0,0.21
1,1,1.0
1,1,1.0
0,1,0.5260711927674411
0,0,0.196
1,0,0.1985940402907827
0,0,0.48071039105048385
0,0,0.48573334785029304
1,0,0.46936033951834955
1,0,0.4779325790026912
0,0,0.01
0,0,0.44620570724147374
0,0,0.17956786041677467
1,0,0.41576191994524114
1,1,0.5008616683452152
1,1,1.0
0,0,0.49448062507050894
0,1,0.7617354932424637
0,0,0.4344117447684117
0,0,0.4711179898542421
1,1,0.590824129052898
0,0,0.128
0,0,0.216
1,0,0.010481266693938446
1,0,0.23088541914208968
0,0,0.4818662294014451
0,0,0.4922007930514516
0,1,0.5161277911284329
0,0,0.4689622786249206
1,0,0.49456702806227304
0,0,0.4939755327978632
0,0,0.4433442332932364
0,1,0.5131509117186277
0,0,0.2657120301450248
1,1,0.5571812997139598
0,0,0.3864444553010188
1,1,0.5008616683452152
1,1,0.5008616683452152
0,1,0.7047758403320598
0,1,0.9531828534523422
1,0,0.49579009920675504
0,0,0.4548528741907143
1,0,0.271708445063509
0,1,0.5140177036008678
0,0,0.470466467259364
0,0,0.41101753470377655
1,1,0.998
0,0,0.025841286792122012
0,1,0.6147066712549593
1,0,0.4208154019456053
1,1,0.5549177329767376
0,1,0.5019931156820426
0,1,0.5140177000648697
1,1,0.998
0,0,0.4484764535772229
0,0,0.4599287267677158
1,1,0.5532618333366005
1,1,0.8528532294891467
1,0,0.48071039105048385
0,0,0.2771179898542421
1,1,0.998
0,1,0.5702995868798902
1,0,0.09513106664138687
0,1,0.5391036983285884
1,1,0.5600755045559667
1,0,0.41131803305969517
1,1,1.0
0,0,0.2942609711258123
0,0,0.4111340955009738
0,0,0.12169241988876117
1,0,0.18943424437731382
0,0,0.364461548552854
1,0,0.39191062606642096
1,1,0.9714556053958541
1,0,0.4781771771504908
0,0,0.4846550422197456
0,1,0.586624836910014
1,0,0.3545731688753049
1,1,1.0
1,1,0.5080864992658386
0,1,0.5298929977844897
1,0,0.44000169532150885
0,1,0.5958445712484003
1,1,0.7473956181780437
1,0,0.4536142114081671
0,1,0.5246334455253594
0,1,0.5322324356508161
0,1,0.5148083908137516
1,0,0.13207752235297415
1,1,0.5148083908137516
0,0,0.43563073699512406
0,1,0.5307810956670667
0,0,0.44950214928545024
0,0,0.46640442403181914
0,0,0.49366174624760706
0,0,0.12881502834151262
0,0,0.45901950376428874
1,0,0.44654884544367507
0,1,0.5391036983285884
1,0,0.4726665754463352
1,0,0.4818662294014451
1,1,0.5398567345685806
0,0,0.24118957418041614
1,1,0.998
0,0,0.252
0,0,0.4549275406719968
0,0,0.02765646392364739
0,1,0.8282399623076249
0,1,0.5041457495382529
1,0,0.31020269765996633
1,1,0.5597456689450586
1,0,0.48913121198346254
1,0,0.07950731212111418
0,1,0.8576844458309142
1,1,0.5229425652346357
0,1,0.5201971080203623
1,0,0.4322785151802546
1,1,0.996
1,1,1.0
0,0,0.468841408237262
1,0,0.03
0,0,0.4796492602518468
1,1,1.0
0,0,0.47628215384141365
0,1,0.5315390255484721
0,0,0.4399746863229401
0,1,0.5322229360098717
1,1,1.0
0,0,0.49768904978934986
0,1,0.5148083908137516
0,0,0.008
0,0,0.17935519913265066
0,0,0.4361466191063726
1,1,0.5057209331541698
0,0,0.10044086019604642
1,0,0.36842473101334533
0,0,0.4476417175568387
1,0,0.45965815536102983
1,0,0.44776508807210663
1,1,1.0
0,0,0.41307362162400946
0,1,0.5184611892327401
1,0,0.49456702806227304
1,1,1.0
1,0,0.3672386378845809
1,0,0.4433442332932364
1,0,0.48573334785029304
0,1,0.6973527041783556
1,0,0.1418977781280245
1,0,0.38825243764936024
1,1,0.5041457495382529
0,0,0.4175563662791982
0,0,0.46151934508981374
1,0,0.46151934508981374
1,1,0.5168908312977021
1,0,0.12317484219465138
0,1,0.521213248302004
0,1,0.5008616683452152
1,0,0.47117479526733574
1,1,0.519101385594176
0,1,0.8334533963997984
0,0,0.35239650457633426
0,0,0.07498305626101069
0,0,0.2647015524742465
1,1,1.0
0,0,0.3635835626200044
1,1,0.6307454331722239
0,0,0.25071253131914256
0,0,0.48938685518247693
0,0,0.086
1,0,0.48456139294715117
1,1,1.0
1,1,0.5148083908137516
1,1,0.5096641773215661
1,0,0.3305522342315559
1,0,0.44700136188115386
1,1,0.5873447193542976
0,0,0.39704282416094094
1,1,0.5062791679048926
0,0,0.026
1,1,0.5264876521265783
1,1,0.8396038918213832
1,0,0.4796492602518468
0,0,0.4878470506189733
0,1,0.5406443469624344
0,0,0.14
1,0,0.4858245227197598
0,0,0.46151934508981374
0,1,0.7885659814008418
1,0,0.4697383445553928
1,1,0.5608766553397652
0,0,0.034
0,0,0.43687509100515526
0,1,0.5391036983285884
1,0,0.4846550422197456
0,0,0.4306082606379076
1,0,0.4503792884643055
1,0,0.285670224085798
1,0,0.40791471958378456
0,1,0.570550159157931
0,0,0.49994549067271427
0,0,0.2761450881545754
0,0,0.1811735118912147
1,0,0.46252547144969347
1,0,0.1539424289265217
0,1,0.5897549056823275
0,0,0.10301040077169812
0,0,0.46252547144969347
0,1,0.5410227754434169
0,0,0.19158282572569282
1,0,0.042
1,0,0.12317484219465138
1,1,0.5419577609617408
0,1,0.5307185131626951
1,1,1.0
0,0,0.4796492602518468
1,1,0.7912352470359623
1,1,1.0
0,0,0.46702849164192084
1,0,0.45965815536102983
0,0,0.43731240932524224
0,1,0.5229069104382628
0,0,0.4536142114081671
0,0,0.4706967916235123
1,1,0.5041457495382529
0,1,0.5095088662355254
0,1,0.5062791679048926
0,1,0.5274458871662253
0,1,0.5168908312977021
0,0,0.33147086584069546
1,1,0.5168908312977021
0,1,0.5253154859573989
1,1,0.588983762227404
0,0,0.06546580782481295
1,0,0.10532807456361558
0,0,0.062
1,1,0.574668822712649
0,0,0.4266487941333358
1,1,0.5487774788900579
0,0,0.0009747063697061259
1,1,0.5005710121715935
0,0,0.4425266378350777
0,1,0.5774282234228194
0,0,0.49579009920675504
1,1,0.5404575636614277
1,1,0.5315390255484721
1,1,1.0
0,1,0.54171470629203
1,0,0.12623558691230127
0,0,0.09248082546804089
1,0,0.38005962036248664
0,0,0.002
0,0,0.05835690594126792
0,1,0.5168908312977021
1,0,0.47649922904885367
1,1,1.0
0,1,0.5288197753589837
0,0,0.48889679252917595
1,1,1.0
1,0,0.3327799861195128
0,1,0.5008616683452152
1,0,0.42326595206610806
0,1,0.7245298530208687
1,1,1.0
1,0,0.468841408237262
0,0,0.42805100199428486
0,0,0.45650053647296956
1,0,0.3805759145387206
1,0,0.35356582013731025
0,1,0.5571812997139598
0,0,0.09880693371313962
0,1,0.5226611005321335
0,0,0.33119605188633755
0,0,0.4737871175321619
0,0,0.1
1,0,0.28144877011273656
1,1,0.685604332728777
0,1,0.537952724440943
0,1,0.5848468204226454
1,0,0.4536142114081671
1,1,0.5165159489951439
0,1,0.5165159489951439
0,0,0.4420547101826073
0,1,0.6162323522410507
0,1,0.5206012913692054
1,1,1.0
1,1,1.0
0,1,0.5501598917490345
1,1,0.5229425652346357
0,0,0.028941892236941477
0,1,0.5030472089920336
1,0,0.46001664325981595
0,1,0.5102902435237725
0,0,0.24407847329578855
0,1,0.6369279023158216
1,0,0.09
1,1,1.0
0,1,0.5391036983285884
1,1,0.5062551569469426
0,1,0.6120235513564808
1,0,0.46151934508981374
0,1,0.519101385594176
0,1,0.5301418892261626
0,1,0.6730375898891805
0,0,0.027411072243655434
1,1,0.804
1,1,1.0
1,1,0.5038205102526623
0,0,0.20513552753081277
1,1,0.502877602971645
0,0,0.41574208836621057
0,1,0.7123750968802401
1,1,1.0
1,0,0.4818662294014451
0,0,0.17159554547405811
1,1,0.5274458871662253
0,1,0.5406443469624344
0,1,0.5595582326658877
1,0,0.4174899024020761
0,1,0.5264876521265783
0,1,0.5062091004224261
1,0,0.33075005629119014
1,0,0.45491101025071323
1,1,0.6820334287336082
0,0,0.4534929831632774
1,0,0.302
0,0,0.4846550422197456
1,1,0.5148083908137516
0,0,0.2071127306954195
0,0,0.462484085741534
0,1,0.5161277911284329
0,0,0.4586471894326953
1,0,0.08859404029078272
0,0,0.47628215384141365
0,0,0.28635159064290233
0,0,0.0
0,0,0.10343424437731383
1,1,1.0
0,0,0.3953536417834476
1,1,0.5062091004224261
0,0,0.48938685518247693
0,0,0.44
1,1,0.996
0,1,0.5978609907482153
1,0,0.49727631903579184
1,0,0.4425266378350777
1,0,0.21581674663800451
1,0,0.4208154019456053
0,1,0.91
0,1,0.5294784893914873
1,0,0.46732386279725013
0,0,0.3475127131219453
0,1,0.5168908312977021
1,0,0.002
1,0,0.17648126669393843
1,1,1.0
1,1,1.0
0,1,0.5921313760236293
0,1,0.5099706816256824
1,1,0.5135609530289467
1,0,0.4514109008572663
1,1,0.5195556111422631
0,0,0.49768904978934986
0,0,0.38465615897433125
0,0,0.16
0,0,0.0
1,0,0.4484764535772229
1,0,0.07867287675841621
0,1,0.5595582326658877
1,0,0.264
0,1,0.7092100944939912
0,0,0.054
0,1,0.5553203938866067
1,0,0.4933815720306598
0,0,0.46252547144969347
1,0,0.43986500162422953
1,1,0.5404575636614277
0,1,0.7735298351859691
0,0,0.06607771807413143
0,0,0.4750077105375299
0,0,0.38074476384438216
0,1,0.9274422041444242
0,1,0.5195556111422631
0,1,0.5076741198716426
1,1,0.994
0,0,0.4657854338082925
1,0,0.48764516612798786
0,0,0.4076032499509291
0,0,0.48573334785029304
1,0,0.48573334785029304
1,0,0.49579009920675504
0,0,0.275310658933779
0,0,0.10426695578887304
0,0,0.05910626162051744
0,0,0.050359402952064015
0,0,0.46826592843764225
0,1,0.598755330115692
1,0,0.3691236780364918
1,1,0.5848468204226454
0,0,0.48958817824574974
1,1,0.6196670160228843
0,0,0.36655223423155586
0,1,0.5168908312977021
0,0,0.4586471894326953
0,0,0.2889850729026376
1,1,0.5148083908137516
0,1,0.521213248302004
0,0,0.14243399786266023
0,1,0.5081794887381547
0,0,0.18191645585320482
1,0,0.4846550422197456
0,0,0.15555489428551666
1,1,0.7671983117528216
1,1,1.0
1,1,0.5227325470323655
0,0,0.4175563662791982
1,0,0.45901950376428874
0,1,0.7661571796791452
0,0,0.4534929831632774
0,1,0.5008616683452152
0,0,0.4075988816990744
0,1,0.5349349383063942
1,1,0.5274458871662253
0,1,0.5921313760236293
1,1,0.5571812997139598
0,0,0.4846550422197456
0,0,0.4372978448971589
1,0,0.3231218281639396
0,0,0.3797228986130067
1,1,1.0
1,1,1.0
0,1,0.715656293837906
1,1,1.0
0,0,0.4586471894326953
0,0,0.4600694189797085
0,1,0.6185000540316953
1,0,0.4944048956969496
1,0,0.458
0,1,0.5226611005321335
0,0,0.4860395113900581
0,0,0.222
0,1,0.5301418892261626
1,1,0.5714251596208244
1,1,1.0
0,0,0.447121768661917
1,0,0.3953536417834476
0,0,0.46815228885074844
0,0,0.0
1,1,0.9413045371823996
1,1,0.7138779936379233
0,1,0.6089642170017713
0,0,0.046
0,1,0.5148083908137516
1,1,0.9324388973427958
1,0,0.2906512143446324
0,1,0.5546291780769825
0,0,0.392090393504545
0,1,0.5226611005321335
1,0,0.46252547144969347
0,0,0.42326595206610806
1,1,1.0
0,1,0.5168908312977021
0,1,0.5285803243035255
0,0,0.008
0,1,0.7416067138137572
0,0,0.026
0,0,0.0
0,1,0.5135609530289467
1,1,0.996
0,0,0.007321801554515307
0,0,0.166
1,1,0.6602059755426251
0,0,0.2368029992453352
0,1,0.5184611892327401
1,1,0.5201971080203623
1,0,0.23881679556829363
1,0,0.258
0,1,0.9565788397770671
1,1,0.521213248302004
0,1,0.5915292451116118
1,1,0.5031810784270069
0,0,0.06203399766320865
0,0,0.4627919459787913
1,1,1.0
1,1,0.5227325470323655
0,1,0.5229425652346357
0,1,0.6752334402315026
1,0,0.4846550422197456
0,0,0.42005640434688957
1,1,1.0
0,0,0.4929934024441226
1,1,0.5102902435237725
0,0,0.4573189431977469
0,0,0.433417075080916
1,0,0.4846550422197456
0,1,0.5974129891786553
0,0,0.14068849664258753
0,0,0.2010184973532433
1,0,0.38940711679592505
0,0,0.412
1,0,0.3953536417834476
0,0,0.49448062507050894
0,0,0.10387219917276336
0,0,0.380646194947192
1,0,0.48573334785029304
1,0,0.352
1,0,0.49456702806227304
1,1,0.5008616683452152
0,0,0.4737871175321619
0,1,0.5274458871662253
1,1,0.6271576428117691
1,1,0.6183606692442691
1,1,0.5144925597946639
0,1,0.5817140355808609
1,0,0.49164486014771697
0,1,0.5201971080203623
0,1,0.5657211221336931
1,0,0.11412353771577799
0,1,0.554
0,0,0.4846550422197456
1,0,0.4489019177894239
0,1,0.5524644073553298
0,0,0.4586471894326953
0,0,0.16773537061815222
0,0,0.37490339873086514
0,1,0.5714251596208244
0,1,0.5030472089920336
0,0,0.36900222289666224
1,0,0.3601532250042887
0,0,0.46252547144969347
0,0,0.03336312369303236
0,0,0.38152624440860183
0,1,0.5041457495382529
1,0,0.3545173985048694
1,1,0.5838417550411342
0,0,0.4930554156584155
0,0,0.206
0,0,0.162
1,0,0.4322725601657114
1,0,0.2871044684631119
0,1,0.6369279023158216
1,0,0.4750077105375299
0,0,0.4657854338082925
0,0,0.4846550422197456
1,1,0.6580146059705306
0,0,0.4910703178175632
0,0,0.31511798985424205
0,0,0.06343424437731383
0,1,0.5314703635245241
0,0,0.3085974117581091
0,0,0.40531165903699534
0,0,0.48671080518536497
1,1,0.5380669261055361
1,1,0.5168908312977021
0,1,0.5096641773215661
1,0,0.3698357548525203
1,1,0.5436460296026628
0,0,0.19956799498407715
0,1,0.5602357659021758
1,1,0.5848468204226454
1,0,0.42326595206610806
1,0,0.28144877011273656
0,0,0.17511798985424207
0,0,0.034
1,0,0.006251951348662326
0,0,0.41921253146323095
1,1,0.5319548068498541
0,0,0.194
0,0,0.2972149990290898
1,0,0.4013849817682771
1,0,0.49456702806227304
0,0,0.48573334785029304
1,1,0.5915292451116118
1,1,0.8022359797084841
0,0,0.3174184325735194
0,0,0.010001426433081561
0,1,0.7309335019117188
0,1,0.5421303914329079
1,1,0.5301418892261626
0,1,0.5412118027343137
0,1,0.5805381842618853
0,0,0.47164343426198585
0,0,0.166
0,0,0.4119741554913254
1,1,1.0
0,1,0.8126064815287386
1,0,0.41439787647437837
0,0,0.3614119831409713
1,0,0.47628215384141365
1,1,0.5062791679048926
0,1,0.5008616683452152
0,0,0.13534982834253334
1,0,0.0040339976632086435
0,0,0.1422100847093735
1,0,0.44950214928545024
1,1,1.0
0,0,0.4401669455847821
0,0,0.48573334785029304
0,1,0.5062791679048926
1,0,0.4657854338082925
0,1,0.5391036983285884
0,0,0.4846550422197456
0,0,0.44776508807210663
1,1,0.5076741198716426
1,0,0.44950214928545024
0,1,0.5301418892261626
1,0,0.43687509100515526
0,0,0.48102852613716823
0,1,0.5008616683452152
1,1,0.6779465579664042
1,1,0.5298929977844897
0,0,0.46423277090606546
1,0,0.42326595206610806
1,1,1.0
1,1,0.7288688311452511
0,0,0.4846803083770994
1,1,1.0
1,1,0.5238684645228838
1,1,0.5274458871662253
0,0,0.468841408237262
0,0,0.4922007930514516
0,1,0.7479318328228809
1,1,0.996
0,1,0.5307810956670667
1,1,0.5135404461264955
1,1,0.6640561630766315
1,1,0.5298929977844897
0,1,0.9718239636015026
1,1,0.7569139086824623
0,1,0.5454806148347662
0,0,0.24513057607449956
1,1,0.5148083908137516
1,1,1.0
1,0,0.36635679917029046
0,1,0.5106587709370765
1,0,0.30023597970848415
1,1,0.5387972424274352
1,1,0.5180276523965016
0,0,0.48646762939111754
1,0,0.006251951348662326
1,1,0.6349595967207698
0,0,0.4796492602518468
1,0,0.48573334785029304
1,1,0.832560272338569
0,1,0.5161277911284329
1,1,0.882
1,1,0.5436460296026628
1,0,0.4737871175321619
1,0,0.4930416396066666
1,0,0.4922007930514516
0,0,0.4556783445596004
0,0,0.4041305765659846
1,0,0.38825243764936024
0,1,0.5041457495382529
0,1,0.5307810956670667
0,1,0.5429481376599417
1,1,0.5161277911284329
0,0,0.43798647860886974
1,1,0.5031810784270069
0,0,0.47618657596830494
1,1,0.998
1,0,0.48573334785029304
1,1,0.520155681706381
1,0,0.3363055616391064
0,1,1.0
0,1,0.534
0,0,0.316
1,1,0.986
0,0,0.4781771771504908
1,1,0.5184611892327401
0,0,0.4036283462416651
0,1,0.6631488099907318
0,0,0.40811692680011014
1,0,0.4697383445553928
1,0,0.4860395113900581
0,0,0.4697383445553928
0,0,0.1938758377030193
1,0,0.2972149990290898
0,1,0.5229425652346357
0,0,0.45722716087155163
1,0,0.36900222289666224
1,0,0.1902707300822257
0,1,0.5307810956670667
0,0,0.09535635459678596
0,1,0.5702995868798902
0,0,0.42448126669393843
0,0,0.066
0,0,0.4961179887807636
0,1,0.5391036983285884
0,1,0.5959094558604922
1,0,0.0347449033110928
1,0,0.46640442403181914
0,1,0.719559685919639
0,1,0.5095088662355254
0,0,0.3593588504239299
1,1,0.5041457495382529
0,0,0.468841408237262
0,1,0.5005710121715935
1,1,0.5227325470323655
0,1,0.5233753470611903
0,1,0.6753136805377777
0,1,0.6537909295792007
0,0,0.4614161442494055
0,0,0.3691236780364918
0,0,0.36777007155724345
1,0,0.45965815536102983
1,1,1.0
1,0,0.4433442332932364
0,0,0.006
0,1,0.539572910930673
1,0,0.42005640434688957
1,0,0.49164486014771697
1,0,0.4866938206929386
0,1,0.5760050255158246
0,1,0.5364882235553888
0,0,0.34034374427434466
0,1,0.5313539695627262
1,0,0.45965815536102983
1,1,0.539572910930673
0,0,0.47628215384141365
0,0,0.4425266378350777
0,1,0.5391036983285884
0,0,0.410623333232592
0,0,0.114
0,1,0.5412118027343137
1,0,0.348
0,0,0.08376465987173273
0,0,0.028
0,0,0.4851851148749102
0,0,0.28289184055395983
0,0,0.398
0,1,0.5501598917490345
1,0,0.4507313829854626
0,1,0.5161471192801286
1,0,0.18752221516860476
0,0,0.47618657596830494
0,1,0.5298929977844897
1,1,0.5221259513988297
1,1,0.992
0,1,0.773662073650775
1,1,1.0
0,0,0.2836043358522397
0,0,0.4586471894326953
0,0,0.4894173401327036
0,0,0.4798011217572879
1,1,1.0
0,0,0.044308467518336926
1,0,0.47203741452604653
1,1,1.0
0,1,0.5546291780769825
1,0,0.06750071722902481
1,0,0.006
0,0,0.3231218281639396
0,0,0.4653118545226047
1,0,0.09859618838476693
1,1,0.5274458871662253
1,1,0.574668822712649
1,0,0.23656007579239668
0,0,0.45650053647296956
1,0,0.4750077105375299
0,0,0.3500788102298581
0,0,0.4846550422197456
0,0,0.014
0,0,0.4750077105375299
1,1,0.5135609530289467
0,1,0.5391036983285884
0,0,0.47618657596830494
0,0,0.20817760291078707
0,0,0.364
1,0,0.3696412915312029
0,0,0.03
1,0,0.3646190113189302
1,0,0.48573334785029304
1,1,1.0
0,1,0.5206012913692054
1,1,0.5805381842618853
0,0,0.3212658184534019
0,1,0.5234345559802398
1,1,1.0
0,0,0.2942847425469373
0,1,0.5229425652346357
0,1,0.5195556111422631
0,1,0.5391594528444721
1,1,0.5745781588643395
0,0,0.25926808729839534
0,1,0.5714251596208244
1,0,0.4621627048890279
0,1,0.5563121474199869
1,1,0.5437448038442568
0,0,0.4536142114081671
1,0,0.48305375113730215
1,1,0.726
1,0,0.42326595206610806
0,0,0.196
1,0,0.21402492630767578
0,1,0.5410227754434169
0,0,0.4614161442494055
0,1,0.5550112292278808
0,1,0.5848468204226454
1,1,0.5111741369941627
0,0,0.48305375113730215
1,0,0.18513846612632048
1,1,1.0
0,1,0.796521094802735
0,0,0.31413579685156023
1,1,0.5315390255484721
1,0,0.4143251316698882
1,0,0.3591833675425463
0,1,0.5412118027343137
1,1,0.5096641773215661
1,0,0.24762126662743716
1,1,0.543319433170877
0,0,0.20498172791094327
1,0,0.468841408237262
1,1,1.0
0,1,0.5168908312977021
1,1,0.5301418892261626
0,0,0.4365350224090678
0,0,0.48764516612798786
0,0,0.368
1,1,0.5298929977844897
0,1,0.543319433170877
0,1,0.7328952468376312
0,0,0.35010342243069176
0,0,0.48913121198346254
0,1,0.5885623164170405
0,1,0.644782957491711
1,1,0.99
1,0,0.0031047654232688295
0,0,0.49886239820922595
1,0,0.4838314888059446
0,0,0.4846550422197456
1,1,0.5274037271396327
0,0,0.21190302372431097
1,1,0.5322324356508161
0,0,0.09659404029078271
0,1,0.6844580393948392
0,1,0.5135609530289467
0,1,0.5008616683452152
0,0,0.4657854338082925
0,0,0.25605436687127975
0,0,0.3793771645465061
1,0,0.46423277090606546
0,1,0.5314703635245241
0,1,0.5475407875117035
0,0,0.0
0,1,0.5201971080203623
0,0,0.46685162054024915
0,0,0.136
1,0,0.49579009920675504
0,0,0.44341074234517497
0,0,0.4657854338082925
0,1,0.5148083908137516
1,0,0.4514109008572663
0,1,0.5200632390109623
0,1,0.5505390467123841
1,1,0.5057209331541698
1,0,0.49448062507050894
0,1,0.5048088613794017
1,0,0.4838314888059446
1,1,0.5106587709370765
0,0,0.036
0,0,0.021293722997379326
0,0,0.3593588504239299
0,0,0.4846550422197456
0,1,0.519101385594176
0,0,0.046
1,0,0.43687509100515526
0,0,0.478
0,1,0.5226611005321335
0,1,0.5595582326658877
0,0,0.4614161442494055
0,1,0.6061226828916031
0,0,0.4846550422197456
1,0,0.49164486014771697
0,1,0.5005710121715935
1,0,0.48913121198346254
1,0,0.46685162054024915
0,0,0.3601532250042887
1,0,0.4738463558009017
0,1,0.5838417550411342
0,0,0.46635409515567156
1,1,0.5966106665827385
0,0,0.42075811208565744
0,0,0.4818662294014451
0,0,0.48764516612798786
1,0,0.14343424437731384
0,0,0.15122655867877108
1,1,0.5062091004224261
0,1,0.5437535327245367
1,0,0.044
0,0,0.48913121198346254
1,0,0.092
0,0,0.46527576441761737
0,0,0.272
1,0,0.4299323335541183
0,0,0.42326595206610806
0,0,0.2426132391856699
0,0,0.47164343426198585
0,0,0.3686828366044972
1,0,0.4425266378350777
1,1,1.0
0,0,0.07
0,0,0.498
0,0,0.44103797434540604
1,1,0.7708306960869602
0,0,0.072
1,0,0.48913121198346254
1,0,0.49944004267895015
0,1,0.6932425391593572
0,0,0.4208154019456053
1,1,1.0
0,1,0.588983762227404
0,1,0.6120622823313051
1,0,0.4240710276052274
0,0,0.49886239820922595
0,1,0.580006052493627
0,0,0.0007401881285472301
1,0,0.39252680384365385
0,0,0.4306082606379076
1,0,0.19618204250363178
0,0,0.09149648448252051
0,0,0.46685162054024915
1,0,0.4657854338082925
1,1,0.5518544189074571
0,1,0.6486587147749143
1,1,1.0
1,1,0.5307810956670667
1,0,0.4843844214325224
0,0,0.4866938206929386
0,0,0.4860395113900581
1,1,0.5201971080203623
0,1,0.5523263732130291
0,0,0.3437889843240101
0,1,0.5429481376599417
0,0,0.3151044684631118
0,0,0.4549275406719968
0,0,0.3781190430226827
1,1,1.0
1,0,0.48488370439453227
0,0,0.3698357548525203
0,0,0.31043017803634726
0,1,0.54171470629203
0,0,0.074
1,1,0.5227325470323655
0,0,0.17426445013330671
1,1,0.5206012913692054
1,0,0.34235379557193163
1,1,0.5977305102490766
0,1,0.6060103269714396
1,0,0.30890277722583404
0,1,0.5325260580611376
1,1,0.6141162747692382
0,0,0.37795319750585177
0,0,0.05
1,0,0.4534929831632774
0,0,0.44810840746526387
0,0,0.40791471958378456
1,0,0.42326595206610806
0,0,0.28635159064290233
1,0,0.47822016510500465
0,0,0.4600694189797085
0,0,0.4846550422197456
0,0,0.4933815720306598
0,0,0.082
1,1,1.0
1,1,0.5005710121715935
0,1,0.6545915898388056
1,1,1.0
1,1,0.9136218230369062
0,1,0.521213248302004
1,1,1.0
0,0,0.4597163934556409
0,1,0.5475407875117035
0,1,0.5436460296026628
0,0,0.4174899024020761
1,0,0.4860395113900581
0,0,0.212
1,0,0.4846550422197456
0,0,0.4737871175321619
0,0,0.2159627790009397
0,1,0.5168908312977021
0,0,0.4657854338082925
0,0,0.052191782177281903
0,0,0.46252547144969347
1,0,0.074
0,1,0.734961468877007
0,0,0.4835800032887292
0,1,0.5005710121715935
0,0,0.48764516612798786
0,1,0.6754909954414747
0,0,0.102
0,0,0.48671080518536497
0,0,0.4524968442818173
0,0,0.4750077105375299
0,0,0.3672386378845809
1,0,0.25881745792762284
1,0,0.45965815536102983
0,0,0.12531128669320532
0,0,0.4322725601657114
0,0,0.47850032451268387
0,0,0.4665613285278355
0,1,0.5148083908137516
0,1,0.580006052493627
0,1,0.5206012913692054
1,0,0.49448062507050894
1,0,0.4419836480087153
1,0,0.2725204451030323
1,0,0.39704282416094094
1,0,0.47487596818877464
1,0,0.3875167077228585
0,0,0.32236986079949126
1,0,0.49456702806227304
0,0,0.4425266378350777
1,0,0.2872537867058023
0,0,0.24471900026633325
0,1,0.5475407875117035
0,0,0.2554769008361869
1,1,1.0
0,0,0.24631978566924537
0,1,0.5500711816387502
1,1,0.8915509984404408
0,0,0.09
1,1,0.5206012913692054
0,0,0.4164432258744584
1,0,0.3691236780364918
0,0,0.178626257343256
1,1,1.0
0,1,0.5259103196815872
1,1,0.5201971080203623
0,1,0.8146611855498544
0,0,0.10060911875540231
1,1,0.5008616683452152
1,1,1.0
0,1,0.5274458871662253
1,1,0.5838417550411342
1,1,0.525004208296848
0,0,0.48913121198346254
1,1,1.0
0,1,0.5008616683452152
1,1,1.0
1,1,0.5019833799040262
0,0,0.38785479422737723
0,0,0.3039158961941742
0,0,0.4536142114081671
0,0,0.4267100404435874
0,1,0.6299616899528142
0,0,0.48913121198346254
1,1,0.5041457495382529
1,0,0.45437477955443434
0,1,0.8275636557717709
0,1,0.6691164871620868
1,0,0.4657854338082925
1,0,0.4846550422197456
1,1,1.0
0,1,0.5161277911284329
1,1,1.0
0,0,0.47618657596830494
1,1,0.5167574434419913
1,0,0.4990937612427997
1,0,0.468841408237262
0,1,0.6427758403320597
1,1,0.5274037271396327
0,0,0.3746314759293058
0,1,0.5546291780769825
1,1,0.5195556111422631
1,1,1.0
0,1,0.520155681706381
0,1,0.5915292451116118
1,0,0.48913121198346254
1,0,0.4846550422197456
1,1,1.0
0,1,0.5168908312977021
1,1,0.5206012913692054
0,1,0.5463310605763452
0,0,0.4860395113900581
0,0,0.37329667796603117
0,0,0.09250381871918066
1,0,0.31783339420495904
1,0,0.470466467259364
1,0,0.10187415963844208
1,0,0.46001664325981595
1,1,1.0
0,0,0.242
1,0,0.11120694799754839
1,1,0.5274037271396327
1,1,0.5227325470323655
0,0,0.48445796888904447
0,0,0.4750077105375299
0,1,0.5227325470323655
0,1,0.5848468204226454
1,1,0.5161277911284329
1,1,1.0
1,1,0.5062791679048926
0,0,0.48573334785029304
1,0,0.204
0,1,0.5307810956670667
0,0,0.3887095223589768
1,1,0.998
0,1,0.6369279023158216
0,0,0.14357765293018032
0,1,0.5457738733569635
0,1,0.6676156118662823
1,1,0.5761376105790003
0,0,0.48764516612798786
1,1,0.5041457495382529
1,0,0.4422800397894123
0,0,0.48445796888904447
1,0,0.18656859881748847
1,1,0.5599496487602985
0,1,0.5114246219225903
1,1,0.800258126152906
0,0,0.43687509100515526
0,1,0.5391036983285884
1,0,0.18118031705307172
0,1,0.5518544189074571
0,0,0.47487596818877464
0,1,0.5419557611748552
0,0,0.47822016510500465
0,0,0.4614161442494055
1,0,0.40791471958378456
1,0,0.40791471958378456
0,1,0.5307810956670667
1,0,0.0987176371362433
0,1,0.5041457495382529
1,0,0.17944375738283572
1,0,0.10957663987615353
1,0,0.468841408237262
1,1,0.5298929977844897
0,1,0.5264876521265783
0,1,0.5745781588643395
1,0,0.4600694189797085
1,0,0.4697383445553928
0,1,0.5201971080203623
0,0,0.47203741452604653
1,1,0.5315390255484721
1,1,0.5274458871662253
1,0,0.4476417175568387
1,0,0.48445796888904447
0,0,0.45901950376428874
0,1,0.5238684645228838
1,0,0.1275849890530859
1,1,0.5229425652346357
0,1,0.5161277911284329
1,0,0.1486728767584162
0,1,0.5041457495382529
1,0,0.4846550422197456
1,0,0.029585321458924084
0,1,0.5387972424274352
0,1,0.5144574971134271
0,1,0.5454806148347662
1,0,0.4968785990449293
1,0,0.26809551530855774
1,0,0.49171271720769577
1,0,0.35010342243069176
1,1,1.0
0,1,0.5148083908137516
1,1,1.0
1,0,0.12
1,0,0.3121369635682387
1,0,0.062
1,1,0.97
1,0,0.49579009920675504
0,1,0.5848468204226454
1,1,1.0
1,0,0.48913121198346254
0,0,0.36900222289666224
1,1,0.8987355501374551
1,0,0.39191062606642096
1,0,0.38973570122600715
0,0,0.46151934508981374
0,0,0.468841408237262
1,1,1.0
1,1,0.8275636557717709
1,1,0.5546291780769825
0,0,0.4322725601657114
0,1,0.5062091004224261
0,1,0.5041457495382529
0,0,0.4252436455788856
0,0,0.014916007808966571
1,1,1.0
1,1,0.5535025310313856
1,0,0.46635409515567156
1,1,0.5062091004224261
0,1,0.5221259513988297
0,1,0.5585186464129971
0,1,0.5153415326223156
1,0,0.22579759852387096
0,0,0.18237372952443875
1,0,0.32511798985424206
0,1,0.5008616683452152
0,1,0.6364286487880211
0,0,0.15322219045041255
1,1,0.5140177036008678
1,0,0.02291600780896657
0,1,0.5229425652346357
0,0,0.23450263476192443
1,0,0.48764516612798786
0,0,0.17956786041677467
1,1,0.5692515576966051
0,1,0.5897549056823275
0,0,0.4910703178175632
0,1,0.5148083908137516
1,1,0.5008616683452152
0,0,0.4737871175321619
1,1,0.5319548068498541
1,0,0.4922007930514516
0,0,0.032
0,1,0.5135609530289467
1,1,0.8513280745636156
0,1,0.716
1,1,0.5411550250501634
0,1,0.9457300203753963
1,0,0.20385911646712473
1,1,0.8592551966027796
0,1,0.6761541723944762
1,1,0.6013027561620332
0,0,0.36900222289666224
0,0,0.45901950376428874
0,1,0.521213248302004
0,0,0.2
1,1,0.9832945494825236
1,0,0.47203741452604653
1,0,0.48103350184057525
0,0,0.41568770760731294
0,0,0.4185738259399454
0,0,0.47649922904885367
0,1,0.5031810784270069
0,0,0.4690371103618516
1,0,0.4489019177894239
0,0,0.4843844214325224
0,0,0.48913121198346254
0,0,0.48786722992733145
1,1,0.6120235513564808
0,0,0.4425266378350777
1,1,0.5314703635245241
1,0,0.1152219047499173
0,1,0.5322324356508161
0,1,0.5099706816256824
1,0,0.16004116711392743
0,0,0.31820058757939174
1,1,0.5309770079343249
0,0,0.43687509100515526
0,0,0.49448062507050894
0,0,0.012
1,0,0.3896271903878461
0,0,0.3755776424991795
1,0,0.47850032451268387
1,0,0.4514109008572663
0,0,0.17602914270440262
1,1,0.5882054775441274
0,0,0.44602484359760636
1,0,0.47713020629801683
0,0,0.28558109128767534
0,0,0.49448062507050894
1,1,0.5157771374576711
0,0,0.2404856337060529
1,0,0.4175563662791982
1,0,0.3647447760401391
1,1,0.5008616683452152
1,0,0.4737871175321619
0,0,0.44810840746526387
0,1,0.5882054775441274
1,1,0.510360799567822
0,0,0.468841408237262
1,1,0.537952724440943
0,0,0.3528640176624755
0,0,0.388
0,1,0.5301418892261626
1,1,0.5013785600596085
0,0,0.09868510476858357
1,0,0.48456139294715117
0,1,0.570550159157931
1,0,0.46252547144969347
1,0,0.1637334176534254
1,1,0.54171470629203
1,1,0.5452065150906513
1,1,0.5041457495382529
1,1,0.6044044796116995
1,1,0.5921313760236293
1,0,0.468841408237262
0,0,0.29053905966869986
1,1,0.5148083908137516
1,0,0.4306944311987149
1,0,0.0910134655079979
0,0,0.24877584033205966
0,1,0.5391036983285884
1,1,0.5148083908137516
1,1,0.7309335019117188
1,0,0.050526174732504474
1,0,0.4750077105375299
0,1,0.5298929977844897
0,0,0.3805759145387206
0,0,0.46151934508981374
1,0,0.4164432258744584
0,1,0.5595582326658877
0,1,0.5532796418465835
0,0,0.4796492602518468
0,1,0.5319548068498541
0,0,0.038852556118093344
1,0,0.3261173553631438
0,0,0.40632844841524735
0,1,0.5563121474199869
1,1,0.5067060019811601
1,0,0.4737871175321619
1,1,0.5168908312977021
0,0,0.34407067095945243
1,1,0.5259103196815872
0,1,0.5095088662355254
0,1,0.5661099842487591
0,0,0.2284877607204653
1,1,0.784990056131793
0,0,0.15559805182770783
1,0,0.49448062507050894
0,1,0.539572910930673
0,0,0.31748899603257835
0,1,0.5714251596208244
1,1,0.5148083908137516
0,0,0.026032363454048423
0,0,0.01112413456047405
0,1,0.510360799567822
0,0,0.46151934508981374
1,0,0.49448062507050894
0,0,0.2786428967957705
0,0,0.16
1,0,0.48573334785029304
0,0,0.4866938206929386
0,1,0.604825545721226
0,1,0.5165159489951439
0,0,0.3601532250042887
0,0,0.24290202847895354
1,0,0.4536142114081671
1,0,0.41505614413677155
0,1,0.6628420056492337
0,0,0.4846550422197456
1,1,0.5071066624411233
1,0,0.14889677342272425
1,0,0.04100123479058786
1,1,0.5241428047248287
1,0,0.304
1,1,0.6223678288186484
0,0,0.49171271720769577
0,1,0.543319433170877
0,0,0.46635409515567156
1,0,0.44950214928545024
1,1,0.5518544189074571
1,0,0.11260253610698301
0,0,0.033289130285179866
1,0,0.4489019177894239
1,0,0.004
1,1,0.5760050255158246
1,0,0.36721963159351284
0,1,0.5540997439104628
1,1,0.5168908312977021
0,0,0.222
0,1,0.5595582326658877
1,1,0.5168908312977021
0,0,0.4846550422197456
0,1,0.5501598917490345
1,1,0.5005710121715935
1,1,0.5184611892327401
0,1,0.9208183339810205
1,1,0.5005710121715935
1,1,0.5229425652346357
0,0,0.022
1,1,0.5561066414508239
0,0,0.4121226376834898
0,0,0.4164432258744584
1,1,0.5590434616800123
0,0,0.44620570724147374
1,1,0.5319548068498541
1,0,0.050259800481681355
1,1,1.0
0,0,0.13314627452233863
0,1,0.5226611005321335
1,1,0.590824129052898
0,0,0.4575192977447791
1,1,0.5363265993902347
0,1,0.8117919120536321
1,0,0.04655223423155591
1,0,0.06111798985424207
0,1,0.8645005523308845
0,0,0.4737871175321619
0,0,0.49295965076484877
1,0,0.154877500163763
0,0,0.4322725601657114
0,0,0.3927812304945139
1,0,0.47117479526733574
0,0,0.48488370439453227
1,1,0.626
0,0,0.38887607116288536
1,0,0.46635409515567156
0,1,0.5237958036661164
0,0,0.08912745627938883
0,1,0.7011557400476611
1,0,0.4425266378350777
0,1,0.5227325470323655
0,0,0.49448062507050894
1,1,0.5135609530289467
0,0,0.15802828466809654
0,0,0.4818662294014451
0,1,0.5062091004224261
1,0,0.4922007930514516
0,0,0.468841408237262
1,1,0.5148083908137516
1,1,0.5595582326658877
0,0,0.48913121198346254
1,0,0.102
1,1,0.5062091004224261
0,1,0.5168908312977021
1,0,0.08153219145396591
0,1,0.5561066414508239
0,0,0.4697383445553928
1,1,0.7809160078089665
0,0,0.448317997251605
1,0,0.4392954521202047
0,1,0.6456531768271456
1,1,0.998
0,1,0.5076741198716426
1,0,0.47203741452604653
1,1,0.5140177000648697
0,1,0.534850641734266
0,0,0.21480973262503558
0,0,0.4866938206929386
0,1,0.5391036983285884
0,1,0.5298929977844897
0,0,0.49768904978934986
1,1,1.0
1,0,0.42805100199428486
0,0,0.3918587575056595
1,1,0.5008616683452152
0,0,0.46360360541330353
0,0,0.054
1,1,0.5319548068498541
1,0,0.20731065893377898
0,0,0.16955937269167987
0,0,0.45965815536102983
1,1,0.6586689942698813
1,0,0.48573334785029304
0,0,0.17046005855021654
1,0,0.4110090878069675
1,1,1.0
0,1,0.5417192929707766
1,1,0.5140177000648697
0,0,0.47618657596830494
0,0,0.1
1,0,0.4843844214325224
0,1,0.6726880310831161
1,0,0.47487596818877464
1,0,0.47618657596830494
0,1,0.5479401450999355
1,0,0.10444375391577246
0,1,0.5446153923852054
0,0,0.12111798985424208
0,0,0.4878470506189733
1,0,0.41568770760731294
1,0,0.012
0,1,0.5702995868798902
0,0,0.004
1,1,0.5005710121715935
0,0,0.184
0,0,0.3122332896193267
1,0,0.4697383445553928
0,1,0.5011494880367567
0,0,0.07277584033205965
0,1,0.5005710121715935
0,0,0.43731240932524224
1,1,0.5095088662355254
0,0,0.47628215384141365
0,0,0.4662359797084841
1,0,0.4271820592645428
0,0,0.4818662294014451
0,0,0.166
1,0,0.34501186066019834
0,0,0.4846550422197456
1,0,0.36900222289666224
1,0,0.47164343426198585
1,1,0.5246334455253594
1,0,0.49768904978934986
0,0,0.48445796888904447
1,1,0.543319433170877
1,0,0.4933815720306598
0,0,0.4476417175568387
0,1,0.5005710121715935
0,0,0.22647123073832534
0,1,0.5005710121715935
0,0,0.4536142114081671
1,1,0.5031810784270069
1,1,0.5246334455253594
0,1,0.6631767209525629
0,0,0.4984847908976116
1,0,0.2567462717216598
1,0,0.468841408237262
1,1,0.5023642163788932
0,1,0.6111085084569122
0,1,0.5014150420463898
1,1,0.5532796418465835
1,1,0.998
1,0,0.24145527117535032
1,1,0.6597684500146664
0,1,0.5123865741211681
1,1,1.0
0,0,0.41085021495090557
1,0,0.48445796888904447
0,1,0.5319323866470034
1,1,0.5307810956670667
0,0,0.4524968442818173
1,1,0.5131509117186277
0,0,0.4750077105375299
0,0,0.43687509100515526
0,0,0.21761811251750274
1,0,0.44776508807210663
1,0,0.22572173651768185
0,1,0.7574492289177897
1,1,1.0
0,0,0.202
1,1,1.0
1,0,0.4984847908976116
1,1,0.5260711927674411
1,0,0.44776508807210663
1,1,0.590824129052898
0,1,0.5180276523965016
0,1,0.597644153881184
0,1,0.5024626464512296
1,1,0.6251656125466348
0,1,0.5307810956670667
0,0,0.4240710276052274
0,1,0.5745781588643395
0,1,0.588983762227404
1,1,1.0
0,1,0.5315390255484721
1,1,1.0
0,0,0.332
0,0,0.3488344515546076
1,1,0.6674205893546176
0,0,0.348
0,0,0.4208154019456053
1,0,0.45901950376428874
0,0,0.3346964695960631
0,0,0.04611885881745781
0,0,0.06
0,1,0.588983762227404
0,0,0.16608440534087113
0,0,0.33649294714518563
1,1,0.5227325470323655
1,1,0.5540995114962906
0,0,0.4796492602518468
0,1,0.7095349899220444
1,0,0.1586696705183614
1,1,1.0
0,0,0.21287416065889425
1,1,0.5419557611748552
0,0,0.43687509100515526
1,1,0.5445407087037377
0,1,0.5062791679048926
0,1,0.520155681706381
1,0,0.4425266378350777
0,1,0.539572910930673
0,0,0.15972036685543572
1,1,0.998
0,1,0.7140648651718751
0,0,0.48456139294715117
0,1,0.6328189449779347
1,1,1.0
0,0,0.38825243764936024
1,1,1.0
0,1,0.6225586405361124
0,0,0.48701400806955003
1,0,0.19406351767634664
1,1,0.6889791943898618
0,1,0.7418939839807918
0,0,0.4937275481121073
0,0,0.4329489177732665
0,0,0.41576191994524114
1,1,0.5048088613794017
1,0,0.40791471958378456
0,1,0.5298929977844897
1,1,1.0
1,1,1.0
1,0,0.44776508807210663
0,0,0.37498810791894654
1,0,0.4614161442494055
1,1,0.5693901665461877
1,0,0.46252547144969347
0,1,0.7887684910223626
1,1,0.5315390255484721
1,1,0.5188566827535638
0,0,0.12111798985424208
0,1,0.5148083908137516
0,0,0.48573334785029304
1,1,0.7700332191175084
1,0,0.24555482028868744
1,0,0.43687509100515526
0,0,0.48938685518247693
0,0,0.21335787297903017
0,0,0.4425266378350777
0,1,0.7011557400476611
0,0,0.01
1,1,0.5838417550411342
1,1,0.6302591546314378
0,0,0.4846550422197456
1,0,0.41921253146323095
1,0,0.4185738259399454
1,1,1.0
0,0,0.1969342335752247
0,0,0.3383613408214885
1,1,1.0
0,1,0.5030472089920336
1,0,0.48764516612798786
1,0,0.33493583498599533
1,1,0.998
0,0,0.4860395113900581
0,0,0.49768904978934986
0,0,0.4816055454021122
0,0,0.45901950376428874
0,1,0.5873447193542976
1,1,1.0
0,1,0.5571812997139598
0,0,0.15111798985424207
1,0,0.44766352293914335
1,0,0.45965815536102983
1,0,0.47628215384141365
1,1,0.5301418892261626
1,1,1.0
1,0,0.4597163934556409
1,1,0.5148083908137516
1,0,0.322
0,0,0.2081296458015925
1,0,0.4791321860913771
1,0,0.48913121198346254
0,1,0.5720196859984993
1,0,0.443920492709735
1,0,0.42326595206610806
1,0,0.48764516612798786
0,1,0.581936734079016
1,1,0.521213248302004
1,1,0.5095088662355254
1,0,0.038
0,0,0.468841408237262
1,0,0.42126670095815294
0,0,0.12316676283932618
1,1,0.5168908312977021
1,0,0.06421695235630749
0,0,0.49456702806227304
1,1,0.6830749193007541
0,0,0.48488370439453227
0,1,0.5513797140059161
0,0,0.2753686558524139
0,0,0.26169559420020566
1,1,0.9211633108202802
0,0,0.222
1,1,0.5229425652346357
1,0,0.1887901311875593
1,0,0.48646762939111754
1,1,0.7760278050540812
0,1,0.5180276523965016
1,0,0.4476417175568387
1,1,0.5432744805326412
1,0,0.36721963159351284
0,0,0.3179791371268768
1,0,0.4507313829854626
1,1,0.5921313760236293
1,1,0.5227325470323655
1,0,0.4653118545226047
1,0,0.4614161442494055
1,0,0.49456702806227304
0,0,0.049117989854242074
1,1,0.5274458871662253
1,0,0.2049838564312332
1,0,0.42805100199428486
0,0,0.2538075896571904
1,0,0.11789383018630173
0,1,0.5229425652346357
0,1,0.938649004337466
1,1,0.590824129052898
1,0,0.39191062606642096
0,0,0.48456139294715117
0,0,0.3781190430226827
0,1,0.5454806148347662
0,1,0.5274458871662253
0,1,0.5610995758989519
1,1,0.5760050255158246
0,0,0.43731240932524224
0,0,0.018552234231555914
1,0,0.398
0,0,0.3231218281639396
0,0,0.48573334785029304
0,1,0.9650319805254068
0,1,0.5099706816256824
1,1,0.521213248302004
1,0,0.4322725601657114
0,0,0.4393383041205579
1,0,0.3942531172078635
0,0,0.47487596818877464
1,1,0.5148511997544535
0,1,0.5538424449475838
0,1,0.708
0,0,0.066
0,1,0.7984647696792414
0,1,0.5919989460303208
0,1,0.5168908312977021
1,0,0.46685162054024915
1,0,0.48938685518247693
0,0,0.21402492630767578
1,0,0.49366174624760706
0,0,0.4422800397894123
0,0,0.10589205236149525
1,0,0.4878470506189733
0,0,0.48488370439453227
0,0,0.014
0,1,0.5041457495382529
0,0,0.4622460332208538
1,1,0.5429481376599417
1,1,0.6970394667821694
0,1,0.580006052493627
0,0,0.2884666817635887
1,1,0.5817140355808609
0,1,0.5585186464129971
0,1,0.5501598917490345
0,0,0.48010550148196796
0,1,1.0
0,0,0.4329489177732665
0,0,0.158
0,1,0.5441699811450725
0,0,0.38360767832246023
0,1,0.5095088662355254
0,1,0.520155681706381
0,0,0.14
1,1,1.0
1,1,0.994
1,0,0.47203741452604653
1,0,0.48573334785029304
0,0,0.48764516612798786
1,0,0.4425266378350777
0,1,0.5005710121715935
1,1,0.5165159489951439
0,0,0.48573334785029304
0,1,0.5274037271396327
1,1,1.0
0,0,0.4664643871889457
1,0,0.4514109008572663
0,1,0.5195556111422631
1,1,0.5161277911284329
0,1,0.5206012913692054
1,0,0.4677245249541469
0,1,0.5198361893063094
1,1,0.5019931156820426
0,0,0.46936033951834955
1,1,0.5206012913692054
1,0,0.462484085741534
1,1,0.5206012913692054
0,0,0.3423244629723024
0,1,0.5249686453703476
0,0,0.4839656760815687
0,0,0.24761699994795583
0,1,0.6640561630766315
0,1,0.5546291780769825
0,0,0.4868632519099013
0,0,0.45965815536102983
0,0,0.09046807212209587
0,0,0.41576191994524114
1,0,0.43731240932524224
1,0,0.42126670095815294
0,0,0.035739307721799986
0,0,0.4552683664975733
1,0,0.40791471958378456
1,0,0.45965815536102983
1,0,0.38940711679592505
0,0,0.034
1,1,0.590824129052898
1,0,0.39999425601581284
1,0,0.37381602181866347
1,1,0.5322324356508161
0,1,0.6013027561620332
0,1,0.6330483794530457
1,1,0.5229425652346357
0,1,0.521213248302004
0,0,0.3398490797893002
1,1,0.5229425652346357
1,1,0.5161277911284329
1,1,0.5148083908137516
0,1,0.5102902435237725
1,1,0.6640561630766315
1,0,0.4922007930514516
0,0,0.2832112717796831
0,0,0.0369159424116597
0,0,0.38074476384438216
0,0,0.054570647292723026
1,1,1.0
1,1,1.0
0,0,0.48764516612798786
0,1,0.5974129891786553
0,1,0.6695573269413744
0,1,0.5496485162391984
0,1,0.5226611005321335
1,1,0.5479401450999355
1,0,0.3720776526794792
1,1,0.5246334455253594
1,0,0.4507313829854626
1,1,0.996
0,1,0.5501598917490345
1,1,0.5897549056823275
0,0,0.182
0,0,0.44162829968203315
0,0,0.10511798985424207
0,1,0.5274458871662253
1,0,0.22647123073832534
0,0,0.04100123479058786
1,0,0.4866938206929386
1,1,0.5041457495382529
0,0,0.15310446846311185
0,0,0.47850032451268387
0,0,0.1934921560832724
1,1,0.559703873658309
0,0,0.0765617869719756
0,0,0.44950214928545024
0,0,0.24900264119667406
1,0,0.33441576448440863
0,0,0.4121226376834898
1,1,0.6589985199024823
0,0,0.010481266693938446
1,0,0.35010342243069176
0,0,0.3593588504239299
0,1,0.5259103196815872
1,0,0.47822016510500465
0,1,0.5195556111422631
1,0,0.3693997103765953
1,1,1.0
1,1,1.0
0,0,0.018
0,0,0.06040323363491462
1,0,0.46640442403181914
1,1,1.0
0,0,0.4653118545226047
1,0,0.4185738259399454
1,0,0.4463572513117074
0,1,0.5547304417282526
0,1,0.5505390467123841
1,0,0.4846550422197456
1,1,0.5179506995448857
1,0,0.45411167063826674
0,0,0.46640442403181914
1,1,0.539572910930673
0,0,0.4536142114081671
1,1,0.998
0,1,0.6684724260860643
1,1,0.5148083908137516
0,0,0.34735814109008734
1,1,0.5595582326658877
1,0,0.12901580510535401
1,0,0.49994549067271427
0,0,0.48456139294715117
0,1,0.6510178069973181
0,0,0.1669733082243821
0,0,0.16307975589339593
1,0,0.49886239820922595
0,0,0.3601532250042887
1,0,0.35239650457633426
0,0,0.35770921662327815
0,1,0.7309335019117188
1,1,0.5062791679048926
1,1,1.0
1,1,0.5274458871662253
1,0,0.16946285839222797
0,0,0.48913121198346254
0,1,0.5238684645228838
0,1,0.617395605997016
0,1,0.7125521267660533
0,0,0.3089466425287704
1,1,0.5264876521265783
0,0,0.0
0,0,0.314
0,0,0.356
0,1,0.5229069104382628
1,1,0.5031810784270069
1,0,0.4325869828031084
1,1,0.590824129052898
1,0,0.45901950376428874
0,1,0.5201971080203623
1,1,0.5041457495382529
1,0,0.49164486014771697
1,1,0.7110945010707614
1,0,0.4614161442494055
1,0,0.44173151048183007
1,0,0.4489019177894239
1,1,1.0
0,0,0.24711798985424208
0,1,0.5226611005321335
0,0,0.24901135494880527
1,0,0.4860395113900581
1,1,0.5571812997139598
1,0,0.48102852613716823
1,0,0.20993313749364384
0,1,0.519101385594176
1,0,0.07072202416121505
0,0,0.4013849817682771
0,0,0.07901780699731821
1,0,0.48071039105048385
1,1,1.0
0,0,0.47822016510500465
0,0,0.3686828366044972
0,1,0.543319433170877
1,1,0.7068642678905976
0,1,0.5552843394506877
1,1,0.5595582326658877
0,1,0.5897549056823275
1,0,0.1576011919464878
0,0,0.076
0,0,0.3672386378845809
1,1,0.5022983854502525
0,0,0.3202178687783862
0,0,0.49448062507050894
0,0,0.22210443048900141
1,1,1.0
0,1,0.5238684645228838
0,1,0.5398567345685806
1,1,0.5301418892261626
1,0,0.012392942226716427
0,0,0.262
1,1,0.5472337848812889
0,0,0.432900856880855
1,0,0.38152624440860183
0,1,0.5601584430961681
1,1,1.0
1,0,0.2765058357482436
0,1,0.574668822712649
0,0,0.4846550422197456
0,1,0.5221259513988297
1,0,0.0987176371362433
0,1,0.6461769296703541
0,1,0.7490910748200957
1,0,0.46815228885074844
1,1,0.6416333645115374
1,1,0.5412118027343137
0,0,0.46815228885074844
1,0,0.4597163934556409
1,1,1.0
1,1,0.5298929977844897
1,0,0.40791471958378456
0,1,0.5131509117186277
1,1,0.580006052493627
1,0,0.49448062507050894
1,1,0.5229069104382628
0,1,0.5168908312977021
0,1,0.6497665162536251
0,1,0.5274458871662253
0,1,0.5157771374576711
0,0,0.33083136236903227
1,1,1.0
0,0,0.49161102798523393
1,1,0.7354242688200331
1,0,0.48913121198346254
0,1,0.5466564847250556
0,1,0.5041457495382529
1,1,0.92
1,1,0.5301418892261626
1,1,0.5307810956670667
0,0,0.286
0,0,0.4433442332932364
0,1,0.5184611892327401
0,1,0.6061226828916031
0,0,0.036
0,1,0.5071066624411233
0,0,0.3539733324475378
1,1,1.0
1,1,0.6641492871130382
1,1,1.0
1,0,0.44602484359760636
0,1,0.5168908312977021
1,0,0.4597163934556409
0,1,0.5140177036008678
1,1,0.5589223395438455
0,0,0.392
1,1,0.5005710121715935
0,1,0.5958900588055257
0,0,0.47713020629801683
1,0,0.008477784173787667
0,0,0.45650053647296956
1,1,0.5505390467123841
1,1,1.0
1,0,0.46001664325981595
1,0,0.47628215384141365
0,1,0.582806235840356
0,1,0.5229425652346357
1,0,0.2889850729026376
0,1,0.5391036983285884
1,0,0.4006179200025843
0,1,0.6400228442815886
0,1,0.5358781269995984
0,0,0.002
1,0,0.4737871175321619
0,1,0.5201971080203623
0,1,0.5769469797610072
0,0,0.46685162054024915
0,1,0.5267904275655458
0,0,0.042
1,1,1.0
1,0,0.12684417694407496
0,0,0.4579347674382274
1,0,0.35356582013731025
1,0,0.37490339873086514
0,1,0.5227325470323655
1,1,0.5288197753589837
1,1,1.0
0,1,0.7
0,0,0.48445796888904447
0,1,0.539572910930673
0,0,0.40448483857307527
0,0,0.2942847425469373
1,1,0.5153415326223156
1,0,0.48488370439453227
0,0,0.4108100129627059
1,1,0.5140177036008678
1,0,0.46635409515567156
0,1,0.5554050485776428
0,0,0.094
1,1,0.5041457495382529
0,0,0.46584377615661976
0,1,0.521213248302004
1,1,1.0
1,1,0.5135609530289467
1,0,0.38973570122600715
0,0,0.4075988816990744
1,0,0.4208154019456053
1,1,0.5161277911284329
0,1,0.5184199777381439
0,0,0.4737871175321619
0,0,0.3812797361825627
0,0,0.46584377615661976
1,1,0.5253154859573989
0,0,0.304
0,1,0.7017574570252457
1,1,1.0
1,0,0.3713493549284987
0,0,0.40484655173726763
0,0,0.4175563662791982
1,1,1.0
0,1,0.5048088613794017
1,0,0.46151934508981374
0,0,0.16173324459970778
1,1,1.0
0,0,0.2273677673707433
0,0,0.3498750300161395
0,0,0.3851531119523542
0,0,0.09438511527115404
0,0,0.4586471894326953
1,0,0.46685162054024915
0,1,0.5238684645228838
0,1,0.5356679294889728
1,0,0.49171271720769577
0,0,0.4425266378350777
0,0,0.4922007930514516
1,1,1.0
1,0,0.3660663589720811
1,1,0.994
1,0,0.1980824539726493
1,1,0.5314703635245241
1,0,0.4653118545226047
1,1,0.7433291178689082
1,1,1.0
0,1,0.574
0,1,0.9338664227962322
0,1,0.8222239124323291
0,1,0.5307810956670667
1,1,0.6595693550984925
1,0,0.4425266378350777
0,0,0.026
1,0,0.26561122820022653
1,0,0.36766079563122156
0,1,0.5501598917490345
1,1,0.520155681706381
0,0,0.38887607116288536
0,0,0.08077965206086019
0,1,0.5475407875117035
1,0,0.059256523121988765
0,1,0.6640561630766315
1,1,0.5087320844040498
1,0,0.49579009920675504
1,1,0.8689342084309499
1,0,0.49448062507050894
0,1,0.5095088662355254
0,0,0.4586471894326953
1,1,0.6586689942698813
1,1,1.0
0,1,0.5307810956670667
0,1,0.5540997439104628
0,0,0.45901950376428874
1,0,0.1324555113240896
0,0,0.026
0,0,0.20333828302895154
1,1,0.7742359797084841
0,1,0.5028002029334034
0,0,0.17677584033205965
1,0,0.20494200101507756
0,0,0.4846550422197456
0,0,0.434
0,1,0.6130398985300493
1,1,0.5419557611748552
0,1,0.7855671149143415
1,1,0.5322324356508161
1,0,0.4614161442494055
0,0,0.4910703178175632
1,1,0.5301418892261626
1,1,0.6456531768271456
0,1,0.553860055621248
1,1,0.5885623164170405
1,0,0.3699277012871205
1,1,0.5148083908137516
1,1,0.5148083908137516
0,0,0.05215459510800672
1,1,0.7338315609750721
1,1,0.6850225597977972
0,1,0.5817140355808609
0,1,0.5295143721256249
1,0,0.4316933103040498
1,0,0.49579009920675504
0,0,0.4677245249541469
0,1,0.520155681706381
0,0,0.128
0,0,0.21335787297903017
0,0,0.012
1,1,0.5391036983285884
1,1,1.0
0,0,0.12659092746116477
0,0,0.47822016510500465
0,1,0.5391036983285884
1,1,0.5307810956670667
0,0,0.29507394018242283
1,1,1.0
0,0,0.09668521278234272
1,0,0.4922007930514516
1,0,0.4013849817682771
0,0,0.0
1,0,0.42326595206610806
0,1,0.5224074206322957
0,0,0.35459404029078273
0,0,0.3413095169886122
0,1,0.685604332728777
0,1,0.5274458871662253
0,0,0.01
1,1,0.5013785600596085
1,1,1.0
0,0,0.3952527506558558
1,1,1.0
1,1,0.5429481376599417
1,1,0.5161277911284329
0,1,0.5201971080203623
0,0,0.4737871175321619
1,1,0.6369279023158216
1,0,0.11973697750925537
0,0,0.4843844214325224
0,0,0.4175563662791982
0,0,0.48558370018224556
1,0,0.4536142114081671
1,0,0.2785907558720263
1,1,0.5062551569469426
1,0,0.10120858011259837
0,0,0.46815228885074844
1,1,1.0
1,1,0.570550159157931
0,0,0.4818662294014451
0,1,0.5229425652346357
1,0,0.4529256827187554
1,0,0.44776508807210663
0,0,0.04866401227109594
0,1,0.7002266667427455
0,0,0.4846550422197456
1,0,0.43964834299271355
1,1,1.0
0,1,0.5041457495382529
0,1,0.5201971080203623
1,0,0.3174245656964238
0,0,0.45901950376428874
1,0,0.46252547144969347
0,0,0.3663398514006354
0,1,0.519101385594176
1,0,0.2817646345551018
0,0,0.4846803083770994
0,0,0.4846550422197456
0,0,0.46252547144969347
0,0,0.122
0,0,0.342
0,0,0.049683489489686
1,0,0.49456702806227304
0,0,0.01729342191032224
1,0,0.4781771771504908
0,1,0.5702995868798902
1,1,0.5135609530289467
0,1,0.5446153923852054
0,0,0.3328010477058651
0,1,0.7713404481715959
1,1,0.5432744805326412
0,0,0.41576191994524114
0,0,0.004
0,0,0.046
0,1,0.5315390255484721
1,1,0.946
0,0,0.4885709989499934
1,0,0.46936033951834955
1,1,0.5315390255484721
1,1,0.5307810956670667
0,0,0.3444459475269939
1,0,0.4737871175321619
1,0,0.48172286366429073
0,0,0.48573334785029304
0,0,0.23138193905306942
0,1,0.5246334455253594
0,0,0.22647123073832534
0,0,0.48488370439453227
1,0,0.3546285494101303
1,1,0.5581282566809108
0,0,0.4614161442494055
0,0,0.4738463558009017
0,1,0.5391036983285884
1,1,0.5387972424274352
0,0,0.40905894531376213
0,0,0.49691814636016446
0,0,0.014
0,0,0.19392133457606656
0,1,0.5769469797610072
1,1,0.6905125921126188
0,0,0.43731240932524224
0,0,0.49301185059592867
0,0,0.4536142114081671
0,0,0.032
1,1,1.0
0,1,0.6571722571695127
1,1,0.5297283274046817
0,0,0.48764516612798786
1,0,0.46252547144969347
1,0,0.09691600780896657
0,0,0.4536142114081671
0,0,0.06510590419755874
1,0,0.19406351767634664
1,0,0.39477996376752456
1,1,0.5062791679048926
1,1,0.69
1,1,1.0
0,0,0.3764627968101664
0,1,0.5104801967466298
1,1,0.5760050255158246
1,0,0.468841408237262
0,0,0.3720776526794792
0,0,0.48764516612798786
1,0,0.45901950376428874
1,1,0.5106587709370765
1,1,0.5274458871662253
1,1,0.5571812997139598
1,1,0.5095088662355254
0,0,0.15
1,1,0.996
1,1,1.0
0,0,0.47628215384141365
1,0,0.46178844918451295
0,0,0.4922007930514516
0,1,0.6486587147749143
1,1,0.7341572110385111
1,1,0.5238684645228838
0,0,0.18545245325035595
0,0,0.4663084281637945
0,0,0.08754615882938603
0,0,0.4922007930514516
1,1,0.5019931156820426
0,1,0.536959700737763
1,0,0.4846550422197456
1,1,0.5841043073317866
1,0,0.217670521045955
0,0,0.46423277090606546
1,0,0.44628757364015553
1,0,0.4536142114081671
1,1,0.5135609530289467
0,1,0.9331415060431398
0,1,0.5432744805326412
1,0,0.4846550422197456
1,0,0.4315935851521222
1,0,0.1576011919464878
1,0,0.4846550422197456
1,1,1.0
0,0,0.4925953826605482
1,1,1.0
1,0,0.056607432072749465
0,0,0.4121226376834898
1,1,1.0
1,0,0.4208154019456053
0,1,0.5429481376599417
1,1,0.5532618333366005
1,0,0.284
0,0,0.3209664784719281
1,1,1.0
0,1,0.5206012913692054
0,0,0.49161102798523393
1,0,0.262
1,0,0.4933815720306598
0,1,0.5264876521265783
0,1,0.5148083908137516
1,1,0.5285201745573098
1,1,0.996
1,1,0.6505220898963339
0,1,0.5031810784270069
1,0,0.47850032451268387
0,0,0.4781771771504908
0,0,0.3930395273757744
0,1,0.6486587147749143
0,0,0.025573282188734316
1,1,0.5206012913692054
0,0,0.46252547144969347
1,0,0.2942847425469373
0,0,0.468841408237262
0,0,0.42326595206610806
0,1,0.5786334835672037
0,1,0.5571812997139598
1,1,1.0
0,0,0.4600694189797085
1,1,0.5260908323545981
0,0,0.09424860247066033
0,0,0.38152624440860183
1,1,0.6064867111882074
0,0,0.4433442332932364
0,0,0.4527689100425662
0,0,0.46635409515567156
1,1,0.8261740360632696
0,1,0.5644590578433407
0,1,0.561011560559877
0,1,0.5264876521265783
0,1,0.5031136641615224
1,0,0.23132368393744018
0,1,0.5041457495382529
0,0,0.4728891352075696
0,0,0.20973653223161795
0,1,0.570550159157931
1,1,0.996
0,1,0.864
1,0,0.4452140535481776
0,0,0.3693997103765953
1,0,0.4489019177894239
1,0,0.49301185059592867
0,0,0.194
0,0,0.49886239820922595
0,0,0.31892074156286426
0,0,0.1908797552277349
0,0,0.35650809067495
0,0,0.49871062575459535
1,1,0.5168908312977021
0,0,0.016993787431369933
0,0,0.4791321860913771
1,1,1.0
1,0,0.47117479526733574
1,1,1.0
1,1,0.5041457495382529
0,0,0.4007627191030939
0,1,0.5549177329767376
0,0,0.4933815720306598
1,1,0.992
0,0,0.4489019177894239
0,0,0.3628909035430596
0,0,0.46151934508981374
1,1,1.0
1,0,0.4208154019456053
0,0,0.3100726152285002
0,1,0.5307810956670667
0,1,0.5140177036008678
0,1,0.7051027319252348
0,1,0.5131509117186277
0,1,0.537952724440943
0,1,0.570550159157931
0,0,0.15980602093735827
0,0,0.48456139294715117
1,1,0.534109033983396
1,0,0.4614161442494055
0,0,0.2581806111029258
1,0,0.2692696099343006
0,0,0.4697383445553928
0,1,0.6741965661326971
0,1,0.8971024977577972
1,1,0.5076741198716426
0,1,0.5013785600596085
1,0,0.4586471894326953
1,0,0.42127638975791026
1,0,0.48764516612798786
0,0,0.4322725601657114
1,0,0.40961707618896526
1,0,0.017151987517450715
0,0,0.026
0,0,0.0
0,0,0.15383848698925673
0,0,0.268075389194276
1,0,0.45965815536102983
0,0,0.22968904028033432
0,0,0.006
0,1,0.537940026482684
0,0,0.10711798985424206
1,1,0.5322324356508161
0,1,0.5095088662355254
1,1,0.5008616683452152
1,1,0.520155681706381
0,1,0.5403310304908887
1,1,0.6130398985300493
1,1,1.0
0,0,0.4990937612427997
0,0,0.48764516612798786
0,0,0.34402828466809654
0,1,0.5062791679048926
1,1,0.5274037271396327
1,1,0.5180276523965016
0,0,0.3545731688753049
0,0,0.08857671550856752
1,0,0.121436955631311
1,0,0.22579759852387096
1,0,0.4750077105375299
0,0,0.1539335289881573
1,1,0.5958445712484003
0,0,0.46732386279725013
0,0,0.41140748213367184
1,1,0.5619033415655096
1,1,1.0
0,1,0.5205919449765626
1,1,0.5454806148347662
1,0,0.4425266378350777
0,1,0.5524408209587145
0,1,0.580006052493627
1,1,1.0
1,0,0.4838314888059446
1,0,0.448317997251605
0,0,0.48913121198346254
0,1,0.8003470304384765
1,1,0.5008616683452152
0,1,0.5595582326658877
1,0,0.36933293590637023
0,0,0.4243393467798189
1,0,0.4939755327978632
1,1,1.0
1,0,0.49164486014771697
0,0,0.4512135043837761
0,0,0.4838314888059446
0,0,0.45965815536102983
0,0,0.47628215384141365
1,1,0.7821564617155173
1,0,0.4990937612427997
0,1,0.7199680009652034
1,1,0.5005710121715935
0,0,0.068
0,1,0.5227325470323655
1,0,0.46815228885074844
1,0,0.3952527506558558
0,1,0.5274037271396327
1,0,0.39457283549883226
1,0,0.26986289316533485
0,0,0.05764789631953205
1,1,0.5062091004224261
0,0,0.49907616470833155
1,1,0.5041457495382529
0,0,0.49171271720769577
1,1,0.99
0,0,0.17956786041677467
1,0,0.38152624440860183
0,1,0.5041457495382529
0,0,0.4791321860913771
1,0,0.48456139294715117
1,0,0.21143424437731384
0,0,0.40136443970499824
0,1,0.5264876521265783
1,0,0.16
0,1,0.5959094558604922
0,0,0.4690371103618516
1,0,0.4788573178279492
0,1,0.6727271951567256
0,0,0.49295965076484877
0,0,0.47337456169007497
0,0,0.48913121198346254
1,1,0.5391036983285884
1,0,0.4944048956969496
1,0,0.48456139294715117
0,1,0.5148083908137516
0,0,0.468841408237262
0,1,0.5180308256335912
0,1,0.5188566827535638
0,1,0.5459246210212748
0,1,0.5315390255484721
1,0,0.4944048956969496
0,0,0.4728891352075696
1,0,0.4846550422197456
0,0,0.45650053647296956
1,0,0.4329489177732665
0,0,0.0
1,0,0.4534929831632774
1,0,0.47164343426198585
0,0,0.49171271720769577
1,1,0.5168908312977021
1,1,1.0
0,1,0.54171470629203
0,0,0.1903182148078615
0,0,0.2914387507658499
0,1,0.7061344443999423
1,0,0.35010342243069176
1,0,0.2761450881545754
1,1,0.5295143721256249
0,0,0.24469076749930257
0,1,0.6595693550984925
0,0,0.066
0,0,0.43687509100515526
0,1,0.5198361893063094
0,0,0.11203399766320864
0,1,0.5168908312977021
1,0,0.45965815536102983
1,0,0.4933815720306598
1,0,0.1297089100801534
1,0,0.33774087644566214
1,1,0.6049334064207443
1,0,0.4365350224090678
0,1,0.521213248302004
1,1,0.5288197753589837
0,1,0.5206012913692054
0,1,0.7706269379290533
0,0,0.35356582013731025
0,1,0.5501598917490345
0,0,0.46685162054024915
0,0,0.3525494351153866
1,0,0.04516331082028024
1,0,0.45965815536102983
0,0,0.4208154019456053
1,1,0.5148083908137516
0,0,0.35726604605701645
0,0,0.10963522912600122
1,1,0.6767614200700447
0,0,0.48788769035199925
1,0,0.2159627790009397
1,1,0.5161277911284329
1,1,1.0
1,0,0.33950818671625593
0,0,0.45411167063826674
1,1,0.5030472089920336
0,1,0.588983762227404
1,0,0.44553403530117874
1,1,0.5226611005321335
1,0,0.4399746863229401
0,1,0.915190027285014
0,0,0.25866967051836137
0,1,0.570550159157931
0,1,0.574668822712649
0,1,0.5186175984546153
0,1,0.6447155399246302
0,0,0.008
0,1,0.6702359797084841
1,1,1.0
0,0,0.49119239005837234
1,0,0.4560161146428038
0,1,0.5131509117186277
1,0,0.4944048956969496
1,1,0.5206012913692054
0,1,0.6114335966784822
1,0,0.06027468250135344
0,0,0.45437477955443434
1,0,0.4121226376834898
0,0,0.18111798985424207
0,1,0.5585186464129971
1,1,0.5135609530289467
1,1,1.0
0,0,0.42326595206610806
1,1,0.6328338877381806
0,0,0.3284963243386241
1,0,0.4697383445553928
1,1,1.0
1,1,1.0
0,0,0.30946097760377
1,1,0.5975281577384589
0,0,0.4174899024020761
0,1,0.5144574971134271
1,1,1.0
0,0,0.38887607116288536
1,1,0.5005710121715935
1,1,1.0
1,0,0.48573334785029304
0,1,0.534850641734266
1,0,0.4425266378350777
1,0,0.3209664784719281
0,0,0.49171271720769577
1,1,0.5024503577676064
1,1,1.0
0,0,0.28808507958552165
0,1,0.5112694054327092
0,1,0.732
0,0,0.176
0,1,0.5524644073553298
0,0,0.268
1,0,0.43687509100515526
1,1,1.0
1,1,1.0
0,1,0.5250150707477971
0,0,0.028
0,0,0.4452982068951879
1,0,0.21165301945824094
1,1,0.6046547101671703
0,1,0.574668822712649
0,0,0.24714223585391512
1,0,0.3500788102298581
1,0,0.3207101893413163
1,0,0.4535979037697601
0,0,0.4549275406719968
0,1,0.5429481376599417
0,1,0.5501598917490345
1,1,0.6600786157929978
1,0,0.4121226376834898
0,1,0.5135609530289467
1,1,0.5180276523965016
1,0,0.47822016510500465
0,0,0.024706774593285696
0,1,0.5168908312977021
1,0,0.4322725601657114
1,1,0.5099706816256824
1,0,0.18692181085982135
0,0,0.4750077105375299
0,1,0.6185219557763094
1,1,1.0
0,1,0.6906929825674086
0,1,0.645535368394092
0,1,0.5964448454207427
0,1,0.5552723053623111
0,0,0.236
1,0,0.49295965076484877
0,0,0.4838314888059446
1,0,0.41085021495090557
1,1,1.0
1,0,0.19434202178281734
0,0,0.4990937612427997
1,0,0.49456702806227304
0,1,0.5062091004224261
1,1,0.588983762227404
0,0,0.2652496194349525
1,0,0.47618657596830494
1,1,0.5005710121715935
1,0,0.49579009920675504
0,1,0.5161277911284329
0,1,0.5919989460303208
0,1,0.7028452623406635
0,0,0.48913121198346254
0,1,0.5062091004224261
0,1,0.5398567345685806
1,1,0.5817140355808609
0,1,0.7535835626200044
0,0,0.4425266378350777
1,0,0.4586471894326953
0,0,0.19784844725643638
1,1,1.0
1,0,0.4208154019456053
1,0,0.468841408237262
1,0,0.4657854338082925
0,0,0.36900222289666224
1,1,0.5446153923852054
1,1,0.5106587709370765
0,1,0.559703873658309
0,1,0.5148083908137516
1,1,0.5264876521265783
1,0,0.12017015880520712
0,0,0.48573334785029304
1,0,0.3285936816297096
0,0,0.35017046214824515
1,0,0.27639894928890685
0,0,0.14
1,0,0.49579009920675504
0,1,0.6369279023158216
0,1,0.5274458871662253
0,0,0.2615992565481805
0,1,0.5201971080203623
0,0,0.4977214821268487
0,1,0.5140177000648697
1,0,0.4503792884643055
1,0,0.17370561201196705
1,0,0.48573334785029304
0,1,0.6046547101671703
1,1,0.5168908312977021
1,1,0.6127891393372915
1,1,0.5135609530289467
0,0,0.41576191994524114
0,0,0.3828810539604171
0,0,0.48573334785029304
0,0,0.361391747351067
0,0,0.01932807456361557
1,1,0.543319433170877
0,0,0.36
1,1,1.0
1,1,1.0
1,0,0.4614161442494055
0,0,0.132
0,1,0.5226611005321335
0,1,0.5714251596208244
0,0,0.43687509100515526
1,0,0.46635409515567156
1,1,0.5041457495382529
0,0,0.4838314888059446
0,0,0.026722454930755698
1,0,0.06546580782481295
0,0,0.12969850875389458
0,0,0.4141512339421514
1,1,0.5131509117186277
1,0,0.4944048956969496
1,0,0.46151934508981374
1,0,0.4399746863229401
0,0,0.10543424437731384
1,0,0.47764082630855387
0,0,0.4846550422197456
1,1,1.0
0,1,0.5264876521265783
1,1,0.5045138203751658
0,0,0.3746314759293058
0,1,0.7791907082817242
1,1,0.5412118027343137
0,1,0.5148083908137516
0,0,0.04989383018630173
1,0,0.13609278964693636
0,1,0.6619743534284207
0,0,0.338
1,0,0.46151934508981374
0,1,0.5307810956670667
0,1,0.5135609530289467
0,1,0.5713608979944647
1,1,0.5229069104382628
0,0,0.03
1,1,0.5168908312977021
1,0,0.21941055840441653
1,1,1.0
0,0,0.41101753470377655
0,0,0.008
0,0,0.4099852058241096
1,0,0.3601532250042887
0,0,0.48646762939111754
0,0,0.02
1,1,0.723568413326109
1,0,0.47628215384141365
0,0,0.49990390486253916
1,0,0.48573334785029304
1,1,0.5165159489951439
0,1,0.783839621702519
0,0,0.42817354931195384
0,1,0.5201971080203623
0,0,0.47628215384141365
0,0,0.43731240932524224
0,1,0.519101385594176
0,1,0.5540997439104628
0,1,0.7362224583173538
1,0,0.45901950376428874
0,1,0.5131509117186277
1,0,0.39321100626732725
1,0,0.42415695664957004
0,1,0.5148511997544535
0,0,0.4322725601657114
1,1,0.5161277911284329
0,0,0.49448062507050894
0,1,0.7094171005235402
0,1,0.6021567152666693
1,0,0.47628215384141365
0,0,0.05
1,1,0.5058145324650275
1,1,0.5230232365876631
0,1,0.5180276523965016
1,0,0.49119239005837234
0,1,0.580006052493627
1,1,0.5745781588643395
0,1,0.5419155576729262
0,0,0.2096037775864471
0,1,0.5060299754682142
1,0,0.4838314888059446
0,0,0.44950214928545024
0,1,0.5386047310855188
0,0,0.002
0,1,0.5307810956670667
0,0,0.35674711680872156
1,1,0.5135609530289467
1,0,0.4866938206929386
1,1,1.0
0,0,0.14345023330322862
1,1,0.5229425652346357
1,1,0.5019931156820426
1,0,0.41921253146323095
0,1,0.5168908312977021
1,0,0.22277584033205966
1,0,0.46252547144969347
0,0,0.4365626160567617
1,0,0.4552683664975733
1,0,0.4910703178175632
1,1,0.5148083908137516
0,0,0.4990937612427997
0,1,0.5148083908137516
1,0,0.032
0,1,0.5229425652346357
1,0,0.47850032451268387
1,0,0.2485722310786759
0,1,0.533915429909167
1,0,0.18445567292518708
0,1,0.5180656340561667
0,1,0.724
1,0,0.4208154019456053
0,0,0.44950214928545024
0,0,0.2299685188157571
0,0,0.22399235965416914
1,1,0.5322324356508161
0,0,0.46635409515567156
0,0,0.019852310721254818
0,1,0.5307810956670667
1,0,0.3287542199657204
0,1,0.5546291780769825
0,0,0.12423089610928942
0,0,0.11
0,0,0.064
1,0,0.4044843348585801
1,0,0.041694415760678664
1,0,0.4750077105375299
0,1,0.5505695126697703
0,1,0.714588930659183
1,0,0.3539733324475378
0,0,0.22210443048900141
1,0,0.48758190443671295
1,1,1.0
0,1,0.776
1,0,0.014
1,1,0.5249686453703476
1,1,0.5131509117186277
0,0,0.44735835143181435
0,0,0.42326595206610806
0,1,0.6426280379539914
1,1,1.0
0,0,0.35775957918220336
1,1,0.568380615813276
0,1,0.5161277911284329
0,1,0.5412118027343137
0,0,0.03
1,1,0.6201761437160429
1,1,0.7760278050540812
1,0,0.33
0,0,0.4408977017687902
0,0,0.3585535982973038
0,0,0.006
1,1,0.6529343262428962
1,1,0.5322324356508161
0,0,0.3009168793346229
0,0,0.26417816326399257
0,0,0.48573334785029304
1,0,0.4878470506189733
1,1,1.0
0,1,0.5307810956670667
0,0,0.48941814495606867
0,0,0.03
0,1,0.5391036983285884
1,1,0.6554505882088438
1,1,0.52100620764171
1,1,0.998
1,0,0.3693526753806062
0,0,0.46584377615661976
0,0,0.184
0,1,0.5161277911284329
1,0,0.4697383445553928
1,0,0.4310514842923118
1,1,0.6148639775365841
0,0,0.021197315838310485
1,0,0.3953536417834476
0,0,0.274237544892898
0,1,0.5227325470323655
0,0,0.043324738534615
0,0,0.48786722992733145
0,0,0.052
1,1,1.0
1,1,0.5264876521265783
1,0,0.36762855116156323
1,0,0.12557571359541103
0,0,0.27
1,0,0.03356874666048885
0,0,0.4697383445553928
0,0,0.21761811251750274
1,1,0.7930414470784057
0,0,0.242
0,1,0.5319548068498541
1,1,0.6636705210459549
1,1,0.518080927632066
1,0,0.23352553480460952
0,0,0.20326691704919894
0,0,0.34903544527445485
0,1,0.5577407537995943
1,0,0.41921253146323095
0,1,0.6061226828916031
1,0,0.008
1,0,0.3953536417834476
1,1,1.0
1,0,0.44735835143181435
1,0,0.04867784699585193
0,0,0.088
1,1,0.574668822712649
1,0,0.48573334785029304
1,1,0.5013785600596085
0,1,0.5206012913692054
0,1,0.5041457495382529
1,0,0.41388923249885845
1,0,0.4365350224090678
0,0,0.394
1,0,0.19048592567938105
1,0,0.4910703178175632
0,0,0.48488370439453227
1,0,0.134
0,0,0.43909820502806673
1,1,0.5227325470323655
0,0,0.2553539695627262
0,0,0.1173458946051407
1,1,1.0
0,0,0.4846550422197456
0,0,0.3085974117581091
0,0,0.42702013280108886
0,1,0.6847364362822198
0,0,0.46026264660710686
1,1,0.7077756261240491
0,1,0.5314703635245241
0,1,0.6053653940924383
0,0,0.35839305303887714
1,0,0.46252547144969347
0,0,0.01
0,0,0.4536142114081671
0,0,0.43446175652983265
0,1,0.5301418892261626
0,0,0.026927492282996873
0,0,0.48305375113730215
1,0,0.468841408237262
1,0,0.40395257007692686
0,1,0.5132304036650649
1,1,0.8971024977577972
0,0,0.262
1,0,0.2942847425469373
1,1,0.7218029169085423
0,1,0.5229425652346357
0,0,0.4425266378350777
1,0,0.48913121198346254
0,1,0.5885623164170405
1,1,0.5301418892261626
1,1,0.5274458871662253
1,1,0.7052653183136367
0,1,0.5238684645228838
0,1,0.5184611892327401
1,0,0.03657529062123887
0,0,0.4433442332932364
1,0,0.4484764535772229
0,1,0.5687609755770522
1,0,0.4750077105375299
0,1,0.6610715156965171
1,0,0.40632844841524735
1,1,0.782753523408536
1,0,0.09844219167456464
0,0,0.47649922904885367
0,1,0.5095088662355254
1,0,0.4843844214325224
0,0,0.4818662294014451
1,1,0.8956393682125832
1,1,0.5745781588643395
0,1,0.5315390255484721
0,0,0.042
1,1,0.5301418892261626
1,0,0.45437477955443434
0,0,0.21160502114764967
0,1,0.5180276523965016
0,0,0.11440447961169957
1,1,0.5419557611748552
0,0,0.41085021495090557
0,0,0.134
1,1,0.6935496265774977
0,0,0.3755776424991795
1,1,0.5206012913692054
1,1,0.8003470304384765
1,0,0.09337444035424482
1,0,0.4425266378350777
0,0,0.41085021495090557
0,0,0.4306944311987149
0,0,0.20060402466034366
0,0,0.46732386279725013
1,1,1.0
0,1,0.519101385594176
1,0,0.4597163934556409
1,0,0.48913121198346254
1,0,0.4910703178175632
0,0,0.20993313749364384
1,0,0.468841408237262
1,1,1.0
0,1,0.6518128662969838
1,1,1.0
0,1,0.5041457495382529
1,0,0.322729774318756
1,0,0.42326595206610806
0,1,0.588983762227404
1,0,0.48573334785029304
0,0,0.4846550422197456
1,1,0.6130398985300493
0,0,0.4514109008572663
1,1,0.5295143721256249
0,1,0.5805381842618853
0,1,0.5429481376599417
1,0,0.49768904978934986
0,1,0.520155681706381
0,0,0.14110017103423833
1,1,0.986
1,1,1.0
1,1,1.0
1,1,0.5288197753589837
1,1,0.877670521045955
1,1,1.0
0,0,0.1695292936511438
0,1,0.5168908312977021
0,0,0.48913121198346254
0,1,0.717670521045955
0,0,0.4422800397894123
0,1,0.5099706816256824
0,1,0.5274458871662253
0,0,0.12
1,0,0.06843968521257311
0,0,0.3498750300161395
0,0,0.35839305303887714
0,0,0.3654913559772611
1,0,0.43687509100515526
1,1,0.6379623571985295
1,1,0.5429481376599417
1,1,0.8806519030937058
1,1,0.5099706816256824
0,1,0.5301418892261626
1,0,0.3100726152285002
0,0,0.4425266378350777
1,1,0.5131509117186277
1,1,0.588983762227404
1,0,0.49295965076484877
1,1,0.54171470629203
0,1,0.5644590578433407
0,1,0.5135609530289467
0,1,0.5479401450999355
0,0,0.3481253775840819
1,1,0.5148083908137516
0,1,0.676
0,0,0.4600694189797085
1,1,0.5315390255484721
1,0,0.3656487510132603
0,0,0.3359072316732913
1,1,0.5644590578433407
0,1,0.5062791679048926
1,1,0.5140177036008678
0,1,0.5307810956670667
1,0,0.26314627452233863
0,0,0.4860395113900581
1,0,0.40905894531376213
0,0,0.48573334785029304
0,0,0.45901950376428874
0,1,0.5432744805326412
1,0,0.43276231894092937
0,0,0.206
0,1,0.5168908312977021
1,0,0.41341717301667974
1,1,0.7052653183136367
0,0,0.002
0,1,0.5005710121715935
1,1,1.0
1,0,0.4737871175321619
0,1,0.502877602971645
0,1,0.588983762227404
0,0,0.12595752018216388
0,1,0.5148083908137516
0,1,0.6117876603726036
1,0,0.48913121198346254
1,0,0.16
0,1,0.5106587709370765
1,1,0.6392764787294244
0,1,0.5005710121715935
0,0,0.4036283462416651
0,0,0.45402693939956984
1,0,0.4536142114081671
1,1,0.645535368394092
1,1,1.0
1,0,0.4846550422197456
1,0,0.2554769008361869
0,1,0.5173282031412748
0,0,0.41140748213367184
0,0,0.3463151535685531
1,1,0.5005710121715935
0,0,0.01
1,0,0.37097028568723733
1,1,0.5148083908137516
1,1,0.5148083908137516
0,1,0.5123766586415299
0,0,0.008
0,0,0.48488370439453227
0,1,0.7661571796791452
0,1,0.5264876521265783
0,1,0.5229425652346357
1,1,0.7867159337866776
0,1,0.5188566827535638
0,0,0.49863681320427405
1,1,1.0
0,1,0.5180276523965016
0,1,0.5559029992890601
0,0,0.18111798985424207
1,1,0.5148511997544535
0,1,0.5264876521265783
0,0,0.3930395273757744
1,0,0.49768904978934986
1,1,0.5319548068498541
1,0,0.10662028844530055
0,1,0.5391036983285884
0,0,0.2824812666939384
0,1,0.6667952118674485
1,1,0.5259103196815872
1,1,0.5106587709370765
0,0,0.33056705758719795
0,0,0.48
0,0,0.13913842827164252
1,0,0.48573334785029304
1,1,0.5226611005321335
1,0,0.017091449258353705
1,1,0.95
0,0,0.42225453220352294
1,0,0.2014208092137599
1,1,0.516
0,0,0.48573334785029304
0,0,0.3318655192453492
1,0,0.39457283549883226
0,0,0.31692828338586787
0,1,0.6107535174313298
1,0,0.3764627968101664
0,0,0.36883452243122167
0,0,0.1206202391004326
0,0,0.028
0,1,0.5221259513988297
1,1,0.521213248302004
1,1,0.5048088613794017
0,1,0.521213248302004
0,1,0.5894432365314035
0,0,0.3971513394958834
0,1,0.5571812997139598
0,1,0.5437448038442568
1,1,1.0
0,0,0.45965815536102983
0,1,0.5322229360098717
0,1,0.5096641773215661
1,0,0.3327799861195128
1,1,0.5041457495382529
0,1,0.5005710121715935
1,1,0.5298929977844897
1,1,1.0
1,0,0.3496729118871263
0,0,0.3398490797893002
0,1,0.5076741198716426
0,0,0.054
1,0,0.44000169532150885
0,0,0.028
0,1,0.539572910930673
1,1,0.5031810784270069
1,0,0.1630178069973182
1,1,1.0
1,1,0.5062091004224261
1,1,0.5295143721256249
1,1,0.5259103196815872
0,0,0.48823711107066503
0,1,0.5284710673012118
0,0,0.46001664325981595
0,0,0.4910703178175632
1,0,0.48573334785029304
1,0,0.4476417175568387
0,1,0.5168908312977021
0,0,0.48913121198346254
0,0,0.4153583052218096
0,0,0.03632984526785802
0,0,0.48488370439453227
1,1,1.0
1,1,0.5005710121715935
1,1,0.5274458871662253
0,0,0.4536142114081671
0,0,0.49886239820922595
1,0,0.4743780435855571
1,0,0.49855223423155587
0,1,0.5221259513988297
1,1,0.5959094558604922
1,1,0.6599217153861769
1,1,0.5274037271396327
0,0,0.4599287267677158
0,1,0.6868873018563193
0,0,0.49164486014771697
1,1,0.5102902435237725
0,1,0.5041457495382529
0,1,0.5819237973729654
0,0,0.48573334785029304
0,0,0.4405317398861412
0,1,0.5524644073553298
1,0,0.05212152491847436
0,0,0.004
1,1,0.6209567241530367
0,0,0.47822016510500465
0,0,0.4796492602518468
0,1,0.5148083908137516
0,0,0.12071137141453409
0,1,0.5008616683452152
0,1,0.5760050255158246
0,1,0.5184611892327401
0,0,0.4750077105375299
0,1,0.5201971080203623
1,0,0.47164343426198585
0,1,0.7014278224628807
0,1,0.5370896336585949
0,1,0.588983762227404
0,0,0.34924584490791694
1,0,0.45411167063826674
1,0,0.49448062507050894
1,1,0.5168908312977021
1,1,1.0
0,0,0.4399746863229401
1,0,0.49456702806227304
0,0,0.4419836480087153
0,0,0.46423277090606546
0,0,0.024594040290782722
1,1,1.0
0,0,0.4552683664975733
1,1,0.856
1,0,0.045655625204350694
1,0,0.46635409515567156
0,0,0.4933815720306598
1,1,0.7759164087118158
0,0,0.28144877011273656
0,0,0.46252547144969347
1,0,0.38887607116288536
1,0,0.4476417175568387
0,0,0.3462729489133287
0,0,0.030847813406905792
0,0,0.4657854338082925
1,0,0.48456139294715117
0,0,0.40791471958378456
0,1,0.5161277911284329
0,0,0.4599242019982917
0,0,0.46151934508981374
1,0,0.4350178069973182
0,1,0.73097726244358
0,1,0.6559084182623893
1,1,1.0
0,1,0.5148083908137516
1,0,0.35010342243069176
0,0,0.4910703178175632
0,0,0.10508674638295463
0,1,0.5285201745573098
1,0,0.49294208868511596
1,1,0.964
1,0,0.4846550422197456
1,0,0.10387219917276336
0,0,0.4990937612427997
0,1,0.5005710121715935
0,1,0.73
1,0,0.46685162054024915
0,1,0.5546291780769825
0,0,0.006
0,0,0.012
0,0,0.4310514842923118
0,1,0.5076741198716426
1,0,0.4060282846680966
1,0,0.1396941611270426
0,0,0.44776508807210663
1,0,0.47487596818877464
0,1,0.9701636053087535
0,1,0.5148083908137516
0,0,0.4750077105375299
0,0,0.4796492602518468
0,0,0.4866938206929386
1,1,0.5315390255484721
1,1,0.5005710121715935
0,0,0.4697383445553928
1,0,0.35010342243069176
1,0,0.352
0,0,0.49579009920675504
0,1,0.5161277911284329
0,1,0.5635691305139777
0,0,0.4091223874356607
0,0,0.048
1,1,0.5549177329767376
1,1,0.5140177000648697
1,0,0.38654898866468895
1,0,0.19470155247424642
1,0,0.3383613408214885
0,0,0.14077584033205967
1,1,1.0
1,1,0.5398567345685806
1,0,0.4728891352075696
0,0,0.4757188469651986
0,1,0.5274458871662253
0,1,0.5148083908137516
0,0,0.4621627048890279
0,0,0.09880693371313962
0,0,0.4796492602518468
0,0,0.3209664784719281
0,1,0.5226611005321335
0,0,0.0
0,0,0.4910703178175632
1,1,0.5168908312977021
1,0,0.46151934508981374
0,1,0.5571812997139598
1,0,0.23493198903827925
1,1,0.5140177036008678
0,0,0.25483306096062147
1,1,1.0
0,0,0.48913121198346254
0,1,0.6595693550984925
0,0,0.49171271720769577
1,1,1.0
1,0,0.004
0,1,0.5135609530289467
0,0,0.4514109008572663
0,0,0.16
0,1,0.5062791679048926
0,0,0.4846550422197456
1,0,0.35010342243069176
0,1,0.5437448038442568
0,1,0.9821490384237402
0,0,0.46877816908708936
0,1,0.5307810956670667
1,1,0.5148083908137516
1,1,1.0
0,1,0.520155681706381
0,0,0.20055198969344537
1,1,0.521213248302004
1,0,0.480413815582791
1,0,0.2569705425043241
0,1,0.5974129891786553
1,0,0.41131803305969517
1,1,0.8738387239890134
1,1,0.5041457495382529
0,0,0.19288380992008822
1,1,0.5041457495382529
0,1,0.5206012913692054
0,1,0.5518544189074571
0,0,0.3930395273757744
1,1,0.7418939839807918
0,1,0.5805381842618853
0,0,0.4476417175568387
1,1,0.519101385594176
0,0,0.4185738259399454
0,1,0.5315390255484721
1,1,0.5168908312977021
1,1,1.0
1,1,1.0
1,0,0.17426445013330671
1,1,0.5102902435237725
0,0,0.266
1,0,0.49888870506792593
0,1,0.5180455662585255
1,0,0.4329489177732665
0,0,0.17192414064379927
1,1,1.0
1,0,0.386
0,0,0.4614161442494055
0,0,0.48152905180948535
1,1,0.5501598917490345
0,0,0.4586471894326953
0,1,0.5919989460303208
0,0,0.48573334785029304
1,0,0.059117989854242076
0,1,0.5229425652346357
0,1,0.5148083908137516
1,1,0.5260711927674411
1,0,0.48913121198346254
0,1,0.5429481376599417
0,0,0.16047195941696826
0,1,0.5571155124645062
1,0,0.1529351028952085
1,1,0.5184611892327401
1,1,0.5188566827535638
0,0,0.3720776526794792
0,1,0.588983762227404
1,1,0.521213248302004
1,0,0.4586471894326953
0,1,0.714179369498448
0,1,0.9377091844985336
0,0,0.4697383445553928
0,1,0.5702995868798902
0,1,0.5595582326658877
0,0,0.018
0,0,0.0
1,0,0.12857847903579747
1,0,0.48305375113730215
0,0,0.45722716087155163
0,0,0.356
1,1,0.5260711927674411
1,0,0.38664757827049623
0,0,0.44393582030104417
1,1,0.5406443469624344
1,1,0.5229425652346357
0,1,0.5477594440509158
0,1,0.5229069104382628
0,0,0.49436034729435047
1,0,0.3428164986081367
1,1,1.0
1,1,0.5391036983285884
0,0,0.05735199781928347
1,0,0.216
1,1,0.6951915138688176
0,1,0.6410797448476485
1,1,0.9033698806228424
1,1,1.0
0,1,0.5274458871662253
0,0,0.10941053889891936
0,0,0.0
0,0,0.4066019441473647
0,0,0.48671080518536497
1,1,0.530141905471093
0,0,0.16115977784013255
0,0,0.468841408237262
1,0,0.47164343426198585
0,0,0.17426445013330671
0,0,0.2652496194349525
0,0,0.4750077105375299
0,0,0.18259404029078272
0,0,0.4750077105375299
1,0,0.4524968442818173
0,1,0.539377589653585
0,0,0.11
1,0,0.48938685518247693
1,1,0.5148083908137516
1,1,0.5161277911284329
0,0,0.4845954118410001
0,1,0.5301418892261626
1,0,0.48938685518247693
1,0,0.45965815536102983
1,1,0.5297283274046817
0,0,0.2458214438704465
0,0,0.21305466018175814
0,1,0.5227325470323655
0,0,0.4657854338082925
0,1,0.5437448038442568
0,1,0.5031136641615224
0,0,0.47649922904885367
0,1,0.5398567345685806
0,1,0.7398195423284886
0,1,0.5295143721256249
0,0,0.082
1,1,0.5168908312977021
0,1,0.646
1,1,0.6864324343698478
1,1,1.0
0,1,0.7745848670020649
1,0,0.3844145891398472
0,0,0.48764516612798786
0,0,0.3122332896193267
1,1,0.998
0,0,0.4846550422197456
1,1,0.5201971080203623
0,0,0.054
0,1,0.6299616899528142
0,1,0.5274458871662253
0,1,0.5298929977844897
0,1,0.5031810784270069
0,0,0.38973570122600715
1,0,0.49768904978934986
1,1,0.7406970250614473
1,0,0.23387382536489174
0,0,0.3805759145387206
0,0,0.4536142114081671
0,0,0.002
1,0,0.054531877172777334
1,1,0.5501598917490345
0,1,0.5524644073553298
1,1,1.0
1,0,0.4750077105375299
0,1,0.5137387239283931
0,0,0.24858437405815148
1,0,0.4575192977447791
1,0,0.49768904978934986
1,1,0.5005710121715935
0,1,0.5131509117186277
1,0,0.45901950376428874
1,1,0.5148083908137516
0,0,0.2550078090480116
1,1,0.5420555514578209
0,0,0.134
0,1,0.6729924279363253
1,0,0.48941814495606867
1,0,0.40791471958378456
0,0,0.46151934508981374
0,1,0.7344841708249937
0,1,0.5041457495382529
0,1,0.5288197753589837
1,0,0.41568770760731294
1,0,0.46151934508981374
1,0,0.49301185059592867
0,1,0.777520620757767
1,1,0.5322324356508161
0,1,0.8770627244018285
1,1,0.8714805878959342
0,0,0.4517559874158101
1,0,0.45650053647296956
1,1,0.5483384946917513
0,0,0.004
1,1,0.5227325470323655
1,1,0.5246334455253594
1,1,1.0
0,0,0.48573334785029304
1,1,0.6901833301291025
1,0,0.44776508807210663
1,1,0.645535368394092
1,1,0.6516212666274372
0,0,0.007466231339026792
0,1,0.5260711927674411
1,0,0.48764516612798786
0,1,0.537952724440943
0,1,0.543319433170877
1,0,0.3656487510132603
1,0,0.49579009920675504
0,0,0.42326595206610806
0,0,0.4838314888059446
0,1,0.5848468204226454
1,1,0.580006052493627
0,1,0.5227325470323655
1,0,0.39457283549883226
0,0,0.306551182836739
0,1,0.5106587709370765
0,0,0.09046807212209587
1,1,0.5008616683452152
1,0,0.49456702806227304
0,0,0.46635409515567156
1,1,0.8493339942181982
0,0,0.0779721372530289
0,0,0.3617038563948514
1,0,0.4818662294014451
0,1,0.5882229742123851
1,1,1.0
0,0,0.2517919256277174
1,1,0.5501598917490345
1,1,1.0
1,0,0.49171271720769577
0,1,0.7783490666641252
1,0,0.4422800397894123
0,0,0.4272949154295242
0,0,0.4263220851982009
0,0,0.11234714644526453
0,1,0.5221259513988297
0,0,0.21075481045128489
0,0,0.285721869759702
0,0,0.094
0,1,0.5148083908137516
1,1,1.0
0,0,0.08812049692904726
1,1,1.0
0,0,0.4840434143670024
0,1,0.5005710121715935
1,1,0.7760278050540812
0,1,0.5459246210212748
1,0,0.43775547835301326
1,0,0.4878470506189733
0,0,0.4726665754463352
0,0,0.4818662294014451
0,0,0.002
0,0,0.4549275406719968
1,1,0.6932425391593572
1,1,0.5714251596208244
1,0,0.44076350182436813
0,0,0.48913121198346254
1,0,0.46151934508981374
1,1,0.5206012913692054
1,1,1.0
0,0,0.4512135043837761
1,0,0.288029627037862
1,1,0.5108537173826531
0,0,0.48764516612798786
0,1,0.5412118027343137
0,0,0.146
0,0,0.026
1,0,0.3475127131219453
0,0,0.20135466841710822
0,1,0.5062791679048926
1,0,0.47628215384141365
1,0,0.39334210330510644
0,0,0.11
0,0,0.45650053647296956
1,0,0.4657854338082925
0,1,0.6046547101671703
1,1,0.5201971080203623
0,0,0.3802964823539185
0,1,0.5131509117186277
1,1,1.0
1,1,1.0
1,0,0.48488370439453227
0,0,0.10120858011259837
1,0,0.468841408237262
0,0,0.3672386378845809
0,1,0.5649017868160959
0,0,0.46685162054024915
1,1,0.5760050255158246
1,0,0.382151377696277
0,1,0.5022063637394151
1,1,1.0
1,0,0.4299323335541183
0,1,0.5229425652346357
1,0,0.4536142114081671
0,0,0.12881502834151262
0,1,0.5274458871662253
0,0,0.46512482893661994
0,0,0.0
0,0,0.4211817956343091
1,1,1.0
1,0,0.49994549067271427
1,0,0.4811339739313699
0,0,0.4110090878069675
0,0,0.46252547144969347
1,0,0.002
1,1,0.519101385594176
1,0,0.29352353476017917
0,0,0.3707856410021151
0,0,0.24268627586923702
1,0,0.06957268648449405
1,0,0.49456702806227304
1,1,0.6277077897995311
0,1,0.6273055498217143
1,1,0.598755330115692
0,0,0.34924584490791694
1,1,0.5148083908137516
0,1,0.5168908312977021
1,1,0.998
0,0,0.21462641827240692
0,1,0.6013027561620332
0,1,0.9091695871961489
1,0,0.46151934508981374
0,0,0.035525355219515095
0,0,0.48573334785029304
0,1,0.6185000540316953
1,0,0.42326595206610806
1,1,0.5076741198716426
1,1,0.5322324356508161
1,0,0.45137075120125736
1,1,0.5398567345685806
1,1,0.5581282566809108
0,0,0.4476417175568387
0,1,0.5538424449475838
0,0,0.46151934508981374
0,0,0.18
1,1,0.5062791679048926
1,0,0.3793771645465061
0,0,0.2518221092158841
1,1,0.974
1,0,0.3147625063065521
0,0,0.48764516612798786
0,1,0.5307185131626951
0,0,0.026234348475484677
1,1,0.5285201745573098
0,1,0.5041457495382529
1,0,0.0
1,0,0.49171271720769577
0,1,0.5307810956670667
1,1,0.5274458871662253
0,1,0.5915292451116118
0,1,0.5404575636614277
0,0,0.47822016510500465
1,1,0.5229425652346357
1,1,0.574668822712649
1,1,0.5274037271396327
0,0,0.45901950376428874
0,0,0.4514109008572663
0,0,0.3836719794409495
1,1,0.5501598917490345
0,1,0.574668822712649
1,1,0.588983762227404
1,1,1.0
0,0,0.3505522342315559
1,0,0.49456702806227304
1,1,1.0
1,1,0.5873447193542976
1,1,1.0
0,0,0.4305248998675187
1,1,1.0
0,1,0.5041457495382529
0,0,0.3476811257699697
0,1,0.5062551569469426
0,0,0.4552683664975733
0,0,0.232
0,0,0.4653118545226047
1,0,0.4597163934556409
0,1,0.5238684645228838
1,1,0.5404575636614277
1,0,0.20381680669702545
0,0,0.006
0,1,0.5238684645228838
1,0,0.014461618767952404
1,1,0.5391036983285884
0,0,0.29967052104595493
0,1,0.5186175984546153
0,0,0.264
0,0,0.48913121198346254
0,1,0.5041457495382529
1,1,0.5298929977844897
1,1,1.0
1,1,0.5429481376599417
1,1,0.5008616683452152
1,1,0.5140177000648697
0,1,0.5062551569469426
0,1,0.6297153426496257
1,1,1.0
0,1,0.5616567504960478
1,1,0.5805381842618853
1,0,0.46252547144969347
0,1,0.5260711927674411
0,1,0.5419557611748552
0,1,0.5289746722294282
0,0,0.41921253146323095
0,0,0.47628215384141365
0,0,0.03911798985424207
0,0,0.49164486014771697
0,0,0.3368187965277876
1,1,0.5501598917490345
0,0,0.38825243764936024
0,0,0.006
0,1,0.5398567345685806
0,0,0.49171271720769577
0,0,0.44950214928545024
0,1,0.5041457495382529
1,1,1.0
1,0,0.2841077812818169
1,1,0.519101385594176
1,1,1.0
0,0,0.49579009920675504
1,1,0.5508545709393048
1,0,0.3398490797893002
1,0,0.34407067095945243
1,0,0.4121226376834898
1,1,0.5349349383063942
0,1,0.5391036983285884
0,1,0.5148083908137516
1,1,1.0
1,1,0.5062791679048926
1,1,0.5295143721256249
1,0,0.2165237801902551
0,1,0.598755330115692
1,0,0.4549494352308837
0,0,0.34614602135561334
0,0,0.17184099561617716
1,0,0.17174615213030764
0,1,0.5915292451116118
0,1,0.7458222234359824
0,0,0.4791321860913771
1,0,0.4697383445553928
0,1,0.7229956756108096
1,1,0.5595582326658877
1,0,0.48488370439453227
0,0,0.002
0,0,0.346
1,0,0.4099852058241096
0,0,0.408
0,0,0.17796172583125477
0,0,0.4846550422197456
1,0,0.308
0,1,0.5221259513988297
1,0,0.4739638327364527
0,1,0.5805381842618853
0,0,0.4359110836161833
1,1,0.7406970250614473
0,1,0.5295143721256249
0,0,0.4315160737472386
0,1,0.5106587709370765
1,1,1.0
1,1,0.5298929977844897
0,0,0.03178449656359425
0,1,0.7309335019117188
1,0,0.24313293304069408
0,1,0.5206012913692054
1,1,0.5200632390109623
0,0,0.274
0,0,0.34466770320684625
0,1,0.539572910930673
0,0,0.12552437725432436
1,1,0.5848468204226454
1,0,0.4791321860913771
0,0,0.4013849817682771
1,0,0.4846550422197456
0,1,0.8553853989184536
1,0,0.4933815720306598
1,1,0.6387859082625382
1,1,0.5391036983285884
0,1,0.5307185131626951
1,0,0.3646190113189302
0,1,0.6039103089476682
0,1,0.7708306960869602
1,1,0.5013785600596085
1,1,0.6046547101671703
1,0,0.4748288374866124
1,0,0.4818662294014451
0,0,0.08546059588624798
1,0,0.272
1,0,0.46151934508981374
1,1,1.0
0,0,0.262
0,0,0.3735934686500098
1,0,0.3591833675425463
1,0,0.28546334275634755
1,0,0.47618657596830494
1,0,0.4726665754463352
0,0,0.4364378663971755
1,0,0.4972404240178591
1,1,0.588983762227404
1,0,0.49301185059592867
1,1,1.0
1,1,0.5168908312977021
0,0,0.482
0,0,0.46815228885074844
0,0,0.48786722992733145
0,1,0.7142050251937031
0,1,0.5739765734953709
1,0,0.4990937612427997
1,1,1.0
1,0,0.21711798985424208
1,0,0.1862282480298101
0,0,0.35356582013731025
0,0,0.20010607548322368
1,0,0.4745136556943678
0,0,0.152
0,1,0.5114130348119905
1,0,0.46584377615661976
0,0,0.4425266378350777
0,0,0.3403209856882053
1,0,0.44628757364015553
1,1,0.8296061821467059
1,1,1.0
0,0,0.4359404213665217
1,1,0.5805381842618853
0,1,0.5184611892327401
1,1,0.5168908312977021
1,0,0.44602484359760636
0,0,0.46178844918451295
0,1,0.5288197753589837
0,0,0.46584377615661976
0,1,0.570550159157931
1,0,0.48646762939111754
1,1,0.5254040199432
0,1,0.5022359797084841
1,0,0.4944048956969496
0,1,0.570550159157931
0,1,0.5264876521265783
1,0,0.4920370398256063
1,0,0.3400128863376303
0,1,0.539572910930673
0,0,0.294
0,0,0.4372978448971589
0,1,0.5571812997139598
0,1,0.5454806148347662
0,0,0.4972404240178591
0,1,0.5161277911284329
0,0,0.49448062507050894
1,1,0.7340954537118297
1,0,0.4340613728275921
1,1,0.6571722571695127
0,1,0.5720196859984993
0,1,0.5186175984546153
1,0,0.4933815720306598
0,0,0.02
0,1,0.5295143721256249
0,0,0.26253559198864596
1,0,0.46001664325981595
1,1,0.6379623571985295
0,0,0.49171271720769577
1,1,1.0
1,1,0.580006052493627
0,1,0.5148083908137516
1,0,0.3805759145387206
1,1,0.5288197753589837
0,0,0.026
1,1,0.5041457495382529
1,0,0.4911788058103611
0,1,0.5062791679048926
1,0,0.23546907183811236
1,1,1.0
1,0,0.49994549067271427
1,0,0.46001664325981595
1,1,0.5391036983285884
0,1,0.5041457495382529
1,1,0.6223678288186484
1,1,0.5226611005321335
1,1,0.962
0,0,0.37490339873086514
1,1,1.0
0,0,0.4536142114081671
0,0,0.49456702806227304
0,0,0.24665626090056977
0,0,0.4325869828031084
0,1,0.5745562118342263
0,0,0.38015977129612927
0,0,0.46815228885074844
1,0,0.37614928298260214
1,1,0.510360799567822
1,0,0.4737871175321619
0,1,0.5301418892261626
0,1,0.6386431574495219
1,0,0.4657854338082925
1,1,1.0
1,0,0.29934298162335415
1,1,0.580006052493627
0,1,0.7617079751790413
0,0,0.38825243764936024
0,0,0.01
0,1,0.5581282566809108
1,1,1.0
1,0,0.43687509100515526
0,0,0.11511798985424207
0,0,0.264
0,0,0.16102058041695755
0,1,0.5429481376599417
0,0,0.0746590073616188
0,1,0.5096641773215661
0,1,0.5391036983285884
0,0,0.35705049441190717
0,1,0.5201817705430647
1,1,0.5391036983285884
1,0,0.18543424437731387
1,0,0.22256987713419318
1,1,1.0
0,0,0.13961026334333373
1,0,0.24534584526609693
0,0,0.36721963159351284
0,0,0.4738463558009017
0,0,0.2540754889004956
1,1,0.5387972424274352
1,0,0.3601532250042887
0,0,0.43871713159447034
1,1,0.6628941474220857
1,1,0.8877894352976391
0,0,0.20680768687276904
1,1,1.0
0,0,0.3742347418678256
0,0,0.48488370439453227
1,0,0.28133602629608434
0,1,0.5505390467123841
0,0,0.4476499660733369
0,0,0.276
1,1,0.5148511997544535
0,0,0.4536142114081671
0,0,0.4440546713653308
1,1,0.6046547101671703
1,1,0.5274037271396327
0,1,0.568
1,0,0.2786926586121553
1,0,0.41576191994524114
1,0,0.4527228163898198
0,0,0.012433387691265027
0,1,0.5215153015047981
0,0,0.4041688980639369
0,0,0.3016148994118331
1,1,0.7875437513433089
1,0,0.050526174732504474
1,0,0.102
1,0,0.47146402799934617
0,0,0.0
0,1,0.5148083908137516
1,1,0.6183606692442691
1,1,1.0
0,0,0.47743424437731385
1,1,0.5436460296026628
1,0,0.48445796888904447
0,0,0.09535635459678596
1,1,0.5595582326658877
0,0,0.45901950376428874
1,1,1.0
1,1,1.0
0,0,0.48488370439453227
0,0,0.05
0,1,0.521213248302004
0,0,0.4393052769203142
1,0,0.4750077105375299
0,0,0.4818662294014451
0,0,0.4110090878069675
1,0,0.4717453940169576
1,1,0.537952724440943
0,1,0.5608766553397652
0,0,0.26
1,1,0.5301418892261626
0,0,0.1580951054256677
1,0,0.4885709989499934
0,0,0.48764516612798786
0,1,0.5062091004224261
0,0,0.2579937892886443
0,1,0.6456531768271456
1,0,0.39107783853172906
0,1,0.5161277911284329
0,1,0.9091695871961489
1,0,0.4486087804154401
0,1,0.5714251596208244
0,1,0.8760337619680103
1,0,0.4657854338082925
0,0,0.394
1,0,0.2786926586121553
0,1,0.5315390255484721
0,0,0.347655660498193
0,1,0.8639367200525383
0,0,0.44306172876386857
0,1,0.6307404210531641
0,0,0.46423277090606546
0,0,0.4737871175321619
0,0,0.49579009920675504
0,1,0.6386941042033887
1,0,0.47203741452604653
1,1,0.6397442786601646
1,1,1.0
1,0,0.41740353622711995
1,1,0.5151179898542421
1,1,0.7958965881811414
0,0,0.47649922904885367
1,1,0.5702995868798902
1,1,0.5206012913692054
0,0,0.46151934508981374
1,1,0.6554505882088438
0,0,0.4779325790026912
1,0,0.4536142114081671
0,1,0.5005710121715935
0,1,0.7697120301450248
1,0,0.2665522342315559
0,0,0.4240710276052274
1,1,1.0
0,0,0.4843844214325224
0,0,0.078
1,1,0.9690857786624933
1,0,0.20516667589755794
1,0,0.4489019177894239
1,1,0.5927499635538317
0,0,0.0
1,0,0.48742259766954305
0,0,0.3492135485496954
1,1,1.0
0,1,0.7947972022740994
1,1,0.6397442786601646
1,0,0.47117479526733574
0,0,0.45491101025071323
1,1,0.5410227754434169
0,0,0.4433442332932364
0,1,0.5391036983285884
0,0,0.28
1,0,0.4910703178175632
1,1,0.5131509117186277
1,0,0.468841408237262
0,0,0.4425266378350777
1,0,0.4689622786249206
0,0,0.3781190430226827
0,1,0.901617560283213
1,0,0.48445796888904447
1,0,0.06047270153155962
0,1,0.7015957678937388
0,0,0.44735835143181435
1,1,0.5246334455253594
1,1,0.5665767024115062
0,1,0.5135609530289467
1,1,0.5137387239283931
0,0,0.38015977129612927
1,1,0.5644590578433407
1,0,0.1475062544841138
0,0,0.23029085026495585
1,0,0.268
1,0,0.4846550422197456
0,1,0.5291460877893168
1,1,0.5412118027343137
1,1,0.719559685919639
0,1,0.6046547101671703
0,1,0.5148083908137516
0,0,0.46635409515567156
0,1,0.5915292451116118
1,1,0.6400228442815886
0,0,0.272
1,0,0.17925378670580233
1,1,0.5180276523965016
1,1,0.5391036983285884
1,1,0.6631488099907318
0,0,0.28986486981923076
1,1,1.0
0,1,0.5161277911284329
0,0,0.44950214928545024
0,1,0.5464598778555134
1,1,0.5148083908137516
0,0,0.47117479526733574
0,0,0.14
0,0,0.16483036682138072
0,0,0.3840905260121563
1,1,0.5148083908137516
0,0,0.06
1,1,0.5108537173826531
0,0,0.4476417175568387
0,0,0.4586471894326953
0,0,0.1
0,0,0.2555992565481805
1,1,0.5148083908137516
1,1,1.0
0,0,0.4484764535772229
1,1,0.5501598917490345
0,0,0.4614161442494055
1,1,1.0
1,0,0.40791471958378456
1,1,0.5298929977844897
0,1,0.5238684645228838
1,0,0.4322725601657114
0,0,0.24858437405815148
0,1,0.5702995868798902
0,0,0.22837961558759046
0,1,0.570550159157931
0,0,0.49161102798523393
1,0,0.32
0,1,0.5229425652346357
0,0,0.4657854338082925
1,1,1.0
1,1,1.0
1,0,0.4433442332932364
1,0,0.4753156461944111
0,0,0.014
0,1,0.5140177000648697
1,0,0.3928915641252145
0,0,0.0797120301450248
0,0,0.058
1,1,0.5168908312977021
0,0,0.2765058357482436
0,0,0.49888870506792593
0,0,0.10911798985424206
1,1,0.5140177036008678
1,1,0.5062091004224261
0,0,0.11270155247424643
0,0,0.48671080518536497
1,0,0.4359404213665217
0,1,0.5477594440509158
0,1,0.7119377725939299
0,1,0.5102902435237725
1,1,0.692
0,0,0.2293726827510022
1,0,0.44950214928545024
1,0,0.47618657596830494
0,1,0.5307810956670667
1,1,0.7479318328228809
1,0,0.084
1,0,0.024601553130280195
1,0,0.26613847413894404
0,1,0.5246334455253594
0,0,0.20205791170595855
1,1,0.5008616683452152
0,0,0.4486087804154401
1,1,1.0
0,1,0.5519249236729369
1,0,0.32316417195842384
1,0,0.4614161442494055
0,1,0.5201971080203623
1,0,0.4846550422197456
0,0,0.4205942094219704
0,0,0.12454191285639489
0,1,0.5860247339393739
0,1,0.7978597753144566
0,1,0.5041457495382529
1,0,0.3475127131219453
1,1,0.5571812997139598
0,0,0.052
1,1,0.5482345357815602
1,0,0.34924584490791694
0,0,0.44950214928545024
0,1,0.5419557611748552
0,1,0.5644590578433407
0,1,0.5715496308866433
0,0,0.054
0,0,0.49161102798523393
0,1,0.5879121291330841
0,0,0.44602484359760636
0,1,0.5005710121715935
0,0,0.45965815536102983
0,1,0.5466564847250556
0,0,0.10387219917276336
1,1,0.648018792808736
1,1,0.5903121723213637
0,0,0.49301185059592867
0,0,0.49768904978934986
0,1,0.5595582326658877
1,1,0.5322324356508161
1,1,0.5471462745223387
0,0,0.41965500127984057
1,1,0.6297153426496257
0,0,0.4240710276052274
1,1,1.0
0,0,0.48786722992733145
0,0,0.016203762940713656
0,0,0.44950214928545024
1,1,0.5184199777381439
0,1,0.6185219557763094
1,1,0.5008616683452152
0,1,0.5921313760236293
1,1,0.5805381842618853
0,0,0.4838314888059446
0,0,0.3193909022826091
0,1,0.5436460296026628
0,1,0.666740306773469
1,0,0.37315834268525305
0,0,0.48573334785029304
1,0,0.46178844918451295
0,1,0.5571812997139598
0,0,0.48764516612798786
0,1,0.5135609530289467
0,1,0.5062551569469426
1,1,0.5581282566809108
0,0,0.39252680384365385
1,1,1.0
0,0,0.49579009920675504
0,1,0.5264876521265783
1,0,0.4846550422197456
1,0,0.4243393467798189
1,1,0.5234304700562881
1,0,0.48488370439453227
1,0,0.4858245227197598
0,0,0.4489019177894239
0,1,0.7011557400476611
0,0,0.07476304663683422
1,0,0.47628215384141365
0,1,0.5144574971134271
1,1,0.5702995868798902
1,1,0.5221259513988297
0,1,0.5062091004224261
1,1,1.0
1,1,1.0
0,0,0.23640748242673154
1,1,0.5315390255484721
0,0,0.0
1,0,0.28403399766320864
1,1,0.5274458871662253
1,0,0.38825243764936024
1,1,0.5005710121715935
1,0,0.4838314888059446
0,1,0.5387972424274352
0,0,0.07711798985424206
1,0,0.4781771771504908
0,0,0.009702299695221654
0,0,0.362
1,1,0.6120235513564808
0,0,0.4750077105375299
0,0,0.116
1,1,0.5274458871662253
1,0,0.20333828302895154
0,1,0.5161277911284329
1,1,0.5590434616800123
1,1,0.521213248302004
0,1,0.5164037735199137
1,1,0.5099706816256824
0,1,0.5144574971134271
1,1,1.0
1,1,0.539572910930673
0,1,0.5062551569469426
1,1,0.6701468764907126
0,0,0.03417713783292556
0,0,0.46151934508981374
1,0,0.15424676113406963
0,1,0.6107015524742464
0,0,0.438
1,1,0.918
0,1,0.7978197517568778
0,0,0.4586471894326953
1,1,0.5168908312977021
1,1,1.0
1,0,0.37414729107071265
0,0,0.4745940402907827
1,0,0.4990937612427997
1,1,0.5601584430961681
1,1,0.5501598917490345
0,0,0.06267909184473407
0,0,0.46584377615661976
0,0,0.21712566728350108
1,0,0.38015977129612927
0,0,0.4910703178175632
0,0,0.234
0,0,0.13389383018630172
1,1,0.5246334455253594
0,0,0.42126670095815294
1,0,0.4984847908976116
1,1,0.5897549056823275
0,0,0.174
1,1,1.0
0,1,0.5238684645228838
1,1,0.5714251596208244
1,1,0.5540997439104628
0,1,0.5264876521265783
0,0,0.1985940402907827
0,0,0.47822016510500465
1,0,0.45491101025071323
0,1,0.6278712203964011
0,0,0.3545770030186799
0,1,0.7052653183136367
1,1,0.5307810956670667
1,0,0.1499216461705449
0,0,0.44950214928545024
1,0,0.44776508807210663
0,0,0.4964567644676678
1,1,0.519101385594176
1,1,0.7293231766820957
0,0,0.48445796888904447
0,1,0.5028002029334034
0,1,0.537952724440943
1,1,0.5298929977844897
1,1,0.5180276523965016
0,1,0.5148083908137516
0,1,0.5307810956670667
0,0,0.48573334785029304
0,0,0.2988211928484092
0,0,0.48305375113730215
1,1,0.5184611892327401
1,1,1.0
1,1,0.5674017998368449
1,0,0.09535635459678596
0,1,0.6439004748024438
0,0,0.48573334785029304
1,1,0.5391036983285884
1,1,0.5644590578433407
1,1,1.0
0,1,0.5391036983285884
0,0,0.46001664325981595
1,0,0.376
1,1,0.5229069104382628
1,0,0.48913121198346254
0,1,0.5148083908137516
1,0,0.49295965076484877
1,1,0.5412118027343137
0,1,0.5391036983285884
0,0,0.3368187965277876
0,0,0.13711798985424206
0,0,0.48488370439453227
1,1,1.0
1,0,0.48786722992733145
0,1,0.5168908312977021
0,0,0.49456702806227304
0,0,0.3121369635682387
1,1,1.0
0,0,0.04611885881745781
1,0,0.4791321860913771
0,1,0.5148726465004362
1,0,0.07658623189476456
1,0,0.2181256550749072
1,1,0.5398567345685806
0,0,0.29755123575507236
0,1,0.5069713149202668
0,0,0.052
0,1,0.5148083908137516
0,0,0.46151934508981374
1,1,0.5135609530289467
0,1,0.6061226828916031
0,0,0.36900222289666224
1,1,1.0
0,1,0.6405407772119307
0,1,0.5062091004224261
1,1,1.0
1,0,0.448317997251605
1,1,1.0
1,1,1.0
1,1,0.5644590578433407
0,0,0.07996639669134345
1,1,0.5005710121715935
0,1,0.539572910930673
0,0,0.14977132724704778
0,0,0.49119239005837234
0,1,0.6701468764907126
0,1,0.64174931034499
0,1,0.5008616683452152
0,1,0.5315390255484721
1,0,0.3397973893356913
0,0,0.0032014104045025938
1,0,0.49171271720769577
0,0,0.48573334785029304
0,0,0.09453900980058266
1,0,0.4600694189797085
0,1,0.5274037271396327
0,1,0.6297153426496257
0,0,0.45965815536102983
0,0,0.14088414190465082
1,1,0.5229425652346357
0,0,0.4726665754463352
0,0,0.016604158980740087
0,0,0.3209172164055456
0,0,0.38973570122600715
1,1,0.598755330115692
0,1,0.5805381842618853
1,1,0.8979803294521403
0,0,0.468841408237262
1,0,0.4599287267677158
0,0,0.4422800397894123
0,0,0.012
0,0,0.27178336815673904
0,1,0.5629939342956218
1,0,0.4476417175568387
0,0,0.4922007930514516
0,0,0.08311798985424207
1,0,0.47117479526733574
1,0,0.49301185059592867
1,1,0.5148511997544535
1,1,0.5041457495382529
0,0,0.42005640434688957
1,1,1.0
1,0,0.47117479526733574
0,0,0.4260285613402497
1,0,0.4811339739313699
0,1,0.5505390467123841
0,0,0.3858809202526149
1,0,0.4425266378350777
0,1,0.6423667409253018
0,1,0.5274037271396327
1,1,0.5398567345685806
1,0,0.49579009920675504
0,0,0.066
0,1,0.5391036983285884
1,1,0.5148083908137516
0,1,0.5062551569469426
1,0,0.41085021495090557
1,1,0.7569958368805952
1,1,0.998
1,1,1.0
1,1,0.5760050255158246
0,1,0.5131509117186277
0,0,0.16006090286248356
1,1,0.5201971080203623
0,1,0.5135609530289467
0,0,0.4536142114081671
1,0,0.49164486014771697
0,0,0.46635409515567156
0,0,0.23515164815059678
1,0,0.009623292153392603
1,1,0.5008616683452152
0,1,0.5975281577384589
0,0,0.498
0,0,0.46685162054024915
0,0,0.45901950376428874
1,0,0.4779325790026912
0,0,0.12504468562311746
1,0,0.46252547144969347
0,1,0.5315390255484721
0,0,0.4697383445553928
0,0,0.1710472291001565
1,1,0.5429481376599417
0,0,0.48913121198346254
0,0,0.049237638384330804
0,0,0.22583014594309592
0,1,0.5062551569469426
1,0,0.01911798985424207
0,0,0.138
1,0,0.42005640434688957
0,0,0.469098689046507
0,1,0.7308684887546277
0,0,0.46151934508981374
0,0,0.4536142114081671
0,1,0.5168908312977021
0,1,0.5227325470323655
0,0,0.12
0,0,0.36900222289666224
0,0,0.41131803305969517
0,0,0.49456702806227304
0,0,0.48786722992733145
1,0,0.47487596818877464
1,1,0.5524644073553298
1,1,0.5410227754434169
0,0,0.4425266378350777
1,1,0.5406443469624344
1,1,0.539572910930673
1,1,0.5540995114962906
0,1,0.539572910930673
1,0,0.08162993257214314
0,0,0.44620570724147374
0,0,0.2971179898542421
1,1,0.5355129192014143
0,1,0.5132304036650649
0,1,0.5805381842618853
1,1,1.0
1,1,0.730347993410565
0,0,0.06
0,1,0.5008616683452152
0,0,0.1462752934218593
0,0,0.4858245227197598
1,1,0.5229069104382628
0,0,0.47850032451268387
0,0,0.4441558609057304
0,1,0.7909036645610755
1,1,0.642450538557848
0,0,0.14149253877285736
1,1,1.0
0,0,0.10223462335003818
1,1,1.0
1,1,1.0
1,1,0.998
1,0,0.49366174624760706
0,0,0.31286353078389406
0,1,0.6170897021215733
1,0,0.4614161442494055
0,0,0.4750077105375299
1,0,0.4878470506189733
1,1,0.954
0,1,0.6401095739404383
1,1,0.5307810956670667
1,0,0.4586471894326953
1,0,0.46685162054024915
0,1,0.5354406962358041
0,0,0.1842167206768844
0,0,0.47164343426198585
0,0,0.3081298098947859
0,0,0.015117989854242073
1,0,0.46635409515567156
1,1,0.5233753470611903
0,1,0.5315390255484721
0,1,0.5958900588055257
0,1,0.7666380511345064
1,0,0.45437477955443434
1,1,1.0
1,0,0.45901950376428874
0,0,0.4878470506189733
1,0,0.4796492602518468
0,0,0.4469801422197532
0,0,0.292
1,0,0.10026208018022824
1,1,0.6977295920241963
0,0,0.48764516612798786
0,1,0.8140690017865828
0,0,0.30578016520049023
0,1,0.5805381842618853
0,0,0.2982874018435907
0,0,0.08118788566612921
1,0,0.23934518901678267
1,1,0.5168908312977021
1,0,0.46151934508981374
0,0,0.321581207218052
0,0,0.49448062507050894
0,1,0.6833876249214712
1,1,0.5031810784270069
0,0,0.45094094178510324
1,0,0.49366174624760706
0,0,0.2603324776505402
0,0,0.4110090878069675
0,1,0.5236452051021028
1,1,1.0
0,1,0.5049028733935202
0,1,0.5227325470323655
0,0,0.08203399766320864
0,0,0.0
1,1,0.54171470629203
0,1,0.5062791679048926
0,0,0.4595166996703917
0,0,0.49456702806227304
0,1,0.5518544189074571
1,1,1.0
0,1,0.5246334455253594
1,1,1.0
0,0,0.45901950376428874
1,0,0.468841408237262
1,1,0.5062551569469426
0,1,0.527783320123957
0,1,0.5041457495382529
0,0,0.14143424437731386
1,1,0.5947966093436536
0,1,0.5274458871662253
0,1,0.5148083908137516
0,1,0.5274458871662253
1,1,0.5165159489951439
0,0,0.35205278188923955
0,0,0.038
1,0,0.40632844841524735
0,0,0.14164588129431924
0,0,0.044
1,1,0.5841043073317866
1,0,0.37241254464874185
1,0,0.4571309652568444
0,0,0.3558806127286036
0,1,0.8858021551099461
1,0,0.4846550422197456
0,0,0.026
0,1,0.5003236005797772
1,0,0.4737871175321619
0,0,0.004
0,0,0.38870202998678244
1,0,0.20543424437731383
0,0,0.48573334785029304
0,1,0.6669969597286218
0,0,0.01
0,0,0.46252547144969347
1,0,0.4750077105375299
1,1,1.0
0,0,0.07431671816413628
0,0,0.4252436455788856
1,1,0.543319433170877
1,1,0.5769469797610072
0,0,0.47713020629801683
1,1,0.7804258289156871
1,0,0.286
0,0,0.48573334785029304
0,0,0.4121226376834898
0,1,0.519101385594176
0,0,0.41477584033205966
0,0,0.02363259372329853
1,0,0.4781771771504908
1,0,0.38074476384438216
0,0,0.429800594680254
0,0,0.3456531025125747
1,1,0.520155681706381
0,0,0.1910726194196483
0,0,0.03011026531319295
1,0,0.48764516612798786
0,0,0.4476417175568387
0,0,0.47628215384141365
0,0,0.4042982671605515
0,0,0.039293598786756964
1,1,1.0
0,0,0.072
0,1,0.8031628737672447
0,0,0.3742204281543384
0,0,0.1879392466920079
0,1,0.5140177000648697
1,0,0.41576191994524114
1,1,0.998
1,1,0.5359486046264531
0,1,0.5274458871662253
1,1,1.0
1,0,0.43687509100515526
0,0,0.04576143410434409
0,0,0.46640442403181914
0,0,0.4240710276052274
0,1,0.5161277911284329
1,0,0.48764516612798786
0,1,0.5297283274046817
1,0,0.018506482836669544
1,1,0.5841043073317866
0,1,0.5769469797610072
0,0,0.48445796888904447
0,0,0.3522579093222316
0,0,0.4726665754463352
1,1,0.6013027561620332
0,1,0.5168908312977021
0,0,0.48488370439453227
1,1,0.5095088662355254
0,1,0.6349595967207698
1,0,0.008
1,0,0.47713020629801683
1,1,0.5288197753589837
1,0,0.4796492602518468
1,0,0.158
1,1,0.5867454605629636
0,1,0.5547203954706377
1,0,0.44950214928545024
0,0,0.39457283549883226
1,1,1.0
1,1,0.5274458871662253
1,1,1.0
0,1,0.5184611892327401
0,0,0.49456702806227304
1,1,0.908
0,1,0.719559685919639
0,1,0.5041457495382529
1,0,0.4657854338082925
0,0,0.2038312170909672
1,0,0.4512135043837761
1,0,0.49119239005837234
1,0,0.48445796888904447
1,0,0.3073156145448727
1,0,0.4284732382206102
0,0,0.1205522342315559
0,1,0.5041457495382529
0,0,0.1651829479470856
0,1,0.7242207772608257
0,0,0.4433442332932364
0,0,0.4818662294014451
0,0,0.23128422821295783
1,0,0.49691814636016446
1,1,0.5454806148347662
1,0,0.4425266378350777
1,0,0.45965815536102983
1,1,0.5702995868798902
0,0,0.014
0,1,0.5546291780769825
1,0,0.46640442403181914
0,0,0.09187343284648825
0,0,0.06426942989897716
0,1,0.5140177000648697
1,0,0.4750077105375299
0,0,0.46640442403181914
0,1,0.521213248302004
0,1,0.5206012913692054
0,1,0.5398567345685806
1,0,0.4329489177732665
0,1,0.5201971080203623
0,1,0.783839621702519
0,1,0.6724841949506938
0,0,0.212
1,1,1.0
1,0,0.26125408366595937
0,1,0.5232703576029781
1,1,0.5535245004127503
0,0,0.0557266312220361
0,0,0.23877062874816513
1,1,0.5071066624411233
0,0,0.46151934508981374
0,1,0.5238684645228838
1,0,0.23976215774501988
1,1,0.5450622269092521
1,1,0.5540995114962906
0,0,0.37772256044824454
0,0,0.122
0,0,0.22357025580805398
1,1,0.570550159157931
0,1,0.5714251596208244
0,0,0.47850032451268387
1,0,0.228
0,1,0.5227325470323655
1,1,0.5148083908137516
1,1,0.5008616683452152
1,1,0.5432744805326412
0,0,0.468841408237262
0,0,0.44000169532150885
0,1,0.6460161056467317
0,0,0.4910703178175632
1,1,0.5581282566809108
0,1,0.9148465292100736
0,1,0.5274458871662253
0,0,0.0765617869719756
1,0,0.3953536417834476
1,0,0.36900222289666224
1,0,0.49295965076484877
1,0,0.48305375113730215
0,0,0.468841408237262
0,0,0.2
0,0,0.4878470506189733
0,1,0.5387972424274352
0,0,0.076
0,0,0.16143424437731382
1,1,0.5322324356508161
1,1,0.5432744805326412
0,0,0.002
1,1,0.5307810956670667
0,0,0.4263220851982009
0,0,0.06971090425970405
0,0,0.29133880633837095
0,1,0.5019931156820426
0,0,0.24053837963292116
1,1,1.0
0,0,0.44509849476093366
1,1,0.7418939839807918
0,0,0.45457205402934603
0,1,0.570550159157931
0,0,0.33
0,0,0.48071039105048385
1,1,0.5148083908137516
1,0,0.4208154019456053
0,0,0.132
0,0,0.4665613285278355
0,1,0.5307810956670667
1,1,0.5398567345685806
0,0,0.18
1,1,0.5135609530289467
0,1,0.573009011259685
0,1,0.5238892220672662
1,1,0.5702995868798902
1,1,0.5406443469624344
1,0,0.4846550422197456
1,1,1.0
0,0,0.16659856471538678
1,0,0.48573334785029304
0,1,0.5005710121715935
1,0,0.4512135043837761
0,0,0.47822016510500465
1,0,0.4536142114081671
1,0,0.4922007930514516
1,0,0.4641337154283941
0,1,0.6721013949788962
1,0,0.4484764535772229
1,0,0.02815809456288244
1,0,0.4013390309215798
0,0,0.49888870506792593
0,1,0.5168908312977021
0,0,0.40791471958378456
1,0,0.4697383445553928
0,0,0.36721963159351284
1,1,0.5031810784270069
0,0,0.07405905969182533
0,1,0.5274458871662253
1,0,0.49579009920675504
1,0,0.36721963159351284
1,1,0.5577407537995943
0,0,0.43563073699512406
0,1,0.6477171969056924
0,1,0.590824129052898
0,1,0.7707240876076318
1,1,0.5838417550411342
1,0,0.468841408237262
0,0,0.44000169532150885
0,1,0.5295143721256249
1,0,0.45901950376428874
1,1,1.0
1,1,0.5398567345685806
1,1,0.996
0,1,0.598755330115692
0,0,0.2972149990290898
1,0,0.3098305699158772
0,1,0.5096641773215661
0,1,0.5041457495382529
1,0,0.141546952357964
0,0,0.4846550422197456
1,0,0.49579009920675504
0,1,0.5805381842618853
1,1,0.5314703635245241
1,1,0.9292521615510061
0,0,0.09
0,0,0.33625757075306606
0,1,0.5410227754434169
0,0,0.3577674435661956
0,1,0.5062091004224261
1,1,1.0
0,0,0.35926878108132293
1,1,0.8514150766618895
0,0,0.20158270511865534
0,0,0.4586471894326953
0,0,0.28021073445354766
1,1,0.5769469797610072
1,0,0.11261097164477979
0,1,0.5518544189074571
0,0,0.002
0,0,0.48764516612798786
0,1,0.6826454678520945
0,0,0.48305375113730215
0,0,0.49691814636016446
0,0,0.44000169532150885
1,1,1.0
0,0,0.48071039105048385
0,0,0.4922007930514516
1,1,0.5446153923852054
1,0,0.38015977129612927
1,0,0.46635409515567156
0,1,0.588983762227404
0,0,0.004
0,1,0.5315390255484721
0,0,0.06047270153155962
0,1,0.5921313760236293
0,1,0.5201971080203623
1,0,0.48913121198346254
1,1,0.5031810784270069
1,1,1.0
0,0,0.002
1,1,0.5882054775441274
0,0,0.47084910240550404
1,0,0.49994549067271427
1,1,0.5419155576729262
0,1,0.6236675651530138
0,1,0.5841043073317866
1,0,0.49171271720769577
0,1,0.521213248302004
1,1,0.574668822712649
0,1,0.8396038918213832
1,1,1.0
0,0,0.142
0,0,0.4858379822933427
0,0,0.4920370398256063
1,1,0.528
0,0,0.48573334785029304
1,0,0.38664757827049623
1,0,0.45965815536102983
1,0,0.4750077105375299
0,0,0.47822016510500465
0,0,0.01
1,0,0.2766491955077267
0,0,0.40632844841524735
1,0,0.48938685518247693
0,0,0.2278740084522203
1,0,0.37366725281768226
0,0,0.38887607116288536
1,1,1.0
0,1,0.5148083908137516
0,0,0.4365350224090678
1,1,0.5259103196815872
0,0,0.38825243764936024
1,1,1.0
0,0,0.092
0,0,0.49456702806227304
1,0,0.23969271688186397
0,0,0.1749573347681135
0,0,0.4779325790026912
0,0,0.45901950376428874
0,0,0.068
0,0,0.49768904978934986
1,0,0.40791471958378456
1,0,0.39851850159999064
1,0,0.34026426437658075
0,1,0.5148083908137516
0,1,0.5168908312977021
0,1,0.708756846157438
0,0,0.48786722992733145
1,1,1.0
1,1,0.5329805328582438
0,1,0.534850641734266
0,0,0.4044843348585801
0,0,0.05
0,1,0.6902191200596828
0,1,0.5274458871662253
1,1,0.561011560559877
1,0,0.43106649683394205
1,1,0.5200632390109623
1,1,0.5148083908137516
0,1,0.5437336708517218
0,0,0.3085974117581091
0,0,0.026
0,1,0.7605112415265348
0,0,0.4041688980639369
0,1,0.8921636748146938
0,1,0.7010697939197165
1,1,1.0
1,1,0.5226611005321335
1,0,0.45437477955443434
1,0,0.41140748213367184
1,1,0.6750479304218271
1,0,0.12464960763381439
0,0,0.07111798985424207
0,1,0.7896492705137228
0,0,0.47164343426198585
0,1,0.5062791679048926
0,1,0.5644590578433407
1,0,0.42644713112689325
0,0,0.13190945251998967
0,1,0.5501598917490345
0,0,0.007167125240008708
1,1,1.0
1,1,0.5687609755770522
1,1,0.9927713353373897
1,1,0.978
0,0,0.09046807212209587
1,0,0.36900222289666224
0,1,0.84
0,0,0.4846550422197456
0,0,0.27383269634363344
0,1,0.5264876521265783
1,1,1.0
0,0,0.4419836480087153
0,1,0.5600755045559667
1,1,0.5274458871662253
0,1,0.5062091004224261
0,0,0.28884510694216703
1,1,0.5307810956670667
0,0,0.1432106860781903
1,0,0.47618657596830494
1,0,0.024
0,0,0.04417479697780209
0,1,0.519456677464264
1,0,0.46151934508981374
0,0,0.43687509100515526
0,1,0.8013385179422751
0,1,0.5062091004224261
0,0,0.49164486014771697
1,0,0.22621257119024665
0,0,0.4571508769804285
1,1,1.0
0,0,0.06
1,0,0.26
1,0,0.0
0,0,0.4600694189797085
0,1,0.5919989460303208
0,0,0.4750077105375299
0,0,0.12
1,0,0.285787714449775
0,0,0.4143251316698882
0,0,0.4174899024020761
0,1,0.6053653940924383
0,1,0.5391036983285884
0,1,0.537952724440943
0,1,0.5805381842618853
0,1,0.5135609530289467
1,1,0.7791907082817242
0,0,0.4860395113900581
1,0,0.4240699468867748
0,0,0.46001664325981595
0,0,0.49171271720769577
0,1,0.5622388297496879
1,1,0.5307810956670667
1,0,0.24631978566924537
0,1,0.5164037735199137
1,1,0.55103210176493
0,0,0.4866938206929386
0,1,0.5246334455253594
0,0,0.3851884697904954
1,1,0.5226611005321335
0,1,0.5168908312977021
1,0,0.4671448361753845
0,0,0.033289130285179866
0,1,0.5071066624411233
0,1,0.570550159157931
0,0,0.48573334785029304
0,0,0.45965815536102983
0,0,0.4933815720306598
0,0,0.4372978448971589
1,0,0.4686515371477908
1,1,0.5274458871662253
0,1,0.521213248302004
0,0,0.48445796888904447
0,0,0.1868747200410439
0,1,0.5894432365314035
0,0,0.4689622786249206
0,1,0.8222865364908
0,0,0.07981200286007833
0,1,0.5274458871662253
0,1,0.5030472089920336
1,0,0.05631565132784252
0,1,0.5761376105790003
0,0,0.24160915608302647
0,0,0.4212210339154225
1,1,0.5385821209323983
1,1,0.5274458871662253
0,0,0.034810609882152475
1,0,0.07150449681792181
0,1,0.5206012913692054
1,0,0.3458387250525292
0,0,0.029624719578676552
0,0,0.3672386378845809
1,0,0.4614161442494055
0,0,0.002
0,1,0.6174773928063062
0,1,0.5475407875117035
0,0,0.48573334785029304
0,1,0.5201971080203623
0,0,0.07936988062284239
0,0,0.012
0,0,0.3781190430226827
0,0,0.46512482893661994
1,1,1.0
1,1,0.5201971080203623
0,0,0.03
1,0,0.039403733288339196
1,1,1.0
1,0,0.468841408237262
0,1,0.5148083908137516
1,1,0.5095088662355254
0,1,0.6887164182144089
0,1,0.5264876521265783
0,0,0.40632844841524735
0,1,0.5062551569469426
0,0,0.48445796888904447
1,0,0.3187015524742465
0,1,0.5168908312977021
1,1,0.7968099706486842
1,1,0.5708036172254528
0,1,0.574668822712649
1,1,1.0
0,0,0.3504396226207588
1,0,0.44103797434540604
0,0,0.4452982068951879
0,1,0.5008616683452152
0,1,0.5041457495382529
0,0,0.1912279031188118
1,1,1.0
0,1,0.5505390467123841
0,0,0.3475835626200044
0,0,0.47164343426198585
0,1,0.5253154859573989
0,0,0.44776508807210663
0,1,0.564
1,1,0.5518544189074571
0,0,0.07308209014407291
1,1,0.52100620764171
0,0,0.4713494695382681
1,0,0.47164343426198585
0,1,0.6579864786088698
1,1,0.6236675651530138
0,0,0.0
0,1,0.5168908312977021
1,0,0.44950214928545024
1,0,0.4828910212809668
0,0,0.4972404240178591
0,0,0.2397558661446399
0,1,0.5229425652346357
1,1,1.0
0,1,0.5714251596208244
0,0,0.4964567644676678
0,0,0.49691814636016446
0,1,0.5259064696867239
1,0,0.45650053647296956
0,1,0.5301418892261626
1,0,0.28669028094783605
1,0,0.4476417175568387
1,0,0.462484085741534
1,0,0.36677602032167256
0,1,0.5595582326658877
1,0,0.4322725601657114
1,1,1.0
0,1,0.5148083908137516
0,0,0.4185738259399454
1,1,0.6349595967207698
1,0,0.4503792884643055
0,1,0.5307810956670667
0,1,0.5391036983285884
1,0,0.23948583846813096
0,0,0.4484764535772229
0,0,0.48764516612798786
0,0,0.2923184206923666
1,0,0.3294472623952632
0,0,0.43731240932524224
1,1,0.5062551569469426
0,1,0.5148083908137516
0,1,0.5259103196815872
0,0,0.46151934508981374
0,0,0.08448521812421415
0,0,0.49171271720769577
0,1,0.5274458871662253
1,0,0.46151934508981374
0,1,0.5391036983285884
1,0,0.49448062507050894
0,1,0.5633663949402758
1,0,0.2273677673707433
0,0,0.4433442332932364
0,1,0.5135609530289467
0,0,0.46151934508981374
1,1,1.0
0,1,0.5041457495382529
0,0,0.22960412311586234
0,0,0.48938685518247693
1,1,0.5005710121715935
1,1,0.5288197753589837
1,0,0.4910703178175632
1,0,0.4549275406719968
0,0,0.2356336653949406
0,0,0.3209664784719281
1,1,0.5521120428805596
1,0,0.31286353078389406
0,0,0.076
0,0,0.36900222289666224
1,1,0.5301418892261626
0,1,0.748491610326086
0,0,0.4422800397894123
0,1,0.5014150420463898
1,1,0.5021634125160301
1,0,0.37624408237258217
1,1,0.5644590578433407
1,1,0.6676156118662823
1,1,0.5131509117186277
1,1,0.5687609755770522
0,1,0.5391036983285884
0,0,0.4586471894326953
0,0,0.43687509100515526
0,1,0.519101385594176
0,0,0.084
1,1,0.5041457495382529
0,0,0.052
0,0,0.48305375113730215
1,1,0.5148083908137516
1,1,1.0
0,0,0.22583014594309592
0,0,0.064
0,1,0.666740306773469
1,0,0.46685162054024915
1,1,0.5062791679048926
0,0,0.068
0,1,0.5882054775441274
1,1,0.998
1,1,0.91
1,1,0.5135609530289467
0,1,0.5552351521736353
0,0,0.4846550422197456
0,1,0.5745781588643395
0,0,0.48938685518247693
0,0,0.4838989477816731
1,1,1.0
1,0,0.46151934508981374
1,1,0.580006052493627
0,1,0.5005710121715935
0,1,0.5161277911284329
0,1,0.5295143721256249
0,0,0.06778128655290785
0,0,0.20911798985424207
0,0,0.0
0,0,0.008
1,1,0.5079238886622742
1,1,0.5206012913692054
1,0,0.48305375113730215
1,1,0.992
0,0,0.08912745627938883
1,0,0.4597163934556409
0,0,0.35461760362661743
0,0,0.3809649963081923
0,1,0.5456133266684136
1,1,0.5395489107537512
0,0,0.26888280836913037
0,0,0.28808507958552165
1,0,0.06141621176813996
1,0,0.03531768919198057
1,1,0.7090530722369348
0,1,0.519456677464264
1,0,0.37490339873086514
0,1,0.5206012913692054
0,0,0.2310197627929373
1,1,0.5288197753589837
0,0,0.4393383041205579
0,1,0.5274458871662253
1,0,0.4185738259399454
1,0,0.18390792835644734
1,1,1.0
1,1,0.7117959561950291
0,0,0.4425266378350777
0,0,0.318
0,0,0.064
0,0,0.1710178069973182
1,0,0.27639894928890685
1,0,0.47618657596830494
0,0,0.014
1,1,0.5188566827535638
0,0,0.44950214928545024
1,0,0.43563073699512406
0,0,0.11031274915112264
1,0,0.029067498588703004
0,0,0.44000169532150885
0,0,0.48488370439453227
0,0,0.49301185059592867
1,0,0.48445796888904447
1,0,0.2556557106165179
0,0,0.48305375113730215
0,0,0.46252547144969347
0,1,0.5547941565077484
0,1,0.5096641773215661
0,1,0.5008616683452152
1,1,0.519101385594176
0,1,0.5005710121715935
0,1,0.5161277911284329
0,0,0.17665603014654707
0,1,0.5135609530289467
0,1,0.5005710121715935
0,0,0.4860395113900581
0,0,0.29133880633837095
1,0,0.4041688980639369
1,0,0.4846550422197456
1,1,1.0
0,0,0.4818662294014451
0,0,0.102
1,1,0.5848468204226454
0,0,0.43725908881720377
0,1,0.5148083908137516
1,1,0.9191165436216242
0,1,0.5259103196815872
0,1,0.7770716272312089
0,0,0.44000169532150885
0,0,0.45901950376428874
0,0,0.012
1,1,0.5135609530289467
1,1,0.998
1,1,0.5897549056823275
0,0,0.4697383445553928
0,1,0.521213248302004
1,1,0.5227325470323655
0,0,0.03
1,1,1.0
0,1,0.5548734872351861
1,0,0.282
1,0,0.102
1,0,0.45965815536102983
1,0,0.49301185059592867
0,0,0.4858245227197598
0,0,0.216
1,1,0.5595582326658877
0,1,0.6954200294996411
0,0,0.336
1,1,0.8241450667699265
1,1,0.5161277911284329
0,0,0.07735276437260873
0,0,0.4657854338082925
1,1,0.5298929977844897
0,0,0.4434342443773138
1,0,0.18789806939529258
0,1,0.5702995868798902
1,0,0.3471179898542421
0,0,0.4860395113900581
0,1,0.8060664015364593
0,0,0.38401868199547246
1,0,0.4476417175568387
0,0,0.4922007930514516
0,0,0.058
0,0,0.4750077105375299
1,1,0.6300277397883144
0,0,0.2984705304445571
0,0,0.132
0,0,0.43517347510535204
0,1,0.7666380511345064
0,0,0.20277584033205967
0,1,0.6281912699522835
0,1,0.7234169066539071
0,1,0.8875640469264489
0,0,0.3733457996272132
0,0,0.138
1,1,0.5300384155199763
1,1,1.0
1,0,0.22579759852387096
0,1,0.574668822712649
1,0,0.12464960763381439
1,0,0.32215450820737757
1,1,0.5184611892327401
1,0,0.011117989854242073
0,0,0.46151934508981374
0,0,0.4761486522744328
0,1,0.5320316897957857
0,1,0.6339974858441646
0,1,0.5720196859984993
1,0,0.48958817824574974
0,0,0.026
0,0,0.4346295336665977
0,0,0.47164343426198585
1,1,0.5008616683452152
0,1,0.539572910930673
0,1,0.5472337848812889
0,0,0.4689622786249206
1,1,0.5148083908137516
1,1,1.0
0,1,0.5148083908137516
1,1,1.0
1,0,0.4549494352308837
0,0,0.4110090878069675
0,0,0.22743424437731383
0,1,0.5710746284531442
0,0,0.2906831221082508
0,1,0.9342400403370592
0,0,0.006457646025206116
1,1,0.992
1,1,1.0
0,1,0.5219722927083272
0,0,0.46151934508981374
1,0,0.41101753470377655
1,0,0.2171091719506385
0,0,0.4425266378350777
0,0,0.4372691600454292
1,0,0.30114776855979797
1,1,0.942
1,1,0.5238684645228838
0,0,0.3360805554847807
1,0,0.2985060941431953
1,1,0.5023642163788932
1,0,0.31311798985424205
1,0,0.468841408237262
0,1,0.5041457495382529
1,0,0.2575059193071696
0,0,0.4408001440847013
0,0,0.39477996376752456
0,0,0.4858245227197598
0,1,0.6086620194442545
1,0,0.4796492602518468
1,1,0.5184611892327401
1,0,0.48071039105048385
0,0,0.028
1,0,0.468841408237262
0,0,0.42909346938714704
0,1,0.5168908312977021
0,1,0.5008616683452152
0,1,0.5041457495382529
0,0,0.2363303532634915
0,0,0.44950214928545024
0,0,0.044
0,0,0.4069792097496562
0,0,0.38825243764936024
0,0,0.4164649774714635
1,1,0.5518544189074571
1,1,0.6595693550984925
1,0,0.31693110094678645
0,1,0.7418939839807918
0,0,0.21470939327449295
1,0,0.4796492602518468
0,1,0.5609890453330119
1,0,0.4933815720306598
1,1,0.634
0,0,0.3800236400810876
0,1,0.5229425652346357
0,0,0.49119239005837234
0,0,0.41657465898502793
1,1,0.5353136615892149
1,1,1.0
1,1,0.7312044891200807
1,0,0.4372978448971589
1,0,0.366
1,0,0.33542148762380297
1,0,0.4614161442494055
1,0,0.439325914288259
0,0,0.20826426437658072
1,1,0.5041457495382529
0,0,0.3051497994454547
1,0,0.38105564847973494
1,1,0.7014342443773139
1,0,0.3604617805456472
0,0,0.37765699965482474
0,1,0.6124933227955836
0,0,0.3496729118871263
1,1,0.5135609530289467
1,0,0.46151934508981374
0,0,0.4972404240178591
1,0,0.46178844918451295
1,0,0.4846550422197456
0,0,0.45650053647296956
0,1,0.8917821208723481
0,1,0.539572910930673
1,0,0.45411167063826674
0,1,0.5021634125160301
1,1,1.0
0,1,0.7130253110875266
0,0,0.082
1,1,0.6680134598594879
0,0,0.43416445856787617
0,0,0.2663984849311786
1,0,0.4136606571990756
0,0,0.4161996510043284
1,1,1.0
1,0,0.20653643274223396
1,1,1.0
1,1,0.5071066624411233
0,1,0.7985298900502972
1,1,0.5838417550411342
1,1,1.0
0,1,0.5274458871662253
0,1,0.5206012913692054
1,1,0.7073447647305007
1,0,0.38825243764936024
1,0,0.35182414433706516
1,1,0.5201971080203623
0,0,0.084
1,0,0.4867921986819155
1,1,0.6310753069847213
1,0,0.4536142114081671
1,1,0.5102902435237725
1,0,0.38111176755988935
0,0,0.48913121198346254
0,1,0.6593380912124093
1,0,0.4665613285278355
0,0,0.44950214928545024
1,0,0.4514658078539743
1,1,0.5229425652346357
0,0,0.05168500039026625
0,0,0.018
1,1,1.0
1,1,0.5229425652346357
1,1,0.5135609530289467
0,0,0.48445796888904447
1,0,0.48764516612798786
1,0,0.4843844214325224
1,0,0.4597163934556409
0,1,0.5013785600596085
1,1,0.5274458871662253
1,1,0.996
0,0,0.31877584033205963
0,0,0.4425266378350777
0,0,0.3656487510132603
0,1,0.546743198847846
1,1,0.698
0,1,0.5301418892261626
0,0,0.41307362162400946
0,1,0.5102902435237725
1,0,0.4929934024441226
0,0,0.26
1,0,0.4793162539124245
1,0,0.10845780435825804
0,0,0.47618657596830494
1,0,0.4454487893273925
0,0,0.20499829864941355
0,0,0.053626872140370326
0,0,0.4240710276052274
1,0,0.24538083155195445
0,0,0.23942072298618358
0,1,0.6334342443773139
1,1,0.5820154462687706
0,0,0.4614161442494055
1,0,0.38441448749092294
1,1,1.0
0,0,0.07554013282784322
1,0,0.18502268907880376
0,0,0.3618860635650265
0,0,0.1131417653277704
0,0,0.46732386279725013
1,0,0.4536142114081671
1,1,0.5398521454336819
1,0,0.42326595206610806
0,0,0.4714752068552115
1,0,0.4791321860913771
1,1,0.6724965907691589
0,1,0.5538028633775872
1,0,0.42127638975791026
0,0,0.46685162054024915
0,0,0.034
1,0,0.07050744707368174
0,1,0.8940242326518414
0,0,0.4846550422197456
1,0,0.4433442332932364
0,1,0.5014395031010487
1,0,0.3498856564361284
0,1,0.5571812997139598
1,1,0.5958900588055257
1,0,0.4614161442494055
1,1,0.5148083908137516
0,0,0.17789383018630173
1,0,0.4846550422197456
0,0,0.39477996376752456
1,1,0.5285803243035255
0,1,0.5201971080203623
0,1,0.5608766553397652
1,0,0.39477584033205965
0,1,0.674
1,0,0.28938125769315887
0,0,0.208
0,0,0.3793771645465061
1,0,0.43731240932524224
0,1,0.5206012913692054
0,1,0.598755330115692
1,0,0.4425266378350777
1,1,1.0
0,0,0.294
0,0,0.4657854338082925
0,0,0.4530487751784647
1,1,0.9928430511475403
0,0,0.38074476384438216
1,1,0.5031810784270069
0,0,0.10684066964600247
0,0,0.35839305303887714
1,0,0.38825243764936024
1,0,0.35186700865710996
1,0,0.10158356262000436
1,1,0.6535509795653522
1,1,0.5319548068498541
0,1,0.537952724440943
0,0,0.0507262876559347
0,1,0.5062791679048926
0,0,0.148
0,1,0.5378420063746574
0,0,0.13347216571947446
1,0,0.4657854338082925
1,0,0.10567857270028377
1,0,0.4845954118410001
1,0,0.4846550422197456
0,1,0.5391036983285884
0,0,0.4846550422197456
1,1,0.964
1,1,1.0
0,0,0.462484085741534
0,0,0.234
1,0,0.32820303769673775
1,1,0.5714251596208244
0,0,0.48445796888904447
0,0,0.44950214928545024
0,0,0.12
1,0,0.48305375113730215
0,1,0.5019931156820426
1,1,0.6975477633326941
1,1,0.6640561630766315
1,1,0.5005710121715935
0,0,0.39275068996490026
1,1,1.0
1,0,0.45965815536102983
0,0,0.4400145146843432
0,1,0.5264876521265783
0,0,0.4835800032887292
0,0,0.09880693371313962
1,1,1.0
0,0,0.3673169715808501
0,1,0.6259219276462926
0,0,0.42660187285519235
0,0,0.006
1,0,0.4838314888059446
1,0,0.49171271720769577
0,1,0.5031136641615224
0,1,0.9530237998551176
1,0,0.46423277090606546
0,0,0.192
0,0,0.49886239820922595
1,1,0.537952724440943
0,0,0.48764516612798786
1,1,0.5135609530289467
0,0,0.49994549067271427
0,1,0.5140177000648697
1,1,0.5274458871662253
1,1,0.5307810956670667
1,1,0.5958900588055257
1,0,0.44950214928545024
0,1,0.5184611892327401
0,1,0.5246334455253594
0,1,0.5298929977844897
1,0,0.4838314888059446
1,1,0.5140177000648697
0,0,0.4922007930514516
1,0,0.4922007930514516
1,1,0.520155681706381
1,1,0.5391036983285884
1,0,0.42326595206610806
0,0,0.34532161400101746
0,0,0.43539204141759597
0,0,0.4750077105375299
1,0,0.48488370439453227
0,0,0.2705940402907827
0,1,0.5215153015047981
1,1,0.7617354932424637
1,1,0.6857771043177131
1,1,0.5391036983285884
0,0,0.4846803083770994
1,0,0.4846550422197456
0,1,0.5391036983285884
1,0,0.28552182503823365
0,1,0.5921313760236293
1,1,1.0
1,0,0.2452465146520065
1,0,0.43731240932524224
0,1,0.5600755045559667
0,1,0.5238684645228838
0,1,0.5608766553397652
1,0,0.4157865934965919
0,1,0.8109682291275485
0,1,0.5540997439104628
1,1,0.5501598917490345
1,1,1.0
1,0,0.443920492709735
1,1,0.5195556111422631
0,0,0.42198403317599587
1,0,0.3122332896193267
0,1,0.5687542544962694
1,1,0.5135609530289467
1,0,0.49456702806227304
1,0,0.4524968442818173
1,0,0.05991502371685761
0,0,0.46151934508981374
0,1,0.645535368394092
0,0,0.4933815720306598
1,1,0.5501598917490345
0,0,0.4750077105375299
0,1,0.580006052493627
1,0,0.3362130572428351
0,0,0.16
1,0,0.4517559874158101
1,0,0.27
0,0,0.44950214928545024
0,0,0.09880693371313962
0,1,0.5062791679048926
1,0,0.46982211567338034
0,1,0.542788510900197
1,0,0.23608952632693722
0,0,0.3918587575056595
0,0,0.19948666879320426
1,0,0.46982211567338034
1,1,0.766250894457368
1,0,0.3764138586060515
1,1,1.0
1,1,0.6053653940924383
0,0,0.49579009920675504
1,1,0.5109869751652479
0,1,0.7978185941194665
0,0,0.3122332896193267
0,0,0.21165301945824094
0,0,0.4866938206929386
0,1,0.6977295920241963
1,1,0.5475407875117035
1,1,0.5099706816256824
1,0,0.47203741452604653
0,1,0.5842163121289926
1,1,1.0
0,0,0.3558240923459493
0,0,0.42005640434688957
0,0,0.3250186269049379
1,0,0.184
0,1,0.5062091004224261
0,0,0.48488370439453227
1,0,0.48445796888904447
0,1,0.504
1,0,0.038
1,0,0.48488370439453227
1,0,0.4781771771504908
1,1,0.559703873658309
0,0,0.47117479526733574
0,0,0.25433913036135075
0,1,0.6053653940924383
0,0,0.46151934508981374
0,0,0.044
1,0,0.4174899024020761
0,0,0.49164486014771697
0,0,0.36208022444993126
1,0,0.018
0,0,0.3809649963081923
1,1,0.628878904404742
1,0,0.3601532250042887
0,0,0.43617285783984877
0,0,0.4846550422197456
0,1,0.520155681706381
1,1,0.5148083908137516
0,1,0.5501598917490345
1,0,0.19604021314500483
0,0,0.48389757818469803
0,0,0.12008834776808236
1,1,0.6131157024964732
0,0,0.297310658933779
0,0,0.14836798896359968
1,0,0.2606534887287119
1,1,0.5005710121715935
1,1,0.5102902435237725
1,1,0.9589097921095676
1,0,0.46685162054024915
0,1,0.5264876521265783
0,0,0.2202731573259547
0,0,0.185670521045955
1,0,0.4586471894326953
0,0,0.2412848833211323
0,1,0.7458222234359824
0,1,0.5012499543724142
1,0,0.4944048956969496
0,0,0.3100726152285002
0,1,0.5206012913692054
0,0,0.32820303769673775
0,0,0.48764516612798786
0,0,0.4706967916235123
0,1,0.5370622417092503
0,0,0.4586471894326953
1,0,0.34692778708682687
0,1,0.607117989854242
1,1,0.5274458871662253
0,0,0.46685162054024915
0,0,0.21335787297903017
0,0,0.44950214928545024
0,1,0.6130398985300493
1,1,0.6965582700241513
0,1,0.5391036983285884
0,0,0.244
1,0,0.4044843348585801
0,0,0.22719188135820667
0,0,0.4571309652568444
0,1,0.5429481376599417
0,0,0.38654898866468895
1,1,0.5508545709393048
1,1,0.5501598917490345
0,0,0.45068161869247564
0,1,0.520155681706381
0,1,0.5644590578433407
1,1,1.0
1,0,0.4399746863229401
0,0,0.47628215384141365
1,0,0.468841408237262
0,1,0.8655516806641195
1,1,0.5322324356508161
0,0,0.4425266378350777
0,1,0.5062551569469426
1,0,0.48305375113730215
1,1,1.0
0,1,0.5168908312977021
0,0,0.4586471894326953
1,0,0.47164343426198585
0,0,0.47628215384141365
0,1,0.5135609530289467
0,0,0.332
0,0,0.32511996650813796
0,1,0.5398567345685806
1,0,0.46303012728380716
0,1,0.5076741198716426
0,1,0.8575751356232505
1,0,0.22995815675429154
0,0,0.4208154019456053
0,0,0.3042100847093735
1,1,0.5298929977844897
1,1,0.5062551569469426
1,1,0.5710746284531442
0,0,0.48573334785029304
0,0,0.13810754105791126
1,0,0.48913121198346254
1,0,0.4164432258744584
1,0,0.4922007930514516
1,0,0.4750077105375299
0,1,0.5206012913692054
0,1,0.5209119340344573
0,0,0.3264992430521079
1,0,0.106
0,1,0.5168908312977021
1,1,1.0
1,1,1.0
1,0,0.40029000390381814
0,1,0.5301418892261626
1,1,0.8671043062631569
1,1,0.5062551569469426
1,1,1.0
0,1,0.5148083908137516
0,0,0.43731240932524224
0,0,0.48646762939111754
0,0,0.4816055454021122
0,0,0.47487596818877464
1,1,1.0
1,0,0.47850032451268387
1,0,0.38382557194849576
1,0,0.4737871175321619
0,0,0.4365350224090678
0,0,0.038
0,0,0.33476511428038
1,1,0.5148083908137516
1,1,0.9239376748521695
1,0,0.4972404240178591
0,0,0.43731240932524224
1,1,0.5355129192014143
1,0,0.48488370439453227
0,0,0.222
1,0,0.4737871175321619
0,0,0.4208154019456053
0,0,0.49456702806227304
0,1,0.5398567345685806
0,1,0.5520817462195456
1,1,0.9701636053087535
1,1,0.5710746284531442
1,0,0.44950214928545024
0,1,0.5479401450999355
1,0,0.3764627968101664
0,0,0.4846550422197456
0,0,0.48764516612798786
1,1,0.5524644073553298
0,0,0.018075503877107622
0,1,0.5148083908137516
0,0,0.4846550422197456
0,0,0.19440430877713782
1,0,0.4828910212809668
1,0,0.4425266378350777
0,0,0.2669544979556107
1,0,0.43876832067697363
0,0,0.4304938822931777
1,1,0.5184611892327401
1,1,0.998
0,1,0.5898749495808789
0,0,0.4910703178175632
0,1,0.5148083908137516
0,0,0.04
1,0,0.44076350182436813
0,1,0.5501598917490345
1,0,0.4425266378350777
0,1,0.7339729572177394
0,0,0.4991985733251133
1,1,1.0
0,1,0.5776212666274372
1,0,0.4534929831632774
0,0,0.48913121198346254
1,1,0.5477594440509158
1,1,1.0
1,1,0.5031136641615224
1,0,0.2100606762369834
0,0,0.26989488688803503
0,1,0.7458222234359824
0,0,0.268075389194276
0,1,0.672392731771495
1,0,0.4650308863897078
1,0,0.3498750300161395
0,0,0.3443066320683483
0,0,0.09111798985424206
0,1,0.5041457495382529
0,0,0.34709121773464346
0,0,0.47926358099584965
0,1,0.6185219557763094
0,1,0.5410227754434169
0,0,0.4737871175321619
0,1,0.6645712412834224
0,1,0.5148511997544535
0,1,0.5206012913692054
0,0,0.18472767340617383
0,0,0.21335787297903017
1,1,0.5161277911284329
0,1,0.5161277911284329
1,0,0.3646010425542191
0,0,0.46123472806601024
0,1,0.5229069104382628
0,1,0.5501598917490345
0,1,0.666740306773469
1,1,0.5095088662355254
1,0,0.49171271720769577
1,0,0.4524968442818173
1,0,0.4846550422197456
0,0,0.32144411873035433
0,0,0.49456702806227304
0,0,0.48913121198346254
0,0,0.4990937612427997
1,0,0.35815281846623853
1,1,1.0
0,1,0.5226611005321335
0,1,0.5319683224914818
0,0,0.46252547144969347
0,1,0.699048196730514
1,1,0.5041457495382529
1,0,0.46151934508981374
0,1,0.5229425652346357
0,0,0.202
1,0,0.4036283462416651
0,0,0.27862362755423425
1,1,1.0
1,1,1.0
0,0,0.47628215384141365
0,0,0.44776508807210663
0,0,0.48913121198346254
0,0,0.29297627185679703
1,1,1.0
0,0,0.47267523758154817
0,1,0.543319433170877
1,1,0.998
0,1,0.5319548068498541
1,0,0.2862081274214768
0,0,0.06784209278719906
0,1,0.5041457495382529
0,1,0.6046547101671703
1,0,0.48889679252917595
1,1,0.5144574971134271
0,1,0.5076741198716426
1,0,0.4828910212809668
1,0,0.41921253146323095
1,0,0.182
1,1,1.0
0,0,0.25398651700580793
1,0,0.035949898091769246
1,0,0.4974366520219489
1,1,1.0
0,0,0.35010342243069176
1,0,0.26561122820022653
0,0,0.4838314888059446
0,1,0.7885659814008418
1,1,0.984
0,1,0.5274458871662253
0,0,0.41341717301667974
1,0,0.1447310916843804
0,0,0.4922007930514516
0,0,0.0749092984886681
1,0,0.2278715667591369
0,0,0.188
1,1,0.5168908312977021
0,0,0.20003751490552618
1,0,0.46423277090606546
1,1,1.0
1,1,0.6416333645115374
1,1,0.5554050485776428
1,0,0.46001664325981595
0,0,0.4318195423284885
1,0,0.4779325790026912
1,1,1.0
1,0,0.07553390202786885
1,1,1.0
1,1,0.5161277911284329
0,1,0.5031136641615224
0,0,0.4433442332932364
1,0,0.4454487893273925
1,1,0.5702995868798902
1,0,0.2906512143446324
0,1,0.5298929977844897
0,0,0.15559805182770783
1,1,0.5454806148347662
1,1,0.5391036983285884
1,0,0.002
1,1,1.0
0,0,0.4536142114081671
0,1,0.6100436427030819
0,0,0.2736844333548733
1,0,0.40632844841524735
1,0,0.44950214928545024
0,0,0.48671080518536497
1,1,0.5298929977844897
0,0,0.28060842423585397
1,1,0.5005710121715935
1,1,0.5288197753589837
1,0,0.36721963159351284
0,1,0.6946524708929869
1,1,0.6905125921126188
0,1,0.590824129052898
1,1,0.5935415148228974
1,1,0.5095088662355254
0,0,0.33890280094923847
0,1,0.6323502521862804
0,0,0.49171271720769577
0,0,0.008
0,0,0.48305375113730215
1,0,0.2972149990290898
0,0,0.48655223423155586
0,0,0.2810178069973182
1,0,0.46635409515567156
0,1,0.5041457495382529
0,0,0.08314723730066145
1,0,0.112
1,1,0.5505390467123841
0,1,0.5828241565430328
0,0,0.054
1,1,1.0
1,0,0.2942847425469373
0,0,0.4657854338082925
0,0,0.24302021163280899
1,0,0.45901950376428874
0,0,0.47618657596830494
0,0,0.328
1,1,1.0
1,1,0.5478666080418308
0,1,0.5419557611748552
0,1,0.5420277534227143
0,0,0.002
0,0,0.35647411763358944
1,1,0.521213248302004
0,0,0.306177602910787
1,1,1.0
0,0,0.4846550422197456
0,0,0.044
0,0,0.48913121198346254
0,0,0.4329489177732665
1,1,0.666
0,1,0.5161277911284329
0,1,0.5238684645228838
0,0,0.01112413456047405
1,0,0.11678158682903066
0,0,0.4614161442494055
0,1,0.523857398414961
1,0,0.49579009920675504
0,0,0.06515059522281606
0,0,0.49119239005837234
0,1,0.8312087191370718
0,0,0.1390118200405438
1,0,0.08147282209601821
0,1,0.5149715380244776
1,0,0.433417075080916
1,1,1.0
0,0,0.023224901856396588
0,1,0.5041457495382529
1,1,0.5229425652346357
1,1,1.0
1,0,0.29242333309181207
0,0,0.49456702806227304
1,0,0.06069753021861216
1,1,0.5003236005797772
1,0,0.4944048956969496
0,1,0.5095088662355254
0,1,0.51923014515746
0,0,0.44776508807210663
0,0,0.4597163934556409
0,1,0.5644590578433407
1,0,0.22739766052693342
0,0,0.4944048956969496
0,0,0.4514109008572663
1,1,0.5005710121715935
1,0,0.468841408237262
0,1,0.546024684863834
1,0,0.3360805554847807
1,0,0.4476417175568387
0,1,0.5008616683452152
1,1,0.88
0,0,0.37142127508192113
1,1,0.5168908312977021
1,0,0.47164343426198585
1,1,0.54171470629203
1,1,0.8366360693888781
0,0,0.018
0,1,0.5221259513988297
0,0,0.16463273562357597
0,0,0.09636817927225595
0,1,0.5264876521265783
0,1,0.5255509984404407
1,0,0.4090540168649377
1,0,0.41131803305969517
0,1,0.5227325470323655
0,0,0.014
0,1,0.5062551569469426
1,0,0.29410954782785476
1,0,0.3252357304055182
1,1,1.0
1,1,0.5229425652346357
0,1,0.5206012913692054
0,0,0.3328010477058651
0,0,0.4816055454021122
0,1,0.5041457495382529
0,0,0.46685162054024915
0,1,0.6053653940924383
0,0,0.136
1,0,0.3422370874781047
0,1,0.5805381842618853
0,0,0.4497511097808363
1,1,0.5805381842618853
0,0,0.2944304162321001
0,1,0.7024713807139599
1,1,0.994
0,0,0.3472935377205698
1,0,0.3371179898542421
0,0,0.3122332896193267
0,0,0.44553403530117874
0,0,0.49301185059592867
1,1,0.6120622823313051
1,1,0.5168908312977021
0,1,0.523696024714689
0,1,0.5546291780769825
0,1,0.5274458871662253
0,1,0.5062551569469426
0,0,0.42326595206610806
1,0,0.09
1,1,0.5320316897957857
0,1,0.5161277911284329
1,1,0.7394018113897922
0,0,0.45965815536102983
1,1,1.0
0,1,0.5008616683452152
0,0,0.4846550422197456
1,0,0.49579009920675504
1,1,0.5008616683452152
1,1,1.0
0,1,0.6107962186998773
1,0,0.2081296458015925
1,1,0.5227325470323655
0,1,0.5285201745573098
0,0,0.4433442332932364
0,0,0.01538035568505511
0,0,0.16109831930638238
1,1,0.5076741198716426
1,0,0.010594040290782722
0,0,0.4514109008572663
1,1,0.5687542544962694
0,0,0.1144179961214109
1,1,1.0
1,0,0.4614161442494055
0,0,0.16
1,1,0.5301418892261626
1,1,0.5288197753589837
0,1,0.7010697939197165
1,0,0.468841408237262
1,0,0.176
1,1,0.5186175984546153
0,0,0.43316398580514837
0,0,0.4860395113900581
0,0,0.4846550422197456
0,1,0.5031136641615224
0,0,0.23558924805775572
0,0,0.0925522342315559
1,1,0.5554050485776428
0,0,0.05586824212317844
0,0,0.488
0,1,0.5315390255484721
0,1,0.5992081077565476
0,1,0.5161277911284329
0,0,0.054
1,1,0.5429481376599417
0,0,0.43687509100515526
0,0,0.24773340098991306
0,0,0.4990937612427997
0,0,0.28811309088756254
1,1,1.0
1,0,0.4791321860913771
1,0,0.3682276249701689
0,1,0.5140177000648697
0,0,0.09211746074491124
1,1,1.0
1,0,0.1759406299885509
1,0,0.206
1,1,0.520155681706381
0,0,0.4202450430251298
0,0,0.20511798985424207
1,1,0.6726252121062642
0,0,0.23029085026495585
0,0,0.32410348847627724
1,1,1.0
0,1,0.5260908323545981
0,1,0.5013785600596085
1,1,1.0
1,1,0.5062791679048926
0,0,0.242
0,0,0.3930395273757744
1,0,0.114
0,1,0.5076741198716426
0,0,0.1411721992063249
1,1,0.5165159489951439
1,0,0.1925860301001311
0,1,0.5501598917490345
1,1,1.0
0,1,0.7986084911828498
1,1,1.0
0,1,0.6297153426496257
1,0,0.47628215384141365
1,1,0.5201971080203623
0,0,0.4665613285278355
1,0,0.45901950376428874
0,0,0.2968178354649955
1,0,0.48913121198346254
0,1,0.9092921541475836
0,1,0.8267712741257787
1,1,1.0
0,1,0.5446153923852054
1,0,0.4779325790026912
0,1,0.915190027285014
0,1,0.5745562118342263
0,0,0.2616698874529456
1,0,0.37490339873086514
0,0,0.09677828399496419
1,0,0.43517347510535204
1,0,0.43687509100515526
1,1,1.0
0,0,0.44498691777773147
0,0,0.48764516612798786
1,0,0.4750077105375299
0,0,0.48764516612798786
0,0,0.05
0,1,0.5264876521265783
1,1,1.0
1,0,0.04569994770084613
0,0,0.4922007930514516
1,1,0.5005710121715935
0,0,0.018
0,1,0.5660071464787573
0,1,0.645535368394092
0,0,0.4599287267677158
0,1,0.5848468204226454
1,0,0.4904042760406463
1,0,0.45965815536102983
1,1,1.0
1,1,0.6724965907691589
1,0,0.176
1,0,0.17668234108649877
1,1,0.5274458871662253
0,0,0.4614161442494055
1,1,0.5201971080203623
0,0,0.4816055454021122
0,0,0.11941188126868478
1,0,0.2607135861531579
1,1,1.0
1,1,0.6006709108214805
0,0,0.3875167077228585
1,1,1.0
1,1,0.7011557400476611
0,1,0.5419557611748552
1,1,0.6833055037699524
1,1,1.0
0,1,0.5148083908137516
1,1,1.0
1,0,0.3357315147854387
0,1,0.5480439226983346
0,0,0.396
0,0,0.002
0,0,0.45965815536102983
1,1,0.890038700318211
1,0,0.47164343426198585
0,1,0.738
1,1,0.5805381842618853
1,1,0.5518544189074571
0,0,0.018
1,1,0.5391036983285884
1,0,0.4123166626676009
0,1,0.519101385594176
0,1,0.5206012913692054
0,0,0.13609278964693636
0,0,0.44776508807210663
0,0,0.124
0,0,0.4571309652568444
0,0,0.4657854338082925
1,0,0.03465980344737524
0,0,0.4657854338082925
0,0,0.36721963159351284
0,1,0.5161277911284329
1,1,0.5165159489951439
0,0,0.3809649963081923
1,0,0.45643219026854936
0,1,0.5135609530289467
0,0,0.4846550422197456
0,0,0.14258418372972143
0,1,0.5005710121715935
0,0,0.48573334785029304
1,0,0.4536142114081671
1,0,0.1307814181001767
1,0,0.38319707734020275
1,0,0.4828910212809668
1,0,0.4818662294014451
0,0,0.49456702806227304
0,0,0.49171271720769577
0,0,0.228
0,0,0.4604451244206079
1,0,0.4614161442494055
0,1,0.5201971080203623
1,1,0.6864324343698478
0,0,0.24540323298314742
1,1,0.5041457495382529
1,1,0.5233753470611903
0,0,0.02
0,0,0.47628215384141365
0,0,0.41877487116452883
1,0,0.48958817824574974
0,0,0.182
0,1,0.5198361893063094
0,0,0.48445796888904447
1,0,0.48764516612798786
0,0,0.1529978505393838
1,1,0.645535368394092
0,1,0.5144574971134271
0,0,0.4737871175321619
1,1,1.0
1,0,0.4514109008572663
0,1,0.6866239820220666
1,1,0.5436460296026628
1,1,0.6680134598594879
1,1,0.5978609907482153
0,0,0.44950214928545024
1,0,0.4828910212809668
0,0,0.35992621521391344
1,0,0.4571309652568444
0,0,0.4090540168649377
1,0,0.4044843348585801
1,0,0.2304325430267274
0,0,0.46273187037322155
1,1,0.6497665162536251
1,0,0.46423277090606546
1,1,1.0
1,1,1.0
1,0,0.4433442332932364
0,1,0.5227325470323655
0,0,0.39711798985424207
0,0,0.4489019177894239
0,0,0.18677584033205966
0,0,0.48573334785029304
0,1,0.5412118027343137
0,1,0.5062091004224261
0,1,0.7794603062668356
1,0,0.050259800481681355
1,1,0.5148083908137516
0,0,0.22815809456288244
0,0,0.4175563662791982
0,1,0.5227325470323655
1,1,0.7727758403320597
1,0,0.3713810698899477
0,0,0.26057785860816357
0,1,0.5148083908137516
0,0,0.11005571680427796
0,0,0.4322725601657114
0,1,0.5161277911284329
1,0,0.4910703178175632
0,1,0.5307810956670667
0,0,0.46151934508981374
0,1,0.5294784893914873
0,0,0.47117479526733574
1,1,1.0
0,0,0.4846550422197456
0,1,0.5095088662355254
0,1,0.5546291780769825
0,0,0.4614161442494055
1,1,0.7673217226339762
1,0,0.468841408237262
1,1,0.998
0,0,0.48764516612798786
0,1,0.5229425652346357
1,0,0.4208154019456053
0,1,0.6170897021215733
0,0,0.2942847425469373
0,0,0.36025884366143607
1,0,0.47628215384141365
1,1,1.0
0,0,0.433417075080916
1,0,0.3313723669538184
0,0,0.4315935851521222
0,0,0.46252547144969347
1,0,0.44735835143181435
0,0,0.48488370439453227
0,0,0.47628215384141365
0,1,0.5974129891786553
1,1,1.0
0,1,0.5315390255484721
1,0,0.194
1,1,0.543319433170877
1,1,0.521213248302004
0,1,0.6009362766952161
1,0,0.48305375113730215
0,0,0.1368431114904137
0,0,0.011117989854242073
0,1,0.591787744182338
0,1,0.5501598917490345
0,0,0.4514109008572663
1,0,0.39252680384365385
1,0,0.3743185215715112
0,1,0.5062791679048926
0,1,0.6815100480997492
0,0,0.479283276840702
1,1,0.545111659622157
1,0,0.49448062507050894
0,0,0.4263220851982009
0,1,0.6120793911789207
1,0,0.49886239820922595
0,0,0.31693110094678645
1,0,0.4614161442494055
0,1,0.5161277911284329
1,0,0.1774773928063061
1,0,0.19741875946666335
1,1,0.5446153923852054
1,0,0.005443487629149359
1,0,0.24467197057601106
0,0,0.2294948517870951
1,1,0.5921313760236293
0,0,0.3691236780364918
1,0,0.002
0,1,0.9589097921095676
1,0,0.4433442332932364
1,1,1.0
1,1,1.0
0,0,0.108
0,0,0.208583788339729
1,0,0.1793982075469937
1,1,0.6453539695627262
0,1,0.5184611892327401
0,0,0.49579009920675504
0,1,0.5229425652346357
1,0,0.126
0,0,0.246
1,1,0.519456677464264
0,1,0.6297153426496257
1,0,0.48786722992733145
0,1,0.5387972424274352
0,0,0.2554769008361869
1,0,0.47627725329892534
0,1,0.5298929977844897
1,0,0.46151934508981374
1,0,0.4922007930514516
0,1,0.5463310605763452
0,1,0.5398567345685806
0,0,0.4916612256257442
0,0,0.36911012655406916
1,0,0.024706774593285696
0,1,0.5591476168921041
0,0,0.4164432258744584
0,1,0.645535368394092
0,0,0.018
0,1,0.5429481376599417
1,0,0.4174899024020761
0,0,0.17906098902903228
1,0,0.44776508807210663
0,1,0.5578951737497669
0,0,0.49790326367911564
1,0,0.19567022408579798
0,1,0.5500711816387502
1,0,0.33190524956580236
0,1,0.5274037271396327
0,0,0.46391155116377414
0,0,0.4556246111274871
0,0,0.3261173553631438
0,1,0.6055438731932581
0,1,0.5421303914329079
1,0,0.4737871175321619
0,1,0.7309335019117188
1,1,0.5419557611748552
1,0,0.44602484359760636
0,0,0.44950214928545024
1,0,0.4828910212809668
0,1,0.8200473115641502
0,1,0.5062551569469426
1,0,0.4860395113900581
0,1,0.5398947223269513
0,0,0.4990937612427997
1,1,0.5301418892261626
1,1,1.0
1,1,0.9458959334221172
0,1,0.5028002029334034
0,0,0.4208154019456053
0,0,0.18711798985424208
0,0,0.02
1,0,0.47764082630855387
1,0,0.03358181855185886
1,1,0.9118741775741538
0,0,0.4614161442494055
0,0,0.008
0,1,0.5062091004224261
1,0,0.1986665281006355
0,1,0.8369002645433321
0,1,0.5546291780769825
0,1,0.5201971080203623
0,0,0.4781771771504908
0,1,0.5315390255484721
0,1,0.6304549426619996
0,1,0.5285803243035255
1,1,0.5526259769017853
0,1,0.5410227754434169
1,1,1.0
0,0,0.4175563662791982
1,0,0.3475127131219453
1,0,0.03358356262000436
1,1,0.5274458871662253
1,0,0.34924584490791694
0,0,0.4750077105375299
0,0,0.37588280635278565
0,0,0.48488370439453227
0,1,0.5398567345685806
1,0,0.46178844918451295
0,1,0.5417192929707766
0,0,0.0
0,0,0.44000169532150885
1,1,0.6780615072319008
1,0,0.36
0,1,0.5322324356508161
1,1,0.7096876510105363
1,1,0.5062551569469426
0,0,0.49448062507050894
0,1,0.6339974858441646
1,1,1.0
0,1,0.5475407875117035
0,0,0.4697383445553928
1,0,0.13202329648330446
1,0,0.029117018613363566
0,0,0.043789906189491544
0,0,0.2794184546496505
0,1,0.6107962186998773
1,0,0.43687509100515526
1,0,0.3224569341514602
0,0,0.4846550422197456
1,1,1.0
1,0,0.025573282188734316
1,0,0.06761120814098222
0,1,0.5222100847093735
0,1,0.7433291178689082
0,0,0.4614161442494055
1,0,0.098
0,0,0.322729774318756
0,0,0.4522840042873355
0,1,0.647631454609561
1,1,0.56
0,0,0.4910703178175632
0,1,0.8636787096351876
0,0,0.4586471894326953
0,1,0.5226611005321335
1,0,0.44810840746526387
1,0,0.4322725601657114
0,1,0.855036565303431
1,0,0.39457283549883226
1,1,1.0
0,0,0.01538035568505511
1,0,0.3500788102298581
1,0,0.424
0,1,0.5391036983285884
1,0,0.4750077105375299
1,1,1.0
0,1,0.5391036983285884
0,1,0.5140177000648697
0,1,0.672392731771495
1,1,1.0
0,0,0.102
0,1,0.539572910930673
0,1,0.5030472089920336
0,0,0.48445796888904447
1,0,0.1391480286055789
1,0,0.12632715316683282
0,1,0.508329736829054
0,0,0.01858623189476456
1,1,1.0
0,0,0.198
0,0,0.09183943173496947
0,1,0.5005710121715935
0,0,0.4425266378350777
1,1,1.0
0,0,0.48071039105048385
1,0,0.48573334785029304
0,0,0.4642926868866616
0,1,0.5041457495382529
1,1,1.0
0,1,0.5644590578433407
1,0,0.38015977129612927
0,0,0.0
0,1,0.5013785600596085
0,0,0.45437477955443434
0,0,0.49456702806227304
0,0,0.12001846221278324
0,0,0.16
1,0,0.032
1,0,0.4372978448971589
1,1,0.5563121474199869
1,0,0.4737871175321619
0,1,0.5595582326658877
1,0,0.49463580028377646
1,0,0.2735980890681532
1,1,1.0
0,1,0.5404575636614277
1,0,0.47618657596830494
1,0,0.13799180237533978
0,1,0.7096326474467505
1,1,0.5184611892327401
0,0,0.49768904978934986
0,1,0.521213248302004
1,1,0.5301418892261626
1,1,0.5008616683452152
0,0,0.37490339873086514
0,0,0.14570925232237056
0,0,0.45437477955443434
1,1,0.5761376105790003
0,0,0.23665174419289275
1,0,0.48764516612798786
1,0,0.38689557008813197
0,0,0.41131803305969517
0,1,0.5391036983285884
0,0,0.44810840746526387
0,0,0.33205782122499367
0,0,0.0
0,0,0.218
1,1,1.0
0,1,0.574668822712649
0,0,0.4322725601657114
0,1,0.666
0,0,0.0006443714156840003
0,1,0.5206012913692054
0,0,0.3475127131219453
1,1,0.5148083908137516
1,0,0.48573334785029304
1,1,0.5041457495382529
1,0,0.4586471894326953
0,0,0.4846550422197456
1,0,0.4690371103618516
0,0,0.49886239820922595
0,0,0.29670351612643037
0,0,0.21017178863419544
0,0,0.4846550422197456
0,0,0.27111798985424207
0,1,0.5319548068498541
0,0,0.13789383018630172
0,0,0.002
1,0,0.3892460704037963
0,0,0.48573334785029304
1,0,0.49295965076484877
1,0,0.47822016510500465
0,1,0.5180276523965016
0,0,0.06999865750573916
1,1,0.7475494034317148
0,1,0.5000431516042424
0,1,0.5454806148347662
0,1,0.5501598917490345
0,0,0.4796492602518468
0,0,0.4206317082200886
1,1,0.7094171005235402
0,1,0.5041457495382529
0,1,0.520155681706381
0,1,0.6271691517621749
0,0,0.19
0,1,0.5838417550411342
0,0,0.02944068000339975
0,1,0.7789896640557102
0,1,0.8640284881538913
0,0,0.46635409515567156
1,0,0.11077584033205966
0,0,0.4536142114081671
0,0,0.4858245227197598
1,1,0.5148083908137516
0,1,0.703312796382851
0,1,0.5062551569469426
1,0,0.3287542199657204
1,1,0.5561066414508239
1,1,0.5894280109966074
1,1,0.7978597753144566
0,0,0.042
1,0,0.45901950376428874
1,0,0.3697133725147902
0,1,0.6676156118662823
0,1,0.5554050485776428
0,1,0.5315390255484721
0,1,0.5246334455253594
0,0,0.05311950079452705
0,1,0.7421921399843031
1,1,0.998
1,1,0.9405789585363301
1,1,0.5062551569469426
1,0,0.35010342243069176
1,0,0.48573334785029304
0,0,0.4796492602518468
0,1,0.7202450510572628
1,0,0.39477996376752456
1,1,0.88
0,1,0.5226611005321335
0,1,0.5260711927674411
0,1,0.65210662863959
1,1,0.5198361893063094
1,1,1.0
0,1,0.5327991178893623
0,0,0.46584377615661976
1,0,0.4527228163898198
0,1,0.5033443043853133
0,1,0.5229425652346357
0,1,0.5021634125160301
1,0,0.36092341725298566
0,1,0.5307810956670667
1,1,1.0
1,0,0.008477784173787667
0,0,0.006
1,1,0.519456677464264
1,1,0.5702995868798902
1,0,0.4552683664975733
1,1,1.0
0,0,0.38015977129612927
1,1,0.5875833166471756
0,0,0.49768904978934986
1,1,0.5446153923852054
0,0,0.38401868199547246
0,0,0.162
1,1,0.6107962186998773
0,1,0.9239972867703566
1,1,0.5144574971134271
1,1,0.5030472089920336
0,0,0.43687509100515526
1,0,0.41307362162400946
0,1,0.5404575636614277
0,0,0.4208188184288812
1,1,1.0
0,0,0.10243547009400555
1,1,1.0
0,0,0.4750077105375299
1,0,0.338
0,1,0.521213248302004
0,0,0.4208154019456053
0,0,0.18311798985424207
0,1,0.5041457495382529
1,0,0.4846550422197456
0,1,0.580006052493627
1,1,1.0
1,0,0.4944048956969496
0,1,0.6501531019000796
1,0,0.4796492602518468
0,0,0.46584377615661976
0,0,0.4709017450920481
1,0,0.4476417175568387
1,0,0.4425266378350777
1,0,0.39999425601581284
1,1,0.5041457495382529
0,1,0.5307185131626951
0,0,0.49768904978934986
0,0,0.12958392897829646
0,0,0.4737871175321619
0,0,0.4846550422197456
1,0,0.005328130941094057
0,1,0.5168908312977021
1,1,0.6241817656513744
0,0,0.41307362162400946
1,1,1.0
1,1,0.998
0,1,0.5440037508363478
0,1,0.5131509117186277
1,0,0.46178844918451295
0,1,0.5546291780769825
1,0,0.4791321860913771
1,0,0.48764516612798786
1,1,0.580006052493627
1,1,1.0
1,0,0.08637496639159492
1,1,0.5760050255158246
1,0,0.4796492602518468
0,0,0.4607605452959193
0,0,0.4684559412162409
0,0,0.29143424437731386
1,0,0.1465940402907827
1,0,0.28332062220844767
0,0,0.19766796916777496
0,0,0.4552683664975733
0,0,0.01470040955578037
0,1,0.6715684193247957
0,0,0.49691814636016446
1,0,0.37439515467722884
0,0,0.46635409515567156
1,0,0.49171271720769577
0,1,0.5249686453703476
0,1,0.5161277911284329
0,0,0.2554769008361869
0,0,0.41677584033205967
0,1,0.6497671946694086
1,0,0.4671236522841531
1,1,0.5161277911284329
0,0,0.4671236522841531
1,1,0.7601792169614563
1,1,1.0
0,0,0.37811821787055727
1,1,0.7052653183136367
0,0,0.49691814636016446
0,0,0.134
0,0,0.4185738259399454
1,0,0.4425266378350777
1,0,0.462484085741534
0,0,0.4697383445553928
0,0,0.4486735772802837
1,1,1.0
1,0,0.37493618305092385
1,0,0.49366174624760706
1,1,1.0
0,0,0.49327742109812145
1,0,0.4860395113900581
0,0,0.46252547144969347
0,1,0.5140177000648697
0,0,0.45722320411573014
1,0,0.4571309652568444
1,1,1.0
1,1,1.0
1,1,0.6640561630766315
1,0,0.021893830186301734
1,0,0.49768904978934986
0,0,0.46732386279725013
1,0,0.4536142114081671
0,1,0.521213248302004
1,1,0.5274458871662253
0,0,0.2683400679847001
1,1,0.5206012913692054
0,0,0.4015729644575041
1,1,0.5315390255484721
0,0,0.48913121198346254
0,0,0.264
0,0,0.48764516612798786
0,0,0.3686828366044972
0,0,0.39851850159999064
1,1,1.0
0,1,0.7896492705137228
1,1,1.0
0,1,0.5319548068498541
0,0,0.45901950376428874
0,1,0.7563907879398951
1,0,0.4175563662791982
1,1,0.95
0,0,0.4222407334782297
1,0,0.4185738259399454
1,1,0.6313685646300886
0,0,0.1026411668579826
0,0,0.49119239005837234
0,0,0.02
1,0,0.10885792533546841
0,1,0.574668822712649
0,0,0.21545427423964722
0,1,0.5013785600596085
0,0,0.49886239820922595
0,0,0.45965815536102983
0,0,0.46252547144969347
0,1,0.5457352943870146
1,0,0.468841408237262
0,1,0.5805381842618853
1,0,0.47203741452604653
0,0,0.068
0,0,0.34078543407502665
1,1,0.5148083908137516
1,0,0.4933815720306598
0,0,0.30102255857028126
0,1,0.5322324356508161
0,1,0.6877133725147903
0,0,0.051221904749917314
0,1,0.5315390255484721
0,0,0.26261558837356247
1,0,0.4185738259399454
1,0,0.4838521860539047
0,0,0.1272577357717422
1,0,0.4036283462416651
0,0,0.4164432258744584
0,0,0.47487596818877464
1,0,0.4779325790026912
0,1,0.5307810956670667
1,0,0.12552437725432436
0,0,0.4990937612427997
0,0,0.006
0,0,0.4910703178175632
1,1,0.6201761437160429
1,0,0.18284377618491182
0,1,0.5195556111422631
0,0,0.468841408237262
1,0,0.4791321860913771
0,0,0.355745477202902
0,0,0.096
0,0,0.012
1,1,1.0
0,1,0.7760278050540812
0,0,0.3691236780364918
1,1,0.5148083908137516
1,1,0.574668822712649
1,1,0.580006052493627
1,0,0.4208154019456053
1,1,1.0
0,1,0.5978609907482153
1,0,0.10558545010118081
1,0,0.4858245227197598
0,0,0.4614161442494055
0,0,0.066
0,1,0.6401095739404383
0,1,0.5319548068498541
1,0,0.3691236780364918
1,0,0.09423134437638067
1,0,0.49886239820922595
1,0,0.46252547144969347
1,1,1.0
0,0,0.04993325331398069
0,0,0.48913121198346254
0,1,0.5095088662355254
0,1,0.6965821939651257
0,0,0.002
1,1,0.5315390255484721
0,1,0.5148083908137516
1,0,0.4749545471405541
1,0,0.49579009920675504
0,0,0.4782685966288142
0,1,0.5198361893063094
0,0,0.4546355352690508
0,0,0.46423277090606546
0,0,0.468841408237262
0,0,0.4839656760815687
1,1,1.0
0,0,0.47618657596830494
1,0,0.06713008921896349
1,0,0.39457283549883226
1,1,0.5227325470323655
0,0,0.4850540349603604
0,1,0.5259103196815872
0,0,0.3538938301863017
0,1,0.7896492705137228
0,0,0.1925860301001311
0,0,0.4536142114081671
0,1,0.5284710673012118
1,1,0.5161277911284329
0,1,0.5041457495382529
0,0,0.4433442332932364
1,0,0.4614161442494055
0,1,0.5148083908137516
1,1,0.5168908312977021
1,1,0.5041457495382529
1,0,0.346
0,0,0.48488370439453227
1,0,0.19310930464792983
0,0,0.059703720950589366
1,1,1.0
0,1,0.543319433170877
0,1,0.5429481376599417
0,1,0.5062791679048926
1,1,1.0
0,0,0.4092066882980152
0,0,0.43687509100515526
0,0,0.4536142114081671
0,1,0.5597456689450586
1,0,0.36900222289666224
0,0,0.44950214928545024
0,1,0.5148511997544535
1,0,0.48764516612798786
0,1,0.521213248302004
0,0,0.43731240932524224
1,1,0.5817140355808609
0,1,0.5315390255484721
1,0,0.2801682567448539
0,0,0.26809551530855774
0,0,0.4657854338082925
0,1,0.5246334455253594
0,0,0.41085021495090557
1,1,1.0
0,0,0.46815228885074844
1,1,0.7673217226339762
1,0,0.4866938206929386
1,0,0.37589383018630174
0,1,0.7028452623406635
0,0,0.49579009920675504
0,1,0.5013785600596085
0,0,0.4944048956969496
1,0,0.39457283549883226
1,0,0.4939755327978632
0,1,0.5315390255484721
1,0,0.36677602032167256
0,0,0.146
0,0,0.4621627048890279
1,0,0.48938685518247693
0,0,0.4586471894326953
1,1,1.0
1,0,0.48764516612798786
1,0,0.48305375113730215
0,1,0.555069636294195
1,0,0.4614161442494055
1,0,0.39457283549883226
1,0,0.4322725601657114
1,0,0.4329489177732665
1,1,0.7896492705137228
0,1,0.6510049228932738
0,1,0.5546291780769825
0,0,0.3697506872543402
0,0,0.4614161442494055
0,0,0.45965815536102983
0,0,0.46584377615661976
0,1,0.5029522074213587
1,1,0.5030472089920336
1,1,0.580006052493627
0,1,0.5404575636614277
1,0,0.28730747817224955
0,0,0.468841408237262
0,0,0.4586471894326953
1,1,1.0
0,0,0.108
0,0,0.074
1,1,0.5131509117186277
0,1,0.6571700700386645
0,0,0.468841408237262
0,1,0.5008616683452152
1,0,0.4161996510043284
1,1,0.5644590578433407
0,0,0.0
0,0,0.03859404029078272
1,1,0.5597456689450586
0,0,0.42817354931195384
0,0,0.43298592504143313
1,0,0.4933815720306598
1,0,0.4549275406719968
0,1,0.6107962186998773
1,0,0.23640748242673154
1,1,0.5097740434249466
0,0,0.0859333813275055
0,0,0.1637334176534254
1,1,1.0
1,1,0.5229425652346357
0,0,0.4586471894326953
0,0,0.08125378670580234
1,1,0.5274458871662253
0,0,0.4445837862998355
1,0,0.4990937612427997
0,0,0.08754615882938603
0,1,0.539572910930673
0,0,0.48764516612798786
0,1,0.5274037271396327
0,1,0.5206012913692054
1,0,0.4697383445553928
0,1,0.5307810956670667
1,0,0.4514109008572663
0,1,0.5921898384818632
1,0,0.46732386279725013
0,1,0.5644590578433407
0,0,0.36596311374671286
1,0,0.4818662294014451
0,0,0.038
0,0,0.46252547144969347
1,1,0.994
1,0,0.4364729824916983
1,0,0.49171271720769577
0,0,0.43731240932524224
0,0,0.39999425601581284
0,0,0.3921138342401618
1,1,0.5206012913692054
1,0,0.102
1,1,0.5300384155199763
1,1,0.5099706816256824
1,1,1.0
0,0,0.49456702806227304
0,0,0.134
0,0,0.4653118545226047
0,1,0.5702995868798902
0,1,0.5168908312977021
0,0,0.024
0,0,0.46815228885074844
0,0,0.04190619646080494
0,1,0.604825545721226
0,1,0.5227325470323655
1,0,0.4944048956969496
0,0,0.19
1,1,0.5238684645228838
0,0,0.45705152750361316
0,0,0.28271032879443836
0,1,0.5014150420463898
0,1,0.5319548068498541
0,0,0.4657854338082925
0,0,0.4846550422197456
0,0,0.37135731454751164
0,0,0.07077584033205966
0,0,0.01887770430797016
1,0,0.2761450881545754
0,1,0.5591403893834782
1,0,0.13745715899749322
0,1,0.5644590578433407
0,1,0.5226611005321335
0,0,0.48671080518536497
1,1,0.5076741198716426
0,1,0.5168908312977021
0,0,0.44
0,0,0.4968785990449293
0,0,0.008769269706423525
0,0,0.35036536988042366
1,1,0.7011557400476611
1,0,0.48764516612798786
0,1,0.5062791679048926
1,0,0.3927337452337544
1,0,0.038461461820411574
1,0,0.4750077105375299
0,1,0.5581282566809108
0,1,0.5148083908137516
0,0,0.0386954160524826
0,0,0.44950214928545024
0,1,0.6061226828916031
1,1,1.0
1,0,0.3896271903878461
0,0,0.4910703178175632
0,1,0.716
0,1,0.5099706816256824
1,0,0.45094094178510324
1,0,0.4174899024020761
0,1,0.6868873018563193
0,0,0.2113539695627262
0,1,0.5161277911284329
1,0,0.060023444259834864
0,0,0.4433442332932364
1,0,0.40732424027874903
1,1,1.0
0,0,0.4858245227197598
0,0,0.36721963159351284
0,1,0.6513698806228424
0,0,0.3294472623952632
0,0,0.4690371103618516
0,0,0.321581207218052
0,1,0.6554505882088438
0,1,0.5285201745573098
0,0,0.043013014366739696
0,0,0.08989422840934401
0,0,0.09972813579175656
1,0,0.49119239005837234
1,1,0.5301418892261626
1,0,0.4175563662791982
0,1,0.5201971080203623
0,1,0.6351479138522611
0,0,0.17212388199238018
0,1,0.570550159157931
0,0,0.433417075080916
0,1,0.5436460296026628
0,0,0.4240710276052274
0,0,0.4636165886071487
1,0,0.38465615897433125
1,0,0.41341717301667974
0,0,0.4846550422197456
0,0,0.2066700326560068
1,1,1.0
0,0,0.23682214783504638
0,0,0.3805759145387206
1,0,0.4614161442494055
1,1,0.5274677641944013
0,0,0.4846550422197456
0,1,0.5221259513988297
0,1,0.5644590578433407
0,0,0.20015870444548278
1,0,0.48646762939111754
0,1,0.5915292451116118
0,0,0.236
1,0,0.2652158689058218
1,1,1.0
0,0,0.39191062606642096
0,0,0.31431967019346385
0,0,0.4021836812394602
1,1,1.0
1,1,0.8534997612392988
0,0,0.4944048956969496
0,0,0.4944048956969496
1,1,0.520155681706381
1,0,0.4454487893273925
1,0,0.36120286196148405
0,1,0.5062791679048926
0,0,0.43563073699512406
0,0,0.4846550422197456
0,1,0.8348098560113715
1,1,1.0
0,1,0.5518544189074571
1,0,0.026
0,1,0.5307810956670667
1,0,0.4701848252081504
1,1,0.569828863825068
1,1,1.0
0,1,0.5355129192014143
1,0,0.333466813881241
0,0,0.39851850159999064
0,0,0.1464855707789518
1,1,0.5246334455253594
0,1,0.5848468204226454
1,1,0.6271576428117691
1,0,0.4399746863229401
1,1,0.8644524735155679
0,1,0.5838417550411342
1,1,0.643494621621472
0,0,0.344
1,1,1.0
1,0,0.28938125769315887
0,0,0.4846550422197456
1,1,0.998
0,0,0.05927352937413005
1,0,0.48646762939111754
1,0,0.34336988062284235
1,1,1.0
0,0,0.10382851302575306
1,0,0.44950214928545024
0,0,0.49171271720769577
0,0,0.2363303532634915
0,0,0.0010493857542770214
0,1,0.5873447193542976
0,0,0.33
1,0,0.4372978448971589
0,0,0.3558240923459493
0,0,0.48573334785029304
1,1,0.5153415326223156
0,1,0.7908685424986001
0,0,0.164
0,0,0.038
1,0,0.05621335043020678
1,1,0.519456677464264
1,0,0.13324026531467212
0,0,0.48913121198346254
1,0,0.48305375113730215
0,1,0.5301418892261626
0,1,0.7203973241730947
0,0,0.136
1,0,0.2683624635943058
0,1,0.7126574623750959
1,0,0.21335787297903017
1,0,0.23128422821295783
1,1,0.6174519433477698
0,0,0.46635409515567156
0,1,0.5008616683452152
0,1,0.9589097921095676
0,1,0.5540997439104628
0,0,0.25844606441785767
1,1,0.7899673286767116
1,0,0.48913121198346254
0,1,0.5099706816256824
0,0,0.033289130285179866
1,1,0.5274458871662253
0,0,0.3545731688753049
0,0,0.4571309652568444
0,0,0.4614161442494055
1,0,0.4433442332932364
1,0,0.43687509100515526
1,0,0.2668639775365841
1,1,0.537952724440943
1,0,0.48764516612798786
0,1,0.5148083908137516
1,1,0.5274458871662253
0,0,0.49456702806227304
0,0,0.49886239820922595
1,1,0.5391036983285884
0,1,0.5041457495382529
1,1,0.5041457495382529
1,0,0.48152905180948535
0,1,0.6317182548405852
0,1,0.5290592673403426
1,0,0.4860395113900581
1,0,0.4015729644575041
0,1,0.5148083908137516
1,1,0.5963783596386079
1,1,1.0
1,1,0.521213248302004
0,1,0.5161277911284329
0,1,0.5161277911284329
1,1,1.0
0,1,0.5518544189074571
0,1,0.5322324356508161
1,1,1.0
1,0,0.45901950376428874
0,1,0.5644590578433407
0,0,0.4846550422197456
1,0,0.49768904978934986
1,0,0.03478217870646015
0,1,0.574668822712649
1,1,0.7052653183136367
0,0,0.02
1,0,0.4108100129627059
1,0,0.451279123423992
0,0,0.206
0,0,0.4791321860913771
1,0,0.48573334785029304
0,0,0.07
1,1,1.0
0,0,0.2199295928931911
0,0,0.49579009920675504
1,1,0.5288197753589837
1,1,1.0
0,0,0.49164486014771697
1,1,0.5301418892261626
0,0,0.2351285351053346
0,1,0.5062091004224261
0,0,0.4933815720306598
0,0,0.026
1,0,0.49768904978934986
0,0,0.4779325790026912
0,0,0.49164486014771697
1,1,0.5518544189074571
0,0,0.074
0,0,0.322729774318756
1,0,0.42326595206610806
0,0,0.09352322536602528
0,1,0.6460161056467317
0,0,0.36721963159351284
0,0,0.47203741452604653
0,1,0.5398567345685806
1,1,1.0
0,0,0.26253559198864596
1,1,1.0
0,1,0.5099706816256824
0,1,0.5406443469624344
1,0,0.4657854338082925
1,1,0.5391036983285884
1,1,0.5229069104382628
0,0,0.49456702806227304
1,1,0.7113446565969876
0,1,0.537952724440943
0,1,0.5041457495382529
0,0,0.0
0,1,0.5315390255484721
0,0,0.4476417175568387
0,1,0.7433291178689082
1,0,0.3593588504239299
0,0,0.012
1,0,0.1189405224054137
0,0,0.3525463866745519
1,1,0.7406970250614473
0,0,0.05
1,0,0.462484085741534
1,1,0.5180276523965016
1,1,0.5410227754434169
0,0,0.02
1,0,0.4860395113900581
1,0,0.48573334785029304
1,1,0.537952724440943
0,0,0.41921253146323095
0,0,0.21957666332979456
0,0,0.30872326032583053
0,1,0.5195556111422631
0,1,0.6528568921005611
1,0,0.49448062507050894
1,1,1.0
0,1,0.5957061822114406
1,1,1.0
0,0,0.005443487629149359
1,0,0.43687509100515526
0,1,0.7545291804954981
0,1,0.5733698806228424
0,0,0.45757320752679426
0,0,0.064
0,1,0.5658276944337309
0,0,0.48445796888904447
0,0,0.3236018728731443
1,0,0.24543424437731384
1,1,1.0
0,1,0.6740173506097202
1,1,0.5295143721256249
0,1,0.5148083908137516
1,1,0.6453484010575998
1,1,1.0
1,0,0.11758356262000436
1,0,0.3742204281543384
1,0,0.41341717301667974
1,0,0.43687509100515526
1,1,0.5274458871662253
0,1,0.5838417550411342
0,0,0.47487596818877464
0,0,0.4944048956969496
0,1,0.7056417158854492
0,1,0.6734625290454103
0,0,0.41307362162400946
0,1,0.8979803294521403
0,1,0.5062791679048926
0,0,0.45754548094610226
1,0,0.39293657579911495
0,1,0.5076741198716426
0,1,0.5307810956670667
0,0,0.074
0,0,0.48913121198346254
1,1,0.5391036983285884
1,1,0.5274458871662253
0,0,0.4944048956969496
1,0,0.15972906644296636
0,1,0.5301418892261626
0,0,0.06
0,0,0.3308207039630496
0,1,0.5602608457859488
0,1,0.6086620194442545
1,1,0.5062551569469426
0,1,0.5805381842618853
0,0,0.09444606441785763
1,1,0.5135609530289467
0,0,0.48573334785029304
0,0,0.4422800397894123
0,0,0.3845446913611301
0,1,0.5398567345685806
0,0,0.3973145531724854
1,1,0.5391036983285884
0,0,0.0
0,0,0.16659856471538678
0,0,0.10138994621712161
0,0,0.14937135284665684
0,0,0.4846550422197456
1,1,0.5322324356508161
0,0,0.27298613515002834
1,1,1.0
0,0,0.208
0,1,0.5008616683452152
0,0,0.41307362162400946
0,0,0.2556960022737469
1,1,0.5148083908137516
1,0,0.4041688980639369
1,1,0.5393177018728215
0,1,0.6743003003550057
0,0,0.41921253146323095
0,1,0.6536219427944818
1,0,0.38074476384438216
0,0,0.46685162054024915
0,0,0.4796492602518468
1,1,1.0
0,0,0.44950214928545024
1,0,0.48488370439453227
1,1,0.5148083908137516
0,1,0.76
1,1,0.539572910930673
0,0,0.46635409515567156
1,1,0.5410227754434169
0,0,0.4536142114081671
1,0,0.49886239820922595
0,1,0.5295143721256249
0,0,0.4866938206929386
0,1,0.6773688688641667
1,0,0.4425266378350777
1,1,0.5746121365381893
0,0,0.19212537258534926
0,1,0.5249686453703476
0,0,0.44950214928545024
0,1,0.578
0,1,0.53007369367327
1,1,0.5760050255158246
0,1,0.5274458871662253
1,0,0.4860395113900581
1,0,0.36777007155724345
0,1,0.9334965982106371
0,0,0.11024128033004885
0,0,0.2579937892886443
0,0,0.20207989552770209
1,1,0.996
0,0,0.056
1,0,0.4750077105375299
1,1,1.0
1,1,0.677914160582068
0,0,0.4391998222815899
1,0,0.3328010477058651
0,1,0.5168908312977021
0,0,0.46815228885074844
0,0,0.16483036682138072
0,0,0.028
1,0,0.038076134633870294
0,0,0.3472935377205698
1,0,0.03593368866074705
1,0,0.47628215384141365
0,0,0.4910703178175632
0,1,0.5140177036008678
1,1,0.521213248302004
0,0,0.156
1,1,0.5062791679048926
0,0,0.05517252825688181
1,0,0.146
1,1,1.0
0,0,0.462484085741534
1,0,0.4489019177894239
1,0,0.468841408237262
0,1,0.5148083908137516
0,0,0.372
0,1,0.5391036983285884
0,1,0.5168908312977021
0,1,0.9239376748521695
0,0,0.48488370439453227
1,1,1.0
1,0,0.0709002294983686
1,1,0.5284710673012118
0,0,0.044
1,0,0.49119239005837234
1,1,0.5391036983285884
0,0,0.49301185059592867
0,1,0.6046547101671703
0,0,0.4571309652568444
0,0,0.15403399766320866
1,1,1.0
1,1,0.5008616683452152
1,0,0.4818662294014451
0,1,0.5148083908137516
1,1,0.7435174185163965
0,0,0.4846550422197456
1,0,0.46178844918451295
1,1,0.5419557611748552
1,1,0.5031810784270069
0,1,0.588983762227404
0,0,0.4326194373197781
0,1,0.5479401450999355
1,1,0.6895999882546969
0,1,0.5760050255158246
0,1,0.6163693167009147
1,0,0.23889422155378331
0,0,0.49768904978934986
0,1,0.7553679200890047
1,0,0.47764082630855387
0,1,0.64150021333349
0,0,0.4425266378350777
1,0,0.4650338619140743
1,0,0.38825243764936024
1,0,0.20465352104772094
0,0,0.4476417175568387
0,0,0.35010342243069176
0,1,0.521213248302004
0,0,0.375340448171596
1,1,1.0
0,0,0.21859404029078275
1,0,0.47164343426198585
0,0,0.4922007930514516
0,1,0.5144574971134271
0,0,0.48488370439453227
0,0,0.47487596818877464
1,1,0.570550159157931
1,1,0.5005710121715935
0,0,0.29132807456361554
1,1,0.7011557400476611
0,1,0.5391036983285884
1,0,0.016203762940713656
1,1,0.7021379923360251
0,1,0.5274458871662253
1,1,0.5259103196815872
1,1,0.5387972424274352
1,1,1.0
0,1,0.5148083908137516
0,0,0.4838314888059446
0,1,0.598755330115692
0,0,0.49886239820922595
1,0,0.4653118545226047
0,1,0.5315390255484721
0,0,0.1637334176534254
0,0,0.3895290589670366
1,1,0.8069268872568376
0,0,0.40791471958378456
1,1,1.0
0,0,0.46815228885074844
0,0,0.26289899673726197
0,1,0.5161277911284329
0,0,0.27
0,0,0.3362130572428351
1,1,0.5041457495382529
0,1,0.5761376105790003
0,0,0.21
1,1,0.5148083908137516
0,1,0.9165368289388103
0,1,0.5161277911284329
1,1,0.5019931156820426
1,1,0.570550159157931
1,0,0.26666068461604486
0,0,0.3491179898542421
1,1,1.0
1,0,0.15377771252236125
1,1,0.9144839999592861
0,1,0.5644590578433407
0,1,0.7794603062668356
1,0,0.4514109008572663
1,0,0.38049498934081905
0,1,0.5005710121715935
0,1,0.5915292451116118
0,0,0.168
0,0,0.4322725601657114
0,0,0.4041688980639369
0,1,0.6046547101671703
0,1,0.5307810956670667
1,1,0.5264876521265783
1,0,0.3628737875133788
0,1,0.554692071634821
1,1,1.0
0,1,0.7309335019117188
0,0,0.368
1,0,0.47628215384141365
0,0,0.29364846018172597
1,1,0.7751179898542421
1,1,0.5005710121715935
1,1,0.5227325470323655
0,1,0.5198361893063094
0,0,0.47628215384141365
0,1,0.6410797448476485
0,1,0.5398567345685806
1,0,0.4811339739313699
1,0,0.48764516612798786
1,0,0.09335744610090575
1,1,0.998
0,1,0.5029596836407091
1,1,1.0
0,0,0.4791321860913771
1,1,0.5482345357815602
0,0,0.4922007930514516
1,1,1.0
1,1,1.0
1,0,0.49888870506792593
1,0,0.41921253146323095
1,0,0.14
1,1,0.5062791679048926
1,1,0.554692071634821
0,1,0.5206012913692054
0,1,0.8970118200405438
0,1,0.5148083908137516
0,0,0.478342571759923
0,1,0.5619033415655096
0,1,0.5135609530289467
1,0,0.30759302641230135
0,1,0.6610715156965171
1,0,0.16251516039052277
0,1,0.5249686453703476
1,0,0.43807639950504146
1,0,0.48913121198346254
0,0,0.4614161442494055
0,0,0.072
0,1,0.5062091004224261
1,0,0.22155053288096943
0,0,0.4329489177732665
0,1,0.5135609530289467
1,0,0.4586471894326953
1,1,1.0
0,1,0.5274458871662253
1,1,1.0
1,1,0.5221259513988297
0,0,0.11
1,1,0.99
0,0,0.47164343426198585
1,1,0.5226611005321335
0,0,0.4263220851982009
1,1,0.5260711927674411
1,0,0.32346138765861326
0,1,0.5008616683452152
0,0,0.4371518547741501
0,1,0.8296061821467059
1,1,0.6669969597286218
0,1,0.5315390255484721
0,1,0.615257459212179
1,1,0.6595693550984925
0,0,0.4514109008572663
0,0,0.0
0,0,0.37366725281768226
1,1,0.5148083908137516
1,1,0.5005710121715935
1,1,0.998
0,1,0.5714251596208244
1,0,0.49691814636016446
0,0,0.4422800397894123
1,0,0.2777446752305199
1,0,0.21776157770837165
1,0,0.32338631834211384
1,0,0.11311798985424207
0,1,0.5363265993902347
0,1,0.5406443469624344
0,1,0.5008616683452152
1,1,0.5760050255158246
1,1,0.5168908312977021
0,0,0.064
1,0,0.4860395113900581
1,1,1.0
1,1,0.8156717712471543
1,0,0.18918926485336546
1,1,0.5417192929707766
0,1,0.5352559698199252
0,1,0.519456677464264
1,0,0.4878470506189733
0,0,0.43731240932524224
1,0,0.46151934508981374
0,1,0.5246334455253594
0,0,0.4846550422197456
0,0,0.49448062507050894
0,0,0.49886239820922595
0,0,0.4796492602518468
0,1,0.5227325470323655
0,0,0.47173815667825586
1,0,0.468841408237262
0,1,0.554692071634821
1,1,0.6332308023447988
1,0,0.46936033951834955
1,0,0.118
0,0,0.16690230800154396
0,1,0.6801119224993716
0,1,0.5322324356508161
1,1,0.998
0,1,0.5168908312977021
1,0,0.248
0,0,0.22142867326022375
1,1,0.7125521267660533
0,0,0.10436817228695308
0,1,0.5760050255158246
0,1,0.6400228442815886
1,0,0.18263100564552864
1,1,0.5186175984546153
0,1,0.6640632877657711
1,1,0.5008616683452152
0,0,0.08954967538265056
0,1,0.5921313760236293
0,1,0.5227325470323655
1,1,0.5201971080203623
1,1,1.0
0,0,0.2786926586121553
0,0,0.07
1,0,0.4549275406719968
0,1,0.5161277911284329
0,1,0.6130298318820983
1,0,0.41388923249885845
1,1,0.5595582326658877
0,1,0.766696967548637
1,1,0.5293539695627262
0,0,0.49119239005837234
0,0,0.46252547144969347
1,1,1.0
1,1,0.5590434616800123
0,1,0.5391036983285884
0,0,0.26311798985424206
1,1,0.7043594029520641
1,1,1.0
0,1,0.5095088662355254
1,0,0.06784209278719906
0,0,0.10060911875540231
0,1,0.539572910930673
0,0,0.4099852058241096
1,1,0.6833055037699524
1,0,0.447121768661917
0,0,0.18914380039149284
0,0,0.44776508807210663
1,0,0.49366174624760706
0,0,0.4484764535772229
1,0,0.4586471894326953
1,1,0.5745562118342263
0,0,0.07745562954037843
1,1,1.0
1,1,0.6061226828916031
1,1,1.0
0,0,0.49119239005837234
1,1,0.588983762227404
0,0,0.4846550422197456
1,1,0.5274458871662253
1,0,0.47618657596830494
1,1,1.0
0,1,0.5710746284531442
0,1,0.763394238262654
1,1,1.0
1,1,0.5099706816256824
0,1,0.5215153015047981
1,0,0.45965815536102983
1,1,1.0
1,1,0.598755330115692
0,0,0.07091163718361994
0,1,0.611117989854242
0,0,0.4846550422197456
0,0,0.37228949795023353
0,0,0.29632064214458076
0,1,0.5144574971134271
1,1,0.593117989854242
0,1,0.5322324356508161
0,0,0.028
1,1,1.0
0,0,0.4838314888059446
0,0,0.3601532250042887
1,0,0.49691814636016446
1,0,0.4846550422197456
0,0,0.06108891340702728
1,0,0.48764516612798786
0,1,0.6271691517621749
0,1,0.5264876521265783
1,1,1.0
0,1,0.5229425652346357
1,1,0.65182708622954
0,1,0.5161277911284329
1,1,1.0
0,1,0.6357952055549672
1,0,0.468841408237262
0,0,0.4818662294014451
1,0,0.4910703178175632
1,0,0.4489019177894239
1,1,1.0
0,1,0.6538083502051736
1,1,0.5805381842618853
0,0,0.1233213845479488
1,1,0.5274458871662253
0,0,0.2319777219818573
0,1,0.5201971080203623
1,1,0.5463652089659887
0,0,0.2918505915787651
1,1,0.5702995868798902
0,0,0.3821331804543498
1,0,0.4860395113900581
0,0,0.23502882624443297
1,0,0.4964413979892376
1,1,1.0
0,0,0.45901950376428874
1,0,0.10587424066624095
0,0,0.3930395273757744
1,0,0.37490339873086514
1,1,0.7254335505812082
0,0,0.014
1,1,0.5590434616800123
1,0,0.46423277090606546
1,1,0.5076741198716426
0,0,0.254
0,0,0.42566003999853375
1,0,0.45901950376428874
0,0,0.44620570724147374
0,1,0.8949363422313746
0,0,0.30785434052102373
0,1,0.831813484006152
0,0,0.4536142114081671
1,0,0.3953536417834476
0,0,0.4838314888059446
1,0,0.009274724116184928
0,1,0.93
0,0,0.4922007930514516
1,0,0.01
1,0,0.49768904978934986
0,0,0.45892883668597073
0,1,0.5479401450999355
0,1,0.5246334455253594
1,1,0.5687609755770522
1,1,0.7433291178689082
0,0,0.4121226376834898
1,1,0.5008616683452152
0,0,0.074
1,0,0.23248787047708444
1,1,0.6829164656197578
1,0,0.468841408237262
0,0,0.468841408237262
0,0,0.3784333487509461
0,0,0.1080415585525986
1,1,0.604825545721226
1,0,0.4750077105375299
1,0,0.4552683664975733
1,1,0.5322324356508161
0,1,0.6555213714025788
0,1,0.5148083908137516
0,0,0.3601532250042887
1,1,1.0
0,0,0.4372978448971589
0,0,0.3681453535944154
1,0,0.0
1,1,0.6114335966784822
1,1,0.7406970250614473
0,0,0.05159141285313692
1,0,0.44950214928545024
0,0,0.4665613285278355
1,0,0.46151934508981374
1,1,1.0
1,1,0.5206012913692054
1,1,0.5165159489951439
0,0,0.4359966761059062
1,1,0.6201761437160429
0,0,0.4489019177894239
1,0,0.468841408237262
1,1,0.537952724440943
0,1,0.5237958036661164
1,0,0.49164486014771697
1,0,0.4425266378350777
0,1,0.5144574971134271
0,0,0.36965098730581
0,0,0.39457283549883226
1,0,0.35770921662327815
1,1,0.5149715380244776
0,0,0.4476417175568387
1,0,0.49768904978934986
0,1,0.590824129052898
0,1,0.5608766553397652
1,1,1.0
0,1,0.5148083908137516
0,0,0.302327520996179
0,0,0.3593588504239299
1,1,0.537952724440943
1,1,0.539572910930673
1,1,1.0
0,1,0.5254040199432
0,1,0.5132304036650649
1,0,0.446
0,1,0.536959700737763
1,1,0.8804091935955325
1,1,0.5005710121715935
1,0,0.45901950376428874
0,0,0.47164343426198585
0,0,0.28850887907116834
0,1,0.7525418252836147
1,0,0.01
0,1,0.7278620016581738
0,0,0.46226895736829543
1,1,0.5500711816387502
1,0,0.4600694189797085
1,1,0.9612430455630673
0,0,0.4697383445553928
0,0,0.17871724640242256
1,0,0.47713020629801683
1,1,1.0
1,0,0.40791471958378456
1,0,0.47117479526733574
1,0,0.4858245227197598
0,0,0.2786481323293864
0,0,0.20894630850292245
0,0,0.004
0,0,0.48913121198346254
0,0,0.44950214928545024
0,0,0.4858245227197598
1,0,0.4728891352075696
0,1,0.5397306062700409
0,0,0.4425266378350777
0,0,0.48913121198346254
1,1,0.5549177329767376
0,0,0.4571309652568444
1,1,1.0
1,0,0.4910703178175632
0,0,0.4781771771504908
0,1,0.5161277911284329
1,1,0.5386230489563907
0,1,0.8888507058642147
0,0,0.4737871175321619
1,1,0.5131509117186277
0,0,0.3129709617079801
0,0,0.088
0,0,0.23682214783504638
1,1,0.588983762227404
0,1,0.5062551569469426
1,0,0.2959441640875891
1,0,0.33056705758719795
0,1,0.5227325470323655
0,0,0.16052013563834883
1,1,0.5229069104382628
0,1,0.5298929977844897
0,0,0.46252547144969347
1,1,1.0
0,0,0.4850540349603604
0,0,0.45402693939956984
1,1,0.5538424449475838
0,0,0.46685162054024915
1,0,0.202
0,0,0.4299323335541183
1,1,0.5021195664376596
0,0,0.4944048956969496
0,1,0.5396894657576824
1,0,0.4750077105375299
0,0,0.196
1,1,0.5264876521265783
1,0,0.07
1,1,1.0
0,0,0.47203741452604653
1,0,0.4990937612427997
1,0,0.35540982876775495
0,1,0.5200632390109623
0,0,0.39640367178612657
0,1,0.5475407875117035
1,1,1.0
0,1,0.5168908312977021
1,1,0.5071066624411233
1,0,0.4322725601657114
0,0,0.49301185059592867
1,0,0.3475127131219453
0,1,0.5131509117186277
0,0,0.44776508807210663
0,1,0.5595582326658877
0,1,0.5831315152953048
1,1,0.7989094048636681
1,1,0.5702995868798902
1,1,1.0
0,1,0.5069160078089666
0,0,0.05835690594126792
0,1,0.6691164871620868
1,0,0.49768904978934986
0,1,0.5387972424274352
1,1,1.0
0,0,0.3966235051286897
0,1,0.5005710121715935
0,0,0.4476417175568387
0,1,0.5391036983285884
0,0,0.184
1,1,1.0
0,1,0.5391036983285884
0,0,0.01
0,1,0.5454806148347662
0,1,0.5135609530289467
1,1,0.570550159157931
0,1,0.7011557400476611
1,1,0.6516341531643292
0,0,0.355745477202902
0,0,0.4295051284622895
1,0,0.4984847908976116
1,0,0.4818662294014451
0,1,0.679925205872217
1,1,1.0
0,0,0.10608424434781559
1,1,0.5188566827535638
1,1,0.5805381842618853
0,0,0.4597163934556409
1,1,1.0
0,0,0.4846550422197456
0,0,0.361202344239579
0,1,0.5274458871662253
0,1,0.5322324356508161
0,0,0.4828910212809668
1,1,1.0
0,0,0.45901950376428874
1,1,0.5005710121715935
1,1,0.7899673286767116
1,1,1.0
1,0,0.158
0,0,0.09077584033205965
1,0,0.4991985733251133
0,1,0.6107962186998773
1,0,0.1397211579699589
1,1,0.5978609907482153
0,0,0.3809649963081923
0,0,0.02
0,0,0.3793771645465061
0,1,0.520155681706381
1,0,0.18066967051836139
1,0,0.2786926586121553
1,1,1.0
1,0,0.23074490331109282
1,1,0.5454806148347662
1,1,0.5915292451116118
0,1,0.543319433170877
1,1,0.521213248302004
1,1,1.0
0,0,0.4846550422197456
1,1,1.0
0,0,0.46151934508981374
1,1,0.5186175984546153
1,1,0.5264876521265783
0,0,0.27881032339590206
0,0,0.15530532733844407
1,0,0.48786722992733145
1,1,0.645535368394092
0,1,0.5237958036661164
1,1,0.5398947223269513
1,1,0.5307810956670667
0,0,0.13
1,1,0.5501598917490345
0,0,0.26086853655600784
1,1,0.5595582326658877
0,0,0.3863743451836792
1,1,0.588983762227404
0,0,0.4718041341008075
1,0,0.12000211632205325
0,1,0.5246334455253594
1,1,1.0
1,1,0.8940242326518414
0,0,0.46178844918451295
1,1,0.570550159157931
1,1,1.0
1,1,0.5135609530289467
1,0,0.4299323335541183
1,0,0.4818662294014451
1,1,1.0
0,0,0.4737871175321619
1,0,0.48932692911490283
0,0,0.43731240932524224
0,0,0.056
0,0,0.4713494695382681
0,0,0.46252547144969347
0,1,0.6795032154890989
1,1,0.5008616683452152
1,1,0.5260711927674411
0,0,0.44393582030104417
1,0,0.214
1,0,0.4878470506189733
0,0,0.49579009920675504
0,0,0.46151934508981374
0,1,0.5702995868798902
1,0,0.16367052104595498
0,0,0.4257283236212363
1,1,0.5502157146128548
1,0,0.48573334785029304
0,0,0.258
0,0,0.21259404029078272
0,1,0.5201971080203623
1,0,0.264
0,0,0.4251179898542421
1,1,0.5198361893063094
1,1,1.0
0,1,0.5144574971134271
0,1,0.5008616683452152
1,1,1.0
0,1,0.5241186992795938
0,0,0.46685162054024915
1,1,1.0
0,0,0.49886239820922595
0,1,0.5739765734953709
0,0,0.24858437405815148
1,1,0.5062091004224261
0,0,0.2364956559876027
0,0,0.46178844918451295
1,1,1.0
0,0,0.44950214928545024
0,0,0.4022100847093735
1,0,0.49886239820922595
1,1,0.5062551569469426
1,0,0.4866938206929386
0,1,0.519101385594176
1,0,0.47618657596830494
0,0,0.4796492602518468
0,0,0.48573334785029304
1,0,0.39191062606642096
0,0,0.064
1,0,0.4536142114081671
1,1,0.5389046663982853
0,0,0.1539335289881573
1,0,0.451409980392511
0,0,0.47091662667789774
0,1,0.5201971080203623
0,1,0.5436460296026628
0,1,0.5307810956670667
1,1,0.5640884533034581
0,0,0.2910315083471534
0,1,0.5475407875117035
1,1,1.0
1,0,0.48742259766954305
0,1,0.7505522342315559
1,1,1.0
1,0,0.48764516612798786
0,1,0.5429481376599417
0,1,0.5102902435237725
1,0,0.4838314888059446
0,1,0.521213248302004
0,0,0.11750727090370794
0,0,0.4586471894326953
1,1,0.5008616683452152
0,1,0.5161277911284329
1,0,0.49448062507050894
0,0,0.031043100410988837
1,1,1.0
0,0,0.36777007155724345
0,0,0.002
0,0,0.40791471958378456
1,1,0.5140177000648697
1,0,0.4846550422197456
1,1,0.6100793911789207
1,0,0.4653118545226047
0,0,0.4322785151802546
0,0,0.23098097794010225
0,1,0.5315390255484721
0,0,0.44950214928545024
1,1,0.5436460296026628
1,0,0.46815228885074844
1,1,1.0
1,0,0.21094429247706312
1,1,0.5005710121715935
0,1,0.5181075973168963
1,1,1.0
1,0,0.05435658785576726
1,0,0.4898711477697971
1,1,0.5008616683452152
1,0,0.48913121198346254
0,0,0.4791321860913771
0,0,0.44950214928545024
0,1,0.5099706816256824
0,0,0.4843844214325224
1,1,0.545111659622157
0,0,0.25677584033205963
0,1,0.638
1,1,1.0
1,1,0.5501598917490345
1,0,0.23353815927298907
1,0,0.4860395113900581
1,0,0.4263220851982009
0,0,0.417882701529656
0,0,0.49501780699731823
0,0,0.44950214928545024
1,0,0.4152061361177025
1,1,0.6206076459658514
1,1,0.5005710121715935
0,0,0.2067304257346217
0,0,0.0
1,1,0.7303518240901566
1,0,0.49164486014771697
0,0,0.024916007808966568
1,1,0.7909036645610755
0,0,0.19798772662165867
1,1,0.5229425652346357
1,0,0.09068204412634179
0,0,0.462484085741534
0,0,0.4536142114081671
1,0,0.24937919921083815
1,1,0.644782957491711
0,1,0.5148083908137516
1,1,0.5246334455253594
1,0,0.15058754968537422
0,1,0.5371021453407966
1,0,0.4392954521202047
0,0,0.4327622503724459
1,0,0.49456702806227304
1,0,0.47628215384141365
0,1,0.7867159337866776
1,0,0.4614161442494055
1,0,0.44810840746526387
0,1,0.6120235513564808
1,0,0.380064921597498
0,0,0.154
1,1,0.5041457495382529
1,0,0.4425266378350777
0,0,0.3380900599954315
0,1,0.5168908312977021
1,1,0.5264876521265783
1,1,0.588983762227404
1,1,1.0
0,0,0.024
1,1,1.0
1,1,1.0
0,0,0.07547630498449712
0,0,0.0014342443773138396
0,0,0.28558109128767534
1,1,1.0
0,0,0.07343424437731384
0,0,0.4327015668057508
1,1,0.5264876521265783
1,0,0.4846550422197456
0,0,0.4534929831632774
0,0,0.41921253146323095
0,1,0.5805381842618853
0,0,0.024
1,1,1.0
1,1,0.5538028633775872
0,0,0.12389383018630172
1,0,0.12148474727217336
0,0,0.20778157167624747
1,1,0.5198361893063094
0,0,0.41085021495090557
0,1,0.570550159157931
0,0,0.08311798985424207
0,0,0.49529970777176946
1,1,0.6893092666692163
0,0,0.2045940402907827
1,1,0.590824129052898
1,0,0.4015729644575041
1,0,0.4904042760406463
0,0,0.286
0,0,0.084
1,0,0.48445796888904447
1,0,0.13149350995026055
1,0,0.20355080333748304
0,0,0.4811339739313699
0,1,0.5391036983285884
0,0,0.3781190430226827
0,1,0.716
0,0,0.4614161442494055
0,0,0.092
1,1,1.0
1,1,1.0
0,0,0.23023523863774886
1,1,0.5885623164170405
0,0,0.45965815536102983
1,1,1.0
1,0,0.4315935851521222
0,1,0.5041457495382529
0,1,0.5229069104382628
1,1,0.5168908312977021
1,1,0.570550159157931
1,0,0.4933815720306598
0,1,0.901617560283213
1,1,1.0
1,0,0.3896271903878461
0,0,0.468841408237262
1,1,0.537952724440943
1,0,0.09659404029078271
0,0,0.49301185059592867
0,0,0.4665613285278355
0,1,0.6475202535782969
0,1,0.7367439750567364
1,1,1.0
0,1,0.5062551569469426
0,1,0.5307810956670667
0,0,0.0
0,0,0.4843844214325224
0,0,0.2552249653921591
0,0,0.048
0,1,0.5167758403320597
0,1,0.570550159157931
1,1,1.0
0,0,0.14
1,0,0.41085021495090557
0,0,0.49456702806227304
0,0,0.26169559420020566
1,1,0.5845097530788197
1,0,0.2514989344805572
0,1,0.68
1,1,0.5008616683452152
0,0,0.05172156370529869
1,1,0.5518544189074571
1,0,0.35010342243069176
0,1,0.698
1,0,0.49366174624760706
1,0,0.47618657596830494
1,0,0.28144877011273656
0,0,0.4885709989499934
1,0,0.29361756028321306
0,1,0.5229425652346357
1,0,0.43687509100515526
1,1,0.5161277911284329
0,1,0.5249686453703476
0,1,0.5391036983285884
0,0,0.49244507603708765
0,0,0.46423277090606546
0,0,0.3699277012871205
1,0,0.4614161442494055
1,0,0.3383704474432892
0,1,0.51923014515746
1,1,0.5148083908137516
1,1,0.5131509117186277
0,1,0.5081794887381547
0,0,0.254
1,1,1.0
0,0,0.396
0,1,0.6266953286345223
0,1,0.5005710121715935
0,0,0.142
0,1,0.6640561630766315
1,0,0.4907758403320597
0,1,0.58
0,1,0.6299616899528142
0,1,0.5361998513700551
1,1,0.5041457495382529
0,1,0.5322324356508161
0,0,0.4657854338082925
0,0,0.11352653115000223
0,0,0.28144877011273656
1,1,1.0
1,1,0.5298929977844897
0,0,0.41286460824117466
0,0,0.322729774318756
0,0,0.44810840746526387
1,0,0.4910703178175632
1,1,0.5062791679048926
0,1,0.521213248302004
1,1,1.0
0,0,0.25
0,0,0.49579009920675504
0,0,0.34924584490791694
0,0,0.46151934508981374
1,0,0.4299323335541183
1,1,0.5148083908137516
1,1,0.555069636294195
0,1,0.7735298351859691
1,0,0.048
1,1,1.0
1,1,0.5168908312977021
1,0,0.12874825987824512
0,1,0.5148083908137516
0,0,0.45901950376428874
1,1,0.5943801020338879
0,0,0.43871713159447034
0,0,0.46640442403181914
0,0,0.41576191994524114
1,0,0.4828910212809668
0,1,0.5481583975639625
1,1,0.5168908312977021
0,0,0.27
1,0,0.4737871175321619
1,1,0.5805381842618853
1,0,0.30514492154630724
1,1,0.5135609530289467
0,1,0.5005710121715935
1,1,1.0
0,1,0.5135609530289467
1,0,0.29133880633837095
1,1,0.5233753470611903
0,0,0.4365626160567617
0,1,0.5897549056823275
1,1,0.6401095739404383
0,1,0.7512202698689898
1,1,0.6201761437160429
0,0,0.36743424437731387
1,0,0.42126670095815294
0,0,0.49164486014771697
0,0,0.3953536417834476
0,1,0.5429481376599417
0,0,0.021292025397267152
0,0,0.48488370439453227
0,0,0.098
1,0,0.4709017450920481
1,0,0.42326595206610806
0,1,0.5319548068498541
0,1,0.5298929977844897
0,1,0.5298929977844897
1,0,0.4543691727660463
0,0,0.2657445243678003
1,1,1.0
0,1,0.5271179898542421
1,1,0.539572910930673
0,1,0.5496485162391984
0,1,0.518080927632066
0,0,0.46936033951834955
1,0,0.35851271056088396
1,0,0.4994342443773139
1,1,0.5041457495382529
0,0,0.006
0,0,0.08147282209601821
0,0,0.48445796888904447
0,1,0.5595582326658877
0,0,0.014
1,0,0.033224371936571316
0,0,0.158
0,0,0.3565648394023864
1,1,0.5284710673012118
0,1,0.580006052493627
1,0,0.17810648475165133
1,0,0.3366853047218396
0,0,0.4372691600454292
1,0,0.13030110143462875
0,1,0.5274458871662253
0,0,0.44950214928545024
0,1,0.5168908312977021
0,0,0.008769269706423525
0,0,0.068
1,1,0.5221259513988297
0,0,0.46584377615661976
1,1,0.998
0,1,0.5595582326658877
1,0,0.4990937612427997
1,0,0.4536142114081671
1,1,0.5805381842618853
1,1,1.0
0,0,0.2676212666274372
0,1,0.5260711927674411
0,0,0.4835800032887292
0,0,0.39999425601581284
0,0,0.46151934508981374
0,1,0.5168908312977021
1,0,0.3791466721147506
0,0,0.4407865642710314
1,1,0.5168908312977021
0,0,0.33890280094923847
0,1,0.6847364362822198
1,1,1.0
0,1,0.7304608983522135
1,0,0.30946097760377
1,0,0.2589967436495588
0,0,0.17328800076461942
0,0,0.3887095223589768
1,1,0.6349595967207698
1,1,0.5148511997544535
0,0,0.4571309652568444
0,0,0.13202329648330446
0,0,0.11711798985424207
1,0,0.4846550422197456
0,1,0.5590434616800123
0,0,0.48488370439453227
1,0,0.296
1,1,1.0
1,1,0.5295143721256249
1,0,0.18491435850063798
0,1,0.5206012913692054
1,0,0.4944048956969496
0,0,0.44950214928545024
1,0,0.468841408237262
0,0,0.4322725601657114
1,0,0.41341717301667974
1,0,0.2367544856063417
0,0,0.208
1,0,0.39704282416094094
0,1,0.5848468204226454
1,0,0.4549275406719968
1,1,1.0
1,0,0.46151934508981374
0,1,0.5131509117186277
0,1,0.7873689140904886
0,0,0.49171271720769577
1,0,0.38856052825375387
0,0,0.438
1,1,0.5274458871662253
1,0,0.05732778500610301
1,1,0.924
1,0,0.4697383445553928
1,1,0.5148083908137516
0,0,0.028
0,1,0.5274037271396327
1,1,1.0
1,1,0.5062791679048926
1,1,0.6619425911264767
0,1,0.7510626698985058
0,0,0.47267523758154817
0,0,0.12239475903411196
1,1,0.8535824442450766
0,0,0.028
0,0,0.29542834688712316
1,1,1.0
0,1,0.5436460296026628
1,1,0.5391036983285884
0,0,0.4843844214325224
1,1,1.0
1,0,0.46635409515567156
0,1,0.7177416776786172
1,0,0.45965815536102983
0,0,0.3254904973546895
1,1,1.0
0,0,0.03537912837864633
1,1,0.588983762227404
0,0,0.3318655192453492
0,0,0.4933815720306598
1,0,0.48573334785029304
0,0,0.46527576441761737
1,1,1.0
1,0,0.24711798985424208
0,0,0.468841408237262
1,1,1.0
1,1,0.8609864290693142
0,0,0.1408230080455825
1,1,0.5209119340344573
0,1,0.5135609530289467
0,0,0.43687509100515526
0,0,0.104
1,1,0.588983762227404
0,0,0.2804719594169683
0,0,0.4843844214325224
0,0,0.3511179898542421
0,0,0.2944304162321001
0,0,0.4750077105375299
1,1,0.5264876521265783
0,0,0.134
1,1,1.0
0,0,0.4922007930514516
0,1,0.5168908312977021
1,1,1.0
0,0,0.20858688698301822
0,1,0.8312087191370718
1,1,0.5238684645228838
1,1,0.6447155399246302
0,1,0.519101385594176
1,1,0.585482429079235
0,0,0.334953988983143
1,1,0.588983762227404
0,1,0.6926522814780536
0,0,0.1486731413065725
1,1,0.5012019143839306
1,0,0.46874505549889606
0,0,0.35277217288524715
0,1,0.5180276523965016
1,1,0.5298929977844897
0,0,0.45901950376428874
1,0,0.4536142114081671
0,1,0.5030472089920336
0,0,0.4514109008572663
1,1,0.5148083908137516
1,1,0.5148083908137516
0,1,0.6965582700241513
0,0,0.36322443629692525
0,0,0.4614161442494055
0,0,0.35619926619981096
0,1,0.6893699438124286
1,1,0.8989102505981859
1,1,1.0
0,0,0.251557534595776
0,0,0.45965815536102983
1,1,0.5041457495382529
0,1,0.5622442063950581
1,1,1.0
1,1,0.5307810956670667
0,1,0.5398567345685806
0,0,0.35282985914073584
1,0,0.46252547144969347
0,0,0.2692696099343006
1,0,0.49366174624760706
0,0,0.47628215384141365
0,1,0.5714251596208244
1,0,0.42326595206610806
0,0,0.0341755708363022
0,0,0.13
0,0,0.3952527506558558
0,1,0.6743003003550057
1,0,0.0987176371362433
0,0,0.49171271720769577
1,0,0.36556464416963075
1,1,0.5005710121715935
1,1,0.5226611005321335
1,0,0.4329489177732665
1,1,0.5591616020102556
0,0,0.41030714653578915
0,0,0.45965815536102983
1,1,1.0
0,0,0.4846550422197456
0,1,0.5148083908137516
1,1,0.6806561491272312
1,1,0.5547203954706377
1,1,1.0
1,0,0.3475127131219453
1,1,1.0
1,1,0.546743198847846
1,0,0.019852310721254818
0,0,0.45901950376428874
1,0,0.48938685518247693
0,1,0.5041457495382529
0,1,0.5561066414508239
1,1,0.5921313760236293
1,1,0.6803745129762307
0,1,0.5314703635245241
0,0,0.42381954232848845
1,1,0.5041457495382529
0,0,0.306
0,1,0.588983762227404
0,0,0.0
1,0,0.4266487941333358
1,1,0.5186175984546153
0,1,0.5508545709393048
1,1,0.5702995868798902
0,0,0.3368187965277876
1,0,0.13425330181237216
1,1,0.5168908312977021
0,0,0.035888180932572775
0,0,0.17345608752429315
0,0,0.021293722997379326
1,0,0.05345788445840145
0,1,0.8035462066479259
0,1,0.778
1,0,0.48941814495606867
0,0,0.08571203014502478
0,0,0.17935519913265066
1,0,0.10123666802688364
0,1,0.568516449413261
1,1,1.0
0,0,0.3581558570664365
1,0,0.4922007930514516
1,1,0.8310264790959289
0,1,0.5186175984546153
1,0,0.46635409515567156
0,1,0.5319548068498541
0,0,0.14447672384724605
1,0,0.42126670095815294
0,1,0.5391036983285884
0,1,0.537952724440943
0,0,0.48573334785029304
1,0,0.028
0,0,0.47117479526733574
0,0,0.41341717301667974
0,1,0.8468415629070554
0,0,0.07874896654072855
0,0,0.45784126155575333
0,1,0.6763794106446305
0,0,0.13923081348149585
0,0,0.46226891068833925
0,0,0.16898088301957695
1,1,0.5661099842487591
1,1,0.5048727901850015
1,0,0.46815228885074844
1,0,0.46151934508981374
0,0,0.0009747063697061259
0,0,0.28669028094783605
1,1,0.519456677464264
0,0,0.42126670095815294
1,0,0.06
0,0,0.41921253146323095
0,1,0.666740306773469
0,0,0.45650623719799804
1,1,0.6236675651530138
0,1,0.5419557611748552
0,0,0.262
1,1,0.6349595967207698
0,1,0.5817140355808609
1,1,0.5595582326658877
0,1,0.5410227754434169
0,1,0.645535368394092
0,0,0.14277584033205964
1,0,0.3500942733169785
0,0,0.04949369272305536
0,1,0.5432744805326412
1,1,1.0
0,0,0.4757188469651986
0,1,0.5041457495382529
0,0,0.49579009920675504
0,0,0.4586471894326953
1,0,0.14223965021261306
0,0,0.14469135140331196
0,0,0.4534929831632774
0,0,0.28437442690496456
0,0,0.49119239005837234
0,1,0.6183606692442691
1,0,0.45809985128121045
1,0,0.40961707618896526
1,0,0.4599287267677158
0,0,0.47164343426198585
0,1,0.5099706816256824
0,0,0.009713372514790234
0,0,0.47618657596830494
0,0,0.46151934508981374
1,1,0.5559029992890601
0,1,0.6236675651530138
1,0,0.41140748213367184
0,0,0.48445796888904447
0,0,0.44000169532150885
0,0,0.44173151048183007
1,1,1.0
1,1,1.0
0,0,0.47618657596830494
0,1,0.5206012913692054
0,1,0.5588963086842551
1,0,0.4796492602518468
0,1,0.580006052493627
1,0,0.4575192977447791
1,0,0.46151934508981374
1,1,0.5419557611748552
0,0,0.086
0,0,0.4753156461944111
0,0,0.2432063019356208
0,1,0.5702995868798902
1,1,1.0
0,1,0.5229425652346357
1,0,0.34639452464770654
0,1,0.6597811699174498
0,1,0.5448136884053985
0,0,0.3681453535944154
1,1,0.5131509117186277
1,1,1.0
1,0,0.35713433092649677
0,0,0.4737871175321619
1,0,0.3593588504239299
0,0,0.214
0,0,0.4885709989499934
1,1,0.5021634125160301
1,1,0.994
0,1,0.5062791679048926
1,1,0.5206012913692054
0,1,0.5274037271396327
1,1,1.0
1,1,1.0
0,0,0.47164343426198585
0,0,0.036
0,0,0.3927812304945139
1,1,0.5361915861952106
0,0,0.19996005301222713
0,1,0.6546241706593254
0,0,0.144
0,0,0.46702849164192084
0,0,0.3475127131219453
0,1,0.5301418892261626
1,0,0.4818662294014451
0,1,0.5045138203751658
0,1,0.5559029992890601
1,1,0.984
0,0,0.49448062507050894
0,1,0.5168908312977021
1,1,0.5284710673012118
0,1,0.5436460296026628
0,1,0.5201971080203623
0,0,0.28850887907116834
0,1,0.521213248302004
0,1,0.5229425652346357
1,1,1.0
1,1,1.0
1,0,0.4944048956969496
0,0,0.08587092809983808
1,1,0.5062551569469426
1,1,1.0
0,0,0.108
0,0,0.3594312612882517
0,0,0.23659805940566836
0,0,0.4208154019456053
1,1,0.5161277911284329
0,1,0.5479401450999355
0,0,0.4549494352308837
0,1,0.5391036983285884
0,1,0.6752495292028795
1,1,0.6061226828916031
1,0,0.4657854338082925
1,1,0.5398521454336819
0,0,0.032
0,0,0.49886239820922595
1,1,0.5198361893063094
1,1,0.5264876521265783
0,1,0.5182703409348058
0,0,0.3564451454892288
0,0,0.4534929831632774
0,1,0.5229069104382628
1,1,0.986
1,0,0.118
1,1,0.5005710121715935
1,1,0.5005710121715935
0,0,0.44058201705672206
1,1,0.598755330115692
1,0,0.4779325790026912
0,1,0.5041457495382529
0,1,0.5135609530289467
1,1,0.9991047654232689
1,1,1.0
0,0,0.4846102061668726
0,1,0.5144574971134271
1,1,0.6053653940924383
0,0,0.4657854338082925
0,0,0.49463580028377646
0,0,0.4484764535772229
1,1,1.0
0,0,0.4653118545226047
1,0,0.4866938206929386
1,0,0.009623292153392603
0,0,0.4240710276052274
1,0,0.4696195874078441
1,1,1.0
0,0,0.354916142519121
0,0,0.34924584490791694
0,1,0.6795077931817265
1,0,0.4614161442494055
0,0,0.4208154019456053
1,0,0.2808462416547975
1,0,0.45901950376428874
1,0,0.162
1,1,0.5873447193542976
0,0,0.4773450679561403
0,1,0.5250150707477971
1,1,0.574668822712649
0,0,0.49295965076484877
0,1,0.5062091004224261
0,0,0.152
0,0,0.4044843348585801
0,0,0.098
1,0,0.14470324291385583
0,1,0.5215153015047981
0,1,0.6741965661326971
0,1,0.5301418892261626
0,1,0.5315390255484721
1,0,0.4431164898996439
0,0,0.4364729824916983
0,1,0.5590434616800123
0,1,0.7230161855018987
0,1,0.5062551569469426
1,0,0.12464960763381439
1,1,0.5008616683452152
1,1,0.7309335019117188
0,0,0.21988823560285428
1,1,0.521213248302004
0,1,0.5530177733732131
0,0,0.064
0,0,0.4922007930514516
0,0,0.23700098213834808
1,1,0.57916540779115
0,1,0.5226611005321335
0,0,0.016600839358889483
0,0,0.45965815536102983
1,1,1.0
0,0,0.26090565022684553
0,0,0.4527228163898198
0,1,0.519101385594176
0,1,0.6046547101671703
0,0,0.10395303525374813
1,1,0.6226195012702445
0,1,0.5184611892327401
0,1,0.5616537073409492
1,0,0.4586471894326953
0,0,0.010410061866041527
0,1,0.7661571796791452
1,0,0.2273677673707433
1,0,0.48573334785029304
0,0,0.09535635459678596
0,1,0.5030472089920336
0,0,0.44776508807210663
1,1,0.5501598917490345
1,0,0.4299323335541183
1,0,0.14300394579954975
1,1,0.7030890981837458
0,1,0.559703873658309
1,1,0.7420765494033834
0,0,0.4306082606379076
1,1,0.5595582326658877
1,1,0.5062091004224261
0,0,0.36296780541671714
0,1,0.5524453826158094
1,1,0.580006052493627
1,1,0.5168908312977021
0,1,0.5221259513988297
1,1,0.5595582326658877
0,1,0.6410797448476485
0,0,0.27134028349269546
0,0,0.468841408237262
0,0,0.4693371072687452
1,1,0.5021634125160301
1,0,0.4489019177894239
0,0,0.19722732166890805
1,0,0.4916612256257442
1,1,0.520155681706381
0,1,0.62875009460264
0,1,0.9068187843545686
1,0,0.23855912071850585
0,1,0.87
1,0,0.06347432152003213
1,0,0.4536142114081671
0,0,0.4597163934556409
1,1,0.5285201745573098
0,1,0.5288197753589837
0,1,0.6850225597977972
0,1,0.7760278050540812
0,1,0.5062091004224261
1,1,0.998
1,1,0.5206012913692054
1,0,0.46197368280995704
1,0,0.46527576441761737
0,0,0.4175563662791982
1,0,0.34257436974292305
1,0,0.39704282416094094
0,1,0.6271576428117691
0,1,0.5412118027343137
0,1,0.5148083908137516
1,1,0.5131509117186277
1,1,1.0
0,0,0.19948250869542103
1,1,1.0
0,0,0.28144877011273656
0,0,0.43687509100515526
1,0,0.2368029992453352
0,0,0.4846550422197456
1,1,0.958
1,1,0.5131509117186277
1,1,1.0
0,1,0.5916567026946677
0,0,0.47164343426198585
0,0,0.002
1,1,0.519456677464264
1,0,0.058
1,0,0.2683733354274442
0,1,0.6185219557763094
1,0,0.4240710276052274
1,1,0.7968099706486842
0,0,0.4657854338082925
1,1,0.5264876521265783
1,0,0.45901950376428874
0,0,0.4600694189797085
1,1,0.998
1,0,0.4419836480087153
1,0,0.41975615029925567
0,1,0.5441229362439823
0,0,0.47628215384141365
0,1,0.5714251596208244
1,1,0.5041457495382529
1,0,0.47117479526733574
1,1,0.588983762227404
1,1,0.5597456689450586
0,0,0.38825243764936024
1,0,0.206
1,0,0.08423597970848413
1,1,0.5393177018728215
1,0,0.49768904978934986
0,1,0.5690299080806157
1,0,0.38152624440860183
0,0,0.44950214928545024
0,0,0.322788510900197
0,0,0.0777425254279476
0,1,0.6061226828916031
1,1,1.0
0,1,0.5322324356508161
0,1,0.5206012913692054
1,1,0.5760050255158246
1,1,0.559703873658309
0,1,0.5525625049294333
1,0,0.4599287267677158
1,0,0.4750077105375299
0,1,0.8462759868972715
0,1,0.5307810956670667
1,1,1.0
1,0,0.4306082606379076
0,0,0.4536142114081671
0,1,0.5720196859984993
0,0,0.4329489177732665
0,1,0.5919989460303208
0,1,0.5518544189074571
0,0,0.4040238865295983
0,0,0.27214638110098893
1,0,0.46151934508981374
1,1,0.5062091004224261
1,1,1.0
1,0,0.4425266378350777
1,1,0.5559029992890601
0,1,0.9296030868421569
1,1,0.8767826207169593
0,0,0.38887607116288536
0,0,0.27
0,0,0.4933815720306598
1,1,1.0
1,0,0.18
1,1,0.5238684645228838
0,0,0.03358181855185886
0,1,0.5644590578433407
1,1,0.5188566827535638
1,0,0.4476417175568387
0,1,0.5062551569469426
1,1,0.5398567345685806
0,1,0.907188275168181
0,1,0.5406443469624344
1,0,0.45901950376428874
1,0,0.28021073445354766
1,0,0.3216539414025948
0,0,0.478
0,0,0.49691814636016446
0,0,0.42126670095815294
1,0,0.4310514842923118
1,1,0.5206012913692054
1,1,0.5714251596208244
0,1,0.574
1,0,0.15083237520990744
1,1,0.5195556111422631
0,0,0.25860180103581354
0,0,0.47618657596830494
1,1,0.5229425652346357
0,0,0.14919147611621503
1,0,0.04565670915560261
0,1,0.5449154803406981
0,1,0.6236675651530138
1,0,0.4108100129627059
0,1,0.5873447193542976
0,0,0.28546334275634755
1,1,0.6197039691605171
1,1,0.5559029992890601
0,0,0.37734123805739966
0,1,0.5945233969605901
1,1,1.0
0,0,0.42225453220352294
1,1,0.5307810956670667
0,0,0.3644057742232531
1,0,0.2906512143446324
0,1,0.5992081077565476
0,0,0.1307243020699365
1,1,1.0
1,1,1.0
0,1,0.5132304036650649
1,1,1.0
0,1,0.5608766553397652
0,1,0.5014150420463898
0,0,0.48573334785029304
0,0,0.11737443931127799
1,1,0.5062091004224261
1,1,0.5165159489951439
0,0,0.028
1,0,0.4846550422197456
1,0,0.48445796888904447
0,1,0.5008616683452152
1,1,0.5198361893063094
0,0,0.48764516612798786
0,1,0.8452571070259981
0,1,0.5048088613794017
0,1,0.5246070279640512
0,1,0.5135609530289467
0,0,0.4876383805757452
1,0,0.468841408237262
1,0,0.46685162054024915
0,0,0.4846550422197456
0,0,0.47487596818877464
0,1,0.5550112292278808
1,0,0.4846550422197456
0,0,0.182
1,0,0.35770921662327815
1,1,0.7690359028628831
0,0,0.4322725601657114
0,1,0.5777458524370283
1,1,1.0
0,1,0.5062551569469426
1,0,0.15894149020277018
0,0,0.34273538716855956
0,1,0.5095088662355254
0,0,0.4529256827187554
1,1,1.0
1,0,0.48764516612798786
0,0,0.31693110094678645
0,1,0.5168908312977021
1,1,0.5674043755441638
1,0,0.46685162054024915
1,0,0.4512135043837761
1,0,0.42127638975791026
1,1,0.6847364362822198
1,0,0.43731240932524224
1,0,0.46178844918451295
1,0,0.34407067095945243
0,0,0.064
1,1,0.5921313760236293
1,1,0.5437535327245367
1,1,1.0
1,1,0.5023642163788932
0,1,0.6120235513564808
0,1,0.5008616683452152
1,1,0.5227325470323655
1,0,0.46815228885074844
0,1,0.5934713494945898
0,0,0.48646762939111754
0,1,0.5366841554398342
0,1,0.5599496487602985
0,0,0.4947758403320597
0,0,0.016
1,0,0.14149253877285736
1,0,0.49456702806227304
1,0,0.48941814495606867
1,1,0.5206012913692054
0,1,0.8454164860931273
0,1,0.543319433170877
1,1,0.5014150420463898
1,1,1.0
0,0,0.3918587575056595
0,1,0.5168908312977021
0,0,0.22133905817339058
1,0,0.45965815536102983
0,1,0.505573433384439
0,1,0.5561066414508239
0,1,0.5298929977844897
1,0,0.3698357548525203
0,0,0.26
0,0,0.052
0,0,0.258966645942343
0,1,0.5168908312977021
0,0,0.4552683664975733
1,1,0.5307810956670667
0,0,0.4904042760406463
0,0,0.4044843348585801
0,1,0.9253660344560033
0,0,0.4827667334338016
1,0,0.172
0,0,0.142
1,1,0.8714331129158934
1,1,0.592
1,1,0.5513797140059161
0,0,0.1916330884897918
0,0,0.47164343426198585
0,0,0.002
0,0,0.4910703178175632
0,0,0.4910703178175632
0,0,0.39851850159999064
1,1,1.0
1,0,0.17426445013330671
1,1,1.0
1,0,0.4966995601179506
1,1,0.8609864290693142
0,0,0.4835800032887292
0,0,0.47117479526733574
1,1,0.5264876521265783
0,1,0.5298929977844897
0,1,0.5838417550411342
1,1,0.5391036983285884
0,0,0.4705098518275692
1,1,0.9729747063697062
0,0,0.2
0,0,0.108
1,1,0.6453484010575998
0,1,0.5410227754434169
0,0,0.004
1,0,0.47487596818877464
1,1,0.6086620194442545
0,0,0.344
1,0,0.49456702806227304
1,0,0.31693110094678645
1,0,0.45901950376428874
1,1,0.5993052914331893
1,0,0.41388923249885845
1,1,1.0
0,0,0.4570221076693221
0,1,0.9005230354413193
0,1,0.5186175984546153
1,1,1.0
0,0,0.42126670095815294
0,1,0.5095088662355254
0,1,0.5013785600596085
0,0,0.40791471958378456
1,1,1.0
0,0,0.061966605653156
0,1,0.5227325470323655
0,0,0.142
1,1,1.0
0,0,0.01
0,1,0.5031810784270069
0,0,0.4425266378350777
1,1,0.992
1,0,0.36721963159351284
0,0,0.11698819137822745
1,0,0.4709017450920481
0,0,0.380646194947192
0,0,0.4796492602518468
1,0,0.36020791045214906
1,0,0.376
1,0,0.34677584033205966
1,1,1.0
0,0,0.066
1,0,0.46151934508981374
1,0,0.36721963159351284
0,0,0.42005640434688957
1,1,0.524617803035881
1,0,0.49994549067271427
1,0,0.4894173401327036
1,0,0.42326595206610806
1,1,0.6344388423262636
0,0,0.002
0,0,0.068
1,0,0.4586471894326953
0,0,0.4843844214325224
0,1,0.5095088662355254
1,0,0.13944023252905705
0,0,0.49768904978934986
1,1,1.0
0,0,0.41576191994524114
1,1,1.0
1,1,0.99
1,0,0.192
0,0,0.1422748407083067
1,1,1.0
1,0,0.44509849476093366
0,1,0.5867454605629636
0,0,0.28669028094783605
0,0,0.004
1,1,1.0
0,0,0.46527576441761737
0,0,0.30698234074184116
0,1,0.5391036983285884
0,0,0.182
0,1,0.5180276523965016
0,0,0.024
1,0,0.26706599970775097
1,0,0.3953536417834476
1,1,0.5254040199432
0,0,0.2786149423805104
0,0,0.2330153877122848
1,0,0.46635409515567156
0,0,0.4571309652568444
0,0,0.016926400460586244
0,0,0.49119239005837234
1,0,0.0832723663778001
1,1,0.5398947223269513
0,1,0.5307810956670667
0,1,0.702428648788021
1,0,0.4846550422197456
0,1,0.5391036983285884
0,1,0.5013785600596085
0,0,0.4846550422197456
0,0,0.46151934508981374
0,0,0.30305468632471916
1,0,0.49448062507050894
0,0,0.3094625290454104
0,1,0.5176702240857981
1,1,1.0
1,0,0.45965815536102983
0,1,0.5135609530289467
0,1,0.5227325470323655
0,0,0.44409066944009085
0,1,0.5398567345685806
1,1,0.5168908312977021
1,0,0.43687509100515526
0,0,0.3475127131219453
0,1,0.5480085939401423
1,0,0.19948250869542103
1,1,0.5041457495382529
1,1,1.0
1,0,0.18897470636970612
0,0,0.2799758085251411
1,1,0.5148083908137516
0,0,0.13955352770647805
0,0,0.44810840746526387
0,0,0.4951204119098885
0,0,0.4175563662791982
0,0,0.046
1,1,1.0
0,0,0.24302021163280899
0,1,0.521213248302004
0,0,0.3264992430521079
0,0,0.4150246953072942
1,0,0.49579009920675504
0,1,0.5595582326658877
0,0,0.3953536417834476
0,1,0.5148083908137516
1,1,0.519456677464264
1,1,1.0
0,0,0.4933815720306598
1,1,1.0
1,0,0.49459538266054814
1,1,0.570550159157931
0,1,0.5436460296026628
0,0,0.25389383018630174
0,0,0.4846550422197456
1,1,1.0
1,0,0.46151934508981374
0,1,0.5877876603726035
0,0,0.4392954521202047
1,0,0.44890934163412505
1,0,0.42326595206610806
1,0,0.48683214112484025
0,1,0.5041457495382529
1,0,0.36900222289666224
0,1,0.5135609530289467
1,0,0.22647123073832534
1,1,1.0
0,0,0.19444950949642642
1,1,0.824
1,1,1.0
0,1,0.5398567345685806
1,0,0.0
1,1,0.5406443469624344
1,0,0.122
1,1,0.6286329972852369
1,0,0.48764516612798786
0,0,0.018
0,1,0.5132304036650649
0,0,0.4846550422197456
0,0,0.3892460704037963
0,0,0.19
0,1,0.552
1,0,0.25587036793348306
0,0,0.46685162054024915
0,0,0.12003016843669129
0,0,0.3947148603793105
1,0,0.05773930097683829
0,1,0.5168908312977021
0,0,0.31170876329975655
0,0,0.006
1,1,0.5307185131626951
1,1,0.6053022672698457
0,0,0.2703502521862804
0,1,0.5398567345685806
0,1,0.588983762227404
0,1,0.5030472089920336
1,0,0.38825243764936024
1,0,0.028685776165093144
1,1,1.0
0,0,0.12652480577320724
0,1,0.9812319828096138
0,0,0.3654746399232135
1,1,0.5008616683452152
0,1,0.5041457495382529
1,1,0.588983762227404
1,1,0.5062791679048926
0,0,0.4968785990449293
1,0,0.2133687328396925
0,0,0.176
0,1,0.8971024977577972
1,0,0.46527576441761737
0,0,0.468841408237262
0,0,0.49448062507050894
0,0,0.3202178687783862
1,0,0.2928064823431887
0,0,0.46815228885074844
1,1,0.588983762227404
0,1,0.5226611005321335
1,0,0.2199295928931911
0,1,0.6977295920241963
1,1,0.5274458871662253
1,1,0.5475407875117035
0,0,0.4614161442494055
0,0,0.4914342443773138
1,0,0.3858809202526149
1,1,1.0
0,1,0.5246334455253594
1,0,0.3500788102298581
0,1,0.5322324356508161
1,0,0.44950214928545024
0,0,0.1396941611270426
0,0,0.4175563662791982
0,0,0.4653118545226047
0,1,0.5053101432355336
1,1,0.5095088662355254
0,0,0.4571309652568444
1,0,0.4846550422197456
0,1,0.5444307520463914
0,0,0.3829515577751518
1,1,0.5149715380244776
1,1,0.520155681706381
1,0,0.46982211567338034
0,1,0.7673217226339762
1,0,0.38401868199547246
1,0,0.2604628728158215
1,0,0.268075389194276
0,0,0.15995441300227559
0,0,0.4944048956969496
1,1,0.5303586267665066
1,0,0.4818662294014451
1,1,1.0
0,1,0.666740306773469
0,0,0.4614161442494055
0,0,0.122
0,1,0.7673217226339762
1,1,0.6455544349009419
1,1,0.7947972022740994
0,0,0.43687509100515526
1,0,0.4536142114081671
1,0,0.17911798985424207
0,0,0.48573334785029304
0,1,0.5152747490126629
0,1,0.5546291780769825
1,0,0.2708165162430387
1,1,0.5852472204092701
1,0,0.4866938206929386
0,0,0.38319707734020275
1,0,0.35926878108132293
1,1,0.5135609530289467
0,0,0.3682276249701689
1,1,0.5805381842618853
0,0,0.49969885267879743
0,0,0.26794135208687697
0,1,0.5099706816256824
1,1,0.5161277911284329
0,0,0.282
0,1,0.6349595967207698
1,0,0.148
0,0,0.022
0,1,0.5501598917490345
1,1,1.0
0,1,0.7188442126800804
0,1,0.520155681706381
1,0,0.40791471958378456
1,1,0.5364825922811078
1,1,0.7505522342315559
1,1,0.6422808222713532
0,0,0.49301185059592867
1,0,0.45901950376428874
0,0,0.4484764535772229
0,0,0.48488370439453227
1,1,0.5201971080203623
1,1,1.0
0,1,0.8285143438110747
0,1,0.6485255059964012
1,0,0.4990937612427997
1,1,1.0
0,0,0.06692568857648258
0,0,0.4460508190145812
1,1,0.7879028696735411
0,1,0.574668822712649
0,0,0.01112413456047405
1,1,0.6438179424604374
1,0,0.4489019177894239
0,0,0.4392954521202047
0,0,0.234
0,0,0.21009552063469553
0,0,0.4838314888059446
0,0,0.3284963243386241
0,1,0.5436460296026628
1,0,0.35029405746978853
0,0,0.37329667796603117
0,0,0.28144877011273656
1,0,0.4185738259399454
0,1,0.5505390467123841
1,0,0.46252547144969347
0,1,0.5041457495382529
1,1,0.5238684645228838
0,0,0.4709017450920481
0,0,0.3078818246597937
0,1,0.5062791679048926
1,0,0.45411167063826674
0,0,0.3252357304055182
0,0,0.49863681320427405
1,1,0.802
0,1,0.5274458871662253
0,0,0.0009747063697061259
0,1,0.5577407537995943
0,1,0.5714251596208244
1,0,0.468841408237262
0,0,0.49456702806227304
1,1,0.5238684645228838
0,0,0.4689622786249206
0,0,0.18322613632183626
0,1,0.602
0,0,0.28640447961169957
0,1,0.5148083908137516
1,1,0.520155681706381
0,1,0.5148083908137516
1,0,0.4092066882980152
1,0,0.4175563662791982
1,1,0.7435174185163965
0,1,0.6326163545143642
1,1,0.5131509117186277
1,1,0.520155681706381
0,0,0.4990937612427997
1,0,0.45408864007447697
1,0,0.4910703178175632
1,0,0.228
0,0,0.24152508655392335
1,0,0.48305375113730215
1,0,0.4781771771504908
1,1,0.5229425652346357
0,0,0.38224005261063815
0,1,0.5095088662355254
1,0,0.49768904978934986
1,0,0.2732162267880847
0,1,0.686
1,1,0.9760766803513936
0,0,0.48573334785029304
0,1,0.5501598917490345
0,1,0.5319548068498541
1,0,0.4607529709772349
1,1,1.0
1,0,0.3111519875174507
0,1,0.9098764546254765
0,1,0.5005710121715935
0,1,0.5173095030045985
0,0,0.066
0,0,0.26600252622042964
1,0,0.31286353078389406
1,1,0.7947972022740994
0,0,0.41921253146323095
0,0,0.49295965076484877
0,1,0.5315390255484721
1,1,0.5229425652346357
1,1,0.5419557611748552
0,0,0.09767772919665924
0,0,0.06515249897358964
1,1,1.0
0,1,0.5135609530289467
1,0,0.35018639052068745
0,1,0.6183606692442691
1,1,1.0
0,0,0.39334210330510644
0,0,0.44950214928545024
1,1,0.5398567345685806
0,1,0.7969546111441607
0,1,0.6447685830391654
0,0,0.16631752296079896
1,0,0.11525652312198877
0,0,0.4933815720306598
0,1,0.5398567345685806
0,1,0.8536772830294437
1,1,0.5714251596208244
0,0,0.4322725601657114
0,0,0.088
1,1,0.5298929977844897
0,1,0.5619033415655096
0,0,0.045893830186301734
1,0,0.3398490797893002
1,0,0.4534929831632774
1,0,0.4846550422197456
1,1,0.6046547101671703
0,0,0.12317484219465138
1,0,0.0007758403320596621
0,0,0.3742204281543384
0,1,0.5897549056823275
0,0,0.47628215384141365
0,1,0.7193041959242352
1,1,1.0
1,0,0.2615516806641193
1,0,0.42075811208565744
1,0,0.4846550422197456
0,0,0.3720776526794792
1,0,0.4433442332932364
0,1,0.5301418892261626
1,0,0.3123233238656891
1,0,0.4614161442494055
0,1,0.5274458871662253
0,0,0.468841408237262
1,1,0.5585186464129971
0,0,0.03091746255590697
1,0,0.49768904978934986
1,1,0.6850225597977972
1,1,1.0
0,1,0.5168908312977021
1,0,0.05973024938635759
0,1,0.5057209331541698
1,0,0.3823540832231782
0,1,0.7158938301863018
1,0,0.45437477955443434
0,0,0.48913121198346254
1,1,1.0
0,0,0.3456531025125747
1,1,0.5571812997139598
0,0,0.4922007930514516
0,0,0.38973570122600715
1,0,0.28158271648547284
0,0,0.4846550422197456
1,0,0.266
0,0,0.406497193436997
1,1,1.0
0,0,0.48445796888904447
0,1,0.5501598917490345
0,1,0.6828887374294442
1,1,0.521213248302004
0,0,0.31693110094678645
0,0,0.24381388470929252
0,0,0.47618657596830494
0,0,0.202
0,1,0.5436460296026628
0,0,0.4835800032887292
0,0,0.24631978566924537
0,1,0.5188566827535638
0,1,0.5161277911284329
1,1,0.5041457495382529
0,0,0.018
0,0,0.37490339873086514
0,0,0.024
1,0,0.4990937612427997
0,0,0.45901950376428874
1,1,0.8975070865585262
1,0,0.49119239005837234
0,0,0.3085974117581091
0,0,0.18389383018630173
1,1,0.574668822712649
0,0,0.4433442332932364
0,0,0.004
0,0,0.47203741452604653
1,1,1.0
0,1,0.5148511997544535
1,0,0.47649922904885367
1,1,0.7845106539882107
0,0,0.4680191366335149
0,1,0.5229069104382628
1,1,1.0
1,1,0.5041457495382529
0,0,0.48389757818469803
1,1,0.5404575636614277
1,1,0.588983762227404
1,1,1.0
0,0,0.048
1,1,0.5137387239283931
0,1,0.5188566827535638
0,1,0.5578951737497669
1,1,1.0
1,1,0.5526259769017853
0,0,0.118
0,0,0.3196205063344601
1,1,0.5436460296026628
1,1,0.5546291780769825
1,1,0.5012019143839306
0,1,0.665722711966231
0,1,0.5148083908137516
0,0,0.4980844092750878
1,1,0.7413803112011678
1,1,1.0
1,1,0.5106587709370765
1,0,0.45901950376428874
0,1,0.5387972424274352
0,1,0.6977295920241963
0,0,0.4597163934556409
0,0,0.48488370439453227
0,1,0.5135609530289467
1,0,0.4796492602518468
0,0,0.4425266378350777
0,1,0.5227325470323655
0,0,0.3863743451836792
1,1,0.521213248302004
1,0,0.2579565757147841
1,1,0.5333524826020863
0,0,0.13799180237533978
1,1,0.5201971080203623
0,0,0.11260253610698301
1,0,0.3646190113189302
0,0,0.48445796888904447
1,0,0.46151934508981374
1,0,0.4626114912816819
1,1,0.5229069104382628
1,0,0.4750077105375299
0,0,0.46685162054024915
1,0,0.31763761374481486
0,1,0.5312075783246247
0,0,0.348
0,0,0.4586471894326953
0,0,0.35008712702526495
0,0,0.4571309652568444
0,1,0.7094171005235402
1,1,0.5429481376599417
1,1,0.9892400228950436
0,0,0.4697383445553928
0,1,0.5610294898309638
0,0,0.01
1,1,1.0
0,1,0.5238684645228838
0,1,0.5148083908137516
1,1,0.5415013110248754
0,0,0.49994549067271427
0,0,0.036
1,1,0.5644590578433407
0,0,0.0046361406180893665
1,1,0.9331415060431398
0,0,0.10911798985424206
0,0,0.1
0,1,0.5206012913692054
0,0,0.3217157352811477
0,0,0.03
1,1,0.5179506995448857
0,0,0.014
0,1,0.5432744805326412
0,1,0.6372389429671333
0,1,0.5644590578433407
1,0,0.4599287267677158
1,0,0.20515219716806476
1,1,0.5429481376599417
0,0,0.13
1,0,0.4818662294014451
0,1,0.5168908312977021
1,0,0.3646190113189302
0,1,0.5161277911284329
1,1,0.519456677464264
0,0,0.08160586033132652
1,0,0.4858245227197598
1,1,0.5485304951785348
1,0,0.4737871175321619
1,0,0.4208154019456053
1,1,1.0
1,1,0.7349299301601546
0,0,0.2876505792630184
0,0,0.4136985087538945
0,1,0.5307185131626951
0,0,0.3773421051884381
0,1,0.54171470629203
0,0,0.4990937612427997
0,1,0.5128026149519797
1,0,0.4653118545226047
1,1,1.0
1,0,0.46527576441761737
1,1,0.520155681706381
1,0,0.30662857411286765
0,0,0.016
0,0,0.028
1,0,0.188
1,1,0.5168908312977021
0,0,0.2740265953530967
1,1,1.0
0,0,0.1600718238305633
1,1,0.5274458871662253
1,1,1.0
0,0,0.4657854338082925
1,1,0.5168908312977021
0,1,0.5595582326658877
0,0,0.014641497240662786
0,0,0.23352553480460952
0,1,0.6829164656197578
0,0,0.4846550422197456
0,0,0.49295965076484877
0,0,0.086
0,0,0.46423277090606546
1,1,0.5479401450999355
0,0,0.192
0,1,0.5095088662355254
0,1,0.6586689942698813
1,1,0.5264876521265783
1,0,0.47628215384141365
0,0,0.4690371103618516
0,1,0.6890118200405438
1,0,0.4796492602518468
1,1,0.5019931156820426
0,1,0.8250932628203471
1,0,0.2786926586121553
0,0,0.4015729644575041
0,0,0.4536142114081671
0,0,0.4433442332932364
0,1,0.5206012913692054
0,0,0.46732386279725013
0,0,0.47713020629801683
0,0,0.106
1,0,0.4709017450920481
1,0,0.1728477340960813
1,0,0.05991502371685761
0,0,0.49295965076484877
0,0,0.11001581665473116
1,1,0.510210558778354
0,1,0.6592946036716244
0,1,0.5102902435237725
0,1,0.5184611892327401
1,0,0.47618657596830494
0,0,0.01
0,1,0.5148083908137516
0,1,0.5563121474199869
0,0,0.20074490331109276
0,0,0.21222264106057662
1,1,0.6795032154890989
0,0,0.43731240932524224
1,1,0.5168908312977021
0,1,0.5201971080203623
0,0,0.42326595206610806
0,0,0.068
0,0,0.006
1,0,0.14392685405570055
1,1,0.5233753470611903
1,0,0.49171271720769577
0,1,0.5274458871662253
1,0,0.4433442332932364
0,1,0.5028002029334034
0,1,0.5436460296026628
1,0,0.03411176499050148
0,1,0.5274458871662253
0,0,0.47628215384141365
0,1,0.5927499635538317
0,1,0.5167923795860968
0,0,0.48573334785029304
1,1,1.0
1,0,0.158
0,0,0.045655625204350694
0,0,0.4929934024441226
0,1,0.5595582326658877
1,0,0.3423244629723024
0,1,0.5135609530289467
0,1,0.5264876521265783
1,0,0.49691814636016446
1,0,0.4476417175568387
1,0,0.4549275406719968
0,1,0.5805381842618853
0,0,0.4476417175568387
1,0,0.4491853425282762
0,1,0.5148903911035921
0,1,0.6498886411179594
1,0,0.4153583052218096
1,0,0.45437477955443434
1,1,1.0
1,1,0.998
0,0,0.106
1,0,0.4174899024020761
1,1,0.5148083908137516
0,1,0.5608766553397652
0,0,0.49295965076484877
0,1,0.5295143721256249
0,0,0.3953536417834476
0,1,0.5501598917490345
0,1,0.7475597647013218
1,1,0.5201971080203623
0,0,0.299249338595021
0,0,0.022
1,0,0.19252181780938102
1,1,0.574668822712649
0,1,0.5315390255484721
0,0,0.35269681164116
0,0,0.06778128655290785
0,0,0.040256455980562544
1,0,0.4476417175568387
0,0,0.31623597970848416
0,1,0.5168908312977021
0,0,0.2774272792926894
1,0,0.48488370439453227
0,0,0.23661004254289086
0,0,0.47595498503498895
1,0,0.45965815536102983
0,1,0.5168908312977021
0,1,0.5307810956670667
1,1,1.0
0,0,0.056256846799133925
0,1,0.5148083908137516
1,1,0.8790856866181284
1,0,0.3105846153626048
0,0,0.41921253146323095
0,1,0.5274037271396327
0,0,0.3896271903878461
0,0,0.4600694189797085
0,0,0.4846550422197456
0,0,0.1838864873497549
0,0,0.15784700293548812
0,0,0.3922642643765807
0,0,0.082
0,0,0.4514109008572663
0,0,0.29035025218628047
0,0,0.45437477955443434
1,0,0.4310514842923118
1,0,0.15005298974925246
0,1,0.5372147643482258
0,1,0.5144574971134271
1,0,0.35010342243069176
0,1,0.5661099842487591
1,0,0.1762611256100403
1,1,0.598755330115692
1,1,0.5206012913692054
1,1,1.0
1,0,0.4846550422197456
0,0,0.48913121198346254
0,0,0.4508838544733319
0,1,0.5168908312977021
1,1,0.5013785600596085
1,1,0.6114335966784822
0,1,0.7873662581435865
0,0,0.39899548395562845
0,1,0.813050400936412
0,1,0.5436460296026628
1,0,0.4697383445553928
1,1,0.5805381842618853
0,1,0.5135609530289467
0,0,0.47618657596830494
0,1,0.5260908323545981
0,0,0.4174899024020761
0,0,0.0
1,0,0.46815228885074844
0,0,0.358
1,0,0.4818662294014451
1,0,0.2910315083471534
0,1,0.5168908312977021
0,0,0.4846550422197456
0,0,0.36653769323567686
1,1,1.0
0,0,0.48558370018224556
1,1,0.557427927226673
0,0,0.4099852058241096
1,1,1.0
1,1,0.5894432365314035
0,0,0.22211907288151703
0,0,0.4614161442494055
1,0,0.2974135165914415
0,0,0.116
0,1,0.5062551569469426
1,1,0.5227325470323655
1,1,0.5702995868798902
0,0,0.37315834268525305
1,1,0.5307185131626951
1,1,0.645535368394092
1,0,0.31084412647079956
0,1,0.612
1,1,0.5062551569469426
1,0,0.4878470506189733
0,0,0.20023597970848414
1,1,0.7978197517568778
0,1,0.5008616683452152
1,1,0.6344314379900018
1,1,1.0
1,1,1.0
1,1,0.8812153130221799
0,0,0.324
1,1,1.0
1,1,0.6593779541957756
0,0,0.005117989854242072
0,0,0.4425266378350777
0,0,0.48913121198346254
0,1,0.6126696705183614
0,1,0.5200632390109623
0,1,0.5652062932285978
1,1,0.9040648293139428
0,0,0.4866938206929386
1,1,0.5229425652346357
0,0,0.46982211567338034
1,1,0.5206012913692054
0,0,0.47164343426198585
0,0,0.3703173388481512
0,1,0.7641047816111509
0,1,0.5988228752606243
1,1,1.0
1,0,0.4738463558009017
0,1,0.5048088613794017
1,0,0.360767612259434
0,1,0.5457554958671984
0,0,0.03
0,0,0.078
0,0,0.468841408237262
1,0,0.1984677453028082
1,0,0.4310514842923118
1,1,1.0
1,0,0.4315935851521222
1,1,0.5099706816256824
1,0,0.48913121198346254
1,1,0.5501598917490345
0,0,0.49768904978934986
1,1,1.0
1,0,0.4536142114081671
1,0,0.47864789838614125
1,0,0.4433442332932364
1,0,0.468841408237262
0,1,0.578
1,1,1.0
0,1,0.5818875568577742
1,1,0.5008616683452152
1,1,0.5206012913692054
1,0,0.48573334785029304
0,0,0.48913121198346254
1,1,0.5168908312977021
1,1,0.5315390255484721
1,1,0.580006052493627
0,1,0.5201971080203623
0,0,0.3435528132428431
1,0,0.47822016510500465
1,1,1.0
0,1,0.5315390255484721
0,0,0.22373629388046276
1,0,0.48305375113730215
1,1,0.574668822712649
0,0,0.4503792884643055
0,0,0.4549275406719968
1,1,1.0
0,1,0.5307810956670667
0,0,0.46584377615661976
0,1,0.5398567345685806
1,1,0.521213248302004
0,1,0.6354930867344821
1,1,1.0
1,1,1.0
1,0,0.42326595206610806
0,0,0.22711798985424206
0,0,0.4552683664975733
1,0,0.44000169532150885
1,1,0.5099706816256824
0,0,0.47628215384141365
0,0,0.2638314321286407
1,0,0.3918587575056595
0,1,0.5391036983285884
1,0,0.49456702806227304
0,1,0.5274458871662253
0,1,0.5518544189074571
1,1,0.5095088662355254
1,0,0.44950214928545024
0,1,0.5315390255484721
1,0,0.48445796888904447
1,0,0.49768904978934986
0,0,0.433417075080916
0,0,0.2813910190796729
0,0,0.2876505792630184
0,1,0.7617354932424637
0,0,0.47822016510500465
1,0,0.48573334785029304
1,1,1.0
0,0,0.1383686708190285
1,0,0.4476417175568387
0,0,0.3521528911159203
0,1,0.5404575636614277
0,0,0.45722539987777067
0,1,0.6583391637184902
0,0,0.2096037775864471
0,0,0.4586471894326953
0,1,0.5496485162391984
1,0,0.21194961872873738
0,0,0.48488370439453227
1,0,0.43731240932524224
0,0,0.4990937612427997
0,0,0.3793771645465061
1,1,0.5168908312977021
0,1,0.6059273288777764
0,1,0.6236675651530138
1,1,0.5236452051021028
0,0,0.3720776526794792
1,1,0.5008616683452152
0,0,0.4382507529739618
1,1,0.8115900840221731
0,0,0.3863743451836792
1,1,0.5062551569469426
0,1,0.5005594742004014
1,1,0.5398567345685806
0,1,0.554359073115812
0,0,0.41
0,1,0.5148083908137516
1,1,0.574668822712649
0,0,0.08511798985424207
0,0,0.17680125972984587
0,1,0.5291460877893168
1,0,0.4549494352308837
0,1,0.6568187922428659
0,1,0.5180276523965016
1,0,0.4910703178175632
0,0,0.18889901832859565
0,0,0.4922007930514516
1,0,0.46151934508981374
1,0,0.49366174624760706
0,0,0.3809649963081923
1,1,1.0
0,1,0.5161277911284329
1,1,0.5264876521265783
1,0,0.4697383445553928
1,1,0.5841043073317866
0,0,0.019477392806306087
0,0,0.4530487751784647
0,1,0.5062091004224261
0,1,0.5274037271396327
0,0,0.10690239328106167
0,0,0.44950214928545024
1,0,0.3887095223589768
0,1,0.5023642163788932
1,0,0.48573334785029304
1,1,0.5168908312977021
1,1,1.0
1,0,0.282
1,0,0.48786722992733145
0,0,0.4506633431786874
1,0,0.47117479526733574
0,0,0.2340813586472464
1,1,1.0
0,1,0.5404575636614277
1,1,0.5161277911284329
0,0,0.029117018613363566
1,1,0.89
0,1,0.558862931291059
1,0,0.4744440633146783
0,1,0.5188566827535638
0,0,0.4706967916235123
0,1,0.5674043755441638
1,1,1.0
0,1,0.5264876521265783
0,1,0.645535368394092
1,1,0.5619033415655096
0,0,0.11650682950530795
1,1,0.5161277911284329
1,1,0.9033698806228424
0,0,0.32281217407654267
1,0,0.004
1,1,1.0
0,0,0.4697383445553928
1,1,0.998
1,1,0.5505390467123841
0,1,0.5281079581856468
1,1,0.5076741198716426
1,0,0.46702849164192084
1,1,0.8790687403308126
1,1,1.0
1,1,0.998
1,0,0.43725908881720377
1,1,0.5710746284531442
0,0,0.37724159505849325
0,0,0.2976648912951662
0,0,0.3328010477058651
0,0,0.4422800397894123
1,0,0.4535979037697601
1,0,0.45965815536102983
1,0,0.4750077105375299
0,0,0.47628215384141365
1,1,0.7566908447638231
1,0,0.3601532250042887
0,0,0.46151934508981374
0,1,0.5805381842618853
1,1,0.5406443469624344
0,0,0.44950214928545024
1,0,0.48786722992733145
1,1,1.0
0,1,0.5008616683452152
0,0,0.39704282416094094
1,0,0.44783450314399686
0,0,0.04981193540506838
0,0,0.47628215384141365
1,1,1.0
1,1,1.0
0,0,0.31900250707480515
0,0,0.3755776424991795
0,0,0.39293657579911495
0,1,0.5115458922915659
1,1,1.0
1,0,0.4322725601657114
0,1,0.5148083908137516
1,0,0.47618657596830494
1,0,0.4614161442494055
0,0,0.004
0,1,0.5397069877880631
0,0,0.4933815720306598
0,1,0.6860038691084751
0,0,0.47618657596830494
1,0,0.29579617195022834
0,0,0.49579009920675504
0,0,0.2364956559876027
1,1,0.5307810956670667
0,1,0.5391036983285884
1,0,0.4750077105375299
1,0,0.12
0,0,0.35770921662327815
0,1,0.5168908312977021
1,0,0.24478851090019704
1,0,0.158
0,0,0.4322725601657114
0,1,0.5307810956670667
1,0,0.49456702806227304
0,0,0.268
0,1,0.5254040199432
1,1,1.0
0,1,0.5014150420463898
1,0,0.4750077105375299
0,1,0.5307810956670667
0,0,0.48445796888904447
0,0,0.114
1,1,0.5404575636614277
0,0,0.45965815536102983
1,1,1.0
1,0,0.4321683709944298
0,1,0.5436460296026628
0,0,0.051377412143504324
1,1,0.5095088662355254
0,0,0.026
0,1,0.5005710121715935
0,1,0.5505390467123841
1,0,0.2767824794802715
1,1,1.0
0,0,0.48488370439453227
0,1,0.5702995868798902
0,1,0.5430821662920532
0,1,0.7525418252836147
0,0,0.49579009920675504
0,1,0.5041457495382529
1,1,0.5322324356508161
0,0,0.1960052079186777
0,0,0.4968785990449293
0,0,0.0
0,0,0.42102432839948706
0,1,0.5412118027343137
1,0,0.37490339873086514
0,0,0.48913121198346254
1,0,0.4781771771504908
0,0,0.3271393055703015
1,1,0.5260908323545981
0,0,0.48764516612798786
1,1,0.5161277911284329
1,1,0.5131509117186277
0,1,0.5095088662355254
1,0,0.41341717301667974
1,1,0.5848468204226454
0,1,0.5005710121715935
1,1,1.0
1,0,0.3398490797893002
0,0,0.12
1,0,0.48573334785029304
1,0,0.14357765293018032
0,1,0.5419557611748552
1,1,1.0
0,0,0.4536142114081671
0,0,0.46077990726714835
0,0,0.4818662294014451
1,0,0.47267523758154817
0,0,0.244
0,1,0.51278821394004
0,1,0.57916540779115
0,0,0.178
0,0,0.16111798985424206
0,0,0.28558109128767534
0,1,0.5816420765525326
0,1,0.5387972424274352
0,0,0.3927812304945139
1,0,0.4689622786249206
1,0,0.3079157278790228
1,0,0.45469171041327394
0,0,0.01538035568505511
0,1,0.6069347063114401
0,0,0.006503276773195106
1,1,1.0
1,0,0.4486735772802837
1,1,0.5131509117186277
0,0,0.0
0,0,0.4690815020927963
0,0,0.016
0,1,0.5014150420463898
0,0,0.346
1,0,0.4910703178175632
1,1,1.0
0,0,0.36329721549008304
1,1,1.0
1,0,0.4796492602518468
0,1,0.6370122387127691
0,1,0.5371460465272584
1,0,0.35269681164116
1,0,0.45809985128121045
0,0,0.17511798985424207
0,0,0.4575192977447791
0,0,0.45901950376428874
0,0,0.14854137112827345
1,0,0.4614161442494055
0,0,0.228
0,0,0.48913121198346254
0,0,0.4838314888059446
0,1,0.5148083908137516
0,0,0.22040447961169957
0,1,0.5288197753589837
0,0,0.46178844918451295
0,0,0.4536142114081671
0,1,0.5233753470611903
0,1,0.6619425911264767
0,1,0.6752886323844297
0,1,0.5687609755770522
0,0,0.28
0,0,0.46936033951834955
0,1,0.5304859040121012
0,1,0.7186207008882206
1,1,0.5013785600596085
0,1,0.5745781588643395
1,0,0.468841408237262
1,1,1.0
0,1,0.8102762405888408
0,0,0.45579252514123086
0,1,0.5303586267665066
0,0,0.13580991149130933
0,0,0.44950214928545024
0,0,0.322729774318756
0,0,0.47628215384141365
1,1,0.5600755045559667
0,1,0.5897549056823275
0,1,0.5005710121715935
1,0,0.46151934508981374
1,0,0.4791179898542421
0,0,0.29670351612643037
1,0,0.15387601403204634
1,1,0.570550159157931
1,1,0.5264876521265783
0,0,0.34085350065093695
0,0,0.494
1,0,0.3699430543339264
1,1,0.554692071634821
0,1,0.5274458871662253
0,0,0.12317484219465138
1,0,0.40961707618896526
0,0,0.38152624440860183
0,1,0.5314703635245241
0,1,0.588983762227404
1,0,0.022
0,0,0.23757680160929537
0,1,0.5148083908137516
0,0,0.088
0,0,0.2705871973859344
0,1,0.6215934258093898
0,1,0.5184611892327401
1,1,1.0
0,1,0.5005710121715935
0,1,0.6486494809522925
1,1,0.5005710121715935
1,1,1.0
0,1,0.588983762227404
1,1,0.5307810956670667
0,0,0.4813698806228424
1,1,1.0
0,0,0.005408310861882198
0,0,0.46252547144969347
0,1,0.7617354932424637
0,0,0.44950214928545024
1,1,1.0
0,0,0.468841408237262
0,0,0.46252547144969347
1,1,1.0
0,0,0.2524033815483367
1,0,0.49164486014771697
0,1,0.700867317371635
1,0,0.373574299895105
1,1,1.0
0,0,0.208
1,1,1.0
0,0,0.4796492602518468
1,1,0.5526749969625424
0,1,0.5229425652346357
0,1,0.5246334455253594
0,1,0.5201971080203623
1,1,0.5041457495382529
0,0,0.03091746255590697
1,0,0.36900222289666224
0,0,0.4791321860913771
1,0,0.37315834268525305
0,0,0.10564952796767035
0,0,0.25423520052919185
1,0,0.11911798985424207
0,0,0.188075759218913
1,0,0.15
0,0,0.4164432258744584
1,0,0.4322725601657114
0,0,0.48823711107066503
1,1,0.998
1,0,0.49691814636016446
1,1,0.7073447647305007
0,1,0.5062551569469426
1,1,0.521213248302004
1,0,0.19450441436415097
1,1,1.0
0,0,0.178
0,0,0.49301185059592867
1,1,0.6050964265382054
0,1,0.5246334455253594
1,1,1.0
1,1,0.5140177000648697
0,0,0.48764516612798786
0,0,0.44776508807210663
0,1,0.5702995868798902
1,1,1.0
1,1,0.5838417550411342
1,1,1.0
1,1,0.5745781588643395
0,0,0.46178844918451295
0,0,0.14678428179005887
1,0,0.49456702806227304
1,0,0.48573334785029304
0,0,0.45965815536102983
0,0,0.4425266378350777
1,1,0.675419440137101
0,1,0.7328952468376312
0,1,0.502877602971645
1,1,0.994
0,0,0.0
1,1,0.5144574971134271
0,1,0.6736365807548413
0,1,0.5161277911284329
0,0,0.4750077105375299
1,1,1.0
0,0,0.46815228885074844
1,0,0.46151934508981374
1,1,1.0
1,0,0.36721963159351284
1,1,1.0
1,1,0.7667477180257886
1,0,0.49768904978934986
1,0,0.4922007930514516
0,1,0.588983762227404
1,1,0.5188566827535638
1,1,1.0
0,1,0.7885659814008418
0,0,0.47164343426198585
0,0,0.4069792097496562
1,1,0.543319433170877
0,0,0.4481790175875755
1,1,0.5301418892261626
1,1,1.0
0,0,0.198
0,1,0.543319433170877
1,1,0.5578951737497669
0,0,0.4922007930514516
0,0,0.1415520571996519
0,0,0.2884666817635887
1,0,0.4990937612427997
0,1,0.5745562118342263
0,0,0.4910703178175632
0,0,0.2096037775864471
1,0,0.4750077105375299
1,1,1.0
1,1,0.5148083908137516
0,0,0.134
1,1,1.0
0,1,0.546743198847846
0,1,0.5227325470323655
1,1,1.0
0,1,0.5238684645228838
0,0,0.09409882697715147
1,0,0.4872961243176189
0,1,0.679684104653791
0,0,0.09
1,0,0.26330234027927923
0,1,0.6820334287336082
1,0,0.4425266378350777
1,1,0.5206012913692054
0,0,0.4514109008572663
1,1,0.5301418892261626
0,0,0.4514109008572663
0,0,0.32654205014429166
0,1,0.545111659622157
0,1,0.5112694054327092
0,0,0.4586471894326953
1,1,0.5301418892261626
1,0,0.48573334785029304
0,1,0.5238684645228838
1,0,0.276189044493574
1,0,0.4916612256257442
0,0,0.49301185059592867
0,1,0.5041457495382529
0,0,0.014
0,1,0.7655609923830666
0,1,0.5285201745573098
0,0,0.06
1,1,1.0
0,1,0.5368149133103511
0,0,0.4524968442818173
0,1,0.631586406324448
1,0,0.46423277090606546
1,0,0.35010342243069176
1,1,0.5201971080203623
0,0,0.46685162054024915
0,1,0.5005710121715935
1,1,0.5148083908137516
0,0,0.48389757818469803
0,1,0.5135609530289467
0,1,0.5224356113065995
0,1,0.5099706816256824
1,1,0.8727643462616904
1,1,1.0
0,0,0.44000169532150885
0,1,0.5436460296026628
1,0,0.07711798985424206
1,1,0.6271447547563276
1,1,0.5398567345685806
0,0,0.45838902399194414
1,0,0.4657854338082925
0,0,0.4838314888059446
1,0,0.48305375113730215
1,1,1.0
1,1,0.580006052493627
0,0,0.47618657596830494
0,1,0.5148083908137516
1,0,0.4090540168649377
0,1,0.7996443290866874
0,1,0.5274458871662253
0,1,0.9333315334012117
0,0,0.06047270153155962
0,1,0.8773509909700269
0,1,0.5720196859984993
0,0,0.48573334785029304
1,1,0.5315390255484721
0,0,0.46635409515567156
1,1,0.5062091004224261
0,0,0.3009168793346229
1,1,0.5099706816256824
1,1,0.5161277911284329
1,0,0.4608226518910182
0,0,0.23132368393744018
1,0,0.2628255860017822
1,0,0.43731240932524224
1,0,0.48445796888904447
0,0,0.152
0,0,0.2212239150870082
1,1,0.6400228442815886
0,1,0.6322756095635158
1,0,0.47618657596830494
1,0,0.44783450314399686
0,1,0.5259103196815872
1,1,0.7125521267660533
0,0,0.2957120301450248
0,0,0.114
1,0,0.4665351554713535
0,0,0.4933815720306598
1,0,0.404
0,1,0.6924862831576543
0,1,0.5307185131626951
0,0,0.4299323335541183
0,0,0.49164486014771697
0,1,0.5838417550411342
1,0,0.4175563662791982
0,0,0.477944571504049
1,1,1.0
1,1,0.5168908312977021
0,0,0.34377266870346285
1,1,0.6249517427347748
1,0,0.42225453220352294
0,0,0.004
1,0,0.4818662294014451
1,0,0.16483036682138072
1,1,0.95781479725755
1,1,1.0
0,0,0.008
0,0,0.24
1,1,0.5161277911284329
0,0,0.20436543671716992
0,1,0.5301418892261626
1,1,0.7523518987042165
1,0,0.098
1,1,0.5295143721256249
0,0,0.11
0,1,0.5144574971134271
0,0,0.009262458954241635
0,1,0.5031810784270069
1,0,0.2512838077493275
1,1,0.5315390255484721
0,1,0.554692071634821
1,1,1.0
0,0,0.27402005250242134
0,1,0.5391036983285884
0,0,0.448317997251605
0,0,0.4315935851521222
0,0,0.49448062507050894
0,1,0.5048088613794017
0,0,0.026765560101100518
1,1,0.5008616683452152
0,0,0.31693110094678645
1,0,0.49579009920675504
1,1,1.0
1,1,0.9379864786088696
0,0,0.1879392466920079
1,0,0.42105173009600794
0,0,0.4670110366815949
1,1,0.5201971080203623
0,1,0.5378420063746574
0,1,0.5041457495382529
1,1,1.0
1,0,0.49886239820922595
0,0,0.4846550422197456
1,0,0.019714874254061182
0,0,0.4750077105375299
1,0,0.4425266378350777
1,1,0.6535813077019813
1,0,0.45901950376428874
0,1,0.5227325470323655
1,1,1.0
0,0,0.23531065893377898
0,0,0.49456702806227304
1,0,0.3887095223589768
0,0,0.21753833945997925
1,1,0.8163251595538751
0,0,0.11305247831662076
0,0,0.4818662294014451
0,0,0.34057385846577504
0,0,0.41568770760731294
0,1,0.6824681353599146
0,0,0.20157225926930988
0,0,0.3686828366044972
0,0,0.48445796888904447
0,0,0.49691814636016446
0,0,0.136
1,0,0.49456702806227304
1,1,0.5041457495382529
0,0,0.002
0,1,0.5148511997544535
1,1,0.5140177000648697
0,0,0.4765785702122045
0,0,0.2455516806641193
1,1,0.5745562118342263
0,0,0.118
1,1,0.5411550250501634
0,0,0.10851292294385363
0,1,0.6610715156965171
0,0,0.23177429411323394
0,0,0.4597163934556409
0,1,0.5477594440509158
0,1,0.521213248302004
1,0,0.1402497612252043
1,1,0.5095088662355254
0,0,0.030847813406905792
0,1,0.5429481376599417
1,1,0.5062791679048926
1,1,0.5982965839752121
1,0,0.47850032451268387
1,1,1.0
1,0,0.4866938206929386
0,0,0.46252547144969347
1,1,0.5041457495382529
1,0,0.046515268798892354
0,0,0.4075988816990744
0,0,0.31043017803634726
0,1,0.5383888524880848
0,0,0.0033106589337789575
0,1,0.5595582326658877
0,0,0.40961707618896526
0,1,0.521213248302004
1,0,0.15966823683847434
1,0,0.20207989552770209
0,0,0.48913121198346254
1,1,1.0
1,1,1.0
0,1,0.5008616683452152
1,0,0.4910703178175632
0,0,0.4866938206929386
0,1,0.783839621702519
1,1,1.0
0,0,0.49579009920675504
1,1,0.5135609530289467
0,0,0.4737871175321619
1,1,0.5238684645228838
0,0,0.47850032451268387
0,0,0.0703361322141996
1,0,0.29934298162335415
0,0,0.37478870703193257
0,1,0.6471855679916452
1,1,0.5817140355808609
1,1,1.0
1,1,1.0
0,0,0.0006443714156840003
0,0,0.45757320752679426
0,1,0.554359073115812
0,0,0.3383613408214885
0,0,0.468841408237262
0,0,0.36619271604906795
1,1,0.5198361893063094
1,1,1.0
1,0,0.48573334785029304
1,0,0.46877859496566276
0,1,0.5919989460303208
0,0,0.34004248381928953
1,1,0.5180276523965016
0,0,0.46252547144969347
0,1,0.5475407875117035
0,0,0.02877584033205966
0,0,0.36208022444993126
0,0,0.45020324739733913
0,1,0.6973527041783556
0,0,0.47628215384141365
0,1,0.6201761437160429
1,0,0.17292796458677062
1,1,0.5301418892261626
0,0,0.49579009920675504
0,0,0.49119239005837234
1,0,0.37227447468693864
1,1,0.537952724440943
0,0,0.4322725601657114
0,0,0.30872326032583053
1,0,0.49768904978934986
0,0,0.12288701915696783
0,0,0.47628215384141365
0,0,0.11601879016185222
0,0,0.2871044684631119
1,0,0.4614161442494055
1,0,0.3224346181703162
0,0,0.2866213178675579
0,0,0.46151934508981374
1,1,0.5437336708517218
0,0,0.46178844918451295
1,1,0.5848468204226454
1,1,0.7802678783380563
1,0,0.13828659633610785
0,1,0.5540997439104628
0,1,0.5307185131626951
1,1,0.5186175984546153
1,0,0.47850032451268387
0,0,0.27459404029078266
1,0,0.42225453220352294
0,0,0.2567462717216598
0,1,0.5062091004224261
1,1,1.0
0,1,0.5515373058939308
1,1,0.5298929977844897
1,0,0.04219857365533416
1,0,0.32169133713916204
1,0,0.34924584490791694
0,0,0.48646762939111754
0,0,0.4990937612427997
0,0,0.22798774092735713
0,0,0.42817354931195384
1,1,0.557427927226673
0,1,0.5838417550411342
0,0,0.07911798985424207
0,1,0.9650280767027907
1,1,0.5103690306993274
1,1,1.0
0,1,0.5591403893834782
1,0,0.49994549067271427
1,1,0.8627764152727997
0,0,0.04822839632568233
0,1,0.633963853008156
0,1,0.6773101473983355
0,0,0.4846550422197456
1,0,0.4514109008572663
0,0,0.45965815536102983
0,1,0.6170897021215733
1,0,0.48764516612798786
1,1,0.5464343471819415
1,0,0.49944004267895015
0,0,0.07623597970848416
1,0,0.49886239820922595
1,0,0.41975615029925567
1,0,0.4174899024020761
1,1,0.7130093584491193
1,1,1.0
1,0,0.37490339873086514
1,0,0.1879392466920079
0,0,0.01
0,0,0.37315834268525305
0,0,0.002975140031540934
1,1,0.5702995868798902
1,0,0.48764516612798786
0,1,0.893263468937851
1,0,0.42326595206610806
1,0,0.25
0,0,0.3546986852299515
0,0,0.23543424437731383
1,0,0.4944048956969496
1,1,0.9092921541475836
1,1,0.5298929977844897
1,0,0.1516006232533638
1,1,0.5148083908137516
1,1,0.5215153015047981
1,0,0.028972041302078134
0,0,0.23
0,1,0.5903831498677193
1,0,0.4614161442494055
1,0,0.39457283549883226
0,1,0.5456224962066004
1,0,0.4750077105375299
1,0,0.028158391523039446
1,1,0.6610912440321385
0,1,0.5229425652346357
0,0,0.134
1,0,0.4944048956969496
1,1,0.5249686453703476
0,0,0.15890121152135392
1,1,1.0
0,0,0.4514109008572663
0,0,0.36721963159351284
1,0,0.33980428281536784
0,0,0.4277743602345419
1,1,0.8285143438110747
1,0,0.4099852058241096
0,0,0.4846550422197456
1,0,0.4425266378350777
0,1,0.5260711927674411
0,0,0.4272949154295242
0,1,0.5231785379209428
0,0,0.46732386279725013
1,0,0.4299323335541183
1,0,0.4433442332932364
0,1,0.6013027561620332
1,1,0.6740173506097202
1,1,0.617395605997016
1,0,0.4697383445553928
0,0,0.468841408237262
1,1,1.0
1,0,0.21490690163165377
1,0,0.37490339873086514
1,1,1.0
1,0,0.4571309652568444
1,1,0.6326163545143642
1,1,0.5041457495382529
0,1,0.5249686453703476
0,0,0.042
1,0,0.4697383445553928
0,1,0.5432744805326412
1,1,0.5312075783246247
1,1,0.8676610032423011
0,0,0.4614161442494055
1,1,0.5165632959584655
0,1,0.5154342443773139
0,0,0.016
0,0,0.4586471894326953
0,0,0.034033997663208644
0,0,0.46151934508981374
0,0,0.3829515577751518
0,1,0.5307185131626951
1,0,0.0082100847093735
1,1,0.7542907059118579
1,0,0.43168705158691084
0,0,0.35770921662327815
0,0,0.408
0,0,0.24223597970848415
0,1,0.539572910930673
0,0,0.4705098518275692
0,0,0.41101753470377655
0,0,0.4476417175568387
1,1,1.0
0,0,0.29277763206368945
0,0,0.41921253146323095
0,0,0.08536172331491054
0,1,0.8610186504567954
1,1,0.5201971080203623
0,0,0.4121226376834898
0,0,0.12874825987824512
1,1,0.641888610210182
0,0,0.3645323829151754
0,1,0.5005710121715935
0,0,0.09384313510259172
1,0,0.2278740084522203
1,1,1.0
0,1,0.5041457495382529
1,0,0.10189383018630173
0,0,0.44620570724147374
1,1,1.0
0,0,0.034
0,0,0.016964077807665456
1,1,1.0
0,0,0.47487596818877464
0,1,0.7309335019117188
0,1,0.5501598917490345
0,1,0.774379304567272
1,1,0.5848468204226454
0,1,0.52100620764171
0,1,0.5095088662355254
0,1,0.5161277911284329
1,1,0.6416333645115374
1,0,0.376
1,1,0.5188566827535638
1,0,0.49448062507050894
1,1,0.6086620194442545
1,1,0.5161277911284329
0,0,0.11754192176313459
1,1,0.5039284135526704
1,0,0.45437477955443434
0,0,0.4586471894326953
1,1,0.5915292451116118
1,0,0.4036283462416651
1,0,0.48573334785029304
1,0,0.4524968442818173
0,0,0.07
1,0,0.4586471894326953
0,0,0.3472935377205698
0,0,0.4579347674382274
0,0,0.004
1,1,1.0
0,1,0.6104033815483367
1,1,1.0
1,0,0.49691814636016446
1,0,0.46815228885074844
0,0,0.06878851090019707
1,0,0.4586471894326953
0,1,0.521213248302004
1,1,1.0
0,0,0.4527228163898198
0,0,0.134
1,1,0.5307810956670667
0,0,0.42326595206610806
0,1,0.5168908312977021
0,1,0.5411550250501634
1,0,0.46151934508981374
1,1,0.6701468764907126
0,0,0.4697383445553928
0,0,0.4614161442494055
1,0,0.4846550422197456
0,0,0.26171293855481415
1,1,1.0
0,0,0.4204888658070831
1,0,0.48488370439453227
1,1,1.0
1,0,0.2556021246723593
0,1,0.5148083908137516
0,0,0.48764516612798786
1,0,0.44950214928545024
0,0,0.1
0,1,0.5131509117186277
1,1,0.85657034257496
1,1,0.5188566827535638
0,0,0.212227733007641
0,0,0.49768904978934986
0,0,0.46252547144969347
1,0,0.41921253146323095
1,1,0.5226611005321335
1,1,1.0
0,1,0.5131509117186277
0,0,0.18094440288817012
0,1,0.6593779541957756
0,1,0.5148083908137516
0,0,0.49295965076484877
1,1,0.521213248302004
1,1,0.5419557611748552
0,0,0.27
0,1,0.5404575636614277
0,1,0.690596693513572
0,1,0.5008616683452152
0,0,0.0
0,0,0.098
1,1,1.0
1,1,0.5274458871662253
1,1,0.6901833301291025
1,1,0.5322324356508161
0,0,0.49511798985424205
1,1,1.0
0,0,0.28289184055395983
0,0,0.058
0,1,0.5848468204226454
1,0,0.3930395273757744
0,0,0.3264992430521079
0,0,0.32410348847627724
1,0,0.49306128466540955
1,0,0.4693654648987217
0,0,0.4846550422197456
1,1,0.6752334402315026
0,0,0.14538164552486577
1,1,0.7119364979165348
1,1,1.0
1,1,0.5404575636614277
0,0,0.4766165197877115
0,0,0.4843844214325224
1,0,0.49579009920675504
0,0,0.4425266378350777
0,1,0.5161277911284329
0,0,0.3720776526794792
0,1,0.539572910930673
1,1,1.0
0,1,0.5687609755770522
0,1,0.5644590578433407
1,1,0.5201971080203623
1,1,1.0
0,0,0.22218054803629014
0,0,0.40961707618896526
0,0,0.46178844918451295
0,1,0.5206012913692054
1,1,0.6439004748024438
1,0,0.40791471958378456
1,1,0.956
1,1,0.7614641232765588
1,1,0.6592801641727456
0,0,0.48573334785029304
1,0,0.37527479192365826
1,0,0.26950550808887647
0,1,0.7011557400476611
0,1,0.5446153923852054
1,1,0.5226611005321335
0,0,0.4503792884643055
1,0,0.4514109008572663
0,1,0.8191892181629078
0,0,0.47618657596830494
1,1,0.5148083908137516
0,0,0.16855223423155594
1,0,0.49448062507050894
1,0,0.4506633431786874
0,0,0.1392219047499173
0,0,0.0
1,1,0.5067060019811601
1,0,0.46640442403181914
0,0,0.4536142114081671
0,1,0.5391036983285884
0,1,0.5062551569469426
1,1,1.0
0,0,0.35705049441190717
0,1,0.5226611005321335
0,1,0.5398567345685806
0,0,0.4240710276052274
1,1,0.5546291780769825
0,1,0.6866239820220666
0,1,0.5008616683452152
0,1,0.5307810956670667
0,0,0.038
0,0,0.082
1,0,0.4066019441473647
0,0,0.4121514907797364
1,0,0.4709017450920481
1,0,0.17
0,1,0.5391036983285884
0,0,0.48764516612798786
1,1,0.5206012913692054
0,1,0.5687609755770522
0,0,0.4838314888059446
0,0,0.4922007930514516
0,0,0.46815228885074844
1,0,0.4828225603161514
0,0,0.04595884686245082
1,0,0.3157794748413366
0,0,0.16041456452118483
1,0,0.4657854338082925
1,1,0.5436460296026628
1,1,0.7827860946360558
0,0,0.38825243764936024
0,0,0.44000169532150885
0,1,0.5322324356508161
0,0,0.4586471894326953
1,1,1.0
1,1,0.6456531768271456
1,0,0.4329489177732665
0,0,0.1925860301001311
1,1,0.5148083908137516
1,0,0.33511798985424207
0,0,0.2942847425469373
0,0,0.01
1,1,1.0
1,1,0.5298929977844897
1,0,0.4614161442494055
1,0,0.2866512171017854
0,1,0.5041457495382529
0,1,0.734
0,0,0.046
0,1,0.5745781588643395
1,1,1.0
1,0,0.46151934508981374
0,0,0.014
0,0,0.4846550422197456
1,0,0.48071039105048385
0,0,0.2766184439607529
0,0,0.2595701469755084
1,0,0.46178844918451295
0,1,0.5608766553397652
0,1,0.5227325470323655
0,0,0.4536142114081671
1,1,0.5307810956670667
1,1,0.5469917232557845
1,0,0.3927812304945139
0,1,0.5479401450999355
0,0,0.4835800032887292
1,1,1.0
1,0,0.004
0,0,0.4818662294014451
0,0,0.48764516612798786
1,0,0.12131689224968413
0,1,0.5571812997139598
1,0,0.48938685518247693
0,0,0.4495408842441186
1,1,0.5636648591182745
0,0,0.004
1,0,0.46635409515567156
1,0,0.008
1,0,0.3264992430521079
1,0,0.43871713159447034
1,1,1.0
0,0,0.4299323335541183
0,0,0.36900222289666224
0,0,0.48445796888904447
0,0,0.018
0,0,0.49447572942814644
0,1,0.572
0,0,0.48913121198346254
0,1,0.5233753470611903
1,0,0.47203741452604653
0,1,0.5274458871662253
1,0,0.4166805395566213
0,1,0.5106587709370765
1,0,0.4818662294014451
0,1,0.5307810956670667
0,1,0.5227325470323655
0,0,0.41568770760731294
1,1,0.6970394667821694
0,1,0.8882683431625326
1,1,0.519101385594176
1,0,0.44950214928545024
0,1,0.5601584430961681
0,1,0.5315390255484721
0,1,0.5148083908137516
0,0,0.44950214928545024
1,0,0.17444559915957
1,1,0.5131509117186277
0,0,0.048
0,0,0.072
0,0,0.07038749102899498
0,1,0.5284710673012118
0,0,0.046
0,0,0.358
1,0,0.47618657596830494
1,1,1.0
1,0,0.36900222289666224
0,0,0.4657854338082925
0,0,0.23366358099807305
0,0,0.34322746436635426
0,0,0.002
0,1,0.5165159489951439
1,1,0.996
0,0,0.3368187965277876
1,0,0.40791471958378456
0,0,0.20370517985896971
0,0,0.42805100199428486
0,0,0.4781771771504908
1,1,0.5005710121715935
0,1,0.8553853989184536
1,0,0.31343915884546
1,0,0.23432532990048485
0,0,0.47628215384141365
0,1,0.5041457495382529
0,0,0.296
1,1,1.0
1,1,0.5274458871662253
0,1,0.5206012913692054
1,1,1.0
1,1,0.5226611005321335
0,0,0.4846550422197456
1,1,1.0
0,1,0.5135609530289467
0,0,0.49366174624760706
0,0,0.46252547144969347
1,1,0.5008616683452152
0,1,0.5206012913692054
0,0,0.24311798985424207
1,1,0.6692893151270163
1,1,0.5148083908137516
1,0,0.4121226376834898
0,0,0.006
1,0,0.45437477955443434
0,1,0.5188566827535638
1,1,0.5180276523965016
0,1,0.5454806148347662
0,1,0.5008616683452152
1,0,0.38926002846905233
0,0,0.16978261835074723
1,1,1.0
0,0,0.2482211091759259
0,0,0.01
0,0,0.3328010477058651
0,1,0.5002794232275517
1,1,0.5501598917490345
0,0,0.46423277090606546
0,0,0.46982211567338034
0,1,0.5132304036650649
1,0,0.3804971189180939
1,1,0.5419557611748552
1,1,0.5341836356930983
1,0,0.47708756403220004
0,1,0.5130415216250467
1,0,0.4614161442494055
0,1,0.5041457495382529
1,1,0.5041457495382529
0,1,0.5897549056823275
0,0,0.49456702806227304
1,0,0.36900222289666224
1,1,0.5597456689450586
0,0,0.49691814636016446
0,1,0.5215153015047981
1,1,0.6501531019000796
1,1,0.5537469974486803
0,1,0.5048088613794017
0,0,0.43438873115259835
1,0,0.48445796888904447
0,1,0.5547203954706377
1,1,1.0
0,0,0.0
0,1,0.5436460296026628
1,1,1.0
1,1,1.0
0,1,0.5005710121715935
0,1,0.6591161844700514
1,1,1.0
0,1,0.6336612041446178
0,0,0.41343424437731385
1,1,0.7170556340427003
1,1,0.7021379923360251
1,0,0.36721963159351284
1,0,0.24858437405815148
0,0,0.17771876540781176
1,1,1.0
0,0,0.4835800032887292
0,0,0.4322725601657114
0,0,0.0258493451463905
0,1,0.5805381842618853
0,0,0.3960260271705313
1,0,0.08558356262000436
0,1,0.580006052493627
0,1,0.574668822712649
1,1,1.0
1,0,0.48764516612798786
1,1,0.5398567345685806
1,1,0.5319548068498541
1,1,0.574668822712649
1,1,1.0
1,1,0.5315390255484721
0,1,0.5031136641615224
0,0,0.31
1,1,1.0
0,0,0.20989103842435305
0,1,0.5581282566809108
1,1,0.5420277534227143
0,1,0.6236675651530138
0,0,0.3500788102298581
0,0,0.06554867243634245
0,1,0.5571812997139598
1,0,0.45901950376428874
1,0,0.35017046214824515
1,1,0.9018288495648311
0,1,0.6290094214780493
1,1,0.5646935409240279
0,1,0.8890897961935091
1,1,0.5161277911284329
0,1,0.5062791679048926
0,0,0.4036283462416651
1,1,0.543319433170877
0,0,0.043972872324009794
0,1,0.622114499145104
1,0,0.46252547144969347
1,1,0.5372538243228401
0,1,0.7188442126800804
1,1,0.5041457495382529
0,0,0.23
0,0,0.49691814636016446
0,1,0.7023089369029737
1,0,0.14423597970848415
1,1,1.0
1,0,0.4439547310176263
0,0,0.4614161442494055
0,0,0.38825243764936024
1,0,0.23502882624443297
0,0,0.098
0,1,0.561011560559877
1,1,0.8589981573487494
1,1,0.5769469797610072
1,0,0.27919723910833594
0,0,0.3918587575056595
0,0,0.16
0,0,0.48445796888904447
1,1,0.7785260872228967
1,1,1.0
1,1,0.5041457495382529
0,0,0.28546334275634755
1,1,0.519101385594176
0,0,0.4922007930514516
1,0,0.4750077105375299
1,1,0.6317182548405852
0,1,0.5168908312977021
0,0,0.4400145146843432
0,0,0.4781771771504908
0,1,0.558
0,0,0.49448062507050894
0,0,0.47203741452604653
1,0,0.16000722208557586
0,0,0.4818662294014451
1,0,0.15
0,1,0.501354948335895
0,1,0.539572910930673
0,0,0.15712810854419942
1,1,0.5062091004224261
0,0,0.49448062507050894
0,1,0.5259103196815872
1,0,0.47618657596830494
1,0,0.031893830186301736
0,0,0.17911643026018614
1,0,0.2273677673707433
1,0,0.2155331570977283
1,0,0.30978649472195435
1,0,0.46252547144969347
0,1,0.6550173100643346
0,1,0.588983762227404
1,0,0.19946681388124105
1,0,0.4534929831632774
1,1,0.5062091004224261
0,0,0.4006179200025843
0,0,0.3691236780364918
0,1,0.5578951737497669
1,1,1.0
1,0,0.468841408237262
0,1,0.5148083908137516
0,1,0.6299616899528142
0,1,0.8348288923883995
0,1,0.926
0,1,0.6061226828916031
1,1,0.5041457495382529
1,0,0.36883452243122167
1,0,0.47170049998126196
0,0,0.13389383018630172
0,0,0.4607529709772349
1,0,0.41843888148391156
0,0,0.39
0,0,0.13508849072384937
0,0,0.48913121198346254
0,0,0.44950214928545024
0,1,0.5019931156820426
1,1,0.5062091004224261
0,1,0.5221259513988297
1,0,0.39457283549883226
1,1,0.5201971080203623
0,0,0.4697383445553928
0,1,0.5805381842618853
0,0,0.47822016510500465
0,0,0.42817354931195384
0,1,0.5501598917490345
1,1,1.0
1,0,0.22520831892096407
0,0,0.0
1,1,0.7555842615262162
0,1,0.5935002133334901
1,0,0.36208022444993126
0,0,0.4846550422197456
0,0,0.42415124753168676
0,0,0.46685162054024915
0,0,0.49456702806227304
0,1,0.6824232647972779
0,1,0.730347993410565
1,0,0.4657854338082925
1,0,0.3543281917204376
1,1,0.5041457495382529
0,1,0.5391036983285884
1,1,0.5518544189074571
1,0,0.38152624440860183
0,1,0.5454806148347662
0,1,0.5394915013127587
0,0,0.4036283462416651
1,0,0.46178844918451295
0,0,0.4878470506189733
0,1,0.5978609907482153
0,0,0.4846550422197456
0,1,0.6980599783420618
1,0,0.366
1,1,1.0
0,0,0.06543424437731384
0,0,0.008
1,1,0.5008616683452152
1,1,1.0
1,1,0.5161277911284329
1,0,0.48913121198346254
1,0,0.37614928298260214
0,0,0.06658535508447047
1,1,1.0
0,0,0.47628215384141365
0,0,0.4164649774714635
0,0,0.4524968442818173
0,1,0.5168908312977021
1,0,0.3911769768839827
0,0,0.47618657596830494
1,1,0.7032651639812657
0,0,0.48152905180948535
0,0,0.48786722992733145
0,0,0.4329489177732665
0,1,0.8748849285880581
0,0,0.1529978505393838
0,0,0.15885205712947176
1,1,0.5501598917490345
0,1,0.5062091004224261
1,1,0.8200473115641502
1,1,0.6486587147749143
1,0,0.4614161442494055
0,1,0.5008616683452152
1,1,0.6256702240857981
0,1,0.5259103196815872
1,1,1.0
0,0,0.02
0,1,0.5508545709393048
0,0,0.44950214928545024
0,1,0.5762359797084842
1,0,0.40791471958378456
1,0,0.15379840502592282
0,0,0.48913121198346254
0,0,0.47628215384141365
0,0,0.234
0,1,0.5131509117186277
0,1,0.5274458871662253
0,1,0.578
0,0,0.37490339873086514
1,1,0.554692071634821
0,0,0.48764516612798786
0,0,0.468841408237262
0,1,0.5062791679048926
1,1,0.5161277911284329
1,1,0.5165159489951439
0,1,0.8022930840275808
1,0,0.23552025357829687
1,1,0.5285201745573098
0,0,0.3505940402907827
1,0,0.4175563662791982
0,1,0.5436460296026628
1,0,0.48764516612798786
1,1,1.0
1,0,0.043135604850979524
0,0,0.4514109008572663
0,1,0.5148083908137516
0,0,0.4818144774037551
0,1,0.5062551569469426
0,0,0.05455223423155591
0,0,0.4185738259399454
0,1,0.5005710121715935
1,0,0.31271111168004784
0,0,0.17
1,1,0.5501598917490345
1,0,0.4846550422197456
0,1,0.520155681706381
0,1,0.5919989460303208
1,1,1.0
1,0,0.47117479526733574
1,1,0.9287435566780567
0,0,0.25
0,0,0.074
1,1,0.6850225597977972
0,0,0.002
0,0,0.4944048956969496
0,0,0.018
1,0,0.4305248998675187
0,1,0.5885623164170405
1,1,1.0
0,0,0.0302100847093735
1,1,1.0
1,1,0.5008616683452152
0,1,0.8174830146011808
0,0,0.49456702806227304
1,1,0.5595582326658877
1,0,0.4441558609057304
1,0,0.4697383445553928
1,1,0.5761376105790003
0,1,0.8789776868233337
1,0,0.14994060051799998
0,1,0.5412118027343137
1,0,0.14783009119784107
1,0,0.22410712113573003
0,1,0.5076741198716426
0,0,0.22299408453525346
0,0,0.43366859969900384
1,0,0.33779593653155826
0,0,0.4990937612427997
0,0,0.15728269768087347
1,0,0.4838314888059446
1,1,1.0
0,0,0.47158356262000434
0,0,0.4791321860913771
0,0,0.45965815536102983
0,0,0.254839254501453
0,1,0.5459246210212748
1,1,0.5180276523965016
0,1,0.8465175362824544
0,1,0.5234777406658079
1,1,0.5229425652346357
0,1,0.5595582326658877
1,0,0.42326595206610806
1,1,1.0
0,0,0.4193095180182389
1,0,0.3085974117581091
1,0,0.4933815720306598
0,1,0.5161277911284329
0,1,0.546743198847846
0,0,0.4750077105375299
0,1,0.5099706816256824
1,1,0.5274458871662253
0,0,0.4796492602518468
1,1,0.5501598917490345
0,0,0.47633238973581954
0,0,0.260736223793549
0,1,0.570550159157931
0,0,0.49448062507050894
1,1,0.6266953286345223
0,0,0.22911798985424206
1,0,0.28144877011273656
0,1,0.5769469797610072
1,0,0.4910703178175632
1,1,0.5168908312977021
1,0,0.44000169532150885
1,1,0.5496485162391984
0,0,0.4586471894326953
0,0,0.49301185059592867
0,1,0.521213248302004
1,0,0.27307266887967085
1,0,0.38825243764936024
1,0,0.45411167063826674
0,0,0.024
1,1,1.0
0,1,0.5062791679048926
0,0,0.48488370439453227
0,0,0.45419156909776714
0,1,0.6105522342315559
0,0,0.104
0,0,0.44950214928545024
0,1,0.5897549056823275
0,0,0.4757188469651986
1,1,0.5062791679048926
0,0,0.23029085026495585
1,0,0.28960035509974547
0,1,0.6046547101671703
1,0,0.3647447760401391
0,1,0.5188566827535638
0,0,0.46982211567338034
1,0,0.17906098902903228
0,0,0.002
1,0,0.1847372290754834
0,0,0.4846550422197456
1,0,0.10479682806027696
0,0,0.4846550422197456
1,1,0.5259103196815872
0,1,0.6776917400459853
0,0,0.47822016510500465
1,1,0.942
1,1,0.5095088662355254
0,0,0.142
1,1,1.0
1,0,0.4657854338082925
1,1,0.5180276523965016
1,0,0.13203840335805392
1,1,0.998
1,0,0.4433442332932364
1,0,0.49119239005837234
1,1,0.6506654185513407
0,0,0.45901950376428874
0,0,0.4818662294014451
0,1,0.5378738036411618
0,0,0.4175563662791982
1,0,0.43731240932524224
1,0,0.4385357803297607
1,1,0.5274458871662253
0,1,0.5148083908137516
0,0,0.088
0,1,0.6311179898542421
1,1,0.5298929977844897
0,0,0.226
0,0,0.45965815536102983
1,0,0.092
1,0,0.39041404346973047
0,0,0.008
1,1,0.5206012913692054
0,1,0.5008616683452152
0,1,0.516
0,0,0.10436817228695308
1,1,1.0
0,1,0.5391036983285884
1,1,1.0
0,1,0.5540997439104628
1,0,0.26963496328040626
0,0,0.106
0,0,0.2988211928484092
1,1,1.0
1,0,0.4597163934556409
0,0,0.49301185059592867
0,0,0.4425266378350777
1,1,0.5206012913692054
0,0,0.33579376550987755
0,1,0.5221259513988297
0,1,0.6678676140153814
1,1,1.0
1,1,0.5195556111422631
0,0,0.37314750368682215
1,0,0.27255223423155595
0,0,0.4614161442494055
1,1,0.5274458871662253
0,0,0.09207670666187756
1,0,0.4425266378350777
0,0,0.41388923249885845
0,0,0.3318655192453492
0,1,0.5076741198716426
1,0,0.42805100199428486
0,1,0.521213248302004
0,0,0.4536142114081671
1,1,0.5927499635538317
0,0,0.39899548395562845
0,1,0.5062091004224261
1,1,0.5903121723213637
0,0,0.4835800032887292
0,0,0.41341717301667974
1,1,0.5062091004224261
1,0,0.10189383018630173
0,0,0.012
0,0,0.48941814495606867
0,1,0.5644590578433407
1,1,0.5161277911284329
1,1,0.5419557611748552
1,1,0.5184611892327401
1,0,0.5
1,0,0.03853150500626325
0,1,0.6130398985300493
1,0,0.3261173553631438
0,0,0.0
0,1,0.62875009460264
0,1,0.54171470629203
0,1,0.521213248302004
1,1,0.5319548068498541
0,1,0.930320328450261
1,1,0.6240724184442158
1,0,0.49171271720769577
0,0,0.43775547835301326
0,0,0.48445796888904447
0,1,0.804
0,0,0.44950214928545024
1,0,0.178
1,1,1.0
0,1,0.5041457495382529
0,1,0.5253154859573989
1,0,0.29277763206368945
1,1,1.0
0,0,0.282830847378374
1,0,0.49691814636016446
1,0,0.36766079563122156
1,0,0.34391809233804727
0,0,0.29364846018172597
1,1,1.0
0,0,0.47649922904885367
0,0,0.23325378670580232
0,0,0.48305375113730215
0,0,0.276
0,1,0.5921313760236293
0,0,0.37490339873086514
0,0,0.0007401881285472301
0,0,0.42225453220352294
0,0,0.21335787297903017
1,0,0.49301185059592867
1,0,0.37490339873086514
0,1,0.9089234191921245
1,1,0.5041457495382529
1,1,0.5897549056823275
1,0,0.3475127131219453
1,0,0.4860395113900581
1,1,0.590824129052898
1,0,0.35239650457633426
0,1,0.5398567345685806
0,1,0.5188566827535638
1,0,0.4944048956969496
0,0,0.07853670671178102
0,1,0.5436460296026628
1,1,1.0
1,1,0.5181075973168963
1,1,1.0
0,0,0.43687509100515526
0,0,0.4092066882980152
0,0,0.48764516612798786
0,1,0.6768720538028834
0,1,0.6847364362822198
0,1,0.5637826762545121
1,1,1.0
0,0,0.48445796888904447
1,1,1.0
0,1,0.5198701967214793
1,1,0.5608766553397652
1,1,1.0
1,1,0.5477594440509158
1,1,0.5168908312977021
1,0,0.08989422840934401
1,0,0.45901950376428874
0,1,0.5710746284531442
1,1,0.5041457495382529
0,0,0.11390650075443913
1,0,0.12464960763381439
0,0,0.4600396037352446
0,0,0.02131883254578446
0,1,0.5644590578433407
0,0,0.4858245227197598
0,0,0.086
1,0,0.4433442332932364
1,0,0.38105564847973494
0,1,0.8366360693888781
0,1,0.5031810784270069
1,0,0.4838314888059446
1,0,0.48573334785029304
0,1,0.6024325822750464
0,1,0.7946812045890115
1,0,0.294
1,0,0.40632844841524735
0,0,0.4836857492763432
0,0,0.4549494352308837
0,1,0.8753004317779619
0,0,0.4710467937117627
1,0,0.20081520091196856
0,0,0.4392954521202047
0,0,0.468841408237262
0,1,0.5008616683452152
0,0,0.49863681320427405
0,0,0.4860395113900581
0,1,0.588983762227404
0,1,0.6788060523487881
0,0,0.2458214438704465
0,0,0.021893830186301734
0,1,0.8737902610537247
1,1,1.0
0,0,0.48913121198346254
1,1,1.0
0,1,0.5195556111422631
1,1,0.5288197753589837
0,1,0.6401095739404383
1,0,0.17956786041677467
0,1,0.7824886647268939
0,0,0.002744903311092797
0,1,0.5206012913692054
0,0,0.47727297529148754
1,1,0.5148083908137516
1,0,0.3514946462361877
0,0,0.092
0,0,0.4315935851521222
0,0,0.004
1,0,0.4690371103618516
1,0,0.4329489177732665
0,0,0.009310658933778956
0,1,0.5148511997544535
1,1,0.679925205872217
1,0,0.4866938206929386
0,0,0.1325317398861412
1,0,0.3034342443773138
1,1,1.0
1,0,0.4425266378350777
0,1,0.6901833301291025
0,0,0.10415535636010667
1,0,0.2273677673707433
1,1,0.5503248073788848
0,0,0.35576818487909223
1,1,0.5501598917490345
0,0,0.49171271720769577
0,1,0.52100620764171
1,1,1.0
0,0,0.4990937612427997
0,0,0.444
0,0,0.4164649774714635
1,0,0.17
0,0,0.2879317685007504
0,0,0.29472657096539656
0,0,0.274
0,0,0.1535828549169665
1,1,1.0
0,1,0.5161277911284329
0,0,0.4486735772802837
0,0,0.48617894528055244
1,1,1.0
0,0,0.44989669470092897
1,1,0.5501598917490345
0,1,0.7021031274742074
1,1,1.0
1,1,1.0
0,1,0.5062551569469426
1,1,0.5041457495382529
1,0,0.4536142114081671
0,0,0.005666720087427728
0,0,0.49579009920675504
0,1,0.627143874831962
0,0,0.49171271720769577
1,0,0.4697383445553928
0,0,0.05
1,0,0.4240710276052274
0,0,0.058
0,1,0.547044953790294
1,1,0.8701965633182432
1,0,0.264
0,0,0.4738463558009017
0,0,0.29896939202909706
0,0,0.2942847425469373
0,0,0.4894173401327036
0,1,0.5179506995448857
0,0,0.46001664325981595
0,0,0.4737871175321619
1,1,0.5307185131626951
0,0,0.064
1,1,0.9450916450656319
1,1,0.5501598917490345
1,0,0.468841408237262
1,1,0.5227325470323655
0,0,0.41085021495090557
1,0,0.0978493451463905
0,0,0.28144877011273656
0,1,0.5315390255484721
0,0,0.134
1,1,0.5391036983285884
1,0,0.46151934508981374
0,1,0.5184611892327401
1,1,0.530141905471093
1,0,0.4536142114081671
0,0,0.08753225445719964
0,0,0.198
1,1,1.0
0,0,0.4535979037697601
0,1,0.5041457495382529
1,1,0.5226611005321335
0,1,0.6449991141945427
0,0,0.2923184206923666
1,0,0.38825243764936024
0,1,0.6456430199575676
1,0,0.12
1,1,0.5013364148941495
1,1,0.5227325470323655
1,0,0.4835800032887292
0,1,0.5739765734953709
0,0,0.4910703178175632
1,1,0.5252588207505176
1,0,0.4750077105375299
1,1,0.5041457495382529
1,1,0.5760050255158246
1,0,0.149830494411509
1,0,0.44553403530117874
0,1,0.5095088662355254
1,1,1.0
0,1,0.5687355501374551
1,1,0.5135609530289467
0,0,0.4860395113900581
0,0,0.48913121198346254
0,0,0.4222407334782297
0,1,0.5148083908137516
1,1,0.5274458871662253
1,1,1.0
0,1,0.5041457495382529
0,1,0.5974129891786553
0,1,0.5569087296094715
0,0,0.29418164560143173
1,0,0.44776508807210663
1,0,0.23058049857771948
0,0,0.32911798985424207
0,0,0.39457283549883226
1,1,0.5702995868798902
0,0,0.13783557533109264
1,1,0.5274458871662253
1,0,0.2780416068737022
0,0,0.16
0,0,0.4315160737472386
1,0,0.46151934508981374
1,1,0.8896962538358716
0,1,0.6920730576925672
0,1,0.521213248302004
1,1,0.5062091004224261
1,1,1.0
1,1,0.6111759015602007
0,1,0.6130398985300493
1,1,0.7510626698985058
0,0,0.39892256576209295
1,1,0.5096641773215661
1,0,0.468841408237262
1,0,0.14164442384535292
0,1,0.520155681706381
0,0,0.18455223423155592
1,0,0.45901950376428874
0,0,0.1173458946051407
0,1,0.5274458871662253
0,1,0.6471179898542421
0,1,0.5436460296026628
1,1,0.5148083908137516
0,1,0.5438513128318712
0,0,0.3819234572241637
1,1,1.0
1,0,0.4990937612427997
0,0,0.024756797543626374
1,0,0.47618657596830494
1,1,0.996
0,0,0.12543424437731385
1,1,0.5062791679048926
0,1,0.5184611892327401
1,0,0.47708756403220004
1,1,1.0
1,0,0.128
1,1,0.5838417550411342
0,0,0.46252547144969347
1,1,0.5062791679048926
0,1,0.5008616683452152
0,0,0.06522430937284555
0,0,0.48764516612798786
0,0,0.006
0,0,0.46527576441761737
0,1,0.6349595967207698
1,0,0.48488370439453227
1,1,0.5264876521265783
1,1,0.5475407875117035
0,0,0.4571309652568444
0,0,0.06456509768900441
0,1,0.5227325470323655
0,0,0.3628909035430596
1,0,0.49171271720769577
1,0,0.4454631210970632
0,1,0.5165159489951439
1,1,0.5227325470323655
1,1,0.5030472089920336
0,1,0.5370148237254525
0,1,0.5398567345685806
0,0,0.202
1,1,1.0
1,1,0.6236675651530138
0,0,0.0074342443773138395
0,0,0.006
0,1,0.5501598917490345
1,1,0.539572910930673
1,0,0.4314042870320387
1,1,0.7010208958553626
1,1,0.5062791679048926
0,1,0.5896918481410263
0,1,0.5206012913692054
1,1,1.0
1,1,0.6653874211309626
1,0,0.4750077105375299
1,0,0.41341717301667974
0,1,0.5168908312977021
1,0,0.4846550422197456
0,1,0.7568176685601512
1,0,0.3902359797084841
0,0,0.468841408237262
1,0,0.39851850159999064
0,0,0.002
1,0,0.3398490797893002
1,1,0.5030472089920336
1,0,0.20297470636970613
1,0,0.4846550422197456
0,0,0.3323830267083858
1,0,0.3890521915254082
0,1,0.78
0,1,0.501004220208881
0,0,0.23969271688186397
1,0,0.3926975035747734
1,0,0.43687509100515526
0,1,0.5419155576729262
1,0,0.45437477955443434
1,0,0.09
1,1,0.6830455735905531
1,0,0.4846550422197456
1,1,0.5148083908137516
0,1,0.6053653940924383
0,0,0.3209172164055456
0,0,0.4846550422197456
0,0,0.4829998103197136
0,1,0.5102902435237725
0,0,0.17109866119846687
1,1,1.0
1,1,0.5436460296026628
0,0,0.4329489177732665
0,0,0.19
1,1,0.5295143721256249
0,0,0.43775547835301326
0,0,0.043972872324009794
0,1,0.5227325470323655
0,0,0.42225453220352294
1,0,0.47628215384141365
1,0,0.12361151335775872
0,0,0.4933815720306598
0,0,0.38785479422737723
1,0,0.084
0,0,0.074
1,0,0.39899548395562845
1,0,0.35018639052068745
0,0,0.46151934508981374
0,1,0.5307810956670667
0,1,0.5132304036650649
0,1,0.5760614001855787
0,0,0.12042864878802104
1,1,0.5554050485776428
0,0,0.49119239005837234
0,0,0.36900222289666224
0,0,0.158
1,1,0.5041457495382529
0,1,0.9944812666939384
0,0,0.40632844841524735
0,1,0.6591161844700514
1,1,0.7756381786901243
1,1,0.5144574971134271
0,1,0.5745562118342263
0,1,0.5148511997544535
1,0,0.4536142114081671
0,0,0.09502538200338678
0,1,0.64174931034499
0,0,0.4910703178175632
0,1,0.5161277911284329
0,1,0.6912219047499173
0,0,0.136
0,1,0.539572910930673
0,0,0.40247074911532765
1,0,0.33056705758719795
1,1,0.5229425652346357
0,1,0.5019931156820426
1,0,0.37490339873086514
0,0,0.3044878704770845
0,0,0.0046361406180893665
0,1,0.5315390255484721
0,0,0.48456139294715117
0,0,0.46252547144969347
0,0,0.158
0,1,0.5383888524880848
1,0,0.08236373117071374
0,0,0.28
0,0,0.49768904978934986
1,0,0.41729559276502914
1,0,0.46815228885074844
1,0,0.3892460704037963
1,1,1.0
1,1,1.0
1,0,0.45757320752679426
1,1,0.537952724440943
0,1,0.7978597753144566
1,0,0.4249123884502106
1,1,0.5186175984546153
1,0,0.46635409515567156
1,1,0.520155681706381
0,0,0.198
1,0,0.05952246946594164
1,0,0.4846550422197456
1,1,1.0
1,1,0.5391036983285884
1,1,0.5004460644178577
1,1,0.5227325470323655
0,0,0.4536142114081671
1,0,0.4069792097496562
0,0,0.4818662294014451
1,0,0.4773053204072529
0,1,0.9103444999866341
0,1,0.7962802705028474
0,0,0.4737871175321619
0,0,0.4858245227197598
1,0,0.44644094828503245
0,0,0.148
0,0,0.24411806570857372
0,0,0.46685162054024915
0,1,0.5019833799040262
1,1,1.0
1,0,0.46423277090606546
1,1,0.6061226828916031
0,1,0.539572910930673
1,0,0.3585535982973038
1,1,0.5513797140059161
1,1,0.5008616683452152
0,0,0.4657854338082925
1,1,0.5062551569469426
1,0,0.18467557408898894
0,0,0.174
0,0,0.4828910212809668
1,0,0.48305375113730215
0,1,0.5771742126241441
0,1,0.5206012913692054
0,1,0.5546291780769825
0,0,0.45650053647296956
0,0,0.078
0,0,0.054
1,1,1.0
1,0,0.4818662294014451
1,1,0.5005710121715935
0,1,0.5475407875117035
0,0,0.208
1,0,0.48573334785029304
1,1,0.5848468204226454
1,0,0.4486087804154401
0,1,0.5041457495382529
0,0,0.006251951348662326
0,0,0.19406351767634664
1,0,0.3129770833239343
0,1,0.510175135466834
0,1,0.5201971080203623
1,1,0.5396142765155371
0,0,0.11586675504436135
0,0,0.4706967916235123
0,0,0.4489019177894239
1,1,1.0
0,1,0.6246983553486226
0,0,0.21547025689755545
0,1,0.7605112415265348
0,0,0.062041970785825906
0,1,0.5720196859984993
1,0,0.22211907288151703
1,0,0.0758209845512448
0,0,0.008
1,1,0.5008616683452152
0,1,0.858961173332064
1,0,0.10585314044214184
0,0,0.38477584033205964
0,1,0.5915292451116118
0,0,0.048269211154005065
1,0,0.45965815536102983
0,0,0.4425266378350777
1,1,0.5226611005321335
1,1,0.6847364362822198
0,0,0.42326595206610806
1,1,1.0
0,1,0.5710746284531442
0,0,0.2430384960211247
1,1,0.7028452623406635
1,1,1.0
1,0,0.33160505766925713
0,0,0.04
1,0,0.4846550422197456
1,0,0.1369665372679031
1,0,0.42326595206610806
1,1,0.519101385594176
1,0,0.41657465898502793
0,0,0.3953536417834476
0,0,0.4322725601657114
0,1,0.5206012913692054
0,0,0.3579499865074049
1,0,0.21051422342714662
1,0,0.48913121198346254
1,1,0.996
1,0,0.47117479526733574
1,1,1.0
0,0,0.48573334785029304
1,0,0.22599031414000956
0,1,0.7107309902540253
0,0,0.4121226376834898
1,1,1.0
0,1,0.6263737533945379
0,0,0.4586471894326953
0,1,0.5420277534227143
1,1,0.5148083908137516
0,0,0.4322725601657114
1,0,0.4322725601657114
1,0,0.3809649963081923
1,1,0.544
0,0,0.3330670529260586
0,1,0.5168908312977021
0,0,0.068
0,0,0.4530487751784647
0,1,0.5897549056823275
0,1,0.8176663083592954
0,0,0.27592833930564925
1,1,0.8653075802182009
0,1,0.519101385594176
1,1,0.5410227754434169
1,0,0.4542866012316503
0,0,0.32162149819028724
0,0,0.3475127131219453
0,1,0.5913765268262385
1,0,0.43731240932524224
0,0,0.168
0,0,0.2445916664965755
1,0,0.46151934508981374
0,0,0.19678888024407198
0,1,0.5148083908137516
0,0,0.4322725601657114
0,1,0.6061226828916031
1,0,0.4737871175321619
0,1,0.5008616683452152
0,0,0.15559805182770783
0,0,0.48573334785029304
0,0,0.4846550422197456
0,0,0.49456702806227304
1,0,0.4726665754463352
0,1,0.5264876521265783
0,0,0.364
0,0,0.49448062507050894
0,0,0.4536142114081671
1,1,1.0
1,0,0.4193095180182389
0,0,0.14919147611621503
0,1,0.5161277911284329
0,1,0.5099706816256824
1,0,0.4933815720306598
0,1,0.5135609530289467
0,0,0.4112939264392848
0,1,0.5436460296026628
0,0,0.4597163934556409
1,1,0.5915292451116118
0,0,0.47628215384141365
1,0,0.45901950376428874
1,1,1.0
1,0,0.4750077105375299
1,0,0.4796492602518468
0,1,0.5041457495382529
0,0,0.11637923743135233
0,0,0.4599242019982917
0,0,0.46732386279725013
0,0,0.4933815720306598
0,1,0.5391036983285884
0,1,0.5198361893063094
0,1,0.522
1,1,1.0
0,1,0.5014150420463898
1,0,0.3121369635682387
0,0,0.44950214928545024
0,1,0.5921313760236293
0,0,0.264
0,0,0.2855640542720997
0,0,0.38887607116288536
1,1,1.0
1,1,0.5264876521265783
1,0,0.4818662294014451
0,0,0.4536142114081671
0,1,0.5319683224914818
1,0,0.44950214928545024
1,1,0.643494621621472
1,0,0.46918706690615686
0,1,0.5284710673012118
1,1,0.5404575636614277
0,0,0.03614840065026008
0,1,0.5135609530289467
1,1,1.0
1,1,1.0
0,1,0.6136480752139587
0,0,0.028
0,0,0.33216796718614755
1,0,0.4838314888059446
1,0,0.026
0,1,0.6317591119965078
0,1,0.5229425652346357
0,1,0.5131509117186277
1,1,0.5153415326223156
0,0,0.22111798985424208
1,0,0.262
0,1,0.506
1,0,0.2462775085197851
0,1,0.5436460296026628
0,0,0.12422053461615519
0,1,0.7309335019117188
1,0,0.19948250869542103
0,0,0.49171271720769577
0,0,0.48573334785029304
0,0,0.46635409515567156
1,1,0.5259064696867239
0,1,0.5673838935607453
1,0,0.4697383445553928
0,1,0.5180276523965016
1,0,0.4422800397894123
0,0,0.23366358099807305
0,0,0.48913121198346254
1,0,0.43731240932524224
1,1,0.588983762227404
1,1,0.50337014392007
0,0,0.38887607116288536
1,0,0.4911788058103611
1,0,0.006604415707143516
1,1,0.5301418892261626
1,0,0.4425266378350777
0,0,0.33056705758719795
1,0,0.48445796888904447
0,0,0.40791471958378456
1,0,0.44950214928545024
0,1,0.5231785379209428
1,0,0.13425330181237216
0,1,0.5451114114557267
0,1,0.5799181446468336
0,0,0.3672386378845809
1,0,0.43731240932524224
0,0,0.06047270153155962
1,1,0.5099706816256824
0,0,0.034
0,0,0.3699277012871205
0,1,0.7107309902540253
0,0,0.3841060467131148
1,0,0.4174899024020761
1,1,0.5264876521265783
0,0,0.41085021495090557
1,1,1.0
0,0,0.30872326032583053
1,1,0.5322324356508161
1,1,0.5353104403549187
1,0,0.4536142114081671
0,1,0.5632096017664809
0,1,0.5552723053623111
1,0,0.34159093750460395
1,0,0.10670155247424642
0,1,0.5221259513988297
1,1,0.521213248302004
0,0,0.38411471106556255
1,1,0.5148083908137516
1,1,1.0
0,0,0.4737871175321619
0,0,0.42805100199428486
0,1,0.6061226828916031
1,1,0.5560693450328108
1,0,0.49579009920675504
1,0,0.29934298162335415
0,0,0.122
0,0,0.15598951283923557
0,0,0.49456702806227304
0,1,0.7896492705137228
0,0,0.0
0,0,0.23750590106010422
1,1,0.598755330115692
0,0,0.49691814636016446
1,1,1.0
0,0,0.26169559420020566
1,1,0.5710746284531442
0,0,0.128
0,0,0.3287240135080282
0,1,0.5131509117186277
1,1,0.6197039691605171
0,1,0.5168908312977021
0,0,0.48913121198346254
0,0,0.029027374390638565
0,0,0.2771462745223387
0,0,0.48913121198346254
0,0,0.37490339873086514
0,0,0.4968785990449293
0,1,0.5274458871662253
1,0,0.4599287267677158
0,1,0.886
1,1,0.521213248302004
0,0,0.4476417175568387
1,1,0.666740306773469
0,0,0.004
0,0,0.2381804415379674
1,1,0.5206012913692054
0,1,0.5067060019811601
0,1,0.7587692361053088
1,0,0.22210443048900141
1,0,0.49691814636016446
0,0,0.4838314888059446
1,1,1.0
1,1,1.0
0,0,0.45437477955443434
1,0,0.054914402507432965
0,1,0.5720196859984993
0,1,0.5315390255484721
1,0,0.34786140376363145
1,1,1.0
1,1,0.5819752874302841
1,0,0.4866938206929386
0,0,0.462484085741534
0,0,0.124
0,1,0.910920675227064
0,1,0.5677362821896663
0,1,0.9650280767027907
1,1,1.0
0,0,0.388
0,0,0.47164343426198585
0,0,0.43731240932524224
0,1,0.5095088662355254
1,1,0.5805381842618853
0,0,0.49295965076484877
1,1,0.5745781588643395
0,0,0.10387219917276336
0,1,0.6344314379900018
0,1,0.519101385594176
1,0,0.4990937612427997
0,0,0.45965815536102983
0,1,0.7553679200890047
0,0,0.164
1,0,0.4922007930514516
1,1,1.0
1,1,0.5918149315124208
0,1,0.5045138203751658
0,0,0.35010342243069176
0,0,0.4860395113900581
0,1,0.5076741198716426
1,0,0.47164343426198585
0,1,0.6559084182623893
0,0,0.07711798985424206
0,0,0.4860395113900581
0,1,0.6600408146942585
0,0,0.45290874085977706
1,0,0.1530621967933889
0,0,0.4433442332932364
0,0,0.09
0,1,0.665722711966231
1,0,0.154
1,1,0.5031810784270069
1,1,0.543319433170877
0,1,0.5688673918065817
1,1,0.5841043073317866
1,1,1.0
0,0,0.18028473426197567
0,0,0.4433442332932364
0,0,0.4846550422197456
1,1,0.521213248302004
0,0,0.4939755327978632
0,0,0.29206863750428796
1,0,0.4875936489351905
0,1,0.5686986634492284
0,0,0.48573334785029304
1,1,0.588983762227404
0,1,0.5168908312977021
1,0,0.49301185059592867
1,0,0.49456702806227304
0,0,0.4175563662791982
0,1,0.5632096017664809
0,1,0.5011909677289504
1,1,1.0
0,0,0.47850032451268387
1,0,0.47628215384141365
0,0,0.4306082606379076
1,0,0.015375606049662465
0,0,0.202
0,1,0.5096641773215661
0,0,0.18303830153516712
1,1,0.5441229362439823
0,0,0.4315935851521222
0,0,0.17
0,0,0.48690375901119193
0,0,0.20490224752567265
1,1,1.0
0,0,0.4944048956969496
1,0,0.3397973893356913
0,0,0.46151934508981374
1,1,1.0
1,0,0.3742204281543384
1,1,0.5148083908137516
0,0,0.3829515577751518
0,1,0.5915292451116118
1,1,1.0
0,0,0.43731240932524224
1,0,0.27639894928890685
0,0,0.44950214928545024
0,1,0.5644590578433407
0,0,0.35926878108132293
0,0,0.3500788102298581
0,0,0.17457097068411107
0,1,0.5140177036008678
1,0,0.47618657596830494
0,0,0.07694480393320204
0,0,0.332
0,1,0.5062791679048926
0,1,0.5436460296026628
1,0,0.34
0,1,0.5958445712484003
0,0,0.12724554483100492
1,1,1.0
1,1,0.508334470450746
0,1,0.6271447547563276
0,0,0.4399746863229401
0,0,0.4243393467798189
0,1,0.5274458871662253
0,0,0.06659404029078271
0,0,0.49295965076484877
1,0,0.49456702806227304
1,0,0.2786926586121553
0,0,0.47203741452604653
1,1,1.0
0,1,0.5974129891786553
0,0,0.22599031414000956
0,1,0.537952724440943
0,0,0.4530487751784647
0,0,0.06750071722902481
0,0,0.28677469006976014
0,1,0.590824129052898
0,1,0.5019931156820426
1,1,0.984
1,0,0.4425266378350777
1,0,0.32616273617681985
0,1,0.6170897021215733
0,0,0.2273677673707433
0,0,0.20142238369114288
1,0,0.4846550422197456
1,1,1.0
0,1,0.5404575636614277
0,1,0.8140975946831718
1,1,0.5238684645228838
0,0,0.4425266378350777
1,0,0.3475127131219453
0,1,0.5393441388919591
0,1,0.7552965740521962
0,0,0.152
0,0,0.4571309652568444
1,1,0.7809029978739753
1,1,0.6236675651530138
0,1,0.5661099842487591
0,1,0.5148511997544535
0,0,0.4910703178175632
1,0,0.38401868199547246
1,1,0.5229425652346357
1,1,0.6815020028888802
1,1,0.612
0,0,0.4597163934556409
1,0,0.31058623189476453
0,0,0.2570440882289015
0,1,0.5135609530289467
1,0,0.41085021495090557
0,0,0.21587019542957783
0,0,0.1596229289871339
1,1,0.7673217226339762
0,0,0.36900222289666224
1,1,0.5274037271396327
1,1,0.996
0,0,0.4846550422197456
0,0,0.05401395882625863
0,0,0.4433442332932364
0,0,0.134
1,1,0.537952724440943
0,1,0.5229069104382628
0,0,0.244428648788021
1,1,0.5438637533328246
0,0,0.096
0,0,0.16262849306026822
0,1,0.6684673328400697
0,1,0.5227325470323655
0,1,0.5595582326658877
0,0,0.4108100129627059
1,0,0.45965815536102983
0,1,0.6701711255433482
1,1,0.520155681706381
1,1,0.5095088662355254
0,0,0.4489019177894239
1,1,0.5817140355808609
1,0,0.48764516612798786
1,0,0.17508338871531468
0,1,0.6061226828916031
1,1,0.5099706816256824
0,0,0.3577674435661956
1,1,0.6299616899528142
1,1,0.7309335019117188
0,0,0.22080361895282108
1,0,0.468841408237262
1,0,0.45965815536102983
1,1,0.5298929977844897
0,1,0.6061226828916031
0,0,0.41576191994524114
0,1,0.51923014515746
0,1,0.5760050255158246
1,1,1.0
1,0,0.37243151318129325
1,0,0.468841408237262
0,1,0.588983762227404
1,0,0.4846550422197456
0,0,0.246
1,0,0.36721963159351284
1,1,0.8999366336664302
0,0,0.08211360159133166
0,1,0.6640561630766315
1,1,1.0
1,1,1.0
0,0,0.012
0,1,0.9136218230369062
0,0,0.216
0,0,0.46151934508981374
1,1,0.5264876521265783
1,1,0.5215153015047981
1,1,0.5161277911284329
0,1,0.537952724440943
1,0,0.06338258723702603
0,1,0.5021634125160301
0,0,0.45965815536102983
1,1,0.5391036983285884
1,0,0.46151934508981374
1,0,0.4838521860539047
1,0,0.4846550422197456
1,1,1.0
0,0,0.19956799498407715
0,1,0.5198361893063094
1,0,0.4536142114081671
1,1,1.0
1,1,0.5062091004224261
1,1,1.0
1,0,0.38250595708017693
1,0,0.383568109530556
0,0,0.19798772662165867
1,0,0.4495408842441186
1,0,0.48305375113730215
1,1,0.5419557611748552
1,1,0.5008616683452152
1,0,0.3496729118871263
0,0,0.39851850159999064
1,1,1.0
1,0,0.013712030145024794
0,1,0.5264876521265783
1,1,0.5135609530289467
0,0,0.49768904978934986
1,1,0.5322324356508161
1,1,0.5137387239283931
0,1,0.5102902435237725
1,1,0.5008616683452152
1,0,0.4214251305002128
1,1,0.5201971080203623
1,0,0.47713020629801683
1,1,0.5201971080203623
0,0,0.4883124714003378
0,0,0.4922007930514516
0,1,0.5148083908137516
1,0,0.4586471894326953
0,1,0.5013785600596085
0,0,0.17466967051836138
0,1,0.5501598917490345
0,1,0.5067060019811601
0,0,0.49171271720769577
1,1,1.0
0,1,0.5229425652346357
1,1,0.5307810956670667
1,0,0.22960412311586234
0,1,0.5546291780769825
1,1,0.5041457495382529
0,0,0.26911798985424207
1,0,0.4860395113900581
0,1,0.533915429909167
0,0,0.04
1,0,0.37478870703193257
0,0,0.46815228885074844
1,0,0.49164486014771697
0,1,0.5260711927674411
0,0,0.4536142114081671
1,1,0.588983762227404
0,0,0.23140458432880553
1,1,0.5284710673012118
0,0,0.05
1,0,0.36721963159351284
1,1,0.5307810956670667
0,0,0.15383848698925673
0,0,0.09428282905275678
0,1,0.5005710121715935
1,0,0.44810840746526387
0,0,0.152
0,0,0.48646762939111754
1,1,0.6825940402907826
0,0,0.48305375113730215
0,0,0.4781771771504908
1,1,0.5546291780769825
1,1,0.5144925597946639
0,1,0.5148511997544535
0,1,0.5571812997139598
0,1,0.5227325470323655
1,0,0.012631005645528635
1,0,0.4433442332932364
0,0,0.31286353078389406
1,1,0.5137387239283931
0,0,0.4536142114081671
1,0,0.4846550422197456
0,1,0.5469917232557845
1,1,0.5524644073553298
0,1,0.888029627037862
0,1,0.545111659622157
0,1,0.5687609755770522
0,0,0.3496729118871263
0,0,0.24714223585391512
1,1,1.0
0,0,0.16227125332449166
0,0,0.35926878108132293
0,0,0.3844145891398472
0,1,0.5201971080203623
1,0,0.2786481323293864
0,0,0.46685162054024915
0,0,0.36766079563122156
0,0,0.4846550422197456
1,0,0.4562072295780406
0,1,0.5117802909451598
0,0,0.4846550422197456
1,0,0.11934475195437265
0,0,0.44113849952612927
1,1,0.7617354932424637
0,1,0.5608766553397652
0,0,0.038
0,0,0.324
0,0,0.3844949615091361
0,0,0.12844032262964367
1,0,0.39457283549883226
1,0,0.4750077105375299
1,1,1.0
0,1,0.881476319000048
0,0,0.054352106012184764
1,1,0.5410227754434169
1,1,0.6946524708929869
0,0,0.04874432473144714
0,0,0.006251951348662326
0,1,0.5702995868798902
0,1,0.5688673918065817
0,1,0.5481284307869884
0,0,0.41909639628300677
1,1,0.7507726069593275
1,0,0.4846550422197456
0,1,0.5259103196815872
0,0,0.31693110094678645
1,0,0.4818662294014451
0,0,0.4846550422197456
0,1,0.5264876521265783
0,0,0.21051422342714662
0,0,0.3475127131219453
1,0,0.4549494352308837
1,1,1.0
1,1,0.5903121723213637
1,0,0.48445796888904447
0,0,0.2708165162430387
0,1,0.5161277911284329
0,1,0.5030472089920336
1,1,0.5041457495382529
1,1,0.5274037271396327
0,0,0.3930395273757744
0,0,0.4709017450920481
1,1,1.0
0,1,0.5391594528444721
1,1,1.0
0,1,0.5005710121715935
0,0,0.45901950376428874
0,0,0.39760428557535044
0,1,0.5259103196815872
0,1,0.8907340128315784
0,1,0.5315390255484721
0,0,0.2273677673707433
0,1,0.5132407887385203
0,1,0.5227325470323655
0,0,0.20081520091196856
1,1,0.602
0,1,0.6505622950715417
1,1,1.0
0,0,0.42326595206610806
0,1,0.5161277911284329
0,0,0.4677245249541469
0,1,0.6197039691605171
0,1,0.5071066624411233
0,0,0.18003399766320866
0,0,0.4846550422197456
1,1,1.0
1,1,1.0
1,0,0.44810840746526387
0,0,0.48913121198346254
1,1,0.5076741198716426
1,0,0.46423277090606546
0,0,0.054
1,0,0.2906512143446324
0,0,0.37414729107071265
0,0,0.1275865151030283
1,0,0.418
1,0,0.4846550422197456
0,0,0.41405741590627776
0,0,0.10949800120262838
0,0,0.4697383445553928
1,1,1.0
1,0,0.4534929831632774
1,1,1.0
1,0,0.4750077105375299
1,0,0.4846803083770994
1,1,0.5264876521265783
0,0,0.066
0,1,0.5869718200943604
0,1,0.5260908323545981
1,1,0.5420277534227143
1,0,0.42326595206610806
1,0,0.42817354931195384
0,0,0.482
0,0,0.4489019177894239
0,1,0.5429481376599417
0,0,0.112
1,0,0.4571309652568444
0,0,0.36721963159351284
1,1,0.7203973241730947
1,0,0.3649396478900542
0,0,0.47164343426198585
1,1,0.5148083908137516
0,1,0.5161277911284329
0,0,0.4785571080174986
1,0,0.35182414433706516
1,1,0.5436460296026628
0,0,0.054
0,0,0.37676125705976415
0,1,0.5229069104382628
1,0,0.2603324776505402
1,0,0.22960412311586234
0,0,0.24
1,0,0.4614161442494055
1,1,0.5805381842618853
0,0,0.026032363454048423
0,1,0.8200473115641502
0,0,0.488
1,1,0.5168908312977021
0,0,0.1425715793045099
0,1,0.5249686453703476
1,0,0.49171271720769577
1,0,0.11256650623885774
1,1,0.64174931034499
0,1,0.7072631663423589
1,1,0.5008616683452152
0,1,0.5274458871662253
0,1,0.5106587709370765
1,1,0.5165159489951439
0,1,0.6107962186998773
1,0,0.11208305556354062
0,0,0.271708445063509
0,0,0.3475127131219453
1,0,0.2652158689058218
0,0,0.4597163934556409
0,1,0.5246334455253594
0,0,0.3139963449893441
1,0,0.30724275551436464
1,1,0.5148083908137516
0,0,0.0
0,0,0.046
0,1,0.5271179898542421
0,1,0.5148083908137516
0,0,0.48445796888904447
0,0,0.04
1,0,0.39457283549883226
1,1,0.5008616683452152
1,0,0.1
1,0,0.4868632519099013
1,1,0.5041457495382529
0,1,0.5530489738590798
0,1,0.6453484010575998
1,1,0.7800720552488897
0,1,0.521213248302004
1,1,0.5501598917490345
1,0,0.3121369635682387
0,1,0.5186175984546153
0,0,0.36900222289666224
1,0,0.29277763206368945
0,0,0.3793771645465061
1,1,0.6053653940924383
1,1,1.0
0,0,0.48573334785029304
0,0,0.4571309652568444
0,0,0.4818662294014451
0,0,0.09
1,1,1.0
0,1,0.681362403706015
1,1,0.5005710121715935
0,0,0.37490339873086514
0,0,0.47628215384141365
0,0,0.4482985725005895
1,1,0.5148083908137516
1,0,0.4586471894326953
1,0,0.44639745100819195
0,0,0.054
0,1,0.5674043755441638
0,0,0.246
0,0,0.47618657596830494
0,1,0.5838417550411342
1,1,0.5446153923852054
0,1,0.520155681706381
1,1,0.5454806148347662
0,0,0.4750077105375299
1,0,0.3858809202526149
1,1,1.0
1,1,0.5005710121715935
1,0,0.4818662294014451
1,1,0.5274458871662253
0,0,0.4939755327978632
0,0,0.07758573515705026
0,0,0.4846550422197456
0,0,0.33056705758719795
1,0,0.48913121198346254
0,0,0.42326595206610806
1,1,1.0
1,0,0.29677584033205967
1,0,0.47305730367178983
1,0,0.3809649963081923
0,0,0.4905195078520374
0,1,0.5811962694294251
0,1,0.5410227754434169
0,1,0.5039284135526704
1,1,0.5238684645228838
0,1,0.6456531768271456
1,1,0.672392731771495
0,0,0.2786926586121553
0,0,0.322
0,0,0.3376833937745075
0,1,0.6771893974224151
0,1,0.6678676140153814
0,0,0.46635409515567156
1,1,0.5841043073317866
0,1,0.5274458871662253
0,1,0.9033698806228424
0,0,0.004
1,0,0.46815228885074844
1,0,0.46685162054024915
1,0,0.16265732535569155
1,1,0.5062091004224261
1,0,0.4503887430148194
0,1,0.8842259348555334
1,0,0.20227482035700267
0,0,0.49119239005837234
1,1,1.0
0,1,0.5289746722294282
0,1,0.5532796418465835
0,1,0.5041457495382529
0,0,0.46151934508981374
1,0,0.37478870703193257
0,1,0.5148083908137516
0,0,0.1686820441263418
1,0,0.4586471894326953
0,0,0.35010342243069176
1,0,0.48445796888904447
0,0,0.4750580545309015
1,1,1.0
0,1,0.5894432365314035
1,0,0.37175313212014516
0,0,0.43687509100515526
0,0,0.142
1,0,0.4433442332932364
0,1,0.5062551569469426
0,1,0.5226611005321335
1,1,0.5277204638464633
0,0,0.031670224085797984
1,1,0.5387972424274352
0,1,0.5062551569469426
1,0,0.38049498934081905
1,1,0.998
0,0,0.2378108727015644
0,0,0.49448062507050894
0,1,0.5008616683452152
1,0,0.166
0,1,0.5008616683452152
1,0,0.44950214928545024
1,1,1.0
1,1,0.5008616683452152
0,0,0.45901950376428874
0,0,0.4750077105375299
0,0,0.41101753470377655
1,1,0.554692071634821
1,1,0.5226611005321335
0,0,0.178
0,0,0.49456702806227304
0,1,0.598
0,0,0.4750077105375299
0,1,0.5260711927674411
1,1,1.0
1,0,0.4503792884643055
1,1,1.0
1,0,0.46423277090606546
1,0,0.49691814636016446
0,0,0.47164343426198585
1,1,1.0
0,0,0.48305375113730215
0,0,0.4123166626676009
1,1,1.0
0,0,0.0
0,0,0.1850428084962881
0,1,0.5450555996673905
0,0,0.44950214928545024
1,1,0.5590434616800123
0,0,0.38973570122600715
1,0,0.48786722992733145
1,0,0.48445796888904447
1,1,0.5005710121715935
0,1,0.5221259513988297
0,1,0.5148083908137516
1,0,0.26261558837356247
1,1,1.0
1,0,0.12
0,1,0.5449154803406981
0,0,0.3764627968101664
1,0,0.4425266378350777
1,0,0.4730031921317096
0,1,0.5238684645228838
0,1,0.5595582326658877
1,1,0.5581282566809108
0,0,0.3068701742187042
0,0,0.2255992565481805
1,0,0.48573334785029304
0,0,0.2942780800357908
0,1,0.5041457495382529
0,0,0.46151934508981374
1,0,0.4614161442494055
0,1,0.5259103196815872
0,0,0.21729461253382065
0,0,0.46640442403181914
0,0,0.48305375113730215
1,1,0.5432744805326412
0,0,0.46151934508981374
0,0,0.008
1,1,1.0
0,1,0.5148083908137516
1,1,0.5168908312977021
1,1,0.520155681706381
0,0,0.2292413177633735
0,0,0.4614161442494055
0,0,0.3890521915254082
0,0,0.19956799498407715
1,0,0.2660865787133605
0,0,0.4119741554913254
0,0,0.4846550422197456
0,1,0.50778828580605
0,0,0.4497511097808363
1,1,0.5206012913692054
1,0,0.17
1,0,0.4690371103618516
1,0,0.38152624440860183
1,0,0.0369159424116597
1,0,0.180359402952064
0,0,0.10680513433834875
1,0,0.4750077105375299
1,0,0.039655625204350675
0,0,0.21335787297903017
1,0,0.1554657991781505
1,0,0.47117479526733574
0,0,0.28144877011273656
1,1,0.562
0,0,0.47618657596830494
0,0,0.206
0,1,0.5288197753589837
0,1,0.5206012913692054
0,0,0.2943532361259946
0,0,0.05608649926583862
1,1,1.0
1,0,0.36900222289666224
1,1,0.998
1,1,0.5005710121715935
0,0,0.002
0,1,0.5188566827535638
0,0,0.3345572707479682
0,0,0.252
1,0,0.4476417175568387
0,0,0.48764516612798786
0,1,0.5584286497937176
0,0,0.2261249306061271
0,0,0.4933815720306598
0,0,0.4175563662791982
1,0,0.24092819837575116
0,1,0.5600755045559667
0,0,0.05946575798364221
0,1,0.5180276523965016
0,1,0.5702995868798902
0,0,0.047541244874951344
0,0,0.18598275608440265
0,0,0.026
0,1,0.534
0,1,0.5264876521265783
0,0,0.06267909184473407
0,0,0.4524968442818173
1,1,0.5274458871662253
1,0,0.49043692582400145
1,0,0.03358221639193115
1,1,0.7121942430029135
0,1,0.5511691421513017
0,0,0.4388880075125426
0,0,0.084
0,0,0.36900222289666224
1,0,0.4586471894326953
0,0,0.05021307253185818
0,1,0.645535368394092
0,0,0.46635409515567156
0,0,0.4750077105375299
0,0,0.08
1,0,0.46685162054024915
0,0,0.342
1,0,0.146
1,0,0.46151934508981374
0,1,0.5062551569469426
0,0,0.37023701901452255
1,0,0.47487596818877464
0,1,0.5041457495382529
0,1,0.5180276523965016
1,0,0.06
0,0,0.306283708512094
1,1,0.5479401450999355
0,1,0.8619264194583707
1,1,1.0
0,0,0.4858245227197598
0,1,0.5161277911284329
1,0,0.13574270063759386
1,1,0.6357952055549672
0,1,0.8251179898542421
0,1,0.5980133008807481
0,0,0.4586471894326953
1,0,0.2653669369573666
0,0,0.3475127131219453
1,1,0.5595582326658877
0,0,0.4484764535772229
1,1,0.5760050255158246
0,1,0.5322324356508161
0,0,0.19406351767634664
1,0,0.3150144451604537
0,1,0.957670521045955
0,0,0.008
1,0,0.48573334785029304
1,0,0.42326595206610806
0,1,0.5041457495382529
1,1,0.5720196859984993
1,0,0.20614572095490205
0,1,0.5479401450999355
0,1,0.5226611005321335
1,0,0.033289130285179866
0,0,0.3804971189180939
0,0,0.058
1,0,0.45722539987777067
0,0,0.4933815720306598
0,0,0.112
1,0,0.45965815536102983
0,1,0.5295143721256249
0,0,0.4846550422197456
0,0,0.046
0,0,0.429800594680254
1,1,1.0
0,0,0.4781771771504908
0,0,0.1736586783268094
0,0,0.4984847908976116
0,0,0.38401868199547246
1,1,0.5429481376599417
0,1,0.7794603062668356
1,0,0.23558924805775572
0,0,0.33111798985424207
0,0,0.21
0,0,0.41388923249885845
1,1,1.0
0,0,0.4836857492763432
0,0,0.46635409515567156
0,0,0.07157018014413395
1,0,0.36883452243122167
0,0,0.2835202535782969
0,0,0.33915744918778357
1,0,0.44950214928545024
0,0,0.038153928250102526
0,0,0.4489019177894239
1,1,1.0
1,1,1.0
0,1,0.655419235240394
0,0,0.23978269424940982
0,0,0.06035541885707264
1,1,0.5041457495382529
1,1,0.5307810956670667
1,1,1.0
0,0,0.13953341421128984
0,0,0.4846550422197456
1,0,0.08099649088602938
0,0,0.043789906189491544
1,0,0.4726665754463352
1,1,1.0
0,0,0.40791471958378456
1,0,0.4846550422197456
1,1,0.5209119340344573
1,0,0.46151934508981374
0,0,0.43871713159447034
1,1,0.8827570745112191
0,0,0.174
1,1,0.5174173405696672
1,0,0.12422053461615519
0,1,0.5062791679048926
0,0,0.3300323243500594
1,1,1.0
1,1,0.5253154859573989
0,0,0.24
1,0,0.4365350224090678
0,1,0.5406443469624344
1,0,0.4779325790026912
0,1,0.5144574971134271
1,1,1.0
1,0,0.47117479526733574
1,1,0.5227325470323655
1,1,0.5041457495382529
1,1,1.0
0,1,0.5041457495382529
1,1,0.6636913654031567
1,0,0.4433442332932364
0,1,0.5264876521265783
0,0,0.182
1,1,0.580006052493627
0,0,0.46635409515567156
0,0,0.4597163934556409
1,1,0.521213248302004
1,0,0.46685162054024915
0,0,0.29490077837164136
0,0,0.002
1,1,0.5260711927674411
1,1,0.5161277911284329
0,1,0.5168908312977021
0,1,0.5644590578433407
0,1,0.5301418892261626
0,0,0.4846550422197456
1,1,1.0
1,0,0.48445796888904447
1,0,0.4529256827187554
1,1,0.5274458871662253
0,1,0.672392731771495
0,1,0.5229069104382628
0,0,0.4164432258744584
1,1,0.5148083908137516
0,0,0.4299323335541183
1,0,0.394043592556254
1,1,0.5391036983285884
0,1,0.570550159157931
0,0,0.042
1,1,0.5041457495382529
0,0,0.038
0,1,0.537952724440943
0,0,0.35010342243069176
0,1,0.5148083908137516
1,0,0.47164343426198585
0,1,0.5227325470323655
0,0,0.08000483208716903
0,1,0.5307810956670667
0,0,0.4392249486428957
0,1,0.5168908312977021
1,0,0.4191959922272532
0,0,0.268075389194276
0,1,0.590824129052898
0,1,0.7064491762538875
1,0,0.4425266378350777
0,1,0.5274458871662253
0,0,0.48938685518247693
0,0,0.096
0,0,0.2284877607204653
0,1,0.5062551569469426
1,1,0.5227325470323655
0,0,0.40791471958378456
1,0,0.48573334785029304
0,0,0.472
0,0,0.35839305303887714
0,0,0.4796492602518468
0,1,0.5148083908137516
1,1,1.0
0,1,0.5518544189074571
0,1,0.5095088662355254
0,1,0.5298929977844897
0,1,0.5532796418465835
0,0,0.102
1,0,0.4110090878069675
1,1,0.5301418892261626
0,1,0.731670521045955
1,0,0.076
0,1,0.7664109261486868
0,1,0.5429481376599417
0,0,0.062
0,0,0.4536142114081671
0,0,0.4940666113159839
1,0,0.4597163934556409
1,1,1.0
0,1,0.5319548068498541
0,0,0.2652496194349525
1,0,0.4514109008572663
0,1,0.5921313760236293
0,0,0.084
0,0,0.48913121198346254
1,0,0.4080333574753187
1,1,0.5013785600596085
0,0,0.37329667796603117
1,1,0.5502157146128548
1,0,0.2781020295329753
0,1,0.7706891833464617
1,1,0.97
0,0,0.194
1,1,1.0
1,1,0.537952724440943
0,0,0.4065522342315559
0,0,0.0
0,0,0.4422800397894123
1,1,0.998
1,1,0.5599496487602985
0,0,0.4599287267677158
0,0,0.38382557194849576
1,1,1.0
0,0,0.3668793970645042
0,0,0.11295322611090676
0,1,0.5039284135526704
1,1,0.6429952472155906
1,1,0.5581282566809108
1,0,0.44125175414444895
1,1,0.5549177329767376
1,1,0.5952125656344773
0,1,0.5419557611748552
0,1,0.5224356113065995
1,0,0.4489019177894239
0,0,0.49301185059592867
0,0,0.20543424437731383
1,0,0.44776508807210663
0,0,0.146
1,1,0.5005710121715935
0,0,0.38825243764936024
1,1,0.588983762227404
0,1,0.5608766553397652
1,0,0.4657854338082925
0,1,0.5264876521265783
0,0,0.09491355907007008
1,0,0.2973784996993117
0,1,0.5719636649684258
1,0,0.49944004267895015
1,0,0.4425266378350777
1,0,0.4310514842923118
0,1,0.5148083908137516
0,0,0.4791321860913771
0,0,0.021424621922590363
1,1,1.0
1,0,0.40989441554225453
0,0,0.3663398514006354
1,0,0.08813579685156026
0,0,0.4657854338082925
0,0,0.4750077105375299
0,1,0.5687074673291426
1,0,0.4486735772802837
0,0,0.4121226376834898
0,0,0.41388923249885845
1,1,0.5005710121715935
0,1,0.6107962186998773
1,0,0.48488370439453227
0,1,0.5391036983285884
1,0,0.26375525038131176
0,0,0.048608781161332056
0,0,0.45901950376428874
1,0,0.20511798985424207
0,0,0.48305375113730215
0,0,0.4838314888059446
0,0,0.4535979037697601
0,0,0.01911798985424207
1,0,0.1601357968515603
0,0,0.46151934508981374
0,1,0.7800650181235058
0,0,0.49295965076484877
1,0,0.4489019177894239
1,1,0.7696038649162001
0,1,0.5184611892327401
0,1,0.8047571322725541
1,1,0.5505390467123841
0,1,0.5301418892261626
0,0,0.4697383445553928
1,0,0.4657854338082925
0,0,0.0
0,0,0.26963107301745104
0,0,0.012
1,1,0.7030890981837458
1,0,0.48071039105048385
0,1,0.5915292451116118
1,1,0.5285803243035255
0,0,0.4175563662791982
1,0,0.3156896500527255
1,1,1.0
1,0,0.4586471894326953
0,0,0.37808105015310306
0,0,0.44776508807210663
0,1,0.5198361893063094
1,0,0.1433280745636156
0,0,0.48573334785029304
1,0,0.42326595206610806
1,0,0.3506710477091042
1,1,0.5076741198716426
0,0,0.0040339976632086435
1,0,0.42805100199428486
1,1,1.0
1,0,0.366915029647704
0,0,0.468841408237262
1,1,0.5184611892327401
0,1,0.5391036983285884
1,0,0.002
0,0,0.082
0,0,0.47813579685156027
0,1,0.5206012913692054
0,1,0.7796914709598588
1,1,1.0
0,0,0.3122332896193267
0,0,0.4919787518445913
1,1,1.0
1,0,0.35182414433706516
0,0,0.15
0,1,0.6152955927650291
1,0,0.24989383018630174
1,1,0.996
0,0,0.14854137112827345
0,0,0.4600694189797085
0,0,0.38152624440860183
0,1,0.664389521827137
0,0,0.4208154019456053
1,1,0.5577407537995943
0,0,0.4006179200025843
0,0,0.38689557008813197
1,1,0.54171470629203
1,0,0.266
1,0,0.4552683664975733
1,0,0.4878470506189733
1,0,0.47628215384141365
1,1,1.0
0,1,0.5391036983285884
1,0,0.49448062507050894
1,1,1.0
0,1,0.5903121723213637
0,1,0.5590434616800123
0,0,0.072
0,0,0.46151934508981374
0,1,0.5532796418465835
0,0,0.36900222289666224
0,1,0.539572910930673
1,0,0.33829546247794584
1,1,1.0
0,1,0.65182708622954
0,0,0.4310514842923118
1,0,0.4737871175321619
1,0,0.49886239820922595
1,0,0.49171271720769577
1,1,0.6871888306662837
1,1,1.0
0,0,0.3022519004167915
1,1,0.5041457495382529
0,0,0.24239226680986262
0,1,0.6847364362822198
1,0,0.3601532250042887
0,0,0.4614161442494055
1,1,0.5040060383544771
1,0,0.138
0,0,0.48445796888904447
0,1,0.5315390255484721
0,0,0.472
1,0,0.49295965076484877
0,0,0.04
1,1,0.996
1,0,0.4843844214325224
1,0,0.4433442332932364
1,1,0.5687542544962694
0,0,0.4372691600454292
0,0,0.1365940402907827
0,0,0.4846550422197456
0,0,0.4586471894326953
0,1,0.5148083908137516
1,1,0.5391036983285884
1,0,0.1845647173738652
1,0,0.36777007155724345
0,0,0.006
0,1,0.5315390255484721
0,0,0.45965815536102983
0,1,0.5041457495382529
0,1,0.539572910930673
0,0,0.49164486014771697
0,1,0.6023229969429261
1,0,0.15972036685543572
0,1,0.5062091004224261
1,0,0.4514109008572663
0,1,0.5180276523965016
1,1,0.5157771374576711
0,1,0.5014150420463898
0,0,0.4846550422197456
1,0,0.4750077105375299
0,1,0.5148083908137516
0,1,0.6107962186998773
1,1,1.0
0,0,0.49171271720769577
1,0,0.20143424437731386
0,0,0.4843844214325224
0,0,0.4425266378350777
1,1,0.831813484006152
0,0,0.004
1,1,1.0
0,0,0.34903544527445485
0,0,0.38689557008813197
1,0,0.4922007930514516
1,1,1.0
0,0,0.2817523047565844
0,1,0.5805381842618853
0,1,0.5005710121715935
0,1,0.6114335966784822
0,0,0.07074490331109279
0,1,0.7921281554136615
1,0,0.4858245227197598
0,1,0.5062791679048926
1,0,0.4315935851521222
1,1,0.5062091004224261
0,0,0.3993008487678239
1,0,0.064
0,0,0.4929934024441226
1,1,0.5161277911284329
0,1,0.7691179898542421
0,0,0.4818662294014451
0,0,0.3121369635682387
0,0,0.16111798985424206
1,0,0.38825243764936024
1,0,0.48573334785029304
1,0,0.278714843315519
0,0,0.3475127131219453
0,1,0.5285201745573098
0,1,0.5391036983285884
0,0,0.05961303994569918
0,1,0.5590434616800123
0,1,0.6776961319581424
0,0,0.4933815720306598
0,1,0.7294953853892049
0,0,0.072
0,0,0.49448062507050894
0,1,0.5817140355808609
1,1,0.6259219276462926
1,0,0.15585441379606085
1,0,0.4175563662791982
0,0,0.4306944311987149
0,0,0.4737871175321619
0,0,0.4597163934556409
0,1,0.5644590578433407
0,0,0.12131689224968413
1,1,1.0
1,0,0.4614161442494055
1,0,0.4536142114081671
0,0,0.4846550422197456
0,1,0.5838417550411342
0,0,0.39196990160406636
0,0,0.128
0,1,0.5201971080203623
1,0,0.4944048956969496
1,0,0.48913121198346254
1,1,0.7098482988984302
0,1,0.9039492273794812
1,0,0.49456702806227304
1,1,0.537952724440943
0,0,0.4843844214325224
1,0,0.48913121198346254
0,1,0.5584286497937176
1,1,0.7309335019117188
0,0,0.4535979037697601
0,1,0.5008616683452152
0,0,0.30693231414859934
0,0,0.09
1,1,0.6326163545143642
0,1,0.5071066624411233
0,1,0.7678410530945617
1,1,1.0
0,1,0.5298929977844897
0,1,0.5391036983285884
0,0,0.028
1,1,0.5135609530289467
1,1,1.0
0,0,0.4329489177732665
0,0,0.3764627968101664
1,1,0.7605112415265348
0,0,0.1730745053070738
0,1,0.5805381842618853
0,0,0.234
0,0,0.49119239005837234
0,1,0.5391036983285884
0,0,0.2534342443773138
0,1,0.7803572096396029
1,1,0.5398567345685806
1,0,0.45437477955443434
0,0,0.05817462760315044
0,0,0.4476417175568387
1,1,0.5238684645228838
1,1,0.5041457495382529
0,1,0.5251179898542421
0,1,0.5419557611748552
1,0,0.468841408237262
0,0,0.39110430626315684
0,0,0.07
1,0,0.46151934508981374
0,0,0.468841408237262
0,1,0.6829164656197578
0,1,0.6535749233103597
0,0,0.4944048956969496
1,0,0.41101753470377655
0,1,0.7523248311847623
0,0,0.16
0,0,0.49579009920675504
1,0,0.324
0,0,0.29618844325303917
0,0,0.134
1,0,0.37734123805739966
1,0,0.48102852613716823
1,0,0.08463088845673011
1,0,0.3593588504239299
1,1,1.0
0,0,0.4174899024020761
1,0,0.19498781959355369
0,0,0.2
0,1,0.5168908312977021
0,1,0.6053653940924383
0,0,0.46685162054024915
0,0,0.21051422342714662
1,1,0.740552774934086
1,0,0.4433442332932364
1,0,0.4846550422197456
0,0,0.39311798985424207
0,0,0.4614161442494055
1,1,1.0
1,0,0.47618657596830494
1,0,0.45965815536102983
1,1,0.6965582700241513
0,0,0.2390178069973182
1,1,0.5598435517988967
0,0,0.058
1,1,0.5039284135526704
0,1,0.5148083908137516
0,0,0.4972404240178591
0,0,0.48764516612798786
1,1,0.677914160582068
0,0,0.3328010477058651
0,0,0.4944048956969496
1,0,0.44950214928545024
0,1,0.5805381842618853
0,1,0.6453484010575998
1,1,0.5288197753589837
1,1,0.5067060019811601
0,0,0.4305248998675187
1,0,0.4082751013245628
1,0,0.4697383445553928
0,1,0.9325018834149873
0,0,0.376
0,1,0.8642178514710417
1,0,0.08099649088602938
0,1,0.5322324356508161
0,1,0.5710746284531442
1,0,0.44000169532150885
1,0,0.4425266378350777
1,0,0.4422800397894123
1,1,0.539572910930673
1,0,0.15972036685543572
0,0,0.4933815720306598
0,0,0.4322725601657114
1,1,0.5454806148347662
0,0,0.49768904978934986
0,1,0.5432744805326412
0,1,0.5005710121715935
1,0,0.23682214783504638
1,0,0.32971203014502476
1,1,0.5260711927674411
1,1,0.994
1,1,1.0
1,0,0.2243003449270429
0,1,0.7617354932424637
0,0,0.036
1,1,0.822
1,1,0.5148083908137516
1,1,0.5307810956670667
1,0,0.06591220968989286
1,0,0.12532523326243353
1,0,0.49301185059592867
0,0,0.48786722992733145
0,0,0.48445796888904447
0,1,0.5287932280896505
0,1,0.5144574971134271
1,0,0.46702849164192084
0,0,0.41307362162400946
0,1,0.5201971080203623
1,0,0.226
1,0,0.46635409515567156
0,1,0.5168908312977021
0,1,0.588983762227404
0,0,0.4898706845391655
1,1,0.5148083908137516
0,1,0.5168908312977021
1,0,0.41101753470377655
0,0,0.42962751498494356
1,1,0.6691179898542421
1,1,0.5502467867102241
0,0,0.4846550422197456
0,0,0.03999504491403225
1,1,0.5288197753589837
0,0,0.21545427423964722
0,0,0.057551680664119316
0,0,0.4482359797084841
0,0,0.258
0,0,0.376
1,1,1.0
0,0,0.4843844214325224
0,1,0.8082924822306269
1,0,0.19392133457606656
1,1,1.0
0,1,0.8716964762884564
0,0,0.18943424437731385
1,0,0.05531065893377896
0,0,0.468841408237262
1,1,0.5195556111422631
0,1,0.6951179898542421
0,1,0.5227325470323655
1,0,0.44735835143181435
1,1,0.5445407087037377
0,1,0.6807676527075484
0,0,0.4657854338082925
0,0,0.41423597970848414
1,1,0.998
0,0,0.4315935851521222
0,1,0.5041457495382529
0,0,0.28850887907116834
0,1,0.6183606692442691
0,1,0.6410797448476485
1,0,0.4514109008572663
1,0,0.12
0,1,0.5206012913692054
1,0,0.4476417175568387
0,0,0.268075389194276
0,0,0.4779325790026912
0,0,0.206
1,0,0.4911788058103611
1,1,0.598755330115692
0,1,0.6676156118662823
0,0,0.2637452770826476
1,0,0.4937275481121073
1,1,0.5148083908137516
1,1,0.5298929977844897
0,1,0.5307185131626951
1,1,0.5005710121715935
1,1,0.520155681706381
1,0,0.4779325790026912
1,1,0.5595582326658877
1,1,1.0
0,0,0.4217070016953104
0,0,0.04
0,0,0.118
1,0,0.48456139294715117
0,1,0.5274458871662253
1,1,1.0
0,0,0.48445796888904447
1,0,0.46732386279725013
0,0,0.002
1,0,0.4846550422197456
0,1,0.5041457495382529
1,0,0.13100385535392017
1,0,0.37490339873086514
0,1,0.5838417550411342
0,0,0.4322725601657114
0,0,0.15495384023731643
1,0,0.4536142114081671
0,0,0.45965815536102983
1,1,1.0
0,0,0.4536142114081671
1,1,0.6600408146942585
1,1,1.0
1,1,1.0
0,0,0.0
0,0,0.252
1,0,0.06943861703330247
1,0,0.14
0,0,0.4977214821268487
0,1,0.5867454605629636
0,0,0.0006443714156840003
1,0,0.46635409515567156
0,0,0.3122332896193267
0,1,0.5848468204226454
0,0,0.4310514842923118
0,0,0.16166323354734094
0,0,0.206
0,0,0.48764516612798786
1,1,0.5161277911284329
1,0,0.48764516612798786
0,1,0.5319548068498541
0,0,0.2794184546496505
0,1,0.5229425652346357
0,0,0.2384135826192712
0,1,0.5238684645228838
0,0,0.47117479526733574
0,0,0.3419623943908549
1,1,1.0
0,0,0.45965815536102983
0,0,0.48913121198346254
1,1,0.8854981859131121
0,1,0.7993872546970764
0,1,0.5297283274046817
0,0,0.43731240932524224
1,1,0.5195556111422631
0,1,0.5140177000648697
0,1,0.5227325470323655
0,1,0.7775694073262943
1,0,0.4860395113900581
0,0,0.15803490618919588
1,1,0.5019931156820426
1,0,0.4299323335541183
1,1,0.5274458871662253
1,1,0.5412118027343137
0,0,0.46815228885074844
0,0,0.2761450881545754
0,1,0.5322324356508161
0,0,0.48764516612798786
0,0,0.38074476384438216
0,0,0.45411167063826674
0,0,0.3292757621970797
0,0,0.4175563662791982
1,1,0.5793630226781863
0,0,0.4614161442494055
0,0,0.4846550422197456
1,1,0.5081794887381547
1,1,0.5513959339360663
1,0,0.336498944823182
0,0,0.14538164552486577
1,0,0.29063907362475533
0,1,0.9157897237615197
1,1,0.5429481376599417
0,1,0.7360377791332621
0,0,0.37490339873086514
1,1,0.5062791679048926
0,0,0.06190837638805872
1,0,0.23619667341383035
0,0,0.49905632032361075
0,0,0.05608649926583862
0,0,0.14
0,0,0.30545856940939714
1,1,0.5546291780769825
0,0,0.13911798985424206
1,0,0.11355208307347384
0,1,0.5099706816256824
0,0,0.48573334785029304
0,1,0.5201971080203623
0,0,0.46178844918451295
1,0,0.4860395113900581
1,0,0.08888832153289741
0,0,0.205074399332006
1,0,0.44950214928545024
0,0,0.06432836546952153
0,1,0.5419557611748552
0,0,0.146
0,1,0.5227325470323655
1,0,0.2273677673707433
0,0,0.4944048956969496
1,0,0.06002828466809656
0,0,0.49119239005837234
0,1,0.5057209331541698
0,0,0.40791471958378456
1,0,0.13743424437731383
0,0,0.3656487510132603
0,1,0.5274458871662253
1,1,1.0
0,1,0.6591161844700514
0,0,0.406
0,0,0.20963058265711368
0,1,0.5805381842618853
0,0,0.21248126669393844
1,1,0.7673217226339762
0,0,0.47164343426198585
0,0,0.4621627048890279
0,1,0.5148083908137516
1,1,0.801139847855045
1,0,0.4185738259399454
0,0,0.49171271720769577
0,0,0.168809414153901
1,0,0.38887607116288536
0,1,0.7864204271563539
1,0,0.22833382215900663
1,1,0.5429481376599417
0,0,0.3988668946518314
0,0,0.46226891068833925
1,1,0.9175956371459614
1,0,0.004
1,0,0.36900222289666224
0,1,0.5322324356508161
0,0,0.39191062606642096
0,1,0.5745781588643395
1,1,1.0
1,1,0.7962802705028474
1,1,0.5041457495382529
1,1,0.5398426462581948
1,1,0.5464598778555134
0,0,0.4846550422197456
1,0,0.45965815536102983
0,0,0.48071039105048385
1,0,0.23372743644113544
1,1,1.0
1,1,0.6730618622722048
0,0,0.462676312794899
0,0,0.4657854338082925
1,1,0.5274458871662253
1,1,1.0
1,0,0.4598850158761302
1,0,0.48573334785029304
1,0,0.3840161878548447
0,0,0.37546115530804325
1,1,0.5041457495382529
1,0,0.4243393467798189
0,1,0.5005710121715935
0,0,0.09337444035424482
0,0,0.36900222289666224
1,0,0.4524968442818173
0,1,0.5102902435237725
0,1,0.5148083908137516
0,1,0.5131509117186277
1,0,0.42126670095815294
0,0,0.050594040290782724
0,0,0.15559805182770783
0,0,0.14300394579954975
0,0,0.4690371103618516
1,1,1.0
1,1,0.5391036983285884
1,1,0.62875009460264
1,1,0.549672369034163
0,0,0.4750077105375299
0,1,0.5019931156820426
0,1,0.5161277911284329
0,0,0.4671236522841531
0,0,0.43731240932524224
1,1,1.0
1,1,0.6314342443773138
0,1,0.5274458871662253
0,1,0.7183888926630444
1,1,0.5301418892261626
0,0,0.4322725601657114
1,1,1.0
1,1,0.8653075802182009
0,0,0.36556464416963075
0,0,0.16572113581203426
0,1,0.740552774934086
1,1,0.5238684645228838
0,1,0.6833876249214712
1,0,0.4121226376834898
1,1,0.5008616683452152
1,0,0.46584377615661976
0,0,0.34544812990907586
1,1,1.0
1,0,0.49907616470833155
1,0,0.22156351862904497
1,0,0.49579009920675504
1,1,0.5288197753589837
0,0,0.43865804190750946
0,1,0.5221259513988297
0,0,0.43671173175018235
0,1,0.5322258307548341
0,0,0.4738463558009017
0,0,0.4419836480087153
0,1,0.5095088662355254
1,1,0.5161277911284329
0,0,0.45965815536102983
0,1,0.5041457495382529
0,0,0.4586471894326953
0,0,0.3663398514006354
1,1,0.5135609530289467
0,0,0.49269310229045915
0,0,0.2993000892962835
1,1,1.0
0,0,0.48938685518247693
0,0,0.074
1,0,0.39899548395562845
1,0,0.46685162054024915
0,1,0.938649004337466
0,1,0.54171470629203
1,1,0.5005710121715935
0,1,0.5168908312977021
1,1,0.5062791679048926
1,0,0.4911788058103611
0,1,0.570550159157931
0,1,0.6383940742713666
1,1,0.6416333645115374
1,1,0.5041457495382529
1,1,0.5387972424274352
0,0,0.4779325790026912
0,1,0.5008616683452152
0,0,0.22490271702372885
0,0,0.16537077755741608
0,1,0.6964822246068519
0,0,0.4476417175568387
1,1,0.996
0,0,0.34004248381928953
1,0,0.47487596818877464
1,1,0.5180276523965016
1,0,0.4361247776946675
0,1,0.5041457495382529
1,0,0.4944048956969496
1,0,0.4322725601657114
0,0,0.20993313749364384
1,1,0.7676186570802247
1,0,0.46151934508981374
0,0,0.46685162054024915
0,1,0.8589981573487494
0,0,0.4524968442818173
1,1,0.7421292457527389
1,0,0.274
1,1,0.5005710121715935
0,0,0.4322725601657114
1,0,0.44735835143181435
0,1,0.6192713577177095
0,0,0.4944048956969496
0,0,0.48764516612798786
0,1,0.5216791294056619
0,0,0.4750077105375299
0,0,0.4422800397894123
0,0,0.44000169532150885
1,1,1.0
1,0,0.4372691600454292
0,1,0.706
0,1,0.6013027561620332
0,0,0.48764516612798786
0,0,0.12317484219465138
0,1,0.5301418892261626
1,1,0.54171470629203
1,1,0.6430808878988048
0,0,0.38319707734020275
0,0,0.43
1,0,0.4586471894326953
1,1,0.5315390255484721
1,0,0.18557426982654185
1,0,0.48445796888904447
1,1,0.5259103196815872
0,0,0.4972404240178591
0,1,0.5501598917490345
0,0,0.42326595206610806
1,1,1.0
1,0,0.42817354931195384
0,0,0.32150452969125276
0,1,0.5903831498677193
0,0,0.4514109008572663
0,0,0.46901390278312605
1,1,0.5041457495382529
0,0,0.102
0,1,0.5005710121715935
1,1,0.6524967410905117
1,0,0.40791471958378456
1,0,0.48913121198346254
1,1,0.5576096664257487
1,0,0.4744440633146783
0,0,0.008
1,1,0.580006052493627
0,0,0.4175563662791982
0,1,0.52100620764171
0,0,0.4425266378350777
0,0,0.48739350808967846
0,0,0.274
0,0,0.22599031414000956
0,0,0.4936210849540353
0,1,0.5915292451116118
1,1,1.0
1,1,0.6351179898542421
1,1,0.6416333645115374
0,0,0.39851850159999064
1,1,0.998
0,0,0.4878470506189733
0,0,0.33
0,0,0.22547805979111185
0,1,0.6711586620222674
0,0,0.2542766518765094
0,0,0.4930416396066666
1,0,0.07466980099825732
0,0,0.39457283549883226
0,1,0.5041457495382529
0,1,0.68
1,1,0.5591403893834782
0,1,0.5260711927674411
0,0,0.28437442690496456
1,0,0.136
0,0,0.47633238973581954
1,0,0.49119239005837234
0,1,0.7112896675186516
0,1,0.54171470629203
1,1,0.5246334455253594
1,1,1.0
0,1,0.5030472089920336
0,1,0.722
0,0,0.4691179898542421
0,0,0.1212478446078099
1,1,1.0
0,0,0.38105564847973494
0,1,0.5150371853337463
0,1,0.5429481376599417
1,0,0.47628215384141365
0,0,0.39477996376752456
0,1,0.5045138203751658
1,1,0.5131509117186277
1,0,0.4489019177894239
0,1,0.5710746284531442
0,0,0.49886239820922595
1,0,0.3738640710560002
0,0,0.4571309652568444
1,0,0.4968785990449293
0,1,0.5702995868798902
0,1,0.5161277911284329
0,0,0.46151934508981374
0,0,0.1903182148078615
0,1,0.5501598917490345
0,0,0.43687509100515526
1,0,0.42805100199428486
0,0,0.24
0,1,0.6510422988072917
0,0,0.46252547144969347
1,1,0.8465479568543407
0,0,0.4121226376834898
0,0,0.35010342243069176
0,0,0.3928915641252145
1,1,0.5148083908137516
0,0,0.41341717301667974
0,0,0.42415695664957004
0,0,0.024701552474246425
1,1,0.5028002029334034
0,1,0.5008616683452152
0,0,0.25813579685156024
1,1,1.0
1,1,0.88
0,1,0.5206012913692054
1,0,0.4208154019456053
0,1,0.5201971080203623
0,0,0.4860395113900581
0,1,0.5463310605763452
0,0,0.4536142114081671
0,0,0.244934260969571
1,0,0.4750077105375299
0,0,0.48573334785029304
1,1,0.5644590578433407
0,0,0.29472657096539656
1,0,0.4175563662791982
0,1,0.5229425652346357
1,1,1.0
0,0,0.122
0,0,0.33256257417458196
0,1,0.6144718573050514
0,0,0.048
1,1,0.5062551569469426
1,1,0.5249686453703476
0,1,0.5229425652346357
1,1,1.0
0,0,0.4586471894326953
0,1,0.6833763100289294
0,1,0.5463652089659887
1,0,0.024756797543626374
0,1,0.5201971080203623
1,1,0.5041457495382529
0,0,0.3816798766393784
1,0,0.44950214928545024
0,1,0.7380076192356564
1,0,0.0816310215985393
0,1,0.554692071634821
0,0,0.49119239005837234
0,0,0.48913121198346254
1,0,0.1444123439604209
1,0,0.30658784822619223
0,0,0.4843844214325224
1,1,0.534109033983396
0,1,0.519456677464264
0,0,0.040119252456247825
1,0,0.4322725601657114
1,0,0.13203399766320864
1,0,0.42326595206610806
1,0,0.296
0,0,0.48764516612798786
1,1,0.5501598917490345
0,0,0.0
1,1,0.5585186464129971
1,1,0.5161277911284329
1,0,0.45965815536102983
0,1,0.5031810784270069
1,1,1.0
1,0,0.47628215384141365
0,1,0.5005710121715935
0,0,0.2081296458015925
0,1,0.6643730288852159
0,1,0.5285803243035255
0,0,0.102
0,0,0.3740282846680966
0,0,0.3691236780364918
1,1,1.0
1,1,0.5307810956670667
0,1,0.5229069104382628
0,0,0.13495671384325547
0,0,0.48764516612798786
1,0,0.4614161442494055
0,0,0.374
0,0,0.48764516612798786
1,0,0.44810840746526387
0,1,0.7574598911935624
1,1,0.588983762227404
0,0,0.49579009920675504
1,1,1.0
1,0,0.4846550422197456
0,0,0.43687509100515526
1,0,0.35018639052068745
0,0,0.228
1,0,0.4454631210970632
0,0,0.4846550422197456
0,1,0.5206012913692054
0,0,0.126
1,1,0.5021634125160301
1,0,0.18685964703712885
0,0,0.4922007930514516
0,0,0.37478870703193257
0,1,0.5229425652346357
1,0,0.49456702806227304
1,1,0.5805381842618853
0,0,0.4922007930514516
1,0,0.4597163934556409
0,0,0.04555168066411932
0,0,0.49456702806227304
0,0,0.48305375113730215
1,0,0.296
0,1,0.7185286094321462
0,0,0.46001664325981595
0,1,0.5062551569469426
1,0,0.3475127131219453
1,1,0.5501598917490345
0,1,0.5048452706347827
0,0,0.3383704474432892
0,0,0.4846550422197456
0,1,0.8999155110712522
1,0,0.4756070744038112
0,0,0.47628215384141365
1,0,0.44950214928545024
1,0,0.4108100129627059
1,1,0.5019931156820426
1,1,0.5188566827535638
1,1,0.5682695583753362
1,1,1.0
0,1,0.5454806148347662
1,0,0.43871713159447034
1,1,1.0
0,0,0.42127638975791026
1,0,0.44735835143181435
0,1,0.5005710121715935
1,0,0.47628215384141365
1,1,1.0
0,0,0.046
0,0,0.47900886744263843
0,0,0.19
1,0,0.2909339348949421
0,0,0.46178844918451295
0,0,0.39334210330510644
0,0,0.3475127131219453
0,0,0.48445796888904447
0,0,0.4803983343377227
0,0,0.4586471894326953
0,0,0.4108100129627059
0,1,0.5148083908137516
0,0,0.4514109008572663
1,0,0.14332715199396726
1,1,0.5524644073553298
0,0,0.18037509688024017
0,1,0.5285201745573098
1,0,0.31121321954360504
1,1,0.5546291780769825
1,1,0.537952724440943
0,0,0.012775840332059663
1,0,0.4433442332932364
0,0,0.4910703178175632
1,1,1.0
1,0,0.49295965076484877
0,1,0.5432744805326412
0,0,0.4662863998879479
0,1,0.6740173506097202
0,0,0.1116667554681932
0,0,0.14223965021261306
0,0,0.43731240932524224
1,0,0.296
0,0,0.3071206850812372
1,0,0.08
0,0,0.3743185215715112
1,1,0.6297153426496257
1,1,1.0
0,0,0.246
1,0,0.382
1,1,0.521213248302004
0,0,0.4701848252081504
0,0,0.4811339739313699
1,1,0.5102902435237725
1,1,0.5274458871662253
0,0,0.12453566777216617
1,1,1.0
1,1,0.5310836983981653
0,1,0.5229425652346357
0,0,0.4858245227197598
1,0,0.4044843348585801
0,0,0.4425266378350777
0,1,0.5301418892261626
0,0,0.47850032451268387
0,0,0.39152690712737587
1,1,0.5577407537995943
0,1,0.5307810956670667
1,1,0.8877143083533219
1,0,0.4922007930514516
0,0,0.09428282905275678
0,0,0.2944304162321001
1,1,1.0
0,0,0.37315834268525305
0,0,0.186
1,1,0.5398567345685806
0,0,0.4852862922101786
0,0,0.11585829481064011
1,1,0.5274037271396327
0,1,0.5131509117186277
1,0,0.4425266378350777
0,0,0.007753510223687372
1,0,0.288
0,0,0.25297259524811194
0,0,0.09535635459678596
1,0,0.07
0,1,0.5518544189074571
0,1,0.5062551569469426
1,0,0.49568354334599307
0,1,0.7458222234359824
1,1,0.5148083908137516
0,0,0.006
0,0,0.4723616963953369
1,1,1.0
0,1,0.5274458871662253
0,1,0.5198361893063094
0,0,0.35839305303887714
1,0,0.244
1,1,1.0
0,0,0.23366358099807305
1,0,0.24910599589791482
1,1,0.99
0,1,0.5992081077565476
0,1,0.5974129891786553
0,1,0.6047015524742465
1,0,0.4984847908976116
1,1,0.5341836356930983
1,1,1.0
0,1,0.5561066414508239
0,0,0.314
1,1,0.5793078913912317
0,0,0.46252547144969347
0,0,0.08206150909492654
1,1,0.5315390255484721
0,1,0.7566908447638231
0,1,0.5288197753589837
1,1,1.0
0,0,0.49886239820922595
0,0,0.21335787297903017
1,1,0.5168908312977021
1,0,0.23387382536489174
1,0,0.355745477202902
1,0,0.14
0,0,0.43517347510535204
0,1,0.5080916938502845
0,1,0.7106425784375586
0,0,0.3953536417834476
1,0,0.4846102061668726
1,1,1.0
0,0,0.4536142114081671
0,1,0.588983762227404
1,1,0.519456677464264
0,0,0.4933815720306598
0,1,0.61168292544695
0,0,0.4534929831632774
1,0,0.4846550422197456
1,1,0.6405913377435449
1,1,0.5446153923852054
1,0,0.4143251316698882
0,0,0.20642362395512642
1,1,0.580006052493627
0,1,0.5186175984546153
1,0,0.06116991460342625
1,0,0.4860395113900581
0,0,0.2329812676758356
0,1,0.6676156118662823
0,0,0.23356346655822932
0,1,0.5644590578433407
1,1,0.668
1,0,0.43731240932524224
0,0,0.32477584033205964
1,0,0.27765699965482477
0,0,0.468841408237262
1,1,0.5019931156820426
0,1,0.5161277911284329
0,0,0.022
0,0,0.462484085741534
1,0,0.46685162054024915
0,0,0.03
1,0,0.46635409515567156
0,0,0.47117479526733574
1,0,0.45411167063826674
1,0,0.4713494695382681
1,0,0.45965815536102983
0,0,0.4365350224090678
1,0,0.118
0,0,0.44950214928545024
1,0,0.4796492602518468
1,0,0.2904399785644306
0,0,0.44950214928545024
0,0,0.42817354931195384
1,1,1.0
1,0,0.49768904978934986
1,0,0.4454487893273925
0,0,0.35010342243069176
0,1,0.5501598917490345
0,0,0.40791471958378456
0,1,0.5873447193542976
1,1,0.6535211088414333
1,1,1.0
1,0,0.4476417175568387
0,1,0.5168908312977021
0,0,0.38785479422737723
1,0,0.17680125972984587
0,0,0.468841408237262
0,0,0.278714843315519
1,0,0.4121226376834898
0,0,0.38825243764936024
0,1,0.5168908312977021
1,1,0.9189210337722081
0,0,0.3378876327820499
1,1,0.5062091004224261
0,0,0.3988668946518314
1,1,1.0
1,1,1.0
0,1,0.5644590578433407
1,0,0.3601532250042887
1,1,0.738
0,0,0.4911788058103611
0,1,0.537952724440943
0,0,0.3562188389200664
0,0,0.01814138212416904
0,0,0.19342949443678573
0,1,0.5041457495382529
1,1,0.5201971080203623
0,0,0.4512135043837761
0,0,0.018
0,0,0.012
0,0,0.47164343426198585
1,0,0.44000169532150885
0,0,0.4536142114081671
1,0,0.48071039105048385
0,0,0.184
0,0,0.44950214928545024
0,1,0.5041457495382529
1,0,0.444
0,1,0.521213248302004
0,1,0.5391036983285884
0,0,0.4425266378350777
0,0,0.48573334785029304
0,0,0.46685162054024915
0,0,0.48488370439453227
0,0,0.0991439458354022
0,0,0.4408001440847013
0,0,0.45491101025071323
1,0,0.3930395273757744
1,1,1.0
1,0,0.07853999713691354
0,1,0.5271179898542421
1,1,1.0
1,0,0.4306082606379076
0,0,0.38111798985424206
1,0,0.4818662294014451
1,1,0.5454806148347662
1,0,0.44735835143181435
0,0,0.144
0,0,0.18
1,0,0.4818662294014451
1,1,1.0
0,1,0.519456677464264
0,0,0.018
1,1,1.0
0,0,0.468841408237262
1,1,0.5008616683452152
1,0,0.43731240932524224
0,0,0.49579009920675504
0,0,0.49886239820922595
0,0,0.012
1,0,0.36208022444993126
0,1,0.5710746284531442
0,0,0.007321801554515307
1,1,0.5227325470323655
1,1,0.6349595967207698
1,0,0.47164343426198585
0,0,0.162
0,0,0.25605436687127975
0,0,0.13218513307605884
1,0,0.48764516612798786
0,0,0.4571309652568444
0,1,0.5301418892261626
1,0,0.4315160737472386
1,1,1.0
0,0,0.12000211632205325
0,1,0.5264876521265783
0,0,0.06505173009600793
1,1,0.6606837286361537
0,0,0.4816055454021122
1,0,0.4092066882980152
0,0,0.4835800032887292
0,0,0.03133617722771358
0,1,0.5260711927674411
0,1,0.5221259513988297
1,0,0.4866938206929386
0,1,0.5165159489951439
0,1,0.6201761437160429
1,0,0.31523887131663636
0,1,0.5475407875117035
0,1,0.8789776868233337
1,1,0.5038867787716291
0,0,0.088
0,0,0.4322725601657114
0,1,0.5391036983285884
0,0,0.48445796888904447
0,1,0.6458837332972187
0,1,0.7757400812253457
0,0,0.45650053647296956
0,0,0.48764516612798786
0,0,0.28284947835285495
1,1,0.5359486046264531
0,1,0.5710746284531442
0,0,0.3601532250042887
1,0,0.45437477955443434
0,0,0.38825243764936024
1,0,0.4846550422197456
0,0,0.47713020629801683
1,0,0.3675644197219578
1,1,0.5640884533034581
1,0,0.3601532250042887
1,1,1.0
0,1,0.5274458871662253
0,0,0.48573334785029304
0,0,0.4536142114081671
1,1,0.5702995868798902
0,1,0.8590066400357359
0,0,0.4425266378350777
0,1,0.6276594554058569
0,1,0.5543700292754637
1,0,0.41576191994524114
1,0,0.44950214928545024
0,0,0.01
0,0,0.12511798985424208
1,0,0.47649922904885367
0,1,0.5288197753589837
0,0,0.4990937612427997
0,0,0.48913121198346254
0,1,0.5355129192014143
1,0,0.28558793568094726
1,1,0.5719636649684258
0,0,0.18614621250167462
1,0,0.4657854338082925
0,1,0.5149407995032828
0,0,0.30199081321763965
0,0,0.19371182807684056
0,0,0.007986478608869751
0,0,0.026
1,0,0.49171271720769577
1,1,0.7525418252836147
1,0,0.03387301721856751
0,0,0.086
0,0,0.4208154019456053
0,1,0.5776405025024425
1,0,0.49456702806227304
0,0,0.4240710276052274
1,0,0.44089062438845655
0,0,0.4614161442494055
1,0,0.37490339873086514
0,0,0.1512159806459762
1,1,0.5600755045559667
0,1,0.5307185131626951
0,1,0.5048088613794017
0,0,0.4536142114081671
0,0,0.21
1,0,0.468841408237262
0,1,0.6111085084569122
0,1,0.5524644073553298
0,1,0.5307185131626951
0,1,0.5081794887381547
1,1,0.5454806148347662
1,1,0.5970501169130542
0,1,0.7986084911828498
0,0,0.4425266378350777
0,0,0.2786926586121553
0,1,0.7816627374528224
0,1,0.5168908312977021
0,1,0.5148511997544535
0,0,0.28270143849344936
0,0,0.36900222289666224
1,1,0.6013027561620332
0,0,0.24338321018068018
0,0,0.14531065893377895
1,1,0.5322324356508161
0,0,0.078
1,0,0.4846550422197456
0,0,0.082
0,1,0.5429481376599417
1,1,1.0
1,0,0.49171271720769577
1,0,0.4509764453346503
0,0,0.44000169532150885
1,0,0.45965815536102983
1,0,0.09836377433791756
0,0,0.4860395113900581
0,1,0.6697925782180479
1,0,0.3009168793346229
0,0,0.3345572707479682
0,1,0.5355129192014143
0,0,0.4524968442818173
0,0,0.4933815720306598
1,1,0.7978919335813802
0,1,0.519101385594176
1,1,1.0
0,1,0.5410227754434169
1,1,0.5298929977844897
0,1,0.5008616683452152
0,0,0.4860395113900581
0,0,0.46936033951834955
0,1,0.5391036983285884
1,1,0.6089642170017713
0,1,0.5714251596208244
1,1,0.590824129052898
1,0,0.4534929831632774
1,1,0.6149260778758869
1,1,0.52100620764171
0,1,0.5168908312977021
1,0,0.3614119831409713
0,0,0.4697383445553928
0,0,0.48764516612798786
0,1,0.8790687403308126
0,1,0.5041457495382529
0,1,0.6339974858441646
1,1,0.5307810956670667
1,0,0.09808568079264723
0,1,0.5608766553397652
1,1,0.5186175984546153
0,0,0.4972404240178591
0,1,0.5319548068498541
1,1,0.5095088662355254
1,1,0.5216829861606521
1,0,0.4737871175321619
0,0,0.49448062507050894
0,0,0.45901950376428874
0,1,0.5041457495382529
1,0,0.4599287267677158
1,1,1.0
0,1,0.5319548068498541
0,0,0.34216431295144195
0,0,0.46982211567338034
0,0,0.2441177120251546
0,1,0.5492938265126921
0,1,0.5518544189074571
1,1,1.0
0,0,0.2523152258898605
0,1,0.5229069104382628
1,0,0.47764082630855387
1,1,0.5475407875117035
0,0,0.3122332896193267
0,0,0.4657854338082925
0,0,0.14543424437731384
1,0,0.4657854338082925
0,1,0.543319433170877
0,0,0.47822016510500465
0,0,0.4737871175321619
1,0,0.47618657596830494
0,0,0.3383613408214885
0,0,0.224
1,1,0.5307810956670667
1,0,0.38152624440860183
0,1,0.5140177036008678
1,1,0.5148083908137516
0,1,0.5131509117186277
1,0,0.374
0,0,0.4433442332932364
0,0,0.268075389194276
0,0,0.4818662294014451
0,0,0.48445796888904447
0,0,0.4657854338082925
1,1,0.5921313760236293
0,1,0.7381791476884066
0,0,0.3849112662523671
0,1,0.5518544189074571
0,0,0.287488352600631
1,0,0.3841060467131148
0,0,0.4119741554913254
0,0,0.268075389194276
0,0,0.3250186269049379
1,0,0.188
1,0,0.18696848816468295
0,0,0.08911798985424207
1,1,0.5391036983285884
0,0,0.48456139294715117
0,0,0.4425266378350777
0,0,0.28
1,1,0.5307185131626951
0,1,0.6743003003550057
1,0,0.23432532990048485
0,0,0.4476417175568387
0,0,0.13348718482004523
0,0,0.43731240932524224
1,1,0.7458222234359824
0,0,0.47628215384141365
0,0,0.15511798985424208
1,0,0.022227874058223764
0,1,0.5398567345685806
0,0,0.48488370439453227
1,1,0.521213248302004
1,0,0.35239650457633426
0,0,0.3248732277251443
1,1,0.8477917057785413
1,1,1.0
0,0,0.18124578904753225
0,0,0.49103895692549054
1,1,0.5436460296026628
1,1,0.5288197753589837
0,1,0.6453484010575998
1,0,0.49463580028377646
0,0,0.0046357091033944605
0,0,0.47195497832524747
0,0,0.43731240932524224
1,0,0.4846550422197456
0,1,0.588983762227404
1,1,0.5383888524880848
0,0,0.24797266422317063
1,1,1.0
1,1,0.5429481376599417
1,1,0.5274037271396327
0,0,0.4549275406719968
1,1,0.5161277911284329
0,1,0.5391036983285884
0,0,0.49579009920675504
1,0,0.006508084268240707
0,0,0.050552234231555915
1,1,0.996
0,1,0.5181075973168963
0,0,0.48445796888904447
1,0,0.4433442332932364
0,0,0.28546334275634755
0,0,0.09608570723922465
1,1,0.8051179898542421
1,1,1.0
0,0,0.4322725601657114
0,0,0.4433442332932364
