y_true,y_proba,y_pred
0.0,0.00037580688,0
0.0,0.58136505,1
0.0,0.58562094,1
0.0,3.05212e-05,0
0.0,0.0010161719,0
0.0,0.00877214,0
1.0,0.42936972,0
0.0,0.0031955712,0
1.0,0.15475994,0
0.0,0.00031177115,0
0.0,0.0044944566,0
0.0,2.8796283e-05,0
0.0,0.0019966376,0
0.0,0.0065412284,0
0.0,0.068580724,0
0.0,0.0002808162,0
0.0,0.15635769,0
0.0,0.10005239,0
0.0,0.011790799,0
0.0,0.12866986,0
0.0,0.0008639672,0
1.0,0.9999999,1
0.0,9.0483096e-05,0
0.0,0.6454675,1
0.0,0.038884584,0
0.0,0.04265555,0
0.0,0.008245634,0
0.0,0.13506909,0
0.0,0.11988806,0
0.0,0.0036853012,0
0.0,0.017421039,0
0.0,0.0011401301,0
0.0,0.11286772,0
0.0,0.20450172,0
0.0,0.007316836,0
0.0,0.014690625,0
0.0,0.14040218,0
0.0,0.22672674,0
0.0,0.009160373,0
0.0,0.04326909,0
0.0,0.00017642236,0
0.0,2.0238776e-05,0
0.0,0.08383353,0
0.0,0.011980499,0
0.0,0.24107456,0
0.0,0.34250295,0
0.0,0.0014437613,0
0.0,0.0008173003,0
0.0,0.13606375,0
1.0,0.9768084,1
0.0,0.14595057,0
0.0,1.4754738e-06,0
0.0,0.0352995,0
0.0,0.024292355,0
1.0,0.9999999,1
0.0,0.028175237,0
1.0,0.99993205,1
0.0,0.0023461182,0
0.0,0.001316337,0
0.0,0.012954139,0
0.0,0.046114672,0
0.0,0.4504329,0
0.0,0.0007463657,0
0.0,0.003088086,0
1.0,1.0,1
1.0,0.9345996,1
0.0,0.0003677755,0
0.0,0.008296273,0
0.0,0.025597284,0
1.0,1.0,1
0.0,0.025642682,0
0.0,0.010712641,0
0.0,0.06400819,0
0.0,0.00016538463,0
0.0,0.0032634141,0
0.0,0.007377109,0
0.0,0.0077627655,0
0.0,0.0623475,0
0.0,0.0009873286,0
0.0,0.08235756,0
1.0,0.90791744,1
0.0,5.5311044e-05,0
0.0,0.03898956,0
0.0,0.00027223013,0
1.0,0.9999975,1
0.0,0.3502745,0
0.0,0.021417588,0
0.0,0.012086678,0
0.0,0.53023803,1
0.0,0.07796051,0
1.0,0.68364125,1
0.0,0.044567708,0
0.0,0.024392605,0
1.0,0.40278444,0
0.0,5.467946e-05,0
0.0,0.0028096894,0
0.0,0.008200756,0
0.0,3.5711794e-06,0
0.0,0.00012775807,0
0.0,7.777983e-05,0
1.0,0.9999999,1
0.0,9.096081e-05,0
1.0,0.9999999,1
0.0,0.028258692,0
0.0,7.915073e-05,0
0.0,0.03240516,0
0.0,0.0001714798,0
0.0,0.4886769,0
0.0,0.41019437,0
0.0,0.08197171,0
0.0,0.030089749,0
0.0,0.071337685,0
0.0,0.051187813,0
1.0,0.36936557,0
0.0,0.16830815,0
0.0,0.00031900065,0
1.0,1.0,1
0.0,0.00012144191,0
1.0,0.517663,1
0.0,0.38216987,0
0.0,0.29844287,0
0.0,0.047903772,0
0.0,0.0020181127,0
0.0,0.003256905,0
0.0,0.40346637,0
0.0,0.0039993986,0
0.0,0.00079451874,0
0.0,0.017421039,0
0.0,0.011907766,0
1.0,1.0,1
0.0,0.20824005,0
0.0,0.0017871836,0
1.0,0.9987704,1
1.0,1.0,1
0.0,0.012587153,0
0.0,0.049916342,0
0.0,0.35206565,0
0.0,0.00028175724,0
0.0,0.016300222,0
1.0,1.0,1
1.0,0.98292494,1
0.0,0.00045111318,0
0.0,0.02798978,0
0.0,0.00086421205,0
0.0,7.1390554e-05,0
0.0,0.38356438,0
0.0,0.114523776,0
0.0,0.01569128,0
0.0,0.30841893,0
0.0,0.00029066557,0
0.0,0.40629,0
0.0,0.005012771,0
1.0,0.9999999,1
0.0,5.8894435e-05,0
0.0,0.19830689,0
0.0,0.11480792,0
0.0,0.31758007,0
0.0,1.241513e-05,0
0.0,0.0090515725,0
0.0,0.0012437168,0
0.0,0.0012628784,0
0.0,0.0002984799,0
1.0,0.9999074,1
0.0,0.0746761,0
0.0,0.00066085893,0
1.0,0.9999999,1
0.0,0.008143417,0
0.0,0.0002949751,0
0.0,0.4500166,0
0.0,0.37917835,0
0.0,1.9841164e-06,0
0.0,0.01873159,0
0.0,0.4510661,0
0.0,3.0199544e-07,0
0.0,0.00023430913,0
0.0,0.05651046,0
0.0,3.2670316e-05,0
1.0,0.80895096,1
0.0,0.00010298509,0
0.0,0.26651376,0
0.0,0.013443828,0
0.0,3.9042312e-05,0
0.0,0.0006323837,0
0.0,0.1413524,0
1.0,0.999295,1
1.0,0.9999999,1
0.0,0.0005420726,0
1.0,0.9999999,1
1.0,1.0,1
1.0,0.99813795,1
0.0,0.022384692,0
0.0,0.0003652801,0
0.0,0.06539052,0
0.0,0.05710339,0
0.0,0.04950697,0
0.0,0.0027247986,0
0.0,0.0010736745,0
0.0,0.04441952,0
1.0,0.9999999,1
1.0,0.6473612,1
1.0,0.9998958,1
0.0,0.3808978,0
1.0,1.0,1
0.0,0.24707386,0
0.0,0.00025774701,0
0.0,0.00045763777,0
1.0,0.43671545,0
0.0,0.127189,0
0.0,3.4240422e-06,0
0.0,0.00011526054,0
0.0,0.001181951,0
0.0,0.0012040163,0
0.0,2.2087834e-06,0
0.0,0.0034923458,0
0.0,0.0053942576,0
0.0,0.030905176,0
1.0,0.9999999,1
0.0,0.16245289,0
0.0,0.08456451,0
0.0,0.007926275,0
0.0,0.011400756,0
1.0,0.5604533,1
0.0,0.001396026,0
0.0,0.011868282,0
0.0,0.047678694,0
0.0,0.08730793,0
0.0,0.0002309784,0
0.0,0.43945172,0
0.0,0.00014417928,0
1.0,0.009948698,0
0.0,3.952102e-05,0
1.0,0.99183196,1
0.0,1.3269981e-05,0
0.0,0.04585246,0
0.0,0.2493006,0
1.0,0.9999999,1
0.0,0.0009724258,0
0.0,0.0074576074,0
1.0,0.9999999,1
0.0,0.024023954,0
0.0,0.2551282,0
1.0,0.38457936,0
0.0,0.08881684,0
1.0,0.9999999,1
0.0,0.00022756046,0
0.0,0.0075303945,0
0.0,0.031280257,0
1.0,0.92526835,1
0.0,0.00040393433,0
0.0,0.0002504175,0
1.0,0.99988616,1
0.0,0.04460536,0
0.0,0.0004818201,0
0.0,0.023363383,0
0.0,8.027864e-06,0
0.0,0.012550274,0
0.0,0.14953281,0
0.0,3.313744e-05,0
0.0,0.45227233,0
0.0,0.021076748,0
0.0,0.24979198,0
0.0,0.19846854,0
0.0,0.00097316445,0
0.0,0.42312223,0
0.0,0.00096611894,0
0.0,0.0002002121,0
0.0,0.005059326,0
1.0,0.9999999,1
0.0,0.008081023,0
0.0,6.6764704e-05,0
0.0,0.0008516147,0
0.0,1.010475e-05,0
0.0,0.008755505,0
0.0,0.010283491,0
0.0,0.35125044,0
0.0,0.0009387326,0
0.0,0.0017633456,0
0.0,0.030610275,0
0.0,0.2810958,0
0.0,0.02618594,0
0.0,0.000500297,0
1.0,0.7137319,1
0.0,0.01109894,0
1.0,0.9632898,1
0.0,0.82950956,1
0.0,0.0005737164,0
0.0,0.00056650705,0
0.0,0.0019369407,0
0.0,8.171445e-05,0
0.0,0.00055092765,0
0.0,0.23616704,0
0.0,1.2227002e-05,0
0.0,0.062707715,0
1.0,0.16346186,0
0.0,0.045540947,0
0.0,7.362924e-05,0
0.0,2.3382287e-05,0
0.0,0.010027917,0
0.0,0.01236993,0
0.0,0.0012558947,0
0.0,0.0021387597,0
0.0,0.00022410996,0
0.0,0.00042003192,0
0.0,0.054346543,0
0.0,0.036538627,0
0.0,0.36792085,0
0.0,0.0012758498,0
0.0,0.075277545,0
0.0,0.013028239,0
0.0,0.32014653,0
0.0,3.0361418e-05,0
0.0,0.3109859,0
0.0,0.0020260725,0
0.0,0.001045474,0
0.0,0.012693758,0
0.0,0.012357464,0
0.0,0.0074400087,0
1.0,1.0,1
0.0,1.486428e-06,0
0.0,0.016830469,0
1.0,0.9999999,1
1.0,0.9999999,1
0.0,0.209049,0
0.0,0.0004280405,0
0.0,0.19381058,0
0.0,0.00025102016,0
1.0,0.9999995,1
0.0,5.6227625e-05,0
0.0,0.0040475447,0
0.0,0.10426786,0
1.0,0.9999999,1
1.0,0.80705464,1
0.0,0.11141197,0
0.0,0.086230926,0
0.0,0.00075412606,0
1.0,1.0,1
0.0,8.316325e-05,0
0.0,8.9008325e-05,0
0.0,0.0003957817,0
0.0,0.77429914,1
0.0,0.0027302708,0
0.0,1.4085547e-05,0
1.0,0.9999999,1
0.0,0.06763683,0
0.0,0.007066749,0
0.0,0.031653646,0
0.0,0.84512335,1
0.0,0.1942935,0
1.0,0.93818086,1
0.0,0.2949571,0
0.0,0.0059492616,0
0.0,0.0005260873,0
0.0,0.4337579,0
0.0,3.9431907e-05,0
0.0,0.0006001416,0
1.0,0.25327903,0
0.0,0.0027587267,0
0.0,0.00024281784,0
0.0,0.00011742883,0
0.0,0.000656117,0
0.0,0.0025364861,0
0.0,0.005863401,0
0.0,0.10788582,0
0.0,0.0358899,0
1.0,0.9999999,1
0.0,0.11317142,0
0.0,0.00019775421,0
0.0,0.0011131439,0
0.0,0.0035718787,0
1.0,0.9999999,1
0.0,0.029513512,0
0.0,0.0013447559,0
0.0,0.00052750757,0
0.0,0.09529704,0
0.0,1.2054824e-05,0
0.0,0.002473149,0
0.0,0.0055808197,0
0.0,0.22175944,0
0.0,0.016305659,0
0.0,1.960627e-05,0
0.0,0.00042434823,0
1.0,0.5901746,1
1.0,0.9999999,1
0.0,0.004662668,0
0.0,1.9184197e-05,0
0.0,0.9179063,1
0.0,0.00300554,0
0.0,0.004986988,0
0.0,0.0023910233,0
0.0,0.11622251,0
0.0,0.00022437742,0
0.0,4.056071e-06,0
0.0,0.072168216,0
0.0,0.1996714,0
0.0,2.300469e-05,0
0.0,0.00050215074,0
0.0,0.00077148067,0
0.0,0.0030180754,0
0.0,0.497481,0
0.0,0.0037341055,0
0.0,0.009477165,0
0.0,2.9314166e-05,0
0.0,0.05529262,0
0.0,0.00258684,0
0.0,2.4616795e-06,0
0.0,2.734641e-05,0
0.0,0.000104927196,0
0.0,0.021461586,0
0.0,0.03921516,0
1.0,0.99721473,1
0.0,0.022230294,0
0.0,0.0037461233,0
1.0,0.9999999,1
0.0,0.006177766,0
0.0,0.020703921,0
1.0,0.99984074,1
0.0,9.278309e-05,0
0.0,5.2852894e-05,0
0.0,0.022571925,0
0.0,3.0391633e-05,0
0.0,0.0001489059,0
0.0,0.04905913,0
0.0,0.007689525,0
0.0,0.025156105,0
0.0,0.25790587,0
0.0,0.0027114823,0
0.0,9.822137e-05,0
0.0,5.536197e-05,0
0.0,0.018185487,0
0.0,0.006233137,0
0.0,2.0012589e-05,0
0.0,0.065217055,0
1.0,0.99827945,1
0.0,0.04614092,0
0.0,0.024655268,0
0.0,0.13200188,0
0.0,0.0025223668,0
0.0,0.070156015,0
0.0,0.014190939,0
0.0,0.22571024,0
1.0,0.19717374,0
1.0,0.7100826,1
0.0,2.8771515e-06,0
0.0,3.9330646e-07,0
1.0,0.0011409177,0
0.0,0.0002830982,0
0.0,0.0026829396,0
0.0,4.3620952e-05,0
1.0,0.9999074,1
0.0,0.16202082,0
0.0,0.23666357,0
1.0,0.9988306,1
0.0,0.00050068967,0
0.0,0.45906556,0
0.0,0.0001320994,0
0.0,0.0025020845,0
0.0,0.05266023,0
0.0,0.099266365,0
0.0,0.16731344,0
1.0,0.9999999,1
0.0,2.3153736e-05,0
0.0,0.014766277,0
0.0,5.816028e-05,0
0.0,2.8889031e-05,0
1.0,0.9964729,1
1.0,0.86316156,1
0.0,0.004457721,0
0.0,0.009550681,0
0.0,0.00067966274,0
0.0,0.40465084,0
0.0,0.10926193,0
1.0,0.9996438,1
1.0,0.9998043,1
1.0,0.23358871,0
0.0,0.00017824768,0
0.0,0.0005871472,0
0.0,0.0034904196,0
1.0,0.14855969,0
1.0,0.5320379,1
0.0,0.116970114,0
0.0,0.4850408,0
0.0,0.00017274887,0
0.0,0.02223426,0
0.0,0.00010272567,0
1.0,0.9659877,1
0.0,0.4318312,0
0.0,0.00047590898,0
0.0,0.017866995,0
0.0,0.00899129,0
1.0,0.9999999,1
0.0,0.009910184,0
0.0,0.00032691818,0
0.0,0.35258138,0
0.0,0.01224905,0
0.0,6.9282186e-07,0
0.0,0.0036011364,0
0.0,8.742135e-05,0
0.0,0.028791046,0
0.0,0.0012956193,0
0.0,0.00028577558,0
0.0,0.0011006665,0
0.0,0.003483492,0
1.0,0.24422058,0
0.0,0.6313232,1
0.0,0.00010571799,0
0.0,0.0035397408,0
0.0,0.027535947,0
0.0,3.0555886e-05,0
0.0,1.9218549e-05,0
0.0,0.1537409,0
0.0,0.012744042,0
0.0,1.3336638e-05,0
0.0,0.0001751739,0
0.0,0.010293969,0
0.0,0.31441957,0
0.0,0.101452045,0
0.0,0.00035821408,0
0.0,0.00025173943,0
0.0,0.021440476,0
0.0,0.014969612,0
0.0,0.002749895,0
0.0,0.0001274286,0
1.0,0.97994286,1
0.0,0.17477025,0
0.0,0.14244336,0
0.0,0.016173285,0
1.0,0.9999999,1
0.0,0.000112767484,0
0.0,0.0012215944,0
1.0,0.9999999,1
0.0,0.052050363,0
0.0,0.4385899,0
0.0,0.0006104509,0
0.0,0.14817122,0
0.0,1.9218549e-05,0
0.0,3.0910607e-05,0
0.0,0.03404102,0
0.0,0.0057549425,0
0.0,0.0016379919,0
0.0,0.097318366,0
0.0,0.006084771,0
0.0,0.000652397,0
1.0,0.11649353,0
0.0,0.0024740759,0
1.0,1.0,1
0.0,0.0036560872,0
0.0,0.10061021,0
0.0,0.2688688,0
1.0,0.49871933,0
0.0,0.009056513,0
0.0,0.0022667386,0
0.0,0.017459901,0
0.0,0.024403283,0
1.0,0.9932806,1
0.0,2.8559336e-05,0
1.0,0.9999999,1
0.0,0.0002179898,0
0.0,0.0042593568,0
0.0,0.0043981727,0
1.0,0.07625626,0
0.0,0.0066230656,0
1.0,0.9986779,1
1.0,1.0,1
0.0,0.41084367,0
0.0,0.004477508,0
0.0,0.03263485,0
0.0,0.023138091,0
0.0,5.7663356e-06,0
0.0,0.18858705,0
1.0,1.0,1
1.0,0.9999999,1
0.0,0.8926092,1
0.0,0.1308838,0
0.0,0.00066007936,0
1.0,1.0,1
0.0,0.017875517,0
0.0,3.6020712e-05,0
0.0,0.010532037,0
0.0,0.00079019606,0
0.0,0.007448986,0
0.0,0.35433927,0
0.0,0.33134705,0
0.0,1.8786154e-06,0
1.0,0.9999999,1
0.0,0.26968476,0
1.0,0.95759887,1
0.0,0.00055371673,0
0.0,0.28902608,0
0.0,0.08276249,0
0.0,0.001633435,0
0.0,0.39820468,0
0.0,0.012082791,0
0.0,0.010670407,0
0.0,0.5268264,1
0.0,0.003077078,0
0.0,0.000118165706,0
0.0,0.039132044,0
0.0,0.015396399,0
1.0,0.9999999,1
0.0,0.0015417227,0
0.0,3.570331e-05,0
0.0,0.05384265,0
0.0,0.087817945,0
0.0,0.010634635,0
0.0,0.00024124845,0
0.0,0.17816329,0
0.0,0.002678847,0
0.0,0.000766715,0
1.0,0.9999999,1
0.0,0.0051764436,0
0.0,0.000701297,0
0.0,0.0008221712,0
0.0,1.5324148e-06,0
0.0,0.29279014,0
1.0,0.08184267,0
0.0,0.0049320753,0
0.0,0.060688183,0
0.0,0.00022521568,0
0.0,0.336441,0
0.0,0.005309064,0
0.0,0.003927059,0
0.0,0.017102992,0
0.0,0.029177373,0
0.0,0.021440476,0
0.0,0.7352422,1
0.0,0.00049288,0
0.0,0.43513358,0
0.0,0.00047261492,0
0.0,0.0013952041,0
0.0,0.0060384,0
0.0,0.00027985347,0
0.0,0.0053121946,0
0.0,1.1854812e-05,0
0.0,0.0060046,0
0.0,0.0030450297,0
0.0,0.00765516,0
0.0,0.002641139,0
0.0,0.07051265,0
0.0,0.0051129386,0
0.0,0.0061001265,0
1.0,1.0,1
0.0,0.073928244,0
0.0,0.0049723797,0
1.0,0.0024876879,0
0.0,0.008150638,0
1.0,0.9981243,1
0.0,0.014797435,0
0.0,0.00074196036,0
1.0,0.9999999,1
0.0,6.9000366e-06,0
0.0,5.800315e-05,0
0.0,0.0006737052,0
1.0,0.94209933,1
0.0,0.0016288403,0
0.0,2.5108322e-05,0
0.0,0.0062581333,0
0.0,0.00052216335,0
0.0,0.01508374,0
0.0,0.040685873,0
0.0,0.14181624,0
0.0,0.0007445123,0
0.0,0.014048204,0
0.0,0.038333282,0
0.0,0.43553302,0
0.0,0.0008043959,0
0.0,2.72418e-05,0
0.0,5.4922104e-05,0
0.0,0.0008093243,0
0.0,6.9838854e-05,0
0.0,0.00010298509,0
0.0,0.05643854,0
0.0,0.010697543,0
0.0,1.566654e-05,0
0.0,0.048587352,0
0.0,0.45886454,0
0.0,3.2899803e-05,0
0.0,0.43809646,0
0.0,0.0026829334,0
0.0,8.230695e-07,0
0.0,0.001885454,0
1.0,0.9986779,1
0.0,0.00454472,0
0.0,0.0023067489,0
1.0,0.9999999,1
0.0,0.0005449659,0
1.0,0.2821247,0
0.0,0.024224635,0
1.0,0.72875184,1
0.0,0.0013525783,0
1.0,0.9968347,1
1.0,0.9999999,1
0.0,0.001729439,0
0.0,0.015128555,0
0.0,3.7976177e-05,0
0.0,0.00078677584,0
0.0,0.118983254,0
0.0,0.071106575,0
1.0,0.99946743,1
0.0,0.012228068,0
0.0,0.14271517,0
0.0,0.0070673274,0
0.0,0.0011246952,0
0.0,0.0020008713,0
0.0,5.9595553e-05,0
0.0,0.008526003,0
0.0,0.0002794927,0
0.0,3.9890842e-06,0
0.0,5.0641866e-05,0
0.0,0.00013363505,0
0.0,0.020308759,0
0.0,0.040701497,0
0.0,2.7727894e-05,0
0.0,0.00012666562,0
0.0,0.0024574788,0
0.0,2.3429486e-06,0
0.0,0.00074721145,0
0.0,0.007805246,0
0.0,0.0016328924,0
0.0,0.43629986,0
0.0,0.39626107,0
0.0,0.0026876952,0
0.0,8.612877e-05,0
0.0,0.00065223966,0
0.0,0.00024679812,0
1.0,0.9999999,1
0.0,0.00016594032,0
1.0,0.6778577,1
0.0,0.014048699,0
0.0,0.006364102,0
1.0,0.99182135,1
0.0,0.029196335,0
0.0,0.14668638,0
0.0,0.1793787,0
0.0,0.035493676,0
0.0,0.00010074061,0
0.0,1.5236642e-05,0
0.0,0.0024120938,0
0.0,0.053821873,0
0.0,0.0002063475,0
1.0,0.99224406,1
0.0,0.073460944,0
0.0,0.5129093,1
0.0,8.419845e-05,0
1.0,0.9004247,1
1.0,0.40346637,0
0.0,0.00043893902,0
0.0,0.08982262,0
0.0,0.019586159,0
1.0,0.9999999,1
0.0,4.3260786e-07,0
0.0,0.0006714036,0
1.0,0.85856503,1
1.0,0.9999999,1
0.0,2.3583545e-05,0
1.0,0.93549687,1
0.0,0.42916578,0
0.0,0.0023835623,0
0.0,0.26008275,0
0.0,0.0005287278,0
0.0,0.37819922,0
0.0,0.03727864,0
0.0,0.017538365,0
0.0,0.013919654,0
0.0,0.00765516,0
0.0,0.009622867,0
0.0,0.124042496,0
0.0,0.009640343,0
0.0,0.11586803,0
1.0,0.99178547,1
0.0,8.937413e-05,0
0.0,4.809016e-07,0
0.0,0.008863639,0
0.0,0.018204218,0
0.0,0.16745327,0
0.0,0.002905696,0
0.0,0.018461958,0
0.0,0.00041445123,0
0.0,0.026062181,0
0.0,0.007260966,0
0.0,1.3179528e-06,0
0.0,0.044261158,0
0.0,0.009119952,0
0.0,0.012988847,0
0.0,0.3338607,0
0.0,0.05172452,0
0.0,7.19387e-05,0
0.0,0.00020368959,0
0.0,4.9166494e-05,0
0.0,0.002032448,0
0.0,0.0066264137,0
0.0,0.0009481636,0
0.0,0.07154253,0
0.0,0.01262508,0
0.0,0.050567098,0
0.0,0.028662559,0
0.0,0.069277756,0
0.0,5.4209163e-06,0
1.0,0.08247947,0
0.0,0.0056782104,0
0.0,0.00030943856,0
0.0,0.012806491,0
0.0,0.168604,0
0.0,0.010788052,0
0.0,0.0022608065,0
0.0,0.072210215,0
0.0,0.002370562,0
0.0,0.09423882,0
0.0,0.3641365,0
0.0,2.4890705e-05,0
0.0,0.004538716,0
1.0,0.91726756,1
0.0,0.0007182426,0
0.0,0.12834649,0
0.0,0.32694918,0
0.0,0.0016678411,0
0.0,0.0023963044,0
0.0,5.6981125e-06,0
0.0,0.008023704,0
0.0,4.6577393e-06,0
0.0,0.045479283,0
0.0,0.0009159816,0
0.0,0.0028108347,0
0.0,0.005260852,0
1.0,0.4911363,0
0.0,0.02847914,0
0.0,0.006661919,0
0.0,3.1791726e-05,0
0.0,0.14426266,0
0.0,0.47314477,0
0.0,0.00046426922,0
0.0,0.09565031,0
0.0,0.060705245,0
0.0,0.021440476,0
0.0,0.0031230638,0
0.0,0.18977806,0
0.0,0.03837669,0
0.0,1.5090042e-05,0
0.0,0.038820554,0
0.0,3.1197982e-05,0
0.0,0.004038281,0
1.0,0.9999999,1
0.0,0.024289249,0
0.0,0.40290657,0
0.0,0.0009700929,0
0.0,0.00022687501,0
0.0,0.01719769,0
0.0,0.00015349285,0
0.0,0.0017278139,0
1.0,0.9999999,1
0.0,0.048017368,0
0.0,0.0031664486,0
0.0,0.16928744,0
0.0,0.000558972,0
0.0,0.0061793556,0
0.0,0.0015591742,0
1.0,0.6857858,1
1.0,0.9999999,1
1.0,1.0,1
0.0,0.004029392,0
0.0,0.021440476,0
1.0,0.9999999,1
1.0,1.0,1
0.0,1.8195968e-05,0
0.0,0.018000377,0
1.0,0.9999999,1
0.0,0.012503711,0
0.0,0.0006364659,0
0.0,0.0007133791,0
0.0,6.470102e-05,0
0.0,1.943953e-07,0
0.0,0.023068644,0
0.0,5.822149e-05,0
0.0,0.014886625,0
0.0,8.7647975e-05,0
1.0,1.0,1
1.0,0.9999995,1
0.0,5.6913508e-05,0
0.0,0.0010973278,0
0.0,0.008312727,0
1.0,0.9999999,1
1.0,0.5997386,1
0.0,0.0101792915,0
0.0,0.0005501694,0
0.0,0.47334796,0
0.0,0.00020857599,0
0.0,0.4373326,0
0.0,0.07415234,0
0.0,0.0072761774,0
0.0,0.22851624,0
0.0,0.0059633185,0
0.0,0.002165253,0
0.0,7.798845e-05,0
0.0,2.1131638e-05,0
0.0,0.08603723,0
0.0,0.004768763,0
0.0,0.14226368,0
0.0,0.000745247,0
0.0,0.06096999,0
0.0,0.39386263,0
0.0,0.01706835,0
0.0,5.7026613e-05,0
0.0,0.0040819766,0
1.0,0.9857949,1
0.0,0.021851594,0
1.0,0.9979164,1
0.0,0.3285443,0
0.0,0.0075008124,0
1.0,0.9999999,1
1.0,0.9998708,1
0.0,0.48254564,0
0.0,0.18264115,0
0.0,0.07691681,0
0.0,0.00064881553,0
0.0,0.38023615,0
0.0,0.011595772,0
1.0,1.0,1
0.0,0.00020539215,0
0.0,0.0021758738,0
0.0,0.010749001,0
0.0,0.004594413,0
0.0,0.0060413084,0
1.0,0.9999999,1
0.0,0.00089803775,0
0.0,0.1669109,0
0.0,0.00097344775,0
0.0,0.0016073849,0
0.0,3.551623e-05,0
0.0,0.000747672,0
0.0,0.00013167835,0
1.0,0.9999999,1
0.0,0.00027802805,0
0.0,2.9725213e-06,0
0.0,2.4640618e-05,0
0.0,0.0002545359,0
0.0,0.74084234,1
0.0,0.00026104343,0
0.0,1.5403502e-05,0
0.0,0.0015270734,0
0.0,0.0009559823,0
0.0,0.0078940345,0
0.0,0.026739167,0
0.0,0.43076852,0
0.0,0.6249709,1
0.0,0.038543098,0
0.0,0.0018215317,0
0.0,0.3338607,0
0.0,0.003206,0
0.0,0.0017363464,0
0.0,0.0043663397,0
0.0,2.4117928e-06,0
0.0,9.405159e-05,0
1.0,0.5607619,1
0.0,0.0030983326,0
0.0,0.31758007,0
0.0,0.004942528,0
0.0,0.14178045,0
0.0,0.17725305,0
0.0,0.0005140006,0
0.0,0.2319601,0
0.0,0.086472504,0
0.0,0.095827594,0
0.0,0.00050958595,0
1.0,0.9999999,1
0.0,0.041326333,0
0.0,0.014704379,0
0.0,0.48821467,0
0.0,0.00010196093,0
0.0,0.0008705192,0
0.0,0.00017501696,0
1.0,0.9999999,1
0.0,0.33646175,0
0.0,0.058540825,0
0.0,0.005343481,0
0.0,0.08000695,0
0.0,0.0012847093,0
0.0,0.70265484,1
0.0,2.7417489e-05,0
0.0,6.239046e-07,0
0.0,0.0067427983,0
0.0,0.014471192,0
1.0,0.9999999,1
0.0,0.00031884562,0
0.0,0.0005041668,0
0.0,0.06340896,0
0.0,0.61823547,1
0.0,0.051692385,0
0.0,0.17611162,0
0.0,0.05118732,0
1.0,0.9942621,1
0.0,0.001476215,0
0.0,0.021440476,0
0.0,0.00046472266,0
0.0,0.0045031034,0
1.0,0.9999999,1
0.0,0.01599549,0
1.0,0.15061012,0
0.0,0.71032625,1
0.0,0.03232775,0
0.0,0.07948081,0
0.0,0.00079809764,0
0.0,0.20602581,0
1.0,0.9631091,1
1.0,0.9999999,1
0.0,0.442295,0
0.0,0.40847352,0
0.0,0.00363436,0
0.0,6.1040066e-07,0
0.0,0.0045232303,0
0.0,5.14149e-05,0
0.0,0.004630465,0
0.0,4.7261456e-06,0
0.0,0.3901794,0
0.0,0.002612342,0
0.0,0.027601015,0
1.0,0.99691355,1
0.0,0.021008842,0
0.0,4.0383908e-05,0
0.0,0.0001050846,0
0.0,0.024069263,0
1.0,0.9630579,1
0.0,0.0051048626,0
0.0,0.08012884,0
1.0,0.9999999,1
0.0,0.00043533996,0
0.0,0.013178298,0
1.0,0.9999999,1
0.0,8.363377e-06,0
0.0,0.0025401118,0
1.0,0.91052246,1
0.0,0.4642047,0
0.0,0.00051815406,0
1.0,1.0,1
0.0,0.0064505716,0
1.0,0.98292494,1
0.0,0.0014075286,0
0.0,0.000858984,0
0.0,0.00041351453,0
0.0,0.0135744605,0
0.0,0.0111356415,0
0.0,0.0017531317,0
0.0,0.0012643683,0
0.0,0.063118115,0
0.0,0.0015915162,0
0.0,0.010467254,0
0.0,0.03363094,0
0.0,4.8720926e-07,0
1.0,0.9999999,1
0.0,6.583011e-05,0
0.0,0.035741102,0
0.0,0.005267784,0
1.0,0.99960893,1
0.0,0.38997844,0
0.0,0.0025766655,0
1.0,0.9999999,1
1.0,0.9999999,1
0.0,0.41802597,0
0.0,0.07075639,0
0.0,0.002330476,0
0.0,0.1860793,0
1.0,0.9999999,1
0.0,0.16323315,0
0.0,2.6571163e-06,0
0.0,0.10945888,0
0.0,5.2805376e-07,0
0.0,0.18366528,0
0.0,0.0019457947,0
0.0,0.0005442247,0
1.0,0.9999999,1
0.0,0.092158474,0
0.0,0.0022192663,0
1.0,0.9999999,1
0.0,0.0036470732,0
1.0,0.9998796,1
0.0,0.0523487,0
0.0,0.41175762,0
0.0,0.00030625594,0
0.0,5.979673e-05,0
0.0,0.0033089276,0
0.0,0.01852109,0
0.0,0.016984275,0
0.0,0.13092437,0
0.0,0.007346112,0
0.0,0.0014548016,0
0.0,0.008052562,0
0.0,0.007220612,0
0.0,0.007965431,0
0.0,0.002619894,0
0.0,0.00034229897,0
1.0,0.9999999,1
0.0,5.0100945e-05,0
0.0,0.37998354,0
0.0,0.029988106,0
0.0,0.0020008713,0
0.0,0.016484434,0
0.0,0.024810642,0
0.0,0.004927135,0
0.0,0.0023810102,0
0.0,0.00017341776,0
0.0,2.9474591e-05,0
1.0,0.09866928,0
0.0,0.0016780068,0
0.0,0.07115656,0
0.0,0.105322994,0
0.0,0.0005292275,0
0.0,0.00025396963,0
0.0,6.847385e-05,0
0.0,0.0043672556,0
0.0,0.25491524,0
0.0,0.178011,0
0.0,4.0731073e-05,0
1.0,0.43945172,0
0.0,0.00083130394,0
0.0,0.85356814,1
0.0,0.008764337,0
0.0,0.0005843658,0
0.0,0.0024554795,0
0.0,0.027070219,0
0.0,0.69620836,1
0.0,0.029528562,0
0.0,0.020715104,0
0.0,0.00045093824,0
0.0,0.00721701,0
0.0,0.024289249,0
1.0,0.9979705,1
0.0,0.41182086,0
1.0,0.9999999,1
0.0,0.017506605,0
0.0,0.0025807444,0
0.0,0.18179435,0
0.0,0.18592978,0
0.0,1.6379094e-05,0
0.0,0.24610324,0
1.0,0.9999999,1
0.0,0.01849538,0
1.0,1.0,1
0.0,8.175177e-05,0
0.0,0.06147427,0
0.0,0.036885146,0
0.0,0.00054332515,0
0.0,0.40346637,0
0.0,0.0007526783,0
0.0,0.053164896,0
0.0,0.01740035,0
1.0,0.47675824,0
0.0,0.036767937,0
0.0,0.00029056336,0
0.0,0.016396064,0
0.0,0.06081649,0
0.0,0.0020630027,0
0.0,0.09096589,0
0.0,0.06259127,0
0.0,0.29417303,0
0.0,0.0045789974,0
0.0,0.081337966,0
0.0,8.6305285e-05,0
0.0,0.033574145,0
0.0,0.0017236416,0
0.0,0.0009793382,0
0.0,0.0011740095,0
0.0,0.01879389,0
0.0,0.20936617,0
0.0,0.0010464091,0
0.0,0.36272544,0
0.0,0.00019732646,0
0.0,4.374376e-05,0
1.0,0.9999999,1
0.0,0.0001534854,0
0.0,3.2899803e-05,0
0.0,0.0029306447,0
0.0,0.004629059,0
0.0,2.7658082e-06,0
1.0,0.1894238,0
1.0,0.9999999,1
1.0,0.13917957,0
1.0,1.0,1
0.0,0.0013061184,0
0.0,0.0035679042,0
0.0,1.8450315e-05,0
0.0,0.004082915,0
0.0,0.01203379,0
0.0,0.31878465,0
0.0,3.567258e-06,0
0.0,0.017763292,0
0.0,0.002194783,0
0.0,0.0022462306,0
0.0,0.00081346347,0
0.0,0.030386327,0
0.0,0.0075618103,0
0.0,0.17179477,0
0.0,0.0020056074,0
0.0,0.36967412,0
1.0,1.0,1
1.0,0.3448814,0
0.0,0.1659425,0
1.0,0.9999999,1
0.0,0.012337757,0
0.0,0.51581377,1
0.0,0.6101786,1
1.0,0.9993748,1
1.0,0.70097035,1
0.0,0.013887933,0
0.0,0.0018078878,0
0.0,0.02825318,0
0.0,0.35433927,0
0.0,0.012066273,0
1.0,0.99953926,1
0.0,0.34112728,0
0.0,0.012737877,0
0.0,0.0013256681,0
0.0,5.1940326e-05,0
0.0,0.1570245,0
0.0,0.08733825,0
0.0,0.160088,0
0.0,0.0003108967,0
0.0,0.718022,1
0.0,0.050240867,0
0.0,0.14385945,0
0.0,4.8044776e-06,0
0.0,0.0014857047,0
0.0,0.41831958,0
0.0,0.03493703,0
1.0,0.9999999,1
0.0,0.040212557,0
1.0,0.25788084,0
0.0,0.0001950358,0
1.0,0.37193787,0
0.0,0.18115444,0
0.0,0.00044033627,0
0.0,0.0043876553,0
0.0,0.031639434,0
0.0,0.049554504,0
0.0,0.015226398,0
0.0,0.02498949,0
1.0,1.0,1
0.0,0.0020374176,0
0.0,6.315429e-05,0
1.0,0.93791,1
0.0,0.052224357,0
0.0,0.19562723,0
0.0,0.2512798,0
0.0,0.014528785,0
0.0,0.00096992234,0
0.0,0.0033314722,0
0.0,0.10258503,0
0.0,0.5932574,1
0.0,0.0010231043,0
0.0,0.007141913,0
0.0,0.0010053478,0
0.0,0.040392503,0
0.0,0.021674141,0
0.0,5.461698e-06,0
1.0,0.99746335,1
0.0,1.0751148e-06,0
0.0,0.10006439,0
0.0,0.09666796,0
0.0,0.0009411214,0
1.0,0.9743008,1
0.0,1.3847564e-05,0
0.0,0.0023748984,0
0.0,0.012527142,0
1.0,0.9999653,1
0.0,0.040530883,0
0.0,0.027260322,0
0.0,0.28388306,0
1.0,0.595304,1
0.0,0.03005815,0
0.0,0.05215068,0
1.0,0.497962,0
0.0,0.007440572,0
1.0,0.9999981,1
1.0,0.9999999,1
0.0,2.1654134e-05,0
0.0,0.00069334044,0
0.0,0.18366528,0
0.0,0.0002688686,0
0.0,0.0023781813,0
1.0,0.42557132,0
0.0,0.26630276,0
0.0,0.00096546,0
0.0,0.45791304,0
0.0,7.883496e-05,0
0.0,0.07830932,0
0.0,3.53758e-07,0
0.0,0.0040792036,0
0.0,0.0007695089,0
1.0,0.9999999,1
0.0,0.00067102356,0
1.0,0.796654,1
0.0,1.0706087e-06,0
0.0,0.43945172,0
0.0,1.5017586e-05,0
0.0,0.017372677,0
0.0,0.0063639595,0
0.0,0.5979177,1
0.0,0.038674444,0
1.0,1.0,1
1.0,0.9994777,1
0.0,0.11740408,0
0.0,0.36508262,0
0.0,0.00015263975,0
0.0,3.2038195e-05,0
0.0,0.0016527019,0
1.0,0.99990094,1
0.0,0.18436697,0
0.0,0.07060258,0
0.0,6.5475456e-06,0
0.0,0.00026209635,0
0.0,0.054353517,0
0.0,0.3587079,0
0.0,0.0016369022,0
0.0,0.5742629,1
0.0,0.0010460503,0
0.0,7.694025e-05,0
0.0,0.21751769,0
0.0,0.0075444593,0
0.0,0.0078940345,0
0.0,0.0065309494,0
0.0,9.843807e-05,0
0.0,0.005409313,0
0.0,0.3615719,0
0.0,0.044460066,0
0.0,0.008085737,0
0.0,0.23604509,0
0.0,0.00014280666,0
0.0,0.03416727,0
0.0,0.0032602316,0
0.0,0.010187588,0
0.0,0.0042208056,0
0.0,0.16926551,0
0.0,0.18197069,0
0.0,0.0040312065,0
0.0,0.045649543,0
0.0,0.0064090723,0
0.0,0.017188104,0
0.0,0.035035897,0
0.0,0.001788794,0
1.0,0.9999999,1
0.0,0.00019758401,0
0.0,9.599095e-06,0
0.0,0.0005720639,0
0.0,0.00020811454,0
0.0,0.2134582,0
1.0,0.9999999,1
1.0,1.0,1
1.0,0.9976941,1
0.0,0.36688685,0
0.0,0.22965068,0
0.0,0.001384134,0
0.0,7.629926e-05,0
1.0,0.9999999,1
0.0,0.028372392,0
0.0,0.0026745943,0
0.0,3.401937e-05,0
0.0,0.21732104,0
1.0,0.9999999,1
1.0,0.9905972,1
0.0,0.00043392714,0
0.0,0.005983843,0
0.0,0.00075551326,0
0.0,0.1082387,0
0.0,0.46435812,0
0.0,0.29911864,0
0.0,0.11025944,0
0.0,0.043364253,0
0.0,0.0013067811,0
0.0,0.014823751,0
0.0,0.0011005019,0
0.0,0.086907476,0
1.0,0.99938023,1
0.0,0.0009808616,0
0.0,0.21220672,0
0.0,0.004574307,0
0.0,0.0690223,0
0.0,0.0018108401,0
1.0,0.9999999,1
0.0,0.53133047,1
0.0,0.40629,0
0.0,0.0006980351,0
0.0,2.1627304e-05,0
0.0,0.002808832,0
0.0,0.0057008476,0
0.0,0.0070592314,0
1.0,0.994293,1
1.0,0.42114013,0
0.0,0.010416599,0
0.0,0.45564136,0
0.0,0.08245068,0
1.0,0.99953926,1
0.0,0.013800667,0
0.0,0.13569258,0
0.0,0.035161126,0
1.0,0.9995912,1
0.0,0.0056053195,0
0.0,0.80262554,1
0.0,0.5967858,1
0.0,0.0009429043,0
0.0,0.84512335,1
0.0,0.16227767,0
0.0,0.00087373104,0
0.0,0.41472673,0
0.0,0.02949015,0
0.0,0.00060964073,0
1.0,0.9999999,1
1.0,0.27119827,0
0.0,0.006206196,0
0.0,0.018775197,0
0.0,0.032058716,0
0.0,0.011042892,0
0.0,0.0003554215,0
0.0,0.35433927,0
0.0,0.002041011,0
0.0,0.05217161,0
0.0,0.00013153115,0
1.0,0.9999999,1
0.0,3.984537e-06,0
0.0,9.310641e-05,0
0.0,0.00055832294,0
0.0,0.00014204314,0
0.0,0.011362876,0
0.0,0.6045062,1
0.0,0.00069889677,0
0.0,0.00016396206,0
0.0,0.0033323143,0
0.0,0.0010395066,0
0.0,0.60194576,1
0.0,0.09188136,0
0.0,0.0022109384,0
0.0,0.06454837,0
0.0,0.042781383,0
0.0,0.00031140487,0
0.0,0.0020677773,0
0.0,0.001114977,0
1.0,0.9999999,1
0.0,0.014069315,0
0.0,2.907559e-05,0
0.0,0.01382254,0
1.0,0.99935144,1
0.0,0.0071144598,0
0.0,0.0043253344,0
0.0,0.0011021119,0
0.0,0.020593507,0
0.0,0.006293438,0
0.0,0.19664255,0
1.0,0.9757579,1
0.0,0.00028939114,0
0.0,0.00036550793,0
1.0,0.9971294,1
0.0,0.32922873,0
0.0,0.005791067,0
0.0,0.6996015,1
0.0,0.0014952807,0
0.0,0.37887743,0
1.0,0.9999999,1
0.0,0.005281136,0
0.0,3.491011e-05,0
0.0,0.0022363735,0
0.0,0.011593121,0
0.0,5.9930375e-05,0
0.0,0.0740164,0
1.0,0.9999999,1
0.0,0.00033958297,0
0.0,0.028551755,0
0.0,0.014706543,0
0.0,0.0970965,0
0.0,0.0005612019,0
0.0,0.22499289,0
1.0,0.9999999,1
0.0,0.72379714,1
0.0,0.12162875,0
0.0,0.23158257,0
0.0,0.041184567,0
0.0,0.00013291297,0
0.0,0.0012925528,0
1.0,0.14699167,0
0.0,0.00035047485,0
0.0,9.710225e-05,0
0.0,0.005029249,0
0.0,0.0280409,0
0.0,0.000757416,0
0.0,0.00069273374,0
1.0,0.45513803,0
1.0,1.0,1
0.0,0.0008129579,0
1.0,0.9999999,1
0.0,0.0027558096,0
0.0,0.5045591,1
0.0,1.1096013e-06,0
0.0,1.02872955e-05,0
0.0,0.0004016194,0
0.0,0.10189374,0
0.0,0.00086573634,0
0.0,0.00022281581,0
1.0,0.99998105,1
1.0,1.0,1
0.0,0.19913419,0
0.0,0.033968586,0
0.0,0.483425,0
0.0,0.0007374841,0
0.0,0.050963726,0
0.0,0.00013567245,0
0.0,0.54052913,1
0.0,0.04825051,0
0.0,0.29062396,0
0.0,0.009123339,0
0.0,0.012879955,0
0.0,0.038361672,0
0.0,2.0140676e-05,0
1.0,0.9999999,1
0.0,0.39671174,0
0.0,0.03449364,0
0.0,0.28269812,0
0.0,0.063291736,0
0.0,0.00030567544,0
0.0,1.0997419e-05,0
0.0,0.0017639945,0
1.0,0.9723636,1
1.0,0.9992601,1
0.0,2.0646643e-05,0
0.0,0.0023571227,0
1.0,0.9980714,1
0.0,0.16381487,0
0.0,1.6623653e-05,0
0.0,0.014041502,0
0.0,0.0034592242,0
0.0,0.28992093,0
0.0,0.0015102725,0
1.0,1.0,1
1.0,0.9999999,1
0.0,0.20590226,0
0.0,0.04086238,0
0.0,0.19381058,0
0.0,0.29964787,0
1.0,0.994559,1
0.0,0.007272328,0
0.0,0.2385521,0
1.0,0.9999999,1
1.0,0.9999999,1
0.0,0.018024052,0
0.0,0.0004846028,0
0.0,0.027862139,0
1.0,0.044828296,0
0.0,0.12042272,0
0.0,0.0019100067,0
1.0,0.9999999,1
0.0,0.0060905637,0
0.0,0.0013897377,0
0.0,0.41693056,0
0.0,0.023142703,0
1.0,0.9999999,1
0.0,0.0013845888,0
0.0,0.025080085,0
0.0,0.44285262,0
0.0,0.0027254114,0
0.0,0.0053827036,0
1.0,0.9999999,1
0.0,0.102361105,0
0.0,0.019466443,0
0.0,0.0067484374,0
0.0,0.24114048,0
0.0,0.00041405988,0
0.0,0.0001473383,0
1.0,0.9999999,1
0.0,9.5953335e-05,0
0.0,0.0072328155,0
1.0,1.0,1
0.0,0.11614325,0
0.0,0.000608195,0
0.0,1.4183016e-05,0
0.0,0.00043483873,0
1.0,0.39115834,0
0.0,0.021841623,0
0.0,0.40064242,0
0.0,0.116613604,0
0.0,0.00017407115,0
0.0,0.009575381,0
0.0,0.0042364206,0
1.0,0.9999999,1
0.0,0.00018681283,0
0.0,1.2696387e-05,0
0.0,0.0017994083,0
1.0,1.0,1
0.0,0.010553895,0
0.0,0.0025174723,0
1.0,0.81640947,1
0.0,0.0015103725,0
0.0,0.28065264,0
0.0,0.061822742,0
1.0,0.9999999,1
0.0,0.5883473,1
0.0,0.0036609226,0
1.0,1.0,1
0.0,0.0062523796,0
0.0,0.0012190616,0
0.0,0.0012402117,0
0.0,0.004485739,0
0.0,0.0034123573,0
0.0,0.01264312,0
0.0,0.04654823,0
0.0,0.101109885,0
0.0,3.5288258e-07,0
0.0,0.41445392,0
0.0,0.09239894,0
0.0,0.0035625105,0
0.0,4.5090756e-06,0
1.0,0.9999999,1
0.0,0.40223593,0
0.0,0.0004538186,0
0.0,0.0015753155,0
0.0,0.14066929,0
0.0,0.00037027503,0
0.0,1.6110316e-05,0
1.0,0.9999999,1
1.0,0.7245629,1
0.0,0.17972402,0
0.0,0.0005896346,0
0.0,0.0030531092,0
0.0,0.098986275,0
0.0,0.15386254,0
1.0,0.9926293,1
1.0,0.993541,1
0.0,0.1626208,0
0.0,0.0012564887,0
0.0,0.00089086057,0
1.0,0.9999999,1
0.0,3.4805034e-05,0
1.0,0.9999999,1
1.0,0.9999999,1
0.0,0.00026066168,0
0.0,0.27956375,0
0.0,0.0059806705,0
0.0,0.6358914,1
0.0,0.44707453,0
0.0,0.0029170546,0
0.0,0.10964616,0
0.0,0.16614465,0
0.0,0.006384699,0
0.0,0.0009898437,0
0.0,2.6571163e-06,0
0.0,0.0017030523,0
0.0,0.0053160843,0
1.0,0.44430622,0
0.0,0.00951606,0
0.0,0.0004362375,0
0.0,0.20306459,0
0.0,0.14723422,0
0.0,0.005255019,0
0.0,0.016589483,0
0.0,0.0018052437,0
0.0,0.0011274187,0
1.0,0.99746335,1
0.0,0.056335256,0
0.0,0.0058805277,0
0.0,0.02190016,0
0.0,0.60491127,1
0.0,0.0064328006,0
0.0,0.07947402,0
0.0,0.031061703,0
0.0,0.21215649,0
0.0,0.3367664,0
0.0,0.0012424932,0
0.0,0.004223352,0
0.0,1.2944995e-05,0
0.0,0.00018598515,0
0.0,2.5255387e-05,0
0.0,0.15767309,0
0.0,2.7456133e-05,0
0.0,0.0023743482,0
0.0,0.00024789732,0
0.0,0.00029115682,0
0.0,0.00021739615,0
0.0,7.689932e-05,0
0.0,0.0077779894,0
0.0,0.4143159,0
0.0,0.031804197,0
0.0,0.00053849304,0
0.0,0.23650713,0
0.0,0.15355659,0
0.0,0.43556955,0
1.0,0.9977024,1
0.0,0.00023282244,0
0.0,3.120804e-05,0
0.0,0.010108558,0
1.0,0.9303342,1
0.0,0.003301857,0
0.0,0.027143124,0
0.0,0.009580959,0
0.0,0.001153226,0
0.0,0.0011815734,0
0.0,0.0015711884,0
0.0,0.15730256,0
0.0,0.00022250183,0
0.0,0.0004526588,0
1.0,0.000970643,0
0.0,0.13995643,0
0.0,0.004424213,0
0.0,0.006293438,0
1.0,0.72875184,1
0.0,0.0014965115,0
0.0,0.020584136,0
0.0,0.118915044,0
0.0,0.6015456,1
0.0,0.0005123187,0
0.0,0.018352298,0
0.0,0.0041089244,0
0.0,0.0024605012,0
0.0,0.004361094,0
0.0,0.0009016249,0
0.0,0.2718006,0
1.0,0.5594728,1
0.0,0.23800683,0
1.0,0.9999999,1
0.0,0.0006553446,0
0.0,0.004494516,0
0.0,0.0002851178,0
0.0,0.19187012,0
0.0,0.11453198,0
0.0,0.01739119,0
0.0,0.06303483,0
0.0,0.1368441,0
0.0,0.0054504173,0
0.0,0.016519258,0
0.0,0.0015664966,0
0.0,0.0825365,0
0.0,0.44460872,0
0.0,0.011962141,0
0.0,0.00023482442,0
0.0,0.010822573,0
0.0,0.4672166,0
0.0,0.19223365,0
0.0,0.29492307,0
0.0,0.004243452,0
1.0,0.9117752,1
1.0,0.9999999,1
0.0,0.11402261,0
1.0,0.99992514,1
0.0,0.0014714187,0
0.0,8.512452e-05,0
0.0,5.7985228e-05,0
0.0,0.06427312,0
0.0,0.0009595046,0
0.0,0.06827842,0
0.0,6.6817925e-06,0
0.0,0.014434137,0
1.0,0.87349725,1
0.0,0.09641333,0
0.0,0.0036396335,0
0.0,0.0025650593,0
0.0,0.0017819182,0
0.0,2.0096377e-05,0
0.0,0.08797409,0
0.0,0.101719886,0
0.0,0.0015215527,0
0.0,0.679033,1
0.0,0.001503706,0
0.0,0.00031572513,0
0.0,0.00042300197,0
0.0,0.0019077637,0
0.0,0.43945172,0
1.0,0.75536305,1
0.0,0.8551957,1
0.0,0.0017367946,0
0.0,0.0016351856,0
0.0,0.025149534,0
0.0,0.20358744,0
0.0,0.5976459,1
0.0,0.1317157,0
0.0,0.0021968987,0
0.0,0.07219212,0
0.0,0.22481675,0
0.0,0.029748261,0
0.0,0.0014181526,0
0.0,0.00016032078,0
0.0,0.00022930415,0
0.0,0.2703991,0
0.0,0.0024447376,0
0.0,0.0010340563,0
0.0,0.548821,1
1.0,0.9999999,1
1.0,0.9999999,1
0.0,0.0015998465,0
0.0,0.0007810605,0
1.0,0.9999994,1
1.0,0.9993793,1
0.0,0.011981019,0
0.0,0.06153186,0
1.0,1.0,1
0.0,0.00023678895,0
0.0,0.5181815,1
0.0,0.21550475,0
0.0,0.00097071193,0
0.0,0.01783729,0
0.0,5.043516e-06,0
0.0,1.8251214e-05,0
0.0,9.863049e-05,0
0.0,0.006715246,0
0.0,0.0003293972,0
0.0,0.41395265,0
0.0,0.0003293972,0
0.0,0.013861387,0
0.0,0.00042756254,0
1.0,0.9999999,1
0.0,0.0038198193,0
0.0,0.0051513393,0
0.0,0.32635835,0
0.0,0.40370587,0
0.0,3.1137106e-06,0
0.0,0.00027619817,0
0.0,0.0104818335,0
0.0,0.0018341305,0
0.0,9.234154e-06,0
0.0,0.011512695,0
0.0,0.0071144598,0
0.0,0.005454531,0
1.0,0.97307444,1
0.0,0.03981927,0
0.0,0.024741892,0
0.0,0.00029291085,0
0.0,0.15977465,0
0.0,0.000789052,0
1.0,0.9999999,1
0.0,0.2317908,0
0.0,0.0018976938,0
0.0,0.0030504398,0
0.0,0.08851895,0
0.0,0.00097053574,0
0.0,0.0532157,0
1.0,0.9999999,1
0.0,0.081797294,0
0.0,0.13883615,0
0.0,0.0008221712,0
0.0,1.208769e-05,0
0.0,0.010293712,0
0.0,4.4825003e-07,0
0.0,0.008328772,0
0.0,0.050011247,0
0.0,0.103829965,0
0.0,0.42714286,0
0.0,7.783806e-06,0
0.0,0.4601632,0
1.0,0.9999999,1
0.0,0.005165638,0
0.0,5.8898593e-05,0
0.0,0.010646477,0
0.0,0.006276347,0
0.0,0.19066826,0
0.0,2.344315e-05,0
0.0,0.041920323,0
0.0,0.00011509393,0
0.0,0.001493495,0
0.0,4.3521602e-05,0
0.0,0.031440273,0
0.0,0.006270188,0
0.0,0.54030573,1
0.0,0.17367135,0
0.0,0.0018711283,0
0.0,8.777687e-05,0
0.0,0.18966715,0
0.0,0.0011403565,0
0.0,0.10757448,0
0.0,0.6928424,1
0.0,0.0037904868,0
0.0,0.0026035716,0
0.0,0.04306019,0
0.0,0.00092133175,0
1.0,0.9999999,1
0.0,0.7987694,1
0.0,0.021618256,0
0.0,0.00078292046,0
0.0,0.008970481,0
0.0,0.003664948,0
0.0,0.0047100666,0
0.0,8.3989624e-05,0
1.0,0.99768,1
0.0,0.00032711244,0
0.0,7.644018e-05,0
1.0,0.9999999,1
0.0,2.6718724e-06,0
1.0,0.9999999,1
0.0,0.011564634,0
0.0,0.015528355,0
0.0,0.6628669,1
1.0,1.0,1
0.0,0.013365833,0
1.0,1.0,1
0.0,0.004947244,0
1.0,0.47692364,0
0.0,0.008461591,0
0.0,0.0012787415,0
0.0,0.46565825,0
1.0,0.85856503,1
1.0,0.99985814,1
0.0,0.0032719653,0
0.0,0.5813193,1
0.0,0.019370997,0
0.0,0.19304088,0
0.0,0.5025001,1
0.0,0.0315679,0
1.0,0.9641697,1
0.0,0.025757136,0
0.0,0.36246696,0
0.0,0.2742228,0
0.0,0.14250262,0
0.0,0.0005044677,0
0.0,0.0072441334,0
1.0,0.4728762,0
0.0,0.03841885,0
0.0,0.0031536329,0
0.0,0.00019405193,0
0.0,0.0012214757,0
0.0,0.0002002121,0
0.0,0.21731722,0
0.0,0.006890032,0
0.0,0.0017169913,0
0.0,0.0003181187,0
0.0,9.4516945e-05,0
1.0,0.9999999,1
1.0,0.45886454,0
0.0,0.0097840475,0
0.0,0.0007020573,0
1.0,0.9999999,1
0.0,0.00031602356,0
0.0,0.00010998275,0
0.0,0.07134985,0
0.0,0.0010350016,0
0.0,0.0007517518,0
0.0,0.0028386589,0
0.0,0.0005375976,0
0.0,0.00017541542,0
0.0,0.0038993796,0
0.0,0.004131701,0
0.0,0.0027308278,0
1.0,0.99988616,1
0.0,3.3554147e-06,0
0.0,0.00079019606,0
0.0,0.00032831842,0
0.0,0.0481085,0
0.0,0.20639683,0
0.0,4.393795e-05,0
0.0,0.029847892,0
1.0,0.9999999,1
0.0,3.7704845e-05,0
0.0,0.6264976,1
0.0,0.003124785,0
1.0,0.9999999,1
0.0,0.011240729,0
0.0,0.005663702,0
0.0,0.021651985,0
0.0,0.00040228426,0
0.0,2.0646643e-05,0
0.0,0.083044656,0
0.0,0.00032709434,0
0.0,0.0008800501,0
0.0,0.01634893,0
0.0,0.075105004,0
0.0,0.0001907968,0
0.0,0.020231113,0
0.0,0.33295804,0
0.0,0.0722179,0
0.0,0.00024203866,0
0.0,0.072244264,0
0.0,0.006041231,0
0.0,0.003972504,0
0.0,0.36056513,0
0.0,0.0016972253,0
0.0,0.12961581,0
0.0,0.0039798575,0
1.0,0.34322533,0
0.0,2.0379639e-05,0
0.0,0.14253408,0
0.0,0.26974264,0
0.0,0.2881377,0
0.0,0.29410103,0
0.0,0.057192713,0
0.0,4.4306373e-05,0
0.0,1.759195e-05,0
0.0,0.03440668,0
0.0,0.20088625,0
0.0,0.0044609406,0
0.0,1.7197e-05,0
0.0,0.04306019,0
1.0,0.96076024,1
0.0,0.0020141946,0
0.0,0.0060630366,0
0.0,0.0010300325,0
0.0,3.2796772e-05,0
0.0,0.015239587,0
1.0,0.054103862,0
1.0,0.9999999,1
0.0,0.006171416,0
0.0,0.012574897,0
0.0,0.23812115,0
0.0,0.0010040485,0
0.0,0.0011814,0
1.0,0.9895223,1
0.0,0.09798791,0
0.0,0.07342492,0
0.0,0.0063915965,0
0.0,0.00015893372,0
1.0,0.9999999,1
0.0,0.00017150873,0
0.0,0.00025583486,0
0.0,0.5950955,1
0.0,0.003917526,0
0.0,0.35353303,0
0.0,0.013381035,0
0.0,0.009813624,0
0.0,0.12124618,0
0.0,0.0003097594,0
1.0,0.9999999,1
0.0,0.0012223574,0
0.0,2.1807862e-05,0
1.0,0.9999999,1
1.0,1.0,1
0.0,0.0007318994,0
0.0,0.004087957,0
0.0,0.1595477,0
0.0,0.0001434098,0
0.0,2.341788e-05,0
1.0,0.1325288,0
0.0,0.573311,1
0.0,0.15335809,0
0.0,0.008052181,0
0.0,0.34016815,0
1.0,0.9984175,1
0.0,0.0009040087,0
0.0,2.2129475e-06,0
0.0,0.00016278654,0
1.0,0.0026919816,0
0.0,7.175941e-06,0
1.0,1.0,1
1.0,0.9999999,1
0.0,0.035208255,0
0.0,0.018889967,0
1.0,1.0,1
0.0,0.008304163,0
0.0,0.008982304,0
0.0,0.0004170163,0
0.0,0.45227233,0
0.0,0.014659529,0
0.0,0.0027411191,0
0.0,5.467946e-05,0
0.0,0.00119583,0
0.0,0.013605616,0
0.0,0.013165196,0
0.0,0.00012023412,0
0.0,0.40181807,0
0.0,1.8492274e-05,0
0.0,0.017157376,0
1.0,0.9999999,1
0.0,0.0024131117,0
0.0,0.08668746,0
0.0,0.010569342,0
0.0,0.004815076,0
0.0,0.0014782773,0
0.0,0.08910253,0
1.0,0.9999999,1
0.0,0.47530216,0
0.0,0.00016628705,0
0.0,0.009084565,0
0.0,0.003760282,0
1.0,0.9999999,1
1.0,0.9999999,1
0.0,0.00050418434,0
0.0,0.0028037438,0
0.0,4.0424197e-06,0
0.0,0.008342955,0
0.0,0.35170853,0
1.0,0.9974291,1
0.0,0.005846193,0
0.0,0.19691074,0
0.0,0.0007721265,0
1.0,0.9986706,1
1.0,0.9999999,1
0.0,0.08624847,0
0.0,0.00076153805,0
0.0,0.20372903,0
0.0,0.002799931,0
0.0,0.0016776122,0
0.0,0.0037675432,0
0.0,0.04966442,0
1.0,0.99999845,1
0.0,0.0048888144,0
0.0,0.0024277116,0
0.0,0.0019725433,0
0.0,0.56964856,1
0.0,0.048384525,0
0.0,0.34959006,0
0.0,0.40778548,0
0.0,0.009001272,0
0.0,3.9230414e-05,0
0.0,0.03728238,0
0.0,0.016291974,0
0.0,0.7078418,1
0.0,0.024620678,0
0.0,8.392902e-05,0
0.0,0.114950635,0
0.0,0.015039796,0
1.0,0.99607384,1
0.0,0.42060345,0
0.0,0.029198932,0
1.0,0.8248562,1
0.0,0.42150208,0
0.0,0.44707453,0
0.0,0.004581276,0
0.0,0.4151136,0
0.0,0.0020110942,0
0.0,0.024152037,0
0.0,0.76573676,1
1.0,0.9668592,1
0.0,0.062191226,0
0.0,0.0001555052,0
0.0,0.00012868326,0
0.0,0.0039005615,0
0.0,0.0072634346,0
0.0,0.07711941,0
1.0,1.0,1
0.0,0.00060699694,0
0.0,0.3834358,0
0.0,0.010223399,0
1.0,0.9999876,1
0.0,0.00017656169,0
0.0,0.0001059871,0
0.0,0.00010797664,0
0.0,0.04783698,0
0.0,0.23497614,0
0.0,0.12443473,0
1.0,0.9999999,1
0.0,0.005886426,0
0.0,0.0005559416,0
0.0,0.011657868,0
0.0,0.0012118523,0
0.0,0.012124721,0
0.0,0.015759734,0
0.0,0.0019772348,0
1.0,0.99221826,1
0.0,0.08480969,0
0.0,0.002889335,0
0.0,0.00014879733,0
0.0,0.0024717634,0
0.0,0.0013986763,0
0.0,0.00030534546,0
0.0,0.0072281226,0
0.0,0.02754422,0
0.0,0.00010316064,0
0.0,0.008494531,0
0.0,5.719934e-06,0
0.0,0.1659975,0
0.0,0.09440585,0
1.0,0.9984175,1
0.0,0.004235525,0
0.0,0.32006714,0
0.0,0.0036317534,0
0.0,0.07520072,0
0.0,0.02897539,0
1.0,0.9999999,1
0.0,0.21850231,0
0.0,0.0005189595,0
1.0,0.9999999,1
0.0,9.822137e-05,0
0.0,0.23409228,0
0.0,0.0023725822,0
1.0,0.36994535,0
0.0,0.00082866434,0
0.0,0.0025544905,0
0.0,0.001319631,0
0.0,0.003370424,0
1.0,0.9797316,1
0.0,0.027005881,0
0.0,0.0015197196,0
0.0,0.05869707,0
1.0,0.9999999,1
0.0,0.00012858366,0
0.0,0.00023780324,0
1.0,1.0,1
0.0,0.08034982,0
0.0,0.019571085,0
0.0,0.017203066,0
0.0,0.00015217428,0
0.0,0.0009882522,0
1.0,0.9786926,1
1.0,0.9999999,1
0.0,0.01720897,0
1.0,0.9262417,1
0.0,0.011141387,0
0.0,0.00090809545,0
0.0,6.712066e-05,0
0.0,0.0049763774,0
0.0,3.167902e-05,0
0.0,0.42237598,0
0.0,0.0006645499,0
1.0,0.9961654,1
0.0,0.02709976,0
0.0,0.00022854852,0
1.0,0.45886454,0
0.0,0.021750815,0
1.0,0.9988055,1
0.0,2.486501e-05,0
0.0,0.012124481,0
1.0,0.9999999,1
0.0,0.05596983,0
1.0,1.0,1
0.0,0.08509366,0
0.0,0.009555039,0
0.0,5.7722562e-05,0
0.0,0.0003592022,0
0.0,0.0027453925,0
1.0,0.9999999,1
0.0,8.589882e-06,0
0.0,0.0016531856,0
1.0,0.99998474,1
0.0,0.0071167676,0
0.0,0.046790186,0
0.0,0.003960148,0
1.0,0.9999999,1
0.0,0.0016899237,0
0.0,0.00034697165,0
0.0,0.07601537,0
0.0,0.00016828472,0
1.0,0.51609576,1
1.0,0.64835876,1
0.0,0.37887743,0
0.0,0.0013263373,0
0.0,0.0026968638,0
0.0,0.05266158,0
0.0,0.0017204153,0
0.0,0.058468092,0
1.0,0.9999999,1
0.0,0.06668775,0
0.0,0.00016173212,0
0.0,2.5152875e-05,0
0.0,0.050925083,0
0.0,0.008885655,0
1.0,0.9995584,1
0.0,0.0041957893,0
0.0,0.05395026,0
0.0,0.2202962,0
0.0,0.0025159004,0
0.0,0.024590472,0
1.0,0.9999999,1
0.0,0.0071144598,0
0.0,6.50356e-06,0
0.0,0.0026913802,0
0.0,0.37365237,0
0.0,0.00267934,0
0.0,0.00011342976,0
1.0,0.7234367,1
1.0,0.9593706,1
0.0,0.19377355,0
0.0,0.009084565,0
0.0,4.285477e-06,0
0.0,0.029730542,0
0.0,0.004177288,0
0.0,0.05041255,0
0.0,0.0011670636,0
0.0,2.1310394e-05,0
1.0,0.28883561,0
0.0,0.0016254096,0
0.0,0.0008221712,0
0.0,0.00063656754,0
0.0,0.39291757,0
0.0,0.0016300636,0
0.0,0.25475934,0
0.0,7.3109826e-05,0
0.0,0.0029277615,0
0.0,0.035920646,0
0.0,2.1215121e-06,0
1.0,0.9999999,1
0.0,0.22350325,0
0.0,0.0051766424,0
0.0,0.033103835,0
0.0,0.46708503,0
0.0,0.03380584,0
0.0,0.05203031,0
0.0,5.646723e-05,0
1.0,0.9999999,1
1.0,1.0,1
0.0,2.904489e-07,0
0.0,0.045995567,0
0.0,0.003372233,0
0.0,0.005083091,0
0.0,0.0057543693,0
0.0,0.0019548482,0
0.0,0.00064270117,0
0.0,0.00051316887,0
0.0,0.034306467,0
0.0,0.01213934,0
0.0,0.008393865,0
0.0,0.030352734,0
0.0,0.018399894,0
0.0,0.015138398,0
0.0,0.0005281727,0
0.0,0.021878364,0
0.0,0.000107396256,0
0.0,0.08475286,0
0.0,0.0014857047,0
1.0,0.9999999,1
0.0,1.01091355e-05,0
0.0,0.0062288116,0
0.0,0.0053690933,0
1.0,0.9713941,1
0.0,8.591598e-05,0
0.0,0.016402602,0
1.0,0.9908206,1
0.0,0.44285262,0
0.0,0.0027654609,0
0.0,0.037254654,0
0.0,8.8992456e-05,0
0.0,0.00024741798,0
0.0,0.2943354,0
0.0,0.010680373,0
0.0,0.27564612,0
0.0,0.0015291309,0
0.0,0.00012302237,0
0.0,0.123193525,0
0.0,8.098455e-05,0
1.0,0.9999999,1
0.0,0.0006196021,0
0.0,0.2533962,0
0.0,0.0036666286,0
0.0,0.009547556,0
0.0,0.0035968875,0
0.0,0.0029181242,0
0.0,0.1570245,0
0.0,0.035463687,0
0.0,0.1182455,0
0.0,0.33759046,0
1.0,0.9999999,1
1.0,0.9999999,1
0.0,0.76234907,1
0.0,7.033833e-05,0
0.0,0.008518618,0
1.0,0.9999999,1
0.0,0.002297761,0
0.0,0.6493667,1
1.0,0.4223183,0
0.0,0.13400936,0
0.0,0.0010280253,0
0.0,0.0026560035,0
1.0,0.9999999,1
1.0,0.9999999,1
0.0,0.7459182,1
0.0,0.00048634043,0
0.0,2.6714555e-05,0
0.0,0.022962488,0
0.0,0.27156508,0
0.0,0.44632578,0
0.0,0.3781727,0
0.0,0.0052889115,0
0.0,0.05168309,0
0.0,0.00068973575,0
0.0,0.14077935,0
0.0,0.065292574,0
0.0,6.470102e-05,0
0.0,0.0005187545,0
0.0,0.23422986,0
0.0,0.183467,0
0.0,3.650728e-05,0
0.0,0.019167319,0
1.0,0.17396925,0
0.0,0.19408901,0
0.0,0.00017997858,0
0.0,0.05798911,0
0.0,0.031656966,0
0.0,0.023166733,0
0.0,0.034852564,0
0.0,0.008187341,0
0.0,0.7439425,1
0.0,0.0514338,0
0.0,3.472719e-05,0
0.0,0.3846836,0
0.0,1.3128648e-05,0
0.0,7.3183655e-06,0
0.0,0.027447127,0
0.0,0.010553895,0
0.0,0.0011267291,0
0.0,0.0026023558,0
0.0,0.20143594,0
0.0,6.1459126e-05,0
0.0,1.4411378e-05,0
1.0,0.021709898,0
0.0,0.002990337,0
0.0,0.008136722,0
0.0,0.050210677,0
0.0,0.0062659136,0
0.0,0.013687276,0
0.0,0.05213198,0
0.0,0.00765516,0
0.0,0.022820408,0
0.0,0.005606864,0
0.0,0.012314101,0
0.0,0.0002002121,0
0.0,0.0003949802,0
0.0,7.443789e-07,0
0.0,0.081639476,0
0.0,0.00016753895,0
0.0,0.00046485668,0
0.0,0.001565698,0
0.0,0.00038229828,0
0.0,3.783502e-05,0
1.0,1.0,1
0.0,0.17011073,0
0.0,0.000323595,0
0.0,0.00026058266,0
0.0,1.2530916e-05,0
0.0,0.0014907966,0
0.0,0.0055063693,0
0.0,0.0010864467,0
0.0,0.06520952,0
0.0,0.01607693,0
1.0,0.9999999,1
0.0,0.0007143846,0
0.0,6.602796e-05,0
0.0,0.009558004,0
0.0,0.0029194287,0
0.0,0.023769526,0
0.0,0.032371104,0
0.0,6.8251284e-05,0
1.0,0.9999999,1
0.0,0.0064892103,0
1.0,0.9798711,1
0.0,0.00029174308,0
0.0,0.00956528,0
1.0,0.79680914,1
0.0,0.018248452,0
1.0,0.9999999,1
0.0,0.05894679,0
0.0,0.072463445,0
0.0,0.18434191,0
1.0,0.9999999,1
0.0,0.0022261823,0
0.0,0.014380984,0
0.0,0.018168688,0
0.0,0.00419989,0
0.0,0.02051494,0
0.0,0.011340989,0
0.0,0.23282452,0
1.0,0.34860238,0
1.0,0.9999999,1
0.0,0.00844169,0
0.0,0.0006194846,0
1.0,0.9999999,1
0.0,0.84032804,1
0.0,7.884652e-06,0
1.0,0.2742551,0
0.0,0.21575047,0
0.0,0.15884592,0
0.0,0.012901549,0
0.0,0.072439425,0
1.0,0.9999999,1
0.0,2.844721e-05,0
0.0,0.019370018,0
0.0,0.00019185468,0
0.0,2.8464285e-06,0
0.0,0.038950324,0
0.0,2.045643e-06,0
0.0,0.0017601112,0
0.0,0.007699646,0
1.0,0.471857,0
0.0,0.5504628,1
0.0,0.124745294,0
0.0,0.07405327,0
0.0,0.40223593,0
0.0,0.0064480905,0
1.0,0.9999999,1
0.0,0.116359554,0
0.0,0.00012106187,0
0.0,0.00025154123,0
0.0,0.038667645,0
1.0,0.9999999,1
0.0,0.0937266,0
0.0,6.471854e-05,0
1.0,0.9999999,1
0.0,6.019219e-06,0
0.0,0.49065122,0
0.0,0.0025704133,0
1.0,0.40908256,0
1.0,0.9999999,1
1.0,0.9999999,1
0.0,0.00030928134,0
0.0,0.1294141,0
0.0,0.00521962,0
0.0,0.40847352,0
1.0,1.0,1
0.0,0.39303827,0
0.0,0.13976847,0
0.0,0.00065669033,0
0.0,5.7149887e-06,0
0.0,0.4312526,0
0.0,0.45581824,0
0.0,0.00028998856,0
0.0,7.986782e-05,0
0.0,0.0002244444,0
0.0,1.1335942e-05,0
1.0,0.9999999,1
1.0,0.9999999,1
0.0,6.4019937e-06,0
0.0,0.00038623458,0
0.0,0.00077523437,0
0.0,0.18038239,0
0.0,0.0027563663,0
0.0,8.765074e-06,0
0.0,0.044460066,0
0.0,0.119720325,0
0.0,0.0004090731,0
0.0,0.010871406,0
1.0,0.82648194,1
0.0,0.33730456,0
1.0,1.0,1
0.0,0.40690285,0
1.0,0.9999999,1
0.0,0.013568543,0
0.0,0.001182883,0
0.0,0.0032996142,0
1.0,0.9999999,1
0.0,0.004033656,0
0.0,0.0013635813,0
0.0,1.4185682e-05,0
0.0,0.0010395066,0
0.0,0.00037344746,0
0.0,0.014452858,0
1.0,0.9999999,1
0.0,0.00017664793,0
0.0,0.048554655,0
0.0,0.4783686,0
0.0,0.0007607485,0
0.0,0.20743819,0
0.0,3.345146e-05,0
0.0,0.008107634,0
0.0,0.00026926806,0
0.0,0.07326806,0
0.0,0.0010418349,0
1.0,0.5625113,1
0.0,0.013671559,0
0.0,3.827798e-06,0
0.0,0.023795225,0
0.0,0.0024430754,0
0.0,4.9118826e-06,0
0.0,1.4951536e-05,0
0.0,0.0034673177,0
0.0,0.000696024,0
0.0,0.008463919,0
0.0,0.0057468996,0
0.0,0.00013624248,0
0.0,0.1369699,0
1.0,1.0,1
0.0,0.5958595,1
0.0,0.20838295,0
1.0,0.30598438,0
0.0,0.0036699956,0
0.0,4.881922e-05,0
0.0,0.098190375,0
1.0,0.047287885,0
0.0,0.18937804,0
0.0,0.08487811,0
0.0,0.00059059984,0
0.0,0.15173641,0
0.0,0.23458326,0
0.0,0.0018966455,0
0.0,0.00075653306,0
0.0,4.18478e-05,0
0.0,0.009892019,0
1.0,0.9999074,1
0.0,0.00032831842,0
0.0,0.1791613,0
0.0,0.0007160962,0
1.0,0.61617637,1
0.0,0.4606669,0
0.0,0.44402862,0
0.0,0.00042997897,0
0.0,0.0010108685,0
0.0,0.3071643,0
0.0,0.0024430754,0
0.0,4.7065714e-05,0
0.0,0.0029651471,0
0.0,0.012656379,0
0.0,0.0001382127,0
0.0,0.17507577,0
0.0,0.123147406,0
0.0,0.0041987733,0
0.0,0.011058849,0
0.0,0.00035727076,0
0.0,0.53010553,1
0.0,0.0007213792,0
0.0,0.0034155694,0
0.0,0.0052037467,0
0.0,0.017941508,0
0.0,0.00018133076,0
0.0,0.00039411098,0
1.0,0.1610802,0
0.0,0.0019844472,0
0.0,0.0060274256,0
0.0,0.10821776,0
0.0,0.08656889,0
0.0,0.007950283,0
0.0,0.03534011,0
0.0,0.0041854503,0
1.0,0.43276188,0
1.0,0.9999999,1
1.0,1.0,1
1.0,0.9999995,1
0.0,3.1601234e-05,0
0.0,0.09030512,0
1.0,0.6982012,1
0.0,0.0030089684,0
1.0,0.004087767,0
0.0,0.0009267529,0
1.0,0.9999999,1
0.0,0.09499083,0
1.0,0.9999999,1
0.0,0.030437341,0
0.0,0.00039470466,0
0.0,0.008693597,0
0.0,0.00015082491,0
1.0,0.6640707,1
0.0,0.0013876455,0
0.0,0.015383121,0
0.0,0.0001763571,0
0.0,0.13885222,0
0.0,0.00021107093,0
0.0,0.0022079884,0
0.0,0.0033907162,0
0.0,4.0869356e-05,0
0.0,0.00039048513,0
1.0,0.84287685,1
0.0,0.04224293,0
1.0,0.9999999,1
0.0,0.3542282,0
0.0,0.054436993,0
0.0,0.006571324,0
0.0,0.124173686,0
0.0,0.0018571898,0
0.0,0.09798791,0
0.0,0.02036843,0
0.0,0.3359419,0
0.0,0.0057433015,0
1.0,0.9999999,1
0.0,0.0090850545,0
0.0,0.22738615,0
0.0,0.008596362,0
0.0,0.00016112383,0
0.0,0.1959947,0
0.0,3.5129993e-05,0
0.0,0.0010094878,0
0.0,0.024351835,0
0.0,0.00041403557,0
0.0,0.0005756072,0
0.0,0.0012922283,0
0.0,0.094255485,0
0.0,0.008890229,0
0.0,0.12981337,0
0.0,0.888599,1
0.0,0.017159812,0
0.0,0.10142877,0
0.0,0.46915182,0
1.0,0.9999999,1
0.0,0.0003689475,0
0.0,0.003555726,0
1.0,0.9999671,1
0.0,0.26809996,0
0.0,0.00017210898,0
1.0,0.3735048,0
0.0,0.0050670775,0
1.0,0.43896127,0
1.0,0.8753513,1
0.0,0.31157976,0
0.0,0.40380484,0
0.0,0.0012625152,0
0.0,0.00020766498,0
0.0,0.0050756745,0
1.0,0.99075294,1
0.0,1.5252125e-05,0
0.0,0.045288593,0
0.0,0.0018850063,0
0.0,0.00020024323,0
0.0,0.0011688309,0
0.0,0.0033702478,0
0.0,0.0051049064,0
1.0,0.48523843,0
0.0,0.001443593,0
0.0,0.0062453365,0
0.0,0.008384861,0
0.0,0.03210412,0
0.0,0.0005406636,0
0.0,0.0027714572,0
0.0,0.33196047,0
0.0,0.0052358876,0
0.0,9.368717e-06,0
0.0,0.15555921,0
0.0,0.0013486325,0
0.0,5.7515797e-05,0
1.0,0.9999999,1
0.0,0.13551316,0
0.0,0.027485175,0
1.0,0.9821846,1
0.0,0.0006564176,0
0.0,0.008374202,0
0.0,0.058812287,0
0.0,0.05443168,0
0.0,0.009779355,0
1.0,0.9999999,1
0.0,0.005279966,0
0.0,0.3187731,0
0.0,0.4877371,0
0.0,0.20919122,0
0.0,0.0051116915,0
0.0,3.1601234e-05,0
0.0,0.035535667,0
1.0,0.9999999,1
0.0,0.005409313,0
0.0,0.3768789,0
0.0,0.0017819953,0
0.0,0.00014488325,0
0.0,0.074280165,0
0.0,0.0002488097,0
0.0,1.8044591e-05,0
0.0,0.012764444,0
1.0,0.9999486,1
0.0,0.018597415,0
1.0,0.9999999,1
0.0,0.024464954,0
1.0,0.99985516,1
0.0,0.46547014,0
1.0,0.9999999,1
0.0,2.7708616e-06,0
0.0,0.066560686,0
0.0,0.07624505,0
0.0,0.0018499654,0
0.0,0.97903436,1
0.0,0.002476723,0
0.0,6.7590195e-06,0
0.0,0.00070239964,0
0.0,0.30071482,0
0.0,0.0022295234,0
0.0,0.05048668,0
0.0,0.0065009,0
0.0,0.006441669,0
1.0,0.9999999,1
0.0,0.00013047174,0
0.0,0.23227577,0
0.0,0.031653646,0
0.0,3.53758e-07,0
0.0,0.008113346,0
1.0,0.9999999,1
1.0,0.9999999,1
0.0,5.9566068e-05,0
0.0,0.44008574,0
0.0,0.001283127,0
0.0,2.4659894e-05,0
0.0,0.67518765,1
0.0,0.0006151461,0
0.0,0.030334039,0
0.0,0.012090379,0
0.0,0.0012758498,0
0.0,0.005154899,0
0.0,2.7100323e-06,0
1.0,0.9999999,1
0.0,0.0348968,0
0.0,0.12136147,0
0.0,0.0043266104,0
0.0,0.001178435,0
0.0,0.0035624818,0
0.0,0.0011143617,0
0.0,0.042431716,0
0.0,0.36244655,0
0.0,0.00450799,0
0.0,0.030349575,0
0.0,0.023166733,0
0.0,0.020537162,0
0.0,0.43625897,0
0.0,0.00040954482,0
1.0,0.98191833,1
0.0,0.0009932432,0
0.0,0.00083689095,0
0.0,0.013462194,0
0.0,0.008796138,0
0.0,1.4157013e-06,0
0.0,0.004538815,0
0.0,0.08235736,0
0.0,0.2077391,0
1.0,0.9999999,1
0.0,0.16714108,0
1.0,0.9999999,1
0.0,0.4866306,0
0.0,0.5351221,1
1.0,0.9999999,1
0.0,0.060473323,0
0.0,3.4507789e-06,0
1.0,0.9999999,1
0.0,0.000114257506,0
0.0,0.002983375,0
0.0,0.0010183457,0
0.0,0.032672208,0
0.0,0.0048819506,0
0.0,0.032889508,0
0.0,0.0016753346,0
0.0,0.05965355,0
0.0,0.014410543,0
1.0,0.9999999,1
0.0,0.097375095,0
0.0,0.4143159,0
0.0,0.0037264656,0
0.0,0.018846923,0
1.0,0.9999999,1
0.0,0.007560185,0
0.0,0.00018385469,0
0.0,0.0006495181,0
0.0,0.0066948105,0
0.0,0.0048855124,0
0.0,0.005807786,0
0.0,0.00068764505,0
1.0,0.99551624,1
0.0,0.0025709195,0
0.0,0.00074409664,0
0.0,0.1355529,0
0.0,7.930856e-05,0
0.0,0.022290947,0
0.0,0.0010873989,0
0.0,0.02040468,0
0.0,0.07119341,0
0.0,0.006963571,0
0.0,0.00013847575,0
0.0,0.003746465,0
0.0,0.093876034,0
0.0,0.07028229,0
0.0,0.07221499,0
0.0,0.026292244,0
0.0,0.25118443,0
1.0,0.9797222,1
0.0,0.43945172,0
0.0,0.0005561215,0
1.0,0.020904345,0
0.0,0.0004349098,0
0.0,6.07007e-05,0
1.0,0.9999999,1
0.0,6.714127e-05,0
0.0,0.0040694457,0
0.0,0.18172868,0
1.0,0.9999999,1
0.0,0.22810152,0
0.0,0.0928753,0
0.0,0.0016329958,0
1.0,0.9725877,1
0.0,0.007527797,0
0.0,1.1943378e-06,0
0.0,0.047701344,0
0.0,0.023794174,0
1.0,0.9831097,1
1.0,1.0,1
0.0,0.0148886815,0
0.0,3.6515948e-07,0
0.0,0.003209043,0
0.0,0.00027661296,0
0.0,0.027666774,0
0.0,0.008159964,0
0.0,0.0015592099,0
0.0,0.000266861,0
0.0,0.015432621,0
0.0,0.07312418,0
0.0,0.005706862,0
0.0,0.005095115,0
0.0,0.010062062,0
1.0,0.9545875,1
1.0,0.9999999,1
0.0,0.0014631546,0
0.0,0.081045255,0
0.0,3.8699207e-05,0
0.0,0.4500166,0
0.0,0.07992485,0
0.0,0.00043472598,0
0.0,0.0001152412,0
1.0,0.8669081,1
0.0,0.031292506,0
0.0,0.64494276,1
0.0,0.008040946,0
0.0,0.004337725,0
0.0,0.0006061181,0
1.0,0.9999999,1
0.0,0.19664255,0
1.0,0.9988533,1
0.0,4.3492832e-06,0
0.0,0.21429564,0
0.0,0.048306108,0
0.0,0.0003516055,0
0.0,0.09239894,0
0.0,0.027631432,0
0.0,0.012609646,0
0.0,0.52775687,1
0.0,0.4254345,0
0.0,0.0004519019,0
0.0,0.009332487,0
0.0,0.00024826181,0
1.0,0.84974986,1
0.0,0.024609556,0
0.0,9.4956726e-05,0
0.0,0.0045829196,0
0.0,0.0003192182,0
0.0,0.07579298,0
0.0,0.06621876,0
0.0,0.14867914,0
0.0,7.081875e-05,0
0.0,0.0005526659,0
1.0,0.47617558,0
0.0,0.00093979517,0
0.0,0.010487097,0
0.0,0.0007989446,0
0.0,0.031084506,0
0.0,0.019167762,0
1.0,0.81359756,1
0.0,8.3788245e-06,0
0.0,0.0030717156,0
0.0,0.39291757,0
0.0,0.06964865,0
0.0,1.1446913e-05,0
0.0,0.003332294,0
0.0,0.0032831,0
0.0,0.034090996,0
0.0,0.0061720447,0
0.0,0.03611936,0
0.0,0.007012798,0
0.0,0.023506084,0
0.0,0.5790002,1
0.0,0.025053091,0
0.0,0.0220999,0
0.0,0.0020145618,0
1.0,0.9999999,1
1.0,0.97400755,1
0.0,0.014690211,0
0.0,0.003759094,0
0.0,0.0078076655,0
0.0,0.07256445,0
0.0,0.08655249,0
0.0,0.00010231868,0
0.0,6.4344217e-06,0
1.0,0.9999999,1
1.0,0.77819115,1
0.0,0.022593323,0
1.0,0.9999999,1
0.0,0.0019772348,0
0.0,0.009236473,0
0.0,0.12652566,0
0.0,0.00050295074,0
0.0,2.6161708e-05,0
0.0,0.038630847,0
0.0,0.46978897,0
0.0,0.0560827,0
0.0,0.00016632288,0
0.0,0.38940123,0
0.0,0.24523659,0
0.0,0.00016100619,0
0.0,0.005029161,0
0.0,0.00043376582,0
0.0,0.00023857651,0
1.0,0.99929786,1
1.0,0.9999999,1
0.0,0.019822994,0
0.0,0.00024259408,0
0.0,0.0008103878,0
0.0,7.314818e-05,0
0.0,0.0010361766,0
0.0,0.0013945319,0
0.0,0.00036809748,0
0.0,0.013438979,0
0.0,5.662625e-05,0
0.0,0.037501536,0
0.0,0.26882946,0
0.0,0.00010240897,0
0.0,0.51338035,1
0.0,0.060206022,0
0.0,0.044730946,0
0.0,0.45427364,0
0.0,0.23542191,0
1.0,0.08621269,0
0.0,0.95579886,1
0.0,0.004289996,0
0.0,0.0043074274,0
0.0,0.35639313,0
1.0,0.99974185,1
0.0,0.20032457,0
0.0,0.2632509,0
0.0,0.0029098047,0
0.0,0.4714907,0
1.0,0.7396283,1
0.0,0.0003113743,0
0.0,0.022556324,0
0.0,0.0067818617,0
0.0,0.0058438326,0
0.0,0.05853399,0
0.0,0.051187623,0
0.0,0.011780263,0
0.0,0.06797364,0
0.0,0.007699646,0
0.0,0.00012083742,0
0.0,0.00064580154,0
0.0,3.7150163e-05,0
0.0,0.00037659318,0
0.0,0.00015893372,0
0.0,0.0012713257,0
1.0,1.0,1
0.0,0.002208723,0
0.0,0.41441366,0
0.0,0.17865506,0
0.0,0.00025228653,0
0.0,0.003601547,0
0.0,0.014042657,0
0.0,0.07834168,0
0.0,0.011999921,0
0.0,7.569442e-05,0
0.0,0.049197342,0
0.0,9.786564e-05,0
0.0,9.121158e-05,0
0.0,0.004860996,0
0.0,0.08984709,0
0.0,0.0011359266,0
0.0,0.45886454,0
0.0,0.0021362782,0
1.0,0.66010016,1
1.0,0.9999999,1
0.0,0.0064963247,0
0.0,0.013800667,0
0.0,0.007216109,0
0.0,8.051986e-07,0
1.0,1.0,1
1.0,0.36508262,0
0.0,0.052008253,0
0.0,0.052394606,0
0.0,0.14172849,0
0.0,0.011904125,0
0.0,0.34445512,0
0.0,0.17579733,0
0.0,0.15994284,0
0.0,0.0044395067,0
0.0,0.09239894,0
0.0,0.024792066,0
0.0,0.0009532034,0
0.0,0.25060838,0
0.0,0.086990364,0
0.0,0.05303076,0
0.0,0.004422487,0
0.0,0.42312223,0
0.0,0.015411558,0
0.0,0.0033026591,0
0.0,0.0002237297,0
0.0,0.06078078,0
0.0,0.09917293,0
0.0,0.0039027394,0
1.0,0.9999999,1
0.0,0.0025780678,0
0.0,0.0018785873,0
0.0,0.0824652,0
0.0,0.00043495564,0
0.0,0.00066216395,0
0.0,0.33337468,0
0.0,0.30347124,0
0.0,0.5142595,1
1.0,0.9999999,1
0.0,0.05775616,0
1.0,0.9999999,1
0.0,0.17598493,0
1.0,0.44266382,0
0.0,0.0050867703,0
0.0,5.5229404e-05,0
1.0,0.86548126,1
1.0,0.17712067,0
0.0,0.00012888097,0
0.0,0.1528872,0
0.0,0.0065278225,0
1.0,0.9999999,1
0.0,0.43961677,0
0.0,0.010565827,0
0.0,0.004878317,0
0.0,0.07546134,0
1.0,0.99389863,1
0.0,0.00052127766,0
0.0,2.6369631e-05,0
0.0,0.002131578,0
1.0,0.12680346,0
0.0,0.2248273,0
1.0,1.0,1
0.0,5.4233376e-05,0
0.0,0.006270188,0
0.0,2.8769737e-05,0
0.0,0.001586595,0
0.0,0.0005256016,0
0.0,0.00012382599,0
0.0,0.06392092,0
0.0,0.0008899485,0
0.0,0.017184945,0
1.0,0.9999999,1
0.0,0.14953281,0
0.0,0.06833124,0
0.0,2.2239714e-05,0
0.0,0.00011342976,0
0.0,0.00591054,0
0.0,0.055895597,0
0.0,0.012710052,0
0.0,7.884652e-06,0
0.0,0.31343782,0
1.0,0.9999999,1
0.0,0.004397041,0
0.0,0.02720783,0
0.0,0.00094946584,0
0.0,0.00038270248,0
1.0,0.99953926,1
0.0,5.82259e-06,0
0.0,0.0026712867,0
0.0,0.0005863847,0
0.0,0.0026619772,0
0.0,0.0024645668,0
0.0,0.003024273,0
0.0,0.35929167,0
0.0,0.041486043,0
0.0,0.0022060187,0
0.0,0.0001503429,0
0.0,0.00021671424,0
0.0,0.019339014,0
0.0,0.018021943,0
0.0,5.4194294e-05,0
0.0,2.1807862e-05,0
0.0,0.0003877285,0
1.0,0.9999999,1
0.0,0.0003321109,0
0.0,0.30439612,0
0.0,0.016854502,0
0.0,5.8329577e-05,0
0.0,0.0012069196,0
0.0,0.00010041864,0
0.0,0.01169689,0
0.0,0.0072977566,0
0.0,0.0053150076,0
0.0,0.3300676,0
0.0,0.27502704,0
0.0,0.006607995,0
1.0,0.5714309,1
0.0,5.865057e-05,0
0.0,0.00010297066,0
1.0,0.21631233,0
1.0,0.9305428,1
0.0,0.028513959,0
0.0,0.0010920396,0
0.0,0.014266354,0
0.0,0.09933313,0
0.0,0.0010553453,0
0.0,5.751952e-06,0
0.0,0.0039452813,0
0.0,0.0021607957,0
0.0,0.61740535,1
0.0,0.0025035597,0
0.0,0.00058073265,0
0.0,0.09377951,0
1.0,0.9980812,1
0.0,0.03987408,0
0.0,0.23818092,0
0.0,0.0019151588,0
0.0,0.05910078,0
0.0,0.082662486,0
1.0,0.9999999,1
0.0,0.026168143,0
0.0,1.2551835e-05,0
1.0,0.43854317,0
0.0,0.006590171,0
0.0,0.013882219,0
0.0,0.00016878838,0
0.0,0.0023605453,0
0.0,0.0073017366,0
0.0,0.0010273204,0
1.0,0.9999999,1
0.0,0.014165405,0
0.0,0.049654234,0
0.0,0.13365014,0
1.0,0.9728961,1
0.0,0.040154055,0
0.0,0.12162667,0
0.0,0.012217307,0
0.0,0.002269024,0
0.0,0.41358724,0
0.0,0.00020219634,0
0.0,0.0005264992,0
0.0,0.000753709,0
1.0,1.0,1
0.0,0.067086585,0
0.0,0.10323032,0
0.0,0.00020532732,0
0.0,0.00065075327,0
0.0,0.0038887002,0
1.0,0.4701731,0
0.0,0.031163678,0
1.0,1.0,1
1.0,0.9985574,1
1.0,0.67126197,1
0.0,0.005423917,0
0.0,0.0046243905,0
0.0,0.039485343,0
0.0,1.0542016e-06,0
0.0,0.00043954243,0
0.0,0.0060140677,0
0.0,0.006302014,0
0.0,0.007958278,0
0.0,1.2132384e-06,0
0.0,0.0012223574,0
0.0,0.2521505,0
0.0,0.0005686328,0
0.0,0.060090516,0
0.0,9.8684584e-05,0
0.0,3.6020712e-05,0
0.0,0.00093366427,0
0.0,0.06391017,0
0.0,0.00092606974,0
0.0,0.007986408,0
0.0,0.24106885,0
0.0,0.003477596,0
1.0,0.9994653,1
1.0,0.9999999,1
0.0,5.6283367e-05,0
0.0,0.27940693,0
0.0,2.7441345e-05,0
0.0,0.08222183,0
0.0,0.0009773746,0
0.0,0.43945172,0
0.0,0.01659429,0
1.0,0.56061727,1
0.0,0.00019268975,0
0.0,4.9808354e-05,0
0.0,0.29062396,0
0.0,0.0023802016,0
0.0,0.024617799,0
0.0,0.0025132177,0
0.0,0.00025443692,0
0.0,0.00085020624,0
0.0,0.04640105,0
0.0,0.00019315793,0
0.0,0.0005234617,0
1.0,0.9999999,1
0.0,0.030309435,0
0.0,0.44285262,0
0.0,0.09014491,0
0.0,0.0012339873,0
0.0,0.118225485,0
0.0,2.1389822e-05,0
0.0,0.036390357,0
0.0,6.5475456e-06,0
1.0,0.9651213,1
0.0,0.050111067,0
0.0,0.0033967395,0
0.0,0.123140045,0
1.0,1.0,1
0.0,0.4808328,0
0.0,0.0011426221,0
1.0,0.7728431,1
0.0,0.024790233,0
0.0,0.0005878261,0
0.0,1.5191487e-06,0
0.0,0.018575322,0
0.0,0.9349572,1
0.0,0.0002480484,0
0.0,0.00065091485,0
0.0,0.015215898,0
0.0,0.2882,0
0.0,7.368249e-06,0
1.0,0.9999989,1
0.0,4.5447035e-07,0
0.0,0.06640262,0
0.0,0.012023013,0
0.0,0.00017423753,0
0.0,0.03551475,0
0.0,0.0059473524,0
0.0,0.035298802,0
0.0,0.23154438,0
0.0,0.28935528,0
0.0,0.00014807732,0
0.0,0.17350522,0
0.0,0.0011192386,0
0.0,0.0033987535,0
0.0,0.0015966531,0
0.0,0.0004846028,0
0.0,0.0030105708,0
1.0,0.92917585,1
0.0,0.109498955,0
0.0,0.0028672826,0
0.0,0.00025023948,0
0.0,0.011783939,0
0.0,0.012098909,0
0.0,0.08979324,0
0.0,0.005231987,0
0.0,0.054790765,0
0.0,0.53178316,1
0.0,0.2863562,0
0.0,2.6412502e-07,0
1.0,0.29492307,0
0.0,0.69220114,1
0.0,0.0022608065,0
0.0,5.898504e-05,0
0.0,0.08092432,0
0.0,0.0055707097,0
0.0,0.09988616,0
0.0,0.04523225,0
0.0,0.0069647455,0
0.0,0.08678581,0
0.0,1.3178208e-06,0
1.0,0.9942568,1
1.0,0.9999999,1
1.0,1.0,1
0.0,0.07679337,0
0.0,0.0037144844,0
0.0,5.856589e-07,0
0.0,0.13349776,0
1.0,0.9999999,1
0.0,0.0002457038,0
0.0,0.007178822,0
0.0,0.048331685,0
0.0,0.10574085,0
0.0,0.27607387,0
0.0,3.5214718e-05,0
0.0,0.009677106,0
0.0,4.1329977e-06,0
0.0,0.5900854,1
0.0,0.029405486,0
0.0,0.029997598,0
0.0,0.0022513117,0
1.0,0.9999999,1
0.0,0.043679226,0
1.0,0.9961533,1
0.0,0.0001426145,0
0.0,0.007665135,0
0.0,0.014330091,0
0.0,0.0036640044,0
0.0,0.00027721204,0
1.0,0.9999999,1
0.0,3.3473464e-07,0
0.0,0.00015361981,0
0.0,0.034753654,0
0.0,2.273952e-06,0
0.0,1.7843982e-05,0
0.0,0.00065476215,0
0.0,0.3338607,0
0.0,0.022202658,0
0.0,0.0004387209,0
0.0,7.627222e-06,0
0.0,0.063472115,0
0.0,0.009012188,0
0.0,0.007589407,0
1.0,0.6938073,1
1.0,1.0,1
0.0,0.0066264137,0
0.0,0.0005918592,0
0.0,0.0025264928,0
0.0,0.00019697154,0
0.0,0.4668117,0
0.0,0.47919935,0
0.0,0.003742427,0
0.0,0.1052626,0
0.0,0.31352368,0
0.0,0.11316987,0
0.0,0.012481686,0
0.0,4.5981804e-05,0
1.0,0.99953926,1
0.0,0.1417282,0
0.0,0.0002780771,0
0.0,0.4143159,0
0.0,0.0006157412,0
1.0,0.2475527,0
0.0,0.29512677,0
1.0,0.9999999,1
0.0,0.018606106,0
0.0,0.025667902,0
0.0,0.689305,1
0.0,8.354308e-07,0
0.0,0.39222962,0
0.0,0.000719568,0
0.0,0.00014353101,0
0.0,0.016009146,0
1.0,0.9999999,1
1.0,0.8370967,1
0.0,0.070033975,0
0.0,0.03333068,0
0.0,0.005306577,0
0.0,2.4205852e-05,0
0.0,0.055978414,0
0.0,9.606788e-06,0
0.0,0.003229596,0
0.0,0.58736145,1
0.0,0.0008057722,0
0.0,0.0013428068,0
0.0,0.40847352,0
0.0,0.00044231123,0
0.0,0.0009910663,0
1.0,0.9999999,1
0.0,0.0043346207,0
1.0,0.8737463,1
1.0,0.9998062,1
0.0,0.4128057,0
0.0,0.0028845032,0
0.0,0.0005271314,0
0.0,0.011911744,0
0.0,0.0067617013,0
0.0,0.0036560872,0
0.0,0.017726922,0
0.0,0.018486803,0
0.0,0.0001038862,0
0.0,0.04875723,0
1.0,0.9862136,1
0.0,0.00443197,0
0.0,0.0035968837,0
0.0,0.012724434,0
0.0,0.28982422,0
0.0,0.000231608,0
0.0,0.45252764,0
0.0,0.0010995158,0
0.0,0.0032695916,0
0.0,0.15673167,0
0.0,0.0003771134,0
0.0,9.435835e-07,0
0.0,1.3042203e-06,0
0.0,0.0015307539,0
1.0,1.0,1
0.0,0.011590707,0
0.0,0.0052147773,0
0.0,0.0010854366,0
0.0,0.0034932916,0
0.0,0.001582483,0
0.0,0.0011148035,0
0.0,0.0006856766,0
0.0,0.007359542,0
0.0,4.165585e-05,0
0.0,0.390337,0
0.0,0.00011529671,0
0.0,0.0009379248,0
0.0,0.068643,0
1.0,0.9999999,1
0.0,0.2312298,0
0.0,2.1188202e-05,0
0.0,0.017703226,0
0.0,1.032254e-06,0
0.0,0.07736299,0
0.0,0.058086872,0
1.0,0.9999999,1
0.0,0.43264753,0
1.0,0.9999999,1
0.0,5.748469e-06,0
0.0,3.436159e-05,0
0.0,0.00020219208,0
0.0,0.029170452,0
1.0,0.999956,1
0.0,0.08180279,0
1.0,0.99940574,1
0.0,0.00023135771,0
1.0,0.9999999,1
0.0,0.19890611,0
0.0,0.41933388,0
1.0,1.0,1
1.0,0.9999999,1
0.0,0.00015544074,0
0.0,0.00086022046,0
0.0,0.00018310451,0
0.0,0.35371205,0
0.0,3.2362368e-05,0
0.0,0.02087057,0
0.0,0.04268096,0
1.0,0.9999999,1
0.0,5.0622034e-06,0
0.0,7.9536745e-05,0
0.0,0.0011161312,0
0.0,3.7307367e-05,0
0.0,0.09714086,0
1.0,1.0,1
0.0,0.004332263,0
0.0,0.00043333272,0
0.0,0.022166997,0
0.0,0.00055092765,0
1.0,0.64616764,1
0.0,1.1521903e-07,0
0.0,0.0023441582,0
1.0,0.9999999,1
0.0,0.015645273,0
1.0,0.9999999,1
0.0,0.36508262,0
0.0,7.288852e-05,0
0.0,0.024955878,0
1.0,0.98687196,1
0.0,0.0001924694,0
0.0,0.47144258,0
0.0,1.2331151e-05,0
0.0,0.06539052,0
0.0,0.058498252,0
0.0,0.16988423,0
1.0,0.9999999,1
0.0,0.050197694,0
0.0,0.0013149056,0
1.0,0.9999999,1
0.0,0.016986392,0
0.0,5.2471123e-06,0
0.0,0.003370075,0
0.0,0.0028241044,0
0.0,0.45983884,0
0.0,6.622534e-05,0
1.0,0.9999999,1
0.0,0.0066363616,0
0.0,0.0051215417,0
0.0,0.100809574,0
0.0,0.62797827,1
0.0,0.00037979853,0
0.0,0.73266816,1
0.0,0.27368596,0
1.0,0.9999999,1
0.0,0.3896343,0
0.0,0.0045915833,0
1.0,0.99478287,1
0.0,8.55511e-05,0
0.0,0.096826285,0
0.0,2.7455965e-06,0
0.0,0.20299862,0
0.0,0.47773826,0
0.0,0.14439441,0
0.0,0.03228373,0
0.0,0.4767107,0
0.0,0.008863171,0
0.0,6.361924e-05,0
0.0,3.9960745e-05,0
1.0,0.9999999,1
0.0,6.728972e-05,0
0.0,0.0017511416,0
0.0,0.00015915984,0
0.0,0.0008362728,0
0.0,0.007960296,0
0.0,7.5048985e-05,0
1.0,0.7318882,1
0.0,0.018530697,0
0.0,0.00017486468,0
0.0,0.0057663643,0
0.0,0.003630539,0
0.0,0.0351088,0
0.0,0.0023915365,0
0.0,0.00037892588,0
0.0,0.0129095195,0
0.0,4.5305974e-06,0
0.0,0.024096314,0
0.0,0.00039497114,0
0.0,0.39502913,0
0.0,0.14867914,0
1.0,1.0,1
0.0,0.0009518634,0
0.0,0.43843976,0
0.0,0.051766973,0
0.0,0.18295772,0
0.0,0.00012339588,0
0.0,0.0078123696,0
0.0,0.0013824096,0
1.0,0.9999999,1
0.0,0.00034508968,0
0.0,0.0046708896,0
1.0,0.99998105,1
0.0,0.04066585,0
0.0,0.02408932,0
0.0,0.07290765,0
0.0,0.46499693,0
0.0,0.0006446019,0
0.0,0.11762711,0
0.0,5.098207e-05,0
1.0,0.24744838,0
0.0,0.0020110942,0
0.0,0.036955204,0
0.0,0.40795773,0
0.0,0.11934075,0
1.0,0.04215748,0
0.0,0.028536769,0
0.0,0.31165043,0
0.0,0.03993313,0
0.0,0.034124017,0
0.0,0.1372119,0
0.0,0.890694,1
0.0,2.1043676e-05,0
1.0,0.76707935,1
0.0,0.0054764766,0
0.0,0.02871292,0
1.0,0.9999999,1
0.0,0.004342759,0
0.0,3.9449833e-06,0
0.0,2.3800581e-05,0
1.0,0.9999999,1
0.0,0.003921237,0
0.0,0.0029389525,0
0.0,6.9673447e-06,0
0.0,0.0007600424,0
0.0,0.00070576224,0
1.0,0.36508262,0
0.0,0.0003937255,0
0.0,0.00030298784,0
0.0,0.0001624623,0
0.0,0.0025913934,0
0.0,0.008064454,0
0.0,0.00044901957,0
0.0,0.0002247607,0
1.0,0.9999999,1
0.0,0.048055243,0
0.0,0.0002540171,0
0.0,0.07809821,0
0.0,0.005165601,0
0.0,0.49735096,0
0.0,0.40346637,0
0.0,0.020421222,0
0.0,4.2210446e-05,0
0.0,0.126647,0
0.0,2.4679034e-07,0
0.0,0.00083234394,0
0.0,1.0468879e-06,0
0.0,0.014014884,0
0.0,2.2199369e-05,0
0.0,0.020362526,0
0.0,0.002380427,0
0.0,0.01879168,0
0.0,3.6343154e-05,0
0.0,0.08501677,0
0.0,9.056079e-06,0
0.0,0.0037438283,0
1.0,0.99074453,1
1.0,0.9618621,1
0.0,0.004765246,0
0.0,0.01713083,0
0.0,0.17779474,0
1.0,0.9999999,1
0.0,0.017573565,0
0.0,0.001502634,0
0.0,6.289958e-05,0
0.0,0.0005049603,0
0.0,0.23346488,0
0.0,0.0003985623,0
0.0,0.16606407,0
0.0,0.00019362371,0
0.0,0.0003048457,0
0.0,0.17457783,0
1.0,0.7373021,1
0.0,0.0030105708,0
0.0,0.0001257991,0
0.0,0.12361159,0
0.0,0.057830103,0
0.0,6.5495874e-06,0
0.0,0.0024260322,0
0.0,0.0010962454,0
0.0,0.18978015,0
1.0,0.9964252,1
0.0,0.015542437,0
0.0,0.000350721,0
0.0,1.2694971e-05,0
0.0,3.9201204e-05,0
1.0,0.9999999,1
0.0,0.014341026,0
0.0,1.4868015e-05,0
0.0,0.000108765315,0
0.0,0.053164896,0
0.0,0.005550072,0
0.0,0.0013037124,0
0.0,0.00011526054,0
0.0,0.016054315,0
0.0,0.008384861,0
0.0,0.27708516,0
0.0,0.398198,0
0.0,0.0012146744,0
0.0,0.000859905,0
0.0,0.50849277,1
1.0,0.9999999,1
0.0,0.0018486168,0
0.0,0.014110793,0
1.0,0.9999999,1
0.0,0.014628277,0
1.0,0.9999999,1
0.0,4.246938e-05,0
0.0,0.034515537,0
0.0,0.0007054667,0
1.0,0.9999995,1
0.0,0.014940557,0
0.0,5.207014e-06,0
0.0,0.2966599,0
0.0,8.326776e-05,0
1.0,1.0,1
0.0,0.007729465,0
0.0,0.28708267,0
0.0,0.104071975,0
0.0,0.0031535744,0
0.0,0.011288915,0
0.0,0.002689145,0
0.0,0.02972352,0
0.0,0.010847921,0
0.0,0.00049640134,0
0.0,0.011696762,0
0.0,0.0016925466,0
0.0,0.005327374,0
0.0,0.8041917,1
0.0,0.7005726,1
0.0,0.13189903,0
0.0,0.0014551107,0
0.0,0.016163038,0
0.0,0.27872086,0
1.0,0.9999999,1
0.0,0.06224488,0
0.0,0.0020266792,0
1.0,0.8037669,1
0.0,2.6120256e-06,0
0.0,0.45343754,0
0.0,0.0005874613,0
0.0,0.0004142464,0
0.0,4.354402e-05,0
0.0,0.00010642694,0
0.0,0.034068353,0
0.0,2.8559336e-05,0
0.0,0.0019579513,0
0.0,0.0029070335,0
0.0,0.08826889,0
1.0,0.9999999,1
0.0,0.0018279942,0
0.0,0.0043410067,0
0.0,0.255125,0
0.0,0.00305693,0
1.0,0.9999999,1
1.0,0.9998779,1
0.0,0.102479,0
0.0,0.00040228426,0
0.0,0.0025309233,0
0.0,0.0007606789,0
0.0,0.42237598,0
0.0,0.0021080724,0
0.0,0.09626034,0
0.0,0.00063501083,0
0.0,0.00028226056,0
0.0,0.078789726,0
1.0,0.28450263,0
0.0,5.7690588e-05,0
0.0,0.00030620396,0
0.0,0.015801009,0
1.0,0.9999999,1
0.0,0.0003810183,0
0.0,5.269803e-05,0
0.0,0.00078596914,0
0.0,6.433782e-05,0
0.0,0.03270077,0
0.0,1.4385535e-05,0
0.0,2.6592143e-05,0
0.0,0.00014587384,0
0.0,0.67851204,1
0.0,0.0065992186,0
0.0,1.2000957e-06,0
0.0,0.00043712684,0
0.0,0.0071772113,0
0.0,0.002315547,0
0.0,0.010518981,0
1.0,0.9999999,1
0.0,4.511626e-06,0
0.0,0.82190925,1
1.0,0.40848637,0
0.0,8.005097e-05,0
0.0,0.002854732,0
0.0,0.07949108,0
0.0,0.0042624543,0
0.0,0.37253124,0
0.0,0.0010784398,0
0.0,1.38493e-06,0
0.0,0.039288502,0
0.0,0.045688745,0
0.0,0.15472564,0
1.0,0.99588436,1
0.0,0.0022405162,0
0.0,0.090203986,0
1.0,0.9999999,1
0.0,0.0004073067,0
0.0,0.000117180076,0
0.0,0.020354234,0
0.0,0.00026137615,0
0.0,2.49309e-05,0
0.0,0.2852935,0
0.0,0.039380863,0
0.0,0.00017037721,0
0.0,0.0012954755,0
0.0,0.0023317079,0
0.0,0.014998078,0
0.0,2.4890705e-05,0
0.0,0.00049389916,0
0.0,0.010671111,0
0.0,0.19167626,0
0.0,0.124454536,0
0.0,0.001253957,0
0.0,0.0005699247,0
1.0,0.88426816,1
1.0,0.9640857,1
0.0,0.003206009,0
0.0,0.097936004,0
0.0,4.5211833e-05,0
0.0,7.1404855e-07,0
0.0,0.0021822627,0
0.0,0.021234227,0
0.0,0.091675885,0
0.0,0.056637377,0
0.0,0.2963882,0
0.0,0.47261372,0
0.0,0.3329123,0
0.0,0.03428767,0
0.0,0.2943026,0
0.0,0.0053631356,0
0.0,9.057538e-06,0
1.0,0.99985814,1
0.0,0.0033604566,0
0.0,0.11448056,0
1.0,0.9544846,1
0.0,0.009564502,0
1.0,0.9999999,1
0.0,0.01583931,0
0.0,0.0619312,0
0.0,6.9979296e-06,0
1.0,0.9999999,1
0.0,0.00012711051,0
0.0,0.0037225538,0
0.0,0.00064088445,0
1.0,0.9999999,1
0.0,0.0022596354,0
0.0,9.975147e-07,0
0.0,1.4842925e-05,0
1.0,0.9999999,1
0.0,0.005758916,0
1.0,0.9999999,1
0.0,0.0006640823,0
0.0,0.015335633,0
0.0,0.30261448,0
0.0,0.3105836,0
0.0,0.037545476,0
1.0,0.9999999,1
0.0,1.3256598e-05,0
0.0,0.005169533,0
0.0,0.011410338,0
0.0,0.4299977,0
0.0,5.847332e-05,0
0.0,0.0030947472,0
0.0,0.5856694,1
0.0,0.052794084,0
0.0,0.10876705,0
0.0,0.0075161033,0
0.0,0.26728344,0
0.0,0.0046151304,0
0.0,0.0027670837,0
1.0,0.16925871,0
0.0,0.012706696,0
0.0,0.013381035,0
0.0,0.052822493,0
0.0,0.010640764,0
0.0,0.0036560872,0
0.0,0.03786901,0
0.0,0.3874507,0
0.0,0.14834471,0
0.0,0.18653911,0
0.0,0.47144258,0
0.0,0.39945936,0
0.0,0.0001257991,0
0.0,0.2721911,0
0.0,0.00032401236,0
1.0,0.42628837,0
0.0,2.8704651e-05,0
0.0,0.09911402,0
0.0,9.181616e-05,0
0.0,0.0007188051,0
0.0,0.00026772826,0
0.0,0.0011770306,0
0.0,0.007428668,0
0.0,0.012361212,0
0.0,6.365632e-05,0
0.0,0.002821789,0
0.0,1.6997697e-06,0
0.0,0.012591154,0
0.0,0.0016668006,0
0.0,0.0034071526,0
0.0,0.2661814,0
0.0,0.8001114,1
1.0,0.9999999,1
0.0,0.059114836,0
0.0,2.7152164e-05,0
1.0,0.9999999,1
0.0,0.23475559,0
0.0,0.35677338,0
0.0,0.010408752,0
0.0,0.0008717622,0
0.0,0.11457354,0
0.0,0.33237934,0
0.0,0.0006080513,0
1.0,0.341702,0
0.0,0.026890174,0
1.0,0.99984026,1
0.0,0.013381035,0
0.0,0.35932767,0
0.0,0.0012835133,0
0.0,0.42728978,0
0.0,0.010130159,0
1.0,0.99992514,1
0.0,0.29795805,0
0.0,0.0098844515,0
0.0,0.12614466,0
0.0,0.015621607,0
0.0,0.0051106154,0
1.0,0.9999999,1
0.0,0.0042146714,0
0.0,0.0011236351,0
0.0,0.0012223574,0
0.0,0.0005122508,0
0.0,0.004539205,0
0.0,0.0005918592,0
1.0,0.99671197,1
0.0,0.37887743,0
0.0,0.0009908259,0
0.0,8.1955506e-05,0
0.0,0.1323947,0
0.0,0.0007754557,0
0.0,0.00013094037,0
0.0,0.028318489,0
0.0,0.0013428068,0
1.0,0.9999999,1
0.0,0.072116815,0
0.0,0.15938759,0
0.0,0.02441049,0
1.0,0.6179724,1
0.0,0.09213269,0
0.0,0.01383824,0
0.0,0.67662,1
0.0,8.848347e-06,0
0.0,2.1107791e-05,0
0.0,2.5135632e-05,0
0.0,0.007375845,0
0.0,0.0006169572,0
0.0,0.0017075569,0
0.0,0.0010886054,0
0.0,0.00019000816,0
0.0,0.066007584,0
1.0,0.4882452,0
0.0,0.0008543993,0
0.0,0.0014869354,0
1.0,0.053120863,0
0.0,0.0015384598,0
0.0,7.099611e-05,0
0.0,0.45146996,0
0.0,0.00011230005,0
0.0,0.11127477,0
0.0,0.6461972,1
0.0,0.003179895,0
0.0,0.0046059177,0
0.0,0.04298872,0
0.0,3.3967335e-05,0
0.0,0.043083478,0
0.0,0.2536147,0
0.0,0.09793185,0
0.0,0.00029066557,0
0.0,0.0018320411,0
0.0,3.5394697e-07,0
0.0,0.26890182,0
0.0,0.47004157,0
0.0,3.8872753e-05,0
0.0,0.0002504175,0
0.0,0.012579772,0
0.0,0.13470091,0
0.0,0.0008694577,0
0.0,0.3956545,0
1.0,1.0,1
0.0,0.12371711,0
0.0,0.005698624,0
0.0,0.0013082755,0
0.0,0.002297729,0
0.0,0.00033205393,0
0.0,0.052040245,0
0.0,0.0018370444,0
0.0,0.00033217584,0
0.0,0.0017590021,0
1.0,1.0,1
0.0,1.6070544e-05,0
0.0,0.0010643638,0
0.0,0.004904349,0
0.0,2.0646643e-05,0
0.0,0.00020486854,0
0.0,0.41930872,0
1.0,0.072694786,0
0.0,0.014253298,0
0.0,0.00038623458,0
0.0,0.00020076742,0
0.0,1.0119071e-05,0
0.0,0.0013996223,0
0.0,0.042595997,0
0.0,0.00038960218,0
0.0,0.1332847,0
0.0,0.00011324615,0
0.0,0.0006501962,0
0.0,0.48521957,0
0.0,0.0063685263,0
0.0,0.21292299,0
0.0,0.0007373274,0
0.0,0.0036459872,0
0.0,0.27502704,0
0.0,0.4510661,0
0.0,0.13945529,0
0.0,0.00020297825,0
0.0,0.004185246,0
0.0,0.22184114,0
0.0,0.051678285,0
0.0,4.8524407e-06,0
0.0,0.037026707,0
1.0,0.9999999,1
0.0,0.031937733,0
0.0,0.0017765345,0
0.0,0.33333337,0
0.0,0.003233757,0
0.0,0.00039710352,0
0.0,0.0006699437,0
0.0,9.432382e-05,0
0.0,0.39277613,0
0.0,0.6171293,1
0.0,0.0032805542,0
0.0,0.004224511,0
0.0,0.22732049,0
0.0,0.002063089,0
0.0,0.13149573,0
0.0,0.0005822612,0
0.0,0.0024042171,0
0.0,0.093340136,0
0.0,4.716703e-07,0
0.0,2.6163707e-05,0
0.0,0.00420853,0
1.0,0.9999999,1
1.0,0.99874425,1
0.0,0.043990828,0
0.0,0.0001365623,0
1.0,1.0,1
0.0,7.0688126e-05,0
0.0,5.589281e-05,0
1.0,1.0,1
0.0,3.6461217e-05,0
0.0,0.005169658,0
0.0,0.0049301866,0
0.0,0.0018720538,0
0.0,0.012034409,0
1.0,0.9228421,1
0.0,0.101167336,0
0.0,0.2655116,0
0.0,0.0009655824,0
0.0,0.001810467,0
0.0,0.05689305,0
0.0,2.0398851e-05,0
0.0,0.0001994566,0
1.0,0.8843778,1
0.0,0.14983605,0
0.0,0.4760918,0
0.0,0.1446681,0
0.0,0.001331327,0
0.0,0.00014561396,0
0.0,1.9256875e-05,0
0.0,7.292537e-05,0
0.0,0.128171,0
0.0,0.023824558,0
0.0,0.003412025,0
1.0,0.4584591,0
0.0,2.7509063e-06,0
0.0,0.0047233184,0
0.0,0.025559613,0
0.0,4.05756e-06,0
0.0,0.16150469,0
0.0,0.0010930601,0
0.0,0.10362292,0
0.0,5.3065514e-07,0
0.0,0.025813015,0
0.0,0.00031140487,0
0.0,0.1425324,0
0.0,0.056807425,0
0.0,0.008313879,0
0.0,0.09438178,0
0.0,5.098207e-05,0
0.0,0.26782465,0
0.0,0.0023839728,0
0.0,0.0048119808,0
0.0,7.569874e-06,0
0.0,0.0002624802,0
0.0,0.22851624,0
0.0,0.00015183557,0
0.0,0.24864604,0
1.0,0.9999999,1
0.0,0.043651454,0
0.0,0.00015612507,0
1.0,0.9909116,1
0.0,9.8157525e-06,0
0.0,0.2776734,0
0.0,0.014715784,0
0.0,0.46201435,0
0.0,0.0033302326,0
0.0,0.39494786,0
0.0,0.15948799,0
0.0,0.00168257,0
0.0,0.002698267,0
0.0,0.054568984,0
0.0,0.09627753,0
0.0,0.07897488,0
0.0,0.08444939,0
0.0,6.0973314e-05,0
0.0,9.102437e-07,0
0.0,0.20251834,0
0.0,0.0005887979,0
1.0,0.9999999,1
0.0,0.00011661025,0
0.0,0.28558317,0
1.0,1.0,1
1.0,0.99404436,1
0.0,0.00012866914,0
0.0,0.06858095,0
0.0,0.002872774,0
0.0,0.0005315677,0
0.0,2.1877477e-05,0
0.0,0.04770553,0
0.0,0.00015489505,0
0.0,0.00013627327,0
1.0,1.0,1
0.0,0.0023910233,0
0.0,0.000110707624,0
0.0,0.09911402,0
0.0,0.05118017,0
0.0,0.0002751773,0
0.0,0.16712523,0
1.0,0.9999999,1
0.0,0.0034732476,0
0.0,0.00043030802,0
0.0,0.00029049633,0
0.0,0.025674619,0
0.0,0.046048373,0
0.0,2.2239714e-05,0
0.0,0.00025151728,0
0.0,0.00028611033,0
0.0,0.03748314,0
0.0,0.00052449486,0
0.0,0.030730322,0
0.0,0.0018428417,0
1.0,0.9830481,1
0.0,0.7342575,1
0.0,0.036524195,0
0.0,0.00040410864,0
0.0,0.0023794952,0
1.0,0.9999999,1
0.0,0.7390104,1
0.0,0.21744263,0
1.0,0.8450513,1
0.0,0.006597321,0
0.0,0.42756194,0
0.0,0.0013039551,0
0.0,4.8862865e-05,0
0.0,0.0029117367,0
0.0,0.00031405926,0
1.0,1.0,1
0.0,8.899529e-06,0
1.0,1.0,1
0.0,7.78896e-05,0
0.0,0.00011309313,0
0.0,2.648135e-05,0
0.0,0.10061021,0
0.0,0.00048462936,0
0.0,0.0015947548,0
0.0,0.007448986,0
0.0,0.40346637,0
0.0,0.0016595244,0
1.0,0.9999999,1
0.0,0.67451704,1
0.0,0.0080410605,0
1.0,1.0,1
0.0,0.014198358,0
0.0,0.017495658,0
0.0,0.004604836,0
0.0,0.0076754536,0
0.0,0.02145584,0
0.0,0.030024517,0
0.0,2.731326e-05,0
0.0,0.63897693,1
0.0,0.0037914612,0
0.0,0.1315307,0
0.0,0.00079336466,0
0.0,0.069245465,0
0.0,0.09911402,0
1.0,0.96024764,1
1.0,0.59511423,1
0.0,0.0012447976,0
0.0,0.0051922365,0
0.0,1.8010147e-06,0
1.0,0.9999999,1
0.0,0.00014609825,0
0.0,0.060402498,0
0.0,0.0008214449,0
0.0,0.011696553,0
0.0,0.0005915727,0
0.0,0.112133324,0
0.0,0.40714645,0
0.0,0.066892356,0
0.0,0.07296368,0
1.0,0.7088471,1
0.0,0.061671235,0
0.0,0.098617956,0
0.0,0.000323192,0
0.0,0.0024859526,0
0.0,0.0071442667,0
0.0,0.0879118,0
0.0,0.0001879918,0
0.0,0.00016475568,0
0.0,0.234933,0
0.0,0.048080783,0
0.0,0.005617529,0
0.0,0.0027218757,0
0.0,9.1354224e-07,0
1.0,0.9999999,1
0.0,0.34768972,0
1.0,0.9549001,1
0.0,5.0872195e-06,0
0.0,0.0041962857,0
0.0,0.03089244,0
0.0,0.21049052,0
1.0,0.9999999,1
1.0,1.0,1
0.0,0.0700455,0
1.0,0.9409105,1
0.0,0.0066248067,0
0.0,0.0060634306,0
0.0,0.00044806142,0
0.0,0.016832598,0
0.0,0.0001154777,0
0.0,0.0001609,0
0.0,0.12588501,0
0.0,0.0072999676,0
0.0,0.24864604,0
0.0,0.0017070766,0
0.0,0.0004432178,0
0.0,0.0064669973,0
1.0,0.70298016,1
1.0,0.53002024,1
0.0,0.0014705292,0
0.0,0.0014079369,0
0.0,0.0043968116,0
0.0,0.050435793,0
0.0,0.011713327,0
0.0,0.019796796,0
1.0,0.24998647,0
0.0,0.011042825,0
0.0,0.00065149635,0
0.0,0.1890291,0
0.0,0.003522697,0
0.0,0.0006928516,0
0.0,4.18478e-05,0
0.0,0.015680367,0
0.0,0.037275996,0
0.0,0.0009874015,0
0.0,0.36908734,0
1.0,0.99389863,1
0.0,0.00054781337,0
0.0,2.1807862e-05,0
0.0,0.64638543,1
0.0,0.016892297,0
0.0,0.00014455053,0
0.0,0.07932423,0
0.0,7.188713e-05,0
0.0,0.056980785,0
0.0,1.28865e-05,0
0.0,0.09188488,0
0.0,6.230387e-06,0
0.0,0.0035992586,0
0.0,0.0013111482,0
0.0,0.01438913,0
0.0,0.00081831205,0
0.0,0.006443235,0
0.0,0.009942457,0
0.0,0.0073304563,0
0.0,0.34568682,0
0.0,0.014266623,0
1.0,0.9999999,1
0.0,0.013566169,0
1.0,1.0,1
0.0,0.008144765,0
0.0,0.00010571799,0
0.0,6.174757e-05,0
0.0,0.010576495,0
0.0,0.00074419164,0
0.0,0.44479614,0
0.0,0.5887052,1
0.0,0.38140792,0
0.0,0.030767381,0
0.0,0.028020471,0
0.0,0.10547581,0
0.0,0.89884275,1
0.0,1.4452309e-05,0
0.0,0.00017644845,0
0.0,0.12672454,0
0.0,0.39222962,0
0.0,1.9674033e-05,0
1.0,0.9999999,1
0.0,0.0015689618,0
0.0,0.5449583,1
0.0,0.00041034952,0
1.0,0.9948532,1
0.0,0.02498304,0
0.0,0.023406947,0
0.0,0.01358693,0
0.0,0.0004308482,0
0.0,8.273601e-07,0
0.0,0.09582844,0
0.0,0.053982936,0
0.0,0.0017994083,0
0.0,0.0011151385,0
0.0,0.101278655,0
0.0,0.027745502,0
0.0,0.00043528457,0
0.0,0.007749998,0
0.0,0.3906905,0
1.0,0.84486866,1
0.0,0.22214662,0
1.0,0.9999999,1
0.0,0.0010040308,0
0.0,8.9999136e-05,0
0.0,0.022962764,0
0.0,0.0079256045,0
0.0,0.05679166,0
0.0,0.13371228,0
0.0,0.0008881663,0
0.0,0.00010829785,0
0.0,0.004758934,0
0.0,0.08063901,0
0.0,0.33287677,0
0.0,0.00061343185,0
1.0,0.9999999,1
0.0,0.5224097,1
0.0,8.495973e-05,0
0.0,0.00797257,0
0.0,0.012741325,0
0.0,0.11452354,0
0.0,0.017890472,0
0.0,0.00079321425,0
0.0,0.2937003,0
0.0,0.10252405,0
0.0,9.236701e-07,0
0.0,1.819333e-05,0
0.0,0.07071863,0
0.0,0.0011664318,0
0.0,0.017053716,0
1.0,0.9999999,1
0.0,8.302142e-07,0
0.0,0.00013345908,0
0.0,0.03520336,0
0.0,0.21636713,0
0.0,0.0019904247,0
0.0,0.0022598794,0
0.0,0.014619702,0
0.0,0.00027373995,0
0.0,0.50315976,1
0.0,1.4276651e-05,0
0.0,0.05605995,0
1.0,0.97299665,1
0.0,0.39702722,0
0.0,0.004589115,0
0.0,0.0008064144,0
0.0,0.09145015,0
0.0,0.10923511,0
0.0,0.1489432,0
0.0,6.3731403e-07,0
0.0,1.1226348e-06,0
0.0,0.008532705,0
0.0,0.026639936,0
0.0,4.8570597e-05,0
0.0,0.00014194161,0
1.0,0.9999999,1
0.0,0.017945306,0
1.0,0.084804654,0
0.0,0.14697,0
1.0,1.0,1
1.0,0.99835396,1
1.0,0.2160351,0
0.0,0.43629986,0
0.0,0.011985981,0
0.0,0.00025644616,0
0.0,0.0024510114,0
0.0,0.0053052153,0
0.0,0.00019622773,0
0.0,3.0833203e-07,0
0.0,0.0007294915,0
0.0,0.69757783,1
0.0,0.08762257,0
0.0,0.033101242,0
0.0,0.008322489,0
0.0,0.00017541542,0
0.0,0.0011479809,0
0.0,0.044730946,0
0.0,4.051093e-07,0
0.0,3.4499914e-07,0
0.0,3.2699212e-05,0
0.0,0.064567424,0
1.0,0.7511534,1
0.0,0.011672533,0
0.0,0.0010743288,0
0.0,0.011829826,0
0.0,0.08406521,0
0.0,0.0012289698,0
0.0,0.0055654133,0
0.0,0.027933313,0
0.0,0.00033503183,0
0.0,0.00025739145,0
0.0,0.001986737,0
0.0,0.00014807477,0
0.0,0.018363517,0
0.0,0.00092770753,0
0.0,0.17462488,0
0.0,0.066231504,0
0.0,0.0005881231,0
0.0,1.1739249e-05,0
0.0,0.45253897,0
0.0,0.0033725838,0
1.0,0.9999999,1
1.0,1.0,1
0.0,0.004934666,0
0.0,0.0023843723,0
0.0,0.00025819195,0
0.0,0.0044550383,0
0.0,0.08303802,0
0.0,0.02876882,0
0.0,0.11423367,0
0.0,0.29684845,0
1.0,0.9999999,1
0.0,0.00461675,0
0.0,0.008221951,0
0.0,0.20154844,0
1.0,0.9999999,1
0.0,0.101613864,0
1.0,0.97452605,1
0.0,0.010212992,0
0.0,0.0001202324,0
0.0,0.8733224,1
1.0,0.9999999,1
1.0,0.9999999,1
0.0,0.020252595,0
0.0,0.002698267,0
0.0,0.010062062,0
0.0,0.014646571,0
0.0,0.00028526597,0
0.0,0.027005391,0
0.0,0.0018973453,0
0.0,0.00083991955,0
0.0,0.038418595,0
0.0,0.032291014,0
0.0,0.0025969925,0
0.0,7.4216914e-06,0
1.0,1.0,1
0.0,0.4419649,0
1.0,1.0,1
0.0,0.2644435,0
0.0,0.009094327,0
0.0,0.0011778229,0
0.0,0.001203713,0
0.0,0.22897637,0
0.0,0.42853233,0
0.0,0.008374202,0
1.0,0.9305506,1
0.0,0.12926784,0
0.0,0.21723083,0
0.0,0.19533879,0
0.0,0.0008881663,0
0.0,0.03461138,0
0.0,0.03307612,0
0.0,0.011913973,0
0.0,0.0033398166,0
1.0,0.7737915,1
0.0,3.7275186e-05,0
0.0,0.08874125,0
0.0,0.020536495,0
1.0,0.39361364,0
0.0,0.032526363,0
0.0,0.020421222,0
0.0,0.0009876841,0
0.0,0.10210202,0
0.0,0.054071005,0
0.0,0.023845803,0
1.0,0.9999999,1
1.0,1.0,1
0.0,0.038349513,0
0.0,2.878282e-06,0
0.0,0.00605392,0
0.0,0.00045559808,0
1.0,0.9971699,1
0.0,1.4447996e-05,0
0.0,6.7325345e-05,0
0.0,0.01562625,0
0.0,0.12050733,0
1.0,0.9999999,1
0.0,0.006457607,0
0.0,0.009077733,0
0.0,0.000972746,0
0.0,0.020257743,0
0.0,0.31304663,0
0.0,0.004047885,0
0.0,0.066758394,0
0.0,0.00058576185,0
0.0,0.013360344,0
0.0,0.12423265,0
0.0,0.04665931,0
1.0,1.0,1
0.0,0.050400034,0
0.0,0.0037670135,0
0.0,0.00082105247,0
0.0,0.0145126805,0
0.0,0.24681303,0
1.0,0.7619762,1
0.0,0.0006071088,0
1.0,0.9999999,1
0.0,0.0059633185,0
0.0,0.00018233513,0
0.0,0.042306427,0
0.0,0.49210045,0
0.0,0.00066718506,0
0.0,0.47608843,0
0.0,0.09774361,0
0.0,0.00042104174,0
0.0,0.0024796769,0
0.0,0.00012711051,0
0.0,0.012741697,0
0.0,0.0023936285,0
0.0,0.0030571392,0
0.0,0.1350356,0
0.0,9.6275595e-05,0
1.0,0.6452697,1
0.0,0.055657845,0
0.0,0.013647274,0
0.0,0.023889413,0
0.0,0.043433204,0
1.0,0.95870507,1
0.0,2.8783184e-05,0
0.0,0.00064294925,0
0.0,0.3170071,0
0.0,0.008707539,0
0.0,2.190491e-05,0
0.0,0.000316303,0
0.0,0.0446217,0
1.0,0.9999999,1
0.0,0.00708276,0
1.0,0.9999999,1
0.0,0.010453937,0
0.0,0.028609283,0
0.0,0.19507238,0
0.0,0.0003993412,0
1.0,0.9999999,1
0.0,0.00026529326,0
1.0,0.9966608,1
0.0,0.24101262,0
1.0,0.9999999,1
1.0,0.9999999,1
0.0,0.2790061,0
1.0,0.9999999,1
0.0,0.22769856,0
1.0,0.57660025,1
0.0,0.011337765,0
0.0,0.00023955024,0
1.0,0.9999999,1
0.0,0.0004143649,0
0.0,2.8138707e-06,0
0.0,0.10769155,0
1.0,0.9999999,1
0.0,0.018635672,0
0.0,0.055467352,0
1.0,0.9999999,1
0.0,0.001983403,0
1.0,0.9711189,1
0.0,0.1436408,0
0.0,0.20608057,0
0.0,1.5509619e-06,0
0.0,0.006471144,0
0.0,0.00015406679,0
1.0,0.9999999,1
0.0,0.0028769812,0
0.0,0.07253075,0
1.0,0.9999999,1
0.0,0.15319772,0
0.0,8.706093e-06,0
0.0,0.02630388,0
0.0,0.00034988948,0
0.0,0.018022653,0
1.0,0.9999999,1
0.0,0.32314157,0
0.0,0.0017590424,0
0.0,0.034568764,0
0.0,8.720886e-05,0
0.0,0.0021612737,0
0.0,0.12703097,0
0.0,0.00045326928,0
0.0,0.023224536,0
0.0,0.00012481298,0
0.0,0.06572363,0
0.0,0.09008969,0
0.0,0.0012967903,0
0.0,0.0071144598,0
0.0,0.06465228,0
1.0,0.9999999,1
0.0,0.011778453,0
1.0,1.0,1
0.0,0.0030228961,0
0.0,0.0044660512,0
0.0,0.0014368279,0
0.0,0.0022805487,0
0.0,0.113987595,0
0.0,0.103930406,0
0.0,0.00044546425,0
0.0,0.005304644,0
0.0,0.00025487176,0
0.0,0.00031922915,0
1.0,0.93851703,1
0.0,0.0002811433,0
0.0,0.13517782,0
0.0,0.00013140266,0
0.0,0.00017209502,0
0.0,0.0003995851,0
0.0,0.0003002878,0
1.0,1.0,1
0.0,5.353006e-06,0
0.0,0.2253116,0
0.0,0.36053157,0
0.0,0.014370593,0
0.0,0.0034128972,0
0.0,0.0022000724,0
0.0,0.008739604,0
1.0,0.9972166,1
0.0,0.0004435382,0
0.0,0.09057165,0
0.0,0.044389185,0
0.0,0.0014110544,0
0.0,1.7791644e-05,0
0.0,0.00050215074,0
0.0,0.55858654,1
0.0,0.03534606,0
0.0,0.0042357747,0
0.0,0.000101787344,0
0.0,9.568208e-07,0
0.0,4.3397762e-05,0
0.0,0.0015016183,0
0.0,0.21674435,0
0.0,0.004289495,0
0.0,0.33899263,0
0.0,0.0065475036,0
0.0,4.2406186e-06,0
0.0,0.0027339007,0
1.0,0.22523086,0
0.0,0.044786777,0
0.0,0.011377022,0
0.0,0.44389403,0
0.0,0.17571288,0
0.0,0.013650555,0
1.0,1.0,1
1.0,1.0,1
0.0,0.0032719653,0
0.0,0.024180282,0
0.0,0.08993515,0
0.0,0.31735864,0
0.0,0.0005251119,0
0.0,0.11930813,0
0.0,0.00028479393,0
0.0,0.07606581,0
0.0,0.016377756,0
0.0,3.2023196e-05,0
0.0,0.0002260004,0
0.0,1.4719122e-05,0
0.0,0.00036707602,0
0.0,0.0017634042,0
0.0,0.00010888984,0
0.0,0.00032232553,0
0.0,0.0020866324,0
0.0,0.006954605,0
0.0,8.940789e-05,0
0.0,0.029678075,0
0.0,0.0005807932,0
0.0,0.2179004,0
0.0,0.3383556,0
0.0,0.027219985,0
0.0,0.0006627085,0
0.0,0.39291757,0
0.0,0.037790578,0
1.0,0.9514603,1
0.0,0.11968297,0
0.0,0.1960416,0
0.0,0.0060808295,0
0.0,0.14867242,0
0.0,0.05654328,0
0.0,0.23092537,0
0.0,0.009857194,0
1.0,0.5006384,1
0.0,0.00044806115,0
0.0,0.0005650559,0
0.0,0.091010876,0
1.0,0.94502556,1
0.0,0.00078574044,0
0.0,0.046650723,0
1.0,0.99593073,1
0.0,0.018071726,0
0.0,3.2038195e-05,0
0.0,0.29307702,0
0.0,0.21871306,0
1.0,0.2853645,0
0.0,0.43732378,0
0.0,0.044166308,0
0.0,0.011096476,0
0.0,0.045456585,0
0.0,1.089336e-05,0
0.0,0.14007087,0
0.0,0.12907973,0
0.0,0.030433118,0
0.0,0.42946494,0
0.0,8.813148e-05,0
0.0,0.00067731977,0
1.0,0.95780003,1
0.0,0.01017567,0
0.0,0.019649658,0
0.0,0.00024539942,0
0.0,1.8689799e-06,0
0.0,0.10221904,0
0.0,2.9962985e-05,0
0.0,0.06482663,0
0.0,0.02787865,0
0.0,0.2620727,0
0.0,0.04093055,0
0.0,0.19289911,0
0.0,0.0004979266,0
0.0,0.024219,0
0.0,0.0018299695,0
1.0,0.11109701,0
0.0,0.038339533,0
0.0,0.011255615,0
0.0,0.0018363283,0
0.0,0.0005880553,0
0.0,6.2806057e-06,0
0.0,3.7202066e-05,0
0.0,0.0460298,0
0.0,0.0014547762,0
0.0,0.0033594316,0
0.0,0.00049137184,0
0.0,7.189173e-05,0
0.0,0.7778131,1
0.0,1.5998658e-05,0
0.0,0.008364645,0
0.0,5.147701e-06,0
0.0,0.0043018055,0
0.0,0.0011877731,0
0.0,0.29946125,0
0.0,5.534617e-06,0
0.0,0.03385146,0
0.0,0.63723004,1
0.0,0.032950766,0
0.0,0.00010440143,0
0.0,0.26108512,0
0.0,0.005677055,0
0.0,0.3956545,0
0.0,0.009959783,0
1.0,0.9946662,1
0.0,0.0014851707,0
1.0,1.0,1
0.0,9.642742e-06,0
1.0,0.9999999,1
0.0,0.0021286549,0
0.0,0.026393898,0
1.0,0.99893934,1
1.0,0.5612657,1
0.0,0.77586496,1
0.0,0.048752423,0
0.0,0.0017633456,0
0.0,0.03771895,0
0.0,1.0845563e-05,0
0.0,0.00430087,0
0.0,0.00021809209,0
0.0,0.45027283,0
0.0,0.0053902776,0
0.0,3.0873045e-05,0
0.0,3.8384615e-06,0
0.0,0.0045665666,0
0.0,0.0004430968,0
0.0,0.031469442,0
0.0,4.0750343e-05,0
0.0,0.0045175618,0
1.0,0.9999999,1
0.0,3.4451332e-05,0
0.0,0.017434444,0
0.0,0.032117438,0
0.0,0.00035936438,0
0.0,0.013938596,0
0.0,0.45227233,0
1.0,0.9828524,1
1.0,0.9999999,1
0.0,0.014141873,0
1.0,1.0,1
0.0,0.15655647,0
0.0,0.027843054,0
1.0,0.8142249,1
1.0,0.7451184,1
0.0,0.00077560236,0
0.0,0.030124268,0
0.0,0.004083314,0
0.0,0.0053321873,0
0.0,0.030415233,0
0.0,3.8699207e-05,0
0.0,2.7529231e-05,0
0.0,0.0015048311,0
1.0,0.98633635,1
0.0,0.000397232,0
0.0,4.1572155e-05,0
0.0,0.6368456,1
0.0,0.132969,0
0.0,0.0128643345,0
0.0,0.026006507,0
0.0,3.4858992e-06,0
0.0,0.43605667,0
0.0,0.0023088886,0
0.0,0.14371705,0
1.0,0.016860494,0
0.0,0.14670563,0
0.0,0.0004150073,0
0.0,0.0026309856,0
0.0,0.0002914195,0
0.0,0.0059830006,0
0.0,0.0034789068,0
1.0,0.994559,1
0.0,0.00017274887,0
0.0,0.04260023,0
1.0,0.9999999,1
0.0,0.00029634786,0
0.0,0.110343434,0
0.0,6.557713e-06,0
0.0,0.005562384,0
0.0,0.0047501926,0
0.0,0.0143575035,0
0.0,0.42916578,0
0.0,0.000105954256,0
0.0,0.075787574,0
0.0,0.00014633875,0
0.0,0.001582483,0
0.0,0.00034508968,0
1.0,0.9975006,1
0.0,0.3853135,0
0.0,0.002373524,0
0.0,0.04556836,0
0.0,0.035259902,0
0.0,0.39838916,0
0.0,2.055903e-06,0
0.0,0.14872386,0
1.0,0.9693375,1
0.0,0.0011019123,0
0.0,7.691134e-05,0
0.0,0.07380461,0
0.0,0.003154212,0
0.0,0.06064762,0
0.0,0.00075054786,0
0.0,0.20816314,0
0.0,5.5163287e-05,0
0.0,2.155797e-06,0
0.0,4.18478e-05,0
0.0,0.0030424614,0
0.0,0.36182073,0
1.0,0.95589167,1
0.0,0.026390959,0
1.0,0.9999999,1
0.0,0.00015512193,0
0.0,0.008202852,0
1.0,1.0,1
1.0,0.9999999,1
0.0,0.00039422198,0
0.0,0.34060746,0
0.0,0.018109126,0
0.0,0.00036611964,0
1.0,0.70727116,1
0.0,0.00387108,0
0.0,0.010090087,0
0.0,0.012127634,0
0.0,0.005330271,0
0.0,0.003338103,0
0.0,0.022977397,0
0.0,0.00012784253,0
0.0,5.8193014e-05,0
0.0,0.0018549857,0
0.0,0.00023319876,0
0.0,0.0018472896,0
0.0,0.001035214,0
0.0,6.6217566e-05,0
0.0,0.0053454028,0
0.0,0.0005088353,0
1.0,0.9999999,1
1.0,0.9999999,1
0.0,0.07752577,0
1.0,0.45576376,0
1.0,0.9874307,1
0.0,0.005531035,0
0.0,0.003974357,0
0.0,0.0016011923,0
0.0,0.058147736,0
0.0,0.012930505,0
0.0,0.20211156,0
1.0,0.99988616,1
0.0,0.004811232,0
0.0,0.036836017,0
0.0,1.0516596e-05,0
0.0,0.005548817,0
1.0,0.9999999,1
0.0,0.033801664,0
0.0,0.003929048,0
0.0,0.00038069862,0
0.0,0.00016573572,0
0.0,0.019542752,0
0.0,0.25022802,0
0.0,0.016237492,0
0.0,1.4301384e-05,0
0.0,3.5992278e-05,0
0.0,0.00040338867,0
0.0,1.3980961e-05,0
0.0,0.007949229,0
0.0,0.19029379,0
0.0,0.13375425,0
0.0,0.11338965,0
0.0,0.0013447559,0
0.0,0.005526224,0
1.0,1.0,1
0.0,0.029544506,0
0.0,4.5968777e-06,0
0.0,0.0047059194,0
0.0,1.305937e-05,0
0.0,0.016142298,0
0.0,6.6904577e-06,0
0.0,0.0034456633,0
0.0,0.10890304,0
1.0,0.9999999,1
0.0,0.0682467,0
0.0,0.00090697955,0
1.0,0.974359,1
0.0,1.4324275e-05,0
0.0,0.011278446,0
0.0,0.00012784253,0
0.0,0.018505597,0
0.0,0.09884388,0
0.0,0.059831943,0
0.0,4.957223e-05,0
0.0,3.09216e-05,0
0.0,0.00021644744,0
0.0,0.00841007,0
1.0,0.9998186,1
0.0,6.2462335e-05,0
0.0,0.012370739,0
0.0,0.22088398,0
1.0,0.9999999,1
0.0,0.0038082513,0
0.0,0.28558317,0
0.0,0.004751868,0
0.0,0.0019028543,0
0.0,0.0016566244,0
0.0,0.41930872,0
1.0,0.99552995,1
1.0,0.031841688,0
0.0,0.009946171,0
0.0,0.00075241656,0
0.0,4.720137e-05,0
0.0,0.00018700246,0
0.0,1.3235704e-05,0
0.0,0.0001858295,0
0.0,0.01760259,0
0.0,1.0340943e-05,0
0.0,0.0035834473,0
1.0,0.9999999,1
0.0,0.0005661298,0
0.0,0.049205426,0
0.0,0.0032209193,0
0.0,0.37618566,0
0.0,0.0028446324,0
0.0,0.021076748,0
0.0,0.013785338,0
0.0,3.120804e-05,0
0.0,0.002155541,0
0.0,1.8104067e-06,0
1.0,0.58178777,1
1.0,0.089645624,0
1.0,0.9999999,1
0.0,0.02652766,0
0.0,0.17470007,0
1.0,0.76973766,1
0.0,0.059609402,0
0.0,0.005587757,0
0.0,0.00048625586,0
0.0,0.4601632,0
0.0,0.13880865,0
0.0,0.0007294279,0
0.0,0.0005078255,0
0.0,1.5029376e-05,0
0.0,0.028655568,0
0.0,0.05382606,0
0.0,0.39968774,0
0.0,0.0034399685,0
0.0,0.0007186729,0
1.0,0.00030407912,0
0.0,0.001983403,0
0.0,0.012040141,0
0.0,0.0027181297,0
0.0,0.0004320335,0
0.0,8.73686e-05,0
0.0,0.15564452,0
0.0,0.01418545,0
0.0,0.0011706605,0
1.0,0.9999999,1
0.0,0.27821738,0
0.0,0.00042250243,0
0.0,0.06548602,0
0.0,3.3588854e-06,0
0.0,0.00674116,0
1.0,0.91513723,1
1.0,0.46992487,0
0.0,2.6083238e-05,0
0.0,0.14275137,0
0.0,0.10164861,0
0.0,0.0055760583,0
0.0,0.0038939128,0
0.0,0.0008243941,0
0.0,0.0021272253,0
0.0,0.07300285,0
0.0,0.010085268,0
0.0,7.8137185e-05,0
0.0,0.39222962,0
0.0,0.00025771925,0
0.0,0.02871292,0
1.0,0.848458,1
0.0,0.0015638869,0
0.0,0.13578622,0
0.0,0.00046288988,0
1.0,0.9999999,1
0.0,0.0023063957,0
0.0,0.13206829,0
1.0,1.0,1
0.0,1.3670896e-07,0
0.0,0.20856006,0
0.0,0.0032862474,0
0.0,0.026532847,0
0.0,0.2542324,0
0.0,0.0092989495,0
0.0,0.017049601,0
0.0,0.004430134,0
0.0,0.0014198911,0
0.0,0.14601207,0
0.0,1.599167e-05,0
0.0,0.0013044097,0
1.0,0.99988616,1
0.0,0.002041011,0
0.0,0.0078940345,0
1.0,0.96741843,1
0.0,0.18089227,0
0.0,0.009999797,0
0.0,0.0073100817,0
1.0,0.12308329,0
0.0,0.035803925,0
0.0,0.013486883,0
0.0,2.2433302e-07,0
0.0,0.03602883,0
0.0,0.0016428477,0
0.0,0.0003103145,0
0.0,0.0030571392,0
0.0,0.00031526704,0
1.0,0.9999999,1
1.0,0.9999999,1
1.0,0.99944264,1
0.0,0.0005560655,0
0.0,0.20856006,0
0.0,0.17008275,0
0.0,0.0023288091,0
0.0,2.284672e-07,0
0.0,0.00073266326,0
0.0,0.0016254723,0
0.0,0.0045752795,0
1.0,0.9999995,1
0.0,0.0031168761,0
0.0,0.0025779072,0
0.0,0.0016112992,0
0.0,0.00063501083,0
0.0,0.0010633306,0
1.0,0.9999999,1
0.0,0.010998472,0
0.0,0.12982479,0
0.0,3.7510458e-06,0
0.0,0.0055037644,0
1.0,1.0,1
0.0,0.11005256,0
1.0,0.9942228,1
0.0,5.9861944e-05,0
0.0,0.0004624034,0
0.0,0.010932857,0
0.0,0.0736779,0
0.0,0.28552315,0
0.0,0.0015146349,0
0.0,0.0073040184,0
1.0,0.99182135,1
0.0,0.40847352,0
0.0,0.000872272,0
1.0,0.99988616,1
1.0,0.64441544,1
1.0,0.9999999,1
0.0,0.2661814,0
0.0,0.38560835,0
0.0,0.004573947,0
0.0,0.019187495,0
0.0,0.007929726,0
0.0,0.0017527353,0
0.0,0.0021604337,0
0.0,0.5228179,1
0.0,0.45911983,0
0.0,0.008345473,0
0.0,0.049396105,0
0.0,0.0005090544,0
0.0,1.42005965e-05,0
0.0,0.0016171132,0
0.0,0.0011146225,0
0.0,0.041880842,0
0.0,9.050466e-06,0
1.0,1.0,1
0.0,0.064037375,0
0.0,0.022145819,0
0.0,0.2267914,0
0.0,0.0014721216,0
0.0,0.017188482,0
0.0,0.23154438,0
0.0,0.00010605716,0
0.0,0.002628583,0
0.0,0.15970615,0
0.0,0.0067736087,0
0.0,3.7994557e-06,0
0.0,0.17624196,0
0.0,0.21136785,0
0.0,0.45513803,0
0.0,0.46844953,0
0.0,0.0012850821,0
0.0,0.028448189,0
1.0,0.9999999,1
0.0,0.00019335747,0
0.0,0.018618256,0
0.0,0.09898321,0
1.0,0.14176646,0
1.0,0.9999999,1
0.0,0.04424003,0
0.0,7.176399e-06,0
0.0,0.34824762,0
0.0,0.18906188,0
0.0,0.013061456,0
0.0,0.04523258,0
1.0,0.9999999,1
0.0,0.06224488,0
0.0,0.015368718,0
0.0,0.009008408,0
1.0,1.0,1
0.0,0.011054823,0
0.0,0.006649901,0
0.0,0.042671192,0
0.0,0.011305025,0
0.0,0.0013618635,0
0.0,0.012086275,0
0.0,0.08001168,0
0.0,1.0589944e-05,0
0.0,0.0008474046,0
0.0,0.009433736,0
0.0,0.0017014456,0
0.0,0.4339871,0
0.0,3.5800688e-06,0
0.0,0.15689768,0
0.0,1.8648385e-05,0
0.0,0.0014918504,0
0.0,0.0027558096,0
0.0,0.0012864225,0
0.0,0.022615334,0
0.0,0.005399192,0
1.0,0.9999999,1
0.0,0.10199475,0
0.0,0.051871676,0
0.0,0.00033265213,0
0.0,0.0020352276,0
0.0,0.12407388,0
0.0,0.0018771295,0
0.0,0.006667655,0
0.0,0.0017489375,0
0.0,0.026373047,0
0.0,0.011950282,0
0.0,0.08882579,0
1.0,0.9999999,1
0.0,0.20617428,0
0.0,0.007835356,0
0.0,0.26923606,0
1.0,0.9964875,1
0.0,0.0024008455,0
0.0,0.00014464388,0
0.0,6.725463e-05,0
0.0,0.01361422,0
0.0,0.061856963,0
0.0,0.00071147847,0
0.0,0.010860289,0
1.0,0.99995744,1
0.0,2.612379e-05,0
0.0,0.00027615236,0
0.0,0.0023591667,0
0.0,0.030730322,0
0.0,0.40629,0
1.0,0.9999999,1
0.0,0.004034382,0
1.0,0.97053134,1
0.0,2.6740372e-05,0
0.0,0.0033262274,0
1.0,1.0,1
0.0,0.013440901,0
1.0,0.9999981,1
0.0,0.0024225449,0
0.0,0.0027838144,0
1.0,0.9999999,1
0.0,0.17562743,0
0.0,0.00010113197,0
1.0,0.99997973,1
0.0,0.0005429312,0
0.0,0.101388276,0
0.0,0.00025962168,0
0.0,0.020864205,0
0.0,1.2538603e-05,0
0.0,0.124376796,0
0.0,0.004114864,0
0.0,0.0016920504,0
0.0,0.009764221,0
0.0,0.0013050566,0
0.0,0.0027247986,0
1.0,0.9170836,1
0.0,0.829487,1
0.0,0.19799158,0
0.0,0.00019986802,0
0.0,0.0010053478,0
0.0,0.0024159981,0
1.0,1.0,1
0.0,8.17733e-05,0
0.0,0.13867207,0
0.0,0.38486928,0
0.0,2.0292466e-05,0
0.0,0.03964147,0
0.0,0.0048769885,0
1.0,0.9836775,1
0.0,0.0058483942,0
1.0,0.9999999,1
0.0,0.011717429,0
0.0,0.02863415,0
1.0,0.9999999,1
1.0,0.73497397,1
0.0,0.025384756,0
0.0,0.002951734,0
0.0,1.2165045e-06,0
0.0,0.42853233,0
0.0,0.0074973986,0
0.0,0.17774072,0
0.0,0.0139737725,0
0.0,0.0034025074,0
0.0,0.65617037,1
0.0,4.767701e-05,0
1.0,0.9999999,1
0.0,0.040129177,0
0.0,0.00090717233,0
0.0,0.23393187,0
0.0,0.02373699,0
0.0,0.04400519,0
0.0,1.4624269e-05,0
0.0,0.02124805,0
1.0,0.0040659127,0
0.0,0.037595388,0
1.0,0.9999999,1
0.0,0.018859508,0
0.0,0.0016146525,0
0.0,0.00027612262,0
0.0,0.44806814,0
0.0,0.040964767,0
0.0,0.013173451,0
0.0,0.023413844,0
0.0,0.015972696,0
0.0,0.0037052159,0
0.0,0.04004044,0
0.0,1.4983138e-05,0
0.0,0.004958778,0
1.0,0.9999999,1
0.0,0.0023290785,0
0.0,0.006091144,0
0.0,0.054143853,0
0.0,0.12058633,0
1.0,0.99988616,1
0.0,0.0036005906,0
0.0,0.0013414805,0
0.0,0.00039628442,0
1.0,0.99996793,1
0.0,0.5346021,1
0.0,0.0039679087,0
0.0,0.0006674019,0
0.0,0.2833648,0
0.0,0.37408796,0
0.0,0.005712815,0
0.0,0.005050043,0
0.0,1.0552577e-06,0
0.0,0.00037892588,0
0.0,0.00034355617,0
0.0,0.32705608,0
0.0,0.06972973,0
0.0,0.03327939,0
0.0,0.014289099,0
1.0,0.9999999,1
0.0,0.037047252,0
1.0,0.9999999,1
0.0,0.008488999,0
1.0,0.9999999,1
0.0,7.1281436e-05,0
0.0,0.0002088371,0
0.0,0.0014704858,0
1.0,0.99389863,1
1.0,0.9999999,1
0.0,9.480861e-05,0
0.0,0.13222186,0
0.0,0.005548425,0
0.0,0.014460547,0
1.0,0.9999999,1
0.0,0.74500203,1
1.0,0.9998567,1
0.0,0.5521493,1
0.0,0.0022537187,0
0.0,0.00048395744,0
1.0,0.38957146,0
0.0,0.015802678,0
1.0,1.0,1
0.0,0.0020102551,0
0.0,0.0070128483,0
0.0,0.4719286,0
0.0,0.00027948976,0
0.0,0.04114587,0
0.0,0.015383121,0
0.0,0.005311931,0
0.0,0.5376822,1
0.0,0.031141004,0
0.0,0.0030259313,0
0.0,0.04578851,0
0.0,8.007037e-07,0
0.0,0.0005058756,0
1.0,0.9999999,1
0.0,0.0012107423,0
1.0,0.9999999,1
0.0,6.001577e-06,0
0.0,0.0021610898,0
0.0,0.37637758,0
0.0,0.010981234,0
0.0,0.004290438,0
0.0,0.0020977687,0
0.0,0.014179082,0
0.0,2.172559e-07,0
0.0,0.00030989232,0
0.0,0.00044721586,0
0.0,0.0009238018,0
0.0,1.2573603e-05,0
0.0,0.003339434,0
0.0,0.0002577807,0
0.0,0.006461451,0
0.0,0.00017372475,0
0.0,0.0011158106,0
0.0,0.3138916,0
0.0,0.05326842,0
1.0,1.0,1
0.0,0.010047117,0
0.0,0.033189226,0
0.0,0.02798978,0
1.0,1.0,1
1.0,0.6157625,1
0.0,0.0101923235,0
0.0,0.41224083,0
1.0,0.9999999,1
0.0,0.00023338317,0
0.0,3.0949483e-05,0
0.0,0.0011699126,0
0.0,0.0010660595,0
0.0,0.0072652437,0
0.0,0.00050977105,0
1.0,1.0,1
0.0,0.007452576,0
0.0,0.08131563,0
0.0,0.0011004825,0
0.0,0.00020178418,0
0.0,0.36124295,0
0.0,0.026530901,0
0.0,1.6926628e-05,0
0.0,0.19078936,0
0.0,0.40847352,0
0.0,0.002165253,0
0.0,0.00042117725,0
0.0,0.0006224711,0
1.0,1.0,1
1.0,0.9999999,1
0.0,0.0030490898,0
0.0,0.0036611021,0
0.0,0.008923989,0
1.0,0.096917294,0
0.0,0.73447645,1
0.0,1.8168461e-06,0
1.0,0.9885843,1
0.0,0.4644286,0
0.0,0.023121769,0
0.0,0.0002529074,0
0.0,0.01114042,0
0.0,0.0004275318,0
0.0,1.2988363e-05,0
0.0,0.16468504,0
0.0,0.13469541,0
0.0,0.041440107,0
0.0,0.22852378,0
0.0,0.00025566955,0
0.0,0.001929527,0
1.0,0.9602091,1
0.0,0.070035525,0
0.0,0.24040666,0
1.0,0.9999999,1
0.0,0.009300526,0
0.0,0.0077911196,0
0.0,0.050593466,0
0.0,0.020421222,0
0.0,0.00013124789,0
0.0,4.7380413e-06,0
0.0,0.6455516,1
1.0,0.9999999,1
0.0,0.14871441,0
0.0,0.14640953,0
0.0,8.813148e-05,0
0.0,0.000274344,0
0.0,0.0024933086,0
0.0,4.211744e-05,0
0.0,0.0003326975,0
1.0,0.9999999,1
0.0,0.042733353,0
0.0,0.0003056358,0
0.0,0.00017012948,0
0.0,0.0036315843,0
0.0,0.44503468,0
0.0,0.00014010901,0
0.0,0.018653985,0
0.0,0.9325481,1
0.0,0.027083792,0
0.0,0.012086678,0
0.0,0.0022078948,0
1.0,0.9988055,1
0.0,0.009178802,0
0.0,0.0014446292,0
1.0,0.9999999,1
1.0,0.9999999,1
0.0,0.032117438,0
0.0,2.851744e-07,0
1.0,0.9999999,1
0.0,0.034058932,0
1.0,0.9999999,1
0.0,0.011951629,0
0.0,0.39222962,0
0.0,1.8601196e-07,0
0.0,0.008412007,0
1.0,0.999877,1
0.0,0.017364305,0
0.0,0.00091967237,0
1.0,0.99721473,1
1.0,1.0,1
0.0,0.0004475101,0
1.0,1.0,1
0.0,0.3822448,0
0.0,8.278565e-06,0
0.0,0.00018830739,0
0.0,0.004031132,0
0.0,8.073911e-05,0
0.0,0.00031532143,0
0.0,6.266877e-05,0
0.0,0.00026786563,0
0.0,5.196938e-06,0
0.0,0.0017913337,0
0.0,0.0749269,0
0.0,5.863469e-05,0
0.0,0.08169459,0
0.0,1.5573322e-06,0
0.0,0.03088687,0
0.0,0.010327066,0
0.0,0.0040150248,0
0.0,3.4068087e-06,0
0.0,3.0082349e-05,0
0.0,0.011810837,0
0.0,0.04116216,0
0.0,0.0005072586,0
0.0,0.0011501493,0
0.0,0.12345174,0
0.0,0.03839173,0
0.0,0.0022608065,0
0.0,0.01938542,0
0.0,0.041095655,0
0.0,0.005263805,0
0.0,0.0005497823,0
0.0,3.3473464e-07,0
0.0,0.00016841106,0
0.0,1.265896e-06,0
0.0,3.918874e-06,0
0.0,0.0018752295,0
0.0,0.008602639,0
0.0,0.15209979,0
0.0,0.0104285395,0
0.0,4.2536783e-05,0
0.0,0.02290261,0
0.0,0.0020746712,0
0.0,0.014746476,0
0.0,0.007342013,0
1.0,0.9999999,1
0.0,0.0034673177,0
0.0,0.017534398,0
0.0,0.0020207365,0
1.0,0.99491817,1
0.0,0.0010273297,0
0.0,0.0010036229,0
0.0,0.038777936,0
0.0,0.006838348,0
0.0,0.00040026772,0
0.0,0.007694686,0
0.0,0.31758007,0
0.0,7.083394e-05,0
0.0,0.016947906,0
0.0,0.00017948706,0
0.0,0.34093308,0
0.0,0.000118386306,0
0.0,0.04978307,0
0.0,0.0017271192,0
1.0,0.99389863,1
1.0,0.9996275,1
1.0,0.9999999,1
1.0,0.9999999,1
0.0,0.060376134,0
0.0,5.959322e-05,0
0.0,0.4739528,0
0.0,0.0131169185,0
1.0,0.8726852,1
0.0,0.014124929,0
0.0,0.25948694,0
0.0,0.28344834,0
1.0,0.9979546,1
1.0,0.9999999,1
0.0,3.795577e-06,0
0.0,0.046836678,0
0.0,0.41811252,0
0.0,0.15101132,0
0.0,4.0114384e-05,0
0.0,0.002625748,0
0.0,0.00026413155,0
0.0,3.4685254e-05,0
0.0,0.0055716895,0
0.0,0.00077450083,0
0.0,0.334812,0
0.0,0.0018975097,0
0.0,0.04763807,0
0.0,0.0005288951,0
0.0,0.0043266104,0
1.0,0.9999999,1
0.0,0.0006177085,0
0.0,0.00011527868,0
1.0,0.6640707,1
0.0,0.53183484,1
0.0,6.599302e-05,0
0.0,0.005162777,0
0.0,0.00020140302,0
0.0,0.111147396,0
0.0,4.5066598e-05,0
1.0,0.9999999,1
0.0,0.00016572229,0
0.0,1.5910052e-07,0
0.0,0.31758007,0
0.0,2.820956e-06,0
1.0,0.9999999,1
0.0,0.0008067999,0
0.0,0.24384141,0
0.0,0.0010111535,0
0.0,0.42532653,0
0.0,0.00019642092,0
0.0,0.058342345,0
0.0,0.00071439485,0
1.0,0.6938073,1
0.0,0.00038586732,0
0.0,0.09447652,0
0.0,0.011390921,0
0.0,0.00013628666,0
0.0,0.27740228,0
0.0,0.41930872,0
0.0,0.02491392,0
0.0,0.01920656,0
0.0,0.30022085,0
0.0,0.0006399012,0
0.0,0.019510044,0
0.0,0.03245304,0
0.0,0.190753,0
0.0,0.00021136596,0
0.0,2.2599406e-06,0
0.0,0.00010514664,0
0.0,0.10708071,0
0.0,0.0033042058,0
0.0,0.09719077,0
0.0,0.004605749,0
0.0,0.0006877843,0
0.0,0.0069647455,0
0.0,0.18589069,0
0.0,0.01141314,0
0.0,0.00055492664,0
0.0,0.0008308716,0
0.0,0.08298693,0
0.0,0.17735061,0
0.0,0.015276801,0
0.0,0.00036689723,0
0.0,0.18863258,0
0.0,0.003441898,0
1.0,0.9985001,1
0.0,0.10078775,0
0.0,0.0018850063,0
0.0,0.00058132765,0
0.0,0.62332475,1
0.0,0.0090376055,0
1.0,0.9999999,1
0.0,2.6505486e-06,0
1.0,0.9999999,1
0.0,0.00017301724,0
0.0,7.435123e-06,0
1.0,0.9990369,1
0.0,0.28991026,0
0.0,0.00010747298,0
0.0,9.930971e-05,0
0.0,0.00019435339,0
0.0,0.044510607,0
1.0,0.8634524,1
0.0,0.0008277127,0
0.0,3.4556922e-06,0
0.0,0.10407223,0
0.0,8.1244775e-07,0
0.0,0.21577774,0
0.0,0.016990127,0
0.0,0.39291757,0
0.0,5.7213797e-06,0
0.0,0.0010995221,0
0.0,0.03192692,0
1.0,0.92590046,1
1.0,0.22835933,0
0.0,0.003773163,0
0.0,0.028448189,0
1.0,0.73073,1
0.0,0.02847914,0
1.0,0.70901847,1
1.0,1.0,1
0.0,0.0008226532,0
0.0,3.812066e-05,0
0.0,0.34931636,0
0.0,0.015846143,0
1.0,1.0,1
0.0,0.00593139,0
0.0,0.00037469523,0
0.0,0.043704532,0
0.0,0.006438966,0
0.0,6.9892593e-07,0
0.0,0.00029982894,0
0.0,0.014786004,0
0.0,0.14190684,0
0.0,0.0014687869,0
0.0,0.1990001,0
0.0,0.04852537,0
0.0,0.027783757,0
1.0,0.9999999,1
0.0,0.18117046,0
0.0,0.029612582,0
1.0,0.5607097,1
0.0,0.0023216256,0
0.0,0.29458618,0
0.0,0.008215313,0
0.0,0.18516171,0
0.0,0.009064494,0
0.0,0.1557734,0
1.0,0.44285262,0
0.0,0.008328772,0
0.0,0.00036469937,0
0.0,0.19903749,0
0.0,9.609537e-06,0
0.0,0.001030352,0
0.0,0.043808836,0
1.0,0.9340136,1
0.0,0.0023395603,0
0.0,0.45227233,0
1.0,0.11193589,0
0.0,0.0014281343,0
0.0,0.0028903175,0
0.0,0.053853765,0
0.0,0.03964148,0
0.0,0.046207618,0
0.0,0.18994842,0
0.0,0.006319839,0
0.0,0.0032443455,0
0.0,0.0011480729,0
1.0,0.9860307,1
0.0,0.099565536,0
0.0,0.047701344,0
0.0,0.00077030534,0
0.0,0.22892408,0
0.0,6.778754e-06,0
0.0,4.6711784e-06,0
1.0,0.973166,1
0.0,0.002068211,0
0.0,0.00011413708,0
0.0,0.32144558,0
0.0,0.027639087,0
0.0,0.050251335,0
0.0,0.25878584,0
0.0,3.3202564e-06,0
0.0,0.47364745,0
0.0,0.00012704582,0
0.0,0.00016056129,0
0.0,0.020092485,0
0.0,0.011898383,0
0.0,0.14505745,0
0.0,0.32401294,0
0.0,0.19721958,0
0.0,0.37887743,0
1.0,0.99939084,1
0.0,0.024993379,0
0.0,0.0029126713,0
0.0,0.14689,0
0.0,1.4661569e-05,0
0.0,7.83257e-05,0
0.0,0.0001779001,0
0.0,6.250163e-06,0
0.0,0.04058795,0
0.0,0.0013080785,0
0.0,6.1741075e-06,0
0.0,0.0026572908,0
0.0,0.00015991482,0
1.0,0.9988533,1
0.0,0.1184899,0
0.0,0.00087847305,0
0.0,0.0010464202,0
1.0,0.99832004,1
0.0,0.01419675,0
0.0,8.666892e-06,0
0.0,0.007087933,0
0.0,0.086951345,0
1.0,0.43605667,0
0.0,0.0018790497,0
0.0,0.018771665,0
0.0,0.19598646,0
0.0,0.37141925,0
0.0,0.45564136,0
0.0,0.025477849,0
0.0,0.0002807153,0
0.0,0.036725808,0
0.0,0.0008172212,0
1.0,0.9999999,1
0.0,0.0005659973,0
0.0,0.03378549,0
0.0,0.060049653,0
0.0,0.00028097956,0
0.0,0.17361921,0
0.0,0.5408791,1
0.0,0.00010469023,0
0.0,0.007665135,0
0.0,0.007236703,0
0.0,0.0047919094,0
1.0,0.9999999,1
0.0,0.028205022,0
0.0,8.9435256e-05,0
0.0,0.00040956962,0
0.0,0.15851057,0
0.0,0.0050288932,0
1.0,0.9999999,1
0.0,0.00024973156,0
1.0,0.9656106,1
0.0,0.003940592,0
0.0,0.00103622,0
0.0,0.0021927352,0
0.0,0.054654684,0
0.0,0.061136723,0
1.0,0.973166,1
0.0,0.024938738,0
0.0,0.00088188925,0
0.0,0.06205331,0
0.0,0.5185088,1
0.0,0.02550715,0
0.0,0.14074312,0
0.0,0.0020011675,0
0.0,0.11014005,0
0.0,0.51384926,1
0.0,0.032117438,0
0.0,0.023232039,0
0.0,0.003878479,0
0.0,0.0069323224,0
0.0,0.002928621,0
0.0,0.14890389,0
0.0,0.32671005,0
0.0,0.000958169,0
0.0,0.0048071765,0
0.0,0.2050959,0
0.0,0.13522139,0
0.0,0.11673135,0
0.0,0.0011358156,0
0.0,0.0021026284,0
0.0,0.018889967,0
0.0,0.0027286224,0
1.0,0.9949103,1
1.0,0.9999999,1
0.0,0.029828511,0
1.0,0.6629756,1
0.0,0.099957526,0
0.0,0.015755843,0
0.0,0.0061585023,0
0.0,0.28172556,0
1.0,0.9999999,1
0.0,5.9899805e-05,0
0.0,0.16331592,0
0.0,0.7691989,1
0.0,0.0012077672,0
0.0,0.27432474,0
0.0,0.07451227,0
0.0,4.5319142e-05,0
1.0,0.9324857,1
0.0,0.29826754,0
0.0,0.0019935095,0
0.0,0.007931876,0
0.0,0.4458762,0
0.0,0.1135499,0
0.0,0.007397809,0
0.0,0.004843058,0
0.0,0.04185476,0
0.0,0.017421715,0
0.0,0.0021141013,0
0.0,0.00010958734,0
0.0,0.0008698571,0
0.0,0.00064983265,0
0.0,0.0014518255,0
0.0,0.00038267224,0
0.0,0.00071970955,0
0.0,9.836903e-06,0
0.0,0.0012648428,0
0.0,0.009163342,0
0.0,0.057977412,0
0.0,0.1497907,0
0.0,0.0066615497,0
0.0,0.003822802,0
0.0,0.2103443,0
0.0,0.0006351913,0
0.0,0.0006238579,0
1.0,0.9999999,1
0.0,0.15083271,0
0.0,0.38561463,0
0.0,0.0054899566,0
0.0,0.0008808803,0
0.0,0.011212278,0
0.0,0.06756007,0
0.0,0.54235834,1
0.0,0.009729386,0
0.0,0.014663338,0
0.0,0.03428767,0
0.0,1.599167e-05,0
0.0,0.008505736,0
0.0,0.0063673384,0
1.0,1.0,1
0.0,0.0021258157,0
0.0,0.117233075,0
0.0,0.36476302,0
0.0,1.2346472e-05,0
1.0,0.9999999,1
0.0,5.168996e-05,0
0.0,0.01395949,0
1.0,0.9999999,1
0.0,0.7001854,1
0.0,0.0012256661,0
1.0,1.0,1
0.0,0.0013186673,0
0.0,0.00014717768,0
1.0,0.7802931,1
0.0,0.007560185,0
0.0,0.31388158,0
0.0,0.00298268,0
0.0,0.00053784973,0
0.0,0.21178192,0
0.0,0.000120204204,0
0.0,0.0034071135,0
1.0,0.9996617,1
0.0,0.20727399,0
0.0,0.0055265725,0
0.0,0.05889008,0
0.0,0.14473805,0
0.0,0.0014028149,0
0.0,0.15447432,0
0.0,0.028938346,0
0.0,0.012605722,0
0.0,0.1625055,0
0.0,0.043025423,0
0.0,0.26252612,0
0.0,0.05695634,0
0.0,0.00082960026,0
0.0,0.019822994,0
0.0,0.029275434,0
0.0,3.2450234e-06,0
0.0,0.12246704,0
1.0,0.9999999,1
1.0,0.058695916,0
0.0,0.58203334,1
0.0,0.1948593,0
1.0,0.99988616,1
0.0,0.0034256508,0
0.0,0.003481513,0
0.0,0.0045659337,0
0.0,0.12787218,0
0.0,0.032217845,0
0.0,0.05652555,0
0.0,0.12198154,0
0.0,0.26764897,0
0.0,0.000639309,0
0.0,0.2248806,0
0.0,0.0014654443,0
0.0,0.4416484,0
0.0,0.0049687363,0
0.0,0.3497856,0
0.0,0.65360695,1
0.0,0.007311047,0
0.0,0.00013365265,0
0.0,3.192894e-05,0
0.0,0.0003372795,0
0.0,0.058272973,0
0.0,0.18337266,0
1.0,0.04126133,0
0.0,0.0005254944,0
0.0,0.005919871,0
0.0,0.000817535,0
0.0,0.00011397035,0
0.0,0.0035312793,0
0.0,0.00025259773,0
1.0,0.9999999,1
0.0,0.00048451594,0
1.0,0.9999999,1
0.0,0.019591263,0
1.0,0.9999999,1
0.0,0.00095077755,0
0.0,0.046089277,0
0.0,0.0014499823,0
0.0,0.021825427,0
0.0,7.706216e-06,0
0.0,0.2975607,0
0.0,0.00010248078,0
1.0,0.0448482,0
1.0,0.9999999,1
1.0,0.9999999,1
0.0,0.00022509503,0
0.0,0.05008326,0
0.0,0.0054473733,0
0.0,0.017043017,0
0.0,4.674424e-05,0
0.0,0.36508262,0
0.0,0.006250692,0
0.0,0.0460613,0
0.0,0.00026872716,0
0.0,3.6449954e-05,0
0.0,0.100766316,0
1.0,0.9999999,1
0.0,0.00023853831,0
0.0,0.00016695147,0
0.0,0.14991291,0
1.0,0.46465978,0
0.0,0.010012186,0
0.0,4.5968777e-06,0
0.0,0.0031170615,0
1.0,0.60158604,1
0.0,0.004622012,0
0.0,4.9404174e-05,0
1.0,0.6638566,1
0.0,1.3207537e-05,0
0.0,0.92369497,1
1.0,0.9999999,1
0.0,0.0028459216,0
0.0,0.00061910274,0
0.0,0.00016173212,0
1.0,1.0,1
1.0,0.43945172,0
0.0,0.14715049,0
0.0,0.1324702,0
0.0,0.25716877,0
0.0,0.024967402,0
0.0,0.052240785,0
0.0,0.0007898039,0
0.0,1.9086401e-07,0
0.0,0.00010262746,0
0.0,0.038876057,0
0.0,0.35071012,0
0.0,0.0036609226,0
1.0,0.71766955,1
0.0,0.08048547,0
1.0,0.9999999,1
0.0,0.0013845888,0
0.0,0.017157713,0
0.0,0.42082864,0
0.0,0.00095210015,0
1.0,0.98305273,1
1.0,0.43945172,0
0.0,0.00014148715,0
0.0,0.023197668,0
0.0,4.87695e-06,0
0.0,7.4964387e-06,0
1.0,0.9999999,1
1.0,0.9999999,1
0.0,0.012525544,0
0.0,0.36291173,0
0.0,0.022684764,0
0.0,0.3079381,0
0.0,0.00057039177,0
0.0,0.0059798085,0
1.0,0.37096915,0
0.0,0.12723605,0
0.0,0.01833381,0
1.0,0.123693466,0
0.0,0.0023928122,0
0.0,0.0027369785,0
0.0,0.044594806,0
0.0,1.1739249e-05,0
1.0,1.0,1
0.0,0.26809996,0
0.0,0.0009908259,0
0.0,0.00046073852,0
0.0,0.002414563,0
0.0,0.4468669,0
0.0,1.2402162e-06,0
0.0,0.00050441193,0
0.0,0.0016500249,0
0.0,8.268327e-05,0
0.0,0.0011020232,0
0.0,0.8041543,1
0.0,0.26727054,0
0.0,0.01599549,0
0.0,0.0017843277,0
0.0,0.023451144,0
0.0,0.04768967,0
0.0,0.03887815,0
0.0,0.0003121435,0
1.0,0.9999999,1
0.0,0.2560077,0
0.0,0.2561259,0
0.0,2.7030968e-05,0
0.0,0.8323338,1
0.0,0.04978307,0
0.0,0.00043510846,0
0.0,0.007735772,0
1.0,0.3231972,0
0.0,0.5661513,1
0.0,0.00046918573,0
0.0,0.0017925227,0
0.0,0.035862513,0
0.0,0.0935416,0
0.0,1.6095477e-06,0
1.0,0.99551624,1
1.0,1.0,1
0.0,0.030410917,0
0.0,0.09099896,0
0.0,0.039635316,0
0.0,0.004175965,0
1.0,0.9999999,1
0.0,0.86238474,1
0.0,0.09413977,0
0.0,0.000301415,0
0.0,0.119714804,0
1.0,1.0,1
0.0,0.3221606,0
1.0,0.9999999,1
0.0,0.06974319,0
1.0,0.97452605,1
0.0,0.065326564,0
0.0,0.02849993,0
0.0,1.2273734e-05,0
0.0,0.693821,1
0.0,0.008483361,0
0.0,0.12553358,0
1.0,0.96968555,1
0.0,0.35754725,0
0.0,0.0109906215,0
0.0,0.64481187,1
0.0,0.005567997,0
0.0,0.36244655,0
0.0,0.00010844728,0
0.0,7.576137e-05,0
1.0,0.9999999,1
0.0,0.020680856,0
0.0,0.22851624,0
0.0,0.11803672,0
0.0,0.07467951,0
0.0,6.287103e-05,0
0.0,0.00010810459,0
0.0,0.0008243941,0
0.0,0.0005075894,0
0.0,0.0015708318,0
0.0,0.019466443,0
0.0,4.3598575e-05,0
0.0,0.015020914,0
0.0,0.33736274,0
0.0,0.008759747,0
0.0,0.14285141,0
0.0,0.0101505,0
0.0,0.050304607,0
1.0,0.33434144,0
0.0,0.00037874188,0
1.0,0.9999999,1
1.0,0.9999999,1
0.0,2.3288843e-05,0
0.0,0.15823293,0
0.0,0.00013167835,0
0.0,0.15419087,0
0.0,0.0004766113,0
0.0,0.011904125,0
0.0,2.5371162e-05,0
0.0,0.033854116,0
0.0,0.045827474,0
1.0,0.7941644,1
0.0,0.0008695724,0
0.0,0.00564205,0
0.0,0.047374543,0
0.0,0.0012102148,0
0.0,0.0063073495,0
0.0,0.11198921,0
0.0,1.5252125e-05,0
0.0,0.00019118779,0
0.0,0.0020505786,0
0.0,0.00085926405,0
1.0,0.08528435,0
0.0,0.08335823,0
0.0,0.23199044,0
1.0,0.9999999,1
1.0,0.9999999,1
0.0,0.08584058,0
0.0,0.024401098,0
0.0,0.002327719,0
0.0,0.051518843,0
0.0,0.00057039177,0
0.0,0.40034294,0
0.0,0.0034473569,0
1.0,0.9999999,1
0.0,0.000116217954,0
0.0,0.00015538589,0
1.0,0.9999999,1
0.0,0.054135665,0
0.0,7.19387e-05,0
0.0,0.0070320806,0
0.0,3.860849e-05,0
0.0,0.008041338,0
1.0,0.9999999,1
0.0,0.097284436,0
0.0,0.00026152396,0
0.0,6.164402e-05,0
0.0,0.008359758,0
0.0,0.003337659,0
0.0,4.8453517e-06,0
0.0,0.011896427,0
0.0,0.014095478,0
1.0,0.99988616,1
0.0,0.20747012,0
1.0,0.9999999,1
0.0,0.059867382,0
0.0,0.00034770078,0
0.0,0.03630181,0
0.0,0.00048618054,0
1.0,0.9980514,1
0.0,0.1893239,0
0.0,3.179682e-05,0
0.0,0.019124283,0
1.0,0.9723194,1
0.0,0.08239413,0
1.0,0.9999999,1
1.0,0.92733043,1
0.0,0.0009875774,0
0.0,2.589717e-06,0
0.0,0.0012244094,0
0.0,0.0017171386,0
1.0,0.99880946,1
1.0,0.9999999,1
0.0,0.04950414,0
0.0,0.0005828364,0
0.0,0.0028379655,0
1.0,0.9999999,1
0.0,0.02051198,0
0.0,0.002653534,0
0.0,0.032733317,0
1.0,0.7394625,1
0.0,0.00064093026,0
0.0,0.00026772826,0
0.0,0.013488064,0
0.0,0.009050845,0
0.0,0.0022622182,0
0.0,0.19254585,0
0.0,0.29307702,0
0.0,0.00015660441,0
0.0,0.00032156406,0
0.0,0.0006305925,0
1.0,0.9651693,1
1.0,0.9999999,1
1.0,0.92481977,1
0.0,0.0010312919,0
0.0,4.575141e-06,0
1.0,0.9999999,1
0.0,0.0008945602,0
0.0,3.478944e-05,0
0.0,0.050781228,0
0.0,2.992769e-05,0
1.0,0.9999999,1
0.0,0.5606762,1
0.0,0.10169878,0
1.0,0.13406698,0
0.0,0.00050441193,0
1.0,0.9684396,1
0.0,0.001135011,0
0.0,0.0015543714,0
0.0,0.101695046,0
0.0,0.006673918,0
0.0,0.04208856,0
0.0,0.07959581,0
0.0,0.00035812482,0
0.0,0.0010546698,0
0.0,0.35649323,0
0.0,0.008426876,0
0.0,0.023936335,0
0.0,0.024267504,0
0.0,0.05020513,0
1.0,0.6857108,1
0.0,0.00023711224,0
0.0,0.09448244,0
0.0,0.04797686,0
0.0,0.3032533,0
0.0,0.030881768,0
0.0,0.15623073,0
0.0,0.45886454,0
1.0,0.99118245,1
1.0,0.45550913,0
0.0,0.27023435,0
0.0,0.0001251123,0
1.0,0.9999999,1
0.0,0.0003538192,0
0.0,0.010767828,0
0.0,0.27914268,0
1.0,0.9999999,1
0.0,0.46685368,0
0.0,0.0026756376,0
0.0,0.020585345,0
0.0,0.08745213,0
0.0,0.46873066,0
1.0,0.9999999,1
0.0,0.00091943104,0
0.0,5.5021496e-07,0
0.0,0.2891622,0
0.0,0.00556459,0
0.0,0.014871017,0
0.0,0.00025097182,0
0.0,0.013206332,0
0.0,0.00013578012,0
0.0,1.4780674e-05,0
1.0,0.9999999,1
0.0,1.3138843e-05,0
1.0,0.9999999,1
0.0,5.650828e-05,0
0.0,0.00034216928,0
1.0,0.5718614,1
1.0,0.40034294,0
0.0,0.07605549,0
0.0,0.08137085,0
0.0,0.0006330913,0
1.0,0.9999999,1
1.0,0.9998186,1
0.0,1.5826436e-05,0
1.0,0.8110652,1
0.0,0.00059138896,0
1.0,0.9928485,1
0.0,0.26008275,0
0.0,0.0038041777,0
0.0,0.00035461513,0
0.0,0.0033822253,0
0.0,0.048632316,0
0.0,1.5681442e-05,0
0.0,0.0055744406,0
1.0,0.9999999,1
0.0,0.008605099,0
0.0,0.0027195583,0
0.0,0.00015716824,0
0.0,3.4976777e-06,0
1.0,0.9993544,1
0.0,0.1750871,0
0.0,0.032776374,0
0.0,0.0021169449,0
0.0,0.32146925,0
1.0,0.9999999,1
0.0,0.0051473505,0
0.0,4.088998e-05,0
1.0,0.99992096,1
0.0,0.17669375,0
0.0,0.38611925,0
0.0,1.8053059e-05,0
1.0,0.9999999,1
0.0,0.08287666,0
1.0,0.9999999,1
1.0,0.44022727,0
1.0,0.00032212678,0
0.0,0.013252652,0
0.0,0.0009684358,0
0.0,0.031848695,0
0.0,0.23467632,0
0.0,0.003892202,0
1.0,0.9999999,1
0.0,0.3141272,0
0.0,0.081130676,0
0.0,8.8110304e-05,0
0.0,0.10301024,0
0.0,0.39853057,0
0.0,0.08805963,0
0.0,0.0012953497,0
0.0,0.3990231,0
0.0,0.019279473,0
0.0,0.012560123,0
0.0,0.14871441,0
0.0,2.2563425e-05,0
1.0,0.9999999,1
0.0,0.7080096,1
1.0,0.87250787,1
1.0,0.9999999,1
0.0,0.15075128,0
0.0,4.9808354e-05,0
0.0,0.005848599,0
1.0,0.9431632,1
1.0,1.0,1
0.0,0.00033400717,0
0.0,0.035819948,0
1.0,0.2580759,0
0.0,0.013500227,0
0.0,0.00043464082,0
0.0,0.085183054,0
0.0,0.0041112215,0
0.0,0.00019546475,0
0.0,0.0006452762,0
0.0,0.008129886,0
1.0,0.98966646,1
1.0,0.24240407,0
0.0,9.4456576e-05,0
0.0,0.021333272,0
1.0,1.0,1
0.0,0.036919147,0
0.0,0.009769348,0
0.0,0.12949218,0
0.0,0.007900411,0
0.0,0.088695295,0
0.0,0.0015402143,0
1.0,0.9999999,1
0.0,5.6090692e-05,0
0.0,0.00047177103,0
0.0,0.0065997527,0
0.0,0.0072328155,0
0.0,0.011657719,0
1.0,0.835455,1
0.0,0.031653646,0
0.0,0.095551856,0
1.0,0.10822597,0
1.0,1.0,1
0.0,4.350843e-06,0
0.0,0.035542715,0
1.0,0.9999999,1
0.0,0.028391805,0
0.0,0.024593718,0
0.0,0.013844996,0
0.0,3.7278514e-06,0
1.0,0.9999999,1
0.0,0.12506919,0
0.0,0.090731286,0
0.0,0.03146246,0
1.0,0.9999999,1
1.0,0.99446857,1
0.0,0.0092174485,0
0.0,8.364129e-07,0
0.0,0.48630118,0
0.0,0.15872256,0
0.0,0.044554207,0
0.0,1.7396373e-05,0
1.0,0.9999999,1
0.0,1.7665418e-05,0
0.0,0.086660646,0
0.0,0.2122166,0
0.0,0.00063058716,0
0.0,0.005913199,0
0.0,0.0028379655,0
0.0,0.019422159,0
0.0,6.4826876e-05,0
0.0,0.0038869607,0
0.0,0.09629269,0
0.0,0.00060645473,0
0.0,0.001065155,0
1.0,0.9832808,1
0.0,0.42853233,0
1.0,0.77007693,1
0.0,5.3056833e-06,0
0.0,0.014471192,0
0.0,0.16433373,0
0.0,0.00025151728,0
0.0,0.001278235,0
0.0,7.1091267e-06,0
0.0,0.10276419,0
0.0,0.0006699437,0
0.0,0.004524897,0
0.0,9.901411e-06,0
0.0,0.0027411191,0
0.0,0.019895548,0
0.0,0.010535994,0
0.0,7.081875e-05,0
0.0,0.029956078,0
1.0,0.27602756,0
0.0,0.04065427,0
0.0,1.3226771e-06,0
1.0,0.9999999,1
0.0,0.0010315075,0
0.0,0.11170183,0
0.0,0.0036702221,0
0.0,0.0050131516,0
0.0,0.00050295074,0
1.0,0.9999999,1
1.0,0.9999999,1
0.0,0.007825527,0
0.0,2.9081582e-05,0
0.0,0.006457607,0
0.0,0.22442226,0
0.0,0.00069363846,0
0.0,0.01989694,0
0.0,0.33463556,0
0.0,0.0004358534,0
0.0,0.0017388932,0
0.0,0.001223929,0
0.0,0.006587016,0
1.0,1.0,1
0.0,0.0003392746,0
1.0,0.12817165,0
0.0,0.18333532,0
0.0,0.44897527,0
0.0,0.2412867,0
1.0,0.9999682,1
0.0,0.00029505894,0
0.0,0.0795358,0
0.0,0.41773197,0
0.0,0.0151767945,0
0.0,0.07304155,0
0.0,0.00057863886,0
0.0,6.481817e-05,0
1.0,0.96769476,1
0.0,0.0036088717,0
0.0,0.16904183,0
0.0,0.00067582197,0
0.0,0.063142315,0
0.0,0.0041862438,0
0.0,0.0017387037,0
0.0,0.36000773,0
0.0,0.014676565,0
0.0,0.007877735,0
1.0,0.93483603,1
0.0,0.012550274,0
0.0,0.017819565,0
0.0,1.4344876e-05,0
0.0,0.04530535,0
0.0,0.00432414,0
0.0,0.019748919,0
0.0,9.0587474e-07,0
0.0,0.0021387597,0
1.0,0.99997175,1
0.0,0.007819491,0
0.0,0.015012013,0
0.0,0.00011526054,0
0.0,0.00065995264,0
0.0,0.05238139,0
0.0,0.021270808,0
0.0,0.07552923,0
0.0,0.0023701547,0
0.0,0.024473773,0
0.0,0.004969396,0
0.0,0.12345174,0
0.0,0.35652652,0
0.0,0.058555763,0
0.0,0.12906966,0
1.0,0.99988616,1
1.0,0.9999809,1
0.0,0.012637205,0
0.0,9.483329e-05,0
0.0,0.0012766581,0
0.0,0.00069310353,0
1.0,0.9908366,1
0.0,0.45850474,0
0.0,0.030762725,0
0.0,0.0006504882,0
0.0,0.00070312025,0
0.0,0.0031742065,0
0.0,0.009076615,0
0.0,0.0023118488,0
0.0,2.4763822e-05,0
0.0,0.2888235,0
0.0,0.021973768,0
0.0,0.005544711,0
0.0,0.3124838,0
0.0,0.019643467,0
0.0,0.01258147,0
0.0,0.0066321157,0
0.0,7.924686e-05,0
0.0,0.13959225,0
0.0,0.0012951419,0
0.0,0.07315452,0
1.0,0.9999999,1
0.0,0.023362665,0
0.0,0.00021795549,0
0.0,0.015432621,0
1.0,0.99988616,1
0.0,0.00025047912,0
0.0,0.02798978,0
0.0,9.017147e-05,0
0.0,2.276111e-06,0
0.0,9.77851e-06,0
0.0,0.051733863,0
0.0,0.014004061,0
1.0,0.94632936,1
1.0,1.0,1
1.0,1.0,1
0.0,5.8047306e-05,0
0.0,0.00036960005,0
1.0,0.9999999,1
1.0,0.9999999,1
1.0,0.9999994,1
0.0,0.0005369085,0
0.0,0.034734465,0
0.0,0.0065654027,0
0.0,3.6962317e-06,0
0.0,0.0004703772,0
0.0,0.01262244,0
0.0,0.24729723,0
0.0,0.31758007,0
0.0,0.003796327,0
0.0,0.40274987,0
0.0,0.37291944,0
0.0,0.012954139,0
0.0,0.0021456224,0
0.0,0.028929273,0
0.0,0.03761056,0
1.0,0.9999999,1
0.0,0.0005051199,0
0.0,0.3460949,0
0.0,0.47484136,0
0.0,0.21335736,0
0.0,0.024253014,0
0.0,0.03123565,0
0.0,0.022046154,0
0.0,0.14746836,0
0.0,0.007260966,0
0.0,0.255386,0
0.0,0.0038842275,0
0.0,0.0029074578,0
0.0,8.175256e-05,0
1.0,0.9999999,1
0.0,0.0041423156,0
0.0,0.025725469,0
0.0,6.2154846e-05,0
0.0,0.0010599839,0
0.0,9.7200915e-05,0
0.0,0.09582113,0
0.0,0.00070255465,0
1.0,0.04001602,0
0.0,0.0037871106,0
0.0,9.903536e-06,0
0.0,0.44816974,0
1.0,0.99988616,1
1.0,0.31324205,0
0.0,0.0076510464,0
0.0,0.43945172,0
0.0,0.93519473,1
0.0,0.030944087,0
0.0,2.5032296e-05,0
1.0,0.8008024,1
0.0,0.23177294,0
1.0,1.0,1
0.0,0.019893935,0
0.0,0.0014193268,0
0.0,0.00047219574,0
0.0,0.102435745,0
0.0,0.006208514,0
0.0,0.008328772,0
0.0,0.010965144,0
0.0,0.000118165706,0
0.0,0.00022072018,0
0.0,0.004060413,0
0.0,0.0047842474,0
0.0,0.007623097,0
1.0,0.9630022,1
0.0,0.0046123187,0
1.0,0.9999999,1
0.0,0.67018574,1
0.0,0.050124448,0
0.0,0.014557651,0
0.0,0.00046276458,0
0.0,0.0006350393,0
0.0,0.45227233,0
0.0,0.000692184,0
1.0,0.6560523,1
1.0,1.0,1
0.0,0.009498288,0
0.0,0.26516864,0
1.0,1.0,1
0.0,0.0028274162,0
0.0,0.0022008428,0
1.0,0.9999999,1
0.0,0.012243709,0
0.0,0.61345905,1
0.0,0.28470346,0
0.0,0.03288022,0
0.0,0.0015816492,0
0.0,0.040266808,0
0.0,2.726475e-05,0
0.0,0.039903805,0
0.0,0.35954866,0
0.0,0.0008249922,0
0.0,0.010849436,0
0.0,0.0030817548,0
0.0,0.013461492,0
0.0,0.18095349,0
0.0,0.015819373,0
0.0,4.6055928e-05,0
0.0,0.0006122435,0
0.0,0.00039326615,0
0.0,0.18862876,0
0.0,0.0018407748,0
0.0,0.6790288,1
0.0,0.1920911,0
0.0,0.1589196,0
0.0,5.1435545e-06,0
1.0,0.9999999,1
0.0,0.02798978,0
0.0,0.15939082,0
0.0,7.081875e-05,0
1.0,0.9999999,1
0.0,0.16069563,0
0.0,0.006193383,0
0.0,0.045216046,0
0.0,0.0011525397,0
0.0,0.004765246,0
0.0,0.0032398768,0
0.0,0.012567061,0
0.0,0.0033186737,0
0.0,0.7196907,1
0.0,0.00096232764,0
0.0,0.0009493212,0
1.0,0.9999999,1
0.0,0.1023799,0
0.0,0.28041106,0
1.0,0.7407774,1
0.0,0.37573645,0
0.0,0.03541236,0
1.0,0.97827566,1
0.0,0.4143159,0
0.0,6.402129e-05,0
0.0,0.000286818,0
0.0,0.48035288,0
0.0,0.40847352,0
0.0,0.00050612766,0
0.0,0.00014773798,0
0.0,0.078068964,0
0.0,0.00019260454,0
1.0,0.97299665,1
1.0,0.9999999,1
0.0,0.45604244,0
0.0,0.008932245,0
0.0,0.0021484606,0
0.0,0.00037898673,0
1.0,0.43476933,0
0.0,0.037370544,0
0.0,0.6491798,1
0.0,0.09216192,0
0.0,0.042517416,0
0.0,0.00068753236,0
0.0,0.21482338,0
0.0,0.07663775,0
0.0,0.009037191,0
0.0,0.048349638,0
1.0,1.0,1
0.0,0.0015071249,0
0.0,0.0009674471,0
0.0,0.0010283818,0
1.0,0.9999999,1
0.0,0.0002549799,0
0.0,0.0023805923,0
0.0,0.006267057,0
0.0,0.5079967,1
0.0,0.6510742,1
0.0,0.0082915705,0
0.0,0.00034745142,0
0.0,0.000198416,0
0.0,4.5753215e-05,0
0.0,0.30652988,0
1.0,0.9999999,1
0.0,0.14191642,0
0.0,0.087876484,0
0.0,0.036741577,0
0.0,0.041075457,0
0.0,0.002144246,0
0.0,2.2535021e-05,0
1.0,0.98994666,1
0.0,0.021808606,0
0.0,0.36843097,0
0.0,0.0009773751,0
1.0,0.9999999,1
0.0,0.029645406,0
0.0,0.05669973,0
0.0,3.2671098e-05,0
0.0,0.017294753,0
0.0,0.023650996,0
0.0,0.03345269,0
1.0,0.9999999,1
0.0,3.001958e-06,0
0.0,0.0014395048,0
0.0,0.053013276,0
0.0,0.00030307163,0
0.0,0.00470554,0
1.0,0.9999999,1
0.0,0.03329213,0
0.0,0.06018738,0
0.0,7.599016e-06,0
1.0,0.9999957,1
1.0,0.9999999,1
0.0,6.8460204e-06,0
1.0,0.9999999,1
1.0,0.9999999,1
1.0,1.0,1
0.0,0.34558,0
0.0,4.773884e-05,0
0.0,0.056949195,0
0.0,0.00014807477,0
0.0,0.0004109874,0
0.0,0.88105524,1
1.0,0.999198,1
0.0,0.006224793,0
0.0,0.000977499,0
0.0,0.00029037197,0
0.0,0.04613683,0
0.0,0.087815516,0
0.0,0.17926691,0
0.0,0.008050575,0
0.0,0.15262182,0
1.0,0.9999999,1
0.0,1.1352008e-05,0
0.0,0.0013262276,0
0.0,0.1134938,0
0.0,6.3827436e-05,0
1.0,0.9999999,1
0.0,0.0003249807,0
0.0,7.689154e-05,0
1.0,0.9999999,1
0.0,0.00010427308,0
0.0,9.3975745e-05,0
0.0,4.5052802e-05,0
0.0,0.03254456,0
0.0,0.007829434,0
0.0,0.6231155,1
1.0,0.9999999,1
0.0,0.29506227,0
0.0,0.0008682498,0
0.0,7.663746e-05,0
0.0,0.0001965204,0
0.0,0.020391202,0
1.0,0.9118868,1
1.0,0.8626476,1
1.0,0.9999999,1
0.0,0.0005519021,0
0.0,0.0018063644,0
0.0,0.00041231554,0
0.0,0.0018436086,0
0.0,0.19381058,0
0.0,0.005414272,0
0.0,0.0043712673,0
0.0,0.022478696,0
0.0,0.629029,1
0.0,0.09935388,0
0.0,0.025893133,0
0.0,0.00010564342,0
0.0,0.0003737543,0
0.0,7.649601e-06,0
0.0,0.21566315,0
0.0,0.0023232398,0
0.0,0.44343176,0
0.0,0.00013981767,0
0.0,0.013393402,0
0.0,0.32829782,0
0.0,0.85823315,1
0.0,0.009484374,0
0.0,0.0026264938,0
0.0,4.9808354e-05,0
1.0,0.06607709,0
0.0,0.0027030958,0
0.0,0.16180927,0
0.0,1.5543526e-05,0
0.0,0.00066546194,0
0.0,0.12672454,0
0.0,3.3084205e-05,0
0.0,0.0007525969,0
0.0,0.15166022,0
0.0,0.00072331936,0
0.0,0.02281093,0
1.0,0.9440336,1
0.0,0.07480134,0
0.0,0.00593342,0
0.0,0.052440878,0
0.0,0.0016595434,0
0.0,9.371186e-07,0
0.0,0.017442558,0
0.0,0.48211643,0
0.0,7.1590234e-06,0
0.0,0.18485336,0
0.0,0.0011294936,0
0.0,0.0030706862,0
0.0,0.08189677,0
0.0,0.00902859,0
0.0,0.02678978,0
1.0,0.9995759,1
0.0,0.56100035,1
0.0,0.0013899489,0
0.0,0.24261358,0
1.0,0.9963211,1
0.0,0.0038640606,0
0.0,0.2007323,0
0.0,1.50467295e-05,0
0.0,0.0014717277,0
0.0,0.06124568,0
0.0,0.0050613377,0
1.0,0.99965775,1
0.0,7.745947e-05,0
0.0,0.006809798,0
0.0,0.09073437,0
0.0,0.00047808574,0
0.0,0.000270458,0
1.0,0.9999999,1
0.0,0.4810332,0
1.0,0.18210787,0
0.0,0.52223444,1
0.0,0.15687871,0
0.0,0.0024780168,0
0.0,0.0008677548,0
0.0,0.009225238,0
1.0,0.9999999,1
0.0,0.00041134248,0
0.0,0.011471186,0
0.0,2.5492549e-05,0
0.0,0.006917141,0
0.0,0.056635775,0
0.0,0.024083,0
1.0,0.6747227,1
0.0,0.094913304,0
0.0,0.010602709,0
0.0,0.0022537187,0
1.0,0.9999999,1
1.0,0.9999999,1
0.0,0.0005846224,0
0.0,0.016119564,0
0.0,0.37140125,0
1.0,0.83491474,1
0.0,0.0011208102,0
0.0,0.0062288116,0
1.0,0.9090239,1
0.0,0.01725728,0
0.0,9.72691e-06,0
0.0,0.6098806,1
0.0,0.049354177,0
0.0,0.00033876297,0
1.0,0.9999999,1
0.0,3.294781e-05,0
0.0,3.2564471e-06,0
0.0,0.0009298416,0
0.0,0.013748921,0
0.0,0.0047914525,0
0.0,0.001499667,0
0.0,0.0050143483,0
0.0,4.6798123e-05,0
0.0,0.14273651,0
0.0,0.0060502775,0
0.0,0.01714703,0
0.0,5.665202e-05,0
0.0,0.04156489,0
0.0,0.09033652,0
0.0,0.00020956453,0
0.0,0.015012013,0
0.0,0.0063667884,0
1.0,1.0,1
0.0,0.012743239,0
0.0,0.034583017,0
0.0,0.096388176,0
0.0,0.064551055,0
0.0,0.0003376308,0
0.0,0.05005167,0
0.0,0.007584358,0
0.0,0.23026997,0
0.0,0.058985606,0
0.0,0.66372776,1
0.0,4.6658064e-05,0
1.0,0.37533754,0
0.0,0.012288111,0
0.0,0.021299474,0
0.0,0.0064375047,0
0.0,3.174372e-06,0
1.0,0.9999714,1
0.0,0.010315333,0
0.0,0.08376965,0
1.0,0.008662782,0
1.0,1.0,1
0.0,0.0012159391,0
0.0,0.47796774,0
0.0,5.516206e-06,0
0.0,0.00050215074,0
0.0,0.015299097,0
0.0,0.005174548,0
0.0,0.061077,0
0.0,0.18786386,0
0.0,3.2948926e-06,0
0.0,0.12303631,0
0.0,0.058402337,0
0.0,0.0060072164,0
0.0,0.0004786786,0
0.0,0.0015497082,0
0.0,0.26515082,0
1.0,0.9999999,1
0.0,0.6593954,1
0.0,0.0023153364,0
0.0,1.4314674e-06,0
0.0,0.004571646,0
0.0,0.012086275,0
0.0,0.0089540575,0
0.0,0.0019423548,0
0.0,0.02408932,0
0.0,0.0039278613,0
1.0,1.0,1
0.0,0.72432286,1
0.0,0.0030250468,0
0.0,0.016185278,0
0.0,0.082565784,0
0.0,0.008627889,0
0.0,0.00015493153,0
0.0,0.013434926,0
0.0,0.42916578,0
0.0,0.0013162268,0
0.0,0.00011584629,0
0.0,0.00027721204,0
0.0,0.002386961,0
1.0,0.89893883,1
0.0,0.0025264928,0
1.0,0.9921731,1
0.0,0.0011227919,0
0.0,0.012710232,0
1.0,0.9999999,1
0.0,0.21589391,0
0.0,0.28041106,0
0.0,0.00086421205,0
0.0,0.0055083646,0
1.0,1.0,1
0.0,0.045740306,0
0.0,0.010855614,0
0.0,0.001768047,0
0.0,0.0006597061,0
1.0,0.9981432,1
0.0,0.020276744,0
1.0,0.9999999,1
0.0,0.17177126,0
0.0,0.5100992,1
0.0,0.027140982,0
0.0,0.000111183064,0
0.0,0.007243379,0
1.0,0.9999999,1
0.0,0.03295244,0
0.0,0.00042882326,0
0.0,0.001182883,0
0.0,0.031656966,0
0.0,0.0030212682,0
0.0,0.1154166,0
0.0,0.0044850493,0
0.0,0.43391383,0
0.0,0.00012540327,0
0.0,0.0549405,0
1.0,0.032819446,0
0.0,0.36685625,0
0.0,2.2846181e-05,0
0.0,0.39224082,0
0.0,0.0581458,0
0.0,0.00075994356,0
0.0,1.3101745e-05,0
1.0,0.94007725,1
0.0,0.0025360049,0
0.0,0.0059423987,0
0.0,0.29735258,0
1.0,0.98327017,1
0.0,0.032776374,0
1.0,0.13206927,0
0.0,0.10177314,0
0.0,0.01747418,0
1.0,0.9999999,1
1.0,1.0,1
0.0,0.063996255,0
0.0,0.073144674,0
0.0,0.06576955,0
0.0,0.04734431,0
1.0,0.9999999,1
0.0,0.00041990585,0
0.0,0.16853908,0
0.0,0.44868714,0
0.0,0.0053868713,0
0.0,5.3310392e-05,0
0.0,0.00020469459,0
0.0,0.00033865013,0
0.0,0.5942508,1
1.0,0.9697044,1
0.0,0.0023369952,0
0.0,5.2091615e-05,0
1.0,0.88744485,1
0.0,0.019280042,0
0.0,0.023142703,0
0.0,0.97983986,1
0.0,0.0047412603,0
0.0,0.0070095584,0
0.0,0.0007216109,0
0.0,0.00022937676,0
1.0,0.9678835,1
0.0,0.010368299,0
0.0,3.268702e-05,0
0.0,0.00029151925,0
1.0,0.9999999,1
0.0,0.0021213312,0
1.0,0.9999999,1
0.0,3.4930123e-05,0
0.0,3.4778798e-06,0
0.0,0.00011923214,0
1.0,0.45227233,0
0.0,0.25861228,0
0.0,0.0011609006,0
1.0,1.0,1
0.0,0.44209242,0
0.0,0.45656288,0
1.0,0.9999999,1
0.0,0.0043899287,0
0.0,0.09904978,0
1.0,0.949557,1
0.0,0.007949229,0
0.0,2.5622894e-05,0
0.0,0.002247118,0
0.0,0.010282481,0
0.0,1.2110536e-06,0
1.0,0.9999999,1
0.0,0.008178679,0
0.0,0.0026281695,0
0.0,0.26737756,0
0.0,0.15152837,0
0.0,0.0038429676,0
0.0,0.0044655064,0
0.0,0.0009559482,0
0.0,8.8658475e-05,0
0.0,0.6961584,1
0.0,0.60718423,1
0.0,0.34278587,0
0.0,0.0010174835,0
0.0,0.00021502298,0
0.0,0.00016084875,0
0.0,0.0013873383,0
0.0,6.862884e-05,0
0.0,0.011738436,0
0.0,0.008794982,0
1.0,0.9909116,1
1.0,0.9999999,1
0.0,1.2426551e-06,0
0.0,0.11496217,0
0.0,0.3775896,0
0.0,8.475163e-08,0
0.0,0.008536061,0
0.0,0.005743846,0
0.0,2.421638e-05,0
0.0,0.07012878,0
0.0,8.801108e-06,0
0.0,0.04269905,0
0.0,0.018228203,0
0.0,0.0014199506,0
0.0,0.0018442614,0
0.0,0.30152512,0
0.0,0.009894312,0
0.0,0.012185286,0
0.0,0.16362987,0
1.0,0.9999999,1
0.0,0.0013528984,0
1.0,0.18639322,0
0.0,0.12124618,0
0.0,0.00035125422,0
0.0,0.03953827,0
0.0,0.0003056358,0
1.0,0.9999999,1
1.0,0.9999999,1
0.0,1.3280754e-05,0
0.0,0.0026152807,0
1.0,0.999977,1
0.0,0.023326661,0
0.0,0.36007938,0
0.0,0.0003068454,0
0.0,0.024118349,0
1.0,0.99988616,1
1.0,0.9999999,1
0.0,0.03427444,0
0.0,0.016766086,0
0.0,0.552167,1
0.0,0.0940967,0
0.0,0.00061744923,0
0.0,0.00010699076,0
0.0,0.00020178418,0
0.0,1.728427e-05,0
0.0,0.00050295074,0
0.0,0.0018581705,0
0.0,0.03144292,0
0.0,0.0007487797,0
0.0,0.034090996,0
1.0,0.98328424,1
0.0,0.033448983,0
0.0,0.031370625,0
0.0,0.0005502816,0
0.0,0.007016634,0
0.0,0.084380336,0
0.0,0.12324247,0
0.0,0.009093016,0
0.0,0.0047924756,0
0.0,0.0010195771,0
0.0,0.015296807,0
0.0,0.0002760863,0
0.0,3.0023395e-05,0
0.0,1.8971734e-05,0
0.0,0.3033772,0
1.0,1.0,1
0.0,0.000407839,0
0.0,0.0067288093,0
0.0,0.0022384909,0
0.0,3.7997052e-06,0
1.0,0.9999999,1
1.0,0.9925055,1
0.0,0.00023451338,0
0.0,0.0018276238,0
1.0,0.9095051,1
0.0,9.417133e-06,0
0.0,0.45514885,0
0.0,2.4117928e-06,0
1.0,0.97299665,1
0.0,0.0014909889,0
1.0,0.9999999,1
0.0,0.02440133,0
0.0,0.00890967,0
0.0,0.09103827,0
0.0,0.1446267,0
0.0,0.83157116,1
0.0,0.11535817,0
0.0,0.012884551,0
0.0,0.15612204,0
1.0,1.0,1
1.0,0.15571691,0
0.0,0.15357906,0
0.0,0.60633576,1
0.0,0.0010450637,0
0.0,0.50533164,1
0.0,0.00067612017,0
0.0,0.021435885,0
0.0,0.010350348,0
1.0,0.9999999,1
0.0,0.24557373,0
0.0,0.0068307063,0
0.0,0.00038954313,0
0.0,0.00059495436,0
0.0,0.00047604012,0
1.0,0.9999999,1
0.0,0.00010791972,0
0.0,1.7164723e-05,0
0.0,0.0010771342,0
0.0,0.63169533,1
0.0,0.35433927,0
1.0,1.0,1
0.0,0.06567612,0
0.0,3.2761607e-05,0
1.0,0.9999999,1
0.0,0.028186196,0
0.0,0.0023810102,0
0.0,0.03629613,0
0.0,0.002843253,0
1.0,0.99983823,1
0.0,0.011319047,0
0.0,0.11073946,0
0.0,0.0008509475,0
0.0,0.15437628,0
1.0,0.9999999,1
0.0,0.0049690045,0
0.0,0.7303848,1
0.0,0.101933815,0
0.0,0.16324331,0
0.0,0.0017236416,0
1.0,0.9986929,1
0.0,0.0020480177,0
1.0,0.49205148,0
0.0,0.0020062097,0
0.0,0.00023938721,0
0.0,0.022174295,0
0.0,0.19167626,0
0.0,1.2202227e-05,0
0.0,9.740277e-06,0
0.0,0.14798917,0
0.0,0.1601967,0
0.0,0.00052653986,0
0.0,0.00053202943,0
0.0,3.9132632e-05,0
0.0,0.46372136,0
0.0,0.024403041,0
0.0,0.0005871472,0
1.0,0.9999999,1
0.0,2.4460156e-05,0
0.0,1.9746693e-07,0
0.0,0.00021438471,0
0.0,0.03289084,0
1.0,0.9999999,1
0.0,0.0023106786,0
1.0,0.96581775,1
1.0,0.12661609,0
0.0,0.0015407776,0
0.0,0.040236067,0
0.0,0.002345028,0
0.0,0.009463173,0
0.0,0.0001432592,0
0.0,0.11085359,0
0.0,0.04430951,0
0.0,0.00022932516,0
0.0,0.00011526054,0
0.0,3.395979e-05,0
1.0,1.0,1
1.0,0.9826749,1
0.0,0.004460443,0
0.0,0.5772958,1
0.0,0.36749503,0
1.0,1.0,1
0.0,0.00054254837,0
1.0,0.9999999,1
0.0,0.004052759,0
0.0,0.012314008,0
0.0,0.069202945,0
0.0,2.2191474e-05,0
0.0,0.0027602094,0
0.0,0.03171236,0
0.0,0.0005222119,0
0.0,8.796064e-07,0
0.0,0.5474118,1
0.0,0.00037979853,0
0.0,0.008374202,0
0.0,0.0013315292,0
0.0,0.17052089,0
1.0,0.9999999,1
0.0,2.195385e-06,0
0.0,0.015482599,0
1.0,0.9987458,1
0.0,0.20059575,0
1.0,0.99916387,1
0.0,0.014823751,0
0.0,0.0033371514,0
0.0,0.20890073,0
0.0,0.00010977528,0
0.0,0.03764026,0
0.0,0.00011719728,0
0.0,0.0046731667,0
0.0,1.9594306e-06,0
0.0,0.36678454,0
0.0,0.015368718,0
1.0,0.29492307,0
0.0,0.0047320863,0
0.0,0.19381058,0
0.0,0.0043258932,0
1.0,0.99998426,1
0.0,0.0027983817,0
1.0,0.9999999,1
0.0,0.045216046,0
1.0,0.0057391315,0
0.0,0.0036956386,0
0.0,0.3193538,0
0.0,0.0015801175,0
0.0,0.00015311308,0
1.0,0.9871716,1
1.0,0.99990284,1
0.0,0.0065412284,0
0.0,0.48037088,0
0.0,0.18700181,0
0.0,0.0034617337,0
0.0,0.004298388,0
0.0,0.012128006,0
0.0,0.0039727525,0
0.0,1.5896146e-06,0
0.0,0.023796275,0
0.0,0.00012737757,0
0.0,0.43226957,0
0.0,0.005629173,0
0.0,0.1594485,0
1.0,0.25982085,0
0.0,0.07772974,0
0.0,0.00012778513,0
0.0,0.1447524,0
0.0,0.00057308277,0
0.0,0.00067916745,0
0.0,0.02254521,0
0.0,0.0063752825,0
0.0,0.02886566,0
0.0,0.43276188,0
0.0,9.391169e-06,0
0.0,0.0015521841,0
0.0,0.23273419,0
0.0,0.16742903,0
0.0,0.018335104,0
0.0,0.1623465,0
0.0,0.025221245,0
0.0,0.0033084059,0
0.0,3.554703e-05,0
0.0,0.0021286549,0
0.0,0.077735245,0
0.0,7.887156e-06,0
1.0,0.9999999,1
0.0,0.32151398,0
0.0,0.08975284,0
0.0,0.005277463,0
0.0,0.078869,0
0.0,2.4702613e-05,0
0.0,0.0003756321,0
0.0,0.0014136516,0
0.0,0.014778671,0
0.0,2.5006977e-05,0
0.0,0.40223593,0
0.0,0.0012158544,0
0.0,0.17267895,0
1.0,0.7092354,1
0.0,0.004069092,0
1.0,0.9999999,1
1.0,0.35583922,0
0.0,0.040191974,0
0.0,0.0028379655,0
0.0,0.00804243,0
0.0,0.45472464,0
0.0,0.090243116,0
0.0,0.00013880835,0
0.0,0.00015886585,0
0.0,0.00069665274,0
0.0,0.0029932358,0
0.0,0.53471833,1
0.0,0.0003874141,0
0.0,0.01701792,0
0.0,7.890798e-05,0
0.0,0.059867382,0
1.0,0.9999999,1
0.0,0.012764444,0
0.0,1.7454851e-05,0
0.0,3.0362547e-05,0
0.0,0.44289675,0
0.0,7.3109826e-05,0
0.0,0.00024339292,0
0.0,0.01671594,0
0.0,0.6148926,1
0.0,0.025620718,0
0.0,3.1444543e-07,0
0.0,2.1487938e-05,0
0.0,0.00041035964,0
0.0,0.0012853153,0
0.0,0.0028867426,0
1.0,0.9999999,1
0.0,0.015765091,0
0.0,0.018775942,0
0.0,1.751408e-06,0
0.0,0.11543894,0
1.0,0.9999999,1
1.0,0.9999999,1
0.0,0.0019875255,0
0.0,0.3071667,0
0.0,0.041683793,0
1.0,0.77477443,1
0.0,0.00022651016,0
0.0,0.0032348193,0
0.0,0.06587813,0
0.0,0.0023566675,0
0.0,0.0014257358,0
0.0,0.034874234,0
0.0,2.3983264e-07,0
0.0,0.00011154784,0
0.0,0.0019461308,0
0.0,0.47334796,0
0.0,0.10553044,0
0.0,5.0119725e-05,0
1.0,0.9999999,1
0.0,0.00022393117,0
1.0,1.0,1
0.0,0.0013388825,0
0.0,0.004347266,0
1.0,0.9999999,1
1.0,0.9999999,1
0.0,0.0002195419,0
0.0,0.0030049845,0
0.0,0.001528681,0
0.0,0.00011839185,0
0.0,0.009974644,0
0.0,0.00015231015,0
0.0,0.00094886223,0
0.0,0.06149843,0
0.0,0.03890412,0
1.0,0.05235478,0
0.0,5.934987e-05,0
0.0,0.055556804,0
0.0,0.42971286,0
0.0,0.0016418102,0
0.0,0.0019465153,0
0.0,0.0004077142,0
0.0,0.019422159,0
0.0,0.0031498112,0
0.0,0.0042480147,0
0.0,0.0027247986,0
0.0,0.05170229,0
0.0,0.007380357,0
0.0,0.023849485,0
0.0,0.015476808,0
1.0,0.9999999,1
0.0,0.00493218,0
0.0,0.24137512,0
0.0,0.27833602,0
0.0,0.004705687,0
0.0,0.016573325,0
0.0,1.1394058e-05,0
0.0,5.238973e-05,0
0.0,4.876699e-06,0
0.0,2.930422e-06,0
0.0,0.0019853362,0
0.0,0.066724166,0
0.0,0.00011945998,0
0.0,0.0725235,0
0.0,2.864247e-05,0
0.0,0.00076488726,0
0.0,0.002751037,0
0.0,0.40280905,0
0.0,0.000558254,0
0.0,4.6171135e-05,0
0.0,0.00019603138,0
0.0,0.014086066,0
0.0,0.2947414,0
0.0,0.00020139878,0
0.0,2.5157287e-05,0
0.0,0.0020284595,0
0.0,0.027592082,0
1.0,0.99988616,1
0.0,0.008983038,0
0.0,7.537849e-05,0
0.0,1.5698415e-06,0
1.0,0.8925034,1
0.0,2.9280052e-05,0
0.0,0.16968028,0
0.0,0.0030204668,0
0.0,0.0034149252,0
1.0,0.9999999,1
0.0,2.2954287e-06,0
1.0,0.9999999,1
1.0,0.9999999,1
0.0,0.0019644129,0
0.0,0.025694575,0
1.0,0.98992026,1
0.0,0.0003056358,0
0.0,0.0025396114,0
0.0,0.00061913906,0
1.0,0.9999999,1
0.0,0.0026878344,0
0.0,1.2259918e-05,0
0.0,0.0074066445,0
0.0,0.0146971345,0
0.0,0.048500787,0
0.0,0.011226353,0
1.0,0.51432097,1
0.0,0.00015872669,0
0.0,0.42286888,0
0.0,4.7803283e-06,0
0.0,0.00027499162,0
0.0,0.40847352,0
1.0,0.07089696,0
0.0,0.00034159695,0
0.0,0.010843005,0
0.0,0.18009107,0
0.0,0.18146259,0
0.0,0.0054048463,0
0.0,0.009332121,0
0.0,0.44807485,0
1.0,1.0,1
0.0,0.0978102,0
1.0,1.0,1
0.0,0.3092609,0
0.0,0.001633149,0
0.0,0.28866148,0
0.0,0.0039384346,0
0.0,0.15900926,0
1.0,0.9999999,1
0.0,1.5167228e-05,0
0.0,0.036997605,0
0.0,0.10449077,0
0.0,0.0005383747,0
1.0,0.9999999,1
0.0,0.41977698,0
0.0,0.0026664077,0
0.0,0.0031500852,0
0.0,0.3714746,0
1.0,0.9999999,1
0.0,0.000286818,0
0.0,0.0001365623,0
0.0,0.0016111211,0
0.0,0.0002913195,0
1.0,0.9981754,1
0.0,0.017433766,0
1.0,0.9999999,1
0.0,0.01518293,0
1.0,0.95206517,1
0.0,0.0014441024,0
0.0,0.0041376543,0
0.0,0.013453084,0
0.0,4.723158e-05,0
1.0,0.999295,1
0.0,0.0762089,0
0.0,0.04848541,0
1.0,0.5771385,1
0.0,0.012272657,0
0.0,7.158948e-05,0
0.0,0.002485209,0
0.0,0.0022682468,0
0.0,0.001810467,0
0.0,0.73977536,1
0.0,0.00017883397,0
0.0,1.6313359e-05,0
0.0,2.2846181e-05,0
0.0,0.00019321962,0
0.0,0.005022801,0
0.0,0.0061840187,0
1.0,0.9999999,1
1.0,0.9999999,1
0.0,0.52082664,1
0.0,0.00033636737,0
0.0,0.0010517741,0
1.0,0.9999999,1
0.0,4.6476795e-05,0
0.0,0.046243913,0
1.0,0.99557835,1
0.0,0.11885197,0
1.0,0.5050173,1
0.0,0.003507876,0
1.0,0.9999999,1
0.0,0.19612718,0
0.0,0.0013392414,0
0.0,0.48311752,0
0.0,4.2933032e-05,0
1.0,0.9631175,1
0.0,0.77574897,1
0.0,3.8066548e-06,0
0.0,0.069304585,0
0.0,0.048278615,0
0.0,0.0027902343,0
0.0,0.078408375,0
0.0,0.00159666,0
0.0,0.04949331,0
0.0,0.00017287837,0
1.0,0.9999999,1
0.0,0.4290762,0
0.0,0.17850226,0
0.0,0.042020485,0
0.0,0.06623293,0
0.0,0.0011123397,0
0.0,0.45866296,0
0.0,0.009115811,0
0.0,0.0043598744,0
0.0,6.416492e-05,0
0.0,1.7757274e-06,0
0.0,0.010657995,0
0.0,0.0001701384,0
0.0,0.0007384138,0
0.0,0.59831285,1
0.0,0.0474739,0
0.0,0.017381944,0
1.0,0.14060254,0
0.0,3.551186e-05,0
0.0,0.00019262196,0
0.0,0.009568682,0
1.0,0.9944417,1
1.0,0.9980248,1
1.0,1.0,1
1.0,0.9999999,1
0.0,2.9173052e-06,0
0.0,0.03708672,0
0.0,0.44704652,0
0.0,0.13485721,0
1.0,0.49081376,0
0.0,0.002664244,0
0.0,0.0010809735,0
0.0,0.014459637,0
0.0,0.04505607,0
0.0,0.00011602407,0
0.0,0.40223593,0
0.0,0.04777508,0
0.0,0.002007198,0
0.0,0.0018943778,0
0.0,0.0011385271,0
1.0,0.7268471,1
0.0,0.17101592,0
0.0,0.00027308668,0
0.0,3.3473464e-07,0
0.0,0.0017477693,0
1.0,1.0,1
0.0,0.07601537,0
0.0,0.00088811497,0
0.0,0.030453779,0
0.0,0.004598211,0
0.0,0.0722332,0
1.0,0.8804796,1
0.0,0.3042763,0
0.0,1.9013843e-05,0
0.0,0.5572192,1
0.0,0.08048547,0
0.0,0.09439571,0
0.0,0.00042102629,0
0.0,0.00036381924,0
0.0,0.0037611772,0
1.0,0.9999999,1
0.0,3.1817613e-06,0
0.0,0.010652396,0
0.0,0.0722179,0
0.0,0.020937417,0
0.0,3.8382244e-05,0
0.0,0.00035203397,0
0.0,0.02698244,0
1.0,0.9846978,1
0.0,0.065362014,0
0.0,0.00037819147,0
0.0,0.00028496262,0
0.0,0.04645798,0
0.0,0.033133768,0
0.0,0.008783491,0
0.0,0.0005099504,0
1.0,0.9770797,1
0.0,0.10633483,0
0.0,0.0001841965,0
0.0,0.44856486,0
0.0,0.4259293,0
1.0,1.0,1
0.0,0.0011679127,0
0.0,0.00044653067,0
0.0,0.0008913509,0
1.0,0.9999999,1
0.0,1.3905905e-06,0
0.0,0.00026722942,0
0.0,0.00015920096,0
0.0,0.43945172,0
1.0,0.808905,1
0.0,0.0029733104,0
0.0,0.04523258,0
0.0,0.0015755631,0
1.0,0.9999999,1
0.0,0.052987028,0
0.0,0.0038621288,0
1.0,0.9999999,1
0.0,0.05277707,0
0.0,0.2217111,0
0.0,0.014506727,0
0.0,0.0030509967,0
0.0,0.0017317579,0
1.0,0.9999999,1
0.0,0.00073425093,0
0.0,0.09145182,0
0.0,0.17719047,0
0.0,0.029071685,0
0.0,0.040935393,0
0.0,0.0069065057,0
0.0,0.0011767071,0
0.0,3.848097e-06,0
1.0,0.9999999,1
0.0,6.88838e-06,0
0.0,0.0077885324,0
0.0,0.00021739615,0
0.0,0.007999527,0
0.0,0.0081563145,0
0.0,0.0012777366,0
0.0,0.010080869,0
0.0,0.00075837516,0
1.0,0.9999999,1
0.0,8.9613946e-05,0
0.0,0.2120949,0
1.0,0.77875495,1
0.0,0.0015372562,0
0.0,0.0028860357,0
0.0,0.06742514,0
0.0,4.511626e-06,0
0.0,0.00014344578,0
1.0,0.9999999,1
0.0,0.020421222,0
0.0,0.20212601,0
0.0,0.0008487323,0
1.0,0.9999999,1
0.0,2.7450295e-05,0
0.0,0.0002866537,0
1.0,0.64441544,1
0.0,1.1455792e-05,0
0.0,0.18845494,0
0.0,0.0007381914,0
0.0,0.0008695724,0
1.0,0.99884677,1
0.0,0.09136837,0
0.0,0.032770373,0
0.0,0.012866496,0
0.0,6.845602e-05,0
0.0,0.39222962,0
0.0,0.010445673,0
0.0,0.40960464,0
0.0,0.03185024,0
0.0,0.011165973,0
0.0,0.00012411641,0
0.0,0.020889482,0
1.0,0.9999999,1
0.0,0.023080904,0
0.0,6.414797e-06,0
0.0,0.0010185214,0
0.0,0.069978684,0
0.0,0.0009518634,0
0.0,3.407203e-05,0
0.0,0.6656232,1
0.0,0.00045252737,0
0.0,0.14627635,0
0.0,1.2769244e-05,0
0.0,0.07910751,0
1.0,0.9999999,1
0.0,1.185289e-05,0
0.0,0.04569612,0
0.0,0.00012137095,0
0.0,0.0017601112,0
1.0,0.6337559,1
0.0,0.038621392,0
0.0,8.7419176e-05,0
0.0,0.00020971824,0
0.0,3.829749e-05,0
0.0,0.00083849626,0
0.0,0.008514715,0
1.0,0.9999999,1
0.0,0.00024476385,0
0.0,0.05512823,0
0.0,0.30510196,0
1.0,0.9999999,1
0.0,0.55046344,1
1.0,0.9989716,1
1.0,0.8603713,1
0.0,0.002258798,0
0.0,0.20855737,0
0.0,0.0028311184,0
0.0,0.08876493,0
0.0,0.0036063434,0
0.0,0.0009053241,0
0.0,0.14627716,0
0.0,0.057481058,0
0.0,0.00012651221,0
0.0,0.00038768284,0
0.0,0.056100372,0
0.0,0.0010081783,0
0.0,2.7896607e-05,0
0.0,0.00038550972,0
0.0,0.00027062747,0
0.0,0.086904325,0
1.0,0.8244199,1
0.0,0.026036363,0
1.0,0.9999999,1
0.0,0.00018277919,0
0.0,0.0015522749,0
0.0,0.120743215,0
0.0,0.0006155106,0
0.0,0.00014794324,0
0.0,0.25371227,0
0.0,0.15790841,0
0.0,0.18734857,0
0.0,0.04525606,0
1.0,0.9999999,1
0.0,0.067674175,0
1.0,0.9999999,1
0.0,0.49028158,0
0.0,0.43814617,0
0.0,0.0047622076,0
1.0,0.7472648,1
0.0,2.3492208e-05,0
1.0,0.9999999,1
0.0,0.27047688,0
1.0,0.9988096,1
0.0,0.00044073226,0
0.0,0.7614721,1
0.0,0.0013381247,0
0.0,4.283181e-06,0
1.0,0.9999999,1
1.0,0.44806814,0
0.0,1.5806518e-06,0
0.0,0.09320397,0
0.0,0.07610382,0
0.0,0.0027126905,0
0.0,0.0057654814,0
0.0,0.6707254,1
0.0,0.000330484,0
0.0,0.15641934,0
0.0,1.0684244e-05,0
0.0,1.4655996e-06,0
0.0,0.0133739095,0
0.0,0.011002643,0
0.0,0.005592826,0
0.0,0.0065412284,0
1.0,0.98687196,1
0.0,0.15659611,0
0.0,0.020071765,0
1.0,0.7670674,1
1.0,0.9995109,1
0.0,1.2628438e-05,0
0.0,0.0013548324,0
0.0,0.010353909,0
1.0,0.4143159,0
0.0,0.024347467,0
0.0,0.024660233,0
0.0,0.0018655085,0
0.0,0.0013710192,0
1.0,1.0,1
0.0,0.0020459539,0
0.0,0.0012285853,0
0.0,2.6828013e-05,0
0.0,0.05344126,0
0.0,0.030405391,0
0.0,0.0187908,0
0.0,0.020339653,0
0.0,0.13657387,0
0.0,0.00035312603,0
0.0,0.35394123,0
0.0,0.0012062783,0
0.0,0.00052677974,0
0.0,0.048095077,0
0.0,0.0185253,0
0.0,0.064873055,0
0.0,7.308236e-05,0
0.0,0.0011353663,0
0.0,0.00019291807,0
1.0,0.9687468,1
0.0,0.00054383086,0
0.0,0.10038046,0
0.0,0.0017531458,0
0.0,0.019071473,0
0.0,0.000240824,0
0.0,6.3185807e-06,0
0.0,0.0005673906,0
0.0,0.0026940883,0
0.0,0.05650953,0
0.0,4.2389023e-05,0
0.0,0.008563256,0
0.0,0.006227968,0
1.0,0.9497771,1
0.0,0.0031971785,0
0.0,0.58341825,1
0.0,0.45253897,0
0.0,0.027955372,0
0.0,7.2304174e-05,0
1.0,1.0,1
0.0,0.004055499,0
0.0,0.00034553788,0
0.0,0.2872971,0
0.0,2.1948847e-06,0
1.0,0.9999999,1
0.0,0.3565572,0
0.0,0.0033270905,0
0.0,0.00080138154,0
0.0,0.008289026,0
0.0,0.0008795325,0
0.0,0.0006927196,0
0.0,9.4270676e-05,0
0.0,0.13716164,0
0.0,0.015812796,0
0.0,0.00059034687,0
1.0,0.24858841,0
0.0,0.031582825,0
0.0,0.009841688,0
0.0,0.09691647,0
0.0,0.013085741,0
0.0,5.6411723e-06,0
0.0,0.2501788,0
0.0,0.0048382524,0
0.0,0.0005320353,0
0.0,0.0042651063,0
0.0,0.0029235068,0
0.0,0.0025581818,0
1.0,1.0,1
0.0,0.003018595,0
0.0,0.020612272,0
0.0,8.470969e-05,0
0.0,0.001220472,0
0.0,0.111821674,0
0.0,0.32928148,0
0.0,0.015400883,0
0.0,0.00025099886,0
0.0,0.00035138216,0
0.0,0.00468304,0
0.0,0.50948995,1
0.0,0.037832413,0
0.0,0.017398052,0
0.0,0.10354989,0
0.0,0.000309662,0
1.0,0.014695995,0
0.0,0.2321055,0
0.0,0.29485533,0
1.0,0.9999999,1
0.0,0.45227233,0
0.0,0.0004761057,0
0.0,0.15942371,0
0.0,0.022957915,0
1.0,0.9999999,1
1.0,0.99953926,1
0.0,4.06048e-05,0
0.0,0.02324724,0
0.0,0.10474567,0
0.0,0.36727554,0
0.0,3.5698813e-05,0
0.0,0.03817855,0
0.0,0.13843532,0
0.0,0.000901086,0
0.0,0.0098096,0
0.0,0.11078969,0
0.0,0.035730366,0
0.0,0.006862731,0
0.0,0.05240736,0
0.0,0.023506084,0
0.0,0.47126338,0
0.0,0.34483078,0
0.0,0.32221848,0
0.0,0.0020537288,0
0.0,0.00014628071,0
0.0,0.0019930701,0
0.0,2.909584e-06,0
0.0,0.030561121,0
1.0,0.98103046,1
0.0,0.0017844023,0
1.0,0.46725482,0
1.0,0.9999999,1
0.0,1.4512556e-05,0
0.0,0.012029846,0
0.0,2.518153e-05,0
0.0,0.00017791249,0
1.0,0.9999875,1
0.0,0.0018341305,0
0.0,0.0005773,0
0.0,0.20034242,0
1.0,0.95849115,1
0.0,0.37291527,0
1.0,0.9999999,1
0.0,0.0105896965,0
1.0,1.0,1
0.0,0.0027597123,0
0.0,0.0014395048,0
0.0,0.0002121437,0
0.0,0.09747831,0
1.0,0.9999999,1
0.0,0.15934406,0
0.0,0.000524272,0
0.0,0.0002670318,0
0.0,9.121645e-05,0
1.0,0.04582713,0
0.0,0.00015549824,0
0.0,0.450696,0
0.0,0.0012994998,0
0.0,0.050790876,0
0.0,0.00016053602,0
0.0,0.22084966,0
0.0,0.06702968,0
0.0,0.17857777,0
0.0,0.042186264,0
0.0,9.740277e-06,0
0.0,0.00019766203,0
0.0,3.6020712e-05,0
0.0,5.9986127e-05,0
0.0,0.2019781,0
0.0,0.2060211,0
0.0,0.034882337,0
0.0,0.00023298652,0
0.0,0.00017997307,0
0.0,6.6764704e-05,0
0.0,9.8734105e-05,0
0.0,0.005142467,0
0.0,0.14387517,0
0.0,0.000102891936,0
0.0,0.21779172,0
0.0,0.1467757,0
0.0,0.08022312,0
0.0,0.00011891003,0
0.0,0.007955855,0
0.0,3.8082617e-05,0
0.0,0.15166022,0
0.0,0.2827581,0
0.0,0.014462335,0
0.0,0.0014148961,0
0.0,0.020581774,0
0.0,0.004014165,0
0.0,0.012907933,0
1.0,0.9999999,1
0.0,0.024078025,0
0.0,0.027404143,0
0.0,0.009243994,0
0.0,0.123889886,0
0.0,0.00048858894,0
0.0,0.39793688,0
0.0,0.00028163503,0
0.0,0.0026908068,0
0.0,3.4976777e-06,0
0.0,0.016230183,0
0.0,0.04139482,0
0.0,0.2586216,0
0.0,0.2605112,0
0.0,0.072445616,0
0.0,0.0017029657,0
0.0,0.04897623,0
0.0,0.056222565,0
0.0,0.039381824,0
0.0,0.68707377,1
0.0,0.025106544,0
0.0,0.0016248927,0
0.0,0.01383221,0
0.0,0.0018888948,0
0.0,0.22745663,0
0.0,9.930488e-05,0
1.0,0.08006979,0
0.0,0.037022773,0
0.0,0.008972119,0
0.0,0.01574668,0
0.0,0.00042309024,0
0.0,0.02743622,0
0.0,0.15411513,0
1.0,0.9999999,1
1.0,0.9999999,1
0.0,0.0034923458,0
1.0,0.9480682,1
0.0,0.00072209304,0
0.0,0.007665476,0
0.0,0.049172975,0
0.0,3.621283e-05,0
0.0,0.90293324,1
0.0,0.0003111259,0
0.0,0.052817576,0
0.0,0.013589709,0
0.0,0.0011583539,0
0.0,0.20183843,0
0.0,0.0014181067,0
0.0,0.06332199,0
0.0,0.051372577,0
0.0,0.013762848,0
0.0,0.0010274568,0
0.0,0.016563062,0
1.0,0.9999999,1
0.0,0.038950324,0
0.0,6.574745e-06,0
1.0,0.9733758,1
1.0,1.0,1
0.0,0.033053927,0
1.0,0.31067777,0
0.0,1.3105643e-05,0
0.0,0.032474387,0
0.0,0.13992012,0
0.0,9.805984e-06,0
1.0,0.973166,1
0.0,0.010282375,0
0.0,0.16302104,0
0.0,0.0020194626,0
0.0,0.00047270258,0
0.0,0.00387108,0
0.0,0.0013082244,0
0.0,0.009274158,0
0.0,0.0006362631,0
1.0,0.99721473,1
0.0,0.0036382196,0
0.0,0.037769575,0
0.0,0.0052143196,0
0.0,0.0038272643,0
0.0,0.055455524,0
0.0,6.3580614e-05,0
0.0,0.36244655,0
0.0,7.629926e-05,0
1.0,0.9940838,1
0.0,4.928907e-05,0
0.0,0.00020196088,0
0.0,0.05348235,0
0.0,0.5518244,1
0.0,0.03719998,0
0.0,0.1945591,0
0.0,0.21115945,0
1.0,1.0,1
0.0,0.0021724808,0
0.0,0.0032543514,0
0.0,0.00044033627,0
0.0,0.0006685156,0
0.0,0.00012835911,0
0.0,0.02178065,0
0.0,0.014051758,0
0.0,0.119485095,0
0.0,0.27026257,0
0.0,0.0013251517,0
0.0,0.8143807,1
0.0,0.0013899256,0
1.0,0.9845414,1
0.0,0.0032501272,0
0.0,0.26800457,0
1.0,0.9999999,1
1.0,0.9926293,1
0.0,0.32876956,0
1.0,0.9791272,1
0.0,8.419845e-05,0
0.0,0.10880129,0
0.0,9.6360955e-06,0
0.0,0.01508374,0
0.0,0.018705618,0
0.0,0.0014356195,0
0.0,0.04565544,0
0.0,0.00061754487,0
0.0,0.13921991,0
0.0,2.4775467e-05,0
0.0,0.0029336137,0
0.0,0.0025845536,0
0.0,0.0013670647,0
0.0,5.6975896e-05,0
0.0,0.01641504,0
0.0,0.002224334,0
0.0,0.18100087,0
0.0,0.08226995,0
0.0,0.23154438,0
0.0,1.0900458e-05,0
0.0,0.016082935,0
0.0,0.03479216,0
0.0,0.00032627897,0
1.0,0.99091387,1
0.0,0.008146965,0
0.0,0.00090717233,0
0.0,0.06657689,0
0.0,2.9938079e-05,0
0.0,0.0031178067,0
0.0,0.057065994,0
0.0,0.11313459,0
0.0,0.17886238,0
0.0,0.008078321,0
0.0,0.0146032665,0
1.0,0.9999999,1
0.0,0.0033159554,0
0.0,0.0077102073,0
0.0,0.15546072,0
1.0,0.9999999,1
0.0,0.002751232,0
1.0,0.9999999,1
0.0,0.05530338,0
1.0,1.0,1
0.0,1.5486592e-05,0
0.0,0.0033970948,0
0.0,0.089557305,0
0.0,0.004121625,0
0.0,0.027381498,0
1.0,0.99838936,1
0.0,0.20299509,0
0.0,0.021233167,0
0.0,0.04178302,0
0.0,0.0044036866,0
0.0,0.043255884,0
0.0,0.00035579462,0
0.0,1.9490259e-05,0
0.0,0.20120995,0
1.0,0.32642758,0
0.0,0.0041410057,0
0.0,0.39630625,0
0.0,0.004889821,0
0.0,0.0009806078,0
0.0,0.007547123,0
0.0,0.0003282042,0
1.0,0.9999999,1
1.0,0.40861058,0
0.0,0.03263648,0
1.0,0.9167874,1
0.0,0.040585972,0
0.0,9.4275805e-05,0
0.0,0.40951565,0
0.0,8.014408e-05,0
0.0,0.00045162198,0
0.0,0.007154936,0
0.0,2.575418e-05,0
0.0,0.37203586,0
0.0,0.011167031,0
0.0,0.0028497495,0
0.0,0.22551705,0
0.0,0.053242613,0
0.0,0.0001690248,0
0.0,0.0015883431,0
0.0,0.29691765,0
1.0,0.9999999,1
0.0,0.24893731,0
0.0,0.011390921,0
0.0,0.7383906,1
0.0,0.0031694784,0
0.0,0.019466443,0
0.0,0.47234318,0
0.0,0.16397117,0
0.0,0.05064711,0
0.0,0.0675454,0
0.0,0.09429356,0
0.0,3.6126715e-07,0
0.0,0.016340895,0
0.0,0.050092246,0
0.0,0.00018037713,0
0.0,0.2666726,0
1.0,1.0,1
0.0,0.14292139,0
0.0,0.08151463,0
0.0,0.109108694,0
0.0,0.017116979,0
0.0,0.05218324,0
0.0,0.051537752,0
0.0,0.17881414,0
0.0,0.004451242,0
0.0,0.0012078149,0
0.0,0.0009226965,0
0.0,0.044198852,0
0.0,0.3610109,0
0.0,7.884652e-06,0
0.0,0.33011174,0
0.0,0.43945172,0
0.0,0.027084297,0
0.0,0.00040410864,0
0.0,0.002826541,0
0.0,0.0002041755,0
0.0,0.00431046,0
0.0,0.19044225,0
1.0,0.47180775,0
0.0,0.05544817,0
0.0,0.006771669,0
0.0,2.6103942e-05,0
0.0,0.3120336,0
0.0,0.0009236386,0
0.0,0.007955855,0
0.0,2.8948068e-06,0
0.0,0.0011665358,0
0.0,0.5359188,1
1.0,0.9999999,1
0.0,0.15320078,0
0.0,0.03617148,0
1.0,0.9999589,1
0.0,0.007238419,0
0.0,0.006264426,0
0.0,0.0060250494,0
0.0,2.9979477e-05,0
0.0,0.018830262,0
0.0,0.00010216883,0
0.0,0.0025853883,0
0.0,0.0017019875,0
0.0,0.28840744,0
0.0,0.016208444,0
0.0,0.0019928918,0
0.0,0.5186955,1
0.0,5.9131703e-06,0
0.0,0.038701553,0
0.0,0.003716611,0
0.0,5.607023e-06,0
0.0,0.016225606,0
0.0,3.4507789e-06,0
0.0,0.15166022,0
0.0,0.0025561969,0
0.0,0.16693723,0
0.0,0.006001974,0
0.0,0.0041069407,0
0.0,0.00077451405,0
1.0,1.0,1
0.0,0.1046793,0
0.0,0.014228236,0
0.0,0.003629935,0
0.0,0.00024124845,0
0.0,0.0060323495,0
1.0,1.0,1
1.0,1.0,1
0.0,0.49190688,0
0.0,0.17324606,0
1.0,0.99987054,1
1.0,1.0,1
0.0,0.69393724,1
0.0,0.0015160432,0
0.0,0.2879421,0
0.0,0.00058712286,0
0.0,0.008313494,0
0.0,0.00463989,0
0.0,0.0011811992,0
0.0,4.040849e-05,0
0.0,0.030334039,0
0.0,3.335958e-06,0
0.0,0.46152875,0
1.0,0.9999999,1
0.0,0.31238848,0
0.0,0.019345293,0
1.0,0.9999999,1
0.0,0.0007326154,0
1.0,1.0,1
1.0,0.521652,1
0.0,0.00077451405,0
1.0,0.67673945,1
0.0,0.04804995,0
0.0,0.040772676,0
1.0,0.09532148,0
0.0,1.0472623e-06,0
0.0,0.106742,0
0.0,0.006611067,0
0.0,0.22613263,0
1.0,0.9999999,1
0.0,0.007273502,0
0.0,0.0003142192,0
0.0,0.4305019,0
0.0,0.037767824,0
1.0,0.9999999,1
0.0,0.27896604,0
0.0,0.0390439,0
0.0,4.16167e-05,0
0.0,0.0012516202,0
0.0,0.08664072,0
0.0,0.003335577,0
0.0,0.9374573,1
1.0,0.9999999,1
0.0,0.0839813,0
0.0,0.003815728,0
0.0,0.006749665,0
1.0,0.9999999,1
0.0,0.36137953,0
0.0,0.031653646,0
1.0,0.9999999,1
0.0,0.0024106852,0
0.0,0.013751883,0
0.0,0.0637263,0
0.0,0.012826786,0
0.0,0.00026193747,0
1.0,0.9999999,1
0.0,0.00024516392,0
0.0,0.00042517853,0
0.0,0.021017564,0
0.0,0.0016502449,0
0.0,0.09932052,0
1.0,0.9999999,1
0.0,0.0009798262,0
0.0,0.3956545,0
0.0,0.0036912498,0
0.0,0.3808978,0
0.0,0.00035854464,0
0.0,0.018384136,0
0.0,9.90859e-06,0
0.0,0.010109424,0
0.0,0.0005352599,0
0.0,8.4558276e-05,0
1.0,0.6626854,1
0.0,1.9618014e-05,0
0.0,8.509319e-05,0
1.0,0.0952788,0
1.0,0.44920146,0
0.0,9.4247844e-05,0
0.0,0.009754704,0
0.0,0.0003051074,0
0.0,0.14227413,0
0.0,0.0038591414,0
0.0,0.0030526535,0
1.0,0.9999999,1
0.0,0.0210631,0
0.0,0.0022259261,0
1.0,0.9999999,1
1.0,1.0,1
0.0,0.015611124,0
0.0,0.0017245723,0
0.0,4.1835526e-07,0
0.0,0.48459876,0
1.0,1.0,1
0.0,0.002265154,0
0.0,2.2227818e-05,0
1.0,0.9999999,1
0.0,0.028595604,0
0.0,0.024792066,0
0.0,0.00087428436,0
0.0,0.0069208294,0
0.0,0.0066271727,0
1.0,0.9999999,1
0.0,0.00035602483,0
0.0,0.0011519354,0
0.0,2.8738987e-06,0
0.0,0.0007590085,0
0.0,0.069855794,0
0.0,0.0038164605,0
0.0,0.0127111655,0
0.0,0.016253222,0
0.0,0.015314651,0
0.0,0.0009223089,0
1.0,0.9999999,1
0.0,0.00076351746,0
1.0,0.99178547,1
0.0,0.0013192999,0
0.0,0.08792536,0
0.0,0.00014639541,0
0.0,0.012954139,0
0.0,0.0014286838,0
0.0,0.17236872,0
0.0,0.12618871,0
0.0,0.0032067376,0
0.0,0.00065307977,0
0.0,0.0079530105,0
0.0,2.057736e-07,0
0.0,0.24210027,0
0.0,0.4143159,0
0.0,0.00041715213,0
0.0,0.21445169,0
0.0,0.08010194,0
1.0,0.9999999,1
1.0,0.9999999,1
1.0,0.9999999,1
0.0,0.4412167,0
0.0,0.537758,1
1.0,0.9305506,1
0.0,0.3470782,0
0.0,0.0054273577,0
0.0,0.0003520303,0
0.0,7.66466e-05,0
0.0,0.42991728,0
1.0,0.95375335,1
1.0,0.99640805,1
0.0,0.0022112897,0
1.0,0.9999999,1
1.0,0.9999999,1
0.0,0.2023182,0
0.0,0.00020657112,0
0.0,1.2586475e-05,0
0.0,0.039029285,0
0.0,0.005790861,0
0.0,0.09202393,0
0.0,0.0012067587,0
0.0,0.003921237,0
0.0,0.23843287,0
0.0,0.031891625,0
0.0,0.0078382995,0
0.0,0.0022256158,0
0.0,0.0104714325,0
0.0,4.51665e-06,0
0.0,2.6780619e-05,0
0.0,0.0012404067,0
0.0,0.00025103334,0
0.0,0.014057175,0
0.0,0.5980332,1
0.0,0.005740628,0
0.0,0.4706308,0
0.0,4.650184e-05,0
0.0,1.9538309e-06,0
1.0,0.98905957,1
0.0,0.17066036,0
0.0,0.533553,1
1.0,0.9999999,1
0.0,0.42688283,0
0.0,0.084306285,0
1.0,0.9999999,1
0.0,0.115683004,0
0.0,3.8782487e-06,0
0.0,0.03013683,0
1.0,0.94839543,1
1.0,0.3472171,0
0.0,0.00038848587,0
1.0,0.8270491,1
0.0,0.13654953,0
0.0,0.00020557024,0
0.0,0.020471536,0
0.0,0.19427039,0
0.0,5.5513643e-05,0
0.0,0.0008432511,0
0.0,0.13097651,0
0.0,0.9154549,1
0.0,0.1530439,0
0.0,0.0049125985,0
0.0,4.7415304e-07,0
1.0,0.9999999,1
1.0,0.9999999,1
0.0,0.017890472,0
0.0,0.00027112334,0
0.0,0.050895847,0
0.0,0.15010348,0
1.0,0.8037669,1
0.0,0.05519312,0
0.0,0.030314956,0
1.0,0.9999999,1
0.0,0.0009728395,0
0.0,0.006462877,0
0.0,0.00029906127,0
0.0,0.0008798523,0
0.0,0.028609283,0
0.0,0.045601416,0
0.0,0.118000306,0
0.0,0.029315915,0
0.0,0.0823371,0
0.0,0.0005798197,0
0.0,0.027533008,0
0.0,0.020396166,0
1.0,1.0,1
0.0,0.0004712683,0
0.0,0.10188692,0
1.0,1.0,1
0.0,0.83285534,1
0.0,0.15530053,0
0.0,0.14566307,0
0.0,0.03586198,0
0.0,0.0006063458,0
1.0,0.8037669,1
0.0,0.0010044139,0
0.0,0.00065223966,0
0.0,0.00025209296,0
0.0,0.0008614086,0
0.0,0.0011629703,0
0.0,7.637974e-06,0
0.0,2.1171043e-06,0
1.0,0.7214592,1
0.0,0.029997598,0
1.0,0.92917585,1
0.0,0.00019878981,0
0.0,0.0019872596,0
0.0,0.030717542,0
0.0,0.7080282,1
0.0,0.6472198,1
0.0,0.22481675,0
0.0,0.022831533,0
0.0,0.36182073,0
0.0,0.053505033,0
1.0,0.9999999,1
1.0,0.9999999,1
0.0,1.6415312e-05,0
0.0,0.00018919517,0
0.0,0.00014488325,0
0.0,0.11692428,0
1.0,0.1971192,0
0.0,1.0873889e-05,0
0.0,0.034015566,0
0.0,0.4101119,0
0.0,0.008603471,0
0.0,0.0022731782,0
0.0,0.000191128,0
0.0,0.0007079752,0
0.0,4.806381e-05,0
0.0,0.0082915705,0
1.0,0.99566287,1
0.0,7.348125e-05,0
0.0,0.00024819627,0
0.0,0.034703817,0
0.0,8.916937e-06,0
0.0,0.035586126,0
0.0,0.001109557,0
0.0,0.019030916,0
0.0,5.175649e-05,0
0.0,0.034140665,0
0.0,0.46959636,0
0.0,0.0006481836,0
0.0,0.0023745515,0
0.0,0.00020810142,0
0.0,0.012227192,0
0.0,0.0008003425,0
0.0,0.0050071427,0
1.0,0.27233276,0
0.0,0.12096416,0
0.0,0.0005301089,0
0.0,0.005209247,0
0.0,0.00013872169,0
0.0,9.229167e-05,0
0.0,0.00059564115,0
0.0,0.21215649,0
0.0,0.5078198,1
0.0,0.14390883,0
0.0,0.016772762,0
0.0,0.20453985,0
0.0,0.0076911836,0
0.0,0.0012603255,0
0.0,0.00048922416,0
0.0,0.5589054,1
0.0,0.011821835,0
0.0,0.53408474,1
0.0,0.00018787444,0
0.0,0.0042817057,0
1.0,0.9999999,1
0.0,0.01614728,0
0.0,0.3513241,0
1.0,0.9999999,1
0.0,0.0032016858,0
0.0,0.008428366,0
0.0,0.016402602,0
0.0,0.0018048983,0
0.0,0.00011081039,0
1.0,0.9999995,1
1.0,0.9999999,1
0.0,5.242266e-06,0
0.0,0.58316654,1
0.0,0.0097393235,0
0.0,0.09019344,0
0.0,0.00093417894,0
0.0,0.052932784,0
0.0,0.0001125332,0
0.0,0.07767209,0
0.0,0.00039375026,0
1.0,0.9999999,1
0.0,0.058022942,0
0.0,0.57497245,1
1.0,0.829641,1
0.0,0.3333061,0
0.0,0.037707254,0
0.0,0.0144250365,0
0.0,0.002258798,0
0.0,0.0001442439,0
0.0,0.0028697895,0
1.0,0.0024842164,0
1.0,0.9999999,1
0.0,0.0022364415,0
0.0,0.0005222119,0
1.0,0.7889107,1
1.0,0.9999999,1
0.0,0.08499559,0
1.0,1.0,1
0.0,0.27161422,0
0.0,0.00036760236,0
0.0,0.00063813716,0
0.0,0.04430951,0
0.0,0.00013606682,0
0.0,0.15209979,0
0.0,0.1335549,0
0.0,0.07134604,0
0.0,3.3681545e-07,0
0.0,4.8252973e-06,0
0.0,0.3808978,0
0.0,0.0018114195,0
1.0,0.9999999,1
0.0,4.983662e-05,0
0.0,1.2825285e-05,0
0.0,0.0016875481,0
0.0,0.00019398311,0
0.0,0.008472026,0
0.0,0.002319929,0
0.0,0.00021367351,0
0.0,0.000529455,0
0.0,6.790966e-05,0
0.0,0.08061597,0
0.0,0.012764444,0
0.0,4.0564202e-05,0
0.0,0.0001624623,0
0.0,0.38480332,0
1.0,0.99991584,1
0.0,0.0014181067,0
0.0,0.027942512,0
0.0,8.6119406e-05,0
1.0,0.9999999,1
0.0,0.7142246,1
0.0,0.38797817,0
0.0,0.01080391,0
0.0,0.0455288,0
0.0,3.520992e-05,0
0.0,3.4829904e-05,0
0.0,0.027855143,0
0.0,0.025989404,0
1.0,0.86242676,1
0.0,0.0069647455,0
0.0,0.0014358404,0
0.0,0.0010092176,0
1.0,0.9999999,1
1.0,0.9999999,1
0.0,1.3081045e-05,0
1.0,0.9999999,1
0.0,0.00067934545,0
1.0,1.0,1
0.0,0.00070503185,0
0.0,0.0013044097,0
0.0,0.001000829,0
0.0,0.00029678273,0
0.0,0.29152176,0
0.0,0.0020791583,0
0.0,0.09568082,0
0.0,0.015517709,0
0.0,6.1854225e-06,0
0.0,0.02327452,0
0.0,0.00865413,0
0.0,4.6514447e-07,0
0.0,0.0033511003,0
0.0,0.05578097,0
1.0,1.0,1
0.0,0.11052591,0
0.0,0.03194098,0
0.0,0.20479786,0
0.0,0.051681474,0
0.0,0.00064333394,0
0.0,0.02919616,0
0.0,0.04569612,0
1.0,0.98592013,1
0.0,0.0039126985,0
0.0,0.27811676,0
0.0,0.6952053,1
0.0,0.045036476,0
0.0,9.4957715e-05,0
0.0,0.03943282,0
1.0,0.99977046,1
0.0,0.016928088,0
1.0,0.9999999,1
0.0,0.053925093,0
0.0,0.0003697295,0
0.0,0.0002462655,0
0.0,1.3662884e-06,0
0.0,0.0010847735,0
0.0,0.005946746,0
0.0,0.0021828192,0
1.0,0.13727835,0
0.0,0.0036383008,0
0.0,0.00014924933,0
0.0,3.4348417e-05,0
1.0,0.349904,0
0.0,1.5605807e-06,0
0.0,0.002945112,0
0.0,0.09814014,0
0.0,0.0032369662,0
0.0,0.03393439,0
0.0,0.45983884,0
0.0,0.000137578,0
0.0,3.8340454e-06,0
1.0,1.0,1
1.0,0.9999999,1
0.0,0.0002374765,0
0.0,0.00031933113,0
0.0,0.7021072,1
0.0,0.01541675,0
1.0,0.9999999,1
0.0,0.0055814153,0
0.0,0.3907743,0
0.0,0.032544408,0
1.0,0.93483603,1
0.0,0.018859508,0
0.0,0.030893095,0
1.0,0.9999999,1
0.0,0.00040410864,0
0.0,0.10169793,0
0.0,0.34347838,0
0.0,0.30841893,0
1.0,0.9999999,1
0.0,0.004334049,0
0.0,0.0010300325,0
0.0,0.0009260482,0
0.0,0.00016688829,0
0.0,0.04161889,0
0.0,0.23406973,0
0.0,0.031141037,0
0.0,0.00018778005,0
0.0,4.212404e-06,0
0.0,0.00626616,0
0.0,0.6501123,1
0.0,0.11535235,0
0.0,0.006495721,0
0.0,0.0007895078,0
0.0,0.1738956,0
0.0,0.0021374617,0
0.0,6.65795e-05,0
0.0,0.0012385543,0
0.0,0.000271923,0
0.0,0.07005067,0
0.0,0.015567877,0
0.0,0.36678454,0
1.0,0.9668592,1
0.0,0.0088212835,0
0.0,0.0004380729,0
0.0,0.27986953,0
0.0,0.0055760215,0
1.0,0.47558162,0
0.0,4.87695e-06,0
0.0,0.00016173212,0
0.0,0.0046972395,0
0.0,0.017716778,0
0.0,0.00050355535,0
0.0,0.011798056,0
0.0,9.5651856e-05,0
1.0,0.9999999,1
0.0,0.3616391,0
0.0,0.023306075,0
0.0,0.0057888133,0
0.0,0.4601632,0
0.0,0.0029189596,0
0.0,0.0005140474,0
0.0,0.22848885,0
0.0,0.0013514752,0
0.0,0.17296155,0
1.0,0.9044649,1
0.0,0.008831555,0
1.0,0.9999999,1
0.0,0.28778073,0
0.0,0.0005734682,0
0.0,0.018021706,0
0.0,0.51405203,1
0.0,0.046553213,0
0.0,0.018797435,0
0.0,0.013705152,0
0.0,0.003532323,0
0.0,0.0016915262,0
0.0,2.6600283e-05,0
0.0,0.00022150888,0
0.0,0.010708852,0
1.0,0.60158604,1
0.0,0.15512691,0
0.0,0.22321959,0
0.0,0.0038649288,0
1.0,0.7672175,1
0.0,0.031582825,0
0.0,0.0025897129,0
0.0,0.030472584,0
0.0,0.0014688182,0
0.0,0.42633304,0
0.0,0.6350679,1
1.0,0.8126725,1
0.0,0.19722,0
1.0,0.9999999,1
0.0,0.020103255,0
0.0,0.02034489,0
0.0,0.06628544,0
1.0,0.9999999,1
0.0,0.00018296296,0
0.0,0.009523775,0
0.0,0.033101242,0
0.0,0.004924819,0
0.0,1.8707968e-05,0
0.0,0.028087316,0
0.0,0.025874402,0
0.0,0.050674092,0
0.0,0.013983297,0
0.0,0.002422983,0
0.0,0.046792153,0
1.0,0.9997657,1
0.0,0.39150438,0
0.0,0.004846743,0
1.0,0.53310883,1
0.0,4.824009e-06,0
0.0,0.0046590865,0
0.0,0.0009514894,0
1.0,0.9999999,1
0.0,0.4882452,0
1.0,1.0,1
1.0,0.9999999,1
0.0,3.9938193e-05,0
0.0,0.0002528958,0
0.0,0.4143159,0
0.0,3.2899803e-05,0
0.0,0.387023,0
0.0,0.00029668232,0
0.0,0.099918045,0
0.0,0.14061952,0
0.0,0.0003968545,0
0.0,0.0021504015,0
0.0,0.0008549001,0
0.0,0.23423088,0
0.0,2.738211e-05,0
0.0,0.0031030506,0
0.0,0.00010678426,0
0.0,0.006358817,0
0.0,0.00051705824,0
0.0,0.24932003,0
0.0,0.12515905,0
0.0,0.028391805,0
0.0,0.0058930763,0
0.0,0.0030461675,0
0.0,0.04505192,0
0.0,0.008153044,0
0.0,0.01731806,0
0.0,0.047629524,0
0.0,0.26082277,0
0.0,0.3329123,0
1.0,0.9999999,1
0.0,0.07138864,0
0.0,8.5145955e-05,0
0.0,0.24966702,0
1.0,0.9998228,1
0.0,0.00062714895,0
1.0,0.99996364,1
0.0,0.0032547135,0
0.0,0.021426361,0
0.0,0.26326373,0
1.0,0.95746124,1
0.0,0.0041672317,0
0.0,0.40613922,0
0.0,0.0011451937,0
1.0,0.9999999,1
1.0,0.9999999,1
0.0,0.5181359,1
1.0,0.92306775,1
1.0,0.9999999,1
1.0,0.73100406,1
0.0,0.033283383,0
0.0,0.025204785,0
0.0,0.2661814,0
0.0,1.3745607e-05,0
0.0,0.0007934228,0
1.0,0.9743008,1
0.0,0.000955283,0
0.0,0.42150208,0
0.0,9.8377255e-05,0
0.0,0.012103977,0
0.0,0.002258798,0
0.0,0.00068397186,0
0.0,9.040315e-05,0
1.0,0.9999999,1
0.0,0.121141694,0
0.0,0.85824317,1
0.0,0.0002462655,0
1.0,0.94337475,1
0.0,0.03659143,0
0.0,0.0011426221,0
0.0,0.4719286,0
0.0,0.32689604,0
0.0,1.585325e-05,0
0.0,2.001471e-05,0
0.0,0.093466416,0
0.0,0.00015598474,0
0.0,0.0003762087,0
0.0,0.00028085877,0
0.0,0.0004910877,0
0.0,2.6692678e-05,0
0.0,0.003263709,0
0.0,0.001339068,0
0.0,0.019002497,0
0.0,0.12401476,0
0.0,0.50908935,1
0.0,2.3687162e-05,0
1.0,0.9999999,1
0.0,0.0636988,0
0.0,0.106730975,0
0.0,0.00035125422,0
0.0,0.043639112,0
0.0,0.15557706,0
0.0,0.24794821,0
1.0,0.9941048,1
0.0,0.023592984,0
1.0,1.0,1
0.0,0.23261735,0
0.0,0.0019571092,0
0.0,0.5291322,1
0.0,0.068858005,0
1.0,0.9999999,1
0.0,0.00030464405,0
0.0,0.05484334,0
1.0,0.9961654,1
0.0,0.00036893785,0
0.0,0.017073879,0
0.0,0.002124294,0
0.0,0.012547851,0
1.0,0.99709463,1
0.0,0.31758007,0
0.0,0.35639313,0
0.0,0.02479553,0
0.0,0.19802506,0
0.0,0.00109746,0
0.0,0.0091776885,0
1.0,0.9999999,1
0.0,0.0005563118,0
0.0,0.44343176,0
0.0,0.00068782264,0
0.0,0.015569623,0
0.0,0.0011090402,0
0.0,0.02172848,0
0.0,1.34117745e-05,0
0.0,0.0090123415,0
0.0,0.0007664188,0
0.0,2.2846181e-05,0
1.0,0.99857056,1
0.0,0.0039764396,0
1.0,0.9999707,1
0.0,0.0020716623,0
0.0,0.00019798307,0
0.0,0.0046389233,0
0.0,0.022941612,0
0.0,0.09982135,0
0.0,0.032535017,0
1.0,0.9999999,1
1.0,0.9999999,1
0.0,0.002448393,0
0.0,0.01038137,0
0.0,0.0011027998,0
0.0,0.00024096131,0
0.0,0.0002213921,0
0.0,0.0016382572,0
0.0,0.0029181242,0
0.0,0.015436122,0
1.0,0.9978654,1
0.0,0.10838497,0
0.0,1.3358151e-05,0
1.0,0.8656456,1
0.0,0.0399866,0
0.0,5.1367995e-05,0
0.0,0.0032208674,0
0.0,0.056334782,0
0.0,0.09355571,0
0.0,1.5842645e-07,0
0.0,0.0077992226,0
1.0,1.0,1
1.0,0.9999999,1
0.0,3.515325e-05,0
0.0,7.709737e-06,0
0.0,0.020021224,0
0.0,0.012289685,0
0.0,0.006236798,0
0.0,0.003827137,0
0.0,0.0001780396,0
0.0,0.17926691,0
0.0,0.00045162198,0
0.0,0.040507514,0
1.0,0.29779056,0
0.0,0.012133565,0
0.0,0.0022457521,0
0.0,0.00084620435,0
0.0,0.1570245,0
0.0,0.10877078,0
0.0,3.4662804e-05,0
0.0,0.4667426,0
0.0,0.037275895,0
0.0,0.029997598,0
0.0,0.016780728,0
0.0,0.002875142,0
0.0,0.00015536885,0
1.0,0.9930987,1
0.0,0.00029439692,0
0.0,0.39291757,0
0.0,0.11315508,0
0.0,0.055174127,0
0.0,0.0017639945,0
0.0,0.0009535868,0
0.0,0.00029034985,0
0.0,0.0064154766,0
0.0,0.0033232903,0
0.0,0.0003589013,0
0.0,0.0010815056,0
0.0,0.00011763922,0
0.0,3.486636e-05,0
0.0,7.694025e-05,0
1.0,0.9999999,1
0.0,0.16550705,0
0.0,0.0009069212,0
0.0,0.528307,1
0.0,0.19434856,0
0.0,0.0006101912,0
0.0,0.00854423,0
0.0,0.0018363283,0
0.0,0.00086898025,0
0.0,0.123579964,0
0.0,0.00081480836,0
0.0,0.0025751586,0
0.0,0.0032368326,0
1.0,0.9737143,1
0.0,0.013282153,0
0.0,0.31130734,0
0.0,0.013747919,0
0.0,0.111773826,0
0.0,0.000743474,0
1.0,0.86436045,1
0.0,0.0148886815,0
1.0,0.9999999,1
0.0,0.4768739,0
0.0,0.0005620091,0
0.0,0.013536172,0
0.0,0.030545453,0
0.0,0.0115908645,0
0.0,0.024452483,0
0.0,0.11953621,0
0.0,0.21136785,0
0.0,0.004790104,0
0.0,0.00039869756,0
0.0,0.007859026,0
0.0,0.002673867,0
0.0,2.3032767e-06,0
1.0,0.3866691,0
0.0,0.026111461,0
0.0,8.947126e-05,0
0.0,0.12051587,0
0.0,0.00016852206,0
0.0,0.00014804328,0
1.0,1.0,1
0.0,0.09295195,0
0.0,0.008949053,0
0.0,0.019172667,0
0.0,0.011929526,0
0.0,0.3121936,0
0.0,0.0010000679,0
0.0,0.0007050484,0
0.0,0.0002142823,0
0.0,0.31548348,0
1.0,0.9999999,1
0.0,0.00010402122,0
1.0,1.0,1
0.0,0.12545194,0
1.0,0.9999999,1
1.0,0.9999999,1
0.0,8.067827e-06,0
0.0,0.00039267205,0
0.0,0.10378364,0
0.0,0.0180784,0
0.0,0.05114792,0
0.0,0.0042938003,0
0.0,0.0047491086,0
1.0,0.9944924,1
0.0,7.615423e-05,0
1.0,0.9999994,1
0.0,4.928907e-05,0
0.0,0.11301929,0
0.0,5.70549e-05,0
0.0,2.4891178e-05,0
0.0,0.06488012,0
0.0,0.035916254,0
0.0,0.0016091495,0
0.0,9.9732206e-05,0
1.0,0.9999999,1
0.0,0.017589774,0
0.0,0.050198764,0
0.0,0.21729605,0
0.0,0.009645279,0
0.0,0.102518216,0
1.0,0.9999999,1
1.0,0.9999999,1
0.0,0.008817991,0
0.0,0.11679261,0
0.0,0.00010532526,0
0.0,0.027932027,0
0.0,0.041440107,0
0.0,0.4143159,0
1.0,0.9999999,1
0.0,0.0004903874,0
0.0,0.040597714,0
0.0,0.004258279,0
0.0,0.090974644,0
1.0,0.9999999,1
0.0,0.1475185,0
0.0,0.0017408984,0
0.0,0.0001693174,0
0.0,0.30598164,0
0.0,0.0002435854,0
0.0,0.11953621,0
0.0,2.9103447e-05,0
1.0,1.0,1
0.0,7.081875e-05,0
0.0,0.041347932,0
1.0,0.8037669,1
0.0,0.0046939324,0
0.0,0.5523899,1
0.0,0.0022929234,0
0.0,0.00021601202,0
0.0,0.0020619496,0
0.0,0.00055447384,0
1.0,0.9978795,1
0.0,0.0038470277,0
0.0,0.00012492454,0
1.0,0.9999999,1
0.0,0.08875619,0
0.0,0.08086985,0
0.0,0.003028173,0
0.0,0.007689408,0
1.0,0.9999999,1
1.0,0.9980069,1
0.0,0.00034257973,0
1.0,1.0,1
0.0,0.00056013145,0
0.0,0.00030214267,0
0.0,0.00053626514,0
0.0,0.0018501716,0
0.0,0.149029,0
1.0,0.9999999,1
0.0,0.0023274282,0
0.0,0.007402975,0
0.0,0.0004073696,0
0.0,0.004185735,0
0.0,0.07012885,0
0.0,0.008384861,0
1.0,0.7963036,1
1.0,0.9999999,1
0.0,0.0001880836,0
0.0,0.00042936194,0
0.0,0.1595477,0
0.0,0.6148054,1
1.0,0.99183196,1
0.0,0.06900389,0
0.0,3.0508976e-05,0
0.0,0.00036257086,0
0.0,0.02106996,0
0.0,0.00022846703,0
0.0,0.5056246,1
1.0,1.0,1
0.0,0.003006059,0
0.0,0.07531338,0
0.0,0.120125726,0
0.0,0.057907473,0
0.0,0.030334039,0
0.0,0.09939807,0
0.0,0.00034344877,0
1.0,0.8357061,1
1.0,0.8329557,1
0.0,0.029132899,0
0.0,0.0052356985,0
0.0,0.0012402547,0
0.0,0.48543453,0
1.0,0.99766695,1
0.0,0.00030464405,0
1.0,0.9896096,1
0.0,0.0054060873,0
0.0,0.0073040016,0
0.0,0.0013702203,0
0.0,0.009846183,0
0.0,0.043679226,0
0.0,0.0066000777,0
0.0,0.114334464,0
0.0,0.03227733,0
0.0,0.00010298509,0
0.0,0.096264504,0
0.0,0.19155137,0
0.0,0.18886136,0
0.0,0.006229588,0
0.0,0.0004175404,0
0.0,0.0006562943,0
0.0,0.034482706,0
0.0,0.009753133,0
0.0,0.00038178003,0
0.0,0.0008800501,0
0.0,0.012493099,0
0.0,0.00053893565,0
0.0,8.5296946e-05,0
0.0,0.00488234,0
0.0,0.00020427327,0
1.0,0.9999999,1
0.0,0.009681168,0
1.0,0.9999999,1
0.0,0.7282687,1
0.0,0.0015951268,0
0.0,0.5320353,1
0.0,5.2086005e-05,0
0.0,0.32345867,0
0.0,1.04196415e-05,0
1.0,0.2799666,0
0.0,0.11478241,0
0.0,0.047585454,0
0.0,0.003694434,0
0.0,1.4357945e-05,0
0.0,0.014178963,0
1.0,0.99980086,1
0.0,9.8414595e-05,0
0.0,0.019986946,0
0.0,0.0024717634,0
1.0,0.9999999,1
0.0,0.0047059194,0
0.0,0.023506084,0
0.0,0.009585675,0
0.0,0.023695158,0
0.0,0.17180756,0
1.0,0.8646412,1
0.0,0.087485604,0
0.0,0.32047737,0
0.0,0.02353598,0
0.0,0.021299474,0
0.0,0.3202899,0
0.0,0.00043224313,0
0.0,0.3815125,0
0.0,3.6350839e-06,0
0.0,0.0014721005,0
0.0,0.008475244,0
1.0,0.9999999,1
0.0,0.00020139878,0
0.0,0.05146906,0
0.0,0.07589693,0
0.0,0.006612188,0
0.0,0.017869305,0
0.0,0.0019473481,0
0.0,0.19434644,0
0.0,0.24577035,0
0.0,0.01258573,0
0.0,0.00047868473,0
0.0,0.0005093206,0
0.0,0.00042916427,0
0.0,0.00068591646,0
0.0,8.876549e-05,0
1.0,0.9999999,1
1.0,0.9921731,1
0.0,0.00014946412,0
0.0,0.39310816,0
0.0,0.18295933,0
0.0,0.040627778,0
0.0,0.0009650519,0
0.0,0.0043532746,0
1.0,0.9999999,1
0.0,0.00011893634,0
0.0,0.0014101806,0
0.0,0.04251206,0
0.0,0.019436581,0
0.0,0.000854199,0
0.0,0.5389565,1
0.0,0.64360213,1
0.0,0.11920601,0
1.0,0.9999999,1
0.0,0.26919445,0
0.0,0.0035358928,0
0.0,0.4353358,0
0.0,0.049173277,0
0.0,0.024857147,0
1.0,0.5934027,1
0.0,0.0008866628,0
0.0,0.05350239,0
1.0,0.9999999,1
0.0,0.00890967,0
0.0,0.01327964,0
0.0,0.0001880836,0
0.0,0.0031393645,0
1.0,0.97307444,1
0.0,0.30022085,0
1.0,0.8574422,1
0.0,0.040994912,0
0.0,0.00010888984,0
0.0,0.0004425765,0
0.0,5.992952e-06,0
0.0,0.3993359,0
1.0,0.99711573,1
0.0,0.040163334,0
1.0,0.9999999,1
0.0,0.012319147,0
0.0,0.2711962,0
1.0,0.9954749,1
0.0,0.0001090059,0
0.0,0.0041441354,0
1.0,0.9999999,1
0.0,0.06077485,0
1.0,0.41012508,0
0.0,0.0005094876,0
0.0,0.07846692,0
0.0,0.76582855,1
0.0,0.0002491368,0
0.0,0.004083968,0
1.0,1.0,1
0.0,0.0013769587,0
0.0,0.0017758665,0
0.0,0.070419356,0
0.0,1.614498e-06,0
0.0,5.0381564e-06,0
0.0,0.047523044,0
0.0,0.009165205,0
1.0,0.9999999,1
0.0,0.00046159202,0
1.0,0.6740397,1
0.0,1.6865276e-06,0
1.0,0.9999999,1
1.0,0.5652032,1
1.0,0.99658656,1
0.0,0.00065307977,0
0.0,0.0034864796,0
0.0,3.4930123e-05,0
0.0,0.32618973,0
1.0,0.15509884,0
1.0,0.64813024,1
0.0,0.0010722701,0
0.0,0.0147489235,0
0.0,0.0014734644,0
0.0,0.066540144,0
0.0,0.9714807,1
0.0,0.0021291806,0
0.0,0.0070758457,0
0.0,0.15733361,0
0.0,0.062428884,0
0.0,0.4199699,0
0.0,0.00041545572,0
1.0,0.9998648,1
0.0,0.021726541,0
0.0,2.1807862e-05,0
0.0,3.8703565e-05,0
0.0,0.04243483,0
0.0,0.049298197,0
0.0,0.3808978,0
0.0,0.0048282733,0
0.0,0.0002195716,0
1.0,0.9999999,1
0.0,0.005758802,0
1.0,0.46547,0
1.0,1.0,1
0.0,0.021822516,0
0.0,0.0003023556,0
0.0,0.013663652,0
0.0,0.0018479307,0
0.0,0.3761961,0
1.0,0.9999999,1
0.0,0.00029659408,0
0.0,0.34899542,0
0.0,0.016509555,0
1.0,1.0,1
1.0,0.98167324,1
1.0,0.9999999,1
0.0,0.47961456,0
0.0,0.00074202195,0
0.0,0.002397829,0
0.0,0.08810566,0
0.0,0.017691694,0
0.0,0.00071674684,0
0.0,3.6887343e-07,0
1.0,0.9999999,1
0.0,0.0002933709,0
1.0,0.9991179,1
0.0,0.03607099,0
0.0,0.0010886908,0
0.0,0.39291757,0
0.0,0.42853233,0
1.0,1.0,1
0.0,0.014560189,0
0.0,0.03551475,0
1.0,0.9999999,1
0.0,0.0004188865,0
0.0,0.05055398,0
1.0,0.9999999,1
0.0,0.00021769217,0
1.0,0.9668592,1
0.0,0.0010225947,0
0.0,0.016022982,0
0.0,0.0016761124,0
0.0,0.14156,0
1.0,0.9999999,1
0.0,0.00050068967,0
0.0,0.00025750557,0
0.0,0.0141747175,0
0.0,6.459975e-06,0
0.0,0.00096932094,0
0.0,0.031880155,0
0.0,0.5521508,1
0.0,0.07632866,0
0.0,0.0002566291,0
0.0,0.0020200422,0
0.0,7.0343754e-06,0
0.0,0.04523258,0
0.0,0.0017236416,0
0.0,0.00012697,0
0.0,2.2963854e-05,0
1.0,0.9994961,1
0.0,0.009493969,0
0.0,0.21303773,0
1.0,0.9988055,1
0.0,0.00011870848,0
0.0,3.0391633e-05,0
0.0,0.020803178,0
0.0,2.8681382e-06,0
0.0,0.35017034,0
0.0,0.0077925054,0
1.0,0.9999999,1
0.0,0.00018801636,0
0.0,0.053181756,0
0.0,0.0020026262,0
0.0,0.0031109806,0
0.0,0.023880025,0
0.0,0.08911522,0
0.0,0.0031721597,0
0.0,0.00082920265,0
0.0,0.009589482,0
0.0,0.00036565395,0
0.0,2.6736525e-05,0
0.0,0.023971343,0
0.0,0.024616413,0
0.0,0.00023453127,0
0.0,0.9129197,1
0.0,0.026521465,0
0.0,0.41130036,0
0.0,0.40064242,0
0.0,0.37946057,0
1.0,0.9999999,1
0.0,0.026471555,0
0.0,0.004385365,0
1.0,0.9999999,1
0.0,0.01125933,0
0.0,0.009665218,0
0.0,0.3948458,0
0.0,0.001610924,0
0.0,2.287282e-05,0
0.0,0.281021,0
1.0,0.99893934,1
0.0,0.0013468881,0
0.0,0.002301265,0
0.0,0.0031343459,0
0.0,0.0022043725,0
0.0,0.0017409936,0
0.0,0.00036381924,0
0.0,3.546519e-05,0
0.0,0.00064705434,0
0.0,1.1649649e-05,0
0.0,0.00013574415,0
0.0,0.0008860341,0
1.0,0.9999999,1
0.0,0.42312223,0
0.0,0.00077913026,0
0.0,0.00023496011,0
0.0,1.388525e-05,0
0.0,0.000679722,0
0.0,0.0020009952,0
0.0,3.4702834e-06,0
0.0,0.00092182565,0
0.0,0.16243269,0
0.0,0.10029164,0
0.0,0.091374345,0
0.0,0.00085904385,0
0.0,0.019260673,0
0.0,0.00042718832,0
1.0,1.0,1
0.0,0.0038803753,0
0.0,0.055931002,0
0.0,0.0038902247,0
0.0,0.001934099,0
0.0,0.0190131,0
1.0,1.0,1
0.0,0.25178486,0
0.0,0.021968063,0
0.0,0.03824862,0
0.0,0.010888335,0
0.0,8.979665e-05,0
0.0,0.22065313,0
0.0,0.3497856,0
1.0,0.998317,1
0.0,0.011347107,0
0.0,0.21754025,0
0.0,0.0006993639,0
0.0,0.026240444,0
0.0,0.005092616,0
0.0,0.020394586,0
0.0,1.8123526e-05,0
0.0,0.46465978,0
1.0,1.0,1
0.0,0.060607083,0
0.0,0.025126012,0
0.0,0.42237598,0
0.0,0.0019444941,0
0.0,0.00013567245,0
0.0,0.01723889,0
0.0,1.219748e-06,0
0.0,2.3492208e-05,0
1.0,0.9999999,1
1.0,0.88027066,1
0.0,1.5752292e-05,0
0.0,0.00081666344,0
1.0,0.75189066,1
0.0,0.009052218,0
0.0,0.08153075,0
1.0,0.5188753,1
0.0,0.0001609,0
1.0,0.9999999,1
0.0,0.00018825188,0
0.0,1.1379355e-05,0
0.0,0.03766169,0
0.0,0.011231664,0
0.0,0.0040159174,0
1.0,0.99469525,1
0.0,0.0045909514,0
0.0,0.029018346,0
0.0,0.0019292095,0
0.0,0.09273436,0
1.0,0.4701624,0
0.0,0.16579579,0
0.0,9.325718e-07,0
0.0,0.03206021,0
0.0,3.8699207e-05,0
0.0,0.2490092,0
0.0,0.13156556,0
0.0,0.078935005,0
0.0,0.00035282286,0
0.0,0.002906142,0
0.0,0.03528403,0
0.0,0.2926502,0
0.0,0.03774107,0
0.0,2.8075181e-05,0
0.0,0.0053877886,0
0.0,0.001543226,0
0.0,0.06694875,0
0.0,0.012685358,0
0.0,0.00010241631,0
0.0,0.37033173,0
0.0,0.0025080363,0
0.0,0.48977467,0
1.0,1.0,1
0.0,0.00014113128,0
0.0,0.13704798,0
0.0,0.29205498,0
1.0,0.99484295,1
0.0,0.06267997,0
0.0,0.007264153,0
0.0,0.0010872694,0
0.0,0.004630865,0
0.0,6.173515e-05,0
0.0,0.11982267,0
0.0,0.11321563,0
0.0,0.0011363633,0
0.0,0.0050969883,0
0.0,0.45983884,0
1.0,1.0,1
0.0,2.6684297e-06,0
1.0,0.18389046,0
0.0,0.0016649211,0
1.0,0.9999999,1
0.0,0.0044079763,0
0.0,1.6110947e-05,0
0.0,0.22711869,0
0.0,0.004200829,0
1.0,0.87349725,1
0.0,3.2038195e-05,0
0.0,0.0054155067,0
0.0,0.11242003,0
0.0,6.9772914e-06,0
0.0,0.37995505,0
0.0,0.0070933346,0
0.0,0.70140857,1
0.0,0.021470992,0
0.0,2.795858e-05,0
0.0,0.47470307,0
1.0,1.0,1
0.0,0.00020073737,0
1.0,0.8944782,1
0.0,0.013638823,0
0.0,4.480147e-06,0
1.0,0.9999999,1
0.0,0.005526224,0
0.0,0.0039043115,0
0.0,0.005481211,0
0.0,0.014127872,0
0.0,0.10579174,0
0.0,0.4031116,0
0.0,0.0019405135,0
0.0,0.0006923242,0
0.0,0.00036517394,0
0.0,0.29694754,0
0.0,0.00028506262,0
0.0,0.55313194,1
0.0,0.0043506133,0
0.0,0.005694791,0
0.0,3.3083816e-06,0
0.0,0.014460547,0
0.0,0.0007656505,0
0.0,4.8909696e-06,0
0.0,0.44343176,0
1.0,0.94312143,1
0.0,0.2325075,0
0.0,0.005689979,0
0.0,0.00024447462,0
0.0,0.113086365,0
0.0,0.3562223,0
0.0,0.009300456,0
0.0,0.23968911,0
1.0,0.9999999,1
0.0,0.015536535,0
0.0,0.42936972,0
0.0,0.00046104714,0
0.0,0.07171907,0
1.0,0.99689925,1
0.0,0.48006606,0
0.0,0.0027013265,0
1.0,0.9999999,1
0.0,0.004926053,0
0.0,0.007072949,0
0.0,0.0021677115,0
0.0,0.11415943,0
0.0,4.858505e-05,0
0.0,0.08122069,0
0.0,0.00096575497,0
1.0,0.9999999,1
1.0,0.037472278,0
0.0,0.24936889,0
0.0,0.001897395,0
0.0,0.03260882,0
0.0,0.716091,1
0.0,0.00036692363,0
0.0,0.00046554135,0
0.0,0.0005882216,0
0.0,7.848133e-06,0
0.0,0.0011764629,0
0.0,0.08541711,0
0.0,0.3808978,0
1.0,0.045805253,0
0.0,0.00038290684,0
0.0,0.33515984,0
0.0,0.39291757,0
0.0,0.7752639,1
0.0,0.11214988,0
0.0,0.005558896,0
1.0,0.99985814,1
0.0,0.076070935,0
0.0,0.0032604497,0
0.0,0.000104275954,0
0.0,0.0989078,0
0.0,0.000286818,0
0.0,0.30878183,0
0.0,0.061856963,0
0.0,0.0028116351,0
0.0,0.0013845888,0
0.0,0.00043316875,0
0.0,0.011022794,0
0.0,0.0008640091,0
0.0,0.0010863914,0
0.0,0.13925064,0
1.0,0.6159642,1
0.0,0.049701445,0
0.0,0.002393947,0
0.0,0.00043141638,0
0.0,0.0005346317,0
0.0,0.0020056255,0
0.0,2.635951e-06,0
0.0,0.001494855,0
1.0,0.7400675,1
0.0,0.008571612,0
1.0,0.70495236,1
0.0,0.026614428,0
1.0,0.7738433,1
0.0,0.19745208,0
0.0,0.00044679234,0
0.0,0.0075711086,0
0.0,0.03846048,0
0.0,0.599862,1
0.0,0.00010298509,0
0.0,0.25274342,0
0.0,0.40033403,0
0.0,0.07977856,0
0.0,0.22859752,0
0.0,0.118523635,0
0.0,0.1747494,0
0.0,0.00075653306,0
0.0,0.00088107795,0
0.0,0.0064153606,0
0.0,0.43276188,0
0.0,0.0007619196,0
0.0,0.011728418,0
1.0,0.9999999,1
0.0,0.005012771,0
0.0,0.0071389754,0
0.0,1.2532804e-05,0
1.0,0.9999999,1
0.0,1.9963525e-05,0
0.0,0.0032751642,0
0.0,0.5177996,1
0.0,0.0002389815,0
0.0,0.00047670628,0
0.0,0.00020800564,0
0.0,3.1541248e-07,0
0.0,6.877573e-05,0
1.0,0.9999999,1
0.0,0.14817122,0
0.0,0.062109776,0
1.0,0.49868923,0
0.0,0.35208997,0
0.0,0.0015502039,0
0.0,0.013760034,0
0.0,0.00088381517,0
0.0,0.002470917,0
1.0,0.9999999,1
1.0,0.9999999,1
0.0,0.03242286,0
0.0,0.090203986,0
0.0,0.0019840251,0
0.0,0.09852731,0
0.0,0.016280722,0
0.0,0.19882303,0
0.0,0.025441416,0
0.0,0.44707453,0
0.0,0.010324225,0
0.0,0.1405032,0
0.0,0.0018278675,0
0.0,6.927551e-06,0
0.0,0.036885146,0
1.0,0.84393734,1
0.0,0.0012016045,0
0.0,0.0010039954,0
1.0,0.9999459,1
0.0,0.00018585219,0
0.0,0.00051197136,0
0.0,0.083686456,0
0.0,0.114079975,0
0.0,0.021860868,0
0.0,0.40346637,0
0.0,0.009656016,0
0.0,0.0032695916,0
0.0,9.867932e-05,0
0.0,0.00064068567,0
0.0,0.49210045,0
0.0,0.015410814,0
0.0,0.0001275059,0
0.0,2.7245984e-05,0
0.0,0.75439435,1
0.0,3.5143553e-06,0
1.0,0.50070924,1
0.0,0.15378878,0
0.0,0.014368991,0
0.0,0.110469155,0
0.0,0.32929713,0
0.0,0.067554034,0
0.0,0.0013775016,0
0.0,0.0052413917,0
0.0,0.0007826277,0
0.0,2.3805613e-07,0
1.0,0.77480966,1
0.0,0.91166836,1
0.0,0.0009078718,0
0.0,0.15045649,0
0.0,0.27239937,0
0.0,0.008894385,0
0.0,0.0025146108,0
1.0,0.99984777,1
0.0,0.4644286,0
0.0,0.016947906,0
1.0,0.0011922609,0
0.0,0.0019423548,0
0.0,0.1980874,0
0.0,0.5927248,1
0.0,0.013627595,0
0.0,0.031751107,0
1.0,0.96769476,1
0.0,0.0072988863,0
0.0,1.8123526e-05,0
1.0,1.0,1
1.0,0.9999999,1
0.0,0.28318807,0
0.0,7.188741e-05,0
0.0,0.000121307654,0
0.0,0.2349714,0
0.0,0.00068753236,0
0.0,0.0054060873,0
0.0,0.1332847,0
0.0,0.0017104645,0
0.0,0.027219985,0
0.0,0.16345242,0
0.0,0.004872901,0
0.0,0.14673854,0
0.0,1.6509728e-05,0
0.0,0.100577526,0
1.0,0.17656927,0
1.0,0.9999999,1
0.0,0.015406083,0
0.0,0.0002577382,0
0.0,0.02858538,0
0.0,0.0029691942,0
0.0,0.058378387,0
0.0,0.003357424,0
1.0,1.0,1
0.0,0.3391083,0
0.0,0.368126,0
0.0,0.06648036,0
0.0,0.00089106435,0
0.0,0.4716888,0
0.0,0.00022889415,0
0.0,7.292537e-05,0
0.0,0.050451715,0
0.0,0.1723317,0
1.0,1.0,1
1.0,0.9999999,1
0.0,0.0001272603,0
1.0,0.7018903,1
0.0,0.03449237,0
0.0,0.008750611,0
0.0,0.027485175,0
0.0,0.05578097,0
0.0,0.00018823142,0
0.0,0.11954867,0
1.0,0.9953092,1
0.0,0.0038265502,0
0.0,0.004419295,0
0.0,7.639331e-05,0
0.0,0.008146965,0
0.0,0.0050250967,0
0.0,0.0004911663,0
0.0,0.19625947,0
1.0,0.9999999,1
1.0,0.9999999,1
0.0,0.15059572,0
0.0,0.052004892,0
0.0,0.00033828322,0
0.0,0.012164715,0
0.0,0.005193774,0
1.0,0.19336587,0
1.0,0.9999999,1
0.0,1.8562772e-05,0
0.0,0.0066953204,0
0.0,0.17119735,0
0.0,0.011306198,0
0.0,0.060499508,0
0.0,0.052970916,0
1.0,0.8982784,1
0.0,0.33322525,0
0.0,0.0069219405,0
0.0,0.0014987048,0
0.0,0.03480473,0
1.0,0.9999999,1
0.0,0.0066336463,0
0.0,0.28187397,0
0.0,3.1541248e-07,0
0.0,0.006569161,0
0.0,0.0062496667,0
0.0,0.002767918,0
0.0,0.35639313,0
0.0,0.07087187,0
0.0,0.025069077,0
0.0,0.14421828,0
0.0,0.10400077,0
0.0,0.0024162934,0
0.0,0.00017615847,0
0.0,0.00055744685,0
0.0,1.9179015e-06,0
0.0,0.0006154842,0
0.0,1.1497152e-05,0
0.0,0.022628287,0
0.0,0.0008149625,0
0.0,0.7230377,1
0.0,0.04578851,0
0.0,0.0007525969,0
1.0,0.9999999,1
0.0,0.0010263231,0
0.0,9.663215e-06,0
0.0,1.8120605e-05,0
0.0,1.37460665e-05,0
1.0,0.9990007,1
0.0,6.977356e-05,0
0.0,0.004191077,0
0.0,0.0008115601,0
1.0,0.9999999,1
0.0,0.029151734,0
0.0,0.0018128442,0
1.0,0.9999999,1
0.0,0.020952558,0
1.0,0.9999999,1
0.0,0.11968297,0
0.0,0.01212684,0
0.0,9.130417e-05,0
1.0,0.99781215,1
0.0,0.045411054,0
1.0,0.99766695,1
0.0,0.00024245096,0
0.0,3.3821914e-05,0
0.0,0.002840849,0
0.0,0.45941877,0
1.0,0.24249965,0
0.0,0.005267784,0
0.0,0.22839119,0
0.0,0.03320704,0
0.0,0.002188743,0
0.0,0.013072446,0
1.0,0.9999999,1
1.0,0.77829695,1
1.0,0.6457208,1
0.0,0.21136785,0
0.0,0.0011997159,0
0.0,0.0007892599,0
0.0,0.003098203,0
1.0,1.0,1
0.0,0.00027435317,0
0.0,0.027828066,0
1.0,0.65828335,1
0.0,0.0010068705,0
0.0,0.24726413,0
1.0,0.99917763,1
0.0,0.009306245,0
0.0,0.0040023117,0
1.0,0.6006012,1
0.0,0.008972119,0
0.0,1.5252837e-06,0
0.0,0.06729006,0
0.0,0.42237598,0
0.0,0.0038183879,0
1.0,0.9999999,1
0.0,0.16904183,0
0.0,0.47004947,0
0.0,0.00013096497,0
0.0,0.1446267,0
0.0,0.00038127953,0
1.0,0.05944228,0
0.0,0.00014298092,0
0.0,0.6350539,1
0.0,0.05021892,0
0.0,0.00014689614,0
0.0,0.4924596,0
0.0,2.4277574e-06,0
0.0,2.8982658e-05,0
0.0,8.376883e-06,0
0.0,0.28778073,0
0.0,0.048641596,0
0.0,0.044060074,0
0.0,0.0001038362,0
0.0,0.024699247,0
0.0,0.003926969,0
0.0,0.03240765,0
0.0,0.011578323,0
0.0,0.00011026944,0
1.0,0.9998567,1
1.0,0.7169751,1
1.0,0.37887743,0
0.0,0.0015675508,0
1.0,0.9999999,1
0.0,0.0006869235,0
0.0,0.0010035785,0
0.0,0.0014263651,0
0.0,0.0007857273,0
0.0,0.09081231,0
0.0,0.008348508,0
0.0,0.0018391903,0
0.0,0.05354163,0
0.0,0.31827262,0
0.0,0.022996748,0
0.0,0.22685562,0
0.0,0.0049428376,0
0.0,0.010038281,0
0.0,0.0025316025,0
0.0,0.002407047,0
0.0,0.012308083,0
0.0,0.00021669648,0
0.0,0.0022781456,0
0.0,0.00027024202,0
0.0,0.035053283,0
0.0,0.15462552,0
0.0,0.0528586,0
0.0,0.011293476,0
0.0,0.1029286,0
1.0,0.9999999,1
1.0,0.9999999,1
0.0,0.00010298509,0
0.0,0.00019321962,0
0.0,6.564993e-05,0
0.0,0.0030938878,0
0.0,0.00020478653,0
0.0,0.00089479936,0
0.0,3.9486396e-05,0
0.0,3.4881039e-06,0
0.0,0.0078017805,0
0.0,0.0622468,0
0.0,0.043495197,0
0.0,0.18089227,0
1.0,0.9999999,1
0.0,0.9263397,1
0.0,0.00058312644,0
0.0,0.07704072,0
0.0,0.36508262,0
0.0,7.450763e-07,0
0.0,0.00090717233,0
0.0,0.086410515,0
1.0,0.9999999,1
0.0,0.021067247,0
0.0,0.0005765815,0
0.0,0.051320683,0
0.0,0.0022110383,0
0.0,5.905585e-06,0
0.0,0.03187969,0
0.0,0.098281026,0
0.0,0.0114873275,0
0.0,0.0037751643,0
0.0,0.31309804,0
0.0,0.084919564,0
0.0,0.45656288,0
0.0,0.45860124,0
0.0,0.00019430243,0
0.0,0.017678862,0
0.0,0.00044590456,0
0.0,0.29425,0
0.0,0.034734465,0
0.0,0.5905999,1
0.0,0.0023709766,0
0.0,0.836324,1
1.0,0.99953926,1
0.0,0.00037892588,0
1.0,0.9999999,1
0.0,0.00032816944,0
0.0,0.34725326,0
0.0,5.3295855e-05,0
0.0,0.08681219,0
0.0,0.40714645,0
0.0,0.0041119033,0
0.0,0.00037525772,0
0.0,0.0027064478,0
0.0,8.3974555e-06,0
0.0,0.009260078,0
0.0,0.13537626,0
0.0,0.000109244495,0
0.0,0.010157656,0
0.0,0.056357462,0
0.0,0.04006751,0
0.0,0.047148015,0
0.0,0.0005183497,0
0.0,0.025084877,0
0.0,6.353194e-05,0
0.0,0.058307573,0
0.0,0.0022406068,0
0.0,0.00031030326,0
0.0,0.082738295,0
0.0,0.00019942503,0
0.0,0.052987028,0
0.0,0.016535293,0
0.0,0.011781879,0
0.0,0.013842131,0
0.0,0.07665637,0
0.0,0.07318771,0
0.0,0.3902773,0
0.0,0.36887276,0
0.0,0.00033888832,0
0.0,0.007149275,0
0.0,8.7273256e-05,0
0.0,0.0018977978,0
0.0,0.0053283116,0
0.0,0.0074621905,0
1.0,0.9999999,1
0.0,0.0039692824,0
0.0,3.9294545e-07,0
0.0,0.0038087543,0
0.0,0.08458365,0
0.0,0.23431651,0
0.0,0.0025570139,0
0.0,0.013521923,0
0.0,0.1504713,0
0.0,0.1357649,0
0.0,0.042787008,0
0.0,0.00039557784,0
0.0,0.000120652876,0
0.0,0.43961677,0
0.0,0.30660325,0
0.0,0.0023441582,0
0.0,0.0019629148,0
0.0,0.34757817,0
0.0,0.44285262,0
0.0,0.0031433036,0
0.0,0.005444349,0
0.0,2.0911839e-05,0
0.0,0.049758058,0
0.0,0.0014117587,0
0.0,5.654486e-07,0
0.0,7.973419e-05,0
0.0,0.0351077,0
0.0,5.6871568e-06,0
0.0,0.20722175,0
0.0,0.0005394102,0
0.0,0.008520261,0
0.0,0.47334796,0
0.0,0.26669636,0
0.0,0.00015246726,0
0.0,0.0173387,0
0.0,0.00022921474,0
0.0,8.118412e-05,0
0.0,8.006029e-05,0
0.0,0.0185844,0
1.0,0.9814222,1
0.0,0.6373652,1
0.0,0.00045162198,0
0.0,0.0982374,0
0.0,0.701974,1
0.0,0.20952559,0
0.0,0.047127303,0
0.0,0.0048378487,0
1.0,1.0,1
0.0,0.033906296,0
0.0,0.010851426,0
0.0,0.124271475,0
0.0,0.0001588707,0
0.0,0.00014428022,0
0.0,0.00010487726,0
0.0,4.9325226e-06,0
0.0,0.2542099,0
0.0,0.14198276,0
0.0,0.1238241,0
1.0,0.9999999,1
0.0,0.024899693,0
0.0,0.0033296898,0
0.0,8.396801e-05,0
1.0,1.0,1
0.0,0.0012509801,0
0.0,0.2605267,0
0.0,0.0064498717,0
0.0,0.00012398501,0
0.0,7.706216e-06,0
1.0,0.9999999,1
0.0,1.5035765e-06,0
0.0,0.0027703478,0
0.0,0.0013686579,0
0.0,0.008391651,0
0.0,0.32150665,0
0.0,0.025423214,0
0.0,0.0016096154,0
0.0,0.0007054042,0
1.0,0.9999999,1
0.0,0.06680715,0
0.0,5.694397e-06,0
0.0,0.0049915067,0
0.0,0.08691804,0
0.0,0.03503649,0
1.0,0.999295,1
0.0,0.044730946,0
0.0,0.17483887,0
0.0,0.0020026262,0
0.0,0.07053227,0
0.0,0.010565827,0
1.0,0.39284816,0
0.0,0.036725808,0
0.0,0.006585288,0
0.0,0.0057497555,0
0.0,0.08873497,0
0.0,0.083197325,0
1.0,1.0,1
0.0,5.096173e-06,0
0.0,0.709754,1
0.0,0.019035386,0
0.0,0.07263166,0
0.0,0.0014224749,0
1.0,0.9999999,1
0.0,0.00064994564,0
0.0,0.115118735,0
0.0,0.044686906,0
0.0,0.087066405,0
0.0,2.7322949e-05,0
0.0,0.43277922,0
0.0,0.0009320537,0
0.0,0.000532465,0
0.0,0.0010531293,0
0.0,0.1726894,0
0.0,0.48707432,0
0.0,0.0054690777,0
0.0,0.00069569406,0
1.0,0.9999999,1
0.0,0.017602954,0
0.0,0.009932892,0
0.0,0.5285503,1
0.0,7.96971e-05,0
0.0,0.4644286,0
0.0,0.23154438,0
0.0,0.126013,0
0.0,0.36531797,0
0.0,0.00051449763,0
0.0,0.0013335592,0
0.0,0.053634338,0
0.0,0.00061420526,0
0.0,0.20277879,0
0.0,0.008711763,0
0.0,0.3623081,0
0.0,0.016254935,0
0.0,0.030394403,0
0.0,1.8123526e-05,0
1.0,0.46805015,0
1.0,0.9999999,1
0.0,6.4589185e-05,0
0.0,0.002271442,0
0.0,0.0005975412,0
1.0,0.99198854,1
0.0,0.007010627,0
0.0,0.02533375,0
0.0,0.00079049583,0
0.0,9.3774324e-05,0
1.0,0.59686536,1
1.0,0.9997112,1
0.0,0.61144686,1
0.0,0.26212323,0
0.0,0.0028953431,0
0.0,0.5213472,1
0.0,0.00019322884,0
0.0,0.0032342165,0
0.0,1.6606972e-06,0
0.0,0.0036352267,0
0.0,0.32136735,0
1.0,0.98586166,1
0.0,0.027678352,0
0.0,1.2015809e-06,0
0.0,0.0044248807,0
0.0,0.0009265198,0
0.0,0.00016852206,0
1.0,0.92401445,1
0.0,6.6538174e-05,0
1.0,0.9533833,1
0.0,0.3567331,0
0.0,0.29792857,0
1.0,0.9999999,1
0.0,0.020732243,0
0.0,0.5980332,1
0.0,0.0037217864,0
1.0,0.9999999,1
0.0,0.75738853,1
0.0,0.0032567082,0
0.0,0.06481982,0
0.0,0.023860034,0
0.0,0.14856635,0
0.0,0.18911244,0
0.0,0.0011294936,0
0.0,0.04222068,0
0.0,0.019399958,0
0.0,0.26510942,0
0.0,0.0032267391,0
0.0,0.0002546619,0
0.0,0.0005200318,0
0.0,0.0003913105,0
0.0,0.0030180754,0
0.0,0.0006159903,0
0.0,0.03646446,0
0.0,0.044557508,0
0.0,0.0473239,0
0.0,0.24610324,0
1.0,0.9999999,1
1.0,0.99985516,1
0.0,0.40346637,0
1.0,0.83127844,1
0.0,0.49210045,0
0.0,0.31758007,0
0.0,0.049945243,0
0.0,0.0004609542,0
0.0,0.00040679311,0
0.0,0.00013819912,0
0.0,0.111433566,0
0.0,0.032530453,0
0.0,0.016766086,0
0.0,0.061690465,0
0.0,0.14956298,0
0.0,0.00027185766,0
1.0,0.94662285,1
0.0,0.3739014,0
1.0,0.9999999,1
0.0,8.488739e-06,0
0.0,0.027970035,0
0.0,0.0024443795,0
0.0,6.297958e-05,0
0.0,0.47122267,0
0.0,0.055026818,0
0.0,0.00025023948,0
0.0,0.058822382,0
0.0,0.022326572,0
1.0,0.99988616,1
0.0,0.0023606152,0
0.0,0.0016494358,0
0.0,0.00014268265,0
0.0,3.4370012e-05,0
1.0,0.9999999,1
0.0,0.049515475,0
0.0,0.46864328,0
0.0,0.0007584394,0
0.0,0.00020284689,0
0.0,0.24044713,0
0.0,0.0007226882,0
0.0,2.449482e-05,0
0.0,0.00041545572,0
1.0,0.9999999,1
1.0,0.9999999,1
0.0,0.0009980606,0
0.0,0.024312956,0
0.0,0.0031112614,0
0.0,0.037512124,0
1.0,0.9927354,1
0.0,0.0021265664,0
0.0,0.00028358013,0
0.0,0.02622028,0
0.0,0.0023613214,0
0.0,0.3619816,0
0.0,0.025087526,0
0.0,0.00017629407,0
1.0,0.9999999,1
0.0,0.033549014,0
0.0,2.6087864e-05,0
1.0,0.9999999,1
0.0,0.004804909,0
1.0,0.9992995,1
0.0,0.15353972,0
0.0,3.699041e-05,0
0.0,0.023233159,0
0.0,4.889288e-05,0
0.0,0.0077576907,0
0.0,0.43556955,0
0.0,0.61545676,1
0.0,0.023275387,0
1.0,1.0,1
0.0,3.1000494e-05,0
0.0,0.0020219127,0
0.0,0.011847441,0
0.0,0.042597633,0
0.0,2.6194988e-05,0
0.0,0.0010660595,0
0.0,0.292372,0
0.0,0.0473566,0
0.0,0.029018346,0
1.0,0.9995846,1
0.0,0.4198571,0
0.0,0.00020208435,0
1.0,0.9999999,1
0.0,0.625027,1
0.0,0.00034075987,0
0.0,0.0047736135,0
0.0,0.00093757815,0
0.0,0.08091611,0
0.0,0.006131158,0
1.0,0.91300243,1
1.0,0.9999999,1
1.0,0.99999774,1
0.0,0.00034508968,0
0.0,0.039733194,0
0.0,0.018024052,0
0.0,0.011773143,0
0.0,0.0048465542,0
0.0,0.0007402202,0
0.0,0.013438979,0
0.0,0.00016173212,0
0.0,0.0002458758,0
1.0,0.9964104,1
0.0,0.0061949687,0
0.0,0.46663666,0
0.0,0.02160387,0
0.0,3.257248e-05,0
0.0,0.0032162624,0
0.0,8.439918e-06,0
0.0,2.1215121e-06,0
0.0,0.1446267,0
0.0,3.037306e-05,0
0.0,0.038667645,0
0.0,4.0222385e-06,0
0.0,0.0002002121,0
0.0,0.0011454567,0
1.0,0.9999999,1
0.0,0.17305279,0
1.0,0.9993932,1
0.0,0.0021610928,0
0.0,0.0024106852,0
0.0,0.0024679385,0
0.0,0.11150796,0
0.0,1.3358151e-05,0
0.0,0.00063501083,0
0.0,0.006985851,0
0.0,3.088494e-05,0
0.0,0.00013267872,0
0.0,0.011672137,0
1.0,0.16339953,0
0.0,2.2846181e-05,0
1.0,0.99984026,1
0.0,4.8885187e-05,0
0.0,0.605184,1
1.0,0.9997657,1
0.0,0.06019427,0
0.0,0.0004694931,0
0.0,0.009967187,0
0.0,0.14010696,0
0.0,0.009876796,0
0.0,0.0010393437,0
0.0,0.0062926537,0
0.0,0.02798978,0
0.0,0.2592748,0
0.0,0.0016264655,0
0.0,0.0021343548,0
0.0,0.012649308,0
0.0,0.39222962,0
0.0,0.00029905385,0
1.0,0.9999999,1
0.0,0.0016142144,0
0.0,0.0006629573,0
0.0,8.678221e-05,0
0.0,0.0013095352,0
0.0,0.5905451,1
1.0,0.9999999,1
0.0,0.032993454,0
0.0,4.597938e-06,0
0.0,0.03557197,0
0.0,4.4049593e-06,0
0.0,0.00018296296,0
1.0,0.9999999,1
0.0,0.013807014,0
0.0,5.0438384e-06,0
0.0,0.0069647455,0
0.0,0.009291353,0
0.0,0.52304363,1
0.0,3.1636304e-05,0
0.0,0.00022226988,0
0.0,0.0041069407,0
0.0,0.056887753,0
0.0,0.000430894,0
0.0,0.0090969745,0
0.0,0.010230113,0
0.0,0.13717236,0
0.0,0.0020584264,0
0.0,0.14150855,0
0.0,0.0012466244,0
1.0,1.0,1
0.0,0.0036514509,0
0.0,6.8222456e-05,0
1.0,0.99863917,1
0.0,0.010233753,0
1.0,0.25048462,0
0.0,0.18296067,0
0.0,0.01996993,0
0.0,8.240407e-05,0
0.0,0.0012431465,0
0.0,3.232637e-06,0
1.0,0.9999999,1
0.0,0.00059758197,0
0.0,0.0001609,0
0.0,0.014182089,0
0.0,0.02051198,0
1.0,0.9994454,1
0.0,0.00013625559,0
0.0,0.00149128,0
0.0,0.0037553443,0
0.0,0.00021464241,0
1.0,0.9998153,1
0.0,0.016290255,0
0.0,0.001272542,0
0.0,0.002943627,0
1.0,0.88530433,1
0.0,0.08122069,0
0.0,0.0021382316,0
0.0,7.1566074e-06,0
0.0,0.019194793,0
0.0,0.029048242,0
0.0,0.0011787349,0
0.0,2.8311513e-05,0
0.0,0.067050554,0
0.0,0.09015489,0
0.0,0.0474739,0
0.0,0.0076355846,0
0.0,0.033882122,0
0.0,0.0005502824,0
0.0,0.0016087766,0
0.0,0.45886454,0
0.0,0.044034977,0
1.0,0.9999999,1
0.0,0.02064003,0
0.0,0.0007149186,0
0.0,0.0039090505,0
0.0,0.036177974,0
1.0,0.9999999,1
0.0,0.03751045,0
1.0,0.98644614,1
0.0,0.0021975709,0
0.0,0.7585792,1
0.0,0.08572563,0
0.0,0.5812501,1
1.0,0.9999999,1
0.0,0.0015683376,0
0.0,0.07962864,0
1.0,0.3869813,0
0.0,0.0001468988,0
1.0,0.42924023,0
1.0,0.48468825,0
0.0,0.00015056008,0
0.0,0.5275178,1
0.0,0.033726115,0
0.0,0.000495129,0
0.0,0.059493713,0
0.0,2.1000373e-05,0
0.0,0.045707703,0
0.0,0.3403742,0
0.0,0.6246995,1
0.0,0.1573442,0
0.0,0.23497792,0
0.0,0.0017994083,0
0.0,0.15693891,0
1.0,1.0,1
0.0,5.923375e-07,0
0.0,0.21552932,0
0.0,0.012335955,0
0.0,6.947889e-05,0
0.0,0.00022930415,0
0.0,7.868301e-05,0
0.0,0.5343563,1
0.0,0.0018422304,0
1.0,0.9999999,1
0.0,0.026532847,0
0.0,0.4751483,0
0.0,0.0064685596,0
0.0,0.0014447805,0
0.0,6.719181e-05,0
0.0,0.11820739,0
0.0,0.0033166553,0
0.0,0.0013094884,0
0.0,0.00089029584,0
1.0,0.99797314,1
0.0,6.61035e-05,0
0.0,1.2982158e-05,0
1.0,0.9999975,1
1.0,0.9999999,1
0.0,0.26673993,0
0.0,0.2593912,0
1.0,0.9999999,1
0.0,0.018773733,0
0.0,0.09911402,0
0.0,0.0011257833,0
0.0,0.0019382066,0
0.0,0.012764444,0
0.0,0.022675475,0
0.0,0.3180508,0
0.0,0.01879168,0
0.0,2.1015246e-06,0
0.0,1.737848e-06,0
0.0,0.0009698965,0
0.0,0.012954139,0
0.0,1.9424053e-05,0
1.0,0.05052164,0
0.0,0.0005611088,0
0.0,4.0564202e-05,0
0.0,0.0004394473,0
0.0,0.12251116,0
0.0,0.0030649214,0
0.0,0.010006624,0
0.0,0.0013873158,0
1.0,0.78098816,1
0.0,0.0021376426,0
0.0,0.0037615325,0
0.0,0.0373815,0
1.0,0.47235185,0
0.0,0.10407917,0
1.0,0.9999999,1
0.0,0.0011842067,0
0.0,1.833296e-05,0
0.0,0.013645459,0
0.0,0.116028294,0
0.0,1.7845052e-05,0
0.0,0.0005364075,0
0.0,0.0009131657,0
0.0,0.13909893,0
1.0,0.9999999,1
0.0,0.42936972,0
0.0,0.07654502,0
0.0,0.00011110304,0
0.0,0.0001485127,0
0.0,0.48181903,0
0.0,0.0042527835,0
0.0,0.033308055,0
0.0,0.0020952655,0
0.0,0.0015462869,0
0.0,0.000104241066,0
0.0,0.0001574747,0
0.0,5.157287e-05,0
0.0,0.0016033944,0
0.0,0.00023235207,0
0.0,0.4525687,0
0.0,2.5481697e-06,0
0.0,0.00081071025,0
0.0,0.079281904,0
0.0,0.0003034278,0
0.0,0.09610688,0
0.0,0.01843843,0
0.0,0.009066354,0
0.0,2.176992e-06,0
0.0,0.0052785813,0
0.0,0.38063183,0
0.0,0.00024707994,0
0.0,0.0038105024,0
0.0,0.00016373083,0
1.0,0.4323965,0
0.0,0.00044175985,0
0.0,0.008526265,0
0.0,0.14759646,0
0.0,0.24251568,0
0.0,0.0045234,0
0.0,0.01519607,0
0.0,0.19119103,0
1.0,0.9999999,1
0.0,0.4122603,0
0.0,0.011181104,0
0.0,0.0035323664,0
0.0,0.029726949,0
0.0,0.001218426,0
0.0,0.00013134792,0
0.0,0.00069569406,0
0.0,0.23082656,0
0.0,0.008083737,0
0.0,0.0003690001,0
0.0,0.0014008431,0
0.0,0.00038718313,0
0.0,5.7690588e-05,0
1.0,0.9945809,1
0.0,0.0024506513,0
1.0,0.098015144,0
0.0,0.029417636,0
1.0,0.9999999,1
0.0,0.033612553,0
1.0,0.9999999,1
0.0,0.093389824,0
0.0,0.00093895616,0
0.0,0.0034112774,0
0.0,0.0010932335,0
0.0,0.0007950963,0
0.0,8.116437e-05,0
0.0,0.0069647455,0
0.0,0.010283491,0
0.0,0.002474914,0
0.0,0.026855227,0
0.0,0.9203545,1
1.0,0.9999999,1
0.0,0.19859925,0
0.0,0.009145653,0
0.0,0.10023021,0
0.0,5.880206e-06,0
0.0,0.396641,0
0.0,0.00018045145,0
0.0,0.06357473,0
0.0,0.00018883112,0
0.0,0.002304896,0
1.0,1.0,1
0.0,0.051945385,0
0.0,6.2751033e-06,0
0.0,0.42304736,0
0.0,0.031061703,0
1.0,0.9999999,1
0.0,0.030261053,0
1.0,0.9997415,1
0.0,0.00039568706,0
0.0,0.0022120324,0
0.0,0.0001422451,0
0.0,0.00010867844,0
0.0,7.081875e-05,0
0.0,0.24097708,0
1.0,0.9999999,1
0.0,9.1112044e-05,0
0.0,0.00091893575,0
0.0,0.056725107,0
1.0,1.0,1
1.0,0.9956065,1
1.0,0.9999999,1
0.0,0.014190939,0
0.0,0.09653973,0
0.0,0.0007316804,0
0.0,0.00019200567,0
0.0,7.365902e-05,0
1.0,0.9999999,1
1.0,0.2820078,0
0.0,4.1478103e-05,0
0.0,5.958576e-07,0
0.0,2.1807862e-05,0
0.0,0.22100371,0
1.0,0.99800354,1
0.0,0.036726095,0
0.0,3.4218985e-05,0
0.0,2.0074522e-05,0
0.0,0.05253358,0
0.0,0.004570171,0
1.0,0.9999999,1
0.0,0.029134898,0
0.0,0.0013377551,0
0.0,2.346269e-06,0
0.0,0.7030053,1
0.0,1.1297112e-05,0
0.0,0.057428557,0
0.0,0.006246408,0
0.0,0.2716362,0
0.0,8.373493e-05,0
0.0,0.0292101,0
0.0,2.0604588e-05,0
0.0,0.00093575526,0
0.0,0.15488656,0
0.0,0.0017601112,0
0.0,5.062115e-05,0
0.0,0.42232808,0
1.0,0.38350257,0
1.0,0.980283,1
0.0,0.028415801,0
0.0,5.196938e-06,0
0.0,0.008972119,0
0.0,6.0436625e-05,0
0.0,0.31614983,0
0.0,1.3037269e-05,0
0.0,0.066898726,0
0.0,0.4794124,0
0.0,0.00035667705,0
1.0,0.9997842,1
0.0,0.010316384,0
0.0,0.0066160066,0
0.0,0.028607465,0
0.0,0.0010716706,0
0.0,0.07540845,0
0.0,0.001314888,0
0.0,9.0713336e-05,0
0.0,0.0071167676,0
0.0,5.662625e-05,0
0.0,0.00410138,0
0.0,0.023788286,0
0.0,0.01236993,0
0.0,0.070996195,0
0.0,0.00052996876,0
0.0,0.030498471,0
0.0,7.056628e-05,0
0.0,0.020760152,0
0.0,0.0006954206,0
0.0,6.4344217e-06,0
0.0,0.018669795,0
0.0,1.7660886e-05,0
0.0,0.00049028784,0
0.0,0.01744805,0
0.0,0.086472504,0
0.0,0.014740082,0
0.0,0.013747246,0
0.0,0.0036333327,0
0.0,0.26637807,0
1.0,0.24240407,0
0.0,0.07778157,0
0.0,4.1927367e-05,0
0.0,0.0014179918,0
0.0,0.18863258,0
0.0,0.00010987446,0
0.0,0.07134985,0
0.0,0.0051589007,0
0.0,0.0013728276,0
0.0,0.10487304,0
0.0,0.0073295026,0
0.0,0.007378115,0
0.0,0.003385966,0
0.0,0.00036959242,0
0.0,0.0051473505,0
0.0,0.0009958318,0
0.0,0.015612951,0
0.0,0.097757235,0
0.0,0.032770135,0
0.0,0.00013976182,0
0.0,0.08263795,0
0.0,0.031394612,0
0.0,8.31305e-05,0
0.0,0.019263642,0
0.0,2.728431e-05,0
0.0,0.0027587267,0
1.0,0.9999999,1
1.0,0.9999999,1
0.0,0.0045417137,0
0.0,0.0009119609,0
0.0,0.004305277,0
0.0,0.009532943,0
0.0,0.00019925208,0
0.0,0.00046228067,0
0.0,0.0012689269,0
0.0,4.890098e-07,0
1.0,0.9999999,1
0.0,0.0070743784,0
0.0,0.33946386,0
0.0,0.39532253,0
0.0,0.013387948,0
0.0,2.5622894e-05,0
0.0,0.06488874,0
0.0,0.059609402,0
0.0,0.22437115,0
0.0,0.00030793296,0
0.0,0.0005016721,0
0.0,0.9286984,1
0.0,0.08134641,0
0.0,0.00011272651,0
1.0,0.97452605,1
0.0,0.06042921,0
0.0,1.5033363e-05,0
0.0,0.18134058,0
0.0,0.011484852,0
0.0,0.15005955,0
1.0,0.9999999,1
1.0,0.9999999,1
0.0,0.003375937,0
0.0,0.000115039504,0
1.0,0.9999999,1
1.0,0.9999999,1
0.0,0.08204354,0
0.0,0.000573372,0
0.0,0.0011165017,0
1.0,0.9999999,1
0.0,5.72242e-05,0
0.0,0.0045308853,0
0.0,0.00022620434,0
0.0,1.0024222e-06,0
0.0,0.0002030274,0
0.0,0.0031971603,0
0.0,0.003303876,0
1.0,0.9999999,1
0.0,0.05203031,0
1.0,0.9960908,1
0.0,0.00071685447,0
0.0,0.0004937196,0
0.0,0.1404281,0
0.0,0.0062302733,0
0.0,0.004958301,0
1.0,0.9999999,1
0.0,0.0019246902,0
0.0,0.0017804751,0
0.0,0.041761007,0
0.0,0.00020798518,0
1.0,1.0,1
0.0,0.058595542,0
0.0,0.15973589,0
0.0,0.2859989,0
0.0,0.05441075,0
0.0,0.007172463,0
1.0,0.9999999,1
0.0,0.0003247162,0
0.0,1.4709284e-05,0
0.0,0.0013498714,0
0.0,0.0068319608,0
1.0,0.0017719242,0
0.0,0.36508262,0
0.0,0.00028929432,0
0.0,0.11111488,0
0.0,0.21136785,0
0.0,0.116912335,0
0.0,0.0008164789,0
0.0,0.02572566,0
0.0,0.00016504245,0
0.0,0.37086678,0
0.0,0.06731318,0
0.0,0.005861136,0
1.0,0.99894375,1
1.0,1.0,1
0.0,0.14275327,0
0.0,0.00013152437,0
0.0,0.058281623,0
0.0,0.020344924,0
1.0,0.9971602,1
0.0,0.0002735821,0
0.0,0.19238481,0
0.0,0.24159501,0
0.0,0.011130932,0
1.0,1.0,1
1.0,0.9999999,1
0.0,0.16418472,0
0.0,0.00060645473,0
0.0,3.3194257e-07,0
0.0,0.009041624,0
0.0,0.0050106384,0
0.0,0.6330546,1
0.0,0.24750507,0
1.0,1.0,1
0.0,0.010233753,0
0.0,0.08234344,0
0.0,2.5135632e-05,0
0.0,0.025387611,0
0.0,0.0053655296,0
0.0,0.0036392722,0
1.0,0.7849373,1
1.0,0.9989429,1
0.0,0.016904458,0
0.0,0.0033275855,0
0.0,0.45167327,0
0.0,0.0022622182,0
0.0,0.021713382,0
1.0,0.9999999,1
0.0,0.0053442796,0
1.0,0.70174056,1
1.0,0.9999999,1
0.0,0.47334796,0
0.0,0.026279204,0
0.0,0.111006625,0
0.0,0.012404237,0
0.0,0.005310603,0
0.0,0.04447581,0
0.0,2.2942357e-05,0
0.0,0.008442349,0
0.0,0.055981185,0
1.0,0.9999999,1
1.0,0.5970631,1
0.0,0.09489885,0
0.0,0.0005737615,0
0.0,0.008424011,0
0.0,2.3127806e-05,0
0.0,0.20740224,0
0.0,1.0107844e-06,0
0.0,0.00016784293,0
0.0,0.3808978,0
0.0,0.020237518,0
0.0,0.023769526,0
0.0,0.019984119,0
0.0,0.001991629,0
0.0,0.12693962,0
0.0,0.0032899636,0
0.0,0.003051159,0
0.0,0.044437688,0
0.0,0.003642024,0
0.0,0.011284689,0
0.0,0.58562094,1
1.0,0.97722834,1
0.0,0.01810465,0
0.0,0.3264317,0
0.0,0.0004341311,0
0.0,0.044770114,0
0.0,0.00012442026,0
0.0,0.0001369342,0
0.0,0.0053631356,0
1.0,1.0,1
0.0,0.07773471,0
0.0,0.111147396,0
0.0,0.4153764,0
0.0,0.036235806,0
0.0,0.33837008,0
1.0,0.99986947,1
0.0,0.0051048626,0
0.0,0.004499678,0
0.0,0.057763215,0
0.0,0.0002631613,0
0.0,0.00012460357,0
0.0,0.00073139044,0
0.0,0.0048634717,0
0.0,0.00095963903,0
0.0,0.2554159,0
0.0,0.03100578,0
1.0,0.9999999,1
0.0,0.011748952,0
0.0,0.00456279,0
0.0,0.00037441778,0
0.0,0.0027247986,0
0.0,0.0024787372,0
0.0,0.004719005,0
1.0,0.9999999,1
0.0,0.036167428,0
0.0,0.0013623908,0
0.0,0.011402073,0
1.0,0.995492,1
0.0,0.07045088,0
0.0,0.0013478633,0
1.0,0.97226036,1
0.0,0.24211442,0
0.0,0.001282364,0
0.0,0.0006905131,0
0.0,0.30841893,0
0.0,0.03349172,0
0.0,0.0018256528,0
1.0,0.9978046,1
0.0,0.39737964,0
0.0,0.5980332,1
0.0,5.9116013e-05,0
0.0,9.244819e-05,0
0.0,0.0007202543,0
0.0,0.10735003,0
1.0,0.9999999,1
0.0,0.14521188,0
0.0,0.06858095,0
0.0,0.2900374,0
0.0,5.392104e-06,0
1.0,1.0,1
1.0,0.9999999,1
1.0,1.0,1
1.0,1.0,1
0.0,0.0053936075,0
0.0,7.8437614e-07,0
0.0,0.02967095,0
0.0,0.007665135,0
1.0,0.9954411,1
0.0,0.7789741,1
0.0,0.046056964,0
0.0,0.0015895308,0
0.0,0.054166645,0
0.0,0.014446461,0
0.0,0.09530731,0
0.0,0.42237598,0
0.0,4.2164147e-06,0
0.0,8.4365056e-05,0
0.0,0.0001261324,0
0.0,0.0749269,0
0.0,0.0038827313,0
1.0,0.9994179,1
0.0,0.11533701,0
0.0,0.7937708,1
0.0,0.0014212914,0
1.0,0.9999348,1
0.0,0.0012240649,0
0.0,0.21002205,0
0.0,0.000102339465,0
0.0,0.00034207126,0
0.0,0.0002734561,0
1.0,0.9999999,1
0.0,0.059397746,0
0.0,0.45207813,0
0.0,0.009285794,0
0.0,0.007178822,0
0.0,0.06586068,0
0.0,0.000843819,0
0.0,0.00029612816,0
0.0,0.0021524122,0
0.0,0.0013870207,0
0.0,0.002650342,0
0.0,0.0023910233,0
0.0,0.0100795375,0
0.0,0.24238518,0
0.0,0.0009710823,0
0.0,0.8347333,1
0.0,0.22386363,0
0.0,3.9017898e-05,0
1.0,0.9999999,1
1.0,0.91942275,1
0.0,0.05068984,0
1.0,0.9004134,1
0.0,0.0021353127,0
0.0,0.36476302,0
0.0,0.0001801068,0
0.0,0.3875424,0
0.0,3.8082617e-05,0
0.0,0.000937634,0
0.0,0.08037773,0
0.0,0.0042651063,0
0.0,5.9583734e-05,0
0.0,0.007980023,0
1.0,0.9874307,1
0.0,0.009934167,0
0.0,0.00254283,0
0.0,0.14867914,0
0.0,0.30732867,0
0.0,0.0005287492,0
0.0,5.391708e-06,0
0.0,0.0036363322,0
0.0,0.0038289097,0
0.0,0.005398634,0
0.0,0.009232568,0
0.0,0.009513846,0
0.0,0.0010564383,0
1.0,1.0,1
0.0,5.080052e-05,0
1.0,0.56518424,1
0.0,6.789992e-06,0
0.0,2.0140676e-05,0
0.0,0.50320756,1
0.0,0.014190939,0
1.0,1.0,1
0.0,0.002244165,0
0.0,0.07463581,0
0.0,0.42853233,0
1.0,0.08437677,0
0.0,1.2806397e-06,0
0.0,0.029132899,0
0.0,0.002257509,0
0.0,0.18819623,0
0.0,0.0015146255,0
0.0,0.07015781,0
1.0,0.9999999,1
0.0,0.031431764,0
0.0,0.19354104,0
0.0,0.20368606,0
0.0,0.029643668,0
0.0,0.014727313,0
1.0,0.26351532,0
0.0,0.0011269765,0
0.0,0.0027887658,0
0.0,0.004080971,0
0.0,0.018473981,0
0.0,0.014435799,0
0.0,0.001255109,0
0.0,0.00060645473,0
0.0,0.00091809075,0
0.0,0.0014763634,0
0.0,0.00044898555,0
0.0,0.035744388,0
0.0,0.0002098787,0
0.0,3.9042312e-05,0
0.0,0.004810835,0
0.0,0.0027677394,0
0.0,0.040236067,0
1.0,0.9999999,1
0.0,0.011528405,0
0.0,0.49837807,0
0.0,0.004173543,0
0.0,0.03721046,0
0.0,0.0025772231,0
0.0,0.46864328,0
0.0,0.0006761498,0
0.0,1.8281334e-07,0
0.0,0.00035138216,0
0.0,0.0020008713,0
0.0,0.005970103,0
0.0,0.00886599,0
0.0,0.00010430251,0
1.0,0.9999999,1
1.0,0.94174886,1
0.0,0.0074953656,0
0.0,0.019189231,0
0.0,0.72329825,1
0.0,0.010741327,0
0.0,0.023529498,0
0.0,0.011314095,0
0.0,0.001100266,0
0.0,0.0110464655,0
0.0,0.0004997551,0
0.0,2.0513968e-05,0
0.0,0.013967704,0
0.0,0.05244177,0
0.0,0.054775905,0
1.0,0.007633356,0
0.0,0.013839327,0
0.0,4.1815088e-06,0
0.0,7.087928e-05,0
0.0,2.6020332e-05,0
0.0,0.00091288023,0
0.0,0.0024034383,0
0.0,0.00030499863,0
0.0,0.103405274,0
0.0,6.384611e-06,0
0.0,0.0017451762,0
0.0,0.0028750037,0
0.0,0.043102145,0
0.0,4.464819e-05,0
0.0,0.26937386,0
0.0,0.0019744667,0
1.0,0.9999999,1
0.0,0.0026486004,0
0.0,0.001633149,0
0.0,0.002256665,0
0.0,0.00017423637,0
1.0,0.9999999,1
0.0,0.040582556,0
0.0,1.14736795e-05,0
0.0,0.018867444,0
0.0,0.008813353,0
0.0,0.009895785,0
0.0,0.00014852275,0
0.0,0.62291974,1
0.0,0.45513803,0
0.0,0.03778905,0
0.0,0.69611245,1
0.0,0.00025697728,0
0.0,0.025570815,0
0.0,0.00043835927,0
0.0,0.0056555117,0
0.0,0.5152711,1
0.0,0.0002177345,0
0.0,0.007949229,0
0.0,0.037143238,0
0.0,0.1752465,0
0.0,0.00024889343,0
0.0,1.4007768e-06,0
0.0,0.00010893388,0
0.0,0.1082387,0
0.0,5.48605e-06,0
0.0,0.0010477504,0
0.0,0.065479755,0
0.0,3.6300157e-06,0
0.0,0.022641763,0
0.0,0.002014922,0
0.0,0.0113473525,0
0.0,0.039184336,0
1.0,0.99389863,1
0.0,0.3757737,0
0.0,2.9697105e-06,0
0.0,0.012516811,0
0.0,0.21701597,0
0.0,9.590285e-05,0
0.0,0.14973952,0
0.0,0.0010638767,0
0.0,0.065563604,0
0.0,0.10887619,0
0.0,0.66387516,1
0.0,0.010873077,0
1.0,0.14773965,0
1.0,0.9999999,1
1.0,0.99863714,1
0.0,0.13692117,0
0.0,0.020965518,0
0.0,0.0006678378,0
0.0,0.07716962,0
0.0,0.02281481,0
1.0,0.9999999,1
0.0,0.0019506819,0
1.0,0.9999999,1
0.0,0.0027940418,0
1.0,0.9999999,1
0.0,0.13573661,0
0.0,0.487871,0
1.0,0.9999999,1
1.0,0.9999999,1
0.0,4.0086547e-05,0
0.0,0.0001576099,0
0.0,0.027224908,0
1.0,0.99872786,1
0.0,0.41930872,0
0.0,0.0042948197,0
0.0,0.00063501083,0
0.0,2.7230371e-05,0
1.0,0.7849622,1
0.0,5.182966e-06,0
0.0,0.0056426334,0
0.0,0.259316,0
0.0,0.30011746,0
0.0,0.08721462,0
0.0,0.09739256,0
0.0,0.14458759,0
0.0,0.12618871,0
0.0,0.00024945242,0
0.0,0.001368813,0
0.0,0.0100068515,0
0.0,0.012596996,0
0.0,0.07148097,0
1.0,0.9999999,1
0.0,0.0017844023,0
0.0,0.031385623,0
0.0,0.0025829782,0
1.0,0.9999999,1
0.0,0.021773776,0
0.0,0.0203704,0
0.0,0.015929658,0
0.0,0.73237646,1
0.0,0.000105032406,0
0.0,0.004817974,0
1.0,0.78727597,1
1.0,1.0,1
1.0,0.9999999,1
0.0,0.0035738256,0
0.0,0.008205571,0
0.0,8.555632e-05,0
0.0,0.15266685,0
0.0,0.36983782,0
0.0,0.00017462658,0
0.0,0.19625962,0
0.0,0.0069933734,0
0.0,0.0010198564,0
0.0,0.00025391878,0
0.0,0.04804968,0
1.0,0.9999999,1
0.0,0.17151904,0
0.0,0.4337579,0
1.0,0.9999999,1
0.0,2.2239714e-05,0
0.0,0.0041782046,0
0.0,0.0022804595,0
0.0,0.2863236,0
0.0,6.3953175e-06,0
0.0,0.44022727,0
0.0,0.02372217,0
0.0,0.0023136078,0
0.0,0.00016770423,0
0.0,8.876549e-05,0
1.0,0.2357646,0
0.0,0.01824184,0
0.0,0.2661814,0
0.0,0.00013999698,0
0.0,0.07359832,0
0.0,0.031582825,0
0.0,0.21444066,0
0.0,0.00035540303,0
0.0,0.48833144,0
0.0,9.584789e-05,0
0.0,3.3194257e-07,0
1.0,0.9999999,1
0.0,0.0031626895,0
0.0,2.7826516e-05,0
0.0,0.0014673203,0
1.0,0.9518895,1
1.0,1.0,1
0.0,0.00046739663,0
0.0,2.4645082e-05,0
1.0,0.9999999,1
0.0,0.00046554135,0
0.0,0.00048825773,0
1.0,0.9999999,1
1.0,0.9999999,1
1.0,0.58836764,1
0.0,0.0010121539,0
0.0,0.5376822,1
1.0,0.97664326,1
0.0,0.05933221,0
0.0,0.0047059194,0
0.0,0.27000758,0
0.0,0.002078452,0
0.0,0.18657328,0
0.0,0.039350227,0
0.0,0.32212093,0
0.0,0.00015833201,0
0.0,0.0036220585,0
0.0,0.00047943133,0
0.0,0.014010672,0
0.0,0.3956545,0
0.0,0.00014681212,0
0.0,1.3593917e-05,0
0.0,0.14123785,0
0.0,0.009956234,0
0.0,0.00018061326,0
1.0,0.973407,1
0.0,1.0600402e-05,0
0.0,0.00039108546,0
0.0,0.00013376497,0
0.0,0.010420802,0
0.0,0.0002851178,0
0.0,0.1434561,0
0.0,0.00056539965,0
0.0,0.0004030996,0
0.0,0.001914283,0
0.0,0.000118599644,0
1.0,0.20927376,0
0.0,0.0050818133,0
0.0,0.0046528215,0
0.0,0.11846571,0
0.0,0.22887811,0
0.0,0.00052653986,0
0.0,0.006377745,0
0.0,0.006251835,0
0.0,0.2501788,0
0.0,0.034226548,0
0.0,0.0030796211,0
0.0,7.846287e-05,0
0.0,0.13828962,0
0.0,3.53758e-07,0
0.0,0.000961857,0
0.0,0.18069121,0
0.0,0.06554195,0
0.0,0.0029507172,0
0.0,0.0033397612,0
1.0,0.9999999,1
0.0,0.63897693,1
0.0,0.14670563,0
0.0,0.00011117596,0
0.0,0.07067722,0
0.0,6.763985e-06,0
0.0,0.17177477,0
0.0,0.062614426,0
0.0,0.07192657,0
0.0,0.0010910528,0
0.0,0.007538564,0
0.0,0.00010888984,0
0.0,0.014956356,0
1.0,0.99118245,1
0.0,3.3761987e-06,0
1.0,0.978102,1
0.0,0.08897025,0
1.0,0.9999999,1
0.0,0.09546352,0
0.0,0.08755176,0
0.0,0.0003302346,0
0.0,0.07571231,0
0.0,3.6363322e-06,0
0.0,0.052507736,0
0.0,0.5801952,1
0.0,9.002438e-05,0
0.0,0.0009279458,0
0.0,0.01017567,0
1.0,0.77337575,1
0.0,0.0013336487,0
1.0,0.9999999,1
0.0,4.6529135e-06,0
0.0,1.085058e-05,0
0.0,0.3995359,0
0.0,0.23739761,0
0.0,0.006888091,0
0.0,0.0017633456,0
0.0,4.487781e-05,0
0.0,0.20154844,0
1.0,1.0,1
0.0,0.0028219954,0
0.0,0.008314866,0
1.0,0.9999999,1
0.0,0.0009607561,0
0.0,0.00027556927,0
0.0,0.20795445,0
0.0,0.29108614,0
0.0,0.0003034278,0
0.0,1.5246686e-05,0
0.0,0.3808978,0
0.0,0.44299224,0
0.0,0.07472659,0
0.0,0.008505961,0
0.0,0.0030445564,0
1.0,0.9999999,1
0.0,0.02096867,0
0.0,0.001182062,0
1.0,0.9999999,1
1.0,0.6006012,1
0.0,0.00076686806,0
0.0,0.3329123,0
0.0,0.020581774,0
0.0,0.04256261,0
0.0,0.0010166203,0
0.0,0.0010111535,0
0.0,0.00017841789,0
0.0,0.012732067,0
0.0,0.00909881,0
0.0,0.008678902,0
0.0,0.0013492017,0
0.0,0.0005543745,0
1.0,0.9636943,1
0.0,7.1142356e-05,0
0.0,0.34527305,0
0.0,0.001632224,0
0.0,0.0013745576,0
0.0,0.012649308,0
0.0,3.175035e-06,0
0.0,0.021551134,0
0.0,0.031240202,0
0.0,0.0062661036,0
0.0,8.6111104e-05,0
0.0,0.00020354106,0
0.0,0.021299474,0
0.0,0.0031762556,0
0.0,0.0068574655,0
0.0,0.00017719214,0
0.0,0.0008679404,0
0.0,0.021440476,0
0.0,0.042112593,0
0.0,0.16682273,0
0.0,0.5345566,1
0.0,0.00037367948,0
0.0,0.028302602,0
0.0,0.18963906,0
0.0,0.00018751685,0
0.0,1.219748e-06,0
0.0,0.011387544,0
0.0,0.010451412,0
0.0,0.002348557,0
1.0,0.94710773,1
1.0,0.9999999,1
0.0,0.0053707846,0
0.0,7.884652e-06,0
0.0,0.0049045817,0
0.0,0.24147156,0
1.0,0.9999999,1
0.0,3.6367874e-05,0
0.0,0.0041596517,0
0.0,0.00010006821,0
0.0,0.07948338,0
0.0,0.000389359,0
0.0,0.0003881033,0
1.0,0.9999999,1
0.0,0.02235636,0
0.0,0.57631546,1
0.0,4.031269e-05,0
0.0,0.20625466,0
0.0,0.0025766655,0
0.0,0.0061094686,0
0.0,0.019816885,0
0.0,0.01784002,0
0.0,0.0030457422,0
1.0,0.9999999,1
0.0,0.03547806,0
0.0,0.016469643,0
0.0,0.00015642219,0
1.0,0.9999999,1
0.0,0.002209671,0
0.0,0.014236859,0
0.0,0.0025114587,0
1.0,0.9999999,1
0.0,0.0008024246,0
0.0,0.03369957,0
1.0,0.9999999,1
0.0,0.014978206,0
0.0,0.02512145,0
0.0,0.00335179,0
1.0,0.91829115,1
0.0,0.028032824,0
1.0,0.99180955,1
0.0,0.21237494,0
0.0,0.005491904,0
0.0,0.13959211,0
1.0,0.9984675,1
0.0,5.8873156e-05,0
0.0,0.0003516742,0
0.0,0.00021438471,0
0.0,0.43631127,0
0.0,0.10035034,0
0.0,0.0009759095,0
0.0,0.0011471601,0
0.0,2.7925566e-05,0
0.0,0.058438465,0
0.0,0.00022150231,0
0.0,0.0022927849,0
1.0,1.0,1
0.0,0.031329878,0
0.0,0.3685631,0
0.0,0.10395915,0
1.0,1.0,1
0.0,0.0069010304,0
0.0,0.011674052,0
0.0,0.025716217,0
0.0,0.10560771,0
1.0,0.43633354,0
0.0,0.004810495,0
0.0,0.047674134,0
1.0,0.9999999,1
0.0,0.1300989,0
0.0,0.00044755318,0
0.0,0.024947468,0
0.0,0.42291307,0
0.0,0.04076206,0
0.0,0.0028419623,0
0.0,3.7521375e-05,0
0.0,0.023462357,0
0.0,0.028973062,0
1.0,0.9999999,1
0.0,0.014824327,0
0.0,0.008080492,0
1.0,0.9999999,1
1.0,0.94366795,1
1.0,0.5528835,1
0.0,4.93114e-05,0
1.0,0.9967874,1
0.0,0.0008013999,0
1.0,0.3809148,0
1.0,0.99984026,1
0.0,0.2715815,0
0.0,0.011264099,0
1.0,0.97006744,1
0.0,0.10058529,0
1.0,0.0010025301,0
0.0,0.010461028,0
0.0,0.00058333296,0
0.0,0.00085527246,0
1.0,0.9996438,1
0.0,0.0022786183,0
0.0,0.00052588555,0
0.0,0.06736994,0
0.0,0.00072882447,0
0.0,0.020499453,0
0.0,0.0367062,0
0.0,0.1932413,0
0.0,0.0060770903,0
0.0,0.00015512445,0
0.0,0.00024386027,0
0.0,0.14753836,0
0.0,0.00032767173,0
0.0,0.004474835,0
1.0,0.4337252,0
1.0,0.9999999,1
0.0,0.010998472,0
0.0,0.07686048,0
0.0,0.042207677,0
0.0,0.3160184,0
0.0,0.00022108224,0
1.0,0.9999999,1
1.0,0.9999999,1
0.0,0.03209298,0
0.0,0.2159825,0
0.0,0.009846183,0
1.0,0.3574093,0
0.0,0.0039035287,0
0.0,0.00021136596,0
0.0,0.116597004,0
1.0,0.9999999,1
0.0,0.0033026591,0
0.0,0.0020419513,0
0.0,0.00806275,0
1.0,0.9999999,1
0.0,0.0017934726,0
1.0,0.9999999,1
0.0,0.0033340903,0
1.0,0.973498,1
0.0,0.051674243,0
0.0,0.49411175,0
0.0,0.32013553,0
1.0,0.8055199,1
0.0,0.016418435,0
0.0,0.008212843,0
0.0,0.0005289297,0
1.0,0.9999999,1
0.0,0.40787855,0
0.0,0.012600607,0
0.0,1.19111455e-05,0
0.0,0.41443062,0
0.0,0.2839481,0
0.0,2.1873471e-05,0
0.0,0.3359419,0
0.0,0.0019418355,0
0.0,0.06206641,0
0.0,0.06413377,0
1.0,0.4883875,0
0.0,0.004052584,0
0.0,0.003908347,0
0.0,0.2668343,0
0.0,0.019370018,0
0.0,0.001969086,0
0.0,0.51558965,1
0.0,7.305646e-06,0
0.0,0.026890174,0
0.0,0.10339197,0
0.0,0.3222654,0
0.0,0.0042159623,0
0.0,0.45596457,0
0.0,0.00025103334,0
0.0,0.007048594,0
0.0,0.00067732873,0
0.0,0.020150045,0
0.0,0.00011584629,0
0.0,0.007417776,0
0.0,0.006570042,0
0.0,0.00015438707,0
0.0,0.001437708,0
0.0,0.0005934366,0
0.0,0.00039095295,0
0.0,0.008121277,0
0.0,0.0053734165,0
0.0,0.006557853,0
0.0,0.9727673,1
0.0,0.0005685529,0
0.0,1.3960588e-05,0
0.0,0.0039085643,0
0.0,3.7956565e-06,0
0.0,1.3591494e-05,0
0.0,2.3643379e-05,0
0.0,0.0922126,0
0.0,0.0011057178,0
0.0,5.1527204e-05,0
0.0,0.40604934,0
1.0,0.49538326,0
0.0,0.006255196,0
0.0,0.0008602848,0
0.0,0.100963034,0
0.0,0.0045021162,0
0.0,0.019657195,0
0.0,0.009644669,0
0.0,0.0051890207,0
0.0,0.0050137085,0
0.0,0.005517355,0
0.0,0.00311465,0
0.0,0.0005463301,0
0.0,1.6082886e-05,0
0.0,0.0012501117,0
0.0,0.46773973,0
0.0,7.161256e-05,0
1.0,0.9991179,1
0.0,0.097467005,0
0.0,0.0026269085,0
0.0,0.00060645473,0
0.0,0.016402602,0
0.0,0.01619029,0
0.0,0.0055709556,0
0.0,5.3027343e-06,0
0.0,0.020661682,0
0.0,0.0012153115,0
0.0,0.030496929,0
0.0,0.011439662,0
1.0,0.99998474,1
0.0,0.010672647,0
0.0,4.5968777e-06,0
0.0,0.3359419,0
0.0,0.5202198,1
0.0,8.1453894e-05,0
0.0,3.034382e-05,0
0.0,0.01205283,0
1.0,1.0,1
1.0,0.91999066,1
0.0,0.15562493,0
0.0,0.022577785,0
0.0,0.39222962,0
0.0,0.0019382411,0
0.0,0.0011333519,0
0.0,0.000273119,0
0.0,0.0025488713,0
0.0,0.018060539,0
0.0,3.6020712e-05,0
1.0,0.9999999,1
0.0,0.00018030337,0
1.0,1.0,1
1.0,0.057541613,0
1.0,0.83225536,1
0.0,0.001142843,0
1.0,1.0,1
0.0,0.00039129393,0
0.0,0.0009800672,0
0.0,0.022622313,0
0.0,0.3470782,0
0.0,0.12520309,0
0.0,2.7798853e-05,0
0.0,0.10229079,0
0.0,4.5968777e-06,0
1.0,1.0,1
0.0,0.000650296,0
0.0,0.011904125,0
0.0,0.07301334,0
0.0,0.2289113,0
0.0,0.00020219208,0
0.0,0.1800191,0
0.0,2.796994e-05,0
1.0,0.99988425,1
1.0,0.9999999,1
1.0,0.9999999,1
0.0,0.081523985,0
0.0,0.0131045105,0
0.0,0.26825866,0
0.0,0.06241124,0
1.0,1.0,1
0.0,0.039381824,0
0.0,0.009392723,0
0.0,9.4551826e-05,0
0.0,0.10019468,0
0.0,0.0023794952,0
0.0,0.003675852,0
0.0,0.046060827,0
0.0,0.08000695,0
0.0,0.00025928058,0
0.0,8.388291e-06,0
0.0,0.0066912314,0
0.0,6.726823e-06,0
1.0,0.7042552,1
0.0,0.0046805316,0
1.0,0.8100853,1
1.0,0.9999999,1
0.0,0.002817674,0
1.0,0.03692107,0
0.0,1.6448641e-06,0
0.0,0.0018549857,0
0.0,0.022463549,0
0.0,0.004790104,0
0.0,0.050249,0
0.0,0.04217751,0
0.0,0.03662766,0
1.0,0.006153246,0
0.0,0.00088975567,0
0.0,0.1275363,0
0.0,0.4994483,0
0.0,0.00062589376,0
0.0,0.00018020938,0
1.0,0.19871205,0
0.0,0.0026212153,0
0.0,0.0002953432,0
0.0,0.0041956464,0
0.0,0.00057461497,0
0.0,4.43874e-05,0
0.0,0.012411908,0
0.0,2.637275e-05,0
0.0,0.099266365,0
1.0,0.97824997,1
1.0,0.99857056,1
0.0,0.006010762,0
0.0,0.0002949751,0
1.0,0.9999999,1
1.0,0.9999999,1
0.0,0.015504818,0
0.0,0.11501469,0
0.0,0.006499794,0
0.0,0.0027512251,0
0.0,0.00024265771,0
0.0,0.023182077,0
0.0,0.00014540792,0
0.0,0.026291402,0
0.0,0.0011330147,0
0.0,0.42916578,0
0.0,0.51479757,1
0.0,0.0097772535,0
1.0,0.9999999,1
0.0,0.19167626,0
0.0,0.012184091,0
0.0,0.0023395603,0
0.0,0.019187495,0
0.0,0.007427238,0
0.0,0.0016500249,0
1.0,0.9999999,1
1.0,0.9885843,1
0.0,0.00026490557,0
0.0,0.1801132,0
0.0,0.0015224412,0
0.0,0.00046385036,0
1.0,0.9999999,1
0.0,3.4122073e-05,0
0.0,0.0017806998,0
0.0,0.031123422,0
1.0,0.991372,1
0.0,0.026726784,0
0.0,0.074593306,0
0.0,0.027471581,0
0.0,0.012372459,0
0.0,0.0029085695,0
0.0,0.10886553,0
1.0,0.9999999,1
0.0,5.3579527e-07,0
0.0,1.8590941e-05,0
1.0,0.9999999,1
0.0,0.14495938,0
0.0,0.00038059917,0
0.0,0.00041521445,0
0.0,0.014933563,0
0.0,0.00011029341,0
0.0,0.0014209395,0
1.0,0.30671075,0
0.0,0.00052706804,0
1.0,0.92522,1
0.0,0.00018367473,0
0.0,0.0039342693,0
0.0,0.06424267,0
1.0,0.9999999,1
0.0,0.10341907,0
0.0,0.00011528692,0
0.0,0.00041718173,0
1.0,1.0,1
0.0,0.0022572821,0
0.0,0.0121262465,0
0.0,0.0023355458,0
0.0,0.19102603,0
0.0,0.0045638927,0
0.0,0.0099722985,0
0.0,2.2238132e-06,0
0.0,0.06748264,0
0.0,0.12201217,0
0.0,0.00016687046,0
0.0,0.0003674543,0
0.0,0.03952604,0
0.0,0.02926718,0
1.0,0.99709463,1
0.0,0.013836601,0
0.0,0.0050513227,0
0.0,0.0025751158,0
0.0,0.0006735791,0
0.0,0.060296644,0
0.0,0.00033784172,0
0.0,0.0023691333,0
0.0,0.0071144598,0
0.0,0.009763547,0
0.0,0.45983884,0
0.0,0.0012348127,0
0.0,0.007263913,0
0.0,0.0060613067,0
0.0,0.43945172,0
0.0,0.20578568,0
0.0,0.00039557784,0
0.0,0.018889967,0
0.0,0.1332853,0
0.0,0.00056914525,0
0.0,0.0012217474,0
1.0,0.9999999,1
0.0,0.012954139,0
0.0,0.02818,0
1.0,0.47877067,0
0.0,0.02358322,0
0.0,0.004501274,0
0.0,6.164402e-05,0
0.0,9.543658e-07,0
0.0,0.0013197555,0
0.0,0.0054420796,0
0.0,0.55400896,1
0.0,0.45863634,0
0.0,0.03918638,0
0.0,0.00905354,0
0.0,0.0010897784,0
0.0,0.00037763754,0
0.0,0.0007502836,0
0.0,0.0030710383,0
0.0,0.031885047,0
1.0,0.9999999,1
0.0,0.00014575427,0
0.0,0.015482599,0
0.0,0.00012404319,0
0.0,0.11922815,0
0.0,0.02566044,0
0.0,0.0011214878,0
0.0,0.12005972,0
0.0,0.001366043,0
0.0,0.00047735285,0
0.0,0.06164104,0
1.0,0.9246797,1
0.0,0.022568166,0
0.0,0.002870453,0
0.0,0.11699915,0
0.0,0.4447173,0
0.0,0.00087256375,0
0.0,0.0233405,0
1.0,0.9999999,1
0.0,0.0035089196,0
0.0,0.000121075136,0
0.0,0.0049524065,0
1.0,0.99988616,1
0.0,0.00015269071,0
0.0,0.15780239,0
0.0,0.082738295,0
1.0,0.9999999,1
0.0,0.83496827,1
0.0,0.0024644274,0
0.0,0.01249633,0
0.0,0.37471032,0
0.0,0.39944315,0
0.0,0.044989903,0
0.0,0.5505738,1
1.0,0.9999999,1
0.0,0.02833767,0
0.0,0.0016635385,0
0.0,0.14959188,0
0.0,0.0006974403,0
1.0,0.18242745,0
1.0,1.0,1
0.0,0.0004528342,0
0.0,0.04178302,0
0.0,0.012807111,0
1.0,0.06370652,0
0.0,0.3734547,0
0.0,3.2362088e-05,0
0.0,0.00029385628,0
0.0,0.6721813,1
0.0,0.00047310017,0
0.0,0.010592265,0
0.0,0.00078475045,0
0.0,0.002342692,0
1.0,0.08477742,0
0.0,0.0090027945,0
0.0,0.4388958,0
0.0,3.8065915e-05,0
0.0,0.00018136448,0
1.0,0.9999999,1
0.0,0.08458206,0
0.0,0.088438846,0
0.0,1.6596425e-05,0
0.0,0.46465978,0
0.0,3.257369e-05,0
0.0,0.017533716,0
1.0,0.9999999,1
0.0,0.009476967,0
0.0,0.0010338874,0
0.0,0.0012358339,0
0.0,0.00056293013,0
0.0,0.10326412,0
0.0,9.539558e-06,0
0.0,0.22617158,0
0.0,0.061772685,0
0.0,0.28558317,0
0.0,0.0009758901,0
0.0,9.5615294e-05,0
0.0,0.003391159,0
0.0,0.038480815,0
0.0,0.0051230895,0
0.0,0.003782431,0
0.0,0.00234517,0
0.0,0.004118342,0
0.0,0.3290084,0
0.0,0.00062241976,0
1.0,0.6960409,1
0.0,0.1917598,0
1.0,0.9999999,1
0.0,0.038654745,0
0.0,0.015368718,0
1.0,0.9999999,1
0.0,0.06488874,0
0.0,0.42756194,0
0.0,2.151521e-05,0
0.0,0.045465518,0
0.0,0.045628097,0
0.0,0.011061849,0
0.0,0.002886508,0
1.0,0.24967772,0
0.0,0.0007326863,0
0.0,0.00055484945,0
0.0,0.0027682867,0
0.0,0.0073786215,0
0.0,0.019294918,0
1.0,1.0,1
0.0,0.053799823,0
0.0,0.36246696,0
1.0,0.9931986,1
0.0,0.07547588,0
0.0,0.008384861,0
0.0,1.2932569e-05,0
0.0,0.053839624,0
0.0,3.4718678e-07,0
0.0,0.082205616,0
0.0,0.008123018,0
0.0,0.008246488,0
1.0,0.9999999,1
0.0,0.31594917,0
1.0,0.99946195,1
0.0,4.5495424e-05,0
0.0,0.048587352,0
0.0,0.021959282,0
0.0,0.00066804915,0
0.0,0.1565396,0
0.0,0.00055092765,0
1.0,0.9999999,1
0.0,0.00066894264,0
0.0,0.005261768,0
0.0,2.2019076e-05,0
0.0,0.3323466,0
0.0,5.7895166e-05,0
0.0,0.00019402622,0
0.0,0.02236245,0
0.0,0.124734536,0
1.0,0.998841,1
0.0,0.00097565254,0
1.0,0.9999999,1
0.0,0.5502005,1
0.0,0.017521653,0
0.0,0.0994879,0
0.0,0.00047279178,0
1.0,0.035569113,0
1.0,0.9999999,1
0.0,0.00085558067,0
0.0,2.387132e-06,0
0.0,0.000364959,0
0.0,0.01518293,0
0.0,0.0572629,0
0.0,0.0011834725,0
0.0,0.005838779,0
0.0,1.5948555e-05,0
0.0,0.15030532,0
0.0,0.04446571,0
1.0,0.9999999,1
0.0,0.00053202943,0
0.0,0.26425055,0
0.0,0.0025695113,0
0.0,0.00059245835,0
0.0,0.017837958,0
1.0,0.9999999,1
0.0,0.01378777,0
0.0,0.22048703,0
0.0,0.0005558538,0
0.0,0.16043293,0
0.0,0.025036918,0
0.0,0.0008470018,0
0.0,2.5205269e-05,0
0.0,2.708229e-05,0
0.0,1.5529376e-05,0
0.0,5.6471807e-05,0
0.0,0.041157678,0
0.0,0.01769253,0
0.0,0.36437944,0
1.0,0.9999999,1
0.0,0.0011101628,0
0.0,0.01595495,0
1.0,0.9533833,1
0.0,0.015790073,0
0.0,4.7854824e-06,0
0.0,2.9515071e-05,0
0.0,0.000672756,0
0.0,0.55931413,1
0.0,0.00022347897,0
0.0,0.00035901633,0
1.0,0.99998105,1
0.0,0.05998248,0
0.0,2.4446093e-05,0
0.0,0.051831853,0
0.0,0.0010047619,0
0.0,0.31151065,0
1.0,0.70512027,1
0.0,0.0019769818,0
1.0,0.9961654,1
0.0,0.02188589,0
0.0,0.0019772348,0
0.0,0.020236606,0
1.0,1.0,1
0.0,0.054316532,0
0.0,8.007486e-05,0
0.0,3.8490078e-05,0
0.0,0.022179123,0
0.0,0.001037601,0
0.0,0.0003057425,0
0.0,0.009177974,0
0.0,0.00069569406,0
0.0,0.65287733,1
0.0,0.0032185658,0
1.0,0.9999999,1
0.0,0.43945172,0
0.0,0.09843299,0
0.0,0.1951812,0
0.0,0.0003111259,0
0.0,0.01826344,0
1.0,0.640189,1
0.0,0.00040228426,0
0.0,1.9309617e-07,0
0.0,0.20562628,0
0.0,0.012314101,0
0.0,0.013464963,0
1.0,0.46535066,0
1.0,0.4644286,0
0.0,0.008388045,0
0.0,0.011457665,0
0.0,0.00074355403,0
0.0,0.002047028,0
0.0,0.0030662331,0
1.0,0.9999999,1
1.0,0.9999999,1
1.0,0.9961831,1
1.0,0.9449843,1
0.0,0.00045510742,0
0.0,0.2973902,0
0.0,0.6050575,1
0.0,0.003952962,0
0.0,0.01070773,0
0.0,0.020458274,0
0.0,0.0023335947,0
0.0,0.0076891207,0
0.0,0.0051607983,0
0.0,8.9296605e-05,0
0.0,0.0016110514,0
0.0,0.04180322,0
0.0,0.0010090321,0
1.0,0.9999999,1
0.0,0.0021906237,0
0.0,0.050469767,0
0.0,0.14188065,0
0.0,0.12937778,0
0.0,0.002322883,0
0.0,0.07377541,0
0.0,0.45639086,0
0.0,0.011439662,0
0.0,0.005314342,0
0.0,0.00057280477,0
0.0,0.1333026,0
0.0,0.4380342,0
0.0,0.0038979207,0
0.0,0.034569263,0
0.0,0.28426436,0
0.0,0.00032831842,0
0.0,0.004641269,0
1.0,0.9999999,1
0.0,0.34725326,0
0.0,0.060296644,0
0.0,0.048191477,0
0.0,0.34119588,0
0.0,0.00022407089,0
0.0,9.042814e-06,0
1.0,0.90809065,1
0.0,0.040266808,0
0.0,0.001617021,0
0.0,0.26727054,0
0.0,0.0022608065,0
0.0,0.0011498097,0
0.0,0.006684234,0
1.0,0.96592104,1
0.0,0.0024975592,0
0.0,0.118233964,0
0.0,0.00018062083,0
0.0,0.0051595327,0
0.0,0.0004893797,0
0.0,0.3329123,0
0.0,0.66892904,1
0.0,0.053087123,0
0.0,0.0021387597,0
0.0,0.43629986,0
0.0,0.0053631356,0
1.0,0.9999999,1
0.0,0.00052938436,0
0.0,0.057414144,0
0.0,4.2026193e-07,0
0.0,0.005062272,0
1.0,0.9999999,1
0.0,8.154825e-05,0
0.0,0.0014166442,0
0.0,0.0143630635,0
0.0,0.027679944,0
1.0,0.9999999,1
0.0,0.07421315,0
1.0,0.9999999,1
1.0,0.9933553,1
0.0,0.025890362,0
0.0,0.41930872,0
0.0,0.16973542,0
0.0,0.0043672556,0
0.0,0.00015593314,0
0.0,0.0050143483,0
0.0,0.0005819757,0
0.0,0.0038945097,0
0.0,5.308246e-05,0
1.0,0.9999999,1
0.0,0.08183586,0
0.0,0.0032891065,0
0.0,0.0008841765,0
0.0,0.0006362631,0
0.0,0.061785102,0
0.0,0.00051014026,0
1.0,0.9999999,1
1.0,0.99985814,1
0.0,0.024023954,0
0.0,0.06285181,0
1.0,0.9999999,1
0.0,0.0033964522,0
0.0,0.004439968,0
0.0,0.036358047,0
0.0,0.44007716,0
0.0,0.6531423,1
0.0,0.021593591,0
0.0,0.0165047,0
0.0,0.0020953454,0
0.0,0.008259273,0
0.0,0.018499138,0
0.0,0.008711763,0
1.0,0.99872786,1
0.0,0.00087217847,0
0.0,0.10971052,0
0.0,0.222234,0
0.0,0.07605549,0
0.0,0.0004556611,0
0.0,0.008715915,0
0.0,0.00097095605,0
0.0,0.3359467,0
0.0,0.029183827,0
0.0,0.3594604,0
0.0,0.24073145,0
1.0,0.9999999,1
0.0,0.00041088223,0
1.0,0.09032616,0
0.0,0.4963435,0
0.0,0.21067591,0
0.0,0.0031612872,0
0.0,0.0028841633,0
0.0,0.0040128194,0
0.0,0.0047311974,0
1.0,0.99689925,1
1.0,0.9981634,1
0.0,0.39576337,0
0.0,0.29634205,0
0.0,0.37829307,0
0.0,0.025577372,0
0.0,0.06536357,0
1.0,0.8998726,1
1.0,0.9999995,1
0.0,0.36508262,0
0.0,0.015726928,0
0.0,0.00044318463,0
0.0,0.0034207446,0
1.0,0.9770966,1
0.0,1.1482833e-06,0
0.0,0.10736912,0
1.0,0.9999999,1
1.0,0.9999999,1
0.0,0.03723511,0
0.0,0.0017639945,0
0.0,0.09413117,0
0.0,0.028124534,0
0.0,1.6676004e-05,0
0.0,0.0042285165,0
1.0,0.888234,1
0.0,0.00072008686,0
0.0,0.0013495871,0
0.0,0.0008429599,0
0.0,0.0024210059,0
0.0,0.00018581905,0
0.0,0.07470045,0
0.0,0.023303501,0
0.0,0.007906554,0
1.0,1.0,1
0.0,0.0010053478,0
0.0,0.007589277,0
0.0,0.00010216883,0
0.0,0.0021794734,0
0.0,0.10482683,0
0.0,0.018445246,0
0.0,0.026132874,0
1.0,0.43629986,0
0.0,0.34063107,0
1.0,1.0,1
1.0,0.85383755,1
0.0,1.6282458e-05,0
0.0,0.0076802927,0
0.0,0.00010631171,0
0.0,0.25012115,0
0.0,2.1460639e-05,0
1.0,0.9881484,1
0.0,0.0144025665,0
0.0,0.15938759,0
0.0,0.0552777,0
0.0,0.00012657013,0
0.0,0.41432709,0
1.0,1.0,1
0.0,0.019325256,0
0.0,0.0008723817,0
0.0,2.9738206e-07,0
0.0,0.00036700917,0
0.0,0.0032267391,0
0.0,0.008099945,0
1.0,1.0,1
0.0,0.16211477,0
0.0,1.0203757e-05,0
1.0,0.9999999,1
1.0,0.9999999,1
0.0,0.118946366,0
0.0,0.0001449077,0
1.0,0.9999094,1
0.0,0.059867382,0
0.0,0.0029729598,0
0.0,0.2693906,0
0.0,0.0014740104,0
1.0,0.40873352,0
0.0,0.003039836,0
0.0,0.00024775954,0
0.0,0.002320677,0
0.0,0.00012656687,0
0.0,0.38091743,0
1.0,1.0,1
0.0,0.02663247,0
0.0,0.23089674,0
0.0,1.0603931e-05,0
0.0,0.01894422,0
1.0,0.99999845,1
0.0,0.19979373,0
0.0,0.024569916,0
0.0,0.0061936034,0
1.0,1.0,1
0.0,0.023904664,0
1.0,1.0,1
0.0,0.00037923036,0
0.0,0.6859597,1
0.0,0.017931707,0
1.0,0.9999999,1
0.0,0.45983884,0
0.0,0.035693187,0
0.0,0.0785562,0
0.0,0.44683117,0
1.0,0.9846095,1
0.0,0.01708599,0
0.0,0.0014596962,0
0.0,0.14357384,0
0.0,2.8143136e-06,0
0.0,0.19488746,0
0.0,0.00089561957,0
0.0,7.649601e-06,0
0.0,0.0016231448,0
0.0,0.02273217,0
0.0,0.013232886,0
0.0,0.042217597,0
0.0,0.20789796,0
0.0,0.2796705,0
1.0,0.9999999,1
1.0,0.99981695,1
0.0,0.4498245,0
0.0,1.4000106e-05,0
0.0,0.04240439,0
0.0,0.023166733,0
0.0,0.005026787,0
0.0,2.5260566e-05,0
1.0,0.9999999,1
0.0,0.0005719466,0
0.0,0.35056576,0
0.0,0.0003272163,0
0.0,0.070419356,0
0.0,0.0038810868,0
0.0,0.010968652,0
1.0,0.2932449,0
1.0,0.02091583,0
1.0,0.86436045,1
0.0,0.0051298463,0
0.0,0.00043591677,0
0.0,0.013751883,0
0.0,2.3314585e-06,0
0.0,0.32953963,0
0.0,0.46740672,0
0.0,0.0005964809,0
0.0,0.015150766,0
0.0,7.159767e-05,0
0.0,0.016986392,0
0.0,0.022135427,0
0.0,0.0030344087,0
0.0,0.0004524353,0
1.0,1.0,1
1.0,0.9999999,1
0.0,0.00021035208,0
0.0,0.1927505,0
0.0,0.02465055,0
0.0,0.023547703,0
0.0,0.052521978,0
1.0,0.9877104,1
0.0,0.10911479,0
0.0,7.706216e-06,0
0.0,0.005302269,0
0.0,0.0026269085,0
0.0,2.5708416e-05,0
1.0,0.9107179,1
0.0,0.21625419,0
0.0,0.09583466,0
1.0,0.9999999,1
0.0,0.013261365,0
0.0,4.2406186e-06,0
1.0,0.9941123,1
0.0,4.6168051e-07,0
1.0,0.99790573,1
0.0,0.8472892,1
0.0,0.001091544,0
0.0,0.2862374,0
0.0,4.675717e-05,0
0.0,0.0004189506,0
0.0,0.0045782453,0
0.0,0.0008138593,0
0.0,0.009079617,0
0.0,0.00014895675,0
0.0,0.00044982735,0
1.0,0.45564136,0
0.0,0.015275675,0
1.0,0.6492622,1
1.0,0.9999999,1
0.0,0.00070643215,0
0.0,0.00032831842,0
0.0,0.14022644,0
0.0,0.007699646,0
0.0,0.00054383086,0
1.0,0.9999999,1
1.0,0.9668592,1
1.0,0.9503926,1
0.0,0.2540643,0
0.0,0.08392086,0
0.0,0.02161427,0
0.0,4.43685e-06,0
1.0,0.61545986,1
1.0,0.9999999,1
1.0,0.9956065,1
0.0,9.1433805e-07,0
0.0,0.00052588555,0
0.0,0.0006534502,0
0.0,1.4746686e-05,0
0.0,0.01780344,0
0.0,0.041699342,0
0.0,0.0007952557,0
0.0,0.00109746,0
0.0,0.005460305,0
0.0,1.3136075e-05,0
0.0,2.6134505e-05,0
0.0,9.930488e-05,0
1.0,1.0,1
0.0,1.7408935e-06,0
0.0,0.43595964,0
0.0,0.009543786,0
0.0,0.22467014,0
0.0,0.122936726,0
0.0,0.18920971,0
0.0,0.000683982,0
0.0,0.047523044,0
0.0,0.08839836,0
1.0,0.7258777,1
0.0,0.053259786,0
0.0,0.001804351,0
0.0,0.0002742713,0
0.0,0.0400758,0
0.0,0.004662179,0
0.0,0.013844996,0
0.0,0.14911392,0
0.0,0.037047192,0
0.0,0.22495244,0
1.0,0.92519563,1
0.0,0.029830057,0
0.0,0.06962505,0
0.0,0.04954147,0
0.0,0.12823318,0
0.0,0.008955797,0
0.0,2.5303894e-05,0
0.0,0.0013944727,0
0.0,0.11817579,0
0.0,0.43039736,0
0.0,5.14965e-06,0
0.0,0.057312008,0
0.0,0.0005623164,0
0.0,0.01781434,0
0.0,0.028523097,0
1.0,0.9999999,1
0.0,0.0012939452,0
1.0,0.0015126978,0
0.0,0.056874134,0
1.0,0.9999999,1
0.0,6.0894872e-05,0
0.0,6.63905e-05,0
0.0,0.0581807,0
0.0,0.4706442,0
1.0,0.807391,1
1.0,0.8565007,1
0.0,0.00016830061,0
0.0,2.8878976e-05,0
0.0,9.0476715e-05,0
0.0,0.47030035,0
0.0,0.13706602,0
0.0,0.07789774,0
0.0,0.25179246,0
1.0,0.9999999,1
0.0,0.0017633456,0
0.0,0.01411571,0
1.0,0.9965264,1
0.0,0.00013872169,0
1.0,0.9999999,1
0.0,0.3059404,0
0.0,0.0026956364,0
0.0,0.0004600269,0
1.0,1.0,1
0.0,0.0009300981,0
0.0,0.104788534,0
0.0,0.11110358,0
0.0,0.026092323,0
0.0,0.084025465,0
0.0,0.0008091921,0
0.0,0.045132343,0
0.0,0.026402473,0
1.0,1.0,1
0.0,0.037751615,0
0.0,0.008372135,0
0.0,0.0010053478,0
0.0,0.0014379218,0
0.0,0.22760294,0
1.0,0.9996438,1
0.0,0.021761235,0
0.0,0.0047873133,0
0.0,0.0017379201,0
0.0,0.13555688,0
0.0,0.0003059673,0
0.0,6.8099806e-05,0
0.0,0.007590728,0
0.0,0.13586201,0
0.0,7.0544826e-05,0
0.0,0.22481675,0
0.0,0.03528085,0
0.0,0.00068829214,0
0.0,0.02642116,0
0.0,0.05635666,0
0.0,0.0012986832,0
1.0,0.9999999,1
0.0,0.0067477752,0
0.0,0.060341306,0
0.0,0.12929013,0
0.0,0.0002963798,0
0.0,0.0029087258,0
0.0,0.00025173725,0
0.0,0.08470213,0
0.0,0.0011343727,0
0.0,0.0021138035,0
0.0,0.14698131,0
0.0,0.027046148,0
0.0,0.07932581,0
0.0,0.00057424104,0
0.0,0.015482599,0
0.0,0.13445717,0
1.0,0.9999999,1
0.0,0.00048566575,0
0.0,0.28105208,0
0.0,6.532701e-05,0
0.0,0.30874717,0
0.0,0.10758859,0
0.0,0.029242165,0
0.0,0.0001319423,0
0.0,0.00060770713,0
0.0,0.005169658,0
0.0,0.00012638682,0
1.0,1.0,1
0.0,0.932231,1
0.0,0.00052588555,0
0.0,0.002581885,0
0.0,0.06958742,0
0.0,0.14560694,0
0.0,0.0259697,0
0.0,0.00063823024,0
0.0,0.03763699,0
0.0,0.105056465,0
0.0,0.07273462,0
0.0,0.0007825673,0
0.0,8.328118e-05,0
0.0,0.3108184,0
0.0,0.00025540157,0
0.0,0.00013848128,0
0.0,0.112110466,0
1.0,0.9999999,1
1.0,0.9999999,1
0.0,0.0004129931,0
0.0,0.03501742,0
0.0,0.56361943,1
0.0,0.00012708119,0
0.0,2.3550532e-05,0
1.0,0.9605983,1
0.0,0.0073592253,0
0.0,0.070332415,0
0.0,0.062353447,0
0.0,0.00020268757,0
0.0,0.0029417872,0
0.0,0.0058145435,0
0.0,0.43424797,0
0.0,9.342504e-06,0
0.0,0.00075994356,0
0.0,0.39222962,0
0.0,0.43717575,0
0.0,4.5902765e-05,0
0.0,0.00085506384,0
1.0,1.0,1
0.0,0.45874333,0
1.0,0.9999999,1
0.0,0.010923925,0
0.0,0.00667163,0
0.0,0.01061971,0
0.0,0.1702197,0
0.0,0.0040601087,0
0.0,0.122772865,0
1.0,0.4883875,0
0.0,0.012079655,0
0.0,0.00041200712,0
1.0,0.9977792,1
0.0,9.955794e-05,0
0.0,0.442295,0
0.0,5.8323458e-05,0
0.0,9.095573e-06,0
1.0,0.9999999,1
0.0,0.02160084,0
0.0,6.035962e-05,0
0.0,0.0131169185,0
0.0,0.00024870769,0
0.0,0.01452907,0
0.0,0.0026454057,0
0.0,0.0012537751,0
0.0,7.8437614e-07,0
0.0,0.0053729936,0
0.0,0.012084111,0
0.0,0.0016358778,0
0.0,8.500445e-06,0
0.0,0.00043017822,0
0.0,0.058095004,0
0.0,0.37808678,0
1.0,0.9999999,1
1.0,0.9999999,1
0.0,0.0034827704,0
0.0,0.6927915,1
0.0,0.0013801464,0
0.0,0.83436185,1
0.0,0.0131169185,0
0.0,7.532718e-05,0
0.0,0.0021702617,0
0.0,0.00087047316,0
0.0,0.108703904,0
0.0,0.0032958447,0
0.0,0.0063769016,0
0.0,0.39291757,0
0.0,0.0022895813,0
0.0,0.007278531,0
0.0,0.21768409,0
0.0,0.0015106996,0
1.0,0.96449286,1
0.0,2.5564723e-06,0
0.0,0.22290185,0
0.0,0.07819427,0
1.0,0.99352443,1
0.0,0.08324355,0
0.0,0.035946257,0
0.0,0.08202383,0
0.0,0.8416865,1
1.0,0.9999999,1
0.0,0.008229366,0
1.0,0.9999999,1
0.0,0.04284368,0
0.0,0.056151647,0
1.0,0.9994702,1
0.0,0.011458562,0
0.0,0.07721918,0
1.0,0.9999999,1
0.0,0.00010582572,0
0.0,0.27657762,0
0.0,1.7156457e-05,0
0.0,0.115999654,0
0.0,0.028826565,0
0.0,0.1370012,0
0.0,0.1091067,0
0.0,0.18115444,0
0.0,0.53996235,1
0.0,0.1440567,0
0.0,0.00819862,0
0.0,0.00026833723,0
0.0,5.2031395e-05,0
0.0,0.036202226,0
0.0,0.00012321562,0
0.0,2.9141105e-05,0
0.0,0.12378293,0
1.0,1.0,1
0.0,0.00026564737,0
0.0,0.04935448,0
0.0,3.049575e-06,0
0.0,0.00073464605,0
0.0,0.00084359915,0
1.0,0.9999999,1
0.0,0.0032091285,0
0.0,0.0018341305,0
1.0,1.0,1
0.0,0.0027042415,0
0.0,0.00084336166,0
0.0,0.026526213,0
0.0,0.011031067,0
0.0,0.004913426,0
0.0,0.16130862,0
0.0,0.00030307163,0
0.0,0.15110941,0
0.0,0.010809875,0
0.0,0.00765516,0
1.0,0.9986229,1
0.0,0.05167455,0
0.0,0.07119489,0
0.0,0.2002246,0
0.0,0.33269617,0
0.0,4.6744466e-05,0
0.0,0.001324401,0
1.0,1.0,1
0.0,0.00010031298,0
0.0,0.057586513,0
0.0,3.499454e-05,0
1.0,0.9999999,1
0.0,0.004538716,0
0.0,0.033172116,0
0.0,0.08426887,0
1.0,0.99922013,1
0.0,0.009252964,0
0.0,0.0075543555,0
0.0,4.9116494e-05,0
0.0,0.012832554,0
0.0,2.0646643e-05,0
0.0,8.828861e-05,0
0.0,0.234933,0
0.0,0.009193055,0
1.0,0.9852368,1
1.0,0.9999999,1
1.0,0.4128057,0
0.0,0.10203612,0
0.0,0.68941903,1
1.0,0.9999999,1
0.0,0.0029626272,0
0.0,0.128546,0
0.0,0.011311632,0
0.0,6.884824e-05,0
0.0,0.4057119,0
0.0,0.007776352,0
0.0,0.18295933,0
0.0,0.44745138,0
0.0,0.38688144,0
0.0,4.333747e-05,0
0.0,0.15137081,0
0.0,0.28410372,0
0.0,0.0012011308,0
1.0,0.3657079,0
1.0,0.9999999,1
0.0,0.008691748,0
0.0,0.026722047,0
0.0,0.0548437,0
0.0,0.011569278,0
0.0,0.0008578112,0
0.0,0.0727605,0
0.0,0.026244234,0
0.0,0.00025541204,0
0.0,0.06901971,0
0.0,1.8469293e-05,0
0.0,0.116779864,0
0.0,0.00055851694,0
0.0,0.16938901,0
1.0,1.0,1
0.0,0.0012215944,0
0.0,0.29110864,0
0.0,0.01695567,0
0.0,0.0026770066,0
1.0,0.9999999,1
0.0,0.3602517,0
0.0,0.5460053,1
0.0,0.060886346,0
0.0,0.032269206,0
0.0,0.0025092915,0
0.0,0.000690659,0
0.0,0.51952636,1
0.0,0.015784925,0
1.0,0.9817468,1
0.0,0.17949867,0
0.0,0.0014470799,0
1.0,0.9923529,1
0.0,0.008711763,0
0.0,0.0022553992,0
0.0,0.0011990537,0
0.0,0.10023021,0
0.0,2.1232854e-06,0
0.0,0.005408913,0
0.0,5.495423e-06,0
0.0,0.00056213845,0
0.0,0.51162606,1
0.0,0.00025025426,0
0.0,0.004719005,0
0.0,0.0015930283,0
0.0,0.0089589795,0
0.0,0.0014181067,0
0.0,0.0027774943,0
0.0,3.4552177e-05,0
1.0,0.99832004,1
0.0,0.255125,0
0.0,0.20826153,0
0.0,0.00066718506,0
0.0,4.9330825e-05,0
0.0,0.0063468018,0
0.0,0.0011307164,0
0.0,0.6675979,1
0.0,0.0076911836,0
0.0,0.009335609,0
0.0,0.23140748,0
0.0,0.00030005854,0
0.0,0.0041844808,0
1.0,0.9999999,1
0.0,0.010532037,0
0.0,0.017410878,0
0.0,0.027254995,0
0.0,0.08663773,0
0.0,0.00018003708,0
0.0,0.0006484397,0
1.0,0.81125414,1
0.0,0.0047392175,0
0.0,0.032477226,0
0.0,0.039059218,0
1.0,0.9999999,1
0.0,0.2690166,0
0.0,0.000871989,0
1.0,0.9999999,1
1.0,0.22295135,0
0.0,0.0073168776,0
0.0,0.0048202607,0
0.0,0.0052050278,0
0.0,0.0022253944,0
1.0,0.99940574,1
1.0,0.9999999,1
0.0,0.0032667678,0
1.0,0.08036046,0
0.0,0.0004558924,0
0.0,0.002418002,0
0.0,0.12625904,0
1.0,0.88806003,1
0.0,0.0004073696,0
0.0,0.41189665,0
0.0,0.33899814,0
1.0,0.9984224,1
0.0,0.00033095884,0
1.0,0.9999999,1
0.0,0.42069796,0
0.0,0.17775904,0
0.0,0.00013185438,0
0.0,0.010374716,0
0.0,0.0001640429,0
1.0,0.25152722,0
0.0,0.08656143,0
0.0,0.20625466,0
0.0,0.004048464,0
0.0,0.019011784,0
0.0,0.0013882938,0
0.0,0.05747212,0
0.0,1.9783667e-05,0
0.0,0.085894555,0
0.0,0.099158674,0
0.0,0.07134985,0
0.0,0.01573988,0
0.0,0.051063623,0
0.0,0.09870493,0
0.0,0.0015301221,0
1.0,0.4607501,0
0.0,0.051592134,0
1.0,0.9542396,1
0.0,4.519265e-05,0
0.0,0.0001365623,0
0.0,0.0009058016,0
1.0,0.9751917,1
0.0,0.3834358,0
0.0,8.1286225e-06,0
0.0,0.00074954034,0
1.0,1.0,1
0.0,0.3808978,0
0.0,0.032058716,0
0.0,0.018318277,0
0.0,0.0006825757,0
0.0,0.0055797403,0
0.0,0.44374758,0
0.0,8.0497564e-05,0
0.0,0.00017021596,0
1.0,0.8307122,1
0.0,0.0019031136,0
1.0,0.8905655,1
0.0,0.027367722,0
0.0,0.00432901,0
0.0,0.08538588,0
0.0,0.00031305128,0
0.0,8.379595e-05,0
0.0,0.4500166,0
0.0,0.009561056,0
0.0,9.371587e-05,0
0.0,0.2891622,0
0.0,0.00025541204,0
0.0,5.6931145e-05,0
0.0,0.052164238,0
0.0,0.036528975,0
0.0,0.39222962,0
0.0,5.574372e-05,0
0.0,2.4768027e-05,0
1.0,0.99984026,1
0.0,0.0022316596,0
1.0,1.0,1
0.0,5.468291e-06,0
0.0,0.24260771,0
0.0,0.016892813,0
0.0,0.003862035,0
0.0,0.16477324,0
0.0,0.15427074,0
0.0,0.010659187,0
0.0,0.0005679744,0
0.0,3.3867713e-05,0
0.0,0.36662847,0
0.0,0.009840434,0
0.0,0.00013740678,0
0.0,0.0011932198,0
0.0,0.002698267,0
0.0,0.00024114749,0
0.0,0.002111841,0
0.0,0.0055812304,0
1.0,0.9999999,1
0.0,0.42756194,0
0.0,0.003343973,0
0.0,0.008473304,0
0.0,0.0015708228,0
0.0,0.017121632,0
0.0,0.039438266,0
1.0,0.9999999,1
0.0,0.034090996,0
0.0,0.30269736,0
0.0,0.10284912,0
0.0,0.20070466,0
0.0,0.00065542955,0
1.0,1.0,1
0.0,0.4766245,0
0.0,0.8470693,1
1.0,0.3676832,0
0.0,1.8205566e-05,0
0.0,0.030999362,0
0.0,0.00047022584,0
0.0,0.0030015318,0
1.0,0.9999999,1
0.0,0.0005101959,0
0.0,0.0396831,0
0.0,7.349e-05,0
0.0,0.0018476845,0
0.0,1.4446631e-05,0
0.0,2.9908342e-05,0
0.0,0.24828419,0
0.0,0.10849212,0
0.0,0.033062972,0
0.0,0.00010545188,0
0.0,0.38927105,0
0.0,4.6070463e-06,0
0.0,0.052693367,0
0.0,0.27432474,0
0.0,0.074280165,0
1.0,0.9999999,1
1.0,0.9785846,1
0.0,0.052605715,0
0.0,0.00055883377,0
0.0,0.000107920954,0
1.0,0.9815461,1
0.0,0.0039024963,0
0.0,1.1412828e-05,0
0.0,0.046425205,0
0.0,5.880206e-06,0
1.0,1.0,1
0.0,0.020541096,0
1.0,1.0,1
0.0,0.0003542762,0
0.0,0.00035727076,0
0.0,0.0011100026,0
1.0,0.9999999,1
0.0,5.1839677e-05,0
0.0,0.08226617,0
0.0,0.000217594,0
0.0,0.00027253214,0
0.0,0.0009148908,0
0.0,0.0027558096,0
0.0,0.00042042148,0
0.0,1.8873654e-05,0
0.0,0.0038325235,0
0.0,0.019815085,0
0.0,0.20348817,0
0.0,1.5929783e-05,0
0.0,0.27459034,0
0.0,2.1750952e-06,0
0.0,2.0192105e-05,0
0.0,0.12621571,0
0.0,0.0021173873,0
0.0,3.4109858e-06,0
0.0,0.00053598004,0
0.0,0.25621936,0
0.0,0.042640697,0
0.0,0.270284,0
0.0,3.7467064e-05,0
0.0,0.0008694912,0
0.0,0.0004535526,0
0.0,0.017187886,0
0.0,6.96444e-05,0
0.0,0.024929767,0
0.0,0.00025819195,0
1.0,0.9999999,1
0.0,7.1064965e-06,0
1.0,0.9999994,1
0.0,0.0019569881,0
1.0,0.99996376,1
0.0,0.04870452,0
0.0,0.15305565,0
0.0,0.11997503,0
0.0,0.0034639603,0
1.0,0.9999999,1
0.0,0.002045209,0
0.0,0.10406706,0
0.0,0.00080261077,0
0.0,0.31758007,0
0.0,0.07705929,0
0.0,0.01009478,0
0.0,6.900757e-05,0
0.0,4.725911e-05,0
0.0,2.1211916e-05,0
0.0,5.1281313e-05,0
1.0,0.3054065,0
0.0,0.0030676692,0
0.0,0.003652783,0
0.0,0.37950763,0
0.0,0.17292514,0
0.0,0.0057550794,0
0.0,0.0004860193,0
0.0,0.20326495,0
0.0,0.011718964,0
0.0,0.01017567,0
0.0,0.0123525,0
0.0,0.00033988725,0
0.0,0.0014180392,0
0.0,0.0005251119,0
0.0,0.21319602,0
0.0,1.3358151e-05,0
0.0,0.0006935757,0
0.0,0.017898835,0
0.0,6.1766577e-06,0
0.0,0.06908241,0
1.0,1.0,1
0.0,0.012057772,0
0.0,0.06412384,0
0.0,0.0004979266,0
0.0,0.015698837,0
0.0,0.041816942,0
0.0,0.00014138842,0
0.0,0.37708822,0
0.0,0.0047633736,0
0.0,0.00029714144,0
0.0,3.1813488e-06,0
1.0,0.1950676,0
0.0,0.06755809,0
0.0,0.3808978,0
1.0,0.9999999,1
0.0,0.009731932,0
0.0,0.051411603,0
0.0,0.012501609,0
0.0,4.9812625e-05,0
0.0,0.15112117,0
0.0,0.0012824342,0
0.0,0.005030862,0
0.0,0.01597116,0
1.0,1.0,1
1.0,0.9999999,1
0.0,7.979033e-05,0
0.0,0.018369196,0
0.0,0.33929518,0
0.0,0.36508262,0
0.0,0.26806945,0
0.0,0.0016841672,0
0.0,0.012113839,0
0.0,0.017472526,0
0.0,0.3921049,0
1.0,0.059844818,0
0.0,0.001242341,0
1.0,0.9999999,1
1.0,0.9999999,1
0.0,6.825804e-07,0
0.0,0.0088989725,0
0.0,0.23672575,0
0.0,0.0105816005,0
1.0,0.9999999,1
0.0,0.0034190628,0
0.0,3.5514095e-05,0
0.0,0.2178469,0
0.0,0.0001681495,0
0.0,0.00017938748,0
0.0,0.09102677,0
1.0,0.9999999,1
0.0,0.15609242,0
0.0,0.0010624562,0
0.0,0.031222166,0
0.0,0.07934034,0
0.0,0.18318278,0
1.0,0.9999999,1
0.0,0.0014781893,0
0.0,0.00046766622,0
1.0,0.14856064,0
0.0,0.06586068,0
0.0,0.2869387,0
0.0,0.0011121448,0
0.0,6.7144276e-05,0
0.0,0.00029587813,0
0.0,0.06855793,0
0.0,0.00010992917,0
0.0,0.007509593,0
0.0,0.65278226,1
0.0,0.0015949035,0
0.0,0.06930079,0
0.0,2.9938079e-05,0
0.0,0.012611172,0
1.0,1.0,1
0.0,0.00014192563,0
0.0,0.00011612657,0
0.0,0.19609252,0
0.0,0.0005004637,0
0.0,7.408239e-05,0
0.0,0.4962784,0
0.0,0.3399493,0
0.0,0.00068615767,0
0.0,0.0013249952,0
0.0,0.070913956,0
0.0,0.479189,0
0.0,0.028107414,0
0.0,0.003407564,0
1.0,0.9999999,1
0.0,6.8406757e-06,0
0.0,0.95707935,1
0.0,0.0050139627,0
0.0,0.0003103429,0
0.0,0.22552598,0
0.0,0.04797686,0
1.0,0.963431,1
0.0,0.3007328,0
0.0,4.8715347e-06,0
0.0,0.00019333849,0
0.0,0.00074305997,0
0.0,0.0065590553,0
0.0,0.0026340794,0
0.0,0.0065389117,0
0.0,0.09161337,0
0.0,0.057491582,0
0.0,4.3633307e-05,0
1.0,0.9999999,1
0.0,0.28122336,0
0.0,0.0056512044,0
0.0,9.530115e-07,0
0.0,1.7031252e-06,0
0.0,0.0015883265,0
0.0,0.049001157,0
0.0,0.020718602,0
0.0,0.19161047,0
1.0,0.9987754,1
0.0,0.009681168,0
1.0,0.9821308,1
1.0,0.9999999,1
0.0,0.006701025,0
0.0,0.0011199116,0
0.0,2.8142624e-05,0
0.0,0.0007332814,0
0.0,0.003312303,0
1.0,0.9999999,1
0.0,0.16188592,0
0.0,1.6425522e-05,0
0.0,0.43741316,0
0.0,0.031576037,0
1.0,0.9999999,1
0.0,9.186827e-05,0
0.0,0.10698903,0
0.0,0.00034221527,0
1.0,0.9999999,1
0.0,7.5693046e-05,0
1.0,0.62629336,1
0.0,2.0128216e-05,0
1.0,0.2076351,0
0.0,0.28975967,0
1.0,0.16636628,0
0.0,3.213884e-05,0
0.0,0.011275735,0
0.0,0.0006379985,0
0.0,0.0008173664,0
0.0,0.5255797,1
0.0,0.054947194,0
0.0,0.0042928588,0
0.0,0.060341306,0
0.0,0.098665,0
0.0,0.011058849,0
0.0,0.5829319,1
0.0,9.917014e-05,0
0.0,0.0074194614,0
0.0,0.1078217,0
0.0,1.2128926e-05,0
0.0,2.5950696e-06,0
0.0,6.9483935e-06,0
0.0,0.00072622515,0
1.0,0.97562927,1
0.0,0.039059006,0
1.0,0.9999999,1
0.0,0.011541301,0
1.0,0.99893934,1
0.0,0.012658506,0
0.0,0.0021026284,0
0.0,0.11209838,0
0.0,0.00023372608,0
0.0,0.019821813,0
0.0,0.23316036,0
0.0,1.5999277e-06,0
0.0,1.9113599e-05,0
0.0,0.9098102,1
0.0,0.058444407,0
0.0,1.3755068e-06,0
0.0,0.011147367,0
0.0,0.22655743,0
0.0,0.0033235983,0
0.0,0.04528184,0
0.0,0.3151786,0
0.0,0.0006637906,0
0.0,0.025543468,0
0.0,0.04848541,0
1.0,0.9999999,1
0.0,0.00221856,0
0.0,0.033233464,0
0.0,0.0025377255,0
0.0,0.43276188,0
0.0,0.00075057964,0
0.0,2.9693308e-06,0
0.0,0.003577444,0
0.0,0.29255366,0
0.0,0.010830855,0
1.0,0.98891526,1
0.0,0.0032315229,0
0.0,0.0012099389,0
0.0,8.097304e-05,0
1.0,0.9999999,1
0.0,0.00041540785,0
0.0,0.000116420044,0
0.0,0.2572899,0
0.0,0.0022010051,0
0.0,0.075550854,0
0.0,0.03066569,0
0.0,0.0051922365,0
0.0,0.11944173,0
1.0,0.9999999,1
0.0,0.040711235,0
0.0,0.0032786357,0
0.0,0.013800667,0
0.0,0.0006861355,0
0.0,0.011423572,0
0.0,0.4143159,0
1.0,0.80857503,1
0.0,0.010380939,0
0.0,0.0048702243,0
0.0,0.00069790334,0
0.0,0.0038979207,0
0.0,0.0018155377,0
0.0,0.022184512,0
0.0,0.00015508215,0
0.0,0.0029510579,0
0.0,0.018410658,0
0.0,0.0013847207,0
0.0,0.76074183,1
0.0,0.03323095,0
1.0,0.6640707,1
0.0,0.38393444,0
0.0,0.34143203,0
0.0,0.02209513,0
0.0,0.0053014373,0
0.0,1.7934066e-06,0
0.0,0.0055822544,0
0.0,0.00045326928,0
1.0,0.25448415,0
0.0,0.02954356,0
0.0,9.539558e-06,0
0.0,0.00064382516,0
0.0,0.00070910354,0
1.0,0.9998186,1
0.0,0.03680648,0
0.0,0.0046686865,0
0.0,0.39291757,0
0.0,3.3447184e-06,0
0.0,0.003151628,0
0.0,0.0027957507,0
0.0,0.23622695,0
0.0,0.024889525,0
0.0,0.000101117694,0
0.0,0.0004221306,0
0.0,0.00077715825,0
0.0,0.0011906119,0
0.0,0.0016438187,0
1.0,0.36774978,0
0.0,0.008287196,0
0.0,0.0017791502,0
0.0,0.00050017686,0
0.0,0.024445837,0
0.0,0.00047415684,0
0.0,0.004082676,0
0.0,0.050128613,0
0.0,0.0036609226,0
0.0,0.43679747,0
0.0,0.024899693,0
0.0,0.02415298,0
0.0,0.03428767,0
1.0,0.74973565,1
1.0,1.0,1
0.0,0.005174548,0
1.0,1.0,1
0.0,0.09346772,0
0.0,0.0029098047,0
0.0,0.47562099,0
0.0,0.116081186,0
1.0,0.9999999,1
0.0,0.040778533,0
0.0,0.0059341965,0
0.0,0.012732636,0
0.0,0.013301941,0
0.0,8.7000313e-07,0
1.0,0.9999999,1
0.0,0.00079451874,0
0.0,0.0038085682,0
0.0,0.005403083,0
1.0,0.9999989,1
0.0,0.006788639,0
0.0,0.08614423,0
0.0,0.0077483,0
0.0,0.082710855,0
0.0,0.035428733,0
0.0,9.592329e-07,0
0.0,0.0004267394,0
0.0,0.166687,0
1.0,0.9999999,1
0.0,0.001019922,0
0.0,0.024693532,0
0.0,0.7723961,1
0.0,0.0129095195,0
0.0,0.0014179918,0
1.0,0.21201017,0
0.0,0.01109894,0
0.0,0.021970643,0
0.0,0.10036181,0
0.0,0.032064833,0
0.0,0.00998211,0
0.0,0.33434275,0
1.0,0.9999999,1
0.0,0.07446476,0
1.0,0.88178706,1
0.0,0.0036919373,0
1.0,0.9999999,1
0.0,3.7792826e-05,0
1.0,0.84957755,1
0.0,4.0243973e-05,0
0.0,0.022755383,0
1.0,1.0,1
0.0,0.09666796,0
0.0,0.029417956,0
0.0,0.00014428022,0
1.0,0.9999999,1
0.0,0.038183052,0
0.0,0.003080939,0
0.0,0.002628948,0
0.0,0.00023955024,0
0.0,0.13665387,0
0.0,0.036725808,0
1.0,1.0,1
0.0,0.000259616,0
0.0,0.008406297,0
1.0,0.9999999,1
0.0,0.06980769,0
0.0,0.04575115,0
0.0,0.011795144,0
1.0,0.9999999,1
0.0,0.0042866995,0
1.0,0.9999298,1
1.0,0.99692494,1
0.0,0.23822853,0
0.0,0.3469345,0
0.0,3.8065915e-05,0
0.0,2.7322949e-05,0
0.0,0.46732277,0
1.0,0.9999999,1
1.0,0.9999999,1
1.0,0.42150208,0
0.0,0.004001188,0
0.0,0.018977296,0
0.0,0.008675042,0
1.0,0.93851703,1
1.0,1.0,1
0.0,0.0746761,0
0.0,7.486007e-05,0
1.0,0.3665746,0
1.0,0.9999999,1
0.0,0.40870938,0
0.0,0.0014268027,0
1.0,1.0,1
1.0,0.98861337,1
0.0,0.0016068837,0
1.0,0.8171273,1
0.0,0.00021565867,0
0.0,0.06581142,0
0.0,0.00037021414,0
0.0,0.0035140386,0
0.0,0.0005140474,0
0.0,5.0162667e-05,0
0.0,5.930678e-06,0
1.0,0.47180775,0
0.0,0.0064790333,0
0.0,0.028710373,0
0.0,0.004236125,0
0.0,0.0059080296,0
0.0,0.0009053241,0
0.0,0.03534011,0
1.0,0.9999999,1
0.0,0.18134433,0
0.0,0.014027046,0
1.0,0.9497908,1
0.0,0.0011912521,0
1.0,0.9999999,1
1.0,0.42231593,0
0.0,4.2197164e-05,0
0.0,0.0027064478,0
0.0,0.0014980856,0
0.0,0.00040208662,0
1.0,0.31548348,0
0.0,0.01826344,0
0.0,0.025264235,0
0.0,0.0046880553,0
0.0,0.0001526568,0
0.0,0.030358506,0
0.0,0.33290318,0
0.0,4.4522994e-06,0
0.0,7.518702e-05,0
0.0,0.00031313306,0
0.0,0.0015214137,0
0.0,0.02168566,0
1.0,0.76109415,1
0.0,0.20289406,0
0.0,0.0039162277,0
0.0,0.006855115,0
0.0,0.07700854,0
0.0,3.3473464e-07,0
0.0,0.004684429,0
0.0,0.050807584,0
0.0,0.00019240114,0
0.0,0.011038481,0
0.0,0.6219748,1
0.0,0.0015802643,0
0.0,0.009442143,0
1.0,0.5069512,1
0.0,0.00032116086,0
0.0,0.0676205,0
0.0,0.35394123,0
0.0,0.064567626,0
0.0,0.07611263,0
0.0,0.3255846,0
0.0,0.0035534564,0
0.0,0.015042212,0
1.0,0.78189164,1
0.0,0.0739176,0
0.0,0.002101642,0
1.0,0.47291425,0
0.0,0.014099037,0
0.0,0.0013537336,0
1.0,0.9999999,1
0.0,0.007940135,0
0.0,0.021092555,0
0.0,2.2955403e-05,0
0.0,0.038011197,0
0.0,2.0768152e-06,0
0.0,0.22744653,0
0.0,0.00015056008,0
1.0,0.9956065,1
0.0,1.4235741e-05,0
1.0,0.99854916,1
0.0,0.0018463166,0
0.0,0.027317744,0
0.0,7.798124e-05,0
0.0,0.32629377,0
0.0,1.0420356e-05,0
0.0,0.20358744,0
1.0,0.9910182,1
0.0,0.003713754,0
0.0,0.015482599,0
1.0,0.9999999,1
0.0,0.07616657,0
0.0,0.0015502431,0
0.0,3.597471e-05,0
0.0,0.39365527,0
0.0,0.02705209,0
0.0,0.00019925208,0
0.0,3.6043595e-05,0
0.0,0.0009972883,0
0.0,0.01607693,0
0.0,0.09769047,0
0.0,0.0018943778,0
1.0,0.9999999,1
0.0,0.008312727,0
0.0,0.0005356355,0
0.0,0.059073973,0
0.0,2.7232476e-05,0
0.0,0.015359103,0
0.0,0.8212432,1
0.0,0.03518987,0
0.0,0.0131169185,0
0.0,0.017703226,0
0.0,0.14244336,0
0.0,0.0010180329,0
1.0,0.4183327,0
0.0,0.47819442,0
0.0,0.0017300673,0
0.0,1.943953e-07,0
0.0,1.4182108e-06,0
0.0,0.42916578,0
1.0,0.9999999,1
0.0,0.0008778751,0
1.0,0.9999999,1
0.0,6.454621e-07,0
1.0,1.0,1
0.0,0.00022502786,0
0.0,7.900699e-05,0
0.0,0.044451997,0
0.0,0.004276817,0
0.0,0.00033289578,0
0.0,0.0011667891,0
0.0,1.7259728e-05,0
1.0,0.27305204,0
0.0,0.0979033,0
0.0,0.33094037,0
1.0,0.89899147,1
0.0,0.0003388497,0
0.0,0.044317365,0
0.0,0.002590983,0
0.0,0.004185735,0
0.0,0.56674033,1
1.0,0.5639697,1
0.0,0.005511422,0
0.0,0.00013444053,0
0.0,0.049491648,0
0.0,0.00063501083,0
1.0,0.99988616,1
0.0,0.0028089108,0
0.0,0.00015784994,0
0.0,0.29759192,0
0.0,0.07115757,0
0.0,0.26764897,0
0.0,0.0006662742,0
1.0,0.9999999,1
1.0,1.0,1
0.0,0.0015371396,0
0.0,0.008771456,0
1.0,0.9999999,1
0.0,0.0071088,0
1.0,0.9999999,1
0.0,8.813148e-05,0
1.0,0.9997657,1
0.0,0.00026801098,0
0.0,0.21136785,0
0.0,0.6714596,1
0.0,0.010226314,0
0.0,0.00047866785,0
0.0,0.0038569828,0
0.0,0.011162467,0
1.0,0.9999999,1
0.0,4.9105394e-05,0
1.0,0.9999999,1
0.0,0.11544237,0
0.0,0.011182311,0
0.0,0.17148952,0
0.0,0.01541688,0
1.0,0.9999999,1
0.0,0.014663338,0
0.0,0.32741776,0
0.0,5.111288e-05,0
0.0,7.957893e-05,0
0.0,0.00029563365,0
0.0,0.0047233584,0
0.0,0.04351488,0
0.0,0.1052186,0
0.0,8.159741e-05,0
1.0,0.18406667,0
0.0,0.58562094,1
0.0,0.074041344,0
0.0,9.562724e-05,0
1.0,0.9999999,1
0.0,0.9259385,1
0.0,0.047281668,0
0.0,0.25027502,0
0.0,0.0002089277,0
0.0,0.43610233,0
0.0,0.05413016,0
0.0,4.6603633e-05,0
0.0,0.0015307539,0
0.0,2.0153734e-06,0
0.0,0.001077173,0
1.0,1.0,1
0.0,0.090476334,0
0.0,0.21202724,0
0.0,0.0031680006,0
0.0,0.020394506,0
0.0,0.22750732,0
1.0,0.93393457,1
0.0,0.01504513,0
1.0,0.9999999,1
0.0,0.029889472,0
1.0,0.9999999,1
0.0,0.50327605,1
0.0,2.9133269e-05,0
0.0,0.29351842,0
0.0,0.0054845363,0
0.0,1.5559022e-05,0
0.0,0.051936463,0
0.0,0.049678013,0
0.0,0.45227233,0
0.0,0.00059257663,0
0.0,0.002193094,0
0.0,0.34979323,0
0.0,0.0009355427,0
0.0,8.226808e-05,0
0.0,0.000992728,0
0.0,0.002664244,0
0.0,0.035194542,0
0.0,0.0008649152,0
0.0,0.0011250017,0
0.0,0.0009975791,0
0.0,0.0008231594,0
0.0,0.2248806,0
0.0,0.17902716,0
0.0,1.7165457e-05,0
0.0,0.006457607,0
0.0,0.00029065288,0
1.0,0.9964462,1
0.0,0.00065731,0
0.0,0.004200518,0
0.0,0.104511365,0
0.0,6.8049885e-05,0
1.0,0.9999999,1
0.0,0.023533499,0
0.0,1.3694788e-05,0
1.0,0.9999999,1
0.0,0.15110658,0
0.0,0.00011669401,0
0.0,0.0102052735,0
0.0,0.00045431222,0
0.0,0.2225121,0
0.0,1.0306041e-05,0
0.0,0.15409046,0
0.0,0.002557993,0
0.0,0.004995845,0
1.0,0.0045365533,0
0.0,0.00048424542,0
0.0,0.12987062,0
0.0,0.07135964,0
0.0,0.021440476,0
0.0,1.313085e-06,0
0.0,0.00010642694,0
0.0,0.008522699,0
0.0,0.54602695,1
0.0,0.20970698,0
0.0,0.0007512892,0
0.0,0.13828634,0
0.0,0.0079613775,0
0.0,0.033101242,0
0.0,0.2710106,0
0.0,0.005548959,0
0.0,0.059162673,0
1.0,0.5604533,1
0.0,0.41224083,0
0.0,0.0060401866,0
0.0,0.1364341,0
1.0,0.5978128,1
0.0,0.006155258,0
0.0,0.000105991334,0
0.0,0.0005424902,0
0.0,0.06056299,0
1.0,0.99566287,1
0.0,0.028118884,0
0.0,0.039349947,0
0.0,0.008577639,0
0.0,0.036969066,0
0.0,0.2516542,0
0.0,0.4766245,0
0.0,0.020871304,0
0.0,0.02791093,0
0.0,8.5546046e-05,0
0.0,0.23154438,0
0.0,5.3306685e-05,0
0.0,0.017820515,0
0.0,0.0011727572,0
1.0,0.99042225,1
0.0,2.4418227e-05,0
1.0,0.012871034,0
0.0,0.37381023,0
0.0,2.2191474e-05,0
1.0,0.9999999,1
0.0,0.03646814,0
0.0,0.065769404,0
0.0,0.069898844,0
1.0,1.0,1
0.0,0.22000344,0
0.0,0.030642577,0
0.0,0.07991912,0
0.0,0.00022610449,0
0.0,0.007452576,0
0.0,0.0033407898,0
0.0,0.08380883,0
0.0,0.49860248,0
0.0,0.0064318352,0
0.0,3.4470588e-05,0
0.0,8.752411e-05,0
0.0,0.0014168668,0
0.0,0.001889848,0
0.0,0.0009113446,0
0.0,0.5109579,1
0.0,0.13018654,0
0.0,0.00045779502,0
0.0,0.15336086,0
0.0,0.009673541,0
0.0,0.03646086,0
0.0,6.045628e-05,0
0.0,0.00016872337,0
0.0,0.066564724,0
0.0,9.904832e-05,0
1.0,0.9999999,1
0.0,0.09086084,0
0.0,0.0015062139,0
0.0,0.0026556056,0
0.0,0.106135085,0
0.0,0.045299966,0
0.0,0.0008455789,0
0.0,8.8476045e-05,0
1.0,0.9992054,1
0.0,0.016984783,0
1.0,0.9999999,1
0.0,0.03671914,0
0.0,0.048651822,0
0.0,0.00061343185,0
0.0,0.16848874,0
0.0,0.00012866914,0
0.0,0.00050347426,0
0.0,0.1684923,0
0.0,0.0004114388,0
0.0,0.00038712632,0
0.0,0.3003519,0
0.0,0.84486204,1
0.0,0.13267964,0
0.0,3.0422922e-05,0
0.0,0.006998461,0
0.0,0.008864749,0
1.0,0.9999999,1
0.0,0.0062166364,0
0.0,0.13998213,0
0.0,0.027676934,0
0.0,0.36625916,0
0.0,0.002313522,0
0.0,0.005106396,0
0.0,0.51572347,1
0.0,0.014623962,0
0.0,0.033802047,0
0.0,0.25836354,0
0.0,0.031489562,0
0.0,0.08019508,0
0.0,0.57834345,1
0.0,0.017663341,0
0.0,0.08906777,0
0.0,0.006216745,0
0.0,4.734725e-05,0
0.0,6.365632e-05,0
0.0,2.2246184e-05,0
1.0,0.9440336,1
0.0,0.00028718737,0
0.0,3.0429217e-05,0
1.0,0.40503505,0
0.0,0.03168131,0
1.0,0.99946195,1
0.0,0.0009917435,0
0.0,0.0068444456,0
0.0,7.3154595e-05,0
0.0,0.5003787,1
0.0,0.21762475,0
0.0,0.0074400087,0
1.0,0.9999999,1
0.0,0.28653237,0
0.0,3.9252513e-06,0
0.0,0.3482184,0
0.0,0.064340055,0
0.0,0.012883593,0
0.0,0.25510895,0
0.0,0.00015728951,0
0.0,0.0012850821,0
0.0,8.9549445e-05,0
0.0,5.9531517e-06,0
0.0,0.00064593763,0
0.0,0.00074355403,0
0.0,1.3748498e-06,0
0.0,0.00017274887,0
0.0,8.519597e-06,0
0.0,0.036375955,0
0.0,0.02629092,0
0.0,0.0044245934,0
0.0,0.40660432,0
0.0,0.077873334,0
0.0,0.33201042,0
0.0,0.049074158,0
0.0,0.002041011,0
0.0,0.0008515619,0
0.0,0.0043530595,0
0.0,0.011855354,0
0.0,0.019764954,0
0.0,0.00037905466,0
0.0,0.011788498,0
0.0,0.015352187,0
0.0,0.00029357235,0
1.0,0.9999989,1
0.0,0.00022910269,0
0.0,0.005244578,0
1.0,0.9977792,1
0.0,2.2811524e-05,0
0.0,0.37887743,0
0.0,0.009015132,0
0.0,0.008355044,0
0.0,0.15059572,0
0.0,1.053366e-05,0
0.0,0.0031717587,0
0.0,0.3560014,0
0.0,0.4099385,0
0.0,0.0825535,0
0.0,0.10928502,0
0.0,0.00017748534,0
0.0,0.004927135,0
0.0,0.00049222226,0
0.0,0.14543001,0
0.0,0.00027205393,0
0.0,0.0059607835,0
0.0,0.0056412104,0
0.0,0.07583555,0
0.0,0.073705435,0
0.0,0.3359419,0
0.0,0.28041106,0
0.0,0.00038946015,0
0.0,0.002739787,0
0.0,0.01342324,0
0.0,0.36124295,0
0.0,0.0052628415,0
0.0,0.00043331104,0
0.0,0.8456726,1
0.0,0.036788926,0
0.0,0.0017583953,0
0.0,0.87425584,1
0.0,0.00053871016,0
1.0,0.9999999,1
0.0,0.00034617356,0
0.0,0.42853233,0
0.0,0.0010298785,0
0.0,0.39222962,0
1.0,0.9999999,1
0.0,0.054541156,0
0.0,0.0005675878,0
0.0,0.002428971,0
0.0,0.002698267,0
0.0,0.00076341996,0
0.0,0.6469716,1
0.0,0.32762223,0
0.0,0.4096671,0
1.0,0.9999999,1
0.0,0.007665969,0
0.0,0.0031799646,0
0.0,0.0007254315,0
0.0,0.3011722,0
0.0,8.348045e-06,0
0.0,0.008384861,0
1.0,0.99999917,1
1.0,0.99999845,1
0.0,3.0362547e-05,0
0.0,2.191402e-05,0
0.0,0.009280675,0
0.0,0.23994575,0
0.0,0.0012593948,0
0.0,0.19167626,0
0.0,0.19723032,0
1.0,0.9999999,1
0.0,0.0012040163,0
0.0,0.0022591194,0
1.0,0.9980506,1
0.0,0.025126845,0
0.0,0.122454226,0
0.0,0.3389594,0
0.0,0.002033426,0
0.0,0.004006956,0
0.0,0.00024476385,0
0.0,0.0010660595,0
0.0,0.23155175,0
0.0,0.0016922606,0
0.0,0.08791512,0
1.0,0.9999999,1
0.0,2.2239714e-05,0
0.0,0.03160235,0
1.0,0.8144016,1
0.0,0.08168584,0
0.0,0.051277082,0
0.0,0.0006433796,0
0.0,0.00012767526,0
0.0,0.0023810102,0
1.0,0.9999999,1
1.0,0.9999999,1
1.0,1.0,1
0.0,0.00020139878,0
0.0,0.11035561,0
0.0,0.5270631,1
0.0,0.21049927,0
0.0,2.812328e-05,0
0.0,0.09910757,0
0.0,0.621287,1
0.0,4.1398598e-05,0
0.0,5.2757365e-05,0
0.0,0.090437554,0
0.0,0.0011815734,0
0.0,0.0014173446,0
0.0,0.0039834785,0
0.0,0.105760105,0
0.0,0.0014512229,0
1.0,0.9999999,1
0.0,0.0039787516,0
0.0,0.0056893695,0
0.0,0.00024101396,0
0.0,0.009600086,0
0.0,0.017059112,0
0.0,0.0066349916,0
0.0,0.0020460451,0
0.0,0.16010529,0
0.0,0.00010611127,0
0.0,0.006982411,0
1.0,0.07695645,0
0.0,0.011004703,0
0.0,0.012930078,0
0.0,0.009444218,0
0.0,0.028026804,0
0.0,0.033062972,0
0.0,0.47121632,0
0.0,0.057393767,0
0.0,0.043499812,0
0.0,0.0020110942,0
1.0,0.9999999,1
0.0,0.05285776,0
1.0,0.9994167,1
0.0,0.00038661587,0
0.0,0.0018422304,0
0.0,0.006982411,0
0.0,0.0019676604,0
0.0,1.0177644e-06,0
0.0,0.031129,0
0.0,0.0011355279,0
1.0,0.99540436,1
0.0,5.4230753e-07,0
1.0,0.8517951,1
0.0,0.00077976985,0
0.0,0.041056275,0
1.0,0.9999999,1
0.0,0.0051599466,0
0.0,0.0032947354,0
0.0,9.405159e-05,0
0.0,0.09782707,0
0.0,0.004319115,0
0.0,0.0018537147,0
0.0,0.17351913,0
0.0,0.0066735856,0
0.0,0.21059126,0
0.0,0.0044368096,0
0.0,0.018634284,0
0.0,0.00035225335,0
0.0,0.2661814,0
0.0,0.00056808506,0
0.0,0.0005240409,0
0.0,0.40540925,0
0.0,1.0606424e-06,0
0.0,0.21577461,0
0.0,0.46708503,0
0.0,8.030697e-06,0
0.0,1.8738732e-05,0
0.0,0.0006111985,0
0.0,7.086077e-05,0
0.0,0.0009178616,0
0.0,0.0075927796,0
0.0,5.7582478e-05,0
1.0,0.9999999,1
0.0,0.52994984,1
0.0,0.1899747,0
0.0,0.0024805109,0
0.0,0.09635113,0
0.0,0.0371308,0
1.0,0.9999999,1
0.0,0.21289201,0
0.0,0.0024856902,0
0.0,0.023687772,0
0.0,0.00075551326,0
0.0,0.017167069,0
0.0,0.00411903,0
0.0,0.013094629,0
0.0,0.55856514,1
0.0,0.000636874,0
0.0,0.37667033,0
0.0,0.03514205,0
0.0,0.28041106,0
0.0,0.022145819,0
0.0,0.00017166972,0
0.0,0.24916351,0
0.0,0.005031557,0
0.0,0.4881725,0
0.0,0.086339176,0
0.0,0.051063623,0
0.0,0.007852136,0
0.0,0.050427537,0
0.0,0.032197315,0
0.0,0.003406591,0
0.0,0.016947906,0
0.0,0.036093645,0
0.0,0.0053856554,0
0.0,0.049678013,0
0.0,0.00890967,0
0.0,0.06736994,0
1.0,0.3070633,0
1.0,0.9999999,1
0.0,0.0022109384,0
0.0,0.04777508,0
1.0,1.0,1
0.0,0.0009991298,0
0.0,0.0074580065,0
0.0,0.02073893,0
1.0,0.9999999,1
0.0,0.005135721,0
0.0,0.3861693,0
0.0,0.67761236,1
0.0,0.008384861,0
0.0,0.0056868126,0
0.0,0.026384471,0
0.0,0.054009948,0
0.0,0.0026318403,0
0.0,0.0490035,0
0.0,0.088861674,0
0.0,0.2894726,0
0.0,0.8274901,1
0.0,0.09956003,0
0.0,1.2806397e-06,0
0.0,0.0025299739,0
0.0,1.4183016e-05,0
1.0,0.9999999,1
0.0,0.009875411,0
0.0,0.00013535096,0
0.0,0.0151143875,0
0.0,0.5829293,1
0.0,6.0123074e-07,0
0.0,0.019965116,0
0.0,0.056148883,0
0.0,0.00018080865,0
1.0,0.9999999,1
0.0,0.24340911,0
0.0,0.0026269085,0
1.0,0.99096996,1
0.0,0.43412727,0
1.0,0.9999999,1
0.0,0.0005787864,0
0.0,0.114439905,0
0.0,1.5733951e-06,0
0.0,6.433782e-05,0
1.0,0.9999999,1
0.0,0.014669705,0
0.0,0.0052345786,0
0.0,1.5431793e-05,0
0.0,0.009230557,0
1.0,0.9999999,1
0.0,0.0053014373,0
1.0,0.9999999,1
0.0,0.3116905,0
0.0,0.0024687098,0
0.0,0.079281904,0
0.0,0.032880582,0
0.0,2.7820963e-06,0
0.0,9.214467e-06,0
1.0,0.6917769,1
0.0,0.00018012758,0
0.0,0.0055502593,0
0.0,0.33898237,0
0.0,0.060341306,0
0.0,0.018370274,0
0.0,0.011499273,0
1.0,0.9999999,1
0.0,0.00034470973,0
0.0,0.036381662,0
0.0,0.005273098,0
0.0,0.3787623,0
0.0,0.56490904,1
1.0,1.0,1
0.0,0.027580217,0
0.0,0.009965813,0
0.0,0.19612636,0
0.0,0.00015724976,0
0.0,7.727322e-06,0
0.0,0.009835097,0
0.0,0.0004349098,0
1.0,1.0,1
0.0,0.00023665896,0
0.0,0.007665135,0
0.0,0.00040279212,0
0.0,0.6944113,1
1.0,0.8564337,1
0.0,0.00042936194,0
0.0,0.009832442,0
1.0,0.30151245,0
0.0,0.00067582197,0
0.0,0.00032767173,0
0.0,0.00042826706,0
0.0,0.0073775565,0
0.0,0.13415754,0
1.0,0.74495214,1
0.0,0.38373786,0
0.0,1.8702385e-05,0
0.0,0.0009113446,0
0.0,0.0011252053,0
1.0,0.9999999,1
1.0,0.9624831,1
0.0,0.0048356634,0
0.0,0.029146666,0
0.0,0.0009845955,0
0.0,2.5961685e-06,0
0.0,0.02973065,0
0.0,0.12217534,0
0.0,0.1258895,0
0.0,0.00458808,0
0.0,0.0072173174,0
0.0,0.18141551,0
0.0,0.23141631,0
0.0,0.024455253,0
0.0,0.14627716,0
1.0,0.9999999,1
0.0,0.002584529,0
0.0,0.0012501117,0
0.0,0.0015997796,0
0.0,0.00023955024,0
0.0,0.0072977566,0
0.0,0.002803208,0
0.0,0.021288687,0
0.0,0.00033742856,0
0.0,0.0004475101,0
0.0,4.0143136e-06,0
0.0,0.103105426,0
0.0,0.003346143,0
0.0,0.13070314,0
0.0,0.0068920883,0
0.0,0.03520298,0
1.0,1.0,1
0.0,0.07244831,0
0.0,0.03134207,0
1.0,0.500762,1
0.0,0.00033857976,0
0.0,0.26442966,0
0.0,0.039236754,0
1.0,1.0,1
0.0,0.010283491,0
1.0,0.9999999,1
0.0,5.8009176e-05,0
0.0,0.24220851,0
1.0,0.9999999,1
0.0,0.028609283,0
0.0,0.028167909,0
1.0,0.027406044,0
0.0,0.0067346217,0
0.0,6.227494e-06,0
1.0,0.3370637,0
1.0,0.9978527,1
0.0,0.001017374,0
0.0,0.0003289554,0
1.0,0.99993837,1
0.0,0.0016610121,0
0.0,0.05678811,0
0.0,0.00040693625,0
0.0,7.0966757e-06,0
0.0,2.3455127e-06,0
0.0,5.138196e-06,0
0.0,0.14425537,0
1.0,0.94717747,1
0.0,2.8889031e-05,0
0.0,0.005241372,0
1.0,0.9488163,1
0.0,1.5252125e-05,0
0.0,0.0008491218,0
0.0,0.01007083,0
0.0,0.0024585614,0
0.0,0.0008924906,0
0.0,0.33180943,0
0.0,0.0009897646,0
1.0,0.5292733,1
0.0,0.00011124585,0
0.0,0.007925368,0
1.0,0.9999999,1
0.0,0.030275075,0
1.0,0.9999999,1
0.0,0.039302796,0
0.0,0.0047785887,0
0.0,0.00074202195,0
0.0,7.798845e-05,0
0.0,0.010959954,0
1.0,0.9999999,1
0.0,0.033742297,0
0.0,0.398198,0
0.0,2.2455064e-05,0
0.0,0.013979233,0
0.0,0.031641632,0
0.0,0.025309654,0
0.0,0.0028328716,0
0.0,0.12832895,0
0.0,0.0012150204,0
0.0,0.4143159,0
0.0,0.002375948,0
0.0,0.00047756467,0
0.0,9.451245e-05,0
0.0,0.00013505406,0
0.0,0.00043758398,0
0.0,8.3788245e-06,0
0.0,0.31650904,0
0.0,0.0018839022,0
0.0,0.4379658,0
0.0,0.00042508915,0
1.0,1.0,1
1.0,0.12855744,0
0.0,0.041842867,0
0.0,0.037830945,0
0.0,0.28378636,0
0.0,0.0023940953,0
0.0,0.007851835,0
0.0,0.18034124,0
1.0,0.9999999,1
0.0,0.0027690663,0
0.0,0.58226866,1
0.0,0.04983157,0
0.0,3.5889832e-05,0
0.0,0.31463355,0
0.0,0.0014498339,0
0.0,0.0051585245,0
0.0,0.13354124,0
0.0,0.18863258,0
0.0,0.021813625,0
0.0,2.6954234e-05,0
0.0,0.41204378,0
0.0,5.599103e-05,0
0.0,0.027621817,0
0.0,0.007896615,0
0.0,0.00011582631,0
0.0,0.20120874,0
0.0,0.21444066,0
0.0,3.771024e-05,0
0.0,0.0015580242,0
0.0,0.030283889,0
0.0,5.8409674e-05,0
0.0,0.038052455,0
0.0,0.0083469525,0
0.0,0.53866917,1
0.0,0.0005270113,0
0.0,0.002257102,0
1.0,0.9999999,1
0.0,0.0020194089,0
0.0,0.0011948063,0
0.0,0.6701997,1
0.0,0.1368469,0
0.0,6.891885e-05,0
0.0,0.0014670995,0
0.0,0.07208621,0
0.0,0.24229154,0
1.0,0.97602147,1
0.0,0.038476035,0
0.0,0.1296977,0
0.0,0.0047859596,0
0.0,0.004422674,0
0.0,0.003517188,0
0.0,0.0075008124,0
0.0,0.00030979217,0
0.0,0.084241375,0
0.0,0.35937715,0
0.0,0.00074673735,0
0.0,0.0027341724,0
0.0,0.80302656,1
0.0,0.008113661,0
0.0,0.008801632,0
0.0,0.17292514,0
0.0,0.03039065,0
0.0,0.012550274,0
1.0,0.9999999,1
0.0,0.021191027,0
0.0,0.00015833201,0
0.0,0.0012997667,0
0.0,0.002011681,0
0.0,0.00034715777,0
0.0,0.32354876,0
0.0,0.501988,1
0.0,0.0062022065,0
0.0,0.01714703,0
0.0,0.35150135,0
0.0,0.010897177,0
0.0,0.13224155,0
1.0,0.9873284,1
0.0,0.0913145,0
0.0,0.003738818,0
0.0,0.0052075563,0
0.0,0.26442966,0
1.0,0.9999999,1
0.0,0.12208695,0
0.0,0.35929167,0
0.0,0.0043832376,0
0.0,0.27096462,0
0.0,1.3789071e-06,0
0.0,0.00087939465,0
1.0,0.99988616,1
0.0,0.04153689,0
0.0,0.47307408,0
0.0,0.05695634,0
0.0,0.0023701289,0
0.0,0.8979876,1
0.0,0.025466688,0
0.0,0.442295,0
1.0,0.34397477,0
0.0,0.008029024,0
0.0,0.0010570247,0
0.0,0.26410815,0
0.0,0.46840253,0
0.0,0.0006226678,0
0.0,0.089699015,0
1.0,0.9999999,1
0.0,0.001177934,0
0.0,0.031149458,0
0.0,0.21457385,0
0.0,0.013129029,0
0.0,0.00492477,0
1.0,0.9991211,1
0.0,0.0031989494,0
0.0,0.0005004685,0
0.0,0.002613249,0
0.0,0.0089292405,0
0.0,0.0016942717,0
0.0,0.047105104,0
0.0,0.00090581545,0
0.0,5.232067e-06,0
1.0,0.9999999,1
0.0,4.9993637e-06,0
0.0,0.40815556,0
0.0,0.0024386668,0
1.0,1.0,1
0.0,0.19518538,0
0.0,0.10616106,0
0.0,0.00041924164,0
1.0,0.9999999,1
0.0,0.0039538033,0
0.0,0.0772149,0
0.0,0.044367824,0
0.0,0.0008875445,0
0.0,0.037531253,0
1.0,0.037276063,0
0.0,0.02894304,0
0.0,0.020064522,0
0.0,2.3571807e-05,0
0.0,0.3447073,0
0.0,0.51545215,1
0.0,0.00049077295,0
0.0,0.0012040163,0
0.0,0.13945726,0
0.0,0.00011965014,0
0.0,0.4735705,0
0.0,0.0015144122,0
0.0,0.0010827091,0
1.0,0.065091915,0
0.0,0.13486654,0
1.0,0.4637904,0
0.0,2.3492208e-05,0
0.0,6.208708e-05,0
0.0,0.005020609,0
0.0,0.009342354,0
0.0,0.4349945,0
0.0,0.004646448,0
0.0,0.0044390406,0
0.0,0.073665656,0
0.0,0.006495442,0
0.0,6.3731403e-07,0
0.0,0.0018803881,0
0.0,0.45613852,0
0.0,0.49545974,0
0.0,1.0450744e-06,0
0.0,0.4684267,0
0.0,0.15882169,0
0.0,6.9932095e-05,0
1.0,0.9999999,1
0.0,0.15677452,0
0.0,0.5207257,1
0.0,0.042696748,0
0.0,0.32380602,0
0.0,4.1478655e-05,0
0.0,0.05240736,0
0.0,0.44807485,0
0.0,0.0011104515,0
0.0,0.061856963,0
0.0,0.014309375,0
1.0,0.9999999,1
0.0,5.646745e-05,0
0.0,4.253419e-05,0
0.0,0.43635646,0
1.0,0.9999999,1
1.0,0.99299836,1
0.0,0.454708,0
0.0,0.024504697,0
1.0,0.97299665,1
0.0,0.029707536,0
0.0,0.006786206,0
0.0,0.028219791,0
0.0,0.0014410733,0
0.0,0.11706276,0
0.0,0.18788207,0
0.0,0.005480758,0
0.0,0.00373564,0
1.0,0.999295,1
0.0,0.008068568,0
0.0,0.00020258808,0
0.0,1.336266e-05,0
1.0,0.9999999,1
0.0,0.022498539,0
0.0,0.036937654,0
1.0,0.97281355,1
0.0,0.015974773,0
0.0,0.0007245612,0
0.0,0.0020555065,0
1.0,0.99935,1
1.0,1.0,1
0.0,0.3822448,0
0.0,0.008345473,0
0.0,7.114602e-05,0
0.0,0.0010065875,0
0.0,0.0012780506,0
0.0,0.2680393,0
0.0,0.0014296365,0
0.0,0.03115148,0
0.0,0.049400073,0
0.0,0.011386056,0
0.0,0.00019706716,0
0.0,0.002707448,0
0.0,0.031778254,0
0.0,0.25559893,0
1.0,0.9999999,1
0.0,0.010445702,0
0.0,0.00055064156,0
0.0,0.13164112,0
1.0,0.9999999,1
1.0,0.9950847,1
0.0,3.4166256e-05,0
0.0,0.00046367614,0
0.0,0.0061453977,0
0.0,0.03377899,0
0.0,0.05374165,0
0.0,0.13111915,0
0.0,3.262461e-05,0
0.0,0.007559735,0
0.0,0.048076626,0
0.0,0.02243252,0
0.0,0.0064272196,0
0.0,0.13120489,0
0.0,0.7055492,1
0.0,0.04363516,0
0.0,0.020066531,0
1.0,0.9999999,1
0.0,0.041956156,0
0.0,2.0718615e-05,0
0.0,0.0024080686,0
0.0,0.2991166,0
0.0,0.004576101,0
0.0,0.48181903,0
0.0,4.2406186e-06,0
1.0,0.9999999,1
0.0,0.00060676003,0
0.0,4.58308e-06,0
0.0,0.00019335747,0
0.0,0.001120006,0
0.0,7.88218e-05,0
0.0,0.2542099,0
1.0,0.52514756,1
1.0,0.9999999,1
0.0,1.8120605e-05,0
0.0,0.013615186,0
1.0,0.7731114,1
1.0,0.9999999,1
0.0,0.0053936075,0
0.0,0.0024753273,0
0.0,0.0033579937,0
0.0,0.020412458,0
0.0,0.00010849971,0
0.0,0.0014047147,0
0.0,0.23090762,0
0.0,0.013293881,0
0.0,0.014893472,0
0.0,0.00024602303,0
0.0,0.00037332127,0
0.0,0.0011250725,0
0.0,0.18291539,0
1.0,0.9908206,1
0.0,3.567686e-05,0
1.0,0.4426848,0
0.0,0.4418833,0
0.0,7.6880766e-05,0
1.0,0.9999999,1
0.0,0.27458462,0
0.0,0.00041013164,0
0.0,1.0568153e-05,0
1.0,1.0,1
0.0,0.0039655254,0
0.0,0.00018143124,0
1.0,1.0,1
0.0,0.020186266,0
0.0,0.0024840792,0
0.0,0.008778101,0
0.0,0.5515246,1
0.0,0.020423187,0
0.0,8.9732976e-07,0
0.0,0.18246792,0
0.0,0.0003481134,0
0.0,0.48154682,0
1.0,1.0,1
0.0,0.0012758498,0
0.0,0.015644347,0
0.0,0.00036872757,0
0.0,0.003659012,0
0.0,0.5463021,1
1.0,0.72461647,1
0.0,0.03748314,0
0.0,0.00079183327,0
0.0,0.11547731,0
0.0,0.0013459643,0
0.0,0.00040571802,0
0.0,0.0021173873,0
0.0,0.0054169847,0
0.0,0.00046270125,0
0.0,0.0005122496,0
0.0,0.00788373,0
1.0,0.44285262,0
0.0,2.5617153e-05,0
0.0,6.476188e-05,0
0.0,0.3108177,0
0.0,0.0008149625,0
1.0,0.99947816,1
0.0,0.013047512,0
0.0,0.01367505,0
0.0,1.9948964e-05,0
0.0,0.16433373,0
0.0,0.00470554,0
0.0,0.6195392,1
1.0,0.9999999,1
0.0,0.30142117,0
0.0,0.00016210391,0
0.0,0.0045266347,0
0.0,0.2884471,0
0.0,0.32987309,0
1.0,0.9999999,1
0.0,5.742756e-05,0
1.0,1.0,1
0.0,0.06746655,0
0.0,0.0019908454,0
0.0,0.08221481,0
1.0,0.8270318,1
0.0,0.0067782076,0
0.0,0.016016344,0
0.0,0.0109752705,0
0.0,0.0002179898,0
0.0,0.020274779,0
0.0,0.14684168,0
1.0,0.92225975,1
0.0,0.008923201,0
0.0,4.0558007e-05,0
1.0,0.9999999,1
0.0,3.2899803e-05,0
0.0,0.010564741,0
0.0,0.8555168,1
0.0,0.023306075,0
0.0,1.1063132e-05,0
0.0,0.000871989,0
0.0,0.00017747824,0
0.0,0.5204495,1
1.0,0.051622245,0
0.0,0.0001675987,0
0.0,0.0072985752,0
0.0,0.0023006587,0
0.0,3.9261207e-07,0
0.0,0.009912098,0
0.0,1.4035131e-05,0
0.0,1.6415312e-05,0
0.0,5.5763812e-05,0
1.0,0.99134845,1
0.0,0.00013649097,0
0.0,3.478944e-05,0
0.0,2.1055037e-05,0
0.0,0.002062986,0
0.0,0.005526224,0
0.0,0.034468103,0
1.0,0.9999999,1
0.0,0.23544617,0
1.0,0.0015321895,0
0.0,0.12653428,0
0.0,0.0050271302,0
0.0,0.48226532,0
0.0,0.031562723,0
1.0,1.0,1
0.0,2.0191024e-05,0
0.0,0.0026917742,0
0.0,0.0010940852,0
0.0,1.960627e-05,0
0.0,0.00030307163,0
0.0,0.09168661,0
0.0,0.0014150349,0
0.0,0.40847352,0
0.0,2.6065907e-05,0
0.0,0.004207633,0
0.0,0.09429356,0
0.0,3.121194e-05,0
0.0,0.15488414,0
0.0,0.09077926,0
0.0,0.44428042,0
0.0,0.0003657549,0
0.0,0.24088898,0
0.0,4.1955373e-06,0
0.0,0.00019244058,0
0.0,0.0001235607,0
0.0,0.007375845,0
0.0,0.0008243941,0
0.0,0.04341453,0
0.0,0.032482762,0
0.0,0.13181902,0
0.0,5.959322e-05,0
0.0,0.00015304916,0
0.0,0.2702305,0
0.0,0.06712914,0
0.0,0.25618818,0
0.0,0.04783584,0
0.0,0.0015617945,0
0.0,5.4833974e-05,0
0.0,0.014542768,0
1.0,0.99607384,1
0.0,0.0041987733,0
1.0,0.9999999,1
0.0,0.00064582063,0
0.0,0.0646824,0
0.0,0.009174679,0
1.0,0.9999999,1
1.0,0.9963903,1
0.0,0.03625323,0
0.0,0.0034923458,0
0.0,0.21136785,0
0.0,0.14091964,0
0.0,0.4457129,0
1.0,0.9999999,1
0.0,0.029008472,0
0.0,0.006140187,0
0.0,0.00012657013,0
1.0,0.9999999,1
0.0,0.025223792,0
1.0,0.9999999,1
0.0,1.6627239e-06,0
0.0,0.07058351,0
0.0,0.12127577,0
0.0,1.9114375e-06,0
0.0,0.0030425205,0
0.0,0.009535617,0
0.0,0.004025285,0
0.0,0.00038507264,0
0.0,0.014445279,0
1.0,0.4937167,0
0.0,0.012915445,0
0.0,0.0005104411,0
0.0,0.00024775954,0
0.0,8.318468e-07,0
1.0,0.26574573,0
0.0,6.5837456e-05,0
1.0,0.9961654,1
0.0,0.0002774032,0
0.0,0.23940712,0
0.0,0.00027371384,0
0.0,0.2297655,0
0.0,0.0045612874,0
0.0,6.87105e-05,0
0.0,2.8565762e-05,0
0.0,0.00394382,0
0.0,0.4781989,0
0.0,0.10574085,0
0.0,0.0067183226,0
0.0,0.00023670972,0
0.0,0.0007705102,0
0.0,0.050142862,0
1.0,0.997233,1
0.0,0.00042730503,0
0.0,0.0065412284,0
1.0,0.9999999,1
0.0,0.002018809,0
1.0,0.9999999,1
0.0,0.015445566,0
0.0,2.529511e-05,0
0.0,0.18741876,0
0.0,0.009745961,0
0.0,6.3765724e-06,0
0.0,0.47144258,0
1.0,0.9954749,1
0.0,0.088967375,0
0.0,0.23229173,0
1.0,0.6701214,1
0.0,0.046579193,0
0.0,0.48839095,0
0.0,0.58221257,1
0.0,0.00012650834,0
0.0,0.019807635,0
0.0,0.00034064346,0
0.0,0.00021008149,0
0.0,0.032813486,0
0.0,0.045662764,0
0.0,0.875689,1
0.0,0.023390869,0
0.0,0.00048858894,0
0.0,0.000102742815,0
0.0,0.0009896627,0
0.0,0.19422317,0
0.0,0.031524364,0
0.0,0.019636646,0
0.0,0.10271518,0
0.0,0.0053902776,0
0.0,1.0053594e-05,0
0.0,0.14066397,0
0.0,0.0013879825,0
0.0,0.050847236,0
0.0,0.00023850941,0
0.0,0.002101555,0
0.0,0.00015517623,0
0.0,0.0002260004,0
0.0,0.004150367,0
0.0,0.3994491,0
0.0,0.007533709,0
0.0,0.00026872716,0
0.0,0.08137085,0
1.0,0.9999999,1
0.0,0.38129893,0
0.0,0.0029305483,0
0.0,0.0022608065,0
0.0,0.00018032144,0
0.0,7.40106e-06,0
0.0,0.0012351159,0
0.0,0.02509054,0
1.0,0.9999999,1
1.0,0.9999999,1
0.0,0.01442164,0
0.0,0.0002540171,0
0.0,0.02629092,0
0.0,0.27024326,0
0.0,0.077737585,0
1.0,1.0,1
0.0,0.002183216,0
0.0,0.42898518,0
0.0,0.36410245,0
0.0,3.8358124e-07,0
1.0,0.31642458,0
0.0,6.719181e-05,0
0.0,3.7994557e-06,0
0.0,0.000855438,0
1.0,0.9999999,1
0.0,0.0043632723,0
0.0,0.034467682,0
0.0,0.12772578,0
0.0,0.76644605,1
0.0,8.8511047e-07,0
0.0,0.00011280609,0
0.0,6.325454e-06,0
0.0,0.2714187,0
0.0,0.04481304,0
0.0,4.5305974e-06,0
0.0,0.69545484,1
0.0,0.08708494,0
0.0,0.00017305335,0
1.0,0.9999999,1
0.0,0.22481675,0
0.0,0.00017147406,0
0.0,0.06302799,0
0.0,0.05193934,0
1.0,0.9999999,1
0.0,0.6890539,1
0.0,0.0010196053,0
0.0,0.00019085228,0
1.0,0.9999999,1
0.0,0.015311919,0
1.0,0.9999999,1
0.0,0.00069064414,0
0.0,0.2506549,0
0.0,0.18921772,0
0.0,0.00021123159,0
0.0,0.13203879,0
0.0,0.01131009,0
0.0,0.0879118,0
0.0,0.0001498304,0
0.0,0.0796995,0
0.0,0.15621148,0
0.0,2.844721e-05,0
0.0,0.00016774533,0
0.0,0.18750116,0
0.0,0.0033964976,0
0.0,0.00040679311,0
0.0,0.011660169,0
1.0,0.99008,1
0.0,0.008272936,0
0.0,0.24047181,0
0.0,9.790202e-06,0
0.0,0.0024601994,0
0.0,0.08863519,0
1.0,0.067333125,0
0.0,0.008034585,0
0.0,0.37194043,0
0.0,0.0012939051,0
0.0,0.020551935,0
0.0,0.005097097,0
1.0,0.9999999,1
1.0,0.99842715,1
0.0,0.47478524,0
0.0,0.054311913,0
0.0,3.8207207e-05,0
1.0,0.48523843,0
0.0,0.42237598,0
0.0,0.2542099,0
0.0,0.48555064,0
0.0,0.18153538,0
1.0,0.4476092,0
0.0,0.00059641525,0
0.0,0.00690339,0
0.0,0.000607029,0
0.0,0.004797425,0
0.0,0.022941612,0
1.0,0.99999976,1
0.0,0.27813384,0
0.0,0.00010069451,0
0.0,0.004287237,0
0.0,0.017846791,0
0.0,0.08308165,0
0.0,0.08222178,0
1.0,0.9999999,1
0.0,0.3706912,0
0.0,0.0031352665,0
0.0,5.8958667e-06,0
0.0,0.0043589827,0
0.0,4.3521188e-05,0
0.0,0.00022593448,0
0.0,0.020766916,0
0.0,0.103135005,0
0.0,0.0011876498,0
0.0,0.001890998,0
0.0,0.08364509,0
0.0,0.00033419862,0
0.0,0.0011090662,0
0.0,3.8773014e-05,0
0.0,0.0023290475,0
0.0,0.00058920204,0
0.0,0.0014731411,0
1.0,0.9999999,1
0.0,0.00015202114,0
0.0,0.00012534302,0
0.0,8.4558276e-05,0
0.0,0.09209787,0
0.0,0.0041480814,0
0.0,0.07292146,0
0.0,0.5749072,1
1.0,0.9475016,1
0.0,0.00010500846,0
0.0,0.017717708,0
0.0,0.016686676,0
0.0,0.023281908,0
0.0,0.0083717005,0
0.0,0.0036676095,0
0.0,0.0002626622,0
1.0,0.9999999,1
0.0,0.014933843,0
0.0,0.0008886013,0
0.0,0.00046618146,0
0.0,0.00012953297,0
0.0,0.009154689,0
0.0,0.45656288,0
0.0,0.000888813,0
0.0,9.5751704e-05,0
0.0,4.62817e-05,0
0.0,0.015745938,0
1.0,0.87217766,1
0.0,0.0018341305,0
0.0,0.00014380815,0
0.0,0.0002647634,0
1.0,0.9999999,1
0.0,0.00057394884,0
0.0,0.0009892182,0
0.0,0.00123752,0
0.0,0.00029628657,0
0.0,0.44008574,0
0.0,0.00045326928,0
0.0,0.09030317,0
1.0,0.9999999,1
0.0,0.066121146,0
0.0,0.0068484754,0
0.0,0.0007883046,0
0.0,2.833472e-06,0
0.0,1.6631919e-06,0
0.0,0.036427286,0
0.0,0.30125934,0
0.0,0.02212223,0
0.0,0.0003925837,0
0.0,0.031615,0
0.0,4.1733183e-05,0
0.0,0.00015598474,0
0.0,0.017428467,0
0.0,0.11926027,0
0.0,0.23171368,0
1.0,0.7631836,1
0.0,0.008312727,0
1.0,1.0,1
0.0,0.00032831842,0
0.0,0.01940078,0
0.0,0.21178192,0
0.0,0.005841924,0
0.0,0.010328693,0
1.0,0.9999999,1
0.0,0.00095599005,0
0.0,0.4143159,0
0.0,0.009079617,0
0.0,0.04435606,0
1.0,0.6290698,1
0.0,0.00031978995,0
0.0,5.2758627e-05,0
0.0,0.25005865,0
0.0,0.00015486094,0
0.0,0.02871292,0
0.0,0.034175556,0
0.0,0.008040946,0
0.0,0.015406083,0
1.0,0.33134705,0
0.0,0.0011739586,0
1.0,0.3647704,0
0.0,0.012663406,0
1.0,0.64538145,1
0.0,0.014266843,0
0.0,0.05395026,0
0.0,0.000129344,0
0.0,0.0034732476,0
0.0,0.5941288,1
0.0,0.003098203,0
0.0,0.048864823,0
0.0,0.021041889,0
0.0,0.005419212,0
0.0,0.009170861,0
1.0,0.9999999,1
1.0,0.9999999,1
0.0,0.0008025282,0
0.0,0.0036341818,0
0.0,0.0004129577,0
0.0,0.0053014373,0
0.0,0.0001512274,0
0.0,0.0036102368,0
0.0,1.1221873e-06,0
0.0,0.38406727,0
0.0,0.08278171,0
0.0,0.09917293,0
0.0,0.015417979,0
0.0,0.00022069998,0
0.0,0.01411784,0
1.0,0.99953926,1
0.0,0.014634085,0
0.0,0.10977458,0
0.0,4.7998615e-06,0
0.0,0.26759627,0
0.0,0.0047277673,0
1.0,0.9999999,1
1.0,0.99916077,1
1.0,0.9999999,1
0.0,2.864863e-06,0
0.0,0.00090056635,0
0.0,0.4143159,0
1.0,0.9999999,1
0.0,0.009857506,0
1.0,0.76992893,1
0.0,0.0028969736,0
0.0,0.497481,0
0.0,0.009785373,0
0.0,0.023200728,0
1.0,0.9950866,1
0.0,0.0016226565,0
0.0,0.09266922,0
1.0,0.99552995,1
0.0,0.005012771,0
0.0,0.001609902,0
0.0,0.10365263,0
0.0,0.06768845,0
0.0,0.027244164,0
0.0,0.010138267,0
0.0,0.0002963798,0
0.0,0.00010883109,0
1.0,0.9999999,1
0.0,0.047246322,0
0.0,7.64428e-05,0
1.0,0.9999999,1
0.0,0.009009213,0
0.0,0.00026877993,0
0.0,0.028034618,0
0.0,0.00034587565,0
0.0,0.18213096,0
0.0,0.07805896,0
1.0,0.43945172,0
0.0,6.807531e-06,0
0.0,0.021093622,0
0.0,0.006654079,0
0.0,0.22249836,0
0.0,0.00047776458,0
1.0,1.0,1
0.0,0.00540551,0
0.0,0.40034294,0
0.0,0.21364477,0
0.0,0.044147972,0
0.0,0.009532537,0
0.0,0.26806465,0
0.0,0.027531357,0
0.0,0.007237144,0
0.0,0.09512777,0
0.0,0.6412762,1
0.0,0.0036853012,0
0.0,0.06419585,0
0.0,4.7937378e-05,0
0.0,0.015656594,0
0.0,4.8393526e-06,0
0.0,0.13784994,0
0.0,0.012860363,0
0.0,0.13573661,0
0.0,0.27026257,0
0.0,0.22009614,0
0.0,0.24211581,0
0.0,0.0030565986,0
0.0,0.000266861,0
0.0,0.22517514,0
0.0,0.0023955784,0
1.0,0.9999999,1
0.0,0.0027195583,0
0.0,0.021656414,0
0.0,0.4361807,0
1.0,0.9643066,1
0.0,0.49582773,0
0.0,0.013046333,0
0.0,0.0014181067,0
0.0,0.0004743137,0
0.0,0.005244729,0
0.0,2.0569036e-05,0
0.0,0.0008115601,0
1.0,0.9999999,1
0.0,0.14627716,0
0.0,0.16973542,0
0.0,0.00032330793,0
0.0,9.269041e-05,0
0.0,0.011678438,0
0.0,0.030085528,0
0.0,0.47649127,0
0.0,0.0012784555,0
0.0,0.023170749,0
1.0,0.73313314,1
0.0,8.6026927e-07,0
0.0,0.0017980669,0
0.0,0.015029119,0
0.0,0.010965641,0
1.0,0.9999999,1
0.0,0.02057209,0
0.0,0.0007724974,0
0.0,0.47729132,0
0.0,7.3121744e-05,0
0.0,0.00072626566,0
0.0,0.00022325027,0
0.0,0.03734824,0
0.0,2.30666e-06,0
0.0,0.4578007,0
0.0,0.1661775,0
0.0,0.0037110504,0
1.0,0.9999999,1
0.0,0.012558845,0
0.0,0.0002640359,0
0.0,0.00088960474,0
0.0,0.004177994,0
0.0,0.00029066557,0
0.0,0.47049057,0
0.0,0.03266579,0
0.0,0.028310336,0
0.0,0.13109536,0
0.0,0.07616657,0
0.0,0.010358494,0
0.0,0.21732104,0
0.0,0.00088711025,0
0.0,0.2663735,0
0.0,0.001004389,0
0.0,0.0003384171,0
0.0,0.0039424077,0
0.0,0.021460846,0
0.0,0.12324707,0
0.0,0.0056418334,0
0.0,0.0006438,0
0.0,0.18719171,0
0.0,0.0014929703,0
1.0,0.2832617,0
0.0,0.07959581,0
0.0,0.29971966,0
0.0,0.043393563,0
0.0,3.022636e-06,0
0.0,0.14064246,0
0.0,6.5434804e-05,0
1.0,0.9999999,1
0.0,0.010811945,0
0.0,3.0939773e-05,0
1.0,0.023353957,0
0.0,0.003685977,0
0.0,0.04238653,0
0.0,0.0044684373,0
0.0,0.00027798803,0
0.0,0.0055653416,0
0.0,0.012949964,0
1.0,0.9998404,1
0.0,0.00013256755,0
0.0,5.467946e-05,0
0.0,6.763985e-06,0
0.0,0.00021104075,0
0.0,0.31758007,0
0.0,0.038380772,0
0.0,0.056510687,0
0.0,0.34323418,0
0.0,0.00055092765,0
0.0,0.0010243396,0
0.0,0.001071791,0
1.0,0.9999999,1
0.0,1.6238895e-06,0
0.0,0.010061616,0
0.0,0.0049715354,0
1.0,0.9999999,1
0.0,0.00023516924,0
0.0,0.00017747824,0
0.0,3.7016464e-06,0
1.0,0.9998186,1
1.0,0.99985814,1
0.0,2.9103447e-05,0
0.0,0.07998473,0
0.0,0.0067854444,0
0.0,0.024090204,0
0.0,3.507419e-05,0
0.0,0.0072747995,0
0.0,0.90785635,1
0.0,0.00041661225,0
0.0,0.58944327,1
0.0,0.18043436,0
1.0,0.99832004,1
0.0,0.00012020557,0
1.0,0.8499785,1
0.0,0.0048191836,0
0.0,0.0018658744,0
0.0,0.022661647,0
0.0,0.00075241656,0
0.0,0.01714703,0
0.0,0.0014300537,0
0.0,0.41930872,0
0.0,0.0005772496,0
0.0,0.08421585,0
0.0,3.541274e-05,0
0.0,0.023465265,0
0.0,0.008339117,0
0.0,0.0020599205,0
0.0,1.738261e-05,0
0.0,0.006673911,0
0.0,0.00028314703,0
0.0,0.00015010482,0
0.0,0.078559875,0
0.0,0.30841893,0
0.0,0.08695706,0
0.0,0.046651334,0
0.0,0.00024076244,0
1.0,1.0,1
0.0,0.00049279194,0
0.0,0.0015733974,0
0.0,0.09093265,0
0.0,0.16703601,0
0.0,0.0011251572,0
0.0,0.28473604,0
0.0,0.0012040163,0
0.0,0.080042556,0
1.0,0.9999999,1
0.0,0.00074202195,0
0.0,0.029635474,0
0.0,0.0058480394,0
1.0,0.21675089,0
0.0,0.008863171,0
0.0,0.05097095,0
0.0,0.29062396,0
0.0,0.0016463771,0
0.0,0.0078107356,0
0.0,0.14465484,0
0.0,0.82689977,1
1.0,0.9980506,1
0.0,0.005562384,0
0.0,7.839478e-06,0
1.0,0.9999999,1
0.0,0.012932799,0
0.0,0.058860973,0
0.0,0.01025938,0
0.0,6.778754e-06,0
1.0,0.9875451,1
0.0,0.00011972774,0
1.0,0.9999999,1
0.0,0.026218966,0
0.0,0.0056412104,0
0.0,0.00062453817,0
0.0,0.002987687,0
0.0,0.00017683717,0
1.0,0.95958716,1
0.0,0.0054753395,0
0.0,0.07969842,0
0.0,0.00056633784,0
0.0,0.001465357,0
0.0,3.7071313e-05,0
0.0,0.0035587416,0
0.0,0.00013267872,0
0.0,0.004827552,0
0.0,0.087782025,0
1.0,0.9999999,1
1.0,0.9999999,1
0.0,0.6140822,1
0.0,0.020403218,0
1.0,0.9999999,1
1.0,0.9999999,1
0.0,0.0029096594,0
0.0,0.24791908,0
0.0,0.3740964,0
0.0,0.42916578,0
0.0,0.40223593,0
0.0,0.22381005,0
0.0,0.00042688407,0
0.0,0.12005457,0
0.0,0.0020008713,0
0.0,3.3148284e-05,0
0.0,0.0004088043,0
1.0,0.99830186,1
0.0,0.0003289554,0
0.0,0.048963282,0
0.0,0.5634136,1
0.0,0.041175388,0
0.0,0.00065317843,0
1.0,0.9999999,1
0.0,7.3602714e-05,0
0.0,0.023177749,0
0.0,0.06955954,0
0.0,0.03732054,0
0.0,0.10696066,0
0.0,0.0008686019,0
0.0,0.0055718534,0
1.0,0.9999999,1
0.0,6.1683706e-05,0
0.0,0.0012548472,0
0.0,0.00032533903,0
0.0,0.15787633,0
0.0,0.018563515,0
0.0,0.0879118,0
1.0,0.83948636,1
0.0,0.037739657,0
0.0,0.80606335,1
0.0,0.0014135196,0
1.0,0.9999999,1
1.0,0.9999999,1
0.0,0.0027201986,0
0.0,0.0829189,0
0.0,0.80542505,1
0.0,0.008257859,0
0.0,0.0011917101,0
1.0,0.34643382,0
0.0,0.00016974787,0
0.0,0.049892563,0
0.0,0.028573863,0
0.0,0.05871843,0
0.0,0.0012055741,0
0.0,0.29275638,0
0.0,0.0024198315,0
0.0,0.00014696606,0
0.0,0.001182883,0
0.0,6.0934603e-05,0
0.0,0.004148782,0
0.0,8.318356e-05,0
0.0,0.0024447376,0
0.0,0.00042844526,0
0.0,0.004460098,0
1.0,0.9998186,1
0.0,0.06073154,0
0.0,0.4447913,0
1.0,0.51670533,1
0.0,0.05531874,0
0.0,1.0431008e-06,0
0.0,0.1889118,0
1.0,0.053017158,0
0.0,0.50202984,1
0.0,0.0022609774,0
0.0,0.078674585,0
0.0,0.3808978,0
0.0,2.1192767e-05,0
0.0,1.7967335e-05,0
0.0,0.015930198,0
0.0,0.052134432,0
0.0,0.013632309,0
0.0,0.00045609215,0
0.0,0.0011454669,0
0.0,0.10892463,0
0.0,0.0008728186,0
0.0,0.06335062,0
0.0,0.064395465,0
0.0,0.32075822,0
1.0,0.9999999,1
0.0,0.00065542955,0
0.0,0.0011309276,0
0.0,0.006579142,0
0.0,0.60815203,1
0.0,0.81363887,1
0.0,0.12114757,0
1.0,0.9985359,1
0.0,0.006860395,0
0.0,0.0022385865,0
0.0,0.19664255,0
0.0,0.00061963696,0
0.0,0.095380194,0
0.0,0.0009912901,0
0.0,0.054537874,0
0.0,0.020921124,0
0.0,0.015719032,0
0.0,0.0029189512,0
0.0,0.0012860156,0
0.0,0.101190664,0
0.0,9.975167e-06,0
0.0,0.0059423987,0
0.0,0.0010059045,0
1.0,0.9999999,1
0.0,0.001757745,0
0.0,0.36508262,0
0.0,0.009969813,0
1.0,0.9997911,1
0.0,0.044730946,0
0.0,0.0014924344,0
0.0,0.015059383,0
0.0,0.01017567,0
0.0,0.002190689,0
0.0,1.1739249e-05,0
0.0,9.751843e-05,0
0.0,0.00033677506,0
0.0,1.3073239e-05,0
1.0,0.9999999,1
0.0,0.26240838,0
0.0,0.0005592262,0
0.0,0.00015647306,0
1.0,0.48255095,0
0.0,2.5392933e-06,0
0.0,0.26921386,0
0.0,0.02310714,0
0.0,9.9933364e-05,0
1.0,0.9999999,1
0.0,0.0032719653,0
0.0,2.6614516e-05,0
0.0,0.32615745,0
0.0,0.0041556717,0
0.0,0.011785521,0
0.0,0.0316551,0
0.0,0.028396947,0
0.0,0.08690269,0
1.0,0.9999999,1
0.0,0.0032847794,0
1.0,0.7924651,1
0.0,2.954755e-06,0
1.0,1.0,1
0.0,0.036801703,0
0.0,0.022759262,0
0.0,0.0047630463,0
0.0,0.0011842067,0
0.0,0.3666876,0
0.0,0.004948425,0
0.0,0.012317511,0
0.0,0.27432474,0
0.0,0.21660954,0
0.0,0.0045188484,0
0.0,0.057522643,0
0.0,0.00012824411,0
0.0,0.15764605,0
0.0,0.00018076229,0
0.0,3.7900023e-05,0
0.0,0.0016947548,0
0.0,0.1372663,0
0.0,0.07965089,0
0.0,0.03448319,0
0.0,0.001026346,0
0.0,0.05997386,0
0.0,0.0032333464,0
0.0,0.052862868,0
0.0,5.6227625e-05,0
0.0,0.2326762,0
1.0,1.0,1
0.0,0.07216383,0
0.0,0.002567929,0
0.0,0.11125817,0
0.0,0.013323862,0
0.0,0.007935887,0
0.0,1.4585661e-05,0
0.0,0.2361228,0
0.0,0.048633564,0
0.0,0.082150064,0
0.0,0.013751883,0
0.0,1.7568831e-05,0
0.0,0.18721455,0
0.0,0.13472395,0
0.0,5.578754e-05,0
0.0,0.011788498,0
0.0,0.44285262,0
0.0,0.016421754,0
1.0,0.9840682,1
0.0,0.00013186834,0
0.0,0.0012788214,0
0.0,0.13589318,0
1.0,0.9999999,1
0.0,0.020250404,0
1.0,0.9999999,1
0.0,0.0879118,0
0.0,5.734487e-05,0
0.0,0.0013584533,0
0.0,0.030152084,0
0.0,0.020076023,0
0.0,0.0007726207,0
0.0,0.0032131302,0
0.0,0.0019232855,0
0.0,0.14151591,0
0.0,0.12260244,0
0.0,8.39263e-05,0
0.0,7.567139e-05,0
0.0,0.07742649,0
0.0,0.43717575,0
1.0,0.9999999,1
0.0,0.0009019137,0
0.0,0.013138628,0
0.0,0.0025677776,0
0.0,3.8775975e-06,0
0.0,0.001132205,0
0.0,0.4143159,0
0.0,0.00080898975,0
0.0,0.14281796,0
0.0,0.0026945341,0
1.0,0.6208938,1
0.0,0.018200707,0
0.0,2.2846181e-05,0
0.0,0.43137056,0
1.0,0.9999999,1
0.0,0.029747285,0
0.0,0.0058182767,0
0.0,0.0001092965,0
0.0,0.00065372646,0
0.0,0.05416068,0
1.0,0.70350134,1
0.0,0.015517301,0
0.0,0.0020555905,0
0.0,0.011961386,0
1.0,0.37900457,0
1.0,0.7039795,1
0.0,0.0016861302,0
1.0,0.9999999,1
0.0,0.0002627504,0
0.0,0.047105104,0
0.0,0.00048138903,0
0.0,0.43862718,0
0.0,0.924034,1
0.0,0.3721211,0
0.0,3.772959e-05,0
0.0,0.07317451,0
0.0,0.002130118,0
0.0,0.0014250869,0
0.0,5.2196243e-05,0
0.0,3.260595e-05,0
1.0,0.9999999,1
1.0,0.37485275,0
0.0,0.006272197,0
0.0,0.072176985,0
0.0,0.054265246,0
1.0,0.6479582,1
0.0,0.0026332089,0
0.0,0.30854163,0
0.0,0.00019611775,0
1.0,0.98994666,1
0.0,0.00068995473,0
0.0,0.3686271,0
0.0,0.00023608831,0
1.0,0.9999106,1
0.0,0.0006543651,0
0.0,0.39356852,0
0.0,7.7052435e-05,0
0.0,0.033696517,0
0.0,0.0014572061,0
0.0,0.06423808,0
0.0,0.0020301754,0
0.0,0.023336828,0
0.0,0.010047046,0
0.0,0.14719495,0
0.0,0.0032726948,0
0.0,0.13705534,0
0.0,0.002204082,0
1.0,0.5771385,1
0.0,0.0930026,0
0.0,0.015410814,0
0.0,0.0005748826,0
0.0,0.0010784398,0
0.0,0.011071054,0
0.0,0.049892563,0
0.0,0.1483175,0
1.0,0.7712074,1
0.0,0.023406947,0
0.0,1.9813895e-05,0
0.0,0.0007322542,0
1.0,0.9809667,1
0.0,0.00024106678,0
0.0,0.0019705307,0
0.0,0.0020555065,0
0.0,0.00034075987,0
0.0,0.0023910233,0
0.0,0.012200923,0
0.0,0.39007097,0
0.0,0.07559773,0
1.0,0.9999999,1
0.0,0.038068797,0
0.0,0.077827014,0
0.0,0.31178328,0
0.0,0.0018491801,0
0.0,0.2983835,0
0.0,1.891903e-05,0
0.0,0.0008456925,0
1.0,0.5314097,1
0.0,0.00038848587,0
0.0,4.5968777e-06,0
0.0,0.023913438,0
0.0,2.3029601e-05,0
0.0,0.45931664,0
0.0,7.3109826e-05,0
0.0,1.1050581e-06,0
0.0,4.8904025e-05,0
0.0,0.078935005,0
0.0,0.0014997063,0
0.0,0.0005183976,0
0.0,5.9740196e-05,0
0.0,0.0018720538,0
0.0,0.48176512,0
1.0,0.49571335,0
0.0,0.4353358,0
0.0,0.029942496,0
0.0,0.09493267,0
0.0,0.00022642594,0
0.0,0.05692694,0
0.0,0.012994754,0
0.0,0.041095655,0
0.0,0.00077094714,0
0.0,0.0012243633,0
1.0,0.9999999,1
0.0,0.016766086,0
0.0,0.21237494,0
0.0,1.1711183e-05,0
1.0,0.9999999,1
0.0,2.9949265e-06,0
0.0,0.001312509,0
0.0,0.012448656,0
0.0,0.0015480468,0
0.0,0.002334505,0
0.0,0.0036892775,0
0.0,0.0011760746,0
0.0,0.00053137116,0
0.0,0.00035275507,0
0.0,0.0015348515,0
0.0,0.0017802082,0
0.0,0.0027817688,0
0.0,0.40720904,0
0.0,0.0038372085,0
0.0,0.0004069157,0
0.0,0.008223406,0
0.0,0.013685281,0
1.0,0.785281,1
1.0,0.8752938,1
0.0,0.035259902,0
0.0,7.629926e-05,0
0.0,0.32605806,0
0.0,0.0008370158,0
0.0,0.0011629504,0
0.0,0.0018422304,0
0.0,0.006149345,0
0.0,7.5545204e-06,0
0.0,0.14670563,0
0.0,0.76974607,1
0.0,0.00028929432,0
0.0,0.002062497,0
0.0,6.8703426e-05,0
0.0,0.04193196,0
0.0,0.00092188583,0
0.0,1.0848054e-06,0
0.0,0.30357292,0
0.0,0.026871946,0
0.0,5.1839677e-05,0
0.0,0.02638089,0
0.0,0.00285661,0
0.0,0.0029668391,0
0.0,0.00017729642,0
0.0,0.002204082,0
1.0,0.9999707,1
0.0,4.481494e-05,0
0.0,0.06754484,0
0.0,0.0004818596,0
0.0,0.016355809,0
0.0,0.014084185,0
0.0,0.28297317,0
1.0,0.9999999,1
0.0,0.0036560872,0
0.0,0.3354348,0
0.0,0.23810183,0
0.0,0.13043669,0
0.0,0.0076262965,0
0.0,0.14090621,0
1.0,0.9999999,1
0.0,0.48856533,0
0.0,0.0047919094,0
0.0,0.0020501523,0
0.0,0.0008243941,0
0.0,0.00013788335,0
0.0,0.00040101135,0
1.0,0.9997354,1
1.0,0.9999765,1
1.0,0.995492,1
0.0,0.012392366,0
0.0,0.0035361333,0
0.0,0.11535817,0
0.0,0.12713584,0
0.0,0.95304483,1
0.0,0.0037174236,0
1.0,0.0019142614,0
0.0,0.17167197,0
0.0,0.18701065,0
0.0,0.008838018,0
0.0,0.00040530018,0
0.0,0.0151706,0
0.0,1.6998703e-07,0
0.0,0.38348034,0
0.0,0.042355154,0
1.0,0.9996165,1
0.0,4.075664e-05,0
1.0,0.99830127,1
0.0,0.03449364,0
0.0,0.014358927,0
0.0,1.0113813e-05,0
0.0,0.4502576,0
0.0,0.00050441193,0
1.0,0.9999999,1
0.0,0.23592082,0
0.0,0.23397416,0
0.0,0.034819163,0
0.0,0.0022238153,0
1.0,0.95206517,1
1.0,0.9999999,1
1.0,0.9999999,1
0.0,0.0013193634,0
0.0,0.0016494358,0
0.0,0.010128758,0
0.0,0.53051156,1
0.0,0.32970315,0
0.0,0.0327854,0
0.0,0.00010785932,0
0.0,0.00014268265,0
0.0,0.00039238334,0
0.0,0.00027203115,0
0.0,6.384631e-05,0
0.0,0.022858042,0
0.0,0.0004267394,0
0.0,0.006478545,0
0.0,0.0065413252,0
0.0,0.30777523,0
0.0,6.9407577e-07,0
0.0,2.4822933e-05,0
0.0,7.941635e-06,0
0.0,0.0003111259,0
0.0,2.7946398e-05,0
1.0,0.9999999,1
0.0,0.0511716,0
1.0,0.9999999,1
0.0,0.055087533,0
0.0,0.009427214,0
0.0,0.6364005,1
0.0,0.021964848,0
0.0,0.01814525,0
0.0,0.00012297499,0
0.0,0.18366891,0
0.0,9.663615e-05,0
0.0,0.019592524,0
0.0,0.44009608,0
0.0,4.0510582e-05,0
0.0,0.020692104,0
0.0,0.012603509,0
0.0,0.005145969,0
0.0,0.0025864176,0
0.0,0.007790438,0
0.0,0.04774088,0
0.0,0.001973671,0
0.0,0.0030180754,0
0.0,0.03132197,0
0.0,0.06715366,0
0.0,3.8010163e-05,0
0.0,0.0067957416,0
1.0,0.9999999,1
0.0,0.012321416,0
0.0,0.0128643345,0
0.0,0.14081794,0
0.0,0.0026726983,0
0.0,0.037327383,0
0.0,0.0011630834,0
0.0,0.0015698494,0
0.0,0.0015111006,0
0.0,0.085583605,0
1.0,0.9999999,1
0.0,0.059789278,0
0.0,8.880189e-05,0
1.0,0.9999999,1
0.0,0.00020064398,0
0.0,0.25293997,0
0.0,0.061795153,0
0.0,0.020295642,0
1.0,0.9999486,1
1.0,0.9999999,1
0.0,0.4127182,0
1.0,0.9999999,1
0.0,0.0402207,0
0.0,0.00013029459,0
0.0,0.44022727,0
0.0,0.03691552,0
0.0,0.020190181,0
0.0,0.00029150536,0
0.0,0.006542664,0
0.0,1.3030097e-05,0
0.0,0.0006698051,0
1.0,0.00040844377,0
0.0,3.4150362e-05,0
0.0,0.015292869,0
1.0,0.9999999,1
0.0,0.031160995,0
0.0,0.0030476092,0
0.0,0.37463677,0
0.0,0.00030831955,0
0.0,0.011023288,0
0.0,0.017818712,0
0.0,0.0001245652,0
0.0,8.6573e-05,0
0.0,0.008193697,0
0.0,8.444434e-05,0
0.0,0.012909301,0
0.0,0.3584166,0
0.0,0.03338684,0
0.0,0.0029514593,0
0.0,0.004460174,0
0.0,0.010035912,0
0.0,0.0036977318,0
0.0,0.026532847,0
0.0,0.00044844532,0
0.0,0.010848602,0
0.0,4.0564202e-05,0
0.0,0.009099795,0
0.0,0.00062634103,0
0.0,0.1325845,0
0.0,0.0012898779,0
0.0,0.0025429765,0
0.0,9.228436e-05,0
0.0,0.43945172,0
0.0,0.0009433684,0
0.0,0.14668031,0
0.0,0.00049565756,0
0.0,0.012099098,0
0.0,0.0037902328,0
0.0,0.0022363735,0
0.0,0.12993552,0
0.0,0.22180732,0
0.0,0.014243574,0
0.0,8.707944e-06,0
0.0,0.0014867703,0
0.0,0.0050592874,0
0.0,0.104883604,0
0.0,0.00823264,0
1.0,0.9999999,1
1.0,0.9999999,1
0.0,0.03847159,0
0.0,0.0020893936,0
1.0,1.0,1
0.0,0.013438979,0
1.0,0.7267822,1
0.0,0.0011787636,0
0.0,0.0008695724,0
0.0,0.39222962,0
0.0,4.859529e-05,0
1.0,0.4375871,0
0.0,0.00028282654,0
0.0,0.07244314,0
0.0,0.32797372,0
0.0,0.0012166394,0
0.0,0.0028364449,0
0.0,0.00010292235,0
0.0,0.00026380664,0
0.0,0.0027664404,0
0.0,9.893748e-05,0
0.0,0.00049778423,0
0.0,0.00044545997,0
0.0,0.32992426,0
0.0,0.0010298785,0
0.0,0.017676428,0
0.0,0.42936677,0
0.0,0.010967912,0
0.0,0.000925809,0
0.0,0.00038031593,0
0.0,0.8178042,1
1.0,1.0,1
0.0,5.052764e-05,0
0.0,0.0033159554,0
1.0,0.9999999,1
0.0,0.0047955858,0
0.0,0.09093265,0
0.0,0.18187954,0
1.0,0.9999999,1
0.0,0.09102559,0
1.0,0.9999999,1
0.0,0.015375257,0
0.0,0.03160598,0
0.0,0.046157785,0
0.0,0.030300394,0
0.0,0.0026959865,0
0.0,0.4143159,0
1.0,0.9999999,1
0.0,0.02186115,0
0.0,0.00016213374,0
0.0,0.01627588,0
0.0,1.0049846e-05,0
1.0,0.9999999,1
0.0,0.3329123,0
0.0,0.0078940345,0
0.0,0.0117051555,0
0.0,0.21949998,0
0.0,0.08611445,0
0.0,0.004425625,0
1.0,0.9999999,1
0.0,0.017618166,0
0.0,0.013384983,0
0.0,3.9396087e-05,0
0.0,0.35058653,0
1.0,0.086919785,0
0.0,0.009846183,0
0.0,0.008970562,0
1.0,0.9999999,1
0.0,0.33402878,0
0.0,0.20061634,0
0.0,0.008991371,0
0.0,1.1635849e-05,0
0.0,3.651964e-06,0
0.0,0.0046361475,0
0.0,0.00012873248,0
0.0,0.04371858,0
1.0,0.63454264,1
1.0,0.8254998,1
0.0,0.072504334,0
0.0,0.011713868,0
1.0,0.99981695,1
0.0,0.0006927235,0
0.0,0.0038922592,0
0.0,0.1553944,0
0.0,0.00027544005,0
0.0,0.0005330456,0
0.0,0.00456578,0
0.0,0.033873737,0
1.0,1.0,1
0.0,0.00079244364,0
0.0,0.18295681,0
0.0,0.006501808,0
0.0,0.00123752,0
0.0,0.0014763871,0
0.0,0.00048325234,0
0.0,0.0023242845,0
0.0,0.00057280477,0
0.0,0.0040303734,0
1.0,0.9999603,1
0.0,8.2475286e-05,0
0.0,0.3808978,0
0.0,0.09567754,0
0.0,0.109108694,0
0.0,0.00011665052,0
0.0,8.458062e-05,0
0.0,2.5680865e-06,0
0.0,0.18753389,0
0.0,0.00073340646,0
0.0,0.00016167895,0
0.0,0.15353972,0
0.0,0.0068639894,0
1.0,0.99967384,1
0.0,0.0035682144,0
0.0,0.021773776,0
0.0,0.0003538192,0
0.0,0.00054632465,0
0.0,0.03376137,0
0.0,0.0016281869,0
0.0,0.6141407,1
0.0,0.43629986,0
0.0,0.00043336602,0
0.0,0.0004456583,0
0.0,0.0082654385,0
0.0,0.00015084849,0
1.0,0.9999999,1
0.0,0.0003543936,0
0.0,0.03364981,0
0.0,0.011962524,0
0.0,0.09436845,0
0.0,1.7804427e-05,0
0.0,0.027606511,0
0.0,0.034478478,0
0.0,0.018634215,0
0.0,1.7393204e-05,0
0.0,0.0006964556,0
0.0,0.001535445,0
0.0,7.2201483e-06,0
0.0,0.0034673177,0
0.0,0.04402486,0
1.0,0.5642147,1
0.0,3.8771464e-06,0
0.0,0.0037276878,0
0.0,3.4365326e-05,0
0.0,0.02724137,0
0.0,0.0055105984,0
0.0,0.09956499,0
0.0,0.00054855034,0
0.0,0.59962237,1
0.0,0.51637673,1
0.0,3.3089116e-06,0
0.0,0.05236761,0
1.0,0.94588715,1
0.0,0.000117845804,0
1.0,0.9996438,1
0.0,0.030290527,0
0.0,0.00856081,0
0.0,0.009075997,0
0.0,4.4585413e-06,0
0.0,0.14759938,0
0.0,0.48390603,0
0.0,0.06433978,0
0.0,0.10886677,0
0.0,0.012806219,0
0.0,0.0012934905,0
0.0,0.0014067609,0
0.0,0.24683283,0
0.0,1.2573662e-05,0
0.0,0.0012400215,0
1.0,1.0,1
0.0,0.0042161862,0
0.0,0.012807111,0
1.0,0.9999999,1
1.0,0.9999999,1
1.0,0.9999999,1
0.0,0.12505186,0
0.0,0.009545193,0
0.0,0.25762942,0
0.0,0.03690666,0
0.0,1.137227e-05,0
0.0,0.648126,1
0.0,0.054098964,0
0.0,0.0026290545,0
0.0,0.16988423,0
0.0,0.028868768,0
0.0,0.25012526,0
0.0,0.15179285,0
0.0,6.676232e-06,0
0.0,0.0124905575,0
0.0,2.058385e-05,0
1.0,0.9999999,1
1.0,0.9999213,1
1.0,0.9999999,1
0.0,0.004646371,0
0.0,0.002575008,0
0.0,0.101561554,0
0.0,0.002288094,0
0.0,0.00012717952,0
0.0,0.023121769,0
0.0,0.008123018,0
0.0,0.006940255,0
1.0,0.64256907,1
0.0,0.00047256716,0
0.0,0.014618513,0
0.0,0.3462253,0
0.0,0.00027257425,0
0.0,0.015979383,0
0.0,0.0046228915,0
0.0,0.00022269243,0
0.0,0.00010196093,0
0.0,0.013954608,0
0.0,0.47636384,0
0.0,0.0006555961,0
0.0,0.0012028837,0
0.0,0.13287796,0
0.0,0.020338204,0
0.0,0.016545191,0
0.0,0.0014173446,0
0.0,0.0023605453,0
0.0,0.14609545,0
0.0,0.30460957,0
0.0,0.001633149,0
0.0,0.0894588,0
0.0,0.036980465,0
0.0,2.2239714e-05,0
0.0,0.13390063,0
1.0,0.92088634,1
0.0,1.3585754e-05,0
1.0,1.0,1
0.0,0.00068591646,0
1.0,1.0,1
0.0,0.23905717,0
0.0,0.0012331059,0
0.0,5.453805e-07,0
0.0,0.0016431567,0
0.0,0.15623794,0
0.0,0.036578882,0
0.0,0.0026998033,0
0.0,0.12941468,0
0.0,0.00043794958,0
0.0,0.12407388,0
0.0,4.6409963e-07,0
0.0,0.6049868,1
1.0,0.9999999,1
0.0,0.004641269,0
1.0,0.9999999,1
0.0,0.035462365,0
0.0,0.060868114,0
0.0,7.270096e-05,0
0.0,0.011948516,0
0.0,0.0034238605,0
1.0,1.0,1
0.0,0.26585707,0
0.0,0.07203224,0
0.0,0.009754704,0
0.0,0.0016411726,0
0.0,0.031172024,0
0.0,0.00026151375,0
0.0,1.691079e-06,0
0.0,0.14053163,0
0.0,5.7736383e-05,0
1.0,0.9999999,1
0.0,0.25560722,0
0.0,0.3956545,0
0.0,0.0041121,0
1.0,1.0,1
0.0,0.007614483,0
0.0,7.9168465e-05,0
0.0,0.017401524,0
0.0,0.02108961,0
0.0,0.44745138,0
0.0,0.040855404,0
1.0,0.99221826,1
0.0,0.007452576,0
0.0,0.0023250997,0
0.0,0.014309005,0
0.0,0.009834145,0
0.0,0.005563173,0
0.0,0.22200386,0
0.0,0.32752728,0
1.0,0.980283,1
0.0,0.03902479,0
0.0,0.04322864,0
0.0,0.00066221127,0
0.0,0.06439147,0
1.0,1.0,1
0.0,0.066860594,0
0.0,0.001852123,0
0.0,0.012086275,0
0.0,0.0067253746,0
0.0,0.000119163946,0
0.0,0.51062226,1
1.0,1.0,1
0.0,0.177209,0
0.0,0.09423882,0
0.0,0.20531847,0
1.0,1.0,1
0.0,0.0011416163,0
1.0,0.9999999,1
0.0,0.013751883,0
0.0,0.021532722,0
0.0,0.79275715,1
0.0,0.03005862,0
0.0,1.282572e-06,0
0.0,0.00028997363,0
0.0,1.8386536e-05,0
0.0,0.00012270348,0
0.0,0.00041979773,0
0.0,0.0009858415,0
0.0,5.3501935e-05,0
0.0,0.035017952,0
0.0,0.00019758892,0
0.0,0.009068058,0
0.0,0.009539825,0
0.0,0.00056977756,0
0.0,0.014213804,0
0.0,0.034568135,0
0.0,0.030730322,0
0.0,0.010998472,0
0.0,0.00011476789,0
0.0,0.005605931,0
0.0,0.06586068,0
0.0,0.39277518,0
1.0,0.9999999,1
0.0,0.042759687,0
1.0,0.9999999,1
0.0,4.7588797e-05,0
1.0,0.9999999,1
0.0,0.025697786,0
1.0,0.9999999,1
0.0,0.00783196,0
0.0,0.05367328,0
0.0,0.19150785,0
0.0,0.114511214,0
1.0,0.96121764,1
0.0,0.06772386,0
0.0,0.45768714,0
1.0,0.97912884,1
1.0,0.6902993,1
0.0,0.00019706716,0
0.0,0.0042664637,0
0.0,0.024857147,0
0.0,0.26389444,0
0.0,0.004332263,0
0.0,0.00093088445,0
0.0,0.019188534,0
0.0,0.0016383264,0
0.0,0.04656302,0
0.0,0.4447913,0
1.0,0.99857056,1
0.0,0.00368381,0
0.0,0.4312526,0
0.0,0.00047279178,0
0.0,0.15569648,0
0.0,0.00026435527,0
0.0,0.19076295,0
0.0,0.0001751739,0
0.0,0.097675465,0
0.0,0.00043056344,0
0.0,0.077100225,0
0.0,0.068803266,0
1.0,0.9983997,1
0.0,0.0021879652,0
0.0,3.925021e-05,0
1.0,1.0,1
1.0,0.9989967,1
0.0,0.0011244221,0
1.0,0.9999999,1
0.0,0.265331,0
0.0,0.0042549344,0
0.0,0.04248538,0
0.0,0.0025157614,0
0.0,0.016402524,0
0.0,0.121576145,0
0.0,0.05601205,0
0.0,0.0013398762,0
1.0,0.9989716,1
0.0,0.0034759503,0
0.0,9.4385534e-05,0
0.0,0.630401,1
0.0,0.000937634,0
0.0,0.00043308554,0
0.0,0.026317129,0
0.0,0.004456771,0
0.0,0.0036882455,0
0.0,0.0017776239,0
0.0,0.052224357,0
0.0,0.3808978,0
0.0,0.003261862,0
1.0,0.9999999,1
0.0,0.29062396,0
0.0,0.0023743447,0
0.0,0.4688072,0
1.0,0.9999999,1
0.0,9.196644e-05,0
0.0,0.014719621,0
0.0,0.0005777943,0
0.0,0.1748997,0
0.0,1.4385535e-05,0
0.0,0.0007937809,0
0.0,0.31448013,0
0.0,0.0019983316,0
0.0,8.895784e-05,0
0.0,0.4766245,0
0.0,0.00010354866,0
1.0,0.98533255,1
0.0,0.0008875445,0
0.0,0.14870998,0
0.0,0.0007784931,0
0.0,0.96734935,1
0.0,0.05188267,0
0.0,0.41811252,0
1.0,0.9999999,1
0.0,0.0015713492,0
0.0,0.00017649034,0
0.0,0.014102173,0
0.0,0.4468669,0
0.0,0.023796275,0
0.0,0.12702945,0
0.0,0.096665196,0
0.0,0.000354826,0
0.0,0.02148152,0
0.0,0.0631502,0
1.0,0.5638548,1
0.0,0.009942457,0
0.0,0.11669752,0
0.0,0.051499274,0
0.0,4.5316898e-05,0
0.0,0.0016178865,0
1.0,0.83161277,1
0.0,0.47319612,0
1.0,0.9999999,1
0.0,0.0026008997,0
1.0,0.2616588,0
1.0,0.9999999,1
1.0,0.9999999,1
0.0,0.82859576,1
0.0,0.007216614,0
1.0,0.9970463,1
0.0,0.016799575,0
0.0,0.001979927,0
0.0,0.002581524,0
0.0,3.45149e-05,0
0.0,0.019181257,0
1.0,1.0,1
0.0,2.3963014e-06,0
0.0,0.008074077,0
0.0,0.32526228,0
0.0,0.000340097,0
1.0,0.9999999,1
0.0,0.023869013,0
0.0,0.0022477198,0
0.0,0.0911321,0
1.0,1.0,1
0.0,5.8684476e-05,0
0.0,0.00049207377,0
0.0,0.4918395,0
0.0,0.015515648,0
0.0,0.025572889,0
0.0,0.06054608,0
0.0,0.09465962,0
0.0,3.2529463e-06,0
0.0,0.01957429,0
0.0,0.004827552,0
1.0,0.9999999,1
0.0,0.27986377,0
0.0,0.00011612657,0
0.0,0.3244871,0
0.0,0.015019255,0
0.0,0.16127399,0
0.0,0.011657719,0
0.0,0.0005452319,0
0.0,0.0001092965,0
0.0,0.0013927998,0
0.0,0.0027073168,0
1.0,0.9999999,1
0.0,8.876549e-05,0
0.0,0.0033505843,0
0.0,0.017915742,0
0.0,4.87695e-06,0
0.0,0.1206327,0
0.0,0.010272398,0
0.0,0.0014620431,0
0.0,0.0010980933,0
0.0,0.0059423987,0
0.0,0.010440997,0
1.0,0.9999999,1
0.0,0.021440476,0
1.0,0.9999999,1
0.0,0.002080048,0
0.0,0.46864328,0
0.0,0.15380836,0
0.0,0.010427919,0
0.0,8.755465e-07,0
0.0,0.0055432287,0
0.0,0.3090951,0
0.0,0.001892515,0
0.0,0.00029893042,0
0.0,0.06938968,0
0.0,0.0051591555,0
0.0,0.03824434,0
0.0,0.00018763669,0
1.0,0.99374926,1
0.0,0.53987545,1
0.0,0.041673977,0
0.0,0.16031547,0
1.0,0.9926293,1
0.0,0.005526224,0
0.0,0.005432974,0
1.0,1.0,1
0.0,0.099362396,0
0.0,0.118461505,0
1.0,0.9999999,1
0.0,0.014109633,0
1.0,0.91075486,1
0.0,0.0015102725,0
0.0,0.00013093438,0
0.0,0.00018080435,0
0.0,0.04512324,0
0.0,0.12254256,0
0.0,0.22236584,0
0.0,0.04040457,0
0.0,0.0033813734,0
0.0,4.8524407e-06,0
0.0,0.30935344,0
0.0,0.002689145,0
0.0,0.001919815,0
0.0,0.1460574,0
1.0,0.9999999,1
0.0,0.020905064,0
0.0,5.578392e-06,0
0.0,0.0027956632,0
0.0,0.4254345,0
0.0,7.10668e-07,0
0.0,0.0029376294,0
1.0,0.9999999,1
1.0,1.0,1
0.0,0.14759172,0
0.0,0.020238932,0
0.0,0.32401294,0
0.0,0.0045308853,0
0.0,0.08525309,0
0.0,0.42916578,0
1.0,0.99811953,1
0.0,0.07146318,0
0.0,0.023114134,0
0.0,0.00058920204,0
0.0,0.0031352052,0
1.0,0.94329125,1
0.0,0.035472427,0
0.0,0.2547476,0
0.0,0.01709993,0
1.0,0.9999999,1
0.0,0.0001374238,0
0.0,0.03206021,0
1.0,0.9999999,1
0.0,0.0004990285,0
0.0,0.001582483,0
0.0,1.8655713e-06,0
1.0,0.9940838,1
0.0,0.21727353,0
0.0,0.024289249,0
0.0,0.006366665,0
0.0,0.0012450644,0
0.0,0.005675389,0
0.0,0.0058930763,0
1.0,0.9999999,1
1.0,0.0076846103,0
0.0,0.0020680793,0
1.0,1.0,1
0.0,0.19303712,0
0.0,1.1262582e-05,0
0.0,0.0005001592,0
0.0,0.047840167,0
0.0,0.0017917474,0
0.0,0.0003293972,0
0.0,0.005262397,0
0.0,0.007618261,0
1.0,0.9999999,1
0.0,0.91016424,1
0.0,0.00013497294,0
0.0,5.3956002e-05,0
0.0,0.058258068,0
0.0,6.0726405e-05,0
1.0,0.74788916,1
0.0,0.028037619,0
1.0,0.9161562,1
0.0,0.45207813,0
0.0,0.015128832,0
0.0,0.023507807,0
0.0,2.2231656e-05,0
0.0,0.015112272,0
1.0,0.9999999,1
1.0,1.0,1
0.0,0.00141074,0
0.0,0.0018341305,0
0.0,0.021440476,0
0.0,1.6476713e-05,0
0.0,3.586442e-06,0
0.0,0.031192001,0
0.0,0.0019145374,0
0.0,0.0027411191,0
0.0,0.0033026591,0
0.0,0.0021191058,0
0.0,0.059726343,0
0.0,0.0030592403,0
0.0,0.0008397611,0
0.0,8.033215e-05,0
1.0,0.9999999,1
0.0,0.0016317384,0
0.0,0.0005140474,0
0.0,0.0005421527,0
0.0,2.714551e-05,0
1.0,0.44503468,0
1.0,0.53386116,1
1.0,0.9999999,1
0.0,0.39315677,0
1.0,0.986283,1
1.0,0.9999995,1
0.0,0.05112214,0
0.0,0.014271487,0
0.0,0.030448932,0
1.0,0.9955798,1
0.0,0.4837366,0
0.0,6.5680024e-06,0
1.0,0.4789187,0
0.0,8.133012e-06,0
0.0,0.047071777,0
0.0,0.25148863,0
0.0,0.15896297,0
0.0,0.0047005555,0
1.0,0.8486221,1
0.0,0.12604529,0
1.0,0.9999999,1
0.0,4.438245e-05,0
1.0,0.9999999,1
0.0,3.2453107e-05,0
0.0,0.06576783,0
0.0,0.21213631,0
1.0,0.9525955,1
1.0,1.0,1
0.0,0.49608728,0
0.0,0.06931142,0
0.0,0.0012498738,0
0.0,0.11618625,0
0.0,0.0030428912,0
0.0,0.0015569207,0
0.0,1.1851229e-05,0
0.0,0.027046569,0
0.0,0.0055651856,0
0.0,9.5097784e-07,0
0.0,2.3886716e-05,0
0.0,0.33878887,0
0.0,0.07287983,0
0.0,0.46372136,0
0.0,0.023528501,0
1.0,0.3956545,0
0.0,0.141874,0
0.0,7.409857e-05,0
0.0,0.0027684895,0
0.0,9.695986e-05,0
0.0,0.096931644,0
0.0,0.0046675787,0
0.0,3.382769e-07,0
0.0,0.050098732,0
1.0,1.0,1
0.0,2.531246e-05,0
0.0,0.0031461662,0
0.0,0.023234578,0
0.0,0.008239826,0
0.0,6.9838854e-05,0
1.0,1.0,1
0.0,4.874716e-05,0
0.0,0.015350148,0
0.0,0.07181454,0
0.0,0.008345473,0
0.0,0.31548348,0
0.0,0.07409324,0
0.0,0.0022048603,0
0.0,0.14794573,0
0.0,0.03968268,0
0.0,0.23037525,0
0.0,0.07045306,0
0.0,0.0066372696,0
1.0,0.92925966,1
0.0,0.0015617426,0
0.0,0.456587,0
0.0,0.14721869,0
0.0,0.00040228426,0
0.0,0.4656118,0
0.0,0.2833783,0
0.0,0.17761816,0
0.0,0.000102724785,0
0.0,0.00038101705,0
0.0,0.014844552,0
0.0,0.00047116447,0
0.0,0.00053704163,0
0.0,0.0033813734,0
0.0,0.24160075,0
1.0,0.9999999,1
1.0,0.29282656,0
1.0,0.9999999,1
0.0,0.011878353,0
0.0,0.0008455249,0
0.0,0.34948742,0
0.0,0.7028535,1
0.0,0.43802023,0
1.0,0.9999999,1
0.0,0.0022630147,0
0.0,0.0018048983,0
0.0,0.0016147079,0
0.0,0.26893693,0
1.0,0.43267527,0
0.0,8.4558276e-05,0
1.0,0.9999999,1
0.0,0.00055756007,0
1.0,0.99953926,1
0.0,0.077284515,0
0.0,1.3243027e-06,0
0.0,0.001864848,0
0.0,0.013107638,0
0.0,0.03096306,0
0.0,0.0610275,0
0.0,0.019014323,0
0.0,0.028860962,0
1.0,0.9999999,1
1.0,0.9439129,1
0.0,0.008984618,0
1.0,0.9683063,1
0.0,1.6326867e-05,0
0.0,0.00152609,0
0.0,0.3917524,0
0.0,0.3373638,0
0.0,0.23525363,0
0.0,0.22175944,0
1.0,0.33346543,0
0.0,0.4061939,0
0.0,0.15016477,0
0.0,0.014190939,0
0.0,0.0005458637,0
0.0,0.009187055,0
0.0,0.26658815,0
1.0,0.99404436,1
0.0,0.088604935,0
0.0,0.0026212377,0
0.0,5.235141e-06,0
0.0,0.0031098407,0
0.0,0.20235598,0
0.0,0.15061152,0
0.0,0.0069933734,0
1.0,0.9999999,1
0.0,0.0013795609,0
0.0,0.0050376765,0
0.0,0.07804008,0
0.0,0.0033159554,0
0.0,0.75604296,1
0.0,0.0014241651,0
0.0,0.014439822,0
0.0,0.0001021658,0
0.0,0.00015095354,0
1.0,0.9999999,1
0.0,0.0033561618,0
0.0,0.1108571,0
0.0,0.00013387419,0
0.0,0.009101932,0
1.0,0.9999999,1
0.0,0.0016383835,0
1.0,0.99997485,1
0.0,0.32001123,0
0.0,0.0026269085,0
0.0,0.027745832,0
0.0,0.023832688,0
1.0,0.99074453,1
1.0,0.9999999,1
0.0,0.47693676,0
0.0,0.049289126,0
1.0,0.9999999,1
0.0,0.21155448,0
0.0,0.0021259089,0
0.0,0.008021113,0
0.0,2.6163707e-05,0
1.0,0.9976,1
0.0,0.0039848657,0
0.0,0.63107175,1
0.0,0.0011588378,0
0.0,0.001656119,0
1.0,0.3356831,0
0.0,1.3434855e-05,0
0.0,0.10389831,0
1.0,0.99871886,1
0.0,0.5463146,1
1.0,0.09241927,0
0.0,0.07028229,0
0.0,0.002625607,0
0.0,7.2503285e-06,0
0.0,0.15650512,0
0.0,0.020394506,0
0.0,1.1093473e-05,0
0.0,0.0015683495,0
0.0,0.05948658,0
1.0,0.66616285,1
1.0,1.0,1
0.0,5.3365675e-06,0
0.0,0.13785338,0
0.0,0.003950616,0
0.0,0.0012824342,0
0.0,0.0030942822,0
0.0,0.25569844,0
0.0,0.03020877,0
0.0,0.08006475,0
0.0,0.00020814074,0
0.0,0.0021314481,0
0.0,0.0076891207,0
0.0,0.19317047,0
0.0,0.004185735,0
0.0,0.007900411,0
0.0,0.0016816604,0
0.0,6.538147e-05,0
0.0,0.8344634,1
0.0,0.0013893294,0
0.0,3.4281205e-05,0
0.0,1.4260772e-05,0
1.0,0.0059969896,0
1.0,0.7331339,1
0.0,0.001998635,0
0.0,0.0039227656,0
0.0,0.31894147,0
0.0,0.0020034697,0
0.0,0.0017156352,0
1.0,0.9999999,1
0.0,0.00010975875,0
1.0,0.88550776,1
0.0,0.036924127,0
0.0,0.013607798,0
1.0,1.0,1
0.0,0.001582483,0
0.0,0.010569955,0
0.0,0.09059891,0
1.0,0.9768862,1
0.0,6.800091e-05,0
0.0,0.0024447376,0
0.0,0.06538443,0
0.0,0.032407135,0
1.0,0.9999999,1
0.0,0.016194452,0
0.0,0.025365248,0
0.0,1.9344209e-06,0
0.0,0.0010636161,0
0.0,0.057110004,0
0.0,0.00014732778,0
0.0,0.0032413388,0
0.0,0.011455516,0
0.0,0.41357493,0
0.0,0.27391493,0
0.0,0.02760503,0
0.0,0.0014135708,0
0.0,9.951271e-06,0
1.0,0.9999999,1
1.0,0.82378715,1
0.0,2.8543286e-07,0
0.0,0.022549035,0
1.0,0.22996223,0
0.0,0.0007589535,0
0.0,3.4556364e-05,0
0.0,0.03491483,0
0.0,0.0125970775,0
0.0,0.3336717,0
0.0,0.0038191662,0
0.0,0.005481211,0
0.0,0.010987771,0
0.0,0.010909127,0
1.0,0.9999999,1
0.0,0.025992585,0
1.0,0.6393766,1
1.0,0.0009780709,0
0.0,0.069380075,0
0.0,0.13036856,0
0.0,0.030156208,0
0.0,0.022811426,0
0.0,0.108920574,0
1.0,1.0,1
0.0,1.39191525e-05,0
0.0,0.0003975669,0
0.0,0.00016543809,0
0.0,0.0074997693,0
1.0,0.070749134,0
1.0,0.9999999,1
0.0,4.2671472e-05,0
0.0,8.3436906e-05,0
0.0,0.45207813,0
1.0,0.029291553,0
0.0,2.6612068e-07,0
0.0,5.4809884e-06,0
0.0,3.2899803e-05,0
1.0,0.9999788,1
0.0,1.4709284e-05,0
0.0,0.17622598,0
0.0,0.120743215,0
0.0,0.0073329625,0
1.0,0.42237598,0
0.0,0.033742297,0
0.0,0.0007250582,0
0.0,0.0027679668,0
0.0,0.00075241656,0
0.0,0.036224924,0
0.0,0.012475165,0
0.0,0.16507341,0
0.0,0.06979932,0
0.0,8.758708e-06,0
0.0,0.017059881,0
0.0,1.3672199e-05,0
0.0,0.49992484,0
0.0,0.000217594,0
0.0,0.084624544,0
0.0,0.010618463,0
0.0,0.010411586,0
0.0,2.3439285e-05,0
1.0,0.9133863,1
1.0,0.9999999,1
0.0,0.039368317,0
0.0,0.014460547,0
0.0,0.00079654733,0
0.0,0.0021921396,0
0.0,0.0009241139,0
0.0,0.066399656,0
0.0,0.04169472,0
1.0,0.99446857,1
0.0,0.0050969883,0
0.0,3.281974e-05,0
1.0,0.9999999,1
1.0,0.9955723,1
0.0,0.00011174394,0
0.0,0.0037135473,0
0.0,0.03382119,0
0.0,0.27481508,0
0.0,0.005491904,0
0.0,0.0005452319,0
0.0,0.36816812,0
0.0,0.040266808,0
1.0,0.07203122,0
0.0,6.0825863e-05,0
1.0,0.9999999,1
0.0,0.07751295,0
1.0,0.9999999,1
0.0,6.740462e-05,0
0.0,1.0805649e-06,0
0.0,0.0052446597,0
1.0,0.9999999,1
1.0,0.9999999,1
0.0,0.0067206835,0
0.0,0.027666774,0
1.0,0.6363282,1
0.0,0.000266861,0
0.0,7.1554007e-07,0
0.0,0.13236818,0
0.0,0.0035585654,0
0.0,0.015805103,0
0.0,0.044973336,0
0.0,0.44707453,0
0.0,0.00014681212,0
1.0,0.8204374,1
0.0,0.0018850063,0
0.0,0.6628751,1
0.0,0.30037495,0
0.0,0.00046078025,0
0.0,0.060901657,0
0.0,0.13897115,0
0.0,2.7448099e-05,0
0.0,0.006236907,0
0.0,0.004765246,0
1.0,0.9985605,1
0.0,0.041618463,0
1.0,0.9986406,1
0.0,3.74859e-05,0
1.0,0.43888718,0
0.0,0.03443086,0
1.0,0.9975006,1
0.0,0.0552644,0
0.0,0.14426266,0
0.0,0.00012665863,0
1.0,0.081130885,0
0.0,0.033194043,0
1.0,0.9999999,1
0.0,0.0037274486,0
1.0,0.61566913,1
0.0,0.014043006,0
0.0,7.632221e-06,0
0.0,0.28970093,0
0.0,0.30703336,0
0.0,0.0067336136,0
0.0,1.0268302e-06,0
0.0,0.3822448,0
0.0,0.01630186,0
0.0,0.2806792,0
0.0,0.05283997,0
0.0,0.00010440143,0
0.0,0.24285157,0
1.0,0.9999999,1
0.0,0.00050295074,0
0.0,0.0006635209,0
0.0,0.009271526,0
1.0,0.43267527,0
0.0,0.46174774,0
1.0,0.9999999,1
0.0,0.0044189407,0
0.0,0.6743383,1
0.0,0.0031251367,0
1.0,0.9999999,1
1.0,0.9486581,1
0.0,0.04612191,0
0.0,4.2294858e-05,0
1.0,0.28503644,0
0.0,2.5415698e-05,0
1.0,0.9999999,1
0.0,0.2260688,0
0.0,0.066758014,0
1.0,0.9999999,1
1.0,0.9999999,1
0.0,0.14190684,0
0.0,0.00031681694,0
0.0,0.00038146987,0
0.0,0.092299536,0
1.0,0.70813286,1
0.0,0.3721211,0
0.0,2.0284745e-07,0
0.0,0.29276046,0
1.0,0.9988096,1
0.0,0.04015468,0
0.0,0.0039453898,0
0.0,5.1663e-05,0
0.0,0.18275306,0
1.0,0.9999999,1
0.0,0.0663309,0
0.0,0.00010786776,0
0.0,0.87368685,1
0.0,0.0033645188,0
0.0,0.0017980669,0
1.0,1.0,1
0.0,0.41678342,0
0.0,0.00019184517,0
0.0,0.0035480119,0
0.0,0.12675683,0
0.0,0.043603197,0
0.0,0.009907864,0
0.0,0.0012628784,0
0.0,0.003846417,0
0.0,0.0014068647,0
1.0,0.70269966,1
0.0,3.413662e-05,0
0.0,0.13600276,0
0.0,8.435436e-05,0
1.0,0.9999999,1
0.0,0.063076474,0
0.0,0.21215649,0
0.0,0.0005458637,0
0.0,0.05150653,0
0.0,9.944174e-06,0
0.0,0.08048036,0
0.0,0.00014323377,0
0.0,0.020490594,0
0.0,0.0005908332,0
1.0,0.9999999,1
0.0,0.007790349,0
0.0,0.065050244,0
1.0,0.5595189,1
0.0,0.27888742,0
0.0,0.082107775,0
0.0,3.8704413e-05,0
0.0,0.19891463,0
0.0,0.0025157614,0
0.0,0.00027780098,0
0.0,0.0028878902,0
0.0,0.030812623,0
0.0,0.016828299,0
1.0,0.96004903,1
0.0,0.004905545,0
0.0,0.06732728,0
0.0,0.2512876,0
0.0,0.004054155,0
0.0,0.02032759,0
0.0,0.00017797391,0
0.0,0.0018169241,0
0.0,0.44217196,0
0.0,0.0069137183,0
0.0,0.012921019,0
0.0,0.0004186426,0
0.0,0.0657964,0
0.0,0.45433682,0
0.0,0.31873557,0
0.0,0.06610554,0
0.0,0.0007048273,0
0.0,0.053376485,0
0.0,0.00053018954,0
1.0,0.62789017,1
0.0,0.002293685,0
0.0,0.6601008,1
0.0,0.0008875445,0
1.0,0.56913537,1
0.0,8.481278e-06,0
0.0,0.00032801213,0
0.0,0.0022773112,0
0.0,8.150782e-05,0
0.0,0.13388193,0
0.0,0.044304807,0
1.0,0.99988616,1
1.0,0.9995246,1
1.0,0.9999999,1
0.0,0.012324846,0
0.0,0.0005386234,0
0.0,4.7799585e-07,0
1.0,0.38252982,0
0.0,0.10395631,0
0.0,0.26696712,0
0.0,0.037949905,0
0.0,0.11833469,0
1.0,0.9999999,1
0.0,3.34571e-05,0
0.0,0.0029801016,0
1.0,0.9884858,1
0.0,9.6643606e-05,0
0.0,0.0069222786,0
0.0,0.001973671,0
0.0,0.16012423,0
0.0,0.034703467,0
0.0,0.100395635,0
0.0,0.00038934857,0
0.0,0.037163433,0
0.0,0.024594886,0
0.0,0.7136588,1
1.0,0.9994709,1
0.0,0.001994578,0
0.0,0.11496217,0
0.0,0.00081580976,0
0.0,0.07942153,0
0.0,0.001905956,0
0.0,0.0018549857,0
0.0,0.0001485127,0
0.0,0.0007627982,0
0.0,0.10406723,0
0.0,0.0022467533,0
0.0,0.004645143,0
0.0,0.0009338524,0
0.0,0.020291073,0
0.0,0.03314734,0
0.0,0.011676974,0
0.0,0.25611255,0
0.0,0.08553494,0
0.0,0.12543148,0
0.0,0.0012477415,0
0.0,0.0075169965,0
0.0,0.3539493,0
0.0,0.00031884562,0
0.0,0.000101808015,0
0.0,0.0022435777,0
0.0,0.013020208,0
0.0,0.020458274,0
0.0,3.4507789e-06,0
0.0,0.42916578,0
1.0,0.99766695,1
0.0,0.4112337,0
1.0,0.23859742,0
0.0,0.0013533534,0
1.0,0.42106813,0
1.0,0.9999999,1
0.0,0.0001160721,0
1.0,0.9999999,1
0.0,0.0032289024,0
0.0,0.0003187444,0
0.0,0.05669973,0
1.0,0.9999999,1
1.0,0.3221928,0
0.0,0.0012567616,0
1.0,0.9999999,1
0.0,0.07215203,0
0.0,0.05218324,0
1.0,0.999835,1
1.0,0.9999999,1
0.0,0.0009226965,0
1.0,1.0,1
1.0,0.9999999,1
0.0,1.77651e-06,0
0.0,0.0017404386,0
0.0,0.015243632,0
0.0,0.0910175,0
0.0,0.15779419,0
0.0,5.727134e-06,0
0.0,3.988894e-06,0
0.0,0.00015480838,0
1.0,0.3958834,0
0.0,0.00926132,0
0.0,0.2476457,0
0.0,0.012932799,0
0.0,0.00090089376,0
0.0,0.0020065669,0
1.0,1.0,1
1.0,0.87065125,1
0.0,0.5519625,1
0.0,0.003818468,0
0.0,0.74720144,1
0.0,0.11349886,0
0.0,0.0047989255,0
0.0,8.3300554e-05,0
0.0,0.0056412104,0
0.0,0.004198797,0
0.0,0.44285262,0
0.0,0.0040260176,0
1.0,0.8630807,1
0.0,0.053092048,0
1.0,0.9999999,1
0.0,0.051139172,0
0.0,0.40223593,0
0.0,0.0038092248,0
1.0,0.999881,1
0.0,0.0011498103,0
0.0,0.03975226,0
0.0,0.013852446,0
0.0,3.3844983e-05,0
0.0,9.48257e-05,0
0.0,0.22449175,0
0.0,0.013011087,0
0.0,0.034866065,0
1.0,0.9999999,1
0.0,0.00012211263,0
1.0,0.9999999,1
0.0,0.0767456,0
0.0,0.00025163023,0
0.0,0.00012835911,0
0.0,0.078764655,0
0.0,1.6415312e-05,0
0.0,0.08513594,0
0.0,0.001796634,0
0.0,0.091889575,0
0.0,0.44173124,0
0.0,0.021440476,0
0.0,0.049678013,0
0.0,0.09328502,0
0.0,0.00064827444,0
0.0,0.084264316,0
0.0,0.10465378,0
0.0,2.4039598e-05,0
1.0,0.9997546,1
0.0,0.89532614,1
0.0,0.0061024535,0
0.0,0.12303588,0
0.0,0.019150728,0
0.0,2.421638e-05,0
0.0,0.042142067,0
0.0,0.4432686,0
0.0,0.30396315,0
1.0,0.9832697,1
0.0,0.44030815,0
0.0,0.10982382,0
0.0,0.28041106,0
0.0,0.0032170163,0
0.0,0.31569847,0
1.0,0.9947239,1
1.0,0.9999999,1
0.0,0.00030005854,0
0.0,0.13294096,0
1.0,0.8145548,1
0.0,0.00054383086,0
0.0,0.0076219565,0
0.0,0.0006777133,0
0.0,0.042601723,0
0.0,0.000100893565,0
0.0,0.14143662,0
0.0,0.28139278,0
0.0,0.092098065,0
0.0,7.515147e-05,0
0.0,9.039365e-06,0
0.0,7.277497e-05,0
1.0,0.9999999,1
0.0,0.0010045695,0
1.0,0.9996438,1
0.0,0.18318307,0
1.0,0.9998958,1
0.0,0.00011529671,0
0.0,0.012677179,0
0.0,7.902508e-06,0
0.0,0.00011165032,0
0.0,0.032750927,0
0.0,0.24710897,0
0.0,0.0034557185,0
1.0,0.9999505,1
0.0,0.026572885,0
0.0,0.0075711086,0
0.0,0.45983884,0
0.0,0.0034319682,0
0.0,0.0005157576,0
0.0,0.051553946,0
0.0,0.000323192,0
0.0,0.015175752,0
0.0,0.06302806,0
1.0,0.8449757,1
0.0,0.1787444,0
0.0,0.3418276,0
0.0,0.00013790122,0
0.0,0.0006452762,0
0.0,0.24515426,0
0.0,0.0010951275,0
0.0,0.0004430115,0
1.0,0.9999999,1
0.0,0.0001965204,0
0.0,0.0065545794,0
0.0,0.0036337038,0
0.0,0.00050894835,0
1.0,0.9955723,1
0.0,0.29486546,0
0.0,7.482454e-05,0
0.0,1.5037564e-05,0
1.0,0.9999999,1
0.0,0.16439173,0
0.0,0.73007023,1
0.0,0.009846183,0
0.0,2.9573257e-06,0
0.0,0.22744653,0
0.0,0.03432553,0
0.0,0.5376822,1
0.0,0.22875577,0
0.0,0.009545193,0
0.0,0.0055044685,0
0.0,0.00060347957,0
0.0,0.010326822,0
1.0,0.9999999,1
0.0,0.11508217,0
0.0,0.03260882,0
0.0,0.35874906,0
0.0,0.007425501,0
0.0,0.0039027468,0
1.0,0.9997714,1
0.0,0.0007654364,0
0.0,2.7135624e-05,0
1.0,0.9544846,1
0.0,2.4962756e-05,0
0.0,0.007216864,0
0.0,3.4552177e-05,0
0.0,0.04830508,0
1.0,0.057942223,0
0.0,6.236468e-06,0
0.0,0.18444806,0
1.0,0.99761486,1
0.0,0.13044888,0
0.0,0.002884133,0
0.0,0.0058996505,0
0.0,0.5349518,1
0.0,0.32746917,0
0.0,0.39242858,0
0.0,0.01225403,0
0.0,8.161686e-05,0
0.0,0.0068831127,0
0.0,0.0013717551,0
0.0,0.0007096369,0
0.0,0.061221305,0
0.0,0.048448816,0
0.0,0.040266808,0
0.0,0.041945115,0
0.0,0.52432394,1
0.0,0.04020595,0
0.0,0.002204082,0
1.0,0.97994286,1
0.0,0.06285639,0
0.0,9.14332e-05,0
1.0,1.0,1
0.0,0.04941365,0
0.0,7.367827e-05,0
0.0,0.036149155,0
0.0,0.0037328464,0
0.0,0.3822448,0
0.0,1.891903e-05,0
0.0,0.0009695902,0
0.0,0.00080445263,0
0.0,0.06567612,0
0.0,0.117917016,0
0.0,0.118934795,0
0.0,0.005562384,0
0.0,0.046595782,0
0.0,0.0008695753,0
0.0,0.013694076,0
0.0,0.0001512274,0
0.0,0.16010529,0
0.0,0.0053842277,0
0.0,0.40223593,0
0.0,0.0007920978,0
1.0,0.9996755,1
0.0,0.0013797081,0
0.0,0.00022182548,0
0.0,0.0006647124,0
0.0,0.03282519,0
0.0,0.049972057,0
0.0,0.015513214,0
0.0,0.45886454,0
0.0,4.5052802e-05,0
0.0,7.83071e-05,0
1.0,0.88069284,1
0.0,0.02358322,0
0.0,2.7156182e-06,0
0.0,0.025592662,0
0.0,0.06828165,0
0.0,3.6484867e-06,0
1.0,0.9999999,1
0.0,0.064124055,0
1.0,0.06948316,0
0.0,0.021181064,0
0.0,0.0060085803,0
0.0,0.050831944,0
0.0,0.041761007,0
0.0,0.06653887,0
1.0,0.9999999,1
0.0,7.602372e-06,0
0.0,0.027918812,0
0.0,0.0019472972,0
0.0,0.031613994,0
0.0,0.668795,1
0.0,0.0017723884,0
0.0,0.0007035767,0
0.0,0.00022166988,0
0.0,0.4510661,0
0.0,0.008085947,0
0.0,0.005903198,0
0.0,0.0023485236,0
0.0,0.0024290113,0
0.0,0.052910034,0
0.0,0.022374693,0
0.0,0.0012824342,0
0.0,0.00023085621,0
0.0,0.019187495,0
0.0,0.000690659,0
0.0,0.0034076986,0
0.0,0.014791035,0
0.0,0.0040247156,0
0.0,0.004877139,0
1.0,0.06732558,0
0.0,0.00011604918,0
0.0,0.000583172,0
0.0,0.029228797,0
0.0,0.4890111,0
0.0,0.004802641,0
0.0,0.074567966,0
0.0,0.5345602,1
0.0,0.0075543555,0
1.0,0.72800356,1
0.0,0.34953383,0
0.0,0.0040210206,0
0.0,0.0049863793,0
0.0,0.0004940112,0
0.0,0.0005452909,0
0.0,0.7481499,1
0.0,1.1740626e-05,0
0.0,7.3869924e-06,0
0.0,0.14670563,0
0.0,0.065991014,0
0.0,0.8263923,1
0.0,0.0842358,0
1.0,0.9999999,1
1.0,0.9999999,1
0.0,0.09617429,0
0.0,0.00044489326,0
0.0,0.0019725433,0
0.0,6.6148395e-06,0
0.0,0.0002561798,0
0.0,0.17003407,0
0.0,0.05297102,0
0.0,0.00031563814,0
0.0,0.121845,0
0.0,0.78324026,1
0.0,0.002255465,0
0.0,0.00012008689,0
0.0,0.08800573,0
0.0,3.903714e-05,0
0.0,6.343799e-05,0
0.0,0.067788236,0
0.0,0.0012519241,0
0.0,0.000339278,0
0.0,0.0015711884,0
0.0,0.0076840003,0
0.0,7.9789716e-05,0
0.0,0.0040832907,0
0.0,0.0023008992,0
0.0,0.39595804,0
1.0,0.9947221,1
0.0,0.13472939,0
0.0,1.891903e-05,0
0.0,0.03458769,0
1.0,0.9999999,1
0.0,0.0012917399,0
0.0,0.041791033,0
0.0,0.44641882,0
1.0,0.9999999,1
1.0,0.9999999,1
0.0,0.19855265,0
0.0,0.06110907,0
0.0,0.035514493,0
0.0,0.00027316296,0
0.0,0.3050801,0
1.0,0.96785617,1
0.0,0.007049856,0
0.0,0.0005296587,0
0.0,0.13012253,0
0.0,0.07674833,0
0.0,0.07177508,0
0.0,0.36244655,0
0.0,0.60279024,1
0.0,0.0689652,0
0.0,0.005169658,0
1.0,1.0,1
0.0,0.09852731,0
0.0,0.00033157403,0
0.0,9.304517e-05,0
0.0,0.00033725426,0
0.0,2.0655523e-06,0
0.0,0.0074752974,0
1.0,0.99999917,1
0.0,0.0010591086,0
0.0,0.0025908328,0
0.0,0.044367824,0
0.0,0.01289603,0
0.0,0.0017779827,0
1.0,0.831431,1
0.0,0.0005908332,0
0.0,0.27432474,0
0.0,0.061024234,0
0.0,0.0022659136,0
0.0,0.0027120782,0
1.0,0.4503001,0
0.0,0.035782464,0
0.0,5.387735e-06,0
0.0,0.00058966107,0
0.0,0.015598335,0
0.0,0.64098126,1
0.0,0.20999947,0
1.0,0.9999999,1
1.0,0.9999999,1
0.0,0.37566265,0
1.0,0.999295,1
0.0,0.00030569002,0
0.0,0.05956562,0
0.0,0.7220292,1
0.0,0.0389724,0
0.0,0.0014357215,0
0.0,0.0008213158,0
0.0,0.0025081912,0
0.0,0.0023936285,0
0.0,0.0010875693,0
0.0,0.000648736,0
1.0,0.99406934,1
0.0,0.0046722507,0
1.0,0.9999999,1
0.0,0.18902233,0
0.0,0.0015227543,0
0.0,0.005169658,0
0.0,0.18964058,0
0.0,0.00029365043,0
0.0,0.0021363785,0
0.0,0.14421405,0
0.0,0.002855191,0
0.0,0.0015915018,0
0.0,1.6483787e-07,0
0.0,0.47123078,0
0.0,0.007834188,0
0.0,0.0075635994,0
0.0,5.2949654e-05,0
0.0,0.02785288,0
0.0,0.021903548,0
1.0,0.9999999,1
0.0,1.4080779e-05,0
0.0,0.00025645422,0
0.0,0.0072977566,0
0.0,1.9209994e-05,0
0.0,0.0012223574,0
0.0,0.19399537,0
0.0,6.459975e-06,0
0.0,0.00031922915,0
0.0,0.016410405,0
1.0,0.99999976,1
0.0,0.0031352025,0
0.0,0.14285141,0
0.0,0.0011231632,0
1.0,0.9999999,1
0.0,0.0005121976,0
0.0,0.1018117,0
0.0,0.0058809067,0
0.0,0.0406107,0
0.0,0.018006988,0
0.0,0.12513602,0
0.0,0.0022545734,0
0.0,0.24989767,0
0.0,0.45886454,0
0.0,0.0011085026,0
0.0,0.0916197,0
1.0,0.99991274,1
1.0,0.9999999,1
0.0,0.08166257,0
0.0,1.008589e-06,0
0.0,0.041026387,0
0.0,0.10482683,0
0.0,0.08479706,0
0.0,0.057971098,0
0.0,0.14600079,0
0.0,0.0011367871,0
0.0,0.20545155,0
0.0,0.010499618,0
0.0,0.50625044,1
0.0,0.001958491,0
0.0,0.16810189,0
0.0,0.65603775,1
0.0,1.393434e-06,0
0.0,0.039361436,0
0.0,6.996688e-06,0
0.0,0.3096442,0
1.0,1.0,1
0.0,0.0034489266,0
1.0,0.99689925,1
0.0,0.007264927,0
0.0,0.00014488325,0
0.0,0.0123613635,0
0.0,0.12561077,0
0.0,0.072279505,0
0.0,0.26987118,0
0.0,0.0029648098,0
0.0,0.0018248543,0
0.0,0.06756289,0
0.0,0.29477054,0
0.0,0.0002660762,0
0.0,0.002424048,0
0.0,0.0017314703,0
0.0,0.24076146,0
0.0,0.002595982,0
0.0,0.0027911605,0
0.0,0.49999636,0
0.0,0.12983319,0
0.0,0.009904061,0
0.0,0.01017567,0
0.0,0.096811645,0
0.0,8.379267e-05,0
0.0,2.0561226e-06,0
0.0,0.0039464133,0
0.0,0.004538716,0
0.0,0.018773733,0
0.0,2.0066615e-05,0
0.0,0.19664255,0
0.0,0.011906688,0
1.0,1.0,1
0.0,0.0046410575,0
0.0,0.27502704,0
0.0,0.6870685,1
0.0,0.0021900856,0
0.0,0.4337579,0
0.0,0.6667209,1
0.0,0.012637205,0
0.0,0.039666377,0
0.0,0.0008466718,0
0.0,9.211739e-05,0
0.0,0.0038464193,0
0.0,0.0029174916,0
0.0,0.00927167,0
0.0,0.24818122,0
1.0,0.9999999,1
0.0,0.0071577313,0
1.0,0.9913816,1
1.0,0.9999999,1
1.0,0.9999999,1
1.0,0.9997522,1
0.0,0.0012824342,0
0.0,0.06286742,0
0.0,0.21350591,0
0.0,0.05437376,0
0.0,0.02191421,0
1.0,0.9999999,1
0.0,0.39934912,0
0.0,0.15715677,0
0.0,0.18378437,0
0.0,0.055396594,0
0.0,0.4099385,0
1.0,0.9999999,1
0.0,0.016029365,0
0.0,0.42756194,0
0.0,0.25271326,0
0.0,0.0009983088,0
0.0,0.0006000329,0
0.0,0.1188187,0
0.0,0.0021265664,0
0.0,0.004751868,0
0.0,0.012264948,0
0.0,0.41812626,0
0.0,0.0049759173,0
0.0,0.0013899256,0
0.0,3.651564e-05,0
1.0,0.9999999,1
0.0,0.00012937163,0
0.0,0.0015939858,0
1.0,0.99709463,1
1.0,0.9960908,1
0.0,0.00043260056,0
0.0,4.8666125e-06,0
0.0,0.0046562436,0
0.0,0.06654769,0
0.0,0.09612612,0
0.0,0.014398581,0
1.0,0.9999999,1
0.0,0.20207234,0
1.0,0.905507,1
0.0,0.0003938952,0
0.0,0.066813216,0
0.0,0.026025157,0
0.0,0.023417452,0
1.0,0.91265714,1
0.0,0.013624848,0
0.0,0.022778736,0
0.0,0.0066437367,0
0.0,0.057054654,0
0.0,0.018004023,0
0.0,0.0069647455,0
0.0,2.5963818e-05,0
0.0,0.0031266701,0
1.0,0.9999999,1
0.0,0.0023269067,0
0.0,0.010623327,0
0.0,0.6417724,1
0.0,0.13184983,0
0.0,0.16679184,0
0.0,0.049140748,0
0.0,0.000112767484,0
0.0,0.40494847,0
0.0,0.01774076,0
0.0,1.3570499e-05,0
0.0,0.44039014,0
0.0,0.0025766518,0
0.0,0.0059976685,0
0.0,0.0004255828,0
0.0,0.0025020845,0
0.0,0.0025608954,0
0.0,0.00074673735,0
1.0,0.7637179,1
0.0,0.0006610168,0
0.0,0.10223937,0
0.0,0.0018428778,0
0.0,0.0005994079,0
0.0,0.0406107,0
0.0,0.06539541,0
0.0,0.016023478,0
0.0,0.066231504,0
0.0,0.06006713,0
0.0,0.5465724,1
0.0,0.16114277,0
0.0,0.024010438,0
1.0,0.9999999,1
0.0,0.18253984,0
0.0,0.015364974,0
0.0,5.863469e-05,0
1.0,1.0,1
0.0,0.0042146714,0
0.0,8.300763e-06,0
0.0,0.0072579626,0
1.0,0.46310356,0
0.0,0.0030706862,0
0.0,0.0037626997,0
0.0,0.0042664637,0
0.0,4.8410275e-05,0
0.0,0.025813077,0
0.0,5.9986127e-05,0
0.0,0.00035125422,0
1.0,0.9999999,1
0.0,0.00193162,0
0.0,0.022632703,0
0.0,0.00066024327,0
0.0,0.00790758,0
0.0,0.009846183,0
0.0,0.34571043,0
1.0,0.19738239,0
0.0,0.00035108833,0
0.0,0.003032948,0
0.0,0.008000527,0
0.0,0.0030973668,0
1.0,1.0,1
0.0,0.00021415038,0
0.0,0.9155089,1
0.0,0.0017533596,0
0.0,0.37454024,0
0.0,0.05592533,0
0.0,0.020503733,0
0.0,0.0028860357,0
0.0,0.0051715984,0
0.0,0.009228512,0
0.0,0.00043489243,0
0.0,0.062944025,0
0.0,0.12766506,0
0.0,0.3721265,0
1.0,0.9439129,1
0.0,0.004674755,0
0.0,0.0989136,0
0.0,0.012670908,0
0.0,0.30112782,0
0.0,0.0894083,0
0.0,0.032420546,0
0.0,0.047105104,0
0.0,0.00026500938,0
0.0,0.0005882216,0
0.0,7.422898e-07,0
0.0,5.08959e-05,0
0.0,0.001915065,0
0.0,0.0021026284,0
0.0,0.26600426,0
0.0,0.24744351,0
0.0,0.0009022945,0
1.0,0.99583375,1
0.0,1.2823996e-06,0
0.0,0.50745195,1
0.0,0.0037145745,0
0.0,0.4779278,0
0.0,0.48149988,0
0.0,0.018413946,0
1.0,0.9999999,1
0.0,0.20295662,0
1.0,0.69994265,1
0.0,0.0132580465,0
0.0,0.0878206,0
0.0,0.012023013,0
0.0,3.7564303e-05,0
0.0,0.022192355,0
0.0,0.44707453,0
0.0,0.0018976938,0
1.0,1.0,1
0.0,0.00015575482,0
0.0,0.00016650966,0
0.0,0.23750792,0
1.0,0.9999976,1
0.0,0.00052706804,0
0.0,0.08848691,0
0.0,0.0069843857,0
0.0,0.00025963606,0
0.0,0.0015191373,0
0.0,5.6980634e-06,0
1.0,0.6382242,1
0.0,0.00059624895,0
1.0,0.99613744,1
0.0,8.226808e-05,0
0.0,0.0038352953,0
0.0,0.112730205,0
0.0,0.09212064,0
1.0,0.9999999,1
0.0,0.00089561957,0
0.0,0.044037227,0
0.0,0.048938356,0
0.0,0.056785762,0
0.0,0.003835139,0
0.0,0.009473311,0
0.0,3.0287674e-05,0
0.0,0.03248971,0
1.0,0.81932354,1
0.0,0.000486327,0
0.0,2.0393768e-06,0
0.0,4.2107936e-06,0
0.0,0.0024104386,0
0.0,0.00013948636,0
0.0,0.011558035,0
0.0,0.49183092,0
0.0,0.09198517,0
0.0,0.1278751,0
0.0,0.001157101,0
0.0,0.17615418,0
0.0,0.04188022,0
0.0,0.00076652394,0
0.0,0.41443282,0
0.0,4.894931e-06,0
1.0,0.9999999,1
0.0,0.002192518,0
1.0,0.9993906,1
0.0,0.13272296,0
1.0,0.9999999,1
0.0,0.033651803,0
0.0,0.0037280084,0
1.0,0.9999999,1
0.0,0.0029741642,0
0.0,0.00078913436,0
0.0,0.0008968453,0
0.0,0.03363608,0
1.0,0.9999999,1
0.0,1.6864722e-05,0
0.0,0.00060100394,0
1.0,1.0,1
0.0,0.000690659,0
0.0,0.037058413,0
0.0,0.0008025369,0
1.0,0.6255608,1
0.0,0.0271493,0
0.0,0.00012076739,0
0.0,0.00023056476,0
0.0,0.039135356,0
1.0,0.9988979,1
1.0,0.9991767,1
0.0,3.447243e-05,0
0.0,0.43945172,0
0.0,0.010521582,0
0.0,0.008868315,0
0.0,1.6656599e-05,0
0.0,0.0008227227,0
0.0,0.12396042,0
0.0,0.014320625,0
0.0,0.00797815,0
1.0,0.99988616,1
0.0,0.00034715777,0
0.0,0.4357825,0
0.0,0.00043487913,0
0.0,0.004535085,0
0.0,0.00097018067,0
0.0,0.00020741878,0
0.0,0.6983042,1
0.0,0.0021748648,0
0.0,0.00053553673,0
0.0,0.2869289,0
0.0,2.2472013e-05,0
0.0,0.02484822,0
1.0,0.084591284,0
0.0,2.2097054e-05,0
1.0,0.9999999,1
1.0,0.9999999,1
0.0,0.03736515,0
0.0,0.00029893042,0
0.0,0.00037278995,0
0.0,0.0063631153,0
0.0,0.03962394,0
0.0,0.012281046,0
0.0,0.001650366,0
0.0,0.16178472,0
0.0,6.6844436e-06,0
0.0,0.002988943,0
0.0,0.19219671,0
0.0,0.010928217,0
1.0,0.9999999,1
0.0,0.15062362,0
0.0,0.11260844,0
0.0,0.04185259,0
0.0,0.004712228,0
0.0,5.7194844e-05,0
0.0,0.008402927,0
0.0,0.00020522144,0
0.0,0.052240737,0
0.0,0.00062720536,0
0.0,0.010383732,0
0.0,7.962053e-05,0
0.0,0.0002177862,0
0.0,0.09636919,0
0.0,0.0003440895,0
1.0,0.99984705,1
0.0,0.0012067587,0
0.0,0.02361178,0
0.0,0.016049646,0
0.0,0.102220684,0
1.0,0.9999999,1
0.0,0.0010136719,0
0.0,0.004496281,0
1.0,1.0,1
0.0,2.7568245e-05,0
1.0,0.9913816,1
0.0,7.435059e-06,0
0.0,0.20013218,0
0.0,0.0029220406,0
0.0,0.00016808957,0
0.0,0.6209095,1
0.0,0.0005675058,0
0.0,0.0073134946,0
1.0,1.0,1
0.0,0.2438432,0
0.0,0.0011545181,0
0.0,0.003449512,0
0.0,0.62531966,1
1.0,0.9999999,1
0.0,0.0019421384,0
0.0,0.019822601,0
0.0,0.015319088,0
0.0,0.0011440607,0
0.0,5.2096984e-05,0
0.0,0.0042664637,0
0.0,0.08013112,0
1.0,1.0,1
0.0,0.0013403747,0
0.0,0.13913327,0
0.0,0.16463552,0
0.0,0.0078940345,0
0.0,3.2212633e-06,0
0.0,0.001565727,0
0.0,0.01313922,0
1.0,0.9999999,1
0.0,0.00018724277,0
0.0,0.00025673828,0
0.0,0.021709496,0
0.0,0.27185842,0
0.0,0.009991487,0
0.0,0.16118899,0
0.0,0.5828588,1
0.0,0.0016087766,0
0.0,0.005331416,0
0.0,0.047007505,0
0.0,0.005114857,0
0.0,0.00015263975,0
0.0,8.1257305e-05,0
0.0,0.0057803527,0
0.0,0.07664608,0
0.0,0.097307965,0
0.0,7.490199e-05,0
0.0,6.0502014e-05,0
0.0,0.0017403258,0
0.0,0.016947906,0
1.0,0.9999999,1
0.0,0.00021084101,0
0.0,0.033087272,0
0.0,0.06610392,0
1.0,0.99694973,1
1.0,0.025517453,0
0.0,4.839759e-06,0
0.0,0.10577747,0
0.0,0.108418025,0
0.0,0.0010676567,0
0.0,0.006469807,0
1.0,0.9999999,1
0.0,5.16266e-05,0
0.0,0.0011192386,0
0.0,2.7983653e-05,0
0.0,0.26090682,0
0.0,0.00091926625,0
0.0,0.0007530349,0
0.0,0.008605868,0
1.0,0.9999999,1
0.0,5.875229e-06,0
0.0,0.42240536,0
0.0,0.0016140254,0
0.0,0.075728215,0
0.0,0.011554603,0
0.0,0.4231921,0
0.0,0.14627716,0
0.0,0.00025905424,0
0.0,0.0024814692,0
0.0,0.0003237999,0
0.0,0.0011064328,0
0.0,0.18479973,0
0.0,0.16113059,0
0.0,0.0028832585,0
1.0,0.9999999,1
0.0,0.0009857604,0
0.0,0.003926399,0
0.0,6.7380847e-06,0
0.0,0.00048733054,0
0.0,0.43629986,0
0.0,0.01022781,0
0.0,0.60804474,1
0.0,0.0021209458,0
0.0,0.44285262,0
0.0,0.18740204,0
0.0,0.27161422,0
0.0,0.265131,0
0.0,0.00016089124,0
0.0,0.003990822,0
0.0,0.007454195,0
0.0,0.001411781,0
0.0,0.09660964,0
0.0,0.0035226166,0
0.0,0.06690678,0
0.0,0.01530021,0
0.0,0.1998844,0
0.0,0.121004514,0
0.0,0.0008545023,0
0.0,0.00010293404,0
0.0,3.3194257e-07,0
1.0,0.9999999,1
0.0,0.5889514,1
1.0,0.9999999,1
0.0,0.006086123,0
1.0,0.9999999,1
0.0,0.018319119,0
0.0,0.08656889,0
0.0,0.00014136631,0
1.0,0.99449277,1
0.0,0.00050852547,0
0.0,1.274265e-05,0
0.0,0.0032691315,0
0.0,0.08608945,0
1.0,0.9992787,1
0.0,0.0016241543,0
0.0,0.0003537376,0
0.0,0.1710103,0
1.0,0.9999999,1
0.0,0.0123235285,0
0.0,0.009846183,0
0.0,0.005767392,0
0.0,0.2266399,0
1.0,0.99642783,1
0.0,0.32296646,0
0.0,0.07579298,0
1.0,0.97299665,1
0.0,0.014740082,0
1.0,0.95881957,1
0.0,7.587313e-05,0
0.0,0.30962276,0
0.0,0.0677455,0
0.0,0.0024128086,0
0.0,0.19167793,0
0.0,0.0060646404,0
0.0,0.070139624,0
0.0,0.0012758498,0
0.0,5.643567e-06,0
0.0,0.0003562022,0
0.0,0.021851202,0
1.0,0.9999999,1
0.0,0.01228663,0
0.0,0.55497116,1
0.0,0.0035494012,0
0.0,0.00021136276,0
0.0,0.44489187,0
0.0,0.00470976,0
0.0,0.001900483,0
0.0,0.02098469,0
0.0,0.0001879918,0
0.0,0.0028012374,0
1.0,0.031176435,0
0.0,0.03943282,0
0.0,0.002336125,0
0.0,0.014167409,0
1.0,0.9999999,1
0.0,0.10945888,0
0.0,0.017811904,0
0.0,0.010573277,0
0.0,0.00018441562,0
0.0,0.00013097258,0
1.0,0.53403896,1
0.0,5.97435e-05,0
0.0,0.001823553,0
0.0,0.26081926,0
0.0,0.0016425733,0
0.0,0.12135079,0
0.0,0.0021284502,0
0.0,0.023616767,0
0.0,0.004049306,0
0.0,0.01910007,0
0.0,0.06436953,0
0.0,0.001157133,0
0.0,0.001443687,0
0.0,9.310495e-07,0
0.0,1.5663659e-06,0
0.0,4.7007714e-05,0
0.0,0.12772578,0
0.0,0.00039069215,0
0.0,0.092775054,0
0.0,0.20875292,0
1.0,0.016832678,0
0.0,1.503915e-06,0
0.0,0.00092198554,0
0.0,0.002257102,0
0.0,0.00019064496,0
0.0,0.32254454,0
0.0,0.00074003753,0
0.0,0.0013741447,0
0.0,0.00023056034,0
0.0,5.4737422e-05,0
0.0,0.0049461243,0
1.0,0.99326587,1
1.0,0.9898552,1
1.0,0.9999999,1
0.0,0.21985006,0
0.0,0.01260675,0
0.0,0.42936972,0
0.0,0.79648274,1
0.0,0.0002628734,0
0.0,0.06326995,0
0.0,0.00024809406,0
0.0,0.06890067,0
0.0,0.05635666,0
0.0,0.00028240727,0
0.0,0.00039404805,0
0.0,0.0005927891,0
0.0,0.00016069545,0
0.0,0.018652631,0
0.0,0.0012669541,0
0.0,0.0033057702,0
0.0,0.121307306,0
0.0,0.005090693,0
0.0,0.079160534,0
0.0,0.0045594564,0
1.0,0.999711,1
0.0,0.009540244,0
1.0,0.9989256,1
0.0,0.00027665967,0
0.0,0.037766196,0
1.0,0.05708732,0
0.0,1.0496767e-05,0
0.0,1.2498361e-06,0
1.0,1.0,1
0.0,0.09059891,0
0.0,0.00033813828,0
0.0,0.4803014,0
0.0,0.068128146,0
0.0,0.0020637587,0
0.0,0.0061567957,0
0.0,6.6701095e-06,0
0.0,0.03466158,0
0.0,0.02040468,0
0.0,0.29062396,0
0.0,4.9090737e-05,0
0.0,0.027111022,0
0.0,0.034068353,0
0.0,1.0985793e-05,0
0.0,0.006529004,0
1.0,0.9999999,1
0.0,0.21714728,0
0.0,0.051186234,0
0.0,0.16787693,0
0.0,0.38247848,0
0.0,0.0049622194,0
1.0,0.9999999,1
1.0,0.7738433,1
1.0,0.96028084,1
0.0,0.005169658,0
0.0,0.0019734793,0
0.0,0.0009518634,0
1.0,0.9879776,1
0.0,0.02629092,0
0.0,0.16878837,0
0.0,0.043762032,0
0.0,0.018446652,0
0.0,0.03142376,0
0.0,0.7972246,1
0.0,0.008139801,0
0.0,0.42936972,0
0.0,0.015735721,0
0.0,0.11869066,0
0.0,0.00015349285,0
0.0,0.41336975,0
0.0,0.29901525,0
0.0,0.011901253,0
0.0,0.24449962,0
0.0,0.09872608,0
0.0,0.05043539,0
0.0,0.0006691945,0
1.0,1.0,1
1.0,1.0,1
1.0,0.9999999,1
0.0,0.070884585,0
1.0,0.22067414,0
1.0,0.9999999,1
1.0,0.91999066,1
0.0,0.00018197804,0
0.0,0.045177646,0
0.0,0.0712355,0
0.0,0.012821287,0
0.0,0.0049846345,0
0.0,0.0005478945,0
0.0,0.00022347897,0
0.0,0.02338713,0
0.0,0.16585572,0
0.0,0.0014634423,0
0.0,0.011517232,0
0.0,0.010261699,0
0.0,0.0005036471,0
0.0,0.29062396,0
0.0,0.053102404,0
0.0,0.068484515,0
0.0,0.0011810276,0
0.0,0.0025364861,0
0.0,0.014127015,0
0.0,0.91016424,1
1.0,0.9999999,1
0.0,3.3148284e-05,0
1.0,0.9999999,1
0.0,0.038316675,0
1.0,1.0,1
1.0,0.9999999,1
0.0,0.0011906119,0
0.0,0.18820022,0
1.0,0.9999999,1
1.0,1.0,1
0.0,0.0012541643,0
0.0,0.012411908,0
0.0,0.002313883,0
1.0,1.0,1
0.0,1.1169663e-05,0
0.0,0.12560487,0
0.0,0.0059142024,0
0.0,0.00593139,0
1.0,0.227182,0
0.0,0.041148648,0
1.0,0.9999999,1
0.0,0.0005771589,0
0.0,0.39222962,0
1.0,0.9999999,1
1.0,0.9999999,1
0.0,0.2605112,0
0.0,0.0029843722,0
0.0,0.0007096369,0
0.0,0.00014956534,0
1.0,0.9999999,1
0.0,0.027049895,0
1.0,0.9928489,1
0.0,2.9433984e-06,0
0.0,0.43977463,0
0.0,8.444434e-05,0
0.0,0.5277839,1
0.0,0.0319139,0
0.0,0.010798505,0
1.0,0.6723096,1
0.0,0.75832343,1
0.0,2.0646643e-05,0
0.0,0.00027628298,0
0.0,0.00023513762,0
0.0,0.19794574,0
0.0,0.0133177005,0
1.0,0.9999999,1
0.0,0.04993459,0
1.0,0.9999999,1
0.0,0.0005431667,0
0.0,5.2544783e-05,0
0.0,7.114602e-05,0
0.0,0.014317119,0
0.0,0.043097947,0
1.0,0.31096116,0
0.0,0.08363007,0
1.0,0.9999999,1
0.0,0.5224429,1
0.0,0.31881818,0
0.0,0.8093288,1
0.0,0.00650733,0
0.0,0.0024468936,0
0.0,0.25491405,0
0.0,0.012529755,0
0.0,9.6596435e-05,0
1.0,0.9916888,1
0.0,0.014885513,0
0.0,3.1372787e-05,0
0.0,0.30072975,0
0.0,0.002146846,0
0.0,0.04322864,0
0.0,3.8699207e-05,0
0.0,0.00016056067,0
1.0,0.053227615,0
0.0,7.914605e-06,0
0.0,0.049160067,0
0.0,0.015687913,0
0.0,0.016820325,0
0.0,0.0004025668,0
1.0,0.99929845,1
0.0,0.00026219207,0
0.0,0.0023736185,0
0.0,0.0007668363,0
0.0,0.008342881,0
0.0,0.30841893,0
0.0,0.007657029,0
0.0,0.0013111363,0
0.0,0.0012948742,0
0.0,0.0013074707,0
0.0,0.005413101,0
0.0,0.01501587,0
0.0,0.024144188,0
0.0,0.0022382853,0
0.0,0.00022352247,0
0.0,0.0017814338,0
0.0,0.00029905385,0
0.0,8.6621476e-05,0
0.0,0.010741444,0
0.0,0.005046714,0
0.0,5.366612e-05,0
0.0,0.0066182604,0
0.0,0.08000695,0
0.0,0.0047059194,0
0.0,0.00048571505,0
0.0,0.14064246,0
0.0,2.2239714e-05,0
0.0,0.0046844273,0
0.0,0.0018422304,0
0.0,0.068367414,0
0.0,0.0013845888,0
1.0,0.578988,1
0.0,0.057962857,0
0.0,0.0004556611,0
0.0,0.0058342326,0
0.0,0.005613091,0
0.0,0.0003881819,0
1.0,0.60158604,1
0.0,1.8601196e-07,0
1.0,0.609254,1
0.0,9.978717e-06,0
0.0,0.0057122493,0
0.0,9.288888e-05,0
0.0,1.0798584e-05,0
0.0,0.063715436,0
0.0,0.077090494,0
0.0,0.0071147867,0
0.0,0.0005123099,0
0.0,0.00035253976,0
0.0,0.019424777,0
0.0,0.09100907,0
1.0,0.30529734,0
1.0,0.9999999,1
0.0,0.18964696,0
0.0,0.69823986,1
0.0,0.00017653797,0
0.0,0.21768409,0
0.0,0.04694152,0
0.0,3.288537e-05,0
0.0,0.002630947,0
0.0,0.21621417,0
0.0,0.1289609,0
0.0,0.63897336,1
1.0,0.9999999,1
0.0,6.6764704e-05,0
0.0,0.24803425,0
0.0,0.07468137,0
1.0,0.9386448,1
1.0,0.009481924,0
0.0,0.024289249,0
0.0,0.009522364,0
0.0,0.03995733,0
1.0,0.80765986,1
0.0,0.007003377,0
0.0,0.00012109858,0
0.0,0.04859713,0
0.0,0.0024620711,0
1.0,0.9980248,1
0.0,0.36476302,0
0.0,0.00035565588,0
0.0,1.1752646e-05,0
0.0,0.0738413,0
0.0,0.0073600817,0
1.0,0.9996395,1
0.0,2.938925e-07,0
0.0,0.39291757,0
0.0,4.508241e-06,0
0.0,0.0012777209,0
0.0,0.007102428,0
0.0,3.214438e-06,0
0.0,0.0030424164,0
0.0,9.6643606e-05,0
0.0,0.0004497206,0
0.0,0.0022745836,0
0.0,0.22027792,0
0.0,0.13403438,0
0.0,0.011195326,0
0.0,0.074041344,0
0.0,0.026358908,0
0.0,0.0024697692,0
0.0,0.042825546,0
0.0,0.05869916,0
0.0,0.00387395,0
0.0,3.4551715e-05,0
1.0,0.9999999,1
1.0,0.99952996,1
0.0,0.029037733,0
0.0,0.000371988,0
0.0,0.0037550232,0
1.0,0.9999999,1
0.0,0.006004065,0
0.0,0.0004717519,0
1.0,0.9999999,1
0.0,0.031280585,0
0.0,0.052394606,0
1.0,0.0447369,0
0.0,0.00019790758,0
0.0,0.3470782,0
0.0,3.8971713e-05,0
0.0,1.5509619e-06,0
0.0,0.0053390986,0
0.0,0.0015348655,0
0.0,0.081745535,0
0.0,0.04607932,0
0.0,0.01493714,0
0.0,0.008711763,0
0.0,0.07726103,0
0.0,0.034892317,0
1.0,0.87866217,1
0.0,0.026598211,0
0.0,0.43377122,0
1.0,0.9999999,1
0.0,0.3292411,0
1.0,0.9999999,1
0.0,0.0055192364,0
0.0,0.36855695,0
0.0,0.19819818,0
0.0,0.0013027294,0
0.0,0.00021487114,0
0.0,0.012146736,0
0.0,0.07361553,0
0.0,0.0028448098,0
0.0,0.060579162,0
0.0,0.0066980105,0
0.0,0.00059757853,0
0.0,0.00030613158,0
1.0,0.99999726,1
0.0,0.27239937,0
1.0,0.9999999,1
0.0,0.0044684373,0
0.0,0.00015524741,0
0.0,6.862884e-05,0
0.0,0.001076571,0
0.0,2.0409138e-06,0
0.0,0.00033135756,0
0.0,0.3721211,0
0.0,0.027284188,0
0.0,0.35071012,0
0.0,2.639366e-05,0
0.0,0.0003415722,0
1.0,0.98292494,1
0.0,0.07362324,0
1.0,0.9999999,1
0.0,0.14685859,0
0.0,8.4558276e-05,0
0.0,0.00063292513,0
0.0,0.03419547,0
1.0,0.60158604,1
0.0,0.0011921172,0
0.0,7.7136254e-05,0
0.0,8.439668e-05,0
0.0,0.028282529,0
0.0,0.00034970738,0
1.0,0.99996674,1
0.0,0.016126433,0
0.0,0.0032894067,0
0.0,0.021224659,0
0.0,0.001755698,0
0.0,0.019422395,0
0.0,0.01969962,0
0.0,6.2154846e-05,0
0.0,0.00027880687,0
1.0,0.9997919,1
0.0,0.4193242,0
0.0,0.0006390203,0
0.0,0.023824558,0
0.0,0.088430256,0
0.0,0.050407663,0
1.0,1.0,1
0.0,0.011204499,0
0.0,0.2992454,0
0.0,0.122573175,0
0.0,0.6883849,1
0.0,4.137046e-05,0
0.0,0.042226765,0
0.0,0.060657065,0
1.0,0.9993813,1
0.0,3.205936e-06,0
1.0,0.4299224,0
0.0,0.0039186096,0
0.0,0.22655743,0
0.0,0.012710232,0
0.0,0.009875752,0
0.0,8.7791426e-07,0
0.0,0.15670408,0
1.0,0.8382798,1
1.0,0.9999999,1
0.0,0.010026209,0
1.0,0.9939442,1
0.0,0.061007634,0
0.0,0.00029125312,0
0.0,0.0746761,0
1.0,0.76600945,1
0.0,1.5605807e-06,0
0.0,0.015356246,0
0.0,0.32694918,0
0.0,0.0091506485,0
0.0,0.010610149,0
0.0,1.2532804e-05,0
0.0,0.011896785,0
1.0,0.9996948,1
0.0,0.00042782797,0
0.0,0.46372136,0
1.0,0.9999999,1
0.0,0.023171553,0
0.0,0.00035419432,0
0.0,0.6878097,1
0.0,0.0006212131,0
0.0,0.012732444,0
0.0,0.024652028,0
0.0,0.0050255638,0
0.0,0.0008209272,0
0.0,3.9449833e-06,0
0.0,1.678296e-05,0
0.0,8.651217e-07,0
0.0,0.005460305,0
0.0,0.08021501,0
0.0,0.16406493,0
0.0,0.24293445,0
0.0,0.0016794427,0
0.0,0.064453006,0
0.0,0.003537641,0
0.0,0.658605,1
0.0,0.00025132237,0
1.0,0.9999999,1
1.0,0.99953437,1
1.0,0.9990777,1
1.0,0.9999999,1
0.0,0.017195595,0
0.0,0.21018551,0
0.0,0.37887743,0
0.0,0.00064703956,0
0.0,2.9515071e-05,0
0.0,0.0010261672,0
0.0,1.5213527e-05,0
0.0,0.51691407,1
0.0,0.15832934,0
0.0,0.00020612175,0
1.0,0.9999999,1
0.0,0.024924094,0
0.0,0.42224848,0
0.0,0.03177959,0
1.0,1.0,1
0.0,0.0013193634,0
1.0,0.9999999,1
0.0,3.457581e-05,0
0.0,0.0041847927,0
0.0,0.41852915,0
0.0,0.27502704,0
0.0,0.0041208323,0
0.0,0.023484273,0
0.0,0.065750204,0
0.0,0.45207813,0
0.0,0.045789544,0
0.0,0.23989664,0
0.0,0.11727273,0
0.0,0.046318643,0
0.0,6.776149e-06,0
0.0,0.018705618,0
0.0,0.00034986396,0
0.0,0.00073570217,0
0.0,0.011357392,0
0.0,0.008472002,0
1.0,0.9998878,1
0.0,9.368674e-05,0
0.0,0.0093241185,0
0.0,0.08613596,0
1.0,0.99991584,1
0.0,0.29163465,0
0.0,0.0017476993,0
0.0,0.004150398,0
0.0,0.0075176647,0
0.0,0.0036937902,0
0.0,0.0060157524,0
0.0,0.0047710324,0
0.0,0.079254314,0
1.0,0.22372676,0
0.0,0.00074673735,0
0.0,6.6473935e-05,0
0.0,8.03543e-05,0
0.0,0.03981217,0
1.0,0.34526494,0
0.0,0.0022746876,0
0.0,0.05395026,0
1.0,0.9999999,1
0.0,0.48796713,0
0.0,0.008945413,0
1.0,0.9999999,1
0.0,0.06052912,0
0.0,0.019094229,0
0.0,2.5181867e-05,0
1.0,0.999984,1
0.0,0.030513264,0
0.0,0.0011235131,0
0.0,0.2983631,0
0.0,0.00010321545,0
0.0,0.49671817,0
0.0,0.0031569984,0
0.0,0.12516408,0
0.0,0.09059891,0
0.0,0.049030073,0
0.0,0.0020895693,0
0.0,0.22880414,0
0.0,2.421638e-05,0
0.0,0.11778389,0
1.0,0.6970034,1
1.0,0.9999999,1
0.0,0.0025157614,0
0.0,0.41216946,0
0.0,6.9386065e-06,0
0.0,0.00905864,0
0.0,0.011112908,0
0.0,0.00075411703,0
1.0,1.0,1
0.0,0.32256687,0
0.0,0.72188205,1
0.0,6.9865506e-05,0
1.0,1.0,1
1.0,0.9137944,1
0.0,0.0034773594,0
0.0,0.073659085,0
1.0,0.9999999,1
0.0,4.6132496e-05,0
0.0,0.023557186,0
0.0,2.575418e-05,0
0.0,0.0024509775,0
1.0,0.9212843,1
0.0,0.0020584264,0
0.0,0.00018704151,0
0.0,0.0011409628,0
0.0,0.015047985,0
0.0,0.0015497082,0
1.0,1.0,1
0.0,6.8405316e-05,0
0.0,0.06642078,0
0.0,0.39007097,0
0.0,0.0011158994,0
1.0,0.9999999,1
0.0,0.19081934,0
0.0,0.36244655,0
0.0,0.0007579232,0
0.0,2.0497441e-06,0
0.0,0.5037256,1
0.0,0.014248274,0
0.0,0.0028803262,0
0.0,0.0017302319,0
0.0,0.40346637,0
0.0,0.052448325,0
0.0,0.032334976,0
0.0,0.004513451,0
0.0,0.0008808446,0
0.0,0.02218146,0
0.0,0.0002851178,0
0.0,0.0011663912,0
0.0,0.6049868,1
0.0,0.08449369,0
0.0,0.048191477,0
0.0,0.21606939,0
0.0,0.00029883868,0
0.0,4.0838536e-06,0
0.0,0.0017293394,0
0.0,0.0019456687,0
0.0,0.0014795997,0
0.0,0.01318599,0
0.0,0.0012737359,0
0.0,0.2891622,0
0.0,0.41405526,0
0.0,0.047272667,0
0.0,0.005633352,0
0.0,0.0020181127,0
0.0,0.006979149,0
0.0,0.00015002968,0
0.0,3.3795266e-06,0
0.0,0.00044898555,0
0.0,0.0030225785,0
0.0,4.5884255e-05,0
0.0,0.31127864,0
0.0,5.8162414e-06,0
0.0,0.22694726,0
0.0,4.4535253e-07,0
0.0,0.0015904565,0
0.0,8.574262e-07,0
1.0,0.122756846,0
0.0,4.6151024e-05,0
0.0,5.3407266e-06,0
0.0,5.443727e-05,0
0.0,0.15511443,0
1.0,0.99449795,1
0.0,0.13728175,0
0.0,0.005053662,0
0.0,0.009682599,0
0.0,0.49583077,0
0.0,0.0035531137,0
0.0,0.0027149972,0
0.0,0.011950282,0
0.0,6.7508765e-05,0
0.0,1.8120605e-05,0
1.0,0.9999999,1
0.0,0.20134601,0
1.0,0.9999999,1
0.0,0.45835745,0
0.0,9.095573e-06,0
0.0,6.7659785e-06,0
0.0,0.0011345121,0
0.0,0.006444868,0
0.0,0.14007087,0
0.0,0.00058611337,0
0.0,0.020944612,0
0.0,0.0005623091,0
1.0,0.9999999,1
0.0,0.30283841,0
0.0,0.024897518,0
1.0,0.9999999,1
0.0,0.7315824,1
0.0,0.012416095,0
0.0,0.0012274612,0
1.0,1.0,1
0.0,0.08646723,0
1.0,0.9999999,1
0.0,6.1828164e-06,0
0.0,0.0006491888,0
0.0,0.00014488325,0
0.0,0.015677117,0
0.0,0.00011476789,0
0.0,0.000696024,0
1.0,0.87998724,1
0.0,0.19430958,0
0.0,0.040972058,0
1.0,0.995492,1
0.0,0.0026065835,0
0.0,0.000644121,0
0.0,1.4173751e-06,0
0.0,0.00030307163,0
0.0,0.5859436,1
0.0,0.00081247924,0
0.0,0.3961269,0
0.0,0.8387352,1
0.0,0.374652,0
1.0,0.9999999,1
0.0,0.00013755189,0
0.0,0.0006068829,0
0.0,1.8113573e-05,0
0.0,0.47213927,0
0.0,0.0017575241,0
0.0,0.6579125,1
0.0,0.009150895,0
0.0,0.028487587,0
0.0,0.00039293323,0
0.0,0.03282762,0
0.0,0.18032457,0
0.0,0.10401467,0
0.0,2.4890705e-05,0
0.0,1.0723238e-05,0
0.0,0.30151245,0
0.0,0.010176149,0
0.0,0.028227115,0
1.0,0.82891357,1
0.0,0.04136439,0
0.0,0.19550389,0
0.0,0.011120309,0
0.0,0.00013552027,0
0.0,0.34869578,0
0.0,0.0138241,0
0.0,0.001667664,0
0.0,0.0032206175,0
0.0,0.40346637,0
1.0,1.0,1
0.0,0.0022185165,0
0.0,0.00036602715,0
1.0,0.94839543,1
0.0,0.10098089,0
1.0,0.9999999,1
0.0,0.051890936,0
0.0,0.18318918,0
0.0,0.15173641,0
1.0,0.9956357,1
0.0,0.1468393,0
0.0,9.24204e-06,0
0.0,0.00024259408,0
0.0,0.0008800501,0
0.0,0.026118446,0
0.0,0.00054903683,0
0.0,0.18789412,0
0.0,0.10332602,0
1.0,0.95872504,1
0.0,0.00017152182,0
0.0,0.0109653,0
1.0,0.9999999,1
0.0,0.5092256,1
1.0,1.0,1
0.0,0.13666043,0
0.0,0.4011397,0
0.0,0.660143,1
1.0,0.9999999,1
0.0,0.0005899382,0
1.0,1.0,1
1.0,0.9999999,1
0.0,0.3044757,0
0.0,0.0005927309,0
1.0,1.0,1
0.0,0.008345473,0
0.0,0.013588062,0
0.0,0.0008611029,0
0.0,0.011682842,0
0.0,0.32419804,0
0.0,0.010797669,0
0.0,0.0029306447,0
1.0,0.94706166,1
0.0,2.5811863e-05,0
1.0,0.9999999,1
1.0,0.9815461,1
0.0,0.0010036574,0
0.0,0.5452235,1
0.0,2.8802315e-06,0
0.0,0.0026479634,0
0.0,0.004750754,0
0.0,8.3939885e-06,0
0.0,0.033507362,0
1.0,0.9999999,1
1.0,0.9999999,1
1.0,0.9581714,1
0.0,0.00043600675,0
0.0,0.94427544,1
0.0,0.46685368,0
0.0,0.3474377,0
0.0,0.00017946516,0
0.0,0.015656594,0
0.0,0.00023369242,0
0.0,0.036843315,0
0.0,0.0007186729,0
0.0,0.03592793,0
1.0,0.9999999,1
1.0,0.70396876,1
0.0,0.023839965,0
0.0,0.10594667,0
0.0,0.0013597737,0
0.0,0.65206367,1
0.0,0.01297312,0
0.0,0.0076845526,0
0.0,3.9582723e-05,0
0.0,0.6963295,1
0.0,0.14879204,0
0.0,0.31548348,0
0.0,0.059789278,0
0.0,0.0015703337,0
0.0,0.0004516416,0
0.0,5.4590837e-06,0
0.0,0.0019049994,0
0.0,0.32086155,0
1.0,0.83745754,1
1.0,0.4403487,0
1.0,0.08946078,0
0.0,0.0049517415,0
1.0,1.0,1
0.0,8.866744e-06,0
0.0,0.021440476,0
0.0,1.5310958e-05,0
0.0,0.003898539,0
0.0,0.0016890253,0
1.0,0.9999999,1
0.0,4.0367933e-05,0
1.0,0.8212172,1
0.0,0.00027628298,0
0.0,0.33245173,0
0.0,0.0038496742,0
0.0,0.0045171287,0
0.0,6.67093e-06,0
0.0,0.029538583,0
0.0,0.002158759,0
0.0,0.08132576,0
0.0,0.01105547,0
0.0,0.0011846849,0
0.0,7.758167e-05,0
0.0,0.14359803,0
0.0,0.012677603,0
0.0,0.097375095,0
1.0,0.15015438,0
0.0,0.02936432,0
0.0,0.18845494,0
1.0,0.9999999,1
0.0,0.016779173,0
1.0,0.3956545,0
0.0,0.00010759163,0
0.0,0.0010053478,0
0.0,0.60474765,1
1.0,0.9999999,1
0.0,0.0013225577,0
0.0,0.00024885428,0
0.0,0.0003292704,0
0.0,0.44807392,0
1.0,0.4883875,0
0.0,0.32575905,0
0.0,0.0011998712,0
1.0,0.9999999,1
0.0,0.0028306164,0
0.0,4.356425e-05,0
0.0,0.009696684,0
1.0,0.1332658,0
0.0,0.00087151135,0
0.0,0.39199814,0
0.0,0.0059976573,0
0.0,0.41620237,0
0.0,0.03685798,0
0.0,0.0028931922,0
0.0,0.02648517,0
0.0,0.00870036,0
0.0,0.004573156,0
0.0,4.41392e-05,0
0.0,0.44568142,0
0.0,0.0017654601,0
0.0,0.04459985,0
0.0,0.0056101587,0
0.0,0.0047786906,0
0.0,1.3700091e-05,0
0.0,0.090451784,0
0.0,0.00027816297,0
0.0,0.05596983,0
0.0,0.10989554,0
0.0,0.0024260322,0
0.0,1.1270222e-06,0
0.0,0.0003459804,0
0.0,0.23307,0
0.0,0.0006640573,0
0.0,0.05754507,0
1.0,0.99988616,1
1.0,0.99968874,1
0.0,0.00079487846,0
0.0,0.35433927,0
0.0,0.0012040163,0
0.0,0.0023959284,0
0.0,0.0034733186,0
0.0,0.0070866845,0
0.0,0.11189998,0
0.0,0.0009485535,0
0.0,0.0068905316,0
0.0,0.00068112987,0
0.0,0.15564452,0
0.0,0.20764732,0
1.0,1.0,1
0.0,0.078869,0
0.0,0.078498594,0
0.0,9.312009e-05,0
0.0,0.004415678,0
0.0,0.6477154,1
0.0,0.018051825,0
0.0,0.006661919,0
0.0,0.10413516,0
0.0,0.042050477,0
0.0,0.0005936383,0
1.0,0.16140142,0
0.0,0.0070140674,0
1.0,0.9345891,1
1.0,0.8603713,1
0.0,0.0058702086,0
0.0,0.09798791,0
0.0,0.0011690848,0
0.0,0.00064032734,0
0.0,9.075219e-05,0
1.0,0.9999999,1
0.0,0.014833871,0
0.0,0.15588017,0
0.0,0.01420681,0
0.0,0.0014600673,0
0.0,0.2122166,0
0.0,0.046762012,0
0.0,0.13375895,0
0.0,0.3233057,0
0.0,7.473739e-05,0
0.0,0.021076748,0
1.0,0.9999999,1
0.0,0.31758007,0
0.0,0.07846757,0
0.0,0.008761939,0
0.0,0.00011724109,0
0.0,0.0957548,0
1.0,0.979729,1
0.0,0.41318682,0
0.0,0.12401476,0
0.0,0.18869483,0
0.0,0.0027962378,0
0.0,0.07459426,0
0.0,0.032903295,0
0.0,0.030158496,0
0.0,0.00041545572,0
0.0,0.51055586,1
0.0,0.28890115,0
1.0,0.9999999,1
0.0,0.0074194614,0
1.0,0.98398983,1
0.0,0.1446681,0
0.0,0.0029460618,0
0.0,0.0879118,0
0.0,0.008384861,0
0.0,0.006813308,0
0.0,0.00034330506,0
0.0,0.95441496,1
0.0,0.00654298,0
1.0,1.0,1
0.0,0.000739795,0
0.0,1.8423625e-05,0
0.0,0.0022440527,0
0.0,0.25837252,0
1.0,0.9999999,1
0.0,0.5184154,1
0.0,0.0073398827,0
0.0,0.005129658,0
0.0,8.555218e-06,0
0.0,0.001105174,0
0.0,0.0022928491,0
0.0,0.00021143873,0
0.0,0.014057175,0
1.0,0.9996438,1
0.0,0.00033508168,0
0.0,0.0006992112,0
0.0,6.48348e-07,0
0.0,0.0010484364,0
0.0,0.26027644,0
1.0,0.9999999,1
1.0,0.9999999,1
0.0,0.016451161,0
0.0,0.00021713514,0
0.0,0.12127577,0
0.0,0.010775273,0
1.0,0.9999987,1
0.0,0.026822748,0
0.0,6.0502014e-05,0
0.0,1.0610779e-05,0
0.0,0.00040554418,0
1.0,0.9999999,1
0.0,6.660528e-05,0
0.0,0.14697495,0
0.0,0.016416425,0
0.0,0.0028930905,0
1.0,0.9999999,1
0.0,0.43305045,0
0.0,0.006806716,0
1.0,0.9999999,1
0.0,0.0077195307,0
0.0,0.009162243,0
0.0,0.025887975,0
0.0,0.0054707113,0
0.0,0.071122386,0
1.0,0.0069682943,0
0.0,0.04830508,0
0.0,0.0032267391,0
0.0,0.049924947,0
0.0,0.0047738655,0
0.0,0.0010067486,0
0.0,0.4960353,0
0.0,0.1216991,0
0.0,0.07253426,0
0.0,0.00841946,0
0.0,0.123301536,0
0.0,0.0020704868,0
0.0,0.0005203119,0
0.0,1.0857237e-05,0
0.0,0.026103087,0
0.0,0.0006964556,0
0.0,0.015271982,0
0.0,0.013728362,0
0.0,0.006249016,0
1.0,0.99999917,1
0.0,4.69382e-05,0
1.0,0.9999999,1
0.0,0.00040279212,0
0.0,2.3942133e-05,0
0.0,0.03009057,0
0.0,7.031305e-05,0
0.0,0.0009058016,0
0.0,0.025647014,0
0.0,0.1346426,0
0.0,0.00075396505,0
0.0,0.0005790747,0
0.0,5.996971e-06,0
0.0,0.00045326928,0
0.0,0.0136502795,0
0.0,0.049761735,0
1.0,0.19943002,0
0.0,0.00071614265,0
0.0,0.18086159,0
0.0,0.05933221,0
0.0,0.018859508,0
0.0,0.00066717935,0
0.0,9.840474e-05,0
0.0,0.00697633,0
0.0,0.031615,0
1.0,1.0,1
0.0,7.8056604e-05,0
0.0,6.927551e-06,0
0.0,0.039620712,0
0.0,0.049223054,0
0.0,0.008730305,0
0.0,0.026667506,0
0.0,0.00012515657,0
0.0,0.03650049,0
0.0,0.18340872,0
0.0,0.0008544204,0
0.0,0.023174938,0
0.0,0.081319295,0
0.0,0.013820383,0
0.0,0.00012835911,0
1.0,0.5464664,1
0.0,0.023009496,0
0.0,0.100807,0
0.0,0.17964694,0
0.0,3.9232377e-06,0
0.0,0.4657499,0
0.0,0.0134469345,0
0.0,3.6025624e-05,0
0.0,0.0062070456,0
0.0,0.12124618,0
0.0,2.3349976e-05,0
0.0,0.0027114823,0
0.0,0.00084592705,0
0.0,0.0010393616,0
0.0,0.35953504,0
0.0,0.015885781,0
0.0,0.00028339526,0
0.0,0.24610324,0
0.0,0.0006623839,0
0.0,0.0025798827,0
0.0,0.01844708,0
0.0,1.5133852e-05,0
1.0,0.9409105,1
1.0,0.46685368,0
0.0,0.459297,0
1.0,1.0,1
0.0,0.0058344514,0
1.0,0.9999999,1
0.0,0.0029062845,0
0.0,6.310866e-05,0
1.0,1.0,1
0.0,6.339005e-06,0
0.0,0.0009710823,0
0.0,0.0037225538,0
0.0,0.15247951,0
0.0,0.09204412,0
0.0,0.004403994,0
1.0,0.796654,1
1.0,0.9983132,1
0.0,0.00011526054,0
0.0,0.020966409,0
0.0,0.00022673985,0
1.0,0.9999999,1
0.0,0.5268325,1
0.0,0.00015033026,0
0.0,0.00020888189,0
0.0,0.0005679498,0
0.0,0.00012866914,0
0.0,0.11607363,0
0.0,0.3426487,0
0.0,0.043955587,0
0.0,0.13314225,0
0.0,0.00030546277,0
0.0,0.021825427,0
0.0,0.19532786,0
0.0,0.013036132,0
0.0,0.0010053478,0
0.0,0.06828165,0
0.0,0.03817084,0
0.0,0.07601537,0
0.0,0.22914049,0
0.0,0.00080195215,0
0.0,0.2679018,0
0.0,0.0017727282,0
0.0,0.0073781745,0
0.0,0.00046042132,0
0.0,0.0015407776,0
0.0,0.00058920204,0
1.0,0.34526494,0
1.0,0.9999999,1
0.0,0.0029843964,0
1.0,0.4672166,0
0.0,0.869255,1
0.0,0.00084583554,0
0.0,0.015056843,0
0.0,0.081769705,0
0.0,0.019836692,0
0.0,0.0026309856,0
0.0,2.9331783e-05,0
0.0,0.056442615,0
0.0,0.01925423,0
0.0,0.18038005,0
0.0,0.0822399,0
0.0,0.00055006635,0
1.0,0.55632716,1
0.0,0.19225058,0
0.0,9.829972e-06,0
0.0,0.4607019,0
0.0,1.7621049e-05,0
0.0,0.0002259235,0
0.0,0.00019194857,0
0.0,0.014317119,0
0.0,0.07067722,0
0.0,0.36533585,0
1.0,0.9771878,1
1.0,0.03812008,0
0.0,0.014707813,0
0.0,0.45772076,0
0.0,0.00012374394,0
0.0,0.0044153254,0
0.0,0.014612532,0
0.0,0.001693479,0
0.0,0.55449164,1
0.0,0.25139606,0
0.0,0.00044053697,0
0.0,0.024430351,0
0.0,0.027666774,0
0.0,0.010962539,0
0.0,0.09234257,0
0.0,0.0038846626,0
0.0,0.007828293,0
0.0,0.08756725,0
0.0,0.0007132938,0
0.0,4.2026193e-07,0
0.0,5.6909876e-06,0
0.0,0.14047939,0
0.0,0.00015761005,0
0.0,0.07850213,0
0.0,0.032755654,0
1.0,0.99985516,1
0.0,0.016011806,0
0.0,0.07510726,0
0.0,0.028012596,0
0.0,0.0028363776,0
0.0,0.0028167495,0
1.0,1.0,1
0.0,0.00040597975,0
0.0,0.048489723,0
0.0,0.005526224,0
1.0,1.0,1
0.0,3.844136e-06,0
0.0,0.00023987365,0
0.0,0.3656446,0
0.0,0.026850361,0
0.0,0.0002325409,0
0.0,0.07525277,0
0.0,0.29603243,0
0.0,9.5785304e-05,0
0.0,0.013875818,0
0.0,1.578527e-05,0
0.0,0.032542452,0
1.0,0.9999999,1
0.0,0.0009129477,0
0.0,2.789144e-06,0
0.0,0.0015190642,0
0.0,0.15842053,0
1.0,0.4543196,0
0.0,0.00041497147,0
0.0,0.0050613377,0
0.0,0.0003344705,0
0.0,0.006667655,0
0.0,0.19027992,0
0.0,9.4956726e-05,0
0.0,0.0001032627,0
0.0,0.036470316,0
0.0,0.00096232764,0
1.0,1.0,1
0.0,0.037846472,0
0.0,0.006777056,0
0.0,0.00027986921,0
1.0,0.9999999,1
0.0,0.00014938645,0
0.0,0.0003001015,0
0.0,3.0082349e-05,0
0.0,0.019269235,0
0.0,0.0006938957,0
0.0,0.021251472,0
0.0,0.00084224856,0
1.0,0.9999999,1
0.0,0.002257102,0
0.0,6.0468104e-05,0
0.0,0.005302269,0
0.0,3.865539e-05,0
0.0,0.002617188,0
0.0,0.010050893,0
0.0,0.071626134,0
0.0,0.009179879,0
0.0,0.036494546,0
0.0,0.004739744,0
0.0,0.051289435,0
0.0,0.0005633695,0
0.0,0.039190173,0
1.0,1.0,1
0.0,0.00023606603,0
1.0,0.9999074,1
1.0,1.0,1
0.0,3.410805e-05,0
0.0,0.0008730157,0
1.0,0.9999999,1
0.0,0.00091970706,0
0.0,2.68709e-05,0
0.0,0.0028548993,0
0.0,0.00067582197,0
1.0,1.0,1
0.0,0.0018729458,0
0.0,0.031047024,0
0.0,0.0048282826,0
0.0,2.2940869e-05,0
0.0,0.24933039,0
0.0,0.00028069172,0
0.0,0.063142315,0
0.0,0.0036882455,0
0.0,0.39326188,0
0.0,0.010775653,0
0.0,0.0006205853,0
0.0,0.0012830641,0
0.0,0.0005558538,0
0.0,0.0006333925,0
0.0,0.006286196,0
0.0,0.007452576,0
0.0,0.014567382,0
0.0,0.6888264,1
0.0,0.00048628115,0
0.0,5.814849e-06,0
0.0,0.048463833,0
0.0,0.016859468,0
0.0,7.158948e-05,0
0.0,2.307177e-06,0
0.0,0.0088496925,0
0.0,0.05988141,0
0.0,0.001162189,0
0.0,0.0002158,0
0.0,0.15938759,0
0.0,0.0010444466,0
0.0,0.39291757,0
0.0,0.00022620177,0
0.0,0.1364341,0
0.0,0.00025151728,0
1.0,0.4254345,0
0.0,0.0056307106,0
0.0,0.0012198085,0
0.0,0.0016694806,0
0.0,0.00059252046,0
0.0,0.09422343,0
1.0,0.2544732,0
0.0,0.039667822,0
1.0,0.9999999,1
1.0,0.9999999,1
1.0,0.9999999,1
0.0,0.00018994404,0
1.0,0.53332037,1
1.0,0.1960835,0
0.0,0.28479618,0
0.0,1.6856651e-05,0
0.0,5.566796e-05,0
0.0,0.0012367707,0
0.0,0.0018745725,0
0.0,0.03509958,0
0.0,0.001996211,0
0.0,0.004535085,0
0.0,0.00071419677,0
1.0,0.9999999,1
1.0,0.9999999,1
0.0,0.0028979075,0
0.0,0.024640942,0
0.0,0.15992442,0
0.0,0.01676717,0
1.0,0.9999999,1
0.0,8.067827e-06,0
0.0,0.0041728173,0
0.0,0.030545453,0
0.0,3.1107254e-05,0
1.0,0.7654861,1
0.0,0.08070181,0
1.0,0.99175006,1
0.0,0.0004439933,0
1.0,0.9999999,1
0.0,0.0093589,0
0.0,0.11681078,0
0.0,0.0015394203,0
0.0,0.025948118,0
1.0,0.97063947,1
0.0,0.2830134,0
1.0,0.9999989,1
0.0,0.21318467,0
1.0,0.9999999,1
1.0,0.9999989,1
0.0,0.16576903,0
0.0,0.018704353,0
0.0,0.00031378568,0
0.0,0.0001955764,0
0.0,9.539558e-06,0
0.0,0.41824427,0
0.0,0.013751883,0
0.0,0.00030372938,0
0.0,0.00087474857,0
0.0,2.0153734e-06,0
0.0,0.042723633,0
0.0,0.2893969,0
0.0,0.005649637,0
0.0,0.002110228,0
0.0,4.0510582e-05,0
0.0,0.67214394,1
1.0,0.99999917,1
0.0,6.734987e-05,0
0.0,0.007950223,0
0.0,0.029454766,0
0.0,0.0049315533,0
0.0,3.5985828e-05,0
0.0,0.24697216,0
0.0,0.39504826,0
0.0,0.7524149,1
0.0,0.00010401963,0
0.0,0.07719723,0
0.0,0.00021123159,0
0.0,0.0013809588,0
0.0,0.012540396,0
0.0,0.0003111259,0
0.0,0.6244547,1
0.0,0.058215503,0
1.0,0.9999999,1
0.0,0.0007573002,0
0.0,0.011786693,0
0.0,7.453157e-05,0
1.0,0.99988616,1
0.0,0.16843316,0
0.0,0.00018594737,0
0.0,0.00037377747,0
0.0,0.44285262,0
1.0,0.9340136,1
0.0,2.8290839e-05,0
0.0,0.00025842097,0
0.0,0.2353883,0
0.0,0.45269096,0
0.0,0.006616421,0
0.0,0.010706952,0
0.0,0.46864328,0
1.0,0.6646862,1
0.0,0.005012771,0
0.0,0.0009975791,0
0.0,0.0052921614,0
0.0,0.023938606,0
0.0,0.048408683,0
0.0,0.41500685,0
1.0,0.9999999,1
0.0,0.27432474,0
0.0,0.0360766,0
1.0,0.1184497,0
1.0,0.76295483,1
0.0,0.023677608,0
0.0,3.1541248e-07,0
1.0,0.9624705,1
0.0,0.002875142,0
1.0,0.95036787,1
0.0,0.15227589,0
0.0,0.0004267394,0
0.0,2.8335877e-05,0
0.0,5.5698288e-06,0
0.0,0.00018649141,0
0.0,0.008066698,0
0.0,8.8201466e-07,0
0.0,5.2852894e-05,0
0.0,0.37443426,0
0.0,0.00037147113,0
0.0,0.027809553,0
0.0,0.6019459,1
0.0,0.017297087,0
0.0,0.0015569207,0
0.0,0.37822634,0
0.0,0.009103118,0
0.0,4.5299872e-05,0
1.0,0.99314404,1
0.0,6.9470145e-05,0
0.0,0.055274002,0
0.0,0.02572779,0
0.0,0.052394606,0
1.0,0.9999999,1
0.0,5.2135683e-06,0
1.0,0.9999999,1
0.0,0.00039406665,0
0.0,9.405159e-05,0
0.0,0.11045873,0
1.0,1.0,1
1.0,0.94047856,1
0.0,0.005766637,0
0.0,0.00026086502,0
0.0,1.1039818e-05,0
0.0,0.0040242304,0
0.0,0.029084602,0
1.0,1.0,1
0.0,0.40223593,0
0.0,0.48743975,0
0.0,0.00010004798,0
0.0,0.013577986,0
1.0,0.04960541,0
0.0,0.0061362567,0
0.0,0.05174416,0
0.0,0.0015862249,0
0.0,0.010599968,0
1.0,0.9838022,1
0.0,0.009186829,0
0.0,1.8330407e-07,0
0.0,0.13287796,0
0.0,0.007018056,0
0.0,0.16381209,0
0.0,0.46216366,0
0.0,0.52240914,1
0.0,5.6264457e-06,0
1.0,0.0012823049,0
0.0,0.003700125,0
0.0,0.26645395,0
0.0,0.050220355,0
0.0,0.012642145,0
0.0,0.37887743,0
0.0,1.15361745e-05,0
0.0,0.00042496112,0
0.0,0.000846723,0
0.0,0.0044075493,0
0.0,0.000469294,0
0.0,0.74594635,1
0.0,0.0012393745,0
0.0,0.02048116,0
0.0,0.06771346,0
1.0,0.9999999,1
0.0,0.01059356,0
0.0,0.0009326506,0
0.0,0.003399433,0
0.0,0.0005897541,0
0.0,0.0053035924,0
0.0,0.053000618,0
0.0,0.00077538216,0
0.0,2.8989709e-05,0
1.0,0.9999999,1
0.0,0.035045847,0
0.0,0.00017635929,0
0.0,0.01072127,0
0.0,0.0017388932,0
0.0,0.031372342,0
0.0,0.14468688,0
0.0,0.019572075,0
0.0,0.14761943,0
0.0,0.00017462658,0
0.0,0.0023604196,0
0.0,0.0015638869,0
0.0,0.11435294,0
0.0,0.15152577,0
1.0,1.0,1
1.0,0.5111845,1
0.0,0.0018459468,0
0.0,0.0029129453,0
0.0,0.0006648292,0
0.0,0.04813664,0
0.0,0.001983741,0
0.0,0.00204786,0
0.0,0.00023716877,0
0.0,0.36105776,0
0.0,0.09426225,0
0.0,0.113838844,0
0.0,0.47659934,0
0.0,0.027284188,0
0.0,0.0012273344,0
0.0,3.1172407e-05,0
0.0,0.002307032,0
0.0,0.010045875,0
0.0,0.26923978,0
0.0,7.009413e-05,0
0.0,0.079396136,0
1.0,0.9999999,1
0.0,0.009568867,0
1.0,0.9999999,1
0.0,0.4319166,0
0.0,0.06946909,0
0.0,0.033608403,0
0.0,0.00044959586,0
0.0,0.004398941,0
1.0,1.0,1
0.0,0.00034131095,0
0.0,0.02412541,0
0.0,0.017003065,0
1.0,0.54684025,1
0.0,0.17919949,0
0.0,0.0020716498,0
0.0,0.059730697,0
0.0,0.00083759456,0
0.0,0.105322994,0
0.0,0.05201902,0
1.0,0.99984074,1
0.0,0.026506163,0
0.0,0.26766747,0
0.0,0.44503468,0
0.0,0.00012152543,0
1.0,0.9999999,1
0.0,0.49226147,0
0.0,0.15522219,0
0.0,0.0048977653,0
0.0,0.00010089241,0
0.0,0.0063177375,0
0.0,0.01854601,0
0.0,0.031542443,0
0.0,0.053589072,0
0.0,0.00877547,0
0.0,0.0296876,0
0.0,0.010976797,0
0.0,0.00062634103,0
0.0,0.31548348,0
1.0,0.62064815,1
0.0,0.27685693,0
1.0,0.83225536,1
0.0,3.0292356e-06,0
0.0,5.4492066e-05,0
0.0,0.07406907,0
0.0,1.275116e-05,0
0.0,0.0011032142,0
0.0,0.19971322,0
0.0,0.00016288248,0
0.0,0.14627716,0
0.0,0.0007950822,0
0.0,0.007515498,0
0.0,0.00016550088,0
0.0,1.2456333e-06,0
1.0,0.9999999,1
0.0,5.437024e-05,0
0.0,0.00758647,0
0.0,0.000401759,0
0.0,0.0454159,0
0.0,0.1766838,0
1.0,0.9896713,1
0.0,0.0038985463,0
1.0,0.9999999,1
0.0,2.9617759e-05,0
0.0,0.00021565375,0
0.0,0.5234921,1
0.0,0.0013392881,0
0.0,0.00039763123,0
0.0,0.009132746,0
1.0,0.9999999,1
0.0,2.8674108e-06,0
1.0,0.9999999,1
0.0,0.024804307,0
0.0,0.027219985,0
0.0,0.0025476776,0
0.0,0.000106408064,0
0.0,1.2532804e-05,0
0.0,0.0126176225,0
0.0,0.00040228426,0
0.0,0.39291757,0
0.0,0.0012856403,0
0.0,0.038016412,0
0.0,1.6363374e-05,0
1.0,0.6783363,1
1.0,0.9999999,1
0.0,0.024859002,0
0.0,0.0012575388,0
0.0,9.048603e-06,0
1.0,0.9999999,1
0.0,0.00031653137,0
0.0,4.855283e-06,0
1.0,0.9999999,1
0.0,0.01793767,0
0.0,0.44461906,0
0.0,0.0035477253,0
1.0,0.7927587,1
0.0,0.00272345,0
0.0,0.50361323,1
1.0,0.9999999,1
0.0,0.05017184,0
0.0,0.0012647135,0
0.0,0.14498588,0
1.0,0.8279655,1
0.0,0.008224024,0
0.0,0.42229202,0
0.0,0.13937639,0
1.0,0.43699816,0
0.0,0.06785958,0
0.0,0.0060295574,0
0.0,0.00090011075,0
0.0,0.003880346,0
0.0,0.13932855,0
0.0,2.1529619e-05,0
0.0,0.003402006,0
0.0,0.0012228417,0
1.0,1.0,1
0.0,4.418539e-07,0
0.0,3.75729e-05,0
0.0,0.03279594,0
0.0,0.039410077,0
0.0,0.0018962937,0
0.0,0.004032516,0
0.0,0.24971803,0
1.0,0.06518105,0
0.0,0.12251643,0
0.0,0.44343176,0
0.0,3.2450234e-06,0
0.0,3.3084205e-05,0
0.0,0.023987977,0
0.0,0.37750238,0
1.0,1.0,1
0.0,0.00019829649,0
0.0,4.7951e-05,0
0.0,0.23879373,0
0.0,0.27436286,0
0.0,0.82225615,1
0.0,0.007560185,0
0.0,1.2027365e-06,0
0.0,1.2790291e-05,0
0.0,0.02094476,0
0.0,8.7005435e-05,0
0.0,0.20059575,0
0.0,0.033802047,0
0.0,0.019436581,0
0.0,0.05240736,0
0.0,0.3822448,0
0.0,0.001582205,0
0.0,2.8690394e-05,0
1.0,0.8260822,1
0.0,0.0035631354,0
0.0,0.09742584,0
0.0,0.0024447376,0
0.0,0.10974225,0
0.0,0.004600246,0
0.0,0.00032242635,0
0.0,0.04217751,0
0.0,0.24741256,0
0.0,0.012974141,0
0.0,0.0007052221,0
0.0,0.002254494,0
0.0,0.0044153254,0
0.0,0.0063984203,0
0.0,0.00042269783,0
0.0,4.4432268e-06,0
0.0,0.027322793,0
0.0,0.45227233,0
1.0,0.97722834,1
0.0,0.018459586,0
0.0,1.4276079e-05,0
0.0,0.0027135604,0
0.0,0.0007485278,0
0.0,0.00017845327,0
0.0,0.018005507,0
1.0,1.0,1
1.0,0.995492,1
0.0,0.00031297278,0
0.0,0.38146538,0
0.0,0.00042309024,0
0.0,0.0012885825,0
0.0,0.0018341305,0
0.0,0.001979943,0
1.0,1.0,1
0.0,0.01928775,0
0.0,0.026343457,0
0.0,0.062179808,0
0.0,0.014190939,0
0.0,0.00039457038,0
0.0,0.21444066,0
0.0,1.0857237e-05,0
0.0,0.009028139,0
0.0,0.029775022,0
0.0,0.00055123575,0
0.0,0.016709145,0
0.0,0.06979536,0
1.0,0.10915415,0
0.0,0.1454064,0
0.0,0.03736515,0
0.0,0.18166462,0
0.0,0.06784968,0
0.0,0.01531649,0
0.0,0.00027290004,0
1.0,0.99957484,1
1.0,1.0,1
1.0,0.99996257,1
0.0,0.0008903349,0
0.0,0.0011269765,0
0.0,0.040886685,0
0.0,0.00048551252,0
0.0,0.015000263,0
0.0,0.0032267391,0
0.0,0.057296243,0
1.0,0.9997174,1
1.0,0.55164844,1
0.0,0.0012628784,0
0.0,6.963762e-05,0
0.0,0.00069100625,0
0.0,0.01448248,0
1.0,0.9999999,1
0.0,3.1924614e-05,0
0.0,0.0004024676,0
0.0,0.0011906119,0
0.0,4.2601456e-05,0
1.0,0.626227,1
0.0,0.00034820684,0
1.0,0.9996685,1
0.0,0.0020283214,0
0.0,0.023737261,0
1.0,0.89657545,1
1.0,0.99985516,1
0.0,0.0028618753,0
0.0,0.0157446,0
0.0,0.02689574,0
0.0,0.23982635,0
0.0,0.054659944,0
1.0,0.9999999,1
0.0,0.43791547,0
0.0,0.0060730595,0
0.0,6.4344217e-06,0
0.0,0.08300774,0
0.0,8.772843e-06,0
0.0,0.00015307717,0
1.0,0.9999999,1
0.0,0.0078073996,0
0.0,0.012084111,0
0.0,0.047277905,0
0.0,0.076129995,0
1.0,0.6805847,1
0.0,0.00023462164,0
0.0,0.0007431977,0
0.0,0.5365676,1
1.0,0.9799918,1
1.0,0.9999999,1
0.0,0.026759127,0
0.0,0.2605112,0
0.0,0.0008386656,0
0.0,0.025087077,0
0.0,0.00068217184,0
0.0,0.00048798736,0
1.0,0.99689925,1
0.0,0.029997598,0
0.0,0.008339094,0
0.0,0.0050590406,0
0.0,0.008597809,0
0.0,0.0008166941,0
1.0,0.9999999,1
0.0,0.023172988,0
0.0,1.986998e-05,0
0.0,0.5583278,1
1.0,0.9999639,1
0.0,0.5958453,1
0.0,4.5953486e-05,0
0.0,0.0032158406,0
0.0,0.007369588,0
0.0,0.005844192,0
0.0,0.47877067,0
0.0,0.00066718506,0
1.0,0.9999999,1
0.0,0.0019848382,0
0.0,0.0002851178,0
0.0,0.102936335,0
0.0,1.8010034e-05,0
0.0,0.20554574,0
0.0,0.15317331,0
0.0,0.021076221,0
0.0,0.0001254389,0
0.0,0.30495983,0
0.0,0.006569404,0
1.0,0.9999999,1
1.0,0.96548414,1
0.0,0.13570338,0
0.0,0.018391693,0
1.0,0.9999999,1
0.0,0.00011526054,0
0.0,0.0067707677,0
0.0,0.0014755426,0
0.0,0.010998472,0
0.0,0.053005334,0
0.0,0.2701175,0
0.0,3.0939773e-05,0
0.0,0.007440572,0
0.0,0.19955283,0
0.0,0.010055486,0
0.0,0.007949229,0
0.0,0.45564136,0
0.0,2.6163707e-05,0
0.0,0.09920264,0
0.0,4.3521602e-05,0
0.0,7.8215904e-05,0
0.0,0.03915907,0
0.0,5.049994e-05,0
0.0,0.03682042,0
1.0,0.97962165,1
0.0,0.020479307,0
0.0,0.00079892745,0
0.0,0.771117,1
0.0,0.0107165845,0
0.0,0.0032407392,0
1.0,1.0,1
0.0,0.0002567177,0
0.0,0.00036329954,0
0.0,0.013044631,0
0.0,0.00020178418,0
0.0,5.300884e-06,0
0.0,0.00093306747,0
0.0,0.00049544504,0
1.0,0.9837219,1
0.0,0.045863394,0
0.0,0.64362395,1
0.0,0.00026872716,0
0.0,0.013971881,0
1.0,0.9999999,1
0.0,2.8565575e-05,0
0.0,0.0032719653,0
0.0,0.032300923,0
0.0,0.39222962,0
0.0,0.0022543718,0
1.0,0.90206856,1
0.0,0.46833095,0
0.0,0.15612836,0
0.0,5.3737e-05,0
0.0,0.0019772348,0
0.0,0.002887514,0
0.0,0.027883923,0
0.0,0.11953621,0
0.0,0.00013697037,0
0.0,0.00026255404,0
0.0,0.32092115,0
0.0,0.16679184,0
0.0,0.010333258,0
0.0,0.024115343,0
0.0,2.7925566e-05,0
0.0,6.862884e-05,0
1.0,0.9999999,1
0.0,0.013547937,0
0.0,0.03508631,0
0.0,0.004337435,0
0.0,0.3049556,0
0.0,8.123445e-05,0
0.0,0.08327789,0
0.0,0.0015648289,0
1.0,0.9999999,1
1.0,0.999258,1
0.0,0.11686814,0
0.0,0.0026292359,0
0.0,0.03481838,0
0.0,0.00902871,0
0.0,0.59531105,1
0.0,0.0021633944,0
1.0,0.9961845,1
0.0,6.884824e-05,0
0.0,0.5996953,1
0.0,0.00055202655,0
0.0,1.809371e-06,0
0.0,0.051289435,0
1.0,0.9996946,1
0.0,0.0001147238,0
0.0,0.0074242493,0
1.0,0.9999999,1
0.0,0.36556008,0
0.0,7.138449e-05,0
0.0,0.046831932,0
1.0,0.91359425,1
0.0,8.5145955e-05,0
0.0,0.12618871,0
0.0,0.017827852,0
0.0,0.026980486,0
1.0,0.9999999,1
0.0,0.09419288,0
0.0,0.10269707,0
0.0,0.008804623,0
0.0,0.00018018909,0
0.0,0.010731052,0
0.0,0.00047894713,0
0.0,0.6018501,1
0.0,5.9505255e-05,0
0.0,0.06620135,0
0.0,0.0041119033,0
0.0,0.008734511,0
0.0,0.38148278,0
0.0,0.003804169,0
1.0,0.733751,1
0.0,0.015831409,0
0.0,0.031582825,0
0.0,0.00023812176,0
0.0,0.0032340826,0
0.0,0.17382509,0
0.0,0.010378006,0
0.0,0.16436113,0
0.0,0.3596633,0
0.0,3.105263e-05,0
0.0,0.06241055,0
0.0,0.0032237084,0
0.0,0.00021213842,0
0.0,6.2154846e-05,0
0.0,0.10347937,0
0.0,0.016739782,0
0.0,0.00042936194,0
0.0,0.020131571,0
0.0,0.034830395,0
0.0,0.0277524,0
0.0,0.2166421,0
0.0,7.2111357e-07,0
0.0,0.00054698763,0
0.0,0.31724906,0
0.0,0.40618974,0
0.0,0.0864407,0
0.0,0.06947041,0
0.0,0.1424896,0
0.0,3.8734655e-05,0
0.0,0.013035046,0
0.0,0.015076606,0
0.0,0.0811102,0
0.0,0.23264548,0
0.0,0.1556586,0
0.0,0.00063891977,0
0.0,0.17902,0
0.0,0.012219477,0
0.0,0.0015912259,0
0.0,0.00021136276,0
0.0,0.00033975023,0
0.0,1.0925393e-05,0
0.0,0.11535817,0
0.0,0.0063043707,0
0.0,0.39125618,0
0.0,0.35071012,0
0.0,0.011379698,0
0.0,0.036319036,0
0.0,0.8202952,1
0.0,0.16523677,0
0.0,8.566343e-05,0
0.0,0.00018764548,0
0.0,0.0021077623,0
0.0,0.23214528,0
1.0,0.9999999,1
1.0,0.7847825,1
0.0,0.008436854,0
0.0,0.00025311654,0
0.0,0.00051502313,0
0.0,0.12743112,0
0.0,0.00048052962,0
0.0,6.3176885e-05,0
0.0,0.008755505,0
1.0,0.9999999,1
0.0,0.06600335,0
0.0,0.0032417206,0
0.0,0.23899631,0
0.0,0.00028833526,0
0.0,0.049914997,0
0.0,0.36016607,0
0.0,0.021098334,0
0.0,0.0027532252,0
0.0,0.16045046,0
0.0,1.1486215e-05,0
0.0,4.1846204e-05,0
0.0,0.00023945983,0
1.0,0.9999999,1
1.0,0.98982376,1
0.0,0.00014846002,0
0.0,0.018245537,0
0.0,0.06320375,0
1.0,1.0,1
1.0,0.997233,1
1.0,0.9999999,1
0.0,0.0046590865,0
0.0,2.4584495e-05,0
0.0,0.00017034587,0
0.0,0.37394547,0
0.0,0.004712441,0
0.0,0.0069484166,0
0.0,0.0040144986,0
1.0,0.9999999,1
0.0,0.000721074,0
1.0,0.9999999,1
0.0,0.14372441,0
0.0,0.012753873,0
0.0,0.72162825,1
0.0,0.13883615,0
0.0,8.2981845e-05,0
0.0,0.6067784,1
0.0,0.00012337492,0
0.0,6.75443e-05,0
0.0,0.00068949425,0
1.0,0.98660815,1
0.0,0.0024827656,0
1.0,0.9999999,1
0.0,1.1050445e-06,0
0.0,0.52567255,1
0.0,0.026176013,0
0.0,0.20044698,0
0.0,0.0559423,0
0.0,0.0061818217,0
0.0,0.0082915705,0
1.0,0.9999999,1
0.0,0.0030597989,0
0.0,0.0010808484,0
1.0,0.7984083,1
0.0,0.0055934647,0
0.0,0.00079121895,0
0.0,0.00048798736,0
0.0,0.0010101973,0
0.0,0.0728667,0
0.0,0.00025274107,0
0.0,0.18685333,0
0.0,0.0006450487,0
0.0,0.0017294867,0
0.0,0.013261864,0
0.0,0.00043845142,0
0.0,0.0675454,0
0.0,0.0025102512,0
0.0,0.00084772886,0
0.0,0.00073905545,0
0.0,3.9402286e-05,0
0.0,0.008753986,0
0.0,0.0050422843,0
0.0,0.00016726808,0
0.0,8.698662e-07,0
0.0,0.028902622,0
0.0,0.0025726794,0
0.0,0.01251713,0
0.0,0.006034143,0
0.0,0.0049006524,0
1.0,0.9998186,1
0.0,0.07316682,0
0.0,0.0020200422,0
0.0,0.0010034995,0
0.0,0.0005251119,0
0.0,0.0014173775,0
0.0,0.013265116,0
0.0,2.4003084e-05,0
0.0,0.04082037,0
1.0,0.9946498,1
1.0,1.0,1
0.0,0.30151245,0
1.0,0.98191833,1
0.0,0.0003594977,0
0.0,0.03493703,0
0.0,0.068014994,0
0.0,0.04241484,0
1.0,0.9999999,1
0.0,1.1579216e-05,0
0.0,0.015816513,0
0.0,0.004148782,0
0.0,0.073561355,0
0.0,0.1289696,0
1.0,0.9999999,1
1.0,0.9999999,1
0.0,0.00368779,0
1.0,0.9999999,1
0.0,7.938386e-06,0
0.0,0.00026367488,0
0.0,0.035279892,0
0.0,0.07453704,0
0.0,0.053164896,0
0.0,0.059051055,0
0.0,0.0023262259,0
0.0,0.021287823,0
0.0,0.02371829,0
0.0,0.1285621,0
0.0,0.12546536,0
0.0,0.0054595177,0
0.0,0.022941612,0
0.0,0.14453939,0
0.0,0.027895357,0
0.0,0.0043044696,0
0.0,0.21983176,0
0.0,0.0071392963,0
0.0,0.0039843,0
0.0,0.104635365,0
0.0,0.16433373,0
0.0,0.3497856,0
0.0,0.002006055,0
0.0,0.008482732,0
0.0,0.0030471673,0
0.0,0.00018682692,0
0.0,1.672836e-05,0
0.0,0.40223593,0
0.0,7.86172e-07,0
0.0,3.4281205e-05,0
0.0,0.0015412867,0
0.0,1.8215309e-05,0
1.0,0.24642405,0
0.0,0.023687607,0
0.0,0.004501274,0
0.0,9.459808e-06,0
0.0,0.039073583,0
0.0,0.03449661,0
1.0,0.9999999,1
0.0,0.15141797,0
0.0,0.30414924,0
0.0,0.0026172616,0
0.0,0.50057924,1
0.0,0.5009769,1
0.0,0.00089086057,0
0.0,0.04060028,0
0.0,0.0011269765,0
0.0,0.004552536,0
0.0,0.0027009437,0
0.0,0.0007015574,0
1.0,0.99904937,1
0.0,0.0026621886,0
0.0,8.876549e-05,0
0.0,0.030874193,0
0.0,0.00048570923,0
0.0,0.007178822,0
0.0,0.31564716,0
0.0,0.047133297,0
0.0,0.008301579,0
1.0,0.9999999,1
0.0,0.0056124413,0
0.0,0.30151245,0
0.0,7.905567e-06,0
0.0,0.47334796,0
1.0,0.9999999,1
0.0,9.953747e-06,0
1.0,0.9999999,1
0.0,0.26743588,0
0.0,0.009579366,0
1.0,0.9999999,1
0.0,0.8997072,1
0.0,0.17221348,0
0.0,1.1145126e-05,0
0.0,0.61697596,1
0.0,0.00021688313,0
0.0,0.00790255,0
0.0,0.0009210215,0
0.0,0.005630521,0
0.0,0.0016300636,0
0.0,0.12530862,0
0.0,0.015488773,0
0.0,0.005615122,0
0.0,5.098207e-05,0
0.0,0.16100916,0
0.0,0.002077999,0
0.0,5.3985025e-07,0
1.0,0.9134362,1
0.0,1.5431277e-05,0
0.0,0.11070974,0
0.0,0.0007653718,0
0.0,0.00256897,0
1.0,1.0,1
0.0,0.0015066148,0
0.0,0.26806602,0
0.0,0.00046321956,0
0.0,0.0043437863,0
0.0,0.00047082262,0
0.0,0.0003768744,0
0.0,0.0027677394,0
0.0,1.3448828e-05,0
0.0,0.021003146,0
0.0,0.0038082513,0
1.0,0.94809884,1
0.0,0.21010967,0
0.0,0.23356098,0
0.0,0.00021293039,0
0.0,0.5819517,1
0.0,0.2906021,0
0.0,0.0018821581,0
0.0,0.11056347,0
0.0,0.007931278,0
0.0,0.00031940115,0
0.0,5.189418e-05,0
0.0,0.2043097,0
0.0,0.34293357,0
0.0,0.03932143,0
0.0,0.002170991,0
0.0,0.0018081926,0
0.0,0.005481211,0
1.0,0.9999999,1
0.0,0.025514973,0
1.0,1.0,1
0.0,0.17926691,0
0.0,0.15994284,0
0.0,0.0027383207,0
0.0,0.14474034,0
0.0,0.31735864,0
0.0,0.00034190452,0
0.0,0.58421826,1
0.0,0.0005009947,0
0.0,0.08353719,0
1.0,0.9999999,1
0.0,0.03378549,0
0.0,0.005177367,0
0.0,0.006559925,0
0.0,0.0042953687,0
1.0,0.7944674,1
0.0,0.0004009532,0
0.0,0.011084614,0
0.0,0.0009902192,0
0.0,0.00033967025,0
0.0,0.0020704868,0
1.0,0.5549298,1
0.0,0.294315,0
0.0,0.0001264437,0
1.0,0.9999999,1
0.0,0.0030344087,0
0.0,0.020813297,0
0.0,0.05118017,0
0.0,0.2911384,0
0.0,0.00017747824,0
0.0,0.000568415,0
0.0,0.78132665,1
0.0,0.002517223,0
0.0,0.7226289,1
0.0,0.012314651,0
1.0,0.82557255,1
0.0,0.020478254,0
0.0,0.36032176,0
0.0,0.8832345,1
0.0,0.04913533,0
0.0,0.11609219,0
0.0,0.0010477608,0
0.0,1.6276466e-05,0
0.0,0.026691543,0
0.0,0.00037539762,0
0.0,0.09782707,0
0.0,0.003139715,0
0.0,0.088637,0
0.0,0.027258733,0
0.0,0.00014339476,0
0.0,0.027796846,0
0.0,7.997345e-06,0
0.0,0.030883985,0
0.0,0.5980332,1
1.0,1.0,1
0.0,0.15887429,0
0.0,0.065178536,0
0.0,0.00040318913,0
0.0,0.033426818,0
1.0,0.9999999,1
0.0,1.3568898e-06,0
0.0,0.0022737482,0
1.0,0.95491093,1
0.0,0.0133402655,0
0.0,0.88401777,1
0.0,0.00020387709,0
0.0,0.13300218,0
0.0,0.40847352,0
0.0,0.011675598,0
1.0,0.9999999,1
0.0,1.167296e-05,0
0.0,0.018269733,0
0.0,0.0007053797,0
0.0,0.051093437,0
0.0,3.7823367e-05,0
0.0,1.6357724e-06,0
0.0,0.002040044,0
0.0,0.00012171098,0
0.0,0.0028927906,0
0.0,0.4659491,0
0.0,0.0019840251,0
0.0,4.3329674e-06,0
0.0,0.00414206,0
0.0,0.00032417488,0
0.0,0.00013499675,0
0.0,0.10767519,0
1.0,0.9999999,1
0.0,0.001153765,0
1.0,0.9996438,1
0.0,0.019466443,0
0.0,0.0006955962,0
0.0,0.0032520834,0
0.0,0.00016338882,0
0.0,0.0032112997,0
0.0,0.0041572563,0
0.0,0.0005595351,0
0.0,0.0012437038,0
0.0,0.016534472,0
0.0,0.21112858,0
1.0,0.34421077,0
0.0,0.0038000855,0
0.0,0.00032593295,0
0.0,0.0067529646,0
0.0,0.00083070336,0
0.0,0.05810966,0
0.0,2.2239714e-05,0
0.0,0.17926691,0
0.0,0.15108974,0
0.0,0.0015227703,0
0.0,0.00023888516,0
0.0,0.6656232,1
0.0,0.00022677984,0
0.0,0.09416496,0
1.0,0.9941148,1
0.0,0.081856064,0
0.0,2.2656507e-06,0
1.0,0.99299,1
0.0,0.00015746478,0
0.0,0.10900549,0
1.0,0.9999999,1
0.0,1.1629807e-06,0
0.0,0.00047447853,0
0.0,0.001996025,0
0.0,0.0003674543,0
0.0,0.0118632,0
0.0,0.0064846897,0
0.0,0.065479755,0
1.0,0.9999987,1
1.0,0.9999999,1
0.0,0.43276188,0
0.0,6.783917e-05,0
0.0,0.11196315,0
0.0,0.0019243429,0
0.0,1.4335247e-06,0
0.0,0.0026479634,0
0.0,0.0030810048,0
0.0,0.002007181,0
1.0,0.6442597,1
0.0,0.031750668,0
0.0,9.1228714e-05,0
1.0,0.9533833,1
0.0,0.006583429,0
0.0,0.005181377,0
0.0,0.017284011,0
0.0,0.007644597,0
0.0,0.0005778461,0
0.0,1.2989102e-06,0
0.0,0.0072608213,0
0.0,0.25790587,0
0.0,0.11074643,0
0.0,0.29477054,0
1.0,0.9999999,1
1.0,0.3808978,0
0.0,0.05643854,0
1.0,0.9999999,1
0.0,0.051316474,0
0.0,0.00019661598,0
1.0,0.9999999,1
0.0,0.00019706716,0
0.0,0.46025607,0
0.0,0.19624178,0
0.0,0.15554377,0
0.0,0.008913902,0
0.0,0.0004786786,0
0.0,0.0009937187,0
0.0,0.00958309,0
0.0,0.21663782,0
0.0,8.559117e-05,0
0.0,0.1288351,0
0.0,9.012024e-05,0
0.0,7.5678287e-07,0
0.0,0.013858277,0
0.0,0.015020327,0
0.0,0.0020008713,0
0.0,0.010372982,0
0.0,0.00063292513,0
1.0,0.9999999,1
0.0,0.0003409828,0
0.0,0.041247223,0
0.0,0.052987028,0
0.0,0.043801345,0
0.0,0.019664323,0
1.0,0.49897572,0
0.0,0.00072101253,0
0.0,0.00036297535,0
0.0,0.114334464,0
0.0,0.00025755787,0
1.0,0.99969745,1
0.0,0.08698018,0
0.0,0.0014764715,0
0.0,0.0011090778,0
0.0,0.0022213103,0
0.0,0.022661647,0
0.0,0.018554484,0
0.0,0.023298915,0
0.0,0.079329744,0
1.0,0.48195356,0
0.0,0.018002313,0
0.0,0.0100378925,0
0.0,0.0043933582,0
1.0,0.8680355,1
0.0,0.0009606663,0
0.0,0.0071183215,0
0.0,0.0006652675,0
0.0,0.14627716,0
0.0,0.0026103125,0
0.0,0.0037514267,0
0.0,0.035040703,0
0.0,0.15535827,0
0.0,0.6884547,1
0.0,0.0005594395,0
0.0,0.009770825,0
0.0,0.2192569,0
0.0,0.0041410057,0
1.0,0.5419081,1
0.0,0.0024733252,0
0.0,0.00020839034,0
0.0,0.00033126632,0
0.0,0.44683117,0
0.0,0.0014447805,0
0.0,0.14603022,0
0.0,0.07679337,0
0.0,0.43961677,0
0.0,0.17671582,0
0.0,0.00022953998,0
0.0,0.009132526,0
0.0,0.00072861294,0
0.0,6.019219e-06,0
0.0,0.27686235,0
0.0,0.00033867208,0
0.0,0.0005122496,0
0.0,0.02973065,0
0.0,4.623503e-06,0
0.0,0.001132205,0
1.0,0.00014066281,0
0.0,0.00025501518,0
0.0,0.004079612,0
1.0,0.678152,1
0.0,0.015000699,0
0.0,0.0010461989,0
0.0,0.002304896,0
0.0,0.009079617,0
1.0,0.9999999,1
1.0,0.2687729,0
0.0,0.41092792,0
0.0,0.023450572,0
0.0,0.024412965,0
0.0,0.0041208323,0
0.0,0.09682392,0
0.0,0.0028245312,0
0.0,0.049143545,0
0.0,0.08316109,0
0.0,0.0011510607,0
0.0,0.00034633794,0
0.0,0.0012906054,0
0.0,0.14066863,0
0.0,0.26481214,0
0.0,0.00010093889,0
1.0,0.9999082,1
0.0,0.32092634,0
0.0,6.384631e-05,0
0.0,0.7113348,1
0.0,0.16756144,0
0.0,0.45604244,0
0.0,0.00044033627,0
0.0,8.3151666e-05,0
0.0,0.017421715,0
0.0,0.0002727765,0
0.0,0.023406947,0
0.0,0.00013228496,0
1.0,0.85628116,1
0.0,0.0017617916,0
0.0,4.691363e-05,0
0.0,0.20145072,0
0.0,0.58319837,1
0.0,0.00991602,0
0.0,0.004742919,0
0.0,0.48181903,0
1.0,0.9999999,1
0.0,0.00068326393,0
0.0,4.7470225e-05,0
0.0,7.120623e-05,0
1.0,0.9768862,1
0.0,0.030893095,0
0.0,0.04528184,0
0.0,0.011790799,0
0.0,0.049498603,0
1.0,0.10722996,0
0.0,1.275116e-05,0
0.0,0.036368735,0
1.0,1.0,1
0.0,0.013666595,0
0.0,0.15089813,0
0.0,0.19237159,0
0.0,0.3853135,0
0.0,0.01607693,0
0.0,0.0054826513,0
0.0,0.00566404,0
0.0,0.14679106,0
0.0,0.033760436,0
0.0,0.00014226761,0
0.0,0.3626786,0
0.0,0.0013590986,0
0.0,0.10945888,0
0.0,0.028204553,0
0.0,0.05026673,0
0.0,0.36476302,0
0.0,1.5160748e-05,0
0.0,0.11540527,0
1.0,1.0,1
0.0,0.06177759,0
0.0,0.0064271893,0
1.0,0.9999999,1
0.0,0.0013791543,0
0.0,0.016496288,0
0.0,7.0736205e-05,0
0.0,0.00013815881,0
0.0,0.013416578,0
0.0,0.020361105,0
0.0,0.03878399,0
0.0,0.53131723,1
0.0,2.4470257e-05,0
0.0,0.010344123,0
0.0,0.0003532306,0
0.0,1.8548933e-05,0
0.0,0.0006240339,0
1.0,0.9999999,1
1.0,0.9999999,1
1.0,0.9999999,1
0.0,0.0009300981,0
1.0,0.9999999,1
0.0,0.0002552752,0
0.0,0.41356984,0
0.0,1.1411698e-06,0
1.0,0.74660844,1
1.0,0.9999999,1
1.0,0.9999999,1
0.0,0.00560389,0
0.0,0.00031516005,0
0.0,0.00122766,0
0.0,0.00028176315,0
0.0,0.042975098,0
0.0,0.12528032,0
0.0,0.00036517394,0
0.0,0.23476368,0
0.0,0.36341122,0
0.0,0.11357725,0
0.0,0.0026752087,0
0.0,0.0018543379,0
0.0,0.00030737597,0
0.0,0.030354526,0
1.0,1.0,1
0.0,0.00048798736,0
0.0,0.0455288,0
0.0,0.11093495,0
0.0,0.10467523,0
0.0,0.0003440072,0
0.0,0.234933,0
1.0,0.9999999,1
0.0,0.0002588935,0
0.0,0.07224537,0
0.0,0.0020807993,0
0.0,4.6873472e-05,0
0.0,7.5879936e-05,0
1.0,0.8349967,1
0.0,0.2627593,0
0.0,0.022941817,0
1.0,0.9999999,1
0.0,0.027373156,0
0.0,0.116814695,0
0.0,0.15338334,0
0.0,0.0078306,0
0.0,0.0007197308,0
0.0,0.0016456954,0
0.0,0.009041411,0
0.0,5.5901983e-05,0
0.0,0.20901008,0
0.0,1.2698143e-05,0
0.0,0.0001866307,0
0.0,0.38541776,0
0.0,0.46523863,0
0.0,0.00040914214,0
1.0,0.9999999,1
0.0,0.00016301409,0
0.0,0.029729916,0
1.0,0.9999999,1
1.0,0.9999999,1
1.0,0.9999999,1
0.0,0.00059640047,0
0.0,1.5129582e-05,0
0.0,0.009009502,0
0.0,0.0053442796,0
0.0,0.442295,0
0.0,0.00021723953,0
0.0,0.0058930763,0
0.0,0.20694536,0
0.0,0.10873981,0
0.0,0.32053325,0
0.0,0.005832212,0
0.0,0.0010262126,0
0.0,0.4270426,0
1.0,1.0,1
0.0,0.02936432,0
0.0,0.00084056973,0
0.0,6.054946e-05,0
0.0,0.006667655,0
1.0,0.9999999,1
0.0,0.029997598,0
0.0,0.0014079369,0
0.0,0.51993454,1
0.0,0.0077301487,0
0.0,0.026716568,0
1.0,0.9999999,1
0.0,0.001370576,0
1.0,0.9999999,1
0.0,0.11501469,0
0.0,0.0056592454,0
0.0,0.551118,1
0.0,3.6144862e-05,0
0.0,0.0038658304,0
0.0,0.00027015753,0
0.0,2.738211e-05,0
0.0,0.14152966,0
0.0,0.03679927,0
0.0,0.00021740093,0
0.0,0.35424265,0
0.0,0.4908396,0
0.0,0.00595224,0
0.0,0.000108126136,0
0.0,0.000100417485,0
0.0,0.002875142,0
0.0,3.9743623e-05,0
0.0,0.0069647455,0
0.0,0.002581524,0
0.0,0.0018975097,0
0.0,0.35319704,0
0.0,0.07583555,0
1.0,0.9999999,1
0.0,0.009075997,0
0.0,0.0008260576,0
0.0,0.00056033995,0
1.0,0.9999999,1
0.0,1.7356255e-05,0
0.0,0.02871292,0
0.0,0.4500166,0
0.0,0.01827736,0
0.0,0.3359419,0
0.0,0.016904458,0
0.0,0.009269073,0
0.0,0.11855459,0
0.0,0.31084692,0
0.0,0.037755974,0
0.0,0.0905832,0
0.0,0.48589045,0
0.0,0.017043063,0
0.0,0.0063312403,0
0.0,0.0034234521,0
0.0,0.0056479117,0
0.0,0.008915242,0
0.0,0.0008247344,0
0.0,1.1541983e-05,0
0.0,0.20593166,0
0.0,2.6540836e-05,0
0.0,9.851732e-05,0
0.0,0.32523435,0
0.0,0.00018040724,0
0.0,0.00013034354,0
0.0,0.0010125365,0
0.0,0.0011815734,0
0.0,0.23733334,0
0.0,0.40223593,0
0.0,0.0019952375,0
0.0,4.2026193e-07,0
0.0,0.29062396,0
1.0,0.21761005,0
0.0,0.0012441031,0
0.0,0.004271942,0
0.0,0.016451161,0
0.0,0.049740843,0
0.0,0.43981785,0
0.0,0.00044640512,0
0.0,0.00165358,0
1.0,0.9999999,1
0.0,0.0020746712,0
0.0,0.47242644,0
0.0,0.0061442796,0
0.0,0.42853233,0
0.0,0.4500166,0
0.0,0.039482575,0
0.0,0.007290937,0
1.0,0.9985605,1
0.0,0.0019273795,0
0.0,0.00023453127,0
0.0,0.0016160328,0
0.0,0.0016860763,0
0.0,0.0023387023,0
0.0,4.58993e-06,0
0.0,4.767701e-05,0
1.0,0.9999876,1
0.0,0.007266984,0
1.0,0.9999999,1
0.0,0.06620135,0
0.0,0.0043668165,0
0.0,0.11933132,0
0.0,2.8490542e-05,0
1.0,0.9921463,1
0.0,0.008412043,0
0.0,0.0020937775,0
0.0,0.0006789565,0
0.0,7.882819e-05,0
0.0,0.5437952,1
0.0,0.4925677,0
0.0,3.919205e-05,0
0.0,0.037018027,0
0.0,7.804946e-05,0
0.0,0.00029658418,0
0.0,0.00029559305,0
0.0,0.057164628,0
0.0,0.011490999,0
0.0,0.40346637,0
0.0,0.0685587,0
0.0,0.0029405877,0
0.0,0.09287833,0
0.0,0.31846207,0
1.0,0.98459643,1
0.0,9.930488e-05,0
0.0,0.13164112,0
1.0,0.9999999,1
1.0,0.9999999,1
1.0,0.9999999,1
1.0,0.022477005,0
0.0,0.01740035,0
0.0,0.0023081065,0
0.0,0.0015365114,0
0.0,0.3301318,0
0.0,0.7177738,1
0.0,0.054464307,0
1.0,0.0747459,0
0.0,0.19410865,0
0.0,0.0025541408,0
0.0,8.813148e-05,0
0.0,0.06615036,0
0.0,0.0019549318,0
0.0,0.070419356,0
0.0,0.12907973,0
0.0,0.33137134,0
0.0,0.17657861,0
0.0,0.0028131919,0
0.0,0.0081901755,0
1.0,0.037761863,0
0.0,6.741059e-05,0
1.0,0.986741,1
0.0,0.0001754713,0
0.0,0.006571324,0
0.0,0.0025013636,0
0.0,0.09140974,0
0.0,0.0011605003,0
0.0,2.9094066e-05,0
0.0,0.0038996006,0
0.0,4.7891685e-05,0
0.0,0.0006092768,0
0.0,0.011390921,0
0.0,3.3972196e-05,0
0.0,0.0066403267,0
0.0,0.00044376167,0
0.0,0.086229146,0
0.0,0.2543894,0
0.0,0.039368317,0
0.0,0.090328135,0
1.0,1.0,1
0.0,0.068580724,0
0.0,0.042025484,0
0.0,0.0017735537,0
0.0,0.020098535,0
0.0,0.16791315,0
0.0,0.0011878099,0
0.0,0.05017184,0
0.0,0.0025855163,0
1.0,0.9999999,1
0.0,0.15938759,0
0.0,0.0005211751,0
0.0,0.2970923,0
0.0,0.00052750757,0
0.0,0.006293438,0
0.0,0.017330043,0
0.0,0.64365673,1
0.0,0.027999895,0
0.0,1.4232308e-05,0
0.0,0.00050693465,0
0.0,0.00040227044,0
0.0,0.6501123,1
0.0,0.16804178,0
0.0,0.11042709,0
1.0,0.99166894,1
0.0,0.05041326,0
1.0,1.0,1
0.0,0.016990127,0
1.0,0.025485372,0
0.0,0.0065909643,0
1.0,0.9999999,1
0.0,0.3283412,0
0.0,0.004673116,0
0.0,0.41811252,0
0.0,0.063592546,0
0.0,2.7455178e-06,0
0.0,0.0036204122,0
0.0,0.008801369,0
0.0,0.008532165,0
0.0,2.2747392e-06,0
0.0,0.0028253493,0
0.0,0.000604205,0
0.0,0.0001820268,0
1.0,0.9999999,1
1.0,0.9743008,1
1.0,1.0,1
0.0,0.00036700917,0
0.0,0.86318064,1
0.0,0.0057669957,0
0.0,0.0027181297,0
1.0,0.9913487,1
1.0,0.9999999,1
0.0,0.66411597,1
0.0,0.01745177,0
1.0,0.93250096,1
0.0,0.0040755146,0
0.0,0.0021424752,0
0.0,4.573956e-05,0
0.0,0.0053739618,0
0.0,0.072286345,0
0.0,0.013740963,0
0.0,0.03394618,0
0.0,0.09750229,0
0.0,0.2934277,0
0.0,0.000301365,0
1.0,0.036845982,0
1.0,0.99916303,1
1.0,0.75989693,1
0.0,0.08271348,0
0.0,0.64686483,1
0.0,0.39184514,0
1.0,1.0,1
0.0,0.0017709672,0
1.0,0.9999999,1
0.0,3.2287812e-07,0
0.0,5.734487e-05,0
0.0,0.032264262,0
0.0,0.0012040163,0
0.0,0.23187478,0
0.0,0.37774047,0
0.0,0.0022171596,0
1.0,1.0,1
0.0,0.0117751295,0
0.0,0.00086133106,0
0.0,0.32715136,0
0.0,0.0017771383,0
0.0,0.015627356,0
0.0,0.0023032539,0
0.0,0.08551728,0
0.0,0.011436993,0
1.0,0.9999999,1
0.0,0.06475641,0
0.0,0.001072267,0
0.0,0.41224083,0
0.0,5.905585e-06,0
0.0,0.00011680803,0
1.0,0.9533833,1
0.0,0.07715564,0
0.0,0.03393503,0
1.0,0.700219,1
0.0,0.39249182,0
0.0,0.0005183976,0
0.0,0.005282411,0
0.0,0.0014889238,0
0.0,0.032036602,0
0.0,0.013894374,0
0.0,0.0066579697,0
0.0,0.030834325,0
0.0,0.089639515,0
0.0,0.0006653785,0
0.0,0.01412333,0
0.0,2.0667112e-06,0
0.0,0.0509922,0
0.0,0.13976964,0
0.0,0.00052696606,0
0.0,8.918624e-05,0
0.0,0.0046356265,0
0.0,0.17251317,0
0.0,0.0014437613,0
0.0,0.5710408,1
0.0,0.003821863,0
0.0,0.00042905507,0
0.0,0.0057245633,0
1.0,0.9999999,1
0.0,4.410701e-05,0
0.0,0.0010229411,0
0.0,0.005394337,0
0.0,0.0067976154,0
0.0,0.0030946925,0
1.0,0.9999074,1
0.0,0.05616013,0
0.0,0.008475244,0
0.0,0.0075711086,0
0.0,0.0022228453,0
0.0,0.14496313,0
0.0,0.40892997,0
0.0,0.00016099575,0
0.0,2.504576e-05,0
0.0,0.45227233,0
0.0,5.7949022e-05,0
0.0,1.6876162e-05,0
0.0,0.0009273637,0
0.0,0.0075704455,0
0.0,0.008313879,0
0.0,0.008455432,0
1.0,0.9932508,1
0.0,5.040415e-05,0
0.0,0.15992996,0
0.0,0.0031962593,0
0.0,7.244807e-06,0
0.0,0.0012758498,0
1.0,0.37533063,0
0.0,0.04604879,0
0.0,0.0007541904,0
1.0,0.99999046,1
0.0,0.07665165,0
0.0,0.03212798,0
0.0,0.0095822755,0
0.0,0.052521978,0
1.0,0.99692494,1
0.0,0.07448896,0
0.0,0.16457146,0
0.0,0.00095427793,0
0.0,0.00034540758,0
1.0,0.9995863,1
0.0,0.0057553276,0
1.0,0.9999999,1
0.0,0.00029821764,0
0.0,0.0018838422,0
0.0,0.0037225538,0
0.0,0.07840898,0
1.0,0.9983494,1
0.0,0.00038400208,0
0.0,0.04950414,0
0.0,0.44683117,0
0.0,0.0029882127,0
0.0,9.4744644e-07,0
0.0,0.03076637,0
0.0,0.01518293,0
1.0,0.9999999,1
0.0,0.0075708227,0
0.0,0.21404399,0
0.0,0.007323853,0
0.0,0.03123565,0
0.0,0.02195603,0
0.0,0.0045967996,0
0.0,0.0022740513,0
0.0,0.0066755237,0
0.0,0.24444503,0
1.0,0.9147171,1
0.0,0.00016997205,0
0.0,0.0040477044,0
0.0,0.12591779,0
0.0,1.1887054e-05,0
0.0,0.077737585,0
0.0,0.05009845,0
0.0,0.11385321,0
1.0,0.9999999,1
0.0,0.0022832628,0
0.0,0.010162508,0
0.0,0.052683823,0
0.0,0.005243227,0
0.0,0.0014130977,0
1.0,0.9583489,1
1.0,0.9999999,1
0.0,1.1362178e-05,0
0.0,7.233562e-05,0
0.0,0.13235444,0
1.0,0.9977792,1
0.0,0.00031405926,0
0.0,0.057433147,0
0.0,0.0021789528,0
0.0,0.29804733,0
1.0,0.9999999,1
1.0,0.99990165,1
1.0,0.9999999,1
0.0,0.20170955,0
0.0,0.0012389,0
0.0,0.0897097,0
0.0,0.00078593806,0
1.0,0.9999999,1
0.0,0.0076279966,0
0.0,0.04689396,0
0.0,0.017796071,0
0.0,0.0025025608,0
0.0,0.52746016,1
1.0,0.99244434,1
0.0,0.25903353,0
0.0,2.3576304e-05,0
1.0,0.9999999,1
1.0,0.9488163,1
1.0,0.48107034,0
0.0,8.704253e-05,0
0.0,0.36490023,0
0.0,0.13186334,0
0.0,0.018506628,0
1.0,0.91829115,1
0.0,0.076443784,0
0.0,0.0038887002,0
1.0,0.9999999,1
0.0,0.014177843,0
0.0,0.0012335553,0
0.0,3.621283e-05,0
0.0,0.6146697,1
0.0,0.12989114,0
0.0,0.0024515607,0
0.0,0.054604933,0
0.0,0.023605889,0
0.0,0.00069310353,0
0.0,0.2049483,0
0.0,0.00027556927,0
0.0,0.25673854,0
0.0,1.999113e-05,0
0.0,0.00035199185,0
0.0,0.027714899,0
0.0,0.02434705,0
0.0,0.00072420575,0
0.0,0.0034503099,0
0.0,0.41157135,0
0.0,0.08099733,0
1.0,0.9999999,1
0.0,0.0011020368,0
0.0,0.12997513,0
0.0,0.44008574,0
1.0,0.9999999,1
0.0,0.008377275,0
0.0,0.015635347,0
1.0,0.9636376,1
0.0,0.004243426,0
0.0,0.016483435,0
1.0,0.9813533,1
0.0,0.0007743716,0
0.0,0.00014681212,0
0.0,0.0370305,0
0.0,0.0005340967,0
1.0,0.9999999,1
0.0,0.0073718107,0
0.0,0.0016918055,0
0.0,0.034009002,0
1.0,0.9999999,1
0.0,0.16095518,0
0.0,0.00025103334,0
1.0,0.99981445,1
1.0,0.9999999,1
0.0,0.023321865,0
0.0,0.4785364,0
0.0,0.035214473,0
1.0,0.9999846,1
0.0,0.0051050275,0
0.0,0.00047069066,0
1.0,0.9999999,1
0.0,0.037916187,0
0.0,0.009535497,0
0.0,7.287157e-05,0
0.0,0.43267527,0
0.0,0.0013311742,0
0.0,0.004018602,0
0.0,0.011673127,0
0.0,0.028957808,0
1.0,0.94047856,1
0.0,0.065048605,0
0.0,7.298688e-05,0
1.0,0.2746857,0
0.0,0.0017910796,0
1.0,0.027978566,0
0.0,0.005146872,0
0.0,0.006860395,0
0.0,0.014144858,0
0.0,0.00045238185,0
0.0,0.016241377,0
0.0,0.08501697,0
0.0,0.4351651,0
0.0,0.0076911836,0
0.0,0.4402754,0
0.0,0.003258117,0
0.0,2.1177353e-05,0
1.0,0.9999999,1
0.0,0.00019669603,0
0.0,0.0008557812,0
1.0,0.9999999,1
1.0,0.9999999,1
0.0,0.09292981,0
0.0,0.043718442,0
0.0,1.137227e-05,0
0.0,0.34197783,0
1.0,0.009495583,0
0.0,0.22381005,0
0.0,0.028951092,0
0.0,0.25706846,0
0.0,0.049449787,0
0.0,0.34664425,0
0.0,0.006936878,0
0.0,0.5425698,1
0.0,0.0001751739,0
0.0,0.08000695,0
0.0,0.009911212,0
0.0,0.0043957015,0
0.0,0.003409655,0
0.0,0.096736975,0
0.0,0.46987453,0
0.0,0.013381035,0
1.0,0.9999999,1
1.0,1.0,1
0.0,0.0018943778,0
0.0,0.0002504175,0
0.0,0.020116575,0
0.0,2.875221e-05,0
0.0,0.0025244036,0
0.0,0.0014918504,0
0.0,0.047862474,0
0.0,0.64064735,1
0.0,0.011673359,0
0.0,0.015296978,0
0.0,0.040523104,0
0.0,0.108405195,0
0.0,0.019422395,0
0.0,0.019485055,0
0.0,0.0012586784,0
1.0,1.0,1
0.0,0.00029678273,0
0.0,0.12892896,0
0.0,0.041680653,0
0.0,0.72328514,1
0.0,0.42283192,0
0.0,0.0033262274,0
0.0,0.0066901795,0
1.0,0.9198607,1
0.0,0.10644228,0
0.0,0.0056350883,0
0.0,0.003818296,0
0.0,0.033339936,0
0.0,0.39222962,0
0.0,0.015759734,0
0.0,0.035838194,0
0.0,0.19016764,0
1.0,0.9999995,1
0.0,0.00018664156,0
0.0,0.019370018,0
0.0,0.0072922837,0
0.0,0.3524219,0
0.0,0.081544906,0
0.0,0.35412404,0
0.0,0.006185177,0
0.0,0.26938024,0
1.0,0.9999999,1
1.0,0.993541,1
0.0,0.0004309447,0
0.0,0.00020952738,0
0.0,4.4724034e-06,0
0.0,0.00014130809,0
1.0,0.99961865,1
1.0,0.9999999,1
1.0,0.79905784,1
0.0,0.40457803,0
0.0,0.08856663,0
0.0,0.017796071,0
0.0,1.8061596e-07,0
0.0,0.45604244,0
1.0,0.9533833,1
0.0,0.01588157,0
0.0,2.386852e-05,0
0.0,0.0059423987,0
0.0,0.23794435,0
0.0,0.0027602725,0
0.0,0.031395055,0
0.0,0.012385815,0
0.0,0.0019343346,0
0.0,0.031552907,0
0.0,0.0014588243,0
0.0,4.2504653e-06,0
0.0,0.0010663571,0
0.0,0.27540585,0
0.0,0.01226979,0
0.0,4.4485543e-05,0
0.0,0.017976949,0
0.0,0.051921427,0
0.0,0.0065875403,0
0.0,0.003656098,0
0.0,0.00018080435,0
0.0,0.02809551,0
0.0,0.003994357,0
0.0,0.00046853168,0
0.0,0.008472026,0
0.0,0.7600194,1
0.0,0.01740035,0
0.0,0.09682392,0
0.0,0.0005523847,0
0.0,0.21444066,0
0.0,0.0146073485,0
0.0,0.13697392,0
0.0,0.04694152,0
0.0,0.029997598,0
0.0,0.043404587,0
1.0,0.9999999,1
0.0,0.0035525565,0
0.0,0.027698604,0
0.0,9.560518e-05,0
0.0,0.06834085,0
0.0,0.0008323241,0
0.0,0.24977157,0
0.0,3.696294e-05,0
0.0,0.1378902,0
0.0,0.005174462,0
0.0,0.0018896088,0
0.0,0.0055777538,0
0.0,0.09429356,0
0.0,0.02647572,0
0.0,0.004449706,0
0.0,0.057866428,0
0.0,0.0014137115,0
1.0,0.9999999,1
0.0,0.0036463211,0
0.0,0.47325116,0
0.0,0.15198502,0
1.0,1.0,1
0.0,0.1688431,0
0.0,0.03005648,0
0.0,0.0017633456,0
0.0,0.0041513895,0
0.0,0.003288422,0
0.0,0.0044997637,0
0.0,0.45511144,0
0.0,0.16927402,0
0.0,0.0062183924,0
0.0,0.021460846,0
0.0,0.4807201,0
1.0,1.0,1
0.0,2.0177224e-05,0
0.0,0.0013864659,0
0.0,0.004389512,0
0.0,0.23215303,0
0.0,0.045006942,0
0.0,9.727278e-05,0
1.0,0.47449058,0
0.0,0.28161955,0
1.0,0.9999999,1
1.0,0.9080809,1
0.0,0.0022691716,0
0.0,0.0012133551,0
1.0,1.0,1
0.0,0.0018717252,0
0.0,0.012934894,0
0.0,0.4491509,0
0.0,0.0054868045,0
0.0,5.549099e-05,0
1.0,0.6732113,1
0.0,0.05552264,0
0.0,0.060390905,0
0.0,0.04917232,0
0.0,0.0026513073,0
0.0,0.064513184,0
0.0,0.03391837,0
0.0,0.0006061803,0
1.0,0.9761898,1
0.0,0.005267784,0
1.0,0.9999999,1
0.0,0.04350331,0
0.0,0.009185557,0
1.0,0.9992787,1
0.0,0.14643079,0
0.0,0.119956456,0
0.0,7.706216e-06,0
0.0,0.10673503,0
0.0,3.7159443e-05,0
0.0,0.10751628,0
1.0,0.4719286,0
0.0,0.00029242953,0
0.0,0.21353725,0
0.0,0.42936972,0
0.0,0.15719603,0
0.0,4.0677965e-06,0
0.0,0.06866916,0
0.0,0.023563271,0
0.0,0.0023834137,0
0.0,0.016568165,0
0.0,3.1762074e-06,0
0.0,0.1917929,0
0.0,0.43276188,0
0.0,8.2770875e-06,0
0.0,0.23311661,0
1.0,0.9999999,1
0.0,0.33882782,0
0.0,0.0012037565,0
0.0,0.019620478,0
0.0,3.5738805e-05,0
0.0,0.3853135,0
0.0,0.008577713,0
0.0,4.0564202e-05,0
0.0,0.020176511,0
0.0,0.10543106,0
0.0,0.0030751666,0
0.0,0.40907204,0
0.0,0.012625965,0
0.0,0.03282397,0
1.0,1.0,1
0.0,4.1210078e-05,0
1.0,0.89348525,1
0.0,0.059106067,0
0.0,0.12260244,0
0.0,0.00014765757,0
0.0,0.0062395,0
0.0,0.033598207,0
0.0,0.00025851044,0
0.0,0.3128659,0
0.0,0.0007026959,0
0.0,0.42853233,0
1.0,0.9999999,1
0.0,0.0029035485,0
0.0,0.5016676,1
0.0,0.0636755,0
0.0,0.008122038,0
1.0,0.7922745,1
0.0,0.12391059,0
0.0,0.00055947865,0
0.0,0.044306867,0
0.0,0.0017265287,0
0.0,5.553561e-06,0
0.0,0.010150581,0
0.0,0.0033197133,0
0.0,0.03892785,0
0.0,9.128803e-06,0
0.0,0.121530615,0
0.0,0.0035248785,0
0.0,0.032058716,0
1.0,0.66199464,1
0.0,0.0023808393,0
0.0,0.037348766,0
0.0,0.038861994,0
1.0,0.99996364,1
1.0,0.11897188,0
0.0,0.07519156,0
0.0,0.0004102765,0
1.0,0.99999976,1
1.0,0.9999999,1
0.0,0.005169658,0
0.0,0.43469965,0
0.0,3.7518046e-05,0
0.0,0.0016753346,0
0.0,0.000105314415,0
0.0,0.01898645,0
0.0,1.672836e-05,0
0.0,0.0021346707,0
1.0,0.9999999,1
0.0,0.06281472,0
0.0,0.020410178,0
0.0,0.019002048,0
0.0,0.024941977,0
0.0,0.23789166,0
1.0,1.0,1
0.0,0.48070785,0
0.0,0.00021739615,0
0.0,0.0041316994,0
0.0,0.22510785,0
0.0,9.475265e-06,0
0.0,0.003654302,0
0.0,0.14467238,0
0.0,0.05808986,0
0.0,0.006210677,0
0.0,0.209788,0
0.0,0.2685232,0
1.0,0.9996438,1
1.0,0.95477366,1
0.0,0.034034025,0
0.0,0.1468059,0
0.0,0.43267527,0
0.0,0.0016140407,0
0.0,0.009544471,0
1.0,0.9999689,1
0.0,0.015241728,0
1.0,0.23336668,0
1.0,1.0,1
1.0,1.0,1
0.0,0.001871815,0
1.0,0.9999999,1
0.0,0.073308796,0
0.0,0.00021438471,0
0.0,0.30151245,0
0.0,0.0009867009,0
0.0,0.12875374,0
0.0,0.7641377,1
0.0,0.017138226,0
0.0,0.40223593,0
0.0,8.521995e-05,0
0.0,0.3906905,0
0.0,0.075430505,0
0.0,0.00064620725,0
0.0,0.21898717,0
0.0,7.629926e-05,0
0.0,0.07346018,0
0.0,0.097936004,0
0.0,0.024464954,0
0.0,0.00044933066,0
0.0,0.007153303,0
0.0,0.12313716,0
0.0,0.2915675,0
1.0,0.99997616,1
0.0,0.004676519,0
0.0,0.005763445,0
1.0,0.9999999,1
0.0,0.001979943,0
0.0,7.633772e-06,0
0.0,0.057995204,0
0.0,0.08408687,0
0.0,0.0044468404,0
0.0,0.071130924,0
0.0,2.7757704e-07,0
0.0,0.3719836,0
0.0,0.070139624,0
0.0,0.012139848,0
0.0,0.00088236964,0
1.0,0.9999999,1
1.0,0.9942788,1
0.0,0.0032909627,0
0.0,0.019187495,0
0.0,0.09530637,0
1.0,0.9991648,1
0.0,0.0048024473,0
0.0,0.1696271,0
0.0,0.007797761,0
0.0,0.005230687,0
0.0,0.6930886,1
0.0,1.571763e-05,0
1.0,0.9999999,1
0.0,0.65258193,1
0.0,6.234023e-05,0
0.0,0.00020196088,0
0.0,0.0005271314,0
0.0,0.3808978,0
0.0,0.00032581456,0
0.0,0.0013618635,0
1.0,0.9999999,1
0.0,0.013675995,0
1.0,0.26446545,0
0.0,0.0018992949,0
0.0,0.00085842685,0
0.0,0.00047864547,0
0.0,0.3088797,0
1.0,0.9966608,1
0.0,0.00012595153,0
0.0,0.07870926,0
0.0,0.016545728,0
1.0,0.9999999,1
0.0,0.00044621818,0
1.0,0.9999999,1
0.0,0.005657137,0
0.0,0.0059921565,0
1.0,0.9999999,1
0.0,0.011561947,0
0.0,0.0038245416,0
1.0,0.9999999,1
0.0,0.36008617,0
0.0,0.06311323,0
1.0,0.52418834,1
0.0,1.3358151e-05,0
0.0,0.08197171,0
0.0,3.333589e-06,0
0.0,7.9532576e-05,0
0.0,0.07641783,0
0.0,0.10522659,0
0.0,0.0021328218,0
0.0,0.120733,0
0.0,0.024675703,0
0.0,0.006302014,0
0.0,0.032633778,0
0.0,0.53692234,1
0.0,0.03698862,0
0.0,5.982679e-06,0
0.0,0.006911047,0
0.0,0.097375095,0
0.0,0.019175155,0
0.0,1.0750072e-06,0
0.0,0.108626954,0
0.0,0.2891622,0
1.0,0.8794837,1
0.0,0.00019063987,0
0.0,0.0005153212,0
0.0,0.0010053478,0
0.0,0.1560186,0
0.0,0.005547491,0
0.0,4.1210078e-05,0
0.0,0.00036654552,0
0.0,0.034068353,0
0.0,0.005932568,0
0.0,0.010081098,0
1.0,0.9999999,1
0.0,0.007580125,0
0.0,0.00029435538,0
0.0,0.0014821917,0
1.0,0.99953926,1
0.0,0.00013482835,0
0.0,0.29964787,0
0.0,0.33519185,0
0.0,0.00038933003,0
0.0,0.0777602,0
0.0,7.384406e-05,0
1.0,0.9999999,1
0.0,0.0053225327,0
1.0,0.589897,1
0.0,0.014200868,0
0.0,0.08487563,0
1.0,0.9999999,1
0.0,0.0061714603,0
0.0,1.943953e-07,0
0.0,0.0047098785,0
0.0,0.0010300325,0
0.0,3.4150362e-05,0
0.0,0.28303105,0
1.0,0.99551624,1
1.0,0.9999999,1
1.0,0.9999999,1
0.0,0.015663031,0
0.0,0.014502161,0
1.0,0.95382136,1
0.0,0.08038454,0
0.0,0.05240736,0
0.0,0.009328789,0
0.0,0.00090278336,0
0.0,0.009260078,0
0.0,0.022907471,0
0.0,0.015841473,0
0.0,0.12423265,0
0.0,0.10799195,0
0.0,0.060503848,0
0.0,0.0065304604,0
0.0,0.00031120362,0
0.0,2.9607958e-05,0
0.0,0.083820544,0
1.0,0.4581049,0
1.0,0.9770123,1
0.0,0.3906905,0
1.0,0.99446857,1
0.0,0.0025081912,0
0.0,0.0020003896,0
0.0,0.00043141638,0
0.0,0.00011867929,0
0.0,0.12430786,0
0.0,1.666575e-05,0
0.0,9.813674e-06,0
1.0,0.9999999,1
1.0,0.9999999,1
0.0,0.38665986,0
0.0,0.12827982,0
0.0,0.0066403267,0
1.0,0.9999999,1
0.0,0.0069840774,0
0.0,0.31127864,0
1.0,0.9999999,1
0.0,1.2804474e-05,0
0.0,0.01996089,0
0.0,0.00067168585,0
0.0,0.0003957404,0
0.0,0.03393503,0
1.0,0.60158604,1
0.0,0.09192145,0
0.0,7.188825e-06,0
0.0,0.0020092956,0
0.0,0.0033702478,0
0.0,0.08046245,0
0.0,0.14186783,0
0.0,0.002176637,0
0.0,0.0014843505,0
0.0,4.7271864e-05,0
0.0,0.0027445417,0
0.0,0.04748697,0
1.0,0.66010016,1
0.0,0.17695801,0
0.0,0.00045183083,0
0.0,0.00047774732,0
0.0,0.013028734,0
0.0,0.061856963,0
0.0,0.20455262,0
0.0,0.29044485,0
0.0,0.013952956,0
0.0,0.4642047,0
0.0,0.20084116,0
1.0,0.72514206,1
0.0,6.0932976e-05,0
0.0,0.00027959558,0
0.0,0.014246433,0
0.0,0.0013916303,0
0.0,8.395789e-06,0
0.0,7.065417e-07,0
0.0,1.5129582e-05,0
1.0,0.9999999,1
1.0,0.67534614,1
0.0,0.015291297,0
0.0,1.0706087e-06,0
0.0,0.008596764,0
0.0,0.6231132,1
0.0,0.3925924,0
0.0,1.8601196e-07,0
0.0,0.0036489137,0
1.0,0.657183,1
0.0,0.0004251668,0
0.0,0.000102516446,0
0.0,0.012614414,0
0.0,0.3956545,0
0.0,9.1187045e-05,0
0.0,0.008332704,0
0.0,0.0010719324,0
0.0,0.012723685,0
0.0,0.05413016,0
0.0,0.002173245,0
1.0,0.60033655,1
0.0,0.007020037,0
0.0,0.00017640537,0
1.0,0.9792834,1
0.0,0.0023986355,0
1.0,0.024131345,0
0.0,0.32517624,0
0.0,0.0050810566,0
1.0,0.9999999,1
1.0,0.9999999,1
0.0,0.0019361997,0
0.0,0.01552988,0
0.0,0.100582406,0
0.0,0.0017913149,0
0.0,0.13578366,0
1.0,0.57442755,1
0.0,0.0024260322,0
1.0,1.0,1
0.0,0.0116361305,0
0.0,0.21627767,0
1.0,0.9999999,1
0.0,0.0036932968,0
1.0,0.9999999,1
0.0,0.008408237,0
0.0,0.0029640966,0
0.0,0.006072579,0
0.0,0.5932095,1
0.0,0.1867086,0
0.0,0.011159609,0
0.0,2.9446388e-05,0
0.0,3.0697716e-05,0
0.0,0.0014321179,0
0.0,0.023534792,0
1.0,0.9762729,1
0.0,9.4382085e-06,0
0.0,0.06762403,0
1.0,0.9999999,1
0.0,4.8613187e-05,0
0.0,0.0021137272,0
0.0,0.049184628,0
0.0,0.03392727,0
0.0,2.8131197e-07,0
0.0,0.03743953,0
0.0,0.012150821,0
0.0,0.0049873167,0
0.0,0.00089663855,0
0.0,0.001267641,0
0.0,0.45197466,0
0.0,0.0005908008,0
0.0,0.0012399182,0
0.0,2.8022619e-06,0
0.0,0.23534119,0
1.0,0.2640669,0
0.0,0.0070480565,0
0.0,0.042781875,0
0.0,0.13023256,0
0.0,0.1449534,0
1.0,0.9999999,1
0.0,0.04501211,0
1.0,0.9933553,1
0.0,0.06126501,0
0.0,0.00043227265,0
0.0,0.010998472,0
0.0,6.6473935e-05,0
0.0,0.010046928,0
1.0,0.9999999,1
0.0,0.0006489417,0
0.0,0.0007770978,0
0.0,0.0001476663,0
0.0,0.0042412207,0
1.0,0.9999999,1
0.0,0.0014259523,0
0.0,8.802918e-05,0
0.0,7.114908e-05,0
0.0,0.00060169457,0
0.0,5.282115e-05,0
0.0,0.034874234,0
0.0,0.00044118796,0
0.0,0.25790587,0
0.0,0.00056013494,0
0.0,8.4558276e-05,0
0.0,0.004950884,0
0.0,0.00033400624,0
1.0,0.9999999,1
0.0,0.03848659,0
0.0,1.4438699e-05,0
0.0,0.14544402,0
1.0,0.9757579,1
0.0,0.177533,0
0.0,0.0020181127,0
0.0,0.2947374,0
1.0,0.99500954,1
0.0,0.00015686639,0
0.0,7.8591074e-05,0
0.0,0.17722505,0
0.0,2.7025737e-05,0
0.0,0.13809249,0
1.0,0.19997028,0
0.0,0.28950313,0
0.0,0.6770368,1
0.0,0.0006861999,0
0.0,0.31691596,0
0.0,0.08061762,0
0.0,0.06814238,0
0.0,0.13683479,0
0.0,0.005169658,0
0.0,2.833747e-05,0
0.0,0.0074864216,0
0.0,0.0036032249,0
0.0,0.27616903,0
1.0,0.9999999,1
0.0,0.015199594,0
0.0,0.060267214,0
0.0,0.00039751938,0
0.0,0.3136214,0
0.0,0.007205509,0
0.0,0.00838661,0
0.0,0.0007303836,0
0.0,0.10559997,0
0.0,0.00050068967,0
0.0,0.7737375,1
1.0,0.9999999,1
0.0,0.047215648,0
0.0,0.0011593478,0
0.0,0.029344473,0
1.0,0.34810907,0
0.0,0.035975922,0
0.0,0.01461545,0
1.0,0.9999999,1
1.0,0.8343699,1
0.0,0.0002936076,0
0.0,3.6700003e-05,0
0.0,0.00031340722,0
0.0,7.938792e-05,0
1.0,0.9999999,1
0.0,0.27603838,0
1.0,0.9999999,1
0.0,0.4948817,0
0.0,0.012391094,0
0.0,0.0010463977,0
0.0,0.0018735423,0
0.0,0.0047257286,0
1.0,0.366155,0
1.0,0.99977416,1
0.0,2.1394405e-06,0
0.0,7.916228e-07,0
0.0,0.036909193,0
1.0,0.99988616,1
0.0,0.09346091,0
0.0,0.032099098,0
0.0,0.41542643,0
0.0,0.00017346158,0
0.0,1.713198e-05,0
0.0,0.39230385,0
0.0,0.06426367,0
0.0,0.05395026,0
0.0,0.013969726,0
0.0,0.00065307977,0
1.0,0.9999999,1
0.0,0.009132206,0
0.0,0.00015731921,0
0.0,0.005281136,0
0.0,0.0016506684,0
0.0,0.43961677,0
0.0,0.0028362155,0
0.0,7.180615e-05,0
0.0,0.43255898,0
0.0,0.03615827,0
0.0,7.900744e-05,0
0.0,0.0013769587,0
0.0,0.07840344,0
0.0,0.00020923052,0
0.0,0.003391159,0
0.0,0.005230779,0
0.0,3.2642113e-06,0
1.0,0.9288133,1
0.0,0.09134464,0
0.0,0.025221245,0
0.0,0.00018315934,0
0.0,0.02084773,0
0.0,0.12855503,0
0.0,0.0021909655,0
0.0,0.021076748,0
0.0,0.08666178,0
0.0,0.51899856,1
1.0,0.9999999,1
0.0,0.38247848,0
0.0,0.0094480235,0
0.0,0.007397638,0
0.0,1.27988815e-05,0
0.0,0.0027214317,0
0.0,5.098207e-05,0
0.0,0.03160459,0
0.0,9.599934e-07,0
1.0,1.0,1
0.0,0.0023987917,0
1.0,0.9999999,1
0.0,0.00064353744,0
0.0,0.6179287,1
0.0,0.0007456633,0
0.0,0.15489486,0
0.0,0.01788692,0
0.0,0.16454417,0
0.0,0.0060179657,0
0.0,0.15166022,0
0.0,0.05395026,0
0.0,0.0257916,0
0.0,8.503988e-06,0
0.0,0.00045162198,0
0.0,0.002180245,0
0.0,0.020845868,0
0.0,0.00025490942,0
0.0,0.0045109186,0
0.0,0.08595094,0
0.0,0.031502996,0
1.0,0.8556096,1
0.0,0.001541545,0
0.0,0.011161814,0
0.0,0.0033523282,0
1.0,1.0,1
0.0,0.4728762,0
1.0,0.9999999,1
0.0,0.0009752422,0
0.0,0.030666472,0
0.0,3.2876562e-07,0
0.0,3.8082617e-05,0
0.0,0.23549397,0
0.0,0.007895177,0
0.0,0.00054781337,0
0.0,0.003544854,0
0.0,0.33134705,0
0.0,0.068512686,0
0.0,3.2005428e-05,0
0.0,0.057853103,0
0.0,0.0010860576,0
0.0,0.0014234186,0
0.0,0.040236067,0
0.0,0.00050952594,0
0.0,0.000109327666,0
1.0,0.6674405,1
0.0,0.0005660561,0
1.0,0.9999999,1
0.0,0.04093126,0
0.0,0.02833072,0
0.0,0.014923998,0
0.0,0.37946057,0
0.0,0.0029226842,0
0.0,0.0009557696,0
0.0,0.009383503,0
0.0,8.6119406e-05,0
0.0,0.05946699,0
0.0,0.0190131,0
0.0,0.001962345,0
0.0,0.031941403,0
0.0,0.15973663,0
0.0,0.0003353191,0
0.0,0.02049494,0
0.0,0.00014053062,0
0.0,0.017816292,0
1.0,0.9999999,1
0.0,0.00028237898,0
1.0,0.9999999,1
0.0,0.012659054,0
0.0,0.008564705,0
0.0,0.029234836,0
0.0,0.0069089364,0
0.0,0.015762812,0
1.0,0.99519956,1
0.0,0.21178192,0
1.0,1.0,1
0.0,0.0011353663,0
0.0,0.005426256,0
0.0,0.053786766,0
0.0,0.0019246902,0
0.0,0.0033262274,0
1.0,0.99986136,1
0.0,0.044043336,0
0.0,0.000100993086,0
0.0,0.0008204408,0
0.0,0.7932286,1
1.0,0.9999994,1
1.0,0.20802063,0
0.0,0.061212044,0
0.0,0.0005140474,0
0.0,0.03763162,0
0.0,0.0018975097,0
0.0,0.08824834,0
0.0,3.7281512e-05,0
0.0,0.35722563,0
0.0,0.31758007,0
0.0,0.06257699,0
0.0,0.011359652,0
0.0,2.5120805e-06,0
0.0,0.0015493718,0
0.0,0.00015661784,0
0.0,8.000297e-07,0
0.0,0.6537589,1
0.0,0.0059464984,0
0.0,0.0066403267,0
1.0,0.2646265,0
0.0,0.003188828,0
0.0,0.022395024,0
0.0,0.0001467269,0
0.0,0.08925139,0
0.0,1.3109806e-05,0
0.0,0.0064837225,0
0.0,0.02976565,0
1.0,0.9999999,1
0.0,5.7654568e-05,0
0.0,0.00039557784,0
0.0,0.012495507,0
0.0,0.00021473126,0
1.0,1.0,1
0.0,0.022660844,0
0.0,0.000584648,0
0.0,0.2299056,0
0.0,0.028731737,0
1.0,0.42106813,0
0.0,0.0011291492,0
0.0,0.08005464,0
0.0,0.0026269085,0
0.0,0.0001125742,0
0.0,0.22214662,0
0.0,0.014650473,0
0.0,0.0826715,0
0.0,0.022270886,0
1.0,0.99857926,1
0.0,0.013155257,0
0.0,0.00030567544,0
0.0,0.002834479,0
0.0,0.014682048,0
0.0,0.0039532003,0
0.0,0.06855793,0
0.0,0.0008262198,0
0.0,5.766594e-06,0
1.0,0.9999052,1
0.0,0.03389301,0
0.0,0.6397044,1
0.0,0.002531287,0
0.0,0.027847545,0
0.0,0.0335314,0
0.0,0.84441,1
1.0,0.98292494,1
0.0,0.4111259,0
0.0,0.003718001,0
0.0,0.030273592,0
1.0,1.0,1
0.0,0.3786493,0
0.0,0.049172975,0
0.0,0.010196842,0
0.0,2.1241085e-05,0
0.0,8.3974754e-07,0
0.0,0.04102892,0
0.0,0.11904291,0
1.0,0.9999999,1
0.0,0.044156417,0
0.0,0.00056922034,0
0.0,0.40532225,0
0.0,1.9101674e-06,0
0.0,6.608119e-05,0
0.0,0.1406875,0
0.0,0.025474716,0
0.0,0.000128027,0
0.0,0.00021851463,0
0.0,0.03790492,0
0.0,1.343374e-05,0
1.0,0.9999999,1
1.0,0.13908863,0
1.0,0.993541,1
0.0,0.00036427562,0
1.0,0.28291982,0
0.0,0.0016065974,0
1.0,0.99981314,1
0.0,0.00064161693,0
0.0,0.126342,0
0.0,0.37825006,0
0.0,0.00032100992,0
0.0,0.00033928335,0
0.0,9.4817566e-05,0
0.0,3.4451332e-05,0
1.0,0.9999999,1
0.0,0.00036266472,0
0.0,0.053695932,0
0.0,0.0611772,0
1.0,0.7444201,1
0.0,0.00045486123,0
0.0,0.005007057,0
0.0,0.0024520666,0
0.0,0.11535817,0
0.0,0.31668115,0
0.0,0.00023053947,0
1.0,0.9999999,1
0.0,0.76617604,1
0.0,0.014462335,0
0.0,1.7594401e-06,0
0.0,0.121748514,0
0.0,0.0010139394,0
0.0,0.00040228426,0
0.0,0.15478566,0
0.0,0.0024621203,0
0.0,0.0021048295,0
0.0,0.88539124,1
0.0,0.001316324,0
0.0,0.0031758707,0
0.0,0.00021185122,0
0.0,0.0023518193,0
0.0,0.03279465,0
0.0,0.022290947,0
0.0,0.00011037875,0
0.0,0.44707453,0
0.0,0.0017586657,0
0.0,0.007340835,0
1.0,0.3356912,0
1.0,0.4312526,0
1.0,0.9999999,1
0.0,0.20222735,0
1.0,0.9999999,1
0.0,8.253556e-05,0
0.0,0.13187222,0
0.0,1.9384785e-05,0
0.0,0.0031604143,0
0.0,0.062390674,0
0.0,0.12197696,0
0.0,0.001074965,0
1.0,0.9711189,1
0.0,0.33256945,0
0.0,0.021395562,0
0.0,0.19934738,0
0.0,0.008535464,0
0.0,0.17801261,0
0.0,0.11619125,0
0.0,0.47333544,0
0.0,0.005416771,0
0.0,0.13972862,0
0.0,0.04322864,0
0.0,0.025620371,0
0.0,1.677944e-05,0
0.0,4.6456942e-05,0
0.0,0.00052587123,0
0.0,0.020421045,0
0.0,0.0022379723,0
0.0,0.021280045,0
1.0,0.9999999,1
0.0,0.0005568346,0
0.0,0.0040832907,0
0.0,2.141794e-06,0
0.0,0.0054560937,0
0.0,5.821205e-05,0
0.0,0.0010127013,0
0.0,0.21794467,0
0.0,0.0042856573,0
0.0,0.0058759884,0
0.0,0.003424985,0
1.0,0.8271036,1
1.0,0.99953926,1
0.0,0.07067722,0
1.0,0.9999999,1
0.0,0.00063926145,0
0.0,0.3505967,0
1.0,0.9952254,1
0.0,0.25162733,0
0.0,0.001582483,0
0.0,0.115903735,0
0.0,0.009943795,0
0.0,0.00086479646,0
0.0,0.0012587311,0
0.0,0.040266808,0
0.0,0.000937634,0
1.0,0.9999999,1
0.0,0.0052623847,0
0.0,0.84461373,1
0.0,0.23099878,0
0.0,0.009581153,0
0.0,0.4644286,0
0.0,0.008763351,0
0.0,0.0001922726,0
0.0,0.10148755,0
0.0,0.14622992,0
0.0,0.027970022,0
0.0,0.026981425,0
0.0,0.00054059044,0
0.0,2.844775e-05,0
0.0,0.08001168,0
0.0,0.0011603406,0
0.0,0.30732867,0
1.0,0.9999999,1
0.0,0.12570547,0
0.0,0.0017501469,0
0.0,0.0092989495,0
0.0,0.002195653,0
0.0,0.29492307,0
0.0,5.749226e-06,0
0.0,0.0029970135,0
0.0,0.022016216,0
0.0,2.8796283e-05,0
0.0,0.017839931,0
0.0,0.0017980669,0
0.0,0.00039608666,0
0.0,0.5319217,1
0.0,0.2661814,0
0.0,0.00015793394,0
0.0,2.1123118e-05,0
0.0,0.48794898,0
0.0,0.0010979035,0
0.0,0.011593121,0
0.0,0.21980557,0
0.0,0.028485516,0
0.0,0.00084336166,0
0.0,0.14627716,0
0.0,0.0021866425,0
1.0,1.0,1
1.0,0.9999999,1
0.0,0.22175944,0
0.0,0.017183205,0
0.0,0.0068787164,0
1.0,0.973988,1
1.0,0.9999999,1
0.0,0.004477508,0
0.0,0.00020284689,0
0.0,0.0003073707,0
1.0,0.43945172,0
0.0,1.1226348e-06,0
0.0,0.00060450454,0
0.0,0.096059315,0
0.0,0.30947632,0
0.0,0.00069574843,0
1.0,0.99689925,1
0.0,7.5413404e-06,0
1.0,0.96756583,1
0.0,0.13687024,0
0.0,0.0005560655,0
0.0,0.14786378,0
0.0,0.0023236875,0
0.0,0.0011516298,0
0.0,0.30348405,0
0.0,0.2123081,0
0.0,0.00046032015,0
0.0,0.49837807,0
0.0,0.009369821,0
0.0,0.68929464,1
0.0,0.12585534,0
0.0,0.0006613967,0
0.0,9.642705e-06,0
0.0,0.03368796,0
1.0,0.99988616,1
0.0,0.0001544411,0
0.0,4.6241556e-05,0
0.0,0.039455496,0
0.0,0.000115322655,0
1.0,0.9999999,1
0.0,0.3665266,0
0.0,0.0013400716,0
0.0,0.0022440527,0
0.0,0.028106568,0
0.0,0.00089324854,0
0.0,0.11781988,0
0.0,0.00057589606,0
0.0,0.036835797,0
0.0,0.16961437,0
0.0,0.018038763,0
0.0,0.008980742,0
0.0,0.0061216666,0
0.0,0.012160373,0
0.0,0.20442006,0
0.0,5.905585e-06,0
1.0,0.99616563,1
0.0,0.034068353,0
0.0,0.05283893,0
1.0,1.0,1
0.0,0.14475319,0
0.0,0.006786206,0
0.0,0.11953621,0
0.0,5.2193307e-05,0
0.0,0.009517431,0
1.0,0.9922339,1
1.0,0.9999999,1
0.0,0.023473816,0
0.0,0.119614065,0
0.0,0.0003741532,0
0.0,1.7592487e-05,0
0.0,0.0015472791,0
0.0,0.0074830214,0
1.0,0.9999999,1
0.0,5.3517964e-05,0
0.0,0.056980785,0
0.0,3.561065e-06,0
0.0,0.0063726767,0
0.0,0.25310346,0
0.0,0.06039145,0
0.0,5.8297544e-05,0
0.0,0.43717575,0
0.0,0.052296177,0
0.0,0.00060699694,0
0.0,0.05512597,0
0.0,0.021267341,0
0.0,0.008425585,0
0.0,0.00039293323,0
0.0,1.897557e-05,0
0.0,9.1945396e-05,0
0.0,2.5437433e-07,0
0.0,1.4379515e-05,0
0.0,0.00870036,0
0.0,0.0047312267,0
0.0,0.15490349,0
0.0,6.8786576e-06,0
1.0,0.026168412,0
0.0,0.037513047,0
0.0,0.0012361824,0
0.0,0.15122944,0
0.0,0.7727878,1
0.0,0.0026022024,0
0.0,0.55042046,1
0.0,0.0035274269,0
0.0,0.000106159445,0
0.0,0.45886454,0
0.0,0.008863171,0
0.0,0.00012916996,0
0.0,0.32427552,0
1.0,0.9999999,1
0.0,0.00022602841,0
0.0,1.0008461e-05,0
0.0,2.1163705e-05,0
0.0,0.00019145139,0
1.0,0.9999999,1
0.0,0.07761305,0
0.0,0.0004972827,0
0.0,0.0028510098,0
0.0,0.00073783693,0
0.0,7.2090234e-06,0
0.0,0.1397692,0
0.0,0.001032318,0
0.0,0.0032905138,0
0.0,0.0003331612,0
0.0,9.4451716e-05,0
0.0,0.0494291,0
0.0,0.0038884399,0
0.0,0.0189922,0
0.0,0.017372677,0
0.0,0.003098203,0
0.0,0.0019629223,0
0.0,0.1544665,0
0.0,0.00017327793,0
0.0,0.369289,0
0.0,0.007614483,0
0.0,1.2755114e-05,0
0.0,0.18704693,0
0.0,0.01259039,0
0.0,0.008117998,0
0.0,0.025047323,0
0.0,0.09768495,0
0.0,0.0013666293,0
0.0,0.40363336,0
0.0,0.3647824,0
0.0,3.405173e-05,0
0.0,0.1346024,0
1.0,0.56865,1
0.0,0.014875034,0
0.0,6.4896594e-05,0
0.0,3.827798e-06,0
0.0,0.0006041218,0
0.0,0.012086678,0
0.0,0.17790793,0
0.0,0.0053631356,0
0.0,0.06697595,0
0.0,0.015531978,0
0.0,0.0010219583,0
0.0,0.12232918,0
0.0,0.047775198,0
0.0,0.055871185,0
0.0,0.00077451405,0
0.0,0.0021900847,0
1.0,0.9999999,1
0.0,3.195349e-07,0
0.0,0.02258031,0
0.0,0.081558734,0
0.0,0.19921035,0
1.0,0.50061566,1
1.0,0.9999999,1
0.0,0.0054726866,0
0.0,2.3585676e-06,0
0.0,0.0017633456,0
0.0,0.0010032983,0
0.0,0.031496644,0
1.0,1.0,1
0.0,0.0038231632,0
1.0,0.9743008,1
1.0,0.9999999,1
0.0,0.23317505,0
0.0,0.0015656339,0
0.0,0.000835468,0
0.0,0.7314561,1
0.0,0.0007297752,0
0.0,0.33152974,0
0.0,0.011109994,0
0.0,0.0052643567,0
0.0,0.111959696,0
1.0,0.9999306,1
0.0,0.0042982367,0
1.0,0.79899883,1
0.0,0.014375557,0
0.0,0.15938759,0
0.0,0.058197647,0
0.0,8.75651e-06,0
0.0,6.297519e-06,0
0.0,0.3494275,0
0.0,0.0043266104,0
0.0,9.081142e-06,0
0.0,0.17926691,0
0.0,0.0010910528,0
0.0,0.0042540114,0
0.0,0.0018674068,0
0.0,0.182498,0
1.0,0.9999999,1
1.0,0.994293,1
0.0,0.00080261077,0
0.0,0.0002023651,0
0.0,0.0017996586,0
1.0,0.9999999,1
0.0,0.068161465,0
0.0,0.00019038064,0
0.0,0.0003810183,0
1.0,0.9999999,1
0.0,0.00065651204,0
0.0,0.0008221712,0
0.0,0.052717354,0
0.0,0.03428767,0
0.0,0.11320871,0
0.0,0.004112702,0
0.0,0.08749365,0
1.0,0.9999999,1
0.0,0.00067673036,0
0.0,0.06350075,0
0.0,0.10116058,0
0.0,0.0001876911,0
0.0,0.023123594,0
0.0,0.00062721287,0
0.0,0.0034092455,0
0.0,0.06534749,0
0.0,0.00013032589,0
0.0,0.0012575388,0
0.0,0.001219741,0
0.0,0.4143159,0
0.0,0.008328772,0
1.0,0.9980506,1
0.0,0.0026817035,0
0.0,0.09810364,0
0.0,1.5388041e-05,0
0.0,0.0008859066,0
0.0,0.0068689412,0
0.0,0.012834663,0
0.0,0.29062396,0
0.0,0.43267527,0
0.0,0.019630328,0
0.0,0.124454536,0
1.0,0.87101585,1
0.0,0.004824172,0
0.0,0.32377824,0
1.0,0.9999999,1
0.0,0.43276188,0
0.0,0.39595538,0
0.0,0.0069339443,0
0.0,9.336287e-06,0
0.0,0.059794523,0
0.0,0.0004150073,0
0.0,0.020421222,0
0.0,0.007665135,0
0.0,0.10645789,0
1.0,0.9999999,1
1.0,0.99934727,1
0.0,0.00048404353,0
0.0,0.116002634,0
1.0,0.9999999,1
0.0,0.012164181,0
1.0,1.0,1
0.0,0.0001624623,0
0.0,0.027188383,0
0.0,0.04624661,0
0.0,0.06936334,0
0.0,0.022332687,0
0.0,1.4385535e-05,0
1.0,0.43896127,0
0.0,0.00411818,0
0.0,1.4612169e-05,0
0.0,0.29185426,0
0.0,0.0063553993,0
0.0,0.2195076,0
1.0,0.9999999,1
0.0,0.0023958485,0
0.0,0.0048031816,0
0.0,6.8191616e-06,0
1.0,0.7354841,1
0.0,0.0052100793,0
0.0,0.024267504,0
0.0,0.00046764445,0
0.0,0.0007487693,0
0.0,3.5220466e-05,0
0.0,0.002165253,0
1.0,0.9999999,1
0.0,0.22073588,0
1.0,0.44712305,0
0.0,0.43396,0
0.0,7.395098e-06,0
1.0,0.9999999,1
0.0,0.01540133,0
0.0,0.0017919854,0
0.0,0.11606677,0
0.0,0.5174912,1
0.0,0.38292924,0
0.0,0.0005560655,0
1.0,0.9979539,1
0.0,0.011280541,0
0.0,0.8562793,1
0.0,0.00017653746,0
0.0,0.7140188,1
0.0,0.5857238,1
0.0,0.00019335747,0
0.0,0.0009937187,0
1.0,0.8977749,1
0.0,0.38395157,0
0.0,0.06386164,0
0.0,1.01091355e-05,0
0.0,0.060112033,0
0.0,0.017435588,0
0.0,3.152848e-05,0
0.0,0.000100928,0
0.0,0.0011895944,0
0.0,0.005130408,0
0.0,0.026235485,0
0.0,2.5977315e-06,0
0.0,0.024703247,0
0.0,1.297394e-05,0
0.0,0.052645214,0
0.0,0.0058404948,0
0.0,0.012080987,0
0.0,0.005956185,0
0.0,0.021871105,0
0.0,0.042187605,0
1.0,0.9999999,1
0.0,0.023477077,0
0.0,2.0585734e-05,0
0.0,0.034876626,0
0.0,0.23365149,0
0.0,0.007284762,0
0.0,0.0001960854,0
0.0,0.0015311823,0
0.0,0.58102274,1
0.0,0.07067722,0
0.0,0.0019676604,0
0.0,0.027765203,0
0.0,0.09513009,0
0.0,0.23780583,0
0.0,0.0019453603,0
0.0,0.0056892075,0
0.0,0.0056883986,0
0.0,0.0002614128,0
1.0,0.9999999,1
0.0,0.07870845,0
0.0,0.00020041435,0
0.0,0.0007904216,0
0.0,0.00015401097,0
0.0,9.4956726e-05,0
0.0,0.4389446,0
0.0,0.3108771,0
0.0,0.18931888,0
0.0,0.052680895,0
0.0,0.00010302605,0
0.0,0.018552095,0
0.0,0.0017080161,0
0.0,0.0018857664,0
1.0,0.9999999,1
1.0,0.9876243,1
0.0,0.07493581,0
1.0,0.9999999,1
0.0,0.013008197,0
0.0,0.45513803,0
1.0,0.99999785,1
0.0,0.0040540146,0
0.0,0.0015500542,0
0.0,0.00014656581,0
0.0,0.012155051,0
0.0,0.120495394,0
0.0,6.1040455e-06,0
0.0,0.008062841,0
0.0,1.5045769e-05,0
0.0,4.014134e-06,0
0.0,0.00032831842,0
0.0,0.0008348436,0
0.0,5.6227625e-05,0
0.0,1.4030592e-05,0
0.0,0.008949019,0
0.0,0.00020948722,0
0.0,0.008427298,0
0.0,0.040863972,0
1.0,0.9999999,1
0.0,4.0730025e-05,0
1.0,0.5697232,1
0.0,0.010521806,0
0.0,0.001582483,0
0.0,0.011344549,0
0.0,0.064037375,0
0.0,0.10968203,0
0.0,0.1503585,0
0.0,0.021917183,0
0.0,0.06760245,0
0.0,0.00062775856,0
0.0,0.036772802,0
0.0,0.0055008344,0
1.0,0.989331,1
0.0,0.0083365785,0
0.0,0.3359419,0
0.0,3.903714e-05,0
0.0,0.025299685,0
0.0,0.00082967454,0
0.0,0.034449607,0
0.0,0.00083871395,0
1.0,0.9999999,1
0.0,0.4254345,0
0.0,0.026971031,0
0.0,0.050514214,0
0.0,0.013356393,0
0.0,0.00087653485,0
0.0,0.0003400344,0
0.0,0.034742042,0
0.0,0.016742041,0
0.0,1.1035324e-05,0
0.0,0.022984479,0
0.0,0.0028948255,0
0.0,0.93088555,1
0.0,0.026622612,0
0.0,0.0028666884,0
0.0,0.01826344,0
0.0,0.93651986,1
0.0,0.7614687,1
0.0,0.096067555,0
0.0,0.66286606,1
1.0,0.99433136,1
0.0,0.0057468996,0
0.0,0.0406107,0
0.0,0.037742194,0
0.0,1.8100605e-05,0
1.0,0.9999999,1
0.0,0.060775064,0
0.0,0.12536462,0
0.0,0.00022821254,0
0.0,0.04645069,0
1.0,0.067514,0
0.0,2.5039408e-05,0
0.0,0.00077304116,0
0.0,0.04578851,0
0.0,0.009353106,0
0.0,0.0057284376,0
0.0,0.016172731,0
0.0,0.1407932,0
0.0,0.0013928575,0
0.0,4.990168e-05,0
0.0,0.0027196736,0
0.0,0.0096909795,0
0.0,0.0059423987,0
0.0,0.0016575215,0
0.0,0.0006920238,0
0.0,3.6020712e-05,0
1.0,0.9999999,1
0.0,0.008000527,0
0.0,3.5885587e-05,0
0.0,0.0006100464,0
0.0,0.10745854,0
0.0,0.0059470027,0
0.0,0.08669226,0
0.0,0.036768284,0
0.0,3.5725273e-07,0
0.0,0.3576447,0
0.0,0.009080755,0
0.0,0.14610569,0
0.0,0.0012221251,0
0.0,0.23135494,0
0.0,0.019795798,0
0.0,0.80951774,1
0.0,0.30591613,0
0.0,0.07001054,0
0.0,0.00013270225,0
1.0,0.9999999,1
1.0,0.9999999,1
0.0,0.0008648373,0
1.0,1.0,1
0.0,0.00014377235,0
0.0,0.012670908,0
0.0,0.011778453,0
0.0,0.00033326796,0
0.0,0.24584912,0
0.0,0.07211831,0
0.0,0.00026030553,0
0.0,0.00042187073,0
0.0,3.831262e-05,0
0.0,0.008155092,0
0.0,0.075126804,0
0.0,0.43267527,0
0.0,0.014046751,0
0.0,0.00010154314,0
0.0,0.18249762,0
0.0,0.010998472,0
0.0,0.0002683838,0
0.0,0.053531386,0
1.0,0.9999999,1
0.0,0.0010389155,0
0.0,0.035770588,0
0.0,0.23570572,0
0.0,0.086298995,0
1.0,0.9999999,1
0.0,0.016897209,0
0.0,2.5432668e-05,0
1.0,0.12244379,0
0.0,1.9630103e-05,0
0.0,1.9307997e-07,0
0.0,0.031110872,0
0.0,1.1261057e-05,0
0.0,0.076054096,0
0.0,0.016720392,0
0.0,0.01033952,0
0.0,0.00053782744,0
0.0,0.17318313,0
0.0,0.011505084,0
0.0,0.0025128399,0
1.0,0.45854107,0
0.0,0.0018309287,0
0.0,0.006184561,0
1.0,0.9999999,1
0.0,0.0026140322,0
0.0,0.004634181,0
0.0,0.0005892347,0
0.0,0.0011664318,0
0.0,0.003046188,0
1.0,0.97091115,1
1.0,0.9988306,1
0.0,0.36087734,0
0.0,0.5310145,1
0.0,0.02833767,0
0.0,0.12909088,0
0.0,0.011674052,0
1.0,0.99691355,1
0.0,0.118911795,0
0.0,0.0112715885,0
1.0,0.9999999,1
0.0,0.011219982,0
0.0,0.0018139007,0
0.0,0.00039557784,0
0.0,0.00491295,0
0.0,0.00024832503,0
0.0,0.0024717634,0
0.0,0.4011397,0
0.0,0.00020656166,0
0.0,0.00016311904,0
0.0,0.0017369069,0
1.0,0.9999999,1
0.0,0.00092182565,0
1.0,0.9999999,1
0.0,0.22204904,0
0.0,0.00053163606,0
0.0,0.02569068,0
0.0,3.9869123e-05,0
0.0,0.00042485705,0
0.0,0.0017812109,0
0.0,0.0006954773,0
0.0,0.002010323,0
0.0,0.005984907,0
0.0,0.4672166,0
0.0,0.0002014689,0
0.0,0.0020026262,0
1.0,0.9944417,1
0.0,0.09314695,0
0.0,0.0025348908,0
0.0,0.006667655,0
0.0,0.34571043,0
0.0,0.0062816343,0
0.0,0.001233993,0
0.0,0.0083488,0
0.0,3.095252e-05,0
0.0,0.021898711,0
1.0,0.9999999,1
0.0,0.06688468,0
0.0,0.00409809,0
0.0,0.3632617,0
0.0,0.49964565,0
0.0,0.011106836,0
1.0,0.9996438,1
0.0,0.13102221,0
1.0,0.9999999,1
0.0,0.1888711,0
0.0,0.64948237,1
1.0,0.99984026,1
0.0,3.360782e-06,0
0.0,0.16228515,0
0.0,0.020848515,0
0.0,0.48812377,0
1.0,0.864714,1
0.0,0.050220355,0
0.0,0.0015407776,0
0.0,0.005271166,0
0.0,0.018174903,0
0.0,0.0019382844,0
0.0,0.001593869,0
0.0,0.009062092,0
0.0,0.00029069773,0
0.0,0.012744829,0
0.0,0.0018823437,0
0.0,0.029229956,0
1.0,0.9999999,1
0.0,0.0015597184,0
1.0,0.9999999,1
0.0,0.0646824,0
0.0,0.0015281586,0
0.0,0.0943556,0
0.0,0.00036707602,0
0.0,0.0043323017,0
0.0,0.17193648,0
0.0,0.17931676,0
0.0,0.0014398572,0
0.0,2.52757e-05,0
0.0,0.093883485,0
0.0,0.0011315574,0
0.0,0.050674092,0
0.0,0.0007155736,0
0.0,0.07977856,0
1.0,0.9999999,1
0.0,0.009570534,0
0.0,0.0031585535,0
0.0,0.26403308,0
0.0,0.00046699579,0
0.0,0.00040695426,0
0.0,0.40363336,0
0.0,0.00037171537,0
0.0,0.0015591914,0
0.0,0.03044855,0
0.0,0.051007636,0
0.0,0.0054223146,0
0.0,0.0078379065,0
0.0,0.62836635,1
0.0,0.0023805029,0
0.0,0.007640829,0
0.0,0.00039546078,0
0.0,0.00027941994,0
0.0,0.009725078,0
0.0,3.235644e-05,0
0.0,2.8100118e-05,0
0.0,0.050142862,0
0.0,5.391708e-06,0
0.0,0.0013447559,0
0.0,0.13912317,0
0.0,0.29498333,0
0.0,0.07005741,0
0.0,0.07238307,0
0.0,0.03691276,0
1.0,0.8567618,1
0.0,1.3968041e-06,0
0.0,0.49886295,0
0.0,0.09676829,0
0.0,0.00032682283,0
0.0,1.29793725e-05,0
0.0,0.0076510175,0
0.0,0.0004475101,0
0.0,0.24932003,0
0.0,0.00016695147,0
0.0,0.000913458,0
0.0,0.011366611,0
1.0,0.5294012,1
0.0,0.00074623234,0
0.0,0.0025364861,0
0.0,0.0012616221,0
0.0,0.00038901728,0
0.0,0.14157866,0
0.0,0.0007530295,0
0.0,0.0026506078,0
0.0,0.00013071072,0
0.0,0.094500475,0
1.0,0.9999999,1
0.0,0.013023309,0
0.0,0.08451137,0
0.0,0.15910749,0
0.0,0.05303575,0
0.0,0.0017853063,0
0.0,0.0020510615,0
0.0,0.68705934,1
0.0,0.00013229279,0
0.0,0.0008110177,0
0.0,0.0012566269,0
0.0,1.9241925e-06,0
0.0,0.00062057783,0
0.0,2.227667e-05,0
0.0,1.403952e-05,0
0.0,0.0002609847,0
0.0,0.12625183,0
0.0,0.18056633,0
0.0,0.2064084,0
0.0,0.011822932,0
0.0,0.20299509,0
0.0,0.0014857047,0
0.0,0.02222765,0
0.0,0.00028092222,0
0.0,0.3539493,0
0.0,0.08726367,0
1.0,0.010567263,0
0.0,0.0002320908,0
1.0,0.9992461,1
1.0,0.9999999,1
0.0,0.00033797568,0
0.0,6.46739e-06,0
1.0,0.9497771,1
0.0,0.0015500468,0
1.0,0.9980002,1
1.0,0.9999999,1
0.0,0.005174548,0
0.0,0.09497292,0
0.0,0.24106936,0
0.0,0.12016592,0
1.0,0.6655126,1
0.0,0.07628458,0
0.0,0.005895748,0
0.0,0.2982965,0
0.0,0.095347784,0
0.0,0.0037278985,0
0.0,0.0033026591,0
0.0,9.5368254e-05,0
0.0,1.9503592e-05,0
0.0,1.4868015e-05,0
0.0,0.0010314407,0
1.0,0.53773546,1
0.0,7.515899e-05,0
1.0,0.99988616,1
0.0,0.20758283,0
1.0,0.9999999,1
0.0,0.019984892,0
0.0,4.028715e-06,0
0.0,0.00092142314,0
0.0,0.011623973,0
0.0,0.02675577,0
0.0,0.0028633634,0
0.0,0.09024918,0
0.0,0.020740805,0
0.0,0.42532653,0
0.0,0.00062302576,0
0.0,1.6483787e-07,0
0.0,0.4143159,0
1.0,0.30151245,0
0.0,0.546676,1
0.0,0.00021739615,0
0.0,0.0136468,0
0.0,0.027147114,0
0.0,0.04449029,0
0.0,0.29062396,0
0.0,0.1222258,0
0.0,0.88106877,1
0.0,0.0011141644,0
0.0,2.0489275e-05,0
0.0,0.0016371086,0
0.0,2.592062e-05,0
0.0,0.1809403,0
0.0,0.0017524093,0
0.0,0.039919302,0
0.0,0.0055899783,0
0.0,0.001458145,0
0.0,0.030767381,0
1.0,0.7732389,1
1.0,0.55010676,1
0.0,0.0002545592,0
0.0,0.1321115,0
0.0,0.0024714295,0
0.0,0.012946459,0
0.0,0.0025164653,0
0.0,0.0011197969,0
0.0,0.0022363735,0
0.0,2.8589814e-06,0
0.0,0.006700765,0
0.0,0.00050215074,0
0.0,0.029537486,0
0.0,0.018178158,0
0.0,0.001611711,0
0.0,0.027857197,0
1.0,0.6271644,1
0.0,0.024401098,0
0.0,0.017382912,0
0.0,0.06272596,0
0.0,0.00014468346,0
0.0,0.1251732,0
0.0,0.0013197555,0
0.0,0.01656376,0
0.0,0.00052588555,0
1.0,0.76293737,1
1.0,0.9923423,1
0.0,0.0011896907,0
1.0,0.9999999,1
0.0,0.0010033051,0
1.0,1.0,1
0.0,0.0046541556,0
0.0,0.47470307,0
0.0,0.07067722,0
0.0,8.0749356e-05,0
1.0,0.092163384,0
0.0,0.5533088,1
0.0,0.00021446995,0
0.0,0.00025963606,0
0.0,0.018684302,0
1.0,0.41224083,0
0.0,7.5331205e-05,0
0.0,0.014240627,0
0.0,0.02305724,0
0.0,0.010965641,0
0.0,0.001098065,0
0.0,0.02928992,0
0.0,0.22353208,0
0.0,0.0051860954,0
1.0,0.9999999,1
0.0,0.008795585,0
0.0,0.00029634786,0
1.0,0.2903393,0
0.0,0.06653887,0
0.0,4.905419e-05,0
0.0,0.0007844278,0
0.0,0.02800395,0
0.0,0.0082915705,0
0.0,0.009473119,0
0.0,0.43108386,0
0.0,0.0003130835,0
0.0,0.0077997497,0
1.0,0.9999999,1
0.0,1.9182442e-05,0
1.0,1.0,1
1.0,0.9998628,1
0.0,0.0075008124,0
1.0,0.9999999,1
0.0,0.004920355,0
0.0,0.0012599948,0
1.0,0.64002424,1
1.0,0.9999999,1
0.0,0.02763999,0
0.0,0.122079305,0
0.0,0.0022608065,0
1.0,0.9041483,1
0.0,0.00303439,0
0.0,0.00029249562,0
0.0,0.17183354,0
0.0,0.000771111,0
0.0,0.016150244,0
0.0,0.012843843,0
0.0,0.004664538,0
0.0,0.73521644,1
0.0,0.0012369468,0
0.0,0.026677122,0
0.0,0.036571246,0
0.0,0.00024109897,0
0.0,0.20691966,0
1.0,0.10874045,0
0.0,0.001006181,0
0.0,0.0005105559,0
0.0,0.0014930634,0
0.0,0.00037630484,0
0.0,6.209039e-05,0
0.0,0.02498911,0
1.0,0.78421146,1
0.0,0.00084907084,0
0.0,0.0076728673,0
0.0,0.30488208,0
0.0,0.00020712335,0
0.0,7.83202e-06,0
0.0,0.04751055,0
0.0,0.0023441582,0
0.0,3.0366282e-05,0
0.0,7.938338e-05,0
0.0,5.7036297e-05,0
0.0,0.11595485,0
0.0,0.44683117,0
0.0,0.22779274,0
1.0,0.9999999,1
0.0,0.47520363,0
0.0,2.9922492e-05,0
0.0,1.9309617e-07,0
0.0,0.0018673838,0
0.0,1.5868889e-05,0
1.0,0.9999999,1
0.0,0.090716,0
0.0,0.00021513764,0
0.0,0.015019255,0
0.0,0.17611852,0
0.0,4.7394053e-05,0
0.0,0.009275933,0
0.0,0.017486595,0
0.0,0.00016726808,0
0.0,3.610583e-05,0
0.0,0.7578496,1
0.0,0.38485977,0
0.0,0.13516238,0
0.0,0.29018104,0
0.0,0.15173693,0
1.0,0.9999999,1
0.0,0.007705904,0
0.0,0.00037812063,0
1.0,0.9999999,1
0.0,0.00010692558,0
0.0,0.008348508,0
0.0,0.00471793,0
0.0,2.3029601e-05,0
0.0,0.0029081448,0
0.0,0.27226973,0
0.0,0.016882274,0
0.0,0.0002998138,0
0.0,0.0034673177,0
0.0,0.0010239147,0
0.0,0.0033046296,0
0.0,0.42756194,0
0.0,0.30151245,0
0.0,0.041703045,0
0.0,0.047407802,0
1.0,0.969247,1
1.0,0.9999999,1
0.0,0.0451058,0
0.0,0.00034508968,0
1.0,0.7808654,1
1.0,0.9999999,1
0.0,0.014630614,0
0.0,0.0018899911,0
0.0,0.3909824,0
0.0,0.31340107,0
0.0,0.11815524,0
0.0,0.00589382,0
1.0,0.9999999,1
0.0,0.24308845,0
0.0,0.00027817255,0
0.0,0.0002062576,0
0.0,0.06981589,0
0.0,0.08763459,0
0.0,1.9657062e-05,0
1.0,0.9768862,1
0.0,1.6585476e-05,0
0.0,0.062179808,0
0.0,5.5876885e-06,0
0.0,0.0002503459,0
0.0,0.011693655,0
1.0,0.57623297,1
0.0,0.21996054,0
0.0,0.69749945,1
0.0,0.00076891773,0
0.0,0.0012073985,0
0.0,0.23948348,0
1.0,0.9293003,1
0.0,0.0041486346,0
0.0,2.575418e-05,0
0.0,0.033231203,0
0.0,0.13642856,0
0.0,0.02371829,0
0.0,0.007178461,0
0.0,0.0011379013,0
0.0,0.02751728,0
0.0,0.002239996,0
0.0,0.006665078,0
0.0,0.06501679,0
0.0,0.0017514294,0
0.0,0.007635393,0
0.0,0.008711989,0
0.0,0.007849599,0
0.0,0.024859002,0
0.0,0.0022382853,0
0.0,0.00026035617,0
1.0,0.9999999,1
0.0,0.00079032,0
0.0,4.993472e-05,0
0.0,0.029191878,0
0.0,0.00014979669,0
0.0,0.01795172,0
0.0,0.012526783,0
0.0,0.27641895,0
0.0,0.00024736466,0
0.0,0.30445257,0
1.0,0.9999999,1
0.0,0.037047192,0
0.0,1.802616e-06,0
0.0,0.13303453,0
0.0,0.011631442,0
0.0,0.04292052,0
0.0,0.045474626,0
0.0,8.4558276e-05,0
0.0,0.030394403,0
0.0,0.006354791,0
0.0,2.3850773e-05,0
0.0,0.0003489133,0
0.0,0.09346091,0
0.0,7.694025e-05,0
0.0,0.007375845,0
0.0,1.0063494e-06,0
0.0,0.032877788,0
0.0,0.0009301264,0
0.0,0.008157248,0
0.0,0.0021363543,0
0.0,0.028511146,0
0.0,3.9880455e-05,0
1.0,0.41182294,0
0.0,0.1833168,0
0.0,0.0014861681,0
0.0,2.5259893e-05,0
0.0,0.0037895597,0
0.0,0.42936972,0
0.0,0.00017559214,0
0.0,0.008445842,0
0.0,0.08481357,0
0.0,0.040417325,0
0.0,3.1947395e-05,0
0.0,0.008489541,0
0.0,0.011508079,0
0.0,0.05793206,0
1.0,0.999861,1
0.0,0.0089017525,0
0.0,0.035281744,0
0.0,0.037545476,0
0.0,0.03261864,0
0.0,0.0002617495,0
0.0,0.0005105739,0
0.0,0.0033290363,0
1.0,0.9999999,1
0.0,0.0009856485,0
0.0,0.012246384,0
1.0,0.98571646,1
1.0,0.81491697,1
0.0,0.0050394284,0
0.0,0.0038888091,0
1.0,0.9999999,1
0.0,0.00047935182,0
0.0,0.11275677,0
0.0,0.07958341,0
1.0,0.9999999,1
0.0,0.006597365,0
0.0,2.2864644e-05,0
0.0,0.00011015929,0
0.0,0.001853631,0
0.0,0.007243379,0
0.0,0.0023713536,0
0.0,0.03744531,0
0.0,0.0005922647,0
0.0,0.000104698614,0
0.0,0.2661814,0
0.0,1.8859997e-05,0
1.0,1.0,1
0.0,1.4146274e-05,0
0.0,0.20998268,0
0.0,0.0037253455,0
0.0,0.0006109992,0
0.0,0.00018935578,0
0.0,4.1815088e-06,0
0.0,0.0033807966,0
0.0,0.7389977,1
0.0,0.0006962048,0
0.0,0.00020824991,0
1.0,0.9999999,1
0.0,0.0037767373,0
0.0,0.8178127,1
0.0,0.09917293,0
1.0,0.8071658,1
0.0,0.5648574,1
0.0,0.026181908,0
0.0,0.0016189537,0
0.0,0.27424937,0
1.0,0.9999999,1
0.0,2.239554e-06,0
0.0,0.2038188,0
0.0,0.54183125,1
0.0,0.0143880565,0
0.0,0.15703501,0
0.0,0.0005310291,0
0.0,0.0029456052,0
0.0,0.031562723,0
0.0,0.2659089,0
0.0,0.38321927,0
1.0,1.0,1
0.0,0.00905864,0
0.0,0.00038275795,0
0.0,0.253834,0
0.0,0.00036953256,0
0.0,0.0045055044,0
0.0,0.004442776,0
0.0,1.8703455e-05,0
0.0,0.00044229478,0
0.0,0.29062396,0
0.0,0.000103220365,0
0.0,0.032931082,0
0.0,0.018672552,0
0.0,0.00013267872,0
0.0,0.058543596,0
0.0,0.002399157,0
0.0,0.00014276498,0
0.0,0.08662476,0
0.0,0.00014141783,0
0.0,0.0016482342,0
0.0,0.0025850404,0
0.0,0.88850033,1
1.0,0.9999999,1
0.0,0.5396121,1
0.0,0.0005137239,0
0.0,2.1867154e-06,0
1.0,0.9994777,1
0.0,0.0032315229,0
0.0,0.34617916,0
0.0,0.028244974,0
0.0,0.0031956441,0
0.0,0.021561397,0
1.0,0.9999999,1
0.0,0.0012067587,0
0.0,0.0107156485,0
1.0,0.9999999,1
0.0,7.294485e-05,0
0.0,0.0026045486,0
0.0,0.10877078,0
1.0,1.0,1
1.0,0.9999999,1
0.0,0.08964303,0
0.0,0.4510661,0
0.0,0.04203158,0
0.0,5.7895166e-05,0
0.0,0.19214448,0
0.0,0.00045148766,0
0.0,0.0015883802,0
0.0,0.012234135,0
0.0,0.0007941975,0
0.0,0.009749787,0
0.0,0.17812568,0
0.0,0.00016274494,0
1.0,0.97885317,1
0.0,0.0018822075,0
0.0,0.3962846,0
0.0,0.0009270594,0
0.0,0.0002376081,0
0.0,0.02682736,0
0.0,0.0032316518,0
0.0,0.00060078484,0
0.0,0.00014532753,0
0.0,0.01332249,0
0.0,0.014473444,0
0.0,0.0068424135,0
0.0,0.036152877,0
1.0,1.0,1
0.0,0.0011926123,0
1.0,0.9999999,1
0.0,0.60607344,1
0.0,0.06749775,0
0.0,0.196404,0
0.0,0.011892924,0
0.0,3.6141125e-06,0
0.0,0.0037455736,0
0.0,0.00083788595,0
1.0,0.9999999,1
0.0,0.14670563,0
0.0,0.21845773,0
0.0,0.47334796,0
0.0,0.10760958,0
0.0,0.036713988,0
0.0,5.9930375e-05,0
0.0,2.523028e-05,0
0.0,0.012954139,0
0.0,0.00014930543,0
0.0,0.20817657,0
0.0,0.0010035445,0
0.0,0.0009666276,0
1.0,0.073785685,0
1.0,0.9999999,1
0.0,0.43202594,0
0.0,0.0016067581,0
0.0,0.02217815,0
0.0,0.0008934882,0
0.0,0.3956545,0
0.0,0.04694152,0
0.0,0.012835883,0
0.0,0.0010744075,0
0.0,0.48743975,0
0.0,0.00030713985,0
0.0,0.0073650554,0
0.0,0.067753255,0
0.0,0.113605425,0
0.0,0.01046838,0
0.0,0.00032251427,0
0.0,0.010480929,0
0.0,0.0012639324,0
0.0,0.01996993,0
0.0,0.003578993,0
1.0,1.0,1
0.0,7.530937e-05,0
0.0,0.0001957654,0
0.0,3.0929772e-05,0
0.0,0.02414805,0
0.0,6.825135e-05,0
0.0,0.21549791,0
1.0,0.9935422,1
0.0,0.00015060675,0
0.0,0.00029772645,0
1.0,1.0,1
0.0,0.005375703,0
0.0,0.00012023412,0
0.0,0.009675867,0
1.0,0.9908222,1
0.0,0.0090376055,0
1.0,0.9999999,1
0.0,0.37946057,0
1.0,1.0,1
0.0,0.035503894,0
0.0,0.02061383,0
0.0,0.011852752,0
1.0,1.0,1
0.0,0.0017843896,0
0.0,0.0004143649,0
0.0,0.20216793,0
0.0,0.0001222859,0
0.0,0.15916486,0
1.0,1.0,1
0.0,5.9296974e-05,0
1.0,0.9999765,1
1.0,0.9997094,1
0.0,0.76999575,1
0.0,0.007069537,0
1.0,1.0,1
0.0,0.060559534,0
0.0,0.004895595,0
0.0,0.00015992655,0
1.0,0.9998184,1
0.0,0.00013018417,0
0.0,0.015122928,0
0.0,0.0010219918,0
0.0,4.6651436e-05,0
0.0,0.0053990767,0
0.0,0.038863543,0
0.0,1.5570007e-05,0
0.0,0.0035600064,0
1.0,1.0,1
0.0,0.1659425,0
0.0,0.00023255708,0
0.0,0.12757178,0
0.0,0.0021565177,0
1.0,1.0,1
0.0,0.41930872,0
1.0,0.9999999,1
0.0,0.0066910125,0
0.0,2.8888506e-05,0
0.0,4.9752402e-06,0
0.0,0.000841979,0
0.0,0.0065812827,0
0.0,0.00016124877,0
0.0,0.006989841,0
0.0,1.8707968e-05,0
0.0,0.0077339173,0
0.0,0.00016540482,0
0.0,0.44397277,0
1.0,0.7849446,1
0.0,0.0009129733,0
0.0,0.043624636,0
0.0,0.081893414,0
0.0,0.008228906,0
0.0,0.04406119,0
0.0,0.00019691861,0
0.0,0.0019802086,0
0.0,0.0007474017,0
1.0,0.999879,1
1.0,0.9999999,1
0.0,0.00062950654,0
1.0,0.99540436,1
0.0,0.22225176,0
0.0,0.0006783146,0
0.0,0.051798236,0
1.0,0.9999999,1
0.0,4.8533653e-05,0
0.0,0.0028548993,0
0.0,7.439382e-07,0
0.0,0.00031572513,0
1.0,0.30078787,0
0.0,0.40265134,0
0.0,1.6944943e-05,0
1.0,0.9999999,1
0.0,0.07159123,0
0.0,0.00013302696,0
0.0,0.24944875,0
0.0,4.5617394e-06,0
0.0,0.0013748353,0
0.0,0.42150208,0
0.0,0.0008567006,0
0.0,0.015392035,0
0.0,7.959032e-05,0
0.0,3.0391633e-05,0
1.0,0.999879,1
0.0,0.21585374,0
0.0,1.0990268e-05,0
1.0,0.8546784,1
0.0,0.0014974745,0
0.0,0.0012046925,0
0.0,0.0012991268,0
0.0,0.398689,0
0.0,9.962651e-05,0
0.0,0.0030837287,0
1.0,0.9999999,1
0.0,0.0006061181,0
0.0,0.0017043175,0
0.0,0.08166175,0
0.0,0.10990786,0
0.0,0.0004993789,0
0.0,0.00047973535,0
1.0,1.0,1
0.0,0.00042117725,0
0.0,0.00014904498,0
1.0,0.59183586,1
0.0,0.1417794,0
0.0,0.0115101235,0
0.0,0.0021487102,0
0.0,0.2661814,0
0.0,0.014021995,0
0.0,0.014710164,0
0.0,0.355415,0
1.0,0.66369647,1
0.0,0.030944087,0
0.0,0.0038186621,0
0.0,0.0028527593,0
1.0,0.9999999,1
0.0,0.01472983,0
0.0,0.00013140254,0
0.0,0.020821797,0
0.0,0.0054726866,0
0.0,2.0513968e-05,0
0.0,0.00905864,0
0.0,0.32344386,0
0.0,0.44992733,0
0.0,0.20400777,0
0.0,0.00020480606,0
0.0,0.06370116,0
0.0,0.00031037396,0
0.0,0.0016649211,0
1.0,0.9999999,1
0.0,0.12722765,0
0.0,0.0017188117,0
0.0,3.9940518e-05,0
0.0,3.4021916e-06,0
1.0,0.9999999,1
0.0,0.00040371588,0
0.0,0.18862876,0
0.0,0.2661814,0
0.0,0.051855255,0
0.0,0.42761564,0
0.0,7.2048475e-05,0
0.0,0.022871621,0
0.0,0.00039293323,0
0.0,0.035975922,0
0.0,0.004144139,0
1.0,0.6469431,1
0.0,0.0002834463,0
0.0,0.023562284,0
0.0,0.0003226493,0
0.0,0.0019124391,0
0.0,0.005918883,0
0.0,0.14111209,0
0.0,1.919754e-05,0
0.0,0.06586068,0
0.0,0.0075654145,0
1.0,1.0,1
0.0,0.0007723387,0
0.0,0.0050509656,0
0.0,0.00025947992,0
0.0,0.08421038,0
0.0,0.00036167813,0
0.0,0.20617428,0
1.0,0.9999999,1
1.0,0.97672594,1
0.0,0.0013118646,0
0.0,0.00033651892,0
0.0,0.009229118,0
0.0,3.77224e-05,0
0.0,0.06156637,0
1.0,0.9999999,1
0.0,0.05477679,0
0.0,0.0045159925,0
1.0,0.117603146,0
0.0,0.01821889,0
0.0,0.00093407265,0
0.0,0.000732479,0
0.0,0.0007685097,0
1.0,1.0,1
0.0,0.0016477564,0
0.0,0.3566335,0
0.0,0.000593144,0
0.0,0.07342492,0
1.0,0.70749354,1
0.0,0.083797455,0
0.0,0.0010180329,0
0.0,0.0037328743,0
0.0,0.00010712613,0
1.0,0.9999999,1
0.0,0.8044629,1
0.0,0.04174579,0
0.0,0.021653019,0
1.0,0.9988533,1
0.0,0.0020490666,0
1.0,0.9999999,1
0.0,0.00094946584,0
0.0,0.4780628,0
0.0,0.57112736,1
1.0,0.9999999,1
0.0,0.0064375047,0
0.0,6.7433866e-05,0
0.0,0.00021213842,0
0.0,0.00023453127,0
0.0,2.5032296e-05,0
0.0,0.2850784,0
0.0,4.597948e-05,0
1.0,0.9999999,1
0.0,0.019187495,0
0.0,0.11480792,0
0.0,0.1381079,0
0.0,0.6510742,1
0.0,0.09943364,0
0.0,0.10017318,0
0.0,0.015159243,0
0.0,0.024442798,0
0.0,0.06620135,0
0.0,0.022095451,0
0.0,3.2409994e-06,0
0.0,0.00021438471,0
0.0,6.272545e-05,0
0.0,0.0004059745,0
0.0,0.0112693515,0
0.0,0.009779355,0
0.0,0.07876884,0
0.0,0.032135304,0
0.0,0.6697633,1
0.0,0.00074673735,0
0.0,0.47324002,0
0.0,0.0087389415,0
0.0,0.03143695,0
0.0,0.31758007,0
0.0,0.39981753,0
0.0,0.11626394,0
0.0,0.031727023,0
0.0,0.00013159412,0
0.0,0.0004656272,0
0.0,0.015531978,0
0.0,0.12414537,0
0.0,0.26788047,0
0.0,8.99909e-05,0
0.0,1.1611716e-05,0
1.0,0.85407484,1
0.0,2.2054295e-05,0
0.0,0.00045029816,0
0.0,0.28705555,0
1.0,0.9999999,1
0.0,0.007634855,0
0.0,0.19202648,0
0.0,0.0031500852,0
0.0,0.0050617727,0
0.0,0.0332841,0
0.0,0.0018180115,0
0.0,0.0007044137,0
1.0,0.9999999,1
0.0,3.2421245e-05,0
0.0,2.1594017e-06,0
0.0,0.0034576124,0
0.0,0.0056412104,0
0.0,0.06216996,0
0.0,3.3404785e-06,0
0.0,0.000573898,0
0.0,0.0071963933,0
0.0,0.0023086856,0
0.0,0.013212144,0
0.0,0.0038082513,0
1.0,0.9999999,1
0.0,0.3391337,0
0.0,0.05481445,0
1.0,0.726903,1
1.0,0.67493564,1
0.0,0.0028427811,0
0.0,0.6493651,1
1.0,1.0,1
0.0,0.016029403,0
0.0,0.05518755,0
0.0,0.20198758,0
0.0,0.055652086,0
0.0,0.002872774,0
0.0,0.013862344,0
1.0,0.9999999,1
0.0,0.00042558808,0
0.0,0.04214334,0
0.0,1.7735746e-06,0
0.0,0.0012495368,0
0.0,0.2427046,0
0.0,5.1775893e-05,0
0.0,0.09765524,0
1.0,0.9999999,1
0.0,0.0020394826,0
1.0,0.3139766,0
0.0,0.0061549055,0
0.0,0.019556947,0
0.0,0.0022716443,0
1.0,0.9999999,1
0.0,0.04265661,0
0.0,0.27973518,0
0.0,0.00028384628,0
0.0,0.047900595,0
0.0,9.914583e-05,0
0.0,0.00023962995,0
0.0,0.1609055,0
0.0,0.04046745,0
1.0,1.0,1
0.0,0.0014228874,0
0.0,0.41859022,0
0.0,0.72641987,1
0.0,9.1067304e-05,0
0.0,0.0006910682,0
0.0,0.044116877,0
0.0,0.016923312,0
0.0,0.001357084,0
0.0,0.0013730635,0
0.0,0.008370128,0
0.0,0.026420807,0
0.0,0.35071012,0
0.0,0.08966337,0
0.0,0.0011131231,0
1.0,0.9999999,1
0.0,0.0001994994,0
0.0,0.0015592048,0
0.0,0.63054204,1
1.0,0.89556,1
0.0,0.004698013,0
1.0,0.39642918,0
0.0,0.2777422,0
1.0,0.9996799,1
0.0,0.00046135447,0
0.0,0.10253012,0
0.0,8.598129e-05,0
0.0,0.2512513,0
0.0,0.000106383915,0
1.0,0.9999999,1
0.0,0.00078913436,0
0.0,0.0011486784,0
1.0,0.5931665,1
0.0,0.38272414,0
0.0,0.04841248,0
1.0,0.07830997,0
1.0,0.9999999,1
0.0,0.06352393,0
0.0,0.2851336,0
0.0,0.3338607,0
0.0,0.00024948668,0
0.0,0.005735821,0
0.0,0.42009398,0
0.0,0.0045088786,0
1.0,0.9999999,1
0.0,8.181627e-05,0
0.0,0.18327393,0
0.0,0.004717881,0
0.0,0.008355044,0
0.0,0.6952849,1
0.0,0.12645966,0
0.0,0.0061758305,0
0.0,0.000384374,0
0.0,2.9144774e-05,0
0.0,0.0004348858,0
1.0,1.0,1
0.0,0.001098065,0
0.0,0.00041999307,0
0.0,6.607319e-05,0
0.0,4.2549484e-05,0
0.0,0.10865762,0
0.0,0.090841286,0
0.0,7.5046933e-06,0
0.0,0.004895781,0
0.0,0.085696965,0
1.0,0.9999999,1
0.0,0.0018233671,0
0.0,0.0074914014,0
0.0,0.48140934,0
0.0,0.15727916,0
0.0,0.093689114,0
0.0,0.0011507093,0
0.0,0.14235593,0
0.0,0.00082960026,0
0.0,0.007393535,0
0.0,0.10006439,0
0.0,0.001229595,0
0.0,0.041345417,0
0.0,0.033757966,0
1.0,0.84141135,1
0.0,0.09852904,0
0.0,0.00019799534,0
0.0,0.003047367,0
1.0,1.0,1
0.0,0.0008549001,0
0.0,0.071436346,0
1.0,1.0,1
0.0,0.0069626155,0
0.0,0.0008531123,0
0.0,0.016493434,0
0.0,0.031294003,0
0.0,0.4073873,0
0.0,0.0023802016,0
0.0,0.021998515,0
0.0,0.40344635,0
0.0,0.017157713,0
0.0,0.0016083953,0
0.0,0.008839175,0
0.0,0.1994082,0
0.0,0.00679091,0
1.0,0.99988616,1
0.0,0.15166022,0
0.0,0.16159001,0
0.0,0.27984995,0
0.0,0.005088385,0
0.0,9.011293e-05,0
0.0,0.22624727,0
1.0,0.45630196,0
0.0,0.0041569485,0
0.0,0.0074400087,0
0.0,0.013841124,0
1.0,0.9999999,1
0.0,0.19501008,0
1.0,0.99180955,1
0.0,0.0007105061,0
0.0,0.05552812,0
0.0,3.3148284e-05,0
1.0,0.994406,1
1.0,0.9613415,1
1.0,0.99988616,1
1.0,0.7694481,1
0.0,0.0010053478,0
0.0,0.04122966,0
1.0,1.0,1
0.0,0.1652809,0
0.0,0.017717708,0
0.0,0.0033163307,0
0.0,0.30870658,0
0.0,0.009268932,0
0.0,0.002955388,0
0.0,0.5505738,1
0.0,0.18906188,0
0.0,0.08262917,0
0.0,0.0007011774,0
0.0,0.031026682,0
0.0,0.0004073696,0
0.0,0.034068353,0
0.0,0.0019256045,0
0.0,0.00041409262,0
0.0,0.0011630589,0
0.0,0.00040685924,0
0.0,0.0038636406,0
0.0,0.0004712683,0
0.0,0.00022626344,0
0.0,0.01184892,0
0.0,5.8849855e-06,0
0.0,7.8024605e-06,0
1.0,0.9999999,1
0.0,0.09002537,0
0.0,0.7304945,1
0.0,0.00038652009,0
0.0,0.005912874,0
0.0,0.04725973,0
0.0,0.0005421527,0
0.0,0.3565572,0
0.0,0.013686007,0
1.0,0.93126655,1
0.0,0.0002718206,0
0.0,0.0010300325,0
0.0,0.26764897,0
0.0,0.10650148,0
0.0,0.0044153254,0
0.0,0.00019615816,0
0.0,0.07859905,0
1.0,0.9999999,1
0.0,2.3774834e-05,0
0.0,2.8354554e-05,0
1.0,0.7564199,1
0.0,0.24610324,0
1.0,0.9999999,1
0.0,0.0009340917,0
0.0,9.095573e-06,0
0.0,6.5943623e-06,0
0.0,0.2162437,0
0.0,0.42404073,0
0.0,0.009607868,0
0.0,0.03319436,0
0.0,0.0016039069,0
1.0,1.0,1
0.0,0.00014435948,0
1.0,1.0,1
0.0,0.68432826,1
0.0,0.0002910111,0
0.0,0.00037173982,0
0.0,0.010302727,0
0.0,0.028098576,0
0.0,0.0024200547,0
0.0,0.0059633185,0
0.0,5.9041544e-05,0
0.0,0.00057591725,0
0.0,0.00012976117,0
0.0,0.00022538175,0
1.0,1.0,1
0.0,0.0008757293,0
0.0,8.522743e-05,0
0.0,0.0013206248,0
0.0,0.0045663677,0
0.0,0.25673646,0
0.0,0.045415156,0
0.0,0.00075241656,0
0.0,0.09464803,0
0.0,0.3808978,0
1.0,0.9988096,1
1.0,0.9999999,1
1.0,0.99374604,1
0.0,0.00012711051,0
0.0,0.019175155,0
0.0,0.008253304,0
0.0,0.025064666,0
1.0,0.9999999,1
0.0,6.767687e-05,0
0.0,0.00070312025,0
0.0,0.05679166,0
0.0,0.032315213,0
0.0,0.18471867,0
0.0,0.5218508,1
0.0,0.08424639,0
0.0,0.006261364,0
0.0,0.0020522634,0
0.0,0.2857303,0
0.0,0.0015378272,0
0.0,0.008536004,0
0.0,0.42916578,0
1.0,0.99875903,1
0.0,0.13128848,0
0.0,0.44473106,0
0.0,0.017636456,0
0.0,0.71909964,1
0.0,0.55735284,1
1.0,0.9999999,1
0.0,0.62974787,1
0.0,0.038128987,0
0.0,0.0053014373,0
0.0,0.065992326,0
1.0,0.9999999,1
0.0,0.4132609,0
0.0,0.00014689614,0
0.0,0.003980678,0
0.0,2.2930852e-05,0
0.0,0.0049663293,0
0.0,0.02099965,0
0.0,0.0012228417,0
0.0,0.00034425108,0
0.0,0.012649308,0
0.0,0.35305813,0
0.0,0.00063501083,0
0.0,0.0144725125,0
0.0,0.1884722,0
0.0,0.003256193,0
1.0,0.9999999,1
0.0,0.0025396757,0
0.0,0.041467343,0
0.0,0.011094985,0
0.0,0.037728664,0
0.0,2.0400095e-05,0
0.0,0.0008864094,0
0.0,0.22373268,0
0.0,0.00023375126,0
1.0,0.9999999,1
1.0,0.22026448,0
0.0,0.0805001,0
0.0,0.0043114726,0
0.0,0.03115034,0
0.0,0.06342742,0
0.0,0.030321445,0
0.0,0.010407229,0
0.0,0.40168685,0
0.0,0.00063068,0
1.0,1.0,1
0.0,0.04080959,0
0.0,0.020521017,0
0.0,0.55281156,1
0.0,0.30702293,0
0.0,0.008245517,0
0.0,0.3594604,0
0.0,0.0022928275,0
0.0,0.19800521,0
1.0,0.9999999,1
0.0,0.0058930763,0
0.0,8.595187e-05,0
0.0,0.00029924436,0
0.0,5.9986127e-05,0
0.0,0.0009773211,0
0.0,0.11353115,0
1.0,0.78821665,1
0.0,0.0011223786,0
0.0,0.15587303,0
1.0,0.99219805,1
0.0,3.621283e-05,0
1.0,0.9999999,1
0.0,0.0016369022,0
0.0,0.00024730433,0
1.0,0.097787775,0
0.0,0.0020267544,0
1.0,0.9996438,1
0.0,3.903714e-05,0
1.0,0.97452605,1
0.0,0.005143645,0
1.0,0.09808822,0
1.0,0.9999999,1
0.0,0.025084877,0
0.0,0.03958671,0
0.0,0.0090055475,0
0.0,0.0023774495,0
0.0,0.047674134,0
0.0,2.5351337e-06,0
0.0,0.00040427622,0
0.0,0.021860868,0
0.0,0.0044116843,0
0.0,0.43424797,0
0.0,0.36363056,0
0.0,0.0059633185,0
0.0,0.0051206383,0
0.0,8.961523e-05,0
0.0,0.002281508,0
0.0,0.0021926193,0
0.0,0.00029888083,0
0.0,0.0008752392,0
0.0,0.003384825,0
0.0,0.06855793,0
1.0,0.9999999,1
0.0,0.0023773885,0
1.0,0.9999999,1
1.0,0.6503422,1
0.0,0.31186956,0
1.0,0.07738536,0
0.0,0.010539603,0
0.0,0.029342882,0
1.0,0.80260694,1
0.0,0.021180877,0
0.0,0.0970965,0
1.0,0.98753756,1
0.0,0.22039664,0
0.0,2.7066928e-05,0
0.0,0.19674212,0
1.0,0.08632376,0
0.0,0.07228873,0
0.0,0.0050563077,0
0.0,0.1028159,0
0.0,1.8762174e-05,0
0.0,0.0006250688,0
0.0,7.2125404e-05,0
1.0,0.08412402,0
1.0,0.11520162,0
1.0,0.99180955,1
0.0,0.13864797,0
0.0,0.62155205,1
0.0,0.002434228,0
0.0,0.0006120163,0
0.0,0.00033876297,0
0.0,0.5735707,1
0.0,0.007268704,0
0.0,0.010255443,0
0.0,0.57416743,1
0.0,0.13114345,0
1.0,0.24249965,0
0.0,0.08888513,0
0.0,0.6454574,1
0.0,0.0039798575,0
0.0,0.09790319,0
1.0,0.9999999,1
0.0,0.00037738887,0
0.0,0.010252971,0
0.0,0.0906431,0
0.0,0.00018552126,0
0.0,0.00032700953,0
1.0,0.8022339,1
1.0,0.9999995,1
1.0,0.99607384,1
0.0,3.9677583e-05,0
0.0,0.0050969883,0
0.0,2.4584495e-05,0
1.0,0.12082969,0
0.0,0.0046182573,0
0.0,0.00025103334,0
0.0,0.030762725,0
0.0,0.00022353696,0
0.0,0.0016753346,0
1.0,0.7423099,1
0.0,0.00044009392,0
0.0,0.002204082,0
0.0,0.00052750757,0
0.0,0.0016943563,0
1.0,0.0031275162,0
0.0,0.06657425,0
0.0,0.0047589727,0
0.0,0.0006324385,0
1.0,0.06486864,0
0.0,0.012685,0
0.0,0.4337579,0
0.0,0.024170918,0
0.0,0.0006630774,0
0.0,0.00029915763,0
0.0,0.06110933,0
0.0,0.0027614553,0
0.0,0.0010086909,0
0.0,0.31251708,0
0.0,0.05952419,0
0.0,0.0003034278,0
0.0,0.05832177,0
0.0,0.000101825884,0
0.0,0.0032414647,0
1.0,0.6061203,1
0.0,1.3800051e-05,0
0.0,0.4741452,0
0.0,0.0034983184,0
0.0,0.07623628,0
0.0,0.15603377,0
0.0,0.012070184,0
0.0,0.18131441,0
0.0,0.0071903565,0
0.0,0.5291619,1
0.0,0.0012430365,0
0.0,0.008632027,0
0.0,0.057995204,0
0.0,0.0022586382,0
0.0,0.19966924,0
0.0,0.013381035,0
0.0,4.9739716e-05,0
0.0,0.074041344,0
0.0,9.436965e-06,0
1.0,0.8226361,1
0.0,0.024442822,0
0.0,0.005623582,0
0.0,0.14129621,0
0.0,2.5124991e-05,0
0.0,0.00021560461,0
1.0,0.9999999,1
0.0,3.049575e-06,0
0.0,0.5097185,1
1.0,0.68146765,1
0.0,0.11824033,0
1.0,0.9999999,1
1.0,0.9299546,1
0.0,0.1572303,0
0.0,0.019822994,0
0.0,0.42307648,0
0.0,0.00040914214,0
1.0,0.60158604,1
0.0,0.0010274128,0
0.0,0.000257621,0
0.0,0.0028972724,0
0.0,0.004086443,0
0.0,1.8707968e-05,0
0.0,0.005635393,0
0.0,0.0042574806,0
0.0,0.0071144598,0
0.0,0.086067066,0
0.0,0.00040585245,0
0.0,0.56422585,1
0.0,0.44574457,0
1.0,0.34246704,0
1.0,0.9872248,1
0.0,0.059277147,0
0.0,0.001268626,0
0.0,0.018748369,0
0.0,1.1804361e-05,0
1.0,0.9999999,1
0.0,0.43424797,0
0.0,0.036232453,0
0.0,0.04350879,0
0.0,0.23982005,0
0.0,0.040266808,0
0.0,0.0005251119,0
0.0,0.0022109384,0
1.0,0.6352542,1
0.0,0.030676596,0
0.0,0.24058147,0
0.0,3.5904734e-06,0
0.0,0.0076100924,0
0.0,0.07636003,0
0.0,0.112295635,0
0.0,0.0019840251,0
0.0,0.07959581,0
0.0,0.41216946,0
0.0,0.3721211,0
0.0,0.43717575,0
0.0,3.8028052e-06,0
1.0,0.99832004,1
1.0,0.9999999,1
0.0,0.23327468,0
0.0,0.000354666,0
0.0,0.0017983323,0
0.0,6.0018396e-05,0
0.0,0.01374936,0
0.0,0.00018296296,0
0.0,0.12506738,0
0.0,0.0009833449,0
0.0,0.0007317568,0
0.0,0.008056498,0
0.0,0.13878976,0
0.0,0.00021900813,0
0.0,0.0012707646,0
1.0,0.9999999,1
1.0,0.9999999,1
0.0,0.06362901,0
0.0,0.0023186677,0
0.0,0.0026370436,0
0.0,0.17962302,0
0.0,0.17223945,0
0.0,0.0018449078,0
0.0,0.39007097,0
0.0,0.00011965014,0
0.0,6.6678105e-05,0
1.0,0.9999999,1
0.0,0.18330924,0
0.0,0.005135721,0
0.0,8.652085e-05,0
0.0,0.10216899,0
0.0,0.09031384,0
1.0,0.07223784,0
0.0,0.002938771,0
0.0,0.17367809,0
0.0,0.05304277,0
0.0,0.00061646604,0
0.0,0.002318702,0
0.0,0.032237146,0
0.0,0.49133244,0
0.0,0.0054297103,0
0.0,0.00052677974,0
0.0,0.0006355237,0
0.0,0.15243472,0
0.0,0.001535445,0
0.0,0.045714088,0
0.0,0.00045075512,0
0.0,0.0054086973,0
1.0,0.7942317,1
0.0,0.015258863,0
0.0,0.007220612,0
0.0,0.013127491,0
0.0,0.00086071243,0
0.0,0.06947041,0
0.0,0.010532037,0
0.0,0.2661814,0
0.0,0.09109936,0
0.0,0.0067597097,0
0.0,0.00059564115,0
0.0,0.26347592,0
0.0,0.38732892,0
0.0,0.011602036,0
1.0,1.0,1
0.0,0.14961416,0
0.0,0.12386651,0
0.0,0.029234836,0
1.0,0.3912814,0
1.0,0.9992867,1
1.0,1.0,1
1.0,0.70174056,1
0.0,0.7603027,1
1.0,0.9999999,1
0.0,0.015380911,0
0.0,0.0035449215,0
1.0,0.88338715,1
0.0,3.114484e-07,0
0.0,0.002979569,0
0.0,0.00050065026,0
0.0,0.06657425,0
0.0,7.305804e-05,0
0.0,0.00067582197,0
0.0,0.0069215116,0
0.0,4.809016e-07,0
0.0,0.0017172234,0
0.0,0.01961944,0
0.0,0.00023429794,0
1.0,0.9999999,1
0.0,0.0062109153,0
0.0,0.042912446,0
0.0,0.4339359,0
0.0,0.039009813,0
0.0,0.0002851178,0
0.0,0.044242706,0
0.0,0.009804983,0
0.0,0.018762125,0
0.0,0.08059856,0
1.0,1.0,1
0.0,0.00033503183,0
0.0,0.0016556956,0
0.0,0.08533196,0
0.0,0.0027393315,0
0.0,0.07798765,0
0.0,0.5650737,1
0.0,0.16405444,0
0.0,0.0054511894,0
0.0,0.0016622839,0
1.0,0.7632748,1
0.0,0.011400756,0
0.0,0.007705131,0
0.0,0.0017507693,0
0.0,0.033172116,0
0.0,0.40847352,0
0.0,2.738937e-05,0
0.0,0.035458166,0
0.0,0.5818448,1
0.0,0.84896207,1
0.0,0.6090272,1
0.0,0.25781134,0
0.0,3.3600065e-06,0
0.0,0.022714477,0
0.0,0.0271493,0
0.0,0.016105799,0
0.0,9.071974e-05,0
0.0,0.00038342664,0
0.0,0.4618772,0
1.0,0.7600283,1
0.0,0.002767801,0
0.0,1.9987336e-05,0
0.0,0.003266968,0
0.0,0.005846193,0
0.0,0.50295705,1
0.0,0.00017286504,0
0.0,0.0002751773,0
0.0,0.0059710564,0
0.0,0.00042529707,0
0.0,0.00022492986,0
1.0,0.070260026,0
0.0,0.00085954246,0
0.0,0.00025807726,0
0.0,0.00038561007,0
0.0,0.008342292,0
0.0,0.0011158994,0
0.0,0.84405875,1
0.0,0.00023155787,0
0.0,0.01568767,0
0.0,1.2248571e-05,0
0.0,0.06492223,0
0.0,0.00037149558,0
1.0,0.9999999,1
0.0,0.00014970459,0
0.0,0.001979943,0
0.0,5.7898204e-05,0
0.0,0.09288733,0
1.0,0.9999999,1
0.0,0.33463508,0
0.0,0.00015480838,0
0.0,0.0011105901,0
0.0,0.07616657,0
0.0,0.019709479,0
0.0,0.00021693791,0
0.0,1.536921e-05,0
0.0,0.067600965,0
0.0,0.015400045,0
1.0,0.41390705,0
0.0,0.00015189797,0
0.0,0.010592639,0
1.0,0.6214154,1
0.0,0.00043712684,0
0.0,0.1944866,0
0.0,0.037195697,0
0.0,0.2825077,0
0.0,0.0072769797,0
0.0,0.032660063,0
0.0,0.3255408,0
0.0,0.110866405,0
0.0,0.037997354,0
1.0,0.99449277,1
1.0,0.9999999,1
0.0,0.17458291,0
0.0,0.40149698,0
0.0,3.593428e-05,0
1.0,0.99942786,1
0.0,0.016034406,0
0.0,0.018082336,0
1.0,0.9999999,1
0.0,7.122219e-05,0
0.0,0.09790319,0
0.0,0.0015812388,0
0.0,0.05395026,0
0.0,0.00014681212,0
0.0,5.9323643e-06,0
1.0,0.9999999,1
1.0,1.0,1
0.0,0.01668828,0
1.0,1.0,1
0.0,0.08651844,0
1.0,0.99647313,1
0.0,0.050366163,0
0.0,4.4115597e-05,0
1.0,0.9999999,1
1.0,0.9999999,1
0.0,0.00021438471,0
0.0,0.28222343,0
0.0,0.0064061247,0
1.0,0.8950018,1
1.0,0.9999999,1
0.0,0.0037005225,0
0.0,0.017890472,0
0.0,0.0064318352,0
0.0,0.0008797692,0
0.0,0.057779856,0
0.0,0.048966125,0
0.0,0.124466896,0
0.0,0.0008875445,0
1.0,0.9999999,1
0.0,0.2077487,0
0.0,2.0839314e-05,0
0.0,0.024370734,0
0.0,0.019519532,0
0.0,0.04901827,0
0.0,0.39096612,0
0.0,0.00044586102,0
0.0,0.035693187,0
0.0,0.0046491683,0
0.0,0.0044626375,0
0.0,0.4143159,0
0.0,0.0002177345,0
0.0,0.14475434,0
1.0,0.9999999,1
0.0,0.9100046,1
0.0,0.00070458994,0
0.0,0.0014181067,0
0.0,0.0073489174,0
0.0,0.52432394,1
0.0,0.008507022,0
0.0,0.006507148,0
0.0,0.008880542,0
0.0,4.2255447e-06,0
0.0,8.551058e-06,0
0.0,0.0043757567,0
0.0,0.010999488,0
0.0,0.02798978,0
0.0,0.00010196093,0
0.0,0.22633077,0
0.0,0.0011608491,0
0.0,0.00012350583,0
0.0,0.0009342355,0
1.0,0.13502222,0
0.0,0.011814846,0
0.0,6.872635e-05,0
0.0,0.0004601947,0
1.0,0.7737071,1
0.0,0.0027265262,0
0.0,0.0004754413,0
0.0,4.3900214e-05,0
0.0,0.016906716,0
0.0,0.38537335,0
1.0,0.99850607,1
0.0,0.00033673074,0
0.0,0.057830103,0
0.0,0.00089438935,0
0.0,0.00012295436,0
0.0,0.00045602498,0
1.0,0.9999999,1
0.0,0.0003108383,0
1.0,0.9999999,1
1.0,0.9999999,1
0.0,6.235876e-07,0
0.0,0.13483694,0
1.0,0.5248485,1
0.0,0.0042754672,0
1.0,0.8078388,1
0.0,0.03553678,0
0.0,0.005789966,0
0.0,0.00060135976,0
1.0,0.91858375,1
0.0,0.38948378,0
0.0,0.5120249,1
0.0,0.7322185,1
1.0,0.9999999,1
0.0,0.061399974,0
0.0,4.1410796e-05,0
0.0,0.007380357,0
0.0,0.098945946,0
0.0,0.06344738,0
0.0,0.05017184,0
0.0,0.15145549,0
1.0,0.5334293,1
0.0,0.0057908664,0
0.0,0.0027558096,0
0.0,0.0019018259,0
1.0,0.9999999,1
0.0,0.00020906719,0
0.0,5.3321837e-05,0
0.0,2.4677796e-05,0
0.0,0.00075653306,0
0.0,0.03948323,0
0.0,0.9117642,1
1.0,0.9972856,1
1.0,0.9999999,1
0.0,0.0003249432,0
1.0,1.0,1
0.0,0.011958686,0
0.0,0.00016726808,0
0.0,3.5960747e-05,0
0.0,8.020794e-06,0
0.0,0.037164852,0
0.0,0.30066705,0
0.0,0.24478106,0
0.0,0.026590984,0
0.0,0.13921528,0
1.0,0.74722236,1
0.0,0.00015783112,0
0.0,0.02532694,0
0.0,0.0007622873,0
1.0,0.46103877,0
1.0,0.9999999,1
0.0,0.86337495,1
0.0,0.3686976,0
0.0,0.30025384,0
1.0,0.9999999,1
0.0,0.0455288,0
1.0,0.9999999,1
0.0,0.0031273495,0
1.0,0.9999999,1
0.0,6.614808e-05,0
0.0,0.00012182374,0
0.0,2.0186635e-05,0
0.0,0.05535464,0
0.0,0.037073206,0
1.0,1.0,1
0.0,0.0011144774,0
0.0,0.14870998,0
0.0,1.4006129e-05,0
0.0,0.0011285127,0
0.0,0.039973255,0
1.0,0.9797625,1
0.0,0.007369529,0
0.0,0.11194307,0
0.0,0.0030557443,0
0.0,7.730808e-06,0
0.0,0.25916132,0
0.0,0.21201102,0
0.0,5.6227625e-05,0
0.0,0.0013402795,0
0.0,4.363724e-06,0
1.0,0.19324501,0
0.0,0.2894726,0
0.0,0.064043164,0
0.0,0.0007308393,0
0.0,0.0032584497,0
0.0,0.050413568,0
0.0,4.5947043e-05,0
0.0,0.008162103,0
0.0,0.00015236043,0
0.0,7.349225e-05,0
1.0,0.64767754,1
0.0,0.016836688,0
0.0,0.0034280396,0
0.0,1.6851154e-05,0
0.0,0.00030627404,0
0.0,0.00045380456,0
0.0,0.0017055114,0
0.0,0.008204749,0
0.0,1.8010147e-06,0
0.0,0.01859396,0
0.0,0.0011277265,0
0.0,0.021056058,0
0.0,0.00045406006,0
1.0,0.9999999,1
0.0,4.1531607e-06,0
0.0,0.10133416,0
0.0,0.0060406844,0
0.0,0.013529946,0
0.0,0.37462503,0
1.0,0.99882907,1
0.0,0.0050778105,0
0.0,0.00086501037,0
0.0,0.0011842067,0
0.0,0.0005865904,0
0.0,0.0005264475,0
0.0,0.0011353663,0
0.0,0.017721053,0
0.0,0.0074520507,0
0.0,0.00046544502,0
0.0,0.00023546157,0
0.0,0.0069891163,0
0.0,0.0090027945,0
0.0,0.024569916,0
1.0,0.5130519,1
0.0,0.22045664,0
0.0,5.324897e-05,0
1.0,0.9936959,1
1.0,0.95206517,1
0.0,2.8178958e-05,0
0.0,4.4791045e-06,0
0.0,0.0016300636,0
0.0,5.6902918e-05,0
0.0,0.004465924,0
1.0,0.9999999,1
0.0,0.00083750125,0
0.0,0.0004988948,0
0.0,0.00085373485,0
0.0,0.00019434374,0
0.0,0.028418563,0
0.0,0.015076203,0
1.0,0.9999999,1
0.0,0.0043153414,0
0.0,0.000956325,0
0.0,0.0236684,0
0.0,0.09774185,0
0.0,0.0011154175,0
0.0,0.0120982705,0
0.0,0.44438794,0
0.0,0.004130502,0
0.0,5.2261794e-07,0
0.0,0.00024679812,0
0.0,0.14244336,0
0.0,3.09216e-05,0
0.0,0.015311919,0
0.0,0.0022227967,0
0.0,0.023303501,0
0.0,2.820956e-06,0
0.0,0.005256128,0
0.0,0.05200118,0
0.0,0.14077935,0
0.0,0.13949694,0
0.0,0.047964644,0
0.0,6.3185807e-06,0
0.0,6.427283e-05,0
0.0,6.4297105e-06,0
0.0,3.1636304e-05,0
0.0,0.007164254,0
0.0,3.6044023e-06,0
0.0,0.008061377,0
0.0,0.0004169851,0
0.0,0.0057186545,0
0.0,0.012993378,0
0.0,0.06620135,0
0.0,0.0017778389,0
0.0,0.038380492,0
0.0,0.28002954,0
0.0,0.00318482,0
0.0,0.08422171,0
0.0,5.3566723e-06,0
0.0,0.007949229,0
0.0,0.006711714,0
0.0,0.014654089,0
0.0,0.004952183,0
1.0,0.6436922,1
0.0,0.09747831,0
0.0,0.32948047,0
0.0,0.0029768066,0
1.0,0.9999999,1
0.0,7.1894334e-05,0
0.0,0.017922867,0
0.0,0.31350696,0
1.0,0.9999999,1
0.0,2.736048e-07,0
0.0,2.5114143e-06,0
0.0,0.00015033026,0
0.0,0.024626644,0
0.0,3.0348507e-05,0
0.0,0.1456857,0
0.0,0.2060014,0
0.0,0.0006116472,0
0.0,0.3561679,0
0.0,0.0004967386,0
0.0,5.3598917e-05,0
0.0,3.9960098e-05,0
0.0,4.2589336e-06,0
0.0,0.39287192,0
0.0,5.705811e-05,0
0.0,0.00065307977,0
0.0,0.00024769438,0
0.0,0.022686912,0
0.0,0.0037359153,0
0.0,2.9896585e-06,0
0.0,9.3028226e-05,0
0.0,0.013651846,0
0.0,0.06344824,0
0.0,0.0074056946,0
1.0,0.9999999,1
1.0,0.99183196,1
0.0,7.225117e-05,0
1.0,0.9781878,1
1.0,0.785281,1
0.0,0.025385788,0
0.0,0.0014857047,0
0.0,2.5205269e-05,0
0.0,0.00014994432,0
0.0,0.000117984324,0
0.0,0.009755253,0
0.0,0.006496445,0
0.0,0.35146612,0
0.0,0.00025393162,0
0.0,0.009132746,0
0.0,0.4719286,0
0.0,0.06480842,0
0.0,0.09666796,0
1.0,0.9999999,1
0.0,0.009548552,0
0.0,0.000101968326,0
0.0,0.0031592266,0
1.0,0.9999999,1
0.0,0.3991696,0
0.0,0.029287055,0
0.0,1.6839587e-05,0
0.0,0.0028879903,0
0.0,0.00051292876,0
0.0,0.0009327818,0
0.0,0.0015984329,0
0.0,0.0006330962,0
0.0,0.032070067,0
0.0,2.0773064e-06,0
0.0,0.14309327,0
0.0,0.0010121539,0
0.0,0.012343417,0
1.0,0.9999999,1
1.0,0.9999999,1
0.0,0.006702701,0
0.0,0.002067418,0
0.0,0.012336856,0
1.0,0.20484985,0
0.0,0.078789674,0
0.0,0.39277518,0
0.0,0.008681524,0
0.0,0.21714723,0
0.0,0.018270887,0
0.0,0.01508374,0
1.0,1.0,1
0.0,0.3888611,0
0.0,0.234908,0
0.0,0.0021701015,0
1.0,0.99996376,1
0.0,0.0020895693,0
0.0,0.008418959,0
0.0,0.11669752,0
0.0,0.002593086,0
0.0,0.0020650916,0
0.0,0.000109917855,0
0.0,0.04443621,0
0.0,0.26697296,0
1.0,0.9999999,1
0.0,0.000217594,0
0.0,5.067014e-06,0
1.0,0.9999999,1
0.0,0.017459279,0
0.0,0.005125346,0
0.0,0.0001781814,0
1.0,1.0,1
0.0,0.753382,1
0.0,0.07996038,0
0.0,0.032680098,0
0.0,0.090646364,0
0.0,0.01353395,0
0.0,0.0056064464,0
0.0,0.012246373,0
0.0,0.3392698,0
1.0,0.9999999,1
0.0,0.00021871075,0
1.0,0.9999999,1
0.0,0.00034470973,0
0.0,1.095516e-05,0
1.0,0.94039327,1
0.0,0.10921101,0
1.0,0.43169224,0
0.0,0.08587915,0
0.0,0.0046304963,0
0.0,0.0073175253,0
0.0,7.292537e-05,0
0.0,0.030160295,0
0.0,0.035259902,0
0.0,0.0028362588,0
1.0,0.9999999,1
1.0,0.999877,1
0.0,0.009051906,0
0.0,0.2658357,0
0.0,0.096059315,0
1.0,0.9999999,1
0.0,0.0025273473,0
0.0,0.16125737,0
1.0,0.9999999,1
0.0,0.20597267,0
0.0,0.0059122792,0
0.0,0.3719836,0
0.0,0.011688861,0
0.0,0.0075404514,0
0.0,0.10154141,0
1.0,0.9999999,1
0.0,0.002303928,0
1.0,0.9999999,1
0.0,0.00035698188,0
0.0,0.12798825,0
0.0,0.00019109357,0
0.0,0.50320077,1
0.0,1.3167254e-06,0
0.0,0.020720176,0
0.0,0.00033523567,0
0.0,0.00034508968,0
0.0,0.012119256,0
0.0,0.35929167,0
0.0,0.0004398962,0
0.0,0.0014593028,0
0.0,0.09880744,0
0.0,0.00041912936,0
0.0,0.00015349285,0
0.0,0.0002845836,0
1.0,0.9999999,1
0.0,0.00014681212,0
0.0,0.12754677,0
0.0,0.0024742808,0
0.0,1.4587473e-06,0
0.0,0.0013447559,0
0.0,0.0045450116,0
0.0,0.16808778,0
1.0,0.9697374,1
1.0,0.9999999,1
0.0,0.00049200037,0
0.0,0.0020762633,0
0.0,0.0021238027,0
0.0,0.17696571,0
1.0,0.9999999,1
0.0,0.020776685,0
1.0,0.9999999,1
1.0,0.47558162,0
0.0,0.051707685,0
0.0,0.053367537,0
0.0,0.00034596058,0
0.0,0.03503386,0
0.0,0.11372093,0
0.0,0.0009769696,0
0.0,3.473709e-05,0
0.0,6.918481e-05,0
0.0,0.0017289023,0
1.0,0.99991274,1
0.0,0.08642379,0
0.0,2.2246045e-06,0
0.0,2.0660846e-06,0
0.0,0.0014281343,0
0.0,6.6409943e-06,0
1.0,0.44876283,0
1.0,0.9999999,1
0.0,0.00011200969,0
0.0,0.022527117,0
0.0,0.15970615,0
0.0,2.9938363e-05,0
0.0,8.8520515e-05,0
0.0,0.21365862,0
0.0,0.60235417,1
0.0,1.2211947e-05,0
1.0,0.4644286,0
0.0,0.026759127,0
0.0,0.035967477,0
0.0,0.009457788,0
0.0,0.66591907,1
0.0,0.49676874,0
0.0,0.002196236,0
1.0,0.99621505,1
0.0,0.020952001,0
0.0,0.2934184,0
0.0,0.003047209,0
0.0,0.031834465,0
0.0,0.0042146714,0
0.0,0.0001339747,0
0.0,0.0092989495,0
0.0,0.26054144,0
1.0,0.9999999,1
0.0,0.11679977,0
1.0,0.9998982,1
0.0,0.00047511488,0
0.0,0.028862264,0
0.0,0.058076534,0
0.0,3.127943e-06,0
0.0,0.05042826,0
0.0,0.0010566083,0
0.0,0.4615447,0
0.0,0.01451114,0
0.0,0.14389548,0
0.0,2.3520186e-05,0
0.0,0.0013528455,0
0.0,0.00046544502,0
0.0,0.14216521,0
0.0,0.4337579,0
0.0,5.9896203e-05,0
0.0,0.02709976,0
0.0,0.0015820228,0
0.0,0.00077625783,0
0.0,0.1438415,0
0.0,0.1643429,0
0.0,0.0024103276,0
0.0,0.027219985,0
0.0,0.022604093,0
0.0,0.018467927,0
0.0,0.42916578,0
1.0,0.9659877,1
0.0,0.0010111535,0
0.0,0.00078405044,0
0.0,0.1331911,0
0.0,0.019187495,0
0.0,0.02690143,0
0.0,0.01899507,0
0.0,0.00011508822,0
0.0,0.004768182,0
1.0,0.9999993,1
0.0,0.0027952965,0
0.0,0.039195042,0
0.0,6.862884e-05,0
0.0,0.056443423,0
0.0,0.15222447,0
0.0,0.079333045,0
0.0,0.0220999,0
0.0,0.017582253,0
0.0,0.05164042,0
0.0,0.0053543597,0
1.0,0.9983132,1
0.0,0.0020704868,0
1.0,0.78664285,1
0.0,0.012634957,0
0.0,0.007505908,0
1.0,0.99998105,1
0.0,0.0007612558,0
1.0,0.3098894,0
0.0,0.10337993,0
0.0,2.9673452e-05,0
0.0,0.00015359842,0
0.0,0.0005362736,0
0.0,4.5425554e-06,0
0.0,0.050451715,0
0.0,0.2396762,0
0.0,0.075236045,0
0.0,4.8066144e-05,0
0.0,0.00034793673,0
0.0,0.00022953998,0
0.0,0.014513316,0
0.0,0.009288071,0
0.0,0.0019219184,0
0.0,0.005296041,0
0.0,5.467946e-05,0
0.0,0.009608658,0
0.0,0.44806814,0
0.0,0.014815465,0
0.0,0.001892515,0
0.0,0.0055552777,0
0.0,0.022633687,0
0.0,0.03018988,0
0.0,0.020930724,0
0.0,0.017540772,0
0.0,0.0014448451,0
0.0,0.0166471,0
0.0,2.6677866e-05,0
1.0,0.9984332,1
0.0,0.0008918437,0
0.0,1.6149572e-05,0
1.0,0.8235704,1
0.0,0.00083267596,0
0.0,0.00025507426,0
0.0,0.65913916,1
0.0,0.05599754,0
1.0,0.683774,1
0.0,0.19819188,0
0.0,0.035230823,0
1.0,0.9999999,1
0.0,0.008312727,0
0.0,0.017338661,0
0.0,0.0020293735,0
0.0,0.0004201092,0
0.0,0.09458399,0
0.0,0.00024735785,0
0.0,0.01334373,0
1.0,0.9958834,1
0.0,0.5438266,1
0.0,0.0017228222,0
0.0,0.0007968693,0
0.0,0.003045826,0
0.0,0.00595224,0
0.0,0.00060447544,0
1.0,0.1099914,0
0.0,0.0062531596,0
0.0,0.24734515,0
0.0,0.0011170444,0
0.0,0.0266708,0
0.0,0.0018861289,0
0.0,0.0013745576,0
0.0,0.008971762,0
0.0,0.050918486,0
0.0,0.00028695638,0
0.0,0.056174673,0
0.0,0.40847352,0
0.0,0.0019031949,0
0.0,0.00048653779,0
1.0,0.3928403,0
0.0,0.00021908205,0
1.0,0.9999999,1
1.0,0.369352,0
0.0,0.078586906,0
0.0,0.0048790975,0
0.0,0.094709516,0
1.0,0.99299836,1
0.0,0.0009225088,0
0.0,5.69444e-05,0
1.0,0.9999999,1
0.0,0.00023882641,0
1.0,0.20333508,0
0.0,0.0010890197,0
0.0,0.0047412603,0
0.0,2.0051257e-05,0
0.0,0.6147696,1
0.0,0.44707453,0
0.0,9.5228665e-05,0
0.0,0.1446681,0
0.0,0.35863188,0
0.0,0.00023129288,0
0.0,0.0004990308,0
0.0,0.010771451,0
0.0,0.008131329,0
0.0,0.00029025797,0
0.0,0.08241164,0
0.0,0.015103941,0
0.0,0.0026264938,0
0.0,0.2265935,0
0.0,0.04903685,0
0.0,0.0030344087,0
0.0,0.035536405,0
0.0,0.00018973333,0
0.0,0.00555522,0
1.0,1.0,1
0.0,0.008982822,0
0.0,6.349197e-05,0
0.0,0.00033620003,0
0.0,0.07047684,0
0.0,0.05341437,0
0.0,0.11727039,0
0.0,0.013685281,0
0.0,0.03771813,0
0.0,0.01227812,0
0.0,0.045896206,0
0.0,0.023677027,0
0.0,0.0008875445,0
0.0,2.2623928e-05,0
0.0,0.00057039177,0
0.0,0.010440997,0
0.0,0.7688166,1
0.0,0.09161337,0
1.0,0.9782094,1
0.0,0.5253689,1
0.0,0.0016955674,0
0.0,0.10153524,0
0.0,0.00053781254,0
0.0,0.0017278139,0
0.0,5.0917865e-06,0
0.0,0.11230969,0
1.0,0.9996438,1
0.0,0.21042906,0
0.0,0.00014665305,0
0.0,0.0015711884,0
1.0,0.5902785,1
0.0,0.0151143875,0
0.0,8.587457e-06,0
0.0,0.0025153942,0
0.0,0.40847352,0
0.0,0.28889355,0
0.0,0.017063463,0
0.0,0.28484774,0
0.0,0.003051449,0
0.0,0.016772762,0
0.0,0.016169956,0
0.0,0.00097136607,0
0.0,0.00069316034,0
0.0,0.0021978354,0
0.0,0.24093015,0
0.0,0.44022727,0
0.0,0.036889233,0
1.0,0.0015504261,0
0.0,0.004440811,0
0.0,0.0020656756,0
0.0,0.005314342,0
0.0,0.042242736,0
0.0,0.0050271302,0
0.0,0.0023562317,0
0.0,0.008406297,0
0.0,0.0012114339,0
1.0,0.9997657,1
0.0,0.0030293122,0
0.0,0.017600555,0
0.0,0.25173113,0
0.0,0.0006714036,0
0.0,0.15748516,0
0.0,0.5862552,1
0.0,0.70498157,1
0.0,0.030314703,0
0.0,0.00012174093,0
1.0,0.048714276,0
0.0,0.00023888516,0
0.0,0.0008963725,0
0.0,0.009375355,0
0.0,0.16383503,0
0.0,0.69480884,1
0.0,0.08571533,0
0.0,0.0017525426,0
0.0,0.029632932,0
0.0,0.029139113,0
0.0,5.4524553e-05,0
0.0,0.004118342,0
0.0,7.629926e-05,0
0.0,0.035156544,0
0.0,0.0009046303,0
0.0,1.19323595e-05,0
0.0,0.0043310267,0
1.0,0.6640707,1
1.0,0.9999999,1
0.0,0.0008455362,0
0.0,0.027413448,0
0.0,0.0013073612,0
0.0,9.4956726e-05,0
1.0,0.9999589,1
0.0,2.1542208e-05,0
0.0,0.008505888,0
0.0,0.3260441,0
0.0,0.36476302,0
0.0,0.007131794,0
0.0,0.03116928,0
0.0,0.0016300636,0
1.0,0.9999999,1
1.0,0.9999999,1
0.0,0.00057483825,0
0.0,0.3329123,0
0.0,0.027903834,0
0.0,0.11257437,0
0.0,6.958379e-05,0
0.0,0.047371607,0
0.0,0.16868696,0
0.0,0.020661924,0
0.0,0.013526002,0
0.0,0.008879207,0
0.0,0.21538663,0
0.0,0.0007844144,0
0.0,0.04851155,0
0.0,0.00012793193,0
0.0,0.0012335635,0
1.0,0.9999999,1
0.0,0.00070115936,0
0.0,0.0006219039,0
0.0,0.0060094204,0
0.0,0.37400785,0
1.0,0.9999999,1
0.0,0.0033714238,0
0.0,5.81795e-06,0
0.0,0.00044389092,0
0.0,0.16988423,0
0.0,7.3109826e-05,0
0.0,0.0031106744,0
0.0,0.56889164,1
0.0,0.00071004016,0
1.0,0.9999999,1
0.0,0.030730322,0
0.0,0.07288899,0
0.0,0.09167968,0
0.0,0.005038496,0
0.0,0.0004255331,0
1.0,1.0,1
0.0,0.00410138,0
0.0,0.0015459078,0
1.0,1.0,1
0.0,0.30404875,0
0.0,0.5886264,1
0.0,0.16206278,0
0.0,0.30705768,0
1.0,0.9999999,1
0.0,0.0008695724,0
0.0,0.0020354192,0
0.0,0.085477404,0
0.0,5.0438384e-06,0
0.0,0.05220536,0
0.0,0.40034294,0
0.0,0.009924281,0
0.0,6.3185807e-06,0
0.0,0.008411163,0
0.0,0.4167037,0
0.0,8.567302e-06,0
0.0,0.47212645,0
0.0,0.02270011,0
0.0,0.29019898,0
0.0,0.0002103607,0
0.0,0.00037667612,0
0.0,0.021093745,0
0.0,0.20703796,0
0.0,0.00013847549,0
0.0,0.029422123,0
0.0,0.5737254,1
0.0,0.00083520246,0
0.0,6.932931e-06,0
0.0,0.06436794,0
0.0,0.00011446264,0
0.0,0.38797817,0
0.0,0.17579716,0
0.0,0.018456023,0
1.0,0.5304278,1
0.0,0.0048967917,0
0.0,0.42150208,0
0.0,0.003225417,0
1.0,0.9898879,1
0.0,0.06628873,0
0.0,0.012945017,0
1.0,1.0,1
0.0,0.05078629,0
0.0,5.493616e-06,0
0.0,2.7909082e-06,0
0.0,0.11060614,0
0.0,0.032979865,0
0.0,0.34875825,0
1.0,0.99859196,1
0.0,0.0022662631,0
0.0,5.5865853e-06,0
0.0,0.0012734969,0
0.0,0.000121307654,0
0.0,0.09226482,0
0.0,0.0015689618,0
0.0,0.45886454,0
0.0,0.039029285,0
0.0,0.0016975896,0
0.0,0.03443086,0
0.0,0.4338406,0
0.0,0.32076335,0
0.0,0.41157323,0
0.0,0.21098147,0
0.0,0.11235222,0
0.0,0.0011246952,0
0.0,0.11613228,0
0.0,0.4254285,0
0.0,0.00031380545,0
1.0,0.9999999,1
0.0,0.11792634,0
1.0,0.9999999,1
1.0,0.9999999,1
0.0,0.05435715,0
1.0,1.0,1
0.0,0.5909618,1
0.0,0.00029115682,0
1.0,0.96756583,1
0.0,0.002715404,0
0.0,0.08388769,0
0.0,0.00018057296,0
0.0,0.084142044,0
0.0,0.019424777,0
0.0,0.015410814,0
1.0,0.9999999,1
1.0,0.8222298,1
0.0,0.00025927663,0
0.0,0.06780415,0
0.0,0.014851463,0
1.0,0.9999999,1
0.0,0.016530307,0
0.0,0.107751906,0
0.0,0.0015308909,0
0.0,0.06466822,0
0.0,0.077737585,0
1.0,0.9988418,1
0.0,0.00063714414,0
0.0,0.00025167005,0
0.0,0.0047982084,0
0.0,0.020731024,0
0.0,0.0040339543,0
0.0,0.025991753,0
0.0,0.0013745576,0
0.0,0.00013854283,0
0.0,0.0010623331,0
0.0,5.245832e-06,0
0.0,0.0052241134,0
0.0,0.022147218,0
0.0,0.44576806,0
0.0,0.0033219242,0
0.0,6.856474e-05,0
0.0,0.016893351,0
0.0,0.0039162277,0
0.0,0.009795585,0
1.0,0.9999999,1
0.0,0.0014187739,0
0.0,0.09475995,0
0.0,0.014839719,0
0.0,0.0049799015,0
0.0,0.008252808,0
0.0,0.14329319,0
0.0,0.4304289,0
0.0,0.012767912,0
1.0,0.82781005,1
0.0,0.007023146,0
0.0,0.002297761,0
0.0,0.081951335,0
0.0,0.0008502358,0
0.0,0.0005133117,0
0.0,0.21049881,0
0.0,0.0007877215,0
0.0,0.013978806,0
0.0,0.00327941,0
1.0,0.9999999,1
0.0,0.024988173,0
0.0,0.0018354439,0
0.0,0.43235916,0
0.0,0.30628824,0
0.0,3.274477e-05,0
0.0,0.0072001354,0
0.0,0.43945172,0
1.0,0.90394425,1
0.0,0.00067426986,0
0.0,9.143068e-05,0
0.0,0.049026806,0
0.0,0.048676748,0
0.0,0.0006714036,0
0.0,2.9554894e-05,0
1.0,0.8227869,1
0.0,5.9249323e-05,0
0.0,0.00059496966,0
0.0,0.010557745,0
0.0,0.0018006455,0
0.0,0.002048091,0
0.0,0.00037375785,0
0.0,0.44833338,0
0.0,0.0006424693,0
0.0,0.00011041737,0
0.0,6.311095e-05,0
1.0,0.9999999,1
1.0,0.9832028,1
0.0,7.349735e-06,0
0.0,0.00033085252,0
0.0,0.065326564,0
0.0,0.06543143,0
0.0,0.002131578,0
0.0,0.43473107,0
0.0,0.0025176338,0
1.0,0.9999999,1
0.0,0.05933221,0
0.0,2.1807862e-05,0
0.0,0.5374489,1
0.0,7.861564e-06,0
0.0,0.027234755,0
0.0,0.00015886448,0
0.0,0.0008172675,0
0.0,0.00020741878,0
1.0,0.9999999,1
0.0,0.16161324,0
0.0,0.0003098356,0
0.0,0.52712893,1
0.0,0.36508262,0
1.0,0.32550377,0
0.0,0.0072289575,0
0.0,0.029275434,0
0.0,0.00595224,0
0.0,0.19848153,0
0.0,0.08885833,0
0.0,0.0007377635,0
0.0,0.035939366,0
0.0,0.0007733433,0
0.0,0.0001586775,0
0.0,0.08204669,0
0.0,0.16549395,0
0.0,0.00020606359,0
0.0,0.0002948725,0
0.0,2.3275164e-05,0
0.0,0.111433566,0
1.0,0.9999999,1
1.0,0.9999999,1
0.0,7.935152e-05,0
0.0,0.64683384,1
0.0,0.42237598,0
1.0,0.87884414,1
0.0,0.0053543597,0
0.0,0.259115,0
1.0,1.0,1
0.0,0.4688072,0
0.0,0.024258541,0
0.0,0.0128643345,0
1.0,0.9999999,1
0.0,0.45527464,0
1.0,0.9833313,1
0.0,0.0002790185,0
1.0,0.4637115,0
0.0,0.05988141,0
0.0,0.000538913,0
0.0,0.03957937,0
0.0,0.001459273,0
0.0,0.009876461,0
1.0,0.999198,1
0.0,0.010565827,0
0.0,0.0041506286,0
0.0,0.00027802805,0
0.0,0.032025766,0
1.0,0.9999999,1
0.0,1.8115437e-05,0
0.0,6.10092e-05,0
1.0,0.99921834,1
0.0,0.007263913,0
0.0,0.002521314,0
1.0,0.9968347,1
0.0,0.00035047,0
0.0,0.002104311,0
0.0,0.012948324,0
0.0,0.013212659,0
0.0,0.00023010926,0
1.0,0.14094071,0
0.0,0.5685006,1
0.0,0.49564245,0
0.0,0.005945433,0
1.0,0.5887733,1
0.0,0.009518362,0
0.0,0.0063944743,0
1.0,0.9999999,1
0.0,0.02899563,0
0.0,0.00027505745,0
0.0,1.4385535e-05,0
0.0,0.006564868,0
0.0,0.047677305,0
0.0,0.0012501117,0
0.0,0.078935005,0
0.0,0.07840344,0
0.0,0.00010557343,0
0.0,0.001641579,0
1.0,0.45272976,0
0.0,2.9689954e-05,0
1.0,0.76013273,1
0.0,3.4881039e-06,0
0.0,0.05818424,0
0.0,0.10330987,0
0.0,0.036807466,0
0.0,0.40978348,0
0.0,0.0018401921,0
0.0,0.011347107,0
0.0,0.0077662594,0
1.0,0.77007693,1
0.0,0.010067341,0
0.0,0.00010440143,0
0.0,0.008063593,0
0.0,0.0010736592,0
0.0,0.0025679132,0
0.0,0.00018126782,0
1.0,0.9999999,1
0.0,0.007829434,0
1.0,0.9999999,1
0.0,0.0070742643,0
0.0,0.041199643,0
1.0,0.9999999,1
0.0,1.9424053e-05,0
0.0,0.032692935,0
1.0,0.92331964,1
0.0,0.12134325,0
0.0,0.01129272,0
0.0,0.07448607,0
0.0,0.018406136,0
0.0,0.0020966737,0
0.0,0.011679864,0
0.0,0.4850454,0
0.0,0.0003898625,0
0.0,0.27095526,0
0.0,0.050129782,0
0.0,7.587675e-06,0
1.0,0.9999999,1
0.0,0.0693242,0
0.0,0.021440476,0
0.0,0.05626091,0
0.0,0.00091481674,0
1.0,0.9999999,1
1.0,0.9497771,1
1.0,0.036982343,0
0.0,0.015274376,0
0.0,0.019424777,0
0.0,0.043411065,0
0.0,0.0005722804,0
0.0,0.000105991334,0
0.0,0.0006328603,0
0.0,0.00083472545,0
0.0,0.0004976279,0
0.0,6.104057e-05,0
0.0,0.02498304,0
0.0,0.0018349801,0
0.0,0.048962742,0
0.0,0.125864,0
1.0,0.9999999,1
0.0,0.34766272,0
0.0,0.010697543,0
0.0,0.16829273,0
0.0,0.00019768954,0
0.0,0.18121701,0
0.0,2.806006e-05,0
0.0,0.0663309,0
0.0,0.0062173842,0
1.0,1.0,1
0.0,0.0083452,0
0.0,0.01725728,0
0.0,0.0003403399,0
0.0,0.0054060873,0
0.0,0.000448527,0
0.0,0.022771323,0
0.0,0.12219966,0
0.0,0.0011932721,0
0.0,0.07356862,0
0.0,0.004594413,0
0.0,0.00022680948,0
0.0,0.32900208,0
0.0,0.0025234448,0
0.0,0.00022795897,0
0.0,0.48743975,0
0.0,0.0074869143,0
0.0,0.0011792195,0
1.0,0.9999999,1
0.0,0.55497074,1
1.0,0.9999999,1
0.0,0.19214448,0
0.0,0.0003618214,0
0.0,0.005526224,0
0.0,0.16019621,0
0.0,0.27502927,0
0.0,0.0012916015,0
0.0,0.10161639,0
1.0,0.9999999,1
0.0,0.0015428587,0
0.0,0.2033409,0
1.0,0.9999999,1
0.0,0.08199039,0
0.0,0.0013804415,0
0.0,0.0013356413,0
0.0,0.00013934054,0
0.0,0.0068040537,0
0.0,0.00082204666,0
0.0,2.5884261e-05,0
1.0,1.0,1
0.0,0.006627603,0
0.0,0.021417588,0
0.0,0.0019423548,0
0.0,0.073928244,0
0.0,0.00274615,0
1.0,0.801109,1
0.0,1.826194e-05,0
0.0,0.100963034,0
0.0,0.3739494,0
0.0,2.6221812e-06,0
0.0,3.0309115e-05,0
0.0,0.020490594,0
1.0,0.9999999,1
0.0,0.01964516,0
0.0,0.0057846955,0
0.0,0.13404863,0
0.0,0.011141387,0
0.0,0.001254067,0
1.0,0.9999999,1
0.0,0.00019942503,0
0.0,0.013044631,0
0.0,0.4518834,0
0.0,0.00034149404,0
1.0,0.7463298,1
0.0,5.669152e-06,0
0.0,0.00075789145,0
0.0,0.005212648,0
0.0,0.18265493,0
0.0,0.0033150937,0
0.0,0.019658271,0
0.0,0.0004647619,0
0.0,0.086760186,0
0.0,0.0033728096,0
0.0,0.019279318,0
0.0,0.00041506524,0
1.0,0.9999999,1
0.0,0.006196437,0
0.0,0.3205989,0
0.0,0.09183642,0
0.0,0.002027035,0
1.0,0.700219,1
1.0,1.0,1
0.0,0.0066896337,0
0.0,0.050199833,0
0.0,0.0004911192,0
1.0,0.9999999,1
0.0,6.6509074e-06,0
0.0,1.34117745e-05,0
0.0,0.0012393331,0
0.0,0.012520432,0
0.0,0.033491954,0
0.0,0.0033159554,0
0.0,0.00011943195,0
0.0,0.0019179838,0
0.0,0.0406107,0
1.0,0.9999999,1
0.0,0.00039293323,0
0.0,0.01116721,0
0.0,0.00027876592,0
0.0,0.58359843,1
1.0,0.85663825,1
0.0,0.0916197,0
0.0,1.2333329e-06,0
0.0,0.001577435,0
0.0,0.002590983,0
0.0,0.007489246,0
0.0,0.0005140474,0
0.0,0.070517816,0
0.0,0.000109815075,0
0.0,5.8687606e-06,0
0.0,9.31528e-06,0
0.0,0.14017446,0
0.0,0.0044918205,0
0.0,0.38642803,0
0.0,0.00066649646,0
0.0,0.004372986,0
1.0,0.9977792,1
1.0,0.9999999,1
0.0,0.005170156,0
0.0,0.05580198,0
0.0,0.00085020787,0
0.0,0.29554328,0
0.0,2.8903323e-06,0
0.0,0.0012040163,0
1.0,0.9999999,1
0.0,0.00026801098,0
0.0,0.030084124,0
0.0,0.011350183,0
0.0,0.41189665,0
0.0,1.9483588e-05,0
0.0,0.00037681693,0
0.0,0.10845004,0
0.0,0.0002827815,0
0.0,0.026308436,0
1.0,0.9999999,1
0.0,0.0007514485,0
0.0,0.000112011396,0
1.0,0.9249118,1
0.0,0.08101258,0
0.0,0.05920369,0
0.0,5.6184404e-06,0
1.0,0.9999925,1
0.0,2.1334125e-05,0
0.0,0.06668568,0
1.0,0.99551624,1
0.0,0.32449064,0
0.0,0.060779087,0
0.0,0.40407568,0
0.0,0.0015859167,0
1.0,0.97722834,1
0.0,0.6528362,1
0.0,0.06956052,0
0.0,2.2191474e-05,0
0.0,0.008877516,0
0.0,0.00018704667,0
0.0,0.00052750757,0
0.0,2.0510173e-05,0
0.0,4.527681e-05,0
0.0,0.00047425154,0
0.0,0.0014677682,0
0.0,0.00031965156,0
0.0,0.0065433113,0
0.0,0.005789966,0
0.0,0.012561826,0
0.0,0.008365843,0
0.0,5.5654004e-06,0
0.0,0.00079650787,0
0.0,2.3843154e-06,0
0.0,0.031682428,0
0.0,0.056971956,0
0.0,0.0117614325,0
0.0,0.18006048,0
0.0,0.0002770033,0
1.0,0.99946195,1
0.0,0.2661814,0
0.0,0.0028246413,0
0.0,0.3592049,0
1.0,0.9999999,1
0.0,0.274689,0
0.0,0.00030546277,0
1.0,0.99801105,1
0.0,0.0067418437,0
1.0,1.0,1
0.0,0.010930717,0
0.0,0.021125114,0
0.0,0.00036953256,0
0.0,0.0074902386,0
0.0,0.011304147,0
0.0,0.49423715,0
0.0,0.001102191,0
0.0,0.021793189,0
0.0,0.006920758,0
0.0,0.0012421843,0
0.0,3.4686545e-05,0
0.0,0.0056350883,0
0.0,3.913782e-05,0
0.0,0.026520103,0
0.0,0.29342213,0
1.0,0.99782383,1
0.0,0.043316826,0
0.0,0.00032352284,0
0.0,1.1152281e-05,0
0.0,0.24968179,0
0.0,0.001553057,0
0.0,0.00065618084,0
0.0,0.049074158,0
1.0,0.9999999,1
0.0,0.012718289,0
1.0,0.99988425,1
0.0,9.443758e-07,0
0.0,7.86956e-06,0
0.0,0.008322963,0
1.0,1.0,1
0.0,0.0018502332,0
0.0,1.8246796e-05,0
0.0,0.1566795,0
0.0,0.010933243,0
0.0,0.007731495,0
0.0,0.17330441,0
0.0,0.0024066267,0
0.0,2.3944758e-05,0
0.0,0.0012341217,0
0.0,0.00016896742,0
0.0,0.0019736767,0
0.0,0.0060094204,0
0.0,0.3240344,0
1.0,0.9435921,1
0.0,0.00068565237,0
0.0,0.0019365371,0
0.0,0.11434676,0
0.0,0.0047363173,0
1.0,0.97117484,1
1.0,0.9999999,1
0.0,0.0075711086,0
1.0,0.9999999,1
1.0,0.9999999,1
1.0,0.995492,1
1.0,0.9999999,1
1.0,1.0,1
1.0,0.3808978,0
0.0,0.0065741013,0
0.0,0.011822966,0
0.0,0.19381058,0
0.0,0.0010771804,0
1.0,0.9999999,1
0.0,0.12619375,0
0.0,0.028731737,0
0.0,0.0015818644,0
0.0,0.44901875,0
0.0,0.00011342976,0
0.0,0.041664675,0
0.0,0.2934631,0
0.0,0.0061015026,0
0.0,0.0051764436,0
0.0,0.2218212,0
1.0,0.9976306,1
0.0,0.0049931626,0
0.0,0.0009802815,0
0.0,0.026067603,0
0.0,0.43236703,0
0.0,0.2605112,0
0.0,0.0018729317,0
0.0,0.0002295809,0
0.0,0.041679792,0
0.0,0.00070044,0
0.0,0.00010339296,0
0.0,0.6675367,1
0.0,0.28319955,0
0.0,0.009791848,0
0.0,0.5610351,1
0.0,0.41930872,0
0.0,0.0017408585,0
0.0,0.00030567544,0
0.0,0.023893673,0
0.0,0.035750173,0
0.0,4.6518297e-05,0
0.0,2.875264e-06,0
0.0,0.003301316,0
0.0,0.46844953,0
0.0,0.8551834,1
0.0,0.005917683,0
0.0,0.0008229182,0
0.0,0.003485921,0
0.0,0.22178717,0
0.0,0.032389536,0
0.0,0.0013299893,0
0.0,4.3059363e-06,0
0.0,0.0040658703,0
0.0,0.025674619,0
0.0,0.0044275285,0
0.0,0.0025785288,0
0.0,3.8383223e-06,0
0.0,7.1478485e-06,0
0.0,0.00068234745,0
0.0,0.0054726866,0
0.0,0.10006071,0
0.0,0.0017430045,0
0.0,1.756568e-05,0
0.0,2.4117928e-06,0
0.0,7.832869e-05,0
0.0,0.0072930497,0
1.0,1.0,1
1.0,0.9999999,1
0.0,0.036024224,0
0.0,0.0033042058,0
0.0,0.03632496,0
0.0,7.081875e-05,0
0.0,0.0014573719,0
0.0,0.0048218807,0
0.0,5.2762283e-07,0
0.0,0.010479558,0
0.0,0.00050232763,0
0.0,0.0003532306,0
0.0,0.007889307,0
1.0,1.0,1
0.0,0.013302523,0
1.0,0.9999999,1
0.0,0.03551475,0
0.0,0.017107144,0
0.0,0.3493408,0
0.0,0.018412706,0
0.0,0.03493504,0
0.0,0.12675683,0
0.0,0.097284436,0
1.0,0.9999999,1
0.0,0.049019136,0
0.0,0.0010256715,0
0.0,0.0022440527,0
0.0,0.0022339139,0
0.0,0.6216293,1
0.0,0.0077311946,0
0.0,0.06914599,0
0.0,0.009620031,0
0.0,0.002625934,0
0.0,0.19214448,0
0.0,0.24610324,0
0.0,5.940281e-05,0
0.0,0.4412778,0
0.0,0.055345707,0
0.0,0.09751775,0
0.0,0.0061188038,0
0.0,0.0003961535,0
0.0,0.0011412052,0
1.0,0.9999999,1
0.0,0.015802098,0
0.0,0.0012067587,0
0.0,0.020333175,0
0.0,0.02628258,0
0.0,0.006302014,0
0.0,0.45739043,0
0.0,5.5185474e-06,0
0.0,0.12679347,0
0.0,0.027444843,0
0.0,0.0011687313,0
0.0,1.2085395e-06,0
0.0,0.014414499,0
0.0,0.0050621494,0
0.0,1.1804361e-05,0
0.0,0.59475213,1
0.0,0.03647991,0
0.0,0.4596714,0
0.0,0.01027763,0
0.0,0.0117360195,0
0.0,0.00076686806,0
0.0,0.47334796,0
0.0,3.745759e-06,0
0.0,0.004878317,0
0.0,0.005889862,0
0.0,9.425885e-06,0
0.0,0.040870607,0
0.0,0.008212808,0
1.0,0.8211996,1
0.0,0.00073555985,0
0.0,0.0015141065,0
0.0,6.645233e-06,0
1.0,0.9999999,1
0.0,0.013463328,0
1.0,0.9998952,1
1.0,0.9999999,1
1.0,0.9999999,1
0.0,7.385518e-05,0
0.0,0.023080904,0
0.0,7.2810646e-05,0
0.0,4.311623e-05,0
0.0,0.010396577,0
0.0,0.14235593,0
0.0,0.07331046,0
0.0,2.0876252e-05,0
0.0,0.0042664637,0
0.0,2.368287e-05,0
0.0,0.008407415,0
0.0,7.9467486e-07,0
0.0,0.0021582125,0
0.0,0.31479082,0
0.0,0.3656882,0
0.0,0.00071109855,0
0.0,0.016870297,0
0.0,0.00022808767,0
1.0,0.7738433,1
0.0,0.005210747,0
0.0,0.004542113,0
1.0,0.9999999,1
1.0,0.99857545,1
1.0,0.9999999,1
0.0,0.0023839728,0
1.0,0.9920866,1
1.0,0.9999999,1
0.0,0.06586068,0
0.0,0.012438173,0
0.0,0.0017980669,0
0.0,0.004178669,0
0.0,0.046382286,0
0.0,1.7797433e-05,0
0.0,0.1750457,0
0.0,0.011127904,0
0.0,0.0012312146,0
0.0,0.00020600446,0
0.0,0.003768744,0
0.0,0.23556,0
0.0,0.0019871641,0
0.0,0.006911047,0
0.0,0.11833779,0
0.0,0.0002513068,0
0.0,0.0010239147,0
0.0,0.3497856,0
0.0,0.0020026262,0
0.0,0.00050715124,0
0.0,0.00081826764,0
0.0,0.021076748,0
0.0,0.13689016,0
0.0,0.00073632435,0
0.0,0.00046130718,0
0.0,0.013797656,0
1.0,0.99999845,1
0.0,0.0322105,0
0.0,0.010486701,0
0.0,0.044113237,0
0.0,0.038613833,0
0.0,0.015342087,0
0.0,0.0051978063,0
0.0,0.127862,0
0.0,6.433782e-05,0
0.0,0.40516433,0
0.0,2.4496245e-05,0
0.0,0.46671966,0
0.0,0.07737836,0
1.0,0.009422727,0
1.0,0.9999999,1
1.0,0.9972856,1
0.0,0.00017558663,0
0.0,0.19044106,0
0.0,0.06564175,0
1.0,0.41392007,0
0.0,0.00040734513,0
0.0,0.0032715455,0
0.0,0.005854469,0
0.0,0.14003417,0
0.0,0.095901236,0
0.0,0.0029167412,0
0.0,0.00034353015,0
0.0,0.033592477,0
0.0,0.00368594,0
1.0,1.0,1
0.0,6.955944e-05,0
0.0,0.07113874,0
0.0,0.29001594,0
0.0,0.053891182,0
0.0,0.44704652,0
0.0,0.00068753236,0
0.0,0.24610324,0
0.0,0.4202525,0
0.0,0.027404143,0
0.0,0.13287796,0
0.0,0.0038651514,0
0.0,0.21926329,0
0.0,0.5066382,1
0.0,2.0626709e-05,0
0.0,0.22880414,0
0.0,0.0024817737,0
1.0,0.9999999,1
1.0,0.9999999,1
0.0,0.057577904,0
0.0,0.5174743,1
0.0,0.20369007,0
0.0,1.6099535e-05,0
0.0,0.0035922814,0
0.0,6.2030085e-05,0
0.0,9.095573e-06,0
0.0,0.15397958,0
0.0,0.015418833,0
1.0,0.41864657,0
0.0,0.0063507813,0
0.0,0.00034508968,0
0.0,0.009957146,0
0.0,0.28857377,0
0.0,0.4942884,0
1.0,0.9999999,1
1.0,0.38553727,0
0.0,0.0017534056,0
0.0,0.04554998,0
0.0,0.0027411503,0
0.0,0.13012643,0
0.0,7.114602e-05,0
0.0,0.052328587,0
0.0,0.046998296,0
0.0,0.09439914,0
0.0,0.0017497211,0
0.0,0.60884804,1
0.0,0.13074838,0
0.0,0.45227233,0
0.0,3.3374283e-05,0
1.0,0.9999999,1
0.0,0.00563246,0
0.0,0.009582909,0
0.0,0.21465556,0
0.0,0.036965016,0
0.0,0.15328111,0
0.0,0.00028455458,0
0.0,0.03327027,0
0.0,0.14493252,0
1.0,0.9999999,1
0.0,0.2742228,0
0.0,0.00022427327,0
0.0,7.153837e-05,0
0.0,0.0020341382,0
0.0,0.016110038,0
0.0,0.10945888,0
0.0,0.00070439186,0
1.0,0.9999989,1
0.0,0.00024447462,0
0.0,0.024721544,0
0.0,0.0003178095,0
0.0,0.0019877204,0
0.0,0.002475889,0
0.0,0.03253148,0
1.0,0.9948532,1
0.0,8.3788245e-06,0
0.0,0.009666938,0
1.0,0.6715956,1
0.0,0.002043771,0
0.0,0.10804983,0
1.0,0.9999999,1
0.0,0.00030937188,0
0.0,0.011356081,0
0.0,0.56739515,1
0.0,0.00023848553,0
0.0,0.0025816541,0
1.0,0.9999999,1
0.0,0.00010051482,0
0.0,0.507101,1
0.0,0.053501315,0
0.0,0.025224898,0
0.0,0.07440766,0
0.0,0.049172975,0
0.0,0.06528872,0
0.0,0.0018536636,0
0.0,0.00015893372,0
0.0,0.007560185,0
0.0,0.0035423299,0
0.0,4.285477e-06,0
0.0,0.0006922216,0
0.0,5.129007e-05,0
0.0,0.004464127,0
1.0,0.9999999,1
0.0,0.00024447462,0
0.0,0.35314873,0
0.0,0.003882228,0
0.0,0.0009103254,0
0.0,0.045216046,0
0.0,0.2722593,0
0.0,0.014647996,0
0.0,0.19563843,0
0.0,0.016742041,0
0.0,0.041175388,0
0.0,1.0704945e-06,0
0.0,0.0001925498,0
0.0,0.015343094,0
0.0,0.033009887,0
0.0,0.04846645,0
0.0,0.005386417,0
0.0,6.790908e-05,0
1.0,0.9999999,1
0.0,0.28742072,0
0.0,0.004839079,0
0.0,0.015956746,0
0.0,0.00014138842,0
0.0,0.0002609847,0
0.0,0.0080426475,0
0.0,0.004585744,0
0.0,0.0019436531,0
0.0,0.007014628,0
0.0,0.0598934,0
0.0,0.019187495,0
1.0,0.9999999,1
0.0,3.2948615e-06,0
0.0,0.7817984,1
0.0,0.113166705,0
0.0,0.026312696,0
0.0,0.00854265,0
0.0,0.009846183,0
0.0,5.307733e-06,0
0.0,0.021475522,0
1.0,0.98032445,1
0.0,0.0015023657,0
0.0,6.3731403e-07,0
1.0,0.9999999,1
0.0,0.5803604,1
0.0,0.0006818667,0
0.0,5.5995726e-05,0
0.0,0.40633243,0
0.0,0.026492465,0
0.0,0.0020637587,0
1.0,1.0,1
0.0,0.20763844,0
0.0,0.0037117735,0
0.0,0.0008266668,0
0.0,0.08012884,0
0.0,0.0032764534,0
0.0,0.005883525,0
1.0,0.99940574,1
0.0,0.0008298343,0
0.0,0.2831219,0
0.0,0.08235756,0
0.0,0.114836805,0
1.0,0.88749856,1
0.0,0.006553853,0
0.0,0.008384861,0
0.0,8.250295e-07,0
0.0,0.0061612376,0
1.0,0.9999999,1
1.0,0.9999999,1
0.0,8.108113e-05,0
0.0,0.0011264757,0
1.0,0.9999994,1
0.0,0.0004943697,0
0.0,0.01740035,0
0.0,0.010965641,0
0.0,0.025717996,0
0.0,0.48622948,0
0.0,0.39922568,0
0.0,0.0003652801,0
0.0,0.13300009,0
0.0,0.0030710483,0
0.0,3.3316373e-06,0
0.0,8.639907e-05,0
0.0,0.0015858172,0
0.0,0.058498252,0
0.0,0.0012743651,0
0.0,0.014746054,0
0.0,0.36476302,0
0.0,0.0043356456,0
0.0,5.6283367e-05,0
0.0,0.0004005149,0
0.0,0.0018872352,0
1.0,0.9263811,1
0.0,0.10794024,0
1.0,1.0,1
0.0,0.0057413196,0
0.0,0.010371866,0
0.0,0.0002031591,0
1.0,0.99996805,1
0.0,1.802616e-06,0
0.0,0.74411684,1
0.0,0.019577725,0
0.0,0.029766746,0
0.0,0.06417176,0
0.0,0.050251357,0
0.0,6.3061256e-05,0
1.0,0.9999999,1
0.0,0.038583823,0
0.0,0.023241123,0
0.0,0.00011476789,0
0.0,0.02772524,0
0.0,0.03408119,0
0.0,0.001844178,0
0.0,0.10877078,0
0.0,0.0014998276,0
0.0,0.00016852206,0
0.0,0.0006647124,0
0.0,0.00050076004,0
0.0,0.008674516,0
0.0,0.006656995,0
0.0,0.0011837481,0
0.0,0.001979943,0
1.0,0.9999999,1
0.0,0.004987868,0
0.0,4.211744e-05,0
1.0,0.9999995,1
0.0,0.0076208967,0
0.0,0.683526,1
1.0,0.34364054,0
1.0,0.0011039532,0
0.0,0.41224083,0
0.0,0.00044166154,0
0.0,0.0011656043,0
0.0,0.21136785,0
0.0,0.04110377,0
0.0,0.00058238,0
1.0,0.9999999,1
0.0,0.081523985,0
1.0,1.0,1
0.0,0.003545612,0
0.0,9.116497e-05,0
0.0,0.0001802578,0
0.0,0.1029737,0
1.0,0.80627084,1
0.0,0.05662058,0
0.0,0.21744245,0
0.0,0.045679975,0
0.0,0.005223566,0
0.0,0.0007716605,0
0.0,0.006196437,0
0.0,0.00016210391,0
0.0,0.008043267,0
0.0,0.00801016,0
0.0,0.00031374354,0
0.0,0.063451245,0
0.0,0.0011788814,0
0.0,9.205725e-05,0
0.0,0.3956545,0
0.0,8.209708e-05,0
0.0,0.982393,1
0.0,0.007950283,0
0.0,0.000119529606,0
1.0,0.9602074,1
0.0,0.00060645473,0
0.0,0.113709174,0
0.0,0.30173564,0
1.0,0.9975303,1
1.0,0.121606596,0
0.0,0.0035165257,0
0.0,0.0010966605,0
1.0,0.9999999,1
0.0,0.47004157,0
0.0,0.33979282,0
1.0,0.9999999,1
0.0,0.0010724973,0
0.0,0.00018277919,0
0.0,0.5467729,1
0.0,0.009348146,0
0.0,0.00019817117,0
0.0,0.0015562108,0
0.0,0.0053509986,0
0.0,0.011246485,0
0.0,0.00012704764,0
0.0,0.0032363494,0
0.0,0.00073243247,0
0.0,0.004519548,0
0.0,0.22560138,0
0.0,0.54909223,1
0.0,0.00089170126,0
0.0,0.002522637,0
1.0,0.998317,1
0.0,0.0032840928,0
0.0,0.0003055516,0
0.0,8.058116e-06,0
0.0,0.0014821268,0
0.0,0.000350721,0
0.0,0.00054067187,0
0.0,0.0038136423,0
0.0,0.50971544,1
0.0,0.2531078,0
0.0,0.018773733,0
0.0,0.0024717634,0
0.0,0.9318107,1
1.0,1.0,1
0.0,0.002798295,0
0.0,0.13325241,0
0.0,0.2309285,0
0.0,0.0021162643,0
0.0,0.0012020952,0
0.0,0.0021772408,0
0.0,0.044730946,0
1.0,0.99981695,1
0.0,0.36902103,0
0.0,0.0006927196,0
0.0,0.00052750757,0
0.0,8.1244594e-05,0
0.0,0.4389446,0
0.0,0.0009426465,0
0.0,0.041281648,0
0.0,0.004262015,0
0.0,0.043937694,0
0.0,0.006884611,0
0.0,4.285477e-06,0
0.0,0.042650267,0
0.0,0.0025402084,0
0.0,2.2328799e-05,0
0.0,0.000457655,0
1.0,0.9999999,1
0.0,0.0022166893,0
0.0,0.007005981,0
0.0,0.027321205,0
0.0,0.0008293461,0
0.0,1.2426551e-06,0
1.0,0.24618591,0
0.0,0.4644286,0
1.0,0.92312574,1
1.0,0.052583322,0
0.0,0.00014194161,0
0.0,0.0009811738,0
0.0,0.000115949304,0
0.0,3.0391633e-05,0
0.0,3.421125e-05,0
0.0,0.0009912045,0
0.0,0.0007020573,0
0.0,5.3407266e-06,0
0.0,0.007788849,0
0.0,0.4762226,0
0.0,0.06666215,0
1.0,0.34805954,0
1.0,0.99988616,1
0.0,0.023279637,0
0.0,0.29069614,0
0.0,0.040774357,0
0.0,0.005241372,0
0.0,0.012050769,0
1.0,0.9999999,1
0.0,0.000532069,0
0.0,6.223218e-05,0
0.0,0.0090515725,0
1.0,0.8921163,1
0.0,0.004675674,0
0.0,0.09293966,0
0.0,0.43004507,0
0.0,0.01226734,0
1.0,0.9999999,1
0.0,0.00061160343,0
0.0,0.029069554,0
0.0,0.00038389518,0
1.0,0.84412754,1
0.0,0.09429356,0
0.0,0.04481304,0
0.0,0.07493398,0
0.0,0.0011267291,0
0.0,0.00068050215,0
0.0,0.0193955,0
1.0,0.40223593,0
0.0,0.43276188,0
0.0,0.0148929125,0
0.0,0.3055975,0
0.0,0.46284926,0
1.0,0.9998907,1
0.0,0.0073442757,0
0.0,0.003462023,0
0.0,0.0006458434,0
0.0,0.00016544678,0
0.0,1.503428e-05,0
0.0,0.06301235,0
0.0,0.06005391,0
0.0,0.00027164002,0
0.0,0.0010329196,0
0.0,0.45382762,0
0.0,0.49615654,0
0.0,3.7588204e-06,0
0.0,0.05265383,0
0.0,0.25790587,0
0.0,0.036731217,0
0.0,0.1758299,0
0.0,0.00914278,0
0.0,0.0149628,0
0.0,2.7152164e-05,0
1.0,0.9940838,1
0.0,0.09722797,0
0.0,0.11472828,0
0.0,0.0010645002,0
0.0,0.009189433,0
0.0,0.036806595,0
0.0,0.010493091,0
0.0,0.0075146733,0
0.0,0.03938488,0
0.0,0.0037522253,0
0.0,0.08702457,0
0.0,0.0019834286,0
0.0,0.006464424,0
0.0,0.4644286,0
1.0,0.8239746,1
0.0,0.00036707602,0
0.0,0.003233522,0
0.0,2.307177e-06,0
0.0,0.2894064,0
0.0,0.36255252,0
0.0,0.00032845835,0
0.0,0.13487501,0
0.0,0.19742306,0
0.0,0.025359418,0
0.0,0.13684225,0
0.0,0.006529004,0
1.0,0.9999999,1
0.0,0.007178822,0
0.0,0.00061913906,0
0.0,0.103930406,0
0.0,2.4574638e-07,0
0.0,0.037359826,0
0.0,0.030103356,0
0.0,0.09114315,0
0.0,0.13359655,0
0.0,0.016889922,0
0.0,0.017125338,0
0.0,0.64394027,1
0.0,0.010827014,0
0.0,0.05792147,0
0.0,0.03732135,0
0.0,0.0004027144,0
0.0,0.00015056008,0
1.0,0.70174056,1
0.0,0.0018633548,0
0.0,0.0007107763,0
0.0,0.0013676214,0
1.0,0.9999999,1
0.0,0.34928647,0
0.0,0.00012023412,0
0.0,3.8628525e-05,0
0.0,0.0027889113,0
0.0,0.44451332,0
0.0,0.00010051137,0
0.0,0.0011555023,0
0.0,0.0011212117,0
0.0,0.00015572422,0
0.0,0.28710827,0
0.0,0.045977227,0
1.0,0.46753842,0
0.0,0.0675454,0
0.0,0.00015952176,0
0.0,0.0011577791,0
1.0,0.9999999,1
0.0,0.387023,0
0.0,0.2892141,0
1.0,0.99994576,1
1.0,0.9999999,1
0.0,0.06588306,0
0.0,0.0037225538,0
0.0,0.00056633784,0
0.0,0.1311052,0
0.0,0.00027945594,0
0.0,0.011504211,0
0.0,0.00219142,0
0.0,0.036106057,0
0.0,0.00047760838,0
0.0,0.002254776,0
0.0,0.542598,1
0.0,0.0021484606,0
0.0,0.0018072693,0
1.0,0.9999999,1
0.0,0.017008223,0
0.0,0.011033944,0
0.0,0.048977904,0
0.0,0.35433927,0
0.0,1.4902609e-05,0
0.0,0.00028236903,0
0.0,0.0011246594,0
0.0,0.3283449,0
0.0,0.012530421,0
0.0,0.774109,1
0.0,0.00024283915,0
0.0,0.0068639894,0
0.0,0.002147272,0
0.0,0.44807485,0
0.0,0.02110214,0
0.0,3.6515948e-07,0
1.0,0.9999999,1
0.0,0.0046293885,0
1.0,0.9260726,1
0.0,0.005670682,0
0.0,0.018773733,0
0.0,0.00012835911,0
0.0,0.0009433684,0
1.0,1.0,1
1.0,0.9999999,1
0.0,0.00087704073,0
1.0,0.9999999,1
1.0,0.059815206,0
0.0,0.00043412697,0
0.0,0.0027135604,0
0.0,0.00028171696,0
0.0,0.23954289,0
0.0,0.18783148,0
0.0,0.00057112216,0
0.0,0.00028479286,0
0.0,0.21533307,0
0.0,1.7827142e-05,0
0.0,0.0010712061,0
0.0,0.0053032627,0
0.0,0.00095568143,0
0.0,0.33696613,0
0.0,0.00018392656,0
1.0,0.24398676,0
0.0,0.24755009,0
0.0,0.0003837287,0
0.0,0.044166308,0
0.0,0.05434114,0
0.0,0.0058276155,0
0.0,0.0030072066,0
0.0,0.056596033,0
0.0,0.018621009,0
0.0,0.2756174,0
0.0,0.017620377,0
0.0,0.3455499,0
0.0,0.010965641,0
0.0,0.0100135235,0
1.0,0.97722834,1
0.0,0.0016500249,0
0.0,0.00013762536,0
0.0,0.013505066,0
0.0,0.00047974175,0
0.0,0.0011952058,0
0.0,0.03783855,0
0.0,2.505957e-05,0
0.0,0.07405438,0
0.0,0.00043465744,0
1.0,0.9999999,1
0.0,0.4813096,0
0.0,0.2182764,0
1.0,0.9999999,1
0.0,0.12354876,0
0.0,0.11197577,0
0.0,0.043951046,0
1.0,1.0,1
0.0,0.00038178003,0
1.0,0.999879,1
0.0,0.00012114397,0
0.0,0.000583343,0
0.0,0.009492225,0
0.0,0.0018182573,0
0.0,0.00012424539,0
1.0,0.9999999,1
0.0,0.021179492,0
0.0,0.044730946,0
0.0,0.083026946,0
1.0,0.9999999,1
1.0,0.9999999,1
0.0,7.4243486e-05,0
1.0,0.9999999,1
0.0,0.0014753642,0
0.0,0.0012842164,0
0.0,0.21449699,0
1.0,1.0,1
0.0,0.0190268,0
0.0,0.4712548,0
0.0,0.004467663,0
0.0,0.005690049,0
0.0,0.00036608404,0
0.0,0.09073232,0
1.0,0.99449277,1
0.0,0.013509615,0
0.0,0.00022551072,0
0.0,8.252252e-06,0
0.0,0.00031405926,0
1.0,0.9815461,1
0.0,0.0002513861,0
0.0,0.08870518,0
0.0,0.00045403757,0
0.0,0.001225187,0
0.0,0.00015717241,0
0.0,0.0006805634,0
1.0,0.9999999,1
0.0,0.2248806,0
0.0,8.020794e-06,0
0.0,0.0003255935,0
1.0,0.060561787,0
0.0,0.0032087197,0
0.0,0.0007473902,0
0.0,0.0012966724,0
0.0,0.36476302,0
0.0,0.006383552,0
0.0,0.116921805,0
0.0,0.03739586,0
0.0,0.00075410766,0
0.0,0.17882577,0
0.0,0.0021585955,0
0.0,0.0006457157,0
0.0,0.026400412,0
1.0,0.9997187,1
0.0,1.6625556e-05,0
0.0,0.00080327987,0
0.0,0.0010768601,0
1.0,0.97096676,1
0.0,0.00017081543,0
0.0,0.07183871,0
1.0,0.9999999,1
0.0,0.036589634,0
0.0,0.0002605151,0
0.0,0.26190794,0
0.0,0.022681272,0
1.0,1.0,1
1.0,0.969875,1
0.0,0.0014716275,0
0.0,0.015393827,0
0.0,0.41189665,0
0.0,0.016699778,0
0.0,0.06358275,0
0.0,0.17601971,0
0.0,0.10473531,0
0.0,0.18060294,0
0.0,0.2858165,0
0.0,0.0017265149,0
0.0,0.49484277,0
1.0,0.69994265,1
0.0,3.794497e-05,0
0.0,0.01655945,0
0.0,0.0012696219,0
0.0,0.00015263975,0
0.0,0.0009775227,0
1.0,0.9999999,1
1.0,1.0,1
0.0,1.9028355e-05,0
0.0,0.10265148,0
0.0,0.020581774,0
0.0,0.011673887,0
0.0,0.036843315,0
0.0,0.077276446,0
0.0,0.0032584497,0
0.0,0.003247905,0
0.0,0.0014099187,0
0.0,0.0021313732,0
0.0,0.008446681,0
0.0,0.70279354,1
0.0,0.0054864744,0
0.0,0.44166532,0
0.0,0.30302247,0
0.0,0.11683095,0
1.0,0.9999999,1
1.0,1.0,1
0.0,0.25313824,0
0.0,0.0016429517,0
0.0,0.0014569368,0
0.0,0.0030743715,0
0.0,0.5511613,1
0.0,0.005011732,0
0.0,0.1887723,0
0.0,0.0141604915,0
0.0,0.021952238,0
0.0,5.1783052e-05,0
0.0,0.047523044,0
1.0,0.99180955,1
0.0,0.089321256,0
1.0,0.9759169,1
0.0,0.11978599,0
1.0,1.0,1
0.0,0.32180458,0
0.0,0.00030437147,0
0.0,2.6980722e-05,0
0.0,0.029907197,0
0.0,0.015619561,0
0.0,0.0007824633,0
0.0,0.24585958,0
0.0,0.0002191138,0
0.0,0.03398199,0
0.0,0.039415214,0
0.0,0.0020205306,0
0.0,0.00022779753,0
0.0,0.0130329905,0
1.0,0.10229818,0
0.0,0.012034891,0
1.0,0.9999999,1
0.0,0.018133543,0
0.0,0.043318287,0
1.0,0.9999999,1
1.0,0.098862015,0
0.0,0.0002701557,0
0.0,0.11422675,0
0.0,0.035537448,0
0.0,0.00036992235,0
0.0,0.0018724041,0
0.0,0.0032798995,0
0.0,0.021459995,0
0.0,0.00072441896,0
1.0,0.07186968,0
0.0,0.001763996,0
0.0,0.03915907,0
0.0,0.44807485,0
0.0,0.0055083805,0
0.0,0.00022928556,0
0.0,0.34839952,0
0.0,0.0018221308,0
0.0,0.31265408,0
0.0,0.00029149925,0
1.0,0.9999999,1
0.0,0.056477383,0
0.0,0.0005420269,0
0.0,0.008138565,0
0.0,2.3762523e-06,0
1.0,0.9999999,1
1.0,0.79680914,1
0.0,0.0001086831,0
0.0,6.251412e-05,0
0.0,0.0020240662,0
0.0,0.17715432,0
0.0,0.28706464,0
0.0,0.03363094,0
0.0,0.029795995,0
0.0,0.0005229386,0
0.0,0.00811335,0
0.0,0.16010879,0
0.0,0.0020332092,0
1.0,0.9999999,1
0.0,0.003069844,0
0.0,0.00037030625,0
0.0,1.1159676e-06,0
0.0,0.0036569245,0
0.0,1.0996999e-05,0
0.0,0.002532048,0
1.0,0.8490221,1
1.0,0.99985814,1
0.0,0.0028379478,0
0.0,3.2388398e-05,0
0.0,0.028260015,0
0.0,8.094801e-06,0
0.0,0.002280232,0
0.0,0.021117266,0
0.0,0.006549427,0
0.0,4.2224612e-05,0
0.0,0.02579186,0
0.0,0.046865426,0
0.0,0.019017948,0
0.0,0.014462947,0
0.0,0.12631433,0
0.0,0.010712641,0
0.0,0.20812926,0
0.0,8.844761e-06,0
0.0,0.00977154,0
0.0,6.551362e-06,0
0.0,0.21147412,0
0.0,0.0022925045,0
0.0,0.0005294929,0
0.0,0.41511294,0
0.0,0.08591865,0
0.0,0.054665968,0
0.0,0.00016820563,0
0.0,0.29209286,0
1.0,0.010074743,0
1.0,0.5141584,1
0.0,0.31758007,0
0.0,0.0005178267,0
0.0,0.030729959,0
0.0,0.79373455,1
0.0,0.00999068,0
0.0,0.005688147,0
0.0,0.006224793,0
0.0,0.056334782,0
0.0,0.034209758,0
0.0,0.14461072,0
0.0,0.25210845,0
0.0,1.6357724e-06,0
0.0,0.00028802452,0
0.0,0.017717708,0
0.0,0.2248806,0
1.0,0.9999999,1
0.0,0.005841262,0
0.0,0.0020833453,0
0.0,1.3916138e-05,0
1.0,0.9999999,1
0.0,0.25193346,0
0.0,0.049878195,0
0.0,0.004163675,0
0.0,0.026890174,0
0.0,0.34776562,0
0.0,0.0068505295,0
1.0,1.0,1
0.0,0.0003946503,0
0.0,0.17994124,0
0.0,0.039908107,0
1.0,0.99999523,1
0.0,0.05988141,0
0.0,0.0005363669,0
0.0,0.00030356785,0
0.0,0.00013872169,0
0.0,0.007332157,0
0.0,0.0053014373,0
1.0,0.9999999,1
0.0,0.00038586732,0
1.0,1.0,1
0.0,0.0005819951,0
0.0,0.010488285,0
0.0,0.007812916,0
0.0,0.11070291,0
0.0,0.15631646,0
1.0,0.9947897,1
0.0,0.00012866914,0
0.0,0.0036513244,0
0.0,0.009893182,0
0.0,3.6721326e-07,0
0.0,0.01923386,0
0.0,0.10984581,0
0.0,0.05434114,0
0.0,0.05643854,0
1.0,0.7412475,1
0.0,0.28935614,0
0.0,0.00013488777,0
0.0,0.009768887,0
0.0,0.022838803,0
1.0,0.7695387,1
0.0,0.0020584264,0
0.0,0.0015360842,0
0.0,0.06938903,0
0.0,0.10150276,0
0.0,3.0685933e-06,0
0.0,0.3189736,0
0.0,0.12999012,0
1.0,0.882001,1
1.0,0.0094707515,0
1.0,0.9846428,1
1.0,0.10304977,0
0.0,0.15530053,0
0.0,5.4647928e-05,0
0.0,0.00033919764,0
0.0,0.00066085893,0
0.0,0.0026813364,0
0.0,0.03602175,0
0.0,0.2210792,0
0.0,0.0011911632,0
1.0,0.9999999,1
0.0,0.432584,0
0.0,0.02787865,0
1.0,0.9999999,1
0.0,0.17356567,0
0.0,0.09971623,0
0.0,3.5458044e-07,0
0.0,0.0030358615,0
0.0,0.22704618,0
0.0,0.0875469,0
0.0,0.42237598,0
0.0,0.3386847,0
0.0,0.5693136,1
0.0,0.00042732828,0
0.0,3.8176033e-05,0
0.0,0.049997397,0
0.0,0.096493095,0
0.0,0.0009067562,0
0.0,0.00019636904,0
0.0,0.26414743,0
0.0,0.00422089,0
0.0,0.23082855,0
0.0,0.39632684,0
0.0,0.0006146348,0
0.0,0.00043193036,0
1.0,0.9999999,1
0.0,0.00046646153,0
0.0,4.6300065e-05,0
0.0,0.004598722,0
0.0,0.10317175,0
0.0,0.0038380567,0
1.0,0.9999999,1
0.0,0.0003432607,0
1.0,0.9688335,1
0.0,0.02805071,0
0.0,0.00029551925,0
0.0,2.8065357e-05,0
0.0,0.2225331,0
0.0,0.28825888,0
0.0,0.18863258,0
0.0,0.0061216666,0
0.0,0.0021258236,0
0.0,2.6162208e-05,0
0.0,0.12932736,0
0.0,0.44451284,0
1.0,0.98536706,1
0.0,0.017228846,0
0.0,0.00064460497,0
0.0,0.27154812,0
1.0,0.9999999,1
0.0,0.006271204,0
0.0,3.1329716e-07,0
0.0,0.0005769166,0
0.0,0.12656276,0
0.0,6.521615e-06,0
1.0,0.9992317,1
0.0,0.029031012,0
0.0,7.348125e-05,0
0.0,0.016490782,0
1.0,0.9999995,1
1.0,0.9999999,1
1.0,0.9999999,1
0.0,0.34387004,0
0.0,0.0010865419,0
0.0,0.00022738133,0
0.0,0.05626938,0
0.0,0.0023040003,0
0.0,3.9822576e-06,0
0.0,0.108407475,0
0.0,0.015037049,0
0.0,0.008254767,0
0.0,0.053768497,0
0.0,3.2048358e-06,0
0.0,0.00081676187,0
1.0,0.9999999,1
0.0,0.251132,0
0.0,0.0066693546,0
0.0,0.14832465,0
0.0,1.4137534e-05,0
1.0,0.99998116,1
0.0,0.051556602,0
0.0,0.00016695147,0
1.0,0.2773632,0
0.0,0.00048376352,0
0.0,0.00019194857,0
0.0,0.000350721,0
0.0,0.24104558,0
1.0,0.9999999,1
0.0,0.0037572125,0
0.0,0.0020263966,0
0.0,0.62735265,1
0.0,1.1541983e-05,0
0.0,0.00820854,0
0.0,0.032976694,0
0.0,0.04143175,0
0.0,0.10891496,0
0.0,0.00031030326,0
0.0,0.5460154,1
0.0,0.001320162,0
0.0,0.49582773,0
0.0,0.0012373922,0
0.0,0.8492341,1
0.0,0.1752808,0
0.0,0.098428674,0
0.0,0.00024703,0
0.0,0.007135667,0
0.0,0.000240824,0
0.0,0.012195264,0
0.0,0.0017819453,0
0.0,2.577219e-05,0
0.0,0.0028219954,0
0.0,0.025284875,0
1.0,0.9999999,1
0.0,0.00010093889,0
0.0,0.020707339,0
0.0,0.0051352363,0
0.0,0.0011294936,0
0.0,5.855535e-05,0
0.0,0.020109067,0
0.0,0.024655268,0
0.0,0.00036250174,0
1.0,0.34960535,0
0.0,0.082789265,0
0.0,8.7001536e-05,0
1.0,0.91742766,1
0.0,0.0008506146,0
0.0,0.0008361421,0
0.0,0.001491508,0
0.0,0.0011190269,0
0.0,0.4240284,0
1.0,0.9999999,1
0.0,0.001694754,0
0.0,0.0012194465,0
0.0,0.7008766,1
0.0,0.0023661319,0
0.0,0.04498038,0
0.0,0.0022360606,0
0.0,0.22832598,0
0.0,0.00014269735,0
0.0,0.00019722508,0
0.0,0.60053515,1
0.0,0.00041192953,0
1.0,0.9999999,1
1.0,0.9999999,1
0.0,0.00020201057,0
0.0,0.0022726862,0
1.0,0.9999999,1
0.0,0.008212213,0
0.0,0.034734465,0
1.0,0.9636376,1
0.0,0.0030228961,0
1.0,0.9999999,1
0.0,0.00012276339,0
0.0,0.16710912,0
0.0,0.1792095,0
0.0,0.020525899,0
0.0,0.002204082,0
0.0,0.010283491,0
0.0,0.00022451225,0
1.0,0.6773797,1
0.0,0.010730632,0
0.0,0.008777498,0
0.0,0.0074982224,0
0.0,0.0022436716,0
0.0,0.004256878,0
0.0,0.05266023,0
0.0,0.00044825303,0
0.0,2.7104794e-05,0
0.0,7.938038e-06,0
0.0,0.023850705,0
0.0,0.3183858,0
0.0,0.00040831201,0
0.0,2.2486525e-05,0
0.0,0.047098696,0
0.0,4.823098e-06,0
0.0,0.22481675,0
0.0,0.07881586,0
0.0,0.0033084357,0
0.0,0.3808978,0
1.0,0.99998105,1
1.0,0.9999999,1
0.0,0.00032831842,0
0.0,0.003593198,0
0.0,0.004840565,0
0.0,0.017188482,0
0.0,0.056237713,0
0.0,0.00023366837,0
0.0,9.322505e-06,0
0.0,0.007859026,0
0.0,0.045058273,0
1.0,0.9994777,1
0.0,0.041277386,0
0.0,0.4711889,0
0.0,0.0010355667,0
1.0,0.9999999,1
0.0,0.31129622,0
0.0,2.5700278e-05,0
0.0,0.01426667,0
0.0,2.0717904e-05,0
0.0,0.003904834,0
0.0,0.002082846,0
0.0,0.7169699,1
0.0,0.17436881,0
0.0,0.00046356188,0
0.0,0.0334334,0
0.0,0.00060189044,0
0.0,0.0026372005,0
0.0,0.037569787,0
0.0,0.00040472392,0
0.0,0.13189903,0
0.0,0.012094339,0
0.0,0.0031168761,0
0.0,0.010697543,0
1.0,0.9999999,1
0.0,0.0024507141,0
0.0,0.002872774,0
0.0,0.00076296425,0
0.0,0.092299536,0
0.0,0.39007097,0
1.0,0.9999995,1
0.0,0.063126296,0
0.0,0.001098065,0
0.0,0.009491005,0
0.0,0.24818122,0
0.0,1.1571702e-06,0
0.0,0.18868111,0
0.0,0.5796042,1
0.0,0.4500166,0
0.0,0.0046363086,0
0.0,0.0010210619,0
0.0,0.0008895255,0
0.0,0.0070619592,0
0.0,8.8511047e-07,0
0.0,0.0068105888,0
0.0,0.011394631,0
0.0,0.00016311904,0
0.0,3.0322879e-06,0
0.0,0.03428767,0
0.0,8.030697e-06,0
0.0,4.244812e-05,0
1.0,0.9999999,1
1.0,0.9999999,1
0.0,0.004977464,0
0.0,0.5806759,1
0.0,0.00093575526,0
0.0,0.35597736,0
0.0,3.48966e-05,0
0.0,0.33800253,0
1.0,0.56980693,1
1.0,0.9999999,1
0.0,0.001278805,0
0.0,0.00022931727,0
0.0,0.018816695,0
0.0,0.3063647,0
0.0,0.027060838,0
0.0,6.233869e-06,0
0.0,0.001057573,0
1.0,0.9999999,1
1.0,1.0,1
1.0,0.9695943,1
0.0,0.13631079,0
0.0,0.0009155532,0
1.0,0.99042225,1
0.0,0.020884996,0
1.0,0.9999614,1
0.0,0.014419242,0
1.0,0.9999999,1
0.0,0.0071794647,0
0.0,0.02663878,0
0.0,0.0020798568,0
1.0,0.73715377,1
0.0,0.0021649397,0
0.0,0.00012108622,0
0.0,0.0047421968,0
1.0,0.20716318,0
0.0,2.921342e-05,0
1.0,0.9999999,1
0.0,0.9723646,1
1.0,0.48891762,0
0.0,0.0011407292,0
0.0,0.0028639063,0
0.0,0.3238502,0
0.0,0.022145819,0
0.0,0.0014243218,0
0.0,0.0044644806,0
0.0,0.00071799866,0
0.0,3.2450234e-06,0
0.0,0.0006206394,0
0.0,0.03440364,0
0.0,0.011074144,0
0.0,0.018859508,0
0.0,0.006811453,0
0.0,0.0009376138,0
0.0,0.0012579256,0
0.0,0.0005659973,0
0.0,0.061836902,0
0.0,0.4586221,0
0.0,0.030554688,0
0.0,4.7995777e-06,0
0.0,0.1118183,0
0.0,0.042664763,0
1.0,1.0,1
0.0,0.00030546277,0
0.0,0.0041362494,0
0.0,0.10187764,0
0.0,0.15557316,0
0.0,0.55376065,1
1.0,0.9999999,1
0.0,7.082206e-05,0
0.0,0.020438652,0
0.0,0.0021967932,0
1.0,0.9999999,1
0.0,0.00026654673,0
0.0,2.4536425e-06,0
0.0,0.00092383876,0
0.0,1.8873654e-05,0
0.0,0.5275178,1
0.0,0.011380573,0
0.0,0.00012122763,0
1.0,0.9999999,1
0.0,0.2800451,0
0.0,0.007151573,0
0.0,0.01694461,0
0.0,0.0005492391,0
0.0,0.0011703878,0
1.0,0.7255706,1
0.0,0.014439496,0
0.0,0.026131948,0
0.0,0.37834263,0
1.0,0.9711672,1
0.0,0.0001353862,0
0.0,0.003801143,0
0.0,0.14891396,0
0.0,0.21661428,0
0.0,7.348645e-07,0
1.0,0.7511534,1
0.0,0.0032112997,0
0.0,0.3618226,0
0.0,0.0022897655,0
1.0,0.9999999,1
1.0,1.0,1
0.0,0.028595988,0
0.0,0.0026988045,0
1.0,0.9999999,1
0.0,0.023737576,0
1.0,1.0,1
0.0,0.000532016,0
0.0,0.503034,1
0.0,0.010115666,0
0.0,0.13210122,0
0.0,0.0019714753,0
1.0,0.9998826,1
1.0,0.9999999,1
0.0,0.09972621,0
0.0,0.057816505,0
0.0,0.024267504,0
0.0,8.230695e-07,0
0.0,0.0022741053,0
0.0,0.15605435,0
0.0,0.00010659737,0
0.0,0.070978686,0
1.0,0.18528433,0
0.0,0.29477054,0
1.0,0.79851174,1
1.0,0.9960908,1
0.0,0.2668978,0
0.0,0.0010656721,0
0.0,0.23884456,0
0.0,0.47004157,0
0.0,0.19162624,0
0.0,5.1528426e-05,0
1.0,0.9999999,1
0.0,0.100766316,0
0.0,0.0032607333,0
0.0,0.014956356,0
0.0,0.39351743,0
0.0,0.0018861712,0
1.0,1.0,1
0.0,0.007469087,0
0.0,0.0036924495,0
1.0,0.9999999,1
0.0,0.0014540718,0
0.0,0.0015069634,0
0.0,0.40847352,0
0.0,0.39291757,0
0.0,0.055211533,0
0.0,0.0020295745,0
0.0,0.00065307977,0
0.0,0.43717575,0
0.0,0.00045183083,0
0.0,0.005481211,0
0.0,0.013897706,0
0.0,0.0675518,0
0.0,0.18017825,0
0.0,0.029444395,0
1.0,1.0,1
0.0,1.7938266e-05,0
0.0,0.00027721204,0
0.0,0.37946057,0
0.0,0.00014904498,0
0.0,0.22059754,0
0.0,0.0011851528,0
0.0,0.027032275,0
0.0,0.00013072354,0
0.0,0.0009135942,0
0.0,0.00036765035,0
0.0,0.026619015,0
0.0,0.00024447462,0
1.0,0.9867438,1
0.0,0.03652427,0
0.0,0.03392698,0
0.0,0.010414048,0
0.0,0.0001588707,0
0.0,0.15703851,0
0.0,1.2181657e-05,0
0.0,0.00036935788,0
0.0,0.31405818,0
0.0,0.048188828,0
0.0,0.08012884,0
0.0,0.07605542,0
0.0,0.18092713,0
0.0,0.12562749,0
0.0,0.0029032007,0
1.0,0.9999999,1
0.0,0.0019892438,0
0.0,0.008442904,0
0.0,0.0064892103,0
0.0,0.13405676,0
0.0,7.087928e-05,0
0.0,0.46393037,0
0.0,0.0023713536,0
0.0,0.26669636,0
0.0,4.93114e-05,0
0.0,0.04568248,0
0.0,0.043182675,0
0.0,0.0003459804,0
1.0,0.9999999,1
1.0,0.8779598,1
0.0,0.099918045,0
0.0,0.020967443,0
0.0,0.0015539202,0
0.0,0.00072080886,0
0.0,9.4382085e-06,0
1.0,0.9909116,1
0.0,0.037942573,0
0.0,0.17473164,0
0.0,0.3114303,0
0.0,0.017095666,0
0.0,0.0032719653,0
0.0,0.00046334302,0
0.0,0.095195375,0
0.0,0.038584407,0
0.0,0.015814917,0
0.0,0.032758314,0
0.0,0.0002702518,0
0.0,0.29400098,0
0.0,0.2248806,0
0.0,0.015771551,0
0.0,0.0051014465,0
1.0,0.99934727,1
0.0,2.9047435e-05,0
0.0,0.14385945,0
0.0,0.019681234,0
1.0,1.0,1
0.0,0.016034406,0
1.0,0.9747737,1
0.0,0.009785341,0
0.0,0.0008974693,0
0.0,0.0010847047,0
0.0,4.120827e-05,0
1.0,0.9999999,1
1.0,0.97091115,1
0.0,1.916202e-05,0
0.0,0.012003267,0
0.0,0.23154438,0
0.0,0.00037377194,0
0.0,0.0025648933,0
0.0,0.0005650814,0
0.0,0.034157563,0
0.0,0.0014525536,0
0.0,0.00010623712,0
0.0,3.4571397e-06,0
0.0,0.01567986,0
0.0,0.0020110942,0
0.0,0.053839624,0
0.0,0.41749415,0
0.0,0.000967225,0
0.0,0.74253726,1
0.0,0.02033477,0
0.0,0.001581933,0
0.0,0.017710533,0
0.0,0.012358255,0
0.0,0.016521923,0
0.0,0.00013093438,0
0.0,0.05171041,0
0.0,0.0032235293,0
0.0,0.028904343,0
0.0,0.2789869,0
0.0,0.008962978,0
0.0,0.2583868,0
0.0,0.01760387,0
0.0,0.00037979853,0
1.0,0.0037153242,0
0.0,0.0063270777,0
0.0,0.00064983265,0
0.0,4.876699e-06,0
0.0,0.23939116,0
0.0,0.10420447,0
0.0,0.058730382,0
0.0,9.336816e-05,0
1.0,0.9999999,1
0.0,4.423359e-05,0
1.0,0.9999999,1
0.0,5.444064e-06,0
0.0,0.02103175,0
0.0,0.07726368,0
0.0,0.05988141,0
1.0,0.9999999,1
0.0,0.0049249823,0
0.0,0.00025374285,0
0.0,0.30151245,0
0.0,0.07134985,0
0.0,0.35476512,0
0.0,0.5615043,1
1.0,0.125519,0
0.0,0.5985837,1
0.0,0.011753642,0
0.0,0.035379007,0
0.0,0.04647588,0
0.0,0.0016453462,0
0.0,0.0013477356,0
0.0,0.6617752,1
0.0,0.41224083,0
1.0,0.9999999,1
1.0,1.0,1
0.0,0.015950968,0
0.0,0.087013245,0
0.0,0.433453,0
0.0,0.30364084,0
0.0,0.088324495,0
0.0,0.0010298785,0
0.0,6.862884e-05,0
0.0,0.0016383264,0
0.0,1.9730212e-05,0
0.0,0.0013377551,0
0.0,0.054293096,0
0.0,0.18734185,0
0.0,0.0006375172,0
0.0,0.011060591,0
0.0,0.0018413652,0
0.0,0.009899564,0
0.0,0.11535817,0
0.0,0.009779355,0
0.0,0.0039777146,0
0.0,0.18507266,0
0.0,0.14670563,0
0.0,0.00037368553,0
0.0,0.012732444,0
0.0,0.022478923,0
0.0,0.0019307708,0
1.0,0.99988043,1
0.0,0.01431592,0
0.0,0.04695779,0
1.0,1.0,1
0.0,0.12638961,0
0.0,0.0061344514,0
0.0,0.09589754,0
0.0,0.09656027,0
0.0,0.0017192782,0
1.0,0.9999999,1
0.0,0.16977619,0
1.0,0.9999999,1
0.0,0.006096337,0
1.0,0.9999999,1
0.0,0.007648722,0
0.0,0.13960941,0
0.0,0.0002353065,0
0.0,0.00021581027,0
0.0,0.013578259,0
0.0,0.16765067,0
0.0,0.010680085,0
0.0,0.0722179,0
1.0,1.0,1
0.0,0.4354716,0
0.0,0.06411877,0
0.0,0.13570248,0
0.0,0.41224083,0
1.0,0.45797324,0
1.0,0.9544846,1
0.0,0.011334318,0
0.0,0.024656443,0
0.0,0.0049440996,0
0.0,0.015150687,0
1.0,0.9999999,1
0.0,0.18845494,0
1.0,0.9999999,1
0.0,0.0002496725,0
0.0,1.8762162e-06,0
0.0,0.027269829,0
0.0,0.02491392,0
0.0,0.065162145,0
1.0,0.9999999,1
0.0,3.3917913e-05,0
0.0,0.0006508813,0
1.0,0.9999039,1
0.0,0.00027880687,0
1.0,0.9964104,1
0.0,0.009738817,0
0.0,0.14095415,0
0.0,0.3359419,0
0.0,0.08408687,0
0.0,4.5894353e-06,0
0.0,0.122558445,0
0.0,0.02133851,0
0.0,0.00010923148,0
0.0,0.04347275,0
0.0,0.35251948,0
0.0,0.08876142,0
0.0,0.058459003,0
0.0,0.010800124,0
0.0,0.2946119,0
0.0,0.00020568003,0
1.0,0.6006012,1
1.0,0.9999999,1
0.0,0.0029416098,0
0.0,0.06546744,0
1.0,0.9999999,1
0.0,0.00020284689,0
0.0,0.0006712567,0
0.0,0.45961186,0
1.0,0.9999999,1
1.0,0.06900341,0
1.0,0.9990287,1
0.0,0.017112814,0
0.0,0.015243632,0
0.0,3.444969e-05,0
0.0,5.1898685e-05,0
0.0,0.016493434,0
0.0,0.10423637,0
0.0,0.3329123,0
0.0,0.00021794325,0
0.0,0.00045609215,0
0.0,0.053750973,0
0.0,0.00070717215,0
0.0,0.0075358525,0
0.0,0.004300727,0
0.0,0.35114077,0
0.0,0.00030135384,0
0.0,0.00049028784,0
0.0,0.44278955,0
0.0,0.069275126,0
0.0,0.019175155,0
0.0,4.477285e-06,0
0.0,0.031043267,0
1.0,0.9999999,1
0.0,0.0004674817,0
0.0,0.10658332,0
0.0,3.2609846e-06,0
0.0,0.16679184,0
0.0,0.7319294,1
0.0,0.22156203,0
0.0,0.0026212153,0
1.0,0.9999999,1
0.0,0.0013471864,0
0.0,0.1720982,0
0.0,1.2530916e-05,0
0.0,0.06427672,0
0.0,0.0031099322,0
0.0,0.06580796,0
0.0,0.619645,1
0.0,0.012335374,0
0.0,0.0010699414,0
0.0,0.004532345,0
1.0,0.9999999,1
1.0,0.7039885,1
0.0,0.00013223969,0
0.0,0.002018809,0
1.0,0.9999999,1
0.0,0.008082552,0
0.0,0.0015734858,0
0.0,0.09842641,0
1.0,0.9999999,1
0.0,0.00054672937,0
0.0,0.0015433267,0
0.0,0.0030163259,0
1.0,0.9774785,1
1.0,0.9999999,1
0.0,0.0009829126,0
0.0,0.08859422,0
0.0,0.037806436,0
0.0,0.019505,0
0.0,0.27436462,0
0.0,0.00089788757,0
0.0,0.050251335,0
0.0,7.568107e-05,0
0.0,0.01270266,0
0.0,0.007018056,0
0.0,0.13868052,0
0.0,1.4379515e-05,0
1.0,0.9999999,1
0.0,0.10696066,0
0.0,0.010521621,0
0.0,0.14156,0
0.0,0.000102254206,0
0.0,0.09239894,0
0.0,0.0045037274,0
0.0,0.00023634396,0
0.0,0.019258233,0
1.0,0.9999999,1
0.0,0.24984,0
0.0,0.721718,1
0.0,0.09834512,0
0.0,0.012371445,0
0.0,5.905585e-06,0
0.0,0.00016921347,0
0.0,0.05068752,0
0.0,0.050847236,0
0.0,0.000181069,0
0.0,0.7740342,1
0.0,0.10079525,0
0.0,0.00082282413,0
0.0,0.030251062,0
0.0,0.47212645,0
0.0,0.12904045,0
0.0,0.028726727,0
1.0,0.7691588,1
0.0,0.005873413,0
0.0,0.079853915,0
0.0,0.02288874,0
0.0,0.08168133,0
1.0,1.0,1
0.0,0.30121362,0
0.0,0.0021387597,0
0.0,0.4606322,0
0.0,0.00063501083,0
0.0,0.0044783605,0
0.0,0.0014918504,0
0.0,0.07467572,0
0.0,0.0018976938,0
0.0,0.0995809,0
0.0,3.953247e-05,0
0.0,0.0024586434,0
0.0,0.00019032347,0
0.0,6.87105e-05,0
0.0,0.02787459,0
0.0,0.0021080724,0
1.0,0.07396633,0
0.0,4.7891685e-05,0
0.0,0.0009615528,0
0.0,0.0023309328,0
0.0,0.0055653416,0
0.0,0.014133698,0
0.0,0.011344549,0
1.0,0.99151224,1
0.0,0.4881133,0
1.0,1.0,1
0.0,0.029181339,0
0.0,0.00020219208,0
1.0,0.9999999,1
0.0,0.25389597,0
0.0,0.00031140487,0
0.0,0.24787754,0
0.0,0.07954565,0
0.0,1.3102344e-05,0
0.0,0.0123935165,0
0.0,0.43945172,0
0.0,0.0016383835,0
1.0,0.9999999,1
1.0,0.9999999,1
0.0,0.02459241,0
0.0,0.0002002121,0
0.0,0.039711986,0
0.0,0.0438135,0
0.0,0.00047604012,0
0.0,0.016517546,0
0.0,0.23528224,0
0.0,0.44745138,0
0.0,0.21290515,0
0.0,0.001182883,0
0.0,0.22232498,0
0.0,0.0049235853,0
0.0,0.021854147,0
0.0,0.00043806605,0
0.0,0.0012935412,0
0.0,0.0003013317,0
0.0,0.00073501724,0
0.0,0.19434644,0
0.0,0.07440335,0
0.0,0.010958575,0
0.0,0.39738116,0
0.0,0.7340138,1
0.0,0.00016663864,0
0.0,0.12579277,0
1.0,0.041776154,0
0.0,0.062260706,0
0.0,0.00075432804,0
0.0,0.002636848,0
0.0,0.0013282083,0
0.0,5.0104627e-05,0
0.0,0.0054677133,0
0.0,0.06999743,0
0.0,0.014317119,0
0.0,0.00028549533,0
1.0,0.9980248,1
0.0,0.03787646,0
0.0,0.21218657,0
0.0,6.64069e-05,0
0.0,0.0002601604,0
0.0,0.0015272704,0
1.0,0.5404129,1
1.0,0.99924785,1
0.0,0.0019319738,0
0.0,0.003816805,0
0.0,0.0002260004,0
0.0,0.014921244,0
0.0,0.0050005377,0
0.0,0.0017565624,0
0.0,0.0012056057,0
1.0,0.9999999,1
0.0,0.0008356443,0
0.0,0.33562917,0
0.0,0.0027401454,0
0.0,0.06721553,0
0.0,0.055384886,0
0.0,6.1013678e-05,0
0.0,0.022919973,0
1.0,0.9999999,1
0.0,0.044460066,0
0.0,0.052138958,0
0.0,0.021547634,0
0.0,4.0023027e-05,0
0.0,2.2720002e-07,0
0.0,0.012259808,0
0.0,0.46465978,0
0.0,0.16625948,0
0.0,0.0693242,0
0.0,0.00300554,0
0.0,0.028501121,0
0.0,0.43602517,0
0.0,0.29883122,0
0.0,5.9861944e-05,0
0.0,0.005927952,0
0.0,0.028936053,0
0.0,0.0001844012,0
0.0,0.014471192,0
1.0,1.0,1
0.0,0.0037989228,0
0.0,0.34897888,0
0.0,0.0026161277,0
0.0,2.7135624e-05,0
0.0,6.3343745e-05,0
0.0,0.05266023,0
0.0,0.0020547672,0
0.0,0.025223792,0
0.0,0.0030219795,0
1.0,1.0,1
0.0,0.017110987,0
0.0,0.41347113,0
0.0,0.0010945679,0
0.0,7.604835e-05,0
0.0,0.00015784994,0
0.0,0.20918216,0
0.0,0.14155991,0
0.0,0.00062256894,0
0.0,0.0033226318,0
0.0,0.23491874,0
0.0,0.000115458104,0
1.0,0.9999999,1
0.0,0.002167931,0
0.0,0.004790104,0
0.0,4.623706e-05,0
0.0,0.31503734,0
0.0,0.45730764,0
0.0,0.00042117725,0
0.0,0.009681603,0
1.0,0.9999999,1
0.0,0.002193168,0
0.0,1.5584448e-05,0
0.0,0.030717542,0
0.0,0.006695752,0
1.0,0.9999999,1
0.0,0.0023427298,0
1.0,0.9999999,1
0.0,0.0023843723,0
0.0,0.0002794871,0
0.0,0.02074225,0
0.0,4.500805e-06,0
0.0,0.05179173,0
0.0,0.00039206477,0
0.0,0.42692325,0
0.0,1.1371424e-05,0
0.0,0.012032651,0
0.0,0.13109392,0
0.0,5.186712e-05,0
1.0,0.116618946,0
0.0,0.07306206,0
0.0,0.007606917,0
0.0,0.0029640966,0
0.0,0.15375754,0
0.0,0.000678699,0
0.0,0.0049237134,0
1.0,0.9768862,1
0.0,0.022955023,0
1.0,1.0,1
0.0,0.019009156,0
0.0,0.0041173934,0
0.0,0.0005101959,0
0.0,0.09448133,0
0.0,0.01607693,0
0.0,0.09134464,0
0.0,0.048759717,0
0.0,0.017957412,0
0.0,0.41084367,0
0.0,0.0057636825,0
0.0,0.026930686,0
0.0,0.010916699,0
0.0,0.0009854715,0
0.0,0.0010776309,0
0.0,0.065722585,0
0.0,0.26203433,0
0.0,0.62242514,1
0.0,0.11922815,0
0.0,0.00046654552,0
0.0,0.006745743,0
1.0,0.6863801,1
0.0,0.0004970152,0
0.0,0.0022090983,0
1.0,0.005850163,0
1.0,0.87328744,1
0.0,0.006569404,0
0.0,0.00656656,0
0.0,0.0036017646,0
0.0,2.9515071e-05,0
0.0,0.00065279694,0
0.0,0.0001953697,0
0.0,1.3276525e-05,0
0.0,0.04978307,0
0.0,0.028175237,0
1.0,0.99946195,1
0.0,0.003015795,0
0.0,0.0003051074,0
0.0,0.29062396,0
0.0,2.750682e-05,0
1.0,0.9999999,1
0.0,0.14501022,0
1.0,0.8813699,1
0.0,0.010144695,0
0.0,0.1534605,0
0.0,3.927496e-05,0
0.0,0.0020394283,0
0.0,0.031175982,0
0.0,0.008081023,0
0.0,0.09004938,0
0.0,8.255382e-05,0
0.0,0.014095478,0
0.0,3.1392272e-05,0
1.0,0.8915997,1
0.0,0.00016654648,0
0.0,0.35936332,0
0.0,0.032764934,0
0.0,0.079251654,0
0.0,0.011258794,0
0.0,0.36476302,0
1.0,0.9998907,1
0.0,0.003239201,0
0.0,0.00015372105,0
0.0,0.004641443,0
0.0,0.07972698,0
0.0,3.5904734e-06,0
0.0,0.0016314752,0
0.0,0.113791086,0
1.0,0.01610035,0
0.0,0.00014471382,0
0.0,0.028779304,0
0.0,0.008553574,0
0.0,0.0019709086,0
0.0,0.0003866382,0
0.0,0.0032846387,0
0.0,0.35799274,0
0.0,0.0013481965,0
1.0,0.9713846,1
0.0,3.318393e-05,0
0.0,0.13238132,0
0.0,0.15011044,0
0.0,0.42853233,0
0.0,0.00036246996,0
0.0,0.15478566,0
1.0,0.8871575,1
0.0,0.37533063,0
0.0,5.820833e-05,0
0.0,0.00047347252,0
0.0,0.0006122631,0
0.0,0.001610924,0
0.0,0.019646425,0
0.0,0.00038623458,0
0.0,0.24807015,0
0.0,0.17040528,0
1.0,0.9999999,1
0.0,0.098900825,0
0.0,6.966811e-05,0
0.0,0.052693367,0
0.0,0.00028010522,0
0.0,0.0052530747,0
0.0,0.08567134,0
1.0,0.99540436,1
0.0,0.00019995339,0
0.0,0.0008487323,0
0.0,0.56042874,1
0.0,0.0069647455,0
0.0,0.0036475826,0
0.0,0.0005092349,0
0.0,0.24744351,0
0.0,0.023108631,0
0.0,0.03669688,0
0.0,5.697427e-05,0
0.0,0.0005772496,0
0.0,0.017657394,0
0.0,0.18213667,0
0.0,0.18353085,0
0.0,0.46372136,0
1.0,0.972423,1
0.0,0.000695142,0
0.0,0.00011476789,0
0.0,0.00042849957,0
0.0,0.00010810459,0
0.0,3.8723647e-05,0
0.0,0.0005889208,0
0.0,0.6118258,1
0.0,0.06908241,0
0.0,0.19516331,0
0.0,0.009954045,0
0.0,0.00827764,0
0.0,0.59274834,1
0.0,0.009892286,0
1.0,0.9999999,1
1.0,0.13900715,0
1.0,0.9999999,1
0.0,1.925076e-05,0
0.0,0.010521419,0
0.0,0.0030440066,0
0.0,0.020657461,0
0.0,0.001112734,0
1.0,1.0,1
0.0,0.058796767,0
0.0,0.0022537187,0
0.0,0.0027940418,0
1.0,0.9999999,1
1.0,0.9920115,1
0.0,0.00022133575,0
0.0,0.001444066,0
0.0,0.017408652,0
0.0,0.00903693,0
0.0,0.25061506,0
1.0,0.9999999,1
0.0,6.3731403e-07,0
1.0,0.98571646,1
1.0,0.9999999,1
0.0,3.390433e-05,0
0.0,0.44806814,0
0.0,0.013958677,0
0.0,0.09239894,0
1.0,0.3835697,0
0.0,0.25790587,0
0.0,0.00037601814,0
0.0,0.00073413964,0
0.0,0.00046308184,0
0.0,0.023283249,0
0.0,0.0009306636,0
0.0,0.021276068,0
0.0,5.8478327e-06,0
0.0,0.00033097714,0
0.0,0.0020285782,0
0.0,0.10367876,0
0.0,8.840114e-06,0
0.0,6.8015997e-06,0
0.0,0.0009257782,0
0.0,0.28080016,0
1.0,0.15726952,0
0.0,0.01791544,0
0.0,0.15382388,0
0.0,8.726799e-06,0
0.0,0.06539149,0
1.0,0.9999999,1
0.0,0.06502,0
0.0,0.0032163775,0
0.0,0.0030212682,0
0.0,0.05624823,0
0.0,0.0003742392,0
0.0,0.6434151,1
0.0,0.01981677,0
0.0,0.061584312,0
0.0,0.053786766,0
0.0,0.24946536,0
0.0,0.13878976,0
0.0,0.00902871,0
0.0,0.00012588393,0
0.0,0.04574479,0
0.0,0.017409313,0
0.0,0.22168495,0
0.0,0.1595477,0
0.0,0.109026305,0
0.0,0.36240834,0
0.0,0.29202515,0
0.0,0.00018263372,0
0.0,7.341563e-07,0
1.0,0.88223326,1
0.0,0.015399814,0
0.0,0.00069655385,0
1.0,0.9999999,1
1.0,0.025075078,0
0.0,0.0011239905,0
0.0,0.07183416,0
0.0,5.1281313e-05,0
0.0,3.4685254e-05,0
0.0,0.00026714156,0
0.0,0.25011805,0
0.0,0.30190924,0
0.0,0.01514218,0
1.0,0.2903393,0
0.0,0.007370077,0
0.0,9.7612035e-05,0
0.0,0.0025873515,0
0.0,4.7560847e-05,0
0.0,0.0010771065,0
0.0,0.0097166635,0
0.0,0.091709204,0
1.0,0.46465978,0
0.0,0.26926503,0
0.0,0.01590622,0
1.0,0.9999999,1
0.0,0.22963218,0
0.0,0.0006015808,0
1.0,0.9999999,1
0.0,0.2676574,0
0.0,0.47334796,0
0.0,0.0031393645,0
1.0,0.9999999,1
0.0,0.48181903,0
0.0,0.023306075,0
0.0,0.00014405476,0
0.0,0.39291757,0
0.0,0.15231909,0
0.0,0.054585762,0
0.0,0.00010661343,0
1.0,0.048462708,0
0.0,0.051986158,0
0.0,0.43122792,0
1.0,0.94778603,1
0.0,0.0014957279,0
0.0,0.013035672,0
0.0,0.0002764656,0
0.0,0.0001880843,0
0.0,5.703793e-05,0
0.0,0.2676266,0
0.0,0.047538165,0
0.0,0.022371897,0
0.0,0.0057056746,0
0.0,0.2621886,0
0.0,0.00027252903,0
0.0,0.38325587,0
0.0,0.34221277,0
1.0,0.99985814,1
1.0,0.9998186,1
0.0,0.62203753,1
0.0,0.03857698,0
0.0,0.003295472,0
0.0,0.0024995166,0
0.0,5.54729e-05,0
0.0,0.0019797385,0
0.0,0.00019731629,0
0.0,0.0005340967,0
0.0,0.0068509346,0
0.0,0.029186217,0
0.0,0.013349525,0
0.0,0.0024845293,0
0.0,0.00063501083,0
1.0,0.95872504,1
0.0,0.9114789,1
0.0,0.0008003459,0
0.0,0.48419866,0
0.0,0.00014635324,0
0.0,0.22542699,0
0.0,0.023300339,0
1.0,0.9999999,1
1.0,1.0,1
0.0,0.0054595177,0
0.0,0.00021690175,0
0.0,0.14808877,0
0.0,0.0042004623,0
0.0,0.0293505,0
0.0,0.000965285,0
1.0,0.99952996,1
0.0,3.3194257e-07,0
1.0,0.9999999,1
0.0,0.015000699,0
0.0,0.004438383,0
0.0,0.000294594,0
0.0,0.0019036217,0
1.0,0.9146022,1
0.0,0.024418257,0
0.0,0.43629986,0
0.0,0.0014662971,0
0.0,0.03368236,0
0.0,0.065479755,0
0.0,0.010278532,0
0.0,0.26217642,0
1.0,0.9999999,1
1.0,0.9999999,1
0.0,0.033570014,0
0.0,0.086292505,0
0.0,0.19431068,0
0.0,0.0005500991,0
0.0,0.0041208323,0
0.0,0.006607995,0
0.0,0.011344549,0
0.0,0.00033343578,0
0.0,0.00026587007,0
0.0,0.033549014,0
0.0,0.22883196,0
1.0,0.91792536,1
0.0,0.00018615919,0
1.0,0.9999999,1
0.0,0.5368239,1
0.0,0.0032781134,0
0.0,0.009779355,0
1.0,0.9999999,1
0.0,0.0009937187,0
0.0,0.41356984,0
0.0,0.019853596,0
0.0,0.5304853,1
0.0,7.3163246e-05,0
0.0,0.0010620691,0
0.0,0.049881913,0
0.0,0.00039592118,0
0.0,0.07359443,0
0.0,0.005888394,0
1.0,0.9999999,1
0.0,0.0010326068,0
0.0,0.00035727076,0
0.0,0.0007539037,0
1.0,0.9999999,1
0.0,0.007694656,0
0.0,0.000104322804,0
0.0,0.0041350164,0
0.0,0.00032266407,0
0.0,0.005448933,0
0.0,0.013676401,0
0.0,0.000599984,0
0.0,0.3808978,0
0.0,1.3769236e-05,0
0.0,0.00090417487,0
1.0,0.9613262,1
0.0,0.044612266,0
1.0,0.17129707,0
0.0,0.34766054,0
1.0,0.9999999,1
0.0,0.17034736,0
0.0,0.016121719,0
0.0,0.043901995,0
0.0,0.0047059194,0
0.0,0.035945453,0
0.0,0.06658904,0
0.0,0.010801383,0
0.0,2.9115383e-05,0
0.0,3.711661e-06,0
0.0,0.0007841659,0
0.0,0.39603052,0
0.0,0.019370018,0
0.0,0.45983884,0
0.0,0.049969245,0
0.0,0.060250245,0
0.0,0.00017519829,0
1.0,0.9977792,1
1.0,0.9999999,1
0.0,0.14366734,0
0.0,0.45843637,0
0.0,0.45661712,0
0.0,0.055798564,0
0.0,0.00052947213,0
0.0,3.6515948e-07,0
0.0,0.0018405486,0
0.0,0.0002772961,0
0.0,0.16500388,0
0.0,0.011007173,0
1.0,0.9999999,1
0.0,0.042548805,0
0.0,0.023746066,0
1.0,1.0,1
0.0,2.3225388e-05,0
0.0,0.0026648536,0
0.0,0.16629854,0
0.0,0.00019597494,0
1.0,0.9999999,1
1.0,0.7172397,1
1.0,0.22554067,0
0.0,0.0012593163,0
0.0,0.02118936,0
0.0,0.004699333,0
1.0,0.9997423,1
1.0,0.9999999,1
0.0,0.41035658,0
0.0,0.00019771971,0
0.0,0.00240409,0
0.0,2.8610557e-05,0
0.0,1.4623878e-05,0
0.0,0.0002980809,0
0.0,0.0011765799,0
0.0,0.25690165,0
0.0,0.47052383,0
0.0,0.0007591774,0
1.0,0.48621404,0
0.0,0.47877067,0
0.0,0.020394506,0
0.0,0.0082915705,0
0.0,0.03721856,0
0.0,0.00023378649,0
0.0,0.0011053997,0
0.0,0.43276188,0
0.0,0.00011283438,0
0.0,0.00036209213,0
0.0,0.0018119222,0
0.0,2.5571779e-05,0
0.0,0.4965408,0
0.0,0.00014662676,0
0.0,0.14784212,0
0.0,0.20423421,0
0.0,0.01827736,0
1.0,0.9999999,1
1.0,0.9999999,1
0.0,0.0018856461,0
0.0,0.00031030326,0
1.0,1.0,1
0.0,0.05988977,0
0.0,0.0375063,0
0.0,0.034163557,0
0.0,0.38627908,0
0.0,0.00013059708,0
0.0,0.04302981,0
0.0,0.18782495,0
0.0,0.0026618731,0
1.0,0.9998153,1
1.0,0.99551624,1
0.0,0.0051635876,0
0.0,0.008708495,0
0.0,0.12251643,0
0.0,0.061184596,0
0.0,0.0487671,0
0.0,2.843826e-05,0
0.0,0.00039226684,0
0.0,0.012226748,0
1.0,0.9999999,1
0.0,0.055696484,0
0.0,0.0065875403,0
0.0,0.0026013758,0
0.0,0.058686625,0
0.0,2.7451092e-06,0
0.0,0.042407263,0
1.0,0.99403244,1
0.0,0.041971955,0
0.0,0.022585316,0
0.0,0.023933785,0
0.0,0.0022619662,0
0.0,0.06695112,0
0.0,5.417352e-05,0
0.0,0.00060661143,0
0.0,0.06560198,0
0.0,0.015069047,0
0.0,0.005608082,0
0.0,0.004155476,0
0.0,0.00015668522,0
0.0,0.41701174,0
0.0,3.0811367e-05,0
0.0,0.00068102666,0
0.0,0.04353709,0
0.0,6.9094356e-05,0
0.0,9.6269345e-05,0
0.0,9.608464e-05,0
1.0,0.9909116,1
0.0,0.035704307,0
0.0,0.030783836,0
0.0,0.002083504,0
1.0,0.9999999,1
0.0,0.30841893,0
1.0,0.9999999,1
0.0,0.000104721774,0
0.0,0.012726039,0
0.0,0.0030795478,0
0.0,0.07540862,0
0.0,6.0287774e-05,0
0.0,0.001362618,0
0.0,0.023760168,0
0.0,0.009512735,0
0.0,0.0046405154,0
0.0,0.009781627,0
0.0,0.0005095206,0
0.0,0.051367115,0
0.0,0.049889226,0
0.0,0.013670407,0
0.0,0.00031674962,0
0.0,0.0027766675,0
1.0,0.9894091,1
0.0,0.0132452315,0
1.0,0.89292246,1
0.0,0.13287796,0
0.0,0.03450171,0
0.0,0.005427314,0
0.0,0.00053475884,0
0.0,3.3220214e-05,0
1.0,0.9999999,1
0.0,0.21178192,0
0.0,0.0012046925,0
0.0,0.0019967915,0
0.0,0.0046206843,0
1.0,1.0,1
1.0,0.9999999,1
0.0,0.013527166,0
1.0,0.9999999,1
0.0,0.0149580985,0
1.0,0.9999999,1
0.0,0.04223023,0
0.0,0.080809176,0
0.0,4.6456942e-05,0
0.0,0.0018134501,0
0.0,0.09620582,0
1.0,0.9815461,1
1.0,0.9999999,1
0.0,0.00088131934,0
1.0,1.0,1
0.0,0.00031178986,0
0.0,0.00041638012,0
1.0,0.80843264,1
0.0,0.79331696,1
0.0,0.031979237,0
0.0,0.00017235153,0
0.0,0.027972167,0
0.0,0.0020181127,0
0.0,0.10590197,0
0.0,0.0017325924,0
0.0,0.007830427,0
0.0,0.0027234901,0
0.0,0.0072564,0
1.0,0.99910957,1
0.0,0.047593534,0
0.0,0.010107968,0
1.0,0.46520168,0
0.0,0.11091234,0
0.0,4.4946508e-05,0
0.0,0.044406585,0
0.0,0.0019772348,0
0.0,0.002819199,0
0.0,0.031560272,0
1.0,0.9999999,1
0.0,0.005397561,0
0.0,0.0006994395,0
0.0,0.00015886857,0
0.0,0.16375193,0
0.0,0.02213327,0
0.0,0.0001290818,0
0.0,0.29948407,0
0.0,0.0006512195,0
0.0,0.020270735,0
0.0,0.44022727,0
0.0,0.16415232,0
0.0,0.011239615,0
1.0,1.0,1
0.0,0.023279129,0
0.0,4.7351054e-06,0
0.0,0.4505417,0
1.0,0.9999999,1
0.0,0.0014312146,0
0.0,9.840474e-05,0
1.0,0.44806814,0
0.0,0.47411737,0
0.0,0.0075492347,0
1.0,0.9497771,1
0.0,0.027895318,0
0.0,4.039003e-05,0
0.0,5.7103396e-05,0
0.0,0.006270188,0
0.0,0.0007714983,0
1.0,0.9999999,1
1.0,1.0,1
0.0,0.721096,1
1.0,0.9999999,1
0.0,0.29062396,0
0.0,0.015427899,0
0.0,0.2894726,0
1.0,0.9999999,1
0.0,0.81732166,1
0.0,0.004728757,0
0.0,9.22377e-06,0
0.0,0.41590288,0
0.0,0.03585229,0
0.0,0.012879955,0
1.0,0.9999999,1
1.0,0.9999999,1
0.0,0.00040155413,0
0.0,0.00020532732,0
0.0,0.3585221,0
1.0,0.9999999,1
0.0,0.00023623265,0
0.0,0.11318894,0
0.0,0.18095349,0
0.0,0.48082358,0
0.0,0.09692,0
0.0,0.0005543745,0
0.0,0.0006362631,0
0.0,0.057155903,0
0.0,0.00013852632,0
0.0,0.21732242,0
0.0,0.0010835407,0
1.0,0.9999999,1
0.0,0.1885309,0
0.0,0.0022462306,0
1.0,0.9997112,1
0.0,0.0012447976,0
0.0,0.001916731,0
0.0,0.023833951,0
0.0,0.00042622915,0
0.0,0.42916578,0
0.0,0.00015207102,0
1.0,0.9119783,1
0.0,0.51904327,1
0.0,0.00034752535,0
0.0,0.036509387,0
1.0,0.99998105,1
0.0,0.0006050086,0
1.0,0.13756752,0
0.0,0.00011710456,0
0.0,0.028707085,0
0.0,0.00065135636,0
0.0,0.08177824,0
0.0,5.796019e-06,0
0.0,0.038363792,0
0.0,1.867282e-06,0
0.0,0.5621136,1
0.0,0.00012191124,0
0.0,0.75095636,1
1.0,1.0,1
0.0,0.00068916776,0
0.0,0.18412104,0
0.0,0.31084692,0
0.0,1.5763233e-05,0
0.0,0.006279057,0
0.0,0.0572385,0
0.0,0.024838747,0
0.0,0.00028259822,0
0.0,0.009207356,0
0.0,0.39224654,0
0.0,0.00052750757,0
0.0,0.08072363,0
0.0,2.8083241e-05,0
0.0,0.19557753,0
0.0,0.001586552,0
0.0,5.5144883e-05,0
0.0,0.025636386,0
0.0,0.002009643,0
0.0,0.0067673465,0
0.0,0.047523044,0
0.0,0.00015995752,0
0.0,0.0004330257,0
0.0,0.09190892,0
0.0,0.5858977,1
0.0,0.0010401956,0
0.0,0.21868418,0
0.0,0.009079617,0
0.0,0.031838726,0
1.0,0.99989986,1
0.0,0.56722665,1
0.0,6.0724036e-05,0
1.0,0.7394625,1
1.0,0.99977046,1
1.0,0.56980693,1
0.0,0.06653887,0
1.0,0.9999999,1
1.0,0.69137615,1
0.0,0.43100274,0
0.0,0.0007410079,0
0.0,0.03221637,0
0.0,0.016947906,0
0.0,0.095375404,0
0.0,0.51358855,1
0.0,0.0009140574,0
0.0,0.0068444456,0
0.0,0.001239172,0
0.0,0.0059766322,0
1.0,1.0,1
1.0,0.9999999,1
0.0,0.00018552126,0
0.0,0.00014990557,0
0.0,0.0001533087,0
0.0,0.0009324547,0
0.0,5.7196587e-05,0
0.0,0.2618252,0
0.0,5.422391e-05,0
0.0,0.0045339763,0
0.0,0.8007417,1
0.0,0.0069514774,0
0.0,0.0003680933,0
0.0,0.0038173671,0
0.0,0.0042640027,0
0.0,0.0954104,0
0.0,0.000607029,0
0.0,0.43629986,0
0.0,0.17177126,0
0.0,0.5131107,1
0.0,0.2337912,0
0.0,0.00035880553,0
0.0,0.74693596,1
0.0,0.00033400717,0
0.0,6.559602e-06,0
0.0,2.2163047e-05,0
0.0,0.00047456851,0
0.0,0.013223476,0
0.0,9.095573e-06,0
0.0,0.0001069928,0
1.0,0.9999999,1
0.0,0.021440476,0
0.0,2.0604588e-05,0
0.0,0.04273108,0
0.0,0.0012535576,0
0.0,0.0047687567,0
0.0,0.097502805,0
0.0,0.23152119,0
0.0,1.3520639e-06,0
1.0,0.9999999,1
1.0,0.9614662,1
1.0,0.9941369,1
0.0,0.013320127,0
0.0,0.0033551443,0
0.0,0.012314101,0
0.0,0.20271415,0
1.0,0.84168863,1
1.0,0.80540854,1
0.0,0.009246579,0
0.0,0.0008718365,0
0.0,0.42916578,0
1.0,0.8966844,1
0.0,0.3414755,0
0.0,0.0014442819,0
0.0,0.21059126,0
0.0,0.21768409,0
0.0,0.0016849497,0
0.0,0.011350397,0
1.0,0.9221753,1
0.0,0.10258503,0
0.0,0.007375845,0
0.0,0.7586707,1
0.0,3.653096e-06,0
0.0,0.0072337743,0
0.0,0.06488903,0
0.0,0.2193586,0
0.0,0.099158674,0
1.0,0.9999999,1
0.0,1.0750434e-05,0
0.0,0.01583931,0
0.0,0.029191747,0
1.0,0.9999999,1
0.0,0.037755203,0
0.0,0.77463824,1
0.0,0.003540666,0
0.0,0.011386056,0
0.0,0.103930406,0
1.0,0.13361898,0
0.0,0.013090218,0
0.0,0.17457674,0
0.0,0.19658026,0
0.0,0.0026958045,0
0.0,0.0961623,0
0.0,0.012738009,0
0.0,0.015693504,0
0.0,0.07440335,0
0.0,7.188741e-05,0
0.0,0.0007511628,0
0.0,0.025877919,0
0.0,0.2661814,0
1.0,1.0,1
0.0,0.21951528,0
1.0,0.9999999,1
1.0,0.9999999,1
1.0,0.9971424,1
1.0,1.0,1
0.0,0.0005596808,0
0.0,7.2818075e-05,0
1.0,0.03827933,0
0.0,0.20518893,0
0.0,0.024898404,0
0.0,0.0002790185,0
0.0,0.0045100367,0
0.0,0.0003850297,0
0.0,0.00026873074,0
0.0,0.003128325,0
0.0,0.002958685,0
1.0,0.99804485,1
0.0,0.21136785,0
0.0,0.36768514,0
1.0,1.0,1
0.0,0.0076911836,0
0.0,0.21295752,0
0.0,0.0018671553,0
0.0,0.047223296,0
1.0,0.9999999,1
0.0,0.0020680793,0
0.0,0.014931964,0
0.0,0.16433373,0
0.0,0.18863258,0
0.0,0.00063754775,0
0.0,0.46465978,0
0.0,0.054757625,0
0.0,0.42853233,0
0.0,0.043048706,0
0.0,0.85786694,1
0.0,0.0081631215,0
0.0,0.7206336,1
0.0,0.046061616,0
0.0,0.018694129,0
0.0,0.20737106,0
0.0,0.015644465,0
0.0,3.621283e-05,0
1.0,0.4356795,0
1.0,0.9999999,1
1.0,0.98693293,1
1.0,0.90610874,1
0.0,0.15900248,0
0.0,0.10939982,0
0.0,0.4143159,0
0.0,5.0816216e-05,0
1.0,0.9999999,1
1.0,0.9999999,1
0.0,0.07440335,0
0.0,0.00035814443,0
1.0,1.0,1
0.0,0.004555171,0
0.0,0.0016431104,0
0.0,0.0036101732,0
1.0,0.27025262,0
1.0,0.6382242,1
0.0,0.0032562672,0
0.0,0.1438415,0
0.0,0.045049142,0
1.0,0.9999999,1
0.0,0.0013572262,0
0.0,1.6771697e-05,0
0.0,0.13233519,0
0.0,0.0036421365,0
0.0,0.28384408,0
0.0,0.029114274,0
0.0,0.014063376,0
0.0,0.13235444,0
0.0,0.002268632,0
0.0,7.679379e-06,0
1.0,0.9999999,1
0.0,6.990122e-05,0
0.0,0.023882214,0
0.0,0.00030567544,0
0.0,6.807617e-05,0
0.0,3.0026431e-05,0
0.0,0.0803881,0
0.0,0.03727019,0
1.0,0.9999999,1
0.0,2.2005788e-05,0
0.0,0.00014500735,0
0.0,6.746261e-05,0
0.0,0.44285262,0
0.0,0.56560403,1
0.0,0.0011401919,0
0.0,0.009836927,0
0.0,0.0019772348,0
0.0,0.016034406,0
0.0,6.2026124e-06,0
1.0,0.8575106,1
0.0,0.0020704868,0
1.0,0.9999999,1
1.0,0.9999999,1
0.0,3.958547e-06,0
0.0,0.24179989,0
0.0,0.00010681023,0
0.0,0.0035261398,0
0.0,9.265549e-06,0
0.0,0.010913167,0
0.0,0.00026127527,0
0.0,0.05275741,0
0.0,0.04102892,0
0.0,0.32421923,0
0.0,9.2985765e-06,0
1.0,0.9999999,1
1.0,0.9999999,1
0.0,0.002175558,0
0.0,0.0041978047,0
0.0,0.0056512044,0
1.0,0.9998715,1
0.0,0.00015598474,0
1.0,1.0,1
1.0,0.9999999,1
0.0,0.01978117,0
0.0,0.006317334,0
0.0,0.031840485,0
0.0,0.036578882,0
0.0,0.0018380536,0
1.0,0.6013157,1
0.0,9.531452e-05,0
0.0,0.00088814675,0
0.0,0.0004749186,0
0.0,0.009570864,0
0.0,0.0054726866,0
0.0,0.016221056,0
1.0,0.9999999,1
0.0,0.001652945,0
0.0,0.71467173,1
1.0,0.73788977,1
0.0,0.00026054613,0
0.0,0.00023970469,0
0.0,0.0006470643,0
0.0,0.001065996,0
0.0,0.17408189,0
0.0,0.0001282215,0
0.0,0.00017861805,0
0.0,0.74989253,1
1.0,1.0,1
0.0,1.1390103e-05,0
0.0,0.00011448239,0
0.0,0.012357464,0
0.0,0.46214092,0
0.0,0.07120541,0
0.0,0.0034282287,0
0.0,0.0012345521,0
0.0,0.0017821523,0
0.0,0.4143159,0
0.0,0.639827,1
0.0,0.027652694,0
0.0,0.056431007,0
0.0,9.404056e-05,0
1.0,0.9730727,1
1.0,0.4434762,0
0.0,7.5620716e-07,0
0.0,0.3208062,0
0.0,1.2649254e-05,0
0.0,0.00039704292,0
0.0,0.0030144379,0
0.0,0.045145776,0
0.0,0.0002568788,0
0.0,0.43629986,0
1.0,0.854714,1
0.0,0.010114397,0
0.0,0.0008940332,0
0.0,0.0056412104,0
1.0,1.0,1
1.0,0.9999999,1
0.0,0.0070488476,0
1.0,1.0,1
0.0,0.13541934,0
0.0,0.018771665,0
0.0,0.0005232912,0
0.0,0.0007569603,0
0.0,0.059320528,0
0.0,0.0023713536,0
0.0,0.42114013,0
0.0,0.09636251,0
1.0,0.9996438,1
0.0,0.0032206175,0
0.0,0.12022627,0
0.0,0.19453973,0
0.0,0.024695124,0
0.0,0.24078357,0
0.0,0.38329542,0
0.0,0.0879118,0
0.0,0.00044009392,0
0.0,0.03444979,0
0.0,0.15604629,0
0.0,0.0027084372,0
0.0,0.11600624,0
0.0,0.006034143,0
0.0,0.004356829,0
0.0,0.00019430243,0
0.0,0.06783505,0
0.0,0.00013426847,0
0.0,0.004678471,0
0.0,0.0005632744,0
1.0,0.99988616,1
0.0,0.18817057,0
0.0,0.33779377,0
0.0,0.018328222,0
1.0,0.9999999,1
0.0,0.011105092,0
0.0,0.000119694305,0
0.0,0.11728373,0
0.0,0.026547179,0
1.0,0.99175006,1
0.0,0.0012339873,0
0.0,0.25790587,0
0.0,0.01675089,0
0.0,0.002258798,0
0.0,0.15378878,0
0.0,0.00091060426,0
0.0,0.0005671457,0
0.0,0.002707644,0
0.0,3.4150362e-05,0
1.0,1.0,1
0.0,3.269413e-05,0
0.0,0.0010953158,0
0.0,0.0017996012,0
0.0,0.0027694902,0
0.0,0.00438549,0
0.0,0.5126252,1
0.0,0.43817034,0
0.0,0.14627716,0
0.0,0.003489395,0
0.0,0.11293426,0
0.0,0.0012963569,0
0.0,0.038861994,0
1.0,0.9763288,1
0.0,0.00025756744,0
0.0,0.012107428,0
0.0,0.00014175332,0
1.0,0.9999999,1
0.0,0.006966187,0
1.0,0.9999999,1
0.0,0.00017408757,0
0.0,5.0588293e-05,0
0.0,0.0034824377,0
0.0,5.3539912e-05,0
0.0,4.02657e-05,0
0.0,0.0041169673,0
0.0,0.014824272,0
1.0,0.6352542,1
0.0,0.00024179052,0
0.0,0.050966147,0
0.0,0.0042068358,0
0.0,0.0003423709,0
0.0,3.9441792e-07,0
0.0,0.0052982597,0
0.0,0.7111381,1
0.0,0.00074202195,0
0.0,0.0001624623,0
1.0,0.9985654,1
0.0,0.00047027113,0
0.0,0.0016093694,0
0.0,0.47268212,0
0.0,0.0020008713,0
0.0,0.0013515912,0
0.0,0.43187323,0
1.0,0.9999999,1
0.0,0.00026209635,0
0.0,0.0035401327,0
0.0,0.0009452664,0
0.0,0.015586267,0
0.0,0.0027402914,0
0.0,0.09713532,0
0.0,0.007608253,0
0.0,0.2744343,0
0.0,0.16865112,0
0.0,0.0001826668,0
0.0,0.0009790508,0
0.0,8.1453894e-05,0
0.0,0.6098432,1
0.0,0.017532459,0
0.0,0.0018787126,0
0.0,0.087574914,0
0.0,0.22381005,0
1.0,0.9999999,1
0.0,0.4312526,0
0.0,0.004605852,0
0.0,0.8517806,1
0.0,0.11439249,0
1.0,1.0,1
0.0,0.016578633,0
0.0,0.03720824,0
0.0,0.0026330624,0
0.0,0.039029285,0
0.0,0.7717091,1
0.0,0.0031520503,0
0.0,0.0011208924,0
0.0,0.0002727328,0
0.0,0.035264973,0
1.0,0.98401433,1
0.0,0.26415023,0
0.0,3.8840964e-05,0
0.0,0.41902947,0
1.0,0.62140274,1
1.0,0.9999999,1
0.0,2.346269e-06,0
0.0,0.45656288,0
0.0,0.14629956,0
0.0,0.034585036,0
0.0,0.0013484001,0
0.0,0.050065488,0
0.0,0.03933444,0
0.0,0.0008137732,0
0.0,0.09874372,0
0.0,0.43629986,0
0.0,0.102727376,0
1.0,0.9999999,1
0.0,0.09732734,0
0.0,0.00016259789,0
0.0,0.01567986,0
0.0,0.0003636965,0
0.0,0.0006799501,0
0.0,0.0057582255,0
0.0,0.0018048983,0
0.0,0.00055028585,0
1.0,0.13791184,0
0.0,0.14155048,0
0.0,0.0012843907,0
0.0,0.005615122,0
1.0,0.9999999,1
0.0,9.303111e-07,0
1.0,1.0,1
0.0,0.0015577623,0
0.0,0.40847352,0
0.0,1.9868241e-06,0
0.0,0.050167866,0
0.0,0.0055048163,0
0.0,0.0007711646,0
0.0,0.008914884,0
0.0,2.0186635e-05,0
0.0,0.6675357,1
0.0,0.004332263,0
0.0,0.0082915705,0
0.0,0.0045532514,0
0.0,0.0002973591,0
0.0,0.1737186,0
0.0,0.0005732901,0
0.0,0.025972439,0
1.0,0.9999999,1
0.0,0.0010772953,0
0.0,0.022970228,0
0.0,0.0016484052,0
0.0,0.054794777,0
0.0,0.038656898,0
0.0,0.00074709364,0
0.0,0.001005666,0
0.0,5.809062e-07,0
0.0,0.00095286017,0
1.0,0.94778603,1
0.0,0.0035581277,0
0.0,0.1240274,0
0.0,0.0016390823,0
0.0,0.0012788214,0
0.0,0.01847042,0
0.0,0.0030334843,0
0.0,0.0008456272,0
0.0,0.04374963,0
0.0,0.007354461,0
0.0,0.19984475,0
0.0,0.000274344,0
0.0,4.516034e-06,0
0.0,0.0057468996,0
0.0,4.4330895e-06,0
1.0,0.45886454,0
0.0,0.0047346586,0
1.0,0.99970406,1
0.0,0.0022281997,0
0.0,0.31102118,0
0.0,6.6135713e-06,0
0.0,1.5780515e-05,0
0.0,6.949552e-05,0
0.0,0.00015731365,0
0.0,0.015244727,0
0.0,0.029275434,0
0.0,0.0013300672,0
0.0,0.00012888858,0
0.0,0.06193145,0
0.0,0.11968297,0
0.0,0.30809945,0
0.0,0.00576772,0
0.0,0.033017874,0
0.0,0.36508068,0
1.0,1.0,1
0.0,1.8386536e-05,0
0.0,0.00042077329,0
0.0,0.053500954,0
0.0,0.021325199,0
0.0,0.001120006,0
0.0,8.7870336e-05,0
0.0,0.2723239,0
0.0,0.8723462,1
0.0,0.0004116389,0
0.0,0.844699,1
0.0,0.07024168,0
0.0,0.072034486,0
0.0,0.00014873662,0
0.0,0.06693934,0
0.0,0.042263646,0
0.0,0.009360284,0
0.0,0.00021322962,0
0.0,0.0032685783,0
0.0,0.0047284225,0
0.0,0.030127786,0
0.0,0.33738762,0
0.0,0.009525171,0
1.0,0.946618,1
0.0,0.3930654,0
0.0,0.0020834624,0
0.0,0.0003448236,0
0.0,1.878717e-05,0
0.0,4.7987964e-05,0
0.0,0.0015709394,0
0.0,1.8601196e-07,0
0.0,0.00027875477,0
0.0,0.651025,1
0.0,0.00022422003,0
0.0,6.84048e-05,0
0.0,0.046793737,0
0.0,7.5203193e-06,0
0.0,0.0051116915,0
0.0,0.0032546658,0
1.0,0.99999917,1
0.0,0.007049856,0
0.0,4.6446808e-06,0
0.0,0.075267985,0
0.0,0.117883466,0
0.0,0.09369841,0
0.0,0.09059891,0
1.0,0.9999999,1
1.0,0.052314885,0
1.0,0.9968347,1
1.0,0.98106784,1
0.0,0.03146246,0
0.0,0.00015185656,0
0.0,0.0072138472,0
0.0,0.034090996,0
1.0,0.9999999,1
0.0,0.0011124113,0
0.0,0.00022938005,0
0.0,0.0033482062,0
0.0,0.08421026,0
0.0,0.047424268,0
0.0,0.0020326008,0
0.0,0.006395159,0
0.0,0.03005648,0
0.0,0.012579772,0
0.0,0.0020451206,0
0.0,0.019157352,0
0.0,0.00033920005,0
0.0,0.13093868,0
0.0,0.0038801671,0
0.0,0.00030770226,0
0.0,0.011904125,0
0.0,5.0946157e-05,0
0.0,0.00041745126,0
0.0,0.019328006,0
0.0,0.04326593,0
0.0,9.179638e-06,0
0.0,0.00034883362,0
0.0,0.010844991,0
0.0,0.0013773803,0
0.0,0.08666243,0
0.0,0.0013986763,0
0.0,0.005386417,0
0.0,0.5560166,1
1.0,0.9999999,1
0.0,5.372987e-05,0
0.0,0.00018671186,0
0.0,0.009552823,0
0.0,0.0057240776,0
1.0,0.9999999,1
0.0,0.007403389,0
0.0,0.00405132,0
0.0,0.0037048708,0
1.0,0.99893934,1
1.0,0.9999999,1
0.0,0.14224543,0
1.0,0.8016833,1
0.0,0.0017168933,0
0.0,0.14551504,0
0.0,0.017778683,0
0.0,0.014843889,0
0.0,0.0006570851,0
0.0,0.0020564848,0
0.0,0.00828914,0
0.0,0.02016247,0
0.0,0.00032587544,0
0.0,0.0405574,0
0.0,0.0002609847,0
0.0,0.38337478,0
1.0,1.0,1
0.0,0.7489846,1
0.0,0.0017168933,0
0.0,8.2981137e-07,0
0.0,0.45786607,0
0.0,0.00020058278,0
0.0,0.0050156736,0
1.0,0.94331753,1
0.0,0.07399768,0
0.0,0.020084793,0
0.0,0.0013263336,0
0.0,0.00015584128,0
0.0,0.021356674,0
0.0,0.00018096097,0
0.0,0.016766086,0
0.0,0.027559351,0
0.0,0.0016074796,0
0.0,0.0029229533,0
1.0,0.7674835,1
0.0,0.051837265,0
0.0,0.050494634,0
0.0,0.010565193,0
0.0,0.016893351,0
0.0,0.000895039,0
1.0,1.0,1
1.0,0.5848505,1
1.0,0.25674638,0
0.0,0.39111343,0
0.0,0.061722185,0
0.0,0.001509351,0
0.0,0.0042129005,0
0.0,0.029160481,0
0.0,0.14817122,0
0.0,0.017337207,0
1.0,0.7444193,1
0.0,0.0017815636,0
1.0,0.9999999,1
0.0,0.043700345,0
1.0,0.9774785,1
1.0,0.9999999,1
0.0,0.1202683,0
0.0,0.32700709,0
0.0,0.09798791,0
0.0,0.044909548,0
0.0,9.970017e-05,0
0.0,0.002123929,0
1.0,0.29048717,0
0.0,0.000112767484,0
0.0,0.0020555065,0
1.0,0.1593981,0
0.0,0.27026257,0
0.0,0.3867843,0
0.0,0.017272213,0
0.0,0.00231732,0
0.0,0.0011410797,0
0.0,0.22251603,0
0.0,0.0021058857,0
0.0,0.009861653,0
0.0,0.009638613,0
0.0,0.041022487,0
0.0,0.008427298,0
0.0,0.00042903278,0
0.0,1.1346759e-05,0
0.0,0.3602358,0
0.0,0.0022522728,0
1.0,0.27564305,0
0.0,0.17715712,0
0.0,2.057736e-07,0
0.0,0.017869305,0
0.0,0.0014357215,0
0.0,0.00012365713,0
0.0,0.0010761116,0
0.0,0.022298938,0
0.0,0.2428298,0
1.0,0.9907189,1
0.0,0.023051646,0
1.0,0.99224406,1
0.0,0.0055625243,0
1.0,0.9999999,1
1.0,0.9533833,1
0.0,0.03378549,0
0.0,0.0078119664,0
0.0,0.000104698614,0
0.0,0.08578196,0
0.0,0.2961351,0
0.0,0.023841482,0
0.0,0.0005347581,0
1.0,0.9999999,1
0.0,0.03762883,0
0.0,0.000102342885,0
0.0,0.0007129825,0
0.0,4.1770463e-07,0
0.0,0.07134097,0
0.0,5.4964017e-05,0
0.0,0.38570774,0
0.0,0.0013291276,0
0.0,0.0025895245,0
0.0,0.33987442,0
0.0,0.0022180122,0
0.0,0.0005617694,0
0.0,0.0001235607,0
0.0,0.20772006,0
1.0,0.45153004,0
0.0,0.0102675995,0
0.0,0.020580735,0
0.0,0.5603765,1
0.0,0.07616657,0
0.0,0.022384405,0
0.0,0.14250262,0
0.0,0.006706124,0
0.0,0.028418563,0
0.0,0.14115113,0
0.0,0.43605667,0
0.0,0.22079036,0
0.0,0.00011692525,0
0.0,0.028996972,0
0.0,0.004549952,0
0.0,0.099065885,0
0.0,5.7663356e-06,0
0.0,0.0006073962,0
0.0,0.015291297,0
0.0,0.0020568576,0
0.0,0.0013745576,0
0.0,9.35181e-06,0
0.0,0.024422677,0
0.0,2.8538386e-06,0
0.0,0.25859705,0
0.0,0.019424777,0
0.0,0.023725837,0
1.0,0.9999999,1
0.0,0.09277877,0
1.0,0.9999999,1
0.0,0.26050714,0
0.0,0.0007096369,0
0.0,0.016055055,0
0.0,0.10506782,0
0.0,0.015373208,0
0.0,0.0002260004,0
0.0,0.42916578,0
0.0,0.06474103,0
1.0,0.99981266,1
0.0,0.00091375835,0
0.0,0.0008273768,0
0.0,0.00095104665,0
0.0,0.0013629677,0
0.0,5.1103116e-06,0
0.0,2.4679769e-06,0
0.0,0.008165041,0
0.0,0.00015871687,0
0.0,0.00040228426,0
0.0,0.0076702107,0
0.0,0.20980817,0
0.0,0.00063227856,0
1.0,0.99998975,1
0.0,0.018997125,0
0.0,0.032716468,0
0.0,0.0006599567,0
0.0,0.08153387,0
0.0,0.002259081,0
1.0,0.9999999,1
0.0,0.2046907,0
0.0,0.032593917,0
0.0,0.01518293,0
0.0,4.0243973e-05,0
0.0,1.1392722e-05,0
0.0,0.019370018,0
0.0,0.01619165,0
0.0,0.0016902478,0
0.0,0.026204297,0
0.0,0.034592666,0
1.0,1.0,1
0.0,0.036081076,0
0.0,0.00844169,0
1.0,0.9999999,1
0.0,0.044883877,0
0.0,0.00025813165,0
0.0,0.0074527175,0
0.0,0.00014037207,0
0.0,0.003801772,0
0.0,0.05932614,0
1.0,0.9999999,1
0.0,0.0013888956,0
0.0,0.3808978,0
0.0,0.0038697494,0
0.0,0.044299003,0
0.0,2.3115686e-06,0
0.0,0.0002323195,0
0.0,0.06782085,0
1.0,0.9999999,1
0.0,0.20908304,0
0.0,3.19463e-05,0
0.0,0.031825326,0
0.0,0.0008676267,0
0.0,0.0037609462,0
0.0,0.44894964,0
0.0,0.0004747278,0
0.0,0.00063501083,0
0.0,7.699919e-05,0
0.0,0.046954196,0
0.0,0.40181807,0
0.0,0.00012936522,0
0.0,0.08401762,0
0.0,0.018010119,0
1.0,0.9999999,1
0.0,0.009916254,0
1.0,1.0,1
0.0,0.014229466,0
0.0,0.010173306,0
0.0,0.0003087926,0
0.0,0.23949376,0
0.0,0.36280045,0
0.0,0.014051758,0
0.0,0.00019691861,0
1.0,0.99988616,1
0.0,0.0041581388,0
0.0,0.044767268,0
0.0,0.0053028273,0
0.0,0.012355764,0
0.0,0.0007877215,0
0.0,0.02599342,0
0.0,0.0004912386,0
0.0,0.019893935,0
0.0,0.44397277,0
0.0,3.6279853e-05,0
0.0,0.068803266,0
0.0,0.024600236,0
0.0,0.0007950963,0
0.0,0.0024724337,0
0.0,0.004179727,0
0.0,0.043988895,0
0.0,0.00078544626,0
1.0,0.37887743,0
0.0,0.00047662534,0
0.0,0.08094918,0
0.0,0.045028448,0
0.0,0.0013449684,0
0.0,0.45520398,0
0.0,4.494312e-05,0
0.0,0.018646693,0
0.0,0.03020152,0
0.0,0.41852915,0
0.0,0.048718113,0
0.0,6.712066e-05,0
0.0,0.00092032977,0
0.0,0.02046302,0
0.0,0.0015384334,0
0.0,0.12638961,0
1.0,0.9999999,1
1.0,0.99566287,1
0.0,0.007820456,0
0.0,0.002698267,0
1.0,0.9128267,1
0.0,0.110373095,0
0.0,0.0051922365,0
0.0,0.022757083,0
0.0,0.011511284,0
0.0,4.773904e-07,0
0.0,0.0016603179,0
0.0,0.22732049,0
0.0,5.115208e-05,0
1.0,0.9999999,1
0.0,0.2857986,0
0.0,0.65153414,1
0.0,0.00026157586,0
1.0,0.22428085,0
0.0,0.00076350506,0
0.0,0.10027633,0
1.0,0.9999999,1
0.0,0.007454195,0
0.0,0.08707969,0
0.0,0.29427233,0
0.0,3.2744243e-05,0
0.0,0.0014918504,0
0.0,0.15029836,0
0.0,0.00023584985,0
0.0,0.002073867,0
0.0,0.00022549459,0
0.0,0.01720239,0
0.0,0.0004765486,0
0.0,0.00020371424,0
0.0,0.014710641,0
0.0,0.02107125,0
0.0,0.005679836,0
0.0,0.0029729782,0
0.0,0.31548348,0
0.0,0.036214586,0
0.0,0.060503285,0
0.0,0.14032443,0
0.0,0.0016559124,0
1.0,0.00636399,0
0.0,0.0007229372,0
0.0,0.025559613,0
0.0,0.00065437163,0
0.0,0.0049156155,0
0.0,0.018901387,0
0.0,0.0007422376,0
0.0,0.034137826,0
0.0,0.0034092455,0
0.0,0.0027418346,0
0.0,0.3292411,0
0.0,0.772226,1
1.0,0.9999999,1
0.0,0.0026600535,0
0.0,0.01552557,0
0.0,0.058258068,0
0.0,0.41377616,0
0.0,0.001688952,0
0.0,0.4257527,0
0.0,0.003036543,0
0.0,9.714051e-05,0
0.0,0.38192743,0
1.0,1.0,1
0.0,0.0039478005,0
1.0,1.0,1
0.0,0.006477772,0
0.0,0.0048279366,0
0.0,0.065347105,0
0.0,0.004022908,0
0.0,0.0133739095,0
0.0,0.008710807,0
0.0,0.030998563,0
0.0,0.0006191594,0
1.0,0.60067487,1
0.0,0.0028819633,0
0.0,6.660528e-05,0
0.0,0.27499616,0
1.0,0.83232486,1
0.0,0.24786168,0
0.0,0.00040467086,0
0.0,0.0014173446,0
0.0,0.009050063,0
0.0,0.0009904762,0
0.0,0.00026470004,0
1.0,0.9999999,1
1.0,0.99613744,1
0.0,0.020900296,0
1.0,0.9980506,1
0.0,0.00032242635,0
0.0,0.0521737,0
0.0,6.1947445e-05,0
0.0,0.18911244,0
0.0,4.4113152e-05,0
0.0,0.30809945,0
0.0,0.03199789,0
0.0,0.030290106,0
0.0,0.49315023,0
0.0,0.87537956,1
0.0,0.05855667,0
0.0,0.0024724607,0
0.0,0.054075412,0
0.0,0.15747647,0
1.0,1.0,1
0.0,0.005709444,0
0.0,0.34119588,0
0.0,0.03990998,0
0.0,0.2319601,0
1.0,0.9999999,1
0.0,0.00027880687,0
0.0,0.0024543619,0
0.0,0.051353198,0
0.0,0.17177126,0
1.0,0.94778603,1
0.0,0.6789586,1
0.0,0.07891994,0
0.0,4.7789017e-06,0
0.0,0.0013507195,0
0.0,0.0003334129,0
0.0,0.0005614287,0
0.0,0.01169507,0
1.0,0.9897975,1
0.0,0.000111804366,0
0.0,0.0056263474,0
0.0,0.1774559,0
1.0,0.85906166,1
0.0,0.0001060963,0
0.0,0.026959717,0
0.0,0.012650802,0
0.0,0.47307408,0
0.0,9.4868476e-05,0
1.0,1.0,1
0.0,0.53175956,1
1.0,0.7556262,1
1.0,0.4485261,0
0.0,0.0059932126,0
0.0,5.182966e-06,0
0.0,0.0010226127,0
0.0,0.0004195039,0
0.0,0.10150276,0
1.0,0.894139,1
0.0,0.019700224,0
0.0,0.0360766,0
0.0,0.0007966339,0
1.0,0.99998295,1
0.0,0.18412104,0
0.0,0.02065331,0
1.0,0.9998186,1
0.0,0.00046633146,0
1.0,0.99984074,1
0.0,9.539558e-06,0
0.0,0.9677788,1
0.0,0.00020456915,0
0.0,0.0011283713,0
1.0,0.9999999,1
0.0,0.032457143,0
0.0,5.306918e-06,0
0.0,0.080250196,0
0.0,0.43684104,0
0.0,0.060115498,0
0.0,5.431691e-05,0
1.0,0.9980248,1
0.0,0.033650763,0
0.0,0.10233872,0
1.0,1.0,1
0.0,0.0002353065,0
0.0,2.2570434e-06,0
0.0,0.0046723993,0
0.0,0.13573661,0
0.0,0.4312526,0
0.0,0.07905892,0
0.0,0.0045960797,0
0.0,0.0013196724,0
0.0,0.0090515725,0
0.0,0.00058601314,0
0.0,0.13806412,0
1.0,0.9428058,1
1.0,0.9999999,1
0.0,0.00046843142,0
0.0,0.20239857,0
0.0,0.007563044,0
0.0,0.0010724973,0
0.0,0.00011355715,0
1.0,0.9999999,1
0.0,0.017918386,0
0.0,0.007452576,0
0.0,0.1283613,0
0.0,0.013870652,0
0.0,0.028227115,0
0.0,0.013825381,0
0.0,0.07240016,0
0.0,0.039368317,0
0.0,0.05070516,0
0.0,0.00055564515,0
0.0,0.105431624,0
0.0,0.0042369054,0
0.0,2.0379639e-05,0
0.0,0.000984292,0
1.0,0.60200185,1
0.0,0.0013044097,0
1.0,0.95349187,1
0.0,0.03200959,0
0.0,0.0009394855,0
0.0,0.0025458655,0
0.0,3.9983175e-07,0
1.0,0.04323823,0
0.0,1.1352008e-05,0
1.0,0.7997625,1
1.0,0.9999999,1
0.0,0.00045522436,0
0.0,5.6227625e-05,0
0.0,0.12313991,0
0.0,0.18954548,0
0.0,0.43191138,0
0.0,0.0035683212,0
0.0,0.005598122,0
0.0,0.0025208008,0
1.0,0.9999999,1
0.0,0.00016671889,0
0.0,0.11977828,0
0.0,0.003549968,0
0.0,0.00092854764,0
1.0,0.88594973,1
0.0,0.00089496997,0
0.0,0.0005336893,0
1.0,0.99776876,1
0.0,0.00051672297,0
0.0,0.008407415,0
0.0,1.3288799e-05,0
0.0,0.048476577,0
1.0,0.99362224,1
0.0,0.006491864,0
0.0,0.00026823362,0
0.0,0.18657616,0
0.0,0.083274394,0
1.0,0.97918266,1
0.0,0.0015881313,0
1.0,0.80132926,1
0.0,0.0675543,0
0.0,0.0061431383,0
0.0,0.009187901,0
0.0,0.109022,0
0.0,0.00019766203,0
0.0,0.121017724,0
1.0,0.9999999,1
0.0,0.026123337,0
0.0,0.0646824,0
0.0,0.45342872,0
0.0,0.09426876,0
0.0,0.15167306,0
0.0,0.0010663667,0
0.0,0.0005042737,0
0.0,0.005466059,0
0.0,0.0076898374,0
0.0,0.005070755,0
1.0,1.0,1
0.0,0.0005140474,0
0.0,0.020573325,0
0.0,2.429915e-05,0
0.0,0.22618978,0
0.0,0.0048734075,0
0.0,0.1307048,0
0.0,0.48181903,0
1.0,0.93949604,1
0.0,0.00013053435,0
0.0,2.2111979e-05,0
0.0,0.0031168761,0
0.0,4.990168e-05,0
0.0,0.11074162,0
0.0,0.0006741709,0
0.0,0.349119,0
0.0,0.008972322,0
0.0,0.1796777,0
1.0,0.971141,1
0.0,0.0030974122,0
0.0,3.8887807e-05,0
0.0,0.00034555548,0
0.0,0.0010479391,0
0.0,0.009731614,0
0.0,0.62076575,1
0.0,0.3649551,0
0.0,1.5453395e-05,0
0.0,0.00038155427,0
0.0,0.07846757,0
1.0,0.9999999,1
1.0,0.9999999,1
0.0,0.43341458,0
0.0,0.13465706,0
1.0,0.8463383,1
0.0,0.16910653,0
0.0,9.295995e-05,0
0.0,0.00086183264,0
0.0,0.00048732565,0
0.0,0.0022489992,0
0.0,0.00028876224,0
0.0,0.0014050711,0
0.0,0.021044143,0
0.0,8.574132e-05,0
0.0,0.0042898534,0
1.0,1.0,1
1.0,0.9999999,1
0.0,0.0012423968,0
1.0,0.8032609,1
0.0,0.0010011432,0
0.0,7.244993e-06,0
0.0,8.3209656e-05,0
0.0,0.09246458,0
0.0,0.00066718506,0
0.0,0.0008067999,0
0.0,0.20408489,0
1.0,0.4252114,0
0.0,0.0092989495,0
0.0,2.2814176e-05,0
1.0,0.9999999,1
1.0,0.9999999,1
1.0,0.9999999,1
0.0,0.34119588,0
0.0,0.68699473,1
0.0,0.00065971207,0
0.0,0.116364256,0
0.0,0.00038848587,0
0.0,0.014166379,0
0.0,0.54678637,1
0.0,0.00030956513,0
1.0,0.9999999,1
0.0,3.7629272e-06,0
0.0,0.25118443,0
1.0,0.9999459,1
0.0,0.10221904,0
0.0,0.0033461114,0
0.0,0.27852872,0
0.0,0.02751728,0
0.0,0.013215961,0
0.0,0.00029917105,0
0.0,0.112616785,0
0.0,0.023303501,0
0.0,0.0029557068,0
0.0,0.014991987,0
0.0,0.003967409,0
0.0,0.0008965959,0
1.0,0.9999999,1
1.0,1.0,1
0.0,1.0030831e-05,0
0.0,0.08197171,0
0.0,0.09682392,0
0.0,1.9738081e-06,0
0.0,0.0003897426,0
0.0,0.0032584497,0
1.0,0.9999999,1
0.0,0.42916578,0
0.0,0.032616254,0
0.0,0.097559616,0
0.0,0.14870256,0
0.0,0.0072060036,0
0.0,0.0014437613,0
0.0,0.0004984677,0
0.0,0.07579298,0
0.0,0.00062549184,0
0.0,0.045146454,0
0.0,0.41084367,0
1.0,0.99988616,1
0.0,0.0014621009,0
0.0,0.06459297,0
0.0,2.9893506e-06,0
1.0,0.41392007,0
0.0,0.09705199,0
0.0,3.9164042e-06,0
0.0,0.00011294171,0
0.0,0.14836349,0
1.0,0.9999999,1
1.0,0.99201983,1
0.0,0.55153936,1
0.0,9.16102e-05,0
0.0,0.39291757,0
1.0,0.9999999,1
0.0,0.007939838,0
0.0,0.10285046,0
0.0,0.0015263625,0
0.0,0.0011886571,0
0.0,0.0015034769,0
0.0,0.04369061,0
1.0,0.9999999,1
0.0,0.029558048,0
0.0,0.000522125,0
0.0,0.00017227825,0
0.0,3.735796e-05,0
1.0,0.9998404,1
0.0,0.0010356046,0
1.0,1.0,1
0.0,0.13976486,0
1.0,1.0,1
1.0,0.9999999,1
0.0,0.08034965,0
0.0,0.01067666,0
0.0,0.00062615005,0
0.0,0.005007057,0
0.0,1.536461e-05,0
1.0,0.9999999,1
0.0,0.029411843,0
0.0,0.0076642646,0
0.0,0.0022292538,0
1.0,0.67535496,1
0.0,2.2910326e-05,0
0.0,0.29477054,0
1.0,0.9989091,1
0.0,0.00058132765,0
1.0,0.9988242,1
0.0,0.0011192386,0
0.0,0.06967288,0
0.0,5.0087903e-05,0
1.0,0.9999999,1
0.0,0.0012471309,0
0.0,0.020945247,0
0.0,0.009342584,0
0.0,0.4222473,0
1.0,0.9999999,1
0.0,0.000676283,0
0.0,0.3721211,0
1.0,0.9882415,1
1.0,1.0,1
0.0,0.056154896,0
0.0,0.2161741,0
0.0,9.249784e-05,0
0.0,0.17926691,0
1.0,0.9999999,1
0.0,4.330092e-06,0
0.0,9.3263254e-05,0
0.0,3.7540806e-06,0
0.0,0.037047192,0
0.0,2.2241568e-06,0
0.0,0.00065307977,0
0.0,0.018693754,0
0.0,0.025137974,0
0.0,0.0038050546,0
0.0,0.026479144,0
0.0,0.0023691333,0
0.0,0.16637927,0
0.0,0.02234736,0
0.0,0.00037748387,0
1.0,0.07704139,0
1.0,0.9999999,1
0.0,0.0023938117,0
0.0,0.04777508,0
0.0,0.27432474,0
0.0,0.2129749,0
0.0,1.1557812e-05,0
1.0,0.9998878,1
0.0,0.07737453,0
0.0,0.10449077,0
0.0,0.101668395,0
0.0,0.3425291,0
0.0,0.00017307466,0
0.0,0.0050466615,0
0.0,0.010703135,0
1.0,0.3867493,0
0.0,0.13397607,0
0.0,0.053475738,0
0.0,0.0025264928,0
0.0,0.22840603,0
0.0,8.443113e-05,0
0.0,0.0034796821,0
0.0,0.3714494,0
0.0,0.0015949035,0
1.0,0.9999999,1
0.0,0.0068082856,0
0.0,0.0003233264,0
1.0,0.9999999,1
0.0,0.67131305,1
0.0,0.1758396,0
0.0,0.007243379,0
1.0,0.99994755,1
1.0,0.9999999,1
0.0,0.0009412886,0
0.0,0.1082387,0
0.0,0.08873497,0
0.0,4.138541e-05,0
1.0,0.993733,1
0.0,0.27432474,0
0.0,0.02204008,0
1.0,0.99705327,1
1.0,0.9999999,1
0.0,0.0029559738,0
0.0,0.4510661,0
0.0,0.0015323836,0
0.0,0.28958705,0
0.0,7.217191e-05,0
0.0,0.00034466272,0
0.0,0.003144006,0
0.0,0.0011353663,0
0.0,0.0075721084,0
1.0,0.9999999,1
0.0,0.037796896,0
0.0,0.0015674328,0
1.0,0.9999999,1
0.0,0.0002775574,0
0.0,0.00044559693,0
0.0,0.023729622,0
1.0,1.0,1
0.0,0.012074443,0
0.0,0.00012302237,0
0.0,0.00055883377,0
0.0,0.00093757815,0
0.0,0.01048074,0
0.0,0.4476411,0
0.0,0.0037426439,0
1.0,0.9999999,1
0.0,0.17396966,0
1.0,0.9148601,1
0.0,0.0043952484,0
1.0,0.9991247,1
0.0,0.030823674,0
0.0,0.0012243633,0
0.0,0.8701751,1
0.0,0.10820874,0
0.0,0.008505961,0
0.0,0.32150438,0
0.0,0.039733566,0
0.0,0.0024050977,0
0.0,0.00017302514,0
0.0,0.017375136,0
1.0,0.9989716,1
0.0,0.119201146,0
0.0,7.2529234e-05,0
1.0,1.0,1
1.0,0.50897753,1
0.0,3.7873393e-05,0
0.0,0.00016586597,0
0.0,2.7232476e-05,0
0.0,7.292537e-05,0
0.0,0.0012244094,0
0.0,0.09359399,0
0.0,0.024635294,0
0.0,0.03009717,0
1.0,0.9999999,1
0.0,0.58717126,1
1.0,0.9910493,1
1.0,0.9999703,1
0.0,1.4176576e-06,0
0.0,0.023362665,0
0.0,0.4468669,0
0.0,0.0006877843,0
0.0,3.7462956e-05,0
1.0,0.9999999,1
0.0,0.0518661,0
0.0,1.0838987e-05,0
0.0,0.00055384054,0
0.0,0.00013093438,0
0.0,7.114602e-05,0
0.0,0.30697426,0
1.0,0.008439168,0
0.0,0.0076858755,0
0.0,0.0030536782,0
1.0,0.9999999,1
0.0,2.68709e-05,0
0.0,0.0014250462,0
0.0,0.3125045,0
0.0,0.0027827069,0
0.0,0.0075450377,0
0.0,0.00010514664,0
0.0,0.00080766605,0
0.0,0.0013301147,0
0.0,0.009003186,0
0.0,2.9118188e-05,0
0.0,0.0033061174,0
0.0,0.00035125422,0
0.0,0.027061166,0
1.0,0.97844875,1
0.0,0.0011365738,0
0.0,0.0032967816,0
1.0,0.9768862,1
1.0,0.56980693,1
1.0,0.9999999,1
0.0,0.019481514,0
0.0,0.009368702,0
0.0,0.03301734,0
0.0,0.11277159,0
1.0,0.9999999,1
0.0,0.027885035,0
0.0,0.00085239933,0
1.0,0.9999999,1
0.0,0.00382458,0
1.0,0.99999845,1
0.0,0.004737949,0
0.0,0.00035102206,0
0.0,0.28804624,0
0.0,0.08900009,0
0.0,0.27669692,0
1.0,0.9999999,1
0.0,7.875365e-05,0
1.0,0.9999999,1
0.0,0.21632475,0
0.0,6.2918643e-06,0
1.0,0.6377268,1
0.0,0.0007452686,0
0.0,0.28778073,0
0.0,0.00050068967,0
0.0,0.0028317391,0
1.0,1.0,1
0.0,0.25182572,0
0.0,2.4117928e-06,0
0.0,0.41224083,0
0.0,0.0067420546,0
1.0,0.9999999,1
0.0,0.009837359,0
0.0,1.07638825e-05,0
1.0,0.41852915,0
0.0,0.18811716,0
0.0,0.00064368686,0
0.0,0.0015821643,0
0.0,0.081523985,0
0.0,0.00073048,0
0.0,0.022700172,0
0.0,0.019370018,0
0.0,1.2806397e-06,0
0.0,0.0036882455,0
0.0,0.0048483624,0
0.0,0.054463405,0
1.0,0.47837773,0
0.0,0.18306369,0
1.0,0.027308092,0
0.0,3.679648e-05,0
0.0,1.1379476e-06,0
0.0,0.0002672223,0
0.0,6.751011e-05,0
0.0,0.0046562436,0
0.0,0.003728265,0
0.0,0.00037979853,0
0.0,0.0065724202,0
0.0,0.5044265,1
0.0,0.12117156,0
0.0,0.0003407571,0
0.0,0.011061849,0
0.0,0.0016362814,0
1.0,0.9999999,1
0.0,0.20454475,0
0.0,0.0016622839,0
0.0,0.0003190393,0
0.0,5.77132e-06,0
0.0,0.0011002634,0
1.0,0.6640707,1
0.0,0.31153297,0
0.0,0.00025188876,0
0.0,8.020794e-06,0
0.0,0.000115545336,0
0.0,0.2742228,0
0.0,7.017116e-06,0
0.0,0.06705033,0
0.0,0.0109653,0
0.0,0.0005843521,0
0.0,0.7285445,1
0.0,8.574262e-07,0
0.0,0.0027401717,0
1.0,0.9999999,1
0.0,0.03599103,0
0.0,0.00037238857,0
0.0,0.007467769,0
0.0,0.24610324,0
0.0,0.00010988651,0
0.0,0.0019246902,0
0.0,7.73565e-05,0
1.0,0.9999999,1
0.0,0.00036161,0
1.0,0.9999999,1
0.0,0.0003469257,0
0.0,0.041585095,0
0.0,0.016269187,0
0.0,0.00016544345,0
0.0,0.036423106,0
0.0,0.47470307,0
0.0,2.0789828e-05,0
0.0,0.0011259784,0
0.0,0.001304767,0
0.0,0.094154395,0
1.0,0.9999994,1
0.0,0.011952569,0
1.0,0.9989386,1
0.0,3.7256905e-06,0
1.0,0.6093082,1
0.0,0.06992238,0
0.0,0.00072490826,0
1.0,0.9999999,1
0.0,0.00030718846,0
0.0,0.0007980418,0
0.0,0.029338067,0
0.0,0.33393088,0
0.0,0.0003471111,0
0.0,0.0001148133,0
0.0,0.09926598,0
0.0,0.0018166872,0
1.0,0.9999999,1
0.0,0.012681287,0
0.0,0.013801004,0
0.0,0.10028619,0
0.0,1.6579895e-06,0
0.0,0.10856007,0
0.0,0.0053090085,0
0.0,0.63924634,1
1.0,0.72752124,1
0.0,0.16712523,0
0.0,0.0036121088,0
1.0,1.0,1
0.0,0.08409194,0
1.0,0.9999999,1
0.0,0.0013641514,0
0.0,0.21961376,0
1.0,0.9999999,1
0.0,7.277497e-05,0
0.0,0.0043011336,0
0.0,2.957535e-06,0
0.0,0.21744245,0
0.0,0.1633765,0
0.0,0.012842325,0
1.0,0.34578755,0
0.0,0.1059936,0
0.0,0.21973765,0
0.0,3.257512e-05,0
0.0,0.00038215835,0
0.0,0.062418595,0
0.0,0.00011717281,0
0.0,0.008601398,0
1.0,0.9998838,1
0.0,0.008128898,0
0.0,0.0041069407,0
0.0,0.03551475,0
0.0,0.028913297,0
1.0,0.02004999,0
0.0,0.0010842476,0
0.0,0.09038838,0
0.0,0.03101528,0
0.0,0.12781146,0
1.0,0.9999999,1
0.0,0.00017541542,0
0.0,0.015120401,0
0.0,0.3491321,0
0.0,0.1364681,0
1.0,0.29062396,0
0.0,0.016234653,0
0.0,0.00022139295,0
0.0,0.057283472,0
0.0,0.5540101,1
1.0,0.9999999,1
0.0,0.011193975,0
0.0,0.013792796,0
0.0,0.0071723713,0
1.0,0.9999999,1
0.0,1.0366793e-05,0
1.0,0.9999999,1
0.0,0.08736027,0
0.0,0.027527176,0
0.0,0.00078574044,0
0.0,1.2608545e-05,0
1.0,1.0,1
0.0,0.0060094204,0
0.0,0.0009892182,0
0.0,0.00014594522,0
0.0,0.41930872,0
0.0,0.0073272623,0
0.0,2.2402299e-05,0
0.0,0.00021134502,0
0.0,0.007829434,0
0.0,0.018675381,0
0.0,0.005169658,0
0.0,0.110265054,0
1.0,0.09363388,0
0.0,0.22851624,0
0.0,0.00078525726,0
0.0,0.011897021,0
0.0,0.00013165777,0
1.0,0.7933816,1
0.0,0.0007373274,0
0.0,0.008052696,0
0.0,0.0053664334,0
1.0,0.94174886,1
0.0,3.7766637e-05,0
0.0,0.051470295,0
1.0,0.81546545,1
0.0,0.00066804915,0
0.0,0.14486338,0
1.0,0.9999999,1
0.0,0.63910866,1
0.0,2.7334001e-05,0
0.0,0.014247437,0
0.0,0.04430951,0
0.0,0.3956545,0
0.0,3.1859836e-05,0
0.0,0.00048867625,0
0.0,0.0017083179,0
0.0,0.003012325,0
0.0,0.22521311,0
0.0,0.030948674,0
0.0,0.003869242,0
0.0,0.0781673,0
0.0,0.059099328,0
0.0,3.6973245e-06,0
0.0,0.0003107358,0
1.0,0.99705327,1
0.0,0.0062113507,0
0.0,1.3358151e-05,0
1.0,0.33547914,0
0.0,0.061697215,0
0.0,4.285477e-06,0
0.0,7.798302e-05,0
0.0,0.0023661319,0
0.0,0.29062396,0
0.0,0.35433927,0
0.0,0.114356935,0
0.0,0.0003907618,0
0.0,0.046530984,0
0.0,0.004501274,0
0.0,0.39222962,0
0.0,0.1685837,0
0.0,0.00032383544,0
0.0,0.14156,0
0.0,1.2769244e-05,0
1.0,0.8205664,1
0.0,1.9325755e-05,0
0.0,0.0026899828,0
0.0,0.20154844,0
0.0,0.0036428447,0
1.0,0.84111375,1
0.0,0.21980557,0
1.0,1.0,1
0.0,0.5651246,1
0.0,0.015718967,0
0.0,0.0010757421,0
0.0,0.22930561,0
0.0,0.009874372,0
0.0,0.010509297,0
0.0,0.0117323585,0
1.0,1.0,1
0.0,0.07601537,0
0.0,0.0002503316,0
1.0,0.950552,1
0.0,0.14783387,0
1.0,0.9999999,1
0.0,0.034209758,0
0.0,4.112525e-06,0
0.0,0.077139266,0
0.0,0.017150976,0
0.0,0.09270122,0
0.0,0.011188397,0
0.0,0.094577976,0
0.0,0.00061343185,0
0.0,0.010573911,0
0.0,0.003076718,0
0.0,0.035812046,0
0.0,0.0457724,0
0.0,0.5220562,1
0.0,0.015030439,0
1.0,0.9946128,1
0.0,2.662692e-07,0
1.0,0.772433,1
0.0,0.00041507947,0
0.0,0.055801053,0
1.0,0.9999999,1
1.0,0.9999999,1
0.0,0.0013097135,0
0.0,0.05390216,0
0.0,0.002258798,0
0.0,2.271947e-05,0
0.0,0.14062072,0
0.0,0.003038296,0
1.0,0.9999999,1
0.0,0.0025807444,0
0.0,0.00086081616,0
0.0,0.028630283,0
0.0,0.11888121,0
0.0,0.2757501,0
0.0,2.9243163e-05,0
0.0,0.00016523898,0
0.0,0.7461403,1
0.0,0.104071975,0
0.0,0.0022579385,0
0.0,0.007825809,0
0.0,0.016061572,0
0.0,0.21178192,0
0.0,8.64039e-07,0
0.0,0.036969066,0
0.0,0.038182624,0
1.0,1.0,1
0.0,0.0406107,0
0.0,0.016295275,0
1.0,0.9999999,1
0.0,9.0693524e-05,0
0.0,0.06586573,0
1.0,0.99982065,1
1.0,0.9999999,1
0.0,0.08557191,0
0.0,0.56438214,1
1.0,0.48439047,0
0.0,0.42916578,0
1.0,0.05880622,0
1.0,0.9999999,1
0.0,0.0010332306,0
0.0,0.000339337,0
0.0,1.0158463e-05,0
0.0,0.0004475101,0
0.0,0.0025515107,0
0.0,0.000696024,0
0.0,2.2239714e-05,0
0.0,0.0008242806,0
1.0,1.0,1
0.0,0.43945172,0
0.0,0.0023794952,0
0.0,0.0001039982,0
0.0,0.54135275,1
1.0,0.9999999,1
0.0,0.00090236234,0
0.0,0.1399845,0
0.0,0.10911933,0
0.0,0.007806909,0
0.0,0.0012022428,0
0.0,0.0004852934,0
0.0,0.028106436,0
0.0,0.41448304,0
0.0,0.076134965,0
0.0,0.07757627,0
0.0,0.0001261324,0
0.0,0.00085295184,0
0.0,0.05089784,0
0.0,0.012817039,0
0.0,0.012639133,0
0.0,0.00023285039,0
0.0,0.0013310862,0
0.0,0.021950394,0
0.0,6.0268343e-05,0
1.0,1.0,1
0.0,0.00016115411,0
0.0,0.123209275,0
0.0,0.00024281439,0
0.0,0.00090334786,0
0.0,0.275991,0
0.0,0.0008598422,0
0.0,0.004790104,0
0.0,1.13230735e-05,0
1.0,0.98891526,1
0.0,0.010857084,0
1.0,0.9824452,1
0.0,0.14420998,0
0.0,0.025441658,0
0.0,0.0051118447,0
0.0,0.109108694,0
0.0,0.0013597737,0
1.0,0.684895,1
0.0,0.023166733,0
1.0,0.9999999,1
0.0,0.15462552,0
0.0,0.018504316,0
0.0,0.1911089,0
0.0,0.13909191,0
0.0,0.0009113095,0
1.0,0.9944417,1
0.0,0.019177496,0
0.0,0.00015842263,0
0.0,0.23968911,0
0.0,0.0003321109,0
0.0,0.037742194,0
0.0,0.025526725,0
0.0,4.719817e-05,0
0.0,0.31771237,0
0.0,0.2718006,0
0.0,7.884652e-06,0
1.0,0.9999999,1
0.0,0.06957566,0
0.0,0.0035603023,0
0.0,6.3854754e-06,0
0.0,0.00027778483,0
1.0,0.9999999,1
0.0,0.006043405,0
0.0,7.488828e-05,0
0.0,0.0049158814,0
0.0,0.00026011773,0
0.0,0.034135893,0
0.0,0.14890972,0
1.0,0.82355607,1
0.0,9.6930926e-05,0
0.0,0.00023959001,0
0.0,0.0013243412,0
0.0,0.004557959,0
1.0,1.0,1
0.0,0.4409799,0
0.0,0.019175636,0
1.0,1.0,1
0.0,0.0067267697,0
0.0,0.27075404,0
1.0,0.34695384,0
1.0,0.16526987,0
0.0,0.054561995,0
0.0,0.4650423,0
0.0,4.716703e-07,0
0.0,0.026248796,0
0.0,0.012385815,0
0.0,0.061739296,0
0.0,0.015698742,0
0.0,0.24972029,0
0.0,0.48031294,0
0.0,6.6409943e-06,0
0.0,0.011011534,0
0.0,0.36476302,0
0.0,0.023212703,0
0.0,0.8278118,1
0.0,0.0003321109,0
1.0,0.98943347,1
0.0,0.13875864,0
0.0,9.8414595e-05,0
0.0,5.6141205e-05,0
1.0,0.9999999,1
1.0,0.9999994,1
0.0,0.02273812,0
1.0,0.81612563,1
0.0,3.470557e-05,0
0.0,0.0010855208,0
0.0,0.015550077,0
0.0,0.14123785,0
0.0,0.0008273768,0
0.0,0.07328947,0
0.0,0.47334796,0
0.0,5.3854426e-05,0
0.0,0.007654895,0
0.0,0.0050613377,0
0.0,6.4614134e-05,0
1.0,0.9999999,1
0.0,0.42263737,0
1.0,0.9999999,1
0.0,0.023933785,0
0.0,0.18516679,0
0.0,0.006293438,0
0.0,0.17945641,0
1.0,0.9999999,1
0.0,4.6857695e-05,0
0.0,0.00509454,0
0.0,5.9198264e-05,0
1.0,0.9998958,1
0.0,0.0009094298,0
0.0,0.013349099,0
1.0,1.0,1
1.0,0.89272183,1
0.0,0.0036101732,0
0.0,0.21703959,0
0.0,0.008320007,0
0.0,0.017717708,0
0.0,0.09478372,0
0.0,0.0020037775,0
0.0,0.38927105,0
0.0,0.008439484,0
0.0,0.088734075,0
0.0,0.011471252,0
0.0,0.0005672419,0
0.0,0.00731668,0
0.0,6.575943e-06,0
1.0,0.99953926,1
0.0,0.056606203,0
0.0,0.0009318544,0
0.0,0.0008327826,0
0.0,0.0002002121,0
0.0,0.00072048325,0
0.0,0.34527305,0
0.0,0.12756202,0
1.0,0.9999999,1
0.0,0.0034829048,0
0.0,0.001890998,0
0.0,0.05083902,0
1.0,0.9907856,1
0.0,0.0003440072,0
0.0,0.0031601274,0
0.0,0.017318847,0
0.0,0.020513177,0
0.0,5.8086232e-05,0
0.0,0.00022246598,0
0.0,7.3734577e-06,0
0.0,0.007299708,0
1.0,0.9999999,1
0.0,0.009875411,0
1.0,0.9999999,1
1.0,0.99998724,1
0.0,0.00012722464,0
0.0,0.0029770103,0
0.0,0.00010182161,0
0.0,0.014811248,0
0.0,0.00036813435,0
1.0,0.6371305,1
0.0,3.5691497e-05,0
1.0,0.0004050578,0
0.0,5.599103e-05,0
0.0,0.0005725832,0
0.0,0.24618904,0
0.0,0.035013955,0
0.0,0.030360237,0
0.0,0.00023451338,0
0.0,0.48338893,0
0.0,0.0001483597,0
0.0,0.09057142,0
1.0,0.9999999,1
0.0,0.0008836662,0
0.0,0.2392668,0
0.0,0.00067261816,0
0.0,0.0040832907,0
0.0,0.00019190134,0
0.0,0.00018363514,0
0.0,0.015438593,0
0.0,0.0030946222,0
0.0,0.00020277477,0
0.0,0.23711868,0
1.0,0.9999999,1
0.0,0.0010741216,0
1.0,0.9999999,1
1.0,0.90055126,1
0.0,0.0072328155,0
0.0,0.00015226631,0
0.0,0.0005683432,0
0.0,0.000335649,0
0.0,0.0008592813,0
0.0,2.8721106e-05,0
0.0,0.0008243941,0
0.0,0.0005335919,0
0.0,0.039659176,0
1.0,0.43946683,0
0.0,0.7966154,1
0.0,0.008384861,0
0.0,0.043393563,0
0.0,0.39329675,0
0.0,0.43605667,0
0.0,0.00017280076,0
0.0,0.0005097859,0
0.0,0.27221492,0
0.0,0.08820553,0
0.0,0.51971084,1
0.0,0.0001662953,0
0.0,0.008711763,0
0.0,0.0003532306,0
0.0,0.4312526,0
0.0,0.23764044,0
0.0,0.45003855,0
0.0,0.020333175,0
0.0,0.004966247,0
0.0,6.1179846e-05,0
0.0,0.0007229538,0
0.0,8.3057756e-05,0
0.0,0.00074357033,0
0.0,0.00068850274,0
0.0,0.043841187,0
1.0,1.0,1
0.0,0.00011582486,0
0.0,0.043645218,0
0.0,0.11403743,0
0.0,0.028418563,0
0.0,0.78709155,1
0.0,0.04314565,0
0.0,0.014662553,0
0.0,0.17068781,0
1.0,0.8836489,1
0.0,3.3510814e-06,0
0.0,0.00652288,0
0.0,0.06294585,0
0.0,2.4299314e-05,0
0.0,0.00034973788,0
0.0,9.886685e-05,0
0.0,1.672836e-05,0
0.0,0.7424763,1
0.0,0.4764319,0
0.0,0.32562992,0
0.0,0.009810753,0
0.0,0.27333567,0
0.0,1.395164e-06,0
1.0,0.008891304,0
0.0,7.3734577e-06,0
1.0,1.0,1
0.0,0.016198905,0
1.0,0.77007693,1
0.0,0.0133739095,0
0.0,0.04955339,0
0.0,0.36508262,0
1.0,0.9999999,1
0.0,0.0066026477,0
0.0,5.3407266e-06,0
0.0,0.03254702,0
0.0,0.0020026262,0
1.0,0.9980996,1
0.0,0.038995653,0
1.0,0.9999999,1
0.0,0.002042621,0
0.0,0.010752526,0
0.0,5.9986127e-05,0
0.0,0.0010403601,0
1.0,0.9999999,1
0.0,0.087788284,0
1.0,0.9893421,1
0.0,0.0016881082,0
1.0,0.22198643,0
0.0,0.0014757174,0
0.0,0.09371125,0
0.0,0.057414144,0
0.0,0.047908314,0
0.0,0.0006550789,0
0.0,0.39291757,0
0.0,1.3521423e-05,0
0.0,0.0009806078,0
0.0,0.00029662516,0
0.0,1.2132384e-06,0
0.0,0.00015808703,0
1.0,0.9998186,1
0.0,0.0012138659,0
0.0,0.67687285,1
0.0,0.53366476,1
0.0,0.0002012481,0
0.0,0.009800308,0
0.0,0.0011542905,0
0.0,0.0005307981,0
0.0,0.034742042,0
0.0,0.37100792,0
0.0,0.007889307,0
0.0,0.052051634,0
0.0,0.00037979853,0
0.0,0.2551448,0
0.0,0.00044618818,0
0.0,0.17102022,0
0.0,0.0010522362,0
0.0,0.0011555023,0
1.0,0.9999999,1
0.0,9.5692376e-05,0
0.0,0.00010122217,0
0.0,0.00043243627,0
1.0,0.9748161,1
1.0,0.9940838,1
0.0,0.0200947,0
0.0,0.014119771,0
0.0,0.119167194,0
0.0,0.26585707,0
0.0,0.0010759645,0
0.0,0.032491762,0
1.0,0.9999999,1
0.0,0.03551475,0
0.0,0.3040863,0
0.0,0.081030466,0
0.0,0.00010693068,0
0.0,0.0100795375,0
0.0,0.17075741,0
0.0,0.008123018,0
0.0,0.012609112,0
0.0,0.87874126,1
0.0,2.5359489e-06,0
0.0,1.1079496e-05,0
1.0,0.9800519,1
0.0,0.39363196,0
0.0,2.3436312e-05,0
0.0,0.0012113843,0
0.0,0.015028809,0
0.0,5.847432e-05,0
0.0,0.082476065,0
0.0,0.08003582,0
1.0,0.9999999,1
0.0,0.052822493,0
0.0,0.11125888,0
0.0,0.08241329,0
0.0,8.948866e-05,0
0.0,0.102965616,0
0.0,0.63723004,1
0.0,0.0065413625,0
0.0,0.0021840087,0
0.0,0.1987967,0
0.0,0.035770588,0
0.0,0.05715409,0
0.0,0.0012766581,0
0.0,2.6432765e-06,0
0.0,5.1951076e-05,0
0.0,0.0004164137,0
0.0,0.029503826,0
0.0,0.0011835329,0
0.0,0.062264305,0
1.0,0.9999999,1
0.0,0.11752169,0
0.0,0.75267345,1
0.0,0.18131664,0
0.0,7.188741e-05,0
0.0,0.004949021,0
0.0,3.6544657e-06,0
0.0,0.46393037,0
0.0,2.669598e-06,0
0.0,0.0007326081,0
0.0,0.003290065,0
0.0,0.00052750757,0
0.0,0.27832392,0
0.0,0.03015177,0
0.0,0.024647713,0
0.0,0.0003459804,0
0.0,0.023222324,0
0.0,0.2906574,0
0.0,0.03601514,0
0.0,0.0009535868,0
0.0,0.004721467,0
0.0,0.0010298785,0
0.0,0.0002479425,0
0.0,0.051356986,0
0.0,0.015251852,0
1.0,0.9989386,1
0.0,1.8134488e-05,0
0.0,0.0050799144,0
0.0,0.0012628784,0
0.0,0.0057908995,0
0.0,0.06712914,0
0.0,0.0011267291,0
0.0,0.0019686627,0
0.0,0.2371072,0
0.0,0.01925463,0
0.0,0.00043904994,0
0.0,0.014134588,0
0.0,0.010505777,0
0.0,0.28264964,0
0.0,3.9930463e-05,0
0.0,0.005552589,0
0.0,0.04804687,0
0.0,8.07904e-05,0
1.0,0.9999999,1
0.0,0.32620126,0
0.0,0.0010647967,0
0.0,0.0018879755,0
0.0,0.089238964,0
0.0,0.0013021643,0
0.0,0.00050177274,0
0.0,0.0035234117,0
0.0,0.14627716,0
0.0,0.0045007914,0
0.0,4.1631774e-06,0
0.0,0.0062288116,0
0.0,9.583647e-06,0
0.0,0.04312654,0
0.0,0.009782195,0
0.0,3.62036e-06,0
1.0,0.9999999,1
0.0,0.025336938,0
0.0,0.101347834,0
0.0,0.0010242341,0
1.0,0.9951432,1
0.0,0.05542089,0
0.0,0.013665613,0
0.0,0.0032412892,0
0.0,0.40554896,0
0.0,0.33767235,0
0.0,9.551049e-05,0
1.0,0.9999999,1
0.0,0.002328355,0
0.0,0.00597087,0
0.0,2.99286e-05,0
1.0,0.9999999,1
0.0,0.008699599,0
1.0,1.0,1
0.0,0.030136168,0
0.0,0.000784737,0
0.0,0.0058749747,0
1.0,0.6933269,1
0.0,2.387676e-06,0
1.0,0.9999999,1
0.0,0.086565994,0
0.0,0.043062143,0
0.0,0.08873497,0
0.0,0.02907897,0
0.0,0.049508944,0
0.0,9.01606e-06,0
0.0,0.0062738135,0
0.0,0.27502704,0
0.0,8.380431e-06,0
0.0,1.9396193e-05,0
0.0,3.7409359e-06,0
1.0,0.40931845,0
0.0,0.00010672868,0
0.0,0.0042935656,0
1.0,0.81740993,1
0.0,0.0017236416,0
1.0,0.8693089,1
0.0,8.475558e-05,0
1.0,1.0,1
0.0,0.09944959,0
0.0,1.2920538e-05,0
1.0,0.999863,1
0.0,0.020748276,0
1.0,0.99389863,1
0.0,0.011814462,0
0.0,0.0063474327,0
0.0,0.0746761,0
0.0,9.1433805e-07,0
1.0,0.9609646,1
0.0,1.2825285e-05,0
1.0,0.99984515,1
0.0,0.0008793603,0
0.0,0.0020581784,0
0.0,9.963549e-06,0
0.0,0.049118213,0
0.0,0.033802047,0
0.0,0.17142189,0
0.0,0.065729216,0
0.0,0.4596714,0
0.0,0.0063081984,0
0.0,0.035178736,0
0.0,0.083255194,0
1.0,0.73010755,1
0.0,0.0057433504,0
1.0,0.9999999,1
0.0,0.0050033974,0
0.0,0.0064616157,0
0.0,0.3656269,0
0.0,0.14358933,0
0.0,5.566796e-05,0
0.0,0.049907792,0
0.0,0.0013842105,0
0.0,0.00020588662,0
0.0,0.038864397,0
0.0,0.0010975155,0
0.0,7.148374e-06,0
0.0,0.30399355,0
0.0,0.037666425,0
0.0,0.06890262,0
0.0,6.633342e-05,0
0.0,0.0092989495,0
0.0,0.00013078912,0
0.0,1.457886e-05,0
1.0,0.9999999,1
0.0,0.017717708,0
0.0,0.00062167336,0
0.0,0.0045630764,0
0.0,0.0071709454,0
0.0,0.00047992382,0
0.0,0.0012870284,0
0.0,0.0057554855,0
1.0,0.46685368,0
0.0,0.00478832,0
0.0,0.00040679311,0
0.0,0.0010185689,0
0.0,0.0009462296,0
1.0,0.9999999,1
0.0,0.004796849,0
1.0,0.94499636,1
0.0,0.019984892,0
0.0,0.00081304234,0
0.0,0.00035868876,0
0.0,0.39605024,0
1.0,0.9999999,1
0.0,0.045476083,0
0.0,0.012637205,0
0.0,0.38079017,0
0.0,0.0006796268,0
0.0,0.33657452,0
0.0,0.004530782,0
0.0,0.0058124186,0
0.0,0.025852134,0
0.0,0.0014690778,0
0.0,0.0013514752,0
1.0,0.9999999,1
1.0,0.99607384,1
0.0,0.0006654435,0
0.0,0.016856456,0
0.0,0.00083035877,0
0.0,0.097013175,0
1.0,0.9999999,1
0.0,6.736432e-05,0
0.0,0.0006461996,0
0.0,0.0026772716,0
1.0,0.9999999,1
0.0,0.0022398084,0
0.0,0.02459241,0
0.0,0.00024447462,0
0.0,0.16276477,0
0.0,0.0044153254,0
0.0,0.0013058673,0
0.0,0.85472274,1
0.0,0.0039946204,0
0.0,0.0070559005,0
0.0,0.031527176,0
0.0,0.028710373,0
0.0,1.2196234e-06,0
1.0,0.99988616,1
1.0,0.9999999,1
0.0,8.6872376e-07,0
0.0,1.6448641e-06,0
0.0,2.2599406e-06,0
0.0,0.0003440072,0
0.0,0.21146567,0
0.0,0.0009848741,0
0.0,0.0026631586,0
0.0,5.7464258e-05,0
1.0,1.0,1
0.0,0.028456487,0
0.0,0.33090848,0
0.0,0.0009552982,0
0.0,0.00015152707,0
0.0,0.024613975,0
0.0,0.00021627003,0
0.0,0.03983038,0
0.0,0.01956604,0
1.0,0.9999999,1
1.0,0.9999999,1
0.0,0.022397405,0
0.0,0.0036085288,0
0.0,0.24762845,0
0.0,0.007053685,0
1.0,0.99988616,1
0.0,3.049575e-06,0
0.0,0.0011278989,0
0.0,0.00021669648,0
1.0,0.001101174,0
0.0,6.411293e-06,0
0.0,0.0031601274,0
0.0,0.004162999,0
0.0,0.0007694084,0
0.0,0.012604803,0
0.0,0.07538405,0
0.0,0.0025630228,0
0.0,1.5908734e-06,0
0.0,0.0001463181,0
0.0,0.0045704963,0
0.0,4.703174e-06,0
0.0,0.0024106852,0
0.0,6.87105e-05,0
1.0,0.87749463,1
0.0,0.004070905,0
1.0,0.9999999,1
1.0,0.9999999,1
0.0,2.8177426e-05,0
0.0,0.013293994,0
1.0,1.0,1
0.0,0.001592866,0
0.0,0.31248358,0
0.0,0.0061999788,0
0.0,4.5066598e-05,0
1.0,1.0,1
1.0,0.23873182,0
0.0,0.7261426,1
0.0,0.0133739095,0
0.0,7.355465e-05,0
0.0,0.00010400773,0
0.0,3.0567662e-05,0
0.0,0.00015222422,0
0.0,0.0004824288,0
0.0,0.03608484,0
0.0,0.024871964,0
0.0,0.018475953,0
0.0,0.004254916,0
0.0,1.9954541e-05,0
1.0,0.9999999,1
0.0,0.010834524,0
0.0,6.50356e-06,0
0.0,0.00020546382,0
1.0,1.0,1
0.0,0.04869913,0
0.0,0.000145894,0
0.0,0.044730946,0
0.0,0.015733315,0
0.0,0.017986838,0
0.0,0.18917684,0
0.0,2.2599406e-06,0
0.0,8.407184e-05,0
0.0,0.0010300325,0
0.0,5.210066e-05,0
0.0,0.4434762,0
0.0,0.56953156,1
0.0,0.006007689,0
0.0,0.00045285514,0
0.0,0.00064767443,0
0.0,0.10769155,0
0.0,0.40909088,0
0.0,0.0031938779,0
0.0,1.0280685e-05,0
0.0,0.009494848,0
0.0,0.27974382,0
0.0,0.007237144,0
0.0,6.731976e-06,0
0.0,0.24744351,0
0.0,0.0489951,0
0.0,0.32149667,0
0.0,0.065509275,0
0.0,0.00043227265,0
0.0,0.00036074285,0
0.0,0.013422981,0
0.0,0.010814036,0
0.0,0.0065724202,0
0.0,0.012457084,0
0.0,0.0089040715,0
0.0,0.19995837,0
0.0,0.00013838097,0
0.0,0.0261579,0
0.0,0.15038745,0
0.0,3.496325e-05,0
0.0,9.0302404e-07,0
0.0,0.001747537,0
0.0,0.011418151,0
0.0,0.036237195,0
0.0,0.0032518515,0
0.0,0.21049881,0
0.0,0.00065267907,0
0.0,1.8646997e-05,0
1.0,0.8529175,1
1.0,0.9999999,1
0.0,0.6404423,1
0.0,0.00062947447,0
0.0,0.06532911,0
0.0,0.03509848,0
1.0,0.73073,1
0.0,0.09637339,0
0.0,0.00030475593,0
0.0,6.465574e-05,0
0.0,0.0035099352,0
1.0,0.9999999,1
0.0,0.014458054,0
0.0,4.4222206e-06,0
0.0,0.00070710166,0
0.0,0.11248146,0
0.0,0.0588942,0
0.0,0.0033596999,0
0.0,5.6155768e-05,0
0.0,0.004805858,0
0.0,0.010328693,0
0.0,0.27391493,0
0.0,0.44182327,0
0.0,0.025995621,0
0.0,0.0005932955,0
0.0,0.028523097,0
0.0,0.0034190628,0
0.0,9.4957715e-05,0
0.0,0.44806814,0
0.0,0.0065072034,0
0.0,0.00012704764,0
0.0,0.0024520375,0
0.0,0.039333995,0
0.0,0.5890207,1
0.0,0.0051069534,0
0.0,0.42719153,0
1.0,0.9999999,1
0.0,0.46864328,0
0.0,0.018892985,0
0.0,0.18545055,0
0.0,0.31084692,0
1.0,0.40806442,0
0.0,0.27974653,0
0.0,0.09438178,0
0.0,0.30624107,0
1.0,0.9999999,1
1.0,0.9189789,1
0.0,1.4923957e-05,0
0.0,5.4749544e-06,0
0.0,0.014060991,0
0.0,0.09300896,0
0.0,0.011077143,0
1.0,0.9999999,1
1.0,0.9999999,1
0.0,0.20609409,0
0.0,0.16705808,0
1.0,0.9995017,1
0.0,0.2896879,0
0.0,7.44716e-05,0
0.0,0.00035528393,0
0.0,0.0003834663,0
0.0,0.3359419,0
0.0,0.00072924164,0
0.0,0.025084877,0
0.0,0.014293592,0
0.0,0.0003950026,0
0.0,0.0133739095,0
1.0,0.9999999,1
1.0,1.0,1
1.0,0.9999999,1
0.0,0.0071781697,0
0.0,0.23591375,0
0.0,0.007015382,0
0.0,0.44920146,0
0.0,0.105327666,0
0.0,3.4685254e-05,0
1.0,0.9999999,1
0.0,0.006911047,0
0.0,0.008525096,0
0.0,0.00035285077,0
0.0,0.022754658,0
0.0,0.116096534,0
0.0,0.0202646,0
0.0,0.0027411191,0
0.0,0.03807309,0
0.0,0.13819362,0
1.0,0.9975992,1
1.0,0.97298783,1
0.0,0.0014166442,0
0.0,0.3881631,0
1.0,0.9999999,1
0.0,0.19167928,0
0.0,0.00026878505,0
0.0,0.20570861,0
0.0,0.0051558553,0
0.0,0.075501285,0
0.0,7.938386e-06,0
0.0,0.59195495,1
0.0,0.00042192003,0
1.0,0.9489875,1
1.0,0.8993721,1
0.0,0.0031393645,0
0.0,0.0050613377,0
0.0,0.06567451,0
0.0,0.8933003,1
0.0,0.09291717,0
0.0,0.17461097,0
0.0,0.00054781337,0
0.0,0.0017325924,0
0.0,0.00024247705,0
1.0,1.0,1
0.0,0.07601037,0
0.0,5.8909377e-06,0
0.0,0.030419882,0
0.0,0.18329988,0
0.0,0.0014599549,0
0.0,0.41930872,0
1.0,0.91052574,1
0.0,0.44864568,0
0.0,0.0035240245,0
0.0,0.005165601,0
0.0,0.2780412,0
0.0,1.2077227e-05,0
0.0,0.0001133611,0
0.0,0.32088223,0
0.0,0.69650793,1
0.0,0.0001978685,0
0.0,0.06769888,0
0.0,0.060440697,0
0.0,0.0749527,0
1.0,0.9999999,1
0.0,0.15306626,0
0.0,0.026494266,0
0.0,0.00012338621,0
0.0,0.26669636,0
0.0,0.07261029,0
0.0,0.00010888984,0
0.0,0.021076748,0
0.0,0.00046486376,0
0.0,0.0030504398,0
0.0,0.0010399979,0
0.0,0.009485243,0
0.0,0.0028156613,0
1.0,0.9770123,1
0.0,0.14230554,0
0.0,8.9999136e-05,0
0.0,0.020833844,0
0.0,0.01904947,0
0.0,0.10360502,0
1.0,0.9970667,1
0.0,0.0047059194,0
0.0,0.32196572,0
0.0,6.009439e-05,0
0.0,5.5441906e-05,0
0.0,0.0006489043,0
0.0,0.6069424,1
0.0,0.07001593,0
1.0,0.9988055,1
0.0,0.020717606,0
0.0,0.31164268,0
0.0,0.01681155,0
0.0,6.3836064e-06,0
0.0,0.013703894,0
1.0,0.9854004,1
0.0,0.05381704,0
0.0,0.059346072,0
0.0,1.1739249e-05,0
0.0,0.083160795,0
0.0,0.0036010374,0
0.0,0.00385675,0
0.0,0.00031864594,0
0.0,0.0073431814,0
0.0,0.008122849,0
0.0,0.045897827,0
0.0,0.0004892069,0
1.0,0.9999999,1
0.0,0.00025553186,0
0.0,9.4603965e-05,0
0.0,0.45227233,0
0.0,0.0012375483,0
1.0,1.0,1
0.0,6.5243707e-06,0
0.0,0.0071685794,0
0.0,9.1433805e-07,0
0.0,0.58341193,1
0.0,2.8796283e-05,0
1.0,0.96463305,1
0.0,0.053640705,0
0.0,0.21344765,0
1.0,0.7504248,1
0.0,9.613908e-05,0
0.0,0.00060140045,0
0.0,0.00052566075,0
0.0,0.18385783,0
0.0,0.18907997,0
0.0,0.028310336,0
0.0,0.00033343578,0
0.0,0.029230516,0
1.0,0.9999999,1
0.0,8.503988e-06,0
0.0,3.8699207e-05,0
0.0,0.00046388633,0
0.0,0.007820908,0
0.0,0.043734435,0
0.0,0.0054357704,0
0.0,0.0016409867,0
0.0,0.00080657157,0
0.0,0.0040706517,0
0.0,0.1978204,0
0.0,8.947126e-05,0
0.0,0.004449706,0
0.0,0.104556896,0
0.0,0.034639984,0
0.0,0.047656383,0
0.0,0.013505218,0
0.0,0.002931291,0
0.0,0.011239107,0
0.0,0.42916578,0
0.0,4.4747067e-06,0
0.0,0.00018968305,0
1.0,0.9999999,1
1.0,0.9999999,1
1.0,0.6500494,1
1.0,0.99909675,1
0.0,0.0015595196,0
0.0,3.8082617e-05,0
0.0,0.00085999916,0
0.0,0.00084811595,0
0.0,0.00077227654,0
0.0,0.00042042148,0
0.0,0.03910215,0
0.0,0.0046433946,0
0.0,0.0016702366,0
0.0,0.002979569,0
0.0,0.09708335,0
0.0,0.056851998,0
1.0,0.9999999,1
0.0,0.040486075,0
0.0,0.0014179918,0
0.0,0.101325266,0
0.0,0.009779355,0
0.0,0.00069198915,0
0.0,0.00041334782,0
1.0,0.97299665,1
0.0,0.050212327,0
0.0,0.039054386,0
1.0,0.9978725,1
0.0,4.2799265e-06,0
0.0,0.0003323149,0
0.0,0.00010642694,0
0.0,0.0069468804,0
0.0,0.00025541204,0
0.0,0.10689713,0
0.0,0.0019528759,0
0.0,0.00053137116,0
0.0,0.44041872,0
0.0,0.00097331614,0
1.0,0.8105729,1
0.0,0.121296234,0
1.0,0.99856144,1
0.0,0.008802272,0
0.0,0.3768518,0
0.0,0.031145032,0
0.0,0.0020154207,0
0.0,1.9535848e-06,0
0.0,0.09542297,0
1.0,0.8100853,1
1.0,0.9999999,1
1.0,0.46708503,0
0.0,4.3651118e-05,0
1.0,0.99689925,1
0.0,0.014317119,0
0.0,0.0062113507,0
1.0,0.9999999,1
0.0,0.07262491,0
1.0,0.014009192,0
0.0,0.11349886,0
0.0,0.0115908645,0
0.0,0.008136022,0
0.0,0.28690273,0
0.0,0.99951935,1
0.0,0.006306044,0
0.0,0.29062396,0
0.0,0.4319552,0
0.0,0.02691379,0
0.0,0.0009609433,0
1.0,0.9999999,1
1.0,0.9999999,1
1.0,0.9999999,1
0.0,0.0014918504,0
0.0,0.00014665305,0
0.0,0.030008655,0
0.0,0.096737035,0
0.0,0.00075994356,0
0.0,0.09012709,0
1.0,0.49902463,0
0.0,0.0023610294,0
0.0,0.23072205,0
0.0,0.27772802,0
0.0,2.6736525e-05,0
0.0,0.36710477,0
0.0,9.957352e-05,0
0.0,0.01765536,0
0.0,0.0017274965,0
0.0,0.008206999,0
0.0,0.0010818014,0
1.0,0.33129886,0
1.0,0.27076274,0
0.0,0.000466806,0
0.0,0.047701344,0
1.0,0.9999999,1
1.0,1.0,1
1.0,0.17928793,0
0.0,1.9184197e-05,0
0.0,1.943953e-07,0
1.0,1.0,1
0.0,9.475265e-06,0
0.0,0.71684885,1
0.0,0.8098845,1
0.0,0.0019003312,0
1.0,0.46444348,0
1.0,1.0,1
0.0,0.11251355,0
0.0,0.22833873,0
0.0,0.027894026,0
0.0,1.532621e-05,0
1.0,1.0,1
0.0,0.025587508,0
0.0,0.45258492,0
1.0,0.9999999,1
0.0,1.1756704e-05,0
0.0,0.009523223,0
0.0,0.00226514,0
1.0,0.9999999,1
0.0,0.12934324,0
0.0,6.50356e-06,0
0.0,0.025088437,0
1.0,0.283186,0
0.0,0.0042614606,0
1.0,0.9999999,1
0.0,0.021695571,0
0.0,0.0016304868,0
0.0,0.26786098,0
0.0,0.010190473,0
0.0,0.4312526,0
0.0,0.12670322,0
0.0,0.061579596,0
0.0,0.032700755,0
0.0,0.03732318,0
0.0,0.011673127,0
1.0,0.5848505,1
0.0,0.0032691315,0
0.0,0.06896488,0
0.0,0.0054253708,0
0.0,0.0038275733,0
0.0,0.11480792,0
0.0,0.079281904,0
0.0,0.0005458892,0
0.0,0.37569237,0
0.0,0.0014423535,0
0.0,0.00052021793,0
0.0,0.00033888832,0
0.0,0.0001683157,0
0.0,0.00087254506,0
0.0,0.0044081626,0
1.0,0.9324513,1
0.0,0.00074087054,0
1.0,0.9999999,1
0.0,5.9566068e-05,0
0.0,2.1037301e-06,0
0.0,0.18078457,0
0.0,0.0010712041,0
0.0,0.35929167,0
0.0,3.2539756e-05,0
0.0,0.022827864,0
0.0,0.004495626,0
0.0,0.002715404,0
0.0,0.0001425165,0
0.0,0.0069647455,0
0.0,0.0012957847,0
0.0,0.00013392656,0
0.0,0.08707969,0
0.0,0.00027721204,0
0.0,0.040251758,0
0.0,0.0105472645,0
0.0,0.004458068,0
1.0,0.9999999,1
0.0,0.24624003,0
0.0,0.005215787,0
0.0,0.09429356,0
0.0,0.019556891,0
1.0,0.88492334,1
0.0,0.1030717,0
0.0,0.22491491,0
0.0,1.2806397e-06,0
1.0,0.9999999,1
0.0,0.0012364739,0
0.0,0.035166245,0
0.0,0.29854396,0
0.0,4.813596e-05,0
1.0,0.94334674,1
0.0,0.00012398501,0
0.0,0.035059307,0
0.0,4.385139e-05,0
0.0,2.253162e-06,0
0.0,0.08611445,0
0.0,0.05388751,0
1.0,0.9808272,1
0.0,0.33093998,0
0.0,0.00011539878,0
0.0,0.027734105,0
0.0,0.00028904786,0
0.0,0.022722172,0
0.0,0.00031681694,0
0.0,8.020794e-06,0
0.0,0.041820772,0
0.0,0.0004112155,0
1.0,0.9999999,1
0.0,0.18606931,0
1.0,0.9999999,1
0.0,0.0066392827,0
0.0,0.23592082,0
0.0,0.19580236,0
0.0,0.0037149535,0
0.0,0.06508935,0
0.0,0.088380374,0
0.0,0.02431401,0
0.0,0.015663031,0
0.0,0.008042798,0
0.0,7.186892e-06,0
0.0,0.0015215642,0
0.0,0.001816765,0
0.0,0.019398412,0
0.0,0.0001826668,0
0.0,0.01515473,0
0.0,0.018694771,0
0.0,0.0019292333,0
0.0,0.0028219954,0
0.0,0.0011982226,0
1.0,0.42694336,0
0.0,0.10800966,0
0.0,0.00075241656,0
0.0,0.014133698,0
0.0,0.024289249,0
1.0,0.9999999,1
1.0,0.9999999,1
0.0,0.075532615,0
1.0,0.9999999,1
0.0,0.0011440538,0
0.0,0.00021611212,0
0.0,0.005705986,0
0.0,0.000599687,0
1.0,0.9743008,1
0.0,0.52668107,1
0.0,0.0011490136,0
0.0,0.0013165396,0
0.0,0.0021576202,0
0.0,0.33134705,0
0.0,0.01001681,0
0.0,0.00079019606,0
0.0,4.8471998e-06,0
0.0,0.0004130561,0
0.0,0.001798821,0
0.0,0.040908493,0
1.0,0.2909673,0
0.0,0.0008243941,0
0.0,0.2661814,0
0.0,5.6668818e-05,0
0.0,0.024539934,0
1.0,0.6942775,1
0.0,0.120077275,0
0.0,6.41737e-07,0
0.0,7.437267e-05,0
0.0,0.051190708,0
0.0,0.002451219,0
0.0,0.08739386,0
0.0,0.062354844,0
0.0,0.0029524683,0
0.0,2.3349796e-05,0
0.0,0.6111694,1
0.0,0.013887933,0
0.0,0.026890174,0
0.0,0.2385521,0
1.0,0.95656353,1
0.0,0.023669073,0
0.0,0.11175064,0
0.0,0.01017567,0
0.0,0.099918045,0
0.0,0.0004011302,0
0.0,0.27702758,0
0.0,0.4128057,0
0.0,0.0046562436,0
1.0,0.98813194,1
0.0,0.0016859375,0
0.0,0.46110132,0
0.0,0.00058328465,0
0.0,0.00042042148,0
1.0,0.9999999,1
0.0,0.4564267,0
0.0,4.1210078e-05,0
0.0,0.10324096,0
1.0,0.9999999,1
0.0,0.0511716,0
0.0,0.26993066,0
0.0,0.1416736,0
0.0,0.00041545572,0
0.0,0.00026772826,0
0.0,0.67045015,1
1.0,0.99827063,1
0.0,0.40489647,0
0.0,9.234154e-06,0
1.0,0.9999999,1
0.0,0.67210656,1
0.0,5.099248e-05,0
1.0,0.9999999,1
0.0,0.009457927,0
0.0,0.0010244391,0
0.0,0.0054677133,0
1.0,0.23460647,0
0.0,2.1416661e-05,0
0.0,0.0014389135,0
0.0,0.28778073,0
0.0,0.007072011,0
0.0,0.39037532,0
0.0,0.0011883928,0
0.0,0.062438145,0
0.0,0.01234459,0
0.0,0.008446125,0
0.0,0.0071032047,0
0.0,0.039853815,0
1.0,0.9999999,1
0.0,0.008508704,0
0.0,2.738211e-05,0
0.0,0.0046329754,0
0.0,0.00010234698,0
0.0,0.0019392929,0
0.0,0.16991274,0
0.0,0.22483854,0
0.0,0.012343417,0
0.0,0.0002521141,0
0.0,0.12907973,0
0.0,0.00059354067,0
0.0,0.26727054,0
0.0,0.016253222,0
0.0,0.44822267,0
0.0,0.28890187,0
0.0,0.0015417925,0
0.0,0.021117866,0
0.0,0.28393647,0
0.0,0.012873676,0
0.0,0.027058523,0
0.0,0.037666496,0
1.0,0.9999999,1
1.0,1.0,1
1.0,1.0,1
1.0,0.062435545,0
0.0,0.15011357,0
0.0,0.009669779,0
0.0,0.26514184,0
1.0,0.98575795,1
0.0,0.003939368,0
0.0,0.3063023,0
0.0,7.3762003e-06,0
0.0,0.5702891,1
0.0,0.036641803,0
0.0,0.0011108287,0
0.0,0.00050178927,0
0.0,0.00085255894,0
0.0,0.02884065,0
0.0,0.00015598474,0
1.0,1.0,1
0.0,0.0013349558,0
0.0,0.004885176,0
0.0,0.20095724,0
0.0,0.003769439,0
0.0,0.020407034,0
0.0,0.0005256665,0
0.0,0.0015497642,0
0.0,0.0781584,0
0.0,0.0004173637,0
0.0,6.471854e-05,0
0.0,0.001608461,0
0.0,0.0013477498,0
0.0,0.0021996736,0
1.0,0.3653561,0
0.0,0.0142206345,0
0.0,7.670999e-05,0
0.0,0.00031140487,0
0.0,4.179448e-05,0
0.0,0.00022709445,0
0.0,0.017618166,0
1.0,0.9485666,1
0.0,0.00016081071,0
0.0,0.0024131117,0
0.0,0.07846651,0
0.0,0.00053797715,0
0.0,0.0096459165,0
0.0,0.48203564,0
0.0,0.038422726,0
0.0,0.010471027,0
0.0,0.01446103,0
0.0,2.077308e-05,0
0.0,0.032591842,0
0.0,0.0016552212,0
0.0,0.0017904745,0
0.0,0.00030567544,0
0.0,4.3745717e-05,0
1.0,0.9999999,1
0.0,0.0005364073,0
0.0,0.08086636,0
0.0,0.11917703,0
0.0,0.61958414,1
0.0,0.4242552,0
1.0,0.38027894,0
0.0,0.0018233195,0
0.0,0.00025807726,0
0.0,0.0024165646,0
0.0,7.3555486e-05,0
0.0,0.1273393,0
1.0,0.9999999,1
0.0,0.026641455,0
0.0,0.00030314762,0
1.0,0.0005013439,0
0.0,5.839976e-05,0
0.0,0.0045181257,0
0.0,0.00013554288,0
0.0,0.0012389129,0
0.0,3.8055913e-07,0
0.0,0.0011466445,0
0.0,0.13865119,0
0.0,0.13758385,0
0.0,6.162004e-05,0
0.0,5.7813677e-06,0
0.0,1.0768376e-06,0
0.0,0.045746777,0
0.0,0.00040620877,0
0.0,0.76095515,1
0.0,0.032764293,0
0.0,0.0029275683,0
0.0,0.027222823,0
0.0,0.000158821,0
1.0,0.5771385,1
0.0,0.25538057,0
1.0,0.36955506,0
0.0,0.44292742,0
0.0,0.40726942,0
0.0,0.0027416067,0
0.0,0.0005512029,0
0.0,0.0058996505,0
0.0,0.118096076,0
0.0,1.5317193e-05,0
0.0,0.00800955,0
0.0,0.05430835,0
0.0,0.47955215,0
0.0,0.70041776,1
1.0,0.9999999,1
1.0,0.24224877,0
0.0,0.00035538102,0
0.0,0.0075518712,0
0.0,0.0005023621,0
0.0,0.6975398,1
0.0,1.5771502e-05,0
1.0,0.9999999,1
0.0,0.00011271233,0
0.0,0.3808978,0
1.0,0.9999999,1
0.0,0.0069871675,0
0.0,0.0034989053,0
0.0,0.15545093,0
0.0,0.0036967972,0
0.0,0.35433927,0
0.0,0.0016300636,0
0.0,0.29062396,0
0.0,0.07746107,0
0.0,0.0004712683,0
0.0,0.00015358231,0
0.0,0.008202804,0
0.0,0.12608688,0
1.0,0.9136932,1
0.0,0.05297102,0
0.0,0.0006960847,0
0.0,0.07252674,0
0.0,0.013844996,0
0.0,0.027362589,0
1.0,0.9999999,1
0.0,0.024232093,0
0.0,0.09819559,0
0.0,0.007840006,0
0.0,0.004380889,0
1.0,0.36124295,0
0.0,0.025661208,0
0.0,0.010138267,0
1.0,0.622041,1
0.0,0.0918815,0
0.0,0.02590203,0
0.0,0.00050516205,0
1.0,0.9770797,1
0.0,0.000350721,0
0.0,0.22481675,0
1.0,0.8168197,1
0.0,7.999168e-05,0
0.0,0.0016233921,0
0.0,0.00028615756,0
0.0,0.014668286,0
1.0,0.9999999,1
0.0,0.019483913,0
0.0,0.007047663,0
1.0,1.0,1
0.0,0.07110961,0
0.0,0.0022726927,0
0.0,0.002641511,0
0.0,5.4737422e-05,0
0.0,0.116861366,0
0.0,0.0002893989,0
0.0,0.22211109,0
0.0,0.00031825126,0
0.0,0.041247223,0
0.0,0.002698167,0
0.0,0.0011842067,0
0.0,0.026181774,0
0.0,0.10050224,0
0.0,0.10494101,0
0.0,0.00013368248,0
0.0,0.00023862041,0
0.0,0.31523335,0
0.0,0.19473796,0
0.0,4.7031517e-06,0
0.0,0.08846299,0
0.0,1.4945657e-06,0
0.0,2.919265e-07,0
0.0,0.013281403,0
0.0,0.055977907,0
0.0,0.24217696,0
1.0,0.94209933,1
0.0,3.1106433e-07,0
0.0,0.028478859,0
0.0,0.0055695577,0
0.0,0.040855404,0
0.0,0.28714466,0
0.0,0.0004320335,0
0.0,0.0055047013,0
0.0,0.31577078,0
1.0,0.9751325,1
1.0,0.9999999,1
0.0,0.01186887,0
0.0,0.11082695,0
1.0,1.0,1
0.0,0.1244543,0
1.0,0.51922363,1
0.0,0.12714109,0
0.0,0.021808242,0
0.0,0.5849603,1
0.0,0.0010802215,0
0.0,0.3329945,0
0.0,0.006542026,0
0.0,1.0169764e-05,0
0.0,0.0019067164,0
0.0,0.20420446,0
0.0,0.0012249845,0
0.0,0.30192068,0
0.0,0.5505738,1
0.0,0.0013197555,0
0.0,0.0015434906,0
0.0,0.0045459927,0
0.0,0.0646824,0
0.0,0.0036333327,0
1.0,0.9996438,1
0.0,3.6461217e-05,0
0.0,0.12666029,0
0.0,0.002083504,0
0.0,0.14191969,0
0.0,0.122135386,0
0.0,0.060656235,0
0.0,0.3935055,0
0.0,0.0038898252,0
0.0,0.001408971,0
0.0,0.0040802807,0
1.0,0.9999999,1
1.0,0.97722834,1
0.0,0.004028106,0
1.0,0.9487789,1
0.0,0.5950856,1
0.0,0.095477976,0
0.0,0.003929048,0
0.0,0.034497928,0
0.0,1.2831352e-05,0
0.0,0.0001461254,0
1.0,0.9999999,1
1.0,0.9999999,1
0.0,3.751504e-05,0
0.0,0.066442035,0
0.0,0.002030529,0
1.0,0.5604533,1
0.0,0.020546645,0
1.0,0.9652915,1
0.0,0.02744255,0
0.0,0.017123092,0
1.0,0.97053134,1
0.0,0.00072008686,0
0.0,0.10625967,0
0.0,0.4011397,0
0.0,0.31548348,0
0.0,7.0814014e-05,0
0.0,0.25118062,0
1.0,0.9999999,1
0.0,6.4098866e-05,0
1.0,0.99607384,1
0.0,0.0020207365,0
1.0,0.9145133,1
0.0,0.007962978,0
0.0,0.13614702,0
0.0,0.036751233,0
1.0,1.0,1
0.0,0.0245526,0
1.0,0.9999999,1
0.0,0.022290947,0
1.0,0.39222962,0
0.0,0.029347692,0
0.0,0.387023,0
0.0,0.1281449,0
0.0,0.004627976,0
0.0,0.0015037103,0
0.0,0.011732896,0
0.0,0.018288406,0
0.0,0.0019324273,0
0.0,0.0166036,0
0.0,4.638041e-06,0
0.0,2.3481032e-05,0
0.0,0.38096118,0
0.0,0.74943984,1
0.0,0.023744743,0
1.0,1.0,1
1.0,0.9999999,1
0.0,0.00031377646,0
0.0,6.7678615e-05,0
0.0,0.00092583906,0
0.0,3.5233925e-06,0
0.0,0.0053422903,0
0.0,0.0013943737,0
1.0,0.9999999,1
0.0,0.47886568,0
1.0,0.9999999,1
0.0,8.443934e-05,0
0.0,0.46214092,0
0.0,0.50716,1
1.0,0.9999999,1
0.0,0.44803578,0
0.0,0.006669977,0
1.0,1.0,1
0.0,0.06260686,0
0.0,0.02142635,0
0.0,5.9224014e-05,0
0.0,0.0025037476,0
0.0,0.0090850545,0
0.0,0.0075704455,0
0.0,0.0011842067,0
1.0,0.9999999,1
1.0,0.9999999,1
0.0,0.024880825,0
0.0,0.29596657,0
0.0,0.0019103413,0
0.0,1.4438699e-05,0
0.0,0.16868092,0
0.0,0.03444748,0
0.0,0.058022942,0
0.0,0.15267345,0
0.0,0.01805165,0
0.0,2.0153734e-06,0
0.0,3.7427282e-05,0
1.0,1.0,1
1.0,0.9999999,1
1.0,0.9999999,1
0.0,0.0012040163,0
0.0,0.0431714,0
0.0,0.29492307,0
0.0,0.13868052,0
0.0,1.7630748e-05,0
0.0,0.0012781473,0
0.0,0.2827581,0
0.0,0.0039946204,0
0.0,0.00010345124,0
1.0,0.9999999,1
0.0,0.2397754,0
0.0,0.0010798754,0
0.0,0.00047075396,0
0.0,0.00032641273,0
0.0,8.656962e-05,0
0.0,0.4053015,0
0.0,0.0006487667,0
0.0,0.1251732,0
0.0,0.00045686497,0
0.0,0.43717575,0
0.0,0.007855446,0
1.0,0.9999999,1
1.0,0.9988096,1
1.0,0.9989281,1
0.0,5.247053e-05,0
1.0,0.9999999,1
0.0,5.4316257e-07,0
0.0,0.068841,0
0.0,0.0006058216,0
0.0,0.005202668,0
0.0,0.012701212,0
0.0,0.3298676,0
0.0,0.0006958602,0
0.0,0.0067713736,0
0.0,0.0057224957,0
0.0,0.00033179065,0
0.0,0.0373815,0
0.0,0.002250999,0
0.0,0.0001304807,0
0.0,2.6669463e-06,0
0.0,0.40847352,0
0.0,0.000121307654,0
0.0,0.0014568093,0
0.0,0.000522814,0
0.0,0.02431195,0
0.0,0.058762457,0
0.0,0.011490377,0
0.0,0.2774074,0
1.0,0.9996438,1
0.0,0.29394397,0
1.0,0.9999999,1
0.0,1.8120605e-05,0
0.0,0.000593455,0
0.0,0.0047363173,0
0.0,0.0002274197,0
0.0,0.09890295,0
1.0,1.0,1
1.0,0.9999999,1
0.0,0.570715,1
0.0,8.8131565e-05,0
0.0,0.15954809,0
0.0,0.002819077,0
0.0,0.08781626,0
0.0,8.712258e-05,0
0.0,0.18388535,0
0.0,3.288537e-05,0
0.0,4.839759e-06,0
1.0,0.017160399,0
0.0,3.3777917e-05,0
0.0,0.03133695,0
0.0,0.06811829,0
0.0,0.041135956,0
0.0,0.0021093173,0
0.0,0.0136320265,0
0.0,0.054375656,0
0.0,0.18181686,0
0.0,0.02409506,0
0.0,0.31405818,0
0.0,0.0032260828,0
0.0,0.025252465,0
0.0,0.4218071,0
1.0,0.9999999,1
0.0,0.14202487,0
1.0,0.9999999,1
0.0,0.0003226493,0
0.0,0.0028205425,0
0.0,0.0017858953,0
0.0,0.00017861805,0
0.0,4.4700933e-05,0
0.0,0.16679184,0
0.0,0.00078542193,0
0.0,0.50726163,1
0.0,0.0005140474,0
0.0,0.015122786,0
0.0,0.044670064,0
0.0,0.0006273635,0
0.0,0.057953104,0
0.0,0.0028875757,0
0.0,2.5192028e-05,0
0.0,0.0052478625,0
0.0,5.985858e-05,0
0.0,0.4468669,0
0.0,0.11480792,0
1.0,0.9999999,1
0.0,0.07851153,0
1.0,1.0,1
0.0,0.009240369,0
0.0,0.025088886,0
0.0,0.12847534,0
0.0,0.052240737,0
0.0,0.0672055,0
0.0,0.008829434,0
0.0,0.0029222087,0
0.0,1.4380515e-05,0
1.0,0.9999999,1
0.0,0.055846322,0
0.0,0.0021387597,0
0.0,0.15166022,0
1.0,0.9999999,1
0.0,0.0012891183,0
1.0,0.99988043,1
0.0,0.4189491,0
1.0,1.0,1
0.0,0.21036544,0
0.0,3.4344295e-05,0
0.0,0.75794035,1
0.0,0.026519308,0
0.0,0.13235444,0
0.0,0.0022771398,0
0.0,6.748276e-05,0
1.0,0.9993393,1
0.0,7.94604e-05,0
0.0,0.14735746,0
0.0,0.0027411191,0
0.0,0.00011476789,0
0.0,0.0024106852,0
1.0,0.9999999,1
0.0,0.060114264,0
0.0,0.094962,0
0.0,0.0021323783,0
0.0,0.09294389,0
0.0,0.0035755478,0
0.0,1.6100057e-05,0
0.0,0.06726286,0
0.0,0.84512335,1
1.0,0.9999999,1
0.0,0.009763547,0
0.0,0.11746386,0
1.0,1.0,1
0.0,0.019754073,0
0.0,0.09558341,0
0.0,0.37533063,0
1.0,0.87349725,1
0.0,0.0030946925,0
0.0,0.004449706,0
1.0,0.034852516,0
0.0,0.0021657126,0
0.0,0.2742228,0
0.0,0.00141623,0
0.0,0.021325199,0
0.0,0.0024771928,0
0.0,0.0005222119,0
0.0,2.2646593e-05,0
0.0,0.00041924164,0
0.0,0.0010274223,0
0.0,0.011812563,0
0.0,0.0038676474,0
0.0,0.0373209,0
0.0,1.8540975e-05,0
0.0,0.00036220867,0
0.0,0.09263145,0
0.0,0.801081,1
0.0,0.0013079154,0
0.0,5.8417474e-05,0
0.0,0.00021999932,0
0.0,0.05096933,0
0.0,0.008391413,0
0.0,0.035725717,0
0.0,0.0005657055,0
0.0,0.060205724,0
0.0,0.0016300636,0
0.0,0.000106016705,0
0.0,0.000121307654,0
0.0,0.13439532,0
0.0,0.05986861,0
0.0,0.10341976,0
0.0,0.35392192,0
0.0,0.0067517557,0
1.0,0.9999999,1
0.0,0.0060035214,0
0.0,0.16714108,0
0.0,0.03932534,0
0.0,0.07259958,0
0.0,0.011141114,0
0.0,0.07268882,0
0.0,0.007955855,0
0.0,0.42756194,0
0.0,0.07536098,0
1.0,0.9651213,1
0.0,0.6111434,1
1.0,0.9999999,1
1.0,0.9999999,1
0.0,0.0973404,0
0.0,0.3586227,0
0.0,0.15569216,0
0.0,0.914717,1
0.0,0.0036975539,0
1.0,0.9999999,1
0.0,0.031068139,0
0.0,0.02078518,0
0.0,0.07196191,0
0.0,1.0314714e-05,0
1.0,1.0,1
0.0,2.8360646e-06,0
0.0,0.00022480506,0
0.0,0.24831702,0
0.0,0.06567612,0
1.0,0.9999999,1
0.0,0.2425194,0
0.0,0.002377281,0
0.0,0.001226664,0
0.0,0.048515547,0
0.0,2.285843e-05,0
0.0,7.3398536e-05,0
1.0,0.97452605,1
1.0,0.3635784,0
1.0,0.9999999,1
0.0,1.19111455e-05,0
0.0,0.018859508,0
0.0,0.1674733,0
0.0,0.024768583,0
0.0,0.011524851,0
0.0,0.017824288,0
1.0,1.0,1
0.0,0.098428674,0
0.0,0.0011403782,0
0.0,0.004373696,0
0.0,0.008081023,0
0.0,0.010851396,0
0.0,0.06004354,0
1.0,0.9999999,1
0.0,0.037634972,0
0.0,0.2742475,0
0.0,8.806288e-06,0
0.0,1.6742777e-06,0
0.0,0.00014342443,0
0.0,0.13364865,0
0.0,0.0053627514,0
0.0,0.010578186,0
0.0,0.37505028,0
0.0,7.920274e-05,0
1.0,0.9999999,1
1.0,0.9999999,1
0.0,0.11022968,0
0.0,0.07034506,0
0.0,0.08652503,0
0.0,0.0019676604,0
0.0,0.15067747,0
0.0,0.90120023,1
0.0,0.026890174,0
0.0,8.45345e-05,0
0.0,0.3338607,0
0.0,0.007454195,0
0.0,0.00019611775,0
0.0,0.22378707,0
0.0,0.1851298,0
0.0,1.0802457e-05,0
1.0,0.42916578,0
0.0,0.00014696606,0
0.0,0.07312638,0
0.0,0.0030974844,0
0.0,0.089465134,0
0.0,0.56120473,1
0.0,2.252838e-05,0
0.0,0.0018994577,0
0.0,8.742135e-05,0
0.0,8.341439e-05,0
0.0,0.01289237,0
0.0,0.28165454,0
1.0,1.0,1
0.0,0.17124224,0
1.0,0.9985239,1
0.0,0.0008918437,0
0.0,3.3740419e-06,0
1.0,0.9798711,1
1.0,0.98167694,1
0.0,0.0009752422,0
1.0,0.9999999,1
0.0,0.0011307051,0
0.0,0.060327586,0
1.0,0.9931986,1
1.0,0.9999999,1
0.0,3.0542516e-05,0
0.0,0.032881122,0
0.0,0.0013496855,0
0.0,0.6201192,1
0.0,0.07462155,0
0.0,0.49870712,0
0.0,0.04881215,0
1.0,0.53710467,1
0.0,0.03217139,0
0.0,0.00014532753,0
0.0,0.00444261,0
0.0,0.48089227,0
0.0,0.011112598,0
0.0,5.662625e-05,0
0.0,0.19720563,0
0.0,0.0794939,0
0.0,0.0001645839,0
0.0,0.0017778389,0
0.0,0.5665706,1
0.0,0.0018720538,0
0.0,0.00032779423,0
0.0,7.0261564e-07,0
0.0,0.034147616,0
0.0,0.10834916,0
0.0,0.48509678,0
0.0,0.12595446,0
0.0,0.08501697,0
0.0,0.010683548,0
0.0,0.013810996,0
0.0,0.06344968,0
0.0,7.100064e-05,0
0.0,0.45513803,0
0.0,0.0006124936,0
0.0,0.0056132427,0
0.0,0.0021524972,0
0.0,0.16059509,0
0.0,7.2375915e-05,0
0.0,0.046542376,0
0.0,8.948866e-05,0
0.0,0.007845961,0
0.0,0.0075310143,0
0.0,0.027219985,0
0.0,0.002601601,0
0.0,0.3355876,0
0.0,0.2248806,0
0.0,0.0062809195,0
0.0,0.0026588114,0
0.0,1.544597e-05,0
0.0,0.33337468,0
0.0,0.059609402,0
1.0,0.6526278,1
0.0,0.00028173305,0
0.0,0.012687275,0
0.0,0.00048889685,0
0.0,0.0037931725,0
0.0,0.48416987,0
1.0,1.0,1
0.0,0.03260882,0
0.0,0.00022447201,0
0.0,0.030881768,0
0.0,0.0016942829,0
0.0,0.07134985,0
0.0,0.017421715,0
0.0,0.0022747598,0
0.0,0.0012470174,0
0.0,0.0058286428,0
0.0,2.244479e-05,0
0.0,4.607051e-05,0
0.0,0.0202828,0
0.0,0.0018237883,0
1.0,0.75136435,1
0.0,1.2419182e-06,0
0.0,0.08376079,0
0.0,0.026403807,0
0.0,0.07050473,0
0.0,0.00298814,0
1.0,0.64144474,1
0.0,7.8222096e-05,0
0.0,2.8748236e-05,0
0.0,0.021385178,0
0.0,0.30955338,0
0.0,0.018436499,0
0.0,0.30874717,0
0.0,0.3338607,0
0.0,0.056357462,0
0.0,0.22575632,0
0.0,0.02326003,0
0.0,9.14817e-05,0
0.0,0.028313648,0
0.0,1.587116e-05,0
0.0,0.040701225,0
0.0,0.0022541399,0
0.0,0.000380203,0
0.0,0.06637957,0
0.0,0.0005106698,0
0.0,0.0133739095,0
0.0,0.22775325,0
0.0,0.007144531,0
0.0,0.36508262,0
0.0,0.011218179,0
0.0,0.0026727861,0
1.0,1.0,1
0.0,0.00022936844,0
1.0,0.9999999,1
0.0,0.00034157187,0
0.0,0.0005231996,0
0.0,0.65848297,1
0.0,0.24610324,0
0.0,0.00027933207,0
0.0,0.033802047,0
0.0,6.730185e-05,0
0.0,0.0023008992,0
0.0,0.0005516434,0
0.0,0.011961813,0
0.0,0.0005429788,0
0.0,0.10358933,0
0.0,6.0389786e-05,0
0.0,0.40223593,0
1.0,0.9999999,1
0.0,0.13609546,0
0.0,0.076958925,0
0.0,0.12782958,0
0.0,9.134266e-05,0
0.0,5.607761e-06,0
0.0,3.8629816e-05,0
1.0,1.0,1
0.0,3.086807e-05,0
0.0,0.0009947584,0
0.0,0.01519607,0
0.0,5.0873772e-05,0
0.0,6.3565844e-06,0
1.0,1.0,1
0.0,0.002168669,0
0.0,0.00050215074,0
0.0,0.005311281,0
0.0,0.39291757,0
0.0,0.04537111,0
0.0,0.0027021538,0
1.0,0.9768862,1
0.0,0.0004913047,0
1.0,0.9999999,1
0.0,0.049613897,0
0.0,0.00053020497,0
1.0,0.9393086,1
0.0,0.0010312845,0
0.0,0.0006713341,0
0.0,0.59843147,1
0.0,0.6396967,1
0.0,0.0013231055,0
0.0,1.5490756e-05,0
0.0,0.14718047,0
0.0,1.1717885e-05,0
0.0,0.07034506,0
0.0,0.025144204,0
1.0,0.9999999,1
0.0,0.053259823,0
0.0,0.28425613,0
0.0,0.031615,0
0.0,0.00022836185,0
0.0,0.31582507,0
1.0,0.42114013,0
0.0,0.006302014,0
0.0,0.0002109291,0
0.0,0.0091776885,0
0.0,1.8966094e-06,0
0.0,0.03266579,0
0.0,0.45917112,0
0.0,0.41445437,0
1.0,0.9952459,1
1.0,0.9999999,1
1.0,0.12625363,0
0.0,0.027641606,0
0.0,0.29869673,0
0.0,0.023056902,0
0.0,2.4274786e-05,0
0.0,3.385893e-05,0
0.0,0.003738985,0
0.0,0.08210167,0
0.0,0.010195115,0
0.0,8.877396e-07,0
0.0,2.579838e-05,0
0.0,0.0011651453,0
0.0,0.030261053,0
0.0,0.000114056675,0
0.0,0.00052077504,0
0.0,0.0023910233,0
0.0,0.0046737147,0
1.0,0.9999999,1
0.0,0.103994474,0
0.0,0.0023491494,0
0.0,0.00927372,0
0.0,0.04132936,0
1.0,0.9999999,1
0.0,2.8311513e-05,0
0.0,0.30362204,0
0.0,0.106484786,0
1.0,0.3822448,0
0.0,0.0034132476,0
0.0,0.015833134,0
0.0,0.0056709647,0
0.0,0.24483085,0
0.0,0.0030019672,0
0.0,0.0022440527,0
0.0,0.022129765,0
1.0,0.9999999,1
0.0,0.092654504,0
1.0,0.99988616,1
0.0,0.6193387,1
0.0,0.0360106,0
0.0,0.0006573629,0
0.0,0.0044370308,0
0.0,0.015855046,0
1.0,0.9999999,1
0.0,0.011629234,0
0.0,0.5501202,1
0.0,0.00031563814,0
0.0,0.024984391,0
0.0,0.001142843,0
0.0,0.021100638,0
0.0,0.10006439,0
0.0,0.0025151907,0
0.0,0.0041805306,0
0.0,0.0018095821,0
0.0,0.00351361,0
0.0,0.015449149,0
1.0,1.0,1
0.0,0.016631667,0
0.0,0.19555607,0
0.0,0.00017353421,0
0.0,0.00015083166,0
0.0,0.00030314762,0
0.0,0.00082960026,0
0.0,0.022390945,0
0.0,0.0008227227,0
1.0,0.039663352,0
0.0,9.7699565e-05,0
0.0,0.01830455,0
0.0,0.050316107,0
0.0,0.41048205,0
0.0,4.1014446e-06,0
0.0,0.009717493,0
1.0,0.9999999,1
0.0,9.87315e-07,0
0.0,0.0048342226,0
0.0,0.000860963,0
0.0,0.0016241543,0
0.0,0.13279097,0
0.0,0.0025128673,0
0.0,0.38810864,0
0.0,0.016768627,0
0.0,0.07435247,0
0.0,0.5770784,1
0.0,0.0004979266,0
0.0,0.43629986,0
0.0,0.0018454618,0
0.0,0.58797055,1
0.0,0.0006061522,0
0.0,0.00890967,0
0.0,0.0003111259,0
0.0,0.00022305857,0
0.0,0.021408401,0
1.0,0.9999999,1
0.0,0.30376837,0
0.0,0.0017156352,0
0.0,0.0521737,0
1.0,0.601302,1
0.0,0.004047841,0
1.0,1.0,1
0.0,0.0024822897,0
1.0,0.9999999,1
0.0,0.06224488,0
0.0,0.0016311497,0
0.0,0.02833767,0
0.0,0.59082234,1
0.0,0.01540133,0
0.0,0.19064145,0
0.0,0.050926294,0
0.0,0.15502188,0
0.0,0.0012625152,0
1.0,0.99999917,1
0.0,5.7162146e-07,0
0.0,1.1436101e-05,0
0.0,0.055132702,0
0.0,0.14637248,0
0.0,0.0024836597,0
1.0,0.26966533,0
1.0,0.9999999,1
0.0,0.000255829,0
0.0,0.47123078,0
0.0,0.09666889,0
0.0,1.809396e-05,0
0.0,0.032058716,0
0.0,4.1375068e-07,0
0.0,0.000927169,0
1.0,0.9946498,1
1.0,0.9574058,1
0.0,0.00069142843,0
0.0,0.0001050846,0
0.0,0.0006334357,0
0.0,0.002021244,0
1.0,0.9693375,1
0.0,2.4117928e-06,0
0.0,0.0051185833,0
0.0,0.0023444113,0
0.0,0.00038848587,0
0.0,0.009177034,0
0.0,6.166519e-05,0
0.0,0.05491704,0
0.0,0.03292504,0
1.0,0.115409315,0
0.0,0.009433072,0
0.0,0.014460547,0
0.0,4.5903293e-05,0
0.0,0.37701616,0
0.0,0.3376111,0
0.0,0.035139777,0
1.0,0.061066683,0
0.0,0.00015717241,0
0.0,4.1210078e-05,0
0.0,0.0026631586,0
0.0,0.12297574,0
0.0,0.48326108,0
0.0,0.22481675,0
0.0,2.6826751e-06,0
1.0,0.7165125,1
0.0,0.001182883,0
1.0,0.9999999,1
0.0,5.6842506e-05,0
0.0,0.108426236,0
0.0,0.1788011,0
0.0,0.33220294,0
0.0,0.002715404,0
0.0,0.27517867,0
0.0,0.065750204,0
0.0,2.2191474e-05,0
0.0,3.6828753e-06,0
0.0,0.11501469,0
0.0,0.00040597864,0
0.0,0.14667298,0
0.0,0.025507987,0
1.0,0.9999999,1
0.0,0.08030859,0
0.0,0.033761594,0
1.0,0.78577536,1
0.0,0.0003210791,0
0.0,8.074142e-05,0
1.0,1.0,1
0.0,5.270543e-06,0
0.0,0.4312526,0
1.0,0.9999708,1
0.0,8.262663e-06,0
1.0,0.95958716,1
0.0,0.059148308,0
0.0,0.00690339,0
0.0,0.40258086,0
1.0,0.45359156,0
0.0,0.06442029,0
0.0,0.36437944,0
0.0,0.5344589,1
0.0,0.39291757,0
0.0,0.09167182,0
1.0,0.80115306,1
0.0,0.0025323636,0
0.0,0.0076412046,0
0.0,0.0022980026,0
0.0,0.030621262,0
1.0,0.9999999,1
0.0,0.049318295,0
0.0,0.44343176,0
0.0,0.004440518,0
0.0,0.013393402,0
0.0,0.25351164,0
0.0,0.01059356,0
0.0,0.015882837,0
0.0,0.0027587267,0
0.0,0.041542757,0
0.0,0.0030065645,0
0.0,0.398198,0
0.0,0.01462493,0
0.0,0.017961364,0
0.0,0.007614483,0
1.0,0.9999999,1
0.0,1.75592e-05,0
0.0,0.0019986674,0
0.0,0.0019320935,0
0.0,2.8970806e-05,0
0.0,0.000749209,0
0.0,0.0009813037,0
0.0,0.0015894809,0
0.0,0.00985851,0
0.0,0.05153484,0
0.0,0.0073781745,0
0.0,0.0112693515,0
0.0,0.42237598,0
1.0,0.99632,1
0.0,0.012155051,0
0.0,0.019762542,0
0.0,0.0017638163,0
0.0,0.8608122,1
0.0,0.016692115,0
0.0,0.081572026,0
0.0,3.7997052e-06,0
0.0,1.9568554e-06,0
0.0,0.00039098147,0
0.0,0.0010820981,0
0.0,2.3592722e-05,0
1.0,0.9999999,1
0.0,0.001986737,0
0.0,0.02992136,0
0.0,0.31345108,0
0.0,0.035412032,0
0.0,0.0021166075,0
0.0,0.00092612975,0
0.0,0.005718796,0
0.0,0.00397933,0
1.0,0.9999999,1
0.0,0.24104702,0
0.0,0.012412195,0
0.0,0.00032561892,0
0.0,1.3413628e-05,0
1.0,1.0,1
0.0,0.0053543597,0
1.0,0.36016554,0
0.0,0.0006122631,0
0.0,0.2630008,0
0.0,0.009515454,0
0.0,0.0077207685,0
0.0,7.1554007e-07,0
0.0,0.0014173446,0
0.0,0.48468477,0
0.0,0.0011851952,0
0.0,0.00066813256,0
1.0,0.9999999,1
0.0,0.05752715,0
1.0,0.9964658,1
1.0,0.9999999,1
0.0,0.003941483,0
0.0,0.023276461,0
0.0,0.0025166483,0
0.0,0.006098137,0
0.0,0.00041844448,0
1.0,0.43945172,0
0.0,0.0015851673,0
0.0,0.099957526,0
0.0,0.510818,1
0.0,0.0001965204,0
0.0,0.0045941668,0
0.0,0.6931356,1
0.0,0.00016996037,0
0.0,0.0027940418,0
1.0,0.9999999,1
0.0,0.18142602,0
0.0,0.024880825,0
0.0,0.046830844,0
0.0,0.0026631586,0
0.0,0.55631423,1
0.0,2.0046616e-06,0
0.0,0.0038440044,0
0.0,0.5739491,1
0.0,0.0690999,0
0.0,0.0075252783,0
0.0,0.003125581,0
0.0,0.017650489,0
0.0,2.6924485e-05,0
0.0,0.4128057,0
0.0,0.0026994478,0
0.0,0.00013872169,0
0.0,0.000114257506,0
0.0,0.6176848,1
0.0,0.054377403,0
1.0,0.9999999,1
0.0,0.5771836,1
0.0,0.13516238,0
0.0,0.0060068066,0
0.0,0.05266023,0
0.0,0.00039425265,0
0.0,0.033802047,0
0.0,2.7050103e-06,0
0.0,0.018143008,0
0.0,0.002844144,0
0.0,0.0015748363,0
0.0,0.0013291079,0
0.0,0.0059312773,0
0.0,0.00032412083,0
0.0,0.05719411,0
0.0,0.0005659973,0
0.0,3.9414463e-05,0
0.0,0.009576114,0
0.0,0.0017833378,0
0.0,0.2895494,0
0.0,0.0005731884,0
1.0,0.9982449,1
0.0,0.8760885,1
0.0,0.0020333652,0
1.0,0.97910976,1
0.0,0.023436425,0
0.0,0.28910807,0
0.0,0.01701792,0
1.0,0.0008569284,0
0.0,0.00046395222,0
0.0,0.14267409,0
0.0,0.007099873,0
0.0,0.008794982,0
0.0,0.00043842345,0
0.0,0.0006191594,0
0.0,0.01094579,0
0.0,0.0003704385,0
0.0,0.012739832,0
0.0,0.00020486485,0
1.0,0.9999999,1
1.0,1.0,1
0.0,5.884952e-06,0
0.0,0.038292736,0
0.0,2.6350212e-06,0
0.0,0.0063604782,0
0.0,0.007878603,0
0.0,0.114334464,0
1.0,1.0,1
0.0,0.011538277,0
0.0,0.038752668,0
0.0,0.019187495,0
0.0,0.005562384,0
0.0,0.040152747,0
0.0,0.00057805923,0
0.0,6.90441e-05,0
0.0,1.3404857e-05,0
1.0,0.9411414,1
0.0,0.000161266,0
0.0,0.015825713,0
0.0,0.14625372,0
1.0,1.0,1
0.0,0.018335933,0
0.0,0.0007485467,0
0.0,0.00017568342,0
0.0,4.6358557e-05,0
0.0,0.01626898,0
0.0,0.07608714,0
0.0,0.00058138144,0
0.0,0.0001710343,0
0.0,2.844721e-05,0
0.0,0.19381058,0
0.0,0.0004773774,0
0.0,0.9227394,1
0.0,0.015237555,0
0.0,0.35625365,0
0.0,0.0027311682,0
0.0,0.36617076,0
1.0,0.9999999,1
0.0,0.016552316,0
0.0,0.10128634,0
0.0,0.0035537956,0
0.0,0.0010180329,0
0.0,0.0011443126,0
0.0,3.2735654e-05,0
0.0,0.00054836733,0
0.0,0.00034831738,0
0.0,3.743692e-05,0
0.0,0.00029669647,0
0.0,0.00021473126,0
0.0,0.18759403,0
0.0,0.00021588539,0
0.0,0.3822448,0
0.0,0.002698267,0
0.0,0.00044898555,0
0.0,0.0096977,0
0.0,0.0036405846,0
0.0,0.22586617,0
0.0,2.2565255e-05,0
0.0,0.0006904313,0
0.0,0.12371711,0
0.0,3.067925e-05,0
0.0,0.45282772,0
0.0,0.0120682735,0
0.0,0.06730963,0
0.0,0.0065633007,0
1.0,0.9999999,1
0.0,0.41053146,0
0.0,0.0007297387,0
0.0,3.5913945e-06,0
0.0,0.026201114,0
0.0,0.0072266785,0
0.0,0.00025023948,0
0.0,0.010473642,0
0.0,0.4147784,0
0.0,0.010652396,0
0.0,8.227154e-05,0
0.0,0.24634127,0
0.0,8.363799e-06,0
0.0,0.0007002301,0
0.0,0.08719184,0
0.0,0.004758489,0
0.0,0.08779174,0
0.0,0.00012549898,0
0.0,0.21309973,0
0.0,0.18853016,0
0.0,0.6865383,1
0.0,0.00012202278,0
0.0,0.00061865087,0
0.0,0.018236661,0
0.0,2.4430316e-05,0
0.0,0.000100417485,0
0.0,0.06852093,0
0.0,2.5884261e-05,0
0.0,0.0024733252,0
1.0,0.9999999,1
1.0,0.9999999,1
0.0,2.4993602e-05,0
0.0,0.22345623,0
0.0,0.0006308586,0
0.0,2.8339387e-05,0
0.0,0.033017874,0
0.0,0.00046001136,0
1.0,0.99998975,1
0.0,0.039834827,0
0.0,0.03535951,0
1.0,1.0,1
0.0,0.00095093105,0
0.0,0.005491904,0
0.0,0.10312888,0
0.0,0.053583488,0
0.0,0.00038684814,0
0.0,0.0016583027,0
0.0,0.11921074,0
0.0,0.00012472672,0
0.0,0.00038768692,0
1.0,0.97644085,1
0.0,0.95571244,1
1.0,0.9817043,1
1.0,0.9999999,1
0.0,0.0064582312,0
1.0,0.19343492,0
0.0,0.08836549,0
0.0,0.35071012,0
0.0,0.018988552,0
0.0,0.16561826,0
0.0,0.0012224086,0
0.0,0.0010000132,0
0.0,0.01894422,0
0.0,0.01869153,0
0.0,0.36843097,0
1.0,1.0,1
0.0,0.15312105,0
1.0,0.9999999,1
0.0,0.00013872169,0
0.0,0.0026152807,0
0.0,0.2501788,0
0.0,0.0007182067,0
1.0,0.9999999,1
0.0,0.036398128,0
0.0,0.13663913,0
0.0,0.09093033,0
0.0,0.27262017,0
1.0,0.47448763,0
0.0,0.001202847,0
0.0,0.006025695,0
0.0,0.0021429241,0
0.0,0.014651501,0
0.0,0.0042146714,0
0.0,0.29987675,0
1.0,0.26867297,0
1.0,0.04782891,0
1.0,0.47398493,0
0.0,0.012461155,0
0.0,0.00095043425,0
0.0,0.019162286,0
0.0,0.16381487,0
0.0,5.329687e-05,0
0.0,0.1109394,0
1.0,0.9995753,1
0.0,0.0042421734,0
0.0,6.736247e-06,0
0.0,0.00074673735,0
0.0,0.0998761,0
1.0,0.9999999,1
1.0,0.9997911,1
0.0,0.0332473,0
0.0,0.002474216,0
0.0,0.0012256654,0
0.0,0.0010298785,0
0.0,0.025090458,0
0.0,0.0064892103,0
0.0,0.0078940345,0
1.0,0.9999999,1
0.0,0.005704882,0
0.0,0.1536498,0
0.0,0.020900296,0
0.0,0.017551573,0
0.0,8.1363614e-05,0
0.0,0.046823587,0
0.0,0.017464694,0
0.0,2.0140676e-05,0
0.0,0.0017108032,0
0.0,0.061856963,0
0.0,0.00081080635,0
0.0,5.567763e-05,0
0.0,0.00042885428,0
0.0,0.0042963945,0
0.0,0.0030155801,0
0.0,0.01879168,0
0.0,0.12925553,0
1.0,0.9985605,1
0.0,1.4180687e-06,0
0.0,0.23981346,0
0.0,0.00014561396,0
0.0,6.706965e-06,0
0.0,0.002286254,0
0.0,0.008698402,0
0.0,0.09494375,0
0.0,0.0007394552,0
0.0,2.3592633e-05,0
0.0,0.122433394,0
0.0,0.031653646,0
0.0,0.24176064,0
0.0,0.0027492386,0
1.0,0.99219805,1
0.0,0.042045176,0
0.0,0.0013618635,0
0.0,0.00027404283,0
0.0,0.059420113,0
0.0,0.001499627,0
1.0,0.91052246,1
0.0,0.20074861,0
0.0,3.0071444e-06,0
1.0,0.9999999,1
0.0,0.00025747463,0
1.0,0.9503253,1
0.0,0.0023567057,0
0.0,5.2952e-06,0
0.0,0.043312717,0
0.0,0.5936047,1
1.0,0.3424553,0
0.0,0.2823624,0
0.0,0.00040587047,0
0.0,0.084619634,0
0.0,0.021340959,0
0.0,0.030569425,0
0.0,0.27368596,0
0.0,0.29451507,0
0.0,0.0015456857,0
0.0,0.00019691861,0
0.0,0.12115434,0
0.0,5.200054e-05,0
0.0,0.0028736182,0
0.0,0.0038712583,0
0.0,0.0130001,0
0.0,3.1727337e-05,0
0.0,0.22266856,0
0.0,0.015054405,0
1.0,0.97617394,1
0.0,0.16289799,0
0.0,0.015067696,0
0.0,0.00027448163,0
0.0,0.00040410864,0
0.0,3.1237636e-05,0
1.0,0.0075103925,0
1.0,0.9999999,1
0.0,5.3531232e-05,0
0.0,0.023737261,0
0.0,0.22214662,0
0.0,0.50375324,1
0.0,0.00050397863,0
0.0,0.09929839,0
0.0,0.018082825,0
0.0,0.001128532,0
0.0,0.32876888,0
0.0,0.41176394,0
1.0,0.8674933,1
0.0,0.0037841885,0
0.0,0.30651838,0
0.0,0.062569045,0
0.0,0.0034092455,0
0.0,0.02171134,0
0.0,0.32691917,0
1.0,0.9999901,1
1.0,0.9999999,1
0.0,0.097681396,0
0.0,0.00010700943,0
0.0,0.0027536282,0
0.0,8.643624e-05,0
0.0,0.00041356497,0
0.0,0.0058136284,0
0.0,0.045448266,0
0.0,0.06348041,0
0.0,0.0033109116,0
0.0,5.617779e-05,0
0.0,0.019287502,0
0.0,0.0008241196,0
0.0,0.22144887,0
1.0,0.99989986,1
0.0,0.00047992382,0
0.0,0.005893686,0
0.0,0.40847352,0
0.0,5.54729e-05,0
0.0,8.389973e-05,0
0.0,0.12703097,0
0.0,0.344268,0
0.0,0.084817596,0
0.0,0.005526224,0
0.0,0.0024815106,0
0.0,0.00016278731,0
0.0,0.3043966,0
0.0,0.022157915,0
0.0,0.09633641,0
0.0,0.00161819,0
0.0,0.03433363,0
0.0,5.9861944e-05,0
0.0,0.0015050254,0
1.0,0.47510844,0
0.0,0.0025657632,0
0.0,0.03036701,0
0.0,3.474985e-05,0
1.0,0.9999999,1
0.0,0.0008149625,0
1.0,0.9999999,1
0.0,0.001735066,0
1.0,0.07218608,0
0.0,0.0734966,0
0.0,5.3243584e-05,0
0.0,0.00061343185,0
0.0,5.566796e-05,0
0.0,0.0066026477,0
0.0,0.05635666,0
1.0,0.93272376,1
0.0,0.03407841,0
0.0,0.00030684276,0
0.0,0.00021941945,0
0.0,0.02345231,0
0.0,0.033396434,0
0.0,0.0019520676,0
0.0,3.6863777e-05,0
1.0,0.03792687,0
0.0,6.7571105e-05,0
0.0,0.0011815734,0
0.0,2.704662e-05,0
0.0,0.008206979,0
0.0,0.0004630101,0
1.0,0.9997403,1
0.0,0.097060055,0
0.0,0.0027065417,0
0.0,0.0034673177,0
1.0,1.0,1
0.0,0.0010300325,0
0.0,0.32250983,0
0.0,0.48028105,0
0.0,0.004990169,0
0.0,0.028779304,0
0.0,0.0025977285,0
0.0,0.012732067,0
0.0,0.0007744654,0
0.0,0.051356986,0
0.0,0.0033648242,0
0.0,0.006688978,0
0.0,0.013141008,0
0.0,0.00027721204,0
0.0,0.030089749,0
0.0,0.35652652,0
0.0,0.0924133,0
0.0,0.39222962,0
1.0,1.0,1
0.0,1.0148828e-05,0
0.0,0.020854464,0
1.0,0.9965264,1
0.0,0.0005429289,0
0.0,3.9792062e-07,0
0.0,0.009736665,0
0.0,0.00014442834,0
0.0,8.175256e-05,0
1.0,0.99721473,1
0.0,0.18892533,0
0.0,0.0012189077,0
0.0,0.47684714,0
0.0,0.00047539096,0
0.0,0.0001753111,0
1.0,0.997431,1
0.0,0.24749275,0
1.0,0.999879,1
0.0,0.0006832689,0
1.0,0.9999987,1
0.0,0.172571,0
0.0,2.5119966e-06,0
0.0,0.038267393,0
0.0,0.05915466,0
1.0,0.9999999,1
0.0,0.0016921633,0
0.0,0.0008149625,0
0.0,0.29384613,0
0.0,0.17920053,0
0.0,0.39498165,0
0.0,0.05069116,0
0.0,0.0024794494,0
1.0,0.9999999,1
1.0,0.9999999,1
0.0,0.0002482696,0
0.0,0.011456428,0
1.0,0.7233895,1
0.0,0.0077576907,0
1.0,0.9999999,1
0.0,0.0035434614,0
0.0,0.039638378,0
0.0,0.0032600954,0
0.0,0.0042137927,0
0.0,0.0019725433,0
0.0,0.43267527,0
1.0,0.9999999,1
0.0,0.038322404,0
0.0,7.081875e-05,0
1.0,1.0,1
0.0,0.20027933,0
0.0,0.00043410502,0
0.0,0.33723933,0
0.0,0.45253897,0
0.0,0.009055744,0
0.0,0.40777925,0
0.0,0.0004401195,0
0.0,0.00044878808,0
0.0,0.00020987548,0
0.0,0.00029634786,0
0.0,0.018501114,0
0.0,5.2693962e-05,0
0.0,0.075277545,0
0.0,3.8374157e-05,0
0.0,0.5699277,1
0.0,0.11233317,0
0.0,4.712059e-06,0
1.0,0.9999999,1
0.0,0.30841893,0
0.0,0.4124242,0
1.0,0.9999999,1
0.0,0.2271576,0
0.0,0.0018169371,0
0.0,0.016577413,0
1.0,0.9514467,1
0.0,0.0017778389,0
0.0,0.1671153,0
1.0,0.9884051,1
0.0,0.0011694261,0
0.0,3.789897e-05,0
0.0,2.8732667e-05,0
1.0,0.9999999,1
0.0,0.0657268,0
0.0,0.0010053478,0
0.0,0.40847352,0
1.0,1.0,1
0.0,0.008399435,0
0.0,0.001490431,0
0.0,0.0030344087,0
0.0,0.0071286876,0
0.0,0.0046602143,0
0.0,0.0002936076,0
0.0,0.000103220365,0
1.0,0.6701214,1
0.0,0.012173863,0
1.0,0.28696847,0
1.0,0.0008022594,0
0.0,0.00010571799,0
1.0,0.0013694089,0
0.0,0.0507891,0
0.0,0.006252718,0
0.0,0.029997598,0
0.0,0.041068275,0
0.0,3.1106433e-07,0
0.0,0.00047974175,0
0.0,0.0014551523,0
0.0,0.004148782,0
1.0,0.99855906,1
0.0,0.00055883377,0
0.0,0.04272447,0
0.0,0.0037776704,0
0.0,0.00034560094,0
0.0,0.01607693,0
0.0,0.06950288,0
0.0,0.0049915067,0
1.0,0.99988616,1
0.0,0.048600636,0
0.0,0.041012958,0
0.0,0.111147396,0
0.0,0.00035461513,0
0.0,0.35639313,0
0.0,0.003424985,0
0.0,0.06732408,0
0.0,0.013605616,0
0.0,0.00020896515,0
0.0,0.0013505562,0
0.0,0.0033776185,0
0.0,0.001975886,0
1.0,0.9999999,1
1.0,0.9999999,1
0.0,0.0004521247,0
0.0,0.353,0
1.0,0.9999082,1
0.0,0.009041624,0
0.0,0.10445373,0
1.0,0.9999999,1
0.0,0.12818931,0
0.0,0.04371661,0
0.0,0.05240736,0
0.0,0.49424383,0
0.0,0.01123625,0
0.0,1.1230299e-05,0
0.0,0.4555477,0
0.0,0.097375095,0
0.0,0.0185844,0
0.0,0.0016226565,0
0.0,1.7553994e-06,0
0.0,0.001458145,0
0.0,0.0070388587,0
0.0,9.434136e-05,0
0.0,0.0068228147,0
0.0,0.0075543555,0
0.0,0.46685368,0
0.0,0.0055960566,0
0.0,0.0106044095,0
0.0,0.06650774,0
0.0,8.6260015e-06,0
0.0,0.00020902813,0
1.0,0.9999999,1
1.0,1.0,1
0.0,4.7320304e-05,0
1.0,0.9999999,1
0.0,0.00052237045,0
0.0,0.0007744624,0
0.0,0.00046969746,0
0.0,0.0009363939,0
0.0,0.0035994856,0
0.0,0.0003429933,0
0.0,0.023855561,0
0.0,0.18295933,0
0.0,0.09917293,0
0.0,0.010854539,0
0.0,0.38199297,0
1.0,0.9999999,1
0.0,0.3808978,0
0.0,0.05289139,0
0.0,0.0722179,0
0.0,0.030881768,0
0.0,0.044897966,0
0.0,0.024198197,0
1.0,0.9999999,1
0.0,6.3400566e-06,0
0.0,0.0003874141,0
0.0,0.0003196997,0
0.0,0.037981644,0
0.0,0.016501063,0
0.0,0.031768132,0
0.0,0.4343417,0
1.0,0.9990777,1
0.0,0.04479754,0
0.0,0.00036852603,0
1.0,1.0,1
0.0,7.941733e-06,0
0.0,0.00043396602,0
1.0,0.24134928,0
0.0,0.0010886054,0
0.0,0.49608728,0
1.0,0.9999999,1
0.0,0.055670414,0
0.0,0.0077770553,0
0.0,0.0017066825,0
1.0,0.77007693,1
0.0,0.019970372,0
0.0,1.0679955e-05,0
0.0,0.48147252,0
0.0,0.00018472201,0
0.0,0.019833347,0
0.0,0.0012391869,0
0.0,0.4703762,0
0.0,0.00030279206,0
1.0,0.9497771,1
1.0,1.0,1
0.0,7.0957794e-05,0
0.0,0.00027473507,0
0.0,0.04016867,0
0.0,0.07224537,0
0.0,0.0005820204,0
0.0,0.0009728395,0
0.0,0.0071547125,0
0.0,0.3446287,0
1.0,1.0,1
0.0,0.0074565485,0
0.0,0.08148415,0
0.0,0.015441035,0
0.0,0.030891707,0
0.0,0.04646925,0
0.0,0.03628462,0
0.0,0.3490642,0
0.0,0.029841684,0
1.0,0.9999999,1
0.0,0.025543889,0
1.0,1.0,1
0.0,0.41441366,0
0.0,0.00084293704,0
0.0,0.0041956045,0
0.0,0.0032956535,0
1.0,0.9999999,1
0.0,0.38486928,0
1.0,0.864698,1
0.0,0.0052585797,0
0.0,0.0005460576,0
0.0,0.38059622,0
0.0,3.6607898e-06,0
0.0,1.1404791e-06,0
0.0,0.35850376,0
0.0,6.3110165e-05,0
0.0,0.42742547,0
0.0,0.0077234,0
1.0,0.9999999,1
1.0,0.9999999,1
0.0,0.008399435,0
0.0,0.119252525,0
0.0,0.0035144747,0
0.0,0.0011878936,0
0.0,0.17259619,0
0.0,0.099380344,0
0.0,0.00015503232,0
0.0,0.0011267087,0
0.0,0.39224565,0
0.0,0.0074212807,0
0.0,1.9284957e-05,0
0.0,0.017825658,0
0.0,0.00012866914,0
0.0,0.5199783,1
1.0,1.0,1
0.0,0.005660566,0
1.0,0.13258526,0
0.0,2.1000373e-05,0
0.0,0.013932934,0
0.0,0.0025615664,0
0.0,0.5733601,1
0.0,0.03217222,0
0.0,0.03276186,0
0.0,0.08740348,0
0.0,1.8170348e-06,0
0.0,0.0039798575,0
1.0,0.94578844,1
1.0,0.9999999,1
0.0,0.06386366,0
0.0,0.024387185,0
0.0,6.514156e-05,0
0.0,0.09473399,0
0.0,8.532794e-06,0
1.0,0.9999999,1
0.0,0.21330035,0
0.0,0.001634517,0
0.0,8.41425e-06,0
0.0,0.017459279,0
1.0,0.3231801,0
0.0,0.33134705,0
1.0,0.42916578,0
0.0,1.6805721e-05,0
1.0,0.9999999,1
0.0,5.271395e-07,0
0.0,0.0009694467,0
1.0,0.9999999,1
1.0,0.9999999,1
0.0,8.813148e-05,0
0.0,0.00011262209,0
0.0,0.044535637,0
1.0,0.9999999,1
0.0,0.0031605633,0
0.0,0.03392727,0
1.0,0.9999999,1
0.0,0.0022315576,0
0.0,0.0011250017,0
0.0,0.52495396,1
0.0,0.00023352116,0
0.0,4.023869e-06,0
0.0,0.0509922,0
0.0,0.44806814,0
1.0,0.2180786,0
0.0,0.009331191,0
0.0,0.807612,1
1.0,0.9999999,1
0.0,0.023303501,0
0.0,6.814924e-05,0
0.0,0.0012593163,0
0.0,0.0723712,0
0.0,0.0056920215,0
0.0,0.36642963,0
1.0,1.0,1
0.0,0.0012635654,0
0.0,0.066425286,0
0.0,0.0635492,0
0.0,0.00046452423,0
1.0,0.1550753,0
0.0,6.110813e-05,0
0.0,0.3081438,0
0.0,0.0033159554,0
0.0,0.00017107883,0
0.0,0.091709465,0
0.0,0.0049722684,0
0.0,4.6144993e-05,0
0.0,0.0074954866,0
0.0,0.00062854885,0
0.0,0.0016403369,0
0.0,0.045630515,0
0.0,0.038007196,0
0.0,6.7930428e-06,0
0.0,0.0028448098,0
0.0,0.022335056,0
1.0,0.9999999,1
0.0,0.054742787,0
0.0,0.023138091,0
0.0,0.0016321641,0
0.0,0.047430374,0
0.0,0.00053651416,0
0.0,0.0061718957,0
0.0,4.905419e-05,0
0.0,9.924117e-05,0
0.0,0.00031521264,0
1.0,0.6511119,1
0.0,0.0074126315,0
1.0,0.9999999,1
0.0,2.5019597e-05,0
0.0,0.0015580242,0
0.0,0.15789697,0
0.0,0.5402551,1
1.0,0.9999999,1
0.0,0.061548937,0
0.0,0.0016963757,0
0.0,0.004765246,0
0.0,0.31758007,0
0.0,0.0006362631,0
0.0,0.00062826887,0
0.0,0.0010334975,0
0.0,0.00704389,0
1.0,0.98845017,1
0.0,0.1286909,0
0.0,0.0020882692,0
0.0,1.3001572e-05,0
0.0,0.09093265,0
0.0,2.8326502e-05,0
0.0,0.00015373029,0
0.0,0.31758007,0
0.0,0.002964059,0
0.0,0.0011593478,0
0.0,0.0004969212,0
0.0,0.012086678,0
0.0,0.06085551,0
0.0,0.00089463353,0
0.0,0.00012866914,0
0.0,0.0044475626,0
0.0,0.12153849,0
0.0,0.00024707994,0
0.0,8.202539e-06,0
0.0,0.00015746974,0
0.0,0.00020424073,0
0.0,3.859741e-05,0
0.0,0.09242184,0
0.0,0.0003034278,0
1.0,1.0,1
0.0,0.007263913,0
1.0,0.4723109,0
1.0,0.9999999,1
0.0,0.29062396,0
0.0,0.0037497685,0
0.0,0.10104969,0
0.0,0.07676188,0
0.0,0.00031899245,0
0.0,0.020736728,0
0.0,0.00020849708,0
0.0,0.01540133,0
1.0,0.9999995,1
0.0,0.0129095195,0
0.0,0.03602175,0
0.0,0.089209646,0
0.0,0.17241175,0
0.0,0.36508262,0
0.0,1.0431008e-06,0
0.0,0.0047320863,0
1.0,0.9998404,1
0.0,0.0075543555,0
0.0,0.004567657,0
0.0,0.002068546,0
0.0,0.00057795376,0
0.0,0.0139737725,0
0.0,0.0019217044,0
0.0,0.0014270779,0
0.0,0.001458145,0
0.0,1.9307997e-07,0
0.0,0.16908245,0
0.0,0.0029312926,0
0.0,2.8249565e-06,0
1.0,0.04419511,0
0.0,6.518668e-05,0
0.0,0.20508935,0
0.0,0.44166532,0
0.0,0.32860515,0
0.0,0.034852564,0
1.0,0.9999999,1
0.0,0.0015993821,0
0.0,0.003064161,0
0.0,0.004682576,0
0.0,0.0056222887,0
0.0,0.27436462,0
0.0,0.005841262,0
1.0,0.4265686,0
0.0,0.07370281,0
0.0,0.03588713,0
0.0,0.008476894,0
0.0,0.65358335,1
0.0,0.012193444,0
0.0,0.07307546,0
0.0,0.10136545,0
0.0,0.0012102898,0
0.0,0.12675683,0
0.0,0.00069285586,0
0.0,0.055232547,0
1.0,0.4779278,0
0.0,1.7060407e-05,0
1.0,0.49198744,0
1.0,0.9999999,1
0.0,0.39123473,0
0.0,0.57094014,1
1.0,0.9999999,1
0.0,0.0022940396,0
0.0,0.0020680793,0
0.0,0.2766485,0
0.0,0.034659505,0
1.0,0.9044649,1
0.0,0.0010444053,0
0.0,0.03124559,0
0.0,0.00050771615,0
0.0,0.03363094,0
0.0,0.0015402099,0
0.0,0.0014173446,0
1.0,0.8912497,1
0.0,0.00012363908,0
0.0,0.009379091,0
0.0,0.1293853,0
0.0,0.0017214533,0
0.0,0.16714108,0
1.0,0.43276188,0
1.0,1.0,1
0.0,0.00033582587,0
0.0,0.03551475,0
0.0,0.02724892,0
1.0,0.9999999,1
1.0,0.99885666,1
0.0,3.111158e-06,0
1.0,0.9999999,1
0.0,0.0012244094,0
0.0,0.24238355,0
0.0,0.00019611775,0
1.0,0.9991273,1
0.0,0.02371829,0
0.0,0.01879168,0
0.0,0.02684969,0
1.0,0.9999999,1
0.0,0.3497856,0
0.0,0.0036836525,0
1.0,0.4685927,0
1.0,0.9999999,1
0.0,0.044487737,0
0.0,0.005152014,0
0.0,0.00074178574,0
0.0,0.30566168,0
0.0,0.00018887433,0
1.0,0.9999999,1
0.0,5.471071e-05,0
0.0,0.016433703,0
1.0,0.9944417,1
1.0,0.9999999,1
1.0,0.9999999,1
0.0,0.025429932,0
0.0,0.0015957117,0
0.0,0.0013218889,0
0.0,0.017454004,0
1.0,0.99607384,1
0.0,0.44704652,0
0.0,0.06973116,0
0.0,0.0005421527,0
0.0,0.034742236,0
0.0,0.69530433,1
0.0,0.20521548,0
0.0,0.4290281,0
0.0,0.00025490674,0
0.0,0.00086123834,0
1.0,0.9999999,1
0.0,7.1026748e-06,0
0.0,4.7891685e-05,0
0.0,0.009182633,0
0.0,0.0016423606,0
0.0,0.06652284,0
0.0,0.041058227,0
0.0,0.31084692,0
0.0,0.0001050846,0
0.0,0.0013331744,0
0.0,0.0014773569,0
0.0,0.015275782,0
0.0,0.0001640127,0
1.0,0.9999999,1
0.0,0.041773316,0
0.0,6.525653e-05,0
1.0,0.9999999,1
0.0,0.00026531122,0
0.0,0.36476302,0
0.0,0.009227801,0
0.0,0.0006579207,0
0.0,0.98557925,1
0.0,0.00087111996,0
0.0,0.035629965,0
0.0,0.07134985,0
0.0,0.0438135,0
0.0,0.06369753,0
0.0,0.14045167,0
0.0,0.0076911836,0
0.0,0.3726277,0
0.0,0.053076416,0
0.0,4.389389e-06,0
1.0,1.0,1
0.0,9.796516e-06,0
0.0,1.9630103e-05,0
0.0,0.18665378,0
0.0,0.05694204,0
0.0,0.17658025,0
0.0,7.856459e-07,0
1.0,0.9999999,1
0.0,0.014663338,0
0.0,0.00021742373,0
0.0,0.00058328465,0
1.0,0.9999999,1
0.0,0.011251995,0
1.0,0.9999999,1
0.0,6.3523825e-05,0
0.0,0.011457358,0
0.0,1.5056298e-06,0
0.0,0.097010106,0
0.0,0.018769918,0
1.0,0.9999999,1
0.0,0.02526144,0
0.0,0.34508336,0
0.0,0.45546758,0
0.0,0.057822157,0
0.0,0.18287933,0
0.0,0.0005140474,0
0.0,7.80782e-05,0
0.0,0.69679254,1
0.0,0.019822994,0
0.0,0.65685683,1
0.0,2.0513968e-05,0
0.0,0.0014885335,0
0.0,0.0489978,0
0.0,0.0376281,0
0.0,0.5551987,1
0.0,0.0017239895,0
0.0,0.0004246918,0
0.0,0.36124295,0
0.0,0.0013526555,0
0.0,0.034734465,0
0.0,0.0021004395,0
0.0,0.50735724,1
1.0,0.99680126,1
0.0,0.0011942699,0
0.0,0.0004969567,0
1.0,0.9999999,1
0.0,0.029464595,0
0.0,0.16736624,0
1.0,0.9999999,1
1.0,0.65703356,1
1.0,0.9999999,1
0.0,0.031285807,0
1.0,0.9351523,1
1.0,0.9998404,1
0.0,6.940923e-06,0
0.0,0.58977395,1
0.0,0.1757841,0
0.0,0.0059866887,0
0.0,0.090273984,0
0.0,0.022615334,0
0.0,0.00021139943,0
0.0,0.35410738,0
0.0,0.001222589,0
0.0,0.06908241,0
0.0,0.006529004,0
1.0,0.9999999,1
0.0,0.0041374755,0
0.0,0.02957765,0
0.0,0.41851962,0
0.0,0.0039671133,0
0.0,0.43605667,0
0.0,0.059352744,0
0.0,2.5830308e-05,0
0.0,0.00070409285,0
1.0,0.9999999,1
0.0,0.0898333,0
0.0,8.253556e-05,0
0.0,0.02664776,0
0.0,0.90016305,1
0.0,0.00024455832,0
0.0,0.0012657782,0
0.0,0.00012556624,0
1.0,0.99438727,1
1.0,0.9999999,1
1.0,0.9999999,1
0.0,2.3071212e-05,0
0.0,0.0708374,0
0.0,0.012127416,0
0.0,0.0010440244,0
0.0,0.00020214371,0
0.0,0.053509727,0
1.0,0.9011267,1
0.0,0.015137822,0
0.0,0.06502974,0
0.0,0.016385594,0
0.0,0.0023379314,0
0.0,0.0014813148,0
0.0,0.10487407,0
0.0,0.19691074,0
0.0,0.00030882345,0
1.0,0.41852915,0
0.0,2.360262e-06,0
0.0,0.00038435016,0
0.0,0.0062200604,0
0.0,2.298859e-05,0
0.0,0.26667434,0
1.0,0.95968497,1
1.0,0.9999999,1
0.0,4.4199853e-05,0
0.0,5.9090147e-05,0
0.0,0.052850217,0
1.0,0.0626785,0
0.0,0.013612171,0
0.0,0.54416865,1
0.0,0.0055260933,0
0.0,0.0041215112,0
0.0,0.058595985,0
0.0,1.5745083e-05,0
0.0,0.0029906584,0
0.0,0.02724137,0
0.0,0.0003697295,0
1.0,0.9999999,1
0.0,2.2238132e-06,0
1.0,0.014663062,0
0.0,0.45512375,0
0.0,0.16753493,0
0.0,0.92823356,1
1.0,0.36804718,0
1.0,0.99938345,1
0.0,0.30152127,0
0.0,0.005375703,0
0.0,0.08113603,0
0.0,0.38635424,0
0.0,1.12915615e-07,0
1.0,0.9999999,1
0.0,0.00034877512,0
0.0,0.40171292,0
0.0,0.1415024,0
0.0,0.02459241,0
0.0,0.0051385947,0
0.0,0.001159259,0
1.0,0.99999034,1
0.0,0.00016336389,0
1.0,0.720107,1
0.0,0.004185735,0
0.0,0.081018,0
1.0,0.6501139,1
0.0,0.1285087,0
0.0,0.0021611287,0
1.0,0.9999999,1
0.0,0.59061545,1
0.0,0.03795862,0
0.0,0.119797826,0
0.0,0.079567865,0
0.0,0.00014682907,0
1.0,0.9999999,1
1.0,0.9999999,1
0.0,0.052932784,0
0.0,0.0016387133,0
0.0,0.026318707,0
0.0,0.0014912992,0
0.0,0.0054191733,0
0.0,0.002165253,0
1.0,0.9993623,1
0.0,0.174866,0
0.0,2.6500004e-07,0
0.0,2.4645766e-05,0
0.0,0.018718395,0
0.0,3.1386255e-06,0
0.0,0.19881283,0
0.0,0.0010060846,0
1.0,1.0,1
0.0,0.0009933832,0
0.0,0.05761518,0
0.0,0.08667642,0
0.0,0.005384358,0
1.0,0.9999999,1
0.0,0.0004273983,0
0.0,0.028921071,0
0.0,0.03245297,0
1.0,0.9999999,1
0.0,0.0027197446,0
0.0,0.00087794947,0
0.0,0.048409108,0
0.0,0.0002098787,0
1.0,0.99997747,1
0.0,0.37665343,0
0.0,0.0013256681,0
0.0,0.00013140266,0
0.0,0.05708764,0
0.0,0.009153567,0
0.0,0.010359525,0
0.0,0.035431534,0
1.0,0.9999999,1
0.0,0.025667902,0
0.0,0.21908906,0
0.0,0.04694152,0
0.0,0.027535947,0
0.0,0.31865638,0
0.0,2.3461604e-05,0
1.0,0.9999999,1
0.0,0.00038410348,0
0.0,8.093738e-05,0
0.0,0.00075876544,0
1.0,0.9999999,1
0.0,0.02281481,0
0.0,0.056980785,0
0.0,0.006860395,0
0.0,1.3631774e-05,0
1.0,1.0,1
0.0,0.44343176,0
0.0,0.0001896024,0
0.0,1.3464396e-06,0
1.0,0.9999999,1
0.0,0.0067755114,0
0.0,0.00032689917,0
0.0,0.04586851,0
0.0,0.028175237,0
0.0,0.4500166,0
0.0,0.0028334737,0
0.0,0.12645966,0
0.0,0.21360469,0
0.0,0.003301857,0
1.0,0.56980693,1
0.0,0.08968347,0
0.0,0.008442209,0
0.0,0.12943524,0
0.0,0.17739844,0
1.0,0.9999999,1
0.0,0.37389508,0
0.0,0.033955086,0
0.0,0.049988836,0
0.0,0.004936146,0
0.0,0.0018976938,0
0.0,0.11653737,0
0.0,0.09725097,0
0.0,0.050462164,0
0.0,0.13494927,0
0.0,0.0001964391,0
0.0,1.2125594e-06,0
0.0,0.00021681137,0
0.0,0.00051232503,0
0.0,0.08483841,0
1.0,0.9999999,1
0.0,0.007683927,0
0.0,0.0015103725,0
0.0,0.07553035,0
0.0,0.04147922,0
0.0,0.0002691936,0
1.0,0.8003328,1
0.0,0.05174639,0
0.0,0.092083186,0
0.0,0.17355672,0
0.0,0.002691466,0
0.0,0.6274764,1
1.0,0.7691671,1
0.0,0.0002577382,0
0.0,0.0005525245,0
0.0,0.041440107,0
0.0,0.4901931,0
0.0,0.083480515,0
0.0,0.00054239744,0
0.0,0.46657938,0
0.0,0.057402447,0
1.0,0.9999999,1
1.0,1.0,1
0.0,0.00041608754,0
0.0,0.0010300325,0
0.0,3.9402286e-05,0
0.0,0.48097494,0
1.0,0.83667,1
0.0,0.0017947466,0
0.0,2.4129817e-05,0
0.0,0.00030569002,0
0.0,0.023990853,0
0.0,0.15799914,0
0.0,0.0044882908,0
1.0,0.15009713,0
1.0,0.989185,1
1.0,0.9999999,1
0.0,6.63938e-06,0
0.0,5.6310535e-05,0
0.0,0.01573988,0
0.0,0.12939095,0
0.0,0.30155486,0
0.0,0.00055883377,0
1.0,0.99780554,1
0.0,0.045798264,0
0.0,9.8157525e-06,0
0.0,0.013621727,0
0.0,0.13556713,0
0.0,0.019599356,0
0.0,0.29773724,0
0.0,4.8885282e-05,0
0.0,0.014588356,0
0.0,0.00727324,0
0.0,0.023890493,0
0.0,0.38854048,0
0.0,0.0004250446,0
0.0,0.06418051,0
0.0,0.0015064958,0
0.0,4.9209407e-06,0
0.0,0.00027628298,0
0.0,0.0003374059,0
0.0,0.079281904,0
0.0,9.215293e-06,0
0.0,0.00017039524,0
0.0,0.0094733825,0
0.0,3.3795266e-06,0
0.0,0.01763633,0
0.0,0.027178416,0
0.0,8.868579e-05,0
0.0,2.4538096e-05,0
1.0,0.23214696,0
0.0,0.39291757,0
0.0,0.115819834,0
0.0,2.1718204e-05,0
0.0,0.0010437368,0
0.0,2.3692555e-06,0
0.0,0.0017853063,0
0.0,0.97586423,1
0.0,0.010205976,0
0.0,0.04777508,0
1.0,0.9999999,1
0.0,0.0013186673,0
0.0,5.0271938e-06,0
0.0,0.027485175,0
0.0,0.22892408,0
0.0,0.013017451,0
0.0,0.024744775,0
0.0,0.1861091,0
0.0,0.2185024,0
0.0,0.0034098579,0
0.0,0.38373154,0
1.0,0.16278459,0
0.0,0.03746156,0
0.0,0.000119309814,0
0.0,0.00063972594,0
0.0,0.022641763,0
0.0,0.0013494118,0
1.0,0.9999999,1
0.0,0.0134116495,0
0.0,0.6813154,1
0.0,0.0001485127,0
0.0,0.0002539096,0
0.0,0.0005404905,0
0.0,0.40847352,0
0.0,0.2202962,0
0.0,6.11823e-05,0
0.0,0.039538905,0
0.0,0.005409313,0
0.0,1.1348186e-05,0
0.0,0.11014292,0
1.0,0.9999999,1
0.0,0.026487917,0
0.0,0.0004900624,0
0.0,0.000115553485,0
0.0,0.19562723,0
0.0,0.3326371,0
0.0,0.0008800501,0
0.0,2.3039008e-06,0
0.0,0.025548032,0
0.0,0.0074928016,0
0.0,0.02066468,0
0.0,0.0016166769,0
0.0,0.009845253,0
0.0,0.03968268,0
0.0,0.004924819,0
0.0,3.1416545e-07,0
0.0,0.00026872716,0
0.0,1.4572216e-05,0
0.0,0.005902249,0
0.0,0.053549904,0
0.0,0.15166351,0
0.0,0.5821766,1
0.0,0.04756106,0
0.0,0.021186864,0
0.0,0.4685365,0
0.0,0.05376202,0
0.0,0.1761973,0
0.0,0.00089867966,0
0.0,0.00022779753,0
0.0,0.11382548,0
0.0,0.0022835103,0
0.0,0.22430724,0
0.0,0.00028098305,0
0.0,0.25546238,0
0.0,2.3253e-05,0
0.0,0.010254563,0
0.0,0.027393246,0
0.0,0.3482411,0
0.0,0.12697785,0
0.0,0.0023237858,0
0.0,0.00047753393,0
0.0,0.004594699,0
0.0,6.471854e-05,0
0.0,7.3121744e-05,0
0.0,0.00044970342,0
0.0,0.073928244,0
0.0,0.031887792,0
0.0,0.0028841633,0
0.0,0.009404074,0
1.0,1.0,1
0.0,0.10060408,0
0.0,0.0005892074,0
0.0,0.0015340758,0
0.0,0.3542025,0
0.0,0.0045266775,0
0.0,0.27037534,0
0.0,0.0016955674,0
0.0,4.3697755e-06,0
0.0,0.00015598474,0
0.0,0.013947766,0
0.0,0.04123748,0
0.0,0.07389714,0
0.0,0.033293974,0
0.0,0.0040946915,0
1.0,0.9999999,1
0.0,1.5676617e-06,0
0.0,0.0031747075,0
0.0,0.12489004,0
0.0,0.011617138,0
0.0,0.0014434067,0
0.0,0.19918172,0
0.0,0.00207598,0
0.0,0.023677608,0
1.0,0.99953926,1
0.0,0.37825006,0
1.0,0.9999999,1
0.0,0.00020386095,0
0.0,0.18250239,0
0.0,0.013606921,0
0.0,0.28494164,0
1.0,0.9905302,1
1.0,0.9954461,1
0.0,0.017449595,0
0.0,0.000996856,0
0.0,0.0133739095,0
0.0,0.13645841,0
0.0,0.0032986011,0
0.0,0.24014784,0
0.0,0.0023604196,0
0.0,0.00040194535,0
0.0,4.4310676e-05,0
0.0,0.0014017131,0
0.0,0.00039097606,0
0.0,0.710317,1
0.0,0.00064333394,0
0.0,6.324861e-05,0
0.0,0.00015582003,0
0.0,0.012314101,0
1.0,0.5651435,1
0.0,0.001282339,0
0.0,0.25679702,0
0.0,0.17163086,0
0.0,0.03846048,0
0.0,0.0023492665,0
0.0,0.00037030625,0
0.0,0.0059537604,0
0.0,0.4259332,0
0.0,0.13222073,0
0.0,0.000529455,0
0.0,7.024549e-05,0
1.0,0.9999999,1
0.0,0.016742041,0
0.0,0.00987758,0
0.0,0.0009072035,0
0.0,1.3348943e-06,0
1.0,0.74970347,1
0.0,0.015578498,0
0.0,0.00064911897,0
0.0,0.1888055,0
0.0,0.06779011,0
0.0,0.00030945774,0
1.0,0.9999999,1
0.0,0.0242718,0
0.0,0.04174766,0
0.0,0.0064240294,0
0.0,0.1635743,0
1.0,0.35394123,0
0.0,0.00016824254,0
0.0,0.51062495,1
0.0,0.016912995,0
0.0,0.07482631,0
0.0,0.47212645,0
0.0,0.0794939,0
0.0,0.051141117,0
1.0,0.9999999,1
0.0,0.040116515,0
0.0,0.00019194857,0
0.0,0.07372554,0
0.0,3.9402286e-05,0
0.0,0.20828669,0
0.0,0.030940631,0
0.0,0.03905646,0
0.0,0.075483665,0
0.0,0.06962505,0
0.0,0.13949344,0
1.0,0.9999999,1
1.0,0.99952996,1
1.0,1.0,1
0.0,0.0028584455,0
0.0,0.18605551,0
0.0,0.0053225327,0
0.0,0.011150563,0
1.0,0.9999999,1
0.0,7.412018e-07,0
1.0,0.9999999,1
0.0,0.0007201034,0
0.0,0.0064906464,0
0.0,0.002256025,0
0.0,0.05804276,0
0.0,0.0004939128,0
0.0,1.6678409e-07,0
1.0,0.9994305,1
1.0,1.0,1
0.0,8.9999136e-05,0
0.0,0.0013603248,0
1.0,0.9999999,1
0.0,0.00012866914,0
0.0,0.0011353663,0
0.0,0.0050374996,0
0.0,0.35433927,0
1.0,0.82781005,1
0.0,0.00034157187,0
0.0,0.0045173494,0
0.0,0.12576972,0
0.0,0.0015062577,0
1.0,0.44343176,0
1.0,0.24548766,0
0.0,0.060867347,0
0.0,0.0032691315,0
0.0,8.3462284e-05,0
0.0,0.044576146,0
0.0,0.0770693,0
0.0,6.819435e-06,0
0.0,0.06641488,0
0.0,8.603885e-06,0
0.0,0.15511443,0
1.0,0.97299665,1
0.0,9.7170905e-06,0
0.0,0.009185557,0
0.0,1.964876e-06,0
0.0,0.017743787,0
0.0,8.823331e-05,0
0.0,0.003882143,0
0.0,0.019116487,0
0.0,8.62587e-06,0
0.0,0.8705616,1
0.0,0.0031331137,0
0.0,0.1624075,0
1.0,0.009746256,0
0.0,0.35131964,0
1.0,0.9999999,1
0.0,0.017041873,0
0.0,0.33134705,0
0.0,0.36396638,0
0.0,0.096622914,0
1.0,0.9999999,1
0.0,0.00078544626,0
0.0,0.037226018,0
0.0,0.0044808867,0
0.0,0.0027800775,0
0.0,0.0009806976,0
0.0,0.024839083,0
0.0,0.012385815,0
0.0,0.048226383,0
1.0,0.00010588183,0
0.0,0.0004108965,0
0.0,0.018542955,0
0.0,7.602647e-05,0
0.0,7.4313466e-05,0
0.0,0.0005918592,0
0.0,0.015432621,0
0.0,7.6160077e-06,0
1.0,0.9999999,1
0.0,0.05642356,0
0.0,0.0004484199,0
0.0,0.2848095,0
0.0,0.003428338,0
1.0,1.0,1
0.0,0.013338425,0
0.0,0.0020704868,0
0.0,0.002673067,0
1.0,0.9999999,1
0.0,0.03911531,0
0.0,0.25354958,0
0.0,0.014572133,0
0.0,0.025541436,0
0.0,0.0010581032,0
0.0,0.03116565,0
0.0,0.0001751739,0
0.0,0.0010286042,0
0.0,0.00035816283,0
0.0,0.040679216,0
0.0,0.25443536,0
0.0,0.00011604221,0
0.0,0.0003593243,0
0.0,0.016800182,0
0.0,0.004495626,0
0.0,0.0031536329,0
0.0,5.079051e-06,0
0.0,0.0014459677,0
0.0,0.015406235,0
0.0,0.0036609226,0
0.0,0.08542861,0
0.0,0.0057008965,0
0.0,0.07323302,0
0.0,0.000321845,0
1.0,0.76973766,1
0.0,0.0008089712,0
0.0,0.2542099,0
1.0,0.86746293,1
0.0,5.567763e-05,0
0.0,7.6793185e-07,0
0.0,0.0031407839,0
0.0,0.0070477366,0
1.0,0.7907721,1
0.0,0.00011476789,0
0.0,0.0016135705,0
0.0,0.010564995,0
0.0,4.0498064e-05,0
0.0,0.5500339,1
0.0,0.37201586,0
1.0,0.9999999,1
0.0,0.15884472,0
0.0,0.003317136,0
0.0,0.0031724987,0
0.0,0.026968723,0
1.0,0.9986706,1
1.0,0.97432774,1
0.0,0.9662652,1
0.0,0.01859396,0
0.0,0.018937174,0
0.0,0.008932245,0
0.0,1.5175532e-05,0
0.0,0.00039909172,0
0.0,0.6218793,1
0.0,0.0071347854,0
0.0,0.0007582277,0
0.0,0.056116268,0
1.0,1.0,1
1.0,0.7622534,1
0.0,0.0013836194,0
0.0,9.163239e-06,0
0.0,0.0062123863,0
0.0,0.0051705386,0
0.0,0.0677855,0
1.0,0.9999999,1
0.0,0.00027780098,0
0.0,0.00020112915,0
0.0,0.0001607589,0
0.0,0.0002163451,0
1.0,0.9999999,1
0.0,0.406259,0
0.0,0.17011403,0
1.0,0.9999999,1
1.0,0.9999999,1
0.0,0.033101242,0
0.0,0.06252686,0
0.0,0.00064827444,0
1.0,0.9990007,1
0.0,0.00025607258,0
0.0,0.030460715,0
0.0,0.06899937,0
1.0,1.0,1
0.0,0.0012068023,0
0.0,2.1390825e-07,0
0.0,0.0073361183,0
0.0,0.12695223,0
0.0,7.444242e-05,0
0.0,0.030724103,0
0.0,0.0043525966,0
0.0,0.42741197,0
0.0,0.058007136,0
0.0,0.00010090617,0
0.0,0.05218324,0
0.0,0.23042016,0
0.0,0.00043592486,0
0.0,0.038994364,0
0.0,3.621283e-05,0
0.0,0.00017462873,0
1.0,0.9999999,1
0.0,1.8707968e-05,0
0.0,0.0070268144,0
0.0,0.002817674,0
0.0,0.00025913402,0
0.0,0.0013741447,0
0.0,0.022482812,0
1.0,0.9856603,1
0.0,3.8699207e-05,0
0.0,0.39310023,0
1.0,0.9999999,1
0.0,0.00013197829,0
0.0,0.1863829,0
1.0,0.74858385,1
0.0,0.02716675,0
1.0,0.99999845,1
0.0,0.0052000526,0
0.0,0.11206401,0
0.0,0.00069811527,0
0.0,0.11246604,0
0.0,0.105169,0
0.0,0.0076144654,0
0.0,0.48458377,0
1.0,0.9936692,1
0.0,0.010035041,0
0.0,0.03519516,0
0.0,0.0016886764,0
0.0,0.00084642856,0
0.0,0.01636653,0
0.0,0.00036490962,0
0.0,0.121116385,0
0.0,0.003707452,0
0.0,0.00566404,0
0.0,0.012423043,0
0.0,3.1771782e-05,0
0.0,0.0002462655,0
0.0,0.051674243,0
1.0,0.40197697,0
0.0,0.01060451,0
0.0,0.0013335409,0
0.0,0.00037763754,0
0.0,0.504782,1
1.0,0.7246505,1
0.0,0.036373246,0
0.0,0.0073717693,0
1.0,0.9999999,1
0.0,0.0019713542,0
0.0,4.4762646e-06,0
0.0,0.00030982317,0
1.0,0.9999999,1
0.0,0.25214818,0
0.0,0.00088709383,0
0.0,0.004387074,0
0.0,1.0376064e-06,0
0.0,0.07220534,0
0.0,0.44285262,0
0.0,0.38319355,0
0.0,0.0044873236,0
0.0,0.00010378075,0
0.0,0.02667165,0
0.0,5.3065514e-07,0
0.0,2.7587037e-06,0
0.0,0.79629946,1
0.0,3.1541248e-07,0
0.0,0.18766311,0
0.0,0.0036639224,0
0.0,0.0002532691,0
1.0,0.9999999,1
0.0,0.4500166,0
0.0,0.0018144059,0
0.0,0.0020802252,0
0.0,0.008548194,0
0.0,0.013752348,0
0.0,4.7854068e-05,0
0.0,1.47597575e-05,0
0.0,0.087780684,0
1.0,0.9999999,1
0.0,0.090203986,0
0.0,0.014798735,0
0.0,0.0023503643,0
1.0,0.9999999,1
0.0,0.00021401484,0
0.0,0.18502995,0
1.0,0.9999999,1
0.0,0.010965641,0
0.0,2.738211e-05,0
0.0,0.00013911816,0
1.0,0.9324857,1
0.0,0.4143159,0
0.0,0.04157744,0
1.0,0.66087514,1
0.0,0.9047798,1
0.0,1.1928704e-06,0
1.0,0.9999999,1
1.0,0.010568061,0
0.0,0.3808978,0
0.0,0.0059382427,0
1.0,0.9999999,1
0.0,0.008781428,0
1.0,1.0,1
1.0,0.96004903,1
0.0,0.30053833,0
0.0,0.44915724,0
1.0,0.08108399,0
0.0,0.056925543,0
0.0,0.00153134,0
0.0,0.0009080254,0
0.0,7.938386e-06,0
0.0,0.00387108,0
0.0,0.009607574,0
0.0,0.006982411,0
0.0,0.0367972,0
0.0,0.23790291,0
0.0,0.4365039,0
0.0,0.0039679087,0
0.0,1.0314714e-05,0
0.0,0.0007457375,0
0.0,4.4595816e-07,0
0.0,0.8529924,1
0.0,0.03664894,0
0.0,0.1644175,0
0.0,0.0077893757,0
0.0,0.0018363283,0
0.0,0.0030344087,0
0.0,0.060503285,0
0.0,0.00013815089,0
0.0,0.006693066,0
0.0,0.0038608578,0
1.0,0.7382732,1
0.0,0.0011659336,0
0.0,0.030895764,0
0.0,0.00014888916,0
0.0,0.082208045,0
0.0,0.0007487604,0
1.0,0.20552689,0
0.0,0.118739806,0
0.0,0.031133968,0
0.0,0.018937912,0
0.0,0.010665087,0
0.0,0.003788919,0
0.0,0.021488015,0
1.0,0.997233,1
0.0,8.56811e-06,0
0.0,0.0005106851,0
0.0,0.41189665,0
0.0,0.2859989,0
0.0,0.0018153552,0
0.0,0.51225513,1
0.0,0.16239254,0
0.0,0.0043718386,0
0.0,0.081511185,0
0.0,0.00070312025,0
0.0,0.010389775,0
0.0,0.0018943778,0
0.0,0.008208222,0
0.0,0.001072266,0
0.0,0.00047938357,0
0.0,0.42832437,0
0.0,0.0071735294,0
0.0,0.44461906,0
0.0,0.0060773785,0
1.0,0.9999999,1
0.0,0.002204082,0
1.0,0.9986779,1
0.0,0.007937979,0
0.0,3.858512e-05,0
0.0,0.000721723,0
1.0,0.9999999,1
0.0,0.013844996,0
0.0,0.035162985,0
0.0,0.40242836,0
0.0,0.0015907562,0
0.0,0.0018274097,0
0.0,0.10347937,0
0.0,0.0029728056,0
0.0,0.00010514664,0
0.0,0.031917356,0
1.0,0.9999999,1
0.0,0.003960148,0
0.0,0.00040699754,0
0.0,0.24610324,0
0.0,0.00010444324,0
0.0,0.010473642,0
0.0,4.075435e-05,0
0.0,0.004235525,0
0.0,0.00029709103,0
0.0,0.0007766382,0
0.0,0.017659172,0
1.0,0.99981695,1
0.0,6.8826404e-07,0
0.0,0.41893396,0
0.0,0.026890174,0
0.0,0.012752115,0
1.0,0.9881897,1
0.0,1.18508e-05,0
0.0,0.4444903,0
1.0,0.98744047,1
0.0,0.04407027,0
0.0,0.0002702469,0
0.0,0.03127547,0
0.0,0.06280762,0
0.0,0.00042303806,0
0.0,2.5118405e-05,0
0.0,0.002327719,0
1.0,0.4013595,0
0.0,3.9402286e-05,0
0.0,0.0001323594,0
0.0,0.05988141,0
0.0,0.00043771375,0
0.0,0.00068684237,0
0.0,0.0014832076,0
0.0,0.012018454,0
0.0,0.29752547,0
0.0,0.064066574,0
0.0,0.0019543988,0
0.0,0.004577526,0
1.0,0.3526628,0
0.0,0.001176594,0
0.0,0.091070175,0
0.0,0.39888594,0
0.0,0.041138873,0
0.0,0.09497292,0
0.0,0.4043321,0
1.0,0.9999931,1
0.0,0.48141488,0
0.0,0.00090697914,0
0.0,0.03321318,0
0.0,0.440322,0
0.0,0.0024606145,0
0.0,0.460389,0
1.0,0.024814535,0
0.0,0.44860992,0
1.0,0.20052923,0
0.0,0.0016881082,0
0.0,2.9688654e-05,0
0.0,0.2461007,0
0.0,0.0045266347,0
0.0,0.4509051,0
1.0,0.53332037,1
0.0,0.0033408739,0
0.0,0.015787348,0
0.0,0.004898832,0
0.0,0.055553902,0
0.0,0.00024064335,0
0.0,0.00065307977,0
0.0,0.0008558725,0
0.0,0.11514136,0
0.0,8.6654196e-05,0
0.0,0.005961284,0
0.0,0.023354419,0
0.0,0.0024165646,0
0.0,0.0022382853,0
1.0,0.7320713,1
0.0,0.00021565684,0
0.0,0.0075208996,0
1.0,0.9999999,1
0.0,0.005909783,0
0.0,0.0037396746,0
0.0,0.117082946,0
0.0,0.00089110807,0
0.0,0.052574173,0
1.0,0.072694786,0
0.0,0.009335961,0
0.0,0.511103,1
1.0,0.10409114,0
0.0,0.000118638105,0
1.0,1.0,1
0.0,0.00049496425,0
0.0,0.11109411,0
0.0,0.098290555,0
0.0,0.006985308,0
0.0,0.00094463356,0
0.0,0.00012896111,0
0.0,0.23616704,0
0.0,0.0032558772,0
0.0,9.108592e-06,0
1.0,0.60334015,1
0.0,0.0012300196,0
0.0,2.7107355e-06,0
0.0,0.095934525,0
0.0,0.00015504756,0
1.0,0.99985516,1
0.0,0.005666753,0
0.0,9.019908e-05,0
0.0,0.0007096369,0
0.0,0.3856842,0
0.0,0.0076100924,0
0.0,0.032883056,0
0.0,0.05304277,0
0.0,0.06635458,0
0.0,0.022790886,0
0.0,1.1352008e-05,0
0.0,0.00090471964,0
0.0,0.23367135,0
0.0,0.0005937545,0
0.0,0.28874063,0
1.0,0.59258085,1
1.0,0.9933553,1
0.0,0.00089649204,0
0.0,0.14754455,0
0.0,0.06696532,0
0.0,9.095573e-06,0
0.0,0.00017100332,0
1.0,0.9999298,1
0.0,0.045087446,0
0.0,0.0001604003,0
0.0,0.020421222,0
0.0,7.652544e-05,0
0.0,0.0047522355,0
1.0,0.9999999,1
0.0,0.00052172085,0
0.0,0.0001169276,0
0.0,0.010283491,0
0.0,0.00012101028,0
0.0,0.006267473,0
0.0,0.005401133,0
0.0,0.0072752307,0
1.0,1.0,1
0.0,0.041095655,0
0.0,4.4762022e-05,0
0.0,0.0001072362,0
0.0,0.00022403583,0
0.0,0.08900009,0
0.0,0.4049936,0
0.0,8.056349e-06,0
1.0,0.99373984,1
0.0,0.01108184,0
0.0,0.0018357376,0
0.0,1.5143757e-05,0
0.0,0.13287796,0
0.0,0.016640741,0
0.0,0.3908128,0
1.0,0.9999999,1
0.0,0.010138051,0
0.0,0.014051758,0
0.0,1.5256621e-05,0
0.0,0.00064093026,0
0.0,1.4743246e-06,0
0.0,0.010503627,0
0.0,0.003687886,0
0.0,9.986636e-07,0
0.0,0.016432863,0
1.0,0.071860425,0
0.0,0.001806933,0
0.0,0.2661814,0
0.0,0.05253431,0
0.0,8.439195e-06,0
0.0,0.34647104,0
0.0,0.011887339,0
0.0,0.00066448527,0
0.0,0.0048193117,0
0.0,0.00012683266,0
0.0,0.00037613968,0
0.0,0.19664255,0
0.0,0.0466013,0
0.0,0.066299595,0
0.0,0.004581251,0
0.0,0.0010729005,0
0.0,0.0002811162,0
0.0,0.7105741,1
0.0,0.0053065917,0
0.0,0.00021740093,0
0.0,0.00023913788,0
0.0,0.0029833068,0
0.0,0.43255934,0
0.0,0.09660768,0
0.0,1.2934974e-05,0
1.0,0.9999999,1
0.0,0.019424777,0
0.0,0.00012340081,0
0.0,0.0041948636,0
1.0,0.9430088,1
0.0,0.00590235,0
0.0,0.0004801842,0
0.0,0.124701545,0
0.0,0.11687938,0
1.0,0.3702021,0
1.0,1.0,1
1.0,0.9999999,1
0.0,0.025130853,0
0.0,3.363019e-07,0
1.0,0.9999176,1
0.0,0.0002626622,0
0.0,0.00443006,0
0.0,0.0021137523,0
0.0,0.21768422,0
0.0,0.0011905835,0
0.0,0.045800455,0
0.0,0.0054060873,0
0.0,0.004194355,0
0.0,0.033386506,0
0.0,0.06316803,0
0.0,4.9672406e-05,0
0.0,0.1898365,0
0.0,0.004162155,0
0.0,0.00044597493,0
0.0,9.229202e-05,0
0.0,0.005137719,0
0.0,0.7734514,1
1.0,0.9999999,1
0.0,0.01186348,0
0.0,0.00013560014,0
0.0,0.19980632,0
0.0,3.6941794e-05,0
1.0,0.9582528,1
0.0,0.0030656734,0
0.0,0.0007979551,0
0.0,0.0021463518,0
0.0,0.0055203494,0
0.0,8.673413e-05,0
0.0,0.13355666,0
0.0,0.01778328,0
0.0,0.0003111259,0
0.0,0.00013657859,0
0.0,0.43629986,0
1.0,0.73788816,1
0.0,0.07260413,0
0.0,0.00084910763,0
0.0,0.37240815,0
0.0,0.018611578,0
0.0,0.33057132,0
0.0,0.26920462,0
0.0,0.5056452,1
0.0,0.00011715594,0
0.0,0.0875469,0
0.0,0.0021286549,0
0.0,0.13944247,0
0.0,0.0016383835,0
0.0,0.20369007,0
0.0,0.6122604,1
0.0,0.002098131,0
0.0,0.003923017,0
0.0,0.25182572,0
0.0,0.0029413565,0
0.0,0.00038700286,0
1.0,0.9999999,1
0.0,0.22323593,0
1.0,0.9994777,1
0.0,0.051367115,0
0.0,0.027421199,0
0.0,0.00066221127,0
0.0,0.0030034562,0
0.0,1.7437166e-06,0
0.0,0.1020824,0
0.0,0.00068973575,0
0.0,0.003016875,0
0.0,1.0274442e-05,0
0.0,0.7953383,1
0.0,0.00018654708,0
0.0,1.1309434e-05,0
0.0,0.19790904,0
0.0,0.22579268,0
0.0,0.31350535,0
0.0,0.059566233,0
0.0,0.04196184,0
0.0,0.0010053478,0
0.0,0.49210045,0
0.0,0.77142626,1
0.0,0.23132564,0
1.0,0.9992601,1
0.0,0.00015349285,0
0.0,0.017098559,0
0.0,0.036063466,0
0.0,0.022855295,0
0.0,0.0020326008,0
0.0,0.0016002716,0
0.0,0.014545384,0
0.0,0.00034635398,0
0.0,0.030334039,0
0.0,0.0019871641,0
1.0,0.9999999,1
0.0,0.0031741308,0
0.0,0.030653302,0
0.0,2.9512195e-05,0
0.0,0.001157101,0
0.0,0.09922387,0
1.0,0.045587663,0
0.0,2.2140992e-05,0
0.0,0.0007923077,0
0.0,0.27107954,0
0.0,0.004787486,0
0.0,0.08361898,0
0.0,0.03981217,0
0.0,0.00014948136,0
0.0,0.18262826,0
1.0,0.9310456,1
0.0,0.04145039,0
1.0,0.9999999,1
0.0,5.098285e-05,0
1.0,0.9999999,1
0.0,2.3661625e-05,0
0.0,0.06433571,0
0.0,0.3808978,0
0.0,0.0011150674,0
0.0,0.002566344,0
0.0,0.0034906985,0
0.0,0.18708904,0
0.0,0.0004096106,0
0.0,0.000108392895,0
0.0,0.010145025,0
0.0,0.027762404,0
1.0,0.8846016,1
0.0,0.06515812,0
0.0,0.000696024,0
0.0,0.00041610538,0
0.0,0.025334703,0
1.0,0.9972856,1
0.0,0.0010843292,0
0.0,0.001672165,0
0.0,0.00015056008,0
1.0,1.0,1
0.0,0.0038297393,0
0.0,0.001006102,0
1.0,0.9999999,1
1.0,0.022521023,0
0.0,2.9526564e-06,0
0.0,0.11313459,0
0.0,0.0005543745,0
0.0,0.00743879,0
1.0,6.901369e-05,0
0.0,0.019157352,0
0.0,0.26669684,0
0.0,0.049678013,0
1.0,0.83322746,1
0.0,0.15571672,0
0.0,0.004593857,0
1.0,0.30175158,0
0.0,0.01991232,0
0.0,0.19501297,0
1.0,0.93851703,1
0.0,0.0033340903,0
1.0,0.9999999,1
0.0,0.0007891888,0
0.0,0.13573661,0
0.0,0.00650733,0
0.0,0.012084999,0
0.0,0.045686938,0
0.0,0.0013083415,0
0.0,0.028890587,0
0.0,7.754816e-05,0
0.0,0.72900295,1
0.0,0.3414053,0
0.0,0.00032625592,0
1.0,0.9999999,1
0.0,0.0023216256,0
0.0,0.00033400717,0
0.0,0.0034327637,0
1.0,0.95464045,1
0.0,0.0014353121,0
1.0,0.07673301,0
0.0,0.0007485278,0
0.0,0.5603706,1
0.0,0.0025176543,0
0.0,0.03393042,0
0.0,0.49582773,0
0.0,0.02375716,0
0.0,0.013417986,0
0.0,0.047538165,0
0.0,5.9933745e-06,0
1.0,0.7611737,1
1.0,0.9999999,1
0.0,0.00089392456,0
0.0,0.0065454417,0
0.0,1.0387634e-05,0
0.0,0.0023253008,0
0.0,0.010623327,0
0.0,0.06480842,0
0.0,3.2934126e-06,0
0.0,0.017218247,0
0.0,0.00038341936,0
0.0,0.055508524,0
0.0,0.00065587694,0
0.0,0.033802047,0
0.0,0.00017625758,0
0.0,7.629337e-07,0
1.0,1.0,1
0.0,0.010474423,0
1.0,0.99382436,1
0.0,0.11283177,0
0.0,3.493702e-05,0
0.0,2.6071577e-06,0
0.0,0.41192052,0
0.0,4.285477e-06,0
0.0,0.13267836,0
0.0,0.030717542,0
1.0,0.9999999,1
0.0,0.0010602489,0
1.0,0.98194385,1
0.0,0.004502757,0
0.0,1.1889344e-05,0
0.0,0.004737949,0
0.0,0.010771903,0
0.0,0.16532633,0
0.0,0.37887743,0
0.0,0.16886061,0
0.0,0.061047107,0
0.0,7.2452855e-07,0
0.0,0.58690405,1
0.0,0.044242706,0
0.0,0.043762032,0
0.0,0.15251566,0
0.0,0.63761973,1
1.0,0.5001971,1
0.0,0.37433454,0
0.0,0.12974112,0
0.0,0.0003524813,0
0.0,0.25320366,0
0.0,0.003530601,0
1.0,0.9999999,1
1.0,0.9999999,1
0.0,0.035939366,0
0.0,0.082738295,0
0.0,2.2939691e-06,0
0.0,0.00025481806,0
0.0,0.0029019515,0
0.0,0.14938249,0
0.0,0.00021136596,0
0.0,0.00492477,0
0.0,4.2877382e-05,0
1.0,0.99988616,1
0.0,8.312622e-05,0
0.0,0.31630993,0
0.0,0.0011906119,0
0.0,4.878041e-05,0
0.0,0.27311337,0
0.0,2.90609e-05,0
1.0,0.9999999,1
0.0,0.00884098,0
0.0,0.002185488,0
0.0,0.0024715895,0
0.0,0.00013457866,0
0.0,0.011580631,0
0.0,0.00014681212,0
0.0,0.0077303867,0
1.0,0.9999999,1
1.0,0.9999999,1
0.0,0.0004991498,0
0.0,0.057738826,0
0.0,0.057991374,0
1.0,0.14474107,0
0.0,0.14111209,0
0.0,0.00021669648,0
0.0,0.00017125087,0
1.0,0.99996305,1
0.0,0.017439796,0
0.0,1.2335223e-06,0
0.0,0.0059590377,0
0.0,1.1739249e-05,0
0.0,0.011429303,0
0.0,0.096315786,0
0.0,0.23283468,0
0.0,0.002803752,0
0.0,0.002872774,0
0.0,2.8617242e-05,0
0.0,0.040177777,0
0.0,0.0050613377,0
0.0,0.00521962,0
0.0,0.02527877,0
0.0,0.036638778,0
0.0,0.0006825757,0
0.0,0.0021387597,0
0.0,7.984429e-05,0
0.0,0.004399902,0
0.0,0.00036132522,0
0.0,0.23392765,0
0.0,0.008460819,0
0.0,0.22153601,0
0.0,0.000274344,0
1.0,1.0,1
0.0,0.002447571,0
0.0,0.0019725433,0
0.0,0.12811239,0
0.0,2.2014288e-05,0
0.0,0.31084692,0
0.0,0.0017695322,0
0.0,0.43945172,0
1.0,0.33134705,0
0.0,0.13120224,0
0.0,0.18700956,0
0.0,0.08019508,0
0.0,0.0032099355,0
0.0,0.038350075,0
0.0,0.19341917,0
0.0,0.0057914625,0
0.0,0.0002353065,0
1.0,0.9815461,1
0.0,0.8661546,1
0.0,0.07440335,0
0.0,0.00030641071,0
0.0,0.071841806,0
0.0,0.00024908857,0
1.0,0.37887743,0
0.0,0.0037225538,0
0.0,0.0005512029,0
0.0,0.23876193,0
0.0,0.44704652,0
0.0,0.0012618179,0
0.0,0.013347321,0
0.0,0.0010274803,0
0.0,3.3811348e-06,0
0.0,0.00017029341,0
1.0,1.0,1
0.0,6.501887e-05,0
1.0,0.026207421,0
0.0,6.5362714e-05,0
0.0,0.00028473366,0
0.0,0.0024458822,0
0.0,0.01519607,0
0.0,8.599151e-06,0
0.0,0.27072185,0
0.0,0.010845624,0
0.0,0.005227433,0
0.0,0.00019434374,0
0.0,1.5570007e-05,0
0.0,3.583033e-05,0
0.0,0.001934262,0
0.0,0.03761055,0
0.0,0.043097947,0
0.0,0.0017300079,0
0.0,2.232385e-06,0
0.0,5.6352004e-05,0
1.0,0.09691016,0
0.0,0.028949656,0
0.0,0.003752427,0
0.0,0.0015041945,0
0.0,0.24185714,0
0.0,0.0011755303,0
0.0,0.012910521,0
0.0,0.0013646146,0
0.0,0.0012315776,0
0.0,2.0918083e-05,0
1.0,0.9999999,1
0.0,0.00082180585,0
0.0,0.059624385,0
0.0,0.00014542429,0
0.0,0.026132874,0
0.0,0.03213205,0
1.0,0.9999999,1
0.0,0.011263481,0
0.0,0.81286615,1
0.0,0.0065593007,0
1.0,0.37997115,0
0.0,2.5739735e-07,0
0.0,0.0012482926,0
0.0,0.9085282,1
0.0,6.876779e-05,0
0.0,0.0012755084,0
0.0,0.035276826,0
0.0,0.00456195,0
0.0,0.00090877584,0
0.0,0.00941951,0
0.0,0.00015392096,0
0.0,3.640219e-05,0
0.0,0.05132209,0
1.0,0.9988965,1
0.0,0.34962732,0
0.0,0.044924717,0
1.0,1.0,1
0.0,0.017579649,0
0.0,0.050847236,0
1.0,0.9999999,1
0.0,0.02798978,0
1.0,1.0,1
1.0,0.9999999,1
0.0,0.0017156352,0
0.0,0.005259218,0
0.0,0.102611326,0
1.0,0.12219425,0
0.0,0.009096102,0
0.0,0.00010888984,0
0.0,0.060964786,0
1.0,0.9999999,1
0.0,0.00016767767,0
1.0,0.50694454,1
0.0,0.036425486,0
0.0,0.09911402,0
1.0,0.9999999,1
0.0,0.1543121,0
0.0,0.030881768,0
0.0,0.013329217,0
0.0,0.00061368244,0
0.0,0.03508498,0
0.0,0.11731518,0
0.0,0.0010512598,0
0.0,8.424623e-06,0
0.0,0.00010054953,0
0.0,0.004501274,0
0.0,0.00025443692,0
0.0,0.10034722,0
0.0,0.03698933,0
0.0,0.004547143,0
0.0,0.013381035,0
0.0,0.0012950512,0
0.0,0.00037892588,0
0.0,0.014865129,0
0.0,0.53867406,1
0.0,0.040092632,0
0.0,0.0027305812,0
0.0,0.0781673,0
0.0,0.00014193484,0
0.0,0.0004296127,0
0.0,0.057746038,0
0.0,9.6796255e-05,0
0.0,0.023669073,0
0.0,0.14759615,0
0.0,0.1931099,0
0.0,0.09666796,0
0.0,0.006108038,0
0.0,0.076593265,0
0.0,0.2121063,0
0.0,0.0006964556,0
0.0,0.00049500057,0
0.0,0.008675042,0
0.0,0.02096867,0
0.0,0.2022739,0
0.0,0.34571043,0
0.0,0.0007966172,0
0.0,0.010572075,0
0.0,3.4932957e-05,0
0.0,2.5354677e-06,0
0.0,0.000606299,0
1.0,1.0,1
0.0,0.013268536,0
0.0,0.002655016,0
0.0,0.012034074,0
0.0,0.00012615755,0
0.0,1.3472744e-05,0
0.0,0.0073718107,0
1.0,0.9999999,1
0.0,0.0032262914,0
0.0,0.15106708,0
0.0,0.0003158118,0
0.0,0.007122319,0
0.0,0.0007394552,0
0.0,0.014133698,0
0.0,0.019811578,0
0.0,1.7582995e-05,0
1.0,0.9999999,1
0.0,0.00010810459,0
0.0,0.034916505,0
0.0,0.00019668684,0
0.0,0.009375355,0
0.0,0.0068444456,0
1.0,0.99922025,1
0.0,0.0074308305,0
0.0,0.2739991,0
0.0,0.0001674005,0
0.0,0.062203515,0
0.0,0.0025133432,0
0.0,0.017093135,0
0.0,0.016103161,0
0.0,0.021762887,0
1.0,0.90283436,1
0.0,0.0086620115,0
0.0,0.11946172,0
0.0,4.6397832e-05,0
0.0,0.43157768,0
0.0,0.0009317199,0
0.0,8.661917e-05,0
0.0,0.080676794,0
0.0,0.056491163,0
0.0,0.0034262973,0
1.0,1.0,1
0.0,0.28877187,0
0.0,0.003868213,0
0.0,0.0070130075,0
0.0,0.062280387,0
0.0,0.0002949751,0
0.0,3.5167133e-05,0
0.0,7.893078e-06,0
0.0,8.548945e-05,0
0.0,0.038936432,0
0.0,0.0080349995,0
1.0,0.67458946,1
0.0,0.0001342453,0
0.0,6.4510203e-07,0
0.0,0.00093886536,0
0.0,0.000401062,0
0.0,0.022878457,0
0.0,0.019424777,0
0.0,0.0023441582,0
0.0,0.088776946,0
1.0,1.0,1
0.0,0.019783005,0
0.0,0.0015820086,0
0.0,0.022229424,0
0.0,0.057853103,0
0.0,1.5096618e-05,0
0.0,0.0019389845,0
0.0,0.1660003,0
1.0,0.9999999,1
0.0,0.000502944,0
0.0,0.0029218588,0
0.0,0.00042485705,0
0.0,0.0008945977,0
0.0,0.0025006451,0
1.0,0.9999999,1
0.0,0.033172116,0
1.0,0.9999995,1
0.0,0.0016224402,0
0.0,0.19185275,0
0.0,0.001568138,0
0.0,0.011505084,0
0.0,0.0016177503,0
0.0,7.694025e-05,0
0.0,8.302822e-05,0
0.0,0.013670407,0
1.0,0.9999999,1
0.0,5.8088837e-05,0
0.0,0.044698406,0
0.0,0.43629986,0
0.0,0.016856566,0
0.0,0.0004931443,0
0.0,0.4578007,0
0.0,0.018212112,0
0.0,0.04928355,0
0.0,0.03849485,0
1.0,0.9975006,1
0.0,0.00469348,0
0.0,0.3229557,0
0.0,0.004224288,0
0.0,0.0028802303,0
1.0,0.9999999,1
0.0,0.086472504,0
0.0,3.768317e-05,0
1.0,0.9999999,1
0.0,0.0009908798,0
0.0,0.010165679,0
1.0,0.83225536,1
0.0,0.0005335919,0
0.0,0.126647,0
0.0,2.88301e-06,0
0.0,0.1253777,0
0.0,0.004924819,0
0.0,0.0020716279,0
1.0,0.9999999,1
0.0,0.00032841574,0
0.0,6.8560435e-06,0
1.0,0.9999999,1
1.0,0.9999999,1
0.0,0.002423882,0
0.0,0.018794462,0
1.0,0.9999999,1
0.0,0.6349394,1
0.0,1.537949e-05,0
0.0,0.0027053568,0
0.0,0.0047589727,0
0.0,0.0007711646,0
0.0,0.005508459,0
0.0,0.008499275,0
0.0,0.018269733,0
1.0,0.97299665,1
0.0,0.16878837,0
0.0,0.0005270113,0
0.0,0.00070749706,0
1.0,0.9999999,1
0.0,0.00024476385,0
0.0,2.0379639e-05,0
0.0,0.00784035,0
0.0,0.0090376055,0
0.0,0.009718288,0
0.0,0.00047661763,0
0.0,4.7637157e-05,0
0.0,0.01162371,0
1.0,0.9991679,1
0.0,0.003940126,0
0.0,0.39291757,0
1.0,0.99299,1
0.0,0.007448986,0
0.0,3.5173336e-05,0
0.0,0.04334798,0
0.0,0.10190507,0
0.0,0.00036423656,0
0.0,0.007642055,0
0.0,0.0059552453,0
0.0,0.0053014373,0
0.0,0.0012717291,0
0.0,0.015027058,0
0.0,0.11260336,0
0.0,0.011400756,0
0.0,0.010795566,0
0.0,0.007488441,0
1.0,0.21405557,0
0.0,0.38945127,0
0.0,0.0019505509,0
0.0,0.11752052,0
0.0,0.008061377,0
0.0,0.02827175,0
1.0,0.9999999,1
0.0,0.22553858,0
0.0,0.00017149009,0
0.0,0.019166993,0
0.0,0.0004240421,0
0.0,0.0029074578,0
0.0,0.08204354,0
0.0,3.4451332e-05,0
0.0,0.0066808346,0
0.0,0.00034635398,0
0.0,0.0002688686,0
0.0,0.15378878,0
0.0,0.9148549,1
0.0,0.15325274,0
1.0,0.9964462,1
1.0,0.9999999,1
0.0,0.0017060521,0
0.0,0.015074151,0
0.0,0.00300554,0
1.0,0.9999999,1
0.0,0.0007096369,0
1.0,0.6475865,1
0.0,0.0013793409,0
0.0,0.0004374257,0
0.0,0.06759606,0
0.0,0.53768474,1
1.0,0.99988616,1
0.0,0.00077994337,0
0.0,0.00446532,0
1.0,0.9497771,1
0.0,0.0514338,0
0.0,0.001274208,0
0.0,0.03363309,0
0.0,0.0068780687,0
0.0,9.606935e-05,0
1.0,0.69066125,1
1.0,0.9999999,1
0.0,0.0004206083,0
1.0,0.9999999,1
0.0,0.0013795609,0
0.0,0.20503595,0
0.0,0.037069764,0
0.0,0.0017806379,0
0.0,0.09732829,0
0.0,0.02299715,0
0.0,0.0023794952,0
0.0,0.0056178784,0
1.0,0.66087514,1
0.0,0.017866995,0
0.0,0.0019693063,0
0.0,0.0128643345,0
0.0,0.0007631199,0
1.0,0.9946537,1
0.0,0.0006157412,0
1.0,0.8271036,1
0.0,0.07268863,0
1.0,0.97722834,1
1.0,0.99996793,1
1.0,0.4144732,0
1.0,0.99679285,1
0.0,0.030058734,0
0.0,0.02051494,0
0.0,0.0054595177,0
0.0,0.14608453,0
0.0,0.00078495574,0
0.0,0.3329123,0
0.0,0.0037842568,0
0.0,0.00017339857,0
0.0,7.3734577e-06,0
0.0,0.052051634,0
1.0,0.9999999,1
0.0,6.747002e-05,0
0.0,0.0020104474,0
0.0,0.002715404,0
1.0,0.9999999,1
0.0,0.00011928013,0
0.0,0.015351784,0
0.0,0.011487349,0
0.0,0.011632386,0
0.0,0.0008085669,0
0.0,0.004194355,0
0.0,0.02986643,0
0.0,0.022970006,0
0.0,0.0020582322,0
0.0,0.001851506,0
0.0,2.650803e-05,0
0.0,0.42756194,0
0.0,0.46520168,0
0.0,0.42724,0
0.0,0.0414147,0
0.0,0.11674904,0
0.0,7.6259756e-05,0
0.0,0.008384861,0
0.0,0.008403952,0
1.0,0.9999999,1
0.0,0.008052181,0
0.0,0.009697246,0
0.0,0.015035008,0
1.0,0.83955806,1
0.0,0.0022525801,0
0.0,0.03158128,0
0.0,0.00011584629,0
0.0,0.6846867,1
0.0,0.007452576,0
0.0,0.00015492032,0
0.0,5.61679e-06,0
0.0,0.027725598,0
1.0,0.9999999,1
0.0,0.18036468,0
0.0,0.50422436,1
1.0,0.9999999,1
0.0,0.0059197275,0
0.0,0.05390308,0
0.0,0.2827581,0
0.0,2.4277574e-06,0
0.0,0.030936494,0
0.0,0.0078060143,0
0.0,0.0004874086,0
0.0,0.369526,0
0.0,0.25969353,0
0.0,0.38614607,0
0.0,0.00420853,0
0.0,0.0040870486,0
0.0,0.0005317952,0
1.0,0.9878747,1
0.0,0.10677569,0
1.0,0.9999999,1
0.0,0.002122452,0
0.0,0.549911,1
1.0,0.9299937,1
0.0,0.048284627,0
0.0,0.19341837,0
0.0,2.875221e-05,0
0.0,0.030874826,0
0.0,0.011722785,0
1.0,0.999833,1
0.0,0.00025963606,0
0.0,0.04050221,0
0.0,0.04697889,0
0.0,0.29185662,0
1.0,0.9999999,1
0.0,0.54713637,1
0.0,0.45730764,0
0.0,0.007643964,0
0.0,0.009664455,0
0.0,0.0035156002,0
1.0,0.20031984,0
0.0,0.009047736,0
0.0,0.05596983,0
0.0,5.6101282e-05,0
0.0,0.5253657,1
0.0,0.0008085669,0
0.0,0.01827736,0
0.0,0.04927255,0
0.0,0.37887743,0
0.0,0.0004408325,0
0.0,0.0011250017,0
0.0,0.00039096022,0
1.0,0.48983186,0
0.0,0.059324026,0
0.0,0.00083153974,0
0.0,2.820956e-06,0
0.0,0.19266596,0
0.0,0.012772871,0
0.0,0.00089748687,0
0.0,0.0009788563,0
0.0,0.29062396,0
0.0,7.12177e-05,0
0.0,0.026764922,0
0.0,0.0026682282,0
0.0,0.00059205474,0
1.0,0.4544295,0
0.0,0.0028301964,0
0.0,0.36107498,0
0.0,0.0038482028,0
0.0,0.0013224266,0
1.0,0.46550113,0
0.0,0.00085276325,0
0.0,0.5212281,1
0.0,0.06895268,0
0.0,0.001672684,0
0.0,0.009943795,0
1.0,1.0,1
0.0,0.00399416,0
0.0,0.00047099387,0
0.0,0.0020799767,0
0.0,0.00506789,0
0.0,0.36556008,0
0.0,0.3956545,0
0.0,0.00017998149,0
0.0,0.00033257162,0
0.0,0.10945888,0
0.0,0.0011667118,0
0.0,0.000743474,0
0.0,0.024620678,0
0.0,0.020701926,0
0.0,0.00042651859,0
0.0,0.00034119142,0
0.0,0.0011252981,0
1.0,0.9999999,1
0.0,2.271098e-05,0
0.0,0.126647,0
0.0,0.008127787,0
1.0,0.9999999,1
0.0,0.0011203816,0
0.0,0.1392266,0
0.0,0.0014628363,0
0.0,0.08149075,0
0.0,0.06466822,0
0.0,4.429142e-05,0
0.0,0.00619417,0
0.0,0.14487022,0
0.0,0.0010287523,0
0.0,0.0013423638,0
0.0,0.03291647,0
0.0,0.00053042534,0
0.0,0.046311155,0
0.0,0.0062315576,0
0.0,3.9153624e-06,0
1.0,0.9999999,1
0.0,0.10584214,0
0.0,0.0009800672,0
0.0,0.044325173,0
0.0,0.04683382,0
0.0,1.8386536e-05,0
0.0,0.000101938,0
0.0,0.0011579103,0
0.0,2.1215121e-06,0
0.0,0.007454004,0
0.0,0.029394992,0
0.0,0.0031933284,0
0.0,0.43132353,0
0.0,0.00045223915,0
0.0,0.12722379,0
0.0,0.033363957,0
1.0,0.9999999,1
0.0,0.017456686,0
0.0,0.0053219576,0
0.0,2.4599669e-05,0
0.0,0.04750987,0
0.0,0.0054060873,0
0.0,0.00023221697,0
0.0,5.2636813e-05,0
0.0,0.0018447285,0
0.0,0.00024633217,0
0.0,0.10006071,0
0.0,0.03511896,0
0.0,0.0013876455,0
0.0,2.8466693e-05,0
0.0,0.00027735662,0
0.0,0.0038384045,0
0.0,0.00046994604,0
0.0,0.0026554426,0
0.0,0.0005251119,0
0.0,0.26266897,0
0.0,0.012932799,0
1.0,0.3719836,0
1.0,0.87305677,1
0.0,0.078935005,0
0.0,0.0026829334,0
1.0,0.8810269,1
0.0,0.854296,1
0.0,0.006879987,0
0.0,0.014110807,0
0.0,0.0064443923,0
0.0,0.16783589,0
0.0,0.0041208323,0
0.0,0.0007430405,0
1.0,0.5018208,1
0.0,0.86053914,1
0.0,2.3376301e-06,0
0.0,0.0002869709,0
0.0,0.09380415,0
0.0,0.0008342079,0
0.0,0.013810417,0
0.0,0.0001624623,0
1.0,0.9980484,1
0.0,0.09126148,0
0.0,3.6439495e-05,0
0.0,0.07228121,0
0.0,0.0047370004,0
0.0,0.0005779216,0
0.0,0.0108188465,0
0.0,0.001037601,0
1.0,0.94280916,1
0.0,5.7309257e-06,0
1.0,0.9999999,1
0.0,0.00018170236,0
0.0,0.008728675,0
0.0,0.006712257,0
0.0,0.023210326,0
0.0,0.004852782,0
0.0,2.4085653e-05,0
0.0,0.00019351147,0
0.0,0.016173285,0
1.0,0.9999999,1
0.0,0.0004112086,0
0.0,0.020421222,0
0.0,0.017905619,0
1.0,0.9386448,1
0.0,0.0001493614,0
1.0,0.9999999,1
0.0,0.24834825,0
0.0,0.000568741,0
0.0,0.0005752312,0
0.0,0.2715815,0
0.0,0.0129095195,0
0.0,0.0012440308,0
0.0,0.0020982916,0
0.0,0.020428607,0
0.0,0.09423882,0
1.0,0.83751816,1
0.0,0.0012682405,0
0.0,0.0026885988,0
0.0,0.007327993,0
1.0,0.9999999,1
0.0,0.0036202401,0
0.0,0.023138091,0
0.0,0.0033224672,0
0.0,0.0023661319,0
0.0,0.76677436,1
0.0,0.02169715,0
0.0,0.0048902016,0
0.0,0.025084877,0
0.0,0.0061442796,0
0.0,0.19369294,0
0.0,0.0012788214,0
0.0,0.00063146703,0
0.0,0.050659746,0
0.0,0.013601002,0
0.0,3.7994557e-06,0
0.0,0.02163756,0
0.0,0.00018264016,0
0.0,0.57520527,1
1.0,0.9999999,1
1.0,0.9999999,1
0.0,0.045423858,0
0.0,0.0013529699,0
1.0,0.9999999,1
0.0,5.9595095e-05,0
0.0,0.0007423419,0
1.0,0.95836073,1
1.0,1.0,1
0.0,4.1354974e-06,0
1.0,0.9988096,1
0.0,0.015445566,0
0.0,0.0024983233,0
0.0,0.0037845583,0
0.0,1.3030035e-05,0
1.0,0.9999999,1
0.0,0.0018072943,0
0.0,0.009982058,0
1.0,0.4493916,0
0.0,0.02019361,0
1.0,0.9977792,1
0.0,0.10412355,0
0.0,0.0002617839,0
0.0,0.0039056414,0
0.0,0.7473207,1
0.0,0.13008551,0
0.0,0.102936335,0
0.0,0.00014263205,0
0.0,0.15215243,0
0.0,0.002151597,0
0.0,0.011247626,0
1.0,0.999295,1
0.0,0.0066756597,0
0.0,0.9154279,1
0.0,0.0005595872,0
1.0,1.0,1
0.0,0.0032208674,0
0.0,0.14243352,0
1.0,0.95375335,1
0.0,0.012370454,0
0.0,0.023303501,0
0.0,0.031388965,0
1.0,0.98019606,1
1.0,0.9999999,1
0.0,0.0003293972,0
0.0,0.0015886818,0
0.0,0.011849028,0
0.0,2.2005788e-05,0
1.0,0.9999999,1
0.0,0.10196442,0
1.0,0.9999999,1
0.0,0.010075308,0
0.0,0.0371816,0
0.0,2.763247e-05,0
0.0,1.314827e-05,0
0.0,0.36508262,0
0.0,0.021592112,0
0.0,0.0049986783,0
0.0,0.0007407855,0
0.0,0.00061234186,0
0.0,0.042268835,0
0.0,0.47407708,0
0.0,0.0037507603,0
0.0,0.00020954396,0
0.0,0.028175237,0
0.0,0.0016077467,0
0.0,0.06205899,0
0.0,6.777894e-06,0
0.0,9.879475e-05,0
0.0,0.018977575,0
0.0,0.00402649,0
0.0,0.03580893,0
0.0,3.9129834e-05,0
0.0,0.08468464,0
0.0,0.00027308668,0
0.0,0.0013490596,0
0.0,0.0050250967,0
0.0,0.0020200422,0
0.0,0.0021611287,0
0.0,0.24282302,0
0.0,0.00010274438,0
0.0,0.0019702495,0
0.0,0.98017955,1
0.0,1.552677e-05,0
1.0,0.10738942,0
0.0,0.26711774,0
1.0,0.9999999,1
0.0,0.17733389,0
0.0,0.0028167495,0
0.0,6.31767e-05,0
0.0,0.0001947392,0
0.0,0.19422317,0
0.0,0.000119710625,0
0.0,0.104127735,0
0.0,0.0002561798,0
0.0,0.00018355604,0
0.0,0.0144477375,0
0.0,6.891944e-05,0
0.0,3.6020712e-05,0
0.0,9.9774734e-05,0
0.0,0.009578805,0
0.0,0.3539912,0
0.0,0.006970321,0
0.0,0.47437638,0
0.0,0.006354492,0
0.0,0.26678437,0
0.0,2.0545998e-05,0
1.0,0.99792033,1
0.0,2.760101e-07,0
0.0,0.00021627788,0
0.0,0.0022261473,0
0.0,0.0051523857,0
0.0,1.0314714e-05,0
0.0,0.0028964777,0
0.0,9.095573e-06,0
0.0,0.05046261,0
0.0,0.0011320211,0
0.0,0.050672784,0
0.0,0.69066423,1
0.0,0.19517343,0
0.0,0.0065724202,0
0.0,0.040685873,0
0.0,0.0047588777,0
0.0,0.006419231,0
0.0,0.022722602,0
0.0,0.007299198,0
0.0,0.45269096,0
0.0,0.008061377,0
0.0,0.07285156,0
0.0,0.0002131465,0
1.0,0.9645259,1
0.0,0.0002625493,0
0.0,0.009079617,0
0.0,0.1373425,0
0.0,0.0050735627,0
0.0,0.0054138326,0
0.0,0.03102102,0
0.0,0.036494546,0
1.0,0.9979546,1
0.0,0.442295,0
0.0,7.440385e-06,0
0.0,0.00050548546,0
0.0,0.00075653306,0
0.0,3.8065915e-05,0
0.0,0.0011386322,0
0.0,4.929062e-06,0
0.0,7.207013e-05,0
0.0,0.01996993,0
0.0,0.021950394,0
0.0,0.00059006526,0
0.0,0.0073781745,0
0.0,0.27573675,0
0.0,0.024001228,0
0.0,0.1446267,0
0.0,0.22700617,0
0.0,0.0009402995,0
0.0,0.055090208,0
1.0,1.0,1
0.0,0.22824661,0
0.0,0.25962248,0
0.0,0.0058982973,0
0.0,0.15938759,0
0.0,0.21109535,0
1.0,0.998317,1
1.0,0.9999999,1
0.0,0.007454195,0
0.0,0.051693212,0
0.0,0.08578196,0
0.0,0.007949214,0
1.0,0.9999999,1
0.0,1.6058073e-05,0
0.0,0.00641458,0
0.0,2.5192028e-05,0
0.0,0.20888036,0
0.0,0.05360494,0
0.0,0.085437976,0
1.0,0.9999999,1
0.0,0.00015556572,0
0.0,0.010575367,0
1.0,0.9999999,1
0.0,0.00042718832,0
0.0,0.0050594336,0
0.0,0.007826923,0
0.0,0.0004723949,0
0.0,0.52855444,1
0.0,0.44704652,0
0.0,0.00014366327,0
0.0,0.0018244784,0
0.0,0.2415535,0
0.0,0.031346604,0
0.0,0.0007262311,0
0.0,0.0038904278,0
0.0,0.026534531,0
0.0,0.006571324,0
0.0,0.0001466192,0
0.0,0.007939297,0
1.0,0.9999999,1
0.0,0.00090332545,0
0.0,0.0007667051,0
0.0,0.0204511,0
0.0,0.0031999806,0
1.0,0.9999999,1
0.0,0.0007511689,0
1.0,0.99221826,1
0.0,0.0112252105,0
0.0,0.058759734,0
1.0,0.7812025,1
0.0,0.002469015,0
0.0,0.0014271777,0
0.0,0.025897197,0
0.0,0.0011842652,0
0.0,0.03961259,0
0.0,0.019156318,0
0.0,4.0138035e-05,0
1.0,0.9999999,1
0.0,0.00022973176,0
0.0,0.024087805,0
0.0,0.001979943,0
1.0,0.9999999,1
0.0,0.009838186,0
0.0,0.014853004,0
0.0,0.07832283,0
1.0,0.99613744,1
0.0,0.004810985,0
0.0,6.370306e-06,0
0.0,0.05361434,0
0.0,7.057901e-06,0
0.0,0.002518144,0
0.0,0.0011108287,0
0.0,0.00041057603,0
0.0,0.018417338,0
1.0,0.9907601,1
0.0,0.0053553353,0
0.0,0.0043111923,0
0.0,0.12753125,0
0.0,1.8123526e-05,0
0.0,0.099957526,0
0.0,0.15860829,0
0.0,0.0008449434,0
0.0,0.0030020857,0
0.0,0.08755584,0
0.0,0.00031600942,0
0.0,0.07222358,0
0.0,7.7189965e-05,0
0.0,0.00023053221,0
0.0,0.36207,0
0.0,0.047118388,0
0.0,0.8439587,1
0.0,0.0003821724,0
0.0,1.46724e-06,0
1.0,0.9999999,1
0.0,0.0003828191,0
0.0,0.0012152994,0
0.0,0.3667878,0
0.0,0.0010344863,0
0.0,0.0013291378,0
0.0,0.0033319676,0
0.0,0.4143159,0
0.0,0.000106106425,0
0.0,0.0006253822,0
0.0,0.27954793,0
0.0,4.9808354e-05,0
0.0,0.043659225,0
0.0,1.8824365e-05,0
0.0,0.002336125,0
0.0,0.0085510835,0
0.0,0.00890967,0
1.0,0.45938677,0
1.0,0.39222962,0
0.0,0.062148392,0
1.0,0.9999999,1
0.0,0.116731144,0
0.0,0.36303526,0
1.0,0.99969137,1
1.0,1.0,1
1.0,0.3325645,0
0.0,0.060260523,0
0.0,1.5906276e-06,0
0.0,0.0028084978,0
0.0,0.21342082,0
0.0,0.00041521445,0
1.0,1.0,1
1.0,0.9528382,1
1.0,0.99981314,1
0.0,5.8235593e-05,0
1.0,0.9999999,1
0.0,0.0077512707,0
0.0,0.004398941,0
0.0,0.00013976995,0
0.0,0.61577904,1
0.0,0.37533706,0
0.0,0.0058120987,0
0.0,0.00049499684,0
0.0,0.001916731,0
0.0,0.046673935,0
0.0,4.6897017e-06,0
0.0,0.01339113,0
0.0,0.58960587,1
0.0,0.004496808,0
0.0,0.0675454,0
0.0,2.0646643e-05,0
0.0,0.001142368,0
0.0,0.03689521,0
1.0,0.86436045,1
0.0,0.2513904,0
1.0,0.8343699,1
0.0,6.50356e-06,0
0.0,0.1304872,0
0.0,0.13181734,0
0.0,0.09673096,0
0.0,0.0003374966,0
0.0,0.007440572,0
0.0,0.0005254263,0
0.0,9.8414595e-05,0
0.0,0.0005464603,0
0.0,0.0014896145,0
0.0,0.13940093,0
0.0,0.051186234,0
0.0,1.5170165e-05,0
0.0,0.31446487,0
0.0,0.5092612,1
0.0,0.37887743,0
0.0,0.17700261,0
0.0,0.27989918,0
0.0,0.6528362,1
0.0,0.00030005854,0
0.0,5.2391675e-05,0
0.0,0.032990657,0
0.0,0.4143159,0
0.0,0.027188383,0
1.0,0.45729542,0
0.0,0.1970528,0
0.0,0.00047279178,0
0.0,0.01551722,0
0.0,0.0013883865,0
0.0,0.041215893,0
1.0,0.9999999,1
0.0,0.016846793,0
0.0,0.07237168,0
0.0,0.0004712683,0
0.0,8.401973e-06,0
1.0,0.9257028,1
0.0,3.1760887e-06,0
0.0,1.4966516e-05,0
0.0,0.0015770302,0
1.0,0.46685368,0
0.0,0.002641139,0
0.0,0.00094491476,0
0.0,0.00078771246,0
0.0,7.35787e-05,0
0.0,9.208089e-06,0
0.0,0.00027977582,0
1.0,0.9999999,1
0.0,0.00013456198,0
0.0,0.00034563884,0
0.0,0.12693962,0
1.0,0.9999999,1
0.0,0.004351105,0
0.0,0.0016836589,0
0.0,3.4432446e-06,0
0.0,0.0147977015,0
0.0,0.000117441836,0
0.0,0.23324671,0
1.0,0.30956712,0
0.0,0.12363761,0
0.0,0.13868052,0
1.0,1.0,1
1.0,0.9602074,1
0.0,0.00041901108,0
0.0,0.28208396,0
0.0,3.617062e-05,0
0.0,0.39128664,0
0.0,0.0022747817,0
0.0,0.26442966,0
0.0,0.031547487,0
0.0,0.012172389,0
0.0,0.0016627414,0
0.0,0.0010779538,0
1.0,0.9999999,1
0.0,0.020027984,0
0.0,0.004449577,0
0.0,0.1811137,0
1.0,0.9999999,1
0.0,0.012609997,0
0.0,0.00059443916,0
0.0,0.05129057,0
0.0,0.0041544777,0
0.0,0.0056412104,0
1.0,0.9999999,1
0.0,0.015764365,0
0.0,0.059257813,0
0.0,0.011484852,0
0.0,0.0020396777,0
0.0,1.8800683e-05,0
1.0,0.99977046,1
0.0,0.005311069,0
0.0,0.0001609,0
0.0,0.004881684,0
0.0,0.11209395,0
0.0,0.00014470611,0
0.0,0.006289485,0
1.0,0.9999999,1
0.0,0.03189452,0
0.0,0.0008487323,0
0.0,0.0066066966,0
0.0,0.0010273791,0
1.0,0.99994755,1
0.0,0.44225216,0
0.0,0.023120647,0
0.0,0.3200588,0
0.0,0.0021332814,0
0.0,0.18660048,0
0.0,0.0073781745,0
1.0,0.8074833,1
0.0,0.102097586,0
0.0,7.5732314e-06,0
0.0,0.024168124,0
0.0,3.1218013e-05,0
0.0,9.8157525e-06,0
0.0,0.34872615,0
0.0,0.00039486427,0
0.0,0.02142635,0
0.0,0.022319404,0
0.0,0.10072943,0
0.0,0.0016471274,0
0.0,7.602647e-05,0
0.0,0.0009040087,0
0.0,0.0009963486,0
0.0,1.600435e-05,0
0.0,0.017398052,0
0.0,0.27852052,0
0.0,0.10105312,0
0.0,7.0256814e-05,0
0.0,0.009083921,0
0.0,0.43402824,0
0.0,0.50779223,1
1.0,0.991034,1
0.0,2.8537339e-05,0
1.0,0.9999999,1
0.0,0.00044975104,0
1.0,0.21939908,0
0.0,0.00010260495,0
0.0,0.041924365,0
0.0,0.000607029,0
0.0,0.008073607,0
1.0,0.9999999,1
1.0,0.9999999,1
0.0,0.0030463617,0
0.0,0.009845054,0
0.0,0.003522036,0
1.0,0.6999289,1
0.0,0.007859026,0
0.0,0.212157,0
0.0,0.00087613775,0
1.0,0.9999999,1
1.0,0.9999999,1
0.0,9.4422714e-05,0
1.0,0.9999999,1
0.0,0.0043597915,0
0.0,0.0004440801,0
0.0,0.013601989,0
1.0,0.9999999,1
0.0,0.051986158,0
0.0,0.00034110373,0
0.0,0.0012310875,0
0.0,0.92466295,1
0.0,0.37533063,0
0.0,0.48463055,0
0.0,0.051493205,0
0.0,2.5430752e-05,0
0.0,0.013608874,0
1.0,0.98502445,1
1.0,0.9999999,1
0.0,0.27502704,0
0.0,0.00014540624,0
0.0,0.0062773107,0
0.0,0.26628518,0
1.0,0.80785525,1
0.0,0.5112605,1
0.0,0.008374202,0
0.0,0.0035438722,0
1.0,0.9979152,1
0.0,0.7576051,1
1.0,0.9999999,1
0.0,0.39222962,0
1.0,0.9999999,1
0.0,0.025178846,0
0.0,0.0030796211,0
0.0,0.24709907,0
0.0,0.19449927,0
0.0,0.00013661115,0
0.0,0.06287285,0
0.0,0.00069897005,0
0.0,0.004553366,0
0.0,3.1249256e-06,0
1.0,0.99999917,1
0.0,0.005076411,0
0.0,0.042160824,0
0.0,0.040389445,0
0.0,0.05207259,0
0.0,0.13084078,0
0.0,4.3743217e-05,0
0.0,0.034068353,0
0.0,0.00020434709,0
1.0,0.9999999,1
0.0,0.091010876,0
0.0,0.0020798568,0
0.0,0.0016412875,0
1.0,0.9988096,1
0.0,0.049176686,0
0.0,0.010643349,0
0.0,0.9711693,1
0.0,0.0013191534,0
0.0,0.007901032,0
0.0,0.039375782,0
0.0,0.07026306,0
0.0,1.8900637e-05,0
0.0,0.06924616,0
0.0,0.0005871472,0
0.0,0.006764527,0
0.0,0.012064419,0
0.0,0.00014807477,0
0.0,0.007829434,0
0.0,0.0028923438,0
0.0,0.0005872309,0
0.0,0.01698788,0
1.0,0.49420023,0
0.0,0.00017842418,0
0.0,0.020399572,0
0.0,0.00060637353,0
0.0,0.0014029566,0
0.0,1.6783958e-06,0
0.0,0.5953854,1
0.0,0.21756545,0
0.0,0.61420834,1
1.0,0.9953158,1
0.0,0.0061715217,0
0.0,0.00013651584,0
0.0,0.42856553,0
0.0,0.3423653,0
1.0,0.94607365,1
0.0,0.00091337966,0
0.0,0.0005872309,0
0.0,1.0379178e-05,0
0.0,0.028609283,0
0.0,0.32741037,0
1.0,0.43630147,0
0.0,0.0013989087,0
0.0,0.0015354187,0
0.0,0.0067825653,0
0.0,0.0038370248,0
0.0,0.003910774,0
0.0,0.25245753,0
0.0,0.02120836,0
1.0,0.9999999,1
0.0,0.0003117854,0
0.0,0.28041062,0
0.0,0.02607548,0
0.0,2.2130987e-05,0
0.0,6.9844056e-05,0
0.0,0.047837526,0
0.0,0.0022720126,0
0.0,0.23192792,0
0.0,4.6115474e-06,0
0.0,1.2895322e-06,0
1.0,0.47042537,0
0.0,0.0022791405,0
0.0,0.018755024,0
0.0,0.2797557,0
0.0,0.028381202,0
0.0,4.236126e-05,0
0.0,0.11184385,0
0.0,0.10531041,0
0.0,0.00011423682,0
0.0,1.8904619e-05,0
0.0,0.019951679,0
1.0,0.5834328,1
0.0,0.31480336,0
0.0,0.030394403,0
0.0,0.05997386,0
0.0,0.00028346578,0
0.0,0.056477383,0
0.0,0.049026392,0
0.0,5.9520182e-05,0
0.0,0.0013705845,0
0.0,0.030827595,0
0.0,0.0045308853,0
0.0,0.45921102,0
0.0,0.00088703673,0
0.0,0.0074953306,0
0.0,0.16418472,0
0.0,2.510334e-05,0
0.0,0.0001951396,0
1.0,0.9999999,1
0.0,0.016691025,0
0.0,0.002348557,0
0.0,0.007779631,0
0.0,0.00020207628,0
0.0,7.3208366e-06,0
0.0,0.29691938,0
0.0,0.0018116643,0
0.0,1.2959743e-05,0
0.0,2.6794414e-05,0
0.0,8.177225e-06,0
0.0,0.04011983,0
0.0,0.00055554585,0
0.0,0.0027037053,0
0.0,0.00020289545,0
0.0,0.1020824,0
0.0,0.00048376352,0
0.0,0.062272042,0
0.0,9.4674804e-05,0
0.0,0.44707453,0
0.0,0.033104975,0
1.0,1.0,1
1.0,0.16261247,0
0.0,0.00054123235,0
0.0,0.00023111477,0
0.0,0.04754131,0
0.0,0.00031969207,0
0.0,0.00047539096,0
0.0,7.5011565e-05,0
0.0,0.0027044383,0
1.0,0.48942104,0
0.0,4.5642896e-06,0
0.0,0.024301173,0
0.0,0.1931099,0
0.0,0.0087777935,0
0.0,0.0006699437,0
1.0,1.0,1
0.0,0.4395218,0
0.0,0.010137151,0
0.0,0.00029190554,0
1.0,0.9999999,1
0.0,9.211468e-05,0
0.0,0.032548223,0
0.0,0.002781421,0
0.0,0.0004157684,0
0.0,0.08147737,0
0.0,0.002107937,0
0.0,0.016111339,0
0.0,0.011390921,0
1.0,0.9856542,1
0.0,0.00074861135,0
0.0,0.0008497923,0
1.0,0.9999999,1
0.0,7.3005394e-05,0
0.0,0.0022191668,0
0.0,0.00040084717,0
0.0,0.016132304,0
1.0,0.99517834,1
0.0,0.0024866385,0
0.0,0.00043825922,0
0.0,0.29657018,0
0.0,0.10965596,0
0.0,0.08298393,0
0.0,0.017046962,0
0.0,0.00021152322,0
0.0,0.29420778,0
0.0,0.37213954,0
0.0,0.0008913033,0
0.0,8.477295e-05,0
0.0,0.0051662456,0
0.0,0.004873255,0
0.0,0.00041031663,0
0.0,5.934987e-05,0
0.0,0.14508836,0
0.0,0.00065287657,0
0.0,0.00038992698,0
0.0,0.00018744357,0
0.0,0.0128643345,0
0.0,1.2361954e-06,0
0.0,0.51476085,1
0.0,0.036538627,0
0.0,0.112004615,0
0.0,0.057414144,0
0.0,0.29554415,0
1.0,0.50276494,1
1.0,0.9999999,1
0.0,0.024289249,0
0.0,0.0029006964,0
0.0,0.36325887,0
0.0,0.042024758,0
1.0,0.9999999,1
1.0,0.97874737,1
0.0,9.00512e-06,0
1.0,0.9987601,1
0.0,0.41337484,0
0.0,0.016135506,0
0.0,0.015702242,0
0.0,3.512778e-05,0
0.0,0.00043694396,0
0.0,0.005483715,0
0.0,0.009846183,0
0.0,0.0044981595,0
0.0,0.09531823,0
0.0,0.00017793913,0
0.0,0.15411843,0
0.0,0.00030868867,0
0.0,0.042940322,0
0.0,0.012550274,0
0.0,0.004501274,0
0.0,0.01562625,0
0.0,0.07111943,0
1.0,0.39746702,0
0.0,0.002792869,0
0.0,0.0004150073,0
0.0,1.7691196e-05,0
0.0,0.11879175,0
0.0,0.0031178067,0
0.0,0.022390384,0
0.0,0.081523985,0
1.0,0.9964748,1
0.0,3.7786773e-05,0
0.0,0.008903284,0
0.0,0.015922807,0
0.0,0.0005183976,0
0.0,7.2764497e-06,0
0.0,0.12928645,0
0.0,0.092330985,0
0.0,0.017402772,0
0.0,0.12018256,0
1.0,1.0,1
0.0,0.099158674,0
0.0,0.02019403,0
0.0,0.016308557,0
0.0,0.0011267291,0
0.0,0.00074673735,0
0.0,0.028523162,0
1.0,0.10323785,0
1.0,0.9999999,1
0.0,0.000595864,0
1.0,1.0,1
0.0,1.1756704e-05,0
0.0,0.0009834878,0
0.0,0.0045308853,0
0.0,0.0007594549,0
1.0,0.9999999,1
0.0,0.0009458551,0
1.0,0.9999999,1
0.0,0.008577713,0
0.0,0.3808978,0
1.0,0.49533936,0
1.0,0.99182135,1
0.0,0.387023,0
0.0,0.4688072,0
0.0,0.73466545,1
0.0,0.0010769664,0
0.0,0.29674846,0
0.0,9.475265e-06,0
0.0,0.62093455,1
0.0,0.14123785,0
0.0,0.023836592,0
0.0,2.4853203e-05,0
0.0,0.0008041449,0
0.0,0.0021205796,0
0.0,0.0075409613,0
0.0,0.0059423987,0
0.0,0.0016615418,0
0.0,0.004898888,0
0.0,0.0015332039,0
0.0,2.5253534e-05,0
0.0,0.046640754,0
0.0,0.3311247,0
0.0,0.01590204,0
0.0,0.00010787157,0
0.0,0.014278397,0
0.0,0.00076288177,0
0.0,0.003431412,0
0.0,0.0030458912,0
0.0,0.00046815287,0
1.0,0.9999999,1
0.0,0.0006461996,0
0.0,0.3683845,0
0.0,0.04338772,0
0.0,0.08939881,0
1.0,0.47558162,0
1.0,0.9999999,1
1.0,0.9999981,1
0.0,0.094856404,0
0.0,0.00071132893,0
0.0,0.0006877699,0
0.0,0.052745674,0
0.0,0.0005896276,0
1.0,0.9999999,1
0.0,0.408234,0
0.0,0.0005607439,0
0.0,0.0016141705,0
1.0,0.64379656,1
0.0,0.0008099424,0
1.0,0.16412967,0
0.0,0.00016669618,0
0.0,0.5693136,1
0.0,0.015247863,0
0.0,0.24610324,0
0.0,0.004176213,0
0.0,0.003726967,0
0.0,0.028485516,0
0.0,0.09526006,0
0.0,0.13883615,0
0.0,0.036576204,0
1.0,0.07745834,0
0.0,0.2908372,0
0.0,4.6908706e-05,0
1.0,0.42756194,0
0.0,0.06464926,0
1.0,0.9999999,1
0.0,0.0646824,0
0.0,0.14017446,0
0.0,0.19643685,0
0.0,0.001447472,0
0.0,0.1978967,0
0.0,0.04631063,0
0.0,1.7720442e-05,0
0.0,9.503794e-07,0
0.0,0.0051488033,0
0.0,0.0042164447,0
0.0,0.094066404,0
1.0,0.9999999,1
0.0,0.12124618,0
0.0,0.006501808,0
0.0,0.002909831,0
0.0,0.0011596339,0
0.0,0.0035154766,0
1.0,0.9999999,1
0.0,0.0058731535,0
0.0,0.0065412284,0
0.0,0.09709518,0
1.0,0.002287281,0
0.0,0.011269336,0
0.0,3.4532673e-05,0
1.0,0.27076274,0
0.0,0.7217634,1
0.0,0.2951759,0
0.0,0.053890716,0
1.0,0.95987844,1
0.0,5.2928703e-05,0
0.0,0.009651966,0
1.0,0.9999999,1
0.0,0.15577687,0
0.0,0.20411533,0
0.0,0.0013299272,0
1.0,1.0,1
0.0,0.005763445,0
0.0,0.673644,1
0.0,0.0034955982,0
0.0,0.020659363,0
1.0,0.8470322,1
0.0,0.6161242,1
0.0,0.002369751,0
0.0,0.0004249632,0
0.0,8.019913e-05,0
0.0,0.009892286,0
1.0,0.4312526,0
1.0,0.9999999,1
0.0,0.049630303,0
1.0,0.9999999,1
0.0,0.0076939394,0
1.0,0.45566577,0
0.0,0.00015083166,0
0.0,1.510892e-05,0
0.0,0.00013303914,0
0.0,0.044305578,0
0.0,0.044510607,0
0.0,0.15450467,0
0.0,0.05512597,0
0.0,0.21337798,0
0.0,0.00890967,0
1.0,0.3672934,0
1.0,0.94712657,1
1.0,0.9999999,1
0.0,0.00029213025,0
0.0,0.010900302,0
0.0,6.069594e-06,0
0.0,0.0061560455,0
1.0,0.9999999,1
0.0,0.0001531658,0
0.0,0.005143645,0
0.0,0.041095655,0
0.0,0.00050307973,0
0.0,0.00028095732,0
0.0,0.18250239,0
1.0,0.7812025,1
0.0,0.0010076463,0
0.0,0.3721211,0
0.0,0.0030250999,0
0.0,0.009327894,0
0.0,0.00765516,0
0.0,0.00017622868,0
0.0,0.00052528735,0
0.0,0.00017150873,0
0.0,0.0014818572,0
0.0,0.060455557,0
1.0,1.0,1
0.0,0.09266154,0
1.0,0.9999999,1
0.0,0.007321922,0
0.0,0.06603916,0
1.0,0.9999999,1
1.0,0.42106813,0
0.0,0.103401065,0
0.0,0.24958299,0
1.0,0.9999999,1
0.0,0.17439032,0
0.0,0.1061978,0
0.0,0.6725821,1
0.0,0.28765932,0
1.0,0.85733044,1
0.0,0.13963377,0
0.0,0.00012238798,0
0.0,0.017298458,0
0.0,0.00032641273,0
0.0,8.8192595e-05,0
0.0,0.049688067,0
0.0,0.03554734,0
1.0,0.23483367,0
0.0,0.0020584264,0
0.0,0.004227356,0
0.0,0.11369446,0
0.0,0.017916624,0
1.0,0.45938677,0
0.0,0.01778204,0
0.0,0.0045603737,0
0.0,0.0101923235,0
0.0,0.042151082,0
0.0,0.01817084,0
0.0,0.024600236,0
0.0,0.007224599,0
0.0,0.0116076255,0
0.0,0.05225938,0
0.0,0.00020208706,0
0.0,0.100766316,0
0.0,0.43276188,0
0.0,0.00454472,0
0.0,0.036932327,0
0.0,0.12818931,0
0.0,0.007031947,0
0.0,0.01438024,0
0.0,5.253807e-05,0
0.0,0.0050422843,0
0.0,0.00060923037,0
0.0,0.3878483,0
0.0,0.0011815734,0
0.0,0.0014399922,0
0.0,4.659826e-05,0
0.0,0.030141989,0
0.0,0.00077654043,0
0.0,0.005854011,0
0.0,0.00221966,0
0.0,0.0070741773,0
0.0,0.022896426,0
0.0,0.01972878,0
0.0,0.009173223,0
0.0,0.106725,0
0.0,0.016829545,0
0.0,8.349604e-05,0
1.0,0.9999999,1
0.0,0.11542872,0
0.0,0.007374763,0
0.0,0.1595477,0
1.0,0.9979164,1
0.0,0.06866541,0
0.0,0.431534,0
0.0,0.04308271,0
0.0,0.33134705,0
0.0,0.007146973,0
0.0,0.00020772082,0
1.0,0.99870086,1
0.0,0.2662375,0
0.0,0.17309818,0
1.0,0.9999999,1
0.0,0.61281943,1
0.0,0.026518425,0
0.0,3.4348417e-05,0
0.0,0.16815032,0
0.0,0.07620519,0
1.0,0.9999999,1
0.0,0.0042295526,0
0.0,0.0001309897,0
0.0,0.00063823024,0
0.0,0.0013769587,0
0.0,0.0025412487,0
0.0,0.3553412,0
0.0,0.1908472,0
0.0,0.003774393,0
0.0,0.0010501697,0
0.0,0.26588523,0
0.0,0.00021740093,0
0.0,0.061856963,0
0.0,0.005754637,0
0.0,0.00031563907,0
0.0,0.33898544,0
0.0,7.260265e-06,0
0.0,4.237637e-05,0
0.0,0.41930872,0
0.0,0.21357545,0
1.0,0.9999999,1
0.0,0.03479063,0
0.0,0.00076277996,0
0.0,0.0125249885,0
0.0,0.30173564,0
0.0,0.047681257,0
0.0,0.0003538919,0
0.0,0.0061718817,0
0.0,0.15184176,0
0.0,5.5103457e-05,0
0.0,0.1601528,0
0.0,0.0021931743,0
0.0,0.004757385,0
0.0,3.556544e-05,0
0.0,0.0006129839,0
0.0,1.35848595e-05,0
0.0,0.0058996505,0
1.0,0.9999999,1
1.0,0.96769476,1
0.0,0.37189823,0
1.0,0.9999999,1
0.0,0.018286286,0
0.0,0.49062207,0
0.0,0.08073179,0
0.0,0.30383834,0
0.0,0.45027283,0
0.0,0.21454073,0
0.0,0.00765516,0
1.0,0.9999999,1
0.0,0.0069154575,0
0.0,0.07971653,0
0.0,0.5223551,1
0.0,0.0054731276,0
1.0,0.085744284,0
0.0,0.07932778,0
0.0,0.0023796922,0
0.0,0.00046861745,0
0.0,4.3165483e-06,0
0.0,5.5924265e-05,0
0.0,0.00067966274,0
0.0,0.0006038636,0
0.0,0.0006835245,0
0.0,0.044653166,0
0.0,0.0035102088,0
0.0,0.0018395905,0
1.0,0.9969405,1
0.0,0.0009831248,0
0.0,0.00025103334,0
0.0,0.0013256681,0
1.0,0.998317,1
0.0,0.0028181039,0
0.0,0.00022593791,0
0.0,0.19097634,0
0.0,0.03927694,0
0.0,0.6210463,1
0.0,0.13902757,0
0.0,0.0035548783,0
0.0,0.025743881,0
0.0,0.00593139,0
0.0,0.0001485127,0
0.0,0.001490431,0
0.0,0.48816392,0
0.0,0.30311662,0
0.0,0.0030547031,0
0.0,0.008242371,0
1.0,0.9999312,1
0.0,0.0013076183,0
0.0,0.015913708,0
0.0,0.011576156,0
0.0,0.008794599,0
0.0,5.3027343e-06,0
0.0,0.0011158994,0
0.0,1.8386536e-05,0
0.0,0.0010086102,0
0.0,0.030802174,0
0.0,0.5240873,1
0.0,0.014228236,0
1.0,0.9999999,1
0.0,0.005809474,0
0.0,0.45550415,0
1.0,0.94047856,1
0.0,0.02547471,0
0.0,5.5624718e-05,0
0.0,0.045299966,0
0.0,0.0408086,0
0.0,5.324897e-05,0
0.0,0.08614423,0
0.0,0.00011689236,0
1.0,0.99866664,1
0.0,0.88193345,1
0.0,0.042554956,0
0.0,0.0040924125,0
0.0,0.0005201059,0
0.0,0.016692499,0
0.0,0.011106805,0
0.0,0.11315996,0
0.0,0.38998988,0
1.0,0.12723431,0
0.0,0.03206147,0
1.0,0.9999999,1
0.0,0.00048734632,0
1.0,0.985631,1
0.0,3.7994557e-06,0
0.0,0.02833767,0
0.0,1.5543526e-05,0
0.0,0.0011841407,0
0.0,0.013887933,0
0.0,2.8948068e-06,0
1.0,0.9850172,1
0.0,0.00037607065,0
0.0,0.003342451,0
0.0,0.0058079567,0
1.0,0.8567618,1
0.0,0.024992883,0
0.0,0.12371711,0
0.0,0.0018363283,0
0.0,0.010851396,0
0.0,0.00031105886,0
0.0,0.1570245,0
1.0,0.9999999,1
0.0,0.00047249466,0
0.0,0.00091822195,0
0.0,0.106897615,0
0.0,0.00024328481,0
0.0,0.038019743,0
1.0,1.0,1
0.0,0.00064730016,0
0.0,0.13103639,0
0.0,2.5593614e-05,0
0.0,6.019219e-06,0
0.0,0.041095655,0
0.0,0.16973542,0
0.0,0.0028579428,0
0.0,0.33821994,0
0.0,0.0005084663,0
0.0,0.007172898,0
0.0,0.039438266,0
0.0,0.00021608041,0
0.0,0.1389767,0
1.0,0.50140715,1
0.0,0.008876454,0
0.0,0.00034848612,0
0.0,0.015481299,0
0.0,0.18092713,0
0.0,0.2661706,0
1.0,0.9995214,1
0.0,0.0016961091,0
0.0,0.0029376294,0
0.0,4.439418e-05,0
0.0,0.19945434,0
0.0,3.446796e-05,0
0.0,0.013428431,0
0.0,0.013030262,0
0.0,6.816575e-05,0
0.0,7.3793667e-06,0
0.0,0.015395982,0
0.0,0.00087628345,0
0.0,0.00555522,0
0.0,0.25725624,0
1.0,0.9999999,1
0.0,5.707302e-05,0
0.0,0.0999287,0
0.0,0.001299084,0
0.0,0.04523258,0
0.0,0.6424715,1
0.0,0.012893378,0
0.0,0.38869947,0
1.0,0.9999999,1
0.0,0.103868276,0
1.0,0.9999999,1
0.0,0.08666178,0
0.0,0.00020435333,0
0.0,0.008054304,0
0.0,0.012084111,0
1.0,0.9927354,1
0.0,0.3592847,0
0.0,0.31578505,0
0.0,0.0061399685,0
0.0,0.10980525,0
1.0,0.9999999,1
0.0,0.0032787744,0
1.0,0.9940838,1
0.0,0.00026904917,0
0.0,0.007235099,0
0.0,0.08603723,0
0.0,0.09255056,0
0.0,0.00057767454,0
1.0,0.70402735,1
0.0,0.0014918504,0
0.0,2.2052549e-05,0
0.0,0.00082679786,0
0.0,0.01740035,0
0.0,0.012806491,0
0.0,0.012034539,0
0.0,3.0117278e-06,0
0.0,0.30301616,0
0.0,0.12731072,0
0.0,0.0002098787,0
0.0,0.05424027,0
0.0,0.093870364,0
0.0,0.00096736744,0
0.0,0.045646574,0
0.0,0.2744948,0
0.0,0.009284543,0
0.0,0.0055934987,0
0.0,0.019497879,0
0.0,1.2849403e-05,0
0.0,0.0003803185,0
1.0,0.032260824,0
1.0,0.09522229,0
0.0,0.004682018,0
0.0,0.047172904,0
0.0,0.0013730635,0
0.0,0.0054943794,0
0.0,0.0023353382,0
0.0,0.50700545,1
0.0,0.00031675806,0
0.0,0.00015046664,0
0.0,0.069512285,0
0.0,1.0174198e-05,0
0.0,0.00023176773,0
0.0,0.089113325,0
0.0,0.025537403,0
0.0,1.4157013e-06,0
1.0,0.99966824,1
0.0,0.28145438,0
1.0,0.053968683,0
0.0,0.01065978,0
0.0,0.0015365763,0
0.0,0.004773978,0
1.0,0.9999995,1
0.0,0.024558285,0
1.0,0.9999999,1
0.0,0.29485533,0
0.0,0.0033872805,0
0.0,1.5246686e-05,0
0.0,0.019980436,0
0.0,0.00045838192,0
0.0,0.10241343,0
0.0,5.6227625e-05,0
0.0,0.1643884,0
0.0,0.07046912,0
0.0,0.0069853906,0
0.0,0.0005952757,0
0.0,0.017825658,0
1.0,0.9231341,1
0.0,0.3359419,0
0.0,0.5177002,1
0.0,0.19664255,0
0.0,0.03444748,0
0.0,0.00088323565,0
1.0,0.88249314,1
0.0,0.34123933,0
1.0,0.99988616,1
0.0,0.035161126,0
0.0,1.5677708e-06,0
1.0,0.9999999,1
1.0,0.9940188,1
0.0,0.1825066,0
0.0,4.9707236e-05,0
0.0,0.23332143,0
0.0,6.778754e-06,0
0.0,0.0141961835,0
1.0,0.9999765,1
0.0,0.0012847093,0
1.0,0.29062396,0
0.0,0.017657394,0
1.0,0.34526494,0
0.0,0.000117011026,0
0.0,0.19860797,0
0.0,0.00014628071,0
0.0,0.016947906,0
1.0,0.9930093,1
0.0,3.5538962e-06,0
0.0,0.00045352452,0
0.0,1.241513e-05,0
0.0,0.10073666,0
0.0,0.045836005,0
0.0,0.010672465,0
0.0,0.14066772,0
0.0,0.018586177,0
0.0,0.0879118,0
0.0,5.780513e-06,0
1.0,0.9999999,1
0.0,0.47188208,0
0.0,0.05713389,0
1.0,1.0,1
0.0,0.0040545575,0
0.0,0.002948096,0
0.0,0.0030006948,0
0.0,0.049363185,0
0.0,0.07510963,0
0.0,0.14420146,0
0.0,0.0023794952,0
0.0,0.00078183715,0
1.0,1.0,1
0.0,0.0028930905,0
0.0,0.00036309802,0
0.0,0.00061294617,0
0.0,0.10639039,0
0.0,0.3108509,0
0.0,0.08671367,0
0.0,0.23165649,0
0.0,0.24856219,0
0.0,0.13391405,0
1.0,0.9999999,1
0.0,0.42853233,0
0.0,0.03426172,0
0.0,0.2308213,0
0.0,0.00021509414,0
1.0,0.9999999,1
0.0,3.8065915e-05,0
0.0,0.0019161206,0
0.0,0.021191359,0
0.0,0.00025306587,0
0.0,0.010713237,0
1.0,0.9999999,1
1.0,0.99988616,1
0.0,0.002447777,0
0.0,0.030742362,0
0.0,3.3637956e-05,0
0.0,0.52668107,1
0.0,0.28025907,0
0.0,0.43255934,0
0.0,0.78779995,1
0.0,4.1013307e-05,0
0.0,0.03323554,0
1.0,0.9007101,1
0.0,3.4217637e-06,0
0.0,0.29783595,0
0.0,0.7456515,1
0.0,0.014026629,0
0.0,0.021680955,0
0.0,0.2036115,0
0.0,0.22054465,0
1.0,0.9999999,1
0.0,0.127862,0
0.0,0.0017823499,0
0.0,0.24212621,0
0.0,0.012757147,0
1.0,0.9999999,1
0.0,0.15806015,0
0.0,0.15606628,0
0.0,0.024553927,0
0.0,0.068600774,0
0.0,6.2784857e-06,0
0.0,0.00088236964,0
0.0,0.0014052532,0
0.0,0.20123194,0
0.0,0.06627862,0
0.0,0.0023656962,0
1.0,0.9999999,1
0.0,0.3377126,0
0.0,0.0018270784,0
0.0,0.110814124,0
0.0,0.040494412,0
0.0,0.00010863979,0
0.0,0.399663,0
0.0,0.008745413,0
0.0,0.07789898,0
0.0,0.016545571,0
0.0,0.00020952738,0
0.0,0.0014047481,0
0.0,0.07463308,0
0.0,0.00521962,0
0.0,0.0030274952,0
0.0,0.009224061,0
0.0,0.0019474151,0
0.0,0.016231278,0
0.0,0.051187623,0
0.0,0.001335275,0
0.0,8.1581304e-05,0
0.0,0.12124618,0
1.0,0.9999999,1
0.0,0.0106179565,0
1.0,0.89985937,1
0.0,0.00018917189,0
0.0,0.015322727,0
1.0,0.44313496,0
0.0,0.00017519394,0
1.0,0.9999999,1
0.0,0.0019103413,0
0.0,3.544604e-07,0
1.0,0.733723,1
0.0,0.123327106,0
0.0,0.0019047634,0
0.0,0.47731632,0
0.0,0.0005085594,0
0.0,0.55358654,1
0.0,0.40064836,0
0.0,2.3470822e-05,0
0.0,0.010255443,0
0.0,0.09341206,0
0.0,0.27161422,0
0.0,0.17349957,0
0.0,4.2026193e-07,0
0.0,0.0017103929,0
1.0,1.0,1
0.0,0.019143475,0
0.0,0.009598743,0
0.0,0.006048554,0
0.0,0.062177792,0
0.0,0.033739988,0
1.0,0.61715615,1
0.0,0.0023022823,0
0.0,0.008802671,0
1.0,0.9999999,1
0.0,1.2806397e-06,0
0.0,9.095573e-06,0
0.0,0.03165737,0
0.0,0.00030798433,0
1.0,0.9999999,1
0.0,0.12907973,0
0.0,0.023191793,0
0.0,0.0013910698,0
0.0,0.013302998,0
0.0,0.0019114347,0
0.0,0.15267229,0
0.0,0.46214092,0
0.0,0.12586817,0
0.0,0.36895317,0
0.0,0.03190596,0
0.0,0.3422663,0
0.0,0.0019996339,0
0.0,0.0001092965,0
0.0,0.04896111,0
0.0,0.022450011,0
0.0,0.00089117425,0
1.0,0.99985814,1
0.0,0.0001822225,0
1.0,0.9999999,1
0.0,0.00025393162,0
0.0,0.0810869,0
0.0,0.008704757,0
0.0,0.11837708,0
1.0,0.9999999,1
0.0,0.0059034806,0
0.0,0.47877067,0
0.0,0.025299314,0
0.0,0.2597783,0
0.0,0.10919143,0
0.0,0.46371233,0
0.0,0.013393402,0
0.0,0.1583453,0
1.0,0.99988616,1
0.0,0.00081236346,0
0.0,0.00085798156,0
0.0,0.3808978,0
0.0,0.23169489,0
0.0,0.010700661,0
0.0,0.027813453,0
1.0,0.99988616,1
0.0,0.0052953074,0
0.0,0.0005858894,0
0.0,0.061342526,0
0.0,0.00028522112,0
0.0,0.22689925,0
0.0,0.0012014941,0
0.0,0.035249703,0
1.0,1.0,1
0.0,0.24190642,0
0.0,0.22182542,0
0.0,0.0934978,0
0.0,0.006252721,0
0.0,0.010981234,0
0.0,0.002254554,0
0.0,0.1931099,0
0.0,0.24762565,0
0.0,0.0010731114,0
1.0,0.9999999,1
0.0,0.037687596,0
0.0,0.2891622,0
0.0,0.08995692,0
0.0,0.44806814,0
0.0,0.24744351,0
0.0,0.13500045,0
0.0,0.022842253,0
0.0,0.002975778,0
0.0,3.3219446e-06,0
0.0,0.22798733,0
0.0,0.39222962,0
0.0,0.0032212897,0
0.0,0.00046660626,0
1.0,0.45336515,0
0.0,0.3329123,0
0.0,0.023389546,0
0.0,0.028917797,0
0.0,1.7878208e-06,0
1.0,0.061291847,0
0.0,1.126924e-07,0
0.0,0.00045598848,0
0.0,0.0017766579,0
0.0,0.35699606,0
0.0,0.00040708037,0
0.0,0.00034853676,0
1.0,1.0,1
0.0,0.4925482,0
0.0,0.004989373,0
0.0,0.00023721467,0
0.0,0.53246415,1
0.0,0.44520465,0
0.0,0.001061356,0
1.0,0.9999999,1
0.0,0.0017179674,0
0.0,0.0742897,0
0.0,0.0009055142,0
0.0,0.04301163,0
0.0,0.032491762,0
0.0,0.60279024,1
0.0,0.10245644,0
0.0,0.05218324,0
0.0,0.04459137,0
0.0,2.870317e-05,0
1.0,0.2581086,0
1.0,0.82664824,1
0.0,0.46499693,0
0.0,0.0022411847,0
0.0,0.115386605,0
0.0,0.0038105024,0
0.0,0.0010189124,0
1.0,0.9999999,1
0.0,0.00562292,0
0.0,0.00054855034,0
0.0,0.0001585033,0
0.0,4.1645002e-05,0
0.0,0.1406727,0
0.0,0.00034362968,0
0.0,0.00025143262,0
0.0,0.39007097,0
0.0,0.0025629362,0
0.0,3.4976777e-06,0
0.0,0.059455488,0
0.0,0.00035552742,0
0.0,0.02652795,0
0.0,0.1840281,0
0.0,0.5952594,1
0.0,0.00038299465,0
1.0,0.9999999,1
0.0,0.1465471,0
0.0,0.5225475,1
0.0,0.00022939993,0
0.0,3.5535708e-05,0
0.0,0.00350127,0
0.0,0.0068830634,0
0.0,0.00013371701,0
0.0,0.02760781,0
0.0,2.7152164e-05,0
0.0,0.013438713,0
1.0,0.9999999,1
0.0,0.00055092765,0
0.0,0.21792708,0
0.0,0.0027595232,0
0.0,0.003356283,0
0.0,0.0034190628,0
0.0,0.0004240084,0
0.0,0.00034470973,0
0.0,0.45938677,0
0.0,0.00055375445,0
0.0,1.6971951e-05,0
0.0,0.0037145093,0
0.0,0.11247455,0
1.0,0.99957675,1
0.0,0.0032153716,0
1.0,0.74368453,1
0.0,0.18923411,0
0.0,0.00062002946,0
0.0,0.0002374765,0
0.0,0.4570251,0
1.0,0.98753756,1
0.0,0.027001433,0
1.0,0.9630022,1
0.0,0.0041349614,0
0.0,0.0041415896,0
1.0,0.9999999,1
1.0,0.9999999,1
0.0,0.0015794805,0
0.0,0.00013848551,0
0.0,0.0037758134,0
0.0,0.008804149,0
1.0,0.575336,1
1.0,0.9999999,1
1.0,0.6273164,1
0.0,0.0009657494,0
0.0,0.0006523849,0
0.0,0.0014918504,0
0.0,0.054510996,0
0.0,0.0012296513,0
0.0,0.00026878505,0
1.0,0.9431968,1
1.0,0.9999999,1
1.0,0.9999999,1
0.0,0.0008742602,0
1.0,1.0,1
0.0,0.036494546,0
0.0,0.19761589,0
1.0,0.7511534,1
0.0,1.0995748e-06,0
1.0,0.9999999,1
0.0,0.0018459468,0
0.0,0.0020762633,0
1.0,0.9928489,1
0.0,0.0003034278,0
0.0,0.09633445,0
1.0,0.994293,1
1.0,0.9999999,1
0.0,0.020581774,0
0.0,0.03579433,0
1.0,1.0,1
0.0,0.005079569,0
0.0,0.00061343185,0
0.0,0.26678437,0
0.0,0.001958491,0
0.0,1.1789248e-06,0
0.0,0.0017311266,0
0.0,2.9224762e-05,0
0.0,0.00032828396,0
1.0,0.9999999,1
0.0,9.143277e-05,0
1.0,0.9999999,1
0.0,0.00042936194,0
0.0,0.013194977,0
0.0,0.0076475786,0
0.0,0.0027181297,0
0.0,3.3110908e-05,0
0.0,0.04253905,0
0.0,6.771708e-05,0
0.0,0.044693522,0
0.0,1.0228201e-05,0
0.0,0.5442933,1
0.0,0.00015611525,0
0.0,0.3822448,0
0.0,0.14027931,0
0.0,0.3058047,0
0.0,0.00062826887,0
0.0,0.24966125,0
0.0,0.012714194,0
0.0,0.0053197313,0
0.0,0.3446459,0
1.0,0.9999999,1
0.0,0.007299708,0
1.0,0.9116848,1
0.0,5.061889e-05,0
0.0,0.0005406379,0
0.0,0.40223593,0
0.0,0.0023040003,0
0.0,0.0014602266,0
0.0,0.0102423215,0
0.0,0.030972281,0
0.0,0.0749269,0
0.0,0.017214624,0
0.0,0.0023810102,0
0.0,1.957324e-05,0
0.0,0.0011827834,0
0.0,1.1760876e-05,0
0.0,5.2949246e-05,0
0.0,0.00018032144,0
0.0,0.03961785,0
1.0,0.9999999,1
0.0,0.0018408867,0
0.0,0.2712434,0
0.0,0.12769565,0
0.0,0.14668638,0
0.0,0.022398759,0
0.0,1.07040505e-05,0
0.0,0.3471724,0
0.0,0.0071471664,0
0.0,0.0016222185,0
1.0,0.98721445,1
0.0,0.00011069696,0
0.0,6.999754e-05,0
0.0,0.0038869607,0
0.0,4.292304e-06,0
0.0,0.008299212,0
0.0,0.1984789,0
0.0,9.4382085e-06,0
0.0,0.00011509734,0
0.0,0.024653254,0
0.0,0.00055092765,0
0.0,0.042895384,0
0.0,0.0031235311,0
0.0,4.0868784e-07,0
0.0,0.025298974,0
0.0,9.8414595e-05,0
1.0,0.9999999,1
0.0,0.0012431662,0
0.0,0.0010733482,0
0.0,0.0014869034,0
0.0,0.0076208967,0
0.0,0.008073607,0
1.0,0.9709853,1
0.0,0.0022109384,0
1.0,0.9996438,1
0.0,0.9150344,1
0.0,0.013390247,0
1.0,0.9912952,1
0.0,0.049701445,0
0.0,0.0021282781,0
0.0,5.6542885e-05,0
0.0,0.02541719,0
0.0,0.0029354037,0
1.0,0.74495214,1
0.0,0.010260081,0
0.0,0.47123078,0
0.0,0.028474903,0
0.0,0.10740808,0
0.0,0.7677192,1
1.0,0.5532679,1
0.0,0.020618577,0
0.0,0.030729786,0
0.0,0.0017821582,0
0.0,0.0050250967,0
1.0,0.99183196,1
1.0,0.9999999,1
0.0,0.0011341895,0
0.0,0.008093619,0
0.0,1.1739249e-05,0
0.0,0.030093607,0
0.0,0.04953413,0
0.0,0.057853103,0
0.0,0.1309727,0
0.0,0.0036902293,0
0.0,3.281974e-05,0
0.0,0.0065148505,0
0.0,0.0018422304,0
0.0,0.00055269967,0
0.0,0.00249125,0
1.0,0.99999404,1
0.0,0.07974245,0
0.0,2.6736525e-05,0
0.0,0.079697706,0
1.0,0.9999999,1
0.0,0.00060052495,0
0.0,0.11176342,0
0.0,0.00975493,0
0.0,0.7641342,1
0.0,0.015509755,0
1.0,1.0,1
0.0,0.014837413,0
0.0,0.55391973,1
0.0,5.863469e-05,0
0.0,0.0027859386,0
0.0,0.43582663,0
0.0,0.025636941,0
0.0,0.69608283,1
0.0,0.3753073,0
0.0,0.00026688748,0
0.0,0.0030844063,0
1.0,1.0,1
0.0,0.0059423987,0
1.0,0.9999999,1
1.0,0.9999999,1
1.0,0.9999999,1
0.0,0.43556005,0
0.0,0.59135485,1
0.0,7.559343e-05,0
0.0,0.00066174974,0
0.0,0.013854263,0
0.0,0.00030605862,0
0.0,0.0060085803,0
0.0,0.015758691,0
0.0,7.932958e-05,0
0.0,0.09497292,0
0.0,0.048142724,0
1.0,0.47820795,0
0.0,0.0016947548,0
0.0,1.1887054e-05,0
0.0,0.6593954,1
0.0,0.011106983,0
0.0,0.00023886739,0
0.0,0.23809223,0
0.0,0.007386207,0
0.0,0.009349099,0
0.0,0.030413982,0
0.0,0.017195595,0
0.0,0.0029865266,0
0.0,0.0057750586,0
1.0,0.9999999,1
0.0,0.00020833215,0
1.0,1.0,1
0.0,0.011590689,0
0.0,0.098959506,0
0.0,4.3213836e-06,0
0.0,0.010283491,0
0.0,0.12838727,0
0.0,2.9330438e-05,0
0.0,0.0027475934,0
0.0,0.0018896088,0
0.0,0.00428568,0
0.0,0.099165104,0
0.0,0.0060128476,0
0.0,0.00031553945,0
1.0,0.9695486,1
0.0,0.00022712241,0
0.0,0.25141278,0
0.0,0.05698323,0
1.0,0.8811294,1
0.0,0.0059881443,0
0.0,0.15677452,0
0.0,0.028227115,0
0.0,0.29865512,0
0.0,0.002265571,0
0.0,0.036688402,0
0.0,8.00919e-06,0
1.0,0.9999999,1
0.0,0.424257,0
0.0,8.514412e-07,0
0.0,0.24681303,0
0.0,3.3308403e-05,0
0.0,0.008983183,0
0.0,0.010697543,0
1.0,0.93393457,1
1.0,0.69580513,1
0.0,5.8617472e-05,0
0.0,0.2628839,0
0.0,0.17733389,0
0.0,0.39291757,0
0.0,0.004543758,0
0.0,0.72812665,1
0.0,0.0055612926,0
0.0,0.02909662,0
0.0,0.0016138026,0
0.0,0.00011710456,0
0.0,0.005100242,0
1.0,1.0,1
0.0,0.72107786,1
1.0,0.9999999,1
0.0,0.0007641456,0
0.0,0.11186467,0
0.0,1.0540362e-05,0
1.0,0.94209933,1
0.0,4.030604e-05,0
0.0,0.0063222595,0
1.0,0.9910182,1
0.0,0.00048376352,0
0.0,0.19903749,0
0.0,6.521615e-06,0
0.0,0.018746132,0
0.0,0.0022147147,0
0.0,0.04182336,0
0.0,0.007955855,0
0.0,0.0046562436,0
0.0,0.000240348,0
1.0,1.0,1
0.0,0.0011572146,0
0.0,3.7997052e-06,0
0.0,0.21295752,0
0.0,0.010998472,0
0.0,7.12177e-05,0
0.0,0.044522677,0
0.0,0.013844996,0
0.0,0.36322746,0
0.0,0.00030065703,0
0.0,0.00022601332,0
0.0,0.025515538,0
0.0,0.028779304,0
0.0,0.0011153924,0
0.0,0.043761253,0
0.0,0.19787101,0
1.0,0.9999999,1
0.0,0.11241798,0
0.0,0.014114284,0
0.0,0.000121317826,0
0.0,0.2151016,0
1.0,0.9999995,1
1.0,0.004969179,0
0.0,0.015913207,0
1.0,0.9999999,1
0.0,0.6902492,1
0.0,0.36918253,0
0.0,0.0036882455,0
0.0,0.0013481965,0
0.0,0.36476302,0
0.0,0.009755253,0
1.0,0.9999999,1
1.0,0.9853498,1
0.0,0.0011531746,0
0.0,0.0009452664,0
0.0,0.00023453127,0
0.0,0.016467998,0
0.0,0.0021654107,0
0.0,0.0069328286,0
1.0,0.9999999,1
0.0,0.00084361556,0
0.0,0.08047453,0
0.0,0.000268382,0
0.0,4.2065366e-07,0
0.0,0.16298172,0
0.0,0.026726779,0
1.0,0.3933321,0
0.0,0.0031838757,0
1.0,0.9999999,1
0.0,0.092140384,0
0.0,2.1936183e-05,0
0.0,0.38757557,0
0.0,0.00013405649,0
0.0,0.012658584,0
0.0,0.016336588,0
0.0,0.00056421984,0
0.0,0.021764068,0
0.0,0.0023202787,0
0.0,0.03226986,0
0.0,0.021496814,0
1.0,0.9999999,1
0.0,0.00015213367,0
1.0,0.99769384,1
0.0,0.001058204,0
0.0,0.00018395254,0
1.0,1.0,1
0.0,0.0034489266,0
1.0,1.0,1
0.0,0.0072775753,0
1.0,0.9999999,1
0.0,0.00943859,0
0.0,0.114874825,0
0.0,0.4277857,0
0.0,0.00043410502,0
0.0,0.041804332,0
0.0,0.0012041511,0
0.0,0.038207483,0
0.0,3.453531e-05,0
0.0,0.0011057178,0
0.0,0.001810467,0
1.0,0.9999999,1
0.0,0.0037561918,0
0.0,0.003489395,0
0.0,0.00060737506,0
0.0,0.49918404,0
0.0,0.00022446386,0
1.0,0.9999999,1
0.0,3.19463e-05,0
0.0,0.052622862,0
0.0,0.00017462658,0
0.0,0.04050768,0
0.0,0.013861862,0
0.0,0.19658819,0
0.0,0.019091506,0
0.0,8.678783e-05,0
0.0,0.0005915727,0
0.0,1.838161e-05,0
1.0,0.035012595,0
0.0,0.0030000512,0
1.0,0.9999999,1
0.0,0.10848728,0
0.0,0.0036674072,0
0.0,0.00024872404,0
0.0,0.0024866385,0
0.0,0.00074381026,0
0.0,9.710225e-05,0
0.0,0.012976962,0
0.0,0.0032743874,0
0.0,1.4040713e-05,0
0.0,0.046553083,0
0.0,2.5205269e-05,0
0.0,0.012530421,0
0.0,0.0031899696,0
0.0,0.011264565,0
0.0,1.1309434e-05,0
1.0,0.9999999,1
0.0,0.13642517,0
0.0,0.028969245,0
0.0,0.01811409,0
0.0,0.00420853,0
0.0,0.043097947,0
0.0,0.3956545,0
0.0,0.22035518,0
0.0,0.008329404,0
0.0,0.004906786,0
0.0,3.982626e-05,0
0.0,0.3329123,0
0.0,0.006367003,0
0.0,0.009885011,0
0.0,0.28789008,0
0.0,0.043044403,0
1.0,0.9943317,1
0.0,0.006542918,0
0.0,0.042457048,0
0.0,0.0021067297,0
0.0,0.00087997917,0
0.0,0.15318167,0
0.0,0.0039263037,0
0.0,5.5103457e-05,0
0.0,0.032631677,0
0.0,0.00074964034,0
0.0,0.0006901865,0
0.0,7.649445e-07,0
0.0,0.022181565,0
0.0,0.33174273,0
1.0,0.71983737,1
0.0,7.629926e-05,0
0.0,0.32893968,0
1.0,0.9999999,1
0.0,0.00032041036,0
0.0,0.0055055814,0
0.0,0.04032663,0
0.0,0.19508347,0
0.0,0.016244479,0
1.0,0.96406364,1
0.0,0.054209292,0
0.0,5.6247147e-05,0
1.0,0.9999999,1
0.0,0.010652325,0
0.0,0.0007343251,0
0.0,0.16365136,0
0.0,0.0214674,0
0.0,0.006824068,0
0.0,0.029136952,0
0.0,0.022083674,0
0.0,0.00382458,0
0.0,2.495076e-05,0
0.0,0.0005598977,0
0.0,0.0024150375,0
0.0,0.028595988,0
0.0,0.70438516,1
1.0,0.44022727,0
0.0,3.0119145e-06,0
0.0,0.002642731,0
0.0,0.00043141638,0
0.0,0.0005271314,0
0.0,0.3931379,0
1.0,0.9999999,1
0.0,0.018652942,0
0.0,0.093181916,0
0.0,0.0075974157,0
0.0,1.0906052e-05,0
0.0,0.4663168,0
0.0,0.017414607,0
1.0,0.9999999,1
0.0,0.0017486362,0
0.0,5.596818e-07,0
0.0,0.01827736,0
0.0,0.2016278,0
0.0,0.020982167,0
0.0,0.0007525969,0
1.0,0.9999999,1
0.0,0.0009344745,0
0.0,0.43945172,0
0.0,0.0060419813,0
0.0,0.736906,1
0.0,0.0031334222,0
0.0,0.00057270186,0
0.0,0.00079654733,0
0.0,0.0025718955,0
0.0,5.9654685e-05,0
0.0,0.33287248,0
0.0,0.0016198958,0
0.0,0.034734465,0
0.0,0.00055092765,0
0.0,2.515304e-05,0
0.0,0.003428338,0
1.0,0.04433563,0
0.0,0.00056914525,0
0.0,0.38923025,0
0.0,0.43276188,0
0.0,0.0006895971,0
1.0,0.053032864,0
1.0,0.9999999,1
0.0,0.02557596,0
0.0,0.21658264,0
0.0,0.09533972,0
0.0,0.44503468,0
0.0,2.1943174e-06,0
0.0,0.005696417,0
0.0,0.00018665951,0
0.0,2.2620174e-05,0
0.0,0.000112801565,0
0.0,0.443945,0
0.0,0.0013176322,0
0.0,0.5251249,1
1.0,0.8444812,1
0.0,0.00029551078,0
0.0,0.12254256,0
0.0,0.23735371,0
0.0,6.659709e-05,0
0.0,0.025172047,0
0.0,0.00062826887,0
0.0,0.0013395082,0
0.0,0.0021730443,0
0.0,0.012231886,0
0.0,0.010255443,0
0.0,0.00024357771,0
0.0,0.05918169,0
1.0,0.7738433,1
0.0,0.0021460953,0
0.0,8.812476e-05,0
0.0,0.0025244518,0
1.0,0.9999999,1
0.0,3.5287528e-06,0
1.0,0.9999999,1
0.0,0.00062209147,0
0.0,0.5069073,1
1.0,0.618029,1
0.0,0.0001341735,0
1.0,0.9999999,1
0.0,0.009073124,0
0.0,1.4709284e-05,0
0.0,0.1888399,0
0.0,0.00040787007,0
0.0,0.2629892,0
0.0,0.069942676,0
0.0,0.031479362,0
0.0,0.75815,1
0.0,0.44161233,0
0.0,0.12911753,0
0.0,0.121630214,0
1.0,0.9999999,1
0.0,0.11505195,0
1.0,0.9999999,1
0.0,0.037636418,0
0.0,0.79112893,1
0.0,0.7671575,1
0.0,0.18089227,0
0.0,0.29198185,0
0.0,0.55920756,1
1.0,1.0,1
0.0,0.12996405,0
1.0,0.99916077,1
0.0,0.00015399906,0
0.0,2.2389271e-05,0
0.0,0.00084585213,0
0.0,4.6963676e-05,0
1.0,0.9999999,1
0.0,0.57082546,1
0.0,0.0002096177,0
0.0,0.01029426,0
0.0,1.04578785e-05,0
0.0,0.00019766203,0
0.0,6.473082e-05,0
0.0,0.0025578726,0
0.0,0.003954098,0
0.0,0.42756194,0
0.0,0.21980557,0
1.0,0.9999999,1
0.0,0.44806814,0
0.0,0.0005281727,0
1.0,0.9999999,1
1.0,0.9801925,1
1.0,0.9989386,1
0.0,0.16731776,0
0.0,0.000510736,0
1.0,0.9999999,1
0.0,0.08013545,0
0.0,0.23004799,0
1.0,1.0,1
1.0,0.37271217,0
0.0,9.539558e-06,0
0.0,0.008522699,0
1.0,0.9999999,1
1.0,0.032548178,0
0.0,8.8847795e-05,0
0.0,0.009614659,0
0.0,0.0047309096,0
0.0,0.025615228,0
0.0,0.47334796,0
0.0,3.281974e-05,0
0.0,9.624625e-06,0
0.0,0.03863073,0
0.0,1.1206559e-05,0
0.0,0.018797435,0
0.0,0.004364101,0
0.0,0.0021026284,0
1.0,0.9999999,1
0.0,0.003669945,0
0.0,3.0362547e-05,0
0.0,0.021606885,0
0.0,0.020524759,0
0.0,0.005697497,0
0.0,0.041632593,0
1.0,0.9993813,1
0.0,0.027234755,0
0.0,0.0009423825,0
0.0,0.000401062,0
0.0,0.00016741056,0
0.0,0.015663031,0
0.0,9.840474e-05,0
1.0,0.9905302,1
0.0,0.20748839,0
0.0,0.01328394,0
0.0,7.492686e-05,0
0.0,0.016321545,0
1.0,0.95969427,1
1.0,0.7258777,1
0.0,0.040698666,0
1.0,0.9983132,1
0.0,0.050226033,0
0.0,0.01842285,0
0.0,0.0018459468,0
0.0,0.00095573696,0
0.0,3.793889e-05,0
1.0,0.41852915,0
0.0,0.75891536,1
1.0,0.9999999,1
0.0,0.6049068,1
0.0,0.002018809,0
0.0,0.6322301,1
0.0,0.0010122244,0
0.0,0.00018475161,0
0.0,0.006932654,0
0.0,0.0029640966,0
1.0,0.36633617,0
0.0,0.07312103,0
0.0,3.9665733e-06,0
0.0,0.0020596175,0
0.0,0.0009806078,0
0.0,0.0042976327,0
1.0,0.9999999,1
0.0,0.023232039,0
0.0,0.30055296,0
0.0,0.11918221,0
0.0,0.004045942,0
0.0,9.045186e-07,0
0.0,0.05096165,0
0.0,0.19381058,0
0.0,0.054057926,0
0.0,6.41117e-06,0
1.0,0.5277855,1
0.0,0.47470307,0
0.0,0.00033255765,0
1.0,0.9964462,1
0.0,0.002204082,0
0.0,0.0013335409,0
0.0,0.006464228,0
0.0,0.024533978,0
0.0,5.748233e-06,0
0.0,5.8313863e-06,0
0.0,0.00048219846,0
0.0,0.22799246,0
0.0,0.0015345527,0
0.0,0.0005251119,0
1.0,0.450407,0
0.0,0.00050178927,0
0.0,0.0036663846,0
0.0,0.004417162,0
0.0,0.0020634925,0
0.0,0.0018546281,0
0.0,0.4643116,0
1.0,0.9999999,1
0.0,0.46025175,0
0.0,0.00039293323,0
0.0,0.047735132,0
0.0,0.0031624022,0
1.0,0.9999999,1
0.0,0.15600243,0
0.0,0.043303758,0
0.0,0.00025673117,0
0.0,0.36508262,0
0.0,0.19381058,0
0.0,0.21383059,0
1.0,1.0,1
0.0,0.1286392,0
1.0,0.9999999,1
0.0,0.0014980094,0
0.0,0.007375845,0
0.0,0.00025061888,0
0.0,0.059867382,0
0.0,0.03977352,0
0.0,0.0026266174,0
0.0,0.03271151,0
0.0,0.0053298185,0
0.0,0.0015007599,0
1.0,0.20802231,0
0.0,6.5266117e-06,0
0.0,0.01003459,0
0.0,0.0004687499,0
1.0,1.0,1
0.0,0.009468404,0
0.0,0.00027203115,0
0.0,6.524277e-06,0
0.0,3.7075254e-06,0
0.0,0.015034486,0
0.0,0.0088113,0
0.0,0.10560771,0
0.0,0.24610324,0
0.0,1.1352008e-05,0
0.0,7.687606e-07,0
1.0,0.9999999,1
0.0,0.3359419,0
1.0,0.9997354,1
1.0,0.9999999,1
1.0,0.42382655,0
0.0,3.5871603e-06,0
0.0,0.0058996505,0
0.0,0.0634589,0
0.0,0.07753416,0
1.0,1.0,1
0.0,3.6767933e-06,0
0.0,0.43580422,0
1.0,0.9999999,1
0.0,0.0069243535,0
0.0,0.0006647124,0
1.0,0.9996438,1
0.0,0.49332705,0
0.0,0.00125656,0
0.0,0.003616041,0
0.0,0.08445309,0
0.0,0.0006714036,0
0.0,0.002047467,0
0.0,0.0061923265,0
0.0,0.1445658,0
0.0,0.036029425,0
1.0,0.010088577,0
0.0,0.1836752,0
1.0,0.9999999,1
0.0,0.00022731954,0
0.0,0.0024624506,0
0.0,0.002624457,0
0.0,0.22505905,0
0.0,0.015115943,0
0.0,0.0022268423,0
0.0,0.03359929,0
1.0,0.9999999,1
0.0,0.0080349995,0
0.0,0.25349548,0
0.0,0.022071097,0
0.0,0.0094797695,0
0.0,0.1623386,0
0.0,0.0034395962,0
1.0,0.9999999,1
0.0,0.32729968,0
0.0,0.44833338,0
0.0,0.0025264928,0
1.0,0.7286025,1
0.0,2.7152164e-05,0
0.0,0.24074632,0
0.0,0.019088032,0
0.0,0.31122681,0
0.0,0.003422208,0
0.0,0.15666458,0
0.0,0.005499282,0
0.0,0.003199994,0
0.0,0.7585095,1
0.0,0.21574724,0
0.0,0.0059423987,0
1.0,0.9999999,1
1.0,0.99988616,1
0.0,0.003483441,0
0.0,0.15106708,0
0.0,0.5652338,1
0.0,0.06843782,0
0.0,0.114726774,0
1.0,1.0,1
0.0,0.16682146,0
0.0,0.015413455,0
0.0,7.142712e-05,0
0.0,1.4978882e-05,0
0.0,0.0056436798,0
1.0,0.9905302,1
0.0,8.186675e-06,0
0.0,0.01634118,0
0.0,0.00019475575,0
1.0,0.10947194,0
0.0,0.04070616,0
0.0,0.0045704963,0
0.0,9.539558e-06,0
0.0,9.6054224e-05,0
0.0,0.00034651926,0
0.0,0.000950437,0
0.0,0.07734848,0
0.0,0.02989033,0
0.0,0.53596085,1
0.0,0.43741316,0
0.0,0.005498753,0
0.0,0.021038627,0
0.0,0.19099516,0
0.0,0.43852273,0
0.0,0.45253897,0
1.0,0.9815238,1
0.0,0.0018850063,0
1.0,0.9999999,1
0.0,0.10259989,0
0.0,0.010626005,0
0.0,0.12260198,0
0.0,0.0003089952,0
0.0,0.46214092,0
0.0,0.0015334454,0
0.0,0.01776144,0
0.0,0.001720987,0
0.0,0.05754507,0
0.0,0.0030225841,0
0.0,0.037949443,0
0.0,0.0020788903,0
0.0,0.012575182,0
0.0,0.0013171397,0
0.0,6.724943e-06,0
0.0,0.0044882908,0
0.0,0.0066718003,0
0.0,0.04928355,0
0.0,2.0852674e-05,0
0.0,0.00032658613,0
1.0,1.0,1
0.0,0.37904826,0
0.0,3.420942e-05,0
0.0,5.6964227e-06,0
0.0,0.0004701275,0
1.0,0.999366,1
1.0,0.87919086,1
0.0,0.0003321109,0
0.0,0.14670563,0
0.0,5.011643e-05,0
0.0,2.8722861e-05,0
0.0,0.012271778,0
1.0,0.9999999,1
0.0,0.00024172779,0
0.0,0.024289249,0
0.0,0.023056192,0
0.0,0.3186417,0
0.0,6.297519e-06,0
1.0,0.031791985,0
0.0,6.8170884e-05,0
1.0,0.9999999,1
1.0,0.5383621,1
0.0,0.02028378,0
0.0,0.0022462306,0
1.0,0.9999999,1
1.0,1.0,1
0.0,0.0017149869,0
0.0,0.00017876834,0
1.0,0.9999999,1
0.0,0.0001274286,0
0.0,0.062728554,0
0.0,0.00013999698,0
0.0,0.054988895,0
0.0,0.000690659,0
0.0,0.15239146,0
0.0,7.189173e-05,0
1.0,0.9999999,1
0.0,0.00020795943,0
0.0,0.26359916,0
1.0,0.9999999,1
0.0,0.059988353,0
0.0,0.01057625,0
0.0,0.08207792,0
0.0,0.00019910603,0
0.0,2.1806406e-06,0
0.0,0.028110344,0
0.0,0.00890967,0
0.0,0.068139516,0
0.0,0.0046490445,0
0.0,0.0056868126,0
0.0,0.17474031,0
0.0,0.00016147958,0
0.0,0.04191591,0
1.0,1.0,1
0.0,0.023138091,0
0.0,0.0030444828,0
1.0,0.9711998,1
0.0,0.057498537,0
1.0,0.9999999,1
1.0,1.0,1
0.0,0.000110380424,0
0.0,0.015295721,0
0.0,0.012385815,0
0.0,0.5991842,1
1.0,0.9668592,1
1.0,0.35388258,0
0.0,0.051733863,0
0.0,0.002158764,0
0.0,0.026591737,0
0.0,0.6970611,1
0.0,0.059867382,0
0.0,0.078935005,0
0.0,0.009191431,0
1.0,0.90581495,1
0.0,0.001974679,0
0.0,0.0024193367,0
1.0,0.9999999,1
0.0,6.272545e-05,0
1.0,0.9999999,1
0.0,0.008789938,0
0.0,0.004446467,0
1.0,0.9999999,1
0.0,0.00026378979,0
0.0,0.03551475,0
0.0,0.021718927,0
0.0,0.46978897,0
0.0,0.000102546466,0
1.0,0.9996685,1
0.0,0.00027052945,0
0.0,0.68825245,1
0.0,0.0005152713,0
0.0,0.0006877843,0
0.0,1.0816804e-06,0
1.0,0.997233,1
0.0,0.009381793,0
0.0,0.00062568474,0
0.0,6.836208e-07,0
0.0,0.05359232,0
0.0,0.0007405088,0
1.0,0.9999999,1
0.0,0.00021156378,0
0.0,0.025160234,0
0.0,0.011187501,0
0.0,7.948855e-06,0
0.0,5.7479825e-05,0
1.0,0.48439047,0
1.0,0.9999825,1
0.0,0.17771095,0
0.0,0.006845113,0
0.0,0.00020737313,0
1.0,1.0,1
0.0,9.397979e-06,0
1.0,0.9124894,1
0.0,0.061856963,0
1.0,0.9999999,1
0.0,0.0032990903,0
0.0,0.0009440874,0
0.0,0.00011476789,0
0.0,0.49829203,0
1.0,0.2530526,0
0.0,1.2530916e-05,0
0.0,0.0031122377,0
0.0,0.0019987968,0
1.0,0.9999999,1
0.0,0.00230876,0
0.0,0.054096647,0
0.0,0.00017274887,0
0.0,0.07096961,0
0.0,0.0011533644,0
1.0,0.40223593,0
0.0,0.00043721288,0
0.0,0.29763368,0
1.0,0.8982784,1
0.0,0.0023733792,0
0.0,0.02629092,0
0.0,0.023303501,0
0.0,0.059365034,0
0.0,4.7912054e-05,0
0.0,0.0011769134,0
0.0,0.0012850821,0
0.0,0.00010245674,0
1.0,0.9999999,1
1.0,1.0,1
1.0,0.6594838,1
0.0,0.20545155,0
0.0,0.16478875,0
0.0,0.0039301678,0
1.0,0.9999999,1
1.0,0.99373984,1
0.0,0.00028325827,0
1.0,1.0,1
0.0,3.6311237e-06,0
0.0,0.07621459,0
0.0,0.00039040475,0
0.0,0.00299536,0
0.0,3.1794818e-05,0
0.0,0.006529004,0
0.0,0.00020480606,0
0.0,0.00023118308,0
0.0,0.0024822897,0
0.0,0.011512695,0
1.0,0.9999999,1
0.0,0.0883631,0
0.0,0.15332608,0
0.0,0.010173912,0
0.0,0.001146717,0
0.0,0.42114013,0
0.0,3.6963153e-05,0
0.0,0.0001231765,0
0.0,0.000266861,0
0.0,0.0032908139,0
0.0,0.075115226,0
0.0,0.00306743,0
0.0,0.001283127,0
0.0,0.35866857,0
0.0,0.026940484,0
0.0,0.013381035,0
0.0,0.0011932198,0
0.0,0.029729916,0
0.0,0.0006009326,0
0.0,0.11119493,0
0.0,2.918151e-05,0
0.0,0.00068995473,0
1.0,0.9999999,1
1.0,0.9999999,1
0.0,0.015417979,0
1.0,0.18887489,0
0.0,0.0053421613,0
0.0,0.52131444,1
0.0,0.00025355976,0
0.0,0.09890132,0
0.0,0.34594554,0
1.0,0.99736756,1
1.0,0.61276007,1
0.0,2.768781e-05,0
0.0,0.002258798,0
0.0,0.00043438553,0
0.0,0.016744241,0
0.0,0.005507035,0
0.0,0.0009522825,0
1.0,0.9786564,1
1.0,0.28737003,0
0.0,0.00074355403,0
0.0,0.09142614,0
0.0,0.0011002634,0
1.0,0.9595612,1
0.0,6.836788e-05,0
0.0,0.2074519,0
1.0,0.014601612,0
0.0,0.02997423,0
1.0,0.9408653,1
0.0,2.417404e-07,0
0.0,0.2468145,0
0.0,0.0018671553,0
0.0,0.00015723883,0
1.0,0.5303529,1
1.0,0.9999999,1
0.0,0.040426012,0
0.0,0.0022510823,0
1.0,0.9999999,1
0.0,0.05166489,0
0.0,0.49780178,0
0.0,0.21373753,0
0.0,0.0061718817,0
0.0,0.012152144,0
0.0,0.105052106,0
0.0,3.0367804e-07,0
0.0,2.7310036e-06,0
0.0,0.09903841,0
0.0,0.0037703684,0
1.0,0.5771385,1
0.0,0.00040227635,0
0.0,0.00054398953,0
1.0,0.9999999,1
0.0,0.03981217,0
0.0,0.45431164,0
0.0,0.00010660154,0
0.0,6.6602124e-06,0
0.0,0.029040214,0
0.0,0.019517956,0
0.0,0.0017984742,0
0.0,4.5787374e-06,0
0.0,0.008251848,0
0.0,0.27685693,0
1.0,0.9999999,1
0.0,0.009800308,0
0.0,0.5261466,1
0.0,0.07026441,0
0.0,0.0005501859,0
0.0,0.011193975,0
1.0,0.9999999,1
0.0,0.011211611,0
0.0,0.010991249,0
0.0,0.15462552,0
0.0,0.18933089,0
0.0,0.049407493,0
0.0,0.0046597915,0
0.0,0.12401476,0
1.0,0.9999999,1
0.0,3.8775604e-05,0
0.0,0.00053418067,0
0.0,0.005135721,0
0.0,0.008044865,0
0.0,0.00019771009,0
0.0,0.0053439145,0
0.0,0.0013745576,0
0.0,0.014820964,0
0.0,0.015494102,0
0.0,0.20542997,0
0.0,0.010964886,0
0.0,1.3671325e-05,0
0.0,0.1944005,0
0.0,0.03736779,0
1.0,0.9999999,1
1.0,0.8011112,1
0.0,0.04210651,0
1.0,0.9999999,1
1.0,0.43945172,0
1.0,0.9999999,1
0.0,0.00081551407,0
0.0,0.07967004,0
0.0,0.06003568,0
0.0,0.09052985,0
0.0,0.08733077,0
0.0,0.0042872387,0
0.0,0.0056450604,0
0.0,0.019187693,0
0.0,0.0928753,0
0.0,0.002056974,0
0.0,0.00090717233,0
0.0,0.060481437,0
1.0,0.9999999,1
0.0,9.674849e-07,0
0.0,0.01530019,0
0.0,0.38111275,0
0.0,0.00015784994,0
0.0,0.11395338,0
0.0,0.034964245,0
0.0,0.05304277,0
0.0,0.10251883,0
0.0,0.023401117,0
1.0,0.9999999,1
1.0,0.9999999,1
0.0,0.003326068,0
0.0,0.015429745,0
0.0,0.1611214,0
0.0,0.0006147107,0
1.0,0.99763954,1
0.0,0.0002579737,0
0.0,0.05101267,0
0.0,0.46919805,0
0.0,0.017178528,0
0.0,0.0054152994,0
0.0,0.00024222801,0
0.0,0.00092326466,0
0.0,0.36341935,0
0.0,0.016147176,0
0.0,0.00016543809,0
1.0,0.9999999,1
0.0,0.24179989,0
0.0,0.0015621694,0
1.0,0.33399314,0
0.0,7.568684e-05,0
1.0,0.9999999,1
0.0,0.40847352,0
0.0,0.001638544,0
0.0,0.00037876537,0
0.0,0.00088645844,0
0.0,0.15100732,0
0.0,0.069573976,0
0.0,0.00024615985,0
0.0,0.1082387,0
0.0,0.04362367,0
0.0,5.3027343e-06,0
0.0,0.32422295,0
1.0,0.9999999,1
1.0,0.9999999,1
0.0,0.770056,1
0.0,0.0010405004,0
0.0,0.5721001,1
0.0,0.002215601,0
0.0,0.29428494,0
0.0,0.065434046,0
0.0,0.3333061,0
0.0,0.3107623,0
0.0,0.0023932115,0
0.0,0.36508262,0
0.0,0.0008644332,0
0.0,0.054715104,0
0.0,0.073345356,0
0.0,0.36421698,0
0.0,9.030559e-06,0
1.0,0.9999999,1
0.0,0.000115039504,0
0.0,0.027981915,0
0.0,0.35394123,0
0.0,0.035322707,0
0.0,0.007264927,0
1.0,1.0,1
0.0,0.0001650601,0
0.0,0.07820463,0
0.0,0.0014173446,0
0.0,0.0023322727,0
0.0,0.0036229072,0
0.0,0.28426877,0
0.0,0.00049520965,0
0.0,2.1832979e-05,0
1.0,0.9999999,1
0.0,0.00027780098,0
0.0,0.027973782,0
0.0,3.3794713e-06,0
0.0,4.3072814e-07,0
0.0,0.015239587,0
0.0,2.421624e-05,0
0.0,0.0002612105,0
0.0,0.00015295781,0
0.0,0.0223328,0
0.0,0.0005242167,0
0.0,0.00020087312,0
1.0,1.0,1
0.0,0.0028135304,0
0.0,0.01430731,0
0.0,0.034371156,0
0.0,0.0006221113,0
0.0,0.015285008,0
0.0,0.019434748,0
1.0,0.9515882,1
0.0,0.1765787,0
0.0,0.6652694,1
0.0,0.011331011,0
0.0,0.4781989,0
0.0,0.47279432,0
0.0,0.0020823078,0
0.0,0.046526853,0
0.0,0.0684636,0
1.0,0.9997483,1
0.0,0.17786106,0
0.0,0.001994742,0
0.0,7.962053e-05,0
0.0,0.08137085,0
0.0,0.00063575146,0
0.0,0.002583424,0
0.0,0.06678343,0
0.0,0.045939945,0
1.0,0.8977749,1
0.0,0.1325262,0
0.0,3.7994557e-06,0
0.0,0.017792061,0
0.0,0.00019019721,0
1.0,0.9999999,1
0.0,0.09033601,0
0.0,0.021676179,0
0.0,0.00012511613,0
0.0,0.0004914002,0
0.0,0.016912099,0
0.0,0.999925,1
0.0,0.009509946,0
0.0,1.01673595e-05,0
0.0,0.0033788758,0
0.0,0.0007029544,0
0.0,5.847432e-05,0
1.0,0.9999999,1
0.0,0.02847914,0
0.0,0.03322735,0
0.0,0.0035625275,0
0.0,0.14405344,0
0.0,0.845932,1
0.0,0.0006793804,0
0.0,1.6641563e-05,0
0.0,0.045987133,0
0.0,3.655118e-05,0
0.0,0.0010907957,0
0.0,0.21980557,0
0.0,0.015285231,0
0.0,0.100077525,0
0.0,0.35970917,0
0.0,0.026348127,0
1.0,0.9999999,1
0.0,0.0004845977,0
0.0,0.1376151,0
0.0,3.69016e-06,0
0.0,0.012571009,0
0.0,1.7154312e-05,0
0.0,0.00015412967,0
0.0,0.0067729866,0
0.0,0.058908485,0
1.0,0.70495236,1
0.0,0.096005164,0
0.0,0.0022671323,0
0.0,0.00059884513,0
0.0,0.00053538644,0
1.0,0.9999901,1
0.0,0.0011632252,0
0.0,0.007011215,0
0.0,2.4857021e-05,0
0.0,0.013330772,0
0.0,0.00010819308,0
0.0,0.18958417,0
0.0,0.0006500156,0
1.0,0.9999999,1
1.0,0.98084867,1
0.0,0.013677675,0
0.0,0.4142191,0
1.0,0.9999999,1
0.0,2.804826e-05,0
1.0,1.0,1
1.0,0.9873237,1
0.0,0.47677976,0
0.0,0.000520032,0
0.0,0.0073775565,0
0.0,0.00012888061,0
0.0,0.24933036,0
0.0,2.0379639e-05,0
1.0,0.9999999,1
0.0,0.0016030121,0
0.0,0.025057374,0
0.0,0.05266023,0
1.0,0.5396241,1
0.0,0.07134985,0
0.0,0.0025328984,0
0.0,0.0003549781,0
0.0,0.0016107968,0
0.0,0.010523027,0
1.0,0.9999999,1
0.0,0.000768342,0
1.0,0.9965919,1
0.0,0.00023814087,0
0.0,0.00017414287,0
1.0,0.9495985,1
0.0,0.0459742,0
0.0,0.010220732,0
0.0,0.034990303,0
0.0,0.017921407,0
0.0,0.2331679,0
0.0,0.019850617,0
0.0,0.0023936285,0
0.0,0.007893045,0
0.0,0.06310008,0
1.0,0.94539607,1
0.0,0.016950069,0
1.0,0.9999999,1
1.0,0.9999999,1
0.0,0.001892515,0
0.0,0.0020355987,0
1.0,0.9999999,1
1.0,0.98524994,1
0.0,0.0022295222,0
0.0,0.013952188,0
0.0,0.0068476554,0
0.0,0.10541941,0
0.0,0.003838392,0
0.0,0.0020598401,0
0.0,0.0084983,0
0.0,0.000113550224,0
1.0,0.8524633,1
1.0,0.40427727,0
0.0,0.024289249,0
0.0,0.25782412,0
0.0,0.33513948,0
0.0,0.0014195443,0
0.0,0.75281256,1
0.0,0.00020995513,0
0.0,0.23650761,0
0.0,0.0045548836,0
0.0,8.6218504e-05,0
0.0,2.1337657e-06,0
0.0,1.7149749e-05,0
0.0,0.0002747487,0
0.0,0.048459567,0
0.0,0.03203145,0
0.0,2.5607278e-06,0
1.0,1.0,1
0.0,0.050218172,0
0.0,8.176617e-06,0
0.0,0.021715177,0
0.0,0.006539092,0
1.0,0.006430216,0
0.0,0.004243426,0
0.0,0.02760111,0
0.0,0.008329628,0
0.0,0.024938738,0
0.0,0.13993971,0
0.0,0.45983884,0
0.0,0.0027558096,0
0.0,0.7623818,1
0.0,0.00010196093,0
0.0,0.32473993,0
0.0,0.016166959,0
1.0,0.9999995,1
0.0,0.17292514,0
0.0,0.007211017,0
0.0,0.021219589,0
0.0,0.007848886,0
0.0,0.06492082,0
1.0,0.57532096,1
0.0,0.05017184,0
0.0,0.12794696,0
0.0,0.0030795918,0
0.0,0.00033633466,0
0.0,0.002344012,0
0.0,0.18467201,0
0.0,0.08946359,0
0.0,0.007173036,0
0.0,0.00066499686,0
1.0,0.9999999,1
0.0,0.10173934,0
0.0,0.3419523,0
0.0,0.18554993,0
0.0,0.09911402,0
0.0,0.007665135,0
1.0,0.9999999,1
0.0,0.059029076,0
0.0,0.030827023,0
0.0,0.00054404343,0
1.0,0.9999999,1
1.0,0.9911048,1
0.0,0.00017848528,0
0.0,0.7259482,1
0.0,5.368291e-05,0
0.0,3.0071214e-06,0
0.0,8.649784e-06,0
1.0,0.9798075,1
0.0,0.14030227,0
0.0,0.00019766748,0
0.0,1.9411017e-07,0
0.0,0.00031572513,0
0.0,0.059099328,0
0.0,0.46966687,0
0.0,0.013539496,0
0.0,4.7844347e-05,0
0.0,0.024929767,0
0.0,0.025205899,0
0.0,0.89065486,1
0.0,0.41524696,0
0.0,8.843378e-06,0
1.0,0.9346209,1
0.0,0.013496459,0
0.0,1.9982253e-06,0
1.0,0.4396299,0
0.0,0.00018179922,0
0.0,0.008943663,0
0.0,0.0011276198,0
0.0,0.0076452955,0
0.0,0.0057187444,0
0.0,2.1215121e-06,0
0.0,8.7140616e-05,0
1.0,0.8075268,1
0.0,3.5110407e-08,0
1.0,1.0,1
0.0,0.0032309808,0
0.0,0.0017645025,0
0.0,1.0696581e-05,0
0.0,0.00035572014,0
0.0,0.0003301483,0
0.0,0.008142162,0
0.0,0.0016856366,0
0.0,0.00037928642,0
1.0,0.9763421,1
0.0,0.00013125439,0
0.0,0.0019583,0
0.0,0.017618455,0
0.0,0.0018982957,0
0.0,0.00072851195,0
0.0,0.36124295,0
0.0,0.0019281738,0
0.0,0.00017754882,0
0.0,0.0008501104,0
0.0,0.00031940115,0
0.0,0.18216883,0
0.0,0.00029312595,0
0.0,0.0010633306,0
0.0,0.1792095,0
0.0,0.0043672556,0
0.0,0.00044405917,0
0.0,0.45695758,0
0.0,0.0089844605,0
0.0,0.06413004,0
0.0,0.00042718832,0
1.0,0.9999999,1
0.0,0.22643039,0
0.0,0.38395935,0
0.0,0.05554147,0
0.0,0.0032961783,0
0.0,0.31203112,0
0.0,0.0009140862,0
1.0,0.4318875,0
0.0,0.03863077,0
0.0,4.1846204e-05,0
0.0,0.0005055156,0
0.0,0.13225153,0
1.0,0.37505028,0
0.0,0.028916886,0
0.0,0.0016383835,0
0.0,0.00025713755,0
0.0,0.33056027,0
0.0,0.8809578,1
0.0,0.032340474,0
0.0,0.07196496,0
0.0,0.0016709602,0
1.0,0.99285054,1
0.0,0.114360385,0
0.0,4.285477e-06,0
0.0,0.85020834,1
0.0,0.0005573956,0
0.0,0.07976195,0
0.0,0.14774966,0
0.0,0.037846472,0
0.0,0.0027300357,0
0.0,0.0006923256,0
0.0,0.46685368,0
0.0,0.00011965014,0
0.0,0.00033255765,0
0.0,0.006439628,0
0.0,0.0026123072,0
0.0,2.8927013e-06,0
0.0,0.0043095616,0
1.0,0.2701915,0
0.0,0.00018277919,0
0.0,0.008315291,0
0.0,0.3068439,0
0.0,0.016586255,0
0.0,0.00055551913,0
0.0,0.0059645195,0
0.0,0.1978204,0
0.0,0.0012224935,0
0.0,3.74859e-05,0
0.0,0.045546416,0
0.0,0.0010263846,0
0.0,0.00024528644,0
0.0,0.0003573053,0
0.0,0.7006445,1
1.0,0.9999999,1
0.0,0.0036560872,0
1.0,0.9999999,1
0.0,0.012370804,0
0.0,0.00043227265,0
0.0,0.012576779,0
0.0,0.008448602,0
0.0,0.029096631,0
1.0,0.9999999,1
1.0,0.9980002,1
0.0,0.0055146897,0
0.0,0.0009856147,0
1.0,0.44856486,0
0.0,0.03148391,0
0.0,0.02264914,0
1.0,0.5318725,1
0.0,0.01594044,0
1.0,1.0,1
0.0,0.15898506,0
0.0,0.0026909744,0
0.0,2.2546046e-05,0
0.0,0.0026993179,0
1.0,0.96756583,1
0.0,5.7036297e-05,0
0.0,0.33415404,0
0.0,0.0011047908,0
0.0,0.12462875,0
0.0,1.1810734e-05,0
1.0,0.95527697,1
0.0,0.12652566,0
0.0,0.24610324,0
0.0,0.0030067163,0
0.0,0.0018888948,0
0.0,4.6456942e-05,0
0.0,0.064037375,0
1.0,1.0,1
0.0,0.0036691956,0
0.0,0.002617727,0
0.0,7.3387528e-06,0
0.0,1.0551969e-05,0
0.0,0.0003177904,0
1.0,0.0018450746,0
0.0,0.005883525,0
0.0,0.0018019266,0
0.0,0.0056613144,0
0.0,0.0018222687,0
1.0,0.01646928,0
0.0,0.005943173,0
0.0,0.0038255267,0
0.0,0.001009022,0
0.0,0.030409792,0
0.0,0.0002147331,0
1.0,0.9999999,1
0.0,0.0037562542,0
0.0,0.016892297,0
0.0,0.33562654,0
0.0,0.0067183226,0
1.0,0.4128057,0
0.0,0.10285046,0
0.0,0.052462444,0
0.0,0.031582825,0
0.0,0.029833563,0
0.0,1.1852133e-05,0
0.0,0.003731809,0
0.0,0.00090424204,0
0.0,0.00017525177,0
0.0,0.073928244,0
0.0,0.032021206,0
1.0,0.99609405,1
0.0,0.0022363735,0
1.0,0.9999999,1
1.0,1.0,1
1.0,0.999877,1
1.0,0.9999999,1
0.0,0.0004528342,0
0.0,0.13775049,0
0.0,0.089357264,0
1.0,0.7102456,1
0.0,0.18917684,0
0.0,0.009846183,0
0.0,0.020520823,0
1.0,0.39291757,0
0.0,1.4380515e-05,0
0.0,0.3359419,0
0.0,0.00012262429,0
0.0,0.2502093,0
0.0,0.019535527,0
0.0,0.013052277,0
0.0,0.036955673,0
0.0,0.04184441,0
0.0,0.09497292,0
0.0,0.04819711,0
1.0,0.9542302,1
0.0,0.017749645,0
0.0,0.02693162,0
1.0,0.9999999,1
0.0,0.28662,0
1.0,0.9999999,1
0.0,0.22298111,0
1.0,0.9999999,1
0.0,0.060643945,0
0.0,0.31758007,0
0.0,0.0028131385,0
0.0,0.0031168761,0
0.0,0.00037462186,0
0.0,0.14785971,0
0.0,7.927778e-05,0
0.0,0.00016695147,0
1.0,0.7644435,1
0.0,0.0025115507,0
0.0,1.01091355e-05,0
0.0,0.27700707,0
0.0,0.6072125,1
0.0,7.012048e-05,0
0.0,0.25441575,0
0.0,0.011576484,0
0.0,0.03895226,0
0.0,8.109683e-06,0
0.0,2.844721e-05,0
0.0,0.026871726,0
0.0,0.00086499756,0
0.0,0.006546344,0
0.0,0.021076748,0
0.0,0.02436619,0
0.0,0.0015537589,0
1.0,0.9999999,1
0.0,0.15166022,0
0.0,0.023587849,0
0.0,0.0013953395,0
0.0,0.4510661,0
0.0,0.021001091,0
0.0,0.04081156,0
0.0,0.00015482049,0
0.0,0.121078245,0
0.0,0.1698362,0
0.0,3.8209648e-05,0
0.0,0.0005045143,0
0.0,6.024059e-05,0
0.0,0.002698267,0
0.0,0.20934185,0
0.0,0.016874466,0
0.0,0.0005356774,0
1.0,0.99814606,1
0.0,0.28080016,0
0.0,0.0028418258,0
0.0,0.00035125422,0
1.0,0.99984074,1
0.0,0.008772364,0
0.0,0.0063022682,0
0.0,0.2239201,0
1.0,0.9999999,1
0.0,0.0013514752,0
0.0,0.008923963,0
0.0,0.34431922,0
0.0,3.6020712e-05,0
0.0,0.004909569,0
0.0,0.00017797375,0
0.0,0.00023765226,0
0.0,0.6585544,1
0.0,0.086413816,0
1.0,0.9999999,1
0.0,0.07254829,0
0.0,0.0015441764,0
0.0,0.2621886,0
1.0,0.9981154,1
0.0,0.0010300311,0
0.0,0.0011841756,0
0.0,0.0028702712,0
0.0,0.00038259142,0
1.0,0.9999999,1
1.0,0.9895573,1
0.0,0.0022649213,0
0.0,0.08086985,0
0.0,0.000519119,0
1.0,0.9999999,1
0.0,0.04013075,0
0.0,5.679254e-05,0
0.0,0.0033701821,0
0.0,5.347011e-05,0
0.0,0.004556886,0
0.0,0.00063754775,0
0.0,0.2503995,0
0.0,0.024558775,0
0.0,0.004434879,0
0.0,0.03208316,0
0.0,0.0001815806,0
0.0,0.3203295,0
1.0,0.9999999,1
1.0,0.9999999,1
0.0,0.57627416,1
0.0,0.0020501385,0
0.0,6.2102234e-05,0
0.0,0.009971032,0
0.0,0.17388864,0
0.0,0.0026770066,0
0.0,0.2902965,0
0.0,0.0018445513,0
1.0,0.9999999,1
1.0,0.9999999,1
0.0,0.00034684764,0
1.0,0.9999999,1
0.0,0.023669004,0
0.0,0.005942221,0
0.0,0.0008150681,0
0.0,0.013612171,0
1.0,0.99621505,1
0.0,0.111147396,0
0.0,0.00054798933,0
0.0,0.111862,0
0.0,5.788722e-07,0
0.0,0.03927209,0
0.0,0.015789896,0
0.0,0.00023389127,0
0.0,0.4312526,0
0.0,0.40034294,0
1.0,0.9999999,1
0.0,0.044460066,0
0.0,0.0037565324,0
0.0,0.0010558954,0
0.0,0.011344549,0
0.0,0.015458182,0
0.0,0.013638355,0
0.0,0.0039892457,0
0.0,0.00014486887,0
0.0,0.0014760687,0
0.0,0.0063144425,0
0.0,0.019204265,0
0.0,0.0049090562,0
1.0,0.9999999,1
0.0,0.00018680857,0
0.0,9.230104e-06,0
1.0,0.9853335,1
0.0,2.563372e-05,0
0.0,0.021860868,0
0.0,0.53926164,1
0.0,4.760325e-06,0
0.0,0.4386851,0
0.0,0.23554787,0
1.0,0.9999999,1
0.0,0.018982781,0
1.0,0.9974583,1
0.0,0.262798,0
0.0,4.4185483e-05,0
0.0,0.00027971104,0
0.0,0.068161994,0
0.0,0.001267123,0
1.0,0.964698,1
0.0,0.025667902,0
0.0,0.27322358,0
0.0,0.027860546,0
0.0,0.2616707,0
0.0,0.00033511172,0
0.0,0.0013769587,0
0.0,0.014551352,0
0.0,0.3808978,0
1.0,0.9999999,1
0.0,2.1073038e-05,0
1.0,0.9999999,1
0.0,0.0028399848,0
0.0,6.935617e-05,0
0.0,0.0019039279,0
0.0,0.00070339337,0
0.0,0.045234915,0
0.0,0.6683318,1
0.0,0.15687871,0
0.0,0.0015569207,0
1.0,0.99607384,1
0.0,0.013949825,0
1.0,1.0,1
0.0,0.34681585,0
1.0,0.9748097,1
0.0,0.008388049,0
0.0,0.002404679,0
1.0,0.9999999,1
0.0,0.015822165,0
0.0,0.00027493,0
0.0,0.015368718,0
0.0,0.00117246,0
0.0,0.0013171849,0
0.0,0.5381573,1
1.0,0.70224434,1
1.0,0.9999999,1
1.0,0.99183196,1
0.0,0.017447315,0
0.0,0.0008090363,0
0.0,0.042960927,0
0.0,0.14077935,0
0.0,0.0019292333,0
0.0,0.123060025,0
1.0,0.9999999,1
1.0,0.9999999,1
1.0,0.05907631,0
1.0,1.0,1
0.0,0.044805583,0
1.0,0.9979164,1
0.0,0.18828537,0
0.0,0.00074659614,0
1.0,0.9999999,1
1.0,0.9999999,1
0.0,0.0019246902,0
0.0,4.245808e-05,0
0.0,0.028393053,0
0.0,0.3423653,0
1.0,1.0,1
0.0,0.00037018256,0
0.0,0.0005657055,0
0.0,0.0008147812,0
1.0,0.8858372,1
0.0,0.0032346805,0
0.0,0.00031421022,0
0.0,0.008804623,0
0.0,0.0037248642,0
0.0,0.2167143,0
0.0,0.0013487237,0
0.0,0.0045465473,0
1.0,0.9999088,1
0.0,0.017421715,0
0.0,0.0007083109,0
0.0,0.0023227239,0
0.0,0.10921684,0
0.0,0.16700742,0
0.0,0.0054014614,0
0.0,0.00032831842,0
1.0,0.34875235,0
0.0,0.0007208597,0
0.0,0.07907665,0
0.0,0.0003352015,0
1.0,0.491966,0
0.0,0.011101113,0
0.0,0.31832707,0
0.0,0.013449471,0
0.0,0.47016516,0
0.0,0.28778073,0
0.0,3.7647213e-05,0
0.0,0.03428767,0
1.0,0.8299215,1
0.0,0.00046006442,0
0.0,0.02852801,0
0.0,0.50401247,1
0.0,0.016518762,0
0.0,0.0069932444,0
1.0,0.9798149,1
0.0,0.052521978,0
0.0,0.0020268548,0
0.0,0.04643212,0
0.0,0.018874105,0
0.0,0.0067777615,0
1.0,1.0,1
0.0,0.0065875403,0
0.0,9.574239e-05,0
0.0,0.00018213426,0
0.0,0.00071763125,0
0.0,1.585325e-05,0
0.0,0.5638346,1
0.0,0.021076748,0
0.0,0.00909881,0
0.0,0.005382821,0
0.0,0.7310091,1
0.0,1.7566939e-06,0
0.0,0.21690953,0
1.0,0.99975973,1
0.0,0.36125118,0
0.0,9.941726e-07,0
0.0,0.00058328465,0
0.0,0.00026905094,0
0.0,0.0021574015,0
0.0,0.040938005,0
0.0,0.0059537604,0
1.0,0.9604211,1
0.0,0.0012300196,0
0.0,3.3744916e-05,0
0.0,0.0003512487,0
0.0,0.04797686,0
0.0,0.0035091848,0
0.0,0.01457342,0
0.0,0.0016399745,0
0.0,0.0007459142,0
0.0,0.0018594647,0
0.0,0.038730603,0
1.0,1.0,1
0.0,0.065716,0
0.0,0.009647602,0
0.0,0.0054677133,0
0.0,0.0013053294,0
1.0,0.9999999,1
0.0,0.6304244,1
1.0,0.99607384,1
0.0,0.08835756,0
0.0,0.01170681,0
0.0,0.0001088339,0
0.0,0.0026417496,0
0.0,0.0069143698,0
0.0,0.0023182575,0
1.0,0.9999999,1
1.0,0.24661258,0
0.0,0.000296772,0
0.0,8.642652e-05,0
0.0,2.982249e-06,0
1.0,0.9999999,1
0.0,3.2314997e-06,0
0.0,0.0477503,0
1.0,0.7387736,1
1.0,1.0,1
0.0,0.29109964,0
0.0,1.4787668e-05,0
0.0,0.012083434,0
0.0,7.098907e-05,0
0.0,0.037160166,0
0.0,0.05005938,0
0.0,0.0006541783,0
0.0,0.0003327089,0
0.0,0.030642577,0
1.0,0.18783318,0
0.0,0.0021535154,0
0.0,0.002188868,0
1.0,0.9999999,1
0.0,0.0014167055,0
0.0,0.00025324977,0
0.0,6.6178996e-05,0
0.0,0.00027630222,0
0.0,3.524529e-05,0
0.0,0.0046965797,0
0.0,0.0006861355,0
0.0,0.68983597,1
0.0,0.059829246,0
0.0,0.27389106,0
0.0,4.2456624e-05,0
0.0,0.0063767033,0
0.0,5.11042e-05,0
0.0,0.45809105,0
0.0,0.0010386399,0
0.0,2.2490727e-05,0
0.0,0.003879817,0
1.0,0.96496814,1
0.0,0.177209,0
0.0,0.024445837,0
0.0,3.3601118e-05,0
0.0,0.011422026,0
1.0,0.9999999,1
0.0,0.37356165,0
0.0,0.08509512,0
0.0,0.007151573,0
0.0,4.9105394e-05,0
0.0,0.01894387,0
0.0,0.0072992286,0
0.0,0.00011607652,0
0.0,0.35839048,0
0.0,0.5285402,1
0.0,0.00060645473,0
0.0,0.0603938,0
0.0,0.060925607,0
0.0,0.014170208,0
0.0,0.0009969681,0
0.0,0.37648582,0
0.0,0.008081023,0
0.0,5.4316257e-07,0
0.0,0.08876142,0
1.0,0.7667369,1
0.0,0.0005340967,0
0.0,0.029997598,0
0.0,0.0019039279,0
0.0,0.4672166,0
1.0,0.9748161,1
0.0,0.18945357,0
1.0,0.9999999,1
0.0,0.07563628,0
0.0,0.033742297,0
0.0,0.19275592,0
0.0,0.63879484,1
0.0,0.02023559,0
1.0,0.9999999,1
0.0,0.008123099,0
0.0,0.07084993,0
0.0,0.44690752,0
0.0,0.006772778,0
0.0,0.00010787157,0
0.0,0.028484058,0
0.0,0.00025756744,0
1.0,0.9999999,1
0.0,0.002162431,0
0.0,0.28707436,0
0.0,0.21119164,0
0.0,0.0017595281,0
0.0,0.032229904,0
1.0,0.91348535,1
0.0,0.18805858,0
0.0,0.0753872,0
0.0,0.004130502,0
0.0,0.00016398205,0
0.0,0.8921745,1
0.0,0.005706419,0
1.0,0.9582032,1
0.0,0.008345473,0
0.0,0.00019335747,0
0.0,0.0007600424,0
0.0,2.5415698e-05,0
0.0,0.044367824,0
0.0,0.0946662,0
0.0,0.47334796,0
0.0,9.110878e-06,0
0.0,0.000565221,0
0.0,4.587663e-06,0
1.0,0.4478054,0
0.0,4.6359088e-05,0
0.0,0.016940663,0
0.0,0.02476032,0
0.0,0.034856167,0
0.0,0.0043653175,0
0.0,0.010565827,0
0.0,0.0075260014,0
0.0,0.0039007026,0
1.0,0.9657459,1
0.0,1.2001244e-05,0
0.0,0.05437494,0
0.0,8.7547574e-05,0
0.0,0.0015334594,0
0.0,0.29492307,0
0.0,0.0019511981,0
1.0,0.8486332,1
1.0,0.98668057,1
0.0,0.1089591,0
0.0,0.0023178726,0
1.0,1.0,1
0.0,0.008085947,0
0.0,0.3583413,0
0.0,0.0021828192,0
0.0,0.0016187995,0
0.0,0.000861377,0
0.0,0.25895312,0
1.0,0.9967002,1
1.0,0.99803025,1
0.0,0.0015013046,0
1.0,0.99993205,1
0.0,0.0010777058,0
0.0,0.84641665,1
0.0,0.0072181616,0
0.0,0.04424003,0
1.0,0.9999999,1
0.0,0.14072962,0
0.0,0.3908783,0
1.0,0.9999999,1
0.0,0.17298478,0
0.0,0.59906906,1
0.0,0.26705158,0
0.0,0.0009726338,0
0.0,0.0051289354,0
0.0,0.2600148,0
1.0,0.9999999,1
0.0,0.00018948078,0
0.0,0.08110014,0
0.0,0.0014706475,0
0.0,1.6502738e-05,0
1.0,0.9999999,1
0.0,9.8194214e-05,0
0.0,0.12135577,0
0.0,0.009870835,0
0.0,0.5066455,1
0.0,0.009593578,0
0.0,0.00014268265,0
0.0,0.00010175047,0
1.0,0.98292494,1
0.0,0.008636197,0
0.0,0.00080592924,0
0.0,0.09690884,0
1.0,0.80451035,1
1.0,0.99293244,1
0.0,7.0170645e-05,0
0.0,0.00037070538,0
0.0,0.103511475,0
0.0,0.15419087,0
0.0,0.0046393066,0
0.0,0.42410764,0
0.0,0.31243405,0
0.0,0.007032899,0
0.0,0.005174548,0
1.0,0.9999999,1
0.0,0.0052296375,0
0.0,0.007461798,0
0.0,1.9062168e-06,0
0.0,6.1179846e-05,0
0.0,0.07224537,0
1.0,0.9999999,1
0.0,0.020572376,0
0.0,0.0005251119,0
0.0,4.8469083e-05,0
0.0,0.7240132,1
0.0,0.00010120528,0
0.0,0.62920153,1
0.0,2.540565e-06,0
0.0,0.0005975347,0
0.0,0.040373676,0
0.0,9.924117e-05,0
0.0,0.09917293,0
0.0,0.0054958877,0
0.0,0.52879703,1
1.0,0.10274262,0
0.0,0.037306476,0
0.0,0.16625619,0
1.0,0.9999999,1
0.0,0.050752565,0
0.0,0.024533978,0
0.0,2.623261e-05,0
0.0,4.982793e-05,0
1.0,1.0,1
1.0,0.6444533,1
0.0,0.0007130617,0
0.0,0.0006357457,0
0.0,0.0021167616,0
0.0,0.0038384045,0
0.0,0.09115473,0
0.0,0.02693162,0
0.0,3.9350354e-05,0
1.0,0.9497771,1
0.0,0.0012430963,0
0.0,0.44567874,0
0.0,0.0012758498,0
0.0,0.0017519472,0
0.0,0.005165601,0
0.0,0.016738825,0
1.0,0.9798711,1
0.0,0.35678685,0
0.0,0.0001941156,0
1.0,0.9411414,1
0.0,0.10752696,0
0.0,0.0018829252,0
0.0,0.40847352,0
0.0,0.011788498,0
0.0,0.0006910566,0
0.0,7.1720547e-06,0
0.0,0.00010228094,0
0.0,0.01182934,0
0.0,0.0018435778,0
1.0,0.9999999,1
0.0,0.37372354,0
0.0,3.1601296e-05,0
1.0,0.9999999,1
0.0,0.051622406,0
0.0,1.1884572e-05,0
0.0,0.003052279,0
1.0,0.98292494,1
1.0,0.9999999,1
0.0,0.00015056008,0
0.0,0.0034724323,0
0.0,6.7560877e-06,0
0.0,0.003098203,0
0.0,0.096117295,0
0.0,9.475265e-06,0
0.0,0.019534007,0
0.0,0.14744756,0
0.0,0.0010239147,0
0.0,3.4281205e-05,0
1.0,0.9999999,1
0.0,0.059352744,0
0.0,0.007505908,0
0.0,1.6415312e-05,0
0.0,0.004851785,0
0.0,0.002709845,0
1.0,0.96004903,1
0.0,1.8291572e-05,0
0.0,0.0011287712,0
0.0,0.000514582,0
1.0,0.9006282,1
0.0,4.5981804e-05,0
0.0,0.26917118,0
0.0,0.00067985,0
0.0,9.80044e-06,0
0.0,0.0061789104,0
0.0,0.0011188936,0
0.0,0.0016123051,0
0.0,0.003305613,0
1.0,0.9999999,1
0.0,0.0008982393,0
0.0,0.0009210776,0
1.0,0.9999999,1
1.0,1.0,1
0.0,7.976933e-05,0
0.0,0.022822136,0
0.0,0.0016922606,0
0.0,0.008833483,0
0.0,0.033984628,0
0.0,0.001274384,0
0.0,0.003994042,0
0.0,0.09654368,0
1.0,0.98456144,1
0.0,0.015333242,0
0.0,8.725715e-07,0
0.0,0.40834403,0
0.0,0.0018341305,0
0.0,8.36686e-05,0
0.0,0.008596089,0
0.0,0.018103298,0
0.0,0.6919548,1
0.0,0.0022434113,0
0.0,0.0129095195,0
0.0,0.00031790556,0
0.0,0.004936252,0
0.0,0.0065713273,0
0.0,0.1023982,0
0.0,2.4219984e-05,0
0.0,0.03775014,0
0.0,3.0918557e-06,0
0.0,0.12566449,0
0.0,0.0006330916,0
0.0,0.00031572545,0
0.0,0.026132865,0
0.0,1.4482155e-06,0
1.0,0.9999999,1
0.0,0.31084692,0
0.0,0.06349026,0
0.0,0.005381101,0
0.0,2.2278411e-05,0
0.0,0.104888186,0
0.0,0.014921985,0
0.0,3.0939744e-05,0
0.0,0.010338729,0
0.0,0.045273285,0
0.0,8.033179e-06,0
0.0,0.1257603,0
1.0,0.8603713,1
0.0,0.0061760936,0
0.0,0.012911293,0
1.0,0.9999999,1
0.0,0.0030514507,0
0.0,0.003947058,0
0.0,0.25501907,0
0.0,0.019788837,0
0.0,3.6924957e-05,0
0.0,0.3458068,0
0.0,0.00086479075,0
0.0,0.0001907113,0
0.0,0.02033965,0
0.0,0.025507547,0
0.0,0.0007939488,0
0.0,0.08472819,0
0.0,0.002502087,0
1.0,0.9999856,1
0.0,0.004697128,0
1.0,0.9999999,1
0.0,0.6419751,1
0.0,6.546782e-05,0
0.0,8.655551e-05,0
0.0,0.025940817,0
0.0,0.00024012239,0
0.0,1.1849555e-05,0
0.0,0.00024113689,0
0.0,0.0037941493,0
0.0,0.04353791,0
1.0,1.0,1
0.0,0.008991099,0
0.0,0.4143159,0
0.0,0.00015529302,0
0.0,0.004389314,0
0.0,0.015832873,0
0.0,0.0011385926,0
1.0,0.04110629,0
0.0,0.0025356635,0
1.0,0.99182135,1
0.0,0.0063760234,0
0.0,0.0052083866,0
1.0,1.0,1
0.0,0.0010388686,0
0.0,0.21585302,0
0.0,0.00096803455,0
1.0,0.9999999,1
0.0,0.21344768,0
1.0,0.9999999,1
0.0,4.613399e-05,0
0.0,0.0021611308,0
0.0,0.23627844,0
0.0,0.087621495,0
0.0,0.009573093,0
0.0,0.001180001,0
0.0,0.059867382,0
0.0,0.023398072,0
1.0,0.9999999,1
0.0,6.543031e-05,0
0.0,0.08611445,0
1.0,0.9999999,1
0.0,0.021898715,0
0.0,0.01575972,0
0.0,0.0014553907,0
0.0,0.0042302795,0
0.0,0.003220869,0
0.0,0.0005279203,0
0.0,0.048191477,0
0.0,0.00013549392,0
0.0,0.0011519135,0
1.0,0.9999999,1
0.0,0.00041582246,0
0.0,0.057110004,0
0.0,0.0034492968,0
0.0,0.019963022,0
0.0,0.0006002317,0
0.0,0.0014628355,0
0.0,0.0011906113,0
0.0,0.114527136,0
0.0,0.012140825,0
1.0,0.94183195,1
1.0,0.73946255,1
0.0,0.0061408007,0
0.0,0.0016300653,0
0.0,0.18061371,0
0.0,0.00042524643,0
0.0,0.15744671,0
0.0,0.21980555,0
0.0,0.22666931,0
1.0,1.0,1
0.0,0.4307308,0
0.0,0.0022631404,0
0.0,0.0021839307,0
0.0,0.08215311,0
0.0,0.25903347,0
0.0,0.013693477,0
0.0,0.0013148317,0
0.0,0.0011632025,0
0.0,0.24953999,0
0.0,0.008151235,0
0.0,5.5157554e-05,0
1.0,0.9999999,1
0.0,0.05292374,0
0.0,0.011609421,0
0.0,0.002420057,0
0.0,0.44475418,0
0.0,0.10757443,0
0.0,0.0038682993,0
0.0,0.0049232133,0
0.0,0.005393321,0
0.0,0.0053721294,0
0.0,0.028529081,0
0.0,0.00028897595,0
0.0,0.0008939782,0
0.0,0.027881894,0
0.0,0.40835604,0
0.0,0.00023059202,0
0.0,0.26607114,0
0.0,0.017065654,0
1.0,0.99989986,1
0.0,0.008781587,0
0.0,0.00012317662,0
0.0,0.028598836,0
0.0,0.0048914924,0
0.0,0.0841889,0
0.0,0.009804279,0
0.0,0.42916578,0
0.0,0.2623469,0
0.0,0.013306973,0
0.0,0.0059242384,0
1.0,0.0005074445,0
0.0,0.0067409687,0
0.0,0.089053035,0
1.0,1.0,1
0.0,0.011039128,0
0.0,0.04107082,0
0.0,0.00047992403,0
0.0,0.012385809,0
1.0,0.9999999,1
0.0,0.16477323,0
0.0,0.0004804628,0
0.0,0.0017723443,0
0.0,5.067457e-05,0
0.0,0.18250242,0
0.0,0.023736997,0
0.0,6.2102234e-05,0
0.0,0.05699531,0
0.0,0.22811255,0
0.0,0.0069932374,0
0.0,0.0066635697,0
0.0,2.5936843e-05,0
1.0,0.99452114,1
0.0,0.1416868,0
0.0,1.1035312e-05,0
0.0,0.10544343,0
0.0,2.0848302e-05,0
0.0,0.08979973,0
1.0,0.5299686,1
0.0,0.00276825,0
0.0,0.0008135422,0
0.0,0.00014673067,0
0.0,5.9283366e-06,0
0.0,0.039644685,0
0.0,4.599263e-06,0
1.0,0.98654526,1
0.0,0.018210713,0
0.0,2.817227e-05,0
0.0,0.13007173,0
0.0,0.0032888595,0
0.0,0.0010234333,0
0.0,6.803197e-05,0
1.0,0.99986994,1
0.0,1.2426563e-06,0
0.0,0.004659089,0
0.0,0.0017634042,0
0.0,0.2855832,0
0.0,0.0015923188,0
1.0,0.9899871,1
0.0,0.021773776,0
0.0,0.00024076244,0
0.0,0.00011710446,0
0.0,0.0028419597,0
0.0,0.00073293765,0
0.0,9.344699e-05,0
0.0,0.6508258,1
1.0,0.9999999,1
0.0,0.4034663,0
0.0,0.048078533,0
1.0,1.0,1
0.0,0.3768496,0
0.0,0.005219623,0
0.0,0.3261533,0
0.0,0.025137082,0
0.0,0.007754821,0
0.0,4.637974e-05,0
1.0,0.8327775,1
0.0,0.014558533,0
1.0,0.9999999,1
0.0,0.0005281727,0
0.0,0.3343109,0
0.0,0.008153074,0
0.0,0.0013784631,0
1.0,1.0,1
1.0,0.9664755,1
1.0,0.049879894,0
1.0,0.19328964,0
0.0,0.005409313,0
0.0,0.13831066,0
1.0,0.9999962,1
1.0,0.8079804,1
0.0,1.4220167e-05,0
0.0,0.11722881,0
0.0,0.002925872,0
0.0,0.0045880717,0
0.0,0.056785747,0
0.0,2.5151723e-05,0
1.0,0.9999999,1
1.0,0.9999999,1
0.0,0.0202168,0
0.0,0.038401175,0
0.0,0.00016246244,0
1.0,1.0,1
0.0,0.14497831,0
0.0,0.004185735,0
0.0,2.9584485e-06,0
0.0,4.1846204e-05,0
0.0,0.046370298,0
0.0,0.299744,0
0.0,0.0014983596,0
1.0,0.9762538,1
0.0,0.06316156,0
0.0,0.00028954181,0
0.0,0.07169433,0
0.0,0.014228243,0
0.0,0.0018048992,0
0.0,0.00012238798,0
0.0,0.00604476,0
0.0,0.0984284,0
0.0,0.022037402,0
0.0,0.00076243153,0
0.0,0.06913588,0
0.0,0.0003056355,0
0.0,0.047473922,0
0.0,1.4699369e-05,0
0.0,0.006233135,0
0.0,0.002401741,0
0.0,0.0013660028,0
0.0,0.01573169,0
0.0,0.0027876906,0
1.0,0.9898974,1
1.0,0.9999999,1
0.0,0.0001339494,0
0.0,0.0063574864,0
0.0,0.26291868,0
0.0,0.07341756,0
0.0,0.081532665,0
0.0,0.07755471,0
0.0,8.8131565e-05,0
0.0,0.028698929,0
0.0,3.1680466e-07,0
0.0,0.011317429,0
0.0,0.006718106,0
0.0,0.44039884,0
0.0,0.0669291,0
1.0,0.9944629,1
1.0,0.028382525,0
0.0,0.00015450886,0
1.0,0.9999999,1
0.0,0.018637756,0
0.0,0.023376448,0
0.0,0.65035945,1
0.0,0.012234128,0
0.0,0.056988917,0
0.0,0.001158951,0
0.0,0.0005500155,0
0.0,0.016176868,0
0.0,0.2887718,0
0.0,0.0045823976,0
0.0,0.0002350699,0
0.0,0.13643967,0
0.0,0.1516709,0
0.0,0.010927253,0
0.0,0.046174675,0
0.0,5.1940326e-05,0
1.0,0.56943214,1
0.0,4.596886e-06,0
0.0,0.0127644325,0
0.0,0.00034136936,0
0.0,0.005049253,0
0.0,0.001633149,0
0.0,5.6993726e-05,0
1.0,0.7672175,1
0.0,0.589932,1
1.0,0.9999999,1
1.0,0.9999999,1
0.0,0.013334975,0
0.0,0.00036220846,0
0.0,3.182749e-05,0
0.0,0.0011267295,0
0.0,0.004924823,0
0.0,0.002357124,0
1.0,1.0,1
0.0,0.028853748,0
0.0,0.16657642,0
0.0,0.46392766,0
0.0,0.0013795609,0
0.0,0.3022568,0
0.0,0.007955855,0
0.0,0.0001570692,0
1.0,0.9999995,1
0.0,0.0034442164,0
0.0,0.0022440518,0
0.0,0.0010075931,0
0.0,0.47247818,0
0.0,0.0037495685,0
0.0,0.00043141883,0
1.0,0.021737525,0
0.0,0.00027445023,0
0.0,0.014913045,0
1.0,0.99834657,1
0.0,0.0006373713,0
0.0,0.1533816,0
0.0,0.00024358513,0
1.0,1.0,1
0.0,0.03600253,0
0.0,0.0023834275,0
0.0,3.6516013e-07,0
0.0,0.0003689477,0
0.0,0.0023274356,0
1.0,0.9999999,1
0.0,0.044907033,0
0.0,0.000283622,0
1.0,1.0,1
1.0,0.93393457,1
0.0,0.48638138,0
0.0,0.004310251,0
1.0,0.9999999,1
0.0,0.007944985,0
0.0,0.024894793,0
0.0,0.000866982,0
1.0,0.9977314,1
0.0,0.055582177,0
0.0,0.030609889,0
1.0,0.9988732,1
0.0,7.4756994e-05,0
0.0,0.010080332,0
0.0,0.018475905,0
0.0,0.4130592,0
0.0,0.03865088,0
0.0,0.00797357,0
0.0,0.00045162218,0
0.0,0.0046340073,0
0.0,0.007090054,0
0.0,9.734776e-05,0
0.0,0.001020269,0
0.0,0.006536862,0
0.0,0.00047672036,0
0.0,0.0027900073,0
0.0,0.16637468,0
0.0,0.010051367,0
0.0,0.00023934797,0
1.0,0.9999999,1
0.0,0.20641588,0
0.0,0.0030480246,0
0.0,0.014282485,0
0.0,0.010230697,0
0.0,0.052402887,0
1.0,0.9928639,1
0.0,0.0005558544,0
0.0,0.21131073,0
0.0,0.0002420546,0
0.0,0.009963418,0
0.0,0.032104112,0
0.0,0.21860515,0
0.0,0.17508896,0
1.0,0.8651289,1
0.0,0.0053134523,0
1.0,0.9999999,1
0.0,0.1659425,0
0.0,0.27700704,0
0.0,0.03973321,0
0.0,0.014228243,0
0.0,9.793685e-06,0
0.0,0.0007833925,0
0.0,0.0021034041,0
0.0,0.0008049806,0
1.0,0.61740553,1
0.0,0.00012615755,0
0.0,0.09442524,0
0.0,0.00069602364,0
0.0,0.00025618004,0
0.0,0.02099715,0
0.0,0.0020093694,0
0.0,0.010627038,0
0.0,0.0001119185,0
0.0,0.0013676623,0
0.0,0.17972194,0
0.0,0.17574659,0
0.0,0.16025122,0
0.0,0.031140141,0
0.0,0.031102234,0
0.0,0.002258292,0
0.0,0.021404307,0
0.0,0.1890311,0
0.0,0.0004727553,0
0.0,0.0021842935,0
1.0,0.9999999,1
0.0,0.0011321731,0
0.0,0.0049777026,0
0.0,0.000556245,0
0.0,0.026883462,0
0.0,0.011453108,0
0.0,0.34978563,0
0.0,0.08718551,0
0.0,0.00016777043,0
0.0,7.5502994e-06,0
0.0,0.0018976938,0
1.0,0.39535025,0
0.0,0.015432614,0
0.0,0.037186325,0
0.0,0.015981827,0
1.0,0.30503544,0
0.0,0.85665005,1
0.0,0.009109688,0
0.0,0.06641902,0
0.0,0.009146979,0
0.0,0.0010620697,0
1.0,0.99981695,1
1.0,1.0,1
0.0,0.0023936306,0
1.0,0.9999999,1
0.0,0.04146306,0
1.0,0.9952958,1
0.0,0.0089058215,0
0.0,0.00055567693,0
1.0,0.98706204,1
0.0,0.43556955,0
0.0,0.006156212,0
0.0,1.3719062e-05,0
0.0,0.05114113,0
1.0,0.99693584,1
0.0,0.19753738,0
0.0,0.002741153,0
0.0,0.02958814,0
0.0,0.00025080293,0
0.0,4.157326e-05,0
0.0,0.018109122,0
0.0,0.047118388,0
0.0,0.10038072,0
1.0,0.9999999,1
0.0,0.17535183,0
0.0,0.00040676614,0
0.0,0.03913242,0
0.0,0.038455736,0
0.0,0.009427219,0
1.0,0.5769464,1
1.0,0.9999999,1
0.0,4.053245e-05,0
0.0,0.0002822646,0
0.0,0.0012103815,0
0.0,3.2491567e-05,0
0.0,0.016936012,0
1.0,0.9983132,1
0.0,0.0013447566,0
0.0,0.033372678,0
0.0,0.03953793,0
0.0,0.004185735,0
0.0,0.004449706,0
0.0,0.00012398501,0
0.0,0.17003414,0
1.0,0.69181544,1
1.0,1.0,1
0.0,0.35411495,0
0.0,0.109938204,0
0.0,0.018791674,0
0.0,0.012695658,0
1.0,0.9999995,1
0.0,0.0014982625,0
0.0,0.35957307,0
0.0,0.0011813343,0
1.0,1.0,1
0.0,7.062217e-06,0
0.0,0.022821525,0
0.0,0.05296707,0
0.0,0.017778551,0
0.0,0.021773776,0
1.0,0.45253897,0
0.0,0.20545237,0
0.0,0.01744806,0
0.0,0.00037345654,0
0.0,0.023041435,0
0.0,0.008062746,0
1.0,0.9999999,1
0.0,0.029392522,0
0.0,0.0004249632,0
1.0,1.0,1
0.0,0.24393575,0
0.0,0.039779194,0
0.0,0.005244819,0
0.0,2.0257818e-05,0
0.0,0.00062615064,0
0.0,0.07492113,0
0.0,3.3577567e-07,0
1.0,0.9999999,1
0.0,7.679379e-06,0
0.0,0.0030876028,0
1.0,0.97452605,1
0.0,0.0004422054,0
0.0,0.20984511,0
0.0,0.005608866,0
0.0,0.11968293,0
0.0,0.00023500808,0
0.0,0.44343176,0
0.0,0.18737203,0
0.0,3.0848603e-06,0
0.0,0.00023090267,0
0.0,0.044055264,0
1.0,1.0,1
0.0,3.395563e-06,0
0.0,8.779135e-07,0
0.0,0.016070738,0
1.0,0.9999999,1
0.0,0.058695562,0
0.0,4.4675493e-05,0
0.0,0.09377951,0
1.0,0.9709853,1
0.0,0.24103378,0
0.0,0.20470096,0
0.0,0.020623969,0
0.0,0.00079059263,0
0.0,6.0989423e-06,0
0.0,0.01009424,0
1.0,0.7178804,1
0.0,0.0031098393,0
0.0,0.055125326,0
0.0,0.029515194,0
0.0,0.13623512,0
1.0,0.9999999,1
0.0,0.34800282,0
1.0,0.9999999,1
0.0,0.036484916,0
0.0,0.016654065,0
0.0,0.027904287,0
0.0,0.00027149892,0
1.0,0.85164726,1
0.0,0.1032692,0
0.0,0.0100382855,0
0.0,0.38781315,0
0.0,0.0045533613,0
1.0,0.98472196,1
0.0,0.34513503,0
0.0,0.0014502814,0
0.0,0.0062046605,0
0.0,0.004104201,0
1.0,0.020458456,0
0.0,0.002337729,0
0.0,0.34894955,0
0.0,0.01118616,0
0.0,0.013620958,0
0.0,0.00018662197,0
0.0,0.09248893,0
0.0,0.055642564,0
0.0,0.38247854,0
0.0,0.037760496,0
0.0,0.0023360127,0
0.0,0.00013072803,0
0.0,0.107107684,0
0.0,1.9218514e-05,0
1.0,0.37850124,0
0.0,0.025471834,0
0.0,2.3112048e-06,0
0.0,0.025527285,0
0.0,0.00022149262,0
0.0,0.009660147,0
0.0,0.0012141285,0
0.0,0.021143263,0
0.0,0.023721607,0
0.0,0.023406943,0
0.0,0.0032274306,0
0.0,0.034034494,0
0.0,1.5228318e-05,0
0.0,0.039472792,0
0.0,0.0010239147,0
0.0,1.4886056e-06,0
0.0,0.38702294,0
0.0,0.13645838,0
0.0,0.00010034464,0
0.0,0.009930374,0
0.0,0.00023855375,0
0.0,0.009865625,0
0.0,7.679379e-06,0
0.0,8.359921e-05,0
0.0,3.0542746e-05,0
0.0,0.11501469,0
0.0,9.743767e-05,0
0.0,0.24687564,0
0.0,0.0003649592,0
0.0,0.13690893,0
1.0,0.4625576,0
1.0,0.83502007,1
0.0,6.039463e-05,0
0.0,0.43346944,0
0.0,0.12257403,0
0.0,0.0030335651,0
0.0,0.009104383,0
0.0,0.69304556,1
0.0,0.41853127,0
0.0,0.0026191392,0
0.0,0.0021080852,0
0.0,0.0013817686,0
0.0,3.1734976e-06,0
0.0,0.0019765876,0
1.0,0.7335778,1
0.0,0.0043518036,0
0.0,0.0040571094,0
0.0,0.008438195,0
1.0,0.9999999,1
0.0,0.017532943,0
0.0,0.0035940805,0
0.0,3.2480668e-06,0
0.0,0.003278455,0
0.0,0.12700616,0
1.0,0.9999999,1
0.0,0.00032823265,0
0.0,0.2919998,0
0.0,6.472916e-05,0
0.0,0.0024106852,0
0.0,9.4501534e-05,0
0.0,0.0031772824,0
0.0,0.0061427397,0
0.0,0.0013985437,0
0.0,0.00021773428,0
0.0,0.00014532726,0
0.0,0.43669942,0
0.0,0.014062848,0
0.0,0.06540512,0
0.0,0.0022598526,0
0.0,1.3946749e-05,0
0.0,2.2404897e-06,0
0.0,0.00043343892,0
0.0,0.018215744,0
0.0,0.00025151728,0
0.0,0.06648178,0
0.0,0.16924396,0
0.0,0.0006737014,0
0.0,0.07357592,0
0.0,0.0014846299,0
0.0,0.0036546718,0
0.0,0.0022435607,0
0.0,4.888461e-06,0
0.0,4.3651118e-05,0
0.0,0.01027698,0
0.0,0.012976975,0
0.0,0.27861133,0
0.0,0.26292092,0
0.0,0.0004580349,0
1.0,0.9608718,1
0.0,0.00042060806,0
0.0,0.0068444386,0
0.0,0.018255847,0
0.0,0.00073635625,0
0.0,0.0006322788,0
0.0,0.0047070542,0
0.0,0.002234241,0
1.0,0.9999999,1
1.0,0.9999987,1
0.0,0.4656994,0
0.0,0.0032882735,0
0.0,0.008461587,0
0.0,4.011867e-05,0
0.0,0.39069042,0
0.0,0.34784472,0
0.0,0.0011978706,0
1.0,1.0,1
0.0,0.0019089562,0
0.0,8.669883e-05,0
1.0,0.9999999,1
0.0,0.009153563,0
0.0,0.010976606,0
0.0,0.01887494,0
0.0,0.01808082,0
0.0,0.00040378768,0
0.0,0.0011192391,0
1.0,0.9849258,1
0.0,0.00032232553,0
1.0,0.99790084,1
0.0,0.2845236,0
0.0,7.484966e-06,0
0.0,0.008662437,0
0.0,0.02431131,0
0.0,0.00013988688,0
1.0,0.8768531,1
0.0,3.9070026e-05,0
0.0,5.828454e-05,0
0.0,0.00012603407,0
1.0,0.5131672,1
1.0,0.9975223,1
0.0,0.031484175,0
0.0,0.0007700433,0
0.0,0.00034555566,0
0.0,0.00035808212,0
0.0,0.0021692673,0
0.0,0.0007420222,0
0.0,0.000298925,0
0.0,0.0036640044,0
1.0,0.7574803,1
1.0,0.66407055,1
0.0,0.010359476,0
1.0,0.9999999,1
0.0,3.6745074e-05,0
0.0,0.0066910153,0
0.0,0.00031210185,0
1.0,0.9954749,1
0.0,0.00017772413,0
0.0,0.42916578,0
0.0,0.00015768911,0
0.0,0.14004363,0
0.0,0.006787029,0
0.0,0.089029,0
1.0,0.99998784,1
0.0,6.519787e-05,0
0.0,2.0548507e-05,0
0.0,0.22005421,0
0.0,0.2080602,0
1.0,0.9999999,1
0.0,0.0009937198,0
0.0,0.01259209,0
0.0,0.011628615,0
0.0,5.455035e-05,0
0.0,0.0025695614,0
1.0,0.9999999,1
0.0,0.0036893024,0
0.0,0.017684212,0
0.0,3.1541282e-07,0
1.0,0.9999999,1
0.0,0.00021735884,0
0.0,0.1262796,0
0.0,9.907665e-05,0
0.0,0.0074320934,0
0.0,0.0010924945,0
0.0,0.082476094,0
0.0,0.00013764741,0
0.0,0.00011873723,0
0.0,0.1134063,0
0.0,0.058931768,0
0.0,0.268482,0
0.0,7.8358644e-05,0
0.0,0.016950823,0
1.0,0.99543047,1
0.0,0.014958104,0
1.0,1.0,1
0.0,0.027188394,0
0.0,0.0001223511,0
0.0,0.013212666,0
0.0,0.026904931,0
0.0,0.21002461,0
0.0,0.04500329,0
0.0,0.0014814269,0
0.0,0.08893636,0
1.0,0.34918243,0
0.0,0.06996477,0
1.0,0.9999999,1
0.0,0.00025395365,0
0.0,0.94267315,1
0.0,0.69749284,1
0.0,0.00019396833,0
0.0,0.00040619538,0
0.0,0.00028066497,0
0.0,0.002557043,0
0.0,0.0032691332,0
0.0,0.000207419,0
0.0,0.0028356141,0
0.0,0.007568418,0
0.0,0.0007524162,0
0.0,0.012183035,0
0.0,0.110912316,0
0.0,0.021049183,0
0.0,0.0003435996,0
0.0,0.31040636,0
0.0,0.001797301,0
0.0,0.3382384,0
0.0,0.42237598,0
0.0,3.4195195e-06,0
0.0,0.08672326,0
1.0,0.89378345,1
0.0,0.0010653498,0
0.0,0.19557871,0
0.0,0.00010888984,0
1.0,0.9999989,1
0.0,0.10096306,0
0.0,4.3714026e-05,0
1.0,0.4978232,0
0.0,2.586299e-05,0
0.0,0.0022165005,0
0.0,0.00066114875,0
0.0,0.022282302,0
0.0,0.0606129,0
0.0,8.702886e-07,0
1.0,0.9999999,1
0.0,0.014118291,0
0.0,1.0244747e-05,0
0.0,0.013273931,0
0.0,0.0006064545,0
0.0,0.022975711,0
0.0,0.37649563,0
0.0,0.36476302,0
0.0,0.13029724,0
0.0,0.576522,1
0.0,0.3357644,0
0.0,0.12401479,0
1.0,1.0,1
0.0,0.06279676,0
0.0,0.00026595654,0
0.0,0.058236267,0
0.0,0.024381293,0
0.0,0.0053546443,0
0.0,0.06744971,0
0.0,0.049781613,0
0.0,2.8728987e-06,0
1.0,0.9999999,1
0.0,0.0006662739,0
0.0,0.0034388113,0
0.0,0.015591514,0
0.0,0.0026695784,0
0.0,0.003093763,0
0.0,0.0006073085,0
1.0,0.9999995,1
0.0,0.04030592,0
0.0,0.0040110173,0
1.0,0.061960157,0
0.0,0.0022462306,0
0.0,0.10926193,0
0.0,2.1390804e-07,0
0.0,0.0006073965,0
0.0,0.0025607417,0
0.0,0.0060438775,0
0.0,0.12437332,0
0.0,0.25790587,0
0.0,0.0018099947,0
0.0,9.742019e-05,0
0.0,7.9782716e-05,0
0.0,0.0011269769,0
0.0,0.31700712,0
0.0,0.0010818653,0
0.0,0.427562,0
0.0,0.036704503,0
0.0,0.17199664,0
0.0,0.0030706848,0
0.0,0.033577066,0
0.0,0.0025507426,0
0.0,0.44745138,0
1.0,0.9999999,1
0.0,4.3358094e-07,0
0.0,0.051232316,0
0.0,9.845453e-06,0
0.0,0.009113765,0
0.0,0.01630949,0
0.0,0.17189008,0
0.0,0.049997758,0
0.0,9.6729076e-05,0
0.0,0.011768217,0
0.0,0.0009700611,0
1.0,0.8947397,1
0.0,0.00018172851,0
0.0,0.08143981,0
0.0,0.010822909,0
0.0,8.502019e-05,0
0.0,0.4623723,0
0.0,0.0013428074,0
0.0,0.002274443,0
0.0,0.008655925,0
0.0,0.011355867,0
0.0,0.17625767,0
0.0,0.0046418966,0
0.0,0.0039414847,0
1.0,0.75873417,1
0.0,0.0271493,0
1.0,0.99182135,1
0.0,0.02438719,0
0.0,0.8633902,1
0.0,0.0023216256,0
0.0,0.0008728195,0
0.0,0.037496902,0
1.0,0.9999999,1
1.0,0.9999999,1
0.0,0.00031516005,0
0.0,0.00014187516,0
0.0,0.07245798,0
0.0,0.004216697,0
0.0,0.0883531,0
0.0,0.09138931,0
0.0,2.8124918e-05,0
0.0,0.0053518717,0
0.0,0.003183821,0
0.0,0.004451242,0
1.0,0.9999999,1
0.0,0.0038709627,0
0.0,0.29062396,0
0.0,0.0074204975,0
0.0,0.009686116,0
0.0,0.0008972496,0
0.0,0.30043527,0
0.0,0.04772665,0
0.0,0.015515648,0
0.0,0.39291757,0
0.0,0.000621053,0
0.0,0.17692097,0
0.0,0.15597726,0
0.0,7.4299915e-06,0
0.0,0.00068657834,0
0.0,0.29882377,0
1.0,0.99609816,1
0.0,0.019732332,0
0.0,0.027032461,0
0.0,0.06607561,0
0.0,0.014188931,0
0.0,3.1306827e-05,0
0.0,0.12921558,0
0.0,0.037727885,0
0.0,0.00054458354,0
0.0,0.17989656,0
0.0,0.02064297,0
0.0,0.00019434393,0
0.0,1.6452392e-06,0
1.0,0.9999999,1
0.0,0.000111567526,0
0.0,0.59557694,1
0.0,0.024129868,0
0.0,2.7022206e-05,0
1.0,0.9798711,1
0.0,0.038937822,0
0.0,0.028014269,0
0.0,0.038236108,0
0.0,0.01921615,0
1.0,0.9685754,1
0.0,0.0014109099,0
0.0,0.10134194,0
0.0,0.2140532,0
0.0,0.0062507303,0
0.0,0.018975418,0
0.0,0.0089273,0
0.0,0.0001727566,0
0.0,0.017903205,0
0.0,0.092714764,0
0.0,0.23710237,0
0.0,0.001607195,0
1.0,0.9999999,1
0.0,0.0007975556,0
0.0,5.3123463e-06,0
0.0,0.061881803,0
0.0,3.903714e-05,0
0.0,0.4356795,0
0.0,0.3507308,0
0.0,0.010472697,0
0.0,0.03795943,0
1.0,0.99985516,1
0.0,0.0020104493,0
0.0,0.0037860887,0
0.0,0.09854416,0
0.0,0.022985473,0
0.0,0.0050211903,0
0.0,0.07577146,0
0.0,0.002068976,0
0.0,2.6964697e-05,0
0.0,0.004790104,0
0.0,0.00028107333,0
0.0,0.0005370703,0
0.0,0.010024747,0
0.0,0.0018049878,0
0.0,0.002852952,0
0.0,2.4590567e-05,0
1.0,0.9999999,1
0.0,0.007271667,0
0.0,0.0009613462,0
0.0,0.00031030297,0
0.0,0.020187438,0
1.0,0.676382,1
0.0,0.0025807458,0
0.0,0.0074788393,0
0.0,0.00171301,0
0.0,0.06828162,0
0.0,0.10574085,0
0.0,0.07013964,0
0.0,1.1126892e-05,0
0.0,0.0001360384,0
1.0,0.9986706,1
0.0,0.0010581027,0
0.0,0.0040992885,0
0.0,0.3359419,0
1.0,0.94809884,1
0.0,0.0018521114,0
0.0,0.3820134,0
0.0,0.035450183,0
0.0,8.742135e-05,0
0.0,0.00017230946,0
0.0,0.10314033,0
0.0,0.015590094,0
0.0,0.026890185,0
0.0,0.0124082845,0
0.0,7.1929855e-05,0
0.0,0.00016913393,0
0.0,0.041685548,0
0.0,0.00045138507,0
0.0,0.03583716,0
0.0,0.038093057,0
0.0,7.326274e-05,0
0.0,0.0036645948,0
0.0,0.6163728,1
0.0,0.062741496,0
0.0,0.11317367,0
0.0,0.15252854,0
0.0,2.6880998e-05,0
1.0,0.9999999,1
0.0,0.09656027,0
0.0,1.0420356e-05,0
0.0,5.514525e-05,0
0.0,7.686941e-05,0
1.0,0.4779278,0
0.0,0.0002638738,0
0.0,0.0030078057,0
0.0,0.015391674,0
0.0,0.01575972,0
1.0,0.99752396,1
0.0,0.2948553,0
1.0,0.40002355,0
0.0,0.03285777,0
0.0,0.20635441,0
0.0,0.4785364,0
1.0,0.9993104,1
0.0,0.03142069,0
0.0,0.0025935424,0
0.0,7.147606e-08,0
0.0,0.030730315,0
0.0,4.892024e-06,0
0.0,0.0003526648,0
0.0,0.06845121,0
0.0,0.10255672,0
0.0,0.15034977,0
0.0,0.3808978,0
0.0,0.0072865626,0
0.0,0.4570802,0
0.0,0.0053618713,0
0.0,1.0028267e-06,0
1.0,0.9999707,1
0.0,0.0042540133,0
1.0,0.9999999,1
0.0,0.00025718342,0
0.0,0.0016546879,0
0.0,0.21627112,0
0.0,0.39291757,0
1.0,0.9999999,1
0.0,0.011546796,0
0.0,0.0016805824,0
0.0,0.00094550336,0
0.0,0.00017319417,0
0.0,0.05357413,0
0.0,4.2697184e-06,0
0.0,0.00016550072,0
0.0,2.5908463e-05,0
0.0,0.0010463763,0
0.0,0.3956545,0
0.0,0.00010469841,0
1.0,0.8771518,1
1.0,0.9838292,1
0.0,0.0022233792,0
1.0,0.6121395,1
0.0,0.009099162,0
0.0,0.3064726,0
0.0,0.0286224,0
1.0,0.86934024,1
0.0,0.0014630794,0
0.0,0.015155485,0
0.0,0.023406943,0
0.0,0.10117139,0
0.0,0.026415644,0
0.0,0.0030167445,0
0.0,0.03609973,0
0.0,0.34142217,0
0.0,0.031241613,0
1.0,0.9999999,1
0.0,1.4788189e-05,0
0.0,0.019347668,0
0.0,5.0271938e-06,0
0.0,0.00019335731,0
0.0,0.02260207,0
0.0,0.011671605,0
1.0,0.9999999,1
0.0,0.45207813,0
0.0,0.19068703,0
0.0,0.00046442196,0
0.0,4.0193958e-05,0
0.0,0.22479135,0
0.0,0.0004528277,0
0.0,0.52329934,1
1.0,0.80739105,1
0.0,0.033408612,0
0.0,0.047969185,0
0.0,0.020913428,0
1.0,0.9999999,1
0.0,2.8473021e-05,0
0.0,0.07206278,0
0.0,0.0037547844,0
0.0,0.06768055,0
0.0,0.004971988,0
0.0,0.21808872,0
0.0,0.0019892447,0
0.0,0.0072293067,0
0.0,0.080414444,0
0.0,0.0028666884,0
0.0,0.019683713,0
0.0,0.020516627,0
0.0,0.11607572,0
0.0,0.0071886647,0
1.0,0.9975006,1
0.0,0.000111739035,0
0.0,0.006542977,0
0.0,0.38359952,0
1.0,1.0,1
1.0,0.9999999,1
0.0,0.009568198,0
0.0,0.0024399501,0
0.0,4.266104e-06,0
1.0,0.9999999,1
0.0,0.00057380664,0
0.0,0.096805245,0
0.0,0.0011417897,0
1.0,0.7449521,1
0.0,4.921866e-05,0
0.0,0.089082904,0
0.0,0.055589113,0
1.0,0.73946255,1
0.0,0.006942605,0
1.0,0.9999999,1
0.0,1.02299855e-05,0
0.0,0.008602024,0
0.0,0.0077547412,0
0.0,0.42940426,0
0.0,0.0006375475,0
0.0,0.0012314955,0
0.0,0.0003762089,0
0.0,0.04400001,0
0.0,0.00011526054,0
0.0,0.007452579,0
0.0,0.0006962067,0
0.0,0.029603988,0
0.0,0.0052436,0
