y_true,y_pred,y_proba
0,0,0.004
0,0,0.336
0,0,0.0
0,0,0.0
0,0,0.0
0,0,0.072
1,0,0.20237949586584372
0,0,0.01
1,0,0.194
0,0,0.024
0,0,0.022
0,0,0.0
0,0,0.008
0,0,0.0
0,0,0.0
0,0,0.014
0,0,0.004
0,0,0.104
0,0,0.0
0,0,0.082
0,0,0.058
1,1,1.0
0,0,0.032
0,0,0.11
0,0,0.01
0,0,0.0
0,0,0.002
0,0,0.09
0,0,0.078
0,0,0.0
0,0,0.0
0,0,0.028
0,0,0.022
0,0,0.02
0,0,0.02
0,0,0.004
0,0,0.108
0,0,0.078
0,0,0.014
0,0,0.034
0,0,0.008
0,0,0.048
0,0,0.008
0,0,0.002
0,0,0.126
0,0,0.042
0,0,0.0
0,0,0.006
0,0,0.138
1,0,0.376
0,0,0.126
0,0,0.028
0,0,0.07
0,0,0.044
1,1,1.0
0,0,0.0
1,1,1.0
0,0,0.034
0,0,0.016
0,0,0.0
0,0,0.002
0,0,0.086
0,0,0.0
0,0,0.03
1,1,1.0
1,1,1.0
0,0,0.0
0,0,0.0
0,0,0.044
1,1,1.0
0,0,0.05
0,0,0.0
0,0,0.026
0,0,0.028
0,0,0.058
0,0,0.01
0,0,0.0
0,0,0.06
0,0,0.018
0,0,0.0
1,1,0.998
0,0,0.032
0,0,0.19
0,0,0.008
1,1,1.0
0,0,0.04
0,0,0.0
0,0,0.0
0,0,0.1300748574885895
0,0,0.024
1,0,0.158
0,0,0.068
0,0,0.016
1,0,0.372
0,0,0.0
0,0,0.012
0,0,0.01
0,0,0.0
0,0,0.016
0,0,0.044
1,1,1.0
0,0,0.004
1,1,1.0
0,0,0.082
0,0,0.006
0,0,0.154
0,0,0.016
0,0,0.022
0,0,0.058
0,0,0.002
0,0,0.0
0,0,0.07
0,0,0.076
1,0,0.338
0,0,0.064
0,0,0.006
1,1,1.0
0,0,0.0
1,0,0.168
0,0,0.134
0,0,0.068
0,0,0.048
0,0,0.0
0,0,0.028
0,0,0.3961225209110702
0,0,0.006
0,0,0.0
0,0,0.0
0,0,0.022
1,1,1.0
0,0,0.05
0,0,0.022
1,1,1.0
1,1,1.0
0,0,0.052
0,0,0.048
0,0,0.046
0,0,0.01
0,0,0.046
1,1,1.0
1,1,1.0
0,0,0.0
0,0,0.0
0,0,0.0
0,0,0.016
0,0,0.096
0,0,0.03
0,0,0.012
0,0,0.1621803482380266
0,0,0.0
0,1,0.5963743439831705
0,0,0.0
1,1,1.0
0,0,0.0
0,0,0.002
0,0,0.0
0,0,0.0
0,0,0.004
0,0,0.0
0,0,0.0
0,0,0.0
0,0,0.038
1,1,0.906
0,0,0.0
0,0,0.0
1,1,1.0
0,0,0.04
0,0,0.0
0,1,0.6247654384879711
0,0,0.004
0,0,0.008
0,0,0.11
0,0,0.4680801101637131
0,0,0.006
0,0,0.008
0,0,0.03
0,0,0.0
1,0,0.05
0,0,0.0
0,0,0.026
0,0,0.022
0,0,0.0
0,0,0.036
0,0,0.024
1,1,1.0
1,1,1.0
0,0,0.008
1,1,1.0
1,1,1.0
1,1,1.0
0,0,0.002
0,0,0.0
0,0,0.0
0,0,0.05
0,0,0.024
0,0,0.0
0,0,0.008
0,0,0.018
1,1,1.0
1,0,0.336
1,1,1.0
0,0,0.31274826075121276
1,1,1.0
0,0,0.0
0,0,0.006
0,0,0.096
1,0,0.16
0,0,0.07607485748858948
0,0,0.022
0,0,0.0
0,0,0.0
0,0,0.0
0,0,0.0
0,0,0.0
0,0,0.016
0,0,0.036
1,1,1.0
0,0,0.104
0,0,0.084
0,0,0.072
0,0,0.0
1,1,1.0
0,0,0.006
0,0,0.042
0,0,0.008
0,0,0.192
0,0,0.028
0,1,0.776031701832472
0,0,0.004
1,0,0.442
0,0,0.0
1,1,1.0
0,0,0.02
0,0,0.022
0,0,0.0
1,1,1.0
0,0,0.008
0,0,0.0
1,1,1.0
0,0,0.0
0,0,0.0
1,0,0.218
0,0,0.03
1,1,1.0
0,0,0.004
0,0,0.04
0,0,0.068
1,1,0.63
0,0,0.026
0,0,0.0
1,1,1.0
0,0,0.02
0,0,0.014
0,0,0.03
0,0,0.002
0,0,0.0
0,0,0.0
0,0,0.0
0,1,0.6064150595609938
0,0,0.0
0,0,0.086
0,0,0.016
0,0,0.018
0,1,0.6349456375163515
0,0,0.004
0,0,0.0
0,0,0.004
1,1,1.0
0,0,0.0
0,0,0.0
0,0,0.008
0,0,0.016
0,0,0.0
0,0,0.0
0,0,0.11
0,0,0.086
0,0,0.0
0,0,0.036
0,0,0.032
0,0,0.038
0,0,0.012
1,1,0.99
0,0,0.006
1,1,0.746
0,0,0.388
0,0,0.016
0,0,0.018
0,0,0.036
0,0,0.006
0,0,0.0
0,0,0.0
0,0,0.018
0,0,0.106
1,0,0.062
0,0,0.064
0,0,0.0
0,0,0.034
0,0,0.02
0,0,0.01
0,0,0.002
0,0,0.0
0,0,0.038
0,0,0.028
0,0,0.012
0,0,0.002
0,0,0.032
0,0,0.0
0,0,0.0
0,0,0.032
0,0,0.078
0,0,0.002
0,0,0.078
0,0,0.0
0,0,0.024
0,0,0.0
0,0,0.0
0,0,0.0
1,1,1.0
0,0,0.01
0,0,0.04
1,1,1.0
1,1,1.0
0,0,0.032
0,0,0.0
0,0,0.0
0,0,0.018
1,1,1.0
0,0,0.0
0,0,0.01
0,0,0.156
1,1,1.0
1,0,0.336
0,0,0.196
0,0,0.0
0,0,0.0
1,1,1.0
0,0,0.0
0,0,0.0
0,0,0.0
0,0,0.222
0,0,0.0
0,0,0.01
1,1,1.0
0,0,0.002
0,0,0.0
0,0,0.0
0,0,0.096
0,0,0.054
1,1,0.512
0,0,0.018
0,0,0.008
0,0,0.004
0,0,0.1909181231689616
0,0,0.03
0,0,0.01
1,0,0.492
0,0,0.0
0,0,0.016
0,0,0.016
0,0,0.006
0,0,0.0
0,0,0.052
0,0,0.1
0,0,0.004
1,1,1.0
0,0,0.076
0,0,0.0
0,0,0.046
0,0,0.04
1,1,1.0
0,0,0.042
0,0,0.0
0,0,0.0
0,0,0.076
0,0,0.0
0,0,0.052
0,0,0.034
0,0,0.002
0,0,0.022
0,0,0.0
0,0,0.028
1,1,0.652
1,1,1.0
0,0,0.014
0,0,0.002
0,0,0.136
0,0,0.0
0,0,0.038
0,0,0.0
0,0,0.048
0,0,0.022
0,0,0.01
0,0,0.0
0,0,0.1194411186489279
0,0,0.038
0,0,0.0
0,0,0.048
0,0,0.0
0,0,0.0
0,0,0.0
0,0,0.054
0,0,0.014
0,0,0.062
0,0,0.0
0,0,0.032
0,0,0.0
0,0,0.022
0,0,0.0
0,0,0.068
1,1,1.0
0,0,0.112
0,0,0.018
1,1,1.0
0,0,0.048
0,0,0.03
1,1,0.988
0,0,0.0
0,0,0.0
0,0,0.0
0,0,0.0
0,0,0.0
0,0,0.022
0,0,0.076
0,0,0.04
0,0,0.0
0,0,0.0
0,0,0.0
0,0,0.0
0,0,0.006
0,0,0.004
0,0,0.018
0,0,0.072
1,1,0.82
0,0,0.012
0,0,0.0
0,0,0.008
0,0,0.01
0,0,0.014
0,0,0.0
0,0,0.014
1,0,0.156
1,1,0.564
0,0,0.002
0,0,0.02
1,0,0.022
0,0,0.016
0,0,0.02
0,0,0.0
1,1,1.0
0,0,0.042531163993244026
0,0,0.04
1,1,1.0
0,0,0.0
0,0,0.092
0,0,0.008
0,0,0.0
0,0,0.0
0,0,0.0
0,0,0.032
1,1,1.0
0,0,0.0
0,0,0.03
0,0,0.034
0,0,0.0
1,1,0.898
1,0,0.096
0,0,0.042
0,0,0.002
0,0,0.0
0,0,0.056
0,0,0.0
1,1,1.0
1,1,0.768
1,0,0.1
0,0,0.002
0,0,0.0
0,0,0.02
1,0,0.29
1,0,0.2
0,0,0.102
0,0,0.058
0,0,0.0
0,0,0.004
0,0,0.004
1,1,0.996
0,0,0.288
0,0,0.024
0,0,0.0
0,0,0.018
1,1,1.0
0,0,0.034
0,0,0.006
0,0,0.082
0,0,0.034
0,0,0.012
0,0,0.0
0,0,0.0
0,0,0.042
0,0,0.0
0,0,0.012
0,0,0.04
0,0,0.074
1,0,0.294
0,0,0.12437965318772298
0,0,0.0
0,0,0.0
0,0,0.0
0,0,0.016
0,0,0.0
0,0,0.076
0,0,0.062
0,0,0.014
0,0,0.0
0,0,0.112
0,0,0.0033568023227513377
0,0,0.086
0,0,0.012
0,0,0.0
0,0,0.0
0,0,0.028
0,0,0.002
0,0,0.0
1,1,0.996
0,0,0.092
0,0,0.0
0,0,0.0
1,1,1.0
0,0,0.0
0,0,0.0
1,1,1.0
0,0,0.034
0,0,0.082
0,0,0.0
0,0,0.0
0,0,0.0
0,0,0.016
0,0,0.05
0,0,0.092
0,0,0.006
0,0,0.104
0,0,0.008
0,0,0.026
1,0,0.172
0,0,0.008
1,1,1.0
0,0,0.0
0,0,0.02
0,0,0.054
1,1,0.842
0,0,0.004
0,0,0.016
0,0,0.064
0,0,0.006
1,1,1.0
0,0,0.0
1,1,1.0
0,0,0.0
0,0,0.018
0,0,0.0
1,1,0.778
0,0,0.004
1,1,1.0
1,1,1.0
0,0,0.0
0,0,0.0
0,0,0.022
0,0,0.0
0,0,0.0
0,0,0.014
1,1,1.0
1,1,1.0
0,0,0.2
0,0,0.072
0,0,0.006
1,1,1.0
0,0,0.018
0,0,0.0
0,0,0.006
0,0,0.0
0,0,0.0
0,0,0.21771743302292787
0,0,0.1314548152356549
0,0,0.0
1,1,1.0
0,0,0.006
1,1,1.0
0,0,0.016
0,0,0.162
0,0,0.17
0,0,0.046
0,0,0.04061509281205658
0,0,0.0
0,0,0.044
0,0,0.076
0,0,0.024
0,0,0.0
0,0,0.044
0,0,0.0
1,1,1.0
0,0,0.0
0,0,0.022
0,0,0.03
0,0,0.15
0,0,0.034
0,0,0.0
0,0,0.102
0,0,0.0
0,0,0.02
1,1,1.0
0,0,0.0
0,0,0.018
0,0,0.0
0,0,0.002
0,0,0.05
1,0,0.178
0,0,0.05
0,0,0.146
0,0,0.008
0,0,0.014
0,0,0.008
0,0,0.002
0,0,0.02
0,0,0.024
0,0,0.0
0,0,0.12
0,0,0.04
0,0,0.06
0,0,0.0
0,0,0.018
0,0,0.072
0,0,0.028
0,0,0.03
0,0,0.0
0,0,0.01
0,0,0.042
0,0,0.0
0,0,0.0
0,0,0.008
0,0,0.1
0,0,0.004
1,1,1.0
0,0,0.0
0,0,0.014
1,0,0.026
0,0,0.0
1,1,1.0
0,0,0.096
0,0,0.004
1,1,1.0
0,0,0.012
0,0,0.002
0,0,0.044
1,1,1.0
0,0,0.008
0,0,0.018
0,0,0.08
0,0,0.008
0,0,0.0
0,0,0.0
0,0,0.0
0,0,0.002
0,0,0.0
0,0,0.056
0,0,0.096
0,0,0.02
0,0,0.0
0,0,0.006
0,0,0.008
0,0,0.0
0,0,0.0
0,0,0.0
0,0,0.0
0,0,0.004
0,0,0.0
0,1,0.7239380315315209
0,0,0.0
0,0,0.024
0,0,0.0
0,0,0.0
0,0,0.0
1,1,1.0
0,0,0.01
0,0,0.036
1,1,1.0
0,0,0.004
1,0,0.166
0,0,0.006
1,1,0.998
0,0,0.0
1,1,1.0
1,1,1.0
0,0,0.046
0,0,0.0
0,0,0.016
0,0,0.002
0,0,0.094
0,0,0.01
1,1,1.0
0,0,0.024
0,0,0.0
0,0,0.032
0,0,0.0
0,0,0.0
0,0,0.02
0,0,0.026
0,0,0.026
0,0,0.02
0,0,0.036
0,0,0.012
0,0,0.014
0,0,0.0
0,0,0.03
0,0,0.076
0,0,0.018
0,0,0.0
0,0,0.006
0,0,0.086
0,0,0.022
0,0,0.3659477836092714
0,0,0.36
0,0,0.0
0,0,0.03
0,0,0.0
0,0,0.002
1,1,1.0
0,0,0.01
1,0,0.286
0,0,0.018
0,0,0.002
1,1,1.0
0,0,0.082
0,0,0.0
0,0,0.024
0,0,0.01
0,0,0.02
0,0,0.008
0,0,0.01
0,0,0.006
0,0,0.004
1,1,0.994
0,0,0.044
0,0,0.106
0,0,0.006
1,1,1.0
1,0,0.3961225209110702
0,0,0.0
0,0,0.02
0,0,0.074
1,1,1.0
0,0,0.002
0,0,0.0
1,1,1.0
1,1,1.0
0,0,0.024
1,1,0.554
0,1,0.6850154632342742
0,0,0.0
0,0,0.002
0,0,0.002
0,0,0.0
0,0,0.006
0,0,0.0
0,0,0.014
0,0,0.0
0,0,0.024
0,0,0.122
0,0,0.014
0,0,0.132
1,1,1.0
0,0,0.064
0,0,0.004
0,0,0.044
0,0,0.05
0,0,0.14
0,0,0.002
0,0,0.00029144030528192237
0,0,0.038
0,0,0.012
0,0,0.0
0,0,0.0
0,0,0.06
0,0,0.014
0,0,0.004
0,0,0.2693064226146754
0,0,0.04
0,0,0.0
0,0,0.008
0,0,0.0
0,0,0.072
0,0,0.012
0,0,0.02
0,0,0.008
0,0,0.01
0,0,0.014
0,0,0.008
0,0,0.082
0,0,0.018
1,0,0.068
0,0,0.01
0,0,0.01
0,0,0.0
0,0,0.04
0,0,0.004
0,0,0.0
0,0,0.09
0,0,0.018
0,0,0.0
0,0,0.142
0,0,0.0
0,0,0.0
1,0,0.34
0,0,0.064
0,0,0.072
0,0,0.0
0,0,0.0
0,0,0.042
0,0,0.0
0,0,0.082
0,0,0.012
0,0,0.042
0,0,0.022
0,0,0.024
0,0,0.058
1,1,0.858
0,0,0.0
0,0,0.0
0,0,0.006
0,0,0.006
0,0,0.066
0,0,0.008
0,0,0.11307508364390988
0,0,0.078
0,0,0.0
0,0,0.0
0,0,0.04807485748858948
0,0,0.10007485748858949
0,0,0.02
0,0,0.036
0,0,0.004
0,0,0.05
1,1,1.0
0,0,0.0
0,0,0.126
0,0,0.05
0,0,0.012
0,0,0.01
0,0,0.0
0,0,0.0
1,1,1.0
0,0,0.0
0,0,0.0
0,0,0.164
0,0,0.022
0,0,0.0
0,0,0.034
1,0,0.284
1,1,1.0
1,1,1.0
0,0,0.064
0,0,0.0
1,1,1.0
1,1,1.0
0,0,0.028
0,0,0.004
1,1,1.0
0,0,0.034
0,0,0.02
0,0,0.032
0,0,0.0
0,0,0.0
0,0,0.016
0,0,0.026
0,0,0.036
0,0,0.004
1,1,1.0
1,1,0.802
0,0,0.008
0,0,0.02
0,0,0.0
1,1,1.0
1,1,0.868
0,0,0.034
0,0,0.04
0,0,0.0
0,0,0.006
0,0,0.126
0,0,0.006
0,0,0.0
0,0,0.14025171880850856
0,0,0.0
0,0,0.0
0,0,0.0
0,0,0.006
0,0,0.0
0,0,0.008
0,0,0.042
0,0,0.016
0,0,0.078
0,0,0.118
0,0,0.01
0,0,0.032
0,0,0.056
1,0,0.254
0,0,0.002
1,1,1.0
0,0,0.016
0,0,0.0
1,1,1.0
1,1,1.0
0,0,0.05
0,0,0.064
0,0,0.024
0,0,0.014
0,0,0.132
0,0,0.02
1,1,1.0
0,0,0.01
0,0,0.024
0,0,0.024
0,0,0.0
0,0,0.024
1,1,1.0
0,0,0.024
0,0,0.246
0,0,0.084
0,0,0.008
0,0,0.002
0,0,0.016
0,0,0.0
1,1,1.0
0,0,0.002
0,0,0.006
0,0,0.0
0,0,0.054
0,0,0.152
0,0,0.004
0,0,0.016
0,0,0.022
0,0,0.0
0,0,0.0
0,0,0.146
0,0,0.238
0,0,0.064
0,0,0.08
0,0,0.018
0,0,0.2693064226146754
0,0,0.0
0,0,0.03
0,0,0.008
0,0,0.0
0,0,0.0
1,0,0.168
0,0,0.086
0,0,0.0
0,0,0.016
0,0,0.046
0,0,0.038
0,0,0.0
0,0,0.0
0,0,0.0
0,0,0.086
0,0,0.006
1,1,1.0
0,0,0.0
0,0,0.094
0,0,0.384
0,0,0.0
0,0,0.062
0,0,0.012
1,1,1.0
0,0,0.192
0,0,0.018
0,0,0.102
0,0,0.0
0,0,0.0
0,0,0.122
0,0,0.04
0,0,0.012
0,0,0.0
0,0,0.032
1,1,1.0
0,0,0.0
0,0,0.016
0,0,0.014
0,0,0.162
0,0,0.022
0,0,0.016
0,0,0.044
1,1,0.684
0,0,0.016
0,0,0.0
0,0,0.002
0,0,0.042
1,1,1.0
0,0,0.0
1,0,0.086
0,0,0.01
0,0,0.002
0,0,0.0
0,0,0.056
0,0,0.054
1,0,0.298
1,1,1.0
0,0,0.0
0,0,0.22806880676668104
0,0,0.018
0,0,0.0
0,0,0.004
0,0,0.052
0,0,0.098
0,0,0.032
0,0,0.05
0,0,0.052
0,0,0.0
1,1,0.992
0,0,0.076
0,0,0.008
0,0,0.0
0,0,0.042
1,1,0.962
0,0,0.0
0,0,0.008
1,1,1.0
0,0,0.034
0,0,0.01
1,1,1.0
0,0,0.028
0,0,0.014
1,1,0.872
0,1,0.7914058351265182
0,0,0.006
1,1,1.0
0,0,0.022
1,1,1.0
0,0,0.014
0,0,0.016
0,0,0.066
0,0,0.072
0,0,0.002
0,0,0.046
0,0,0.014
0,0,0.034
0,0,0.01
0,0,0.016
0,0,0.0
0,0,0.008
1,1,1.0
0,0,0.042
0,0,0.05807485748858948
0,0,0.0
1,0,0.276
0,0,0.0
0,0,0.0
1,1,1.0
1,1,1.0
0,0,0.19
0,0,0.166
0,0,0.014
0,0,0.036
1,1,1.0
0,0,0.114
0,0,0.0
0,0,0.0
0,0,0.0
0,0,7.485748858948021e-05
0,0,0.008
0,0,0.01
1,1,1.0
0,0,0.096
0,0,0.008
1,1,1.0
0,0,0.018
1,1,0.91
0,0,0.112
0,0,0.02
0,0,0.004
0,0,0.0
0,0,0.006
0,0,0.1
0,0,0.018
0,0,0.018
0,0,0.002
0,0,0.008
0,0,0.038
0,0,0.0
0,0,0.002
0,0,0.008
0,0,0.04
1,1,1.0
0,0,0.008
0,0,0.036
0,0,0.0
0,0,0.0
0,0,0.05
0,0,0.018
0,0,0.0
0,0,0.0
0,0,0.0
0,0,0.024
1,0,0.268
0,0,0.074
0,0,0.034
0,0,0.02
0,0,0.008
0,0,0.008
0,0,0.0
0,0,0.0
0,0,0.122
0,0,0.096
0,0,0.014
1,1,0.776031701832472
0,0,0.034
0,0,0.138
0,0,0.008
0,0,0.032
0,0,0.01
0,0,0.058
0,0,0.1
0,0,0.03
0,0,0.06
0,0,0.012
0,0,0.012
0,0,0.0
1,0,0.49
0,0,0.162
1,1,1.0
0,0,0.026
0,0,0.0
0,0,0.14
0,0,0.12
0,0,0.006
0,0,0.0
1,1,1.0
0,0,0.052
1,1,1.0
0,0,0.006
0,0,0.104
0,0,0.0
0,0,0.014
0,0,0.3961225209110702
0,0,0.128
0,0,0.0
0,0,0.0
1,0,0.098
0,0,0.0
0,0,0.004
0,0,0.014
0,0,0.0
0,0,0.0
0,0,0.092
0,0,0.0
0,0,0.006
0,0,0.014
0,0,0.0
0,0,0.022
0,0,0.036
0,0,0.0
0,0,0.01
0,0,0.012
0,0,0.0
0,0,0.022
0,0,0.01
0,0,0.116
0,0,0.038
0,0,0.004
1,1,1.0
0,0,0.008
0,0,0.0
0,0,0.0
0,0,0.042
0,0,0.024
1,0,0.17
1,1,1.0
1,0,0.096
1,1,1.0
0,0,0.002
0,0,0.044
0,0,0.004
0,0,0.018
0,0,0.01
0,0,0.0
0,0,0.002
0,0,0.062
0,0,0.044
0,0,0.0
0,0,0.01
0,0,0.02
0,0,0.072
0,0,0.096
0,0,0.002
0,0,0.076
1,1,1.0
1,0,0.262
0,0,0.0
1,1,1.0
0,0,0.01
0,0,0.066
0,0,0.224
1,1,0.874
1,1,0.524
0,0,0.0
0,0,0.012
0,0,0.214
0,0,0.21771743302292787
0,0,0.022
1,1,1.0
0,0,0.144
0,0,0.036
0,0,0.0
0,0,0.0
0,0,0.0
0,0,0.0
0,0,0.132
0,0,0.036
0,0,0.202
0,0,0.1
0,0,0.0
0,0,0.0
0,0,0.0
0,0,0.008
0,0,0.0
1,1,1.0
0,0,0.1
1,0,0.28
0,0,0.0
1,0,0.142
0,0,0.0
0,0,0.0
0,0,0.018
0,0,0.01
0,0,0.056
0,0,0.028
0,0,0.062
1,1,1.0
0,0,0.014
0,0,0.012
1,1,1.0
0,0,0.0
0,0,0.002
0,0,0.096
0,0,0.02807485748858948
0,0,0.004
0,0,0.036
0,0,0.0
0,0,0.106
0,0,0.01
0,0,0.0
0,0,0.0
0,0,0.0
0,0,0.002
0,0,0.018
1,1,1.0
0,0,0.048
0,0,0.0
0,0,0.0
0,0,0.008
1,1,1.0
0,0,0.0
0,0,0.018
0,0,0.0
1,1,0.826
0,0,0.082
0,0,0.05
0,0,0.028
1,0,0.194
0,0,0.058
0,0,0.026
1,0,0.196
0,0,0.0
1,1,0.968
1,1,1.0
0,0,0.028
0,0,0.018
0,0,7.485748858948021e-05
0,0,0.004
0,0,0.0
1,0,0.34
0,0,0.05407485748858948
0,0,0.004
0,1,0.5010253234784022
0,0,0.048
0,0,0.038
0,0,0.0
0,0,0.01
0,0,0.002
1,1,1.0
0,0,0.022
1,1,1.0
0,0,0.004
0,1,0.776031701832472
0,0,0.022
0,0,0.002
0,0,0.03
0,0,0.036
0,0,0.046
1,1,1.0
1,1,1.0
0,0,0.042
0,0,0.48229296815332356
0,0,0.0
0,0,0.0
0,0,0.004
1,1,1.0
0,0,0.046
0,0,0.194
0,0,0.0
0,0,0.0
0,0,0.008
0,0,0.08629144030528192
0,0,0.016
0,0,0.108
0,0,0.012
0,0,0.0
0,0,0.01
0,0,0.02
0,0,0.0
0,0,0.026
0,0,0.05
0,0,0.0
0,0,0.124
0,0,0.0
0,0,0.006
0,0,0.0
0,0,0.006
0,0,0.04
0,0,0.034
0,0,0.0
0,0,0.0
0,0,0.03
0,0,0.03
0,0,0.014
0,0,0.008
0,0,0.046
0,0,0.0
0,0,0.052
0,0,0.014
1,1,1.0
0,0,0.01
0,0,0.0
0,0,0.116
0,0,0.028
0,0,0.044
1,1,1.0
1,1,1.0
1,0,0.196
0,0,0.15
0,0,0.054
0,0,0.012
0,0,0.0
1,1,1.0
0,0,0.0
0,0,0.056
0,0,0.022
0,0,0.002
1,1,1.0
1,1,0.994
0,0,0.03
0,0,0.03
0,0,0.0
0,0,0.0
0,0,0.08
0,0,0.048
0,0,0.052
0,0,0.0
0,0,0.01
0,0,0.0
0,0,0.042
0,0,0.144
1,1,0.904
0,0,0.03
0,0,0.132
0,0,0.006
0,0,0.018
0,0,0.01
1,1,1.0
0,0,0.242
0,1,0.5963743439831705
0,0,0.024
0,0,0.016
0,0,0.006
0,0,0.0
0,0,0.012
1,1,1.0
1,1,0.8707868011680929
0,0,0.018
0,1,0.6913270279469622
0,0,0.046
1,1,1.0
0,0,0.002
0,0,0.028
0,0,0.0
1,1,0.8
0,0,0.014
0,0,0.126
0,0,0.136
0,0,0.01
0,0,0.096
0,0,0.078
0,0,0.0
0,0,0.228
0,0,0.022
0,0,0.0
1,1,1.0
1,0,0.178
0,0,0.01
0,0,0.0
0,0,0.0
0,0,0.044
0,0,0.034
0,0,0.21771743302292787
0,0,0.0
0,0,0.01
0,0,0.02
1,1,1.0
0,0,0.002
0,0,0.01
0,0,0.056
0,0,0.0
0,0,0.026
0,0,0.144
0,0,0.018
0,0,0.004
0,0,0.008
0,0,0.002
0,0,0.098
0,0,0.01
0,0,0.0
0,0,0.068
0,0,0.014
0,0,0.0
0,0,0.042
0,0,0.006
1,1,1.0
0,0,0.022
0,0,0.0
0,0,0.024
1,1,1.0
0,0,0.0
0,0,0.042
0,0,0.01
0,0,0.052
0,0,0.0
0,0,7.485748858948021e-05
1,1,1.0
0,0,0.014
0,0,0.012
1,1,1.0
0,0,0.1691755747020425
0,0,0.02
0,0,0.1
0,0,0.03
0,1,0.6529155318368083
1,1,1.0
0,0,0.0
0,0,0.018
0,0,0.0
0,0,0.0
0,0,0.002
0,0,0.102
1,1,1.0
0,0,0.0
0,0,0.002
0,0,0.026
0,0,0.0
0,0,0.0
0,0,0.012
1,1,1.0
0,0,0.166
0,0,0.036074857488589476
0,0,0.07207485748858948
0,0,0.016
0,0,0.022
0,0,0.016
1,0,0.12
0,0,0.066
0,0,0.0
0,0,0.022
0,0,0.066
0,0,7.485748858948021e-05
0,0,0.0
1,0,0.46661185796712545
1,1,1.0
0,0,0.0
1,1,1.0
0,0,0.0
0,0,0.124
0,0,0.004
0,0,0.0
0,0,0.012
0,0,0.05
0,0,0.042
0,0,0.0
1,1,0.922
1,1,1.0
0,0,0.006
0,0,0.064
0,0,0.102
0,0,0.056
0,0,0.084
0,0,0.0
0,0,0.036
0,0,0.076
0,0,0.12248389206694109
0,0,0.018
0,0,0.0
0,0,0.034
0,0,0.0
1,1,1.0
0,0,0.034
0,0,0.0
0,0,0.164
0,0,0.16343069105740946
0,0,0.0
0,0,0.004
0,0,0.0
1,0,0.252
1,1,1.0
0,0,0.0
0,0,0.004
1,1,0.972
0,0,0.03
0,0,0.014
0,0,0.026
0,0,0.05
0,0,0.16
0,0,0.0
1,1,1.0
1,1,1.0
0,0,0.054
0,0,0.088
0,0,0.0
0,0,0.0
1,1,1.0
0,0,0.03
0,0,0.01007485748858948
1,1,1.0
1,1,1.0
0,0,0.00029144030528192237
0,0,0.038
0,0,0.018
1,0,0.126
0,0,0.072
0,0,0.018
1,1,1.0
0,0,0.072
0,0,0.014
0,0,0.17
0,0,0.00029144030528192237
1,1,1.0
0,0,0.0
0,0,0.002
0,0,0.24511356780208643
0,0,0.02
0,0,0.156
1,1,1.0
0,0,0.052
0,0,0.0
0,0,0.026
0,0,0.078
0,0,0.002
0,0,0.012
1,1,1.0
0,0,0.0
0,0,0.0
1,1,1.0
0,0,0.088
0,0,0.0
0,0,0.0
0,0,0.0
1,0,0.286
0,0,0.01
0,0,0.0
0,0,0.088
0,0,0.012
0,0,0.008
0,0,0.05
1,1,1.0
0,0,0.016
0,0,0.0
0,0,0.0
1,1,1.0
0,0,0.0
0,0,0.002
1,0,0.276
0,0,0.0
0,0,0.052
0,0,0.004
1,1,1.0
0,0,0.082
0,0,0.0
1,1,1.0
0,0,0.008
0,0,0.012
0,0,0.01407485748858948
0,0,0.02
0,0,0.01
0,0,0.046
0,0,0.082
0,0,0.0
0,0,0.004
0,0,0.12389881505710833
0,0,0.0
0,0,0.062
0,0,0.004
1,1,1.0
0,0,0.1535908018179121
0,0,0.008
0,0,0.006
0,0,0.002
0,0,0.0
0,0,0.0
1,1,1.0
1,1,0.994
0,0,0.096
0,0,0.016
0,0,0.086
0,0,0.052
0,0,0.07
1,1,1.0
1,1,1.0
0,0,0.12
0,0,0.026
0,0,0.004
1,1,1.0
0,0,0.022
1,1,1.0
1,1,1.0
0,0,0.008
0,0,0.014
0,0,0.078
0,0,0.256
0,0,0.29047218023910687
0,0,0.0
0,0,0.03
0,0,0.018
0,0,0.012
0,0,0.01
0,0,0.0
0,0,0.002
0,0,0.012
1,0,0.0
0,0,0.002
0,0,0.034
0,0,0.02
0,0,0.114
0,0,0.0
0,0,0.018
0,0,0.014
0,0,0.026
1,1,1.0
0,0,0.11
0,0,0.01
0,0,0.004
0,0,0.158
0,0,0.014
0,0,0.028
0,0,0.0
0,0,0.0
0,0,0.146
0,0,0.0
0,0,0.002
0,0,0.008
0,0,0.076
0,0,0.0
0,0,0.02
0,0,0.006
0,0,0.002
0,0,0.008
0,0,0.0
0,0,0.0
0,0,0.022
0,0,0.0
0,0,0.2574614723236468
0,0,0.03
0,0,0.004
0,0,0.06
0,0,0.0
0,1,0.5490108744235837
1,1,0.642
0,0,0.008
0,0,0.0
0,0,0.002
1,1,0.706
0,0,0.0
0,0,0.03
0,0,0.028
0,0,0.004
0,0,0.0
0,0,0.0
0,0,0.248
0,0,0.0
0,0,0.006
1,0,0.024
0,0,0.078
0,0,0.002
0,0,0.0
1,1,0.998
0,0,0.0
0,0,0.014
0,0,0.09
0,0,0.11
0,0,0.026
0,0,0.034
0,0,0.018
0,0,0.004
0,0,0.008
0,0,0.004
0,0,0.0
1,0,0.07848080107174955
0,0,0.066
1,1,1.0
0,0,0.0
0,0,0.024
0,0,0.0
0,0,0.086
0,0,0.11
0,0,0.038
0,0,0.042
0,0,0.072
0,0,0.01
0,0,0.006
0,0,0.01
0,0,0.038
0,0,0.226
0,0,0.026
0,0,0.034
0,0,0.036
0,0,0.34290424941514863
0,0,0.07
0,0,0.2111288813982756
0,0,0.0
1,0,0.368
1,1,1.0
0,0,0.036
1,1,0.792
0,0,0.0
0,0,0.006
0,0,0.002
0,0,0.0
0,0,0.012
0,0,0.026
0,0,0.014
0,0,0.052
1,1,0.998
0,0,0.052
0,0,0.0
0,0,0.002
0,0,0.016
0,0,0.004
0,0,0.0
0,0,0.036
0,0,0.03
0,0,0.306
0,0,0.022
0,0,0.0
0,0,0.0
0,0,0.03
0,1,0.776031701832472
1,0,0.4278477950877857
0,0,0.232
0,0,0.016
0,0,0.05
0,0,0.028
0,0,0.002
0,0,0.074
0,0,0.09
0,0,0.0
0,0,0.024
0,0,0.293654128255174
0,0,0.07
0,0,0.006
0,0,0.01
0,0,0.0
0,0,0.0
0,0,0.0
0,0,0.014
0,0,0.15
1,1,1.0
1,1,1.0
0,0,0.012
0,0,0.01
1,1,1.0
1,1,0.78
0,0,0.028
0,0,0.044
1,1,1.0
0,0,0.0
0,0,0.144
0,0,0.056
0,0,0.006
0,0,0.03
0,0,0.002
0,0,0.008
0,0,0.026
0,0,0.008
0,0,0.0
0,0,0.052
0,0,0.0
0,0,0.132
0,0,0.0
1,1,1.0
0,0,0.0
0,0,0.016
0,0,0.30152800669910057
0,0,0.076
0,0,0.002
0,0,0.0
0,0,0.024
0,0,0.0
0,0,0.004
0,0,0.002
0,0,0.0
0,0,0.004
1,1,1.0
0,0,0.016
0,0,0.002
0,0,0.004
0,0,0.038
0,0,0.01
1,1,1.0
0,0,0.046
0,0,0.0
0,0,0.0
0,0,0.002
0,0,0.018
0,0,0.126
1,1,1.0
0,0,0.016
0,0,0.0
0,0,0.0
0,0,0.0
0,0,0.016
0,0,0.002
0,0,0.0
0,0,0.034
0,0,0.108
0,0,0.052
0,0,0.008
0,0,0.24412106103856615
1,1,1.0
0,0,0.0
0,0,0.042
0,0,0.032
0,0,0.01
0,0,0.036
0,0,0.0
0,0,0.01
0,0,0.0
0,0,0.006
0,0,0.0
0,0,0.16
0,0,0.0
0,0,0.008
0,0,0.056
0,0,0.016
0,0,0.026
0,0,0.17
0,0,0.04
0,0,0.0
0,0,0.4398477950877857
0,0,0.0
0,0,0.044
0,0,0.0
0,0,0.0
1,1,1.0
0,0,0.198
0,0,0.088
0,0,0.02
0,0,0.0
0,0,0.024
0,0,0.022
0,0,0.018
1,1,0.97
0,0,0.034
0,0,0.002
1,1,1.0
0,0,0.052
1,1,1.0
0,0,0.098
0,0,0.11
0,0,0.094
1,1,1.0
0,0,0.02
1,1,1.0
0,0,0.022
1,0,0.26
0,0,0.0
0,0,0.014
0,0,0.148
1,1,1.0
1,1,1.0
0,0,0.0
0,0,0.084
0,0,0.054
0,0,0.122
0,0,0.1
0,0,0.084
1,1,0.842
0,0,0.098
0,0,0.0
0,0,0.0
0,0,0.0
0,0,0.046
0,0,0.002
1,1,0.7813439255570502
0,0,0.092
0,0,0.0
0,0,0.008
0,0,0.0
0,0,0.0
0,0,0.042
0,0,0.05
0,0,0.002
0,0,0.0
0,0,0.008
1,1,1.0
1,1,0.7239380315315209
0,0,0.02
0,0,0.0
1,1,1.0
0,0,0.0
0,0,0.0
0,0,0.0
0,0,0.0
0,0,0.008
0,0,0.05
0,0,0.08
0,0,0.0
0,0,0.024
0,0,0.0
0,0,0.006
1,1,1.0
0,0,0.022
0,0,0.0
0,0,0.0
0,0,0.082
0,0,0.056
0,0,0.042
0,0,0.064
1,1,1.0
0,0,0.006
0,0,0.076
0,0,0.004
1,1,1.0
0,0,0.052
0,0,0.002
0,0,0.058
0,0,0.0
0,0,0.0
0,0,0.05
0,0,0.022
0,0,0.0
0,0,0.023398444749350544
0,0,0.078
0,0,0.0
0,0,0.022
0,0,0.084
0,0,0.004
0,0,0.004
0,0,0.0
0,0,0.046
0,0,0.028
0,0,0.19
0,0,0.01
0,0,0.038
0,0,0.0
1,0,0.31
0,0,0.0
0,0,0.034
0,0,0.276
0,0,0.05
0,0,0.064
0,0,0.006
0,0,0.018
0,0,0.03
0,0,0.004
0,0,0.068
0,0,0.022
0,0,0.036
0,0,0.0
1,1,1.0
0,0,0.0
0,0,0.022
0,0,0.0
0,0,0.02
0,0,0.0
1,0,0.064
1,1,1.0
0,0,0.06
0,0,0.006
0,0,0.028
0,0,0.008
0,0,0.04
1,1,1.0
0,0,0.0
0,0,0.0
0,0,0.016
0,0,0.0
1,1,1.0
0,0,0.0
0,0,0.004
0,0,0.41
0,0,0.022
0,0,0.138
0,0,0.0
0,0,0.01
0,0,0.0
0,0,0.036
1,1,1.0
0,0,0.0
0,0,0.0
1,1,1.0
1,1,1.0
0,0,0.02
0,0,0.0
0,0,0.0
0,0,0.01
0,0,0.002
1,1,0.6660748574885895
0,0,0.064
0,0,0.06
0,0,0.004
0,0,0.114
1,1,0.882
0,0,0.0
0,0,0.004
0,0,0.004
1,0,0.068
0,0,0.002
1,1,1.0
1,1,1.0
0,0,0.016
0,0,0.0
1,1,1.0
0,0,0.052
0,0,0.046
0,0,0.056
0,1,0.6064150595609938
0,0,0.0
0,0,0.0
0,0,0.0
0,0,0.04
0,0,0.0
0,0,0.07
0,0,0.0
0,0,0.3877449971086593
0,0,0.014
0,0,0.034
1,1,1.0
0,0,0.0
0,0,0.124
0,0,0.012
0,0,0.014
0,0,0.022
0,0,0.07
1,1,1.0
0,0,0.24689616002381898
0,0,0.002
0,0,0.002
0,0,0.004
1,1,1.0
1,1,1.0
0,0,0.02
0,0,0.0
0,0,0.0
0,0,0.0
0,0,0.058
1,1,0.756
0,0,0.0
0,0,0.0
0,0,0.014
1,1,1.0
1,1,1.0
0,0,0.076
0,0,0.032
0,0,0.04
0,0,0.012
0,0,0.01
0,0,0.028
0,0,0.01
1,1,1.0
0,0,0.044
0,0,0.038
0,0,0.0
0,0,0.034
0,0,0.046
0,0,0.21
0,0,0.118
0,0,0.036
0,0,0.022
0,0,0.018
0,0,0.028
0,0,0.176
0,0,0.0
0,0,0.028
0,0,0.036
0,0,0.006
1,1,1.0
0,0,0.104
0,0,0.028
1,0,0.49
0,0,0.31741784208677853
0,0,0.29047218023910687
0,0,0.0
0,0,0.07
0,0,0.0
0,0,0.052
0,0,0.01
1,1,1.0
0,0,0.044
0,0,0.0
0,0,0.024
0,0,0.07
0,0,0.018
0,0,0.04
1,1,1.0
0,0,0.0
0,0,0.0
0,0,0.05
1,1,0.948
0,0,0.0
0,0,0.0
0,0,0.004
0,0,0.092
0,0,0.196
0,0,0.088
1,1,1.0
0,0,0.016
0,0,0.002
0,0,0.03
0,0,0.014
0,0,0.08
0,0,0.0
0,0,0.0
1,1,1.0
0,0,0.042
0,0,0.0
0,0,0.0
0,0,0.0
0,0,0.0
0,0,0.002
0,0,0.04
0,0,0.0
0,0,0.01
0,0,0.01
0,0,0.024
0,0,0.02
0,0,0.008
1,1,0.882
0,0,0.0
0,0,0.096
0,0,0.002
0,0,0.082
0,0,0.036
1,1,1.0
0,0,0.078
0,0,0.028
1,1,1.0
0,0,0.0
0,0,0.13
0,0,0.01
1,0,0.154
0,0,0.026
0,0,0.048
0,0,0.034
0,0,0.044
1,1,1.0
0,0,0.036
0,0,0.004
0,0,0.036
1,1,1.0
0,0,0.0
0,0,0.004
1,1,1.0
0,0,0.012
0,0,0.014
0,0,0.004
0,0,0.026
0,0,0.0
1,1,1.0
1,1,1.0
0,0,0.0
1,0,0.274
0,0,0.0
0,0,0.014
0,0,0.0
0,0,0.0
0,0,0.004
0,0,0.2166766003812395
0,0,0.022
1,1,1.0
0,0,0.0
0,0,0.004
1,1,0.7239380315315209
0,0,0.038
1,1,1.0
0,0,0.01
0,0,0.028
1,1,1.0
0,0,0.0
1,1,1.0
0,0,0.036
0,0,0.006
0,0,0.026
0,0,0.008
0,0,0.0
1,1,1.0
0,0,0.014
0,0,0.0
1,1,1.0
0,0,0.0
0,0,0.118
0,0,0.0
1,1,1.0
0,0,0.022
0,0,0.0
0,0,0.0
0,0,0.01
1,1,1.0
1,0,0.384
0,1,0.6529155318368083
0,0,0.0
0,0,0.028
0,0,0.18
0,0,0.012
0,0,0.054
1,1,1.0
0,0,0.012
0,0,0.0
0,0,0.0
0,0,0.012
0,0,0.024
1,1,0.812
0,0,0.014
0,0,0.0
0,0,0.008
0,0,0.032
0,0,0.038
1,1,1.0
0,0,0.0
0,0,0.0
0,0,0.004
0,0,0.114
0,0,0.02
0,0,0.0
1,0,0.336
1,1,0.544
0,0,0.174
0,0,0.002
0,0,0.0
0,0,0.0
0,0,0.0
0,0,0.03
0,0,0.054
0,0,0.0
1,0,0.12073906121092003
0,0,0.044
0,0,0.0
0,0,0.038
0,0,0.062374346832232405
0,0,0.0
0,0,0.116
0,0,0.0
0,0,0.01
0,0,0.022
0,0,0.0
1,1,1.0
0,0,0.05
0,0,0.072
0,0,0.0
0,0,0.2651806117529054
0,0,0.026
0,0,0.002
0,0,0.008
1,1,1.0
1,1,1.0
0,0,0.018
0,0,0.068
0,0,0.0
0,0,0.002
0,0,0.028
0,0,0.006
0,0,0.01
0,0,0.008
0,0,0.03
0,0,0.036
0,0,0.066
0,0,0.052
0,0,0.082
0,0,0.046
0,0,0.0
0,0,0.0
0,0,0.002
0,0,0.02
0,0,0.0
1,1,1.0
0,0,0.0
0,0,0.0
0,0,0.062
1,0,0.306
0,0,0.008
0,0,0.0
1,1,1.0
0,0,0.24511356780208643
0,0,0.0
0,0,0.036
0,0,0.014
0,0,0.008
0,0,0.034
0,0,0.016
0,0,0.0
0,0,0.068
0,0,0.0
0,0,0.102
0,0,0.02
1,1,1.0
0,0,0.038
0,0,0.066
0,0,0.004
0,0,0.002
0,0,0.004
0,0,0.0
0,0,0.0
0,0,0.0
0,0,0.092
0,0,0.028
1,1,1.0
1,1,1.0
0,0,0.098
0,0,0.008
0,0,0.032
1,1,1.0
0,0,0.0
0,0,0.104
1,0,0.01031514542066604
0,0,0.072
0,0,0.022
0,0,0.014
1,1,1.0
1,1,1.0
0,0,0.196
0,0,0.026
0,0,0.008
0,0,0.034
0,0,0.048
0,0,0.034
0,0,0.11
0,0,0.004
0,0,0.078
0,0,0.0
0,0,0.0
0,0,0.01
0,0,0.0
0,0,0.0
0,0,0.074
0,0,0.086
0,0,0.012
0,0,0.076
1,0,0.128
0,0,0.034
0,0,0.016
0,0,0.088
0,0,0.0
0,0,0.0
0,0,0.0
0,0,0.028
0,0,0.0
0,0,0.002
0,0,0.008
0,0,0.158
0,0,0.002
0,0,0.0
0,0,0.042
0,0,0.0
0,0,0.0
0,0,0.0
0,0,0.126
0,0,0.004
0,0,0.014
1,0,0.142
0,0,0.034
0,0,0.004
0,0,0.038
0,0,0.028
0,0,0.044
0,0,0.106
0,0,0.0
0,0,0.026
0,0,0.062
0,0,0.0
0,0,0.0
0,0,0.008
0,0,0.004
0,0,0.052
0,0,0.002
0,0,0.012
0,0,0.0
0,0,0.002
0,0,0.002
1,1,1.0
0,0,0.0
0,0,0.0
0,0,0.036
0,0,0.0
0,0,0.002
0,0,0.0
0,0,0.036
0,0,0.002
0,0,0.0
1,1,1.0
0,0,0.004
0,0,0.006
0,0,0.022
0,0,0.0
0,0,0.0
0,0,0.076
0,0,0.0
1,1,1.0
0,0,0.0
1,1,1.0
0,0,0.0
0,0,0.002
1,1,0.99
0,0,0.062
1,1,1.0
0,0,0.128
0,0,0.052
0,0,0.13
1,1,1.0
0,0,0.002
0,0,0.012
0,0,0.068
0,0,0.018
0,0,0.0
0,0,0.066
0,0,0.124
1,0,0.168
1,1,1.0
0,0,0.0
0,0,0.014
1,1,1.0
0,0,0.4458477950877857
0,0,0.0
1,0,0.05
0,0,0.05
0,0,0.2
0,0,0.022
0,0,0.042
1,1,1.0
0,0,0.0
0,0,0.0
0,0,0.048
0,0,0.004
0,0,0.0
0,0,0.01
0,0,0.0
0,0,0.0
1,0,0.26
0,0,0.102
0,0,0.132
0,0,0.07
0,0,0.1535908018179121
0,0,0.024
1,1,1.0
0,0,0.03
0,0,0.0
0,0,0.004
0,0,0.0
1,1,1.0
0,0,0.006
0,0,0.0
1,1,1.0
0,0,0.0
0,0,0.04
0,0,0.018
1,1,0.978
1,1,1.0
1,1,1.0
0,0,0.008
0,0,0.054
0,0,0.0
0,0,0.22806880676668104
1,1,1.0
0,0,0.086
0,0,0.018
0,0,0.012
0,0,0.0
0,0,0.25943228665741896
0,0,0.134
0,0,0.106
0,0,0.01
0,0,0.016
0,0,0.02
1,1,1.0
1,1,1.0
0,0,0.014
0,0,0.0
0,0,0.05
0,0,0.162
0,0,0.002
0,0,0.006
0,0,0.0
0,0,0.078
0,0,0.002
0,0,0.042
1,0,0.214
0,0,0.028
1,1,1.0
0,0,0.006784751751672842
1,1,1.0
0,0,0.128
0,0,0.0
0,0,0.054
1,1,1.0
0,0,0.0
0,0,0.004
0,0,0.018
0,0,0.002
0,0,0.026
0,0,0.012
1,1,1.0
0,0,0.026
0,0,0.004
0,0,0.0
0,0,0.022
0,0,0.044
0,0,0.02
0,0,0.0
0,0,0.006
0,0,0.022
0,0,0.0
1,0,0.174
0,0,0.106
0,0,0.0
0,0,0.006
0,0,0.008
0,0,0.0
0,0,0.028
0,0,0.0
0,0,0.0
0,0,0.038
0,0,0.01
0,0,0.018
0,0,0.076
1,1,1.0
0,0,0.1
0,0,0.096
1,1,0.706
0,0,0.03
0,0,0.016
0,0,0.034
1,0,0.12
0,0,0.044
0,0,0.042
0,0,0.014
0,0,0.0
0,0,0.112
0,0,0.03
0,0,0.0
0,0,0.0
0,0,0.02
1,1,1.0
0,0,0.0
0,0,0.028
0,0,0.0
1,0,0.206
0,0,0.044
0,0,0.128
0,0,0.0
0,0,0.008
0,0,0.066
0,0,0.008
0,0,0.0
0,0,0.014
0,0,0.086
0,0,0.0
0,0,0.074
0,0,0.058
0,0,0.0
0,0,0.0
0,0,0.0
0,0,0.02
0,0,0.006
0,0,0.016
0,0,0.048
0,0,0.032
0,0,0.01
0,0,0.016
1,0,0.138
0,0,0.002
0,0,0.052
0,0,0.116
0,0,0.0
0,0,0.0
0,0,0.006
0,0,0.006
1,1,0.6217152195401049
1,1,1.0
1,1,1.0
1,1,1.0
0,0,0.002
0,0,0.056
1,0,0.046
0,0,0.044
1,0,0.0
0,0,0.004
1,1,1.0
0,0,0.004
1,1,1.0
0,0,0.036
0,0,0.002
0,0,0.01
0,0,0.002
1,1,1.0
0,0,0.0
0,0,0.0
0,0,0.012
0,0,0.046
0,0,0.068
0,0,0.002
0,0,0.024
0,0,0.012
0,0,0.0
1,0,0.472
0,0,0.026
1,1,1.0
0,0,0.094
0,0,0.0
0,0,0.0
0,0,0.014
0,0,0.03
0,0,0.0
0,0,0.0
0,0,0.16911240413489542
0,0,0.084
1,1,1.0
0,0,0.004
0,0,0.352
0,0,0.0
0,0,0.002
0,0,0.094
0,0,0.0
0,0,0.034
0,0,0.0
0,0,0.0
0,0,0.006
0,0,0.006
0,0,0.046
0,0,0.0
0,0,0.06
0,0,0.128
0,0,0.048
0,0,0.082
0,0,0.0
1,1,1.0
0,0,0.0
0,0,0.004
1,1,0.944
0,0,0.024
0,0,0.004
1,0,0.17
0,0,0.03
1,1,0.996
1,1,0.526
0,0,0.108
0,0,0.208
0,0,0.0
0,0,0.008
0,0,0.042
1,1,0.8
0,0,0.0
0,0,0.116
0,0,0.0
0,0,0.012
0,0,0.018
0,0,0.0
0,0,0.084
1,1,0.7364016427983952
0,0,0.048
0,0,0.026
0,0,0.0
0,0,0.0
0,0,0.0
0,0,0.0
0,0,0.194
0,0,0.038
0,0,0.0
0,0,0.108
0,0,0.025663322363311765
0,0,0.006
1,1,1.0
0,0,0.05
0,0,0.0
1,1,1.0
0,0,0.0
0,0,0.0
0,0,0.092
0,0,0.098
0,0,0.0
1,1,1.0
0,0,0.03
0,0,0.02
0,0,0.108
0,0,0.072
0,0,0.0
0,0,0.002
0,0,0.034
1,1,1.0
0,0,0.0
0,0,0.07
0,0,0.02
0,0,0.0
0,0,0.0
0,0,0.036
0,0,0.002
0,0,0.0
1,1,1.0
0,0,0.03
1,1,1.0
0,0,0.0
1,1,1.0
0,0,0.064
1,1,1.0
0,0,0.012
0,0,0.006
0,0,0.09
0,0,0.002
0,0,0.138
0,0,0.032
0,0,0.0
0,0,0.028
0,0,0.0
0,0,0.032
0,0,0.05
0,0,0.0
0,0,0.01
1,1,1.0
0,0,0.016
0,0,0.084
0,0,0.0
0,0,0.0
0,0,0.022
1,1,1.0
1,1,1.0
0,0,0.0
0,0,0.0
0,0,0.0
0,0,0.0
0,0,0.318
0,0,0.06
0,0,0.0
0,0,0.1
0,0,0.0
0,0,0.018
0,0,0.058
1,1,1.0
0,0,0.014
0,0,0.01
0,0,0.0
0,0,0.002
0,0,0.046
0,0,0.014
0,0,0.0
0,0,0.0
0,0,0.00407485748858948
0,0,0.0
0,0,0.0
0,0,0.076
0,0,0.0
0,0,0.008
1,1,1.0
0,0,0.032
0,0,0.012
0,0,0.056
0,0,0.006
0,0,0.004
0,0,0.012
0,0,0.008
0,0,0.04
1,1,1.0
0,0,0.0
1,1,1.0
0,0,0.098
0,0,0.19429144030528192
1,1,1.0
0,0,0.0
0,0,0.0
1,1,1.0
0,0,0.0
0,0,0.006
0,0,0.0
0,0,0.028
0,0,0.02
0,0,0.024
0,0,0.006
0,0,0.092
0,0,0.0
1,1,1.0
0,0,0.0
0,0,0.2574614723236468
0,0,0.012
0,0,0.068
1,1,1.0
0,0,0.0
0,0,0.014
0,0,0.024
0,0,0.04
0,0,0.02
0,0,0.01
0,0,0.008
1,1,1.0
0,0,0.0
0,0,0.074
0,0,0.034
0,0,0.0
0,0,0.0
0,0,0.008
0,0,0.0
0,0,0.106
0,0,0.0
0,0,0.002
0,0,0.008
0,0,0.0
0,0,0.0
0,0,0.044074857488589476
0,0,0.012
0,0,0.0
1,1,0.576
0,1,0.776031701832472
0,0,0.012
1,0,0.038
0,0,0.0
0,0,0.0
1,1,1.0
0,0,0.002
0,0,0.052
0,0,0.016
1,1,1.0
0,0,0.0
0,0,0.0
0,0,0.006
1,1,0.546
0,0,0.032
0,0,0.0
0,0,0.0
0,0,0.192
1,1,1.0
1,1,1.0
0,0,0.0
0,0,0.0
0,0,0.012
0,0,0.108
0,0,0.0
0,0,0.032
0,0,0.024
0,0,0.0
0,0,0.0
0,0,0.006
0,0,0.006
0,0,0.05
0,0,0.0
1,0,0.436
1,1,1.0
0,0,0.028
0,0,0.072
0,0,0.0
0,1,0.6247654384879711
0,0,0.0
0,0,0.004
0,0,0.04
1,1,0.972
0,0,0.052
0,0,0.154
0,0,0.0
0,0,0.004
0,0,0.0
1,1,1.0
0,0,7.485748858948021e-05
1,1,1.0
0,0,0.036
0,0,0.018
0,0,0.014
0,0,0.006
0,0,0.0
0,0,0.062
0,0,0.016
0,0,0.108
0,0,0.26524462519668235
0,0,0.04
0,0,0.0
0,0,0.0
1,0,0.494
0,0,0.006074857488589481
0,0,0.0
0,0,0.06
0,0,0.018
0,0,0.0
0,0,0.032
0,0,0.0
0,0,0.0
0,0,0.006
1,0,0.408
0,0,0.008
0,0,0.006
0,0,0.016
0,0,0.042
0,0,0.04
1,1,1.0
0,0,0.0
0,0,0.01
0,0,0.062374346832232405
0,0,0.078
0,0,0.024
0,0,0.0
0,0,0.01
0,0,0.0
0,0,0.022
0,0,0.036
0,0,0.024
0,0,0.0
0,0,0.22
0,0,0.002
0,0,0.0
0,0,0.022
1,1,1.0
1,1,0.6
0,0,0.03
0,0,0.052
0,0,0.0
0,0,0.03
0,0,0.034
0,0,0.018
0,0,0.0
1,1,1.0
1,1,0.756
0,0,0.024
1,1,1.0
0,0,0.0
0,0,0.036
0,0,0.0
0,0,0.0
0,0,0.0
0,0,0.048
0,0,0.034
0,0,0.036
0,0,0.002
0,0,0.174
0,0,0.052
0,0,0.018
0,0,0.072
0,0,0.0
0,0,0.02
1,1,0.998
1,1,1.0
0,0,0.0
0,0,0.0
0,0,0.016
0,0,0.012
0,0,0.01
0,0,0.016
0,0,0.006
0,0,0.0
0,0,0.004
0,0,0.042
0,0,0.056
0,0,0.002
0,0,0.264
0,0,0.012
0,0,0.0
0,0,0.098
0,0,0.066
1,0,0.078
0,0,0.438
0,0,0.0
0,0,0.004
0,0,0.0
1,1,0.792
0,0,0.244
0,0,0.178
0,0,0.0
0,0,0.144
1,1,0.5998477950877857
0,0,0.0
0,0,0.04
0,0,0.05
0,0,0.034
0,0,0.036
0,0,0.0
0,0,0.0
0,0,0.042
0,0,0.0
0,0,0.012
0,0,0.006
0,0,0.006
0,0,0.068
0,0,0.0
0,0,0.006
1,1,1.0
0,0,0.04
0,0,0.2064833976833444
0,0,0.056
0,0,0.0
0,0,0.046
0,0,0.014
0,0,0.034
0,0,0.006
0,0,0.08
0,0,0.006
0,0,0.008
0,0,0.024
0,0,0.026
0,0,0.01
0,0,0.004
0,1,0.7239380315315209
0,0,0.02
1,1,0.878
1,1,1.0
0,0,0.0
0,0,0.002
0,0,0.0
0,0,0.004
1,1,1.0
1,0,0.48229296815332356
0,0,0.06
0,0,0.0
0,0,0.004
0,0,0.0
0,0,0.064
0,0,0.178
0,0,0.0
0,0,0.018
0,0,0.0
0,0,0.002
0,0,0.006
0,0,0.08
0,0,0.052
0,0,0.02207485748858948
0,0,0.002
0,1,0.6349456375163515
0,0,0.022
0,0,0.0
0,0,0.012
0,0,0.054
0,0,0.0
0,0,0.064
1,1,1.0
0,0,0.022
0,0,0.02
0,0,0.1
0,0,0.006
0,0,0.046
0,0,0.008
0,0,0.018
0,0,0.088
1,1,1.0
0,0,0.016
1,1,1.0
0,0,0.008
1,0,0.388
0,0,0.01
0,0,0.002
1,0,0.326
1,0,0.172
0,0,0.0
0,0,0.082
0,0,0.026
1,1,1.0
0,0,0.2452546858729372
0,0,0.0
0,0,0.0
0,0,0.03
1,1,1.0
0,0,0.0
0,0,0.004
0,0,0.002
1,0,0.454
0,0,0.036
1,1,0.954
0,0,0.008
0,0,0.0
0,0,0.026
0,0,0.032
0,0,0.014
0,0,0.036
0,0,0.016
0,0,0.012
0,0,0.006
1,1,1.0
0,0,0.0
0,0,0.036
0,0,0.0
0,0,0.0
0,0,0.002
0,0,0.022
0,0,0.0
0,0,0.0
0,0,0.088
1,1,1.0
0,0,0.024
0,0,0.024
0,0,0.0
0,0,0.014
1,1,1.0
0,0,0.0
0,0,0.058
0,0,0.0
0,0,0.0
0,0,0.0
0,0,0.012
0,0,0.0
0,0,0.0
0,0,0.008
0,0,0.02
0,0,0.026
0,0,0.012
0,0,0.008
0,0,0.01
0,0,0.0
0,0,0.004
1,1,1.0
0,0,0.0
0,0,0.03
0,0,0.056
0,0,0.038
0,0,0.02
0,0,0.032
0,0,0.076
0,0,0.0
0,0,0.0
0,0,0.036
0,0,0.0
0,0,0.0
1,0,0.29
0,0,0.036
0,0,0.004
1,0,0.264
1,1,0.566
0,0,0.01207485748858948
0,0,0.016
0,0,0.092
0,0,0.058
0,0,0.038
0,0,0.014
0,0,0.012
0,0,0.042
0,0,0.044
0,0,0.052
0,0,0.0
0,0,0.0
1,1,0.988
0,0,0.0
0,0,0.156
0,0,0.0
0,0,0.04
0,0,0.048
1,1,1.0
0,0,0.044
0,0,0.026
1,0,0.308
0,0,0.064
0,0,0.044
0,0,0.0
0,0,0.0
0,0,0.048
0,0,0.018
1,1,1.0
0,0,0.102
0,0,0.048
0,0,0.138
1,0,0.428
0,0,0.03
0,0,0.028
0,0,0.184
0,0,0.06
0,0,0.008920739524830102
0,0,0.04
0,0,0.0
0,0,0.012
1,1,1.0
0,0,0.082
0,0,0.0
0,0,0.018
0,0,0.002
0,0,0.0
1,0,0.356
0,0,0.008
1,1,1.0
1,1,0.868
1,0,0.1
0,0,0.066
0,0,0.05
0,0,0.03
0,0,0.004
0,0,0.008
0,0,0.008
0,0,0.0
0,0,0.0
0,0,0.0
0,0,0.0
0,0,0.006
0,0,0.014
0,0,0.072
0,0,0.02
0,0,0.0
0,0,0.018
0,0,0.05
0,0,0.012
0,0,0.008
0,0,0.044
0,0,0.02
1,1,0.82
1,1,1.0
0,0,0.0
0,0,0.036
0,0,0.006
0,0,0.026
0,0,0.018
0,1,0.776031701832472
0,0,0.03
1,1,0.542
0,0,0.004
0,0,0.0
0,0,0.12248389206694109
0,0,7.485748858948021e-05
0,0,0.194
0,0,0.02
0,0,0.0
0,0,0.034
0,0,0.052
0,0,0.042
0,0,0.004
1,1,1.0
0,0,0.024
0,0,0.24511356780208643
0,0,0.012
0,0,0.0
0,0,0.128
0,0,0.038
0,0,0.098
0,0,0.0
1,1,1.0
0,0,0.0
0,0,0.018
0,0,0.146
1,1,1.0
0,0,0.278
0,0,0.0
1,0,0.348
0,0,0.06
0,0,0.002
0,0,0.0
0,0,0.012
0,0,0.192
0,0,0.0
0,0,0.0
0,0,0.006
0,0,0.01
0,0,0.014
1,1,1.0
0,0,0.01
0,0,0.076
0,0,0.0
0,0,0.004
0,0,0.0
0,0,0.022
0,0,0.018
0,0,0.0
0,0,0.028
0,0,0.0
0,0,0.0
0,0,0.0
0,0,0.052
0,0,0.002
0,0,0.038
0,0,0.0
1,1,1.0
0,0,0.056
0,0,0.008
0,0,0.0
0,0,0.04
0,0,0.014
0,0,0.104
0,0,0.0
0,0,0.036
0,0,0.156
0,0,0.0
0,0,0.0
1,0,0.2111288813982756
0,0,0.1
0,0,0.0
0,0,0.018
0,0,0.104
0,0,0.046
0,0,0.184
0,0,0.018
0,0,0.0
0,0,0.048
0,0,0.006
1,0,0.386
1,1,1.0
1,1,1.0
0,0,0.004
0,0,0.022
0,0,0.008
0,0,0.034
1,1,1.0
0,0,0.03
0,0,0.0
0,0,0.05
0,0,0.0
0,0,0.056
0,0,0.008
0,0,0.03
0,0,0.008
0,0,0.164
0,0,0.018
0,0,0.0
0,0,0.048
1,1,1.0
0,0,0.0
1,1,1.0
0,0,0.068
0,0,0.0
0,0,0.04
0,0,0.0
0,0,0.0
1,1,1.0
0,0,0.0
0,0,0.022
0,0,0.046
0,0,0.034
0,0,0.0
0,0,0.004
0,0,0.2693064226146754
0,0,0.088
0,0,0.022
0,0,0.0
0,0,0.042
0,0,0.01
0,0,0.004
1,1,1.0
1,1,1.0
0,0,0.012
0,0,0.0
0,0,0.0
0,0,0.016
0,0,0.1528393987820019
0,0,0.286
0,0,0.04
0,0,0.068
0,0,0.272
0,0,0.04
0,0,0.088
0,0,0.0
1,1,1.0
0,0,0.024
0,0,0.006
0,0,0.2574614723236468
0,0,0.0
1,0,0.288
0,0,0.048
1,1,1.0
0,0,0.024
0,0,0.0
0,0,0.06
0,0,0.044
0,0,0.3171359031616761
0,0,0.04
0,0,0.004
0,0,0.0
1,1,1.0
1,0,0.298
0,0,0.1
0,0,0.0
0,0,0.072
0,0,0.01
0,0,0.018
0,0,0.004
0,0,0.034
0,0,0.076
0,0,0.014
0,0,0.02
0,0,0.22806880676668104
0,0,0.01
0,0,0.082
1,1,1.0
0,0,0.014
1,0,0.36
1,1,0.818
0,1,0.5520480030515661
0,0,0.062
0,0,0.0
0,0,0.05
0,0,0.022
0,0,0.0
0,0,0.056
0,0,0.022
0,0,0.026
0,0,0.07
1,1,0.694
0,0,0.0
0,0,0.006
0,0,0.082
0,0,0.108
0,0,0.0
0,0,0.0
0,0,0.008
0,0,0.0
0,0,0.184
0,0,0.022
0,0,0.008
0,0,0.044
0,0,0.0
1,1,1.0
0,0,0.018
0,0,0.024
0,0,0.0
0,0,0.128
0,0,0.0
0,0,0.002
0,0,0.004
0,0,0.012
0,0,0.038
0,0,0.20532170589779494
0,0,0.0
0,0,0.014
0,0,0.058
1,1,1.0
0,0,0.098
0,0,0.004
0,0,0.012
0,0,0.002
0,0,0.058
0,0,0.202
1,1,1.0
0,0,0.242
1,1,1.0
0,0,0.0
0,0,0.0
0,0,0.0
0,0,0.076
1,1,0.954
0,0,0.132
1,1,0.9
0,0,0.03
1,1,1.0
0,0,0.07
0,0,0.008
1,1,1.0
1,1,1.0
0,0,0.014
0,0,0.02
0,0,0.0
0,0,0.146
0,0,0.028
0,0,0.006
0,0,0.022
1,1,1.0
0,0,0.034
0,0,0.01
0,0,0.0
0,0,0.02
0,0,0.026
1,1,1.0
0,0,0.0
0,0,0.012
0,0,0.042
0,0,0.0
1,0,0.4336167795327778
0,0,0.016
0,0,0.0
1,1,1.0
0,0,0.028
1,1,1.0
0,0,0.48229296815332356
0,0,0.0
0,0,0.028
1,1,1.0
0,0,0.012
0,0,0.28670261466729074
0,0,0.014
0,0,0.0
0,0,0.0
0,0,0.0
1,1,1.0
0,0,0.086
0,0,0.008
1,1,1.0
0,0,0.0
0,0,0.002
0,0,0.006
0,0,0.044
0,1,0.6230437234494137
0,0,0.03
1,1,1.0
0,0,0.0
0,0,0.038
0,0,0.0
0,0,0.006
0,0,0.0
0,0,0.248
0,0,0.0
1,1,1.0
0,0,0.02
0,0,0.016
1,1,0.696
0,0,0.004
0,0,0.004
0,0,0.0
0,0,0.118
0,0,0.4489348013090018
0,0,0.07
0,0,0.052
0,0,0.136
0,0,0.0
0,0,0.002
0,0,0.016
1,1,1.0
0,0,0.014
0,0,0.014
0,0,0.032
0,0,0.006
0,0,0.022
0,0,0.0
1,0,0.312
0,0,0.04
0,0,0.022
0,0,0.0
0,0,0.048
0,0,0.012
0,0,0.022
0,0,0.0
0,0,0.0
0,0,0.004
0,0,0.074
0,0,0.0
0,0,0.192
0,0,0.0
1,1,1.0
0,0,0.0
0,0,0.126
0,0,0.044
0,0,0.086
0,0,0.014
0,0,0.0
0,0,0.078
1,1,1.0
0,0,0.0
0,0,0.024
1,1,1.0
0,0,0.036
0,0,0.0
0,0,0.03
0,0,0.0
0,0,0.008
0,0,0.054
0,0,0.0
1,0,0.122
0,0,0.0
0,0,0.11
0,0,0.168
0,0,0.084
1,0,0.042
0,0,0.022
0,0,0.008
0,0,0.004
0,0,0.016
0,0,0.006
0,0,0.108
0,0,0.014
1,0,0.396
0,0,0.022
0,0,0.0
1,1,1.0
0,0,0.0
0,0,0.0
0,0,0.008
1,1,1.0
0,0,0.0
0,0,0.016
0,0,0.0
0,0,0.0
0,0,0.0
1,0,0.48229296815332356
0,0,0.002
0,0,0.014
0,0,0.0
0,0,0.016
0,0,0.076
0,0,0.01
0,0,0.0
1,1,1.0
0,0,0.074
0,0,0.0
0,0,0.138
0,0,0.0
0,0,0.22
0,0,0.3961225209110702
0,0,0.0
0,0,0.012
0,0,0.0
0,0,0.006
0,0,0.022
0,0,0.002
0,0,0.116
0,0,0.0
0,0,0.03
0,0,0.014
0,0,0.0
0,0,0.0
0,0,0.02
0,0,0.0
0,0,0.02
1,1,1.0
1,1,0.524
0,0,0.0
0,0,0.004
0,0,0.058
1,1,1.0
0,0,0.016
0,0,0.004
0,0,0.004
0,0,0.01
0,0,0.14
0,0,0.012
0,0,0.112
0,0,0.014
0,0,0.04
0,0,0.0
1,0,0.252
0,0,0.0
0,0,0.0
0,0,0.024
0,0,0.0
0,0,0.006
0,0,0.0
0,0,0.0
0,0,0.072
1,1,0.744
0,0,0.014
0,0,0.0
0,0,0.0
0,0,0.0
1,1,1.0
0,0,0.026
0,0,0.0
0,0,0.006
0,0,0.0
0,0,0.018
0,0,0.018
0,0,0.0
0,0,0.016
0,0,0.0
0,0,0.094
0,0,0.3954711790340494
0,0,0.018
0,0,0.004
0,0,0.08370122174815003
1,1,1.0
0,0,0.036
0,0,0.0
1,1,1.0
0,0,0.028
1,1,1.0
0,0,0.04
0,0,0.006
0,0,0.038
1,1,1.0
0,0,0.068
0,0,0.004
0,0,0.0
0,0,0.002
1,1,1.0
0,0,0.012
0,0,0.14
0,0,0.052
0,0,0.026
0,0,0.014
0,0,0.002
0,0,0.0
0,0,0.06
0,0,0.0
0,0,0.078
0,0,0.028
0,0,0.018
0,0,0.184
0,0,0.084
0,0,0.0
0,0,0.016
0,0,0.002
0,0,0.032
1,1,1.0
0,0,0.0
0,0,0.0
1,1,0.998
0,0,0.004
0,0,0.02133752248995451
0,0,0.01
0,0,0.0
0,0,0.004
0,0,0.0
0,0,0.0
0,0,0.0
0,0,0.006
0,0,0.04
0,0,0.046
1,1,1.0
0,0,0.0
0,0,0.024
0,0,0.002
0,0,0.002
1,1,1.0
1,1,0.976
0,0,0.084
0,0,0.0
0,0,0.002
0,0,0.002
0,0,0.2166766003812395
0,0,0.0
0,0,0.092
0,0,0.0
0,0,0.01
0,0,0.008
1,0,0.054
0,0,0.0
0,0,0.01
0,0,0.018
1,1,1.0
0,0,0.0
0,0,0.01
0,0,0.024
0,0,0.0
0,0,0.066
0,0,0.0
0,0,0.012
0,0,0.03
0,0,0.178
0,0,0.014
0,0,0.006
0,0,0.0
0,0,0.064
0,0,0.0
0,0,0.0
1,1,1.0
0,0,0.0
0,0,0.198
1,0,0.01444101349382376
0,0,0.0
0,0,0.008
0,0,0.0
0,0,0.006
0,0,0.128
0,0,0.0
0,0,0.01
0,0,0.088
0,0,0.084
0,0,0.006
1,1,0.868
0,0,0.006
0,0,0.0
1,1,1.0
0,0,0.028
0,0,0.0
0,0,0.032
0,0,0.002
0,0,0.016
0,0,0.016
0,0,0.0
0,0,0.01
0,0,0.034
0,0,0.0
0,0,0.012
0,0,0.0
0,0,0.01
0,0,0.0
0,0,0.002
0,0,0.026
0,0,0.0
0,0,0.018
1,1,0.694
1,1,0.99
0,0,0.008
0,0,0.0
0,0,0.058
0,0,0.0
0,0,0.078
0,0,0.056
0,0,0.076
0,0,0.01
0,0,0.076
0,0,0.0
0,0,0.3333354463375841
0,0,0.0
0,0,0.058
0,0,0.0
0,0,0.002
1,1,1.0
0,0,0.028
0,0,0.034
1,1,1.0
0,0,0.008
1,1,1.0
0,0,7.485748858948021e-05
0,0,0.038
0,0,0.012
1,1,1.0
0,0,0.0
0,0,0.0
0,0,0.008
1,1,1.0
0,0,0.0
0,0,0.002
0,0,0.0
1,1,1.0
0,0,0.012
1,1,1.0
0,0,0.0
0,0,0.0
0,0,0.104
0,0,0.162
0,0,0.0
1,1,1.0
0,0,0.002
0,0,0.014
0,0,0.058
0,0,0.058
0,0,0.0
0,0,0.002
0,0,0.14
0,0,0.22
0,0,0.006
0,0,0.064
0,0,0.0
0,0,0.0
0,0,0.0
1,0,0.05
0,0,0.0
0,0,0.0
0,0,0.004
0,0,0.024
0,0,0.0
0,0,0.016
0,0,0.034
0,0,0.0
0,0,0.12
0,0,0.28670261466729074
0,0,0.078
0,0,0.0
0,0,0.082
0,0,0.0
1,0,0.256
0,0,0.008
0,0,0.0
0,0,0.024
0,0,0.0
0,0,0.0
0,0,0.0
0,0,0.036
0,0,0.016
0,0,0.0
0,0,0.006
0,0,0.014
0,0,0.036
0,0,0.0
0,0,0.014
0,0,0.08580870926957056
0,0,0.156
1,1,1.0
0,0,0.024
0,0,0.0
1,1,1.0
0,0,0.132
0,0,0.002
0,0,0.034
0,0,0.0
0,0,0.048
0,0,0.02
0,0,0.042
1,0,0.276
0,0,0.0
1,1,1.0
0,0,0.0
0,0,0.094
0,0,0.0
0,0,0.0037161979198994857
0,0,0.056
1,1,0.97
0,0,0.086
0,0,0.0
0,0,0.076
0,0,0.014
0,0,0.04
1,1,1.0
0,0,0.0
0,0,0.002
0,0,0.0
0,0,0.012
0,0,0.016
0,0,0.0
1,1,0.95
0,1,0.6529155318368083
0,0,0.0
0,0,0.06
0,0,0.064
0,0,0.004
0,0,0.04
0,0,0.046
0,0,0.02
1,1,1.0
0,0,0.0
0,0,0.0
0,0,0.04
1,0,0.2918477950877857
0,0,0.04
0,0,0.08
0,0,0.116
0,0,0.002
0,0,0.008
0,0,0.002
0,0,0.0
0,0,0.018
0,0,0.012
0,0,0.0
0,0,0.01
0,0,0.0
1,0,0.0
0,0,0.056
0,0,0.054
1,0,0.246
0,0,0.028
0,0,0.03
0,0,0.16
0,0,0.006
0,0,0.004
0,0,0.02
0,0,0.068
0,0,0.0
0,0,0.068
0,0,0.0
0,0,0.008
0,0,0.06
0,0,0.036
0,0,0.0
0,0,0.006
0,0,0.006
0,0,0.002
0,0,0.39986762110516455
0,0,0.038
0,0,0.0
0,0,0.008
0,0,0.096
0,0,0.028
0,1,0.6149246662109149
1,1,1.0
0,0,0.0
0,0,0.048
0,0,0.052
0,0,0.006
0,0,0.0
0,0,0.03
0,0,0.012
0,0,0.008
0,0,0.004
1,1,1.0
0,0,0.022
0,0,0.03
0,0,0.01
0,0,0.0
0,0,0.002
0,0,0.09696971787766312
1,1,0.644
0,0,0.042
0,0,0.0
0,0,0.01
0,0,0.01
0,0,0.088
0,0,0.0
0,0,0.044
0,0,0.002
0,0,0.006
0,0,0.0
0,0,0.08
0,0,0.0
0,0,0.062
0,0,0.0
0,0,0.03
0,0,0.0
0,0,0.4680801101637131
0,0,0.104
0,0,0.006
0,0,0.0
0,0,0.272
0,0,0.062
0,0,0.0
0,0,0.034
1,1,1.0
0,0,0.1
0,0,0.006
0,0,0.078
0,0,0.002
0,0,0.006
0,0,0.0
0,0,0.012
0,0,0.092
0,0,0.11
0,0,0.004
0,0,0.014
0,0,0.002
0,0,0.006
0,0,0.026
0,0,0.014
0,0,0.004
0,0,0.096
0,0,0.002
0,0,0.0
0,0,0.0
1,1,1.0
1,1,0.924
0,0,0.068
0,0,0.0
1,1,1.0
0,0,0.044
0,0,0.006
1,1,1.0
0,0,0.0
0,0,0.0
0,0,0.024
0,0,0.0
0,0,0.024
1,1,0.81
0,0,0.124
0,0,0.042
0,0,0.032
0,0,0.0
0,0,0.098
0,0,0.028
0,0,0.032
1,1,0.896
0,0,0.012
0,0,0.008
0,0,0.0
0,0,0.008
0,0,0.0
0,0,0.01
0,0,0.0
0,0,0.014
0,0,0.0
0,0,0.006
1,0,0.262
0,0,0.006
0,0,0.008
0,0,0.0
0,0,0.01
0,0,0.066
0,0,0.004
0,0,0.022
0,0,0.0
0,0,0.094
0,0,0.0
0,0,0.026
0,0,0.026
0,0,0.0
0,0,0.0
0,0,0.0
0,0,0.048
0,0,0.0
0,0,0.082
0,0,0.004
0,0,0.02
0,0,0.14025171880850856
0,0,0.0
0,0,0.014
1,1,1.0
0,0,0.042
0,0,0.006
1,1,1.0
0,0,0.0
0,0,0.032
0,0,0.096
0,0,0.2
0,0,0.016
0,0,0.1326921295985655
0,0,0.036
0,0,0.008
0,0,0.0
0,0,0.132
0,0,0.056
0,0,0.07
0,0,0.074
0,0,0.006
0,0,0.0
0,0,0.008
0,0,0.0
1,1,1.0
0,0,0.026
0,0,0.26125348720200736
1,1,1.0
1,1,1.0
0,0,0.0
0,0,0.0
0,0,0.0
0,0,0.006
0,0,0.022
0,0,0.004
0,0,0.0
0,0,0.022
1,1,1.0
0,0,0.0
0,0,0.018
0,0,0.0
0,0,0.0
0,0,0.0
0,0,0.0
1,1,1.0
0,0,0.0
0,0,0.002
0,0,0.0
0,0,0.0
0,0,0.134
0,0,0.0
0,0,0.0
0,0,0.012
0,0,0.054
0,0,0.002
0,0,0.0
0,0,0.034
1,1,1.0
0,0,0.008
0,0,0.046
0,0,0.0
0,0,0.0
1,1,1.0
0,0,0.034
0,0,0.054
1,0,0.46
0,0,0.046
0,0,0.38483470572984957
0,0,0.0
0,0,0.002
0,0,0.058
0,0,0.0
1,1,1.0
0,0,0.014
1,1,1.0
0,0,0.002
0,0,0.004261891267131569
0,0,0.046
0,0,0.02
0,0,0.0
0,0,0.008
0,0,0.0
0,0,0.3961225209110702
0,0,0.034
1,1,1.0
0,0,0.146
0,0,0.002
1,1,1.0
0,0,0.048
0,0,0.028
0,0,0.016
0,0,0.016
0,0,0.046
0,0,0.066
0,0,0.008
0,0,0.0
0,0,0.014
0,0,0.028
0,0,0.018
0,0,0.116
0,0,0.0
1,0,0.368
1,0,0.216
0,0,0.0
0,0,0.0
0,0,0.006
1,1,1.0
0,0,0.008
0,0,0.04
0,0,0.004
0,0,0.004
0,0,0.0
0,0,0.004
0,0,0.022
0,0,0.028
0,0,0.01
1,1,0.88
0,0,0.036
0,0,0.052
0,0,0.0
0,0,0.044
0,0,0.0
0,0,0.0
0,0,0.0
0,0,0.0
0,0,0.0
0,0,0.028
0,0,0.078
0,0,0.004
0,0,0.0
1,1,1.0
0,0,0.034
1,1,0.92
0,0,0.006
0,0,0.012
0,0,0.062
0,0,0.066
1,1,1.0
1,1,1.0
0,0,0.0
1,1,0.99
0,0,0.0
0,0,0.068
0,0,0.02
0,0,0.038
0,0,0.01
0,0,0.0
0,0,0.072
0,0,0.008
0,0,0.014
0,0,0.036
0,0,0.0
0,0,0.0
1,0,0.232
1,0,0.434
0,0,0.006
0,0,0.0
0,0,0.09
0,0,0.002
0,0,0.006
0,0,0.086
1,0,0.062
0,0,0.028
0,0,0.0
0,0,0.062
0,0,0.0
0,0,0.0
0,0,0.0
0,0,0.016
0,0,0.14
0,0,0.012
0,0,0.13
1,1,1.0
0,0,0.0
0,0,0.0
0,0,0.02
0,0,0.028
0,0,0.0
0,0,0.0
0,0,0.018
0,0,0.0
0,0,0.018
0,0,0.124
0,0,0.012
0,0,0.0
0,0,0.004
0,0,0.044
0,0,0.018
0,0,0.018
0,0,0.0
0,0,0.02
0,0,0.13
0,0,0.018
1,1,1.0
0,0,0.066
1,1,1.0
0,0,0.0
0,0,0.0
0,0,0.014
0,0,0.016
0,0,0.0
0,0,0.062
0,0,0.136
0,0,0.0
0,0,0.0
0,0,0.116
0,0,0.098
0,0,0.164
0,0,0.006
0,0,0.0
0,0,0.0
0,0,0.3171359031616761
0,0,0.0
1,1,1.0
0,0,0.0
0,0,0.25
0,0,0.0
1,1,1.0
0,0,0.0
0,0,0.0
0,0,0.014
0,0,0.0
0,0,0.0
0,0,0.03
0,0,0.024
0,0,0.0
0,0,0.0
0,0,0.078
0,0,0.124
0,0,0.024
0,0,0.008
0,0,0.22885496726934965
1,1,1.0
0,0,0.0
1,1,1.0
0,0,0.002
0,0,0.0
0,0,0.018
0,0,0.016
0,0,0.0
0,0,0.056
0,0,0.014
0,0,0.0
0,0,0.022
0,0,0.07
0,0,0.016
0,0,0.0
1,1,1.0
0,0,0.276
0,0,0.0
0,0,0.014
0,0,0.02
0,0,0.022
0,0,0.0
0,0,0.042
0,0,0.0
0,0,0.104
0,0,0.014
0,0,0.0
0,0,0.008
0,0,0.0
0,0,0.03
1,1,1.0
0,0,0.0
0,0,0.014
0,0,0.0
0,0,0.042
0,0,0.006
0,0,0.026
0,0,0.042
0,0,0.014
0,0,0.178
0,0,0.028
0,0,0.036
1,1,1.0
0,0,0.178
0,0,0.036
0,0,0.036
0,0,0.014
0,0,0.052
0,0,0.002
0,0,0.0
0,0,0.0
0,0,0.0
0,0,0.0
0,0,0.002
0,0,0.0
1,1,1.0
0,0,0.006
1,0,0.186
0,0,0.16
1,1,1.0
1,1,0.768
1,0,0.068
0,0,0.3659477836092714
0,0,0.004
0,0,0.0
0,0,0.028
0,0,0.008
0,0,0.012
0,0,0.006
0,0,0.008
0,0,0.034
0,0,0.024
0,0,0.0
0,0,0.004
0,0,0.0
0,0,0.026
0,0,0.0
0,0,0.0
0,0,0.0
0,0,0.018
0,0,0.0
1,1,0.994
0,0,0.02
0,0,0.016
0,0,0.0
0,0,0.016
0,0,0.024
0,0,0.016
0,0,0.03
0,0,0.0
0,0,0.024
0,0,0.0
0,0,0.0
0,0,0.036
0,0,0.016
0,0,0.03886162096742971
0,0,0.012
0,0,0.016
0,0,0.0
0,0,0.14870972684143344
0,0,0.004
1,1,1.0
1,1,1.0
0,0,0.032
0,0,0.004
0,0,0.0
0,0,0.008
0,0,0.044
0,0,0.01
0,0,0.054
0,0,0.0
1,1,1.0
0,0,0.04
0,0,0.09
0,0,0.002
1,1,1.0
0,0,0.098
1,1,1.0
0,0,0.02
0,0,0.002
0,0,0.062
1,1,1.0
1,1,1.0
0,0,0.03
0,0,0.0
0,0,0.0
0,0,0.002
0,0,0.078
0,0,0.0
0,0,0.022
0,0,0.018
0,0,0.03
0,0,0.0
0,0,0.0
0,0,0.0
1,1,1.0
0,0,0.212
1,1,1.0
0,0,0.03
0,0,0.0
0,0,0.05
0,0,0.004
0,0,0.08
0,0,0.41952507383487736
0,0,0.0
1,1,0.998
0,0,0.118
0,0,0.006
0,0,0.006
0,0,0.006
0,0,0.006
0,0,0.008
0,0,0.026
0,0,0.012
1,0,0.396
0,0,0.014
0,0,0.072
0,0,0.074
1,0,0.49
0,0,0.046
0,0,0.0
0,0,0.002
0,0,0.006
0,0,0.086
0,0,0.078
1,1,1.0
1,1,1.0
0,0,0.012
0,0,0.002
0,0,0.0
0,0,0.032
1,1,1.0
0,0,0.0
0,0,0.008
0,0,0.004
0,0,0.018
1,1,1.0
0,0,7.485748858948021e-05
0,0,0.008
0,0,0.032
0,0,0.084
0,0,0.102
0,0,0.038
0,0,0.042
0,0,0.066
0,0,0.04
0,0,0.0
0,0,0.03007485748858948
1,1,1.0
0,0,0.03
0,0,0.0
0,0,0.022
0,0,0.014
0,0,0.02
1,1,0.846
0,0,0.008
1,1,1.0
0,0,0.0
0,0,0.026
0,0,0.024
0,0,0.0
0,0,0.0
0,0,0.066
0,0,0.1
0,0,0.012
0,0,0.0
0,0,0.0
0,0,0.006
0,0,0.0
0,0,0.0
0,0,0.0
0,0,0.02
1,1,0.984
0,0,0.048
0,0,0.016
0,0,0.132
0,0,0.024
1,1,0.832
0,0,0.018
0,0,0.018
0,0,0.0
0,0,0.0
0,0,0.004
0,0,0.042
0,0,0.01
1,1,1.0
0,0,0.004
1,1,1.0
0,0,0.038
0,0,0.0
0,0,0.058
0,0,0.054
1,1,1.0
0,0,0.02
1,1,1.0
0,0,0.082
1,1,1.0
1,1,1.0
0,0,0.058
1,1,1.0
0,0,0.052
1,1,0.874
0,0,0.002
0,0,0.0
1,1,1.0
0,0,0.0
0,0,0.002
0,0,0.0
1,1,1.0
0,0,0.012
0,0,0.0
1,1,1.0
0,0,0.0
1,1,1.0
0,0,0.098
0,0,0.048
0,0,0.0
0,0,0.088
0,0,0.0
1,1,1.0
0,0,0.044
0,0,0.116
1,1,1.0
0,0,0.094
0,0,0.008
0,0,0.0
0,0,0.022
0,0,0.022
1,1,1.0
0,0,0.016
0,0,0.062
0,0,0.08
0,0,0.002
0,0,0.022
0,0,0.0
0,0,0.0
0,0,0.022
0,0,0.012
0,0,0.088
0,0,0.094
0,0,0.066
0,0,0.0
0,0,0.02
1,1,1.0
0,0,0.002
1,1,1.0
0,0,0.0
0,0,0.022
0,0,0.0
0,0,0.0
0,0,0.008
0,0,0.0
0,0,0.0
0,0,0.048
0,0,0.006
0,0,0.004
1,1,0.988
0,0,0.03
0,0,0.0
0,0,0.002
0,0,0.016
0,0,0.004
0,0,0.112
1,1,1.0
0,0,0.016
0,0,0.104
0,0,0.142
0,0,0.042
0,0,0.012
0,0,0.02
0,0,0.056
1,1,0.764
0,0,0.008
0,0,0.064
0,0,0.004
0,0,0.008
0,0,0.0
0,0,0.0
0,0,0.122
0,0,0.01
0,0,0.044
0,0,0.014
0,0,0.002
0,0,0.002
0,0,0.02
0,0,0.002
0,0,0.042
0,0,0.06063445089953816
0,0,0.006
0,0,0.0
0,0,0.018
1,0,0.124
0,0,0.108
0,0,0.041566745455650096
0,0,0.0
0,0,0.104
0,0,0.032
1,1,1.0
1,1,1.0
0,0,0.0
0,0,0.056
0,0,0.04
0,0,0.002
0,0,0.0
0,0,0.16
0,0,0.0
0,0,0.004
0,0,0.0
0,0,0.0
0,0,0.0
0,0,0.01
0,0,0.0
0,0,0.0
0,0,0.0
0,0,0.0
0,0,0.012
0,0,0.012
0,0,0.016
0,0,0.002
0,0,0.002
0,0,0.072
0,0,0.1
0,0,0.0
0,0,0.008
0,0,0.062374346832232405
0,0,0.032
1,1,0.826
0,0,0.0
0,0,0.184
0,0,0.042
0,0,0.036
0,0,0.002
0,0,0.032
0,0,0.018
1,0,0.244
0,0,0.01
0,0,0.014
0,0,0.0
1,1,0.88
0,0,0.0
0,0,0.042
1,1,0.918
0,0,0.022
0,0,0.0
0,0,0.0
0,0,0.002
1,0,0.352
0,0,0.064
0,0,0.0
0,0,0.0
0,0,0.084
0,0,0.004
0,0,0.0
0,0,0.0
0,0,0.0
0,0,0.18
0,0,0.0
0,0,0.0
1,0,0.274
0,0,0.0
0,0,0.026
0,0,0.002
0,0,0.004
0,0,0.0
0,0,0.028
0,0,0.0
0,0,0.006
0,0,0.112
0,0,0.024
0,0,0.182
0,0,0.0
0,0,0.0
0,0,0.012
1,0,0.228
0,0,0.004
0,0,0.01
0,0,0.0
0,0,0.0
0,0,0.006
0,0,0.016
0,0,0.058
0,0,0.048
0,0,0.008
0,0,0.018
0,0,0.032
0,0,0.202
0,0,0.014
0,0,0.062
0,0,0.014
0,0,0.0
0,0,0.034
0,0,0.036
0,0,0.064
0,0,0.04
0,0,0.072
0,0,0.032
0,0,0.0
0,0,0.020410556082028734
0,0,0.028
0,1,0.6149246662109149
0,0,0.022
1,1,0.944
0,0,0.016
1,1,1.0
0,0,0.026
1,1,1.0
0,0,0.0
0,0,0.008
1,1,1.0
1,0,0.126
0,0,0.12
0,0,0.07
0,0,0.0
0,0,0.02
0,0,0.008
0,0,0.002
0,0,0.01
0,0,0.01
0,0,0.002
0,0,0.026
0,0,0.02
0,0,0.06
0,0,0.002
0,0,0.0
0,0,0.014
0,0,0.0
1,1,1.0
0,0,0.0
0,0,0.0
0,0,0.0
0,0,0.0
0,0,0.102
0,1,0.6064150595609938
1,0,0.5
1,1,1.0
0,0,0.008
1,1,1.0
0,0,0.018
0,0,0.01
1,0,0.164
1,0,0.384
0,0,0.01
0,0,0.084
0,0,0.002
0,0,0.038
0,0,0.0
0,0,0.0
0,0,0.022
0,0,0.034
1,0,0.442
0,0,0.01
0,0,0.022
0,0,0.198
0,0,0.06
0,0,0.0
0,0,0.092
0,0,0.008
0,0,0.0
0,0,0.036
0,0,0.032
1,0,0.106
0,0,0.0
0,0,0.0
0,0,0.0
0,0,0.01
0,0,0.026
0,0,0.024
1,1,1.0
0,0,0.0
0,0,0.028
1,1,1.0
0,0,0.0
0,0,0.014
0,0,0.002
0,0,0.0
0,0,0.02
0,0,0.04
0,1,0.6850154632342742
0,0,0.018
0,0,0.028
0,0,0.05
0,0,0.0
0,0,0.0
1,1,1.0
0,0,0.0
0,0,0.016
0,0,0.044
0,0,0.0
0,0,0.226
0,0,0.002
0,0,0.058
1,1,0.916
0,0,0.0
0,0,0.002
0,0,0.03
0,0,0.024
0,0,0.082
0,0,0.038
0,0,0.038
0,0,0.002
0,0,0.01
0,0,0.0
0,0,0.03
0,0,0.008
1,0,0.398
0,0,0.0
1,1,1.0
0,0,0.006
0,0,0.024
1,1,1.0
1,1,1.0
0,0,0.0
0,0,0.028
0,0,0.0
0,0,0.016
1,0,0.302
0,0,0.0
0,0,0.1
0,0,0.17
0,0,0.0
0,0,0.034
0,0,0.03
0,0,0.0
0,0,0.004
0,0,0.0
0,0,0.0
0,0,0.02
0,0,0.002
0,0,0.032
0,0,0.058
0,0,0.0
1,1,1.0
1,1,1.0
0,0,0.03527756582762904
1,0,0.398
1,1,1.0
0,0,0.01
0,0,0.018
0,0,0.008
0,0,0.058
0,0,0.0
0,0,0.076
1,1,1.0
0,0,0.02
0,0,0.002
0,0,0.002
0,0,0.06
1,1,1.0
0,0,0.012
0,0,0.0
0,0,0.0
0,0,0.004
0,0,0.03
0,0,0.078
0,0,0.036
0,0,0.02
0,0,0.018
0,0,0.004
0,0,0.022
0,0,0.0
0,0,0.128
0,0,0.158
0,0,0.0
0,0,0.0
0,0,0.0
1,1,1.0
0,0,0.008
0,0,0.0
0,0,0.0
0,0,0.044
0,0,0.004
0,0,0.0
0,0,0.0
0,0,0.114
1,1,1.0
0,0,0.096
0,0,0.008
1,1,1.0
0,0,0.008
0,0,0.018
0,0,0.0
0,0,0.006
0,0,0.094
0,0,0.156
0,0,0.0
0,0,0.002
0,0,0.0
0,0,0.018
1,1,1.0
0,0,0.014
0,0,0.05
0,0,0.158
1,1,1.0
0,0,0.02
0,0,0.26125348720200736
0,0,0.004
0,0,0.018
0,0,0.0
0,0,0.09696971787766312
1,1,1.0
1,0,0.118
0,0,0.096
0,0,0.0
0,0,0.018
0,0,0.04
0,0,0.0
0,0,0.034
0,0,0.034
0,0,0.002
0,0,0.012
1,1,1.0
0,0,0.042
0,0,0.07
0,0,0.018
0,0,0.038
0,0,0.002
0,0,0.0
0,0,0.044
0,0,0.0
0,0,0.016
0,0,0.008
1,0,0.096
1,1,0.672
1,1,1.0
0,0,0.044
0,0,0.09
1,1,0.808
0,0,0.0
0,0,0.0
0,0,0.024
0,0,0.24412106103856615
0,0,0.02
0,0,0.024
0,0,0.026
0,0,0.026
0,0,0.0
0,0,0.0
0,0,0.062
0,0,0.0
0,0,0.002
1,0,0.062
0,0,0.0
0,0,0.054
0,0,0.0
0,0,0.0
0,0,0.0
0,0,0.0
0,0,0.074
0,0,0.0
1,1,1.0
0,0,0.1
0,0,0.028
0,0,0.078
0,0,0.002
0,0,0.006
1,0,0.344
1,0,0.238
0,0,0.002
0,0,0.11
0,0,0.072
0,0,0.002
0,0,0.072
0,0,0.0
0,0,0.012
0,0,0.046
0,0,0.002
0,0,0.0
0,0,0.3171359031616761
0,0,0.016
0,0,0.0
1,1,1.0
0,0,0.0
0,0,0.006
0,0,0.004
1,1,1.0
0,0,0.0
0,0,0.028
1,1,1.0
0,0,0.0
0,0,0.014
0,0,0.024
0,0,0.0
0,0,0.0
0,0,0.0
0,0,0.0
0,0,0.042
0,0,0.006
0,0,0.11235059047322217
0,0,0.0
0,0,0.0
1,1,1.0
0,0,0.0
0,0,0.0
1,0,0.248
0,0,0.0
0,0,0.0
0,0,0.03
1,0,0.008
0,0,0.036
0,0,0.01
0,0,0.0
0,0,0.024
0,0,0.022
0,0,0.0
0,0,0.0
0,0,0.012
1,1,1.0
1,1,1.0
1,1,0.67
0,0,0.0
0,0,0.014
0,0,0.13
0,0,0.076
0,0,0.018
0,0,0.026
0,0,0.0
0,0,0.066
1,1,0.97
0,0,0.0
0,0,0.008
0,0,0.002
0,0,0.0
0,0,0.0
1,1,1.0
0,0,0.0
0,0,0.056
0,0,0.0
0,0,0.0
1,1,1.0
0,0,0.0
1,0,0.198
0,0,0.0
0,0,0.004
0,0,0.05
0,0,0.104
0,0,0.038
0,0,0.01
0,0,0.002
1,1,1.0
0,0,0.22806880676668104
0,0,0.028
1,1,1.0
1,1,0.888
1,1,1.0
0,0,0.08580870926957056
0,0,0.068
0,0,0.022
0,0,0.00029144030528192237
0,0,0.0
0,0,0.0
0,0,0.014
0,0,0.144
0,0,0.0
0,0,0.0
0,0,0.004
0,0,0.014
0,0,0.016
0,0,0.018
0,0,0.0
0,0,0.004
0,0,0.082
1,1,1.0
0,0,0.0
0,0,0.0
0,0,0.01
0,0,0.0
0,0,0.0
0,0,0.0
0,0,0.02
0,0,0.016
0,0,0.002
0,0,0.034
0,0,0.0
0,0,0.042
0,0,0.00033458424103430343
0,0,0.46661185796712545
0,0,0.20632378065210036
0,0,0.0
0,0,0.0
1,1,1.0
0,0,0.0
0,0,0.004
0,0,0.03
1,0,0.17
1,1,1.0
0,0,0.0
0,0,0.002
0,0,0.024
0,0,0.0
0,0,0.01
0,0,0.0
1,1,1.0
0,0,0.0
0,0,0.0
0,0,0.022
1,1,1.0
0,0,0.014
0,0,0.002
0,0,0.032
0,0,0.002
0,0,0.0
0,0,0.0
0,0,0.004
0,0,0.002
0,0,0.016
0,0,0.048
0,0,0.016
0,0,0.018
0,0,0.024
0,0,0.248
0,0,0.006
0,0,0.0
0,0,0.0
0,0,0.044
0,0,0.0
0,0,0.024
1,1,1.0
0,0,0.03
0,0,0.02
0,0,0.058
0,0,0.006
0,0,0.0
0,0,0.00807485748858948
0,0,0.0
0,0,0.004
0,0,0.068
0,0,0.0
0,0,0.072
1,1,1.0
0,0,0.016
0,0,0.02
0,0,0.094
1,1,0.78
0,0,0.0
0,0,0.0
0,0,0.004
0,0,0.002
0,0,0.0
0,0,0.01
0,0,0.022
1,1,0.88
0,0,0.026
0,0,0.004
0,0,0.016
0,0,0.0
0,1,0.5963743439831705
1,1,1.0
0,0,0.032
1,1,1.0
0,0,0.002
0,0,0.0
1,1,1.0
0,0,0.014
1,1,0.968
0,0,0.026
0,0,0.024
1,1,1.0
0,0,0.042
0,0,0.016
1,1,0.866
0,0,0.022
0,0,0.0
0,0,0.002
0,0,0.0
0,0,0.0
0,0,0.062
0,0,0.016
0,0,0.062
0,0,0.054
0,0,0.01
0,0,0.0
1,1,1.0
0,0,0.058
0,0,0.058
0,0,0.044
0,0,0.0
0,0,0.014
1,1,1.0
0,0,0.026
0,0,0.072
0,0,0.014
0,0,0.032
0,0,0.008
0,0,0.044
1,1,0.692
0,0,0.0
1,1,1.0
0,0,0.044
0,0,0.024
1,1,1.0
1,0,0.222
0,0,0.116
0,0,0.02
0,0,0.016
0,0,0.41952507383487736
0,0,0.0
0,0,0.004
0,0,0.01
0,0,0.01
0,0,0.108
0,0,0.0
1,1,1.0
0,0,0.0
0,0,0.0
0,0,0.072
0,0,0.004
0,0,0.136
0,0,0.0
0,0,0.02
1,0,0.174
0,0,0.094
1,1,1.0
0,0,0.0
0,0,0.02
0,0,0.034
0,1,0.5442310630582977
0,0,0.028
0,0,0.142
0,0,0.002
0,0,0.054
0,0,0.002
0,0,0.012
0,0,0.008
0,0,0.036
1,1,1.0
0,0,0.0
0,0,0.058
0,0,0.0
0,0,0.004
1,1,1.0
0,0,0.004
0,0,0.02
0,0,0.022
1,1,1.0
0,0,0.192
0,0,0.006
0,0,0.012
0,0,0.046
0,0,0.094
0,0,0.012
0,0,0.0
0,0,0.0
0,0,0.0
0,0,0.08
0,0,0.262
0,0,0.0
0,0,0.0
0,0,0.09
1,1,1.0
0,0,0.048
1,1,1.0
0,0,0.006
1,1,1.0
0,0,0.0
0,0,0.002
0,0,0.006
1,1,1.0
1,1,1.0
0,0,0.0
0,0,0.026
0,0,0.052
0,0,0.0
1,1,1.0
0,0,0.024
1,1,1.0
0,0,0.09
0,0,0.0
0,0,0.004
1,1,0.82
0,0,0.064
1,1,1.0
0,0,0.018
0,0,0.05
0,1,0.575049370612255
0,0,0.0
0,0,0.002
0,0,0.0
0,0,0.036
0,0,0.084
0,0,0.004
0,0,0.0
0,0,0.012
0,0,0.0
0,0,0.0
1,1,1.0
0,0,0.072
1,1,1.0
0,0,0.006
0,0,0.014
0,0,0.022
0,0,0.002
0,0,0.008
0,0,0.002
0,0,0.038
0,0,0.006
0,0,0.008
0,0,0.042
0,0,0.024
0,0,0.043107978536412066
0,0,0.084
0,0,0.078
0,0,0.006
0,0,0.006
0,0,0.034
0,0,0.112
0,0,0.002
1,1,1.0
0,0,0.092
0,0,0.0
0,0,0.0
1,1,1.0
1,0,0.302
0,0,0.0
0,1,0.5590798025069342
1,1,1.0
0,0,0.0
0,0,0.0
0,0,0.018
0,0,0.0
0,0,0.036
0,0,0.022
1,1,1.0
0,0,0.0
0,0,0.002
0,0,0.01
0,0,0.0
0,0,0.23493796611531578
0,0,0.076
0,0,0.006
0,0,0.02
0,0,0.22806880676668104
0,0,0.0
0,0,0.0
0,0,0.038
1,1,1.0
1,1,1.0
0,0,0.02
0,0,0.0
0,0,0.004
1,0,0.108
0,0,0.214
0,0,0.0
1,1,1.0
0,1,0.8062295196755711
0,0,0.0
0,0,0.07
0,0,0.01
0,0,0.012
0,0,0.03
0,0,0.078
0,0,0.06
0,0,0.0
0,0,0.002
0,0,0.0
0,0,0.06
1,1,1.0
0,0,0.066
0,0,0.026
1,1,1.0
0,0,0.002
0,0,0.02
0,0,0.04
0,0,0.0
0,0,0.006
0,0,0.004
0,0,0.184
1,1,1.0
0,0,0.0
0,0,0.04
0,0,0.0
0,0,0.0
0,0,0.028
0,0,0.0
0,0,0.0
1,1,1.0
0,0,0.108
0,0,0.0
0,0,0.022
0,0,0.108
0,0,0.26570886085482215
0,0,0.0
0,0,0.05
0,0,0.026
0,0,0.034
0,0,0.0
0,0,0.028
1,1,1.0
0,0,0.008
0,0,0.02
1,1,1.0
1,1,1.0
0,0,0.0
0,0,0.002
1,1,1.0
0,0,0.0
1,1,1.0
0,0,0.016
0,0,0.3171359031616761
0,0,0.0
0,0,0.022
1,1,1.0
0,0,0.032
0,0,0.01
1,1,1.0
1,1,1.0
0,0,0.0
1,1,1.0
0,0,0.3937076088553692
0,0,0.008
0,0,0.026
0,0,0.016
0,0,0.008
0,0,0.05
0,0,0.012
0,0,0.0
0,0,0.0
0,0,0.024
0,0,0.034
0,0,0.0
0,0,0.032
0,0,0.004
0,0,0.002
0,0,0.0
0,0,0.002
0,0,0.028
0,0,0.0
0,0,0.034
0,0,0.024
0,0,0.0
0,0,0.018
0,0,0.0
0,0,0.0
0,0,0.0
0,0,0.018
0,0,0.0
0,0,0.01
0,0,0.006
0,0,0.0
0,0,0.014
0,0,0.0
0,0,0.04
0,0,0.01
0,0,0.018
0,0,0.002
0,0,0.016
0,0,0.012
0,0,0.002
0,0,0.0
0,0,0.042
0,0,0.0
1,1,1.0
0,0,0.0
0,0,0.0
0,0,0.0
1,1,1.0
0,0,0.002
0,0,0.018
0,0,0.05
0,0,0.034
0,0,0.004
0,0,0.026
0,0,0.0
0,0,0.022
0,0,0.0
0,0,0.002
0,0,0.078
0,0,0.022
0,0,0.0
0,0,0.066
1,1,1.0
1,1,1.0
1,1,1.0
1,1,1.0
0,0,0.024
0,0,0.0
0,0,0.006470757675043955
0,0,0.0
1,1,0.954
0,0,0.01
0,0,0.044
0,0,0.108
1,1,1.0
1,1,1.0
0,0,0.0
0,0,0.002
0,0,0.46757796617363473
0,0,0.0
0,0,0.0
0,0,0.0
0,0,0.068
0,0,0.0
0,0,0.068
0,0,0.084
0,0,0.0
0,0,0.0
0,0,0.016
0,0,0.016
0,0,0.0
1,1,1.0
0,0,0.0020748574885894803
0,0,0.01
1,1,1.0
0,0,0.174
0,0,0.006
0,0,0.0
0,0,0.018
0,0,0.0
0,0,0.0
1,1,1.0
0,0,0.006
0,0,0.008
0,0,0.0
0,0,0.0
1,1,1.0
0,0,0.0
0,0,0.06
0,0,0.0
0,0,0.0014612312740145926
0,0,0.0
0,0,0.016
0,0,0.03
1,1,1.0
0,0,0.0
0,0,0.0
0,0,0.0
0,0,0.018
0,0,0.062
0,0,0.09696971787766312
0,0,0.0
0,0,0.002
0,0,0.016
0,0,0.014
0,0,0.082
0,0,0.064
0,0,0.05
0,0,0.0
0,0,0.0
0,0,0.0
0,0,0.028
0,0,0.0
0,0,0.084
0,0,0.006
0,0,0.0
0,0,0.0
0,0,0.016
0,0,0.026
0,0,0.012
0,0,0.006
0,0,0.076
0,0,0.104
0,0,0.016
0,0,0.008
0,0,0.0
0,0,0.032
1,1,0.668
0,0,0.03
0,0,0.0
0,0,0.0
0,0,0.102
0,0,0.0
1,1,1.0
0,0,0.002
1,1,1.0
0,0,0.01
0,0,0.006
1,1,0.564
0,0,0.216
0,0,0.01
0,0,0.01
0,0,0.002
0,0,0.0
1,1,0.998
0,0,0.0
0,0,0.018
0,0,0.014
0,0,0.04
0,0,0.102
0,0,0.014
0,0,0.062374346832232405
0,0,0.0
0,0,0.004
0,0,0.044
1,0,0.458
1,0,0.336
0,0,0.012
0,0,0.0
1,1,1.0
0,0,0.0
1,0,0.246
1,1,1.0
0,0,0.002
0,0,0.022
0,0,0.004
0,0,0.012
1,1,1.0
0,0,0.0
0,0,0.0
0,0,0.002
0,0,0.066
0,0,0.008
0,0,0.006
0,0,0.024
0,0,0.0
0,0,0.01
0,0,0.062
0,0,0.028
0,0,0.016
1,1,1.0
0,0,0.142
0,0,0.054
1,1,0.974
0,0,0.0
0,0,0.024
0,0,0.0
0,0,0.126
0,0,0.012
0,0,0.066
1,0,0.24511356780208643
0,0,0.0
0,0,0.01
0,0,0.0
0,0,0.016
0,0,0.03
0,0,0.004
1,1,0.768
0,0,0.002
0,1,0.6064150595609938
1,0,0.322
0,0,0.0
0,0,0.036
0,0,0.006
0,0,0.138
0,0,0.018
0,0,0.032
0,0,0.028
0,0,0.006
0,0,0.028
1,1,1.0
0,0,0.028
0,0,0.0
0,0,0.008
0,0,0.0
0,0,0.0
0,0,0.002
1,1,1.0
0,0,0.002
0,0,0.002
0,0,0.066
0,0,0.0
0,0,0.0
0,0,0.016
0,0,0.032
0,0,0.03
0,0,0.0
0,0,0.038
0,0,0.036
0,0,0.012
0,0,0.05
0,0,0.0
0,0,0.0
0,1,0.6529155318368083
1,1,0.984
0,0,0.1
0,0,0.006
0,0,0.12
0,0,0.004
0,0,0.012
0,0,0.0
0,0,0.004
0,0,0.006
0,0,0.028
0,0,0.0
0,0,0.006
0,0,0.006
1,1,1.0
0,0,0.078
0,0,0.0
0,0,0.046
1,1,1.0
0,0,0.0
0,0,0.002
0,0,0.002
0,0,0.0
1,0,0.0
0,0,0.008
0,0,0.0
0,0,0.014
0,0,0.148
0,1,0.6913270279469622
0,0,0.0
0,0,0.066
0,0,0.0
0,0,0.016
1,1,1.0
0,0,0.0
0,0,0.0
0,0,0.0
0,0,0.036
0,0,0.058
0,0,0.008
0,0,0.0
0,0,0.0
0,0,0.02
0,0,0.0
1,1,1.0
0,0,0.126
0,0,0.032
0,0,0.02
0,0,0.11
0,0,0.042
1,1,1.0
0,0,0.008
1,1,1.0
0,0,0.032
0,0,0.01
0,0,0.0
0,0,0.07427517703395964
0,0,0.074
1,1,1.0
0,0,0.0
0,0,0.004
0,0,0.034
0,0,0.194
0,0,0.098
0,0,0.068
0,0,0.002
0,0,0.068
0,0,0.098
0,0,0.0
0,0,0.002
0,0,0.026
0,0,0.066
0,0,0.014
0,0,0.046
0,0,0.064
0,0,0.002
0,0,0.032
0,0,0.0
0,0,0.014
0,0,0.112
0,0,0.012
0,0,0.0
0,0,0.0
0,0,0.002
1,1,1.0
1,1,1.0
0,0,0.04
1,1,0.708
0,0,0.0
0,0,0.016
0,0,0.004
0,0,0.05607485748858948
1,1,1.0
0,0,0.022
0,0,0.036
0,0,0.146
0,0,0.032
0,0,0.0
0,0,0.052
0,0,0.012
1,1,0.928
0,0,0.16
0,0,0.0
0,0,0.0
0,0,0.13447002171836742
0,0,0.096
0,0,0.008
0,0,0.002
0,0,0.064
0,0,0.00029144030528192237
0,0,0.006
0,0,0.002
0,0,0.01
0,0,0.0
0,0,0.02
0,0,0.024
0,0,0.0
0,0,0.002
0,0,0.0
0,0,0.01
0,0,0.15
0,0,0.078
0,0,0.0
0,0,0.0
0,0,0.0
0,0,0.014
0,0,0.0
1,1,1.0
0,0,0.036
0,0,0.004
0,0,0.096
0,0,0.074
0,0,0.006
0,0,0.0
0,0,0.016
0,0,0.038
0,0,0.0
0,0,0.0
0,0,0.0
0,0,0.02
0,0,0.04
1,1,1.0
0,0,0.002
0,0,0.0
0,0,0.10209156997121953
0,0,0.018
1,1,1.0
0,0,0.002
0,0,0.014
1,1,1.0
0,0,0.006
0,0,0.016
1,1,1.0
0,0,0.0
0,0,0.022
1,1,0.996
0,0,0.0
0,0,0.038
0,0,0.036
0,0,0.002
0,0,0.0
0,0,0.084
0,0,0.004
1,1,1.0
0,0,0.03
0,0,0.034
0,0,0.066
0,0,0.132
0,0,0.006
0,0,0.042
0,0,0.018
0,0,0.014
0,0,0.06
0,0,0.118
0,0,0.03807485748858948
0,0,0.01
0,0,0.0
0,0,0.0
0,0,0.0
0,0,0.0
0,0,0.068
1,1,1.0
1,0,0.186
0,0,0.09
0,0,0.06
1,1,1.0
0,0,0.032
0,0,0.012
0,0,0.004
0,0,0.0
0,0,0.026
0,0,0.052
0,0,0.058
0,0,0.367353151692658
0,0,0.032
0,0,0.0
0,0,0.038
0,0,0.16793668986462193
0,0,0.02
0,0,0.2474963226280828
0,0,0.078
0,0,0.018
0,0,0.028
0,0,0.0
0,0,0.0
0,0,0.0
0,0,0.042
1,0,0.334
0,0,0.032
0,0,0.008
0,0,0.024
0,0,0.016
0,0,0.004
0,0,0.014
1,1,1.0
0,0,0.008
1,1,1.0
0,0,0.0
1,1,1.0
0,0,0.042
0,0,0.19
0,0,0.02
0,0,0.004
0,0,0.0
0,0,0.036
0,0,0.036
1,0,0.116
1,1,1.0
1,1,1.0
0,0,0.014
0,0,0.036
0,0,0.024
0,0,0.036
0,0,0.0
0,0,0.48229296815332356
0,0,0.018
0,0,0.006
0,0,0.0
0,0,0.06
0,0,0.0
1,1,1.0
0,0,0.026
0,0,0.0
0,0,0.1
1,0,0.25351454419610286
0,0,0.014
0,0,0.0
0,0,0.072
1,1,1.0
0,0,0.0
0,0,0.0
1,0,0.428
0,0,0.02
0,0,0.134
1,1,1.0
0,0,0.0
0,0,0.012
0,0,0.0
1,1,1.0
1,1,0.776031701832472
0,0,0.096
0,0,0.108
0,0,0.048
0,0,0.014
0,0,0.076
0,0,0.004
0,0,0.044
0,0,0.0
0,0,0.014
0,0,0.0
0,0,0.0
1,1,1.0
0,0,0.0
1,1,1.0
0,0,0.0
0,0,0.0
0,0,0.06
0,0,0.014
1,1,0.996
1,1,0.776031701832472
0,0,0.016
0,0,0.014
0,0,0.0
0,0,0.004
1,1,1.0
1,1,1.0
0,0,0.002
0,0,0.064
0,0,0.008
0,0,0.084
0,0,0.0
0,0,0.004
1,0,0.056
0,0,0.052
0,0,0.004
1,0,0.212
0,0,0.002
0,0,0.0
0,0,0.08
0,0,0.0
1,1,1.0
0,0,0.024
0,0,0.0
0,0,0.02
0,0,0.024
0,0,0.0
0,0,0.012
0,0,0.0
0,0,0.0
0,0,0.002
0,0,0.034
0,0,0.058
0,0,0.0
0,0,0.0
0,0,0.022
0,0,0.00807485748858948
0,0,0.086
0,0,0.03
0,0,0.004
1,1,1.0
0,0,0.02
0,0,0.136
0,0,0.006
0,0,0.22029144030528192
0,0,0.0
0,0,0.012
0,0,0.02
1,0,0.172
0,0,0.044
0,0,0.012
0,0,0.026
0,0,0.062
0,0,0.048
0,0,0.006
1,1,1.0
1,1,1.0
0,0,0.026
0,0,0.086
0,0,0.04
0,0,0.012
1,1,1.0
0,0,0.174
0,0,0.068
0,0,0.004
0,0,0.02
1,1,1.0
0,0,0.066
1,1,1.0
0,0,0.014
1,1,1.0
0,0,0.0
0,0,0.066
0,0,0.002
0,0,0.29402358704582315
0,0,0.032
0,0,0.014
1,0,0.256
0,0,0.092
0,0,0.008
0,0,0.14
0,0,0.02
0,0,0.0
0,0,0.0
0,0,0.006
1,1,1.0
0,0,0.032
0,0,0.14025171880850856
0,0,0.066
0,0,0.046
0,0,0.044
0,0,0.0
0,0,0.0
0,0,0.014
0,0,0.002
0,0,0.0
0,0,0.0
0,0,0.026
0,0,0.046
0,0,0.012
0,0,0.0
0,0,0.01
0,0,0.06
1,0,0.362
0,0,0.07
1,1,1.0
1,1,1.0
0,0,0.01
0,0,0.156
0,0,0.0
0,0,0.0
0,0,0.0
0,0,0.0
0,0,0.02
0,0,0.056
0,0,0.016
1,0,0.236
0,0,0.0
0,0,0.02
0,0,0.072
0,0,0.0
0,0,0.0
0,0,0.16
0,0,0.0
0,0,0.006
0,0,0.034
0,0,0.004074857488589481
1,0,0.178
0,0,0.02
0,0,0.116
1,1,1.0
1,1,1.0
0,0,0.066
0,0,0.0
0,0,0.0
0,0,0.032
0,0,0.0
0,0,0.15176220403095594
0,0,0.028
1,1,1.0
0,0,0.004
0,0,0.012
1,1,1.0
0,0,0.004
0,0,0.0
0,0,0.042
0,0,0.014
0,0,0.044
1,1,1.0
0,0,0.0
0,0,0.0
0,0,0.0
0,0,0.01
0,0,0.028
0,0,0.01
0,0,0.054
0,0,0.0
1,1,1.0
0,0,0.064
1,1,1.0
0,0,0.0
0,0,0.0
0,0,0.082
0,0,0.004
1,1,1.0
0,0,0.024
0,0,0.012
0,0,0.038
1,1,0.58
0,0,0.0
1,1,1.0
1,0,0.436
0,0,0.014
0,0,0.01
0,0,0.0
0,0,0.014
1,1,1.0
1,1,1.0
0,0,0.0
0,0,0.0
0,0,0.0
1,1,1.0
0,0,0.0
0,0,0.02
0,0,0.008
1,1,1.0
0,0,0.0
0,0,0.0
0,0,0.01
0,0,0.05
0,0,0.0
0,0,0.106
0,0,0.0
0,0,0.008
0,0,0.014
0,0,0.0
1,1,0.562
1,1,1.0
1,0,0.362
0,0,0.002
0,0,0.014
1,1,1.0
0,0,0.01
0,0,0.0
0,0,0.078
0,0,0.002
1,1,1.0
0,0,0.054
0,0,0.072
1,0,0.12
0,0,0.0
1,0,0.5
0,0,0.012
0,0,0.012
0,0,0.1
0,0,0.01
0,0,0.05807485748858948
0,0,0.004
0,0,0.002
0,0,0.0
0,0,0.038
0,0,0.062
0,0,0.016
0,0,0.0
0,0,0.002
1,1,0.818
0,0,0.004
0,0,0.012
0,0,0.0
0,0,0.044
0,0,0.0
0,0,0.144
0,1,0.7239380315315209
1,1,1.0
1,0,0.204
0,0,0.21
0,0,0.03
1,1,1.0
0,0,0.0
0,0,0.006
0,0,0.122
1,1,1.0
0,0,0.45790035883349134
0,0,0.004
0,0,0.072
0,0,0.204
0,0,0.124
1,1,1.0
0,0,0.002
0,0,0.016
0,0,0.0
0,0,0.048
0,0,0.076
0,0,0.0
0,0,0.014
0,0,0.024
0,0,0.01
1,1,1.0
0,0,0.006
1,1,1.0
0,0,0.0007765808553597654
0,0,0.028
1,0,0.086
1,0,0.15176220403095594
0,0,0.004
0,0,0.0
0,0,0.002
1,1,1.0
1,1,1.0
0,0,0.002
1,0,0.10101898394637446
0,0,0.004
1,0,0.488
0,0,0.002
0,0,0.0
0,0,0.036
0,0,0.044
0,0,0.058
0,0,0.008
0,0,0.008
1,1,1.0
0,0,0.02
0,0,0.002
0,0,0.028
0,0,0.0
1,0,0.172
0,0,0.058
0,0,0.0
0,0,0.03
0,0,0.018
1,1,1.0
0,0,0.0
0,0,0.0
1,1,0.934
0,0,0.064
0,0,0.182
0,0,0.016
1,1,1.0
0,0,0.006
1,1,1.0
1,1,0.6758634161141526
1,0,0.096
0,0,0.068
0,0,0.014
0,0,0.006
0,0,0.048
0,0,0.008
1,1,1.0
0,0,0.066
0,0,0.034
0,0,0.004
0,0,0.084
0,0,0.132
0,0,0.118
0,0,0.0
0,0,0.0
0,0,0.002
0,0,0.05
0,0,0.0
0,0,0.012
1,1,1.0
0,0,0.094
1,1,0.682
1,1,1.0
0,0,0.058
0,0,0.0
0,0,0.004
1,1,0.83
1,1,0.996
0,0,0.0
0,0,0.016
1,0,0.168
0,0,0.036
0,0,0.056
0,0,0.098
0,0,0.006
0,0,0.002
0,0,0.0
0,0,0.026
1,0,0.412
1,1,0.868
0,0,0.0
0,0,0.054
1,1,0.986
0,0,0.028
0,0,0.0
0,0,0.088
0,0,0.0
0,0,0.102
0,0,0.016
1,1,1.0
0,0,0.024
0,0,0.0
0,0,0.0
0,0,0.0
0,0,0.004
1,0,0.158
0,0,0.0
0,0,0.068
1,0,0.162
1,1,1.0
0,0,0.002
0,0,0.032
1,1,1.0
0,0,0.0
0,0,0.04
0,0,0.0
0,0,0.004
1,1,1.0
0,0,0.084
0,0,0.164
0,0,0.004
1,1,1.0
1,1,1.0
0,0,0.032
0,0,0.006
0,0,0.118
0,0,0.04
0,0,0.088
0,0,0.0
1,1,1.0
0,0,0.03
0,0,0.074
0,0,0.0
0,0,0.046
0,0,0.064
0,0,0.0
0,0,0.002
0,0,0.012
0,0,0.036
0,0,0.0
0,0,0.0
0,0,0.002
1,1,0.982
0,0,0.41952507383487736
1,1,1.0
0,0,0.004
0,0,0.032
0,0,0.0
0,0,0.0
0,0,0.078
0,0,0.03
0,0,0.116
0,0,0.0
0,0,0.0
0,0,0.0
0,0,0.0
0,0,0.0
0,0,0.062
0,0,0.0
0,0,0.008
1,1,0.948
0,0,0.002
0,0,0.004
1,1,1.0
0,0,0.006
0,0,0.002
0,0,0.018
0,0,0.02
0,0,0.0
1,1,1.0
1,1,1.0
0,0,0.012
0,0,0.01
0,0,7.485748858948021e-05
0,0,0.08
0,0,0.0
0,0,0.03
0,0,0.1068911099464637
0,0,0.018
0,0,0.0
0,0,0.034
0,0,0.05
1,1,1.0
0,0,0.014
1,0,0.044
0,0,0.052
0,0,0.176
0,0,0.058
1,1,0.896
0,0,0.004
0,0,0.028
0,0,0.09
0,0,0.008
0,0,0.018
0,0,0.008
0,0,0.006
1,1,1.0
0,0,0.012
0,0,0.0
0,0,0.0
0,0,0.012
0,0,0.014
0,0,0.058
0,0,0.09
0,0,0.048
0,0,0.002
1,1,1.0
0,0,0.0
0,0,0.016
0,0,0.01
0,0,0.0
0,0,0.052
0,0,0.078
0,0,0.004
0,0,0.0
1,1,0.932
0,0,0.032
0,0,0.0
0,0,0.0
0,0,0.038
0,0,0.028
0,0,0.024
0,0,0.11
0,0,0.032
0,0,0.036
0,0,0.0
0,0,0.0
0,0,0.036
0,0,0.03
0,0,0.14
1,1,1.0
1,1,1.0
0,0,0.0
0,0,0.014
0,0,0.0
0,0,0.0
1,1,0.706
0,0,0.088
0,0,0.002
0,0,0.006
0,0,0.0
0,0,0.008
0,0,0.016
0,0,0.002
0,0,0.024
0,0,0.034
0,0,0.088
0,0,0.008
0,0,0.058
0,0,0.024
0,0,0.012
0,0,0.036
0,0,0.006
0,0,0.036
0,0,0.058
0,0,0.076
1,1,1.0
0,0,0.0
0,0,0.028
0,0,0.0
1,1,1.0
0,0,0.002
0,0,0.0
0,0,0.024
0,0,0.006
0,0,0.052
0,0,0.0
0,0,0.018
1,0,0.334
1,1,1.0
1,1,1.0
0,0,0.0
0,0,0.0
1,1,1.0
1,1,1.0
1,1,1.0
0,0,0.0
0,0,0.0
0,0,0.022
0,0,0.022
0,0,0.006
0,0,0.006
0,0,0.092
0,0,0.0
0,0,0.01
0,0,0.0
0,0,0.004
0,0,0.0
0,0,0.0
0,0,0.032
0,0,0.098
1,1,1.0
0,0,0.004
0,0,0.0
0,0,0.018
0,0,0.062
0,0,0.0
0,0,0.0
0,0,0.0
0,0,0.152
0,0,0.0
0,0,0.152
0,0,0.026
0,0,0.0
0,0,0.0
1,1,1.0
0,0,0.008
0,0,0.054
0,0,0.0
0,0,0.0
0,0,0.03
0,0,0.01
0,0,0.028
1,0,0.084
0,0,0.022
0,0,0.016
0,0,0.02
1,1,1.0
1,0,0.224
0,0,0.016
0,1,0.776031701832472
0,0,0.228
0,0,0.0
0,0,0.0
1,0,0.236
0,0,0.13
1,1,1.0
0,0,0.008
0,0,0.038
0,0,0.006
0,0,0.0
0,0,0.0
0,0,0.0
0,0,0.09
0,0,0.0
0,0,0.016
0,0,0.0
0,0,0.0
0,0,0.0
1,1,1.0
0,0,0.0
1,1,1.0
0,0,0.142
0,0,0.078
0,0,0.038
0,0,0.01
0,0,0.02
0,1,0.6064150595609938
0,0,0.094
1,0,0.276
1,1,1.0
0,0,0.0
0,0,0.0
1,1,1.0
0,0,0.018
0,0,0.046
1,1,1.0
0,0,0.008
0,0,0.076
0,0,0.132
0,0,0.144
0,0,0.0
0,0,0.0
0,0,0.0
0,0,0.038
0,0,0.0
0,0,0.016
0,0,0.048
0,0,0.012
0,0,0.046
0,0,0.014
0,0,0.036
0,0,0.002
0,0,0.042
0,0,0.006
0,0,0.01
0,0,0.01
0,0,0.116
0,0,0.07
0,0,0.074
0,0,0.034
1,1,1.0
0,0,0.0
0,0,0.064
0,0,0.0
1,1,1.0
0,0,0.012
0,0,0.004
0,0,0.0
0,0,0.0
0,0,0.0
0,0,0.008
0,0,0.048
0,0,0.02
0,0,0.096
0,0,0.0
0,0,0.004
1,1,1.0
0,0,0.054
0,0,0.0
1,0,0.226
0,0,0.026
0,0,0.02
1,0,0.326
0,0,0.2574614723236468
0,0,0.016
0,0,0.0
0,1,0.7743793189227512
0,0,0.22806880676668104
0,0,0.0
0,0,0.008
0,0,0.024
0,0,0.058
1,1,1.0
1,1,1.0
0,0,0.47184466829872534
0,0,0.0
0,0,0.0
0,0,0.004
1,1,0.972
0,0,0.026
0,0,0.204
0,0,0.14
0,0,0.038
0,0,0.002
0,0,0.008
0,0,0.0
0,0,0.056
0,0,0.036
1,1,1.0
0,0,0.01
0,0,0.01
0,0,0.002
1,1,1.0
0,0,0.01
0,0,0.008
0,0,0.032
0,0,0.01
0,0,0.0
0,0,0.0
0,0,0.02
0,0,0.052
0,0,0.01
0,0,0.09029144030528193
1,1,1.0
0,0,0.104
0,0,0.05
0,0,0.062
0,0,0.038
0,0,0.002
0,0,0.0
1,1,1.0
0,0,0.146
0,0,0.0
0,0,0.028
1,1,1.0
0,0,0.01
0,0,0.0
0,0,0.004
0,0,0.064
0,0,0.05
0,0,0.022
1,1,1.0
0,0,0.0
0,0,0.0
0,0,0.0
0,0,0.0
0,0,0.0
1,1,1.0
0,0,0.086
0,0,0.04
0,0,0.004
1,1,0.986
1,1,1.0
0,0,0.0
1,1,1.0
1,1,1.0
1,1,1.0
0,0,0.112
0,0,0.024
0,0,0.058
0,0,0.0
0,0,0.022
0,0,0.166
1,1,0.976
0,0,0.004
0,0,0.006
0,0,0.0
0,0,0.024
0,0,0.05
0,0,0.0
0,0,0.012
0,0,0.062
1,1,1.0
0,0,0.0
0,0,0.006
0,0,0.0
0,0,0.002
1,1,1.0
0,0,0.004
0,0,0.026
1,1,1.0
0,0,0.01
0,0,0.004
0,0,0.0
0,0,0.012
0,0,0.0
0,0,0.12
1,1,1.0
0,0,0.136
0,0,0.044
0,0,0.0
0,0,0.0
0,0,0.034
1,1,0.876
1,0,0.26
1,1,1.0
0,0,0.014
0,0,0.08
0,0,0.042
0,0,0.04
0,0,0.0
0,0,0.018
0,0,0.01
0,0,0.056
0,0,0.114
0,0,0.064
0,0,0.008
0,0,0.028
0,0,0.014
0,0,0.0
0,0,0.10123876245142951
0,0,0.032
0,0,0.12167280320287567
0,0,0.022
0,0,0.0
0,0,0.046
0,0,0.094
0,0,0.004
0,0,0.0
0,0,0.0
1,0,0.238
0,0,0.024
0,0,0.134
0,0,0.0
0,0,0.004
0,0,0.0
0,0,0.048
0,0,0.0
0,0,0.0
0,0,0.004
0,0,0.164
1,1,1.0
0,0,0.04
0,0,0.014
0,0,0.08
0,0,0.0
0,0,0.004
0,0,0.022
0,0,0.034
0,0,0.034
0,0,0.084
0,0,0.0
0,0,0.0
0,0,0.084
0,0,0.016
0,0,0.056
1,1,0.786
0,0,0.092
0,0,0.012
0,0,0.094
1,1,0.972
0,0,0.0
0,0,0.018
0,0,0.014
0,0,0.022
0,0,0.0
0,0,0.0
1,1,0.694
0,0,0.004
0,0,0.048
0,0,0.072
0,0,0.0
0,0,0.0
1,1,1.0
0,0,0.13
1,0,0.222
0,0,0.042
0,0,0.008
0,0,0.0
0,0,0.018
0,0,0.016
1,1,1.0
0,0,0.004
0,0,0.084
0,0,0.008
0,0,0.0
0,0,0.094
0,0,0.048
1,0,0.486
0,0,0.042
0,0,0.012
0,0,0.0
1,1,1.0
1,1,1.0
0,0,0.018
0,0,0.024
0,0,0.068
1,0,0.428
0,0,0.034
0,0,0.0
1,1,0.964
0,0,0.008
0,0,0.004
0,0,0.118
0,0,0.012
0,0,0.0
1,1,1.0
0,0,0.004
0,0,0.014
0,0,0.046
0,0,0.01
0,0,0.0
0,0,0.016
0,0,0.0
0,0,0.0
0,0,0.074
0,0,0.0
0,0,0.0
0,0,0.0
0,0,0.016
0,0,0.052
0,0,0.004
0,0,0.0
0,0,0.004
1,1,1.0
0,0,0.006
0,0,0.016
0,0,0.044
0,0,0.064
0,0,0.0
0,0,0.078
0,0,0.028
0,0,0.094
0,0,0.194
0,0,0.232
0,0,0.012
1,0,0.128
0,0,0.056
0,0,0.0
0,0,0.0
0,0,0.014
1,1,0.99
0,0,0.028
0,0,0.142
1,0,0.208
1,1,1.0
0,0,0.036
0,0,0.138
0,0,0.034
0,0,0.0
0,0,0.012
0,0,0.0
0,0,0.092
0,0,0.052
0,0,0.058
0,0,0.044
0,0,0.034
0,0,0.0
0,0,0.002
0,0,0.0
0,0,0.004
1,1,1.0
0,0,0.0
0,0,0.0
0,0,0.008
0,0,0.0
0,0,0.0
0,0,0.0
0,0,0.026
0,0,0.0
0,0,0.04
1,1,1.0
0,0,0.054
0,0,0.012
0,0,0.002
0,0,0.0
0,0,0.026
0,0,0.0
0,0,0.032
0,1,0.6850154632342742
0,0,0.042
0,0,0.0
0,0,0.0
0,0,0.004
1,1,1.0
0,0,0.0
1,1,1.0
0,0,0.056
0,0,0.004
1,1,1.0
0,0,0.07
0,0,0.0
0,0,0.0
0,0,0.0
1,1,1.0
0,0,0.0
0,0,0.034
0,0,0.0
0,0,0.02
1,1,0.648
0,0,0.118
1,1,1.0
0,0,0.0
0,0,0.03
0,0,0.0
0,0,0.004
0,0,0.0
1,1,1.0
0,0,0.028
0,0,0.028
0,0,0.0
0,0,0.0
0,0,0.0
0,0,0.022
0,0,0.036
0,0,0.26570886085482215
0,0,0.0
0,0,0.014
1,0,0.204
0,0,0.116
0,0,0.0
0,0,0.068
0,0,0.07641847443495087
0,0,0.0
0,0,0.014
1,1,0.748
0,0,0.002
0,0,0.0
0,0,0.006
1,0,0.378
0,0,0.0
1,0,0.054
0,0,0.058
0,0,0.0
1,1,1.0
1,1,1.0
0,0,0.054
0,0,0.152
0,0,0.01407485748858948
0,0,0.012
1,1,1.0
0,0,0.02
0,0,0.08
0,0,0.064
0,0,0.02
0,0,0.034
0,0,0.004
0,0,0.034
0,0,0.168
1,1,0.784
0,0,0.008
0,0,0.022
1,1,0.964
0,0,0.122
0,0,0.00029144030528192237
0,0,0.472
0,0,0.0
0,0,0.0
0,0,0.002
0,0,0.004
1,1,1.0
0,0,0.02
0,0,0.03
0,0,0.02
1,1,1.0
0,0,0.002
1,1,1.0
0,0,0.0
0,0,0.008
0,0,0.0
1,1,0.6064150595609938
0,0,0.036
0,0,0.0
1,1,1.0
0,0,0.12527267061448427
0,0,0.2196554345515204
1,1,1.0
0,0,0.008
0,0,0.056
1,1,0.79
0,0,0.0
0,0,0.0
0,0,0.022
0,0,0.05
0,0,0.0
1,1,1.0
0,0,0.0
0,0,0.01
0,0,0.066
0,0,0.09
0,0,0.02
0,0,0.046
0,0,0.0
0,0,0.03
0,0,0.102
0,0,0.09
0,0,0.008
0,0,0.016
0,0,0.0
0,0,0.056
0,0,0.04
0,0,0.0
0,0,0.036
0,0,0.0
1,1,1.0
1,1,1.0
0,0,0.0
0,0,0.0
0,0,0.19384779508778574
0,0,0.0
0,0,0.006
0,0,0.028
0,0,0.0
0,0,0.108
0,0,0.006
0,0,0.034
0,0,0.006
0,0,0.024
0,0,0.0
0,0,0.004
0,0,0.022
0,0,0.026
0,0,0.094
1,1,1.0
0,0,0.016
1,0,0.148
0,0,0.0
0,0,0.0
0,0,0.0
0,0,0.0
1,1,1.0
1,1,1.0
0,0,0.006
0,0,0.0
1,1,0.94
0,0,0.066
0,0,0.027563324660128403
0,0,0.004
0,0,0.01
1,1,1.0
1,1,1.0
0,0,0.03
0,0,0.0
0,0,0.184
0,0,0.014
0,0,0.004
0,0,0.032
0,0,0.0
0,0,0.008
0,0,0.0
0,0,0.052
0,0,0.004
0,0,0.044
0,0,0.0
1,0,0.454
0,0,0.02
0,0,0.002
0,0,0.006
0,0,0.044
0,0,0.024
0,0,0.066
0,0,0.002
0,0,0.028
0,0,0.0
0,0,0.004
0,0,0.006
0,0,0.046
0,0,0.0
0,0,0.19214277196972845
1,1,1.0
0,0,0.018
0,0,0.0
0,0,0.024
0,0,0.0
1,1,1.0
1,1,0.998
0,0,0.002
0,0,0.004
1,0,0.328
0,0,0.008
0,0,0.08125285019407771
0,0,0.0
1,1,1.0
0,0,0.06
1,1,1.0
0,0,0.004
0,0,0.0
0,0,0.002
0,0,0.0
0,0,0.11
0,0,0.0
0,0,0.038
0,0,0.046
1,1,1.0
1,0,0.214
0,0,0.072
0,0,0.006
0,0,0.07
0,0,0.164
0,0,0.0
0,0,0.0
0,0,0.02
1,1,1.0
0,0,0.152
0,0,0.02
0,0,0.022
0,0,0.022
0,0,0.004
1,1,1.0
0,0,0.006
0,0,0.012
0,0,0.004
0,0,0.064
0,0,0.21771743302292787
1,1,1.0
0,0,0.006
0,0,0.0
1,1,1.0
0,0,0.084
0,0,0.0
0,0,0.066
0,0,0.02
1,1,1.0
0,0,0.0
0,0,0.09
0,0,0.07
0,0,0.012
1,1,1.0
0,0,0.004
0,0,0.156
0,0,0.08
0,0,0.0
0,0,0.0
1,1,1.0
0,0,0.008
1,0,0.308
0,0,0.002
0,0,0.0
0,0,0.032
0,0,0.002
0,0,0.01
0,0,0.008
0,0,0.144
0,0,0.022
0,0,0.0
0,0,0.0
0,0,0.032
0,0,0.0
0,0,0.038
0,0,0.0
1,1,1.0
0,0,0.006
0,0,0.0
0,0,0.0
0,0,0.002
1,1,1.0
0,0,0.014
1,1,0.74
1,0,0.06
0,0,0.0
0,0,0.0
0,0,0.0
0,0,0.01
0,0,0.0
0,0,0.082
0,0,0.0
0,0,0.004
0,0,0.0
0,0,0.002
1,1,1.0
1,0,0.486
0,0,0.054
0,0,0.182
0,0,0.042
1,1,1.0
0,0,0.01
1,1,1.0
0,0,0.026
0,0,0.024
0,0,0.05
0,0,0.0
0,0,0.042
0,0,0.008
0,0,0.0
0,0,0.004
0,0,0.202
0,0,0.0
0,0,0.0
0,0,0.002
0,0,0.04
1,1,1.0
0,0,0.01
0,0,0.0
1,1,0.948
0,0,0.013442966842097757
1,1,1.0
0,0,0.0
0,0,0.02
0,0,0.228
0,0,0.062
0,0,0.019688683775608843
0,0,0.034
0,0,0.03
0,0,0.002
0,0,0.0
0,0,0.0
1,0,0.2111288813982756
0,0,0.0
0,0,0.0
0,0,0.008
1,1,0.884
0,0,0.056
1,1,1.0
0,0,0.0
1,0,0.15
0,0,0.018
0,0,0.0
0,0,0.004
0,0,0.054
1,1,0.824
1,1,0.996
0,0,0.0
0,0,0.084
0,0,0.04
0,0,0.02
0,0,0.016
0,0,0.014
0,0,0.0
0,0,0.0
0,0,0.0
0,0,0.016
0,0,0.116
0,0,0.016
0,0,0.08
1,0,0.204
0,0,0.074
0,0,0.0
0,0,0.036
0,0,0.004
0,0,0.048
0,0,0.008
0,0,0.0
0,0,0.144
0,1,0.6217152195401049
0,0,0.02
0,0,0.034
0,0,0.04
0,0,0.078
0,0,0.006
0,0,0.066
0,0,0.0
0,0,0.004
0,0,0.042
0,0,0.0
0,0,0.024
0,0,0.006
1,1,1.0
0,0,0.09556570887661438
0,0,0.096
0,0,0.024
0,0,0.0
0,0,0.0
0,0,0.014
0,0,0.002
0,0,0.004
0,0,0.002
0,0,0.1535908018179121
0,0,0.042
0,0,0.05
1,1,0.756
0,0,0.026
1,1,1.0
1,0,0.086
0,0,0.14
0,0,0.0
0,0,0.058
0,0,0.286
0,0,0.072
0,0,0.014
0,0,0.0
0,0,0.024
0,0,0.008
0,0,0.144
0,0,0.0
0,0,0.0
0,0,0.014
0,0,0.0
1,1,1.0
0,0,0.0
0,0,0.0
0,0,0.0
0,0,0.166
0,0,0.0
0,0,0.01
0,0,0.022
0,0,0.062
0,0,0.002
0,0,0.0
0,0,0.03
0,0,0.002
0,0,0.0
0,0,0.0
1,1,1.0
0,0,0.0
0,0,0.0
0,0,0.002
0,0,0.106
1,1,1.0
1,1,1.0
0,0,0.0
0,0,0.0
0,0,0.066
1,1,0.524
0,0,0.0
0,0,0.008
0,0,0.048
0,0,0.002
0,0,0.0
0,0,0.0
0,0,0.016
0,0,0.008
0,0,0.044
0,0,0.0
0,0,0.0
0,0,0.004
1,1,1.0
0,0,0.0
1,1,1.0
0,0,0.068
0,0,0.012
1,1,1.0
1,1,1.0
0,0,0.0
0,0,0.0
0,0,0.004
0,0,0.006
0,0,0.0
0,0,0.0
0,0,0.022
0,0,0.088
0,0,0.0
1,0,0.05
0,0,0.0
0,0,0.008
0,0,0.0
0,0,0.012
0,0,0.006
0,0,0.002
0,0,0.002
0,0,0.042
0,0,0.11
0,0,0.0
0,0,0.014
0,0,0.002
0,0,0.064
0,0,0.018
1,1,1.0
0,0,0.026
0,0,0.036
0,0,0.078
0,0,0.016
0,0,0.026
0,0,0.0
0,0,0.028
0,0,0.002
0,0,0.032
0,0,0.008
0,0,0.034
0,0,0.0
0,0,0.098
0,0,0.03
0,0,0.034
0,0,0.014
0,0,0.034784751751672845
0,0,0.0
0,0,0.006
0,0,0.018
0,0,0.046
0,0,0.066
0,0,0.0
0,0,0.002
0,0,0.02
0,0,0.052
1,1,1.0
0,0,0.064
0,0,0.0
0,0,0.01
1,0,0.49
0,0,0.002
0,0,0.14
0,0,0.022
0,0,0.0
1,1,1.0
0,0,0.0
1,1,1.0
1,1,1.0
0,0,0.0
0,0,0.002
1,1,0.634
0,0,0.0
0,0,0.046
0,0,0.004
1,1,1.0
0,0,0.0
0,0,0.01
0,0,0.01
0,0,0.03
0,0,0.042
0,0,0.058
1,1,0.998
0,0,0.016
0,0,0.112
0,0,0.008
0,0,0.016
0,0,0.22806880676668104
1,0,0.058
0,0,0.03
0,0,0.028
0,0,0.008
0,0,0.0
0,0,0.0
0,0,0.078
0,0,0.23434562397288838
1,1,1.0
0,0,0.076
1,1,1.0
0,0,0.032
0,0,0.0
0,0,0.138
0,0,0.036
0,0,0.038
1,1,1.0
0,0,0.014
0,0,0.106
0,0,0.0
0,0,0.044
1,1,1.0
0,0,0.072
0,0,0.0
0,0,0.0
0,0,0.016
1,1,1.0
0,0,0.0
0,0,0.0
0,0,0.006
0,0,0.012
1,1,0.882
0,0,0.024
1,1,1.0
0,0,0.0
1,1,0.998
0,0,0.004
0,0,0.004
0,0,0.072
0,0,0.01
1,1,1.0
0,0,0.052
0,0,0.0
1,1,1.0
0,0,0.056
0,0,0.002
0,0,0.004
0,0,0.04
0,0,0.0
0,0,0.164
0,0,0.012
0,0,0.018
0,0,0.0
0,0,0.0
0,0,0.04
0,0,0.012
1,1,1.0
1,1,1.0
0,0,0.11684983702527711
0,0,0.002
0,0,0.02
1,1,1.0
0,0,0.0
0,0,0.018
1,0,0.404
0,0,0.202
1,1,0.974
0,0,0.072
1,1,1.0
0,0,0.096
0,0,0.006
0,0,0.102
0,0,0.016
1,1,0.996
0,0,0.368
0,0,0.024
0,0,0.054
0,0,0.06
0,0,0.012
0,0,0.028
0,0,0.006
0,0,0.01
0,0,0.046
1,1,1.0
0,0,0.22
0,0,0.046
0,0,0.0
0,0,0.016
0,0,0.002
0,0,0.03
0,0,0.014
0,0,0.0
0,0,0.01
0,0,0.008
0,0,0.008
0,0,0.002
0,0,0.022
0,0,0.038
0,0,0.0
0,0,0.008
1,0,0.024
0,0,0.052
0,0,0.032
0,0,0.066
1,1,1.0
1,1,1.0
1,1,1.0
1,1,1.0
0,0,0.018
0,0,0.07
0,0,0.0
0,0,0.03
1,0,0.076
0,0,0.0
0,0,0.0
0,0,0.126
0,0,0.026
0,0,0.046
0,0,0.1535908018179121
0,0,0.0
0,0,0.098
0,0,0.0
0,0,0.02
1,1,1.0
0,0,0.022
0,0,0.0
0,0,0.0
0,0,0.0
1,1,1.0
0,0,0.0
0,0,0.004
0,0,0.03
0,0,0.014
0,0,0.126
1,1,0.968
0,0,0.094
0,0,0.002
0,0,0.008
0,0,0.0
0,0,0.19
0,0,0.07
0,0,0.0
0,0,0.0
1,1,1.0
0,0,0.012
0,0,0.0
0,0,0.004
0,0,0.072
0,0,0.0
0,0,0.048
0,0,0.02
1,0,0.14
0,0,0.094
0,0,0.032
0,0,0.022
0,0,0.028
0,0,0.034
0,0,0.014
0,0,0.018
1,1,1.0
0,0,0.112
0,0,0.028
0,0,0.42100892187470124
0,0,0.058
1,1,1.0
0,0,0.026
0,0,0.006
0,0,0.026
1,1,1.0
0,0,0.002
0,0,0.0
0,0,0.0
0,1,0.776031701832472
1,1,0.998
0,0,0.03
0,0,0.0
0,0,0.044
1,1,1.0
0,0,0.0
0,0,0.032
1,1,1.0
0,0,0.09
0,0,0.0
0,0,0.02
0,0,0.016
0,0,0.006
1,1,1.0
0,0,0.038
0,0,0.318
0,0,0.06
0,0,0.022
0,0,0.022
0,0,0.202
0,0,0.028
0,0,0.004
1,1,1.0
0,0,0.018
0,0,0.038
0,0,0.0
0,0,0.014
0,0,0.006
0,0,0.024
0,0,0.006
0,0,0.004
1,1,1.0
0,0,0.016
0,0,0.128
1,1,1.0
0,0,0.0
0,0,0.0
0,0,0.0
0,0,0.0
0,0,0.01
1,1,1.0
0,0,0.0
0,0,0.002
0,0,0.0
1,1,1.0
0,0,0.0
0,0,0.014
1,1,0.888
0,0,0.018
0,0,0.0
0,0,0.002
0,0,0.0
1,1,1.0
0,0,0.056
0,0,0.0
0,0,0.03
0,0,0.024
0,0,0.3171359031616761
0,0,0.002
0,0,0.246
0,0,0.006
0,0,0.034
0,0,0.0
0,0,0.054
1,1,1.0
0,0,0.0
0,0,0.028
0,0,0.008
0,0,0.018
0,0,0.0
0,0,0.038
0,0,0.042
0,0,0.01
0,0,0.02607485748858948
0,0,0.0
0,0,0.086
1,1,1.0
0,0,0.004
0,0,0.0
0,0,0.01
0,0,0.0
1,0,0.444
0,0,0.086
0,0,0.006
0,0,0.036
0,0,0.01
0,0,0.014
0,0,0.03
1,1,1.0
0,0,0.0
0,0,0.036
0,0,0.216
1,1,1.0
0,0,0.096
1,1,1.0
1,1,1.0
0,0,0.0
0,0,0.1
0,0,0.064
0,0,0.05
0,0,0.008
0,0,0.0
0,0,0.0
0,0,0.01
0,0,0.0
0,0,0.022
0,0,0.026
0,0,0.004
0,0,0.022
0,0,0.0
0,0,0.036
0,0,0.0
1,0,0.238
0,0,0.0
1,1,1.0
0,0,0.0
0,0,0.008
0,0,0.004
0,0,0.014
0,0,0.012
0,0,0.048
0,0,0.042
0,0,0.09
0,0,0.06
1,1,1.0
0,0,0.044
1,1,1.0
0,0,0.09029144030528193
0,0,0.05
0,0,0.0
1,1,0.546
0,0,0.0
1,1,1.0
0,0,0.274
1,1,1.0
0,0,0.0
0,0,0.138
0,0,0.012
0,0,0.0
1,1,1.0
1,1,0.5442310630582977
0,0,0.0
0,0,0.064
0,0,0.016
0,0,0.028
0,0,0.0
0,0,0.172
0,0,0.008
0,0,0.032
0,0,0.018
0,0,0.006
0,0,0.0
0,0,0.07
0,0,0.012
0,0,0.0
1,1,1.0
0,0,0.096
0,0,0.006
1,1,0.988
1,1,0.728
0,0,0.008
0,0,0.048
0,0,0.014
1,0,0.2574614723236468
0,0,0.052
0,0,0.038
0,0,0.018
0,0,0.0
1,1,1.0
0,0,0.022
0,0,0.008
0,0,0.01
0,0,0.056
0,0,0.034
0,0,0.036
0,0,0.0
0,0,0.068
0,0,0.0
0,1,0.5474813369112962
0,0,0.004
0,0,0.0
0,0,0.04
0,0,0.018
0,0,0.024
0,0,0.0
0,0,0.0
0,0,0.024
1,1,1.0
0,0,0.0
0,0,0.094
0,0,0.012
0,0,0.024
0,0,0.0
0,0,0.0
0,0,0.026
0,0,0.0
0,0,0.044
0,0,0.008
0,0,0.03
0,0,0.004
1,1,1.0
0,0,0.07
0,0,0.216
0,0,0.14870972684143344
0,0,0.072
0,0,0.0
1,1,1.0
0,0,0.018
0,0,0.002
0,0,0.064
0,0,0.008
1,1,1.0
0,0,0.006
0,0,0.004
0,0,0.022
0,0,0.026
0,0,0.022
0,0,0.0
0,0,0.008
0,0,0.038
0,0,0.002
0,0,0.0
1,1,0.946
0,0,0.0
0,0,0.054
0,0,0.02
0,0,0.0
0,0,0.0
0,0,0.0
0,0,0.02
0,0,0.012
0,0,0.0
0,0,0.0
0,0,0.0
1,1,1.0
0,0,0.008
0,0,0.03
0,0,0.0
0,0,0.008
0,0,0.05
0,0,0.188
0,0,0.042
0,0,0.004
0,0,0.0
0,0,0.044
0,0,0.152
0,0,0.076
0,0,0.0
0,0,0.02
0,0,0.012
1,0,0.026
0,0,0.06
0,0,0.0
1,1,1.0
0,1,0.6064150595609938
0,0,0.014
0,0,0.11
0,0,0.072
1,1,1.0
1,1,1.0
0,0,0.006
0,0,0.032
0,0,0.07
0,0,0.114
0,0,0.004
0,0,0.046
0,0,0.004
0,0,0.012
0,0,0.002
0,0,0.046
0,0,0.07
0,0,0.022
0,0,0.0
0,0,0.0
0,0,0.036
0,0,0.004
0,0,0.0
0,0,0.0
0,0,0.0
0,0,0.012
0,0,0.004
0,0,0.098
1,1,1.0
0,0,0.0
1,0,0.06
1,1,1.0
0,0,0.002
0,0,0.02
0,0,0.096
0,0,0.008
1,1,0.816
0,0,0.0
0,0,0.01
0,0,0.08
1,1,0.98
0,0,0.078
1,1,1.0
0,0,0.008
1,1,1.0
0,0,0.002
0,0,0.0
0,0,0.002
0,0,0.0
1,1,1.0
0,0,0.008
0,0,0.012
0,0,0.008
0,0,0.018
1,0,0.21
0,0,0.0
0,0,0.1466574092952259
0,0,0.03
0,0,0.0
0,0,0.002
0,0,0.248
0,0,0.028
0,0,0.086
0,0,0.0
0,0,0.008
0,0,0.0
0,0,0.0
0,0,0.0
0,0,0.0
0,0,0.124
0,0,0.102
0,0,0.0
0,0,0.068
0,0,0.0
0,0,0.006
0,0,0.012
0,0,0.026
0,0,0.0029535407918147767
0,0,0.0
0,0,0.038
0,0,0.046
0,0,0.0
0,0,0.0
0,0,0.0
0,0,0.0
0,0,0.0
0,0,0.0
0,0,0.014
0,0,0.0
0,0,0.01
0,0,0.04
1,1,1.0
0,0,0.044
0,0,0.0
0,0,0.002
0,0,0.078
0,0,0.0
0,0,0.068
0,0,0.004
0,0,0.006
0,0,0.0
0,0,0.014
0,0,0.094
0,0,0.216
0,0,0.0
0,0,0.0
0,0,0.008
0,0,0.082
0,0,0.078
0,0,0.012
0,0,0.138
0,0,0.022
0,0,0.04
0,0,0.036
0,0,0.0
0,0,0.086
0,0,0.0
1,0,0.094
0,0,0.014
0,0,0.0
0,0,0.012
0,0,0.0
0,0,0.088
0,0,0.078
1,1,1.0
1,1,1.0
0,0,0.0
1,1,0.704
0,0,0.006
0,0,0.024
0,0,0.0
0,0,0.0
0,0,0.088
0,0,0.0
0,0,0.014
0,0,0.018
0,0,0.01
0,0,0.032
0,0,0.0
0,0,0.03207485748858948
0,0,0.114
0,0,0.022
0,0,0.016
0,0,0.018
1,1,1.0
0,0,0.0
0,0,0.0
1,1,0.912
1,1,1.0
0,0,0.022
1,0,0.28
0,0,0.018
0,0,0.03
0,0,0.034
0,0,0.02
1,1,1.0
0,0,0.0
0,0,0.026
0,0,0.01
0,0,0.002
0,0,0.0
0,0,0.006
0,0,0.04
0,0,0.0
1,1,1.0
0,0,0.02
0,0,0.03
0,0,0.0
0,0,0.026
0,0,0.0
0,0,0.0
0,0,0.0
0,0,0.0
1,1,1.0
0,0,0.0
0,0,0.0
0,0,0.044
0,0,0.0
0,0,0.0
0,0,0.036
0,0,0.012
1,1,1.0
0,0,0.038
0,0,0.01
0,0,0.0
0,0,0.018
0,0,0.0
0,0,0.022
0,0,0.0
0,0,0.0
0,0,0.0
0,0,0.016
0,0,0.118
0,0,0.0
1,1,0.64
0,0,0.018
0,0,0.032
1,1,1.0
1,1,1.0
0,0,0.002
1,0,0.33
0,0,0.006
0,0,0.04
0,0,0.0
0,0,0.0
0,0,0.0
0,0,0.012
0,0,0.07
0,0,0.086
0,0,0.04
0,0,0.018
0,0,0.008
0,0,0.006
0,0,0.0
0,0,0.018
0,0,0.01
0,0,0.01
0,0,0.0
0,0,0.154
0,0,0.0
0,0,0.0
0,0,0.072
0,0,0.0
0,0,0.016
1,0,0.474
0,0,0.0
0,0,0.0
0,0,0.024
0,0,0.0
0,0,0.0
0,0,0.0
0,0,0.008
0,0,0.13510177806038903
0,0,0.044
0,0,0.032
1,1,1.0
0,0,0.0
0,0,0.008
0,0,0.12
1,1,1.0
0,0,0.018
1,1,1.0
0,0,0.026
1,1,1.0
0,0,0.006
0,0,0.028
0,0,0.09
0,0,0.008
0,0,0.006
1,0,0.292
0,0,0.028
0,0,0.04
0,0,0.0
0,0,0.028
0,0,0.06
0,0,0.026
0,0,0.004
0,0,0.204
1,0,0.264
0,0,0.0
0,0,0.04
0,0,0.006
0,0,0.0
0,0,0.004
0,0,0.0
1,1,1.0
1,0,0.22
0,0,0.084
1,1,0.746
0,0,0.0
0,0,0.0
0,0,0.032
0,0,0.0
0,0,0.0
0,0,0.002
0,0,0.0
0,0,0.054379457647117505
0,0,0.024
0,0,0.018
0,0,0.002
0,0,0.088
0,0,0.0
0,0,0.054
0,0,0.002
1,1,1.0
0,0,0.066
0,0,0.0
0,0,0.18
0,0,0.024
0,0,0.0
0,0,0.134
0,0,0.03
0,0,0.0
0,0,0.0
0,0,0.0
0,0,0.0
0,0,0.048
0,0,0.03
0,0,0.01
0,0,0.03
1,1,1.0
0,0,0.03
0,0,0.026
0,0,0.0
0,0,0.014
0,0,0.0
0,0,0.198
0,0,0.09
0,0,0.0
0,0,0.0
0,0,0.0
0,0,0.0
0,0,0.012
0,0,0.0
0,0,0.11
0,1,0.776031701832472
0,0,0.008
0,0,0.0
0,0,0.014
0,0,0.004
0,0,0.036
0,0,0.01
1,0,0.46230418407953583
0,0,0.122
0,0,0.002
0,0,0.004
0,0,0.11
0,0,0.0
0,0,0.0
0,0,0.0
0,0,0.078
0,0,0.074
1,1,1.0
0,0,0.032
0,0,0.024
1,1,0.98
0,0,0.0
0,0,0.018
0,0,0.038
0,0,0.008
0,0,0.01
0,0,0.0
0,0,0.0
0,0,0.018
0,0,0.176
0,0,0.082
0,0,0.018
0,0,0.138
0,0,0.012
0,0,0.022
0,0,0.036
0,0,0.008
0,0,0.002
0,0,0.0
0,0,0.0
0,0,0.0
0,0,0.08
0,0,0.014
0,0,0.0
0,0,0.0
1,1,1.0
0,0,0.096
0,0,0.0
0,0,0.02
0,0,0.0
0,0,7.485748858948021e-05
1,1,1.0
1,1,1.0
0,0,0.138
0,0,0.078
1,1,0.528
1,1,1.0
0,0,0.374
0,0,0.014
0,0,0.094
0,0,0.0
0,0,0.02
0,0,0.012
0,0,0.004
0,0,0.006
0,0,0.0
0,0,0.0
0,0,0.092
1,1,1.0
0,0,0.164
0,0,0.032
1,1,1.0
0,0,0.0
1,1,1.0
1,1,0.718
0,0,0.0
1,0,0.202
0,0,0.016
0,0,0.07
1,0,0.354
0,0,0.024
0,0,0.02
0,0,0.01
0,0,0.086
1,1,1.0
0,0,0.0
0,0,0.006
0,0,0.18
0,0,0.05
1,1,1.0
0,0,0.1
0,0,0.15
0,0,0.034
0,0,0.022
0,0,0.154
0,0,0.032
0,0,0.07
1,1,1.0
0,0,0.04
0,0,0.0004352642277239581
0,0,0.04
1,1,1.0
0,0,0.106
0,0,0.0
1,1,1.0
0,0,0.0
0,0,0.0
0,0,0.104
0,0,0.078
0,0,0.026
1,1,1.0
0,0,0.004
0,0,0.016
0,0,0.034
0,0,0.014
0,0,0.0
1,1,1.0
0,0,0.102
0,1,0.6149246662109149
0,0,0.0
0,0,0.31274826075121276
0,0,0.016
0,0,0.024
0,0,0.002
0,0,0.028
0,0,0.002
0,0,0.0
1,1,1.0
0,0,0.0
0,0,0.036
1,1,0.562
1,1,0.8330383629471235
0,0,0.01
0,0,0.0
0,0,0.0
0,0,0.052
0,0,0.0
0,0,0.0
1,1,1.0
0,0,0.002
0,0,0.004
1,1,1.0
1,1,1.0
0,0,0.02
0,0,0.0
0,0,0.01
0,0,0.226
1,1,1.0
0,0,0.016
0,0,0.006
1,1,1.0
0,0,0.002
0,0,0.002
0,0,0.012
0,0,0.026
0,0,0.052
1,1,1.0
0,0,0.016
0,0,0.004
0,0,0.004
0,0,0.004
0,0,0.07
0,0,0.034
0,0,0.042
0,0,0.0
0,0,0.018
0,0,0.006
1,1,1.0
0,0,0.018
1,1,1.0
0,0,0.006
0,0,0.102
0,0,0.022
0,0,0.0
0,0,0.024
0,0,0.044
0,0,0.00029144030528192237
0,0,0.032
0,0,0.0
0,0,0.004
0,0,0.002
0,0,0.124
0,0,0.2574614723236468
0,0,0.0
0,0,0.038
0,0,0.0
1,1,1.0
1,1,1.0
1,1,1.0
0,0,0.132
0,0,0.066
1,1,0.998
0,0,0.0
0,0,0.01
0,0,0.008
0,0,0.002
0,0,0.148
1,1,1.0
1,1,0.926
0,0,0.026
1,1,1.0
1,1,1.0
0,0,0.094
0,0,0.008
0,0,0.006
0,0,0.0
0,0,0.028
0,0,0.028
0,0,0.0
0,0,0.0
0,0,0.026
0,0,0.006
0,0,0.006
0,0,0.01
0,0,0.0
0,0,0.0
0,0,0.0
0,0,0.0
0,0,0.0
0,0,0.0
0,0,0.0
0,0,0.022
0,0,0.082
0,0,0.028
0,0,0.0
1,1,1.0
0,0,0.046
0,0,0.074
1,1,1.0
0,0,0.108
0,0,0.022
1,1,1.0
0,0,0.086
0,0,0.0
0,0,0.01
1,1,1.0
1,1,0.9
0,0,0.0
1,0,0.204
0,0,0.012
0,0,0.002
0,0,0.028
0,0,0.01
0,0,0.03
0,0,0.03
0,0,0.054
0,0,0.4
0,0,0.046
0,0,0.134
0,0,0.004
1,1,1.0
1,1,1.0
0,0,0.0
0,0,0.034
0,0,0.13
0,0,0.042
1,1,0.998
0,0,0.0
0,0,0.0
1,1,1.0
0,0,0.0
0,0,0.052
0,0,0.066
0,0,0.006
0,0,0.0
0,0,0.08
0,0,0.096
0,0,0.002
0,0,0.068
0,0,0.034
0,0,0.006
0,0,0.01
1,1,1.0
0,0,0.0
0,0,0.048
1,1,1.0
0,0,0.346
0,0,0.0
0,0,0.002
0,0,0.07
0,0,0.012
1,1,0.998
0,0,0.08
0,0,0.0
0,0,0.032
0,0,0.012
0,0,0.028
0,0,0.008
0,0,0.002
1,1,0.78
0,0,0.0
1,1,1.0
0,0,0.016
0,0,0.066
0,0,0.0
0,0,0.07
0,0,0.248
0,0,0.293654128255174
0,0,0.034
0,0,0.008
0,0,0.06
1,1,1.0
1,1,1.0
0,0,0.0
0,0,0.014
0,0,0.0
0,0,0.03
1,0,0.334
0,0,0.018
0,0,0.0
0,0,0.206
0,0,0.032
0,0,0.0
0,0,0.002
0,0,0.008
0,0,0.006
0,0,0.0
1,1,1.0
0,0,0.0
0,0,0.024
0,0,0.0
0,0,0.006
0,0,0.028
0,0,0.0
0,0,0.146
0,0,0.052
0,0,0.0
0,0,0.154
0,0,0.016
0,0,0.014
0,0,0.02
0,0,0.006
0,0,0.002
0,0,0.01
1,0,0.044
0,0,0.186
0,0,0.0
0,0,0.054
0,0,0.0
0,0,0.002
0,0,0.0
0,0,0.0
0,0,0.002
0,0,0.036
0,0,0.0
0,0,0.048
0,0,7.485748858948021e-05
0,0,0.018
0,0,0.008
0,0,0.0
0,0,0.042
0,0,0.1862914403052819
0,0,0.008
0,0,0.028
1,1,1.0
0,0,0.002
0,0,0.09
1,1,1.0
0,0,0.046
0,0,0.0
0,0,0.0
0,0,0.0
0,0,0.0
1,1,1.0
1,1,1.0
0,0,0.0
0,0,0.1777561465059414
0,0,0.006
0,0,0.016
0,0,0.028
0,0,0.0
0,0,0.016
0,0,0.04
0,0,0.008
1,1,1.0
0,0,0.006
0,0,0.006
1,0,0.408
0,0,0.0
0,0,0.05
0,0,0.048
0,0,0.0
0,0,0.046
0,0,0.0
1,0,0.162
1,1,1.0
0,0,0.026
0,0,0.0
1,0,0.486
1,1,1.0
0,0,0.1
1,1,1.0
0,0,0.0
0,0,0.0
0,0,0.022
0,0,0.0
0,0,0.0
0,0,0.002
0,0,0.046
0,0,0.038
0,0,0.002
0,0,0.014
0,0,0.31274826075121276
0,0,0.018
1,1,1.0
0,0,0.0
0,0,0.0
0,0,0.004
0,0,0.006
0,0,0.0
0,0,0.032
0,0,0.022
0,0,0.01
0,0,0.016
0,0,0.056
0,0,0.0
0,0,0.0
0,0,0.0
0,0,0.03
1,1,1.0
0,0,0.0
0,0,0.0
0,0,0.0
1,1,1.0
0,0,0.172
0,0,0.0
0,0,0.006
0,0,0.0
0,0,0.0
0,0,0.016
0,0,0.08
0,0,0.026
1,1,0.982
0,0,0.0
0,0,0.004
0,0,0.004
1,1,1.0
1,1,1.0
0,0,0.0
1,1,1.0
0,0,0.012
1,1,1.0
0,0,0.022
0,0,0.0
0,0,0.012
0,0,0.0
0,0,0.008
0,0,0.054
0,0,0.008
0,0,0.11
0,0,0.0
0,0,0.018
0,0,0.01
0,0,0.026
0,0,0.026
0,0,0.0
1,1,1.0
0,0,0.134
0,0,0.0
0,0,0.09
0,0,0.024
0,0,0.0
0,0,0.014
0,0,0.0
1,0,0.256
0,0,0.006
0,0,0.264
0,0,0.072
0,0,0.014
0,0,0.0
0,0,0.0
1,1,1.0
0,0,0.062
1,1,1.0
0,0,0.01
0,0,0.0
0,0,0.0
0,0,0.024
0,0,0.046
0,0,0.026
0,0,0.0
1,0,0.444
0,0,0.024
0,0,0.0
0,0,0.0
1,1,0.562
0,0,0.0
0,0,0.0
0,0,0.004
0,0,0.008
0,0,0.004
0,1,0.6230437234494137
0,0,0.0
0,0,0.01
1,1,1.0
1,1,1.0
0,0,0.0
0,0,0.042
0,0,0.082
0,0,0.072
1,1,1.0
0,0,0.01
0,0,0.104
0,0,0.008
1,1,1.0
0,0,0.0
0,0,0.0
1,1,1.0
0,0,0.0
0,0,0.192
0,0,0.022
0,0,0.1621803482380266
1,1,1.0
0,0,0.012
0,0,0.0
0,0,0.024
0,0,0.014
0,0,0.042
0,0,0.106
0,0,0.06
0,0,0.036
0,0,0.018
0,0,0.036
0,0,0.002
0,0,0.06
0,0,0.01
0,0,0.03
0,0,0.1
0,0,0.012
0,0,0.012
0,0,0.006
0,0,0.01
0,0,0.086
0,0,0.0
0,0,0.0
1,1,1.0
0,0,0.016
0,0,0.012
0,0,0.004
0,0,0.022
1,1,0.9096852320782973
0,0,0.0
0,0,0.0
0,0,0.0
0,0,0.0
0,0,0.044
0,0,0.046
0,0,0.026
1,1,1.0
0,0,0.0
0,0,0.0
0,0,0.128
0,0,0.24412106103856615
0,0,0.052
0,0,0.0
0,0,0.032
0,0,0.0
0,0,0.094
1,1,0.996
0,0,0.006
1,1,1.0
0,0,0.0
0,0,0.006
0,0,0.002
0,0,0.044
0,0,0.09
0,0,0.0
0,0,0.048
0,0,0.078
0,0,0.024
0,0,0.0
0,0,0.042
0,0,0.07
1,1,1.0
0,0,0.0
0,0,0.084
0,0,0.028
1,1,1.0
0,0,0.0
0,0,0.0
0,0,0.086
0,0,0.012
0,0,0.002
0,0,0.048
1,0,0.374
0,0,0.126
1,1,1.0
0,0,0.066
0,0,0.022
0,0,0.006
1,1,1.0
0,0,0.0
0,0,0.04
0,0,0.0
0,0,0.0
0,0,0.0
0,0,0.042
0,0,0.028
0,0,0.0
0,0,0.052
0,0,0.024
0,0,0.0
1,1,1.0
0,0,0.052
0,0,0.0
1,0,0.17
0,0,0.0
0,0,0.0
0,0,0.066
1,1,1.0
0,0,0.0
1,1,1.0
1,1,1.0
0,0,0.024
0,0,0.008
0,0,0.2574614723236468
0,0,0.0
0,0,0.12322687498298361
0,0,0.012
0,0,0.0
0,0,0.0
0,0,0.018
0,0,0.014
0,0,0.0
0,0,0.07812699743821366
0,0,0.0
0,0,0.026
0,0,0.024
0,0,0.01
0,0,0.004
0,0,0.0
0,0,0.042
0,0,0.0
0,0,0.0
0,0,0.086
0,0,0.08
0,0,0.098
0,0,0.066
0,0,0.028
0,0,0.09
0,0,0.3333354463375841
1,1,1.0
0,0,0.104
0,0,0.006
0,0,0.0
1,1,0.966
0,0,0.006
1,1,1.0
0,0,0.024
0,0,0.024
0,0,0.004
1,0,0.388
0,0,0.034
0,0,0.012
0,0,0.008
1,1,1.0
1,1,1.0
0,0,0.334
1,1,0.994
1,1,1.0
1,1,0.764
0,0,0.026
0,0,0.0
0,0,0.08580870926957056
0,0,0.014
0,0,0.002
1,1,1.0
0,0,0.01
0,0,0.31741784208677853
0,0,0.002
0,0,0.008
0,0,0.0
0,0,0.058
0,0,0.06
1,1,1.0
0,0,0.064
0,0,0.348
0,0,0.0
1,1,0.768
0,0,0.012
0,0,0.0
0,1,0.575049370612255
0,0,0.052
0,0,0.0
0,0,0.006
0,0,0.07
0,0,0.0
0,0,0.0
0,0,0.036
0,0,0.022
0,0,0.02
0,0,0.004
0,0,0.04
0,0,0.036
0,0,0.0
0,0,0.006
0,0,0.002
1,1,1.0
0,0,0.05
0,0,0.052
0,0,0.0
0,0,0.004
0,0,0.0
0,0,0.024
1,1,0.968
0,0,0.058
1,1,1.0
0,0,0.066
0,0,0.002
0,0,0.004
0,0,0.096
1,1,1.0
0,0,0.0
0,0,0.096
1,1,1.0
0,0,0.01
0,0,0.008
0,0,0.002
0,0,0.02
1,1,1.0
0,0,0.0
0,0,0.0
0,0,0.032
0,0,0.104
0,0,0.0
0,0,0.0
1,1,1.0
0,0,0.002
0,0,0.12167280320287567
0,0,0.006
0,0,0.07
0,0,0.014
0,0,0.02
0,0,0.0
0,0,0.012
0,0,0.014
0,0,0.0
1,1,1.0
0,0,0.01
1,1,1.0
0,0,0.008
0,0,0.018
0,0,0.00807485748858948
0,0,0.038
0,0,0.03
0,0,0.062
1,1,1.0
1,1,1.0
0,0,0.016
0,0,0.0
0,0,0.06
0,0,0.024
0,0,0.0
0,0,0.03
0,0,0.0
0,0,0.062
1,0,0.274
0,0,0.0
0,0,0.0
1,0,0.272
0,0,0.026
0,0,0.024
0,0,0.0
0,0,0.0
0,0,0.002
0,0,0.002
0,0,0.034
1,1,1.0
1,1,1.0
0,0,0.006
0,0,0.008
0,0,0.004
0,0,0.002
0,0,0.022
0,0,0.006
0,0,0.094
0,0,0.0
0,0,0.0
0,0,0.106
1,0,0.28
0,0,0.026
0,0,0.05
0,0,0.038
0,0,0.0
0,0,0.0
0,0,0.002
0,0,0.0
0,0,0.0
0,0,0.0
0,0,0.052
0,0,0.0
0,0,0.054
1,1,0.958
0,0,0.034
0,0,0.062374346832232405
0,0,0.07
0,0,0.038
0,0,0.0
0,0,0.0
0,0,0.02
0,0,0.0
0,0,0.094
0,0,0.0
0,0,0.024
0,0,0.022
0,0,0.074
0,0,0.0
1,1,1.0
0,0,0.020492568108760267
0,0,0.012
0,0,0.172
0,0,0.128
0,0,0.028
0,0,0.012
0,0,0.0
0,0,0.0
0,0,0.148
0,0,0.006
0,0,0.002
0,0,0.004
1,1,1.0
0,0,0.026
0,0,0.188
0,0,0.026
0,0,0.028
0,0,0.0
1,1,1.0
0,0,0.0
1,1,1.0
0,0,0.176
0,0,0.0
0,0,0.014
0,0,0.0
0,0,0.0
0,0,0.016
0,0,0.0
0,0,0.00033458424103430343
0,0,0.0
0,0,0.008
0,0,0.0
0,0,0.038
0,0,0.016
1,0,0.29
0,0,0.054
0,0,0.0
0,0,0.042
0,0,0.0
0,0,0.0
1,1,1.0
0,0,0.082
0,0,0.012
0,0,0.0
0,0,0.004
0,0,0.044
0,0,0.034
0,0,0.01
0,0,0.018
0,0,0.0
1,1,1.0
0,0,0.0
1,1,1.0
0,0,0.002
1,1,1.0
1,1,1.0
0,0,0.0
0,0,0.0
0,0,0.056
0,0,0.004
0,0,0.04
0,0,0.034
0,0,0.046
1,1,0.944
0,0,0.016
1,1,1.0
0,0,0.0
0,0,0.04
0,0,0.028
0,0,0.03
0,0,0.054
0,0,0.074
0,0,0.002
0,0,0.01
1,1,1.0
0,0,0.07
0,0,0.044
0,0,0.096
0,0,0.0
0,0,0.014
1,1,1.0
1,1,1.0
0,0,0.044
0,0,0.076
0,0,0.0
0,0,0.0
0,0,0.0
0,0,0.2574614723236468
1,1,1.0
0,0,0.108
0,0,0.052
0,0,0.042
0,0,0.0
1,1,1.0
0,0,0.034
0,0,0.024
0,0,0.014
0,0,0.022
0,0,0.0
0,0,0.0
0,0,0.0
1,1,1.0
0,0,0.0
0,0,0.0020748574885894803
1,1,0.998
0,0,0.002
0,0,0.168
0,0,0.104
0,0,0.01
0,0,0.008
0,0,0.0
1,1,0.794
0,0,0.008
0,0,0.0
1,1,1.0
0,0,0.016
0,0,0.0
0,0,0.0
0,0,0.008
1,1,1.0
1,1,0.86
0,0,0.026
1,1,1.0
0,0,0.026
0,0,0.002
0,0,0.04
0,0,0.028
0,0,0.176
1,1,1.0
0,0,0.04
0,0,0.028
0,0,0.0
0,0,0.0
0,0,0.05
0,0,0.0
1,1,1.0
1,1,1.0
0,0,0.0
0,0,0.0
0,0,0.0
0,0,0.118
1,1,1.0
0,0,0.002
0,0,0.014
0,0,0.01
0,0,0.04
0,0,0.038
0,0,0.1738312047096855
1,1,1.0
0,0,0.004
0,0,0.044
0,0,0.116
0,0,0.0
0,0,0.0
0,0,0.128
0,0,0.008
1,1,1.0
1,0,0.414
0,0,0.0
0,0,0.042
0,0,0.004
0,0,0.112
1,1,1.0
0,0,0.0
1,1,1.0
0,0,0.0
0,0,0.018
0,0,0.018
0,0,0.0
0,0,0.0
0,0,0.06
0,0,0.0
0,0,0.068
0,0,0.0
0,0,0.098
0,0,0.01
0,0,0.048
0,0,0.02
0,0,0.066
0,0,0.008
0,0,0.074
0,0,0.004
0,0,0.0
0,0,0.0
0,0,0.084
0,0,0.03
0,0,0.028
0,0,0.02
0,0,0.004
1,1,1.0
0,0,0.004
1,1,1.0
0,0,0.36
0,0,0.02
0,0,0.238
0,0,0.044
0,0,0.018
0,0,0.0
1,0,0.10683481256831394
0,0,0.026
0,0,0.028
0,0,0.018
0,0,0.042
0,0,0.024
1,1,0.994
0,0,0.0
0,0,0.038
0,0,0.0
1,1,1.0
0,0,0.0
0,0,0.0
0,0,0.028
0,0,0.014
0,0,0.086
1,1,0.604
0,0,0.024
0,0,0.182
0,0,0.03
0,0,0.0
0,0,0.028
0,0,0.024
0,0,0.062
0,0,0.012
0,0,0.014
0,0,0.0
1,1,1.0
0,0,0.0
0,0,0.092
0,0,0.036
0,0,0.028
0,0,0.214
0,0,0.004
0,0,0.0
0,0,0.076
0,0,0.004
0,0,0.004
0,0,0.0
0,0,0.01
0,0,0.0
0,0,0.0
1,1,1.0
1,1,1.0
0,0,0.018
0,0,0.196
0,0,0.046
0,0,0.06
0,0,0.014
0,0,0.032
1,1,1.0
0,0,0.004
0,0,0.0
0,0,0.05
0,0,0.0
0,0,0.042
0,0,0.18
0,0,0.268
0,0,0.044
1,1,1.0
0,0,0.3506587158433466
0,0,0.0
0,0,0.0
0,0,0.0
0,0,0.006
1,1,0.694
0,0,0.006
0,0,0.0
1,1,1.0
0,0,0.0
0,0,0.0
0,0,0.0
0,0,0.0
1,1,1.0
0,0,0.016
1,1,0.73
0,0,0.008
0,0,0.0
0,0,0.012
0,0,0.028
0,0,0.034
1,1,0.948
0,0,0.026
1,1,1.0
0,0,0.022
0,0,0.122
1,1,1.0
0,0,0.056
0,0,0.01
1,1,1.0
0,0,0.01
1,0,0.11
0,0,0.018
0,0,0.09
0,0,0.188
0,0,0.008
0,0,0.0
1,1,1.0
0,0,0.0
0,0,0.0
0,0,0.0
0,0,0.0
0,0,0.004
0,0,0.002
0,0,0.05
1,1,1.0
0,0,0.048
1,1,0.558
0,0,0.008
1,1,1.0
1,1,0.6462914403052819
1,1,1.0
0,0,0.0
0,0,0.004
0,0,0.0
0,0,0.054
1,0,0.37
1,0,0.214
0,0,0.0
0,0,0.014
0,0,0.0
0,0,0.026
0,0,0.104
0,0,0.012
0,0,0.146
0,0,0.072
0,0,0.03
0,0,0.158
0,0,0.0
1,1,1.0
0,0,0.058
0,0,0.0
0,0,0.0
0,0,0.032
0,0,0.008
0,0,0.31274826075121276
0,0,0.014
0,0,0.006
1,1,1.0
0,0,0.082
1,0,0.108
1,1,1.0
0,0,0.03
0,0,0.01
0,0,0.062
0,0,0.032
0,0,0.138
1,1,1.0
0,0,0.018
0,0,0.004
0,0,0.08
1,1,1.0
1,0,0.426
1,1,1.0
0,0,0.21
0,0,0.0
0,0,0.002
0,0,0.056
0,0,0.024
0,0,0.05
0,0,0.0
1,1,1.0
0,0,0.032
1,1,1.0
0,0,0.0
0,0,0.0
0,0,0.062374346832232405
0,0,0.41952507383487736
1,1,1.0
0,0,0.006
0,0,0.0
1,1,1.0
0,0,0.024
0,0,0.086
1,1,1.0
0,0,0.006
1,1,1.0
0,0,0.022
0,0,0.036
0,0,0.008
0,0,0.0
1,1,1.0
0,0,0.0
0,0,0.028
0,0,0.026
0,0,0.0
0,0,0.006
0,0,0.03
0,0,0.006
0,0,0.032
0,0,0.094
0,0,0.0
0,0,0.0
0,0,0.0
0,0,0.0
0,0,0.002
0,0,0.024
1,1,0.98
0,0,0.004
0,0,0.042
1,1,1.0
0,0,0.036
0,0,0.0
0,0,0.01
0,0,0.002
0,0,0.11125324470684687
0,0,0.014
1,1,1.0
0,0,0.016
0,0,0.004
0,0,0.0
0,0,0.02
0,0,0.122
0,0,0.042
0,0,0.028
0,0,0.0
0,0,0.004
0,0,0.0
0,0,0.0
0,0,0.028
0,0,0.006
0,0,0.0
0,0,0.166
0,0,0.032
0,0,0.12
0,0,0.0
0,0,0.0
1,1,1.0
0,0,0.0
0,0,0.0
1,1,1.0
0,0,0.006
0,0,0.1
0,0,0.108
0,0,0.0
0,0,0.03
0,0,0.014
1,1,1.0
0,0,0.024
0,0,0.024
0,0,0.09
0,0,0.026
0,0,0.02
0,0,0.0
0,0,0.01
0,0,0.0
0,0,0.008
0,0,0.0
0,0,0.02
1,1,1.0
0,1,0.6349456375163515
0,0,0.01
0,0,0.004
0,0,0.022
0,0,0.008
0,0,0.012
0,0,0.018
0,0,0.0
0,0,0.126
0,0,0.044
0,0,0.032
0,0,0.012
0,0,0.0803345842410343
0,0,0.0
1,1,1.0
0,0,0.024
0,0,0.01207485748858948
0,0,0.046
0,0,0.02
0,0,0.0
1,1,1.0
0,0,0.182
0,0,0.03
0,0,0.07
0,0,0.0
0,0,0.0
0,0,0.216
0,0,0.2474963226280828
1,1,1.0
0,0,0.0
0,0,0.034
0,0,0.008
0,0,0.054
0,0,0.0
0,0,0.08
0,0,0.0
0,0,0.25351454419610286
1,1,1.0
0,0,0.062
0,0,0.012
0,0,0.2166766003812395
0,0,0.0
0,0,0.0
0,0,0.024
0,0,0.0
0,0,0.0
1,1,1.0
1,1,0.97
0,0,0.036
0,0,0.024
1,0,0.308
0,0,0.02
0,0,0.074
1,1,0.954
0,0,0.0
1,1,1.0
0,0,0.02
0,0,0.022
0,0,0.016
0,0,0.004
0,0,0.004
1,1,0.548
0,0,0.0
0,0,0.0
0,0,0.01
0,0,0.02
1,1,0.5964732561020788
0,0,0.056
0,0,0.002
0,0,0.0
0,0,0.0
0,0,0.228
0,0,0.03
0,0,0.0
0,0,0.002
0,0,0.026
0,0,0.032
0,0,0.014
0,0,0.084
0,0,0.014
0,0,0.018
0,0,0.018
0,0,0.032
0,0,0.0
0,0,0.022
0,0,0.006
0,0,0.086
0,1,0.583611923721848
1,1,1.0
0,0,0.0
0,0,0.064
0,0,0.004
1,1,0.736
0,0,0.002
0,0,0.0
0,0,0.032
0,0,0.0
0,0,0.046
0,0,0.084
0,0,0.038
0,0,0.026
0,0,0.0
0,1,0.6230437234494137
1,1,1.0
0,0,0.008
1,0,0.232
0,0,0.0
1,1,1.0
0,0,0.01
0,0,0.0
0,0,0.198
0,0,0.002
1,1,0.998
0,0,0.0
0,0,0.01
0,0,0.008
0,0,0.014
0,0,0.002
0,0,0.052
0,0,0.196
0,0,0.024
0,0,0.002
0,0,0.47562118072657783
1,1,1.0
0,0,0.032
1,1,0.758
0,0,0.018
0,0,0.002
1,1,1.0
0,0,0.0
0,0,0.048
0,0,0.0
0,0,0.008
0,0,0.04
0,0,0.3018755612054465
0,0,0.0
0,0,0.008
0,0,0.0
0,0,0.058
0,0,0.064
0,0,0.136
0,0,0.0
0,0,0.024
0,0,0.0
0,0,0.0
0,0,0.004
0,0,0.01
0,0,0.12167280320287567
1,1,0.52
0,0,0.018
0,0,0.044
0,0,0.0
0,0,0.0
0,0,0.092
0,0,0.0
0,0,0.008
1,1,1.0
0,0,0.06
0,0,0.20237949586584372
0,0,0.032
0,0,0.04
1,1,1.0
0,0,0.002
0,0,0.01
1,1,1.0
0,0,0.008
0,0,0.014
0,0,0.0
0,0,0.062
0,0,0.014
0,0,0.0
0,0,0.016
1,1,1.0
1,0,0.182
0,0,0.148
0,0,0.012
0,0,0.0
0,0,0.054
0,0,0.036
0,0,0.0
0,0,0.0
0,0,0.002
0,0,0.086
0,0,0.024
0,0,0.31274826075121276
1,0,0.106
0,0,0.038
0,0,0.058
0,0,0.062374346832232405
0,0,0.084
0,0,0.0
0,0,0.018
1,1,1.0
0,0,0.044
0,0,0.024
0,0,0.018
0,0,0.0
0,0,0.0
0,0,0.0027269115280277806
0,0,0.0
0,0,0.03
0,0,0.0
0,0,0.016
0,0,0.008
0,0,0.028
0,0,0.02
0,0,0.098
1,0,0.27
0,0,0.014
0,0,0.008
0,0,0.0
0,0,0.01
0,0,0.0
0,0,0.002
0,0,0.018
1,0,0.406
0,0,0.02
1,1,1.0
0,0,0.006
1,1,0.988
0,0,0.03
0,0,0.028
0,0,0.0
0,0,0.0
0,0,0.114
0,0,0.0
0,0,0.116
0,0,0.23
0,0,0.0
0,0,0.0
0,0,0.034
0,0,0.09
0,0,0.0
0,0,0.014
0,0,0.028
0,1,0.6217152195401049
0,0,0.018
0,0,0.024
1,1,1.0
0,0,0.0
0,0,0.01
0,0,0.0
1,1,1.0
0,0,0.0
0,0,0.012
0,0,0.202
0,0,0.0
0,0,0.006
0,0,0.016
0,0,0.0
0,0,0.022
1,1,1.0
0,0,0.0
0,0,0.142
1,0,0.254
0,0,0.008
0,0,0.008
0,0,0.016
0,0,0.006
0,0,0.004
1,1,1.0
1,1,1.0
0,0,0.0
0,0,0.0
0,0,0.0
0,0,0.006
0,0,0.018
0,0,0.048
0,0,0.056
0,0,0.29047218023910687
0,0,0.024
0,0,0.038
0,0,0.002
0,0,0.0
0,0,0.0
1,1,0.994
0,0,0.002
0,0,0.048
1,1,1.0
0,0,0.016
0,0,0.012
0,0,0.0
0,0,0.084
0,0,0.0
0,0,0.3961225209110702
0,0,0.188
0,0,0.0
0,0,0.036
0,0,0.042
0,0,0.0
0,0,0.0
0,0,0.006
0,0,0.004
0,0,0.06
0,0,0.028
1,0,0.32
0,0,0.0
0,0,0.022
0,0,0.004
0,0,0.064
0,0,0.082
0,0,0.032
0,0,0.046
0,0,0.024
0,0,0.008
1,0,0.234
0,0,0.188
0,0,0.0
0,0,0.006
0,0,0.0
0,0,0.04
0,0,0.024
1,1,0.886
0,1,0.8062295196755711
0,0,0.0
1,0,0.008
0,0,0.026
0,0,0.038
0,0,0.16
0,0,0.016
0,0,0.064
1,1,1.0
0,0,0.046
0,0,0.0
1,1,1.0
1,1,1.0
0,0,0.08
0,0,0.0
0,0,0.0
0,0,0.152
0,0,0.006
0,0,0.0
0,0,0.002
0,0,0.006
0,0,0.0
0,0,0.092
0,0,0.032
0,0,0.076
0,0,0.01
0,0,0.0
1,0,0.18
1,1,1.0
0,0,0.0
0,0,0.0
0,0,0.082
0,0,0.006
0,0,0.0
0,0,0.004
1,1,1.0
0,0,0.0
0,0,0.058
0,0,0.002
0,0,0.03
0,0,0.178
0,0,0.03
0,0,0.0
0,0,0.0
0,0,0.034
1,1,1.0
1,1,1.0
0,0,0.0
1,1,0.958
0,0,0.074
0,0,0.006
0,0,0.0
0,0,0.0
0,0,0.016
0,0,0.0
1,1,0.86
0,0,0.012
0,0,0.022
0,0,0.03
0,0,0.0
0,0,0.0
0,0,0.008
0,0,0.058
1,1,1.0
1,1,1.0
0,0,0.0
0,0,0.042
0,0,0.022
0,0,0.01
0,0,0.0
1,0,0.146
1,1,1.0
0,0,0.006
0,0,0.022
0,0,0.206
0,0,0.0
0,0,0.0
0,0,0.026
1,1,1.0
0,0,0.21466384519605294
0,0,0.0
0,0,0.008
0,0,0.116
1,1,1.0
0,0,0.042
0,0,0.0
0,0,0.0
0,0,0.04
0,0,0.022
0,0,0.004
0,0,0.0
0,0,0.0
0,0,0.082
0,0,0.0
0,0,0.026
0,0,0.008
0,0,0.012
0,0,0.006
0,0,0.018
0,0,0.0
0,0,0.024
0,0,0.018
0,0,0.0
0,0,0.128
0,0,0.012
0,0,0.0
1,1,1.0
0,0,0.008
0,0,0.0
0,0,0.0
0,0,0.004
1,1,1.0
0,0,0.02
0,0,0.006
0,0,0.006
1,1,1.0
0,0,0.0
0,0,0.004
1,1,1.0
0,0,0.032
1,1,1.0
0,0,0.0
0,0,0.024
0,0,0.0
1,1,0.93
0,0,0.0
1,1,1.0
0,0,0.012
0,0,0.024
0,0,0.024
0,0,0.15
1,1,0.69
0,0,0.0
0,0,0.022
0,0,0.006
0,0,0.002
0,0,0.016
1,1,1.0
1,0,0.302
1,0,0.36
0,0,0.00033458424103430343
0,0,0.008
0,0,0.046
0,0,0.0
1,1,1.0
0,0,0.002
0,0,0.014
1,0,0.158
0,0,0.0
0,0,0.042
1,1,1.0
0,0,0.044
0,0,0.054
1,1,0.682
0,0,0.0
0,0,0.004
0,0,0.062
0,0,0.2166766003812395
0,0,0.03
1,1,1.0
0,0,0.0
0,0,0.228
0,0,0.01
0,0,0.0
0,0,0.0
1,0,0.142
0,0,0.006
0,0,0.002
0,0,0.022
0,0,0.0
0,0,0.136
0,0,0.0
0,0,0.006
0,0,0.0
0,0,0.0
0,0,0.07
0,0,0.036
0,0,0.06
0,0,0.0
0,0,0.018
0,0,0.026
0,0,0.0
0,0,0.0
1,1,1.0
1,0,0.222
1,1,0.6529155318368083
0,0,0.016
1,1,1.0
0,0,0.0
0,0,0.0
0,0,0.0
0,0,0.086
0,0,0.0
0,0,0.0
0,0,0.0
0,0,0.0
0,0,0.094
0,0,0.094
0,0,0.022
0,0,0.0
0,0,0.0
0,0,0.012
0,0,0.03
0,0,0.0
0,0,0.0
0,0,0.01
0,0,0.016
0,0,0.034
0,0,0.02
0,0,0.014
0,0,0.052
0,0,0.004
1,1,1.0
1,1,1.0
0,0,0.0
0,0,0.0
0,0,0.03
0,0,0.0
0,0,0.002
0,0,0.018
0,0,0.01
0,0,0.004
0,0,0.082
0,0,0.02
0,0,0.008
0,0,0.0
1,1,1.0
0,0,0.164
0,0,0.056
0,0,0.038
0,0,0.48229296815332356
0,0,0.014
0,0,0.0
0,0,0.01
1,1,1.0
0,0,0.00029144030528192237
0,0,0.056
0,0,0.048
0,0,0.004
0,0,0.0
0,0,0.084
0,0,0.08
0,0,0.056
0,0,0.014
0,0,0.004
0,0,0.046
0,0,0.2196554345515204
0,0,0.0
0,0,0.0
0,0,0.004
0,0,0.052
0,0,0.07
0,0,0.0
0,0,0.066
0,0,0.002
0,0,0.066
1,1,1.0
0,0,0.0
1,1,1.0
0,0,0.0
0,0,0.0
0,0,0.026
0,0,0.06
0,0,0.022
0,0,0.0
0,0,0.01
0,0,0.0
0,0,0.0
0,0,0.002
0,0,0.0
0,0,0.026
0,0,0.032
0,0,0.008
0,0,0.01
0,0,0.032
0,0,0.034
0,0,0.0
0,0,0.026
0,0,0.032
0,0,0.01
0,0,0.0
0,0,0.0
0,0,0.0
0,0,0.0
0,0,0.0
0,0,0.006
0,0,0.012
0,0,0.046
0,0,0.106
0,0,0.16
0,0,0.082
0,0,0.0
0,0,0.06
0,0,0.028
0,0,0.016
0,0,0.006
0,0,0.024
1,1,1.0
0,0,0.01
0,0,0.002
0,0,0.01
0,0,0.0
0,0,0.16
0,0,0.004
0,0,0.066
0,0,0.028
0,0,0.102
0,0,0.12
0,0,0.0
0,0,0.004
0,0,0.2452546858729372
0,0,0.014
0,0,0.0
0,0,0.004
0,0,0.128
0,0,0.24511356780208643
0,0,0.042
0,0,0.006
0,0,0.04
0,0,0.06
0,0,0.024
0,0,0.004
0,0,0.0
0,0,0.050291440305281924
0,0,0.002
0,0,0.06986264528484636
0,0,0.012
0,0,0.032
0,0,0.0
0,0,0.0
0,0,0.028
0,0,0.008
0,0,0.0
0,0,0.058
0,0,0.008
0,0,0.0
1,1,0.76
0,0,0.27
0,0,0.0
0,0,0.008
0,0,0.282
0,0,0.028
0,0,0.0
0,0,0.018
1,1,1.0
0,0,0.076
0,0,0.11
0,0,0.136
0,0,0.0
0,0,0.0
0,0,0.0
0,0,0.0
0,0,0.01466581719012528
0,0,0.0
0,0,0.14
1,1,1.0
0,0,0.0
0,0,0.052
0,0,0.004
1,1,1.0
0,0,0.008
0,0,0.24
0,0,0.0
0,0,0.0
0,0,0.0
1,1,1.0
0,0,0.024
0,0,0.088
0,0,0.036
0,0,0.008
0,0,0.016
0,0,0.0
0,0,0.004
0,0,0.006
1,1,1.0
0,0,0.048
0,0,0.0
0,0,0.0
0,0,0.032
0,0,0.062
1,1,1.0
0,0,0.0
0,0,0.046
0,0,0.0
0,0,0.054
0,0,0.0
1,0,0.104
0,0,0.0
0,0,0.006
0,0,0.04229784130720536
0,0,0.0
0,0,0.046
1,1,1.0
0,0,0.002
0,0,0.106
0,0,0.022
0,0,0.0
0,0,0.026
1,1,1.0
0,0,0.002
0,0,0.058
0,0,0.0
0,0,0.13
0,0,0.0
0,0,0.112
0,0,0.03
0,0,0.004
0,0,0.02
0,0,0.122
0,0,0.184
0,0,0.014
0,0,0.0
1,1,1.0
0,0,0.026
0,0,0.04
0,0,0.078
0,0,0.024
0,1,0.8062295196755711
0,0,0.0
0,0,0.056
0,0,0.102
0,0,0.01
0,0,0.004
0,0,0.1
0,0,0.002
0,0,0.064
0,0,0.0
0,0,0.084
0,0,0.024
0,0,0.0
0,0,0.0
1,0,0.092
1,1,1.0
0,0,0.01
0,0,0.026
0,0,0.038
1,1,1.0
0,0,0.054
0,0,0.08
0,0,0.004
0,0,0.016
1,0,0.386
1,1,1.0
0,0,0.07
0,0,0.094
0,0,0.03
0,0,0.1
0,0,0.002
0,0,0.014
0,0,0.006
0,0,0.0
0,0,0.04782079388108927
1,1,0.53
0,0,0.022931438452675784
0,0,0.012
0,0,0.038
0,0,0.01
0,0,0.0
1,0,0.23
0,0,0.006
1,1,1.0
0,0,0.036
0,0,0.022
1,1,1.0
0,0,0.092
0,0,0.0
0,0,0.008
1,1,1.0
0,0,0.032
0,0,0.008
0,0,0.024
0,0,0.0
0,0,0.056
0,0,0.0
0,0,0.0
0,0,0.07
0,0,0.022
0,0,0.108
0,0,0.0
0,0,0.076
0,0,0.0
0,0,0.016
0,0,0.0
0,0,0.002
0,0,0.044
0,0,0.086
0,0,0.022
0,0,0.0
1,1,1.0
1,1,1.0
0,0,0.3961225209110702
1,1,0.518
0,0,0.0
0,0,0.0
0,0,0.058
0,0,0.002
0,0,0.0
0,0,0.03
0,0,0.002
0,0,0.034
0,0,0.0
0,0,0.0
0,0,0.02
0,0,0.0
1,0,0.278
0,0,0.058
1,1,1.0
0,0,0.014
0,0,0.054
0,0,0.012
0,0,0.01
0,0,0.056
0,0,0.036
0,0,0.0
0,0,0.014
0,0,0.0
1,1,1.0
0,0,0.028
0,0,0.004
0,0,0.0
0,0,0.016
1,1,1.0
0,0,0.028
0,1,0.5449705582765004
0,0,0.034
0,0,0.0
0,0,0.142
0,0,0.0
0,0,0.04
0,0,0.0
1,1,1.0
1,1,1.0
0,0,0.01
0,0,0.0
0,0,0.054
0,0,0.016
1,1,1.0
0,0,0.01
0,0,0.0
0,0,0.034
0,0,0.01
0,0,0.082
0,0,0.016
0,0,0.006
1,1,1.0
0,0,0.0
0,0,0.008
1,1,1.0
0,0,0.03
1,1,0.79
0,0,0.0
0,0,0.018
0,0,0.008
0,0,0.0
0,0,0.0
0,1,0.5490108744235837
0,0,0.122
0,0,0.034
1,1,1.0
0,0,0.004
0,0,0.014
0,0,0.024
0,0,0.02
0,0,0.002
0,0,0.0
0,0,0.118
0,0,0.008
0,0,0.0
1,1,0.918
0,0,0.204
0,0,0.032
1,1,1.0
0,0,0.24
0,0,0.0
0,0,0.014
0,0,0.0
0,0,0.066
0,0,0.026
1,1,0.55
1,1,1.0
1,1,0.982
0,0,0.0
0,0,0.0
0,0,0.00029144030528192237
0,0,0.002
0,0,0.008
0,0,0.038
0,0,0.0
0,0,0.0
0,0,0.042
1,1,1.0
0,0,0.03
0,0,0.034
0,0,0.026
0,0,0.198
0,0,0.002
0,0,0.014
0,0,0.0
0,0,0.0
0,0,0.0
0,0,0.0
0,0,0.008
0,0,0.0
0,0,0.026
1,1,1.0
0,0,0.148
1,1,0.926
0,0,0.018
0,0,0.0
0,0,0.006
0,0,0.06
0,0,0.0
0,0,0.0
0,0,0.048
0,0,0.004975959402488543
0,0,0.0
0,0,0.012
1,0,0.112
0,0,0.0
1,1,1.0
0,0,0.0
0,0,0.286
1,1,1.0
0,0,0.05207485748858948
0,0,0.002
0,0,0.0
0,0,0.002
0,0,0.002
0,0,0.006
0,0,0.08
0,0,0.0
0,0,0.068
0,0,0.0
0,0,0.016
0,0,0.0
0,0,0.3171359031616761
0,0,0.0
1,1,1.0
0,0,0.03
0,0,0.018
0,0,0.03
0,0,0.01
0,0,0.146
1,1,1.0
0,0,0.054
0,0,0.0
0,0,0.0
0,0,0.024
0,0,0.0
1,1,1.0
0,0,0.016
0,0,0.0
0,0,0.0
0,0,0.02
0,0,0.268
0,0,0.0
0,0,0.01
0,0,0.0
0,0,0.022
0,0,0.02
0,0,0.012
0,0,0.026
0,0,0.128
0,0,0.0
0,0,7.485748858948021e-05
0,0,0.0
1,1,1.0
0,0,0.012
0,0,0.03
1,1,0.544
0,0,0.0
1,0,0.236
0,0,0.062
0,0,0.0
0,0,0.0
0,0,0.018
0,0,0.01
1,1,1.0
0,0,0.044
0,0,0.0
0,0,0.042
0,0,0.0
1,1,0.948
0,0,0.012
0,0,0.004
0,0,0.038
0,0,0.0
1,1,0.988
0,0,0.0
0,0,0.014
0,0,0.016
1,1,0.954
0,0,0.0
0,0,0.006
0,0,0.002
0,0,0.076
0,0,0.0
0,0,0.018
0,0,0.006
0,0,0.088
0,0,0.122
0,0,0.0
0,0,0.014
0,0,0.046
0,0,0.018
0,0,0.002
0,1,0.7239380315315209
0,0,0.058
1,1,1.0
0,0,0.028
0,0,0.0
0,0,0.008
0,0,0.006
1,1,1.0
0,0,0.044
1,0,0.254
0,0,0.02
0,0,0.192
0,0,0.248
0,0,0.164
1,1,1.0
0,0,0.03
0,0,0.098
1,0,0.146
0,0,0.02
1,0,0.124
1,0,0.304
0,0,0.0
0,0,0.014
0,0,0.158
0,0,0.02
0,0,0.116
0,0,0.002
0,0,0.01
0,0,0.08394408325333885
0,0,0.186
0,0,0.002
0,0,0.046
0,0,0.0
0,0,0.09534825068494818
1,1,1.0
0,0,0.0
0,0,0.0
0,0,0.014
0,0,0.016
0,0,0.0
0,0,0.0
0,0,0.236
0,0,0.0
1,1,1.0
0,0,0.0
0,0,0.096
0,0,0.026
0,0,0.0
0,0,0.0
0,0,0.136
0,0,0.01
0,0,0.0
0,0,0.026
1,1,0.592
0,0,0.002
0,0,0.016
1,1,1.0
1,1,1.0
0,0,0.004
0,0,0.156
1,1,1.0
0,0,0.052
0,0,0.0
0,0,0.05
0,0,0.0
0,0,0.0
0,0,0.04
0,0,0.07
0,0,0.0
0,0,0.004
0,0,0.0
0,0,0.018
0,0,0.0
0,0,0.0
1,0,0.098
0,0,0.022
0,0,0.0
0,0,0.016
0,0,0.008
0,0,0.012
0,0,0.008
0,0,0.074
1,0,0.11628988281442369
0,0,0.032
0,0,0.048
0,0,0.0
1,0,0.194
0,0,0.148
1,1,1.0
0,0,0.0
0,0,0.022
0,0,0.034
0,0,0.002
0,0,0.0
0,0,0.004
0,0,0.024
0,0,0.054
1,1,1.0
0,0,0.20237949586584372
0,0,0.072
0,0,0.002
0,0,0.0
0,0,0.0
0,0,0.02
0,0,0.026
0,0,0.028
0,0,0.03
0,0,0.032
0,0,0.04
0,0,0.018
0,0,0.014
0,0,0.048
0,0,0.0
0,0,0.016
0,0,0.028
0,0,0.0
0,0,0.0
0,0,0.0
0,0,0.002
0,0,0.026
0,0,0.004
0,0,0.076
0,0,0.134
0,0,0.004
0,0,0.008
0,0,0.0
1,0,0.248
0,0,0.014
0,0,0.016
0,0,0.004
0,0,0.068
0,0,0.0
0,0,0.0
0,0,0.016
1,1,1.0
0,0,0.074
0,0,0.026
0,0,0.004
0,0,0.0
0,0,0.032
0,0,0.01
0,0,0.0
0,0,0.066
0,0,0.092
0,0,0.008
0,0,0.002
0,0,0.008
0,0,0.0
1,1,1.0
0,0,0.04
1,0,0.06
0,0,0.038
1,1,1.0
0,0,0.036
1,1,1.0
0,0,0.14
0,0,0.004
0,0,0.008
0,0,0.008
0,0,0.0
0,0,0.008
0,0,0.0
0,0,0.0
0,0,0.058
0,0,0.0
0,0,0.21
1,1,1.0
0,0,0.034
0,0,0.018
0,0,0.0
0,0,0.0
0,0,0.124
0,0,0.0
0,0,0.018
0,0,0.0
0,0,0.0
1,1,1.0
0,0,0.098
0,0,0.0
0,0,0.1
0,0,0.0
1,1,1.0
0,0,0.0
1,1,1.0
0,0,0.05
0,0,0.008
0,0,0.014
0,0,0.014
0,0,0.0
0,0,0.078
1,1,1.0
0,0,0.02
0,0,0.002
0,0,0.08
1,1,1.0
1,1,1.0
1,1,1.0
0,0,0.0
0,0,0.056
0,0,0.016
0,0,0.07
0,0,0.014
1,1,1.0
1,0,0.038
0,0,0.006
0,0,0.028
0,0,0.0
0,0,0.006
1,1,1.0
0,0,0.0
0,0,0.026
0,0,0.01
0,0,0.002
0,0,0.0
1,1,1.0
0,0,0.026
0,0,0.0
0,0,0.0
0,0,0.06
0,0,0.022
0,0,0.016
0,0,0.056
0,0,0.05
0,0,0.024
0,0,0.07
0,0,0.0
0,0,0.0
0,0,0.11
0,0,0.006
0,0,0.004
0,0,0.0
1,0,0.444
1,1,1.0
0,0,0.006
0,0,0.0
0,0,0.0
0,0,0.006
0,0,0.004
0,0,0.01
0,0,0.052
0,0,0.09
0,0,0.01
1,1,0.974
0,0,0.03
0,0,0.012
0,0,0.08
0,0,0.0
0,0,0.144
0,0,0.02
0,0,0.006
0,0,0.0
0,0,0.004
0,0,0.032
0,0,0.092
0,0,0.01
0,0,0.056
0,0,0.002
0,0,0.012
0,0,0.0
0,0,0.07
0,0,0.014
0,0,0.0
0,0,0.02
0,0,0.008
0,0,0.0
0,0,0.0
0,0,0.0
0,0,0.0
0,0,0.038
0,0,0.0
0,0,0.064
1,1,0.868
0,0,0.042
0,0,0.0
0,0,0.0
0,0,0.0
0,0,0.0
0,0,0.0
0,0,0.07
0,0,0.006
0,0,0.022
0,0,0.07
0,0,0.042
0,0,0.018
0,0,0.036
0,0,0.0
0,0,0.002
0,0,0.0
0,0,0.03
0,0,0.0
0,0,0.116
0,0,0.016
0,0,0.098
0,0,0.006
0,0,0.078
0,0,0.0
0,0,0.0
1,1,1.0
1,1,1.0
0,0,0.0
0,0,0.018
0,0,0.06
0,0,0.024
0,0,0.0
0,0,0.002
0,0,0.014
0,0,0.002
1,1,1.0
0,0,0.01
0,0,0.13
0,0,0.054
0,0,0.046
0,0,0.0
0,0,0.004
0,0,0.0
0,0,0.1
0,0,0.052
0,0,0.0
0,0,0.206
0,0,0.022
0,0,0.0
1,1,1.0
0,0,0.012
0,0,0.006
0,0,0.062
0,0,0.002
0,0,0.032
1,1,1.0
1,1,1.0
0,0,0.066
0,0,0.0
1,1,1.0
1,1,1.0
0,0,0.006
0,0,0.0
0,0,0.012
1,1,1.0
0,0,0.008
0,0,0.0
0,0,0.016
0,0,0.014
0,0,0.014
0,0,0.038
0,0,0.02
1,1,1.0
0,0,0.002
1,1,1.0
0,0,0.006
0,0,0.0
0,0,0.008
0,0,0.052
0,0,0.022
1,1,1.0
0,0,0.0
0,0,0.01
0,0,0.082
0,0,0.028
1,1,1.0
0,0,0.046
0,0,0.076
0,0,0.00807485748858948
0,0,0.034
0,0,0.02
1,1,1.0
0,0,0.016
0,0,0.018
0,0,0.042
0,0,0.026
1,0,0.014
0,0,0.48229296815332356
0,0,0.0
0,0,0.15
0,0,0.00033458424103430343
0,0,0.322
0,0,0.002
0,0,0.008
0,0,0.0
0,0,0.092
0,0,0.046
0,0,0.02
1,1,1.0
1,1,1.0
0,0,0.144
0,0,0.036
0,0,0.014
0,0,0.052
1,1,1.0
0,0,0.064
0,0,0.052
0,0,0.054
0,0,0.042
1,1,1.0
1,1,1.0
0,0,0.0
0,0,0.0
0,0,0.0
0,0,0.0
0,0,0.008
0,0,0.034
0,0,0.02801842611671463
1,1,1.0
0,0,0.0
0,0,0.028
0,0,0.002
0,0,0.042
0,0,0.006
0,0,0.024
1,0,0.426
1,1,0.61
0,0,0.0
0,0,0.028
0,0,0.066
0,0,0.0
0,0,0.04
1,1,1.0
0,0,0.0
1,1,0.75
1,1,1.0
0,0,0.0
0,0,0.068
0,0,0.028
0,0,0.018
0,0,0.0
0,0,0.028
0,0,0.012
0,0,0.018
0,0,0.0
1,1,1.0
1,1,0.516
0,0,0.042
0,0,0.012
0,0,0.002
0,0,0.022
0,0,0.031721157981943346
0,0,0.008
0,0,0.002
0,0,0.31274826075121276
0,0,0.002
0,0,0.0
0,0,0.122
0,0,0.004
0,0,0.0
0,0,0.012
0,0,0.006
0,0,0.05
0,0,0.0
0,0,0.0
0,0,0.0
1,1,1.0
0,0,0.036
0,0,0.088
0,0,0.0
0,0,0.0
0,0,0.006
0,0,0.106
0,0,0.0
1,1,1.0
0,0,0.008
0,0,0.0
0,0,0.0
0,0,0.02
0,0,0.044
1,1,0.982
0,0,0.0
0,0,0.016
0,0,0.048
0,0,0.0
0,0,0.026
0,0,0.088
0,0,0.028
0,0,0.006
0,0,0.096
0,0,0.03
1,1,1.0
0,0,0.002
0,0,0.012
0,0,0.002
0,0,0.0
0,0,0.042
0,0,0.0
1,1,1.0
0,0,0.008
0,0,0.0
0,0,0.022
1,1,1.0
0,0,0.014
0,0,0.012
1,0,0.49
0,0,0.198
0,0,0.004
0,0,0.03
0,0,0.1621803482380266
0,0,0.09
0,0,0.018
1,1,0.912
0,0,0.286
0,0,0.0
0,0,0.012
0,0,0.008
0,0,0.016
0,0,0.072
1,1,1.0
0,0,0.024
0,0,0.0
0,0,0.054
0,0,0.01
1,1,1.0
1,1,1.0
1,1,1.0
1,1,1.0
0,0,0.0
0,0,0.0
0,0,0.062
0,0,0.0
1,0,0.44
0,0,0.252
0,0,0.012
0,0,0.014
0,0,0.128
0,0,0.046
0,0,0.016
0,0,0.2166766003812395
0,0,0.034
0,0,0.006
0,0,0.0
0,0,0.034
0,0,0.008
1,1,0.972
0,0,0.028
0,0,0.12
0,0,0.0
1,1,0.998
0,0,0.062
0,0,0.0
0,0,0.0
0,0,0.028
0,0,0.002
1,1,1.0
0,0,0.194
0,1,0.5356484619788965
0,0,0.036
0,0,0.0
0,0,0.0
0,0,0.014
0,0,0.028
0,0,0.01
0,0,0.0
0,0,0.012
0,0,0.0
0,0,0.0
0,0,0.074
0,0,0.0
0,0,0.146
0,0,0.05
0,0,0.018
1,1,1.0
1,0,0.49
0,0,0.11
1,1,0.55
0,0,0.036
0,0,0.10209156997121953
0,0,0.004
0,0,0.146
0,0,0.0
0,0,0.0
0,0,0.118
0,0,0.0
0,0,0.0
0,0,0.006
1,1,1.0
0,0,0.0
0,0,0.02
0,0,0.0
0,0,0.0
0,0,0.018
0,0,0.0
0,0,0.048
0,0,0.014
0,0,0.022
0,0,0.024
0,0,0.01
0,0,0.0
1,1,1.0
0,0,0.0
1,1,0.584
0,0,0.014
0,0,0.0
0,0,0.064
0,0,0.0
1,1,1.0
0,0,0.002
0,0,0.092
0,0,0.41952507383487736
1,0,0.054
0,0,0.0
0,0,0.0
0,0,0.008
0,0,0.084
0,0,0.05
0,0,0.0
1,1,1.0
0,0,0.092
0,0,0.0
0,0,0.072
0,0,0.044
0,0,0.054
1,1,0.95
0,0,0.0
0,0,0.022
0,0,0.018
0,0,0.064
0,0,0.094
0,0,0.012
0,0,0.0
0,0,0.016
0,0,0.006
0,0,0.0
0,0,0.01
0,0,0.0
0,0,0.0
0,0,0.026
0,0,0.0
0,0,0.0
1,1,1.0
0,0,0.076
0,0,0.0
0,0,0.076
0,0,0.06
0,0,0.078
0,1,0.5449705582765004
0,0,0.016
0,0,0.004
0,0,0.0
0,0,0.0
0,0,0.024
0,0,0.034
0,0,0.004
1,1,1.0
1,1,0.988
0,0,0.02
0,0,0.034
0,0,0.02
0,0,0.006
0,0,0.028
0,0,0.018
0,0,0.0
0,0,0.0
0,0,0.0
0,0,0.0
0,0,0.164
0,0,0.044
0,0,0.094
1,0,0.05
0,0,0.042
0,0,0.0
0,0,0.0
0,0,0.006
0,0,0.022
0,0,0.002
0,0,0.04
0,0,0.036
0,0,0.022
0,0,0.0
0,0,0.012
0,0,0.042
0,0,0.018
0,0,0.126
0,0,0.004
1,1,1.0
0,0,0.0
0,0,0.0
0,0,0.006
0,0,0.032
1,1,1.0
0,0,0.042
0,0,0.04
0,0,0.024
0,0,0.004
0,0,0.082
0,0,0.002
0,0,0.016
0,0,0.46661185796712545
0,0,0.07
0,0,0.162
0,0,0.01
0,0,0.044
0,0,0.016
0,0,0.002
0,0,0.182
0,0,0.0
0,0,0.0
0,0,0.0
0,0,0.05248379010486181
0,0,0.008
0,0,0.002
0,0,0.028
0,0,0.0
0,0,0.002
0,0,0.008
0,0,0.0
0,0,0.002
0,0,0.0
0,0,0.0
0,0,0.002
0,0,0.112
1,1,1.0
0,0,0.1
0,0,0.0
0,0,0.0
0,0,0.0
0,0,0.014
0,0,0.0
0,0,0.038
0,0,0.004
0,0,0.046
0,0,0.172
0,0,0.05
1,0,0.078
1,1,1.0
1,1,1.0
0,0,0.104
0,0,0.018
0,0,0.012
0,0,0.14
0,0,0.0
1,1,1.0
0,0,0.002
1,1,1.0
0,0,0.0
1,1,1.0
0,0,0.0
0,0,0.08850572904485073
1,1,1.0
1,1,1.0
0,0,0.0
0,0,0.0
0,0,0.038
1,1,1.0
0,0,0.09696971787766312
0,0,0.014
0,0,0.0
0,0,0.012
1,0,0.286
0,0,0.0
0,0,0.0
0,0,0.03
0,0,0.158
0,0,0.07
0,0,0.068
0,0,0.108
0,0,0.00029144030528192237
0,0,0.0
0,0,0.006
0,0,0.008
0,0,0.01
0,0,0.136
1,1,1.0
0,0,0.0
0,0,0.046
0,0,0.012
1,1,1.0
0,0,0.0
0,0,0.076
0,0,0.054
0,0,0.084
0,0,0.01
0,0,0.014
1,0,0.132
1,1,1.0
1,1,1.0
0,0,0.002
0,0,0.0
0,0,0.012
0,0,0.022
0,0,0.072
0,0,0.0
0,0,0.108
0,0,0.04
0,0,0.002
0,0,0.0
0,0,0.098
1,1,1.0
0,0,0.0
0,0,0.1909181231689616
1,1,1.0
0,0,0.0
0,0,0.0
0,0,0.006
0,0,0.048
0,0,0.002
0,1,0.6758634161141526
0,0,0.01
0,0,0.004
0,0,0.006
0,0,0.0
1,1,0.522
0,0,0.056
0,0,0.08580870926957056
0,0,0.0
0,0,0.016291440305281926
0,0,0.0
0,0,0.006
0,0,0.002
0,0,0.146
0,0,0.014
0,0,0.0
1,1,1.0
0,0,0.014
0,0,0.008
0,0,0.008
1,1,0.578
1,1,1.0
0,0,0.022
0,0,0.0
1,1,1.0
0,0,0.0
0,0,0.012
1,1,1.0
1,1,1.0
1,0,0.202
0,0,0.044
0,0,0.084
1,1,0.572
0,0,0.0
0,0,0.0
0,0,0.0
0,0,0.002
0,0,0.076
0,0,0.038
0,0,0.01
0,0,0.014
0,0,0.026
0,0,0.018
0,0,0.032
0,1,0.6149246662109149
0,0,0.0
0,0,0.01
0,0,0.0
0,0,0.034
0,0,0.024
1,1,0.832
0,0,0.032
0,0,0.0
0,0,0.032
0,0,0.038
0,0,0.0
0,0,0.122
0,0,0.0
0,0,0.012
0,0,0.0
0,0,0.01
1,0,0.012
0,0,0.012
0,0,0.002
0,0,0.084
0,0,0.06229144030528192
0,0,0.0
0,0,0.056
0,0,0.024
0,0,0.0
0,0,0.032
0,0,0.004
0,0,0.012
0,0,0.124
0,0,0.0
0,0,0.0
0,0,0.03
0,0,0.124
0,0,0.104
0,0,0.026
1,1,1.0
0,0,0.0
0,0,0.0
0,0,0.058
0,0,0.0
0,0,0.0
0,0,0.052
0,0,0.086
0,0,0.078
0,0,0.0
0,0,0.03
0,0,0.0
0,0,0.0
1,1,1.0
0,0,0.002
1,1,0.822
0,0,0.102
1,1,1.0
0,0,0.0
0,0,0.038
0,0,0.018
0,0,0.028
0,0,0.004
0,0,0.132
0,0,0.082
0,0,0.01
0,0,0.014
0,0,0.0
1,1,0.522
0,0,0.004
1,1,1.0
0,0,0.004
0,0,0.002
0,0,0.0
0,0,0.148
0,0,0.014
0,0,0.0
0,0,0.008
0,0,0.002
1,1,1.0
0,0,0.0
0,0,0.028
1,1,1.0
0,0,0.038
0,0,0.0
0,0,0.204
0,0,0.0
0,0,0.0
0,0,0.0
0,0,0.31274826075121276
0,0,0.042
0,0,0.0
0,0,0.0
0,0,0.02
1,1,1.0
0,0,0.0
0,0,0.012
1,1,1.0
1,1,0.682
0,0,0.012
0,0,0.3333354463375841
0,0,0.0
0,0,0.03
0,0,0.004
0,0,0.0
0,0,0.0
0,0,0.002
0,0,0.0
0,0,0.0
0,0,0.004
0,0,0.0
1,1,0.842
0,0,0.026
0,0,0.038
0,0,0.002
0,0,0.0
0,0,0.0
0,0,0.0
0,0,0.012
0,0,0.018
0,0,0.002
0,0,0.058
0,0,0.002
0,0,0.0
0,0,0.03
0,0,0.016
0,0,0.036
0,0,0.026
0,0,0.0
0,0,0.0
0,0,0.078
0,0,0.002
0,0,0.0
0,0,0.032
0,0,0.022
0,0,0.012
0,0,0.0
0,0,0.018
0,0,0.068
0,0,0.0
1,1,1.0
1,1,1.0
0,0,0.018
0,0,0.0
0,0,0.008
0,0,0.066
1,1,1.0
0,0,0.004
0,0,0.022
0,0,0.002
0,0,0.0
0,0,0.004
0,0,0.004
1,1,1.0
0,0,0.032
0,0,0.0020748574885894803
0,0,0.002
0,0,0.026
0,0,0.0
0,0,0.028
0,0,0.072
0,0,0.0
0,0,0.004
1,1,1.0
0,0,0.038
0,0,0.004
0,0,0.01
1,1,1.0
0,0,0.1
0,0,0.048
0,0,0.012
1,1,1.0
0,0,0.0
0,0,0.086
1,1,1.0
0,0,0.018
0,0,0.038
0,0,0.032
1,1,0.998
0,0,0.012
1,1,1.0
0,0,0.0
0,0,0.0
0,0,0.066
1,1,0.8
0,0,0.006
0,0,0.012
0,0,0.0
0,0,0.032
0,0,0.114
0,0,0.0
0,0,0.022
0,0,0.0
0,0,0.084
0,0,0.0005809401669517497
0,0,0.032
1,1,1.0
0,0,0.024
0,0,0.132
0,0,0.018
1,1,1.0
0,0,0.0
0,0,0.0
0,0,0.068
0,0,0.0
1,0,0.13
0,0,0.02
0,0,0.002
1,1,1.0
0,0,0.034
0,0,0.002
0,0,0.052
0,0,0.084
0,0,0.038
0,0,0.0
0,0,0.008
0,0,0.016
0,0,0.012
1,1,1.0
0,0,0.05
0,0,0.074
1,1,1.0
1,1,0.554
1,0,0.388
0,0,0.0
1,1,1.0
0,0,0.008
1,0,0.242
1,1,1.0
0,0,0.0
0,0,0.044
1,0,0.498
0,0,0.0
1,0,0.04
0,0,0.0
0,0,0.004
0,0,0.008
1,1,1.0
0,0,0.012
0,0,0.0
0,0,0.0
0,0,0.01
0,0,0.078
0,0,0.028
0,0,0.144
0,0,0.052
0,0,0.112
0,0,0.016
0,0,0.012
0,0,0.0
0,0,0.082
1,0,0.232
1,1,1.0
0,0,0.0
0,0,0.032
0,0,0.0
0,0,0.048
0,0,0.0
1,1,1.0
1,1,1.0
0,0,0.002
0,0,0.116
0,0,0.0
1,0,0.078
0,0,0.008
0,0,0.0
0,0,0.036
1,1,1.0
0,0,0.0
0,0,0.018
0,0,0.0
1,1,1.0
0,0,0.008
1,1,1.0
0,0,0.0
1,0,0.33
0,0,0.0
0,0,0.082
0,0,0.094
1,0,0.064
0,0,0.114
0,0,0.0
0,0,0.024
1,1,1.0
0,0,0.068
0,0,0.016
0,0,0.0
0,0,0.015935971904167134
0,0,0.0
0,0,0.002
0,0,0.16911240413489542
0,0,0.01
0,0,0.132
0,0,0.04
1,1,0.988
0,0,0.0
0,0,0.046
0,0,0.03
0,0,0.0
0,0,0.002
0,0,0.036
0,0,0.004
0,0,0.0
0,0,0.0
0,0,0.028
0,0,0.072
0,0,0.278
0,0,0.0
0,0,0.014
0,0,0.006
0,0,0.09
0,0,0.0
0,0,0.026
0,0,0.012
0,0,0.004
0,0,0.012
0,0,0.022
0,0,0.002
0,0,0.054
0,0,0.032
0,0,0.016
0,0,0.21
0,0,0.014
0,0,0.006
0,0,0.008
0,0,0.014
0,0,0.02
0,0,0.014
0,0,0.062
0,0,0.0
0,0,0.028
0,0,0.054
1,0,0.1629528351670201
0,0,0.018
0,0,0.0
0,0,0.0
0,0,0.028
0,0,0.03
0,0,0.004
0,0,0.002
0,0,0.01
0,0,0.022
0,0,0.02
0,0,0.016
0,0,0.01
0,0,0.0
0,0,0.006
0,0,0.028
1,1,1.0
0,0,0.074
0,0,0.0
0,0,0.0
0,0,0.0
0,0,0.11
0,0,0.022
0,0,0.0
0,0,0.0
0,0,0.0
0,0,0.032
0,0,0.006
1,1,1.0
0,0,0.018
0,0,0.0
0,0,0.16911240413489542
0,0,0.058
0,0,0.0
0,0,0.032
0,0,0.008
1,1,1.0
1,1,1.0
0,0,0.068
0,0,0.06
0,0,0.3171359031616761
0,0,0.038
0,0,0.014
0,0,0.0
0,0,0.032
0,0,0.038
0,0,0.0
1,1,1.0
0,0,0.006
1,1,1.0
1,0,0.07
1,1,1.0
0,0,0.0
1,1,1.0
0,0,0.002
0,0,0.0
0,0,0.076
0,0,0.0
0,0,0.108
0,0,0.042
0,0,0.036
0,0,0.0
1,1,1.0
0,0,0.002
0,0,0.0
0,0,0.008
0,0,0.278
0,0,0.0
0,0,0.0
0,0,0.0
1,1,1.0
1,1,1.0
1,1,1.0
0,0,0.0
0,0,0.0
0,0,0.0
0,0,0.064
1,1,1.0
0,0,0.012
0,0,0.052
0,0,0.012
0,0,0.044
0,0,0.0
0,0,0.022
0,0,0.01
0,0,0.0
0,0,0.022
0,0,0.0
0,0,0.01
0,0,0.0
1,1,0.67
0,0,0.07
1,1,1.0
1,1,1.0
0,0,0.0
1,0,0.166
0,0,0.0
0,0,0.0
0,0,0.048
0,0,0.0
0,0,0.046
0,0,0.0
0,0,0.01
1,0,0.032
0,0,0.0
0,0,0.038
0,0,0.136
0,0,0.01
0,0,0.016
1,0,0.162
0,0,0.0
0,0,0.0
0,0,0.004
0,0,0.04
0,0,0.016
0,0,0.002
0,0,0.02
0,0,0.0
1,1,0.968
1,1,1.0
0,0,0.014
0,0,0.0
1,1,1.0
1,1,1.0
0,0,0.012
0,0,0.0
0,0,0.006
0,0,0.0
0,0,0.0
0,0,0.0
0,0,0.084
0,0,0.076
0,0,0.018
0,1,0.6850154632342742
0,0,0.014
0,0,0.008
1,1,1.0
0,0,0.002
0,0,0.016
0,0,0.002
0,0,0.00029144030528192237
0,0,0.05639558557979441
0,0,0.0
1,1,1.0
1,1,1.0
0,0,0.006
0,0,0.012
0,0,0.0
0,0,0.012
1,1,1.0
0,0,0.0
0,0,0.018
0,0,0.028
1,1,0.73
0,0,0.0
0,0,0.14029144030528193
0,0,0.0
0,0,0.0
0,0,0.014
0,0,0.036
1,1,1.0
0,0,0.0
0,0,0.0
1,1,1.0
0,0,0.0
0,0,0.018
0,0,0.0
0,0,0.034
0,0,0.01
0,0,0.006
1,0,0.198
0,0,0.0
1,0,0.44
0,0,0.004
0,0,0.0020748574885894803
0,0,0.022
1,1,1.0
0,0,0.006
0,0,0.022
0,0,0.012
1,1,1.0
0,0,0.006
0,0,0.018
0,0,0.0
0,0,0.108
0,0,0.024
0,0,0.03
0,0,0.0
0,0,0.05
0,0,0.078
0,0,0.006
0,0,0.0
0,0,0.0
0,0,0.0
1,1,1.0
0,0,0.0
0,0,0.066
0,0,0.0
0,0,0.0
0,0,0.0
0,0,0.008
0,0,0.0
0,0,0.0
0,0,0.002
0,1,0.6230437234494137
0,0,0.076
0,0,0.0
0,0,0.034
0,1,0.776031701832472
0,0,0.074
0,0,0.0
0,0,0.0
0,0,0.194
0,0,0.0
0,0,0.008
1,1,1.0
0,0,0.0
0,0,0.102
1,0,0.11675210847681748
0,0,0.0
0,0,0.0
0,0,0.0
0,0,0.004
0,0,0.0
0,0,0.008
0,0,0.214
0,0,0.1648545231435933
0,0,0.034
0,0,0.004
0,0,0.006
0,0,0.0
0,0,0.026
0,0,0.014
0,0,0.06
1,1,1.0
0,0,0.02
0,0,0.0
0,0,0.0
0,0,0.0
0,0,0.0
0,0,0.044
0,0,0.078
0,0,0.016
0,0,0.038
0,0,0.158
1,0,0.362
0,0,0.11574749072228926
0,0,0.028
0,0,0.212
0,0,0.036
0,0,0.0
0,0,0.026
1,1,1.0
0,0,0.028
0,0,0.002
0,0,0.0
1,1,1.0
0,0,0.024
0,0,0.208
0,0,0.0
1,1,1.0
0,0,0.108
0,0,0.076
0,0,0.048
0,0,0.032
0,0,0.062
0,0,0.066
0,0,0.0
1,1,1.0
0,0,0.0
0,0,0.048
0,0,0.268
0,0,0.0
1,0,0.082
1,1,1.0
0,0,0.002
0,0,0.0
0,0,0.014
1,0,0.05
0,0,0.054
0,0,0.04
0,0,0.028
0,0,0.136
0,0,0.004
0,0,0.034
0,0,0.0
0,0,0.016
1,0,0.158
0,0,0.0
0,0,0.14
0,0,0.0
0,0,0.022
1,1,1.0
0,0,0.0
0,0,0.116
0,0,0.022
0,0,0.25351454419610286
0,0,0.018
0,0,0.0
1,1,1.0
0,0,0.056
0,0,0.0
0,0,0.008
0,0,0.008
0,0,0.014
0,0,0.0
0,0,0.0
0,0,0.012
0,0,0.26125348720200736
0,0,0.04
0,0,0.018
0,0,0.0
0,0,0.076
0,0,0.04
0,0,0.002
0,0,0.04
0,0,0.0
0,0,0.09433628762029701
0,0,0.026
1,0,0.364
0,0,0.204
1,1,1.0
0,0,0.09
0,0,0.0
1,1,1.0
0,0,0.004
0,0,0.38483470572984957
0,0,0.016
0,0,0.022
0,0,0.04
0,0,0.0
0,0,0.006
1,0,0.252
0,0,0.016
0,0,0.064
0,0,0.012
0,0,0.0
0,0,0.034
1,1,1.0
0,0,0.02
0,0,0.0
1,1,0.9892877776879432
0,0,0.16
0,0,0.0
0,0,0.026
0,0,0.002
0,0,0.006
0,0,0.034
0,0,0.0
0,0,0.0
1,1,1.0
0,0,0.06
1,1,1.0
0,0,0.002
0,0,0.0
0,0,0.0
0,0,0.0
0,0,0.0
0,0,0.0
1,1,1.0
0,0,0.006
0,0,0.058
0,0,0.026
0,0,0.0
0,0,0.0
0,0,0.03
0,0,0.0
0,0,0.0
1,1,0.868
0,0,0.002
1,1,1.0
0,0,0.01
0,0,0.022
0,0,0.044
0,0,0.0
1,0,0.026
1,1,1.0
0,0,0.004
0,0,0.0
0,0,0.0
0,0,0.0
0,0,0.008
0,0,0.004
0,0,0.0
0,0,0.0
0,0,0.052
0,0,0.08
1,1,1.0
0,0,0.0
0,0,0.236
0,0,0.006
0,0,0.0
0,0,0.006
1,1,1.0
0,0,0.004
0,0,0.086
0,0,0.0
0,0,0.178
0,0,0.056
0,0,0.042
0,0,0.0
0,0,0.0
0,0,0.0
0,0,0.004
0,0,0.0
0,0,0.052
0,0,0.0
1,1,1.0
0,0,0.014
0,0,0.012
1,1,1.0
0,0,0.01
0,0,0.016
0,0,0.0
0,0,0.01
0,0,0.154
0,0,0.0
0,0,0.032
1,1,1.0
0,0,0.026
0,0,0.026
0,0,0.078
0,0,0.044
0,0,0.102
1,0,0.292
0,0,0.0
1,1,1.0
0,0,0.002
0,0,0.0
0,0,0.032
1,1,1.0
0,0,0.026
0,0,0.018
0,0,0.016
0,0,0.006
0,0,0.0
0,0,0.014
0,0,0.044
0,0,0.0
0,0,0.104
0,0,0.002
1,1,1.0
0,1,0.776031701832472
0,0,0.15
0,0,0.086
0,0,0.0
0,0,0.0
1,0,0.118
0,0,0.0
0,0,0.0
0,0,0.132
0,0,0.0
0,0,0.00407485748858948
1,0,0.236
1,1,0.8062295196755711
0,0,0.058
0,0,0.002
0,0,0.0
0,0,0.024
0,0,0.07
1,1,1.0
1,1,1.0
1,1,0.64
1,1,0.998
0,0,0.01
0,0,0.108
0,0,0.0
0,0,0.048
0,0,0.062
0,0,0.0
0,0,0.0
0,0,0.0
0,0,0.008
0,0,0.018
0,0,0.02
0,0,0.0
0,0,0.08
1,1,1.0
0,0,0.0
0,0,0.022
0,0,0.086
0,0,0.03
0,0,0.006
0,0,0.03
0,0,0.074
0,0,0.006
0,0,0.024
0,0,0.0
0,0,0.042
0,0,0.076
0,0,0.0
0,0,0.028
0,0,0.10842670423565082
0,0,0.0
0,0,0.0
1,1,1.0
0,0,0.0
0,0,0.0
0,0,0.0
0,0,0.00029144030528192237
0,0,0.004
0,0,0.0
1,1,1.0
0,0,0.0
0,0,0.06
0,0,0.0
0,0,0.0
0,0,0.006
0,0,0.034
1,1,0.994
0,0,0.054
0,0,0.048
0,0,0.0
0,0,0.032
0,0,0.018
0,0,0.3333354463375841
0,0,0.058
0,0,0.0
0,0,0.0
0,0,0.3659477836092714
0,0,0.0
1,1,1.0
0,0,0.02
0,0,0.0
0,0,0.0
0,0,0.01
1,1,1.0
0,0,0.0
0,0,0.09
0,0,0.016
0,0,0.02
1,1,1.0
0,0,0.008
1,1,1.0
1,1,1.0
0,0,0.068
0,0,0.09696971787766312
0,0,0.062
0,0,0.0
0,0,0.0
0,0,0.0
0,0,0.002
0,0,0.014
0,0,0.028
1,1,1.0
0,0,0.0
0,0,0.014
0,0,0.004
0,0,0.0
0,0,0.0
0,0,0.004
1,1,1.0
1,1,1.0
0,0,0.0
0,0,0.026
1,1,1.0
0,0,0.01
0,0,0.026
0,0,0.054
0,0,0.136
0,0,0.06
0,0,0.106
0,0,0.048
0,0,0.0
0,0,0.04
0,0,0.034
0,0,0.0
1,1,1.0
0,0,0.008
0,0,0.032
0,0,0.014
0,0,0.004
0,0,0.0
0,0,0.0
0,0,0.038
0,0,0.002
0,0,0.112
0,0,0.006
0,0,0.04
1,1,1.0
0,0,0.028
1,0,0.108
0,0,0.05
0,0,0.118
0,0,0.05
0,0,0.0
0,0,0.032
0,0,0.0
1,1,1.0
1,1,0.952
0,0,0.104
0,0,0.16
0,0,0.012
0,0,0.0
0,0,0.044
1,0,0.294
1,1,1.0
0,0,0.48229296815332356
0,0,0.078
0,0,0.03
0,0,0.022
1,1,0.932
0,0,0.002
0,0,0.0
1,1,1.0
1,1,1.0
0,0,0.234
0,0,0.0
0,0,0.028
0,0,0.024
0,0,0.007002248259024314
0,0,0.048
1,0,0.416
0,0,0.0
0,0,0.018
0,0,0.002
0,0,0.004
0,0,0.0
0,0,0.06
0,0,0.0
0,0,0.032
1,1,1.0
0,0,0.0
0,0,0.036
0,0,0.0
0,0,0.006
0,0,0.0
0,0,0.006
0,0,0.0
1,0,0.3659477836092714
0,0,0.034
1,1,1.0
1,0,0.144
0,0,0.002
0,0,0.012
0,0,0.034
0,0,0.044
0,0,0.004
1,1,0.762
0,0,0.034
0,0,0.0
0,0,0.116
0,0,0.0
0,0,0.068
1,1,1.0
0,0,0.046
0,0,0.0
0,0,0.008
0,0,0.002
0,0,0.0
0,0,0.032
1,1,1.0
0,0,0.026
0,0,0.038
1,1,1.0
1,1,1.0
0,0,0.046
0,0,0.022
1,1,0.918
0,0,0.0
0,0,0.0
0,0,0.216
0,0,0.032
1,0,0.148
0,0,0.022
0,0,0.0
0,0,0.0
0,0,0.014
0,0,0.0
1,1,1.0
0,0,0.034
0,0,0.024
0,0,0.014
0,0,0.004
1,1,1.0
0,0,0.092
0,0,0.0
0,0,0.01
1,1,1.0
0,0,0.036
1,1,1.0
0,0,0.016
0,0,0.24
0,0,0.0
1,1,1.0
0,1,0.6230437234494137
0,0,0.0
0,0,0.004
0,0,0.43708214209224233
1,1,0.686
0,0,0.036
0,0,0.14
0,0,0.082
0,0,0.024
0,0,0.116
0,0,0.0
0,0,0.0
0,0,0.0
0,0,0.018
0,0,0.14
0,0,0.01
0,0,0.022
0,0,0.086
1,1,1.0
1,1,1.0
0,0,0.09
0,0,0.006
0,0,0.054
0,0,0.0
0,0,0.022
0,0,0.026
1,1,1.0
0,0,0.024
0,0,0.09
0,0,0.006
0,0,0.0
0,0,0.018
0,0,0.01
1,0,0.282
1,0,0.038
1,1,1.0
0,0,0.002
0,0,0.002
0,0,0.0
0,0,0.002
0,0,0.094
0,0,0.034
0,0,0.012
0,0,0.074
0,0,0.012
0,0,0.0
0,0,0.046
0,0,0.0
0,0,0.0
1,1,1.0
1,1,1.0
0,0,0.036
0,0,0.028
0,0,0.004
0,0,0.02607485748858948
0,0,0.0
1,1,1.0
0,0,0.068
0,0,0.0
0,0,0.0
0,0,0.0
0,0,0.0
1,0,0.372
0,0,0.132
0,0,0.0
1,1,1.0
0,0,0.008
0,0,0.0
1,0,0.276
0,0,0.012
1,1,0.69
0,0,0.186
0,0,0.002
0,0,0.088
0,0,0.004
0,0,0.012
0,0,0.006
0,0,0.008
0,0,0.0
0,0,0.0
0,0,0.03
1,1,0.6913270279469622
0,0,0.028
1,0,0.148
1,1,1.0
0,0,0.008
0,0,0.0
0,0,0.07
0,0,0.0
0,0,0.0
1,1,1.0
1,1,1.0
1,0,0.326
0,0,0.084
0,0,0.064
0,0,0.018
0,0,0.004
1,0,0.49
1,1,1.0
1,1,1.0
0,0,0.0
0,0,0.0
0,0,0.0
0,0,0.016
0,0,0.03
0,0,0.008
0,0,0.0
0,0,0.0
0,0,0.002
0,0,0.016
0,0,0.0
0,0,0.0
1,1,1.0
0,0,0.014
0,0,0.14
0,0,0.004
0,0,0.004
0,0,0.032
0,0,0.034
0,0,0.0
0,0,0.002
0,0,0.108
1,1,0.996
0,0,0.054
0,0,0.004
0,0,0.02
0,0,0.03
0,0,0.078
0,0,0.0
0,0,0.04
0,0,0.0
0,0,0.152
1,1,0.996
0,0,0.0
0,0,0.0
0,0,0.0
0,0,0.064
0,0,0.016
0,0,0.002
0,0,0.014
0,0,0.068
0,0,0.122
0,0,0.0
0,0,0.038
0,0,0.024
0,0,0.036
0,0,0.0
1,1,1.0
0,0,0.01
1,0,0.204
0,0,0.02
1,1,1.0
0,0,0.038
0,0,0.01
0,0,0.038
0,0,0.42889512002339725
1,1,1.0
1,0,0.394
0,0,0.006
0,0,0.0
0,0,0.018
0,0,0.08
0,0,0.126
0,0,0.064
0,0,0.08
1,1,1.0
0,0,0.0
0,0,0.016
1,1,1.0
0,0,0.0
1,1,1.0
0,0,0.008
0,0,0.008
0,0,0.0
1,1,1.0
0,0,0.0
0,0,0.06
0,0,0.06
0,0,0.012
0,0,0.0
0,0,0.014
0,0,0.032
0,0,0.112
1,1,1.0
0,0,0.058
0,0,0.042
0,0,0.0
0,0,0.078
0,0,0.128
1,1,1.0
0,0,0.026
0,0,0.0
0,0,0.006
0,0,0.064
0,0,0.006
0,0,0.0
0,0,0.0
0,0,0.124
0,0,0.01
0,0,0.293654128255174
0,0,0.0
0,0,0.004
0,0,0.0
0,0,0.0
0,0,0.004
1,1,1.0
0,0,0.016
0,0,0.0
0,0,0.128
0,0,0.0
0,0,0.008
0,0,0.02
0,0,0.004
0,0,0.098
0,0,0.002
0,0,0.0
0,0,0.012
0,0,0.02
0,0,0.02
0,0,0.0
0,0,0.036
1,1,1.0
0,0,0.0
0,0,0.17
0,0,0.01
0,0,0.0
0,0,0.058
0,0,0.048
0,0,0.0
0,0,0.006
0,0,0.0
0,0,0.0
1,1,1.0
0,0,0.03
0,0,0.0
0,0,0.03
0,0,7.485748858948021e-05
0,0,0.188
0,0,0.0
0,0,0.0
0,0,0.008
0,0,0.092
0,0,0.01
0,0,0.004
0,0,0.0
0,0,0.152
0,0,0.0
0,0,0.002
0,0,0.014
1,1,1.0
1,1,1.0
0,0,0.016
0,0,0.002
0,0,0.168
0,0,0.0
0,0,0.0
1,1,0.966
0,0,0.024
0,0,0.064
0,0,0.004
0,0,0.032
0,0,0.012
0,0,0.022
0,0,0.23434562397288838
0,0,0.012
0,0,0.0
0,0,0.3171359031616761
0,0,0.0
0,0,0.002
0,0,0.008
1,1,1.0
0,0,0.11
1,1,1.0
0,0,0.042
0,0,0.038
0,0,0.046
0,0,0.0
0,0,0.03
0,0,0.05
1,1,0.988
0,0,0.0
0,0,0.022
1,1,1.0
0,0,0.006
0,0,0.0
0,0,0.04
0,0,0.0
1,1,1.0
0,0,0.026
0,0,0.018
0,0,0.0
0,0,0.006
0,0,0.046
0,0,0.018
0,0,0.048
0,0,0.0
0,0,0.022
0,0,0.0
0,0,0.002
0,0,0.01
0,0,0.036
0,0,0.0
0,0,0.022
1,1,1.0
1,1,1.0
0,0,0.006
0,0,0.236
0,0,0.016
0,0,0.184
0,0,0.0
0,0,0.008
0,0,0.018
0,0,0.062
0,0,0.144
0,0,0.02
0,0,0.028
0,0,0.062374346832232405
0,0,0.034
0,0,0.0
0,0,0.0
0,0,0.014
1,1,0.73
0,0,0.014
0,0,0.0
0,0,0.086
1,1,0.664
0,0,0.002
0,0,0.028
0,0,0.11
0,0,0.096
1,1,1.0
0,0,0.0
1,1,1.0
0,0,0.098
0,0,0.0
1,1,0.944
0,0,0.0
0,0,0.086
1,1,1.0
0,0,0.032
0,0,0.092
0,0,0.04
0,0,0.158
0,0,0.088
0,0,0.04
0,0,0.032
0,0,0.0
0,0,0.152
0,0,0.0
0,0,0.0
0,0,0.006
0,0,0.03
0,0,0.022
0,0,0.0
0,0,0.006
0,0,0.0
1,1,1.0
0,0,0.038
0,0,0.054
0,0,0.0
0,0,0.028
0,0,0.006
1,1,1.0
0,0,0.062
0,0,0.0
1,1,1.0
0,0,0.01
0,0,0.0
0,0,0.036
0,0,0.0
0,0,0.034
0,0,0.062
0,0,0.0
0,0,0.062
0,0,0.018
0,0,0.0
1,1,1.0
0,0,0.032
0,0,0.056
0,0,0.0
0,0,0.074
0,0,0.0
0,0,0.024
1,1,1.0
0,0,0.028
0,0,0.008
0,0,0.024
1,1,1.0
0,0,0.0
0,0,0.0
0,0,0.0
1,1,1.0
0,0,0.046
0,0,0.0
0,0,0.0
0,0,0.0
0,0,0.0
0,0,0.022
0,0,0.0
0,0,0.022
1,0,0.436
1,1,1.0
1,1,0.5520480030515661
0,0,0.046
0,0,0.286
1,1,1.0
0,0,0.06
0,0,0.042
0,0,0.032
0,0,0.0
0,0,0.086
0,0,0.01
0,0,0.046
0,0,0.2808505572799993
0,0,0.0
0,0,0.0
0,0,0.008
0,0,0.058
0,0,0.0
1,0,0.086
1,1,1.0
0,0,0.0
0,0,0.014
0,0,0.036
0,0,0.014
0,0,0.048
0,0,0.056
0,0,0.102
0,0,0.0
0,0,0.0
0,0,0.004
0,0,0.0
0,0,0.0
0,0,0.05
1,1,1.0
0,0,0.0
0,0,0.002
0,0,0.0
0,0,0.0
1,1,1.0
0,0,0.006
0,0,0.162
0,0,0.004074857488589481
0,0,0.034
0,0,0.018
0,0,0.0
0,0,0.278
0,0,0.038
1,1,0.74
0,0,0.05
0,0,0.0
1,1,0.768
0,0,0.0
0,0,0.018
0,0,0.03
0,0,0.0
0,0,0.012
0,0,0.03
0,0,0.0
0,0,0.002
0,0,0.122
0,0,0.064
0,0,0.0
0,0,0.052
0,0,0.042
0,0,0.0
0,0,0.09
0,0,0.004
1,1,1.0
0,0,0.002
0,0,0.05
0,0,0.0
0,0,0.004
0,0,0.004
0,0,0.028
0,0,0.178
0,0,7.485748858948021e-05
0,0,0.004
0,0,0.012
0,0,0.0
0,0,0.028
1,1,1.0
0,0,0.006
0,0,0.074
0,0,0.0
0,0,0.05
0,0,0.01
0,0,0.01
1,0,0.256
0,0,0.016
0,0,0.03
0,0,0.034
1,1,1.0
0,0,0.106
0,0,0.0
1,1,1.0
1,0,0.02
0,0,0.012
0,0,0.01
0,0,0.01007485748858948
0,0,0.0
1,1,0.9
1,1,1.0
0,0,0.074
1,0,0.494
0,0,0.002
0,0,0.006
0,0,0.098
1,1,0.898
0,0,0.0
0,0,0.008
0,0,0.138
1,1,0.566
0,0,0.012
1,1,1.0
0,0,0.016
0,0,0.034
0,0,0.002
0,0,0.07
0,0,0.008
1,0,0.376
0,0,0.022
0,0,0.026
0,0,0.0
0,0,0.024
0,0,0.052
0,0,0.0
0,0,0.02
0,0,0.022
0,0,0.0
0,0,0.0
0,0,0.0
0,0,0.0
0,0,0.08
0,0,0.0
1,0,0.006860673869928961
0,0,0.04
1,1,0.574
0,0,0.0
0,0,0.0
0,0,0.0
1,0,0.292
0,0,0.0
0,0,0.006
0,0,0.022
1,1,1.0
0,0,0.31274826075121276
0,0,0.0
0,0,0.07061564531913095
0,0,0.0
0,0,0.0
0,0,0.122
0,0,0.014
0,0,0.038
1,0,0.134
0,0,0.01
1,0,0.362
0,0,0.06
0,0,0.036
0,0,0.182
0,0,0.024
0,0,0.008
0,1,0.6247654384879711
0,0,0.0
0,0,0.024
0,0,0.0
0,0,0.0
0,0,0.02
0,0,0.016
0,0,0.052
0,0,0.3171359031616761
0,0,0.0
0,0,0.024
1,1,1.0
0,0,0.008
1,1,1.0
0,0,0.008
0,0,0.06
0,0,0.076
0,0,0.008
0,0,0.006
0,0,0.18
0,0,0.002
0,0,0.052
0,0,0.01
0,0,0.088
0,0,0.012
0,0,0.01
0,0,0.0
0,0,0.0
0,0,0.0
0,0,0.0
0,0,0.0
1,1,1.0
0,0,0.38483470572984957
0,0,0.01
0,0,0.02
0,0,0.03
0,0,0.0
0,0,0.002
1,1,1.0
0,0,0.0
0,0,0.086
0,0,0.014
0,0,0.036
0,0,0.0
1,1,1.0
0,0,0.0
0,0,0.234
1,0,0.142
0,0,0.01
0,0,0.042
0,0,0.046
0,0,0.02
1,1,1.0
0,0,0.01
0,0,0.148
0,0,0.014
0,0,0.042
0,0,0.02
0,0,0.03
0,0,0.02
0,0,0.03
0,0,0.02
0,0,0.014
0,0,0.0
0,0,0.004
0,0,0.0
0,0,0.0
0,0,0.0
1,1,1.0
1,1,0.788
0,0,0.042
0,0,0.0
0,0,0.006
1,1,1.0
0,0,0.072
0,0,0.006
0,0,0.054
0,0,0.0
1,1,1.0
0,0,0.06
1,1,1.0
0,0,0.01
0,0,0.0
0,0,0.086
1,1,1.0
0,0,0.0
0,0,0.01237444502103494
0,0,0.0
0,0,0.01
0,0,0.01
0,0,0.0
0,0,0.0
0,0,0.012
0,0,0.02
0,0,0.0
0,0,0.082
0,0,0.01
0,0,0.04
0,0,0.008
0,0,0.002
0,0,0.0
0,0,0.0
0,0,0.016
0,0,0.0
0,0,0.134
0,0,0.038
0,0,0.0
0,0,0.0
0,0,0.018
0,0,0.026
0,0,0.05
0,0,0.02
0,0,0.0
0,0,0.0
1,1,1.0
0,0,0.0
1,1,1.0
0,0,0.008
1,1,1.0
0,0,0.006
0,0,0.016
0,0,0.024
0,0,0.0
1,1,1.0
0,0,0.01
0,0,0.044
0,0,0.0
0,0,0.0
0,0,0.02
0,0,0.008
0,0,0.0
0,0,0.016
0,0,0.004
0,0,0.004
1,0,0.194
0,0,0.006
0,0,0.048
0,0,0.0
0,0,0.0
0,0,0.038
0,0,0.02
0,0,0.052
0,0,0.0
0,0,0.0
0,0,0.0
0,0,0.01
0,0,0.01
0,0,0.0
0,0,0.088
0,0,0.0
0,0,0.008
0,0,0.05
0,0,0.0
0,0,0.0
1,1,1.0
0,0,0.072
0,0,0.004
0,0,0.0
0,0,0.01
0,0,0.042
0,0,0.0
0,0,0.124
0,0,0.05
0,0,0.01
0,0,0.02
1,0,0.49
0,0,0.02
0,0,0.31274826075121276
1,1,1.0
0,0,0.0
0,0,0.03
0,0,0.0
0,0,0.028
0,0,0.056
0,0,0.0
0,0,0.024
0,0,0.042
1,1,1.0
1,1,1.0
0,0,0.016
0,0,0.036
0,0,0.16
0,0,0.48229296815332356
0,0,0.064
0,0,0.0
0,0,0.0
0,0,0.016
0,0,0.21
1,0,0.046
0,0,0.002
1,1,1.0
1,1,1.0
0,0,0.0
0,0,0.008
0,0,0.132
0,0,0.062
1,1,1.0
0,0,0.0
0,0,0.018
0,0,0.136
0,0,0.0
0,0,0.01
0,0,0.112
1,1,1.0
0,0,0.106
0,0,0.01
0,0,0.002
0,0,0.096
0,0,0.046
1,1,1.0
0,0,0.054
0,0,0.0
1,0,0.062
0,0,0.0
0,0,0.052
0,0,0.104
0,0,0.004
0,0,0.032
0,0,0.0
0,0,0.01
0,0,0.048
0,0,0.028
0,0,0.0
0,0,0.044
0,0,0.0
0,0,0.044
1,1,1.0
0,0,0.05
0,0,0.0
0,0,0.0
0,0,0.01
0,0,0.002
0,0,0.158
0,0,0.052
0,0,0.01
0,0,0.034
0,0,0.17
0,0,0.068
0,0,0.0
0,0,0.026
1,1,0.99
0,0,0.0
0,0,0.086
0,0,0.062
0,0,0.014
0,0,0.12
0,0,0.0
1,1,0.76
0,0,0.112
0,0,0.012
0,0,0.008
0,0,0.028
0,0,0.044
0,0,0.03
0,0,0.012
0,0,0.0
0,0,0.02
0,0,0.01
1,1,1.0
0,0,0.07
0,0,0.0
0,0,0.0
0,0,0.002
0,0,0.0
0,0,0.034
0,0,0.034
0,0,0.026
1,1,0.82
0,0,0.004
1,0,0.394
1,1,1.0
0,0,0.002
0,0,0.01
0,0,0.028
0,0,0.004
0,0,0.024
1,1,1.0
0,0,0.064
0,0,0.004
0,0,0.00029144030528192237
0,0,0.074
1,1,1.0
0,0,0.0
0,0,0.004
0,0,0.0
1,1,1.0
0,0,0.018
1,0,0.342
0,0,0.03
1,0,0.15
0,0,0.128
1,0,0.146
0,0,0.012
0,0,0.05
0,0,0.006
0,0,0.002
0,0,0.22
0,0,0.002
0,0,0.048
0,0,0.0
0,0,0.04
0,0,0.0
0,0,0.0
0,0,0.0
0,0,0.0
0,0,0.082
0,0,0.028
0,0,0.002
0,0,0.014
0,0,0.004
1,1,0.752
0,0,0.0
1,1,1.0
0,0,0.006
1,1,1.0
0,0,0.0
0,0,0.0
0,0,0.078
0,0,0.05
0,0,0.01
0,0,0.08
0,0,0.0
0,0,0.008
0,0,0.176
0,0,0.096
0,0,0.002
0,0,0.038
0,0,0.0
0,0,0.04
0,0,0.0
0,0,0.13
0,0,0.018
0,0,0.034
0,0,0.0
1,1,1.0
0,0,0.01
0,0,0.022
0,0,0.0
0,1,0.6217152195401049
0,0,0.03
0,0,0.008
0,0,0.076
0,0,0.04
0,0,0.022
1,1,1.0
0,0,0.002
0,0,0.008
0,0,0.034
1,1,1.0
0,0,0.022
0,0,0.002
0,0,0.052
0,0,0.01
0,0,0.01
0,0,0.03
0,0,0.0
0,0,0.192
1,1,1.0
0,0,0.028
0,0,0.006
0,0,0.002
0,0,0.0
0,0,0.026
0,0,0.2574614723236468
1,0,0.31
0,0,0.052
0,0,0.0
0,0,0.022
0,0,0.0
0,0,0.0
0,0,0.038
0,0,0.016
0,0,0.014
0,0,0.004
0,0,0.012
0,0,0.094
0,0,0.022
1,1,1.0
0,0,0.014
0,0,0.006
0,0,0.048
0,0,0.0
0,0,0.008
0,0,0.008
0,0,0.0
1,0,0.182
0,0,0.024
0,0,0.0
0,0,0.0
0,0,0.036
1,1,1.0
0,0,0.0
0,0,0.054
0,0,0.062374346832232405
0,0,0.012
0,0,0.018
0,0,0.028
0,0,0.05
0,0,0.062
0,0,0.008
0,0,0.004
0,0,0.068
0,0,0.0
0,0,0.016
1,0,0.192
0,0,0.032
0,0,0.058
0,0,0.02
0,0,0.0
0,0,0.012
0,0,0.002
0,0,0.016
0,0,0.0
0,0,0.13
0,0,0.0
0,0,0.03
0,0,0.0
1,0,0.208
1,1,1.0
0,0,0.0
1,1,1.0
0,0,0.052
0,0,0.0
0,0,0.056
0,0,0.046
1,1,1.0
0,0,0.0
0,0,0.062
0,0,0.048
0,0,0.0
0,0,0.022
1,1,1.0
0,0,0.0
0,0,0.026
0,0,0.022
1,1,1.0
0,0,0.062
0,0,0.0
0,0,0.014
0,0,0.022
0,0,0.032
0,0,0.016
0,0,0.004
0,0,0.09
1,1,1.0
0,0,0.02
0,0,0.112
0,0,0.222
0,0,0.0
0,0,0.0
1,0,0.294
0,0,0.006
0,0,0.084
0,0,0.008
0,0,0.034
0,0,0.01
0,0,0.012
1,1,1.0
0,0,0.152
1,1,1.0
0,0,0.028
1,1,1.0
0,0,0.022
1,0,0.384
0,0,0.006
0,0,0.038
1,1,1.0
0,0,0.0
0,0,0.018
0,0,0.0
1,1,1.0
0,0,0.06
0,0,0.046
0,0,0.004
0,0,0.0
0,0,0.01
0,0,0.0
1,1,1.0
0,0,0.004
0,0,0.0
1,1,1.0
0,0,0.032
0,0,0.124
0,0,0.018
1,1,1.0
0,0,0.0
1,1,0.994
1,1,1.0
0,0,0.052
0,0,0.122
0,0,0.0
0,0,0.0
0,0,0.1
1,1,1.0
1,1,1.0
1,0,0.31741784208677853
0,0,0.026
0,0,0.022
0,0,0.0
1,1,0.988
1,1,1.0
0,0,0.0
0,0,0.012
1,0,0.24
1,1,1.0
0,0,0.04
0,0,0.012
1,1,1.0
1,1,0.838
0,0,0.038
1,0,0.17
0,0,0.01
0,0,0.016
0,0,0.006
0,0,0.022
0,0,0.0
0,0,0.02
0,0,0.008
1,0,0.46230418407953583
0,0,0.014
0,0,0.0
0,0,0.014
0,0,0.01
0,0,0.0
0,0,0.006
1,1,1.0
0,0,0.242
0,0,0.02
1,0,0.468
0,0,0.0
1,1,1.0
1,0,0.07
0,0,0.0
0,0,0.0
0,0,0.018
0,0,0.014
1,0,0.0
0,0,0.0
0,0,0.024
0,0,0.034
0,0,0.0
0,0,0.062
0,0,0.126
0,0,0.0
0,0,0.026
0,0,0.034
0,0,0.028
0,0,0.024
1,0,0.196
0,0,0.072
0,0,0.0
0,0,0.046
0,0,0.0
0,0,0.0
0,0,0.014
0,0,0.056
0,0,0.012
0,0,0.024
0,0,0.098
0,0,0.0
0,0,0.0
1,0,0.182
0,0,0.004
0,0,0.016
0,1,0.5474813369112962
0,0,0.066
0,0,0.038
0,0,0.088
0,0,0.022
0,0,0.01
1,1,0.57
0,0,0.068
0,0,0.024
1,0,0.332
0,0,0.078
0,0,0.006
1,1,1.0
0,0,0.042
0,0,0.116
0,0,0.054
0,0,0.012
0,0,0.008
0,0,0.002
0,0,0.0
1,1,1.0
0,0,0.014
1,1,0.96
0,0,0.012
0,0,0.036
0,0,0.0
0,0,0.0
0,0,0.0
0,0,0.002
1,1,1.0
0,0,0.006
0,0,0.0
1,1,1.0
0,0,0.0
0,0,0.002
0,0,0.004
0,0,0.13
0,0,0.0
0,0,0.0
0,0,0.006
0,0,0.004
0,0,0.0
0,0,0.032
0,0,0.0
1,1,1.0
0,0,0.0
0,0,0.008
0,0,0.038
0,0,0.046
0,0,0.002
0,0,0.25
0,0,0.0
0,0,0.0
0,0,0.012
0,0,0.0
0,0,0.0
1,0,0.356
0,0,0.288
0,0,0.0
0,0,0.0
0,0,0.0
0,1,0.6850154632342742
1,1,1.0
0,0,0.014
1,1,1.0
0,0,0.0
1,1,1.0
0,0,0.002
0,0,0.008
0,0,0.054
0,0,0.076
0,0,0.042
0,0,0.006
0,0,0.002
1,1,0.966
0,0,0.046
0,0,0.004
1,1,0.998
0,0,0.006
0,0,0.0
0,0,0.0
0,0,0.0
0,0,0.148
1,0,0.334
0,0,0.02
0,0,0.0
0,0,0.112
0,0,0.0
1,1,1.0
0,0,0.014
0,0,0.0
0,0,0.104
0,0,0.0
0,0,0.367353151692658
0,0,0.0
1,1,1.0
1,1,1.0
0,0,0.018
0,0,0.016
1,1,1.0
0,0,0.0
1,1,1.0
0,0,0.0
1,1,1.0
0,0,0.0
0,0,0.00033458424103430343
0,0,0.116
0,0,0.056
0,0,0.002
0,0,0.032
0,0,0.024
1,1,1.0
0,0,0.0
1,1,1.0
0,0,0.054
0,0,0.0
0,0,0.068
0,0,0.002
1,1,1.0
0,0,0.0
0,0,0.148
0,0,0.0
0,0,0.016
0,0,0.016
0,0,0.018
0,0,0.04
0,0,0.06
0,0,0.0
1,0,0.236
0,0,0.0
0,0,0.0
0,0,0.002
1,1,1.0
0,0,0.086
0,0,0.146
0,0,0.064
0,0,0.0
0,0,0.030535539532306092
0,0,0.0
0,0,0.014
0,0,0.0
0,0,0.0
0,0,0.062
1,1,1.0
0,0,0.012
0,0,0.144
0,0,0.016
0,0,0.0
0,0,0.056
1,1,0.998
0,0,0.015870674847685378
1,1,1.0
0,0,0.07
1,1,1.0
0,0,0.244
0,0,0.006
0,0,0.002
0,0,0.04
0,0,0.0
0,0,0.096
0,0,0.0
0,1,0.6064150595609938
0,0,0.016
0,0,0.018
0,0,0.031105118793217822
0,0,0.014
0,0,0.0
0,0,0.008
0,0,0.0
0,0,0.0
0,0,0.016
0,0,0.0
0,0,0.002
0,0,0.018
0,0,0.0
0,0,0.064
0,0,0.02
0,0,7.485748858948021e-05
0,0,0.002
1,1,1.0
0,0,0.04
0,0,0.078
0,0,0.15
0,0,0.0
1,1,1.0
0,0,0.062
0,0,0.01
1,1,1.0
0,0,0.108
0,0,0.062
0,0,0.04
0,0,0.028
0,0,0.058
0,0,0.0
0,0,0.118
0,0,0.01
0,0,0.006
1,0,0.106
0,0,0.01
0,0,0.038
0,0,0.02
0,0,0.0
0,0,0.004
0,0,0.0
0,0,0.0
0,0,0.08
0,0,0.032
0,0,0.016219500608796174
0,0,0.08
0,0,0.008
0,0,0.0
0,0,0.138
0,0,0.042
0,0,0.102
1,1,1.0
0,1,0.5590798025069342
0,0,0.02
0,0,0.0
1,1,0.946
0,0,0.064
0,0,0.0
0,0,0.012
0,0,0.058
1,1,1.0
0,0,0.04
0,0,0.03
0,0,0.012
0,0,0.0
0,0,0.084
0,0,0.0
0,0,0.058
0,0,0.0
0,0,0.0
0,0,0.0
0,0,0.0
0,0,0.056
0,0,0.0
1,1,1.0
0,0,0.008
1,0,0.236
0,0,0.012
0,0,0.0
1,1,1.0
0,0,0.066
0,0,0.0
0,0,0.066
1,1,1.0
0,0,0.118
0,0,0.004
0,0,0.004
0,0,0.0
0,0,0.0
0,0,0.036
0,0,0.072
0,0,0.152
0,0,0.0
0,0,0.004
0,0,0.036
0,0,0.078
0,0,0.02
0,0,0.0
0,0,0.086
0,0,0.012
0,0,0.048
0,0,0.004
0,0,0.016
0,0,0.0
0,0,0.012
0,0,0.0
0,0,0.01
0,0,0.0
1,1,1.0
0,0,0.052
0,0,0.0
0,0,0.036
0,0,0.0
0,0,0.0
0,0,0.004
0,0,0.0
1,1,0.812
0,0,0.048
1,1,1.0
0,0,0.032
0,0,0.052
0,0,0.0
0,0,0.0
0,0,0.0
0,0,0.014
0,0,0.034
0,0,0.038
0,0,0.016
0,0,0.124
0,0,0.216
0,0,0.162
0,0,0.0
0,0,0.03
0,0,0.01
1,1,1.0
0,0,0.006
0,0,0.108
0,0,0.044
0,0,7.485748858948021e-05
0,0,0.008
0,0,0.096
0,0,0.08983120470968549
0,0,0.048
0,0,0.0
0,0,0.06
0,0,0.048
0,0,0.0
0,0,0.078
0,0,0.052
0,0,0.14133456803527805
0,0,0.044
0,0,0.002
0,0,0.0
0,0,0.006
1,1,1.0
0,0,0.026
0,0,0.008
1,0,0.172
0,0,0.018
1,1,1.0
0,0,0.038
0,0,0.0
0,0,0.0
0,0,0.346
0,0,0.148
0,0,0.0
1,1,1.0
0,0,0.022
0,0,0.002
0,0,0.1
0,0,0.078
0,0,0.028
0,0,0.062
0,0,0.026
0,0,0.0
0,0,0.01
0,0,0.004
0,0,0.014
0,0,0.0
0,0,0.016
0,0,0.0
0,0,0.004
0,0,0.086
0,0,0.0
0,0,0.098
0,0,0.196
0,0,0.016
0,0,0.004
0,0,0.0
0,0,0.0
0,0,0.056
0,0,0.028
0,0,0.01
0,0,0.028
0,0,0.016
0,0,0.0
0,0,0.034
0,0,0.012
1,1,1.0
0,0,0.022
0,0,0.012
1,1,1.0
0,0,0.03
0,1,0.6529155318368083
0,0,0.008
0,0,0.0
0,0,0.0
0,0,0.004
0,0,0.002
0,0,0.017688683775608845
0,0,0.0
0,0,0.014
0,0,0.04
0,0,0.0
0,0,0.0
0,0,0.006
0,0,0.026
0,0,0.02
0,0,0.052
0,0,0.0
0,0,0.02
0,0,0.044
0,0,0.16911240413489542
0,0,0.0
0,0,0.0
0,0,0.012
0,0,0.06
0,0,0.23493796611531578
0,0,0.11
0,0,0.012
0,0,0.21
0,0,0.048
0,0,0.01
0,0,0.112
0,0,0.04
1,1,1.0
0,0,0.012
0,0,0.41952507383487736
0,0,0.0
0,0,0.3171359031616761
1,1,1.0
0,0,0.22
0,0,0.002
0,0,0.052
0,0,0.0
0,0,0.006
0,0,0.246
0,0,0.068
0,0,0.046
1,1,1.0
0,0,0.048
0,0,0.024
0,0,0.022
0,0,0.084
0,0,0.03
0,0,0.0
1,1,1.0
1,1,1.0
0,0,0.0
0,0,0.002
0,0,0.036
0,0,0.0
0,0,0.004
0,0,0.002
0,0,0.004
1,1,1.0
0,0,0.0
0,0,0.016
1,1,1.0
0,0,0.056
0,0,0.08
0,0,0.0
0,0,0.022
0,0,0.042
0,0,0.0
0,0,0.0
0,0,0.016
0,0,0.0
0,0,0.064
1,1,1.0
0,0,0.0
0,0,0.026
1,1,0.998
0,0,0.054
0,0,0.026
0,0,0.032
0,0,0.002
0,0,0.0
1,1,1.0
1,1,1.0
1,1,1.0
0,0,0.0
0,0,0.11
0,0,0.028291440305281922
0,0,0.046
0,0,0.012
0,0,0.156
0,0,0.106
0,0,0.014
0,0,0.024
0,0,0.024
0,0,0.0
0,0,0.0
0,0,0.024
0,0,0.052
0,0,0.032
1,1,1.0
0,0,0.0
0,0,0.02
0,0,0.0
0,0,0.024
0,0,0.028
0,0,0.07
0,0,0.048
0,0,0.0
0,0,0.032
0,0,0.0
1,0,0.106
0,0,0.052
0,0,0.0
0,0,0.01
0,0,0.03
0,0,0.02
0,0,0.0
0,0,0.062
0,0,0.04
0,0,0.0
1,1,1.0
0,0,0.002
1,1,0.646
0,0,0.012
0,0,0.0
0,0,0.0
0,0,0.0
0,0,0.018
0,0,0.024
0,0,0.01
1,1,1.0
0,0,0.012
1,0,0.17
0,0,0.016
0,0,0.042
1,1,1.0
0,0,0.03
0,0,0.052
0,0,0.0
0,0,0.084
0,0,0.04
0,0,0.002
0,0,0.18
0,0,0.032
0,0,0.0
0,0,0.026
0,0,0.038
0,0,0.01
0,0,0.08580870926957056
0,0,0.012
0,0,0.004
0,0,0.344
0,0,0.004
0,0,0.054
0,0,0.2651806117529054
0,0,0.006
0,0,0.042
0,0,0.008
0,0,0.0
0,0,0.032
0,0,0.026
0,0,0.02
1,1,1.0
0,0,0.112
0,0,0.064
0,0,0.072
0,0,0.004
0,0,0.014
1,1,1.0
0,0,0.14
0,0,0.0
0,0,0.006
0,0,0.0
0,0,0.022
0,0,0.02
0,0,0.014
0,0,0.154
0,0,0.028
0,0,0.108
0,0,0.086
0,0,0.0
0,0,0.0
0,0,0.0
0,0,0.1542914403052819
0,0,0.0
0,0,0.082
0,0,0.094
0,0,0.0
0,0,0.052
0,0,0.034
0,0,0.024
0,0,0.022
0,0,0.0
0,0,0.01
0,0,0.056
0,0,0.0
0,0,0.0
0,0,0.0
1,0,0.03
1,1,1.0
0,0,0.0
0,0,0.0
1,1,1.0
0,0,0.044
0,0,0.004
0,0,0.048
1,1,1.0
0,0,0.0
0,0,0.18
0,0,0.038
0,0,0.0
0,0,0.022
0,0,0.082
0,0,0.024
0,0,0.04
0,0,0.01
0,0,0.19
0,0,0.30457777835533356
0,0,0.082
0,0,0.054
0,0,0.0
0,0,0.056
0,0,0.0
1,1,1.0
0,0,0.0
0,0,0.004
0,0,0.0
0,0,0.036
0,0,0.002
0,0,0.008
0,0,0.022
0,0,0.0
1,1,1.0
0,0,0.008
0,0,0.0
1,1,0.784
0,0,0.09
1,1,1.0
0,0,0.026
0,0,0.042
0,0,0.002
0,0,0.0
1,1,1.0
0,0,0.04
0,0,0.016
0,0,0.012
0,0,0.064
1,1,1.0
0,0,0.0
1,1,1.0
0,0,0.094
0,0,0.026
0,0,0.0
0,0,0.026
0,0,0.0
0,0,0.014
1,0,0.368
0,0,0.006
0,0,0.004
0,0,0.094
0,0,0.0
0,0,0.004
0,0,0.08
1,1,1.0
0,0,0.0
0,0,0.006
0,0,0.01
0,0,0.074
0,0,0.178
1,1,1.0
0,0,0.028
0,0,0.03
0,0,0.026
0,0,0.008
0,0,0.006
0,0,0.016
0,0,0.0
1,1,1.0
0,0,0.032
0,0,0.0
0,0,0.0
0,0,0.132
1,0,0.276
0,0,0.0
0,0,0.0
1,1,0.5458462037259931
0,0,0.0
0,0,0.0
0,0,0.0
0,0,0.0
0,0,0.050730763747420596
1,1,0.776
0,0,0.242
0,0,0.014
0,0,0.0
0,0,0.0
1,1,1.0
1,0,0.446
0,0,0.004
0,0,0.046
0,0,0.008
0,0,0.052
0,0,0.0
0,0,0.018
0,0,0.05
0,0,0.0
0,0,0.0
0,0,0.0
0,0,0.152
0,0,0.024
0,0,0.0
1,1,1.0
0,0,0.016
0,0,0.0
0,0,0.074
0,0,0.0
0,0,0.0
0,0,0.008
0,0,0.182
0,0,0.002
0,0,0.0
0,0,0.036
0,0,0.024
0,0,0.0
0,0,0.002
0,0,0.002
0,0,0.0
1,1,1.0
0,0,0.0
0,0,0.092
1,0,0.368
0,0,0.016
0,0,0.0
0,0,0.038
1,1,1.0
0,0,0.0
1,1,1.0
0,0,0.008
0,0,0.0
1,1,1.0
0,0,0.0
0,0,0.006
1,0,0.03
0,0,0.03
0,0,0.006
1,0,0.18
1,1,0.568
0,0,0.06407311689544214
0,0,0.0
1,1,0.96
0,0,0.006
0,0,0.038
0,0,0.034
0,0,0.02
0,0,0.024
0,0,0.026
0,0,0.102
1,1,0.786
0,0,0.0
0,0,0.012
1,1,0.992
0,0,0.0
0,0,0.0
0,0,0.0
0,0,0.0
0,0,0.026
0,0,0.17
0,0,0.032
1,0,0.348
0,0,0.034
0,0,0.014
1,1,1.0
0,0,0.058
1,1,1.0
0,0,0.026
0,0,0.0
0,0,0.0
0,0,0.0
0,0,0.012
1,1,1.0
0,0,0.0
0,0,0.3954711790340494
0,0,0.022
0,0,0.052
0,0,0.03
0,0,0.014
0,0,0.0
0,0,0.114
0,0,0.056
0,0,0.2574614723236468
0,0,0.004
0,0,0.012
0,0,0.006
0,0,0.11
0,0,0.002
0,0,0.0
0,0,0.066
0,0,0.012
0,0,0.05
0,0,0.002
1,1,1.0
1,0,0.256
0,0,0.0
0,0,0.064
0,0,0.0
0,0,0.012
0,0,0.02
0,0,0.114
1,1,1.0
0,0,0.0
0,0,0.01
0,0,0.04
0,0,0.01
0,0,0.078
0,0,0.032
0,0,0.028
0,0,0.046
0,0,0.0
0,0,0.034
0,0,0.0
0,0,0.068
0,0,0.0
0,0,0.0
0,0,0.004
0,0,0.0
0,0,0.104
0,0,0.006
0,0,0.032
0,0,0.004
0,0,0.002
0,0,0.016
0,0,0.0
0,0,0.012
0,0,0.09
0,0,0.0
0,0,0.0
1,1,1.0
0,0,0.026
0,0,0.054
0,0,0.178
0,0,0.002
0,0,0.014
0,0,0.054
0,0,0.036
0,0,0.118
1,1,1.0
0,0,0.086
0,0,0.0
0,0,0.06
0,0,0.016
0,0,0.008
0,0,0.0
0,0,0.018
0,0,0.132
0,0,0.25270855012201393
0,0,0.0
0,0,0.018
0,0,0.218
0,0,0.01
0,0,0.01
0,0,0.0
0,0,0.122
0,0,0.0
1,1,1.0
0,0,0.018
0,0,0.014
0,0,0.05
0,0,0.016
0,0,0.0
0,0,0.018
0,0,0.104
0,0,0.008
0,0,0.0
0,0,0.082
0,0,0.052
0,0,0.018
1,0,0.5
0,0,0.008
0,0,0.022
0,0,0.024
0,0,0.0
1,1,1.0
0,0,0.15
0,0,0.02
0,0,0.018
0,0,0.0
0,0,0.012
0,0,0.012
1,1,1.0
0,0,0.0
0,0,0.0
0,0,0.01
0,0,0.006
0,0,0.01
0,0,0.028
0,0,0.0
1,0,0.196
0,0,0.03
0,0,0.008
0,0,0.038
0,0,0.0011511338225166014
0,0,0.012
0,0,7.485748858948021e-05
1,1,1.0
0,0,0.016
0,0,0.052
0,0,0.094
0,0,0.018
0,0,0.0
1,1,0.792
0,0,0.0
0,0,0.0
0,0,0.11
0,0,0.054
0,0,0.082
0,0,0.0
0,0,0.022
0,0,0.028
1,1,1.0
0,0,0.002
0,0,0.0
0,0,0.008
1,1,1.0
0,0,0.108
0,0,0.096
0,0,0.0
1,1,1.0
0,0,0.04
0,0,0.14
0,0,0.0
0,0,0.0
0,0,0.108
1,0,0.046
0,0,0.038
0,0,0.02
0,0,0.002
0,0,0.052
0,0,0.006
0,0,0.03
0,0,0.0
0,0,0.002
0,0,0.0
0,0,0.044
0,0,0.008
0,0,0.012
1,0,0.222
0,0,0.01
1,0,0.31
0,0,0.0
0,0,0.004
0,0,0.032
0,0,0.014
0,0,0.136
0,0,0.01
0,0,0.014
0,0,0.018
0,0,0.0
0,0,0.0
0,0,0.014
0,0,0.0
0,0,0.062
0,0,0.0
0,0,0.04
0,0,0.046
0,0,0.01
1,1,1.0
0,0,0.008
0,0,0.066
0,0,0.052
0,0,0.012
0,0,0.01
0,0,0.0
0,0,0.23434562397288838
0,0,0.006
0,0,0.0
0,0,0.0
1,1,1.0
0,0,0.018
0,0,0.006
0,0,0.015871666805489806
1,1,1.0
1,1,1.0
0,0,0.132
0,0,0.0
1,1,1.0
0,0,0.014
0,0,0.01
0,0,0.058
0,0,0.008
0,0,0.05
0,0,0.062
0,0,0.0
0,0,0.0
1,1,1.0
0,0,0.022
0,0,0.0
0,0,0.006
1,1,1.0
0,0,0.0
0,0,0.02207485748858948
1,1,1.0
0,0,0.054
0,0,0.006
0,0,0.0
1,1,0.94
1,1,1.0
0,0,0.3937076088553692
0,0,0.0
0,0,0.0
0,0,0.0
0,0,0.002
0,0,0.076
0,0,0.0
0,0,0.014
0,0,0.128
0,0,0.0
0,0,0.0
0,0,0.054
0,0,0.07
0,0,0.066
1,1,1.0
0,0,0.028
0,0,0.004
0,0,0.054
1,1,1.0
1,1,0.934
0,0,0.012
0,0,0.002
0,0,0.048
0,0,0.016
0,0,0.084
0,0,0.06
0,0,0.004
0,0,0.022
0,0,0.022
0,0,0.006
0,0,0.004
0,0,0.098
0,0,0.058
0,0,0.084
0,0,0.13
1,1,1.0
0,0,0.104
0,0,0.0
0,0,0.008
0,0,0.01
0,0,0.028
0,0,0.0
0,0,0.0
1,1,1.0
0,0,0.0
0,0,0.018
0,0,0.0
0,0,0.0
0,0,0.028
0,0,0.01466581719012528
1,0,0.134
1,1,1.0
0,0,0.0
0,0,0.034
1,1,0.942
1,1,1.0
0,0,0.0
0,0,0.076
0,0,0.0
0,0,0.034
0,0,0.042
0,0,0.0
0,0,0.104
0,0,0.014
0,0,0.034
0,0,0.03
0,0,0.07
0,0,0.082
0,0,0.164
1,1,1.0
0,0,0.04
1,1,0.67
0,0,0.09
0,0,0.006
1,1,1.0
0,0,0.05
0,0,0.004
0,0,0.022
1,1,1.0
0,0,0.024
0,0,0.01
1,1,1.0
0,0,0.05
0,0,0.002
0,0,0.034
0,0,0.122
0,0,0.036
0,0,0.042
0,0,0.154
0,0,0.036
0,0,0.162
1,1,1.0
0,0,0.0
0,0,0.082
0,0,0.0
0,0,0.006
0,0,0.06
1,1,0.596
0,0,0.054
0,0,0.0
0,0,0.074
0,0,0.012
0,0,0.104
0,0,0.0
0,0,0.068
0,0,0.0
0,0,0.004
0,0,0.0
1,0,0.24511356780208643
0,0,0.014
0,0,0.0
0,0,0.04
0,0,0.0
1,1,0.884
0,0,0.014
0,0,0.048
0,0,0.004
0,0,0.0
0,0,0.0
0,0,0.03
1,1,1.0
0,0,0.188
0,0,0.004
0,0,0.002
0,0,0.064
0,0,0.254
1,1,1.0
0,0,0.0
1,1,1.0
0,0,0.086
0,0,0.0
0,0,0.084
1,1,0.886
0,0,0.092
0,0,0.024
0,0,0.056
0,0,0.0
0,0,0.016
0,0,0.118
1,1,0.872
0,0,0.018
0,0,0.0
1,1,1.0
0,0,0.0
0,0,0.012
0,0,0.23
0,0,0.0
0,0,0.016
0,0,0.0
0,0,0.0
0,0,0.0
1,0,0.02874912802123441
0,0,0.004
0,0,0.016
0,0,0.052
0,0,0.004
0,0,0.0
0,0,0.014
0,0,0.0
0,0,0.01
1,0,0.348
0,0,0.034
0,0,0.0
0,0,0.0031047911558510235
0,0,0.02
0,0,0.0
0,0,0.08
1,1,1.0
0,0,0.132
1,0,0.048
0,0,0.054
0,0,0.0
0,0,0.005831204709685491
0,0,0.0
1,1,1.0
0,0,0.008
0,0,0.034
0,0,0.004
0,0,0.0
0,0,0.0
0,0,0.0
0,0,0.012
0,0,0.22806880676668104
0,0,0.002
0,0,0.054
0,0,0.0
0,0,0.04
0,0,0.098
0,0,0.046
0,0,0.126
0,0,0.07
0,0,0.002
0,0,0.01
0,0,0.006
0,0,0.006
0,0,0.0
0,0,0.0
0,0,0.03
0,0,0.124
0,0,0.0
0,0,0.0
0,0,0.018
0,0,0.204
0,0,0.01
0,0,0.004
0,0,0.054
0,0,0.004
0,0,0.01
0,0,0.08
1,1,1.0
0,0,0.0
1,1,1.0
0,0,0.014
0,0,0.0
0,0,0.104
1,1,1.0
1,1,0.686
0,0,0.032
0,0,0.0
0,0,0.00033458424103430343
0,0,0.058
0,0,0.176
1,1,1.0
0,0,0.088
0,0,0.0
0,0,0.0
1,1,1.0
0,0,0.0
1,1,1.0
0,0,0.014
0,0,0.048
0,0,0.0
0,0,0.03
0,0,0.006
0,0,0.016
0,0,0.0
0,0,0.0
0,0,0.018
1,0,0.066
0,0,0.036
0,0,0.0
0,0,0.0
0,0,0.004
1,0,0.482
0,0,0.012
1,1,1.0
0,0,0.02
0,0,0.104
0,0,0.012
0,0,0.086
0,0,0.028
0,0,0.0
0,0,0.014
0,0,0.064
0,1,0.6818670366034547
0,0,0.0
0,0,0.0
0,0,0.014
0,0,0.02
0,0,0.0
1,1,1.0
0,0,0.018
0,0,0.0
1,1,1.0
0,0,0.0
1,1,1.0
0,0,0.0
0,0,0.008
0,0,0.056
0,0,0.028
0,0,0.0
0,0,0.28670261466729074
1,1,1.0
0,0,0.03
0,0,0.088
1,1,0.97
0,0,0.014
0,0,0.006
0,0,0.364
0,0,0.0
0,0,0.06
0,0,0.018
0,0,0.03
0,0,0.054
0,0,0.034
0,0,0.066
0,0,0.058
0,0,0.0
0,0,0.0
0,0,0.01
0,0,0.004
0,0,0.026
0,0,0.044
0,0,0.0
0,0,0.002
0,0,0.004
0,0,0.04
0,0,0.076
0,0,0.0
0,0,0.05
0,0,0.0
0,0,0.01
0,0,0.0
0,0,0.004
0,0,0.166
0,0,0.032
0,0,0.0
0,0,0.0
1,1,1.0
0,0,0.212
0,0,0.004
0,0,0.0
0,0,0.0
0,0,0.0
0,0,0.026
0,0,0.126
1,1,1.0
1,1,1.0
0,0,0.0
0,0,0.0
0,0,0.0
0,0,0.034
0,0,0.0
1,1,1.0
0,0,0.012
0,0,0.01
0,0,0.094
0,0,0.0
1,0,0.232
0,0,0.0
0,0,0.0
0,0,0.0
1,1,1.0
0,0,0.004
0,0,0.036
0,0,0.0
0,0,0.136
0,0,0.002
0,0,0.004
0,0,0.014
0,0,0.132
0,0,0.0
0,0,0.004
0,0,0.26
0,0,0.128
0,0,0.002
1,1,1.0
0,0,0.293654128255174
0,0,0.022
0,0,0.056
0,0,0.044
1,1,1.0
0,0,0.136
0,0,0.02
0,0,0.002
1,1,1.0
0,0,0.0
1,1,1.0
0,0,0.064
0,0,0.054
0,0,0.084
0,0,0.0
0,0,0.094
0,0,0.006
0,0,0.0
0,0,0.004
0,0,0.02207485748858948
0,0,0.092
0,0,0.0
0,0,0.04
0,0,0.008
0,0,0.0
0,0,0.0
0,0,0.026
1,0,0.372
0,0,0.014
0,0,0.086
0,0,0.02
0,0,0.016
0,0,0.056
1,0,0.278
0,0,0.036
0,0,0.13
0,0,0.004
0,0,0.068
0,0,0.006
1,1,1.0
1,1,0.626
0,0,0.1
0,0,0.01
0,0,0.012
1,1,0.7364016427983952
0,0,0.2166766003812395
0,0,0.01466581719012528
0,0,0.068
0,0,0.084
1,0,0.2
0,0,0.0
0,0,0.0
0,0,0.0
0,0,0.042
0,0,0.038
1,1,0.998
0,0,0.078
0,0,0.0
0,0,0.056
0,0,0.006
0,0,0.1
0,0,0.052
1,1,1.0
0,0,0.004
0,0,0.004
0,0,0.0
0,0,0.014
0,0,0.0
0,0,0.016
0,0,0.032
0,0,0.0
0,0,0.012
0,0,0.002
0,0,0.02
0,0,0.002
0,0,0.0
0,0,0.006
0,0,0.01
0,0,0.0
0,0,0.0
1,1,1.0
0,0,0.0
0,0,0.0
0,0,0.0
0,0,0.0
0,0,0.012
0,0,0.032
0,0,0.176
1,1,0.964
0,0,0.016
0,0,0.0
0,0,0.01
0,0,0.032
0,0,0.042
0,0,0.064
0,0,0.0
1,1,1.0
0,0,0.0
0,0,0.048
0,0,0.0
0,0,0.04
0,0,0.026
0,0,0.2196554345515204
0,0,0.002
0,0,0.0
0,0,0.02
0,0,0.016
1,1,0.962
0,0,0.0
0,0,0.0
0,0,0.0
1,1,1.0
0,0,0.004
0,0,0.0
0,0,0.004074857488589481
0,0,0.036
0,0,0.0
0,0,0.0
0,0,0.018
1,1,1.0
0,0,0.148
0,0,0.038
0,0,0.018
0,0,0.002
0,0,0.0
0,0,0.0
0,0,0.038
0,0,0.002
0,0,0.064
0,0,0.004
0,0,0.0
0,0,0.0
0,0,0.066
0,0,0.028
0,0,0.176
1,0,0.292
0,0,0.0
1,1,1.0
0,0,0.0
0,0,0.0
0,0,0.0
0,0,0.0
0,0,0.0
1,1,1.0
0,0,0.016
0,0,0.2574614723236468
0,0,0.0
0,0,0.058
1,1,0.96
0,0,0.026
0,0,0.0
0,0,0.042
0,0,0.0
0,0,0.0
0,0,0.026
0,0,0.0
0,0,0.0
1,0,0.1314548152356549
0,0,0.012
1,1,0.954
0,0,0.0
1,1,0.952
0,0,0.06
0,0,0.0
0,0,0.006
0,0,0.0
0,0,0.01
0,0,0.0
0,0,0.0
0,0,0.038
0,0,0.014
0,0,0.034
1,1,1.0
1,1,1.0
0,0,0.004
0,0,0.002
0,0,0.014
0,0,0.0
0,0,0.0
0,0,0.012
0,0,0.002
0,0,0.114
0,0,0.054
0,0,0.0
0,0,0.0
0,0,0.012
0,0,0.092
1,1,1.0
0,0,0.042
0,0,0.114
0,0,0.036
0,0,0.024
0,0,0.01
1,1,1.0
1,1,1.0
1,1,1.0
0,0,0.012
0,0,0.0
0,0,0.2574614723236468
1,1,1.0
0,0,0.01
1,1,0.916
0,0,0.094
0,0,0.0
0,0,0.002
0,0,0.026
1,1,0.878
0,0,0.0
0,0,0.022
1,1,1.0
0,0,0.0
0,0,0.16
0,0,0.054
0,0,0.072
0,0,0.006
0,0,0.0
0,0,0.0
0,0,0.026
1,1,1.0
0,0,0.0
0,0,0.0
1,1,1.0
0,0,0.026
0,0,0.024
0,0,0.008
0,0,0.008
0,0,0.082
0,0,0.08
1,1,0.776031701832472
0,0,0.014
0,0,0.034
0,0,0.02
0,0,0.038
0,0,0.0
1,1,1.0
0,0,0.028
0,0,0.15176220403095594
0,0,0.0
0,0,0.014
0,0,0.028
0,0,0.002
0,0,0.0
0,0,0.002
0,0,0.044
0,0,0.234
0,0,0.0
0,0,0.064
0,0,0.0
0,0,0.0
0,0,0.0
0,0,0.004489244497124172
0,0,0.004
0,0,0.0
0,0,0.0
0,0,0.068
0,0,0.062
0,0,0.018
0,0,0.0
0,0,0.208
0,0,0.0
1,1,1.0
0,0,0.002
0,0,0.004
0,0,0.042
1,1,0.53
0,0,0.0
0,0,0.004
0,0,0.0
0,0,0.014
0,0,0.002
0,0,0.006
0,0,0.006
1,1,1.0
0,0,0.0
0,0,0.062
0,0,0.014
0,0,0.0
0,0,0.014
0,0,0.01
0,0,0.012656935529996806
0,0,0.006
0,0,0.0
1,1,0.99
0,0,0.02
0,0,0.0
0,0,0.018
0,0,0.0
1,1,1.0
0,0,0.052
0,0,0.0
0,0,0.126
0,0,0.0
0,0,0.022
0,0,0.01
0,0,0.024
0,0,0.03
0,0,0.022
0,0,0.0
0,0,0.098
1,1,1.0
0,0,0.018
0,0,0.026
0,0,0.008
0,0,0.028
0,0,0.0
0,0,0.054
0,0,0.0
0,0,0.0
0,0,0.092
0,0,0.0
0,0,0.064
0,0,0.002
0,0,0.024
0,0,0.032
0,0,0.0
0,0,0.034
0,0,0.012
0,0,0.0
0,0,0.082
0,0,0.076
0,0,0.012
0,0,0.042
0,0,0.02
1,1,0.512
0,0,0.004
0,0,0.02786137853718834
0,0,0.0
0,0,0.03
0,0,0.0
0,0,0.004
1,1,1.0
0,0,0.016
0,0,0.0
1,0,0.032
0,0,0.018
0,0,0.026
0,0,0.0
0,0,0.034
0,0,0.0
0,0,0.06
1,1,1.0
0,0,0.01
0,0,0.0
0,0,0.0
0,0,0.056
0,0,0.0
0,0,0.04
0,0,0.038
0,0,0.146
0,0,0.0
0,0,7.485748858948021e-05
0,0,0.0
1,1,1.0
0,0,0.004
0,0,0.022
0,0,0.0
1,1,1.0
0,0,0.018
0,0,0.0
0,0,0.006
1,1,1.0
1,1,1.0
0,0,0.0
0,0,0.108
0,0,0.0
0,0,0.086
0,0,0.0
0,0,0.028
0,0,0.152
0,0,0.006
0,0,0.15
0,0,0.05175705889319151
1,1,1.0
0,0,0.034
1,0,0.39
0,0,0.0
0,0,0.01
0,0,0.002
0,0,0.0
0,0,0.0
0,0,0.006
0,0,0.09696971787766312
0,0,0.0
0,0,0.034
0,0,0.0
0,0,0.0
0,0,0.054
0,0,0.038
0,0,0.008
0,0,0.002
0,0,0.008
0,0,0.02
0,0,0.094
0,0,0.1621803482380266
0,0,0.05
0,0,0.056
0,0,0.0
1,1,1.0
0,0,0.014
0,0,0.048
0,0,0.0
0,0,0.17
0,0,0.0
0,0,0.0
0,0,0.0
0,0,0.014
1,1,1.0
0,0,0.0
0,0,0.044
0,0,0.01
1,0,0.084
0,0,0.0
0,0,0.01
0,0,0.12248389206694109
0,0,0.024
0,0,0.044
0,0,0.036
0,0,0.3558477950877857
1,1,1.0
0,0,0.0
0,0,0.002
1,1,1.0
0,0,0.0
0,0,0.024
0,0,0.012
0,0,0.0
1,1,0.652
0,0,0.004
1,1,1.0
0,0,0.096
0,0,0.0
0,0,0.044
0,0,0.016
0,0,0.012
1,1,0.916
0,0,0.052
0,0,0.072
0,0,0.0
0,0,0.01
0,0,0.042
0,0,0.0
0,0,0.0
0,0,0.0
0,0,0.068
1,1,1.0
1,1,1.0
0,0,0.074
0,0,0.11
1,1,1.0
1,1,1.0
0,0,0.046
0,0,0.014
0,0,0.002
0,1,0.6850154632342742
0,0,0.1535908018179121
0,0,0.0
0,0,0.008
0,0,0.064
0,0,0.0
0,0,0.0
0,0,0.02
1,1,1.0
0,0,0.0
0,0,0.022
0,0,0.088
0,0,0.0
0,0,0.014
1,1,1.0
0,0,0.028
0,0,0.002
0,0,0.04
0,0,0.004
0,0,0.0
0,0,0.0
0,0,0.002
1,1,1.0
0,0,0.004
0,0,0.048
0,0,0.01
0,0,0.012
0,0,0.0
0,0,0.0
1,0,0.264
0,0,0.008
0,0,0.068
0,0,0.054
1,1,1.0
1,1,1.0
0,0,0.002
0,0,0.104
0,0,0.304
0,0,0.044
0,0,0.006
1,0,0.032
0,0,0.032
0,0,0.01
0,0,0.024
0,0,0.038
0,0,0.0
0,0,0.066
0,0,0.012
0,0,0.0
0,0,0.0
0,0,0.046
0,0,0.0
0,0,0.01
0,0,0.0
0,0,0.002
0,0,0.012
1,1,1.0
0,0,0.004
0,1,0.7813439255570502
1,0,0.376
0,0,0.048
0,0,0.0
0,0,0.034
1,0,0.034
0,0,0.018
0,0,0.002
0,0,0.0
0,0,0.31274826075121276
0,0,0.004
0,0,0.002
0,0,0.016
0,0,0.0
0,0,0.016
0,0,0.0
0,0,0.012
0,0,0.098
0,0,0.0
0,0,0.144
0,0,0.044
0,0,0.0
1,1,1.0
0,0,0.0
0,0,0.002
0,0,0.016
0,0,0.048
0,0,0.078
0,0,0.066
1,1,0.926
0,0,0.002
0,0,0.014
0,0,7.485748858948021e-05
0,0,0.004
0,0,0.062
0,0,0.0
0,0,0.056
0,0,0.0
0,0,0.062
0,0,0.006
0,0,0.03
0,0,0.134
0,0,0.004
0,0,0.0
0,0,0.032
1,1,1.0
0,0,0.0
0,0,0.48229296815332356
0,0,0.062
1,1,1.0
0,0,0.0
0,0,0.002
0,0,0.01
0,0,0.0
0,0,0.044
0,0,0.0
0,0,0.01
0,0,0.008
0,0,0.042
1,1,1.0
0,0,0.06
0,0,0.018
0,0,0.0
1,0,0.48099190825649246
0,0,0.006
0,0,0.124
0,0,0.022
0,0,0.0
1,1,1.0
0,0,0.0
0,0,0.002
0,0,0.126
0,0,0.026
0,0,0.0
0,0,0.104
0,0,0.016
0,0,0.084
1,1,1.0
0,0,0.018
1,0,0.486
0,0,0.002
1,1,1.0
0,0,0.108
0,0,0.004
0,0,0.014
0,0,0.0
0,0,0.138
0,0,0.01
0,0,0.0
0,0,0.0
0,0,0.094
0,0,0.032
0,0,0.022
0,0,0.0
0,0,0.0
0,0,0.016
0,0,0.002
0,0,0.0
0,0,0.084
0,0,0.13
0,0,0.004
0,0,0.018
0,0,0.002
0,0,0.024
0,0,0.062
0,0,0.0
0,0,0.058
1,1,1.0
0,0,0.112
0,0,0.0
0,0,0.02
0,0,0.024
0,0,0.014
0,0,0.002
0,0,0.046
0,0,0.014
0,0,0.006
0,0,0.0
0,0,0.0
0,0,0.062
0,0,0.028
0,0,0.002
0,0,0.0
0,0,0.24511356780208643
0,0,0.048
1,1,0.94
0,0,0.032
0,0,0.0
0,0,0.002
1,1,1.0
0,0,0.022
1,1,1.0
0,0,0.0
0,0,0.0
0,0,0.012
0,0,0.018
0,0,0.012
0,0,0.002
0,0,0.004
0,0,0.0
0,0,0.024
0,0,0.016
0,0,0.046
0,0,0.014
0,0,0.096
0,0,0.0
1,1,1.0
0,0,0.008
0,0,0.038
0,0,0.008
0,0,0.022
0,0,0.0
0,0,0.2574614723236468
0,0,0.004
0,0,0.028
0,0,0.02
1,1,0.962
0,0,0.016
0,0,0.0
0,0,0.07
1,1,1.0
0,0,0.042
0,0,0.03
0,0,0.002
0,0,0.034
0,0,0.108
1,0,0.282
0,0,0.006
0,0,0.018
0,0,0.006
1,0,0.104
1,0,0.444
0,0,0.088
1,1,1.0
0,0,0.0
0,0,0.0
0,0,0.002
0,0,0.0013690323004699584
0,0,0.214
0,0,0.0
0,0,0.014
0,0,0.066
0,0,0.024
0,0,0.01
0,0,0.0
0,0,0.0
1,1,1.0
1,0,0.298
0,0,0.00723155089157075
0,0,0.036
0,0,0.0
1,0,0.168
0,0,0.0
0,0,0.05607485748858948
0,0,0.0
1,1,1.0
0,0,0.0
0,0,0.094
0,0,0.002
1,1,0.986
0,0,0.004
0,0,0.024
0,0,0.002
0,0,0.012
0,0,0.068
0,0,0.154
0,0,0.014
0,0,0.04
0,0,0.012
0,0,0.042
0,0,0.04
0,0,0.0
0,0,0.0
1,1,1.0
0,0,0.098
0,0,0.0
0,0,0.018
0,0,0.0
0,0,0.084
0,0,0.01
0,0,0.056
1,0,0.144
0,0,0.0
0,0,0.0
0,0,0.008
1,0,0.482
0,0,0.008
0,0,0.052
0,0,0.0
0,0,0.0
0,0,0.0
0,0,0.048
0,0,0.003897385490998261
0,0,0.05
1,1,1.0
0,0,0.006
0,0,0.004
0,0,0.08
0,0,0.01
0,0,0.09
0,0,0.0
0,0,0.022
1,0,0.05
0,0,0.0
0,0,0.0
0,0,0.038
0,0,0.0
0,0,0.14
0,0,0.0
0,0,0.004
0,0,0.008
0,0,0.0
0,0,0.016
0,0,0.0
0,0,0.0
0,0,0.0
0,0,0.064
1,1,0.644
0,0,0.0
0,0,0.018
0,0,0.038
0,0,0.004
0,0,0.006
0,0,0.004
0,0,0.0
0,0,0.004
0,0,0.0
1,1,1.0
0,0,0.0
0,0,0.0
0,0,0.01
1,1,1.0
0,0,0.002
0,0,0.022
0,0,0.026
0,0,0.032
0,0,0.002
0,0,0.026
0,0,0.018
0,0,0.0
0,0,0.006
0,0,0.01
0,0,0.008
0,0,0.004
0,0,0.11
0,0,0.01
0,0,0.008
0,0,0.01
0,0,0.0
1,1,0.808
1,1,0.95
0,0,0.0
0,0,0.0
0,0,0.0
0,0,0.012
0,0,0.022
0,0,0.0
0,0,0.0
0,0,0.0
0,0,0.0
0,0,0.288
0,0,0.0
0,0,0.074
0,0,0.0
0,0,0.08
0,0,0.018
0,0,0.002
0,0,0.07
0,0,0.01
0,0,0.0
0,0,0.036
0,0,0.02
0,0,0.032
0,0,0.036
0,0,0.0
1,1,1.0
0,0,0.018
0,0,0.04
0,0,0.022
0,0,0.06
0,0,0.022
0,0,0.054
1,1,1.0
0,0,0.0
0,0,0.028
0,0,0.146
0,0,0.0
0,0,0.046
0,0,0.01
1,1,1.0
0,0,0.178
0,0,0.0
0,0,0.01
0,0,0.0
0,0,0.0
0,0,0.006
1,1,1.0
1,1,1.0
1,1,1.0
0,0,0.064
0,0,0.0
0,0,0.0
0,0,0.002
0,0,0.192
0,0,0.008
1,0,0.016
0,0,0.084
0,0,0.028
0,0,0.006
0,0,0.0
0,0,0.004
0,0,0.002
0,0,0.074
0,0,0.052
1,1,0.846
0,0,0.004
1,0,0.482
0,0,0.0
0,0,0.022
0,0,0.0
0,0,0.162
0,0,0.0
1,1,1.0
0,0,0.0
0,0,0.0
0,0,0.0
0,0,0.006
1,1,0.998
1,1,1.0
1,1,1.0
0,0,0.0
0,0,0.004
0,0,0.0
0,0,0.002
0,0,0.07
0,0,0.032
0,0,0.0
0,0,0.0
0,0,0.002
0,0,0.0
0,0,0.0
0,0,0.032
0,0,0.004
0,0,0.004
0,0,0.0
0,0,0.326
0,0,0.0
0,0,0.002
0,0,0.016
0,0,0.0
0,0,0.0
1,1,1.0
0,0,0.002
1,1,1.0
0,0,0.03
0,0,0.0
0,0,0.084
0,0,0.0
0,0,0.03
0,0,0.004
0,0,0.214
0,0,0.0
0,0,0.006
0,0,0.094
0,0,0.0
0,0,0.032
0,0,0.076
0,0,0.006
0,0,0.058
0,0,0.002
0,0,0.04
0,0,0.0
0,0,0.0
0,0,0.098
0,0,0.008
0,0,0.006
0,0,0.048
1,1,1.0
0,0,0.006
0,0,0.0
0,0,0.05
0,0,0.0
0,0,0.068
0,0,0.02
0,0,0.056
0,0,0.0
0,0,0.0
1,1,1.0
0,0,0.0
0,0,0.01
1,1,1.0
0,0,0.012
0,0,0.002
0,0,0.084
0,0,0.024
1,1,1.0
1,1,1.0
0,0,0.046
1,1,1.0
0,0,0.026
0,0,0.008
0,1,0.6758634161141526
0,0,0.064
0,0,0.048
0,0,0.016
0,0,0.026
0,0,0.044
0,0,0.046
1,0,0.028
0,0,0.0
0,0,0.058
1,1,1.0
0,0,0.0
0,0,0.002
0,0,0.0
0,0,0.0
0,0,0.028
0,0,0.0
0,0,0.02
0,0,0.028
0,0,0.0
0,0,0.0
0,0,0.044
0,0,0.018
0,0,0.056
0,0,0.02
0,0,0.0
0,0,0.0
0,0,0.0
0,0,0.0
0,0,0.01
0,0,0.004
0,0,0.0
0,0,0.022
0,0,0.0
0,0,0.036
0,0,0.058
0,0,0.016
0,0,0.01
0,1,0.776031701832472
0,0,0.002
0,0,0.152
0,0,0.028
0,0,0.0
0,0,0.0
0,0,0.0
0,0,0.044
0,0,0.046
0,0,0.0
0,0,0.022
0,0,0.014
0,0,0.102
0,0,0.0
0,0,0.008
1,1,1.0
1,1,1.0
0,0,0.032
0,0,0.03
1,1,1.0
0,0,0.0
1,1,0.568
0,0,0.024
0,0,0.0
0,0,0.3171359031616761
0,0,0.0
1,1,0.8068990222415585
0,0,0.0
0,0,0.002
0,0,0.074
0,0,0.01
0,0,0.022
0,0,0.012
0,0,0.0
0,0,0.01
0,0,0.018
0,0,0.0
0,0,0.0
0,0,0.008
0,0,0.0
0,0,0.038
0,1,0.5156765516164453
0,0,0.06
0,0,0.004
0,0,0.0
0,0,0.196
1,1,0.994
0,0,0.002
0,0,0.0
1,1,1.0
0,0,0.0
0,0,0.0
0,0,0.094
1,1,1.0
0,0,0.024
1,1,1.0
0,0,0.004074857488589481
0,0,0.028
0,0,0.15
0,0,0.04
0,0,0.068
0,0,0.2574614723236468
1,1,1.0
0,0,0.006
0,0,0.008
0,0,0.036
0,0,0.026
1,1,1.0
0,0,0.3333354463375841
0,0,0.0
0,0,0.012
0,0,0.068
0,0,0.0
0,0,0.084
1,1,1.0
0,0,0.004
0,0,0.014
0,0,0.018
0,0,0.224
1,0,0.068
0,0,0.0
0,0,0.006
1,1,1.0
0,0,0.032
0,0,0.14070170804825533
0,0,0.07
0,0,0.0
0,0,0.004
0,0,0.036
0,0,0.002
0,0,0.036
1,0,0.486
1,1,1.0
0,0,0.002
0,0,0.0
1,1,1.0
0,0,0.036
0,0,0.02
0,0,0.016
0,0,0.006
0,0,0.004
0,0,0.01
0,0,0.014
1,1,1.0
0,0,0.006
0,0,0.086
0,0,0.0
0,0,0.004074857488589481
0,0,0.012
0,0,0.014
0,0,0.0
0,0,0.0
0,0,0.024
1,1,0.94
0,0,0.008
0,0,0.31274826075121276
0,0,0.056
0,0,0.0
0,0,0.024
0,0,0.01
0,0,0.0
0,0,0.028
0,0,0.028
0,0,0.008
0,0,0.0
0,0,0.0
1,1,0.802
0,0,0.006
0,0,0.0
0,0,0.0
0,0,0.036
0,0,0.036
0,0,0.052
0,0,0.12
0,0,0.3659477836092714
0,0,0.02
0,0,0.014
0,0,0.034
0,0,0.0
1,1,1.0
0,0,0.01
0,0,0.018
0,0,0.07
0,0,0.0
0,0,0.0
0,0,0.012
0,0,0.01
0,0,0.064
0,0,0.0
0,0,0.0
0,0,0.0
0,0,0.008
0,0,0.0
0,0,0.038
1,0,0.176
0,0,0.0
0,0,0.0
0,0,0.018
0,0,0.0
0,0,0.01
0,0,0.08
0,0,0.0
0,0,0.124
0,0,0.076
0,0,0.004
0,0,0.02
1,0,0.468
0,0,0.004
1,1,1.0
0,0,0.048
0,0,0.016
0,0,0.0
0,0,0.0
0,0,0.062
0,0,0.082
0,0,0.04
0,0,0.006
0,0,0.064
0,0,0.002
0,0,0.006
0,0,0.1
0,0,0.012
0,0,0.014
1,1,1.0
0,0,0.006
0,0,0.014
1,1,1.0
1,1,1.0
1,1,1.0
0,0,0.068
0,0,0.0
0,0,0.206
0,0,0.056
0,0,0.0
0,0,0.03
0,0,0.04
0,0,0.012
0,0,0.0
0,0,0.062
0,0,0.008
0,0,0.0
0,0,0.004
0,0,0.0
0,0,0.0
1,1,1.0
1,1,0.998
1,1,1.0
0,0,0.056
0,0,0.024
0,0,0.112
0,0,0.012
0,0,0.01
0,0,0.0
0,0,0.0
0,0,0.0
1,0,0.388
0,0,0.0
0,0,0.036
0,0,0.15845032047906102
0,0,0.038
0,0,0.006
0,0,0.01
0,0,0.02
0,0,0.0
0,0,0.034
0,0,0.11
0,0,0.024
0,0,0.042
0,0,0.0
0,0,0.014
0,0,0.036
0,0,0.0
0,0,0.0
0,0,0.068
0,0,0.082
0,0,0.0
0,0,0.06
0,0,0.012
0,0,0.0
0,0,0.102
1,1,0.806
0,0,0.016
1,1,1.0
0,0,0.0
1,1,1.0
0,0,0.272
0,0,0.072
0,0,0.004
0,0,0.012
0,0,0.066
0,0,0.0
0,0,0.028
0,0,0.15
0,0,0.002
0,0,0.0
0,0,0.002
0,0,0.026
1,1,1.0
0,0,0.0
1,1,1.0
0,0,0.164
0,0,0.116
0,0,0.02
0,0,0.026
0,0,0.042
1,1,1.0
0,0,0.038
0,0,0.016
0,0,0.0
0,0,0.0
0,0,0.012
0,0,0.02
0,0,0.004
0,0,0.064
0,0,0.006
1,1,1.0
0,0,0.02
0,1,0.6149246662109149
0,0,0.036
1,1,1.0
0,0,0.0
0,0,0.018
0,0,0.084
0,0,0.0
0,0,0.2808505572799993
0,0,0.004
1,1,1.0
0,0,0.0
0,0,0.028
0,0,0.024
0,0,0.028
0,0,0.066
0,0,0.06
0,0,0.052
1,1,1.0
0,0,0.062
0,0,0.0
0,0,0.0
0,0,0.034
1,1,1.0
0,0,0.05
0,0,0.068
0,0,0.0
0,0,0.032
0,0,0.0
0,0,0.062
1,1,1.0
0,0,0.004
0,0,0.0
0,0,0.22
1,1,1.0
0,0,0.044
1,1,1.0
0,0,0.0
0,0,0.034
0,0,0.142
0,0,0.0
0,0,0.0
0,0,0.0
0,0,0.0
0,0,0.046
0,0,0.054
0,0,0.01
0,0,0.098
0,0,0.024
0,0,0.012
0,0,0.024
0,0,0.034
0,0,0.032
0,0,0.006
0,0,0.002
0,0,0.0
0,0,0.0
0,0,0.0
0,0,0.008
0,0,0.0
0,0,0.3138483699813746
1,1,1.0
0,0,0.0
1,1,1.0
0,0,0.0
1,1,1.0
0,0,0.04
1,1,1.0
0,0,0.032
0,0,0.062
0,0,0.03
0,0,0.03
1,1,0.964
0,0,0.014
0,0,0.1
1,1,0.998
1,0,0.082
0,0,0.0
0,0,0.0
0,0,0.006
0,0,0.1
0,0,0.0
0,0,0.042
0,0,0.054
0,0,0.0
0,0,0.04
0,1,0.7813439255570502
1,1,1.0
0,0,0.032
0,0,0.25943228665741896
0,0,0.0
0,0,0.044
0,0,0.038
0,0,0.036
0,0,0.0
0,0,0.056
0,0,0.038
0,0,0.006
0,0,0.0
1,0,0.28
0,0,0.018
0,0,0.002
1,1,1.0
1,1,1.0
0,0,0.026
1,1,1.0
0,0,0.07
0,0,0.012
0,0,0.028
0,0,0.0
0,0,0.098
0,0,0.012
0,0,0.0
0,0,0.058
1,1,1.0
0,0,0.0
0,0,0.0
0,0,0.116
0,0,0.0
0,0,0.01
0,0,0.0
0,0,0.016
0,0,0.0
0,0,0.008
0,0,0.0
0,0,0.31274826075121276
0,0,0.002
1,1,1.0
0,0,0.12248389206694109
0,0,0.104
0,0,0.47184466829872534
1,1,1.0
0,0,0.056
0,0,0.042
0,0,0.02
0,0,0.05
0,0,0.0
0,0,0.016
0,0,0.052
0,0,0.02
0,0,0.012
0,0,0.0
0,0,0.004
1,1,1.0
0,0,0.0
0,0,0.024
0,0,0.008
0,0,0.026
0,0,0.0
0,0,0.46757796617363473
1,1,1.0
0,0,0.022
0,0,0.008
0,0,0.028
0,0,0.0
0,0,0.0
0,0,0.096
0,0,0.072
0,0,0.004
0,0,0.034
0,0,0.0
1,0,0.204
0,0,0.0
0,0,0.0
0,0,0.0
0,0,0.012
0,0,0.0
1,0,0.424
0,0,0.158
1,1,1.0
0,0,0.004
1,0,0.35
1,1,1.0
1,1,1.0
0,0,0.176
0,0,0.006
1,1,0.612
0,0,0.0
0,0,0.012
0,0,0.0
0,0,0.0
0,0,0.002
1,1,1.0
0,0,0.004
0,0,0.058
0,0,0.14
0,0,0.01
1,1,1.0
0,0,0.164
0,0,0.026
0,0,0.04
1,1,1.0
0,0,0.0
0,0,0.0
0,0,0.114
0,0,0.0
0,0,0.012
0,0,0.066
0,0,0.17
0,0,0.0
0,0,0.014
0,0,0.0
1,1,1.0
0,0,0.054
0,0,0.0
0,0,0.05
0,0,0.0
0,0,0.148
0,0,0.004
0,0,0.002
0,0,0.002
0,0,0.008
0,0,0.02
1,1,1.0
0,0,0.0
0,0,0.022
0,0,0.028
0,0,0.0
0,0,0.008
0,0,0.0
0,0,0.03
0,0,0.024
0,0,0.0
0,0,0.004
1,1,1.0
0,0,0.0
1,1,1.0
0,0,0.036
0,1,0.5449705582765004
0,0,0.004
0,0,0.034
0,0,0.0
0,0,0.012
0,0,0.028
0,0,0.0
0,0,0.0
0,0,0.0
0,0,0.01
0,0,0.004
0,0,0.084
1,1,0.632
0,0,0.344
0,0,0.034
0,0,0.026
1,1,1.0
0,0,0.0
0,0,0.006
1,1,1.0
0,0,0.022
0,0,0.022
1,1,1.0
0,0,0.014
1,1,0.998
0,0,0.0
0,0,0.0
0,0,0.0
0,0,0.016
0,0,0.0
0,0,0.014
0,0,0.044
0,0,0.0
0,0,0.0
0,0,0.046
0,0,0.002
0,0,0.03
0,0,0.074
1,1,1.0
0,0,0.016
0,0,0.01
0,0,0.034
0,0,0.26524462519668235
0,0,0.008
0,0,0.0
1,1,1.0
1,1,1.0
0,0,0.07
0,0,0.044
0,0,0.0
0,0,0.0
0,0,0.13
0,1,0.6850154632342742
1,1,0.986
0,0,0.152
0,0,0.026
0,0,0.0
0,0,0.002
1,0,0.374
0,0,0.016
0,0,0.252
0,0,0.064
1,1,1.0
0,0,0.038
0,0,0.0
1,1,1.0
0,0,0.0
0,0,0.0
0,0,0.006
1,1,1.0
0,0,0.098
0,0,0.0
0,0,0.026
0,0,0.014
0,0,0.034
0,0,0.0
1,1,1.0
1,0,0.146
0,0,0.0
1,1,1.0
0,0,0.092
0,0,0.012
0,0,0.006
0,0,0.044
0,0,0.05
0,0,0.0
0,0,0.004
0,0,0.008
1,1,1.0
0,0,0.006
0,0,0.002
0,0,0.0
0,0,0.006
0,0,0.01
1,0,0.442
0,0,0.03928777768794319
1,1,0.68
0,1,0.5356484619788965
0,0,0.036
0,0,0.002
0,0,0.0
0,0,0.026
1,1,1.0
1,1,1.0
0,0,0.024
0,0,0.0
0,0,0.0
0,0,0.006
0,0,0.0
0,0,0.002
0,0,0.012
0,0,0.0
0,0,0.0
0,0,0.03
0,0,0.028
0,0,0.034
0,0,0.046
0,0,0.0
1,1,1.0
0,0,0.0
0,0,0.0
0,0,0.0
0,0,0.0
1,0,0.26570886085482215
1,0,0.264
1,1,1.0
0,0,0.02
1,1,0.718
1,1,1.0
0,0,0.134
0,0,0.0
0,0,0.062
1,0,0.216
0,0,0.015221560842908396
0,0,0.016
1,1,0.948
0,0,0.052
0,0,0.026
0,0,0.054
0,0,0.116
0,0,0.022
1,0,0.26
0,0,0.0
1,1,1.0
0,0,0.028
1,1,1.0
0,0,0.016
0,0,0.034
0,0,0.104
1,1,0.97
1,1,0.986
0,0,0.0
0,0,0.094
0,0,0.006
0,0,0.108
0,0,0.0
0,0,0.0
0,0,0.054
0,0,0.0
0,0,0.024
0,0,0.002
0,0,0.06
0,0,0.006
0,0,0.054
0,0,0.0
0,0,0.03
1,1,0.6149246662109149
0,0,0.0
0,0,0.0
0,0,0.028
0,0,0.01
0,0,0.044
0,0,0.012
0,0,0.016
0,0,0.004
1,1,1.0
0,0,0.0
0,0,0.04
0,0,0.02
0,0,0.048
0,0,0.0
1,1,1.0
0,0,0.022
0,0,0.028
0,0,0.0
0,0,0.0
0,0,0.0
0,0,0.086
0,0,0.0
0,0,0.058
0,0,0.0
0,0,0.076
0,0,0.002
0,0,0.012
1,0,0.492
0,0,0.002
0,0,0.134
0,0,0.032
0,0,0.0
0,0,0.004
0,0,0.16
0,0,0.052
0,0,0.008
0,0,0.03
0,0,0.024
0,0,0.0
0,0,0.03
0,0,0.0
0,0,0.084
1,1,1.0
1,0,0.37629784130720534
1,1,1.0
0,0,0.038
0,0,0.036
0,0,0.07437408551281131
0,0,0.106
0,0,0.108
1,1,1.0
0,0,0.038
0,0,0.0
0,0,0.012
0,0,0.078
1,1,0.7439476033029779
0,0,0.0
1,1,1.0
0,0,0.002
1,1,1.0
0,0,0.066
0,0,0.012
0,0,0.014
0,0,0.016
0,0,0.024
0,0,0.018
0,0,0.04
0,0,0.082
1,1,1.0
1,1,0.99
0,0,0.012
1,1,0.782
0,0,0.0
0,0,0.012
0,0,0.072
0,0,0.072
0,0,0.062
0,0,0.002
1,1,0.956
0,0,0.47418246856592455
0,0,0.068
0,0,0.0
0,0,0.0
0,0,0.044
0,0,0.14
1,1,1.0
0,0,0.034
0,0,0.0
0,0,0.002
0,0,0.0
0,0,0.052
0,0,0.08
0,0,0.04
1,1,1.0
0,0,0.012
0,0,0.042
0,0,0.104
0,0,0.0
0,0,0.108
0,0,0.006
0,0,0.05
0,0,0.0
0,0,0.046
1,1,1.0
0,0,0.008
0,0,0.056
0,0,0.008
0,0,0.032
1,1,1.0
0,0,0.0
1,1,0.994
0,0,0.084
0,0,0.0
0,0,0.018
0,0,0.098
1,1,1.0
1,1,1.0
0,0,0.126
0,0,0.042
1,1,1.0
0,0,0.072
0,0,0.03
0,0,0.014
0,0,0.0
1,1,0.764
0,0,0.01
0,0,0.148
0,0,0.024
0,0,0.006
1,0,0.08
0,0,0.022
0,0,0.138
1,1,0.802
0,0,0.092
1,0,0.172
0,0,0.0
0,0,0.0
0,0,0.0
0,0,0.052
0,0,0.0
0,0,0.01
0,0,0.02
0,0,0.124
1,0,0.082
1,1,1.0
0,0,0.034
0,0,0.058
0,0,0.0
0,0,0.0
0,0,0.01
0,0,0.062
0,0,0.046
0,0,0.004074857488589481
0,0,0.0
0,0,0.036
0,0,0.0
0,0,0.03
0,0,0.0
0,0,0.0
0,0,0.012
0,0,0.0
0,0,0.006
0,0,0.0
0,0,0.0
0,0,0.004
1,0,0.086
1,0,0.12
0,0,0.004
0,0,0.048
0,0,0.038
0,0,0.036
0,0,0.0
1,1,1.0
0,0,0.006
1,0,0.496
0,0,0.042
0,0,0.068
1,1,1.0
0,0,0.0
0,0,0.004
0,0,0.0
1,1,1.0
0,0,0.028
0,0,0.0
0,0,0.038
0,0,0.052
1,1,1.0
0,0,0.0
0,0,0.0
0,0,0.006
0,0,0.002
0,0,0.0
0,0,0.006
0,0,0.012
0,0,0.01
0,0,0.124
0,0,0.0
0,0,0.044
0,0,0.018
0,0,0.004
1,1,1.0
1,0,0.254
0,0,0.002
0,0,0.014
1,0,0.114
0,0,0.012
0,0,0.018
0,0,0.0
0,0,0.014
0,0,0.07
0,0,0.034
0,0,0.0
0,0,0.06
0,0,0.038
1,1,1.0
0,0,0.0
1,0,0.298
1,0,0.05
0,0,0.064
0,0,0.05
0,0,0.038
0,0,0.0
0,0,0.184
1,1,1.0
0,0,0.01
0,0,0.0
0,0,0.0
0,0,0.0
1,0,0.278
1,1,1.0
0,0,0.03
0,0,0.018
0,1,0.5356484619788965
1,0,0.19
0,0,0.0
0,0,0.014
0,0,0.0
1,1,0.91
0,0,0.018
0,0,0.122
0,0,0.004
0,0,0.062
1,0,0.2166766003812395
0,0,0.0
0,0,0.0
0,0,0.008
0,0,0.0
0,0,0.018
0,0,0.032
0,0,0.068
0,0,0.0
0,0,0.0
0,0,0.018
0,0,0.014
0,0,0.098
0,0,0.0
0,0,0.038
0,0,0.022
0,0,0.0
0,0,0.002
1,1,0.954
1,1,1.0
0,0,0.0
0,0,0.0
0,0,0.0
0,0,0.024
0,0,0.058
0,0,0.026
0,0,0.004
1,1,1.0
0,0,0.0
0,0,0.0
1,1,1.0
1,1,1.0
0,0,0.05
0,0,0.058
0,0,0.0
0,0,0.042
0,0,0.0
0,0,0.002
0,0,0.07
0,0,0.0
1,0,0.28
0,0,0.044
1,1,1.0
0,0,0.112
1,1,1.0
0,0,0.014
0,0,0.002
0,0,0.014
1,1,1.0
1,1,1.0
0,0,0.016
0,0,0.0
1,0,0.178
0,0,0.0
0,0,0.002
0,0,0.064
0,0,0.04
0,0,0.006
0,0,0.086
0,0,0.29047218023910687
0,0,0.0
1,1,0.998
0,0,0.0
0,0,0.046
0,0,0.034
0,0,0.002
0,0,0.124
0,0,0.046
0,0,0.008
0,0,0.004
0,0,0.0
1,1,1.0
0,0,0.026
1,1,1.0
0,0,0.002
1,0,0.14
0,0,0.0
1,1,1.0
0,0,0.08
0,0,0.006
0,0,0.006
1,0,0.394
0,0,0.038
1,1,1.0
0,0,0.016
1,1,0.504
0,0,0.098
0,0,0.004
0,0,0.07
0,0,0.096
0,0,0.058
0,0,0.014
0,0,0.3937076088553692
0,0,0.012
0,0,0.086
0,0,0.0
0,0,0.0
0,0,0.128
1,1,1.0
0,0,0.0
0,0,0.014
0,0,0.01
1,1,0.7439476033029779
0,0,0.01
1,1,1.0
0,0,0.004
0,0,0.228
0,0,0.028
1,1,1.0
1,0,0.408
0,0,0.072
0,0,0.084
1,0,0.24
0,0,0.0
1,1,1.0
0,0,0.09
0,0,0.094
1,1,1.0
1,1,1.0
0,0,0.0
0,0,0.002
0,0,0.0
0,0,0.006
1,0,0.486
0,0,0.0
0,0,0.0
0,0,0.016
1,1,1.0
0,0,0.028
0,0,0.032
0,0,0.0
0,0,0.05
1,1,1.0
0,0,0.0
0,0,0.004
0,0,0.08
0,0,0.0
0,0,0.0
1,1,1.0
0,0,0.056
0,0,0.03
0,0,0.0
0,0,0.0
0,0,0.0
0,0,0.038
0,0,0.0
0,0,0.032
0,0,0.0
1,1,0.816
0,0,0.032
0,0,0.092
0,0,0.036
1,1,1.0
0,0,0.064
0,0,0.0
0,0,0.0
0,0,0.1
0,0,0.018
0,0,0.22
0,0,0.022
0,0,0.0
0,0,0.0
1,1,1.0
0,0,0.0
0,0,0.034
1,0,0.376
0,0,0.0
0,0,0.054
0,0,0.03
0,0,0.0176787975640038
0,0,0.0
0,0,0.0
0,0,0.01
0,0,0.134
0,0,0.034
1,1,1.0
0,0,0.048
0,0,0.043583075807739464
0,0,0.0
0,0,0.018
0,0,0.0
0,0,0.006
0,0,0.004
0,0,0.086
0,0,0.018
0,0,0.114
0,0,0.02
0,0,0.0
0,1,0.5975693335296439
0,0,0.28038665652695055
0,0,0.09
0,0,0.008
0,0,0.074
0,0,0.05
1,1,1.0
0,0,0.016
0,0,0.318
0,0,0.0
1,0,0.142
0,0,0.0
0,0,0.054
0,0,0.018
0,0,0.0
0,0,0.128
0,0,0.0
1,1,1.0
1,1,0.912
1,1,1.0
0,0,0.046
0,0,0.01
0,0,0.018
1,1,0.514
0,0,0.014
0,0,0.05
0,0,0.05
0,0,0.08
1,1,1.0
0,0,0.03
0,0,0.016
1,1,0.712
0,0,0.002
0,0,0.048
0,0,0.0
0,0,0.084
0,0,0.002
0,0,0.024
0,0,0.032
0,0,0.004
0,0,0.0
0,0,0.25
1,1,0.728
0,0,0.0
0,0,0.0
0,0,0.006
0,0,0.062
0,0,0.01
0,0,0.0
0,0,0.0
0,0,0.01743457932656296
0,0,0.078
0,0,0.014
0,0,0.0
0,0,0.01
0,0,0.09
0,0,0.002
0,0,0.024
0,0,0.0
0,0,0.134
0,0,0.018
0,0,0.002
0,0,0.022
0,0,0.04769874744082306
0,0,0.0
0,0,0.01
0,0,0.0
0,0,0.044
0,0,0.0
0,0,0.0
0,1,0.6850154632342742
1,1,1.0
0,0,0.078
1,0,0.446
0,0,0.044
1,1,0.974
1,1,1.0
0,0,0.012
1,1,1.0
0,0,0.02
0,0,0.004
0,0,0.0
1,1,1.0
1,0,0.148
0,0,0.008
1,1,1.0
0,0,0.018
0,0,0.0
1,1,0.964
1,1,1.0
0,0,0.0
1,1,1.0
1,1,1.0
0,0,0.008
0,0,0.014
0,0,0.006
0,0,0.148
0,0,0.07029144030528192
0,0,0.022
0,0,0.022
0,0,0.0
1,0,0.182
0,0,0.038
0,0,0.118
0,0,0.0
0,0,0.002
0,0,0.0
1,1,1.0
1,0,0.462
0,0,0.194
0,0,0.002
0,0,0.256
0,0,0.0
0,0,0.05
0,0,0.042
0,0,0.0
0,0,0.016
0,0,0.24511356780208643
0,0,0.002
1,1,0.754
0,0,0.034
1,1,1.0
0,0,0.006
0,0,0.1535908018179121
0,0,0.018
1,1,0.968
0,0,0.0
0,0,0.024
0,0,0.0
0,0,0.0
0,0,0.006
0,0,0.006
0,0,0.01
0,0,0.012
1,1,1.0
0,0,0.028
1,1,1.0
0,0,0.114
0,0,0.02
0,0,0.0
0,0,0.04
0,0,0.0
0,0,0.026
0,0,0.0
0,0,0.006
0,0,0.266
0,0,0.0
0,0,0.0
0,0,0.046
0,0,0.0
0,0,0.052
0,0,0.026
0,0,0.014
1,1,0.872
0,0,0.07
0,0,0.022
0,0,0.036
0,0,0.0
0,0,0.0
0,0,0.004
0,0,0.0
0,0,0.064
1,1,0.91
0,0,0.188
0,0,0.1
0,0,0.0
0,0,0.01
0,0,0.122
1,1,0.988
1,1,1.0
0,0,0.0
0,0,0.016
1,0,0.2611825021371744
0,0,0.0
0,0,0.016
0,0,0.036
0,0,0.03
0,0,0.014
0,0,0.196
0,0,0.006
0,0,0.004
0,0,0.008
0,0,0.002
0,0,0.0
1,1,1.0
0,0,0.012036358726970172
1,1,1.0
0,0,0.034291440305281924
1,1,1.0
0,0,0.0
0,0,0.0
0,0,0.0
0,0,0.016
0,0,0.046
0,0,0.018
0,0,0.016
1,1,1.0
0,0,0.0
0,0,0.0
0,1,0.6230437234494137
0,0,0.036
0,0,0.056
0,0,0.0
0,0,0.0
0,0,0.04
0,0,0.046
1,0,0.196
0,0,0.056
0,0,0.064
0,0,0.04
0,0,0.0
0,0,0.152
0,0,0.01
0,0,0.022
1,1,1.0
0,0,0.0
0,0,0.0
0,0,0.002
0,0,0.012
1,1,1.0
0,0,0.02
0,0,0.0
0,0,0.028
1,1,1.0
0,0,0.01407485748858948
0,0,0.204
0,0,0.0
0,0,0.008
0,0,0.002
0,0,0.032
0,0,0.084
0,0,0.032
0,0,0.0
0,0,0.024
0,0,0.042
0,0,0.0
1,1,1.0
0,0,0.062
0,0,0.0
0,0,0.108
0,0,0.002
0,0,0.01
1,1,0.9
0,0,0.018
0,0,0.0
1,1,1.0
0,0,0.0
0,0,0.028
0,0,0.004
0,0,0.0
1,0,0.234
0,0,0.0
0,0,0.054
1,1,0.842
0,0,0.066
0,0,0.004
0,0,0.0
0,0,0.104
0,0,0.122
0,0,0.0
0,0,0.066
0,0,0.026
0,0,0.014
0,0,0.012
0,0,0.0
0,0,0.186
0,0,0.064
0,0,0.0
0,0,0.004
0,0,0.0
0,0,0.026
0,0,0.0
1,1,0.996
0,0,0.084
0,0,0.03
1,1,1.0
0,0,0.016
0,0,0.042
0,0,0.078
0,0,0.028
0,0,0.3937076088553692
0,0,0.0
0,0,0.074
0,0,0.012
0,0,0.006
0,0,0.136
0,0,0.054
0,0,0.0
0,0,0.01
0,0,0.012
0,0,0.012
0,0,0.0
0,0,0.0
0,0,0.056
0,0,0.1535908018179121
0,0,0.032
1,1,1.0
0,0,0.004
0,0,0.0
0,0,0.0
0,0,0.0
0,0,0.008
0,0,0.028
0,1,0.7239380315315209
0,0,0.0
0,0,0.042
1,1,0.998
0,0,0.0
0,0,0.004
0,0,0.04
0,0,0.0
0,0,0.016
1,1,1.0
0,0,0.094
1,0,0.212
0,0,0.042
0,0,0.0
0,0,0.038
0,0,0.082
0,0,0.0
1,1,1.0
0,0,0.008
0,0,0.012
0,0,0.01
0,0,0.03
0,0,0.196
0,0,0.114
0,0,0.0
0,0,0.004
0,0,0.4680801101637131
0,0,0.008
0,0,0.01
0,0,0.0
0,0,0.014
0,0,0.0
0,0,0.138
0,0,0.0
0,0,0.026
0,0,0.00029144030528192237
0,0,0.0
0,0,0.022
0,0,0.072
0,0,0.068
0,0,0.022
1,0,0.07
0,0,0.004
0,0,0.008
0,0,0.008
0,1,0.6220174389962739
0,0,0.114
0,0,0.032
0,0,0.136
0,0,0.0
1,0,0.252
0,0,0.054
0,0,0.008
0,0,0.008
0,0,0.016
0,0,0.042
0,0,0.204
0,0,0.032
0,0,0.022
0,0,0.0
0,0,0.028
0,0,0.15
0,0,0.032
1,1,1.0
1,1,1.0
0,0,0.006
0,0,0.008
0,0,0.0
0,0,0.0
0,0,0.0
0,0,0.0
0,0,0.0
0,0,0.0
0,0,0.11
0,0,0.128
0,0,0.03
0,0,0.032
0,0,0.01
0,0,0.0
0,0,0.012
0,0,0.096
0,0,0.118
0,0,0.02
0,0,0.0
0,0,0.02
0,0,0.064
0,0,0.0
0,0,0.0
0,0,0.326
1,1,1.0
0,0,0.138
0,0,0.0
0,0,0.016
1,1,1.0
0,0,0.008
0,0,0.036
0,0,0.084
1,1,1.0
1,1,1.0
0,0,0.006
0,0,0.084
0,0,0.002
0,0,0.012
0,0,0.058
1,1,0.91
0,0,0.0
0,0,0.02
0,0,0.014
0,0,0.004
0,0,0.01
0,0,0.0
0,0,0.006
0,0,0.032
0,0,0.0
1,1,1.0
0,0,0.006
0,0,0.008
0,0,0.01
0,0,0.0
0,0,0.004
0,0,0.0
1,1,1.0
0,0,0.0
0,0,0.0
0,0,0.0
0,0,0.038
0,0,0.016
1,0,0.166
0,0,0.0
0,0,0.0
0,0,0.018
0,0,0.006
0,0,0.012
1,0,0.054
0,0,0.01
0,0,0.004
0,0,0.036
0,0,0.0
0,0,0.226
0,0,0.008
1,1,1.0
1,1,1.0
0,0,0.106
1,1,1.0
0,0,0.0
0,0,0.008
0,0,0.07
0,0,0.0
0,0,0.004
0,0,0.006
0,0,0.0
0,0,0.0
0,0,0.028
0,0,0.01
1,1,0.804
0,0,0.012
1,1,1.0
0,0,0.082
0,0,0.032
0,0,0.0
0,0,0.144
0,0,0.022
0,0,0.0
0,0,0.082
0,0,0.01
0,0,0.02
0,0,0.0
0,0,0.3138483699813746
0,0,0.042
0,0,0.006
0,0,0.02
0,0,0.008
0,0,0.028
1,1,1.0
0,0,0.012
0,0,0.018
0,0,0.0
0,0,0.022
0,0,0.0
0,0,0.004
0,0,0.0
0,0,0.004
0,0,0.01
1,1,0.79
0,0,0.0
0,0,0.0
0,0,0.002
1,1,1.0
0,0,0.0
0,0,0.008
0,0,0.052
0,0,0.0
0,0,0.108
0,0,0.022
0,0,0.002
0,0,0.134
0,1,0.7239380315315209
0,0,0.02
0,0,0.0
1,1,1.0
1,1,1.0
0,0,0.03
0,0,0.004
0,0,0.012
0,0,0.0
0,0,0.058
0,0,0.014
0,0,0.042
0,0,0.018
0,0,0.024
0,0,0.004
0,0,0.146
0,0,0.0
0,0,0.074
0,0,0.094
0,0,0.016
0,0,0.032
0,0,0.012
0,0,0.09
1,1,1.0
0,0,0.0
1,1,1.0
0,0,0.0
0,0,0.0
0,0,0.058
0,0,0.02
0,0,0.104
0,0,0.024
0,0,0.004
0,0,0.008
0,0,0.086
0,0,0.006
0,0,0.008
0,0,0.0
0,0,0.022
0,0,0.124
0,0,0.008
0,0,0.0
0,0,0.106
0,0,0.02
0,0,0.0
0,0,0.0
0,0,0.094
0,0,0.014
0,0,0.0
0,0,0.028
0,0,0.0
0,0,0.052
0,0,0.016
0,0,7.485748858948021e-05
0,0,0.0
1,1,1.0
0,0,0.036
0,0,0.0
0,0,0.122
0,0,0.078
0,0,0.1909181231689616
0,0,0.016
0,0,0.0
0,0,0.0
0,0,0.0
0,0,0.008
0,0,0.0
0,0,0.01
0,0,0.006
0,0,0.0
1,1,1.0
0,0,0.024
1,1,1.0
1,1,1.0
1,1,1.0
1,1,0.806
0,0,0.0
0,0,0.07
0,0,0.052
0,0,0.008
0,0,0.008
1,1,1.0
0,0,0.068
0,0,0.064
0,0,0.0
0,0,0.056
0,0,0.0
1,1,1.0
0,0,0.006
0,0,0.38483470572984957
0,0,0.182
0,0,0.026
0,0,0.0
0,0,0.0
0,0,0.01
0,0,0.004
0,0,0.074
0,0,0.282
0,0,0.032
0,0,0.0
0,0,0.0
1,1,1.0
0,0,0.008
0,0,0.0
1,1,1.0
1,1,1.0
0,0,0.022
0,0,0.018
0,0,0.0
0,0,0.044
0,0,0.098
0,0,0.012
1,1,1.0
0,0,0.116
1,1,0.834
0,0,0.0
0,0,0.014
0,0,0.028
0,0,0.008
1,1,1.0
0,0,0.008
0,0,0.026
0,0,0.014
0,0,0.004
0,0,0.056
0,0,0.0
0,0,0.018
0,0,0.0
1,1,1.0
0,0,0.032
0,0,0.0
0,0,0.278
0,0,0.082
0,0,0.0
0,0,0.004
0,0,0.0
0,0,0.102
0,0,0.03
0,0,0.024
0,0,0.02
0,0,0.02
0,0,0.012
0,0,0.036
0,0,0.0
0,0,0.008
0,0,0.0
1,0,0.394
0,0,0.004
0,0,0.07
0,0,0.002
0,0,0.034
0,0,0.0
0,0,0.066
0,0,0.008
0,0,0.012
0,0,0.0
0,0,0.0
0,0,0.04
0,0,0.008
1,1,1.0
0,0,0.02
0,0,0.006
0,0,0.0
1,1,1.0
0,0,0.0
0,0,0.014
0,0,0.0
1,1,0.56
0,0,0.0
0,0,0.01
0,0,0.0
0,0,0.0
0,0,0.028
0,0,0.0
0,0,0.0
1,1,1.0
0,0,0.004
0,0,0.032
0,0,0.01
0,0,0.0
0,0,0.0
0,0,0.0
1,0,0.144
0,0,0.018
0,0,0.002
0,0,0.0
0,0,0.0
1,1,1.0
0,0,0.0
0,0,0.186
0,0,0.03
0,0,0.09
0,0,0.026
0,0,0.014
0,0,0.0
0,0,0.01
0,0,0.036
0,0,0.036
0,0,0.056
0,0,0.0
0,0,0.0
1,1,0.99
0,0,0.028
0,0,0.15733298638533874
0,0,0.0
0,0,0.092
0,0,0.03
0,0,0.002
0,0,0.0
0,0,0.0
0,0,0.0
0,0,0.0
0,0,0.054
0,0,0.018
0,0,0.0
0,0,0.146
0,0,0.0
0,0,0.02
1,1,1.0
0,0,0.002
0,0,0.11429144030528192
0,0,0.026
0,0,0.0
0,0,0.09
0,0,0.0
1,1,1.0
0,0,0.036
1,1,0.868
0,0,0.018
0,0,0.138
0,0,0.0
0,0,0.008
0,0,0.024
0,0,0.29047218023910687
0,0,0.0
1,1,1.0
0,0,0.012
0,0,0.0
0,0,0.152
1,1,0.938
0,0,0.0
0,0,0.038
0,0,0.016
0,0,0.0
0,0,0.02
0,0,0.0
1,1,0.996
0,0,0.04
1,1,1.0
0,0,0.0
0,0,0.03
0,0,0.11
0,0,0.0
1,1,1.0
0,0,0.0
0,0,0.0
0,0,0.026
0,0,0.004
0,0,0.0
0,0,0.014
0,0,0.024
0,0,0.004
1,1,0.996
0,0,0.006
0,0,0.014
0,0,0.03
0,0,0.02
0,0,0.01
0,0,0.058
0,0,0.0
0,0,0.06
0,0,0.13
0,0,0.0
0,0,0.0
0,0,0.014
0,0,0.018
0,0,0.01734732602052414
0,0,0.01
1,1,1.0
0,0,0.006
1,0,0.448
0,0,0.082
1,1,1.0
0,0,0.084
0,0,0.004
1,1,1.0
0,0,0.054
0,0,0.0
0,0,0.006
0,0,0.082
1,1,1.0
0,0,0.052
0,0,0.06
1,1,1.0
0,0,0.0
0,0,0.02
0,0,0.018
1,0,0.244
0,0,0.0
0,0,0.006
0,0,0.006
0,0,0.084
1,1,0.826
1,1,0.668
0,0,0.008773560465944108
0,1,0.776031701832472
0,0,0.072
0,0,0.018
0,0,0.008
0,0,0.0
0,0,0.021026637042268932
0,0,0.05
0,0,0.028
1,1,1.0
0,0,0.0
0,0,0.09829144030528192
0,0,0.032
0,0,0.0
0,0,0.022
0,0,0.0
0,0,0.346
0,0,0.008
0,0,0.02
0,0,0.0
0,0,0.01
0,0,0.02
1,0,0.054
0,0,0.034
1,1,1.0
1,1,1.0
0,0,0.006
0,0,0.0
0,0,0.016
0,0,0.0
0,0,0.026
0,0,0.002
0,0,0.0
0,0,0.016
0,0,0.004
0,0,0.006
0,0,0.0
0,0,0.0
1,1,1.0
0,0,0.018
0,0,0.072
0,0,0.016
0,0,0.032
0,0,0.0
0,0,0.03
0,0,0.024
0,0,0.0
0,0,0.038
0,0,0.01
0,0,0.0
0,0,0.02
0,0,0.038
0,0,0.004
1,1,0.988
0,0,0.0
0,0,0.006
0,0,0.012
0,0,0.038
1,1,1.0
0,0,0.002
0,0,0.034
1,1,1.0
0,0,0.002
1,1,1.0
0,0,0.0
0,0,0.048
0,0,0.022
0,0,0.008
0,0,0.132
0,0,0.01
0,0,0.0
1,1,1.0
0,0,0.026
0,0,0.012
0,0,0.028
0,0,0.026
1,1,1.0
0,0,0.026
0,0,0.07
0,0,0.008
0,0,0.002
0,0,0.042
0,0,0.0
0,0,0.024
1,1,1.0
0,0,0.014
0,0,0.032
0,0,0.088
0,0,0.0
0,0,0.002
0,0,0.004
0,0,0.016
1,1,1.0
0,0,0.008
0,0,0.008
0,0,0.006
0,0,0.08
0,0,0.084
0,0,0.118
0,0,0.27
0,0,0.002
0,0,0.07
0,0,0.05
0,0,0.03
0,0,0.0
0,0,0.012
0,0,0.002
0,0,0.04
0,0,0.048
0,0,0.0
0,0,0.0
0,0,0.014
0,0,0.0
1,1,1.0
0,0,0.038
0,0,0.0
0,0,0.03
1,1,1.0
1,0,0.202
0,0,0.0
0,0,0.034
0,0,0.046
0,0,0.042
0,0,0.052
1,1,1.0
0,0,0.0
0,0,0.0
0,0,0.026
0,0,0.0
0,0,0.01
0,0,0.002
0,0,0.012
1,1,1.0
0,0,0.002
0,0,0.23684624029617263
0,0,0.006
0,0,0.008
0,0,0.018
0,0,0.18
0,0,0.0
0,0,0.01
0,0,0.018
0,0,0.006
0,0,0.016
0,0,0.034
0,0,0.086
0,0,0.002
1,1,1.0
0,0,0.052
0,0,0.07
0,0,0.018
0,0,0.022
0,0,0.3659477836092714
0,0,0.024
0,0,0.056
0,0,0.014
0,0,0.24511356780208643
0,0,0.042
0,0,0.0
0,0,0.176
0,0,0.024
0,0,0.022
0,0,0.0
0,0,0.006
0,0,0.004
0,0,0.004
0,0,0.012
0,0,0.0
0,0,0.004
0,0,0.09
0,0,0.016
0,0,0.01
0,0,0.0
1,1,1.0
0,0,0.17
1,1,1.0
0,0,0.02
1,1,1.0
0,0,0.078
0,0,0.0
0,0,0.01
1,1,1.0
0,0,0.014
0,0,0.0
0,0,0.0
0,0,0.092
1,1,1.0
0,0,0.002
0,0,0.002
0,0,0.006
1,1,1.0
0,0,0.0
0,0,0.0
0,0,0.012
0,0,0.054
1,1,1.0
0,0,0.25
0,0,0.0
1,1,1.0
0,0,0.0
1,1,1.0
0,0,0.0
0,0,0.0
0,0,0.134
0,0,0.014
0,0,0.088
0,0,0.046
0,0,0.0
0,0,0.0
0,0,0.018
0,0,0.04
0,0,0.022
1,1,1.0
0,0,0.006
0,0,0.05
0,0,0.012
0,0,0.0
0,0,0.036
0,0,0.012
0,0,0.01
0,0,0.018
0,0,0.0
0,0,0.0
1,0,0.066
0,0,0.0
0,0,0.0
0,0,0.014
1,1,1.0
0,0,0.0
0,0,0.036
0,0,0.0
0,0,0.016
0,0,0.014
1,0,0.38
0,0,0.0
0,0,0.096
0,0,0.03
0,0,0.0
0,0,0.072
0,0,0.022
0,0,0.048
0,0,0.002
0,0,0.0
0,0,0.01
0,0,0.014
0,0,0.054
0,0,0.0
0,0,0.004
0,0,0.01
0,0,0.0
0,0,0.0
0,0,0.072
0,0,0.082
1,0,0.082
0,0,0.0
0,0,0.008
0,0,0.0
0,0,0.036
0,0,0.216
0,0,0.014
0,0,0.002
0,0,0.016
0,0,0.0
0,0,0.014
1,1,0.942
1,0,0.202
1,1,1.0
0,0,0.03
0,0,0.008
0,0,0.20237949586584372
0,0,0.068
0,0,0.004
0,0,0.162
0,0,0.028
0,0,0.016
0,0,0.0
0,0,0.0
0,0,0.012
0,0,0.01
0,0,0.002
0,0,0.014
0,0,0.004
0,0,0.008
0,0,0.01
0,0,0.014
0,0,0.104
0,0,0.024
1,1,0.986
0,0,0.008
1,1,1.0
0,0,0.038
0,0,0.002
1,0,0.366
0,0,0.0
0,0,0.0
1,1,1.0
0,0,0.0
0,0,0.02
0,0,0.224
0,0,0.044
0,0,0.0
0,0,0.0
0,0,0.016
0,0,0.038
0,0,0.0
0,0,0.12248389206694109
0,0,0.028
0,0,0.002
0,0,0.0
0,0,0.004
0,0,0.0
1,1,1.0
0,0,0.04
0,0,0.0
0,0,0.0
0,0,0.008
0,0,0.0
1,1,1.0
1,1,0.988
1,0,0.268
0,0,0.0
0,0,0.0
0,0,0.0
1,0,0.352
0,0,0.0
0,0,0.0
0,0,0.0
0,0,0.054
0,0,0.028
0,0,0.174
0,0,0.02
0,0,0.20237949586584372
0,0,0.012
0,0,0.098
0,0,0.0
0,0,0.02
0,0,0.084
0,0,0.01007485748858948
0,0,0.06
0,0,0.036
0,0,0.064
0,0,0.004
1,1,1.0
1,1,1.0
1,1,1.0
0,0,0.034
1,0,0.16
1,1,1.0
1,1,1.0
0,0,0.012
0,0,0.008
0,0,0.004
0,0,0.01
0,0,0.0
0,0,0.01
0,0,0.0
0,0,0.018
0,0,0.124
0,0,0.014
0,0,0.052
0,0,0.014
0,0,0.0
0,0,0.12248389206694109
0,0,0.0
0,0,0.0
0,0,0.02
0,0,0.0
0,0,0.06
0,0,0.006
1,1,1.0
0,0,0.0
1,1,1.0
0,0,0.064
1,1,1.0
1,1,1.0
0,0,0.0
0,0,0.03
1,1,1.0
1,1,1.0
0,0,0.018
0,0,0.002
0,0,0.014
1,1,1.0
0,0,0.024
0,0,0.066
0,0,0.066
0,0,0.0
1,0,0.022
0,0,0.118
1,1,1.0
0,0,0.028
0,0,0.3171359031616761
1,1,1.0
1,1,1.0
0,0,0.0
0,0,0.038
0,0,0.0
0,0,0.0
1,1,1.0
0,0,0.056
1,1,1.0
0,0,0.008
0,0,0.09
0,0,0.0
0,0,0.032
0,0,0.056
0,0,0.032
1,0,0.22
0,0,0.156
0,0,0.0
0,0,0.0
0,0,0.048
0,0,0.05
0,0,0.018
1,1,1.0
0,0,0.006
1,1,1.0
0,0,0.016
0,0,0.006
0,0,0.0
0,0,0.0
0,0,0.0
1,0,0.086
0,0,0.136
1,1,1.0
0,0,0.07
0,0,0.032
0,0,0.11
0,0,0.0
0,0,0.014
0,0,0.166
0,0,0.03
0,0,0.008
1,1,1.0
0,0,0.016
0,0,0.0
0,0,0.004
0,0,0.032
0,0,0.0
0,0,0.0
0,0,0.038
1,0,0.184
0,0,0.0
0,0,0.054
0,0,0.0
0,0,0.044
0,0,0.006
1,1,0.532
0,0,0.084
0,0,0.056
0,0,0.016
0,0,0.038
0,0,0.1621803482380266
0,0,0.052
0,0,0.0
0,0,0.002
0,0,0.006
0,0,0.024
0,0,0.048
0,0,0.0
0,0,0.0
0,0,0.008
0,0,0.016939332954335043
0,0,0.0
0,0,0.008
0,0,0.034
0,0,0.0
0,0,0.048
0,0,0.058
0,0,0.0
0,0,0.0
0,0,0.01
0,0,0.0
0,0,0.0
0,0,0.0
0,0,0.0
0,0,0.028
0,0,0.0
1,1,0.524
0,0,0.072
0,0,0.0
0,0,0.014
0,0,0.068
0,0,0.008
1,1,1.0
0,0,0.0
1,0,0.234
0,0,0.008
0,0,0.058
0,0,0.008
0,0,0.0
0,0,0.01
0,0,0.0
0,0,0.0
0,0,0.048
0,0,0.008
0,0,0.0
0,0,0.0
1,0,0.226
1,1,1.0
0,0,0.048
0,0,0.244
0,0,0.01
0,0,0.0
0,0,0.0
0,0,0.0
0,0,0.004
0,0,0.106
0,0,0.032
0,0,0.22
1,1,1.0
0,0,0.0
0,0,0.114
0,0,0.076
1,1,1.0
1,0,0.07
0,0,0.0
0,0,0.0
0,0,0.01207485748858948
1,1,0.808
0,0,0.016
0,0,0.006
0,0,0.0
0,0,0.0
1,1,1.0
0,0,0.10209156997121953
0,0,0.002
0,0,0.0
0,0,0.168
0,0,0.0
1,1,0.966
0,0,0.006
0,0,0.062374346832232405
0,0,0.038
0,0,0.038
0,0,0.01
0,0,0.0
0,0,0.026
0,0,0.002
0,0,0.04
0,0,0.078
0,0,0.034
0,0,0.1
0,0,0.006
0,0,0.0
0,0,0.156
0,0,0.03
0,0,0.042
0,0,0.056
0,0,0.046
0,0,0.01
1,1,1.0
1,1,1.0
0,0,0.054
0,0,0.0
0,0,0.0
1,1,1.0
0,0,0.054
0,0,0.002
1,1,1.0
0,0,0.008
0,0,0.0
1,0,0.076
0,0,0.006
0,0,0.0
0,0,0.012
0,0,0.0
0,0,0.078
0,0,0.024
0,0,0.132
0,0,0.034
0,0,0.006
0,0,0.0
0,0,0.0
0,0,0.064
1,1,0.97
0,0,0.006
0,0,0.32361943031606344
1,1,1.0
0,0,0.0
1,1,1.0
0,0,0.004
0,0,0.064
0,0,0.062
0,0,0.008
0,0,0.004
0,0,0.02
0,0,0.012
0,0,0.0
0,0,0.0
0,0,0.006
0,0,0.026
0,0,0.008
1,1,0.828
0,0,0.0
1,1,1.0
0,0,0.0
0,0,0.01
0,0,0.0
0,0,0.016
0,0,0.008
0,0,0.024
0,0,0.0
0,0,0.0
0,0,0.0
0,0,0.0
0,0,0.008
1,1,1.0
0,0,0.024
1,1,1.0
0,0,0.102
0,0,0.0
0,0,0.0
0,0,0.04
1,1,1.0
0,0,0.0
0,0,0.01
0,0,0.002
0,0,0.064
0,0,0.03
1,1,0.966
0,0,0.0
0,0,0.036
0,0,0.048
0,0,0.012
0,0,0.006
0,0,0.002
0,0,0.0
0,0,0.008
1,1,0.926
0,0,0.009212090061909444
0,0,0.004
0,0,0.0
0,0,0.046
0,0,0.01
1,1,1.0
0,0,0.036
0,0,0.02
0,0,0.022
0,0,0.162
0,0,0.004
0,0,0.018
0,0,0.144
1,1,1.0
0,0,0.0
1,0,0.316
0,0,0.012
0,0,0.0
0,0,0.004
0,0,0.02
0,0,0.004
0,0,0.094
1,1,0.964
1,1,1.0
0,0,0.008
1,1,1.0
0,0,0.092
0,0,0.0
0,0,0.0
1,0,0.106
0,0,0.0
0,0,0.09
0,0,0.0
0,0,0.036
0,0,0.062
0,0,0.0
0,0,0.028
1,1,1.0
0,0,0.038
0,0,0.0
1,1,1.0
0,0,0.026
0,0,0.02
0,0,0.184
0,0,0.0
0,0,0.0
0,0,0.0
0,0,0.036
0,0,0.012
0,0,0.0
0,0,0.02
0,0,0.01
0,0,0.002
0,0,0.002
0,0,0.164
0,0,0.062
0,0,0.0
0,0,0.054
0,0,0.028
0,0,0.084
0,0,0.016
1,1,1.0
1,1,0.64
1,1,1.0
1,1,1.0
0,0,0.0
0,0,0.118
0,1,0.6529155318368083
0,0,0.008
0,0,0.0
0,0,0.04
0,0,0.04
0,0,0.156
0,0,0.004
0,0,0.034
1,1,1.0
0,0,0.002
0,0,0.076
0,0,0.014
1,1,1.0
0,0,0.0
1,1,1.0
0,0,0.0
0,0,0.0
0,0,0.3846545665162291
0,0,0.0
0,0,0.0
0,0,0.15346123127401462
0,0,0.012
0,1,0.5356484619788965
0,0,0.092
0,0,0.098
0,0,0.0
0,0,0.188
0,0,0.004
0,0,0.0
0,0,0.0
0,0,0.006
0,0,0.016
0,0,0.082
1,1,1.0
0,0,0.06
0,0,0.048
0,0,0.196
1,1,1.0
0,0,0.08
0,0,0.004
0,0,0.03
0,0,0.03
0,0,0.004
0,0,0.034
0,0,0.08
0,0,0.126
1,0,0.43
0,0,0.0
0,0,0.0
0,0,0.006
0,0,0.0
1,1,0.716
0,0,0.01
0,0,0.0
1,1,1.0
0,0,0.05
0,0,0.01
1,1,1.0
0,0,0.01
0,0,0.0
0,0,0.028
1,1,0.984
0,0,0.028
0,0,0.014
0,0,0.058
0,0,0.03
0,0,0.134
0,0,0.004
0,0,0.134
0,0,0.0
0,0,0.024
0,0,0.0
0,0,0.0
0,0,0.0
0,0,0.06
1,0,0.142
1,1,1.0
0,0,0.0
0,0,0.008
0,0,0.016
0,0,0.0
0,0,0.042
0,0,0.0
1,1,1.0
0,0,0.138
0,0,0.19984779508778572
0,0,0.024
1,1,1.0
1,0,0.222
0,0,0.03429784130720536
0,0,0.042
1,1,1.0
0,0,0.0
0,0,0.002
0,0,0.0
0,0,0.018
1,1,0.956
0,0,0.0
0,0,0.016
0,0,0.002
0,0,0.038
0,0,0.0
1,1,1.0
0,0,0.008
0,0,0.122
0,0,0.003897385490998261
0,0,0.0
1,1,1.0
0,0,0.182
0,0,0.0
0,0,0.012
0,0,0.026
0,0,0.248
0,0,0.014
0,0,0.024
0,0,0.072
0,0,0.3961225209110702
0,0,0.094
0,0,0.0
0,0,0.026
0,0,0.026
0,0,0.034
0,0,0.0
0,0,0.012
0,0,0.026
0,0,0.002
0,0,0.0
0,0,0.1
0,0,0.048
0,0,0.01
0,0,0.01
0,0,0.042
0,0,0.024
0,0,0.028
0,0,0.028
0,0,0.0
0,0,0.048
0,0,0.056
0,0,0.04
0,0,0.0
0,0,0.0
0,0,0.004
0,0,0.0
0,0,0.0
0,0,0.006
0,0,0.004
0,0,0.00029144030528192237
0,0,0.01
0,0,0.078
0,0,0.006
0,0,0.018
0,0,0.0
1,0,0.218
0,0,0.0
0,0,0.0
0,0,0.0
0,0,0.0
1,1,0.998
0,0,0.056
0,0,0.03
0,0,0.022
0,0,0.1
0,0,0.0
0,0,0.034
0,0,0.0
0,0,0.0
0,0,0.0
1,1,1.0
0,0,0.118
1,1,1.0
0,0,0.08
0,0,0.0
0,0,0.002
0,0,0.038
0,0,0.046
0,0,0.0
0,0,0.042
0,0,0.018
0,0,0.05
1,1,1.0
0,0,0.008
0,0,0.062
1,1,1.0
0,0,0.172
0,0,0.02
0,0,0.014
1,1,1.0
0,0,0.012
1,1,1.0
0,0,0.006
0,0,0.0
0,0,0.0
0,0,0.032
0,0,0.0
0,0,0.0
1,1,0.988
0,0,0.114
0,0,0.0
1,1,1.0
0,0,0.002
0,0,0.004
0,0,0.026
0,0,0.0
0,0,0.09
0,0,0.02
0,0,0.098
0,0,0.128
0,0,0.06
1,1,1.0
0,0,0.022
0,0,0.0
0,0,0.016
0,0,0.122
0,0,0.018
0,0,0.306
0,0,0.142
0,0,0.022
0,0,0.0
0,0,0.0
0,0,0.052
0,0,0.028
0,0,0.0
0,0,0.006
0,1,0.5458462037259931
0,0,0.034
0,0,0.0
1,1,0.816
0,0,0.094
0,0,0.116
0,0,0.118
0,0,0.042
0,0,0.104
0,0,0.018
0,0,0.0
0,0,0.004
0,0,0.3961225209110702
1,1,1.0
0,0,0.0
0,0,0.036
1,1,1.0
0,0,0.038
1,1,1.0
0,0,0.05
0,0,0.0
0,0,0.0
1,0,0.366
0,0,0.124
0,0,0.024
0,0,0.0
0,0,0.0
0,0,0.01207485748858948
0,0,0.074
0,0,0.162
0,0,0.036
1,1,1.0
0,0,0.0
0,0,0.0
1,1,1.0
0,0,0.13
1,1,1.0
0,0,0.038
0,0,0.0
0,0,0.182
1,1,1.0
0,0,0.006
1,1,1.0
1,1,1.0
0,0,0.024
0,0,0.066
1,1,1.0
0,0,0.0
0,0,0.022
0,0,0.022
0,0,0.06
0,0,0.076
0,0,0.04
0,0,0.0
1,1,0.592
0,0,0.0
1,1,1.0
1,1,1.0
0,0,0.012
0,0,0.02
0,0,0.0
0,0,0.0
0,0,0.0
0,0,0.01
0,0,0.006
1,1,1.0
1,1,1.0
1,0,0.488
0,0,0.02119733269657655
0,0,0.208
0,0,0.45790035883349134
0,0,0.1443678410400931
0,0,0.006
0,0,0.0
0,0,0.004
0,0,0.0
0,0,0.002
0,0,0.034
1,1,1.0
1,0,0.426
0,0,0.02
0,0,0.056
0,0,0.0
0,0,0.176
0,0,0.042
0,0,0.038
0,0,0.014
0,0,0.292
0,0,0.156
0,0,0.0
0,0,0.0
0,0,0.002
0,0,0.004
0,0,0.042
0,0,0.02
0,0,0.106
1,1,0.826
1,0,0.10087700137352089
1,0,0.056
0,0,0.006
1,1,0.91
0,0,0.012
0,0,0.0
0,0,0.0
0,0,0.0
0,0,0.008
1,1,1.0
0,0,0.018
1,0,0.308
0,0,0.0
0,0,0.044
0,0,0.038
0,0,0.006
0,0,0.008
0,0,0.03287317921051019
0,0,0.026
0,0,0.036
0,0,0.006
0,0,0.022
0,0,0.0
0,0,0.176
0,0,0.002
0,0,0.0
1,0,0.132
0,0,0.0
0,0,0.0
1,1,1.0
0,0,0.026
1,1,0.6149246662109149
0,0,0.006
0,0,0.0
0,0,0.226
1,1,1.0
0,0,0.03
0,0,0.026
0,0,0.0
0,0,0.022944567045476583
1,1,0.988
0,0,0.124
0,0,0.0
1,1,1.0
0,0,0.004
0,0,0.012
0,0,0.02
1,0,0.25
0,0,0.06
0,0,0.054
0,0,0.004
0,0,0.12
0,0,0.03
0,0,0.012
0,0,0.0
0,0,0.0
0,0,0.012
0,0,0.028
0,0,0.032
0,0,0.016
0,0,0.056
0,0,0.064
0,0,0.002
0,0,0.0
0,0,0.072
0,0,0.0
0,0,0.0
0,0,0.0
0,0,0.0
0,0,0.004
0,0,0.0
0,0,0.0
0,0,0.002
0,0,0.0
1,1,1.0
1,1,0.872
0,0,0.004
0,0,0.21771743302292787
0,0,0.0
0,0,0.114
0,0,0.004
0,0,0.008
0,0,0.03207485748858948
0,0,0.024
0,0,0.0
0,0,0.026
0,0,0.0
0,0,0.046
1,1,1.0
0,0,0.0
0,0,0.064
0,0,0.018
0,0,0.01
0,0,0.0678312047096855
0,0,0.02407485748858948
0,0,0.0
0,0,0.034
0,0,0.056
0,0,0.0
1,0,0.186
0,0,0.038
1,1,1.0
1,1,1.0
0,0,0.018
0,0,0.0
0,0,0.0
0,0,0.004
0,0,0.0
1,1,1.0
0,0,0.08
0,0,0.04
0,0,0.018
0,0,0.016
0,0,0.0
0,0,0.046
0,0,0.112
0,0,0.118
0,0,0.022
0,0,0.0
1,1,1.0
0,0,0.0
0,0,0.0
0,0,0.004
0,0,0.006
0,0,0.034
1,0,0.458
0,0,0.122
0,0,0.0
0,0,0.006
0,0,0.062
0,0,0.054
0,0,0.074
0,0,0.0
0,0,0.0
0,0,0.052
0,0,0.142
1,1,1.0
0,0,0.0
1,1,1.0
0,0,0.0
0,0,0.028
0,0,0.0
0,0,0.0
0,0,0.02
0,0,0.01
0,0,0.236
0,0,0.0
1,1,1.0
0,0,0.0
0,0,0.012
0,0,0.0
0,0,0.188
1,1,1.0
0,0,0.066
0,0,0.062
0,0,0.01
0,0,0.024
0,0,0.004
0,0,0.018
0,0,0.022
0,0,0.0
1,1,1.0
0,0,0.042
0,0,0.04
0,0,0.0
0,0,0.008
0,0,0.142
1,1,1.0
1,1,1.0
0,0,0.032
0,0,0.022
0,0,0.0
0,0,0.0
1,1,1.0
0,0,0.02807485748858948
0,0,0.0
0,0,0.032
0,0,0.0
1,1,1.0
0,0,0.0
0,0,0.016
0,0,0.004
0,0,0.0
1,1,1.0
0,0,0.09
0,0,0.0
1,1,1.0
0,0,0.002
0,0,0.076
0,0,0.016
0,0,0.032
0,0,0.016
1,0,0.12
0,0,0.0
0,0,0.0
0,0,0.1
0,0,0.024
0,0,0.008
0,0,0.026
0,0,0.076
0,0,0.034
0,0,0.024
0,0,0.2
0,0,0.0
0,0,0.006
0,0,0.0
0,0,0.064
0,0,0.0
0,0,0.018
0,0,0.0
0,0,0.002
1,1,1.0
0,0,0.026
1,1,1.0
0,0,0.0
0,0,0.0
0,0,0.058
0,0,0.01
0,0,0.0
0,0,0.04
0,0,0.04
0,0,0.028
0,0,0.004
0,0,0.002
0,0,0.0
0,0,0.046
0,0,0.044
1,0,0.106
0,0,0.036
0,0,0.054
0,0,0.0
0,0,0.0
0,0,0.024
0,0,0.0
0,0,0.0
0,0,0.004
1,1,1.0
0,0,0.016
0,0,0.0
0,0,0.068
0,0,0.064
0,0,0.006
0,0,0.12
0,0,0.004
0,0,0.012
0,0,0.082
0,0,0.01
0,0,0.022
0,0,0.052
0,0,0.024
0,0,0.0
1,0,0.134
0,0,0.028
0,0,0.0
0,0,0.104
0,0,0.012
0,0,0.014
0,0,0.03
0,0,0.0
0,0,0.054
0,0,0.0
0,0,0.018
0,0,0.0
0,0,0.0
0,0,0.048
0,0,0.128
0,0,0.02
0,0,0.05
0,0,0.0
0,0,0.008
0,0,0.018
0,0,0.01
0,0,0.006
1,1,0.99
1,0,0.45790035883349134
0,0,0.04
1,1,1.0
0,0,0.006
1,1,1.0
0,0,0.002
0,0,0.02
1,1,1.0
0,0,0.0
0,0,0.0
0,0,0.0
0,0,0.072
0,0,0.07
0,0,0.0
1,1,1.0
1,1,1.0
0,0,0.0
0,0,0.0
0,0,0.0
1,1,1.0
0,0,0.006
0,0,0.0
0,0,0.006
0,0,0.026
0,0,0.0
0,0,0.018
0,0,0.038
0,0,0.05
0,0,0.088
0,0,0.0
0,0,0.004
0,0,0.064
0,0,0.028
0,0,0.0
0,0,0.0
0,0,0.084
0,0,0.0
0,0,0.088
0,0,0.012
0,0,0.15
0,0,0.0
0,0,0.0
0,0,0.024
0,0,0.0
0,0,0.0
1,1,0.716
1,1,1.0
0,0,0.02
1,0,0.34290424941514863
0,0,0.282
0,0,0.02
0,0,0.0
0,0,0.056
0,0,0.0
0,0,0.0
0,0,0.008
0,0,0.016
0,0,0.01
0,0,0.052
0,0,0.082
0,0,0.0
1,0,0.474
0,0,0.106
0,0,0.014
0,0,0.144
0,0,0.006
0,0,0.004
0,0,0.0
0,0,0.0
0,0,0.0
0,0,0.124
1,1,1.0
1,0,0.114
0,0,0.016
0,0,0.116
0,0,0.0
0,0,0.0
0,0,0.03
0,0,0.01
0,0,0.008
0,0,0.114
0,0,0.058
0,0,0.032
0,0,0.0
0,0,0.052
0,0,0.108
0,0,0.03
0,0,0.012
0,0,0.028
0,0,0.036
0,0,0.0
0,0,0.024
0,0,0.082
0,0,0.0
0,0,0.028
0,0,0.002
1,1,1.0
0,0,0.002
0,0,0.03
0,0,0.008
0,0,0.00807485748858948
0,0,0.016
1,1,1.0
0,0,0.024
0,0,0.046
0,0,0.0
1,1,1.0
0,0,0.0
0,0,0.012
0,0,0.082
0,0,0.062
0,0,0.034
0,0,0.004
0,0,0.022
0,0,0.004
0,0,0.0
0,0,0.014
0,0,0.148
1,1,1.0
0,0,0.002
0,0,0.03
0,0,0.288
0,0,0.054
1,0,0.318
0,0,0.004
0,0,0.0
0,0,0.0
0,0,0.0
0,0,0.146
0,0,0.0
0,0,0.016
0,0,0.054
0,0,0.0
1,1,1.0
0,0,0.0
0,0,0.09
0,0,0.0
1,1,1.0
0,0,0.004
0,0,0.0
0,0,0.0
0,0,0.08
0,0,0.002
0,0,0.01
0,0,0.034
1,1,1.0
0,0,0.0
0,0,0.004
0,0,0.0
0,0,0.036
0,0,0.034
0,0,0.026
0,0,0.054
0,0,0.01
0,0,0.0
0,0,0.0
0,0,0.008
0,0,0.076
0,0,0.13
1,1,1.0
0,0,0.006
1,1,1.0
1,1,1.0
0,0,0.006
0,0,0.034
1,1,1.0
0,0,0.002
0,0,0.0
0,0,0.0
0,0,0.0
1,1,1.0
0,0,0.0
0,0,0.05
0,0,0.03
0,0,0.016
0,0,0.076
0,0,0.006
0,0,0.012
0,0,0.0
0,0,0.07
0,0,0.034
0,0,0.002
0,0,0.002
0,0,0.0
0,0,0.0
0,0,0.036
0,0,0.0
0,0,0.038
0,0,0.136
0,0,0.036
0,0,0.006
0,0,0.042
0,0,0.058
0,0,0.002
0,0,0.0
0,0,0.04
0,0,0.0
0,0,0.01007485748858948
0,0,0.022
0,0,0.0
0,0,0.002
0,0,0.062374346832232405
0,0,0.012
0,0,0.0
0,0,0.0
1,0,0.26524462519668235
0,0,0.042
0,0,0.0
0,0,0.008
0,0,0.014
0,0,0.054
1,0,0.286
0,0,0.0
1,1,1.0
1,1,1.0
1,1,1.0
0,0,0.024
1,1,0.998
1,0,0.456
0,0,0.14
0,0,0.01
0,0,0.0
0,0,0.036
0,0,0.012
0,0,0.008
0,0,0.016
0,0,0.0
0,0,0.008
1,1,1.0
1,1,1.0
0,0,0.006
0,0,0.046
0,0,0.088
0,0,0.02
1,1,1.0
0,0,0.0
0,0,0.042
0,0,0.0
0,0,0.034
1,0,0.392
0,0,0.016
1,1,0.942
0,0,0.02
1,1,1.0
0,0,0.018
0,0,0.04
0,0,0.03
0,0,0.026
1,0,0.22
0,0,0.036
1,1,1.0
0,0,0.072
1,1,1.0
1,1,1.0
0,0,0.012
0,0,0.0
0,0,0.0
0,0,0.006
0,0,0.0
0,0,0.162
0,0,0.0
0,0,0.0
0,0,0.014
0,0,0.0
0,0,0.028
0,0,0.08601897557523279
0,0,0.018
0,0,0.0
0,0,0.0
0,0,0.11
1,1,1.0
0,0,0.01
0,0,0.088
0,0,0.04
0,0,0.022
0,0,0.02
0,0,0.224
0,0,0.112
0,0,0.196
0,0,0.024
0,0,0.114
0,0,0.0
0,0,0.024
0,0,0.004
0,0,0.0
0,0,0.12
0,0,0.002
1,1,1.0
0,0,0.0
0,0,0.046
0,0,0.0
1,1,1.0
0,0,0.046
0,0,0.022
0,0,0.012
0,0,0.24511356780208643
1,1,0.768
0,0,0.01
0,0,0.0
0,0,0.066
0,0,0.3716789470848467
0,0,0.002
0,0,0.024
0,1,0.5449705582765004
1,1,0.772
0,0,0.0
0,0,0.002
0,0,0.0
0,0,0.014
0,0,0.0
0,0,0.152
1,1,1.0
0,0,0.0
0,0,0.006
1,0,0.062
1,1,0.904
0,0,0.004
0,0,0.0
1,1,0.838
0,0,0.0
1,1,0.996
0,0,0.074
0,0,0.004
0,0,0.002
0,0,0.01
0,0,0.018
0,0,0.026
0,0,0.0
0,0,0.0
0,0,0.104
0,0,0.002
0,0,0.02
0,0,0.182
0,0,0.032
0,0,0.0
0,0,0.064
0,0,0.006
0,0,0.02
1,1,0.866
0,0,0.002
0,0,0.024
0,0,0.024
0,0,0.0
1,1,1.0
0,0,0.002
1,1,1.0
0,0,0.018
0,0,0.0
0,0,0.21
1,1,1.0
1,1,1.0
0,0,0.008
0,0,0.018
0,0,0.002
0,0,0.034
0,0,0.024
1,1,1.0
0,0,0.1535908018179121
0,0,0.0
0,0,0.002
0,0,0.006
1,0,0.02
0,0,0.0
0,0,0.028
0,0,0.038
0,0,0.008
1,1,1.0
0,0,0.054
0,0,0.0
0,0,0.0
0,0,0.0
0,0,0.046
0,0,0.128
0,0,0.18
0,0,0.0
1,0,0.174
0,0,0.02
0,0,0.12403910632531454
0,0,0.0
0,0,0.0
0,1,0.6529155318368083
0,0,0.004
0,0,0.014
0,0,0.07
0,0,0.04
0,0,0.0
0,0,0.094
0,0,0.026
0,0,0.004
0,0,0.034
1,1,1.0
0,0,0.002
0,0,0.008
0,0,0.008
0,0,0.0
0,0,0.148
0,0,0.028
0,0,0.0
0,0,0.0
1,1,1.0
0,0,0.004
0,0,0.0
0,0,0.012
0,0,0.0
0,0,0.0
0,0,0.062
0,0,0.046
0,0,0.008
0,0,0.0
0,0,0.002
0,0,0.0
0,0,0.132
0,0,0.018
1,1,1.0
1,1,0.724
0,0,0.0
0,0,0.016
0,0,0.0
0,0,0.062
0,0,0.046
0,0,0.01
0,0,0.03
0,0,0.002
0,0,0.004
0,0,0.176
0,0,0.162
0,0,0.0
0,0,0.008
0,0,0.022
0,0,0.004
0,0,0.0
0,0,0.23554721109550014
0,0,0.0
0,0,0.008
1,1,1.0
0,0,0.0
1,1,1.0
0,0,0.01
0,0,0.05
0,0,0.026
0,0,0.004
0,0,0.0
1,1,1.0
0,0,0.0
0,0,0.052
0,0,0.008
1,0,0.468
0,0,0.022
0,0,0.0
0,0,0.106
0,0,0.0
0,0,0.02
0,0,0.008
1,1,0.988
0,0,0.05
0,0,0.028
0,0,0.26570886085482215
0,0,0.012
1,1,1.0
0,0,0.132
0,0,0.028
0,0,0.006
0,0,0.07
0,0,0.018
0,0,0.082
0,0,0.052
0,0,0.0
0,0,0.05
0,0,0.014
0,0,0.016
0,0,0.0
0,0,0.0
1,0,0.228
0,0,0.004
1,1,1.0
0,0,0.002
0,0,0.012
0,0,0.092
0,0,0.0
0,0,0.026
0,0,0.032
0,0,0.012
0,0,0.0
0,0,0.01
0,0,0.008
0,0,0.0
0,0,0.012
1,1,1.0
0,0,0.024
0,0,0.006
0,0,0.018
0,0,0.086
0,0,0.0
1,1,0.54
0,0,0.016
1,1,1.0
0,0,0.028
0,0,0.048
0,0,0.138
0,0,0.03
0,0,0.01
0,0,0.0
1,1,1.0
0,0,0.0
1,1,1.0
0,0,0.034
0,0,0.0
0,0,0.018
0,0,0.012
0,0,0.0
0,0,0.004
0,0,0.0
0,0,0.062374346832232405
0,0,0.002
0,0,0.014
0,0,0.01
1,1,0.916
1,1,1.0
0,0,0.036
0,0,0.0
0,0,0.0
1,1,1.0
0,0,0.002
0,0,0.002
1,1,1.0
0,0,0.02
0,0,0.17202157242297633
0,0,0.012
1,0,0.444
0,0,0.006
0,0,0.154
1,1,1.0
0,0,0.0
0,0,0.03407485748858948
0,0,0.126
1,1,0.952
0,0,0.1184986684777851
0,0,0.124
0,0,0.012
1,0,0.234
0,0,0.006
0,0,0.008
0,0,0.01
0,0,0.024
0,0,0.05
0,0,0.044
0,0,0.056
0,0,0.0
1,1,1.0
0,0,0.0
0,0,0.026
0,0,0.008
0,0,0.098
0,0,0.004
0,0,0.008
0,0,0.076
1,0,0.014
0,0,0.0
0,0,0.12167280320287567
0,0,0.0
0,0,0.048
0,0,0.028
0,0,0.06168868377560884
1,1,1.0
0,0,0.032
0,0,0.028
0,0,0.136
0,0,0.062
0,0,0.174
0,0,0.0
0,0,0.014
0,0,0.004
0,0,0.0
0,0,0.0
0,0,0.013442966842097757
0,0,0.0
0,0,0.0
0,0,0.0
0,0,0.3937076088553692
0,0,0.0
0,0,0.008
1,1,0.966
0,0,0.014
0,0,0.004
0,0,0.0
0,0,0.0
0,0,0.024
0,0,0.0
0,0,0.0
0,0,0.12
0,0,0.032
0,0,0.0
0,0,0.016
0,0,0.0
0,0,0.008
0,0,0.0
0,0,0.008
0,0,0.064
0,1,0.6064150595609938
1,1,1.0
0,0,0.042
0,0,0.004
0,0,0.0
0,0,0.0
0,0,0.02
0,0,0.03
1,1,1.0
1,1,1.0
0,0,0.0
0,0,0.216
0,0,0.0
0,0,0.004
0,0,0.0
0,0,0.0
1,1,1.0
0,0,0.01
0,0,0.028
0,0,0.0
0,0,0.0
0,0,0.004
0,0,0.006
0,0,0.0
0,0,0.05
0,0,0.03
0,0,0.01
0,0,0.058
0,0,0.02
1,0,0.04
0,0,0.042
0,0,0.006
0,0,0.0
0,0,0.024
0,0,0.054
0,0,0.016
1,1,0.988
1,1,1.0
1,1,1.0
0,0,0.026
0,0,0.0
0,0,0.002
0,0,0.09
0,0,0.012
0,0,0.0
0,0,0.04
1,1,0.992
1,1,0.9978312047096854
0,0,0.0
0,0,0.068
0,0,0.008
0,0,0.014
1,1,1.0
0,0,0.006
0,0,0.01
0,0,0.0
0,0,0.0
1,0,0.29
0,0,0.006
1,1,1.0
0,0,0.036
0,0,0.0
1,1,1.0
1,1,1.0
0,0,0.018
0,0,0.052
0,0,0.046
0,0,0.054
0,0,0.016
1,1,1.0
0,0,0.08
0,0,0.024
0,0,0.0
0,0,0.036
0,0,0.008
0,0,0.018
1,1,1.0
0,0,0.0
0,0,0.0
0,0,0.032
0,0,0.014
1,0,0.216
0,0,0.066
0,0,0.018
0,0,0.192
1,1,0.636
1,1,1.0
0,0,0.01
0,0,0.0
0,0,0.002
0,0,0.04
0,0,0.016
0,0,0.0
1,1,1.0
0,0,0.0
0,0,0.006
0,0,0.01
0,0,0.02
0,0,0.05
1,1,1.0
0,0,0.006
0,0,0.014
0,0,0.142
1,1,0.972
0,0,0.254
0,0,0.002
0,0,0.008
0,0,0.018
0,0,0.014
0,0,0.11675210847681748
0,0,0.0
1,1,1.0
0,0,0.054
0,0,0.0
0,0,0.0
0,0,0.006
0,0,0.108
0,0,0.002
0,0,0.018
0,0,0.024
0,0,0.0611511338225166
0,0,0.01
1,1,1.0
1,1,0.804
0,0,0.026
0,0,0.0
1,1,1.0
0,0,0.0
0,0,0.014
0,0,0.016
0,0,0.0
0,0,0.056
0,0,0.048
0,0,0.0
0,0,0.0
0,0,0.072
0,0,0.016
0,0,0.0
0,1,0.6913270279469622
0,0,0.0
0,0,0.014
0,0,0.0
0,0,0.0
0,0,0.0
0,0,0.0
0,0,0.014
1,1,0.958
0,0,0.024
0,0,0.006
0,0,0.058
0,0,0.084
0,0,0.0
1,1,1.0
0,0,0.01
0,0,0.036
0,0,0.0
0,0,0.0
0,0,0.028
0,0,0.0
0,0,0.0
1,1,0.972
0,0,0.022
0,0,0.076
0,0,0.0
0,0,0.0
1,1,1.0
0,0,0.046
0,0,0.0
0,0,0.0
0,0,0.3171359031616761
0,0,0.062
1,1,0.68
0,0,0.098
0,0,0.114
0,0,0.038
0,0,0.0
0,0,0.0
0,0,0.006
0,0,0.0
0,0,0.004
0,0,0.0
0,0,0.104
0,0,0.0
0,0,0.0
0,0,0.0
0,0,0.0
0,0,0.0
1,1,1.0
0,0,0.07
0,0,0.026
0,0,0.006
0,0,0.178
0,0,0.024
0,0,0.06
0,0,0.006
1,1,1.0
1,1,0.79
0,0,0.014
0,0,0.006
0,0,0.056
0,0,0.0
0,0,0.084
0,0,0.016
1,1,0.864
0,0,0.0
0,0,0.01
0,0,0.02
0,0,0.002
0,0,0.008
1,1,1.0
0,0,0.062
0,0,0.034
1,1,1.0
0,0,0.0
0,0,0.028
0,0,0.092
1,0,0.17
0,0,0.006
0,0,0.00029144030528192237
0,0,0.016
0,0,0.0
1,1,1.0
0,0,0.0
0,0,0.228
0,0,0.0
0,0,0.0
0,0,0.016
0,0,0.016
0,0,0.026
0,0,0.0
0,0,0.0
0,0,0.0
0,0,0.05
0,0,0.052
0,0,0.006
1,1,1.0
0,0,0.032
0,0,0.0
0,0,0.02
0,0,0.068
0,0,0.004
0,0,0.0
0,0,0.02
0,0,0.19455281727091542
0,0,0.006
0,0,0.064
0,0,0.02
0,0,0.014
0,0,0.0
0,0,0.0
0,0,0.06
0,0,0.0
0,0,0.006
0,0,0.018
0,0,0.088
0,0,0.154
0,0,0.016
0,0,0.002
0,0,0.16
0,0,0.1398312047096855
0,0,0.012
0,0,0.01
0,0,0.088
0,0,0.018
0,0,0.006
0,0,0.02
0,0,0.046
0,0,0.02
0,0,0.136
0,0,0.008
0,0,0.0
0,0,0.028
0,0,0.01
0,0,0.0
0,0,0.0
0,0,0.024
0,0,0.0
0,0,0.02
0,0,0.212
0,0,0.0
0,0,0.052
0,0,0.054
0,0,0.204
0,0,0.026
0,0,0.008
0,0,0.004
0,0,0.076
0,0,0.148
1,1,1.0
1,1,0.742
0,0,0.04
0,0,0.016
0,0,0.012
0,0,0.092
0,0,0.0
0,0,0.004
0,0,0.0
1,1,1.0
0,0,0.014
0,0,0.09
0,0,0.176
0,0,0.012
0,0,0.066
0,0,0.064
0,0,0.004
0,0,0.01
0,0,0.052
0,0,0.024
0,0,0.0
0,0,0.014
1,1,1.0
1,1,0.942
0,0,0.0
0,0,0.01
0,0,0.012
1,1,1.0
1,1,1.0
1,1,1.0
0,0,0.0
0,0,0.006
0,0,0.01
0,0,0.25
0,0,0.002
0,0,0.014
0,0,0.0
1,1,1.0
0,0,0.016
1,1,1.0
0,0,0.14261092881461987
0,0,0.08
0,0,0.204
0,0,0.0
0,0,0.042
0,0,0.12089725163419629
0,0,0.05
0,0,0.012
0,0,0.066
1,1,1.0
0,0,0.024
1,1,1.0
0,0,0.0
0,0,0.222
0,0,0.024
0,0,0.182
0,0,0.134
0,0,0.034
0,0,0.0
1,1,1.0
0,0,0.012
0,0,0.01
1,0,0.244
0,0,0.0
0,0,0.0
0,0,0.0
0,0,0.006
0,0,0.058
0,0,0.028
0,0,0.098
0,0,0.054
0,0,0.046
0,0,0.024
0,0,0.018
0,0,0.0
0,0,0.014
0,0,0.016
0,0,0.012
0,0,0.0
0,0,0.058
0,0,0.0
0,0,0.0
0,0,0.012
0,0,0.048
0,0,0.0
0,0,0.038
0,0,0.0
0,0,0.012
1,1,1.0
0,0,0.074
0,0,0.0
0,0,0.01
0,0,0.0
0,0,0.004
0,0,0.012
0,0,0.006
0,0,0.018
1,1,0.906
1,1,1.0
0,1,0.5458462037259931
1,1,1.0
0,0,0.02
0,0,0.0
0,0,0.074
0,0,0.078
1,1,1.0
0,0,0.01
0,0,0.034
0,0,0.0
0,0,0.128
0,0,0.046
1,1,1.0
1,1,1.0
0,0,0.006
1,1,1.0
0,0,0.004
0,0,0.006
0,0,0.022
0,0,0.05
0,0,0.0
0,0,0.024
0,0,0.066
0,0,0.008
0,0,0.0
0,0,0.074
0,0,0.104
0,0,0.0
0,0,0.038
0,0,0.0
0,0,0.008
0,0,0.0
0,0,0.1348719655282935
0,0,0.008
0,0,0.048
0,0,0.0
0,0,0.0
0,0,0.2474963226280828
0,0,0.014
0,0,0.014
0,0,0.0
0,0,0.012
0,0,0.0
0,0,0.1535908018179121
0,0,0.004
0,0,0.0
0,0,0.022
0,0,0.046
1,1,0.95
0,0,0.04
0,0,0.0
0,0,0.008
0,0,0.072
0,0,0.002
1,1,1.0
0,0,0.014
0,0,0.142
0,0,0.02
0,0,0.21
0,0,0.284
0,0,0.004
0,0,0.028
0,0,0.0
0,0,0.002
0,0,0.02
0,0,0.01
1,1,0.9
0,0,0.023386529405860893
0,0,0.0
0,0,0.046
0,0,0.012
0,0,0.0
0,0,0.098
0,0,0.044
0,0,0.0
1,1,1.0
0,0,0.03
0,1,0.5458462037259931
0,0,0.014
0,0,0.0
1,1,1.0
0,0,0.008
1,1,1.0
0,0,0.106
0,0,0.02
1,1,1.0
0,0,0.026
0,0,0.148
0,0,0.014
0,0,0.136
0,0,0.02
0,0,0.014
0,0,0.01
0,0,0.032
0,0,0.0
0,0,0.008
0,0,0.0
0,0,0.004
0,0,0.0
0,0,0.0
0,0,0.036
0,0,0.0
1,0,0.458
0,0,0.002
0,0,0.1
0,0,0.02
0,0,0.038
1,1,1.0
0,0,0.014
0,0,0.11
0,0,0.02
0,0,0.0
0,0,0.006
0,0,0.0
0,0,0.0
0,0,0.036
0,0,0.008
0,0,0.02
1,1,1.0
0,0,0.034
0,0,0.0
0,0,0.02
0,0,0.232
0,0,0.052
0,0,0.01
0,0,0.064
0,0,0.01
0,0,0.006
0,0,0.014
0,0,0.02
0,0,0.422
0,0,0.06
0,0,0.008
0,0,0.014
0,0,0.0
1,1,1.0
0,0,0.026
1,1,1.0
0,0,0.0
0,0,0.0
0,0,0.016
0,0,0.008
0,0,0.002
0,0,0.018
0,0,0.044
0,0,0.014
0,0,0.046
1,1,1.0
0,0,0.0
0,0,0.018
0,0,0.046
0,0,0.0
1,1,0.952
0,0,0.01
0,0,0.042
0,0,0.002
0,0,0.002
0,0,0.0
1,0,0.124
0,0,0.03
0,0,0.004
1,1,1.0
0,0,0.0
0,0,0.022
0,0,0.0
0,0,0.004
0,0,0.0
0,0,0.028
0,0,0.11
0,0,0.016
0,0,0.192
0,0,0.124
1,1,0.974
0,0,0.04
0,0,0.112
0,0,0.212
0,0,0.062
0,0,0.108
0,0,0.0
0,0,0.016
0,0,0.05
0,0,0.004
0,0,0.084
0,0,0.046
0,0,0.022
0,0,0.01
0,0,0.044
0,0,0.156
0,0,0.008
0,0,0.022
0,0,0.0
1,1,1.0
0,0,0.004
0,0,0.012
0,0,0.008
0,0,0.072
1,1,1.0
0,0,0.018
0,0,0.008
1,1,0.512
0,0,0.02
0,0,0.25
0,0,0.006
0,0,0.052
0,0,0.22806880676668104
0,0,0.024
1,1,1.0
0,0,0.004
0,0,0.0
0,0,0.01
0,0,0.04
0,0,0.01
0,0,0.0
0,0,0.058
0,0,0.0
0,0,0.006
0,0,0.006699276675167849
0,0,0.0
0,0,0.0
0,0,0.004
0,0,0.056
0,0,0.016
0,0,0.236
1,1,1.0
0,0,0.042
1,1,1.0
0,0,0.0
0,0,0.014
0,0,0.0
0,0,0.046
0,0,0.0
0,0,0.026
0,0,0.0
0,0,0.062
0,0,0.016
0,0,0.1
1,0,0.134
0,0,0.01
0,0,0.0
0,0,0.028
0,0,0.032
0,0,0.058
0,0,0.0
0,0,0.0
0,0,0.1
0,0,0.104
0,0,0.0
0,0,0.042
0,0,0.0
0,0,0.044
1,1,0.992
0,0,0.006
0,0,0.014
1,1,1.0
0,0,0.032
0,0,0.038
1,1,1.0
0,0,0.0
0,0,0.018
0,0,0.002
0,0,0.0
0,0,0.044
0,0,0.012
0,0,0.0
1,1,1.0
1,1,1.0
0,1,0.6217152195401049
0,0,0.0
0,0,0.064
0,0,0.042
0,0,0.004
0,0,0.0
0,0,0.012
0,0,0.014
1,0,0.2
0,0,0.016
0,0,0.0
1,1,1.0
0,0,0.0
0,0,0.008
0,0,0.026
0,0,0.008
0,0,0.018
0,0,0.0
0,0,0.012
0,0,0.0
0,0,0.048
0,0,0.006
1,1,1.0
1,0,0.31274826075121276
0,0,0.0
1,1,1.0
0,0,0.02
0,0,0.048
1,1,1.0
0,0,0.0
0,0,0.04
0,0,0.046
0,0,0.162
0,0,0.076
0,0,0.002
0,0,0.0
0,0,0.07
0,0,0.042
0,0,0.0
0,0,0.03807485748858948
0,0,0.032
0,0,0.004
0,0,0.066
0,0,0.056
0,0,0.0
0,0,0.028
0,0,0.0
1,1,1.0
0,0,0.028
0,0,0.0
0,0,0.0
0,0,0.074
0,0,0.076
1,0,0.10523155089157075
0,0,0.012
0,0,0.014
0,0,0.0
0,0,0.0
1,1,0.996
0,0,0.03
0,0,0.0
0,0,0.022
0,0,0.058
0,0,0.002
0,0,0.092
0,0,0.004
0,0,0.01
1,0,0.256
0,0,0.004
0,0,0.02
0,0,0.048
1,0,0.416
0,0,0.028
0,0,0.048
0,0,0.008
0,0,0.0
0,0,0.0
0,0,0.018
0,0,0.03
0,0,0.034
0,0,0.152
0,0,0.014
0,0,0.044
0,0,0.062
0,0,0.0
1,0,0.216
0,0,0.002
0,0,0.032
0,0,0.018
0,0,0.43708214209224233
0,0,0.0
0,0,0.148
0,0,0.004
0,0,0.2452546858729372
0,0,0.068
0,0,0.0
0,0,0.022
0,0,0.016
0,0,0.0
0,0,0.052
0,0,0.08
0,0,0.004
0,0,0.0
0,0,0.0
0,0,0.0
1,0,0.054
0,0,0.06
0,0,0.006
1,0,0.054
0,0,0.008
0,0,0.004
0,0,0.0
0,0,0.0
1,1,1.0
1,1,0.944
0,0,0.148
0,0,0.006
0,0,0.002
0,0,0.0
0,0,0.0
0,0,0.058
0,0,0.046
0,0,0.028
0,0,0.008
0,0,0.0
0,0,0.02
0,0,0.064
0,0,0.146
0,0,0.0
1,1,1.0
0,0,0.142
0,0,0.0
0,0,0.108
0,0,0.114
0,0,0.47184466829872534
0,0,0.0
0,0,0.02
0,0,0.00029144030528192237
0,0,0.0
0,0,0.0
0,0,0.012
1,1,0.546
0,0,0.01
0,0,0.004
0,0,0.052
0,0,0.066
0,0,0.004
0,0,0.118
0,0,0.0
1,1,1.0
0,0,0.022
0,0,0.02
0,0,0.02
1,1,1.0
0,0,0.0
0,0,0.0
0,0,0.0
0,0,0.018
1,1,0.63
0,0,0.0
0,0,0.064
1,1,1.0
0,0,0.04
0,0,0.108
0,0,0.04
0,0,0.0
0,0,0.0
0,0,0.054
0,0,0.0
0,0,0.206
0,0,0.106
0,0,0.0
0,0,0.042
0,0,0.016
0,0,0.0
0,0,0.082
0,0,0.016
0,0,0.10209156997121953
0,0,0.006
0,0,0.024
1,1,1.0
0,0,0.022
0,0,0.02
1,1,1.0
0,0,0.0
0,0,0.0
0,0,0.0
0,0,0.008
0,0,0.036
0,0,0.04
0,0,0.054
0,0,0.022
0,0,0.0
0,0,0.0
0,0,0.0
0,0,0.048
0,0,0.01
1,1,1.0
1,1,1.0
1,1,1.0
0,0,0.0
1,1,1.0
0,0,0.008
0,0,0.0
0,0,0.012
1,0,0.144
1,1,1.0
1,1,1.0
0,0,0.01
0,0,0.002
0,0,0.0
0,0,0.01
0,0,0.024
0,0,0.12
0,0,0.0
0,0,0.002
0,0,0.13
0,0,0.038
0,0,0.004
0,0,0.002
0,0,0.002
0,0,0.008
1,1,1.0
0,0,0.0
0,0,0.0
0,0,0.104
0,0,0.09
0,0,0.0
0,0,0.0
1,1,1.0
0,0,0.022
0,0,0.0
0,0,0.05
0,0,0.008
0,0,0.012
1,1,0.88
0,0,0.044
0,0,0.006
1,1,1.0
0,0,0.020291440305281926
0,0,0.066
0,0,0.11
0,0,0.022
0,0,0.044
0,0,0.006
0,0,0.004
0,0,0.0
0,0,0.012
0,0,0.014
0,0,0.042
0,0,0.16
0,0,0.4276297778430075
0,0,0.0
1,1,1.0
0,0,0.01
0,0,0.06
1,1,1.0
1,1,1.0
1,1,1.0
0,0,0.01
0,0,0.002
0,0,0.046
0,0,0.0
0,0,0.0
0,0,0.0
0,0,0.0
0,0,0.166
0,0,0.066
0,0,0.038
0,0,0.0
0,0,0.008
0,0,0.112
1,1,1.0
0,0,0.0
0,0,0.012
0,0,0.018
0,0,0.0
1,1,1.0
0,0,0.0
0,0,0.0
0,0,0.088
0,0,0.0
0,0,0.068
1,1,1.0
0,0,0.04
1,1,1.0
0,0,0.0
0,0,0.042
0,0,0.002
0,0,0.082
0,0,0.006
0,0,0.02
0,0,0.0
0,0,0.01
0,0,0.036
0,0,0.0
0,0,0.029688683775608845
0,0,0.276
0,0,0.004
0,0,0.002
0,0,0.0
0,0,0.0
0,0,0.01
0,0,0.0
0,0,0.0
0,0,0.0
0,0,0.136
0,0,0.02
1,1,1.0
0,0,0.0
0,0,0.026
0,0,0.022
1,1,1.0
0,0,0.01
0,0,0.0
0,1,0.6247654384879711
0,0,0.0
0,0,0.16911240413489542
0,0,0.0
0,0,0.046
0,0,0.018
0,0,0.2130582891964227
0,0,0.0
0,0,0.008
0,0,0.114
0,0,0.048
0,0,0.014
0,0,0.022
0,0,0.002
0,0,0.03
0,0,0.01
0,0,0.0
0,0,0.024
0,0,0.018
0,0,0.01
0,0,0.134
0,0,0.054
0,0,0.0
0,0,0.006
0,0,0.0
0,0,0.044
0,0,0.1535908018179121
0,0,0.0
0,0,0.0
0,0,0.12248389206694109
1,0,0.296
0,0,0.006
0,0,0.028
0,0,0.032
0,0,0.0
0,0,0.052
0,0,0.026
0,0,0.01
1,1,1.0
0,0,0.0
0,0,0.11773346379773382
0,0,0.02
0,0,0.41952507383487736
0,1,0.6247654384879711
0,0,0.002
0,0,0.014
1,1,1.0
0,0,0.054
0,0,0.0
0,0,0.02
0,0,0.012
0,0,0.016
0,0,0.046
0,0,0.0
1,1,0.998
0,0,0.006
1,1,1.0
0,0,0.0
0,0,0.018
0,0,0.054
0,0,0.014
1,1,0.746
0,0,0.036
0,0,0.118
0,0,0.002
0,0,0.044
0,0,0.072
0,0,0.144
0,0,0.012
0,0,0.082
0,0,0.038
0,0,0.014
0,0,0.022
0,0,0.0
0,0,0.05
0,0,0.3961225209110702
0,0,0.0
0,0,0.0
0,0,0.084
0,0,0.086
1,0,0.472
0,0,0.0
0,0,0.054
1,1,1.0
1,1,1.0
1,1,1.0
1,0,0.054
0,0,0.0
0,0,0.014
0,0,0.006
0,0,0.082
0,0,0.244
0,0,0.15
1,0,0.38
0,0,0.056
0,0,0.028
0,0,0.0
0,0,0.056
0,0,0.06
0,0,0.0
0,0,0.0
0,0,0.004
0,0,0.006
0,0,0.008
0,0,0.026
1,0,0.208
0,0,0.0
1,1,1.0
0,0,0.0
0,0,0.0
0,0,0.04
0,0,0.062
0,0,0.016
0,0,0.02
0,0,0.016
0,0,0.0
0,0,0.0
0,0,0.0
0,0,0.0
0,0,0.0
0,0,0.008
0,0,0.008
0,0,0.026
0,0,0.0
0,0,0.038
1,1,1.0
0,0,0.0
0,0,0.072
0,0,0.044
0,0,0.0
0,0,0.076
0,0,0.01
0,0,0.0
0,0,0.01
1,1,1.0
0,0,0.0
0,0,0.022
0,0,0.116
0,0,0.0
0,0,0.0
0,0,0.058
0,0,0.044
0,0,0.056
0,0,0.034
0,0,0.026
0,0,0.0
0,0,0.002
0,0,0.012
0,0,0.032
1,0,0.194
0,0,0.018
1,1,1.0
0,0,0.014
1,0,0.066
0,0,0.042
1,1,1.0
0,0,0.098
0,0,0.002
0,0,0.46757796617363473
0,0,0.11
0,0,0.032
0,0,0.018
0,0,0.08
0,0,0.008
0,0,0.0
0,0,0.006
0,0,0.068
0,0,0.034
1,1,1.0
1,1,1.0
1,1,1.0
0,0,0.002
0,0,0.18
0,0,0.004
0,0,0.0
1,0,0.452
1,1,1.0
0,0,0.10807485748858948
0,0,0.06
1,1,0.792
0,0,0.004
0,0,0.062
0,0,0.0
0,0,0.0
0,0,0.032
0,0,0.008
0,0,0.038
0,0,0.078
0,0,0.038
0,0,0.0
1,0,0.148
1,1,0.996
1,0,0.454
0,0,0.008
0,0,0.132
0,0,0.064
1,1,1.0
0,0,0.018
1,1,1.0
0,0,0.014
0,0,0.0
0,0,0.036
0,0,0.0
0,0,0.094
0,0,0.292
0,0,0.02
1,1,1.0
0,0,0.012
0,0,0.026
0,0,0.31
0,0,0.0
0,0,0.006
0,0,0.028
0,0,0.104
0,0,0.0
1,1,1.0
0,0,0.0
0,0,0.0
0,1,0.5590798025069342
0,0,0.0
0,0,0.0
1,1,1.0
0,0,0.1
0,0,0.004
1,1,0.888
0,0,0.012
0,0,0.0
0,0,0.02
0,0,0.006
0,0,0.028
0,0,0.086
0,0,0.028
0,0,0.032
0,0,0.052
0,0,0.024
0,0,0.006
0,0,0.0
0,0,0.02466052422945101
0,0,0.122
0,0,0.0
0,0,0.104
0,0,0.046
0,0,0.06
0,0,0.0
0,0,0.148
0,0,0.004
0,0,0.014
0,0,0.006
1,1,1.0
0,0,0.008
0,0,0.036
0,0,0.0
0,0,0.012
0,0,0.0
1,1,1.0
0,0,0.0
0,0,0.0
0,0,0.0
0,0,0.004
0,0,0.07
0,0,0.052
0,0,0.0
0,0,0.0
0,1,0.6064150595609938
0,0,0.002
0,0,0.02
0,0,0.006
0,0,0.0
0,0,0.0
0,0,0.03
1,1,0.998
0,0,0.004
0,0,0.0
0,0,0.038
0,0,0.004
0,0,0.0
1,0,0.34679252836361
0,0,0.034
0,0,0.052
1,1,1.0
0,0,0.018
0,0,0.03
0,0,0.078
0,0,0.0
1,1,1.0
0,0,0.006
0,0,0.078
0,0,0.0
0,0,0.0
1,1,0.528
0,0,0.002
1,1,1.0
0,0,0.028
0,0,0.0
0,0,0.0
0,0,0.01
1,1,1.0
0,0,0.03
0,0,0.0
0,0,0.43708214209224233
0,0,0.0
0,0,0.004
0,0,0.062
0,0,0.0
1,1,1.0
0,0,0.01
0,0,0.01
0,0,0.0
0,0,0.0
0,0,0.102
0,0,0.078
0,0,0.022
0,0,0.048
0,0,0.04
1,1,1.0
0,0,0.028
0,0,0.01
0,0,0.002
0,0,0.008
0,0,0.0
0,0,0.104
0,0,0.022
1,1,1.0
0,0,0.014
0,0,0.046
0,0,0.004
0,0,0.018
0,0,0.002
1,0,0.452
1,1,1.0
0,0,0.004
0,0,0.01
0,0,0.0
1,1,1.0
0,0,0.0
0,0,0.028
0,0,0.038
0,0,0.0
1,1,1.0
1,1,0.966
1,1,1.0
0,0,0.032
0,0,0.008
0,0,0.144
0,0,0.006
1,1,1.0
0,0,0.026
0,0,0.044
0,0,0.0
0,0,0.028
0,0,0.094
1,1,0.778
0,0,0.002
0,0,0.018
1,1,1.0
1,1,0.992
1,1,0.506207798448392
0,0,0.008
0,0,0.084
0,0,0.058
0,0,0.058
1,1,0.998
0,0,7.485748858948021e-05
0,0,0.0
1,1,1.0
0,0,0.004
0,0,0.01
0,0,0.0
0,0,0.09
0,0,0.042
0,0,0.018
0,0,0.142
0,0,0.0
0,0,0.0
0,0,0.036
0,0,0.0
0,0,0.0
0,0,0.038
0,0,0.018
0,0,0.04
0,0,0.024
0,0,0.008
0,0,0.0
0,0,0.08
0,0,0.008
1,1,1.0
0,0,0.006
0,0,0.0
0,0,0.0
1,1,1.0
0,0,0.002
0,0,0.01
1,1,1.0
0,0,0.0
0,0,0.012
1,1,0.854
0,0,0.036
0,0,0.0
0,0,0.026
0,0,0.0
1,1,1.0
0,0,0.0
0,0,0.044
0,0,0.054
1,1,1.0
0,0,0.026268369821725736
0,0,0.0
1,1,0.98
1,1,1.0
0,0,7.485748858948021e-05
0,0,0.0
0,0,0.01
1,1,1.0
0,0,0.084
0,0,0.008
1,1,1.0
0,0,0.056
0,0,0.006
0,0,0.044
0,1,0.7439476033029779
0,0,0.02
0,0,0.03
0,0,0.0
0,0,0.008
1,1,1.0
0,0,0.0
0,0,0.024
1,0,0.088
0,0,0.012
1,0,0.174
0,0,0.006
0,0,0.002
0,0,0.046
0,0,0.0
0,0,0.062
0,0,0.0
0,0,0.01
0,0,7.485748858948021e-05
0,0,0.0
0,0,0.002
0,0,0.014
1,1,1.0
0,0,0.022
0,0,0.034
1,1,1.0
1,1,1.0
0,0,0.114
0,0,0.018
0,0,0.0
0,0,0.06
1,1,0.61
0,0,0.0
0,0,0.054
0,0,0.11
0,0,0.076
0,0,0.004
0,0,0.024
0,0,0.088
0,0,0.0
0,0,0.0
0,0,0.046
0,0,0.0
0,0,0.0
0,0,0.134
0,0,0.056
0,0,0.0
1,1,1.0
1,1,1.0
0,0,0.0
0,0,0.0
0,0,0.026
0,0,0.0
0,0,0.01
0,0,0.0
0,0,0.006
0,0,0.128
0,0,0.026
0,0,0.032
0,0,0.058
0,0,0.038
0,0,0.006
0,0,0.064
0,0,0.0
1,1,1.0
0,0,0.0
0,0,0.078
0,0,0.05
0,0,0.03
0,0,0.21
0,0,0.0
0,0,0.082
1,0,0.35
0,0,0.028
0,0,0.0
0,0,0.012
0,0,0.02
0,0,0.3171359031616761
0,0,0.0
0,0,0.0
0,0,0.054
1,1,1.0
0,0,0.014
0,0,0.0
0,0,0.098
0,0,0.052
0,0,0.04
0,0,0.03229144030528192
0,0,0.004
0,0,0.112
1,1,1.0
1,1,1.0
0,0,0.004
0,0,0.0
0,0,0.014
0,0,0.022
1,1,0.582
1,1,1.0
1,0,0.268
0,0,0.1
0,0,0.056
0,0,0.0
0,0,0.0
0,0,0.47184466829872534
1,1,1.0
0,0,0.054
0,0,0.002
0,0,0.0
0,0,0.204
0,0,0.054
0,0,0.026
0,0,0.0
0,0,0.05
0,0,0.1
0,0,0.002
0,0,0.0
0,0,0.012
0,0,0.006
0,0,0.008
0,0,0.004
0,0,0.006
0,0,0.044
0,0,0.0
0,0,0.006
0,0,0.0
0,0,0.006
0,0,0.028
0,0,0.004
0,0,0.0
0,0,0.036
0,0,0.0
0,0,0.0
0,0,0.01
0,0,0.006
0,0,0.038
0,0,0.174
0,0,0.0
0,0,0.0
0,0,0.034
1,1,1.0
0,0,0.046
0,0,0.012
0,0,0.016
0,0,0.04
0,0,0.002
0,0,0.01
0,0,0.006
0,0,0.052
0,0,0.0
0,0,0.0
0,0,0.036
0,0,0.0
0,0,0.026
0,0,0.0
0,0,0.028
0,0,0.016
1,1,1.0
0,0,0.042
0,0,0.136
0,0,0.004
1,1,1.0
0,0,0.14
0,0,0.004
0,0,0.0
0,0,0.032
0,0,0.004
0,0,0.024
0,0,0.2
0,0,0.14
0,0,0.038
0,0,0.0
0,0,0.094
1,1,1.0
0,0,0.0
0,0,0.02
0,0,0.006
0,0,0.416447347529451
0,0,0.0
0,0,0.006
1,1,0.994
0,0,0.028
1,1,1.0
1,0,0.37
0,0,0.018
0,0,0.026
1,1,1.0
0,0,0.054
0,0,0.0
0,0,0.126
0,0,0.058
0,0,0.054
1,1,0.57
0,0,0.134
0,0,0.066
0,0,0.0
0,0,0.014
0,0,0.134
0,0,0.024
0,0,0.02
1,1,0.916
0,0,0.0
1,1,1.0
0,0,0.038
0,0,0.0
1,1,1.0
0,0,0.076
0,0,0.032
0,0,0.0
0,0,0.036
0,0,0.02
0,0,0.002
1,1,0.575049370612255
0,0,0.01
0,0,0.336
0,0,0.20237949586584372
0,0,0.184
0,0,0.022
0,0,0.074
0,0,0.0
0,0,0.0
0,0,0.0
0,0,0.002
0,0,0.018
0,1,0.6217152195401049
0,0,0.03
0,0,0.064
1,1,1.0
0,0,0.098
0,0,0.024
0,0,0.0
0,0,0.0
0,0,0.0
0,0,0.0
0,0,0.0
0,0,0.01
0,0,0.0
0,0,0.0
0,0,0.084
0,0,0.016
0,0,0.034
1,1,1.0
0,0,0.0
1,1,0.706
0,0,0.02
0,0,0.016
0,0,0.01
0,0,0.038
0,0,0.1
0,0,0.002
0,0,0.012
0,0,0.016
0,0,0.41952507383487736
1,1,1.0
0,0,0.014
0,0,0.096
0,0,0.03
0,0,0.022
1,0,0.306
0,0,0.082
0,0,0.048
0,0,0.02407485748858948
0,0,0.0
0,0,0.012
0,0,0.0
0,0,0.0
0,0,0.0
0,0,0.0
0,0,0.054
0,0,0.042
0,0,0.0
1,1,0.942
0,0,0.046
0,0,0.008
0,0,0.0
1,1,1.0
1,0,0.296
0,0,0.07807485748858949
0,0,0.042
1,1,1.0
1,1,1.0
0,0,0.0
0,0,0.092
0,0,0.02
0,0,0.006
0,0,0.01
0,0,0.048
0,0,0.0
0,0,0.072
1,1,1.0
0,0,0.038
0,0,0.028
0,0,0.046
0,0,0.13
0,0,0.206
1,1,1.0
0,0,0.104
0,0,0.0
0,0,0.006
0,0,0.018
0,0,0.0
0,0,0.036
0,0,0.086
0,0,0.056
0,0,0.072
0,0,0.03
0,0,0.014
1,1,1.0
1,1,1.0
0,0,0.0
0,0,0.1
0,1,0.7439476033029779
0,0,0.018
0,0,0.018
1,1,0.94
0,0,0.03
1,0,0.3074612312740146
1,1,1.0
1,1,1.0
0,0,0.04
1,1,1.0
0,0,0.046
0,0,0.0
0,1,0.5458462037259931
0,0,0.0
0,0,0.008
0,0,0.19
0,0,0.054
0,0,0.1535908018179121
0,0,0.004
0,0,0.22885496726934965
0,0,0.026
0,0,0.07
0,0,0.13
0,0,0.0
0,0,0.07
0,0,0.0
0,0,0.0
0,0,0.022
0,0,0.002
0,0,0.178
0,0,0.202
1,1,1.0
0,0,0.034
0,0,0.0
1,1,1.0
0,0,0.0
0,0,0.004
0,0,0.014
0,0,0.0
0,0,0.046
0,0,0.016
0,0,0.006
0,0,0.0
0,0,0.0
0,0,0.0
0,0,0.0
1,1,1.0
1,1,0.592
0,0,0.018
0,0,0.00029144030528192237
0,0,0.066
1,1,0.854
0,0,0.03
0,0,0.086
0,0,0.054
0,0,0.016
0,0,0.022
0,0,0.02
1,1,1.0
0,0,0.028
0,0,0.03
0,0,0.0
0,0,0.0
0,0,0.31274826075121276
0,0,0.0
0,0,0.0
1,1,1.0
0,0,0.022
1,0,0.048
0,0,0.0
0,0,0.014
0,0,0.11
0,0,0.064
1,1,1.0
0,0,0.004
0,0,0.132
0,0,0.06
1,1,1.0
0,0,0.0
1,1,1.0
0,0,0.018
0,0,0.036
1,1,1.0
0,0,0.012
0,0,0.022
1,1,1.0
0,0,0.082
0,0,0.032
1,0,0.48
0,0,0.0
0,0,0.002
0,0,0.006
0,0,0.004
0,0,0.092
0,0,0.008
0,0,0.0
0,0,0.03
0,0,0.044
0,0,0.0
0,0,0.018
0,0,0.09
0,0,0.046
0,0,0.004
0,0,0.0
0,0,0.0
0,0,0.0
0,0,0.0
0,0,0.038
0,0,0.0
1,1,1.0
0,0,0.032
0,0,0.016
0,0,0.0
0,0,0.02
0,0,0.0
0,0,0.0
0,0,0.042
0,0,0.0
0,0,0.078
0,0,0.052
1,1,1.0
0,0,0.022
0,0,0.058
0,0,0.038
1,1,1.0
0,0,0.03
0,0,0.0
0,0,0.202
0,0,0.002
0,0,0.036
0,0,0.054
1,1,1.0
0,0,0.0
1,0,0.382
0,0,0.006
0,0,0.086
1,1,1.0
0,0,0.006
0,0,0.0
0,0,0.096
0,0,0.0
0,0,0.0
0,0,0.076
1,1,1.0
1,1,1.0
1,1,1.0
0,0,0.0
0,0,0.104
1,1,0.866
0,0,0.104
0,0,0.0
0,0,0.008
0,0,0.044
0,0,0.002
0,0,0.042
0,0,0.0
0,0,0.0
0,0,0.072
0,0,0.16
0,0,0.0
0,0,0.006
0,0,0.02
0,0,0.062
1,0,0.03475383445305041
1,1,1.0
0,0,0.22885496726934965
1,1,1.0
0,0,0.0
0,0,0.0
0,0,0.0
0,0,0.002
0,0,0.02
0,0,0.012
0,0,0.004
1,1,1.0
1,1,1.0
0,0,0.13
0,0,0.064
0,0,0.0
1,1,1.0
0,0,0.034
0,0,0.00029144030528192237
1,1,1.0
0,0,0.012
0,0,0.008
0,0,0.016
0,0,0.028
0,0,0.004
1,1,1.0
0,0,0.042
0,0,0.004
0,0,0.014
0,0,0.0
0,0,0.059961709015497744
0,0,0.196
0,0,0.012
0,0,0.006
0,0,0.024
0,0,0.064
0,0,0.018
1,1,0.878
0,0,0.006
0,0,0.002
0,0,0.0
0,0,0.0
0,0,0.0
0,0,0.09368868377560884
0,0,0.05
0,0,0.026
0,1,0.7914058351265182
0,0,0.054
1,1,1.0
0,0,0.034
0,0,0.008
0,0,0.01
0,0,0.026
0,0,0.016
0,0,0.024
0,0,0.002
1,1,1.0
1,0,0.26
0,0,0.0
0,0,0.004
0,0,0.03
0,0,0.09807485748858949
0,0,0.046
0,0,0.0
0,0,0.028
1,0,0.186
0,0,0.0
0,0,0.012
0,0,0.034
0,1,0.6149246662109149
0,0,0.032
0,0,0.022
0,0,0.0
0,0,0.052
0,0,0.0
0,0,0.004
1,1,0.958
0,0,0.01
0,0,0.008
1,1,0.828
0,0,0.01
1,0,0.106
0,0,0.054
0,0,0.066
1,1,1.0
1,1,1.0
0,0,0.004
0,0,0.02
0,0,0.056
0,0,0.03
0,0,0.042
1,0,0.218
0,0,0.0
1,1,1.0
0,0,0.004
0,0,0.068
1,1,1.0
0,0,0.066
1,1,1.0
0,0,0.058
0,0,0.0
0,0,0.03
0,0,0.182
0,0,0.114
0,0,0.004
0,0,0.004
0,0,0.004
0,0,0.006
0,0,0.04
1,1,0.502
0,0,0.0
0,0,0.102
1,1,1.0
0,0,0.002
0,0,0.016
0,0,0.0
0,0,0.0
0,0,0.012
0,0,0.018
0,0,0.02
0,0,0.014
0,0,0.016
0,0,0.0
0,0,0.072
0,0,0.0
0,0,0.03
0,0,0.044
0,0,0.0403662977938714
1,0,0.128
0,0,0.028
0,0,0.004
0,0,0.024
0,0,0.124
1,1,1.0
0,0,0.012
1,1,1.0
0,0,0.02
0,0,0.0
0,0,0.0
0,0,0.0
0,0,0.05
1,1,1.0
0,0,0.016
0,0,0.004
0,0,0.02
0,0,0.0
1,1,1.0
0,0,0.0
0,0,0.024
0,0,0.008
0,0,0.006
0,0,0.088
0,0,0.0
0,0,0.0
0,0,0.0
0,0,0.018
0,0,0.0
0,0,0.01
0,0,0.032
1,1,1.0
0,0,0.004
0,0,0.0
0,0,0.076
1,1,1.0
0,0,0.042
0,0,0.0
0,0,0.01
1,1,1.0
0,0,0.104
0,0,0.006
0,0,0.078
0,0,0.012
0,0,0.106
1,0,0.442
0,0,0.02
0,0,0.17
0,0,0.022
0,0,0.036
0,0,0.05
0,0,0.072
0,0,0.164
0,0,0.0
0,0,0.006
0,0,0.002
0,0,0.02
0,0,0.124
1,1,1.0
0,0,0.068
0,0,0.022
0,0,0.02
0,0,0.116
0,0,0.0
0,0,0.036
0,0,0.002
0,0,0.106
0,0,0.0
0,0,0.376
1,1,1.0
0,0,0.056
0,0,0.0
0,0,0.014
1,0,0.19
0,0,0.0
0,0,0.08
1,1,1.0
1,1,1.0
0,0,0.0
0,0,0.018
0,0,0.008
0,0,0.024
1,1,1.0
0,0,0.008
1,1,1.0
0,0,0.066
0,0,0.048
0,0,0.004
0,0,0.022
0,0,0.032
1,0,0.246
1,1,0.992
0,0,0.002
0,0,0.004
0,0,0.022
1,1,1.0
0,0,0.0
0,0,0.05
0,0,0.112
0,0,0.006
0,0,0.034
0,0,0.148
0,0,0.04207485748858948
0,0,0.0
0,0,0.03
0,0,0.0
1,1,1.0
0,0,0.034
0,0,0.032
0,0,0.0
0,0,0.022
0,0,0.2452546858729372
0,0,0.02
0,0,0.002
0,0,0.214
0,0,0.018
0,0,0.012
0,0,0.0
0,0,0.0
0,0,0.002
0,0,0.0
0,0,0.032
0,0,0.018
1,1,0.99
0,0,0.0
0,0,0.0
0,0,0.096
0,0,0.076
0,0,0.032
0,0,0.042
0,0,0.0
0,0,0.0
0,0,0.21510185967611936
1,1,1.0
0,0,0.008
0,0,0.006
0,0,0.024
0,0,0.0
0,0,0.006
0,0,0.0
0,0,0.068
0,0,0.004
1,1,1.0
0,0,0.004
1,1,1.0
0,0,0.006
0,0,0.176
0,0,0.006
0,0,0.036
0,0,0.0
0,0,0.0
0,0,0.08
0,0,0.0
0,0,0.0
0,0,0.012
0,0,0.0
0,0,0.0
0,0,0.036
0,0,0.018
0,0,0.024
0,0,0.036
0,0,0.028
0,0,0.186
1,1,0.964
0,0,0.006
0,0,0.012
0,0,0.036
1,1,1.0
0,1,0.7813439255570502
1,1,1.0
0,0,0.0
0,0,0.016
0,0,0.028
0,0,0.0
0,0,0.12
0,0,0.044
0,0,0.0
0,0,0.018
0,0,0.1314548152356549
0,0,0.006
0,0,0.006
0,0,0.0
0,0,0.04
0,0,0.0
0,0,0.0
0,0,0.022
0,0,0.028
1,0,0.174
0,0,0.004
1,1,1.0
0,0,0.0
0,0,0.0
0,0,0.024
0,0,0.0
0,0,0.014
0,0,0.004
0,0,0.004
0,0,0.0
0,0,0.0
0,0,0.0
0,0,0.02
0,0,0.07
0,0,0.054
0,0,0.0
0,0,0.064
0,0,0.004
0,0,0.136
1,1,1.0
0,0,0.0
1,1,1.0
0,0,0.006
0,0,0.012
0,0,0.0
0,0,0.032
0,0,0.0
1,1,1.0
0,0,0.0
1,1,1.0
0,0,0.0
0,0,0.018
0,0,0.0
0,0,0.0
0,0,0.0
1,1,0.926
0,0,0.01934083158641863
0,0,0.01
0,0,0.028
0,0,0.13
1,1,0.992
1,0,0.084
0,0,0.018
0,0,0.0
0,0,0.05
0,0,0.0
0,0,0.004
0,0,0.0
0,0,0.144
0,0,0.0
0,0,0.134
0,0,0.03
0,0,0.004
0,0,0.02
0,0,0.026
0,0,0.004
0,0,0.026
0,0,0.0
0,0,0.0
1,0,0.276
0,0,0.022
0,0,0.006
0,0,0.0
0,0,0.064
0,0,0.012
0,0,0.0
0,0,0.03007485748858948
1,1,1.0
0,0,0.018
0,0,0.0
0,0,0.078
0,0,0.0
1,1,1.0
0,0,0.024
0,0,0.0
0,0,0.104
0,0,0.006
1,1,0.974
0,0,0.02
0,0,0.03
0,0,0.0
0,0,0.028
0,0,0.0
0,0,0.0
0,0,0.062
0,0,0.078
1,1,0.99
0,0,0.026
0,0,0.0
0,0,0.008
0,0,0.02
0,0,0.026
0,0,0.0
0,0,0.01
0,0,0.022
1,1,0.974
0,0,0.04
0,0,0.45
0,0,0.004
0,0,0.022
0,0,0.048
0,0,0.084
1,1,1.0
0,0,0.026
0,0,0.048
0,0,0.048
1,1,1.0
0,0,0.078
0,0,0.0
0,0,0.0
0,0,0.01
0,0,0.004
0,0,0.004
0,0,0.0
1,1,1.0
0,0,0.018
0,0,0.012
0,0,0.008
0,0,0.022
0,0,0.014
0,0,0.032
0,0,0.074
0,0,0.022
0,0,0.002
0,0,0.078
0,0,0.002
1,1,1.0
1,0,0.16
1,1,1.0
0,0,0.0
1,0,0.054
0,0,0.02
1,1,1.0
0,0,0.024
0,0,0.004
0,0,0.0
0,0,0.006
0,0,0.078
0,0,0.016
0,0,0.0
1,1,1.0
0,0,0.004
0,0,0.012
0,0,0.034
1,0,0.192
0,0,0.014
0,0,0.0
0,0,0.006
0,0,0.0
0,0,0.278
0,0,0.076
1,1,1.0
0,0,0.144
0,0,0.0
0,0,0.004
0,0,0.0
0,0,0.056
0,0,0.0
0,0,7.485748858948021e-05
0,0,0.018
0,0,0.044
0,0,0.326
0,0,0.018
0,0,0.016
0,0,0.036
0,0,0.036
0,0,0.102
0,0,0.0
0,0,0.018
0,0,0.29047218023910687
0,0,0.08
0,0,0.0
1,0,0.244
1,0,0.25943228665741896
1,1,1.0
0,0,0.02
1,1,1.0
0,0,0.0
0,0,0.024
0,0,0.002
0,0,0.026
0,0,0.014
0,0,0.04
0,0,0.004
1,1,1.0
0,0,0.0
0,0,0.012
0,0,0.178
0,0,0.018
0,0,0.058
0,0,0.058
0,0,0.134
0,0,0.012
0,0,0.0
0,0,0.0
0,0,0.02
0,0,0.01
0,0,0.0
0,0,0.058
0,0,0.108
0,0,0.008
0,0,0.042
1,1,1.0
0,0,0.036
0,0,0.0
0,0,0.002
0,0,0.066
0,0,0.01
0,0,0.03
0,0,0.036
0,0,0.066
0,0,0.04
0,0,0.0
1,1,0.998
1,1,1.0
0,0,0.0
1,1,1.0
0,0,0.01
0,0,0.202
1,1,1.0
0,0,0.016
0,0,0.0
0,0,0.0
0,0,0.0
0,0,0.016
0,0,0.012
0,0,0.0
0,0,0.0
1,1,1.0
0,0,0.002
0,0,0.17116306202493387
0,0,0.02
0,0,0.0
0,1,0.8062295196755711
0,0,0.018
0,0,0.032
0,0,0.044
0,0,0.142
0,0,0.0
0,0,0.006
0,0,0.008
0,0,0.0
0,0,0.004
0,0,0.01
0,0,0.0
1,1,1.0
0,0,0.062
0,0,0.026
0,0,0.0
0,0,0.008
0,0,0.2111288813982756
0,0,0.008
0,0,0.054
0,0,0.024
0,0,0.0
0,0,0.044
0,0,0.0
0,0,0.006
0,0,0.18
0,0,0.08580870926957056
0,0,0.02
0,0,0.018
0,1,0.5409376124604229
0,0,0.056
0,0,0.0
0,0,0.0
0,0,0.0
0,0,0.0
0,0,0.0
0,0,0.012
1,1,0.996
1,1,1.0
0,0,0.002
0,0,0.016
0,0,0.008
1,1,0.98
1,1,1.0
0,0,0.0
0,0,0.0
0,0,0.014
1,1,0.776031701832472
0,0,0.0
0,0,0.042
0,0,0.002
0,0,0.022
0,0,0.032
1,1,1.0
0,0,0.01
1,1,1.0
0,0,0.046
0,0,0.0
0,0,0.052
0,0,0.016
0,0,0.04
0,0,0.152
0,0,0.016
0,0,0.002
0,0,0.0
0,0,0.022
0,0,0.142
0,0,0.008
0,0,0.006
0,0,0.0
0,0,0.058
1,1,1.0
0,0,0.052
0,0,0.008
0,0,0.064
0,0,0.01
1,1,1.0
0,0,0.024
0,0,0.002
0,0,0.0
0,0,0.07
0,0,0.018
0,0,0.002
0,0,0.058
0,0,0.028
0,0,0.01
0,0,0.05
0,0,0.028
0,0,0.0
0,0,0.026
0,0,0.016
0,0,0.0
1,1,1.0
0,0,0.0
0,0,0.0
1,1,1.0
0,0,0.01
0,0,0.01
0,0,0.0
0,0,0.0
0,0,0.028
1,1,0.83
1,1,1.0
0,0,0.008
0,0,0.062
0,0,0.01
0,0,0.01
0,0,0.014
0,0,0.02
1,1,1.0
0,0,0.014
0,0,0.0
0,0,0.0
0,0,0.066
0,0,0.096
0,0,0.00807485748858948
0,0,0.034
0,0,0.0
0,0,0.042
0,0,0.0
0,0,0.0
0,0,0.068
0,0,0.07
0,0,0.0
0,0,0.014
0,0,0.0
0,0,0.006
0,0,0.0
0,0,0.0
0,0,0.002
0,0,0.046
0,0,0.0
1,0,0.086
0,0,0.194
0,0,0.0
0,0,0.0
0,0,0.004
0,0,0.002
0,0,0.354
0,0,0.018
0,0,0.0
0,1,0.7239380315315209
0,0,0.0
0,0,0.036
0,0,0.082
1,1,1.0
0,0,0.016
0,0,0.002
0,0,0.038
0,0,0.006
1,1,1.0
0,0,0.01
0,0,0.014
0,0,0.042
0,0,0.024
0,0,0.004
0,0,0.116
0,0,0.0
0,0,0.036
0,0,0.022
0,0,0.0
0,0,0.028
0,0,0.0
0,0,0.026
0,0,0.002
0,0,0.0
0,0,0.076
0,0,0.05
0,0,0.01
0,0,0.116
0,0,0.0
0,0,0.0
0,0,0.064
0,0,0.0
0,0,0.004
0,0,0.044
0,0,0.104
0,0,0.09
0,0,0.0
0,0,0.086
0,0,0.012
0,0,0.066
1,0,0.318
0,0,0.022
0,0,0.016
0,0,0.0
0,0,0.0
0,0,0.0
0,0,0.0
0,0,0.0
0,0,0.11
0,0,0.0
0,0,0.0
0,0,0.0
0,0,0.016
0,0,0.0
0,0,0.0
0,0,0.024
1,1,1.0
0,0,0.0
0,0,0.0
0,0,0.026
0,0,0.032
1,1,0.732
1,1,1.0
0,0,0.0
0,0,0.012
0,0,0.0
0,0,0.0
0,0,0.0
1,1,1.0
0,0,0.012
1,1,1.0
1,1,1.0
0,0,0.04
0,0,0.004
0,0,0.02
0,0,0.07
0,0,0.012
0,0,0.0
0,0,0.016
0,0,0.004
0,0,0.018
1,1,0.99
0,0,0.0
1,1,0.708
0,0,0.034
0,0,0.0
0,0,0.022
0,0,0.032
0,0,0.0
0,0,0.062
0,0,0.0
0,0,0.012
0,0,0.0
0,0,0.0
0,0,0.0
0,0,0.012
0,0,0.01
1,1,1.0
1,1,1.0
0,0,0.0
0,0,0.014
0,0,0.004
1,1,1.0
0,0,0.08
0,0,0.052
0,0,0.0
1,1,1.0
0,0,0.05
0,0,0.0
0,0,0.0
0,0,0.0
0,0,0.17
0,0,0.02
0,0,0.052
1,1,1.0
0,0,0.028
0,0,0.054
0,0,0.032
0,0,0.046
0,0,0.014
0,0,0.036
0,0,0.0
0,0,0.07
0,0,0.028
0,0,0.0
0,0,0.016
0,0,0.2574614723236468
0,0,0.0
1,1,1.0
0,0,0.012
0,0,0.068
0,0,0.006
0,0,0.0
0,0,0.034
0,0,0.0
0,0,0.12248389206694109
0,1,0.7439476033029779
0,0,0.03
0,0,0.026
1,0,0.154
0,0,0.004
0,0,0.056
1,1,1.0
0,1,0.6217152195401049
0,0,0.056
0,0,0.026
0,0,0.006
0,0,0.026
0,0,0.0
0,0,0.0
0,0,0.0
0,0,0.078
1,1,1.0
1,1,1.0
0,0,0.04
0,0,0.024
1,1,1.0
0,0,0.034
1,1,1.0
0,0,0.0
0,0,0.0
0,0,0.068
0,0,0.058
0,0,0.004
0,0,0.0
1,1,0.996
0,0,0.038
0,0,0.0
0,0,0.164
0,0,0.022
0,0,0.128
1,1,1.0
0,0,0.002
0,0,0.0
0,0,0.006
1,1,0.86
0,0,0.022
0,0,0.0
0,0,0.02
0,0,0.022
0,0,0.004
0,0,0.0
1,1,1.0
0,0,0.058
1,0,0.292
0,0,0.0
0,0,0.008
1,1,1.0
0,0,0.0
0,0,0.014
0,0,0.102
0,0,0.106
0,0,0.027339607069835542
0,0,0.0
1,0,0.486
0,0,0.026
0,0,0.136
0,0,0.008
0,0,0.042
0,0,0.146
0,0,0.0
0,0,0.0
1,1,1.0
0,0,0.01
0,0,0.046
0,0,0.0
0,0,0.07
0,0,0.024
0,0,0.014
0,0,0.01
0,0,0.04
0,0,0.034
0,0,0.094
0,0,0.0
0,0,0.046
0,0,0.02
0,0,0.0
0,0,0.038
0,0,0.002
0,0,0.056
0,0,0.0
0,0,0.018
1,1,1.0
0,0,0.024
0,0,0.02
0,0,0.026
0,0,0.0
0,0,0.012
0,0,0.004
0,0,0.004
0,0,0.228
0,0,0.0
0,0,0.0
0,0,0.05
0,0,0.052
0,0,0.08566166600127806
0,0,0.0
0,0,0.018
0,0,0.0
0,0,0.0
1,1,1.0
0,0,0.038
0,0,0.002
0,0,0.014
0,0,0.0
0,0,0.0
0,0,0.01
0,0,0.138
0,0,0.172
0,0,0.102
0,0,0.0
0,0,0.006
0,0,0.0
0,0,0.0
1,1,1.0
1,0,0.342
0,0,0.058
1,1,1.0
0,0,0.014
0,0,0.46661185796712545
1,1,0.984
0,0,0.062
0,0,0.032
0,0,0.018
0,0,0.004
0,0,0.024
0,0,0.0
0,0,0.018
0,0,0.008
0,0,0.006
0,0,0.0
0,0,0.058
0,0,0.0
0,0,0.004
0,0,0.004
0,0,0.016
0,0,0.0
0,0,0.022
1,1,1.0
0,0,0.0
1,1,0.844
0,0,0.0
0,0,0.0
0,0,0.0
0,0,0.0
0,0,0.094
0,0,0.062
0,0,0.002
0,0,0.152
0,0,0.022
0,0,0.084
0,0,0.004
1,1,1.0
0,0,0.044
0,0,0.16911240413489542
0,0,0.0
0,0,0.0
0,0,0.028
0,0,0.01
0,0,0.044
1,1,1.0
0,0,0.26524462519668235
0,0,0.052
0,0,0.002
0,0,0.022
0,0,0.04
0,0,0.008
0,0,0.0
0,0,0.0
0,0,0.0
0,0,0.006
0,0,0.016
0,0,0.062
0,0,0.027688683775608843
0,0,0.0
0,0,0.0
0,0,0.348
0,0,0.03
0,0,0.0
0,0,0.092
1,1,0.63
0,0,0.01
0,0,0.0
0,0,0.012
0,0,0.024
1,1,1.0
0,0,0.0
0,0,0.05
0,0,0.002
0,0,0.06
1,1,0.554
0,0,0.014
0,0,0.0
0,0,0.04
0,0,0.012
0,0,0.068
0,0,0.034
0,0,0.046
0,0,0.002
0,0,0.0
0,0,0.014
0,0,0.052
0,0,0.0
0,0,0.024
0,0,0.004
0,0,0.0
1,1,1.0
0,0,0.0
0,0,0.012
0,0,0.018
0,0,0.054
0,0,0.008
0,0,0.012
0,0,0.086
0,0,0.0
0,0,0.018
0,0,0.0
0,0,0.034
0,0,0.006671786266115663
0,0,0.084
0,0,0.03
0,0,0.03
0,0,0.062
0,0,0.024
0,0,0.002
1,1,1.0
1,1,1.0
0,0,0.02
1,1,1.0
0,0,0.046
0,0,0.0
0,0,0.002
0,0,0.004
0,0,0.07
0,0,0.034
0,0,0.054
0,0,0.014
0,0,0.004
0,0,0.028
0,0,0.0
0,1,0.7439476033029779
0,0,0.028
0,0,0.068
0,0,0.026
0,0,0.0
0,0,0.014
0,0,0.03
1,1,1.0
0,0,0.016
0,0,0.0
0,0,0.082
0,0,0.102
1,1,1.0
0,0,0.002
0,0,0.0
1,0,0.084
0,0,0.0
0,0,0.0
0,0,0.012
0,0,0.0
0,0,0.04951988848529433
0,0,0.09
0,0,0.064
0,0,0.03
0,0,0.086
0,0,0.012
0,0,0.022
1,0,0.38
0,0,0.036
0,0,0.024
1,1,1.0
0,0,0.0
0,0,0.0
0,0,0.0
0,0,0.0
0,0,0.032
1,1,1.0
1,1,1.0
0,0,0.04
0,0,0.198
0,0,0.0
0,0,0.072
0,0,0.0
1,1,0.992
0,0,0.016
0,0,0.0
1,1,1.0
0,0,0.016
0,0,0.0
0,0,0.0
0,0,0.02
0,0,0.012
0,0,0.0
0,0,0.0
0,0,0.0
0,0,0.0
0,0,0.02
1,1,1.0
0,0,0.0
1,1,1.0
0,0,0.128
0,0,0.014
0,0,0.028
0,0,0.02
0,0,0.0
0,0,0.01
0,0,0.018
0,0,0.0
0,0,0.002
0,0,0.34290424941514863
0,0,0.028
0,0,0.0
1,1,1.0
0,0,0.026
0,0,0.0
0,0,0.0
0,0,0.0
0,0,0.02
0,0,0.042
0,0,0.018
0,0,0.02
0,0,0.0
1,1,1.0
0,0,0.038
0,0,0.04
0,0,0.04
0,0,0.0
0,0,0.012
1,1,1.0
0,0,0.064
1,1,1.0
0,0,0.008
0,0,0.052
1,1,1.0
0,0,0.004
0,0,0.198
0,0,0.016
0,0,0.002
1,0,0.306
0,0,0.0
0,0,0.0
0,0,0.072
0,0,0.084
0,0,0.026
0,0,0.018
0,0,0.02
0,0,0.05
0,0,0.01
0,0,0.024
0,0,0.078
1,1,1.0
0,0,0.022
1,1,1.0
0,0,0.0
0,0,0.01
0,0,0.036
0,0,0.0
0,0,0.028
0,0,0.0
0,0,0.046
0,0,0.032
0,0,0.012
0,0,0.004
0,0,0.056
0,0,0.0
0,0,0.02
0,0,0.0
1,1,1.0
0,0,0.072
0,0,0.013151133822516602
0,0,0.1
0,0,0.078
0,0,0.004
0,0,0.0
0,0,0.002
0,0,0.016
0,0,0.07
0,0,0.04
0,0,0.006
0,0,0.0
0,0,0.2
0,0,0.01
0,0,0.0
0,0,0.006
0,0,0.022
0,0,0.028
0,0,0.0
0,0,0.052
0,0,0.0
0,0,0.0
0,0,0.0
0,0,0.0
0,0,0.098
0,0,0.0
0,0,0.064
0,0,0.076
1,1,1.0
0,0,0.002
0,0,0.002
0,0,0.094
0,0,0.0
0,0,0.006
0,0,0.016
0,0,0.0
0,0,0.0
0,0,0.0
0,0,0.0
0,0,0.02407485748858948
1,0,0.184
0,0,0.062
0,0,0.0
0,0,0.0
0,0,0.006
0,0,0.042
0,0,0.022
0,0,0.004
0,0,0.0
0,0,0.024
1,1,1.0
0,0,0.008
0,0,0.08
0,0,0.024
0,0,0.008
0,0,0.0
0,0,0.012
0,0,0.2145254397972799
0,0,0.05
0,0,0.026
0,0,0.022
0,0,0.0
0,0,0.002
0,0,0.006
0,0,0.022
0,0,0.0
0,0,0.052
0,0,0.038
0,0,0.104
0,0,0.04
0,0,0.028
0,0,0.0
0,0,0.032
0,0,0.024
0,0,0.05864727636926649
0,0,0.004
1,0,0.076
0,0,0.004
1,1,0.956
1,1,1.0
0,0,0.182
0,0,0.056
1,1,1.0
0,0,0.0
1,1,1.0
1,1,1.0
0,0,0.0
0,0,0.0
0,0,0.034
0,0,0.136
1,0,0.19
0,0,0.028
0,0,0.074
0,0,0.122
0,0,0.03
0,0,0.02
0,0,0.0
0,0,0.0
0,0,0.0
0,0,0.0
0,0,0.018
1,0,0.216
0,0,0.066
1,1,1.0
0,0,0.032
1,1,1.0
0,0,0.0
0,0,0.004
0,0,0.01
0,0,0.074
0,0,0.032
0,0,0.01
0,0,0.114
0,0,0.024
0,0,0.0014612312740145926
0,0,0.014
0,0,0.0
0,0,0.2574614723236468
1,1,0.5458462037259931
0,0,0.15
0,0,0.0
0,0,0.048
0,0,0.01
0,0,0.016
0,0,0.12248389206694109
0,0,0.016
0,0,0.128
0,0,0.0
0,0,0.006
0,0,0.03
0,0,0.0
0,0,0.12
0,0,0.0
0,0,0.096
0,0,0.004
0,0,0.0
0,0,0.0
1,1,1.0
1,0,0.066
0,0,0.028
0,0,0.052
0,0,0.03
0,0,0.044
0,0,0.022
0,0,0.014
0,0,0.0
0,0,0.026
0,0,0.006
0,0,0.0
0,0,0.008
0,0,0.048
0,0,0.0
0,0,0.006
1,0,0.412
0,0,0.0
0,0,0.022
0,0,0.012
0,0,0.054
0,0,0.0
0,0,0.0
0,0,0.104
0,0,0.0
1,1,0.926
1,1,0.594
0,0,0.02
1,1,1.0
0,0,0.03
1,1,1.0
0,0,0.026
0,0,0.47562118072657783
0,0,0.0
0,0,0.01
1,0,0.096
0,0,0.09
0,0,0.034
0,0,0.0
0,0,0.006
1,1,0.5590798025069342
0,0,0.028
0,0,0.002
0,0,0.004
0,0,0.0
0,0,7.485748858948021e-05
0,0,0.0
0,0,0.122
0,0,0.022
1,1,1.0
0,0,0.002
0,0,0.0
1,1,0.908
0,0,0.0
0,0,0.0
0,0,0.028
0,0,0.0
0,0,0.0
0,0,0.086
0,0,0.22
0,0,0.014
0,0,0.022
1,1,1.0
0,0,0.0
1,1,1.0
1,1,0.938
0,0,0.0
1,1,1.0
0,0,0.032
0,0,0.018
1,0,0.498
1,1,1.0
0,0,0.006
0,0,0.058
0,0,0.0
1,1,1.0
0,0,0.002
0,0,0.0
0,0,0.084
0,0,0.006
0,0,0.016
0,0,0.0
0,0,0.006
0,0,0.37
0,0,0.022
0,0,0.148
0,0,0.0
0,0,0.004466239695757737
0,0,0.114
1,0,0.072
0,0,0.018
0,0,0.01
0,0,0.002
0,0,0.01
0,0,0.026
0,0,0.024
1,0,0.426
0,0,0.018
0,0,0.002
0,0,0.07
0,0,0.0
0,0,0.008
0,0,0.074
0,0,0.0
0,0,0.014
0,0,0.0
0,0,0.006
0,0,0.0
0,0,0.43708214209224233
0,0,0.122
1,1,1.0
0,0,0.1278538485999624
0,0,0.004
0,0,0.0
0,0,0.008
0,0,0.026
1,1,1.0
0,0,0.038
0,0,0.042
0,0,0.0
0,0,0.134
0,0,0.0
0,0,0.036
0,0,0.036
0,0,0.0
0,0,0.012
0,0,0.16
0,0,0.04
0,0,0.0
0,0,0.0
0,0,0.02
1,1,1.0
0,0,0.022
0,0,0.006
1,1,1.0
0,0,0.002
0,0,0.0
0,0,0.06
0,0,0.0
0,0,0.002
0,0,0.078
0,0,0.056
0,0,0.01
0,0,0.0
0,0,0.0
0,0,0.02
0,0,0.38483470572984957
0,1,0.5458462037259931
0,0,0.0
0,0,0.0
1,1,1.0
1,1,1.0
0,0,0.09
0,0,0.0
1,1,0.5078477950877857
1,1,1.0
0,0,0.032
0,0,0.036
0,0,0.11
0,0,0.09
0,0,0.126
0,0,0.0
1,1,1.0
0,0,0.09
0,0,0.0
0,0,0.01
0,0,0.05607485748858948
0,0,0.0
0,0,0.03
1,1,1.0
0,0,0.006
0,0,0.0
0,0,0.07
0,0,0.014
0,0,0.006
1,0,0.342
0,0,0.082
0,0,0.162
0,0,0.016
0,0,0.046
0,0,0.092
1,1,0.772
0,0,0.032
0,0,0.0
0,0,0.048
0,0,0.042
0,0,0.0
0,0,0.04
0,0,0.012
0,0,0.0
0,0,0.012
0,0,0.032
0,0,0.002
0,0,0.008
0,0,0.034
0,0,0.002
0,0,0.016
0,0,0.036
0,0,0.0
0,0,0.029051959743363696
1,1,1.0
0,0,0.042
0,0,0.0
0,0,0.006
0,0,0.052
0,0,0.004
0,0,0.004
0,0,0.002
0,0,0.0
0,0,0.066
1,1,1.0
0,0,0.0
0,0,0.0
0,0,0.068
0,0,0.02
0,0,0.006
0,0,0.0
0,0,0.0
0,0,0.0
0,0,0.056
0,0,0.0
0,0,0.0
0,0,0.0
0,0,0.0
0,0,0.0
0,0,0.03
0,0,0.054
0,0,0.03
0,0,0.024
0,0,0.054
0,0,0.04
0,0,0.05
1,0,0.216
0,0,0.082
0,0,0.004
0,0,0.0
0,0,0.004
0,0,0.20237949586584372
0,0,0.016
0,0,0.028
0,0,0.0
0,0,0.106
0,0,0.022
0,0,0.008
0,0,0.008
0,0,0.0
1,1,1.0
0,0,0.016
0,0,0.138
0,0,0.0
0,0,0.004
0,0,0.008
0,0,0.004
0,0,0.03
1,1,1.0
0,0,0.004
0,0,0.042
1,1,1.0
1,0,0.244
0,0,0.042
0,0,0.012
1,1,1.0
0,0,0.006
0,0,0.0
0,0,0.038
1,1,1.0
0,0,0.034
0,0,0.006
0,0,0.002
0,0,0.078
0,0,0.0
0,0,0.0
0,0,0.028
0,0,0.004
0,0,0.0
0,0,0.08580870926957056
0,0,0.025602346685554743
1,1,1.0
0,0,0.038
0,0,0.108
0,0,0.012
0,0,0.0
0,0,0.016
0,0,0.0
0,0,0.016
0,0,0.162
0,0,0.0
0,0,0.0
1,1,1.0
0,0,0.064
0,0,0.16
0,0,0.0
1,0,0.172
0,0,0.06
0,0,0.024
0,0,0.0
0,0,0.244
1,1,1.0
0,0,0.012
0,0,0.054
0,0,0.038
0,0,0.024
0,0,0.016
0,0,0.028
0,0,0.072
0,0,0.0
0,0,0.062
0,0,0.052
1,1,1.0
0,0,0.0
0,0,0.03
0,0,0.072
0,0,0.0
0,0,0.008
0,0,0.004
0,0,0.016
0,0,0.008
0,0,0.12248389206694109
0,0,0.0
0,0,0.01
0,0,0.036
0,0,0.0
0,0,0.104
0,0,0.0
0,0,0.008
0,0,0.096
0,0,0.018
0,0,0.0
0,0,0.022
0,0,0.244
1,1,1.0
0,0,0.118
0,0,0.032
0,0,0.0
1,1,1.0
0,0,0.002
0,0,0.062
0,0,0.022
0,0,0.024
0,0,0.0
1,1,1.0
0,0,0.0
0,0,0.0
1,1,1.0
0,0,0.006
0,0,0.01
0,0,0.0
1,1,1.0
1,1,1.0
0,0,0.002
0,0,0.4680801101637131
0,0,0.012
0,0,0.0
0,0,0.0
0,0,0.002
0,0,0.03
0,0,0.0
0,0,0.068
0,0,0.056
0,0,0.052
0,0,0.018
1,1,0.998
0,0,0.0
0,0,0.118
0,0,0.026
0,0,0.034
0,0,0.062
0,0,0.004
0,0,0.02
0,0,0.002
0,0,0.084
0,0,0.026
0,0,0.008
0,0,0.002
1,1,1.0
0,0,0.0
1,1,1.0
0,0,0.36
0,0,0.04
0,0,0.054
0,0,0.0
0,0,0.006
0,0,0.0
0,0,0.026
1,1,1.0
0,0,0.0
0,0,0.198
0,0,0.0
0,0,0.106
0,0,0.032
0,0,0.002
0,0,0.032
0,0,0.0
0,0,0.014
0,0,0.082
0,0,0.046
0,0,0.0
1,0,0.082
1,1,1.0
0,0,0.18
0,0,0.016
0,0,0.012
0,0,0.014
0,1,0.6149246662109149
0,0,0.0
0,0,0.006
0,0,0.066
0,0,0.0
0,0,0.036
0,0,0.022
0,0,0.052
0,0,0.05
0,0,0.108
0,0,0.018
0,0,0.056
0,0,0.016
0,0,0.0
0,0,0.0
1,1,1.0
0,0,0.024
0,0,0.0
0,0,0.046
0,0,0.036
0,0,0.008
0,0,0.0
1,1,0.53
0,0,0.022
0,0,0.04
1,1,1.0
0,0,0.0
0,0,0.0
0,0,0.012
1,1,1.0
0,0,0.0
1,1,1.0
0,0,0.0
1,1,1.0
0,0,0.022
0,0,0.0
0,0,0.02
1,1,1.0
0,0,0.002
0,0,0.0
0,0,0.048
0,0,0.0
0,0,0.068
1,1,1.0
0,0,0.064
1,1,1.0
1,1,0.804
0,0,0.088
0,0,0.084
1,1,1.0
0,0,0.002
0,0,0.002
0,0,0.014
1,1,0.998
0,0,0.0012523094006003587
0,0,0.032
0,0,0.0
0,0,0.018
0,0,0.042
0,0,0.058
0,0,0.0
0,0,0.0
1,1,1.0
0,0,0.0
0,0,0.02
0,0,0.044
0,0,0.01
1,1,1.0
0,0,0.09696971787766312
1,1,1.0
0,0,0.004
0,0,0.0
0,0,0.0
0,0,0.018
0,0,0.0
0,0,0.012
0,0,0.016
0,0,0.0
0,0,0.014
0,0,0.014
0,0,0.0
1,0,0.38
0,0,0.024
0,0,0.042
0,0,0.068
0,0,0.02
0,0,0.006
0,0,0.0
0,0,0.02
0,0,0.048
1,1,1.0
1,1,1.0
0,0,0.028
1,1,1.0
0,0,0.134
0,0,0.024
0,0,0.0
1,1,1.0
0,0,0.006
0,0,0.0
0,0,0.01
0,0,0.0
1,0,0.052
0,0,0.452
0,0,0.002
1,1,1.0
0,0,0.022
0,0,0.026
0,0,0.012
0,0,0.01
0,0,0.006
0,0,0.31741784208677853
0,0,0.014
0,0,0.0
0,0,0.0
0,0,0.0
1,1,1.0
0,0,0.044
0,0,0.0
1,0,0.258
0,0,0.008
0,0,0.0
0,0,0.032
0,0,0.056
0,0,0.01
0,0,0.06914341206549068
1,1,1.0
0,0,0.0
0,0,0.014
0,0,0.026
0,0,0.028
0,0,0.0
0,0,0.046
1,1,1.0
0,0,0.0
0,0,0.0
1,1,1.0
0,0,0.048
0,0,0.022
0,0,0.05345307635633478
0,0,0.08580870926957056
0,0,0.022
0,0,0.064
0,0,0.154
1,0,0.368
0,0,0.0
0,0,0.084
0,0,0.0
1,1,1.0
0,0,0.018
0,0,0.012
0,0,0.012
0,0,0.0
0,0,0.0
0,0,0.0
0,0,0.122
0,0,0.246
0,0,0.046
0,0,0.0
0,0,0.046
0,0,0.044
0,0,0.0
1,1,1.0
0,0,0.116
0,0,0.0
0,0,0.006
0,0,0.008
1,1,1.0
0,0,0.01
0,0,0.01
0,0,0.08580870926957056
0,0,0.04
0,0,0.036
0,0,0.008
0,0,0.076
0,0,0.0
0,0,0.0
0,0,0.022
1,0,0.336
0,0,0.0
0,0,0.028
0,0,0.0
0,0,0.004
0,0,0.0
0,0,0.0
0,0,0.0
0,0,0.0
0,0,0.02
1,1,1.0
0,0,0.014
0,0,0.0
0,0,0.0
0,0,0.0
0,0,0.016
0,0,0.016
1,1,1.0
1,1,0.784
0,0,0.0
0,0,0.004
0,0,0.06
0,0,0.026
0,0,0.0
1,1,1.0
0,0,0.01
0,0,0.098
1,0,0.25
0,0,0.084
0,0,0.0
0,0,0.004
0,0,0.026
1,1,1.0
0,0,0.014
0,0,0.068
0,0,0.002
0,0,0.0
1,1,0.618
0,0,0.072
0,0,0.0
0,0,0.048
0,0,0.026
1,1,1.0
0,0,0.212
0,0,0.04
0,0,0.114
1,1,1.0
0,0,0.024
1,1,1.0
0,0,0.0
0,0,0.008342063172203372
0,0,0.138
1,1,1.0
0,0,0.0
0,0,0.01
0,0,0.014
0,0,0.0
0,0,0.0
0,0,0.032
0,0,0.04
1,1,1.0
0,0,0.00029144030528192237
0,0,0.0
0,0,0.058
0,0,0.0
0,0,0.00807485748858948
0,0,0.07
0,0,0.056
0,0,0.0
0,0,0.0
0,0,0.0
0,0,0.0
0,0,0.0
0,0,0.0
0,0,0.004
0,0,0.0
0,0,0.0
0,0,0.106
0,0,0.03
0,0,0.01
0,0,0.0
0,0,0.098
0,0,0.002
0,0,0.022
0,0,0.0
0,0,0.136
0,0,0.0
0,0,0.038
0,0,0.028
0,0,0.0
0,0,0.0
0,0,0.002
0,0,0.016
0,0,0.0
0,0,0.002
1,1,0.908
0,0,0.02
0,0,0.016
0,0,0.072
1,1,1.0
0,0,0.002
0,0,0.012
0,0,0.0
0,0,0.0
0,0,0.004074857488589481
0,0,0.022
0,0,0.0
1,1,1.0
0,0,0.03
0,0,0.002
0,0,0.004
0,0,0.0
0,0,0.068
0,0,0.004
0,0,0.014
0,0,0.0
0,0,0.054
0,0,0.006074857488589481
0,0,0.02
1,1,1.0
0,0,0.06
0,0,0.034
1,0,0.272
1,1,0.62
0,0,0.056
0,0,0.392
1,1,1.0
0,0,0.04
0,0,0.102
0,0,0.146
0,0,0.054
0,0,0.0
0,0,0.016
1,1,1.0
0,0,0.002
0,0,0.12183120470968549
0,0,0.022
0,0,0.03387575921160033
0,0,0.026
0,0,0.0
0,0,0.096
1,1,1.0
0,0,0.0
1,1,0.538
0,0,0.016
0,0,0.132
0,0,0.026
1,1,1.0
0,0,0.054
0,0,0.006
0,0,0.002
0,0,0.0
0,0,0.022
0,0,0.022
0,0,0.074
0,0,0.136
1,1,1.0
0,0,0.0
0,0,0.102
0,0,0.182
0,0,0.006
0,0,0.006
0,0,0.008
0,0,0.092
0,0,0.046
0,0,0.0
0,0,0.012
0,0,0.014
0,0,0.0
0,0,0.204
0,0,0.01
1,1,1.0
0,0,0.008
0,0,0.072
0,0,0.078
1,1,0.612
0,0,0.017562098689666194
1,0,0.15007485748858948
0,0,0.078
1,1,0.62
0,0,0.028
0,0,0.086
0,0,0.0
0,0,0.042
0,0,0.0
1,1,1.0
0,0,0.0
0,0,0.002
1,0,0.228
0,0,0.09229144030528193
0,0,0.068
1,0,0.02
1,1,1.0
0,0,0.028
0,0,0.26
0,0,0.2693064226146754
0,0,0.006
0,0,0.026
0,0,0.05
0,0,0.008
1,1,1.0
0,0,0.0
0,0,0.042
0,0,0.0
0,0,0.0
0,0,0.194
0,0,0.002
0,0,0.016
0,0,0.004
0,0,0.012
0,0,0.0
1,1,1.0
0,0,7.485748858948021e-05
0,0,0.0
0,0,0.018
0,0,0.0
0,0,0.058
0,0,0.05
0,0,0.006
0,0,0.016
0,0,0.054
1,1,1.0
0,0,0.03
0,0,0.016
0,0,0.154
0,0,0.044
0,0,0.104
0,0,0.0
0,0,0.0
0,0,0.0
0,0,0.032
0,0,0.0
0,0,0.01
0,0,0.012
0,0,0.132
1,1,0.778
0,0,0.044
0,0,0.02
0,0,0.006
1,1,1.0
0,0,0.0
0,0,0.214
1,1,1.0
0,0,0.028
0,0,0.004
0,0,0.0
0,0,0.0
0,0,0.094
0,0,7.485748858948021e-05
0,0,0.006
0,0,0.074
0,0,0.0
0,0,0.048
0,0,0.002
0,0,0.046
0,0,0.006
1,1,1.0
0,0,0.0
0,0,0.062
0,0,0.05
0,0,0.014
0,0,0.01
0,0,0.06
1,0,0.446
0,0,0.05
0,0,0.0
0,0,0.004
1,1,1.0
0,0,0.026
1,1,1.0
0,0,0.004
0,0,0.044
0,0,0.0
1,1,0.972
1,0,0.404
1,1,1.0
1,0,0.214
0,0,0.0
0,0,0.008
1,1,1.0
0,0,0.0
0,0,0.0
0,0,0.044
0,0,0.078
0,0,0.068
0,0,0.015883239040402137
0,0,0.0
0,0,0.0
0,0,0.16
0,0,0.006
0,0,0.002
0,0,0.0
0,0,0.0
0,0,0.07
0,0,0.006
0,0,0.044
0,0,0.0
0,0,0.066
0,0,0.0
0,0,0.004
0,0,0.016
0,0,0.01
0,0,0.016
1,1,1.0
0,0,0.0
0,0,0.324
0,0,0.024
0,0,0.01
0,0,0.018
0,0,0.0
0,0,0.006
0,0,0.02
1,0,0.452
0,0,0.004
0,0,0.0
0,0,0.367353151692658
0,0,0.144
0,0,0.0
0,0,0.0
0,0,0.116
1,1,1.0
0,0,0.024
0,0,0.03
1,1,1.0
0,0,0.0
1,1,1.0
0,0,0.09
0,0,0.0
0,0,0.028
0,0,0.002
0,0,0.134
0,0,0.048
0,0,0.004
0,0,0.018
1,1,1.0
0,0,0.02
1,1,1.0
0,0,0.13
0,0,0.026
0,0,0.004
0,0,0.028
0,0,0.024
0,0,0.0
0,0,0.0
0,0,0.0
0,0,0.0
0,0,0.01
0,0,0.0
1,1,1.0
0,0,0.0
0,0,0.024
0,0,0.01
0,0,0.016
0,0,0.052
0,0,0.01
0,0,0.0
0,0,0.024
0,0,0.31274826075121276
1,1,1.0
1,1,1.0
1,1,0.542
0,0,0.0
0,0,0.0
0,0,0.03
0,0,0.006
1,1,1.0
0,0,0.0
0,0,0.0
0,0,0.0
0,0,0.022
0,0,0.042
0,0,0.124
0,0,0.11
0,0,0.0
0,0,0.01
0,0,0.082
0,0,0.002
0,0,0.006
0,1,0.6850154632342742
1,1,0.962
0,0,0.002
0,0,0.132
0,0,0.026
0,0,0.29
0,0,0.152
1,1,1.0
0,0,0.088
0,0,0.0
0,0,0.0
0,0,0.0
1,1,1.0
0,0,0.114
0,0,0.0
0,0,0.0
0,0,0.0
0,0,0.014
0,0,0.00807485748858948
0,0,0.0
0,0,0.024
0,0,0.0
0,0,0.04
0,0,0.0
0,0,0.054
0,0,0.044
0,0,0.01
1,1,1.0
0,0,0.034
0,0,0.036
0,0,0.05
0,0,0.022
0,0,0.004
0,0,0.004
0,0,0.092
0,0,0.004
1,1,1.0
1,0,0.102
0,0,0.006
0,0,0.024
0,0,0.0
0,0,0.0
0,0,0.05
0,0,0.0
0,0,0.202
0,0,0.016
1,1,1.0
0,0,0.044
0,0,0.0
0,0,0.152
0,0,0.03
0,0,0.054
0,0,0.006
0,0,0.0
0,0,0.012
1,1,1.0
0,0,0.0
0,0,0.022
0,0,0.016
0,0,0.0
0,0,0.042
0,0,0.012
1,1,0.976
0,0,0.004
0,0,0.104
1,1,1.0
0,0,0.0
1,1,1.0
0,0,0.016
0,0,0.012
1,0,0.074
0,0,0.01
1,1,1.0
0,0,0.0
1,1,1.0
0,0,0.0
1,0,0.218
1,1,1.0
0,0,0.0
0,0,0.02
0,0,0.06
0,0,0.028
0,0,0.002
0,0,0.024
0,0,0.074
0,0,0.0
0,0,0.03
0,0,0.23434562397288838
0,0,0.022
0,0,0.0
0,0,0.004
0,0,0.002
0,0,0.01
0,0,0.042
0,0,0.054
0,0,0.012
0,0,0.006
0,0,0.0
1,1,1.0
0,0,0.0
1,1,1.0
1,0,0.178
0,0,0.048
1,0,0.12
0,0,0.01
0,0,0.018
1,1,0.544
0,0,0.04
0,0,0.0
1,1,1.0
0,0,0.0
0,0,0.002
0,0,0.168
1,0,0.008
0,0,0.006
0,0,0.0663345842410343
0,0,0.062
0,0,0.016
0,0,0.012
0,0,0.004
1,0,0.074
1,0,0.056
1,1,1.0
0,0,0.136
0,0,0.244
0,0,0.0
0,0,0.0
0,0,0.0
0,0,0.206
0,0,0.0
0,0,0.0
0,0,0.078
0,0,0.128
1,1,0.69
0,0,0.068
0,0,0.128
0,0,0.0
0,0,0.0
1,1,1.0
0,0,0.006
0,0,0.0
0,0,0.07
0,0,0.0
0,0,0.028
1,0,0.27
1,1,1.0
1,1,1.0
0,0,0.0
0,0,0.0
0,0,0.006
1,0,0.14
0,0,0.008
0,0,0.0
0,0,0.002
0,0,0.034
0,0,0.006
1,1,0.6
0,0,0.0
0,0,0.0
0,0,0.0
0,0,0.056
1,0,0.052
0,0,0.0
0,0,0.0
0,0,0.022
1,0,0.03
0,0,0.0
0,0,0.1909181231689616
0,0,0.004
0,0,0.016
0,0,0.022
0,0,0.014
0,0,0.04
0,0,0.044
0,0,0.056
0,0,0.044
0,0,0.0
0,0,0.018
0,0,0.036
0,0,0.012
1,1,0.97
0,0,0.008
0,0,0.252
0,0,0.018
0,0,0.024
0,0,0.03
0,0,0.018
0,0,0.096
0,0,0.074
0,0,0.178
0,0,0.012
0,0,0.022
0,0,0.014
0,0,0.028
0,0,0.044
0,0,0.0
0,0,0.006
0,0,0.0
0,0,0.008
1,0,0.284
0,0,0.01
0,0,0.084
0,0,0.074
0,0,0.0
0,0,0.016
1,1,1.0
0,0,0.0
0,0,0.142
1,1,0.956
0,0,0.074
1,1,1.0
1,1,0.772
0,0,0.0
0,0,0.0
0,0,0.09
0,0,0.0
1,1,1.0
0,0,0.012
0,0,0.036
0,0,0.036
0,0,0.0
0,0,0.0
0,0,0.02
0,0,0.048
0,0,0.0
0,0,0.004
0,0,0.016
0,0,0.064
0,0,0.01
1,0,0.478
1,1,0.97
0,0,0.016
0,0,0.0
0,0,0.008
0,0,0.002
1,1,1.0
0,0,0.23434562397288838
0,0,0.0
0,0,0.042
0,0,0.164
0,0,0.0
0,0,0.0
0,0,0.0
1,1,0.998
0,0,0.048
0,0,0.066
0,0,0.0
0,0,0.0
0,0,0.028
0,0,0.058
0,0,0.0
0,0,0.004
0,0,0.008
0,0,0.0
0,0,0.0
0,0,0.006
1,1,1.0
1,1,1.0
0,0,0.13
0,0,0.002
0,0,0.014
0,0,0.006
0,0,0.002
0,0,0.0
0,0,0.094
0,0,0.0
0,0,0.004
0,0,0.038
0,0,0.0
0,0,0.014
0,0,0.0
1,1,1.0
1,1,1.0
0,0,0.076
0,0,0.0
0,0,0.01
0,0,0.106
0,0,0.126
0,0,0.026
0,0,0.003897385490998261
0,0,0.0
0,0,0.0
1,1,1.0
0,0,0.126
0,0,0.0
0,0,0.06
0,0,0.034
0,0,0.0
1,0,0.374
0,0,0.024
0,0,0.002
0,0,0.0
0,0,0.012
0,0,0.0
0,0,0.03
0,0,0.022
0,0,0.01
0,0,0.0
0,0,0.008
0,0,0.15
0,0,0.0
0,0,0.012
0,0,0.024
0,0,0.03
1,0,0.252
0,0,0.008
0,0,0.0
0,0,0.034
0,0,0.028
0,0,0.01
0,0,0.006
0,0,0.08580870926957056
0,0,0.184
0,0,0.004
0,0,0.0
0,0,0.106
0,0,0.05
0,0,0.044
1,1,1.0
0,0,0.038
0,0,0.062
0,0,0.0
1,0,0.254
1,1,0.936
1,1,1.0
1,1,0.75
0,0,0.082
1,1,1.0
0,0,0.0
0,0,0.09
1,0,0.318
0,0,0.0
0,0,0.0
0,0,0.008
0,0,0.0
0,0,0.012
0,0,0.0
0,0,0.072
0,0,0.004
0,0,0.0
0,0,0.068
0,0,0.006
1,1,1.0
0,0,0.02
0,0,0.06
0,0,0.034
0,0,0.0
0,0,0.0
0,0,0.0
0,0,0.07
0,0,0.034
0,0,0.034
1,1,1.0
0,0,0.0
0,0,0.004
0,0,0.048
0,0,0.002
0,0,0.0
0,0,0.234
0,0,0.04
0,0,0.0
0,0,0.0
1,1,0.998
0,0,0.0
0,0,0.002
0,0,0.004
0,0,0.0
0,0,0.22806880676668104
0,0,0.0
0,0,0.04
0,0,0.248
0,0,0.076
0,0,0.16629144030528192
0,0,0.09
0,0,0.0
0,0,0.018
0,0,0.0
0,0,0.018
0,0,0.034
0,0,0.004
0,0,0.0
1,1,0.578
0,0,0.002
0,0,0.014
0,0,0.04
0,0,0.0
0,0,0.07207485748858948
0,0,0.008
0,0,0.0
0,0,0.134
0,0,0.032
0,0,0.018
1,0,0.088
0,0,0.0
0,0,0.0
0,0,0.0
0,0,0.068
0,0,0.0
0,0,0.074
0,0,0.022
0,0,0.002
0,0,0.008
0,0,0.054
0,0,0.016
1,1,1.0
0,0,0.028
0,0,0.0
0,0,0.0
0,0,0.032
1,1,1.0
0,0,0.178
0,0,0.0
0,0,0.006
0,0,0.0
0,0,0.014
0,0,0.022
0,0,0.016
0,0,0.018
0,0,0.012
1,0,0.322
0,0,0.002
0,0,0.014
1,0,0.246
0,0,0.0
0,0,0.094
0,0,0.0
0,0,0.096
0,0,0.0
0,0,0.01407485748858948
0,0,0.074
0,0,0.088
0,0,0.022
1,1,1.0
1,1,1.0
0,0,0.122
0,0,0.012
0,0,0.0
1,1,0.97
0,0,0.032
0,0,0.054
1,1,1.0
0,0,0.006
0,0,0.0
0,0,0.022
0,0,0.0
0,0,0.0
0,0,0.004
1,1,1.0
1,1,1.0
0,0,0.062
1,1,1.0
0,0,0.042
1,1,0.936
0,0,0.026
0,0,0.022
1,1,1.0
1,1,1.0
0,0,0.0
0,0,0.016
0,0,0.012
1,1,0.748
1,1,1.0
0,0,0.008
0,0,0.0
0,0,0.0
0,0,0.074
0,0,0.08
0,0,0.016
0,0,0.068
0,0,0.0
1,1,1.0
0,0,0.0
0,0,0.03
0,0,0.02
0,0,0.016
0,0,0.138
0,0,0.138
0,0,0.018
0,0,0.0
0,0,0.046
0,0,0.016
0,0,0.2574614723236468
0,0,0.0
0,0,0.048
1,1,1.0
0,0,0.188
0,0,0.006
0,0,0.0
0,0,0.0
0,0,0.0
0,0,0.006
0,0,0.05
0,0,0.05
0,0,0.014
0,0,0.0
0,0,0.01
0,0,0.05
0,0,0.0
0,0,0.0
0,0,0.254
0,0,0.008
0,0,0.008
0,0,0.04
1,0,0.354
0,0,0.058
0,0,0.078
0,0,0.008
1,1,0.53
0,0,0.0
0,0,0.018
0,0,0.0
0,0,0.016
0,0,0.068
1,1,1.0
0,0,0.0
0,0,0.0
0,0,0.028
0,0,0.012
0,0,0.0
1,1,1.0
0,0,0.024
1,1,1.0
1,1,1.0
0,0,0.0
0,0,0.062
1,0,0.106
0,0,0.04
1,0,0.188
0,0,0.098
0,0,0.002
0,0,0.006
1,0,0.316
0,0,0.0
0,0,0.118
0,0,0.096
1,1,1.0
0,0,0.026
0,0,0.048
0,0,0.002
0,0,0.188
0,0,0.016
0,0,0.0
0,0,0.0
1,1,1.0
0,0,0.0
0,0,0.0
0,0,0.1
1,1,1.0
0,0,0.008
0,0,0.0
0,0,0.012
0,0,0.0
0,0,0.028
0,0,0.258
1,1,0.966
1,1,1.0
0,0,0.0
1,1,1.0
0,0,0.0
0,0,0.0
0,0,0.09
0,0,0.0
0,0,0.032
0,0,0.116
0,0,0.04007485748858948
0,0,0.028
0,0,0.01
1,0,0.33
0,0,0.012
0,0,0.044
0,0,0.002
1,0,0.434
1,1,1.0
0,0,0.414
0,0,0.14
0,0,0.052
1,1,1.0
0,0,0.0
1,1,1.0
0,0,0.008
1,1,1.0
0,0,0.0
0,0,0.0
0,0,0.0
0,0,0.016
0,0,0.032
1,1,1.0
0,0,0.0
0,0,0.024
0,0,0.006
0,0,0.02
0,0,0.014
1,1,1.0
0,0,0.01
0,0,0.014
0,0,0.006
0,0,0.002
0,0,0.02
0,0,0.122
0,0,0.0
0,0,0.04
0,0,0.018
1,0,0.334
0,0,0.30457777835533356
0,0,0.028
0,0,0.0
0,0,0.0
0,0,0.006
0,0,0.008
0,0,0.016
0,0,0.0
0,0,0.0
1,1,0.932
0,0,0.032
0,0,0.042
0,0,0.014
0,0,0.0
0,0,0.006
0,0,0.012
0,0,0.038306249123457856
0,0,0.006
0,0,0.0
0,0,0.008
0,0,0.006
0,0,0.032
1,1,1.0
0,0,0.004
0,0,0.004
0,0,0.038
0,0,0.022
0,0,0.024
1,1,0.984
0,0,0.012
0,0,0.022
0,0,0.0
0,0,0.014
0,0,0.0
0,0,0.0
0,0,0.014
0,0,0.0
0,0,0.0
0,0,0.014
0,0,0.036
0,0,0.0
0,0,0.0
1,1,0.894
0,0,0.032
0,0,0.0
1,1,0.66
1,1,0.998
0,0,0.0
0,0,0.002
0,0,0.0
0,0,0.012
0,0,0.01
1,1,1.0
0,0,0.002
0,0,0.018
0,0,0.01
0,0,0.0
0,0,0.0
0,0,0.032
1,1,1.0
0,0,0.01
0,0,0.004
0,0,0.1
0,0,0.0
0,0,0.02
0,0,0.0
0,0,0.004
0,0,0.0
0,0,0.006
0,0,0.002
0,0,0.0
0,0,0.002
0,0,0.0
0,0,0.018
0,0,0.0
0,0,0.0
0,0,0.028
0,0,0.058
0,0,0.0
0,0,0.022
0,0,0.04
0,0,0.0
0,0,0.038
0,0,0.0
0,0,0.0
0,0,0.03
0,0,0.038
0,0,0.0
0,0,0.004
0,0,0.048
0,0,0.032
0,0,0.0
0,0,0.0
0,0,0.022
0,0,0.056
0,0,0.0
0,0,0.104
0,0,0.0
0,0,0.0
0,0,0.05
0,0,0.068
0,0,0.042
1,0,0.408
0,0,0.0
0,0,0.104
0,0,0.018
1,1,1.0
0,0,0.02
0,0,0.032
0,0,0.056
1,1,1.0
0,0,0.022
0,0,0.0
0,0,0.0
0,0,0.004
0,0,0.036
0,0,0.024
0,0,0.032
0,0,0.004
0,0,0.104
0,0,0.018
0,0,0.028
0,0,0.0
0,0,0.0
0,1,0.89
0,0,0.012
0,0,0.0
0,0,0.04
0,0,0.092
0,0,0.054
0,0,0.0
0,0,0.068
0,0,0.084
0,0,0.058
0,0,0.038
1,1,1.0
1,1,1.0
0,0,0.042
1,1,0.998
1,1,0.808
0,0,0.11
0,0,0.0
0,0,0.0
0,0,0.04
0,0,0.02
0,0,0.0
0,0,0.02
0,0,0.024
0,0,0.0
0,0,0.0
0,1,0.575049370612255
0,0,0.006
0,0,0.0
1,1,1.0
0,0,0.032
0,0,0.008
0,0,0.026
1,1,1.0
0,0,0.072
0,0,0.076
0,0,0.0
0,0,0.028
0,0,0.014
0,0,0.0
0,0,0.0
0,0,0.008
0,0,0.044
0,0,0.006
0,0,0.228
0,0,0.0
0,0,0.0
1,1,1.0
1,1,1.0
0,0,0.0
0,0,0.006
0,0,0.002
1,0,0.20168868377560883
0,0,0.118
0,0,0.3138483699813746
0,0,0.06
0,0,0.002
0,0,0.054
0,0,0.0
1,1,1.0
0,0,0.036
0,0,0.088
0,0,0.0
1,1,1.0
0,0,0.0
0,0,0.07
0,0,0.0
0,0,0.006
0,0,0.06
0,0,0.012
0,0,0.042
0,0,0.08
1,1,1.0
0,0,0.0
0,0,0.028
1,1,1.0
0,0,0.0
0,0,0.018
0,0,0.01
1,1,1.0
0,0,0.084
0,0,0.018
0,0,0.0
0,0,0.014
0,0,0.03
0,0,0.0
0,0,0.022
0,0,0.114
1,1,1.0
0,0,0.0
1,1,1.0
0,0,0.0
0,0,0.024
1,1,0.692
0,0,0.06
1,0,0.194
0,0,0.064
0,0,0.044
0,0,0.018
0,0,0.0
0,0,0.004
0,0,0.0
0,0,0.052
1,1,1.0
1,1,1.0
0,0,0.022
0,0,0.044
0,0,0.002
1,1,1.0
0,0,0.082
0,0,0.066
1,1,1.0
0,0,0.004
0,0,0.012
0,0,0.0
0,0,0.088
0,0,0.02
0,0,0.0
1,1,1.0
0,0,0.022
1,1,1.0
0,0,0.064
0,0,0.07
0,0,0.036
0,0,0.09
0,0,0.0
0,0,0.05
0,0,0.002
0,0,0.0
0,0,0.022
0,0,0.0
0,0,0.082
0,0,0.008
0,0,0.022
0,0,0.014
0,0,0.0
0,0,0.0
1,1,1.0
0,0,0.0
0,0,0.07
0,0,0.008
0,0,0.008
0,0,0.0
0,0,0.018
0,0,0.104
1,1,1.0
1,1,1.0
0,0,0.01
0,0,0.0
0,0,0.012
0,0,0.004
1,1,1.0
0,0,0.042
1,1,1.0
1,1,0.9096852320782973
0,0,0.0
0,0,0.128
0,0,0.014
0,0,0.058
0,0,0.032
0,0,0.034
0,0,0.0
0,0,0.0
0,0,0.0
1,1,1.0
0,0,0.042
0,0,0.004
0,0,0.024
0,0,0.0
0,0,0.01
1,1,0.6330971669416027
1,1,1.0
0,0,0.026
0,0,0.068
0,0,0.002
0,0,0.014
0,0,0.016
0,0,0.042
0,0,0.042
0,0,0.0
1,1,0.8062295196755711
0,0,0.01
0,0,0.074
0,0,0.058
0,0,0.004
0,0,0.226
0,0,0.03
1,1,0.994
0,0,0.02207485748858948
0,0,0.108
0,0,0.022
0,0,0.104
0,0,0.0
0,0,0.022
0,0,0.0
0,0,0.056
1,1,1.0
0,0,0.044
1,1,0.958
0,0,0.0
0,0,0.046
0,0,0.01
0,0,0.0
0,0,0.068
0,0,0.0
0,0,0.182
0,0,0.07
0,0,0.0
0,0,0.01
0,0,0.012
0,0,0.0
0,0,0.0
0,0,0.1909181231689616
0,0,0.028
0,0,0.0
0,0,0.0
0,0,0.004
0,0,0.0
0,0,0.102
0,0,0.018
0,0,0.0
0,0,0.016
0,0,0.0
0,1,0.6850154632342742
1,1,0.996
0,0,0.0
0,0,0.008
0,0,0.012
0,0,0.00029144030528192237
0,0,0.052
0,0,0.07
0,0,0.034
0,0,0.036
1,1,0.922
0,0,0.016
0,0,0.032
0,0,0.0
0,0,0.086
0,0,0.114
0,0,0.106
0,0,0.0
0,0,0.03
0,0,0.006
0,0,0.0
1,1,1.0
0,0,0.0
1,0,0.476
0,0,0.026
0,0,0.0
1,1,1.0
0,0,0.0
1,0,0.214
0,0,0.1
0,0,0.0
0,0,0.006
0,0,0.054
0,0,0.016
0,0,0.0
0,0,0.144
0,0,0.084
0,0,0.002
0,0,0.034
0,0,0.0
0,0,0.012
0,0,0.028
0,0,0.002
0,0,0.026
0,0,0.0
0,0,0.004
0,1,0.5442310630582977
0,0,0.0
0,0,0.0
0,0,0.09
0,0,0.028
0,0,0.058
0,0,0.034
0,0,0.01
0,0,0.026
0,0,0.068
0,0,0.16
1,1,0.614
0,0,0.0
0,0,0.094
1,1,0.654
0,0,0.002
0,0,0.002
0,0,0.096
0,0,0.0
1,0,0.246
0,0,0.056
0,0,0.076
1,1,1.0
0,0,0.0
0,0,0.114
0,0,0.012
0,0,0.01
0,0,0.1
0,0,0.032
0,0,0.0
1,1,0.858
0,0,0.128
0,0,0.0
0,0,0.008
0,0,0.0
0,0,0.004
0,0,0.056
1,0,0.138
0,0,0.004
0,0,0.114
0,0,0.038
0,0,0.076
0,0,0.004
0,0,0.0
0,0,0.038
0,0,0.042
0,0,0.004
0,0,0.086
0,0,0.22806880676668104
0,0,0.006
0,0,0.032
1,0,0.164
0,0,0.002
1,1,1.0
1,0,0.142
0,0,0.056
0,0,0.03
0,0,0.0
1,1,1.0
0,0,0.018
0,0,0.054
1,1,1.0
0,0,0.002
1,0,0.166
0,0,0.038
0,0,0.0
0,0,0.0
0,0,0.014
0,0,0.29047218023910687
0,0,0.0
0,0,0.0
0,0,0.102
0,0,0.0
0,0,0.028
0,0,0.0
0,0,0.022
0,0,0.01
0,0,0.166
0,0,0.022
0,0,0.0
0,0,0.064
0,0,0.09
0,0,0.0
0,0,0.02
0,0,0.008
0,0,0.0
1,1,1.0
0,0,0.036
0,0,0.002
0,0,0.012
0,0,0.08
0,0,0.034
0,0,0.018
0,0,0.0
0,0,0.012
0,0,0.008
0,0,0.03
0,0,0.066
0,0,0.0
0,0,0.036
0,0,0.0
0,0,0.004
0,0,0.212
0,0,0.0
1,1,0.7
0,0,0.034
0,0,0.0
0,0,0.018
0,0,0.0
0,0,0.0
0,0,0.0
0,0,0.136
1,1,1.0
0,0,0.19
0,0,0.0
0,0,0.0
1,0,0.142
0,0,0.0
0,0,0.028
0,0,0.062
0,0,0.22806880676668104
0,0,0.108
0,0,0.0
0,0,0.032
0,0,0.0
0,0,0.0
0,0,0.0
0,0,0.036
0,0,0.0
0,0,0.046
0,0,0.076
0,1,0.6758634161141526
0,0,0.016
1,0,0.038
0,0,0.014
0,0,0.004
0,0,0.024
0,0,0.014
0,0,0.0
0,0,0.002
0,0,0.0
0,0,0.01
1,1,1.0
0,0,0.0
0,0,0.04
0,0,0.034
0,0,0.0
0,0,0.052
0,0,0.09
0,0,0.108
0,0,0.102
0,0,0.002
1,0,0.056
0,0,0.0
0,0,0.022
0,0,0.0
0,0,0.042
0,0,0.068
0,0,0.07
0,0,0.032
0,0,0.036
0,0,0.104
0,0,0.066
0,0,0.0
0,0,0.0
0,0,0.054
0,0,0.008
0,0,0.03
0,0,0.032
1,1,1.0
1,1,1.0
0,0,0.038
0,0,0.1
0,0,0.0
0,0,0.0
1,1,0.898
0,0,0.018
0,0,0.038
0,0,0.11403524924339935
0,0,0.10209156997121953
0,0,0.0
0,0,0.034
0,0,0.0
1,1,1.0
1,1,1.0
0,0,0.006
0,0,0.3333354463375841
0,0,0.022
0,0,0.018
0,0,0.014
0,0,0.036
0,0,0.092
0,0,0.002
0,0,0.016
0,0,0.082
0,0,0.08
0,0,0.012
0,0,0.054
0,0,0.006
0,0,0.006
1,1,1.0
0,0,0.03
0,0,0.0
0,0,0.0
0,0,0.008
1,1,1.0
0,0,0.048
0,0,0.008
0,0,0.008
0,0,0.0
0,0,0.0
0,0,0.002
0,0,0.21364572795523162
0,0,0.004
1,1,1.0
0,0,0.0
0,0,0.0
0,0,0.128
0,0,0.012
0,0,0.01
1,1,1.0
0,0,0.032
0,0,0.008
1,1,1.0
0,0,0.206
0,0,0.04029144030528192
0,0,0.096
0,0,0.084
1,1,1.0
0,0,0.0
0,0,0.052
0,0,0.02
0,0,0.0
0,0,0.084
0,0,0.15176220403095594
0,0,0.046
0,0,0.0
0,0,0.04
0,0,0.134
0,0,0.0
0,0,0.06186692820010556
0,0,0.162
0,0,0.162
0,0,0.012
0,0,0.014
0,0,0.006
0,0,0.038
0,0,0.022
0,0,0.028
0,0,0.128
0,0,0.094
0,0,0.0
0,0,0.094
0,0,0.01
0,0,0.0
0,0,0.046
0,0,0.008
1,0,0.434
0,0,0.008
0,0,0.31741784208677853
0,0,0.036
1,1,1.0
0,0,0.0
0,0,0.0
1,1,1.0
0,0,0.012
0,0,0.0
0,0,0.028
0,0,0.0
0,0,0.03
0,0,0.042
1,1,1.0
0,0,0.0
0,0,0.002
0,0,0.014
0,0,0.0
0,0,0.07
0,0,0.0
0,1,0.7239380315315209
0,0,0.0
0,0,0.05
0,0,0.0
0,0,0.128
0,0,0.2
0,1,0.7502310096096763
0,0,0.066
0,0,0.03
0,0,0.0
0,0,0.028
0,0,0.01
0,0,0.036
1,1,1.0
0,0,0.162
1,1,1.0
1,1,1.0
0,0,0.182
1,1,1.0
0,0,0.34
0,0,0.0
1,1,1.0
0,0,0.0
0,0,0.162
0,0,0.01
0,0,0.094
0,0,0.0
0,0,0.0
1,1,1.0
1,0,0.252
0,0,0.024
0,0,0.034
0,0,0.03
1,1,1.0
0,0,0.0
0,0,0.036
0,0,0.016
0,0,0.016
0,0,0.0
1,1,0.834
0,0,0.022
0,0,0.026
0,0,0.084
0,0,0.002
0,0,0.054
0,0,0.062
0,0,0.0
0,0,0.022
0,0,0.004
0,0,0.004
0,0,0.006
0,0,0.054
0,0,0.244
0,0,0.012
0,0,0.06
0,0,0.0
0,0,0.0
0,0,0.04
1,1,1.0
0,0,0.088
0,0,0.006
0,0,0.044
0,0,0.004
0,0,0.01
0,0,0.036
0,0,0.096
0,0,0.018
1,1,1.0
0,0,0.0
0,0,0.0
0,0,0.016
0,0,0.014
0,0,0.0
0,0,0.0
0,0,0.0
0,0,0.066
0,0,0.046
1,1,1.0
0,0,0.002
0,0,0.01
0,0,0.018
0,0,0.082
0,0,0.002
0,0,0.002
0,1,0.776031701832472
1,1,0.928
0,0,0.006
0,0,0.042
0,0,0.052
0,0,0.014
0,0,0.0
0,0,0.0
1,0,0.38
0,0,0.02
0,0,0.008
0,0,0.018
0,0,0.0
0,0,0.042
0,0,0.022
0,0,0.024845429116904117
0,0,0.006
0,0,0.002
0,0,0.006
1,1,1.0
1,0,0.186
0,0,0.022
0,0,0.004
0,0,0.0
0,0,0.102
0,0,0.002
0,0,0.0795204347320796
0,0,0.004
1,1,1.0
0,0,0.0
0,0,0.0
0,0,0.084
0,0,0.0
0,0,0.0
0,0,0.014
0,0,0.006
0,0,0.0
1,1,1.0
0,0,0.006
0,0,0.0
0,0,0.072
0,0,0.48229296815332356
1,0,0.106
0,0,0.062
0,0,0.0
0,0,0.004
0,0,0.01
0,0,0.042
0,0,0.0
0,0,0.0
0,0,0.0
0,0,0.05
0,0,0.036
0,0,0.00783120470968549
0,0,0.018
0,0,0.022
0,0,0.026
0,0,0.002
1,1,1.0
1,1,1.0
0,0,0.048
0,0,0.136
0,0,0.2166766003812395
1,1,0.73
0,0,0.0
0,0,0.078
1,1,1.0
0,0,0.47184466829872534
0,0,0.016
0,0,0.0
1,1,1.0
0,0,0.0037810978871942397
1,0,0.45
0,0,0.0
1,1,0.864
0,0,0.0
0,0,0.028
0,0,0.0
0,0,0.014
0,0,0.0
1,1,0.976
0,0,0.0
0,0,0.03
0,0,0.002
0,0,0.046
1,1,1.0
0,0,0.084
0,0,0.0
1,1,0.722
0,0,0.0
0,0,0.002
1,1,1.0
0,0,0.01
0,0,0.046
0,0,0.024
0,0,0.0
0,0,0.0
1,1,0.55
0,0,0.084
0,0,0.14
0,0,0.028
1,1,0.99
0,0,0.006
0,0,0.01
1,1,1.0
0,0,0.048
0,0,0.028
0,0,0.0
0,0,0.006
0,0,0.0
0,0,0.0
0,0,0.0
0,0,0.0
0,0,0.118
0,0,0.014
1,0,0.208
0,0,0.004
1,0,0.332
0,0,0.004
0,0,0.056
0,0,0.05807485748858948
0,0,0.022
0,0,0.138
0,0,0.0
0,0,0.0
0,0,0.056
1,1,1.0
0,0,0.032
0,0,0.0
0,0,0.022
0,0,0.068
0,0,0.008
0,0,0.0
1,1,1.0
0,0,0.0
1,1,1.0
0,0,0.022
0,0,0.044
1,1,1.0
0,0,0.0
0,0,0.0
1,0,0.42
0,0,0.022
0,0,0.028
0,0,0.0
0,0,0.002
0,0,0.038
0,0,0.012
0,0,0.068
0,0,0.082
0,0,0.122
0,0,0.066
0,0,0.006
1,1,1.0
0,0,0.0
0,0,0.0
0,0,0.13
0,0,0.03
1,1,1.0
1,1,1.0
1,0,0.032
0,0,0.0
0,0,0.0
0,0,0.17
0,0,0.014
0,0,0.0
0,0,0.02
0,0,0.058
0,0,0.004
0,0,0.004
0,0,0.0
0,0,0.0
0,0,0.046
0,0,0.05
1,1,1.0
0,0,0.05
0,0,0.0
0,0,0.076
0,0,0.006
0,0,0.048
0,0,0.034
0,0,0.0
0,0,0.072
1,1,1.0
0,0,0.0
0,0,0.008
0,0,0.0
0,0,0.0
0,0,0.006
0,0,0.012
0,0,0.04
0,0,0.004
0,0,0.016
0,0,0.0
0,0,0.016
0,0,0.054
0,0,0.05
0,0,0.016
0,0,0.0
0,0,0.018
0,0,0.028
1,1,1.0
0,0,0.128
1,1,1.0
0,0,0.0
0,0,0.03
0,0,0.0
0,0,0.026
0,0,0.0
0,0,0.012
0,0,0.034
1,1,1.0
0,0,0.036
0,0,0.176
1,1,1.0
0,0,0.072
0,0,0.026
0,0,0.014
0,0,0.024
0,0,0.0
0,0,0.018
0,0,0.0
1,1,1.0
0,0,0.0
0,0,0.0
0,0,0.026
0,0,0.0
0,0,0.0
1,1,0.714
0,0,0.042
0,0,0.0
0,0,0.192
0,0,0.01
0,0,0.01
0,0,0.0
1,1,1.0
0,0,0.046
0,0,0.02
0,0,0.002
0,0,0.0
0,0,0.034
1,1,1.0
0,0,0.0
0,0,0.0
0,0,0.086
0,0,0.012
1,0,0.09
0,0,0.0
0,0,0.0
0,0,0.002
0,0,0.0
0,0,0.032
0,0,0.0
0,0,0.032
0,0,0.104
0,0,0.006
0,0,0.042
0,0,0.026
1,1,1.0
0,0,0.0
0,0,0.116
0,0,0.04702644146601559
0,0,0.02
1,1,0.888
1,1,1.0
0,0,0.0
0,0,0.036
0,0,0.0
1,1,1.0
0,0,0.0
0,0,0.0
0,0,0.006
0,0,0.024
0,0,0.19
0,0,0.0
0,0,0.008
0,0,0.036
0,0,0.0
1,1,1.0
0,0,0.0
0,0,0.024
0,0,0.036
0,0,0.192
1,0,0.2622036174250169
0,0,0.0
0,0,0.008
0,0,0.036
0,0,0.0
0,0,0.0
0,0,0.0
0,0,0.04
0,0,0.018
0,0,0.008
0,0,0.024
0,0,0.004
0,0,0.024
0,0,0.148
0,0,0.022
0,0,0.034
1,1,1.0
1,1,1.0
0,0,0.074
0,0,0.18
0,0,0.016
0,0,0.04
0,0,0.02
0,0,0.0
1,1,1.0
0,0,0.0
0,0,0.01
0,0,0.05
0,0,0.008
0,0,0.044
0,0,0.012
0,0,0.07
0,0,0.002
0,0,0.04
1,1,1.0
0,0,0.012
0,0,0.0
1,1,0.826
0,0,0.058
0,0,0.04
0,0,0.008
1,1,1.0
0,0,0.004
0,0,0.078
1,1,1.0
0,0,0.09
0,0,0.0
0,1,0.7193733261472441
0,0,0.036
1,1,1.0
0,0,0.02
0,0,0.124
0,0,0.0
0,0,0.03
0,0,0.026
0,0,0.0
0,0,0.002
0,0,0.004
0,0,0.018
0,0,0.024
0,0,0.008
0,0,0.048
0,0,0.002
0,0,0.028
0,0,0.02
0,0,0.01
0,0,0.002
0,0,0.026
0,0,0.006
0,0,0.002
0,0,0.002
0,0,0.0
0,0,0.01
1,1,1.0
0,0,0.08580870926957056
0,0,0.032
0,0,0.01
1,1,1.0
0,0,0.154
0,0,0.0
1,0,0.384
0,0,0.028
1,1,1.0
0,0,0.008
0,0,0.064
0,0,0.0
0,0,0.034
0,0,0.052
0,0,0.01
0,0,0.02
0,0,0.0
0,0,0.142
0,0,0.018
0,0,0.012
0,0,0.0
0,0,0.006
0,0,0.016
0,0,0.018
1,1,0.65
0,0,0.026
0,0,0.0
0,0,0.006
0,0,0.108
0,0,0.032
0,0,0.0
0,0,0.0
1,1,1.0
0,0,0.008
1,1,1.0
0,0,0.008
0,0,0.026
0,0,0.032
1,1,1.0
0,0,0.008
0,0,0.006
0,0,0.01
0,0,0.0
0,0,0.026
0,0,0.102
0,0,0.006
0,0,0.022
0,0,0.0
0,0,0.0
0,0,0.004
0,0,0.0
0,0,0.078
1,0,0.474
0,0,0.0
0,0,0.006
0,0,0.022
0,0,0.0
1,1,0.62
1,1,1.0
0,0,0.0
1,1,1.0
1,1,1.0
1,1,1.0
1,1,1.0
1,1,1.0
1,0,0.31274826075121276
0,0,0.018
0,0,0.012
0,0,0.0
0,0,0.058
1,1,1.0
0,0,0.096
0,0,0.006
0,0,0.05
0,0,0.016
0,0,0.0
0,0,0.04
0,0,0.02
0,0,0.004
0,0,0.0
0,0,0.11107508364390987
1,1,0.676
0,0,0.022
0,0,0.034
0,0,0.026
0,0,0.088
0,0,0.0
0,0,0.016
0,0,0.03
0,0,0.052
0,0,0.028
0,0,0.0
0,0,0.048
0,0,0.122
0,0,0.028
0,0,0.076
0,0,0.09696971787766312
0,0,0.028
0,0,0.0
0,0,0.088
0,0,0.008
0,0,0.004
0,0,0.04
0,0,0.002
0,0,0.20632378065210036
0,0,0.376
0,0,0.0
0,0,0.0
0,0,0.012
0,0,0.078
0,0,0.03
0,0,0.064
0,0,0.026
0,0,0.0
0,0,0.0
0,0,0.018
0,0,0.02
0,0,0.006
0,0,0.0
0,0,0.016
0,0,0.0
0,0,0.0
0,0,0.076
0,0,0.004
0,0,0.0
0,0,0.012
0,0,0.008
1,1,1.0
1,1,1.0
0,0,0.094
0,0,0.0
0,0,0.026
0,0,0.0
0,0,0.006
0,0,0.044
0,0,0.006
0,0,0.036
0,0,0.002
0,0,0.0
0,0,0.0
1,1,1.0
0,0,0.02
1,1,1.0
0,0,0.0
0,0,0.082
0,0,0.15
0,0,0.014
0,0,0.054
0,0,0.0
0,0,0.0
1,1,1.0
0,0,0.04
0,0,0.0
0,0,0.0
0,0,0.014
0,0,0.102
0,0,0.0
0,0,0.09
0,0,0.0
0,0,0.024
0,0,0.0
0,0,0.0
0,0,0.004
0,0,0.186
0,0,0.03
0,0,0.0
0,0,0.012
0,0,0.014
0,0,0.02
1,1,1.0
0,0,0.062
0,0,0.0
0,0,0.0
0,0,0.04
0,0,0.0
0,0,0.08
0,0,0.002
0,0,0.11
0,0,0.014
0,0,0.01
0,0,0.002
0,0,0.002
0,0,0.028
0,0,0.002
0,0,0.184
0,0,0.0
0,0,0.47609325687228715
0,0,0.002
0,0,0.028
0,0,0.012
0,0,0.0
0,0,0.044
0,0,0.0
0,0,0.032
0,0,0.022
0,0,0.072
0,0,0.00494961071754226
1,0,0.1747033477411579
0,0,0.01
0,0,0.042
0,0,0.016
1,1,1.0
0,0,0.004
1,1,0.958
1,1,1.0
1,1,1.0
0,0,0.01
0,0,0.0
0,0,0.0
0,0,0.012
0,0,0.04
0,0,0.0
0,0,0.006
0,0,0.02
0,0,0.0
0,0,0.042
0,0,0.004
0,0,0.014
0,0,0.006
0,0,0.06
0,0,0.012
0,0,0.032
0,0,0.002
0,0,0.0
1,1,0.988
0,0,0.004
0,0,0.012
1,1,1.0
1,1,0.562
1,1,1.0
0,0,0.0
1,1,0.718
1,1,1.0
0,0,0.0
0,0,0.016
0,0,0.0
0,0,0.008
0,0,0.05
0,0,0.018
0,0,0.068
0,0,0.028
0,0,0.012
0,0,0.0
0,0,0.01
0,0,0.028
0,0,0.0
0,0,0.0
0,0,0.01
0,0,0.018
0,0,0.0
0,0,0.2474963226280828
0,0,0.0
0,0,0.01
0,0,0.05
0,0,0.0
0,0,0.014
0,0,0.04
0,0,0.072
0,0,0.008
1,1,1.0
0,0,0.048
0,0,0.008
0,0,0.164
0,0,0.038
0,0,0.008
0,0,0.068
0,0,0.0
0,0,0.0
0,0,0.076
0,0,0.006
0,0,0.08204997526656231
0,0,0.064
1,0,0.136
1,1,1.0
1,1,0.966
0,0,0.02
0,0,0.108
0,0,0.0
1,0,0.2574614723236468
0,0,0.0
0,0,0.012
0,0,0.014
0,0,0.1
0,0,0.054
0,0,0.008
0,0,0.046
0,0,0.06
0,0,0.05
1,1,1.0
0,0,0.014
0,0,0.108
0,0,0.004
0,0,0.0
0,0,0.0
0,0,0.002
0,0,0.0
0,0,0.216
0,0,0.0
0,0,0.0
0,0,0.032
0,0,0.38
0,0,0.252
0,0,0.004
0,0,0.0
0,0,0.01
1,1,1.0
1,1,1.0
0,0,0.014
0,0,0.024
0,0,0.002
0,0,0.006
0,0,0.0
0,0,0.004
0,0,0.0
0,0,0.012
0,0,0.018
1,0,0.272
0,0,0.048
0,0,0.0
0,0,0.016
0,0,0.03
0,0,0.07
1,1,1.0
1,0,0.056
0,0,0.002
0,0,0.018
0,0,0.006
0,0,0.218
0,0,0.0
0,0,0.058
0,0,0.086
0,0,0.062
0,0,0.016
0,0,0.08
0,0,0.124
0,1,0.6064150595609938
0,0,0.01
1,1,1.0
0,0,0.054
0,0,0.066
0,0,0.002
0,0,0.1
0,0,0.086
0,0,0.05
0,0,0.0
0,0,0.044
1,1,1.0
0,0,0.0
0,0,0.012
0,0,0.004
0,0,0.016
0,0,0.048
0,0,0.0
0,0,0.026
1,1,1.0
0,0,0.0
0,0,0.01
0,0,0.0
0,0,0.048
0,0,0.01
0,0,0.0
1,1,1.0
0,0,0.0
0,0,0.0
1,1,0.662
0,0,0.0
0,0,0.072
1,1,1.0
0,0,0.004
0,0,0.008
0,0,0.062
0,0,0.054
0,0,0.0
1,1,1.0
0,0,0.026
0,0,0.112
0,0,0.03
0,0,0.056
0,0,0.0
0,0,0.0
0,0,0.136
0,0,0.006
0,0,0.0
0,0,0.0
0,0,0.002
0,0,0.0
0,0,0.026
0,0,0.03
0,0,0.03
1,1,1.0
0,0,0.0
0,0,0.104
0,0,0.03
0,0,0.014
0,0,0.0
0,0,0.12
0,0,0.0
0,0,0.032
0,0,0.0
0,0,0.0
0,0,0.02
0,0,0.008
0,0,0.052
0,0,0.114
0,0,0.068
0,0,0.0
0,0,0.004
1,1,1.0
0,0,0.08
0,0,0.026
0,0,0.03
0,0,0.0
0,0,0.0
0,0,0.0
0,0,0.004
0,0,0.012
0,0,0.014
0,0,0.028
0,0,0.00029144030528192237
1,1,1.0
0,0,0.004
0,0,0.092
0,0,0.032
0,0,0.01
0,0,0.048
0,0,0.0
0,0,0.0
0,0,0.064
1,1,0.504
0,0,0.01
0,0,0.0
1,1,1.0
0,0,0.112
0,0,0.006
0,0,0.086
0,0,0.09
0,0,0.016
0,0,0.0
1,1,1.0
0,0,0.0
0,0,0.03
0,0,0.042
0,0,0.008
0,0,0.012
0,0,0.002
1,1,0.9
0,0,0.0
0,0,0.012
0,0,0.0
0,0,0.05
1,0,0.474
0,0,0.036
0,0,0.0
0,0,0.0
0,0,0.004
1,1,1.0
1,1,1.0
0,0,0.0
0,0,0.006
1,1,1.0
0,0,0.0
0,0,0.0
0,0,0.0
0,0,0.014
0,0,0.13
0,1,0.6149246662109149
0,0,0.0
0,0,0.056
0,0,0.004
0,0,0.004
0,0,0.03
0,0,0.018
0,0,0.0
0,0,0.014
0,0,0.014
0,0,0.10209156997121953
0,0,0.016
0,0,0.0
0,0,0.054
0,0,0.038
1,0,0.16
0,0,0.076
1,1,1.0
0,0,0.012
0,0,0.002
0,0,0.018
1,1,0.978
0,0,0.0
0,0,0.38
0,0,0.024
0,0,0.01
0,0,0.008
0,0,0.056
0,0,0.002
1,1,1.0
0,0,0.058
0,0,0.002
0,0,0.0
0,0,0.012
0,0,0.02
0,0,0.03
0,0,0.0
0,0,0.018
0,0,0.0
0,0,0.0
0,0,0.002
0,0,0.048
0,0,0.056
0,0,0.008
0,0,0.0
1,1,1.0
0,0,0.092
0,0,0.0
1,1,1.0
0,0,0.0
0,0,0.118
1,0,0.172
1,0,0.024
0,1,0.5590798025069342
0,0,0.028
0,0,0.022
0,0,0.00033458424103430343
0,0,0.074
0,0,0.0
1,1,1.0
0,0,0.0
1,1,1.0
0,0,0.006
0,0,0.01
0,0,0.006
0,0,0.032
1,1,0.99
0,0,0.054
0,0,0.01
0,0,0.06
0,0,0.014
0,0,0.01
0,0,0.0
0,0,0.004
0,0,0.004
0,0,0.026
0,0,0.0
0,0,0.102
0,0,0.03
0,0,0.012
0,1,0.6149246662109149
0,0,0.0
0,1,0.518
0,0,0.0
0,0,0.102
1,1,1.0
0,0,0.0
0,0,0.04
0,0,0.036
1,0,0.292
1,0,0.24
0,0,0.008
0,0,0.018
1,1,1.0
0,0,0.39986762110516455
0,0,0.036
1,1,1.0
0,0,0.0
0,0,0.0
0,0,0.156
0,0,0.01
0,0,0.024
0,0,0.012
0,0,0.002
0,0,0.0
0,0,0.002
0,0,0.008
0,0,0.016
0,0,0.0
0,0,0.08
0,0,0.088
0,0,0.002
0,0,0.014
1,1,1.0
0,0,0.004
0,0,0.008
0,0,0.01
0,0,0.032
0,0,0.0
0,0,0.004
0,0,0.038
0,0,0.128
0,0,0.01
0,0,0.052
0,0,0.0
0,0,0.222
1,1,0.996
0,0,0.028
0,0,0.05
0,0,0.096
0,0,0.032
0,0,0.01
0,0,0.0
0,0,0.0
1,1,1.0
0,0,0.204
0,0,0.0
0,0,0.0
0,0,0.002
0,0,0.01
0,0,0.01
0,0,0.038
0,0,0.006
0,0,0.054
0,0,0.05
0,0,0.0
0,0,0.008
0,0,0.046
0,0,0.048
0,0,0.006
1,1,1.0
0,0,0.046
0,0,0.034
0,0,0.014
0,0,0.016
0,0,0.0
1,0,0.348
0,1,0.8062295196755711
1,1,0.78
1,0,0.022
0,0,0.0
0,0,0.0
0,0,0.004
0,0,0.0
0,0,0.0
0,0,0.038
0,0,0.0
0,0,0.0
0,0,0.012
0,0,0.234
0,0,0.054
1,0,0.174
1,1,1.0
0,0,0.05
0,0,0.104
0,0,0.06
0,0,0.012
0,0,0.048
1,1,1.0
0,0,0.002
0,0,0.004
0,0,0.0
1,1,0.952
0,0,0.016
0,0,0.018
0,0,0.226
0,0,0.034
1,1,1.0
0,0,0.012
0,0,0.0
0,0,0.03
1,1,0.974
0,0,0.0
0,0,0.0
0,0,0.0
0,0,0.0
0,0,0.014
0,0,0.1
1,0,0.1535908018179121
0,1,0.6217152195401049
0,0,0.014
0,0,0.042
0,0,0.056
1,1,1.0
0,0,0.018
0,0,0.0
0,0,0.0
0,0,0.018
0,0,0.024
0,0,0.078
0,0,0.01
0,0,0.002
0,0,0.012
0,0,0.1432317940250756
0,0,0.098
0,0,0.004
0,0,0.056
0,0,0.0
0,0,0.082
0,0,0.112
0,0,0.006
0,0,0.056
0,0,0.0
1,1,1.0
0,0,0.096
0,0,0.068
0,0,0.006
0,0,0.052
0,0,0.066
0,0,0.044
0,0,0.018
0,0,0.07
0,0,0.022
0,0,0.046
0,0,0.006
0,0,0.006
0,1,0.8062295196755711
1,1,0.622
0,0,0.0
0,0,0.018
0,0,0.0
0,0,0.086
0,0,0.138
0,0,0.014
0,0,0.138
0,0,0.2
0,0,0.036
0,0,0.07
0,0,0.0
1,1,1.0
0,0,0.0
0,0,0.004
0,0,0.0
0,0,0.004
0,0,0.032
0,0,0.032
0,0,0.11
0,0,0.048
0,0,0.044
0,0,0.094
0,0,0.0
0,0,0.004
0,0,0.034
0,0,0.06
0,0,0.036
0,0,0.0
1,1,0.75
0,0,0.058
0,0,0.022
0,0,0.018
1,1,1.0
0,0,0.154
0,0,0.0
0,0,0.038
0,0,0.042
0,0,0.002
0,0,0.014
0,0,0.0
0,0,0.0
0,0,0.014
0,0,0.0
0,0,0.002
1,1,1.0
0,0,0.0
0,0,0.028
0,0,0.0
1,1,1.0
0,0,0.12322687498298361
0,0,0.048
1,1,1.0
1,1,1.0
0,0,0.09
0,0,0.0
0,0,0.0
0,0,0.076
0,0,0.008
0,0,0.014
0,0,0.032
0,0,0.004
0,0,0.024
0,0,0.058
0,0,0.196
0,0,0.0
0,0,0.04
1,1,1.0
0,0,0.026
0,0,0.018
0,0,0.154
0,0,0.21771743302292787
0,0,0.032
0,0,0.012
0,0,0.0
0,0,0.154
0,0,0.0
0,0,0.08
0,0,0.004
0,0,0.0
0,0,0.038
0,0,0.23434562397288838
0,0,0.024
0,0,0.0
1,1,1.0
0,0,0.01
1,0,0.308
0,0,0.002
0,0,0.052
0,0,0.0
0,0,0.002
1,1,1.0
1,1,1.0
0,0,0.052
1,1,1.0
1,0,0.198
0,0,0.0
0,0,0.0
0,0,0.008
0,0,0.02
0,0,0.046
0,0,0.022
0,0,0.0
0,0,0.1
0,0,0.0
0,0,0.0
0,0,0.0
0,0,0.054
0,0,0.054
0,0,0.02
1,0,0.088
0,0,0.154
0,0,0.038
0,0,0.0
0,0,0.0
0,0,0.028
0,0,0.02
0,0,0.014
0,0,0.0
0,0,0.036
0,0,0.0
0,0,0.018
0,0,0.0
0,0,0.02
1,1,1.0
0,0,0.0
0,0,0.02
0,0,0.018
0,0,0.0
0,0,0.014
0,0,0.0
0,0,0.026
0,0,0.016
0,0,0.01
1,1,1.0
0,0,0.124
0,0,0.012
1,1,1.0
0,0,0.084
0,0,0.05
0,0,0.01
1,1,1.0
0,0,0.0
1,1,1.0
0,0,0.0
0,0,0.02
0,0,0.158
0,0,0.018
0,0,0.0
1,1,1.0
0,0,0.036
0,0,0.0
0,0,0.042
1,1,1.0
1,1,1.0
0,0,0.008
1,1,1.0
0,0,0.012
0,0,0.014
0,0,0.034
1,1,1.0
0,0,0.014
0,0,0.1
0,0,0.02
0,0,0.006
0,0,0.0
0,0,0.0
1,1,1.0
0,0,0.046
0,0,0.008
0,0,0.008
0,0,0.0
1,1,1.0
0,0,0.056
0,0,0.078
0,0,0.01
0,0,0.034
0,0,0.0
0,0,0.008
1,1,1.0
0,0,0.0
0,0,0.0
0,0,0.0
1,1,0.526
0,0,0.0
0,0,0.0
0,0,0.004
0,0,0.10209156997121953
0,0,0.044
0,0,0.024
0,0,0.022
0,0,0.004
0,0,0.132
0,0,0.01
0,0,0.018
0,0,0.054
1,0,0.182
0,0,0.0
0,0,0.032
0,0,0.014
1,1,0.568
0,0,0.008
0,0,0.062
1,1,1.0
0,0,0.004
0,0,0.008
0,0,0.142
0,0,0.03
1,1,1.0
1,1,0.58
0,0,0.016
0,0,0.016
0,0,0.008
0,0,0.046
0,0,0.062
0,0,0.144
0,0,0.024
0,0,0.058
0,0,0.03
0,0,0.114
0,0,0.14
1,1,0.868
0,0,0.014
0,0,0.012
0,0,0.026
0,0,0.0
0,0,0.0
1,1,1.0
1,1,1.0
0,0,0.0
0,0,0.0
0,0,0.0
0,0,0.06
0,0,0.0
0,0,0.108
0,0,0.0
0,0,0.022
0,0,0.0
0,0,0.0
0,0,0.086
0,0,0.238
0,0,0.026
0,0,0.0
0,0,0.0
0,0,0.04
1,1,1.0
1,1,1.0
0,0,0.072
0,0,0.014
0,0,0.0
0,0,0.012
0,0,0.04307508364390988
0,0,0.008
0,0,0.066
0,0,0.002
0,0,0.108
0,0,0.0
0,0,0.002
1,1,1.0
0,0,0.054
1,1,0.528
0,0,0.09
1,1,1.0
0,0,0.188
0,0,0.006
0,0,0.0
0,0,0.03
0,0,0.032
0,0,0.002
0,0,0.024
0,0,0.004
0,0,0.016
0,0,0.108
0,0,0.048
0,0,0.0
0,0,0.002
1,0,0.274
0,0,0.012
1,1,1.0
0,0,0.06
0,0,0.048
1,1,1.0
1,0,0.452
0,0,0.01
0,0,0.092
0,0,0.03
0,0,0.0
0,0,0.002
0,0,0.03
0,0,0.002
0,0,0.0
1,0,0.292
0,0,0.012
0,0,0.0
0,0,0.23434562397288838
0,0,0.012
0,0,0.01
0,0,0.188
0,0,0.016
0,0,0.0
0,0,0.01
1,1,1.0
0,0,0.0
0,0,0.018
0,0,0.0
0,0,0.004
1,1,1.0
1,1,0.99
0,0,0.032
0,0,0.014
0,0,0.0
0,0,0.04
0,0,0.186
0,0,0.0
0,0,0.066
0,0,0.006
0,0,0.082
0,0,0.092
0,0,0.044
1,1,1.0
0,0,0.0
0,0,0.0
0,0,0.016
0,0,0.084
0,0,0.0
0,0,0.016
1,0,0.348
1,1,1.0
0,0,0.016
0,0,0.002
0,0,0.018
0,0,0.006
0,0,0.0
0,0,0.008
0,0,0.05
0,0,0.058
0,0,0.0
0,0,0.056
0,0,0.002
0,0,0.052
0,0,0.042
0,0,0.0
0,0,0.126
0,0,0.0
0,0,0.014
0,0,0.002
0,0,0.134
0,0,0.074
0,0,0.012
0,0,0.058
0,0,0.12
0,0,0.0
0,0,0.004
0,0,0.072
1,0,0.078
1,0,0.218
0,0,0.0
0,0,0.002
0,0,0.052
0,0,0.256
0,0,0.052
0,0,0.034
0,0,0.004
0,0,0.0
0,0,0.008
0,0,0.09
0,0,0.052
0,0,0.0
0,0,0.0
0,0,0.0
0,0,0.0
1,1,1.0
0,0,0.0
0,0,0.02
0,0,0.0
1,1,1.0
0,0,0.086
0,0,0.0
0,0,0.084
0,0,0.0
0,0,0.034
0,0,0.022
1,1,1.0
0,0,0.0
0,0,0.034
0,0,0.038
1,1,0.984
0,0,0.0
0,0,0.026
0,0,0.008
0,0,0.0
0,0,0.044
0,0,0.0
1,1,1.0
0,0,0.0
1,1,1.0
0,0,0.008
0,0,0.054
0,0,0.0
0,0,0.064
0,0,0.102
1,0,0.26
0,0,0.0
0,0,0.004
0,0,0.068
0,0,0.004
0,0,0.014
0,0,0.036
0,0,0.0
0,0,0.0
1,0,0.342
0,0,0.122
0,0,0.016
0,0,0.016
0,0,0.01807485748858948
1,1,0.812
0,0,0.0
0,0,0.03
0,0,0.046
0,0,0.0
0,0,0.002
0,0,0.078
0,0,0.0
1,0,0.432
1,0,0.014
1,1,0.572
1,0,0.26
0,0,0.0
0,0,0.002
0,0,0.034
0,0,0.0
0,0,0.016
0,0,0.0
0,0,0.104
0,0,0.042
1,1,1.0
0,0,0.1172659696408319
0,0,0.006
1,1,1.0
0,0,0.032
0,0,0.03
0,0,0.006
0,0,0.106
0,0,0.028
0,0,0.0
0,0,0.2166766003812395
0,0,0.006
0,0,0.02
0,0,0.0
0,0,0.02
0,0,0.004
0,0,0.01
0,0,0.002
0,0,0.004
0,0,0.09780080792011779
0,0,0.042
0,0,0.018
0,0,0.0
0,0,0.0
0,0,0.002
1,1,1.0
0,0,0.0
0,0,0.012
0,0,0.016
0,0,0.058
0,0,0.01
1,1,1.0
0,0,0.0
1,1,1.0
0,0,0.094
0,0,0.018
0,0,0.018
0,0,0.066
0,0,0.118
0,0,0.0
0,0,0.0
0,0,0.0
0,0,0.0
0,0,0.024
0,0,0.254
1,0,0.194
0,0,0.0
0,0,0.006
0,0,0.01
1,1,1.0
0,0,0.01
0,0,0.0
0,0,0.0
0,0,0.014
0,0,0.01
1,1,0.826
0,0,0.044
0,0,0.0
0,0,0.088
1,1,1.0
1,1,1.0
1,1,1.0
0,0,0.116
0,0,0.004
0,0,0.07
0,0,0.076
0,0,0.0
0,0,0.01
0,0,0.072
0,0,0.0
0,0,0.012
0,0,0.058
0,0,0.022
0,0,0.012
1,1,1.0
0,0,0.016
0,0,7.485748858948021e-05
0,0,0.088
0,0,0.002
1,1,0.998
0,0,0.014
0,0,0.0
1,0,0.194
0,0,0.0
0,0,0.0
0,0,0.0
0,0,0.096
1,1,1.0
0,0,0.024
0,0,0.052
0,0,0.118
0,0,0.0
0,0,0.03
0,0,0.028
0,0,0.086
0,0,0.114
0,0,0.0
0,0,0.122
0,0,0.024
0,0,0.0
0,0,0.0
0,0,0.242
0,0,0.006
0,0,0.0
0,0,0.0
0,0,0.004
0,0,0.0
0,0,0.0
0,0,0.016
0,0,0.0
0,0,0.0
0,0,0.092
1,1,1.0
0,0,0.0
0,0,0.024
0,0,0.0
0,0,0.0
0,0,0.018
0,0,0.0
0,0,0.0
0,0,0.018
1,0,0.166
0,0,0.136
0,0,0.006
1,0,0.188
0,0,0.03
0,0,0.0
0,0,0.01
0,0,0.0
0,0,0.108
1,1,1.0
0,0,0.0
0,0,0.002
0,0,0.17
0,0,0.0
0,0,0.022
0,0,0.0
0,0,0.064
0,0,0.006
0,0,0.006
0,0,0.046
0,0,0.03
1,1,1.0
1,1,1.0
0,0,0.006
0,0,0.026
1,1,1.0
0,0,0.0
0,0,0.0
1,1,1.0
0,0,0.0
1,1,1.0
0,0,0.0
0,0,0.0
0,0,0.002
0,0,0.01
0,0,0.0
0,0,0.0
0,0,0.082
1,1,0.678
0,0,0.052
0,0,0.008
0,0,0.0
0,0,0.054
0,0,0.022
0,0,0.0
0,0,0.0
0,0,0.006
0,0,0.01
0,0,0.062
0,0,0.058
0,0,0.012
0,0,0.0
0,0,0.142
0,0,0.008
0,0,0.293654128255174
0,0,0.072
0,0,0.0
0,0,0.31274826075121276
1,1,1.0
1,1,1.0
0,0,0.0
0,0,0.028
0,0,0.0
0,0,0.0
0,0,0.0
0,0,0.04
0,0,0.002
0,0,0.0
0,0,0.018
1,1,1.0
0,0,0.026
0,0,0.054
0,0,0.136
1,1,1.0
0,0,0.102
0,0,0.0
0,0,0.008
0,0,0.012
0,0,0.032
0,0,0.034
0,0,0.18
0,0,0.004
0,0,0.0
0,0,0.004
0,0,0.026
0,0,0.046
0,0,0.026
0,0,0.01
0,0,0.0
0,0,0.096
0,0,0.0
0,0,0.0
1,1,1.0
0,0,0.01
0,0,0.0
0,0,0.038
0,0,0.006
0,0,0.003897385490998261
1,1,1.0
0,0,0.0
0,0,7.485748858948021e-05
0,0,0.002
0,0,0.0
0,0,0.002
0,0,0.098
0,0,0.044
0,1,0.6247654384879711
0,0,0.0
0,0,0.026
0,0,0.024
0,0,0.018
0,0,0.002
0,0,0.046
0,0,0.04
0,0,0.0
0,0,0.004
0,0,0.0
0,0,0.006
0,0,0.008
1,1,1.0
1,1,1.0
0,0,0.0
0,0,0.106
0,0,0.0
0,0,0.074
0,0,0.0
0,0,0.1
1,1,1.0
1,1,1.0
0,0,0.004
0,0,0.0
0,0,0.058
0,0,0.04
0,0,0.04
0,0,0.002
0,0,0.018
1,1,1.0
1,1,1.0
1,1,0.626
0,0,0.046
0,0,0.002
1,1,1.0
0,0,0.004
1,1,0.924
0,0,0.034
1,1,1.0
0,0,0.02
0,0,0.128
0,0,0.0
1,0,0.248
0,0,0.01
0,0,0.002
0,0,0.01
1,0,0.172
0,0,0.0
1,1,1.0
0,0,0.074
1,1,1.0
0,0,0.0
0,0,0.006
0,0,0.114
0,0,0.0
0,0,0.016
0,0,0.064
0,0,0.008
0,0,0.0
0,0,0.0
0,0,0.044
0,0,0.148
0,0,0.0
0,0,0.052
0,0,0.026
0,0,0.044
0,0,0.0
0,0,0.082
0,0,0.084
0,0,0.002
0,0,0.028
0,0,0.116
0,0,0.014
1,1,1.0
0,0,0.0
0,0,0.022
0,0,0.04
0,0,0.092
0,0,0.114
1,1,1.0
0,0,0.008
0,0,0.094
0,0,0.02
1,1,1.0
0,0,0.014
0,0,0.01
0,0,0.018
0,0,0.012
0,0,0.014
0,0,0.104
0,0,0.014
1,1,1.0
0,0,0.052
0,0,0.0
0,0,0.02
0,0,0.028
0,0,0.0
1,1,0.88
0,0,0.0
0,0,0.106
0,0,0.028
1,0,0.448
0,0,0.0
0,0,0.014
0,0,0.022
0,0,0.0
0,0,0.01
1,1,0.994
0,0,0.0
0,0,0.142
0,0,0.016
1,1,1.0
1,1,1.0
0,0,0.0
0,0,0.02
1,1,1.0
0,0,0.002
1,1,1.0
0,0,0.034
0,0,0.072
0,0,0.032
0,0,0.01
0,0,0.032
1,1,0.948
1,1,1.0
0,0,0.072
0,0,0.07
0,0,0.0
0,0,0.0
0,0,0.012
0,0,0.028
0,0,0.018
0,0,0.05
1,0,0.484
0,0,0.006
1,0,0.226
1,1,1.0
0,0,0.004
0,0,0.034
0,0,0.046
0,0,0.39986762110516455
0,0,0.084
0,0,0.006
1,1,1.0
0,0,0.0
0,0,0.032
0,0,0.0
0,0,0.102
0,0,0.012
1,1,1.0
0,0,0.054
0,0,0.04
1,1,1.0
0,0,0.006
0,0,0.006
0,0,0.22806880676668104
0,0,0.062374346832232405
0,0,0.106
0,0,0.0
0,0,0.0
0,0,0.0
0,0,0.002
0,0,0.0
0,0,0.086
0,0,0.030406274555323437
0,0,0.11
0,0,0.074
1,1,1.0
0,0,0.008
0,0,0.0
0,0,0.0
0,0,0.0
0,0,0.07
0,0,0.0
0,0,0.042
0,0,0.026
0,0,0.0
0,0,0.03
0,0,0.058
0,0,0.0
1,1,0.992
0,0,0.096
0,0,0.052
0,0,0.006
0,0,0.0
0,0,0.08
0,0,0.0
0,0,0.018
0,0,0.0
0,0,0.0
0,0,0.0
0,0,0.082
0,0,0.0
0,0,0.002
0,0,0.01
1,1,1.0
0,0,0.0
0,0,0.016
0,0,0.0
0,0,0.016
0,0,0.0
0,0,0.0011825021371743882
0,0,0.0
0,0,0.0
0,0,0.0
0,0,0.088
0,0,0.0
0,0,0.0
1,1,1.0
1,1,0.784
0,0,0.0
0,0,0.024
0,0,0.004074857488589481
0,0,0.022
0,0,0.0
1,1,1.0
0,0,0.066
0,0,0.01
0,0,0.044
0,0,0.046
0,0,0.0
0,0,0.016
0,0,0.06
0,0,0.026
0,0,0.088
0,0,0.012
0,0,0.0
0,0,0.116
0,0,0.0
0,0,0.0
0,0,0.002
1,1,1.0
0,0,0.016
0,0,0.0
0,0,0.014
1,1,1.0
0,0,0.032
1,1,0.57
0,0,0.0
0,0,0.022
0,0,0.01
0,0,0.15
1,1,1.0
1,1,1.0
0,0,0.016
0,0,0.042
0,0,0.0
0,0,0.002
0,0,0.016
0,0,0.004
0,0,0.08
0,0,0.032
0,0,0.0
0,0,0.036
0,0,0.0
0,0,0.0
0,0,0.002
0,0,0.08
0,0,0.012
0,0,0.116
0,0,0.004
0,0,0.048
0,0,0.0
0,0,0.03
0,0,0.0
0,0,0.0
0,0,0.004
0,0,0.0
0,0,0.03
0,0,0.056
0,0,0.064
0,0,0.082
0,0,0.108
0,0,0.0
1,0,0.208
0,0,0.026
0,0,0.0
0,0,0.002
0,0,0.024
0,0,0.034
0,0,0.012
0,0,0.002
1,1,1.0
0,0,0.006
1,1,1.0
0,0,0.002
0,0,0.002
0,0,0.088
0,0,0.0
1,1,1.0
0,0,0.086
0,0,0.014
0,1,0.5458462037259931
0,0,0.0
0,0,0.114
0,0,0.154
1,0,0.064
0,0,0.202
0,0,0.008
0,0,0.008
0,0,0.06
0,0,0.026
0,0,0.0
0,0,0.138
0,1,0.5590798025069342
1,1,1.0
1,1,1.0
0,0,0.0
0,0,0.054
0,0,0.294
0,0,0.15
0,0,0.108
0,0,0.0
0,0,0.0
0,0,0.0
0,0,0.0
0,0,0.0
0,0,0.12
0,0,0.144
0,0,0.044
0,0,0.038
0,0,0.022
0,0,0.044
0,0,0.0
0,0,0.0
0,0,0.062
0,0,0.076
0,0,0.0
0,0,0.004
0,0,0.0
0,0,0.0
0,0,0.006
1,1,1.0
0,0,0.01
0,0,0.07
1,1,1.0
0,0,0.0
0,0,0.048
0,0,0.0
0,0,7.485748858948021e-05
0,0,0.01
1,1,1.0
0,0,0.052291440305281926
1,1,1.0
0,0,0.036
1,1,1.0
0,0,0.02
0,0,0.018
0,0,0.004
0,0,0.0
0,0,0.016
0,0,0.078
0,0,0.044
0,0,0.004
1,1,1.0
0,0,0.006
0,0,0.026
0,0,0.1
0,1,0.5590798025069342
1,0,0.124
1,1,1.0
0,0,0.022
0,0,0.018
0,0,0.03
0,0,0.0
1,1,1.0
0,0,0.0
1,1,1.0
0,0,0.0
0,0,0.014
0,0,0.102
0,0,0.0
0,0,0.026
1,1,1.0
0,0,0.004
0,0,0.032
1,1,1.0
0,0,0.008
1,1,1.0
0,0,0.022
0,0,0.026
0,0,0.16911240413489542
0,0,0.0
0,0,0.008
0,0,0.002
0,0,0.01
0,0,0.03
0,0,0.024
0,0,0.1
0,0,0.0
0,0,0.004
0,0,0.072
0,0,0.01
0,0,0.0
1,1,0.682
1,1,1.0
0,0,0.052
0,0,0.028
1,1,1.0
0,0,0.0
0,0,0.028
0,0,0.196
1,1,1.0
1,1,0.952
1,1,1.0
0,0,0.03
0,0,0.006
0,0,0.014
0,0,0.002
0,0,0.0
0,0,0.026
0,0,0.3333354463375841
0,0,0.0
0,0,0.0
0,0,0.046
0,0,0.014
0,0,0.0
0,0,0.026
0,0,0.048
0,0,0.012
0,0,0.0
0,0,0.036
0,0,0.0
0,0,0.0
0,0,0.004
0,0,0.012
1,1,1.0
0,0,0.014
0,0,0.002
0,0,0.016
0,0,0.0
0,0,0.208
0,0,0.01
0,0,0.0
1,1,1.0
0,0,0.0
0,0,0.062
0,0,0.0
0,0,0.042
0,0,0.01
0,0,0.038
0,0,0.124
0,0,0.04
0,0,0.008
0,0,0.018
1,1,1.0
1,1,0.978
0,0,0.0
0,0,0.0
1,1,1.0
0,0,0.002
0,0,0.018
0,0,0.008
1,1,1.0
0,0,0.054
0,0,0.024
0,0,0.026
1,1,1.0
1,1,1.0
0,0,0.022
0,0,0.056
0,0,0.068
0,0,0.004
0,0,0.0
0,0,0.002
0,0,0.0
0,0,0.01
0,0,0.02
0,0,0.0
0,0,0.0
0,0,0.0
1,1,1.0
0,0,0.0
0,0,0.044
0,0,0.0
0,0,0.012
0,0,0.0
0,0,0.028
0,0,0.0
0,0,0.018
1,1,1.0
0,0,0.01
0,0,0.054
0,0,0.078
0,0,0.046
0,0,0.0
0,0,0.014
0,0,0.022
0,0,0.0
0,0,0.0
0,0,0.252
0,0,0.048
0,0,0.014
0,0,0.008
0,0,0.06186692820010556
0,0,0.002
0,0,0.056
1,0,0.432
0,0,0.04
0,0,0.05
0,0,0.094
0,0,0.01
1,1,1.0
0,0,0.098
0,0,0.0
0,0,0.076
0,0,0.0
0,0,0.002
0,0,0.0
0,0,0.054
0,0,0.0
0,0,0.05
0,0,0.018
0,0,0.056
0,0,0.004
0,0,0.0
0,0,0.02
0,0,0.0
1,0,0.126
0,0,0.0
0,0,0.014
0,0,0.02
0,0,0.0
0,0,0.0
0,0,0.0
1,1,0.84
0,1,0.5548407695379957
1,1,1.0
0,0,0.018
0,0,0.0
1,1,1.0
0,0,0.06
0,0,0.0
0,0,0.26
0,0,0.024
0,0,0.016
0,0,0.106
0,1,0.776031701832472
0,0,0.0
1,1,1.0
1,1,1.0
0,0,0.0
0,0,0.0
0,0,0.0
0,0,0.002
0,0,0.004
0,0,0.034
0,0,0.15
0,0,0.2808505572799993
0,0,0.022
0,0,0.0
0,0,0.096
0,0,0.064
0,0,0.014
0,0,0.002
0,0,0.036
0,0,0.016
0,0,0.024
0,0,0.0
0,0,0.0
0,0,0.034
0,0,0.036
0,0,0.092
0,0,0.032
0,0,0.13
1,0,0.262
0,0,0.048
0,0,0.014
0,0,0.022
0,0,0.012
0,0,0.01
0,0,0.0
0,0,0.162
0,0,0.0
0,0,0.014
1,1,1.0
0,0,0.032
0,0,0.01
0,0,0.0
0,0,0.052
0,0,0.008
1,0,0.374
1,1,0.784
0,0,0.01
0,0,0.016
0,0,0.0
0,0,0.036
0,0,0.074
0,0,0.0
0,0,0.044
1,1,1.0
0,0,0.0
0,0,0.066
0,0,0.004
0,0,0.078
0,0,0.024
0,0,0.0
0,0,0.096
1,1,1.0
0,0,0.0
0,0,0.042
0,0,0.01
0,0,0.0
0,0,0.006
0,0,0.042
0,0,0.25351454419610286
0,0,0.024
0,0,0.0
0,0,0.0
0,0,0.002
0,0,0.148
0,0,0.136
0,0,0.0
0,0,0.004
0,0,0.012
0,0,0.002
0,0,0.032
1,1,1.0
0,0,0.088
0,0,0.22
0,0,0.024
0,0,0.0
0,0,0.014
0,0,0.0
0,0,0.026
0,0,0.0
0,0,0.006
1,1,1.0
0,0,0.012
0,0,0.076
0,0,0.014
0,0,0.038
0,0,0.0
0,0,0.144
0,0,0.124
0,0,0.0
0,0,0.008
0,0,0.066
0,0,0.01
1,1,1.0
0,0,0.034
0,0,0.0
0,0,0.0
0,0,0.008
0,0,0.02
0,0,0.0
0,0,0.014
1,1,1.0
0,0,0.024
0,0,0.01
0,0,0.0
0,0,0.012
1,1,1.0
0,0,0.002
1,1,1.0
0,0,0.004
0,0,0.0
0,0,0.022
0,0,0.006
0,0,0.064
0,0,0.0
0,0,0.072
0,0,0.032
0,0,0.022
0,0,0.0
0,0,0.028
1,0,0.13
0,0,0.048
0,0,0.052
0,0,0.0
0,0,0.0
0,0,0.0
0,0,0.002
1,1,1.0
0,0,0.102
1,1,1.0
0,0,0.016
0,0,0.03
0,0,0.01
0,0,0.0
0,0,0.0
0,0,0.0
0,0,0.056
0,0,0.058
0,0,0.0
0,0,0.008
0,0,0.116
0,0,0.024
0,0,0.012
0,0,0.1
0,0,0.084
0,0,0.0
0,0,0.038
0,0,0.0
0,0,0.0
0,0,0.008
1,0,0.388
0,0,0.02280813471100526
0,0,0.01
1,0,0.038
1,1,1.0
0,0,0.01
0,0,0.002
0,0,0.022
0,0,0.0
0,0,0.0
0,0,0.006
0,0,0.002
0,0,0.0
0,0,0.0
1,1,1.0
0,0,0.0
0,0,0.0
0,0,0.12248389206694109
0,0,0.018
1,1,1.0
0,0,0.096
1,1,0.66
0,0,0.02
0,0,0.072
0,0,0.014
0,0,0.01
0,0,0.1
0,0,0.0
0,0,0.0
0,0,0.018
0,0,0.0
0,0,0.008
1,1,1.0
0,0,0.016
0,0,0.006
0,0,0.11
0,0,0.004
0,0,0.042
0,0,0.10209156997121953
1,1,1.0
0,0,0.016
0,0,0.012
0,0,0.014
0,0,0.014
0,0,0.0
0,0,0.0
0,0,0.034
1,0,0.23
0,0,0.008
0,0,0.0
0,0,0.042
0,0,0.0
0,0,0.038
0,0,0.0
0,0,0.0
0,0,0.09
1,1,0.992
0,0,0.012
0,0,0.028
0,0,0.086
0,0,0.41952507383487736
0,0,0.024
0,0,7.485748858948021e-05
1,1,0.966
0,0,0.34679252836361
0,0,0.002
0,0,0.002
0,0,0.0
0,0,0.0
0,0,0.004
0,0,0.0
0,0,0.086
0,0,0.22
1,1,1.0
0,0,0.0
0,0,0.004
0,0,0.0
0,0,0.0
0,0,0.004
0,0,0.076
1,1,1.0
0,0,0.006
0,0,0.0
0,0,0.006
0,0,0.0
0,0,0.0
0,0,0.0
0,0,0.0
0,0,0.088
0,0,0.014
0,0,0.02
0,0,0.0
0,0,0.0
0,0,0.028
0,0,0.054
0,0,0.0
1,1,0.706
0,0,0.0
0,0,0.0
0,0,0.012
0,0,0.0
0,0,0.0
0,0,0.028
0,0,0.134
0,0,0.0
0,0,0.076
0,0,0.012
0,0,0.03007485748858948
0,0,0.0
0,0,0.0
1,1,1.0
1,0,0.14229144030528193
1,1,1.0
0,0,0.032
0,0,0.008
0,0,0.008
0,0,0.094
0,0,0.004
1,1,1.0
0,0,0.082
0,0,0.0
0,0,0.0
1,1,1.0
1,1,1.0
0,0,0.012
0,0,0.036
0,0,0.022
0,0,0.012
0,0,0.072
1,1,1.0
0,0,0.0
1,1,1.0
1,1,1.0
0,0,0.028
0,1,0.5442310630582977
0,0,0.01
0,0,0.0
1,0,0.152
0,0,0.0
0,0,0.034
0,0,0.0
0,0,0.012
0,0,0.006
0,0,0.046
0,0,0.006
0,0,0.0
0,0,0.01
0,0,0.002
0,0,0.034
0,0,0.018
0,0,0.032
0,0,0.05
0,0,0.0
1,0,0.068
0,0,0.038
0,0,0.064
0,0,0.002
0,0,0.0
1,1,1.0
0,0,0.048
0,0,0.008
0,0,0.0
0,0,0.038
0,0,0.0
0,0,0.144
0,0,0.02
0,0,0.002
0,0,0.0
0,0,0.06
0,0,0.0
0,0,0.0
0,0,0.004
0,0,0.08
0,0,0.038
0,0,0.06
0,0,0.0
0,0,0.124
0,0,0.046
0,0,0.086
0,0,0.0
0,0,0.016
1,1,1.0
0,0,0.042
0,0,0.032
1,1,1.0
1,0,0.064
0,0,0.02
0,0,0.128
0,0,0.004
0,0,0.0
0,0,0.026
0,0,0.128
0,0,0.044
0,0,0.016
1,1,0.908
0,0,0.086
0,0,0.012
0,0,0.01
0,0,0.028
0,0,0.006
0,0,0.026
0,0,0.104
1,0,0.25351454419610286
0,0,0.006
0,0,0.0
1,1,1.0
0,0,0.034
0,0,0.0
1,1,1.0
0,0,0.062
0,0,0.0
0,0,0.0
1,1,1.0
0,0,0.0
0,0,0.0
0,0,0.004
0,0,0.062374346832232405
0,0,0.06
0,0,0.038
0,0,0.006
1,0,0.108
0,0,0.0
0,0,0.084
1,1,1.0
0,0,0.106
0,0,0.084
0,0,0.022
0,0,0.0
0,0,0.026
0,0,0.114
0,0,0.0
0,0,0.028
0,0,0.0
0,0,0.012
0,0,0.006
0,0,0.14
0,0,0.268
1,1,1.0
1,1,1.0
0,0,0.138
0,0,0.056
0,0,0.022
0,0,0.0
0,0,0.002
0,0,0.074
0,0,0.008
0,0,0.0
0,0,0.068
0,0,0.08
0,0,0.058
0,0,0.036
0,0,0.0
1,1,1.0
0,0,0.304
0,0,0.018
0,0,0.033350326817101754
0,0,0.006
0,0,0.046
0,0,0.006
1,1,1.0
1,1,1.0
0,0,0.0
0,0,0.004
0,0,0.0
0,0,0.018
0,0,0.038
0,0,0.0
1,1,1.0
0,0,0.0
1,1,1.0
0,0,0.02807485748858948
0,0,0.016
0,0,0.004
0,0,0.022
1,0,0.226
0,0,0.048
0,0,0.3659477836092714
0,0,0.038
0,0,0.002
0,0,0.0
0,0,0.004
0,0,0.02
1,1,1.0
1,1,1.0
0,0,0.04
0,0,0.028
0,0,0.094
0,0,0.008
0,0,0.0
0,0,0.0
0,0,0.0
0,0,0.0
0,0,0.006
0,0,0.0
0,0,0.066
1,1,0.624
0,0,0.008
1,1,1.0
0,0,0.124
0,0,0.018
0,0,0.0
1,1,1.0
0,0,0.0
0,0,0.0
0,0,0.0
0,0,0.134
0,0,0.028
0,0,0.0
0,0,0.04
0,0,0.022
0,0,0.0
0,0,0.0
1,1,1.0
0,0,0.012
0,0,0.0
0,0,0.044
1,1,1.0
0,0,0.0
0,0,0.01
0,0,0.066
0,0,0.0
0,0,0.036
0,0,0.048
0,0,0.014
0,0,0.31274826075121276
0,0,0.014
0,0,0.002
1,1,0.776
0,0,0.034
1,0,0.164
0,0,0.12
1,1,1.0
0,0,0.226
0,0,0.044
0,0,0.014
0,0,0.0
0,0,0.016
0,0,0.138
0,0,0.024
0,0,0.0
0,0,0.086
0,0,0.016
0,0,0.074
0,0,0.0
0,1,0.6230437234494137
0,0,0.076
0,0,0.014
0,0,0.01
1,1,1.0
1,1,1.0
0,0,0.032
0,0,0.09
0,0,0.214
0,0,0.066
0,0,0.002
0,0,0.0
0,0,0.004
0,0,0.014
0,0,0.14
0,0,0.01
1,1,1.0
0,0,0.042
0,0,0.058
1,1,1.0
0,0,0.012
0,0,0.0
0,0,0.01
0,0,0.006
1,1,1.0
1,0,0.242
1,0,0.208
0,0,0.0
0,0,0.064
0,0,0.002
1,1,0.972
1,1,1.0
0,0,0.082
0,0,0.0
0,0,0.008
0,0,0.02
0,0,0.008
0,0,0.008
0,0,0.0
0,0,0.072
0,0,0.042
0,0,0.048
1,0,0.28
0,0,0.11675210847681748
0,0,0.0
0,0,0.0
0,0,0.014
0,0,0.0
0,0,0.0
0,1,0.6217152195401049
0,0,0.014
0,0,0.01
0,0,0.016
0,0,0.0
0,0,0.182
0,0,0.0
0,0,0.066
0,0,0.1
0,0,0.0
1,1,1.0
1,1,1.0
0,0,0.01
0,0,0.0
1,1,1.0
0,0,0.006
0,0,0.0
0,0,0.098
0,0,0.2
0,0,0.004
0,0,0.12
0,0,0.11
0,0,0.02
1,1,0.988
1,1,1.0
0,0,0.006
0,0,0.026
0,0,0.0
0,0,0.036
0,0,0.102
0,0,0.04
0,0,0.024
0,0,0.0
1,1,1.0
0,0,0.018
0,0,0.0
0,0,0.04
0,0,0.08
0,0,0.014
0,0,0.02
1,1,0.668
0,0,0.01
0,0,0.042
0,0,0.0
0,0,0.018
0,0,0.076
0,0,0.008
0,0,0.016
0,0,0.03
0,0,0.02
0,0,0.0
0,0,0.018
0,0,0.006
0,0,0.116
0,0,0.018
0,0,0.014
0,0,0.044
0,0,0.0
0,0,0.012
0,0,0.024
1,1,1.0
0,0,0.054
0,0,0.044
0,0,0.0
1,1,1.0
0,0,0.1621803482380266
1,1,1.0
0,0,0.01
0,0,0.05
0,0,0.03
0,0,0.104
0,0,0.016
0,0,0.008
0,0,0.066
0,0,0.014
0,0,0.044
0,0,0.012
0,0,0.028
0,0,0.0
0,0,0.086
0,0,0.0
0,0,0.012
0,0,0.1
1,1,0.634
0,0,0.0
1,0,0.466
0,0,0.0
0,0,0.02
0,0,0.044
0,0,0.004
0,0,0.02
1,1,1.0
0,0,0.0
0,0,0.0
0,0,0.052
0,0,0.072
1,1,1.0
1,1,1.0
0,0,0.084
1,1,1.0
0,0,0.034
1,1,1.0
0,0,0.04
0,0,0.004
0,0,0.0
0,0,0.032
0,0,0.072
1,1,1.0
1,1,1.0
0,0,0.018
1,1,1.0
0,0,0.0
0,0,0.002
1,0,0.326
0,0,0.034
0,0,0.024
0,0,0.0
0,0,0.014
0,0,0.0
0,0,0.032
0,0,0.0
0,0,0.04
0,0,0.042
0,0,0.014
1,1,1.0
0,0,0.018
0,0,0.034
1,0,0.3518480521470516
0,0,0.024
0,0,0.018
0,0,0.174
0,0,0.0
0,0,0.0
0,0,0.039229403768321514
1,1,1.0
0,0,0.028
0,0,0.0
0,0,0.008
0,0,0.048
0,0,0.06
0,0,0.026
0,0,0.068
0,0,0.008
0,0,0.006
0,1,0.6758634161141526
0,0,0.036
0,0,0.06
1,1,1.0
0,0,0.002
0,0,0.012
0,0,0.078
1,1,1.0
0,0,0.01
0,0,0.0
1,1,0.5442310630582977
0,0,0.0
0,0,0.022
1,1,1.0
0,0,0.0
0,0,0.01
0,0,0.058
0,0,0.0
0,0,0.008
1,1,1.0
1,1,1.0
0,0,0.0
1,1,1.0
0,0,0.12248389206694109
0,0,0.01607485748858948
0,0,0.30457777835533356
1,1,1.0
0,0,0.188
0,0,0.0
0,0,0.012
0,0,0.046
0,0,0.02
0,0,0.0
1,1,1.0
1,1,1.0
0,0,0.0
0,0,0.018
0,0,0.03318888431813709
1,1,1.0
0,0,0.002
0,0,0.018
0,0,0.014
0,0,0.132
0,0,0.076
0,0,0.0
0,0,0.0
0,0,0.166
0,0,0.034
0,0,0.088
0,0,0.024
1,1,1.0
0,0,0.076
0,0,0.0
1,1,1.0
0,0,0.0
0,0,0.0
0,0,0.076
0,0,0.004
0,1,0.6850154632342742
0,0,0.09
1,1,0.998
0,0,0.106
0,0,0.03
0,0,0.008
1,1,1.0
0,0,0.0
1,0,0.152
0,0,0.0
0,0,0.034
0,0,0.002
0,0,0.04
0,0,0.006
0,0,0.03
0,0,0.006
0,0,0.128
0,0,0.002
0,0,0.322
1,1,1.0
0,0,0.014
0,0,0.0
0,0,0.2130582891964227
0,0,0.02
0,0,0.05
0,0,0.178
0,0,0.0
0,0,0.004
0,0,0.0
0,0,0.015401499633970188
0,0,0.0
0,0,0.128
0,0,0.0
0,0,0.0
0,0,0.054
0,0,0.008
0,0,0.036
0,0,0.062
0,0,0.008
0,0,0.002
0,0,0.004
0,0,0.014
0,0,0.022
0,0,0.258
0,0,0.018
0,0,0.022
0,0,0.0
0,0,0.0
1,1,1.0
0,0,0.248
0,0,0.004
1,1,1.0
1,1,1.0
1,1,1.0
0,0,0.0
1,1,1.0
1,0,0.192
0,0,0.16
0,0,0.002
0,0,0.052
0,0,0.0
0,0,0.028
0,0,0.158
0,0,0.06
0,0,0.0
0,0,0.006
0,0,0.0
1,1,0.992
1,1,1.0
0,0,0.0
0,0,0.03
0,0,0.018
0,0,0.008
0,0,0.008
0,0,0.136
0,0,0.0
0,0,0.12
0,0,0.104
0,0,0.044
0,0,0.0
0,0,0.016
0,0,0.096
0,0,0.042
0,0,0.0
0,0,0.3659477836092714
0,0,0.0
0,0,0.028
0,0,0.03
0,0,0.022
0,0,0.096
0,0,0.0
0,0,0.0
0,0,0.0
0,0,0.004
0,0,0.012
0,0,0.0
0,0,0.0
1,1,1.0
0,0,0.0
0,0,0.0
0,0,0.002
0,0,0.01
0,0,0.002
0,0,0.016
0,0,0.132
0,0,0.0
1,1,1.0
1,1,0.956
1,1,0.958
0,0,0.014
0,0,0.012
0,0,0.0
0,0,0.078
1,1,0.658
1,1,0.92
0,0,0.004
0,0,0.0
0,1,0.6850154632342742
1,1,1.0
0,0,0.054
0,0,0.02
0,0,0.0
0,0,0.0
0,0,0.03
0,0,0.004
1,0,0.304
0,0,0.0
0,0,0.0
0,0,0.332
0,0,0.002
0,0,0.024
0,0,0.024
0,0,0.146
0,0,0.0
1,1,1.0
0,0,0.01
0,0,7.485748858948021e-05
0,0,0.012
1,1,1.0
0,0,0.046
0,0,0.186
0,0,0.006
0,0,0.0
0,0,0.0
1,1,0.764
0,0,0.08
0,0,0.104
0,0,0.126
0,0,0.022
0,0,0.0
0,0,0.004
0,0,0.064
0,0,0.0
0,0,0.0
0,0,0.012
0,0,0.036
0,0,0.08580870926957056
1,1,1.0
0,0,0.102
1,1,1.0
1,1,1.0
1,1,0.994
1,1,1.0
0,0,0.014
0,0,0.0
1,0,0.222
0,0,0.014
0,0,0.014
0,0,0.0
0,0,0.024
0,0,0.046
0,0,0.012
0,0,0.0
0,0,0.0
1,1,0.938
0,0,0.00033458424103430343
0,0,0.204
1,1,1.0
0,0,7.485748858948021e-05
0,0,0.0
0,0,0.0
0,0,0.0
1,1,1.0
0,0,0.0
0,0,0.0
0,0,0.0
0,0,0.0
0,0,0.0
0,0,0.25351454419610286
0,0,0.08668846931951958
0,0,0.41952507383487736
0,0,0.07
0,0,0.026
0,0,0.034
0,0,0.042
0,0,0.002
0,0,0.0
0,0,0.044
0,0,0.0
0,0,0.0
1,0,0.4237465366110019
1,1,1.0
1,1,1.0
1,1,0.806
0,0,0.002
0,0,0.04
0,0,0.2574614723236468
0,0,0.0
1,1,1.0
1,1,1.0
0,0,0.0
0,0,0.002
1,1,1.0
0,0,0.006
0,0,0.0
0,0,0.0
1,0,0.104
1,1,0.996
0,0,0.0
0,0,0.0
0,0,0.002
1,1,1.0
0,0,0.01
0,0,0.002
0,0,0.052
0,0,0.002
0,0,0.09
0,0,0.0
0,0,0.008
0,0,0.0
0,0,0.02
0,0,0.0
1,1,1.0
0,0,0.006
0,0,0.084
0,0,0.0
0,0,0.0
0,0,0.016
0,0,0.112
0,0,0.0
1,1,1.0
0,0,0.0
0,0,0.038
0,0,0.01
0,0,0.24511356780208643
0,0,0.184
0,0,0.01
0,0,0.072
0,0,0.0
0,0,0.032
0,0,0.002
1,0,0.484
0,0,0.0
1,1,1.0
1,1,1.0
0,0,0.014
0,0,0.0
0,0,0.0
0,0,0.026
0,0,0.002
0,0,0.0
0,0,0.026
0,0,0.022
0,0,0.004
0,0,0.008
0,0,0.008
1,1,1.0
1,1,1.0
0,0,0.05
0,0,0.058
0,0,0.0
1,1,0.934
0,0,0.0
1,1,1.0
1,1,1.0
0,0,0.028
0,0,0.0
0,0,0.102
0,0,0.0
0,0,0.056
1,0,0.44
0,0,0.016
0,0,0.004
0,0,0.014
0,0,0.046
0,0,0.0
0,0,0.108
1,1,1.0
0,0,0.0
0,0,0.178
1,0,0.246
0,0,0.0
0,0,0.016
0,0,0.0
0,0,0.0
0,0,0.044
0,0,0.04
0,0,0.0
0,0,0.13
1,1,1.0
0,0,0.002
0,0,0.022
0,0,0.0
0,0,0.47023677712109724
0,0,0.038
0,0,0.05
0,0,0.01
0,0,0.018
0,0,0.2574614723236468
0,0,0.062
0,0,0.056
0,0,0.066
0,0,0.004
1,1,0.62
1,1,0.6998294353098321
0,0,0.002
0,0,0.06
0,0,0.01
0,0,0.012
0,0,0.044
0,0,0.07
0,0,0.0
0,0,0.3659477836092714
1,1,0.716
0,0,0.018
0,0,0.024
0,0,0.0
1,1,1.0
1,1,1.0
0,0,0.02
1,1,1.0
0,0,0.16
0,0,0.0
0,0,0.0
0,0,0.006
0,0,0.024
0,0,0.0
0,1,0.8707868011680929
0,0,0.048
1,1,1.0
0,0,0.004
0,0,0.156
0,0,0.066
0,0,0.096
0,0,0.14
0,0,0.006
0,0,0.0
0,0,0.0
0,0,0.022
0,0,0.078
0,0,0.026
0,0,0.11
0,0,0.0
0,0,0.0
0,0,0.0
0,0,0.068
0,0,0.022
0,0,0.11
0,0,0.0
1,1,1.0
0,0,0.048
0,0,0.222
0,0,0.052
1,1,1.0
0,0,0.08
0,0,0.022
0,0,0.0
0,0,0.0
1,1,0.942
0,0,0.0
0,0,0.0
0,0,0.034
0,0,0.0
0,0,0.0
0,0,0.03
0,0,0.026
0,0,0.016
0,0,0.0
1,1,1.0
0,0,0.0
0,0,0.01
0,0,0.014
0,0,0.004
0,0,0.0
0,0,0.008
0,0,0.17
0,0,0.0
0,0,0.004
0,0,0.058
0,0,0.01
0,0,0.0
1,1,0.898
0,0,0.0
0,0,0.014
0,0,0.002
1,1,1.0
0,0,0.044
1,1,1.0
0,0,0.034
0,0,0.006
0,0,0.048
0,0,0.014
0,0,0.014
0,0,0.008
0,0,0.066
1,1,0.998
0,0,0.016
0,0,0.042
0,0,0.01
0,0,0.046
0,0,0.0
0,0,0.016
0,0,0.066
0,0,0.0
0,0,0.0
1,1,0.87
0,0,0.006
0,0,0.0
0,0,0.023412126897300812
0,0,0.0
0,0,0.066
0,0,0.006
1,1,1.0
0,0,0.0
0,0,0.004
0,0,0.0
0,0,0.008
0,0,0.01
0,0,0.086
0,0,0.002
0,0,0.094
0,0,0.066
0,0,0.006
0,0,0.006
0,0,0.0
0,0,0.126
0,0,0.05
0,0,0.004
0,0,0.046
0,0,0.0
1,1,1.0
0,0,0.25943228665741896
0,0,0.0
0,0,0.388
0,0,0.054
1,1,1.0
0,0,0.116
0,0,0.022
0,0,0.0
0,0,0.0
0,0,0.09
0,0,0.0
0,0,0.05
0,0,0.0
0,0,0.076
1,1,0.712
0,0,0.02
0,0,0.004
0,0,0.084
1,0,0.18
1,1,1.0
0,0,0.0
0,0,0.2196554345515204
0,0,0.022
0,0,0.046
0,0,0.016
0,0,0.036
0,0,0.054
0,0,0.0
0,0,0.06
0,0,0.3659477836092714
0,0,0.028
1,1,1.0
0,0,0.058
0,0,0.014
0,0,0.0
0,0,0.004
0,0,0.002
0,0,0.026
0,0,0.0
0,0,0.014
1,0,0.216
0,0,0.074
0,0,0.012
0,0,0.004
1,1,1.0
0,0,0.082
1,1,1.0
0,0,0.016
0,0,0.22806880676668104
0,0,0.006
0,0,0.052
0,0,0.012
0,0,0.0
0,0,0.028
0,0,0.0
0,0,0.114
0,0,0.0
0,0,0.0
0,0,0.0
0,0,0.0
0,0,0.044
0,0,0.036
0,0,0.038
1,1,1.0
0,0,0.002
0,0,0.01
0,0,0.002
0,0,0.03992128931749807
0,0,0.038
0,0,0.002
0,0,0.028
0,0,0.006
0,0,0.024
1,1,1.0
0,0,0.016
0,0,0.058
0,0,0.026
0,0,0.0
0,0,0.018
0,0,0.004
0,0,0.006
0,0,0.096
0,0,0.006
0,0,0.108
0,0,0.0
0,0,0.07
0,0,0.01
0,0,0.0
1,1,0.7239380315315209
0,0,0.0
1,1,0.936
0,0,0.026
0,0,0.086
0,0,0.006
0,0,0.016
0,0,0.034
0,0,0.014
0,0,0.024
0,0,0.0
0,0,0.018
0,0,0.022
0,0,0.044
0,0,0.0
0,0,0.016
0,0,0.01
0,0,0.0
0,0,0.06
1,1,1.0
0,0,0.0
0,0,0.0
0,0,0.152
0,0,0.03
0,0,0.0
0,0,0.01
0,0,0.098
0,0,0.086
0,0,0.014
0,0,0.15
0,0,0.052
0,0,0.0
0,0,0.02
0,0,0.034
0,0,0.034
0,0,0.0
0,0,0.004
0,0,0.0
0,0,0.068
0,0,0.05
0,0,0.068
0,0,0.026
1,0,0.212
0,0,0.09696971787766312
0,0,0.0
0,0,0.002
0,0,0.006
0,0,0.0
0,0,0.02
0,0,0.0
0,0,0.03
0,0,0.068
0,0,0.0
0,0,0.0
0,0,0.046
0,0,0.01
0,0,0.0
0,0,0.002
1,1,1.0
0,0,0.0
0,0,0.012
0,0,0.01
0,0,0.08
0,0,0.074
0,0,0.0
1,1,1.0
1,0,0.214
1,1,1.0
1,1,0.886
0,0,0.004
0,0,0.002
0,0,0.066
0,0,0.0
1,1,1.0
0,0,0.002
0,0,0.0
0,0,0.01
0,0,0.01
0,0,0.018
0,0,0.0
0,0,0.0
0,0,0.004
0,0,0.008
0,0,0.012
0,0,0.026
0,0,0.01
0,0,0.0
0,0,0.002
0,0,0.0
0,0,0.0
0,0,0.032
0,0,0.01
0,0,0.0020748574885894803
0,0,0.082
0,0,0.014
0,0,0.0
0,0,0.002
0,0,0.094
0,0,0.01
0,0,0.0
0,0,0.0
0,0,0.162
1,1,1.0
0,0,0.032
0,0,0.0
0,0,0.036
0,0,0.006
1,1,1.0
0,0,0.032
0,0,0.0
0,0,0.008
1,1,1.0
1,1,1.0
0,0,0.04
1,0,0.194
0,0,0.0
0,0,0.072
0,0,0.084
0,0,0.034
0,0,0.022
0,0,0.12
0,0,0.022
0,0,0.018
0,0,0.008
0,0,0.112
0,0,0.0
0,0,0.056
1,1,1.0
0,0,0.192
0,0,0.0
0,0,0.006
0,0,0.064
0,0,0.008
0,0,0.002
1,1,1.0
0,0,0.236
0,0,0.006
0,0,0.042
0,0,0.012
0,0,0.002
0,0,0.0
0,0,0.0
0,0,0.0
0,0,0.0
0,0,0.006
1,0,0.448
0,0,0.0
0,0,0.036
0,0,0.056
0,0,0.0
0,0,0.042
1,1,1.0
1,1,0.874
1,0,0.238
0,0,0.226
0,0,0.028
0,0,0.018
0,0,0.016
0,0,0.02
0,0,0.0
0,0,0.068
1,0,0.15
0,0,0.024
1,1,1.0
0,0,7.485748858948021e-05
1,1,1.0
1,1,1.0
0,0,0.058
0,0,0.178
0,0,0.0
0,0,0.014
0,0,0.02
0,0,0.054
1,0,0.124
0,0,0.0
0,0,0.0
1,0,0.216
0,0,0.0
0,0,0.056
0,0,0.026
0,0,0.028
0,0,0.036
0,0,0.074
0,0,0.018
0,0,0.062
0,0,0.01
0,0,0.168
0,0,0.0
0,0,0.014
0,0,0.0
0,0,0.128
0,0,0.0
1,0,0.094
0,0,0.072
0,0,0.002
0,0,0.032
0,0,0.004
0,0,0.0
0,0,0.014
0,0,0.0
0,0,0.15
1,1,0.572
0,0,0.064
1,1,0.994
0,0,0.004
1,1,1.0
1,1,1.0
0,0,0.0
0,0,0.046
0,0,0.0
0,0,0.0
0,0,0.0
0,0,0.04
0,0,0.024
1,1,1.0
0,0,0.0
0,0,0.002
0,0,0.014
0,0,0.0
0,0,0.046
0,0,0.056
0,0,0.09
0,0,0.0
0,0,0.018
0,0,0.03
0,0,0.0
0,0,0.03
0,0,0.006
0,0,0.14
1,0,0.174
0,0,0.03
0,0,0.002
0,0,0.072
0,0,0.0
0,0,0.01
0,0,0.0
0,0,0.012
0,0,0.0
0,0,0.07
0,0,0.0
0,0,0.118
0,0,0.006
0,0,0.042
0,0,0.016
0,0,0.052
0,0,0.0
0,0,0.0
0,0,0.0
0,0,0.018
0,0,0.0
0,0,0.042
0,0,0.034
0,0,0.0
0,0,0.088
0,0,0.0
0,0,0.014
1,1,1.0
0,0,0.036074857488589476
1,1,1.0
0,0,0.01
0,0,0.0
0,0,0.14
0,0,0.17
0,0,0.054
0,0,0.0
0,1,0.6850154632342742
0,0,0.044
1,1,0.978
0,0,0.006
0,0,0.004
0,0,0.048
0,0,0.056
0,0,0.0
0,0,0.01
0,0,0.0
0,0,0.002
0,0,0.0
0,0,0.068
0,0,0.022
0,0,0.0
1,1,1.0
0,0,0.098
0,0,0.016
0,0,0.0
0,0,0.01
0,0,0.008
1,1,1.0
0,0,0.034
0,0,0.022
0,0,0.0
0,0,0.006
0,0,0.016
0,0,0.0
0,0,0.028
0,0,0.018
0,0,0.046
0,0,0.054
1,1,1.0
0,0,0.008
0,0,0.0
1,1,1.0
0,0,0.016
0,0,0.02
0,0,0.014
0,0,0.012
0,0,0.034
0,0,0.04
1,1,1.0
0,0,0.004
0,0,0.31274826075121276
0,0,0.0
0,0,0.024
0,0,0.004
0,0,0.032
0,0,0.042
1,1,1.0
0,0,0.104
0,0,0.0
0,0,0.038
0,0,0.064
0,0,0.068
0,0,0.3408731792105102
0,0,0.002
0,0,0.0
0,0,0.018
0,0,0.0
0,0,0.3877449971086593
0,0,0.0
0,0,0.11
0,0,0.036
1,1,1.0
0,0,0.018
1,1,1.0
0,0,0.014
0,0,0.006
0,0,0.0
0,0,0.03
0,0,0.092
0,0,0.0
0,0,0.0
1,1,1.0
0,0,0.134
0,0,0.006
0,0,0.002
0,0,0.092
0,0,0.0
0,0,0.0
0,0,0.024
0,0,0.008
0,0,0.0
0,0,0.004
0,0,0.0
0,0,0.0
0,0,0.0
0,0,0.012
0,0,0.022
0,0,0.068
0,0,0.0
1,1,0.6529155318368083
0,0,0.06
0,0,0.07
0,0,0.042
0,0,0.048
0,0,0.036
0,0,0.01
0,0,0.022
0,0,0.124
0,0,0.3846545665162291
0,0,0.01
0,0,0.0
0,0,0.004
0,0,0.014
0,0,0.0
0,0,0.0
1,1,1.0
1,1,1.0
0,0,0.01
0,0,0.0
1,1,1.0
0,0,0.0
0,0,0.0
0,0,0.02
0,0,0.068
0,0,0.002
0,0,0.014
0,0,0.002
0,0,0.008
1,1,1.0
0,0,0.06103096465413605
0,0,0.002
0,0,0.062
1,0,0.138
0,0,0.002
0,0,0.06
1,1,1.0
0,0,0.0
0,0,0.002
0,0,0.074
0,0,0.002
0,0,0.0
0,0,0.048
0,0,0.018
0,0,0.01
0,0,0.02
0,0,0.054
0,0,0.0
0,0,0.012
0,0,0.054
0,0,0.0
0,0,0.0
0,0,0.0
0,0,0.0
0,0,0.07
0,0,0.0
0,0,0.0
0,0,0.0
1,0,0.05168868377560885
0,0,0.0
0,0,0.0
0,0,0.018
0,0,0.008
0,0,0.062
0,0,0.006
0,0,0.054
0,0,0.0
0,0,0.0
0,0,0.0
0,0,0.13
1,1,1.0
0,0,0.008
0,0,0.004
0,0,0.006
0,0,0.058
0,0,0.026
0,1,0.6512940335956132
0,0,0.008
0,0,0.0
0,0,0.07
1,1,1.0
0,0,0.054
1,1,1.0
0,0,0.04
0,0,0.044
0,0,0.0
0,0,0.024
0,0,0.0
0,0,0.01
0,0,0.114
0,0,0.0
1,0,0.192
0,0,0.01694961071754226
0,0,0.0
0,0,0.106
1,1,0.994
0,0,0.19
0,0,0.02
0,0,0.0
0,0,0.002
0,0,0.0
0,0,0.016
1,1,1.0
1,1,1.0
0,0,0.0
1,1,0.632
0,0,0.0
0,0,0.026
0,0,0.002
0,0,0.0
0,0,0.01
0,0,0.016
0,0,0.0
0,0,0.0
0,0,0.038
0,0,0.128
0,0,0.082
0,0,0.002
0,0,0.126
0,0,0.038
1,1,1.0
0,0,0.018
0,0,0.00029144030528192237
0,0,0.064
0,0,0.0
1,1,1.0
0,0,0.008
0,0,0.018
0,0,0.086
0,0,0.0
1,1,1.0
0,0,0.06
0,0,0.008
0,0,0.01
0,0,0.022
0,0,0.016
0,0,0.004
0,0,0.004
1,1,1.0
0,0,0.016
0,0,0.004
0,0,0.13
1,0,0.132
0,0,0.022
0,0,0.07
0,0,0.052
0,0,0.0
0,0,0.012
1,1,1.0
0,0,0.22
1,0,0.5
1,0,0.15
0,0,0.022
0,0,0.0
0,0,0.01
0,0,0.038
0,0,0.0
1,1,0.804
0,0,0.012
0,0,0.006
0,0,0.008
1,1,0.998
0,0,0.0
0,0,0.0
1,1,1.0
0,0,0.03
1,1,0.988
0,0,0.0
0,0,0.14
0,0,0.036
0,0,0.0
1,1,1.0
0,0,0.012
0,0,0.014
0,0,0.01
0,0,0.084
0,0,0.0
0,0,0.002
1,1,1.0
0,0,0.014
0,0,0.002
1,1,1.0
0,0,0.004
0,0,0.012
0,0,0.024
0,0,0.0
0,0,0.25943228665741896
0,0,0.046
0,0,0.014
0,0,0.046
0,0,0.0
0,0,0.0
0,0,0.102
1,0,0.282
1,1,1.0
0,0,0.018
0,0,0.05
0,0,0.022
0,0,0.0
0,0,0.012
1,1,1.0
0,0,0.038
0,0,0.0
0,0,0.0
0,0,0.012
0,0,0.0
0,0,0.034
0,0,0.012
0,0,0.0
0,0,0.076
0,0,0.014
0,0,0.05
0,0,0.03
0,0,0.0
0,0,0.02
1,0,0.382
0,0,0.0
1,0,0.45
0,0,0.128
0,0,0.006
0,0,0.012
0,0,0.006
1,0,0.048
0,0,0.0
1,1,0.574
1,1,1.0
0,0,0.0
0,0,0.0
0,0,0.04
0,0,0.006
0,0,0.022937709763338473
0,0,0.0
0,0,0.014
0,0,0.014
1,1,1.0
0,0,0.004
0,0,0.034
0,0,0.004
0,0,0.028
1,0,0.242
0,0,0.008
0,0,0.03
1,0,0.31
0,0,0.03
0,0,0.004
0,0,0.0
0,0,0.05
1,1,0.976
0,0,0.002
0,0,0.004
0,0,0.06
0,0,0.0
1,1,0.668
0,0,0.0
1,0,0.22
0,0,0.06
0,0,0.006
0,0,0.04
0,0,0.082
0,0,0.0
0,0,0.068
1,1,1.0
0,0,0.064
0,0,0.0
0,0,0.114
0,0,0.07
0,0,0.106
0,0,0.05
0,0,0.034
0,0,0.052
0,0,0.014
0,0,0.0
1,1,1.0
0,0,0.0
0,0,0.038
0,0,0.004
0,0,0.076
0,0,0.0
0,0,0.102
0,0,0.0
1,1,1.0
0,0,0.002
0,0,0.0
0,0,0.0
0,0,0.0
0,0,0.042
0,0,0.002
0,0,0.004
0,0,0.034
0,0,0.028
1,1,1.0
0,0,0.018
0,0,0.004
0,0,0.0
0,0,0.0
0,0,0.048
0,0,0.108
0,0,0.02
0,0,0.002
0,0,0.002
0,0,0.0
1,1,1.0
1,1,1.0
0,0,0.11
0,0,0.054
1,1,0.556
0,0,0.12
0,0,0.042
0,0,0.038
0,0,0.008
0,0,0.018
0,0,0.01
0,0,0.014
0,0,0.016
0,0,0.028
0,0,0.0
1,1,1.0
1,1,1.0
0,0,0.086
1,0,0.232
0,0,0.012
0,0,0.008
0,0,0.0
0,0,0.08
0,0,0.0
0,0,0.0
0,0,0.052
1,0,0.076
0,0,0.0
0,0,0.006
1,1,1.0
1,1,1.0
1,1,1.0
0,0,0.00029144030528192237
0,0,0.162
0,0,0.022
0,0,0.072
0,0,0.0
0,0,0.0
0,0,0.17
0,0,0.0
1,1,1.0
0,0,0.01
0,0,0.0
1,1,0.922
0,0,0.0
0,0,0.056
0,0,0.052
0,0,0.0
0,0,0.018
0,0,0.022
0,0,0.036
0,0,0.0
0,0,0.0
0,0,0.018
0,0,0.0
0,0,0.008
1,1,1.0
1,1,1.0
0,0,0.014
0,0,0.002
0,0,0.0
0,0,0.0
0,0,0.018
0,0,0.0
1,1,1.0
0,1,0.6850154632342742
0,0,0.038
0,0,0.07
0,0,0.014
0,0,0.022
0,0,0.0
0,0,0.002
0,0,0.0
0,0,0.0
0,0,0.078
0,0,0.0
1,1,1.0
0,0,0.002
0,0,0.058
0,0,0.002
1,0,0.2574614723236468
0,0,0.026
0,0,0.016
0,0,0.024
0,0,0.078
1,1,1.0
1,1,0.9
0,0,0.088
0,0,0.008
0,0,0.062374346832232405
1,1,1.0
0,0,0.024
0,0,0.002
0,0,0.004
0,0,0.0
0,0,0.034
0,0,0.086
1,1,1.0
0,0,0.022
0,0,0.012
0,0,0.0
0,0,0.002
1,1,1.0
0,0,0.0
1,1,1.0
0,0,0.048
1,1,1.0
1,1,1.0
0,0,0.0
0,0,0.014
0,0,0.0
0,0,0.0
0,0,0.014
1,1,1.0
0,0,0.016
0,0,0.0
0,0,0.016
1,0,0.348
0,0,0.004
0,0,0.006
1,1,0.972
0,0,0.0
1,1,0.7
0,0,0.0
0,0,0.0
0,0,0.006
1,1,1.0
0,0,0.012
0,0,0.07
0,0,0.014
0,0,0.058
1,1,1.0
0,0,0.024
0,0,0.0
1,1,0.694
1,1,1.0
0,0,0.004
0,0,0.08
0,0,0.004
0,0,0.0
1,1,1.0
0,0,0.016
0,0,0.004
0,0,0.008
0,0,0.0
0,0,0.016
0,0,0.0
0,0,0.004
0,0,0.038
0,0,0.012
0,0,0.058
0,0,0.0
0,0,0.034
0,0,0.0
0,0,0.034
1,0,0.442
1,1,1.0
0,0,0.02
0,0,0.0
0,0,0.0
0,0,0.04
0,0,0.0
1,1,1.0
0,0,0.046
0,0,0.0
0,0,0.07
0,0,0.074
0,0,0.002
0,0,0.08
0,0,0.036
1,0,0.082
0,0,0.006
0,0,0.0
0,0,0.0
0,0,0.012
0,0,0.082
0,0,0.008
0,0,0.08407485748858949
0,0,0.0
1,1,1.0
0,0,0.018
0,0,0.008
1,1,1.0
0,0,0.038
0,0,0.024
0,0,0.0
1,1,1.0
1,1,1.0
0,0,0.018
0,0,0.0
0,0,0.0
0,0,0.0
1,0,0.356
0,0,0.0
0,0,0.048
1,1,1.0
1,1,1.0
0,0,0.002
0,0,0.4680801101637131
0,0,0.006
0,0,0.078
0,0,0.016
0,0,0.0
0,0,0.026
0,0,0.0
0,0,0.032
1,1,1.0
0,0,0.0
0,0,0.0
1,1,1.0
0,0,0.024
0,0,0.0
0,0,0.024
1,1,1.0
0,0,0.042
0,0,0.0
0,0,0.0
0,0,0.0
0,0,0.008
0,0,0.04
0,0,0.038
1,1,1.0
0,0,0.002
1,0,0.234
0,0,0.0
1,1,0.89
0,0,0.094
0,0,0.0
0,0,0.1
0,0,0.038
0,0,0.0
0,0,0.004
0,0,0.0
0,0,0.062
0,0,0.006
0,0,0.05
1,1,1.0
0,0,0.072
0,0,0.006
1,1,1.0
1,0,0.226
0,0,0.0
0,0,0.036
0,0,0.046
0,0,0.0
0,0,0.0
0,0,0.092
0,0,0.026
0,0,0.064
1,1,1.0
0,0,0.12
1,1,1.0
1,1,0.952
0,0,0.034
0,0,0.0
0,0,0.0
0,0,0.0
0,0,0.0
1,1,1.0
0,0,0.046
0,0,0.01
0,0,0.012
0,0,0.0
0,0,0.0
0,0,0.11
1,0,0.254
0,0,0.044
0,0,0.01
1,1,1.0
0,0,0.0
0,0,0.0
0,0,0.038
0,0,0.002
0,0,0.03
0,0,0.0
0,0,0.0
0,0,0.016
0,0,0.054
0,0,0.002
0,0,0.066
0,0,0.0
0,0,0.004
1,0,0.388
0,0,0.014
0,0,0.006
1,1,1.0
1,1,1.0
1,1,1.0
0,0,0.078
0,0,0.04
0,0,0.044
0,0,0.084
1,1,1.0
0,0,0.04
0,0,0.012
1,1,1.0
0,0,0.0
1,1,0.922
0,0,0.0
0,0,0.03
0,0,0.034
0,0,0.0
0,0,0.05
1,1,1.0
0,0,0.01
1,1,1.0
0,0,0.0
0,0,0.002
1,0,0.232
0,0,0.014
0,0,0.0
0,0,0.0
0,0,0.01
1,1,1.0
0,0,0.032
0,0,0.0
0,1,0.5590798025069342
0,0,0.12
1,1,1.0
0,0,0.002
0,0,0.0
1,0,0.3846545665162291
0,0,0.088
0,0,0.0
0,0,0.04
0,0,0.0
0,0,0.012
0,0,0.034
0,0,0.0
0,0,0.0
0,0,0.0
0,0,0.0
0,0,0.01
1,0,0.288
0,0,0.006
1,0,0.208
0,0,0.012
0,0,0.006
0,0,0.0
0,0,0.0
0,0,0.0
0,0,0.0
0,0,0.0
0,0,0.0
0,0,0.068
0,0,0.0
0,0,0.0
0,0,0.0
0,0,0.022
1,1,1.0
0,0,0.09
0,0,0.0
0,0,0.0
0,0,0.004
0,0,0.048
1,1,1.0
0,0,0.07449222456705423
0,0,0.01
0,0,0.0
0,0,0.004
0,0,0.0
0,0,0.004
0,0,0.092
0,0,0.0
0,0,0.01
0,0,0.12
0,0,0.0
0,0,0.016
1,1,1.0
0,0,0.026
0,0,0.01
0,0,0.048
0,0,0.0
0,0,0.004
0,0,0.0
0,0,0.014
1,1,1.0
0,0,0.002
1,1,1.0
0,0,0.008
0,0,0.0
0,0,0.086
0,0,0.004
0,0,0.084
0,0,0.47562118072657783
0,0,0.024
0,0,0.0
0,0,0.0
0,0,0.006
1,1,1.0
0,0,0.042
1,1,0.996
0,0,0.006
1,1,0.836
0,0,0.05
0,0,0.002
1,1,1.0
0,0,0.0
0,0,0.012
0,0,0.056
0,0,0.088
0,0,0.0
0,0,0.022
0,0,0.06
0,0,0.0
1,1,1.0
0,0,0.108
0,0,0.062
0,0,0.038
0,0,0.0
0,0,0.04
0,0,0.0
0,0,0.002
1,0,0.14
0,0,0.0
0,0,0.014
1,1,1.0
0,0,0.066
1,1,1.0
0,0,0.008
0,0,0.0
1,1,1.0
0,0,0.0
0,0,0.012
0,0,0.0
0,0,0.01
0,0,0.128
0,0,0.027529920727446686
1,0,0.198
0,0,0.048
0,0,0.002
0,0,0.01
0,0,0.02
0,0,0.008
0,0,0.004
0,0,0.002
1,1,0.998
0,0,0.032
0,0,0.0
0,0,0.0
0,0,0.076
1,0,0.032
0,0,0.014
0,0,0.022
0,0,0.092
0,0,0.002
1,1,1.0
0,0,0.0
0,0,0.0
0,0,0.074
0,0,0.096
1,0,0.12248389206694109
0,0,0.008
0,0,0.034
0,0,0.0
0,0,0.044
1,1,1.0
0,0,0.002
0,0,0.0
0,0,0.082
1,1,1.0
0,0,0.006
1,1,1.0
0,0,0.06
0,0,0.068
0,0,0.0
0,0,0.012
1,1,1.0
0,0,0.0
0,0,0.0
0,0,0.024
0,0,0.09696971787766312
0,0,0.022
0,0,0.002
0,0,0.048
0,0,0.0
0,0,0.04
0,0,0.0
0,0,0.084
1,0,0.114
0,0,0.14025171880850856
0,0,0.004
0,0,0.082
0,0,0.002
1,1,0.626
0,0,0.0
0,0,0.002
0,0,0.008
1,1,0.988
0,0,0.018
0,0,0.0
1,0,0.274
0,0,0.0
0,0,0.002
1,1,1.0
0,0,0.04
0,0,0.0
0,0,0.03
0,0,0.0
0,1,0.6149246662109149
0,0,0.01
0,0,0.008
0,0,0.0
0,0,0.012
0,0,0.012
0,0,0.006
0,0,0.004
0,0,0.0
0,0,0.0
0,0,0.004
0,0,0.046
1,1,1.0
0,0,0.0
0,0,0.0
1,0,0.166
0,0,0.02
0,0,0.0
0,0,0.04
0,0,0.0
0,0,0.12248389206694109
0,0,0.21771743302292787
0,0,0.0
0,0,0.0
0,0,0.084
0,0,0.0
0,0,0.3171359031616761
0,0,0.034
0,0,0.024
0,0,0.0
0,0,0.0
1,1,0.942
0,0,0.014
0,0,0.036
0,0,0.002
0,0,0.018
1,1,0.91
0,0,0.0
1,1,1.0
0,0,0.072
0,0,0.036
0,0,0.028
0,0,0.02
0,0,0.018
0,0,0.002
0,0,0.0
1,1,1.0
0,0,0.0
0,0,0.0
1,1,0.826
0,0,0.014
1,1,1.0
0,0,0.008
0,0,0.014
0,0,0.01407485748858948
0,0,0.014
0,0,0.034
0,0,0.014
0,0,0.064
0,0,0.0
0,0,0.064
0,0,0.024
0,0,0.004
0,0,0.114
0,0,0.006
0,0,0.068
1,1,0.86
0,0,0.006
1,1,0.92
0,0,0.016
0,0,0.032
1,1,1.0
1,1,1.0
0,0,0.058
0,0,0.054
0,0,0.0
0,0,0.0
0,0,0.024
0,0,0.026
1,1,1.0
0,0,0.0
0,0,0.032
0,0,0.022
0,0,0.052
0,0,0.074
0,0,0.03
0,0,0.012
0,0,0.188
0,0,0.052
0,0,0.0
0,0,0.02
0,0,0.038
0,0,0.0
0,0,0.0
0,0,0.0
0,0,0.026
1,1,1.0
0,0,0.0
0,0,0.09
1,1,1.0
0,0,0.014
0,0,0.114
1,1,0.944
1,1,1.0
0,0,0.03
0,0,0.168
1,1,1.0
0,1,0.6850154632342742
1,0,0.064
1,1,1.0
0,0,0.024
0,0,0.054
0,0,0.006
0,0,0.0
0,0,0.02
0,0,0.0
0,0,0.0
0,0,0.036
1,1,1.0
0,1,0.776031701832472
0,0,0.0
0,0,0.026
0,0,0.024
1,1,1.0
0,0,0.018
0,0,0.126
0,0,0.036
0,0,0.042
0,0,0.038
0,0,0.008
0,0,0.004
0,0,0.122
0,0,0.008
0,0,0.112
0,0,0.0
0,0,0.012
0,0,0.004
0,0,0.068
0,0,0.038
0,0,0.0
0,0,0.006
0,0,0.0
0,0,0.018
1,1,1.0
0,0,0.056
0,0,0.012
0,0,0.006
0,0,0.0
0,0,0.048
0,0,0.032
0,0,0.0
0,0,0.01
1,1,1.0
0,0,0.002
1,1,0.714
0,0,0.062
0,0,0.0
0,0,0.002
0,0,0.0
0,0,0.0
1,1,0.516
0,0,0.0
1,1,1.0
0,0,0.02
0,0,0.0
0,0,0.0
0,0,0.0
0,0,0.01
1,1,1.0
0,0,0.022
0,0,0.004
0,0,0.008
0,0,0.0
0,0,0.012
0,0,0.05
0,0,0.002
0,0,0.054
0,0,0.0
0,0,0.0
1,1,1.0
0,0,0.006
0,0,0.016
0,0,0.03
0,0,0.004
1,1,1.0
0,0,0.008
0,0,0.004
0,0,0.004
0,0,0.022
0,0,0.052
0,0,0.056
1,0,0.152
0,0,0.0
0,0,0.014
0,0,0.032
0,0,0.03
1,1,1.0
0,0,0.078
0,0,0.02
1,1,1.0
0,0,0.024
0,0,0.048
1,0,0.034
1,0,0.188
0,0,0.02
0,0,0.256
0,0,0.002
0,0,0.02
0,0,0.0
0,0,0.072
0,0,0.022
0,0,0.14328777768794318
0,0,0.018
0,0,0.01
0,0,0.042
0,0,0.10209156997121953
0,0,0.024
0,0,0.276
0,0,0.0
1,1,0.616
0,0,0.24
0,0,0.0
0,0,0.0
1,1,1.0
1,1,1.0
0,0,0.02
1,1,0.63
0,0,0.024
0,0,0.004
0,0,0.17269032374527768
0,0,0.0
0,0,0.004
0,0,0.002
0,0,0.0
0,0,0.016
0,0,0.02
0,0,0.0
0,0,0.006
1,1,1.0
0,0,0.14
1,1,1.0
0,0,0.0
0,0,0.138
0,0,0.0
0,0,0.078
1,1,1.0
0,0,0.0
0,0,0.0
0,0,0.0
1,1,1.0
0,0,0.0
0,0,0.0
1,1,1.0
1,1,1.0
0,0,0.0
0,0,0.148
0,0,0.014
0,0,0.0
0,0,0.034
0,0,0.04
0,0,0.0
0,0,0.002
0,0,0.0
0,0,0.008
0,0,0.002
0,0,0.016
0,0,0.018
1,1,1.0
0,0,0.036
0,0,0.02
0,0,0.004
0,0,0.0
0,0,0.03
0,0,0.038
0,0,0.08
1,1,1.0
0,0,0.012
0,0,0.002
0,0,0.026
1,1,0.662
0,0,0.0
0,0,0.0
0,0,0.022
0,0,0.0
0,0,0.008
0,0,0.02
0,0,0.0
0,0,0.0
1,1,1.0
0,0,0.0
1,1,1.0
1,1,0.998
0,0,0.0
0,0,0.058
0,0,0.008
0,0,0.0
0,0,0.024
1,1,0.708
0,0,0.002
1,0,0.052
0,0,0.0
0,0,0.002
0,0,0.126
0,0,0.048
0,0,0.0
0,0,0.002
0,0,0.014251649224301893
0,0,0.026
0,0,0.04
1,1,1.0
0,0,0.014
0,0,0.084
0,0,0.068
0,0,0.0
0,0,0.012
0,0,0.012
0,0,0.042
0,0,0.014
0,0,0.012
0,0,0.064
1,1,1.0
0,0,0.014
1,1,1.0
1,1,1.0
0,0,0.0
0,0,0.008
0,0,0.0
0,0,0.034
0,0,0.024
0,0,0.042
0,0,0.0
0,0,0.0
0,0,0.06
1,1,0.7788984900911643
0,0,0.008
0,0,0.0
0,0,0.0
0,0,0.11
0,0,0.0
0,0,0.006
0,0,0.032
0,0,0.04
0,0,0.036
0,0,0.114
0,0,0.082
0,0,0.0
0,0,0.0
0,0,0.25943228665741896
0,0,0.0
0,0,0.024
0,0,0.0
0,0,0.01
0,0,0.0
0,0,0.004
0,0,0.02
0,0,0.008
0,0,0.004
0,0,0.016
1,1,1.0
0,0,0.0
0,0,0.004
0,0,0.08
0,0,0.0
0,0,0.148
0,0,0.004
0,0,0.002
0,0,0.114
1,1,0.918
0,0,0.032
0,0,0.022
0,0,0.094
0,0,0.002
0,0,0.0
0,0,0.012
0,0,0.0
0,0,0.09
0,0,0.07
0,0,0.0
0,0,0.01
0,0,0.066
0,0,0.004
1,0,0.222
0,0,0.0
1,1,1.0
0,0,0.046
1,1,1.0
0,0,0.0
0,0,0.0
0,0,0.48229296815332356
1,1,1.0
0,0,0.0
0,0,0.0
0,0,0.096
0,0,0.0
1,1,0.516
0,0,0.072
1,1,1.0
0,0,0.0
0,0,0.0
0,0,0.0
0,0,0.0
1,1,1.0
0,0,0.068
1,0,0.444
0,0,0.0
1,0,0.208
0,0,0.096
0,0,0.08
0,0,0.0
0,0,0.01
0,0,0.0
0,0,0.062374346832232405
0,0,0.024
0,0,0.0
0,0,0.024
0,0,0.0
0,0,0.01
1,1,1.0
0,0,0.026
0,0,0.174
0,0,0.304
0,0,0.04
0,0,7.485748858948021e-05
0,0,0.0
0,0,0.064
0,0,0.0
0,0,0.132
0,0,0.0
0,0,0.0
0,0,0.0
0,0,0.12
0,0,0.0
0,0,0.176
0,0,0.012
0,0,0.0
1,1,1.0
0,0,0.024
0,0,0.004
0,0,0.01
1,1,1.0
1,1,1.0
0,0,0.004
0,0,0.046
0,0,0.078
0,0,0.038
0,0,0.002
0,0,0.01
1,1,1.0
0,0,0.0
0,0,0.072
0,0,0.042
0,0,0.006
0,0,0.0
0,0,0.072
0,0,0.0
0,0,0.034
0,0,0.16
0,0,0.002
0,0,0.008
1,1,0.998
0,0,0.29967719153942507
0,0,0.032
0,0,0.008
0,0,0.016
0,0,0.0
0,0,0.002
0,0,0.048
1,1,1.0
0,0,0.004
0,0,0.084
0,0,0.076
0,0,0.0
0,0,0.13
0,0,0.072
0,0,0.026
0,0,0.012
0,0,0.008
0,0,0.0
0,0,0.0
0,0,0.0
0,0,0.008
0,0,0.022
0,0,0.004
0,0,0.03
0,0,0.0
0,0,0.018
1,1,1.0
0,0,0.048
0,0,0.102
0,0,0.026
0,0,0.0
0,0,0.004
0,0,0.008
0,0,0.0011825021371743882
0,0,0.004
0,0,0.03
0,0,0.116
0,0,0.0
0,0,0.056
0,0,0.018
0,0,0.02
0,0,0.0
0,0,0.054
0,0,0.146
0,0,0.08
0,0,0.0
0,0,0.0
0,0,0.0
0,0,0.026
0,0,0.0
0,0,0.074
1,1,0.996
0,0,0.002
0,0,0.0
0,0,0.0
0,0,0.006
0,0,0.01
0,0,0.0
0,0,0.026
0,0,0.122
0,0,0.074
0,0,0.0
0,0,0.026
0,0,0.006
0,0,0.08
0,0,0.0
0,0,0.0
0,0,0.012
0,0,0.032
1,1,1.0
0,0,0.044
0,0,0.032
0,0,0.008
0,0,0.012
0,0,0.004
0,0,0.034
0,0,0.07
0,0,0.0
0,0,0.05
0,0,0.016
0,0,0.0
0,0,0.0
0,0,0.048
0,0,0.014
0,0,0.018
1,1,1.0
0,0,0.028
0,0,0.08
0,0,0.002
1,1,1.0
0,0,0.078
0,0,0.03
0,0,0.008
0,0,0.006074857488589481
0,0,0.252
0,0,0.0
1,1,1.0
0,0,0.048
0,0,0.018
0,0,0.008
1,1,1.0
0,0,0.004
1,1,1.0
0,0,0.041173041494685786
0,0,0.04
0,0,0.056
1,0,0.172
0,0,0.012
1,1,1.0
0,0,0.024
0,0,0.124
0,0,0.0
0,0,0.052
0,0,0.028
0,0,0.012
0,0,0.032
0,0,0.0
0,0,0.002
0,0,0.0
0,0,0.0
1,0,0.234
0,0,0.04
0,0,0.03
1,0,0.492
0,0,0.0
1,1,0.63
0,0,0.022
1,1,1.0
0,0,0.014
0,0,0.0
1,1,0.914
0,0,0.04
1,1,1.0
0,0,0.05
0,0,0.066
0,0,0.0
0,0,0.0
1,1,1.0
0,0,0.0
1,1,0.966
0,0,0.028
0,0,0.066
0,0,0.01
0,0,0.112
0,0,0.0
0,0,0.15
0,0,0.04
0,0,0.47609325687228715
0,0,0.0
0,0,0.05
0,0,0.058
1,0,0.268
0,0,0.042
1,1,1.0
0,0,0.03
0,0,0.054
0,0,0.088
0,0,0.0518312047096855
0,0,0.0
0,0,0.058
0,0,0.0
0,0,0.038
0,0,0.046
0,0,0.054
0,0,0.004
0,0,0.0
0,0,0.09
0,0,0.02
0,0,0.054
0,0,0.0
0,0,0.012
0,0,0.004
1,1,1.0
0,0,0.0
0,0,0.022
0,0,0.008
0,0,0.044
0,0,0.0
0,0,0.036
0,0,0.074
1,0,0.45790035883349134
0,0,0.012
0,0,0.0
0,0,0.016
0,0,0.04
1,1,1.0
0,0,0.01
1,0,0.41
0,0,0.0
0,0,0.004
0,0,0.03
0,0,0.084
1,1,1.0
0,0,0.092
0,0,0.0
0,0,0.02
0,0,0.01
0,0,0.06586262939203028
0,0,0.01
0,0,0.018
0,0,0.06
0,0,0.026
0,0,0.0
1,1,1.0
1,1,1.0
0,0,0.006
0,0,0.022
0,0,0.01
0,0,0.152
1,1,1.0
0,0,0.002
0,0,0.0
0,0,0.0
1,1,1.0
0,0,0.026
0,0,0.0
0,0,0.0
0,0,0.038
0,0,0.0
0,0,0.044
0,0,0.116
0,0,0.0
0,0,0.024
0,0,0.0
0,0,0.0
0,0,0.004
1,1,1.0
1,1,1.0
0,0,0.0
0,0,0.0
0,0,0.0
0,0,0.0
0,0,0.052
0,0,0.008
0,0,0.0
0,0,0.006
1,1,1.0
0,0,0.0
0,0,0.046
0,0,0.02
0,0,0.032
0,0,0.016
0,0,0.032
0,0,0.016
0,0,0.07
1,1,1.0
1,1,1.0
0,0,0.156
0,0,0.018
0,0,0.016
0,0,0.0
1,1,1.0
0,0,0.0
0,0,0.016
0,0,0.0
1,0,0.246
0,0,0.002
0,0,0.0
0,0,0.0
0,0,0.054
0,0,0.012
0,0,0.0
0,0,0.078
0,0,0.0
0,0,0.012
0,0,0.0
0,0,0.0
0,0,0.0
0,0,0.0
1,0,0.424
0,0,0.004
1,1,1.0
1,1,1.0
0,0,0.014
0,0,0.074
1,1,1.0
0,0,0.002
0,0,0.012
0,0,0.052
0,0,0.0
1,1,1.0
1,0,0.04
0,0,0.054
0,0,0.0
0,0,0.034
0,0,0.0
0,0,0.01
0,0,0.002
0,0,0.002
0,0,0.002
0,0,0.114
0,0,0.058
0,0,0.038
0,0,0.008
1,1,1.0
0,0,0.006
0,0,0.0
0,0,0.012
1,1,1.0
0,0,0.042
0,0,0.016
0,0,0.0
0,0,0.042
0,0,0.024
0,0,0.0
0,0,0.0
0,0,0.002
0,0,0.0
0,0,0.02
0,1,0.6998294353098321
0,0,0.026
0,0,0.0
0,0,0.014
0,0,0.018
0,0,0.0
0,0,0.14
0,0,0.004
0,0,0.008
0,0,0.066
0,0,0.042
0,0,0.002
0,0,0.0
0,0,0.0
0,0,0.0
0,0,0.112
0,0,0.008
0,0,0.0
0,0,0.0
0,0,0.04
0,0,0.076
0,0,0.0
0,0,0.016
0,0,0.01
0,0,0.032
0,0,0.028
0,0,0.044
0,0,0.025287777687943193
0,0,0.0
0,0,0.026
0,0,0.01
0,0,0.054
0,0,0.104
0,0,0.058
0,0,0.0
0,0,0.012
0,0,0.012
1,1,0.952
1,1,1.0
0,0,0.12
0,0,0.006
0,0,0.06
0,0,0.028
1,1,1.0
0,0,0.058
0,0,0.006
0,0,0.0
0,0,0.036
1,1,1.0
0,0,0.032
0,0,0.0
0,0,0.0
0,0,0.014
0,0,0.0
0,0,0.03
0,0,0.0
0,0,0.002
0,0,0.0
0,0,0.0
0,0,0.044
0,0,0.0
0,0,0.08
0,0,0.0
0,0,0.0
0,0,0.0
0,1,0.5442310630582977
0,0,0.01
0,0,0.002
0,0,0.0
0,0,0.022
0,0,0.136
0,0,0.002
0,0,0.076
1,1,1.0
0,1,0.5449705582765004
0,0,0.018
0,0,0.05
0,0,0.2130582891964227
1,0,0.29
0,0,0.1
0,0,0.0
0,0,0.05
1,1,1.0
1,0,0.386
0,0,0.02
0,0,0.014
0,0,0.1
0,0,0.054
0,0,0.032
1,1,1.0
1,1,1.0
0,0,0.002
0,0,0.03
1,1,1.0
0,0,0.05991188396177955
0,0,0.018
0,0,0.034
0,0,0.018
0,0,0.16911240413489542
0,0,0.04
0,0,0.0
0,0,0.0
0,0,0.032
0,0,0.0
1,1,1.0
1,1,1.0
1,1,1.0
0,0,0.036
0,0,0.122
0,0,0.046
0,1,0.8330383629471235
0,0,0.112
0,0,0.0
1,1,1.0
0,0,0.0
0,0,0.0
0,0,0.054
0,0,0.082
0,0,0.006
0,0,0.044
0,0,0.0
0,0,0.028
0,0,0.057329194054145605
1,1,0.502
1,1,0.912
0,0,0.09
0,0,0.10168868377560884
1,1,1.0
0,0,0.02
0,0,0.0
0,0,0.038
0,0,0.014
0,0,0.012
0,0,0.004
0,0,0.168
0,0,0.008
1,0,0.462
1,1,1.0
0,0,0.0
0,0,0.0
0,0,0.004
0,0,0.236
0,0,0.018
0,0,0.096
0,0,0.0
0,0,0.0
0,0,0.0
1,1,1.0
0,0,0.01
0,0,0.01
0,0,0.068
0,0,0.03
0,0,0.01
0,0,0.09696971787766312
1,1,0.98
0,0,0.002
0,0,0.012
0,0,0.0
0,0,0.14
0,0,0.026
0,0,0.0
0,0,0.132
0,0,0.054
0,0,0.062
0,0,0.014
0,0,0.032
0,0,0.018
1,1,1.0
0,0,0.0
0,0,0.008
0,0,0.01
0,0,0.0
0,0,0.068
0,0,0.0
0,0,0.0
0,0,0.062
0,0,0.0
0,0,0.074
0,0,0.008
0,0,0.03
1,1,1.0
0,0,0.064
0,0,0.0
0,0,0.024
0,0,0.082
0,0,0.028
1,1,0.96
0,0,0.0
0,0,0.108
0,0,0.0
0,0,0.038
0,0,0.0
0,0,0.066
0,0,0.01
1,1,1.0
0,0,0.172
0,0,0.042
0,0,0.08
0,0,0.048
0,0,0.002
1,1,1.0
0,0,0.036
0,0,0.102
0,0,0.0
0,0,0.132
0,0,0.018
0,0,0.0
0,0,0.01
0,0,0.0
0,0,0.0
0,0,0.056
0,0,0.0
1,1,1.0
0,0,0.03
0,0,0.0
0,1,0.6064150595609938
0,0,0.002
1,1,1.0
0,0,0.066
0,0,0.076
0,0,0.0
0,0,0.166
0,0,0.0
1,0,0.298
0,0,0.118
0,0,0.0
1,0,0.272
0,0,0.042
0,0,0.016
0,0,0.032
0,0,0.082
0,0,0.054
0,0,0.0
0,0,0.0
0,0,0.048
1,1,1.0
0,0,0.0
0,0,0.0
0,0,0.004
0,0,0.012
0,0,0.0
0,0,0.002
0,0,0.038
0,0,0.004
0,0,0.004
0,0,0.0
0,0,0.0
0,0,0.0
0,0,0.038
0,0,0.038
0,0,0.0
0,0,0.01
0,0,0.008
0,0,0.024
0,1,0.6850154632342742
0,0,0.002
0,0,0.022
1,1,1.0
1,1,1.0
1,0,0.324
1,1,0.7
0,0,0.0
0,0,0.0
0,0,0.034
0,0,0.018
0,0,0.048
0,0,0.0
0,0,0.034
0,0,0.01
0,0,0.012
0,0,0.0
0,0,0.046
0,0,0.012
1,1,1.0
0,0,0.02
0,0,0.0
0,0,0.028
0,0,0.0
0,0,0.01
0,0,0.017423033884063358
1,1,1.0
0,0,0.088
0,0,0.102
1,1,1.0
0,0,0.012
0,0,0.004
0,0,0.0
0,0,0.05
0,0,0.0
0,0,0.0
0,0,0.006
0,0,0.0
0,0,0.002
0,0,0.004
1,0,0.246
0,0,0.098
1,1,0.872
0,0,0.102
0,0,0.018
0,0,0.08
0,0,0.02
0,0,0.006
0,0,0.062
1,1,1.0
1,1,1.0
1,0,0.2651806117529054
0,0,0.0
1,1,1.0
0,0,0.0
0,0,0.0
1,1,1.0
0,0,0.0
1,0,0.074
0,0,0.0
0,0,0.0
0,0,0.018
0,0,0.008
0,0,0.418
0,0,0.006
0,0,0.12248389206694109
0,0,0.166
0,0,0.02
0,0,0.006
1,1,1.0
1,1,1.0
1,1,1.0
0,0,0.0
0,0,0.0
0,0,0.008
0,0,0.038
0,0,0.0
0,0,0.012
1,0,0.208
0,0,0.054
0,0,0.058
0,0,0.026
0,0,0.0
0,0,0.052
0,0,0.004
0,0,0.0
0,0,0.006
0,0,0.018
0,0,0.04
1,0,0.228
1,1,0.888
0,0,0.014
0,0,0.0
1,1,1.0
1,1,1.0
1,0,0.184
0,0,0.002
0,0,0.0
1,1,1.0
0,0,0.0
0,0,0.0689930738042364
0,0,0.032
0,0,0.004
1,0,0.146
1,1,1.0
0,0,0.046
0,0,0.076
0,0,0.01
0,0,0.032
1,1,1.0
0,0,0.038
0,0,0.158
1,1,1.0
0,0,0.0
0,0,0.028
0,0,0.016
1,1,1.0
0,0,0.046
0,0,0.0
0,0,0.104
1,0,0.164
0,0,0.036
1,1,1.0
0,0,0.0
0,0,0.058
0,0,0.0
0,0,0.018
0,0,0.25943228665741896
0,0,0.072
0,0,0.0
0,0,0.030735120949131684
0,0,0.1
0,0,0.0
1,1,0.874
0,0,0.0
0,0,0.038
0,0,0.002
0,0,0.0
0,0,0.0
0,0,0.0
0,0,0.026
0,0,0.126
0,0,0.044
0,0,0.05
0,0,0.0
0,0,0.0
0,0,0.022
0,0,0.028
1,0,0.328
0,0,0.0
1,1,1.0
0,0,0.0
0,0,0.006
0,0,0.024
0,0,0.01
0,0,0.0
0,0,0.006
0,0,0.06
0,0,0.0
0,0,0.0
0,0,0.068
0,0,0.0
0,0,0.004
0,0,0.018
0,0,0.002
0,0,0.0
0,0,0.042
0,0,0.068
0,0,0.006
1,1,1.0
0,0,0.062
0,0,0.022
0,0,0.0
0,0,0.0
1,0,0.244
0,0,0.092
0,0,0.16594838946827808
0,0,0.0
1,1,1.0
0,0,0.0
0,0,0.026
0,0,0.094
0,0,0.028
1,1,0.854
0,0,0.0
0,0,0.04
0,0,0.004
0,0,0.01
0,0,0.0
0,0,0.058
1,1,0.93
0,0,0.232
0,0,0.0
0,0,0.016
0,0,0.012
0,0,0.028
0,0,0.002
0,0,0.0
0,0,0.066
0,0,0.004
1,1,1.0
0,0,0.082
1,1,1.0
0,0,0.0
0,0,0.0
0,0,0.07
0,0,0.02
0,0,0.144
0,0,0.006
0,0,0.028
0,0,0.0
0,0,0.0
0,0,0.024
0,0,0.012
0,0,0.0
0,0,0.11
0,0,0.006
0,0,0.058
0,0,0.054
0,0,0.0
0,0,0.0
0,0,0.0
1,0,0.324
0,0,0.06
0,0,0.0
0,0,0.0
0,0,0.0
1,1,1.0
1,1,1.0
0,0,0.002
1,1,1.0
0,0,0.004
0,0,0.056
0,0,0.012
0,0,0.0
1,1,1.0
0,0,0.002
0,0,0.08
0,0,0.0
0,0,0.002
0,0,0.1314548152356549
0,0,0.05
0,0,0.0
0,0,0.008
0,0,0.012
0,0,0.016
0,0,0.05
1,0,0.154
0,0,0.0
0,0,0.08580870926957056
0,0,0.014
0,0,0.076
1,0,0.372
0,0,0.078
0,0,0.026
0,0,0.006
0,0,0.0
0,0,0.06
0,0,0.14
0,0,0.072
0,0,0.024
0,0,0.018
0,0,0.134
0,0,0.0
0,0,0.0
0,0,0.01007485748858948
1,1,0.852
0,0,0.0
0,0,0.018
0,0,0.0
0,0,0.0
0,0,0.058
0,0,0.07
0,1,0.5520480030515661
0,0,0.0
1,1,1.0
0,0,0.012
0,0,0.17
0,0,0.0
0,0,0.0
1,1,1.0
0,0,0.102
0,0,0.0
0,0,0.064
1,1,1.0
0,0,0.002
0,0,0.03
0,0,0.04007485748858948
0,0,0.0
0,0,0.0
0,0,0.0
1,1,1.0
0,0,0.128
0,0,0.004
1,1,1.0
0,0,0.09
0,0,0.0
1,1,1.0
0,0,0.0
0,0,0.026
0,0,0.0
1,1,0.696
0,0,0.0
0,0,0.012
0,0,0.0
0,0,0.0
0,0,0.206
0,0,0.026
0,0,0.002
0,0,0.07
0,0,0.028
0,0,0.01
0,0,0.078
1,1,1.0
0,0,0.044
0,0,0.0
0,0,0.046
0,0,0.032
0,0,0.0
0,0,0.0
0,0,0.086
0,0,0.0
0,0,0.0
0,0,0.0
0,0,0.0
0,0,0.0
0,0,0.0
0,0,0.202
0,0,0.112
0,0,0.036
0,0,0.13
0,0,0.03
0,0,0.086
0,0,0.008
0,0,0.046
1,1,1.0
1,1,1.0
1,1,1.0
1,0,0.296
0,0,0.006
0,0,0.044
0,0,0.056
1,1,0.79
0,0,0.006
0,0,0.122
0,0,0.002
0,0,0.15
0,0,0.082
0,0,0.0
0,0,0.0
0,0,0.0
0,0,0.0
0,0,0.0
1,1,1.0
0,0,0.002
0,0,0.022
0,0,0.168
0,0,0.008
0,0,0.016
0,0,0.01
0,0,0.008
0,0,0.084
0,0,0.0
0,0,0.0
0,0,0.008
0,0,0.016
0,0,0.006
1,0,0.31
0,0,0.056
0,0,0.006
0,0,0.0
0,0,0.0
0,0,0.036
0,0,0.004
1,1,0.548
0,0,0.0
0,0,0.0
0,0,0.064
0,0,0.024
0,0,0.004
0,0,0.198
0,0,0.0
0,0,0.038
0,0,0.01
0,0,0.002
0,0,0.018
0,0,0.024
0,0,0.006
0,0,0.0
0,0,0.03
1,1,1.0
0,0,0.038
0,0,0.062
0,0,0.06
0,0,0.136
0,0,0.134
1,1,0.624
0,0,0.01
0,0,0.0
0,0,0.004
0,0,0.002
0,0,0.008
1,1,1.0
0,0,0.044
0,0,0.0
1,0,0.006
0,0,0.014
0,0,0.014
0,0,0.0
0,0,0.036
0,0,0.004
0,0,0.006
0,0,0.05
0,0,0.004
0,0,0.002
0,0,0.016
0,0,0.0
0,0,0.068
0,0,0.026
0,0,0.304
0,0,0.1
0,0,0.0
0,0,0.014
0,0,0.0
1,1,1.0
0,0,0.022
1,0,0.26
0,0,0.068
0,0,0.21
0,0,0.002
0,0,0.0
0,0,0.0
0,0,0.03
0,0,0.016
0,0,0.006
0,0,0.0
0,0,0.014
0,0,0.19
1,1,1.0
1,0,0.39
0,0,0.018
0,0,0.016
0,0,0.0
0,0,0.056
0,0,0.022
1,1,1.0
0,0,0.048
0,0,0.31274826075121276
1,1,1.0
0,0,0.032
0,0,0.014
0,0,0.052
0,0,0.014
0,0,0.21771743302292787
0,0,0.0
0,0,0.12248389206694109
0,0,0.03
0,0,0.0
0,0,0.03
0,0,0.0
0,0,0.084
1,1,0.998
0,0,0.0
0,0,0.006
0,0,0.082
0,0,0.0
0,0,0.004
1,1,1.0
0,0,0.076
0,0,0.072
0,0,0.034
0,0,0.0
1,0,0.23493796611531578
0,0,0.0
0,0,0.0
1,0,0.272
0,0,0.024
0,0,0.002
0,0,0.022
1,1,1.0
0,0,0.0
0,0,0.293654128255174
1,0,0.14
0,0,0.006
0,0,0.026
0,0,0.01
0,0,0.032
1,1,1.0
0,0,0.0
0,0,0.038
1,1,1.0
0,0,0.014
0,0,0.0
0,0,0.014
0,0,0.0
0,0,0.002
0,0,0.022
0,0,0.112
0,0,0.012
0,0,0.0
0,0,0.016
0,0,0.0
0,0,0.02
0,0,0.0
0,0,0.05
0,0,0.006
0,0,0.006
0,0,0.104
0,0,0.108
0,0,0.0
0,0,0.016
0,0,0.004
0,0,0.002
0,0,0.012
0,0,0.036
0,0,0.0
1,1,1.0
0,0,0.0
0,0,0.06
0,0,0.006
0,0,0.004
0,0,0.01
0,0,0.0
0,0,0.088
0,0,0.056
1,1,0.752
1,1,1.0
0,0,0.0
0,0,0.088
1,1,1.0
0,0,0.078
1,0,0.35
0,0,0.06812099386249983
0,0,0.00029144030528192237
0,0,0.122
0,0,0.002
0,0,0.04
0,0,0.014
0,0,0.0
0,0,0.022
0,0,0.012
0,0,0.006
0,0,0.002
0,0,0.0
0,0,0.0
0,0,0.008
0,0,0.012
0,0,0.0
0,0,0.0
1,1,1.0
0,0,0.0
0,0,0.054
0,0,0.0
0,0,0.058
0,0,0.056
0,0,0.116
0,0,0.0
0,0,0.014
0,0,0.014
0,0,0.016
1,1,1.0
1,1,1.0
0,0,0.03
1,1,0.778
0,0,0.126
0,0,0.106
0,0,0.0
0,0,0.028
0,0,0.018
0,0,0.0
1,1,1.0
1,1,1.0
0,0,0.018
0,0,0.014
0,0,0.002
1,1,1.0
0,0,0.026
1,0,0.274
0,0,0.018
0,0,0.026
1,1,1.0
0,0,0.0
0,0,0.024
0,0,0.0
0,0,0.0
0,0,0.0
0,0,0.066
1,1,1.0
0,0,0.0
1,1,1.0
0,0,0.0
1,0,0.208
0,0,0.004
0,0,0.01
0,0,0.046
1,1,1.0
0,0,0.04
1,1,1.0
0,0,0.0
1,0,0.3171359031616761
0,0,0.048
0,0,0.12322687498298361
0,0,0.054
0,0,0.0
0,0,0.004
0,0,0.032
0,0,0.022
0,0,0.008
0,0,0.004
0,0,0.046
0,0,0.002
0,0,0.05675342017322156
0,0,0.02184779508778573
0,0,0.074
1,1,1.0
1,1,1.0
0,0,0.016
0,0,0.008
0,0,0.0
0,0,0.0
0,0,0.014
0,0,0.01
1,1,1.0
0,0,0.006
1,1,1.0
0,0,0.022
0,0,0.47023677712109724
0,0,0.118
1,1,1.0
0,1,0.6581272841863663
0,0,0.024
1,1,1.0
0,0,0.0
0,0,0.0
0,0,0.0
0,0,0.014
0,0,0.004
0,0,0.0
0,0,0.0
1,1,1.0
1,1,1.0
0,0,0.00029144030528192237
0,0,0.142
0,0,0.0
0,0,0.0
0,0,0.13
0,0,0.008
0,0,0.006
0,0,0.154
0,0,0.004
0,0,0.0
0,0,0.014
1,1,1.0
1,1,1.0
1,1,1.0
0,0,0.0
0,0,0.018
0,0,0.2111288813982756
0,0,0.0
0,0,0.008
0,0,0.02
0,0,0.0
0,0,0.0
0,0,0.0
1,1,1.0
0,0,0.134
0,0,0.002
0,0,0.062
0,0,0.0
0,0,0.008
0,0,0.044
0,0,0.016
0,0,0.0
0,0,0.0
0,0,0.0
0,0,0.018
1,1,1.0
1,1,1.0
1,1,0.834
0,0,0.01
1,1,1.0
0,0,0.0
0,0,0.038
0,0,0.01
0,0,0.074
0,0,0.01
0,0,0.198
0,0,0.0
0,0,0.06
0,0,0.018
0,0,0.006
0,0,0.0
0,0,0.0
0,0,0.008
0,0,0.01
0,0,0.22806880676668104
0,0,0.0
0,0,0.004
0,0,0.044
0,0,0.058
0,0,0.018
0,0,0.108
0,0,0.024
1,1,1.0
0,0,0.094
1,1,1.0
0,0,0.0
0,0,0.032
0,0,0.0
0,0,0.018
0,0,0.076
1,1,1.0
1,1,1.0
0,0,0.17
0,0,0.0
0,0,0.208
0,0,0.004
0,0,0.056
0,0,0.0
0,0,0.0
0,0,0.0
0,0,0.0
1,0,0.058
0,0,0.048
0,0,0.036
0,0,0.09
0,0,0.038
0,0,0.008
0,0,0.0
0,0,0.014
0,0,0.036
0,0,0.0
0,0,0.0
0,0,0.012
0,0,0.032
0,0,0.152
1,1,1.0
0,0,0.038
1,1,1.0
0,0,0.0
0,0,0.016
0,0,0.014
0,0,0.0
0,0,0.054
0,0,0.0
0,0,0.008
0,0,0.016
0,0,0.0
0,0,0.022
0,0,0.14
0,0,0.004
0,0,0.01
0,0,0.034
0,0,0.0
0,0,0.016
0,0,0.0
0,0,0.0
0,0,0.0
1,1,1.0
0,0,0.0
1,1,1.0
0,0,0.014
0,0,0.0
0,0,0.138
0,0,0.0
0,0,0.094
0,0,0.0
0,0,0.004
0,0,0.0
1,1,1.0
0,0,0.034
0,0,0.0
0,0,0.0
1,1,1.0
0,0,0.012
1,1,1.0
0,0,0.004
1,1,1.0
0,0,0.036
0,0,0.0
0,0,0.108
0,0,0.07
0,0,0.0
0,0,0.014
0,0,0.002
1,1,0.75
0,0,0.018
0,0,0.04
0,0,0.0
0,0,0.0
0,0,0.0
1,1,1.0
0,0,0.02
0,0,0.084
0,0,0.0
0,0,0.052
0,0,0.004
0,0,0.004
0,0,0.14
0,0,0.096
1,1,1.0
0,0,0.002
0,0,0.02
1,1,1.0
0,0,0.046
0,0,0.062
0,0,0.34679252836361
1,1,0.998
0,0,0.0
0,0,0.0
1,0,0.122
0,0,0.006
0,0,0.0
0,0,0.03
0,0,0.03
0,0,0.0
0,0,0.0
0,0,0.012
0,0,0.0
0,0,0.004
0,0,0.046
0,0,0.0
0,0,0.006
0,0,0.01
0,0,0.0
0,0,0.02
0,0,0.094
0,0,0.098
0,0,0.018
0,0,0.004
0,0,0.052
0,0,0.0
0,0,0.002
0,0,0.0
0,0,0.02
0,0,0.0
0,0,0.012
0,0,0.0
0,0,0.052
0,0,0.044
0,0,0.08
0,0,0.072
0,0,0.0
1,1,1.0
0,0,0.0
0,0,0.0
0,0,0.004
0,0,0.07
0,0,0.022
0,0,0.012
0,0,0.0
0,0,0.38483470572984957
0,0,0.136
1,1,1.0
0,0,0.148
1,1,1.0
1,1,1.0
0,0,0.076
0,0,0.05
0,0,0.0
0,0,0.386
0,0,0.054
1,1,1.0
0,0,0.056
0,0,0.012
0,0,0.088
0,0,0.0
1,1,1.0
0,0,0.0
0,0,0.0
0,0,0.044
0,0,0.006
1,1,1.0
0,0,0.08
0,0,0.036
0,0,0.008
0,0,0.022
0,0,0.008
0,0,0.016
1,1,1.0
1,0,0.11819752030938323
1,1,1.0
0,0,0.0
0,0,0.0
0,0,0.144
0,0,0.028
0,0,0.0
0,0,0.12
1,1,1.0
0,0,0.0
0,0,0.008
0,0,0.066
0,0,0.0
0,0,0.016
0,0,0.024
1,1,1.0
0,0,0.122
0,0,0.05
0,0,0.004
0,0,0.012
0,0,0.026
0,0,0.0
0,0,0.06
0,0,0.062
0,1,0.5959769106969043
0,0,0.01
1,1,1.0
1,1,1.0
0,0,0.004
0,0,0.0
0,0,0.046
0,0,0.0
0,0,0.104
0,0,0.15
0,0,0.0
0,0,0.01
0,0,0.2693064226146754
0,0,0.0
0,0,0.0
0,0,0.048
0,0,0.06429144030528193
0,0,0.0
1,1,0.6850154632342742
0,0,0.0
0,0,0.024
0,0,0.03
0,0,0.014
0,0,0.158
0,0,0.016
0,0,0.014
0,0,0.0
0,0,0.01
0,0,0.04
0,0,0.05
1,1,1.0
0,0,0.0
1,1,1.0
0,0,0.0
0,0,0.002
1,1,1.0
1,0,0.144
0,0,0.0
1,1,1.0
0,0,0.012
0,0,0.018
1,1,0.9892877776879432
1,1,1.0
0,0,0.012
0,0,0.018
0,0,0.014
0,0,0.226
0,0,0.12
0,0,0.098
0,0,0.032
1,0,0.146
0,0,0.074
0,0,0.002
0,0,0.044
0,0,0.016
0,0,0.016
0,0,0.004
0,0,0.056
0,0,0.0
0,0,0.0
0,0,0.0
0,0,0.1360748574885895
0,0,0.0
0,0,0.006
0,0,0.0
0,0,0.02
0,0,0.062
0,0,0.196
0,0,0.004
0,0,0.0
0,0,0.034
0,0,0.008
0,0,0.032
0,0,0.036
0,0,0.46661185796712545
0,0,0.012
0,0,0.024
0,0,0.0
0,0,0.096
0,0,0.014
0,0,0.028
0,0,0.0
0,0,0.14
0,0,0.026
0,0,0.0
0,0,0.022
0,0,0.024
0,0,0.0
0,0,0.0
0,0,0.01
0,0,0.01
0,0,0.008
0,0,0.0
1,1,0.984
0,0,0.004
0,0,0.008
0,0,0.006
0,0,0.002
0,0,0.144
1,1,1.0
0,0,0.0
0,0,0.012
0,0,0.0
0,0,0.042
0,0,0.0
0,0,0.00029144030528192237
0,0,0.0
0,0,0.008
0,0,0.056
0,0,0.024
0,0,0.002
0,0,0.054
0,0,0.028
1,0,0.364
0,0,0.002
0,0,0.016
0,0,0.166
0,0,0.076
0,0,0.08
1,1,1.0
0,0,0.0
0,0,0.018
0,0,0.026
0,0,0.034
0,0,0.028
0,0,0.0
0,0,0.2693064226146754
0,0,0.008
0,0,0.046
0,0,0.056
0,0,0.004
0,0,0.018
0,0,0.024
0,0,0.0
0,0,0.0
0,0,0.042
0,0,0.048
0,0,0.02
0,0,0.0
0,0,0.128
0,0,0.008
0,0,0.48229296815332356
0,0,0.024
0,0,0.022
1,1,1.0
0,0,0.032
1,1,1.0
0,0,0.0
0,0,0.022
0,0,0.378
0,0,0.0
0,0,0.0
0,0,0.0
0,0,0.002
0,0,0.0
0,0,0.0
0,0,0.002
0,0,0.0
0,0,0.042
0,0,0.048
0,0,0.1535908018179121
1,1,1.0
0,0,0.04
0,0,0.268
0,0,0.146
0,0,0.004
0,0,0.032
0,0,0.02
1,1,1.0
0,0,0.0
0,0,0.008
0,0,0.0
0,0,0.0
0,0,0.002
1,1,1.0
0,0,0.058
0,0,0.0
0,0,0.036
0,0,0.062374346832232405
0,0,0.06
0,0,0.014
1,1,1.0
0,0,0.01
1,1,1.0
0,0,0.006
0,0,0.01
1,1,0.57
0,0,0.024
0,0,0.03
0,0,0.06
0,0,0.078
0,0,0.014
0,0,0.016
0,0,0.022
0,0,0.0
0,0,0.0
0,0,0.05
1,1,1.0
0,0,0.02
0,0,0.158
0,0,0.004
0,0,0.024
0,0,0.116
1,1,0.8707868011680929
0,0,0.0
0,0,0.016
0,0,0.0
0,0,0.014
0,0,0.0
0,0,0.134
0,0,0.11
1,1,1.0
1,1,1.0
1,0,0.188
0,0,0.042
0,0,0.142
0,0,0.004
0,0,0.0
0,0,0.004
0,0,0.002
0,0,0.028
0,0,0.026
0,0,0.002
0,0,0.0
0,0,0.022
0,0,0.0
0,0,0.018
0,0,0.054
0,0,0.0
0,0,0.022
1,1,1.0
0,0,0.088
0,0,0.036
0,0,0.0
0,0,0.124
1,1,1.0
0,0,0.006
0,0,0.112
0,0,0.0
1,0,0.3937076088553692
0,0,0.04
0,0,0.0
0,0,0.0
0,0,0.186
0,0,0.026
0,0,0.0
0,0,0.026
1,1,1.0
0,0,0.04
1,1,1.0
0,0,0.176
0,0,0.058
0,0,0.016
0,0,0.016
0,0,0.038
1,1,1.0
0,0,0.008
0,0,0.35
0,0,0.0
0,0,0.078
0,0,0.0
0,0,0.036
0,0,0.0
0,0,0.0
0,0,0.032
0,0,0.038
0,0,0.014
0,0,0.022
1,1,1.0
0,0,0.0
0,0,0.05
0,0,0.0
0,0,0.0
0,0,0.0
0,0,0.0
0,0,0.098
0,0,0.0
1,0,0.172
0,0,0.002
0,0,0.04
0,0,0.07
0,0,0.264
0,0,0.01
0,0,0.036
1,1,1.0
0,0,0.006
0,0,0.006
0,0,0.008
0,0,0.002
0,0,7.485748858948021e-05
0,0,0.01
0,0,0.194
0,0,0.032
0,0,0.03
0,0,0.108
0,0,0.0
0,0,0.3659477836092714
0,0,0.016
0,0,0.306
0,0,0.002
0,0,0.0
0,0,0.0
0,0,0.036
0,0,0.042
1,1,1.0
0,0,0.04
0,0,0.0
0,0,0.026
1,0,0.308
0,0,0.02
1,1,1.0
0,0,0.0
1,1,1.0
0,0,0.0
0,0,0.006
0,0,0.0
0,0,0.086
0,0,0.0
0,0,0.11
0,0,0.046
0,0,0.0
0,0,0.0
1,1,1.0
0,0,0.016
0,0,0.01
0,0,0.048
0,0,0.048
0,0,0.042
1,0,0.134
1,1,1.0
0,0,0.018
0,0,0.3138483699813746
0,0,0.086
0,0,0.0
0,0,0.0
0,0,0.0
0,0,0.068
1,1,0.906
1,1,0.846
0,0,0.008
0,0,0.0
0,0,0.05
0,0,0.01
1,1,0.916
0,0,0.0
0,0,0.016
0,0,0.012
0,0,0.0
0,0,0.0
0,0,0.02
0,0,0.034
0,0,0.0
1,0,0.124
0,0,0.0
0,0,0.0
0,0,0.0
0,0,0.1
0,0,0.018
0,0,0.006
1,0,0.186
0,0,0.0
0,0,0.0
0,0,0.0
0,0,0.002
0,0,0.162
0,0,0.293654128255174
0,0,0.004
1,0,0.22
0,0,0.0
1,1,1.0
0,0,0.0
0,0,0.048
0,0,0.022
0,0,0.026
0,0,0.0
0,0,0.114
0,0,0.012
0,0,0.0
0,0,0.008
0,0,0.0
0,0,0.012
0,0,0.05
0,0,0.052
1,1,1.0
0,0,0.014
0,0,0.026
1,0,0.328
0,0,0.008
0,0,0.028
1,1,1.0
0,0,0.01
0,0,0.25943228665741896
1,1,0.926
0,0,0.004
1,1,0.916
0,0,0.024
0,0,0.0
0,0,0.08
1,1,0.754
0,0,0.038
0,0,0.0
0,0,0.042
0,0,0.062374346832232405
0,0,0.078
1,1,0.784
0,0,0.02
0,0,0.02
0,0,0.024
0,0,0.062
1,1,1.0
0,0,0.1
0,0,0.12167280320287567
0,0,0.008
0,0,0.0
0,0,0.06
0,0,0.002
0,0,0.0
0,0,0.0
0,0,0.094
0,0,0.068
0,0,0.3954711790340494
0,0,0.008
0,0,0.064
0,0,0.0
1,1,1.0
0,0,0.01
0,0,0.018
0,0,0.0
0,0,0.02
0,0,0.054
0,0,0.042
0,0,0.014
0,0,0.014
0,0,0.016
0,0,0.0
0,0,0.0
0,0,0.2166766003812395
1,1,0.99
0,0,0.004
0,0,0.066
0,0,0.10353896366394208
0,0,0.112
0,0,0.024
0,0,0.002
0,0,0.0
0,0,0.0
0,0,0.026
0,0,0.028
0,0,0.006
1,1,1.0
0,0,0.0
0,0,0.032
0,0,0.03
0,0,0.07
0,0,0.008
0,0,0.01
0,0,0.016
0,0,0.008
1,1,1.0
0,0,0.0
0,0,0.052
0,0,0.004
0,0,0.016
1,1,1.0
0,0,0.0
1,1,0.584
0,0,0.0
0,0,0.056
0,0,0.086
0,0,0.0
0,0,0.002
0,0,0.0
0,0,0.116
0,0,0.014
0,0,0.018
1,1,1.0
0,0,0.016
1,0,0.232
1,1,1.0
0,0,0.002
0,0,0.058
0,0,0.012
0,0,0.0
0,0,0.022
1,1,0.776031701832472
0,0,0.028
0,0,0.0
0,0,0.122
0,0,0.0
0,0,0.014
0,0,0.076
0,0,0.032
0,0,0.0
1,1,1.0
0,0,0.06
0,0,0.00029144030528192237
0,0,0.0
0,0,0.0
0,0,0.02
0,0,0.0
0,0,0.02
0,0,0.178
0,0,0.0
0,0,0.028
0,0,0.034
0,0,0.0
0,0,0.006
0,1,0.5520480030515661
0,0,0.008
0,0,0.0
0,0,0.0
0,0,0.006
0,0,0.026
1,1,1.0
0,0,0.104
0,0,0.0
0,0,0.054
0,0,0.0
0,0,0.012
0,0,0.0
0,0,0.018
0,0,0.012
0,0,0.0
0,0,0.02
0,0,0.016
0,0,0.126
0,0,0.0
0,0,0.072
0,0,0.0
0,0,0.0
0,0,0.01
0,0,0.02
0,0,0.062
0,0,0.0
1,1,0.798
0,0,0.094
0,0,0.048
1,1,0.874
0,0,0.01
0,0,0.024
0,0,0.0
1,0,0.202
0,0,0.02
0,0,0.0
0,0,0.0
0,0,0.0
0,0,0.018
0,0,0.0
0,0,0.046
0,0,0.05
0,0,0.08
0,0,0.038
1,1,1.0
1,1,1.0
0,0,0.022
0,0,0.004
0,0,0.026
0,0,0.074
0,0,0.028
0,0,0.0
1,1,1.0
0,0,0.06
0,0,0.03
0,0,0.00029144030528192237
0,0,0.0
0,0,0.0
0,0,0.016
0,0,0.012
0,0,0.0
1,1,0.918
0,0,0.016
0,0,0.012
0,0,0.062
1,1,1.0
0,0,0.046
0,0,0.054
0,0,0.016
0,0,0.02
0,0,0.018
0,0,0.034
0,0,0.036
0,0,0.004
0,0,0.0
0,0,0.0
0,0,0.0
0,0,0.214
0,0,0.014
0,0,0.0
0,0,0.002
0,0,0.192
1,1,1.0
0,0,0.026
0,0,0.118
0,0,0.008
0,0,0.0
0,0,0.008
0,0,0.012
0,0,0.084
0,0,0.008
0,0,0.012
0,0,0.004
0,0,0.0
0,0,0.024
0,0,0.0
0,0,0.3937076088553692
0,0,0.0
0,0,0.0
0,0,0.022
0,0,0.028
0,0,0.088
0,0,0.0
0,0,0.068
0,0,0.0
0,0,0.0
0,0,0.072
0,0,0.04
0,0,0.022
0,0,0.04
1,1,1.0
0,0,0.176
0,0,0.026
0,0,0.012
0,0,0.014
0,0,0.09
0,0,0.0
0,0,0.0
0,0,0.29760899314813893
0,0,0.0
0,0,0.0
0,0,0.078
0,0,0.0
0,0,0.002
0,0,0.056
0,0,0.012
0,0,0.004
0,0,0.0
0,0,0.036
0,0,0.09
0,0,0.022
0,0,0.01
0,0,0.012
0,0,0.024
0,0,0.018
0,0,0.0
0,0,0.008
0,0,0.0
0,0,0.002
1,1,1.0
1,1,1.0
0,0,0.012
0,0,0.062
0,0,0.008
0,0,0.014
0,0,0.0
0,0,0.01
1,1,1.0
0,0,0.0
0,0,0.026
1,1,1.0
0,0,0.0
0,0,0.0
0,0,0.054
0,0,0.034
0,0,0.008
0,0,0.004
0,0,0.12
0,0,0.012
0,0,0.002
1,1,0.698
0,0,0.116
1,1,0.876
1,1,1.0
0,0,0.054
1,0,0.212
0,0,0.018
0,0,0.0
0,0,0.026
0,0,0.04607485748858948
0,0,0.066
0,0,0.0
0,0,0.004
0,0,0.076
0,0,0.0
1,1,1.0
0,0,0.082
1,1,1.0
0,0,0.0
0,0,0.0
0,0,0.0
0,0,0.0
1,1,1.0
0,0,0.054
0,0,0.026
0,0,0.034
0,0,0.004
1,0,0.412
0,0,0.016
0,0,0.03
0,0,0.012
0,0,0.016
0,0,0.0
0,0,0.062
1,0,0.11
1,0,0.074
1,0,0.13
0,0,0.028
0,0,0.0
0,0,0.006
0,0,0.03
0,0,0.0
0,0,0.02
1,1,0.974
0,0,0.008
0,0,0.0
0,0,0.0
0,0,0.018
1,1,1.0
1,1,1.0
0,0,0.076
0,0,0.032
0,0,0.06
0,0,0.0
0,0,0.036
0,0,0.0
0,0,0.0
1,1,1.0
0,0,0.058
0,0,0.05
0,0,0.0
0,0,0.054
0,0,0.0
0,0,0.0
0,0,0.014
0,0,0.0
0,0,0.016
0,0,0.0
0,0,0.04
0,0,0.0
0,0,0.004
0,0,0.008
0,0,0.1
0,0,0.0
0,0,0.08
1,1,1.0
0,0,0.0
0,0,0.102
0,0,0.0
0,0,0.02
0,0,0.03
0,0,0.006
0,0,0.034
0,0,0.006
0,0,0.02
0,0,0.036
0,0,0.0
0,0,0.076
0,0,0.074
1,1,1.0
0,0,0.038
0,0,0.0
0,0,0.0
0,0,0.072
0,0,0.022
1,1,0.872
0,0,0.02
0,0,0.008
1,1,1.0
0,0,0.014
1,1,1.0
0,0,0.024
0,0,0.008
0,0,0.016
0,0,0.238
1,0,0.118
0,0,0.078
0,0,0.03
0,0,0.06
0,0,0.016
0,0,0.004
0,0,0.0
0,0,0.12
0,0,0.024
0,0,0.0
0,0,0.14
0,0,0.002
0,0,0.032
0,0,0.0
0,0,0.058
0,0,0.0
0,0,0.034
0,0,0.0
1,1,0.71
0,0,0.074
0,0,0.014
0,0,0.006
0,0,0.0
0,0,0.0
1,0,0.072
1,1,1.0
0,0,0.01
0,0,0.0
0,0,0.0
0,0,0.108
0,0,0.0
0,0,0.038
0,0,0.008
0,0,0.054
0,0,0.202
0,0,0.092
1,1,0.93
0,0,0.012
0,0,0.04
0,0,0.05
0,0,0.0
0,0,0.0
0,0,0.002
1,1,1.0
1,1,1.0
0,0,0.0
0,0,0.044
0,0,0.002
0,0,0.0
0,0,0.0
0,0,0.0
0,0,0.018
0,0,0.034
0,0,0.056
0,0,0.02
0,0,0.032
0,0,0.048
0,0,0.08
1,1,1.0
0,0,0.0
0,0,0.01
0,0,0.22806880676668104
0,0,0.002
0,0,0.006
0,0,0.0
0,0,0.202
0,0,0.158
0,0,0.0
0,0,0.0
0,0,0.016
0,0,0.12665139560907002
0,0,0.03
0,0,0.14
0,0,0.014
0,0,0.012
0,0,0.0
0,0,0.004
1,0,0.496
0,0,0.042
0,0,0.024
0,0,0.016
1,1,1.0
0,0,0.0
1,1,1.0
0,0,0.032
1,0,0.174
0,0,0.072
0,0,0.024
0,0,0.0
0,0,0.0
0,0,0.0
0,0,0.0
1,1,0.774
0,0,0.02
0,0,0.0
0,0,0.0
0,0,0.014
0,0,0.0
0,0,0.016
0,0,0.022
1,0,0.118
0,0,0.022
0,0,0.0
0,0,0.024
0,0,0.02
0,0,0.034
1,1,0.892
0,0,0.058
0,0,0.024
0,0,0.0
1,1,1.0
0,0,0.0
0,0,0.142
0,0,0.20829144030528193
0,0,0.024
0,0,0.0
0,0,0.044
0,0,0.002
0,0,0.006
0,0,0.0
0,0,0.028
0,0,0.032
0,0,0.0
0,0,0.0
0,0,0.0
0,0,0.036
0,0,0.112
0,0,0.3171359031616761
1,1,1.0
0,0,0.0
0,0,0.018
1,1,1.0
0,0,0.022
0,0,0.002
0,0,0.016
0,0,0.04
0,0,0.0
1,1,1.0
0,0,0.054
0,0,0.0
0,0,0.204
0,0,0.002
0,0,0.026
1,1,1.0
0,0,0.136
1,1,1.0
0,0,0.014
1,1,1.0
0,0,0.006
0,0,0.0
0,0,0.036
0,0,0.078
1,1,1.0
0,0,0.004
0,0,0.0
0,0,0.292
0,0,0.048
0,0,0.114
0,0,0.064
0,0,0.01
1,1,1.0
1,1,1.0
0,0,0.03
0,0,0.052
1,0,0.476
0,0,0.0
1,1,1.0
0,0,0.0
0,0,0.086
0,0,0.016
0,0,0.03
0,0,0.0
0,1,0.7439476033029779
1,1,1.0
0,0,0.04
0,0,0.0
1,1,1.0
0,0,0.0
0,0,0.0
0,0,0.078
0,0,0.14870972684143344
0,0,0.014
0,0,0.08
0,0,0.0
0,0,0.0
0,0,0.028
0,0,0.0
0,0,0.0
0,0,0.0
0,0,0.0
0,0,0.01
0,0,0.1
0,0,0.152
0,0,0.0
1,1,1.0
0,0,0.1621803482380266
0,0,0.088
1,1,1.0
0,0,0.092
0,0,0.018
0,0,0.014
1,0,0.36
0,0,0.0
0,0,0.028
1,0,0.296
0,0,0.012
0,0,0.014
0,0,0.0
1,1,1.0
0,0,0.096
0,0,0.0
0,0,0.22806880676668104
1,1,1.0
0,0,0.008
0,0,0.0
0,0,0.0
0,0,0.022
0,0,0.022
0,0,0.0
0,0,0.0
1,1,0.97
0,0,0.01
1,1,0.8688890681901938
1,0,0.04
0,0,0.0
1,0,0.082
0,0,0.048
0,0,0.0
0,0,0.0
0,0,0.078
0,0,0.0
0,0,0.0
0,0,0.002
0,0,0.0
1,1,1.0
0,0,0.0
0,0,0.042
0,0,0.106
0,0,0.002
0,0,0.0
0,0,0.08
0,0,0.0
1,1,1.0
0,0,0.124
0,0,0.03
0,0,0.0
0,0,0.036
0,0,0.0
0,0,0.0
0,0,0.134
0,0,0.0
0,0,0.022
0,0,0.006
0,0,0.002
0,0,0.0
1,1,1.0
1,1,1.0
0,0,0.046
0,0,0.196
1,1,1.0
0,0,0.0
0,0,0.01
1,1,1.0
0,0,0.0
0,0,0.024
0,0,0.0
0,0,0.144
0,0,0.06670188126961045
0,0,0.0
0,0,0.19
0,0,0.0
0,0,0.0
0,0,0.0
0,0,0.002
0,0,0.0
0,0,0.0
0,0,0.006
0,0,0.036
0,0,0.0
0,0,0.45790035883349134
0,0,0.004
0,0,0.014
0,0,0.0
0,0,0.002
0,0,0.08
1,1,1.0
1,1,1.0
0,0,0.0
1,1,1.0
0,0,0.008
0,0,0.018
0,0,0.008
0,0,0.01
0,0,0.03
0,0,0.004
0,0,0.014
0,0,0.046
0,0,0.0
0,0,0.028
0,0,0.058
1,1,1.0
0,0,0.31274826075121276
0,0,0.046
0,0,0.004
0,0,0.0
0,0,0.092
0,0,0.0
1,1,1.0
0,0,0.014
0,0,0.0
0,0,0.01
0,0,0.026
0,0,0.022
0,0,0.018
0,0,0.07
1,1,1.0
0,0,0.056
0,0,0.036
1,1,1.0
0,0,0.016
0,0,0.022
1,0,0.064
0,0,0.0
0,0,0.0
1,1,1.0
0,0,0.018
0,0,0.084
0,0,0.086
1,1,1.0
0,0,0.03
0,0,0.03
0,0,0.0
0,0,0.016
0,0,0.0
0,0,0.028
0,0,0.066
0,0,0.042
1,1,1.0
1,1,1.0
0,0,0.02
0,0,0.036
0,0,0.01
0,0,0.0
0,0,0.018
0,0,0.0
0,0,0.1
0,0,0.11
1,1,1.0
0,0,0.006
0,0,0.054
0,0,0.014
0,0,0.014
0,0,0.0
0,0,0.008
0,0,0.032
0,0,0.07
1,1,1.0
0,0,0.016
1,1,1.0
0,0,0.2064833976833444
0,0,0.01
0,0,0.0
0,0,0.0
1,1,1.0
0,0,0.014
1,0,0.35
0,0,0.072
0,0,0.002
0,0,0.096
0,0,0.002
0,0,0.004
0,0,0.11
0,0,0.012
0,0,0.06
0,0,0.05
1,1,1.0
1,1,1.0
0,0,0.008
0,0,0.038
0,0,0.052
0,0,0.0
0,0,0.0
0,0,0.07
0,0,0.056
0,0,0.022
0,0,0.010574436825791057
0,0,0.032
0,0,0.01
0,0,0.0
0,0,0.0
0,0,0.072
1,1,1.0
0,0,0.022
1,0,0.1
0,0,0.002
0,0,0.012
0,0,0.03
0,0,0.06
0,0,0.0
0,0,0.04
0,0,0.018
0,0,0.0
0,0,0.0
1,0,0.3578477950877857
1,1,1.0
0,0,0.074
0,0,0.0
0,0,0.004
0,0,0.052
0,0,0.0
1,1,1.0
0,0,0.102
0,0,0.006
0,0,0.008
0,0,0.0
1,0,0.076
0,0,0.1314548152356549
1,1,0.6850154632342742
0,0,0.006
1,1,1.0
0,0,0.0
0,0,0.026
1,1,1.0
1,1,1.0
0,0,0.0
0,0,0.014
0,0,0.04
1,1,1.0
0,0,0.016
0,0,0.0
1,1,1.0
0,0,0.01
0,0,0.0
0,0,0.228
0,0,0.006
0,0,0.0
0,0,0.02466052422945101
0,1,0.5442310630582977
1,0,0.202
0,0,0.004
0,0,0.036
1,1,1.0
0,0,0.0
0,0,0.0
0,0,0.0
0,0,0.038
0,0,0.002
0,0,0.028
1,1,1.0
0,0,0.028
0,0,0.008
0,0,0.02
0,0,0.008
1,0,0.084
0,0,0.008
0,0,0.134
0,0,0.0
0,0,0.016
0,0,0.05
0,0,0.014
0,0,0.034
0,0,0.038
0,0,0.006
0,0,0.019658499429991583
0,0,0.016
0,0,0.106
0,0,0.034
0,0,0.0
0,0,0.0
1,1,1.0
0,0,0.056
0,0,0.0
0,0,0.01
0,0,0.06
0,0,0.094
0,0,0.042
0,0,0.0
0,0,0.0
0,0,0.004
1,0,0.188
0,0,0.078
1,1,1.0
0,0,0.004
0,0,0.004
0,0,0.07305881940783172
0,0,0.046
1,1,1.0
0,0,0.006
0,0,0.0
0,0,0.0
0,0,0.0
0,0,0.0
0,0,0.0
0,0,0.018
0,0,0.022
1,1,0.996
0,0,0.018
0,0,0.026
0,0,0.022
0,0,0.0
0,0,0.0
0,0,0.0
0,0,0.0
0,0,0.038
0,0,0.0
0,0,0.0
0,0,0.0
0,0,0.036
0,0,0.02
0,0,0.0
0,0,0.02
0,0,0.05
0,0,0.004
0,0,0.002
0,0,0.002
0,0,0.004
0,0,0.02
0,0,0.026
0,0,0.0
1,1,1.0
0,0,0.0
1,0,0.198
1,1,1.0
0,0,0.12248389206694109
0,0,0.024
0,0,0.032
0,0,0.004
0,0,0.006
0,0,0.028
0,0,0.0
0,0,0.0
1,1,1.0
0,0,0.0
0,0,0.0
0,0,0.102
0,0,0.032
0,0,0.48229296815332356
0,0,0.0
0,0,0.0
1,1,1.0
0,0,0.0
0,0,0.0
0,0,0.01
0,0,0.026
0,0,0.01
0,0,0.0
0,0,0.0
0,0,0.0
0,0,0.0
0,0,0.074
0,0,0.008
0,0,0.002
1,0,0.166
0,0,0.006
0,0,0.048
0,0,0.0
0,0,0.136
0,0,0.0
1,1,1.0
0,0,0.016
0,0,0.008
0,0,0.014
0,0,0.012
0,0,0.0
0,0,0.0
1,0,0.192
0,0,0.02
0,0,0.046
0,0,0.006
0,0,0.052
0,0,0.0
0,0,0.088
0,0,0.044
0,0,0.014
0,0,0.0
0,0,0.018
0,0,0.004
1,0,0.0
0,0,0.018
1,0,0.17429144030528193
1,1,1.0
0,0,0.06688333595869758
0,0,0.09
1,1,1.0
0,0,0.042
0,0,0.0
0,0,0.008
0,0,0.05
1,1,0.996
0,0,0.018
0,0,0.072
0,0,0.024
0,0,0.0
0,0,0.02
0,0,0.0
1,0,0.486
0,0,0.0
0,0,0.038
0,0,0.07
0,0,0.026
0,0,0.0
1,1,0.6217152195401049
1,1,1.0
0,0,0.01
0,0,0.0
0,0,0.018
1,1,1.0
1,0,0.424
0,0,0.002
1,1,1.0
0,0,0.0
0,0,0.094
0,0,0.0
1,1,0.868
0,0,0.0
0,0,0.0
0,0,0.002
1,1,1.0
0,0,0.2474963226280828
0,0,0.034
1,0,0.312
1,1,1.0
0,0,0.024
0,0,0.032
0,0,0.0
0,0,0.092
0,0,0.016
1,1,1.0
0,0,0.002
0,0,0.01
1,1,1.0
1,1,1.0
1,1,1.0
0,0,0.062
0,0,0.002
0,0,0.024
0,0,0.06
1,1,1.0
0,0,0.0
0,0,0.02607485748858948
0,0,0.0
0,0,0.05152713943248795
0,0,0.158
0,0,0.084
0,0,0.03
0,0,0.004
0,0,0.002
1,1,1.0
0,0,0.002
0,0,0.0
0,0,0.02
0,0,0.046
0,0,0.048
0,0,0.02
0,0,0.2130582891964227
0,0,0.0
0,0,0.0
0,0,0.0
0,0,0.02
0,0,0.0
1,1,1.0
0,0,0.048
0,0,0.048
1,1,1.0
0,0,0.044
0,0,0.10209156997121953
0,0,0.012888611244755079
0,0,0.046
0,1,0.642
0,0,0.034
0,0,0.012
0,0,0.0
0,0,0.002
0,0,0.09
0,0,0.054
0,0,7.485748858948021e-05
0,0,0.034
0,0,0.078
0,0,0.008
1,1,1.0
0,0,0.04
0,0,0.0
0,0,0.0
0,0,0.048
0,0,0.174
0,0,0.008
1,1,1.0
0,0,0.0
0,0,0.028
0,0,0.0
1,1,1.0
0,0,0.004
1,1,1.0
0,0,0.0
0,0,0.008
0,0,0.01
0,0,0.01
0,0,0.038
1,1,1.0
0,0,0.028
0,0,0.132
0,0,0.15
0,0,0.026
0,0,0.026
0,0,0.0
0,0,0.01
0,0,0.128
0,0,0.0
0,0,0.26
0,0,0.0
0,0,0.052
0,0,0.068
0,0,0.034
0,0,0.162
0,0,0.03
0,0,0.004
0,0,0.23493796611531578
0,0,0.004
0,0,0.0
0,0,0.018
0,0,0.072
1,0,0.454
0,0,0.026
0,0,0.0
1,1,1.0
0,0,0.024
0,0,0.066
1,1,1.0
1,0,0.214
1,1,1.0
0,0,0.012
1,0,0.254
1,1,1.0
0,0,0.0
0,0,0.146
0,0,0.042
0,0,0.002
0,0,0.046
0,0,0.0
0,0,0.0
0,0,0.07
0,0,0.006
0,0,0.0
0,0,0.0
1,1,1.0
0,0,0.012
0,0,0.006
0,0,0.082
0,0,0.038
0,0,0.0
0,0,0.002
0,0,0.012
0,0,0.032
1,1,1.0
0,0,0.002
0,0,0.0
0,0,0.092
0,0,0.21
0,0,0.034
0,0,0.02
0,0,0.026
1,1,0.988
1,1,1.0
1,1,1.0
0,0,0.008
0,0,0.07
0,0,0.048
0,0,0.018
0,0,0.0
0,0,0.014
1,1,0.798
0,0,0.07
0,0,0.036
0,0,0.03
0,0,0.024
0,0,0.032
0,0,0.082
0,0,0.0
0,0,0.0
1,0,0.3846545665162291
0,0,0.004
0,0,0.02
0,0,0.034
0,0,0.014
0,0,0.12
1,1,1.0
1,1,1.0
0,0,0.01
0,0,0.0
0,0,0.014
1,0,0.304
0,0,0.0
0,0,0.108
0,0,0.036
0,0,0.002
0,0,0.044
0,0,0.022
0,0,0.028
0,0,0.0
0,0,0.0
1,1,1.0
0,0,0.0
1,0,0.088
0,0,0.036
0,0,0.072
0,0,0.24
1,0,0.22
1,1,1.0
0,0,0.0
0,0,0.0
0,0,0.016
0,0,0.166
0,0,0.008
1,1,1.0
0,0,0.0
0,0,0.082
0,0,0.062
0,0,0.0
0,0,0.0
0,0,0.01
1,1,0.958
0,0,0.008
1,0,0.244
0,0,0.0
0,0,0.052
1,0,0.454
0,0,0.0
0,0,0.0
1,1,1.0
0,0,0.106
0,0,0.044
0,0,0.0
0,0,0.02
0,0,0.0
1,1,1.0
1,1,1.0
0,0,0.0
0,0,0.012
0,0,0.154
0,0,0.03
0,0,0.022
0,0,0.0
1,1,0.81
0,0,0.06
0,0,0.028
0,0,0.01
0,0,0.0
0,0,0.0
0,0,0.056
0,0,0.012
1,1,1.0
0,0,0.06
0,0,0.0
0,0,0.1
0,0,0.012
1,1,1.0
0,0,0.002
0,0,0.0
0,0,0.088
1,1,1.0
0,0,0.008
0,0,0.0
0,0,0.064
0,0,0.0
1,1,1.0
0,0,0.12
0,0,0.0
0,0,0.002
0,0,0.006
0,0,0.0
0,0,0.02
0,0,0.04
1,1,1.0
0,0,0.0
0,0,0.096
0,0,0.0
0,0,0.0
0,0,0.07829144030528193
0,0,0.006
1,1,1.0
0,0,0.026
0,0,0.0
0,0,0.0
1,1,1.0
0,0,0.0
0,0,0.0
0,0,0.002
0,0,0.03
1,1,1.0
0,0,0.12167280320287567
0,0,0.002
0,0,0.006
1,1,1.0
0,0,0.012
0,0,0.032
0,0,0.068
0,0,0.0
0,1,0.6247654384879711
0,0,0.012
0,0,0.002
0,0,0.144
0,0,0.0
1,1,1.0
0,0,0.026
0,0,0.022
0,0,0.036
0,0,0.118
1,1,1.0
0,0,0.122
0,0,0.0
0,0,0.042
0,0,0.002
0,0,0.0
0,0,0.108
0,0,0.122
0,0,0.082
0,0,0.098
0,0,0.038
0,0,0.002
0,0,0.006
0,0,0.016
0,0,0.002
1,1,1.0
0,0,0.028
0,0,0.0
0,0,0.076
0,0,0.092
0,0,0.024
1,1,0.972
0,0,0.068
0,0,0.056
0,0,0.002
0,0,0.012
0,0,0.184
1,0,0.178
0,0,0.0
0,0,0.01
0,0,0.0
0,0,0.174
0,0,0.08
0,0,0.0
0,0,0.082
0,0,0.012
1,1,1.0
1,1,1.0
0,0,0.006
0,0,0.0
0,0,0.0
0,0,0.074
1,0,0.372
0,0,0.008
0,0,0.004
0,0,0.0
0,0,0.046
0,0,0.08
0,0,0.0
1,0,0.48
1,1,0.59
1,1,1.0
0,0,0.0
0,0,0.0
0,0,0.0
0,0,0.104
0,0,0.002
0,0,0.0
1,1,1.0
0,0,0.0
0,0,0.0
0,0,0.048
0,0,0.088
0,0,0.004
0,0,0.208
0,0,0.046
0,0,0.026
0,0,0.006
0,0,0.056
0,0,0.09
0,0,0.02
0,0,0.088
0,0,0.004
0,0,0.0
0,0,0.0
0,0,0.0
0,0,0.0
0,0,0.002
0,0,0.016
0,0,0.01007485748858948
0,0,0.0
0,0,0.07
0,0,0.012
0,0,0.032
0,0,0.022
1,0,0.052
0,0,0.062374346832232405
0,0,0.062
0,0,0.016
0,0,0.01
0,0,0.012
0,0,0.0
0,0,0.02
0,0,0.0
0,0,0.0
1,1,1.0
0,0,0.0
0,0,0.0
0,0,0.0
0,0,0.0
0,0,0.008
0,0,0.008
0,0,0.026
0,0,0.07
0,0,0.02
0,0,0.14
1,0,0.27
0,0,0.0
0,0,0.016
0,0,0.01
0,0,0.0
0,0,0.0
1,1,1.0
0,0,0.008
0,0,0.136
0,0,0.0
0,0,0.0
0,0,0.016
0,0,0.22806880676668104
0,0,0.008
0,0,0.036
0,0,0.006
0,0,0.0
0,0,0.0
0,0,0.026
1,1,1.0
0,0,0.032
0,0,0.004
0,0,0.0
0,0,0.002
0,0,0.254
0,0,0.0
0,0,0.01
0,0,0.058
0,0,0.022
0,0,0.064
0,0,0.002
0,0,0.042
0,0,0.0
0,0,0.0
0,0,0.002
0,0,0.0
0,0,0.022
0,0,0.008
0,0,0.0
0,0,0.01
0,0,0.02
0,0,0.052
0,0,0.06
0,0,0.086
0,0,0.014
0,0,0.014
0,0,0.014
0,0,0.0
0,0,0.02
0,0,0.024
0,0,0.02
0,0,0.032
0,0,0.178
0,0,0.008
0,0,0.008
0,0,0.078
0,0,0.13510426515544507
0,0,0.07
0,0,0.002
0,0,0.004
0,0,0.0
0,0,0.0
0,0,0.0
0,0,0.032
0,0,0.0
0,0,0.016
0,0,0.0
0,0,0.0
1,1,1.0
0,0,0.174
0,0,0.02
0,0,0.018
0,0,0.036
0,0,0.066
0,0,0.024
0,0,0.0
0,0,0.022
0,0,0.0
0,0,0.088
0,0,0.032
0,0,0.02
0,0,0.012291440305281922
0,0,0.014
1,1,1.0
0,0,0.002
0,0,0.004
0,0,0.054
0,0,0.046
0,0,0.018
0,0,0.06
0,0,0.0
0,0,0.004
1,1,1.0
0,0,0.0
1,1,1.0
0,0,0.046
0,0,0.0
0,0,0.016
0,0,0.086
1,1,1.0
1,1,1.0
0,0,0.026
0,0,0.002
0,0,0.0
0,0,0.0
0,0,0.0
0,0,0.01
0,0,0.002
0,0,0.0
0,0,0.014
0,0,0.014
0,0,0.006
0,0,0.092
0,0,0.0
0,0,0.02
0,0,0.012
0,0,0.0
1,0,0.362
0,0,0.02
0,0,0.01
0,0,0.078
0,0,0.0
0,0,0.0
0,0,0.0
0,0,0.0
0,0,0.012
0,0,0.076
0,0,0.01
0,0,0.02
1,1,1.0
0,0,0.0
0,0,0.0
0,0,0.0
0,0,0.016
1,0,0.176
0,0,0.02
0,0,0.018
0,0,0.06
0,0,0.112
0,0,0.02
1,1,1.0
0,0,0.0
0,0,0.002
0,0,0.068
0,0,0.096
1,1,0.5474813369112962
0,0,0.012
0,0,0.084
0,0,0.064
0,0,0.032
0,0,0.06186692820010556
0,0,0.0
0,0,0.002
1,1,1.0
0,0,0.092
0,0,0.0
0,0,0.18
0,0,0.0
0,0,0.0
0,0,0.026
0,0,0.078
0,0,0.036
0,0,0.0
0,0,0.098
1,1,1.0
1,1,1.0
1,1,1.0
0,0,0.04
0,0,0.146
0,0,0.0
0,0,0.046
1,1,1.0
0,0,0.0
1,1,1.0
0,0,0.006
0,0,0.026
0,0,0.006
0,0,0.094
0,0,0.008
0,0,0.018
1,1,0.878
1,1,1.0
0,0,0.0
0,0,0.032
1,1,1.0
0,0,0.0
0,0,0.0
0,0,0.006
0,0,0.21771743302292787
1,1,1.0
0,0,0.0
0,0,0.0
0,0,0.08
0,0,0.0
1,0,0.12167280320287567
1,0,0.436
0,0,0.064
0,0,0.0
0,0,0.012
0,0,0.054
0,0,0.088
0,0,0.008
0,0,0.08
0,0,0.014
0,0,0.0
1,1,1.0
0,0,0.012
0,0,0.0
0,0,0.002
0,0,0.0
0,0,0.008
0,0,0.022
0,0,0.028
0,0,0.004
0,0,0.15629144030528191
0,0,0.014
0,0,0.138
1,0,0.156
0,0,0.1
1,1,1.0
0,0,0.0
0,0,0.1314548152356549
0,0,0.014
0,0,0.054
1,1,1.0
0,0,0.0
0,0,0.012
0,0,0.018
0,0,0.01
0,0,0.018
0,0,0.024
0,0,0.0
0,0,0.038
1,0,0.04
0,0,0.018
0,0,0.136
0,0,0.0
0,0,0.03
0,0,0.0
0,0,0.0
0,0,0.006
1,1,1.0
0,0,0.08
0,0,0.018
0,0,0.0
0,0,0.0
1,1,1.0
0,0,0.016
0,0,0.0
0,0,0.032
1,1,1.0
0,0,0.03
0,0,0.0
0,0,0.06
0,0,0.056
0,0,0.0
0,0,0.046
0,0,0.0
0,0,0.0
0,0,0.036
0,0,0.012
0,0,0.046
0,0,0.004
0,0,0.02
0,0,0.032
0,0,0.0
0,0,0.0
0,0,0.004
0,0,0.008
0,0,0.0
0,0,0.0
0,0,0.096
0,0,0.06
0,0,0.04
0,0,0.06
1,1,0.808
0,0,0.028
0,0,0.01466581719012528
1,1,0.918
0,0,0.0
0,0,0.016
0,0,0.078
0,0,0.094
1,0,0.286
0,0,0.0
0,0,0.0
0,0,0.0
0,0,0.0
0,0,0.0
0,0,0.02
1,1,1.0
0,0,0.068
0,0,0.004
0,0,0.0
0,0,0.072
1,1,1.0
1,1,0.504
0,0,0.288
0,0,0.0
0,0,0.038
0,0,0.0
0,0,0.004
0,0,0.014
0,0,0.098
0,0,0.0
0,0,0.004
0,0,0.05
1,1,1.0
1,0,0.446
0,0,0.004
0,0,0.024
0,0,0.002
0,0,0.024
0,0,0.042
1,1,1.0
0,0,0.0
0,0,0.018
0,0,0.012
0,0,0.006
1,1,1.0
0,0,0.12
0,0,0.006
1,1,1.0
1,1,1.0
0,0,0.0
0,0,0.072
0,0,0.0
1,1,1.0
0,0,0.008
0,0,0.02
0,0,0.004
1,1,1.0
0,0,0.012
0,0,0.008
0,0,0.024
0,0,0.038
0,0,0.0
0,0,0.02
0,0,0.006
0,0,0.028
0,0,0.168
0,0,0.01
0,0,0.0
0,0,0.078
0,0,0.032
0,0,0.006
0,0,0.0
0,0,0.004
1,1,1.0
0,0,0.0
0,0,0.026
0,0,0.0
0,0,0.066
0,0,0.002
0,0,0.028
1,1,0.916
0,0,0.0
0,0,0.07037236243754998
1,1,1.0
0,0,0.014
0,0,0.068
1,0,0.354
0,0,0.03
1,1,1.0
0,0,0.024
0,0,0.0
0,0,0.018
0,0,0.082
0,0,0.128
0,0,0.004
0,0,0.16786919842373293
1,1,0.886
0,0,0.084
0,0,0.146
0,0,0.002
0,0,0.052
0,0,0.0
0,0,0.004
0,0,0.092
0,0,0.028
0,0,0.0
0,0,0.002
0,0,0.004
0,0,0.0
0,0,0.0
1,0,0.056
0,0,0.086
0,0,0.0
0,0,0.0
0,0,0.086
1,0,0.226
0,0,0.102
0,0,0.0
1,1,1.0
0,0,0.058
0,0,0.002
0,0,0.034
1,1,1.0
0,0,0.04
0,0,0.0
0,0,0.016
0,0,0.018
0,0,0.026
0,0,0.24511356780208643
0,0,0.126
0,0,0.03
0,0,0.002
0,0,0.01
0,0,0.0
0,0,0.008
0,0,0.066
0,0,0.0
0,0,0.024
0,0,0.028
0,0,0.018
1,1,1.0
0,1,0.6247654384879711
0,0,0.014
0,0,0.012
0,0,0.062
0,0,0.020233685019051442
0,0,0.0
0,0,0.024
0,0,0.098
1,1,1.0
0,0,0.0
0,0,0.012
0,0,0.022
1,1,1.0
0,0,0.004
0,0,0.098
1,1,1.0
0,0,0.0
0,0,0.0
0,0,0.008
1,1,0.928
0,0,0.2574614723236468
0,0,0.01
1,1,0.912
0,0,0.16
0,0,0.008
1,1,1.0
1,0,0.024
0,0,0.31274826075121276
0,0,0.024
1,1,1.0
0,0,0.008
1,1,1.0
1,1,1.0
0,0,0.154
0,0,0.122
1,0,0.24
0,0,0.0
0,0,0.008
0,0,0.008
0,0,0.004
0,0,0.0
0,0,0.098
0,0,0.0
0,0,0.012
0,0,0.068
0,0,0.088
0,0,0.006
0,0,0.0
0,0,0.012
0,0,0.002
0,0,0.178
0,0,0.016
0,0,0.104
0,0,0.092
0,0,0.0
0,0,0.0
0,0,0.0
0,0,0.03
0,0,0.032
0,0,0.006
1,0,0.236
0,0,0.014
0,0,0.024
0,0,0.02
0,0,0.072
0,0,0.036
1,0,0.338
0,0,0.072
0,0,0.156
0,0,0.054
0,0,0.0
0,0,0.0
0,0,0.0
1,1,1.0
0,0,0.0
0,0,0.004
0,0,0.008
0,0,0.00807485748858948
0,0,0.008
0,0,0.12
0,0,0.198
0,0,0.076
0,0,0.054
0,0,0.0
0,0,0.024
0,0,0.0
0,0,0.018
0,0,0.024
0,0,0.062
0,0,0.054
0,0,0.006
0,0,0.17202157242297633
0,0,0.012
1,1,1.0
0,0,0.0
1,1,1.0
0,0,0.0
0,0,0.002
0,0,0.012
1,1,1.0
0,0,0.0
0,0,0.124
0,0,0.03
0,0,0.014
0,0,0.04
0,0,0.0
0,0,0.028
0,0,0.0
0,0,0.1
1,1,1.0
0,0,0.0
0,0,0.022
0,0,0.0
0,0,0.006
0,0,0.0
0,0,0.012
0,0,0.0
0,0,0.02
0,0,0.014
0,0,0.11
1,1,1.0
0,0,0.006
0,0,0.156
0,0,0.0
0,0,0.022
1,1,1.0
0,0,0.02
0,0,0.19341740777886243
1,1,0.576
0,0,0.014
0,0,0.0
0,0,0.122
0,0,0.044
0,0,0.002
0,0,0.024
0,0,0.0
1,1,0.932
0,0,0.0
0,0,0.012
0,0,0.0
0,0,0.0
0,0,0.022
0,0,0.0
0,0,0.028
0,0,0.048
0,0,0.038
0,0,0.008
0,0,0.022
1,0,0.424
0,0,0.024
0,0,0.054
0,0,0.116
0,0,0.014
0,0,0.0
0,0,0.15936903230046995
1,1,0.946
0,0,0.08
0,0,0.012
0,0,0.0
0,0,0.0016886837756088435
0,0,0.032
0,0,0.062
1,0,0.168
0,0,0.228
1,0,0.11
0,0,0.0
0,0,0.015688683775608843
0,0,0.168
0,0,0.002
0,0,0.0041275952860686405
1,1,0.998
0,0,0.0
0,0,0.038
0,0,0.036
0,0,0.0
0,0,0.0
0,0,0.0
0,0,0.022
0,0,0.09
0,0,0.022
0,0,0.02
0,0,0.048
0,0,0.004
0,0,0.0
1,1,0.978
0,0,0.018
0,0,0.0
1,1,1.0
0,0,0.006
0,0,0.016
0,0,0.064
0,0,0.064
0,0,0.072
1,1,0.644
0,0,0.036
0,0,0.146
1,0,0.184
0,0,0.062
1,1,1.0
0,0,0.02
0,0,0.032
0,0,0.144
0,0,0.028
0,0,0.014
0,0,0.004
0,0,0.0
0,0,0.054
0,0,0.01
1,0,0.112
0,0,0.0
0,0,0.014
0,0,0.0
0,0,0.054
1,1,1.0
0,0,0.022
0,0,0.008
0,0,0.0
0,0,0.094
0,0,0.0
0,0,0.082
0,0,0.0
0,0,0.004
0,0,0.036
0,0,0.0
0,0,0.024
0,0,0.004
0,0,0.066
0,0,0.012
1,0,0.304
1,1,1.0
0,0,0.006
0,0,0.034
0,0,0.0
0,0,0.0
0,0,0.0
1,1,0.838
0,0,0.06
0,0,0.014
0,0,0.0
0,0,0.044
0,0,0.0
1,1,1.0
0,0,0.014
0,0,0.02
0,0,0.0
0,0,0.004
0,0,0.004
0,0,0.026
0,0,0.042
1,1,1.0
0,0,0.0
0,0,0.006
0,0,0.016
0,0,0.02
0,0,0.0
0,0,0.054
0,0,0.016
1,1,1.0
0,0,0.044
0,0,0.0
0,0,0.008
0,0,0.0
0,0,0.018
0,0,0.076
1,1,1.0
0,0,0.0
0,0,0.0
0,0,0.004
0,0,0.0
0,0,0.0
0,0,0.0
0,0,0.052
0,0,0.004
0,0,0.0
1,0,0.038
0,0,0.03
0,0,0.08580870926957056
0,0,0.05
0,0,0.012
0,0,0.062
0,0,0.012
0,0,0.035717927248120604
0,0,0.04
0,0,0.014
0,0,0.006
0,0,7.485748858948021e-05
0,0,0.0
0,0,0.048
0,0,0.01
0,0,0.0
0,0,0.02
0,0,0.108
0,0,0.006
0,0,0.0
0,0,0.056
0,0,0.008
0,0,0.0
0,0,0.0
0,0,0.004
1,1,1.0
0,0,0.0
0,0,0.052
0,0,0.01
1,1,0.674
0,0,0.07
0,0,0.014
0,0,0.01
0,0,0.0
1,0,0.068
1,1,0.998
1,1,1.0
0,0,0.016
0,0,0.002
1,1,0.962
0,0,0.0
0,0,0.112
0,0,0.0
0,0,0.128
0,0,0.018
0,0,0.054
0,0,0.0
0,0,0.008
0,0,0.038
0,0,0.194
0,0,0.0
0,0,0.106
0,0,0.058
0,0,0.0
0,0,0.024
0,0,0.006
0,0,0.13
1,1,1.0
0,0,0.01
0,0,0.014
0,0,0.206
0,0,0.022
1,1,0.612
0,0,0.0
0,0,0.022
0,0,0.042
0,0,0.002
0,0,0.044
0,0,0.082
0,0,0.0
0,0,0.0
0,0,0.084
0,0,0.3659477836092714
1,1,0.97
0,0,0.068
0,0,0.006
0,0,0.024
0,0,0.054
0,0,0.14
0,0,0.016
0,0,0.154
0,0,0.0
0,0,0.0
0,0,0.0
0,0,0.088
0,0,0.0
0,0,0.002
0,0,0.126
0,0,0.016
0,0,0.0
0,0,0.032
0,0,0.044
0,0,0.018
1,1,1.0
0,0,0.052
1,1,1.0
0,0,0.0
0,0,0.01
0,0,0.0
0,0,0.028
0,0,0.006
0,0,0.0
0,0,0.0
0,0,0.044
0,0,0.0
0,0,0.098
0,0,0.02
0,0,0.002
0,0,0.142
0,0,0.086
0,0,0.034
0,0,0.074
0,0,0.104
0,0,0.0
0,0,0.0
0,0,0.21
0,0,0.254
1,1,1.0
0,0,0.0
0,0,0.096
0,0,0.046
0,0,0.036
0,0,0.0
0,0,0.004
0,0,0.07
0,0,0.0
0,0,0.0
0,0,0.0
1,1,1.0
0,0,0.014
0,0,0.026
0,0,0.006
0,0,0.0
0,0,0.046
1,0,0.094
0,0,0.002
0,0,0.0
0,0,0.346
0,0,0.012
0,0,0.048
0,0,0.0
0,0,0.004
0,0,0.056
1,0,0.19
0,0,0.02
1,1,1.0
0,0,0.006
1,1,1.0
0,0,0.012
0,0,0.006
0,0,0.31274826075121276
0,0,0.048
0,0,0.008
0,0,0.04
0,0,0.05
0,0,0.022
0,0,0.01
0,0,0.068
0,0,0.046
1,1,0.996
0,0,0.042
0,0,0.0
0,0,0.022
0,0,0.092
1,1,0.966
0,0,0.022
0,0,0.024
0,0,0.0
1,1,1.0
0,0,0.0
0,0,0.008
1,1,1.0
1,0,0.048
0,0,0.008
0,0,0.008
0,0,0.0
0,0,0.058
1,0,0.036
0,0,0.026
0,0,0.16
0,0,0.0
1,1,0.588
0,0,0.114
0,0,0.0
1,0,0.25
0,0,0.008
0,0,0.14
1,1,0.988
0,0,0.0
1,1,1.0
0,0,0.006
0,0,0.0
0,0,0.0
0,0,0.012
0,0,0.004
0,0,0.002
0,0,0.074
0,0,0.024
0,0,0.328
0,0,0.138
0,0,0.008
1,1,1.0
0,0,0.0
0,0,0.0
0,0,0.026
1,1,1.0
0,0,0.006
1,0,0.018
0,0,0.0
0,0,0.208
0,0,0.0
0,0,0.032
0,0,0.0
0,0,0.076
0,0,0.036
0,0,0.0
0,0,0.0
1,1,1.0
1,1,1.0
0,0,0.034
0,0,0.01
0,0,0.008
0,0,0.024
0,0,0.0
0,0,0.006
0,0,0.0
0,0,0.032
0,0,0.006
0,0,0.024
0,0,0.0
0,0,0.0
0,0,0.002
0,0,0.002
1,1,1.0
0,0,0.03
1,1,1.0
0,0,0.026
0,0,0.018
0,0,0.0
0,0,0.112
0,0,0.0
0,0,0.062
0,0,0.0
1,1,1.0
0,0,0.0
1,0,0.468
0,0,0.008
0,0,0.0
0,0,0.0
0,0,0.01
0,0,0.018
0,1,0.6529155318368083
0,0,0.008
0,0,0.126
0,0,0.002
0,0,0.002
0,0,0.0
0,0,0.0
0,0,0.01607485748858948
0,0,0.002
1,0,0.174
0,0,0.152
0,0,0.046
0,0,0.0
0,0,0.042
0,0,0.094
1,1,1.0
1,1,1.0
0,0,0.0
0,0,0.0
0,0,0.006
0,0,0.022
0,0,0.01
0,0,0.012
0,0,0.0
0,0,0.0
0,0,0.0
1,1,1.0
0,0,0.0
0,0,0.006
0,0,0.0
0,0,0.01
0,0,0.006
0,0,0.03
1,1,1.0
0,0,0.014
0,0,0.0
0,0,0.03
0,0,0.008
0,0,0.0
0,0,0.0
0,0,0.012
1,1,1.0
1,1,1.0
0,0,0.006
0,0,0.020099577126988646
0,0,0.114
1,0,0.284
0,0,0.0
0,0,0.0
0,0,0.03
1,1,1.0
0,0,0.002
0,0,0.004
0,0,0.014
0,0,0.0
0,0,0.0
0,0,0.034
0,0,0.038
0,0,0.018
0,0,0.0
0,0,0.012
0,0,0.074
0,0,0.0
0,0,0.0
0,0,0.112
0,0,0.044
0,0,0.002
0,0,0.0
0,0,0.0
0,0,0.05
0,0,0.0
0,0,0.05007485748858948
0,0,0.002
0,0,0.0
0,0,0.0
1,1,1.0
0,0,0.004
0,0,0.0
0,0,0.158
0,0,0.016
0,0,0.2130582891964227
0,0,0.042
0,1,0.776031701832472
1,0,0.1314548152356549
0,0,0.122
0,0,0.084
0,0,0.0
0,0,0.044
0,0,0.026
0,0,0.01
0,0,0.008
0,0,0.004
1,1,1.0
0,0,0.084
0,0,0.0
0,0,0.0
0,0,0.11
0,0,0.018
1,1,0.6529155318368083
0,0,0.0
0,0,0.0
0,0,0.0
0,0,0.0
0,0,0.01
0,0,0.046
0,0,0.006
0,0,0.004
0,0,0.012
1,1,1.0
0,0,0.014
1,0,0.082
0,0,0.004
0,0,0.0
0,0,0.004
0,0,0.0
0,0,0.012
0,0,0.066
0,0,0.052
0,0,0.0
0,0,0.0
0,0,0.0
0,0,0.016
0,0,0.012
0,0,0.02
0,0,0.0
0,0,0.008
0,0,0.046
0,0,0.002
1,0,0.36
0,0,0.016
0,0,0.0
0,0,0.0
0,0,0.108
0,0,0.012
0,0,0.052
0,0,0.014
0,0,0.048
0,0,0.012
1,1,1.0
0,0,0.044
0,0,0.01
0,0,0.002
0,0,0.0
0,0,0.0
1,1,1.0
0,0,0.008
0,0,0.272
0,0,0.0
1,1,0.906
0,0,0.02
0,0,0.0
0,0,0.108
0,0,0.026
0,0,0.03
0,0,0.044
0,0,0.0
0,0,0.002
0,0,0.054
0,0,0.0
0,0,0.006
0,0,0.042
1,1,0.946
0,0,0.056
0,0,0.028
1,1,1.0
0,0,0.07
0,0,0.0
1,1,1.0
0,0,0.0
1,1,1.0
1,1,1.0
0,0,0.0
0,0,0.0
0,0,0.1
1,0,0.054
0,0,0.026
0,0,0.0
0,0,0.038
1,1,1.0
0,0,0.01
1,0,0.08
0,0,0.018
0,0,0.0
1,1,1.0
0,0,0.09
0,0,0.0
0,0,0.046
0,0,0.012
0,0,0.05
0,0,0.044
0,0,0.008
0,0,0.018
0,0,0.012
0,0,0.0
0,0,0.0
0,0,0.164
0,0,0.0
0,0,0.042
0,0,0.0
0,0,0.004
0,0,0.0
0,0,0.018
0,0,0.042
0,0,0.0
0,0,0.026
0,0,0.0
0,0,0.0
0,0,0.006
0,0,0.026
0,0,0.008
0,0,0.0
0,0,0.076
0,0,0.0
0,0,0.0
0,0,0.008
0,0,0.012
0,0,0.01
0,0,0.0
0,0,0.018
0,0,0.0
0,0,0.0
0,0,0.068
0,0,0.0
0,0,0.024
0,0,0.062
0,0,0.05
0,0,0.018
0,0,0.0
1,1,1.0
0,0,0.01
0,0,0.018
0,0,0.026
0,0,0.0
0,0,0.016
0,0,0.0
1,1,1.0
0,0,0.0
0,0,0.0
0,0,0.032
0,0,0.038
0,0,0.006
0,0,0.0
0,0,0.006
0,0,0.038
1,1,1.0
0,0,0.0
0,0,0.016
0,0,0.03
0,0,0.0
0,0,0.0
1,1,0.65
0,0,0.024
0,0,0.006
0,0,0.0
0,0,0.022
0,0,0.02
0,0,0.002
0,0,0.05
0,0,0.0
1,0,0.364
0,0,0.142
0,0,0.004
0,0,0.022
0,0,0.096
0,0,0.0
0,0,0.0
0,0,0.0
0,0,0.054
0,0,0.0
1,1,1.0
0,0,0.0
0,0,0.012
0,0,0.018
0,0,0.0
0,0,0.0
0,0,0.07
0,0,0.0
0,0,0.008
0,0,0.054
0,0,0.0
1,1,0.57
0,0,0.016
0,0,0.01
0,0,0.014
0,0,0.0
0,0,0.058
0,0,0.0
0,0,0.0
0,0,0.05
1,1,1.0
0,0,0.014
0,0,0.044
0,0,0.0
0,0,0.0
0,0,0.012
0,0,0.012
0,0,0.002
1,1,1.0
0,0,0.018
0,0,0.008
0,0,0.0
0,0,0.014
0,0,0.0
1,1,1.0
0,0,0.0
1,1,1.0
0,0,0.054
0,0,0.004
0,0,0.004
0,0,0.012
0,0,0.03
0,0,0.0
0,0,0.012
0,0,0.0
1,1,1.0
0,0,0.012
0,0,0.064
0,0,0.3659477836092714
0,0,0.02
0,0,0.0
0,0,0.022
0,0,0.058
0,0,0.008
0,0,0.064
1,1,1.0
0,0,0.0
0,0,0.042
0,0,0.026
0,0,0.038
1,1,1.0
0,0,0.0
0,0,0.0
1,1,1.0
0,0,0.002
0,0,0.056
1,1,1.0
0,0,0.0
0,0,0.0
0,0,0.002
0,0,0.026
0,0,0.0
0,0,0.008
1,1,1.0
0,0,0.01
0,0,0.004
1,1,1.0
1,1,1.0
0,0,0.0
0,0,0.032
1,1,1.0
0,0,0.182
0,0,0.002
0,0,0.014
0,0,0.0
0,0,0.0
0,0,0.002
0,0,0.078
0,0,0.0
1,1,1.0
0,0,0.0
0,0,0.0
0,0,0.018
1,1,1.0
0,0,0.0
0,0,0.0
0,0,0.066
0,0,0.0
0,0,0.072
0,0,0.002
0,0,0.0
0,0,0.08
1,1,1.0
0,0,0.012
0,0,0.062374346832232405
1,1,1.0
0,0,0.0
0,0,0.0
0,0,0.01
0,0,0.178
0,0,0.006
0,0,0.0
0,0,0.016
0,0,0.0
0,0,0.002
0,0,0.0
0,0,0.002
0,0,0.0
0,0,0.014
0,0,0.026
1,0,0.148
0,0,0.068
0,0,0.008
0,0,0.098
0,0,0.0
0,0,0.02
1,1,1.0
0,0,0.002
0,0,0.022
0,0,0.03
0,0,0.04
0,0,0.0
0,0,0.006
0,0,0.0
0,0,0.012
0,0,0.0
0,0,0.004
0,0,0.0
0,0,0.39
0,0,0.032
1,1,1.0
1,1,1.0
0,0,0.014
0,0,0.014
0,0,0.0
1,1,1.0
0,0,0.0
1,0,0.116
0,0,0.0
0,0,0.014
0,0,0.02
0,0,0.154
1,1,1.0
0,0,0.01
0,0,0.0
1,1,1.0
0,0,0.002
0,0,0.0
0,0,0.06
0,0,0.0
0,0,0.0
1,0,0.204
1,1,1.0
0,0,0.0
1,1,1.0
0,0,0.012
0,0,0.006
0,0,0.106
0,0,0.008
0,0,0.116
0,0,0.05
0,0,0.0
0,0,0.0
1,1,0.912
0,0,0.0
0,0,0.012
0,0,0.0
0,0,0.016
1,1,0.886
0,0,0.0
1,1,0.998
0,0,0.082
1,1,1.0
1,1,1.0
1,0,0.09
1,1,1.0
0,0,0.026
0,0,0.0
0,0,0.0
0,0,0.102
0,0,0.038
0,0,0.3333354463375841
0,0,0.002
0,0,0.0
0,0,0.0
0,0,0.0
1,1,1.0
0,0,0.004
0,0,0.004
0,0,0.0
1,1,1.0
0,0,0.01
0,0,0.016
0,0,0.0
0,0,0.036
0,0,0.0
0,0,0.008
0,0,0.0
0,0,0.002
0,0,0.014
0,0,0.01
0,0,0.012
0,0,0.38483470572984957
0,0,0.3518480521470516
0,0,0.128
0,0,0.042
0,0,0.106
0,0,0.042
0,0,0.0
0,0,0.0
1,1,1.0
0,0,0.004
0,0,0.032
0,0,0.004
1,0,0.22
0,0,0.026
0,0,0.04
0,0,0.0
0,0,0.132
0,0,0.0
0,0,0.0
0,0,0.02
0,0,0.07
1,1,1.0
0,0,0.102
0,0,0.04
1,1,1.0
0,0,0.014
0,0,0.084
0,0,0.0
0,0,0.0
0,0,0.024
0,0,0.03
0,0,0.018
0,0,0.142
0,0,0.12
0,0,0.22
0,0,0.0
0,0,0.046
0,0,0.0
1,1,1.0
0,0,0.116
1,1,1.0
0,0,0.062
0,0,0.242
1,0,0.468
0,0,0.0
0,0,0.126
0,0,0.0
0,0,0.162
0,0,0.026
1,1,0.97
0,0,0.0
0,0,0.022
0,0,0.062
0,0,0.052
1,1,1.0
0,0,0.136
0,0,0.02
0,0,0.046
0,0,0.024
0,0,0.0
1,0,0.22374528110090414
0,0,0.038
0,0,0.0
0,0,0.0
0,0,0.068
0,0,0.0
0,0,0.0
0,0,0.068
0,1,0.6529155318368083
0,0,0.016
0,0,0.0
0,0,0.054
1,0,0.394
0,0,0.11
0,0,0.016
0,0,0.0
0,0,0.014
0,0,0.04
0,0,0.026
0,0,0.02
0,0,0.12248389206694109
0,0,0.0
0,0,0.08
0,0,0.064
0,0,0.002
1,1,0.7880006006621674
0,0,0.0
0,0,0.0
0,0,0.016
0,0,0.004
1,1,0.952
0,0,0.058
0,0,0.082
0,0,0.028
0,0,0.014
0,0,0.0
1,1,1.0
0,0,0.044
0,0,0.0
0,0,0.002
0,0,0.022
0,0,0.0
0,1,0.6149246662109149
0,0,0.044
0,0,0.002
0,0,0.0
0,0,0.02
0,0,0.0
0,0,0.0
0,0,0.076
0,0,0.028
0,0,0.02
0,0,0.002
1,1,1.0
0,0,0.0
0,0,0.0
0,0,0.01
1,1,1.0
0,0,0.034
0,0,0.034
0,0,0.012
0,0,0.08
0,0,0.016
0,0,0.0
0,0,0.0
0,0,0.038
0,0,0.01
0,0,0.01
0,0,0.032
0,0,0.048
0,0,0.056
0,0,0.034
0,0,0.014
1,1,1.0
0,0,0.034
0,0,0.0
0,0,0.006
0,0,0.0
0,0,0.0
0,0,0.0
0,0,0.02
0,0,0.0
0,0,0.086
0,0,0.03
0,0,0.054
0,0,0.0
0,0,0.0
0,0,0.124
0,0,0.0
1,1,1.0
0,0,0.034
0,0,0.012
0,0,0.014
0,0,0.07
0,0,0.0
0,0,0.03
0,0,0.008
0,0,0.006
0,0,0.07
0,0,0.0
0,0,0.024
0,0,0.0
0,0,0.014
0,0,0.016
0,0,0.0
0,0,0.044
0,0,0.02
0,0,0.0
0,0,0.024
0,0,0.0
1,0,0.0
1,1,0.998
0,0,0.0
0,0,0.0
1,1,0.964
0,0,0.03
0,0,0.0
0,0,0.014
0,0,0.006
0,0,0.0
0,0,0.0
0,0,0.046
1,0,0.088
0,0,0.266
0,0,0.014
0,0,0.0
0,0,0.05
0,0,0.026
0,0,0.026
0,0,0.0
1,1,0.984
0,0,0.002
0,0,0.0
0,0,0.08
0,0,0.028
0,0,0.014
0,0,0.038
0,0,0.0
1,1,0.978
0,0,0.0
1,1,1.0
0,0,0.004
0,0,0.0
0,0,0.064
0,0,0.006
0,0,0.008
0,0,0.008
0,0,0.004
0,0,0.0
1,1,1.0
0,0,0.004
0,0,0.0
0,0,0.002
1,1,1.0
0,0,0.006
1,1,1.0
0,0,0.036
0,0,0.018
0,0,0.008
0,0,0.0
0,0,0.0
0,0,0.014
0,0,0.05
0,0,0.022
0,0,0.0
1,0,0.418
0,0,0.012
0,0,0.028
0,0,0.036
1,1,1.0
0,0,0.06
0,0,0.0
0,0,0.004
0,0,0.0
0,0,0.188
0,0,0.032
0,0,0.0
0,0,0.0
0,0,0.01
0,0,0.234
0,0,0.0
0,0,0.014
0,0,0.0
0,0,0.030395585579794413
0,0,0.0
0,0,0.002
0,0,0.0
0,0,0.132
1,1,1.0
1,1,1.0
0,0,0.028
0,0,0.002
1,1,1.0
0,0,0.014
0,0,0.016
1,1,1.0
1,1,1.0
0,0,0.0
1,1,1.0
0,0,0.0
0,0,0.002
0,0,0.016
0,0,0.016
1,1,1.0
0,0,0.0
0,0,0.0
1,0,0.088
0,0,0.0
1,1,1.0
0,0,0.028
0,0,0.0
0,0,0.02
0,0,0.196
0,0,0.086
0,0,0.0
0,0,0.0
0,0,0.156
0,0,0.004
0,0,0.012
1,1,1.0
0,0,0.104
0,0,0.142
0,0,0.016
1,1,1.0
0,0,0.0
0,0,0.0
1,1,1.0
0,0,0.024
0,0,0.0
0,0,0.0
1,1,0.834
1,1,1.0
0,0,0.0
0,0,0.0
0,0,0.004
0,0,0.0
1,1,1.0
0,0,0.074
1,1,1.0
0,0,0.006
0,0,0.026
0,0,0.018
0,0,0.036
0,0,0.48229296815332356
0,0,0.03
0,0,0.004
0,0,0.07
0,0,0.018
0,0,0.012
0,0,0.176
0,0,0.024
0,0,0.0
0,0,0.0
0,0,0.008
0,0,0.026
0,0,0.0
0,0,0.0
0,0,0.012
0,0,0.018
0,0,0.002
0,0,0.004
0,0,0.008
0,0,0.0
0,0,0.006
0,0,0.0
0,0,0.0
0,0,0.0
0,0,0.09
0,0,0.002
0,0,0.024
0,0,0.402
0,0,0.246
1,0,0.136
0,0,0.048
1,1,1.0
0,0,0.0
0,0,0.016
0,0,0.028
0,0,0.014
0,0,0.004
0,0,0.0
0,0,0.0
0,0,0.0
0,0,0.0
0,0,0.03
0,0,0.022
0,0,0.0
0,0,0.022
0,0,0.02
0,0,0.01
0,0,0.028
0,0,0.062
0,0,0.02
0,0,0.0
0,0,0.038
1,1,1.0
0,0,0.008
0,0,0.006
0,0,0.032
0,0,0.0
0,0,0.0
0,0,0.07
0,0,0.0
0,0,0.018
0,0,0.0
0,0,0.024
0,0,0.3
0,0,0.152
0,0,0.0
0,0,0.0
0,0,0.014
0,0,0.008
0,0,0.0
0,0,0.018
0,0,0.3716789470848467
0,0,0.0
0,0,0.024
0,0,0.002
1,1,0.766
0,0,0.018
0,0,0.0
0,0,0.01
0,0,0.014
0,0,0.088
0,0,0.044
0,0,0.0
1,1,1.0
0,0,0.0
0,0,0.012
0,0,0.028813826698472402
0,0,0.0
0,0,0.0
0,0,0.01
0,0,0.002
0,0,0.024
0,0,0.0
0,0,0.0
0,0,0.022
0,0,0.0
0,0,0.11
0,0,0.022
0,0,0.0
0,0,0.054
0,0,0.0
0,0,0.064
1,1,1.0
0,0,0.11
0,0,0.122
0,0,0.082
0,0,0.0
0,0,0.042
1,1,1.0
1,1,1.0
0,0,0.0
0,0,0.008
0,0,0.0
0,0,0.006
1,1,1.0
0,0,0.004
0,0,0.008
0,0,0.0
0,0,0.054
0,0,0.01
0,0,0.086
1,1,1.0
0,0,0.018
0,0,0.032
1,1,1.0
0,0,0.0
0,0,0.01
0,0,0.004
0,0,0.004
0,0,0.084
0,0,0.0
0,0,0.026
0,0,0.0
0,0,0.124
0,0,0.068
0,0,0.032
0,0,0.008
0,0,0.034
0,0,0.0
0,0,0.004
0,0,0.024
1,1,1.0
0,0,0.016
0,0,0.014
0,0,0.072
0,0,0.02
1,1,1.0
0,0,0.06
1,1,1.0
0,0,0.018
0,0,0.012
1,1,0.998
0,0,0.004
0,0,0.02
0,0,0.018
0,0,0.006
0,0,0.068
0,0,0.038
0,0,0.058
1,1,1.0
0,0,0.014
0,0,0.0
0,0,0.0
1,1,1.0
0,0,0.008
0,0,0.02
0,0,0.088
1,1,1.0
0,0,0.022
0,0,0.0
0,0,0.042
0,0,0.004
0,0,0.0
0,0,0.0
0,0,0.012
0,0,0.062
1,1,0.744
0,0,0.094
0,0,0.056
0,0,0.012
0,0,0.0
0,0,0.0
0,0,0.04
0,0,0.0
0,0,0.01
0,0,0.032
0,0,0.012
0,0,0.02
0,0,0.002
0,0,0.0
0,0,0.17
0,0,0.054
0,0,0.132
0,0,0.024
0,0,0.008
1,1,1.0
0,0,0.01
0,0,0.0
0,0,0.08
0,0,0.018
0,0,0.01
0,0,0.0
0,0,0.2574614723236468
0,0,0.0
0,0,0.012
0,0,0.012
0,0,0.0
0,0,0.0
0,0,0.002
0,0,0.0
0,0,0.006
0,0,0.0
1,1,0.8757118336966535
1,0,0.3171359031616761
0,0,0.104
1,1,1.0
0,0,0.026
0,0,0.156
1,1,0.918
1,1,1.0
1,0,0.322
0,0,0.078
0,0,0.012
0,0,0.008
0,0,0.06
0,0,0.0
1,1,1.0
1,1,0.564
1,1,1.0
0,0,0.01
1,1,1.0
0,0,0.012
0,0,0.0
0,0,0.022
0,0,0.12
0,0,0.16
0,0,0.012
0,0,0.018
0,0,0.0
0,0,0.076
0,0,0.002
0,0,0.09
0,0,0.24
0,0,0.052
0,0,0.0
0,0,0.0
0,0,0.004
0,0,0.052
1,1,1.0
0,0,0.098
1,1,1.0
0,0,0.0
0,0,0.0
0,0,0.05
0,0,0.002
0,0,0.036
0,0,0.0
0,0,0.002
0,0,0.0
0,0,0.062
0,0,0.018
0,0,0.138
0,0,0.0
0,0,0.016
0,0,0.106
0,0,0.124
0,1,0.6529155318368083
0,0,0.158
0,0,0.038
0,0,0.02
0,0,0.0
0,0,0.008
0,0,0.004
0,0,0.2574614723236468
0,0,0.0
1,1,0.952
0,0,0.14
0,0,0.0
0,0,0.018
0,0,0.004
0,0,0.16
1,1,1.0
0,0,0.026
0,0,0.06
0,0,0.0
0,0,0.0
1,1,0.606
0,0,0.0
0,0,0.004
0,0,0.014
1,0,0.45790035883349134
0,0,0.0
0,0,0.014
0,0,0.0
0,0,0.032
0,0,0.03
0,0,0.022
1,1,1.0
0,0,0.01
0,0,0.022
0,0,0.0
1,1,1.0
0,0,0.016
0,0,0.114
0,0,0.008
0,0,0.026
0,0,0.016
0,0,0.028
1,0,0.444
0,0,0.072
0,0,0.0
1,1,1.0
1,1,1.0
0,0,0.052
0,0,0.05
0,0,0.0
0,0,0.248
0,0,0.002
0,0,0.0
0,0,0.0
0,0,0.058
0,0,0.06
0,0,0.012
1,1,1.0
0,0,0.050150111234630826
0,0,0.006
0,0,0.03
1,1,1.0
0,0,0.006
0,0,0.024
0,0,0.078
0,0,0.01
0,0,0.0
1,1,1.0
0,0,0.0
0,0,0.116
0,0,0.002
0,0,0.024
0,0,0.004
1,1,1.0
0,0,0.044
0,0,0.0
0,0,0.0
0,0,0.026
0,0,0.004
0,0,0.0
1,1,1.0
0,0,0.034
0,0,0.0
0,0,0.032
0,0,0.006
1,1,1.0
0,0,0.036
0,0,0.02
0,0,0.0
0,0,0.0
0,0,0.05
0,0,0.0
1,1,0.956
0,0,0.014
0,0,0.002
0,0,0.058
0,0,0.024
0,0,0.0
0,0,0.106
0,0,0.022
0,0,0.0
0,0,0.014
0,0,0.058
0,0,0.008
0,0,0.0
0,0,0.0
0,0,0.0
0,0,0.004
0,0,0.0
0,0,0.074
0,0,0.116
0,0,0.004
0,0,0.06
0,0,0.082
0,0,0.1280748574885895
1,1,1.0
0,0,0.002
1,1,1.0
0,0,0.0
1,0,0.318
0,0,0.0
0,0,0.088
0,0,0.0
0,0,0.0
1,1,1.0
1,1,1.0
0,0,0.016
0,0,0.0
0,0,0.006
1,0,0.086
0,0,0.0
0,0,0.052
0,0,0.012
1,1,1.0
1,1,1.0
0,0,0.048
1,1,1.0
0,0,0.024
0,0,0.008
0,0,0.0
1,1,1.0
0,0,0.0
0,0,0.0
0,0,0.012
0,0,0.234
0,0,0.34679252836361
0,0,0.017701532752989437
0,0,0.09
0,0,0.024
0,0,0.034
1,1,0.71
1,1,1.0
0,0,0.0
0,0,0.004
0,0,0.014
0,0,0.098
1,0,0.394
0,0,0.278
0,0,0.0
0,0,0.018
1,1,0.844
0,0,0.054
1,1,1.0
0,0,0.3171359031616761
1,1,1.0
0,0,0.0
0,0,0.004
0,0,0.0
0,0,0.19
0,0,0.056
0,0,0.078
0,0,0.01
0,0,0.0
0,0,0.014
1,1,1.0
0,0,0.0
0,0,0.01
0,0,0.0
0,0,0.012
0,0,0.002
0,0,0.0
0,0,0.0
0,0,0.056
1,1,1.0
0,0,0.0
0,0,0.0
0,0,0.01
1,1,1.0
0,0,0.07
0,0,0.052
0,0,0.218
0,0,0.002
0,0,0.032
0,0,0.072
0,0,0.012
0,0,0.026
0,0,0.0
0,0,0.0
0,0,0.028
0,0,0.006
0,0,0.0
0,0,0.0
0,0,0.002
0,0,0.0
0,0,0.16
1,1,0.666
0,0,0.018
0,0,0.008
0,0,0.02
0,0,0.016
0,0,0.004
0,0,0.14
0,0,0.02
0,0,0.138
1,1,0.982
0,0,0.024
0,0,0.0
0,0,0.016
0,0,0.004
1,1,0.614
0,0,0.014
0,0,0.0
0,0,0.032
0,0,0.0
0,0,0.082
1,1,0.7239380315315209
0,0,0.02
0,0,0.012
0,0,0.022
0,0,0.146
0,0,0.0
0,0,0.096
0,0,0.07
1,1,1.0
0,0,0.01
0,0,0.028
0,0,0.066
0,0,0.028
0,0,0.0
0,0,0.006
0,0,0.018
0,0,0.022
0,0,0.002
0,0,0.018
1,0,0.49
0,0,0.014
0,0,0.038
0,0,0.114
0,0,0.042
0,0,0.006
0,0,0.02
0,0,0.018
0,0,0.01
0,0,0.004
0,0,0.112
1,1,0.938
0,0,0.036
0,0,0.0
0,0,0.002
0,0,0.014
0,0,0.0
0,0,0.0
0,0,0.044
0,0,0.09
0,0,0.018
0,0,0.0
0,0,0.09
0,0,0.012
0,0,0.016
0,0,0.0
0,0,0.01
0,0,0.014
1,1,1.0
0,0,0.044
0,0,0.0
0,0,0.004
0,0,0.02
0,0,0.002
0,0,0.202
0,0,0.028
0,0,0.004
0,0,0.04
0,0,0.04
0,0,0.046
0,0,0.018
0,0,0.038
0,0,0.002
0,0,0.0
0,0,0.0
0,0,0.02
0,0,0.0
0,0,0.29047218023910687
0,0,0.062
1,1,1.0
1,0,0.104
0,0,0.006
0,0,0.026
0,0,0.0
0,0,0.01
0,0,0.002
0,0,0.0
0,0,0.052
1,0,0.25
0,0,0.018
0,0,0.022
0,0,0.0
0,0,0.002
0,0,0.0
1,1,1.0
0,0,0.116
0,0,0.002
0,0,0.0
1,1,1.0
0,0,0.0
0,0,0.066
0,0,0.058
0,0,0.002
0,0,0.058
0,0,0.008
0,0,0.056
0,0,0.0
1,1,1.0
0,0,0.0
0,0,0.02
1,1,1.0
0,0,0.0
0,0,0.04
0,0,0.016
0,0,0.03
1,1,0.96
0,0,0.0
0,0,0.078
0,0,0.07
0,0,0.01
0,0,0.046
0,0,0.022
0,0,0.016
0,0,0.042
0,0,0.011688683775608845
0,0,0.018
0,0,0.0
0,0,0.0
0,0,0.042
0,0,0.026
0,0,0.0
0,0,0.036
0,0,0.0
0,0,0.0
0,0,0.004
0,0,0.0
0,0,0.008
0,0,0.078
0,0,0.002
0,0,0.05
0,0,0.0
0,0,0.008
1,0,0.482
1,1,1.0
0,0,0.0
0,0,0.002
0,0,0.206
0,0,0.026
1,1,1.0
1,0,0.334
0,0,0.0
1,1,0.95
0,0,0.014
0,0,0.076
0,0,0.046
0,0,0.004
0,0,0.004
0,0,0.0
0,0,0.0
0,0,0.026
0,0,0.004
0,0,0.004
0,0,0.0
0,0,0.004
0,0,0.058
0,0,0.0
0,0,0.0
0,0,0.004
0,0,0.022
1,0,0.5
0,0,0.016
0,0,0.0
0,0,0.024
0,0,0.086
0,0,0.0
0,0,0.00807485748858948
0,0,0.0
1,1,0.964
0,0,0.01
0,0,0.02
0,0,0.036
0,0,0.0
0,0,0.01
0,0,0.0
0,0,0.08
0,0,0.056
0,0,0.16
1,1,1.0
0,0,0.0
0,0,0.002
0,0,0.192
0,0,0.0
0,0,0.0
0,0,0.08
1,0,0.408
1,1,1.0
0,0,0.002
1,1,1.0
0,0,0.0
0,0,0.004
0,0,0.0
0,0,0.026
1,1,1.0
0,0,0.012
1,1,1.0
0,0,0.0
0,0,0.31274826075121276
1,0,0.176
1,1,1.0
0,0,0.12322687498298361
0,0,0.47184466829872534
0,0,0.102
0,0,0.016
0,0,0.262
0,0,0.0
0,0,0.12
0,0,0.0
0,0,0.014
0,0,0.006
0,0,0.036
0,0,0.016
0,0,0.036
0,0,0.0
0,0,0.032
0,0,0.0
0,0,0.0
0,0,0.002
0,0,0.022
0,0,0.048
0,0,0.074
0,0,0.0
0,0,0.054
0,0,0.006
0,0,0.012
0,0,0.006
0,0,0.01
1,1,1.0
0,0,0.0
0,0,0.202
0,0,0.028
0,0,0.002
1,1,0.9096852320782973
1,1,1.0
1,1,0.968
0,0,0.064
0,0,0.002
0,0,0.004
0,0,0.01007485748858948
0,0,0.012
1,1,1.0
0,0,0.0
0,0,0.004
0,0,0.054
1,0,0.416
0,0,0.016
1,0,0.342
0,0,0.008
0,0,0.02
0,0,0.028
0,0,0.0
0,0,0.038
0,0,0.0
0,0,0.0
0,0,0.104
0,0,0.0
0,0,0.05
1,0,0.178
0,0,0.076
0,0,0.0
1,0,0.38483470572984957
0,0,0.014
1,1,1.0
0,0,0.0
0,0,0.004
0,0,0.076
0,0,0.028
0,0,0.018
0,0,0.094
0,0,0.002
0,0,0.034
0,0,0.008
0,0,0.026
0,0,0.078
1,1,1.0
0,0,0.0
0,0,0.0
0,0,0.0
0,0,0.006
0,0,0.008
1,1,1.0
0,0,0.042
0,0,0.0
0,0,0.056
1,0,0.086
0,0,0.048
0,0,0.002
1,1,0.888
0,0,0.016
0,0,0.044
0,0,0.118
1,1,0.956
0,0,0.036
0,0,0.0
1,1,1.0
0,0,0.21
0,0,0.11
0,0,0.012
1,1,1.0
0,0,0.0
0,0,0.016
0,0,0.046
0,0,0.01
1,1,0.884
0,0,0.284
0,0,0.026
0,0,0.0
0,0,0.006
0,0,0.0
1,0,0.25943228665741896
1,1,1.0
0,0,0.154
1,1,1.0
0,0,0.01
1,0,0.458
0,0,0.0
0,0,0.036
0,0,0.012
0,0,0.038
0,0,0.0
0,0,0.106
0,0,0.0
0,0,0.09
0,0,0.0
1,0,0.368
1,1,0.546
1,1,1.0
0,0,0.0
0,0,0.006
0,0,0.0
0,0,0.012
1,1,1.0
0,0,0.002
0,0,0.0
0,0,0.0
0,0,0.002
0,0,0.014
0,0,0.0
1,1,0.998
0,0,0.008
0,0,0.0
0,0,0.012
0,0,0.01
0,0,0.0
0,0,0.042
0,0,0.052
0,0,0.0
0,0,0.008
0,0,0.042
1,1,1.0
0,0,0.014
1,1,1.0
0,0,0.008
0,0,0.0
1,1,1.0
1,1,0.974
0,0,0.134
0,0,0.074
1,1,1.0
0,0,0.0
0,0,0.144
0,0,0.074
0,0,0.0
1,1,0.814
0,0,0.042
0,0,0.0
0,0,0.0
0,0,0.0
0,0,0.028
0,0,0.246
0,0,0.02
1,0,0.152
0,0,0.0
0,0,0.0
0,0,0.146
0,0,0.006
1,1,0.8757118336966535
0,0,0.02
0,0,0.088
0,0,0.0
0,0,0.022
0,0,0.094
0,0,0.0
0,0,0.016
0,0,0.016
0,0,0.016
0,0,0.026
0,0,0.0
0,1,0.6217152195401049
0,0,0.01
0,0,0.046
0,0,0.0
0,0,0.0
0,0,0.016
0,0,0.002
0,0,0.0
0,0,0.006
0,0,0.068
0,0,0.0
0,0,0.01
0,0,0.018
0,0,0.05
0,0,0.014
0,0,0.002
0,0,0.04
0,0,0.014
0,0,0.014
0,0,0.028
0,0,0.004
0,0,0.028
0,0,0.054
0,0,0.004
1,1,1.0
0,0,0.012
0,0,0.0
0,0,0.0
1,1,1.0
0,0,0.0
0,0,0.088
0,0,0.1
0,0,0.1314548152356549
0,0,0.004
0,0,0.0
1,1,0.896
0,0,0.062
0,0,0.0
1,1,1.0
0,0,0.224
0,0,0.048
0,0,0.0
0,0,0.084
0,0,0.014
1,1,1.0
0,0,0.022
0,0,0.014
0,0,0.0
0,0,0.0
0,0,0.018
0,0,0.0
0,0,0.002
0,0,0.04
0,0,0.0
0,0,0.244
0,0,0.0
0,0,0.0
0,0,0.0
0,0,0.04
0,0,0.086
0,0,0.024
0,0,0.0
0,0,0.09696971787766312
0,0,0.076
1,1,1.0
0,0,0.044
0,0,0.014
0,0,0.006
0,0,0.036
0,0,0.0
0,0,0.0
0,0,0.0
0,0,0.046
0,0,0.0
0,0,0.078
0,0,0.012
0,0,0.058
0,0,0.002
0,0,0.01
0,0,0.024
0,0,0.0
1,1,1.0
1,1,1.0
0,0,0.15176220403095594
1,1,1.0
0,0,0.01
0,0,0.052
0,0,0.03
0,0,0.0
0,0,0.01
0,0,0.084
0,0,0.0
1,1,1.0
0,0,0.002
0,0,0.014
0,0,0.094
0,0,0.012
1,0,0.168
0,0,0.058
0,0,0.002
0,0,0.004
0,0,0.014
0,0,0.0
0,0,0.0
0,0,0.034
0,0,0.012
0,0,0.026
0,0,0.032
0,0,0.042
1,1,0.806
0,0,0.008
0,0,0.0
0,0,0.0
1,1,1.0
0,0,0.006074857488589481
0,0,0.0
0,0,0.058
0,0,0.078
0,0,0.33
0,0,0.122
0,0,0.0
0,0,0.048
0,0,0.0
0,0,0.0
0,0,0.0
0,0,0.086
0,0,0.062
0,0,0.044
0,0,0.004
1,1,0.53
0,0,0.05
0,0,0.076
0,0,0.032
0,0,0.028
0,0,0.0
0,0,0.0
0,0,0.0
0,0,0.01
0,0,0.02
0,0,0.188
0,0,0.0
1,1,1.0
0,0,0.042395073359478834
0,0,0.02
1,1,1.0
0,0,0.056
0,0,0.0
0,0,0.0
0,0,0.014
0,0,0.0
0,0,0.0
0,0,0.002
1,1,0.944
0,0,0.22
0,0,0.012
0,0,0.0
0,0,0.036
0,0,0.036
0,0,0.006
0,0,0.058
0,0,0.002
1,0,0.316
0,0,0.0
1,1,1.0
0,0,0.018
1,1,0.722
0,0,0.0
0,0,0.0
0,0,0.0
0,0,0.0
0,0,0.0
0,0,0.0
1,1,1.0
0,0,0.01
0,0,0.004
0,0,0.014
1,1,1.0
0,0,0.032
0,0,0.0
0,0,0.0
0,0,0.016
0,0,0.022
0,0,0.0
1,1,1.0
0,0,0.006
0,0,0.006
0,0,0.0
0,0,0.028
0,0,0.042
1,1,1.0
0,0,0.008
0,0,0.05
0,0,0.028
0,0,0.0
0,0,0.0
0,0,0.062
0,0,0.006
0,0,0.022
0,0,0.05
0,0,0.026
0,0,0.002
0,0,0.034
0,0,0.074
1,0,0.296
0,0,0.014
0,0,0.0
0,0,0.06
0,0,0.0
0,0,0.11
1,1,0.896
0,0,0.026
0,0,0.0
0,0,0.0
0,0,0.15
0,0,0.044
0,0,0.028
0,0,0.058
0,0,0.008
0,0,0.0
0,0,0.122
0,0,0.048
0,0,0.0
0,0,0.0685888229499427
1,1,1.0
0,0,0.008
0,0,0.004
0,0,0.014
0,0,0.0
0,0,0.018
0,0,0.01
0,0,0.182
1,1,1.0
0,0,0.016
1,1,1.0
0,0,0.0
0,0,0.002
0,0,0.004
0,0,0.0
1,1,1.0
0,0,0.136
0,0,0.162
0,0,0.032
0,0,0.124
1,1,1.0
0,0,0.0
1,1,1.0
0,0,0.006
0,0,0.048
0,0,0.0
0,0,0.01
0,0,0.006
1,0,0.116
0,0,0.0
0,0,0.0
0,0,0.054
0,0,0.0
0,0,0.0
0,0,0.06
0,0,0.01
0,0,0.042
0,0,0.108
0,0,0.0
0,0,0.028
0,0,0.0
0,0,0.01
0,0,0.022
0,0,0.006
0,0,0.008
0,0,0.0
0,0,0.016
0,0,0.012
0,0,0.0
1,0,0.05
1,0,0.078
0,0,0.02
0,0,0.014
0,0,0.0
0,0,0.002
0,0,0.014
0,0,0.114
0,0,0.024
0,0,0.016
0,0,0.05
0,0,0.004
0,0,0.008
0,0,0.1
0,0,0.0
0,0,0.004
1,1,1.0
0,0,0.144
1,0,0.148
0,0,0.032
0,0,0.024
0,0,0.018
1,1,1.0
0,0,0.026
1,1,1.0
0,0,0.0
0,0,0.028
0,0,0.0
0,0,0.01
0,0,0.012
0,0,0.032
0,0,0.0
0,0,0.018
0,0,0.032
0,0,0.02
0,0,0.004
0,0,0.0
1,0,0.19
0,0,0.16911240413489542
0,0,0.456
0,0,7.485748858948021e-05
0,0,0.008
0,0,0.018
1,1,0.66
0,0,0.018
1,1,1.0
0,0,0.0
0,0,0.0
1,1,1.0
1,1,0.774
0,0,0.04
0,0,0.0
0,0,0.084
0,0,0.0
0,0,0.0
1,1,1.0
0,0,0.0
1,0,0.12248389206694109
0,0,0.0
1,1,0.716
0,0,0.018
0,0,0.022
0,0,0.0
0,0,0.0
1,1,1.0
0,0,0.018
0,0,0.026
0,0,0.004
0,0,0.116
0,0,0.064
0,0,0.13
0,0,0.052
0,0,0.016
0,0,0.0
0,0,0.022
1,1,1.0
0,0,0.096
0,0,0.072
1,1,1.0
0,0,0.056
0,0,0.046
0,0,0.036
0,0,0.0
0,0,0.03
0,0,0.044
0,0,0.0
0,0,0.0
1,1,1.0
0,0,0.0
0,0,0.01
0,0,0.022
0,0,0.05
0,0,0.128
0,0,0.062
0,0,0.02
0,0,0.098
0,0,0.094
1,1,1.0
0,0,0.41952507383487736
0,0,0.026
0,0,0.106
0,0,0.008
1,1,1.0
0,0,0.0
0,0,0.038
0,0,0.01
0,0,0.028
0,0,0.002
1,1,1.0
1,1,1.0
0,0,0.026
0,0,0.006
0,0,0.0
0,0,0.002
0,0,0.142
0,0,0.0
0,0,0.204
0,0,0.032
0,0,0.086
1,1,0.71
0,0,0.004
0,0,0.062
0,0,0.322
0,0,0.002
0,0,0.056
0,0,0.12
0,0,0.002
1,1,1.0
0,0,0.0
0,0,0.036
0,0,0.0
0,0,0.066
1,1,1.0
0,0,0.088
0,0,0.0
0,0,0.024
0,0,0.058
0,0,0.004
0,0,0.0
0,0,0.0
0,0,0.134
0,0,0.008
0,0,0.014
1,1,1.0
0,0,0.106
0,0,0.01
0,0,0.018
0,0,0.01
0,0,0.016
0,0,0.026
0,0,0.014
0,0,0.07
0,0,0.066
0,0,0.0
0,0,0.022
0,0,0.004
0,0,0.0
0,0,0.03
0,0,0.0
0,0,0.002
0,0,0.056
0,0,0.0
0,0,0.0
0,0,0.004
0,0,0.0
1,1,1.0
0,0,0.172
1,1,0.804
0,0,0.022
0,0,0.012
1,0,0.24
0,0,0.032
1,1,1.0
0,0,0.0
0,0,0.004
1,1,0.608
0,0,0.018
0,0,0.0
0,0,0.102
0,0,0.046
0,0,0.116
0,0,0.052
0,0,0.0
0,0,0.0
0,0,0.138
0,0,0.0
0,0,0.012
0,0,0.0
0,0,0.004
1,1,1.0
0,0,0.038
0,0,0.016
0,0,0.022
0,0,0.016
0,0,0.094
1,1,0.944
0,0,0.006
0,0,0.034
1,1,1.0
0,0,0.0
0,0,0.0
0,0,0.026
0,0,0.0
1,1,1.0
0,0,0.0
0,0,0.066
0,0,0.002
0,0,0.008
0,0,0.046
0,0,0.044
0,0,0.47023677712109724
0,0,0.034
0,0,0.064
0,0,0.006
0,0,0.09
0,0,0.004
0,0,0.002
0,0,0.024
0,0,0.06
0,0,0.0
1,1,1.0
0,0,0.066
1,1,1.0
0,0,0.0
0,0,0.046
0,0,0.014
0,0,0.008
1,1,1.0
0,0,0.016
0,0,0.11675210847681748
0,0,0.132
0,0,0.008
0,0,0.074
0,0,0.05
0,0,0.0
0,0,0.092
1,1,1.0
0,0,0.01
0,0,0.038
0,0,0.31274826075121276
0,0,0.0
0,0,0.09
0,0,0.008
1,1,1.0
0,0,0.028
0,0,0.06
0,0,0.074
0,0,0.004
0,0,0.016
0,0,0.042
0,0,0.058
1,1,1.0
0,0,0.062
0,0,0.056
0,0,0.032
0,0,0.074
0,0,0.002
0,0,0.006
0,0,0.0
0,0,0.03
0,0,0.012
1,1,1.0
0,0,0.308
0,0,0.0
0,0,0.002
0,1,0.5442310630582977
0,0,0.0
0,0,0.122
0,0,0.0
0,0,0.008
0,0,0.034
0,0,0.13
0,0,0.3171359031616761
0,0,0.0
0,0,0.032
1,0,0.008989670148097418
0,0,0.3333354463375841
0,0,0.04
0,0,0.004
0,0,0.0
1,0,0.048
0,0,0.004
0,0,0.004
0,0,0.092
0,0,0.144
0,0,0.014
0,0,0.05
1,1,1.0
0,0,0.24667905117904823
0,0,0.002
0,0,0.026
0,0,0.034
0,0,0.124
0,0,0.008
1,1,1.0
0,0,0.026
0,0,0.04
0,0,0.004
0,0,0.2
0,0,0.01
0,0,0.006
0,0,0.082
0,0,0.0
0,0,0.026
0,0,0.006
1,1,0.606
1,1,0.502
0,0,0.0
0,0,0.006
0,0,0.106
0,0,0.008
0,0,0.07
1,1,1.0
0,0,0.04
0,0,0.0
0,0,0.0
0,0,0.024
0,0,0.0
0,0,0.016
0,0,0.01
0,0,0.003897385490998261
0,0,0.0
0,0,0.0
0,0,0.092
0,0,0.004
0,0,0.032
0,0,0.012
0,0,0.072
0,0,0.008
1,1,1.0
0,0,0.094
0,0,0.168
0,0,0.022
0,0,0.022
0,0,0.002
0,0,0.022
0,0,0.01
0,0,0.006
0,0,0.0
0,0,0.048
1,1,1.0
0,0,0.0
0,0,0.09
0,0,0.042
0,0,0.084
0,0,0.0
0,0,0.004
0,0,0.0
0,1,0.8757118336966535
0,0,0.0
0,0,0.008
0,0,0.0
0,0,0.12
1,1,0.76
0,0,0.044
1,1,0.534
0,0,0.03
0,0,0.004
0,0,0.0
0,0,0.192
1,1,1.0
0,0,0.026
1,1,1.0
0,0,0.0
0,0,0.032
1,1,1.0
1,1,1.0
0,0,0.01
0,0,0.08
0,0,0.064
0,0,0.024
1,1,0.752
1,1,1.0
1,0,0.36
0,0,0.01
0,0,0.02
0,0,0.0
0,0,0.018
0,0,0.036
0,0,0.0
1,0,0.17
1,1,1.0
1,1,1.0
0,0,0.016
1,1,1.0
0,0,0.0
0,0,0.17
1,1,0.994
0,0,0.0
1,1,1.0
0,0,0.0
0,0,0.0
1,1,1.0
0,0,0.0
0,0,0.1
1,1,1.0
1,1,1.0
0,0,0.0
0,0,0.038
1,1,1.0
0,0,0.022
0,0,0.0
0,0,0.0
0,0,0.0
0,0,0.0
0,0,0.004
0,0,0.012
0,0,0.018
1,1,1.0
0,0,0.014
1,1,1.0
0,0,0.0
0,0,0.01
0,0,0.036
0,0,0.0
0,0,0.006
0,0,0.074
0,0,0.018
0,0,0.03
0,0,0.024
0,0,0.008
0,0,0.03
0,0,0.3937076088553692
0,0,0.078
0,0,0.08
0,0,0.0
0,0,0.01
0,0,0.014
0,0,0.006
0,0,0.018
1,1,1.0
0,0,0.0
1,1,0.998
0,0,0.014
0,0,0.018
0,0,0.1535908018179121
0,0,0.0
0,0,0.022
0,0,0.014
0,0,0.016
0,0,0.034
0,0,0.014
0,0,0.0
0,0,0.006
0,0,0.014
0,0,0.02
0,0,0.014
0,0,0.0
0,0,0.146
1,1,1.0
0,0,0.012
0,0,0.154
0,0,0.024
0,0,0.0
0,0,0.046
0,0,0.028
0,0,0.058
0,0,0.004
0,0,0.048
1,1,1.0
0,0,0.02
0,0,0.016
0,0,0.006
0,0,0.0
0,0,0.062
0,0,0.074
0,0,0.0
0,0,0.004
0,0,0.02
0,0,0.0
0,0,0.0
0,0,0.018
0,0,0.0
0,0,0.004
0,0,0.0
1,1,1.0
0,0,0.028
0,0,0.016
0,0,0.028
0,0,0.0
0,0,0.0
1,1,1.0
0,0,0.0
1,1,1.0
0,0,0.252
0,0,0.11306373074776062
1,1,0.816
0,0,0.014
0,0,0.092
0,0,0.002
0,0,0.024
0,0,0.004
1,1,0.776
0,0,0.006
0,0,0.3138483699813746
0,0,0.012
0,0,0.012
0,0,0.132
1,1,0.938
0,0,0.024
0,0,0.076
0,0,0.004
0,0,0.0
1,1,1.0
1,1,1.0
0,0,0.002
0,0,0.0
0,0,0.0
0,0,0.184
0,0,0.068
0,0,0.0
0,0,0.136
0,0,0.046
0,0,0.0
0,0,0.036
0,0,0.0
0,0,0.032
0,0,0.002
1,1,0.666
0,0,0.002
0,0,0.0
0,0,0.084
1,1,1.0
0,0,0.08
0,0,0.032
0,0,0.024
0,0,0.168
0,0,0.01
1,1,1.0
0,0,0.02
0,0,0.07
0,0,0.0
0,0,0.002
0,0,0.224
0,0,0.032
0,0,0.208
0,0,0.064
0,0,0.0
0,0,0.004
1,1,1.0
0,0,0.0
1,1,1.0
1,1,1.0
1,1,1.0
0,0,0.036074857488589476
0,0,0.348
0,0,0.0
0,0,0.03
0,0,0.016
0,0,0.02
0,0,0.0
0,0,0.0
0,0,0.018
0,0,0.0
0,0,0.06
1,0,0.378
0,0,0.0
0,0,0.008
0,0,0.0
0,0,0.03
0,0,0.0
0,0,0.106
0,0,0.004
0,0,0.018
0,0,0.036
0,0,0.0
0,0,0.014
0,0,0.006
1,1,1.0
0,0,0.018
1,1,1.0
0,0,0.02
0,0,0.036
0,0,0.04
0,0,0.0
0,0,0.0
0,0,0.022
0,0,0.054
0,0,0.0
0,0,0.016
0,0,0.10187067484768537
0,0,0.018
0,0,0.018
1,0,0.448
0,0,0.008
0,0,0.088
0,0,0.034
1,1,0.576
0,0,0.002
0,0,0.008
0,0,0.0
0,0,0.068
0,0,0.006
0,0,0.012
0,0,0.004
1,1,1.0
0,0,0.034
0,0,0.01
0,0,0.02
0,0,0.022
0,0,0.03
0,0,0.0
1,1,0.998
1,1,0.752
0,0,0.018
0,0,0.14
0,0,0.0
0,0,0.062374346832232405
0,0,0.052
0,0,0.25229144030528194
0,0,0.018
0,0,0.054
0,0,0.022
0,0,0.0
0,0,0.03
1,1,1.0
0,0,0.07
1,1,1.0
0,0,0.016
0,0,0.04
0,0,0.002
1,1,1.0
0,0,0.01
0,0,0.024
1,1,1.0
0,0,0.0
0,0,0.0
0,0,0.01
0,0,0.0
0,0,0.048
0,0,0.044
0,0,0.0
0,0,0.0
0,0,0.002
1,1,1.0
0,0,0.006
0,0,0.0
0,0,0.0
0,0,0.0
0,0,0.0
0,0,0.014
0,0,0.0
0,0,0.11
0,0,0.0
0,0,0.002
0,0,0.08
0,0,0.0
0,0,0.008
0,0,0.082
0,0,0.02
1,1,1.0
0,0,0.086
0,0,0.066
0,0,0.078
0,0,0.124
1,1,1.0
1,0,0.02
0,0,0.052
1,1,1.0
0,0,0.112
0,0,0.154
0,0,0.0
0,0,0.09
0,0,0.10209156997121953
0,0,0.0
1,1,1.0
1,1,0.572
0,0,0.034
0,0,0.0
0,0,0.0
0,0,0.024
0,0,0.018
0,0,0.036
1,1,1.0
0,0,0.014
0,0,0.0
0,0,0.026
0,0,0.01
0,0,0.198
0,0,0.046
1,0,0.146
0,0,0.032
1,1,1.0
0,0,0.034
0,0,0.01
0,0,0.014
0,0,0.078
0,0,0.05
0,0,0.024
0,0,0.004
0,0,0.098
0,0,0.02
0,0,0.052
0,0,0.0
1,1,1.0
0,0,0.018
1,1,0.99
0,0,0.038
0,0,0.006
1,1,1.0
0,0,0.0
1,1,1.0
0,0,0.008
1,1,1.0
0,0,0.014
0,0,0.09
0,0,0.002
0,0,0.0
0,0,0.046
0,0,0.002
0,0,0.108
0,0,0.008
0,0,0.0
0,0,0.0
1,1,1.0
0,0,0.01
0,0,0.004
0,0,0.008
0,0,0.19
0,0,0.0
1,1,1.0
0,0,0.0
0,0,0.044
0,0,0.0
0,0,0.078
0,0,0.006
0,0,0.082
0,0,0.04
0,0,0.004
0,0,0.0
0,0,0.0
1,0,0.144
0,0,0.0
1,1,1.0
0,0,0.048
0,0,0.076
0,0,0.012
0,0,0.0
0,0,0.018
0,0,0.0
0,0,0.0
0,0,0.004
0,0,0.002
0,0,0.0
0,0,0.0
0,0,0.0
0,0,0.018
0,0,0.07
0,0,0.002
1,1,1.0
0,0,0.0
0,0,0.092
0,0,0.04
0,0,0.0
0,0,0.0
0,1,0.6149246662109149
0,0,0.104
0,0,0.0
0,0,0.04902837485823015
0,0,0.0
0,0,0.3333354463375841
0,0,0.018
0,0,0.018
0,0,0.054
0,0,0.07
1,1,0.784
0,0,0.01
0,0,0.024
0,0,0.062
0,0,0.004
0,0,0.0
0,0,0.054
0,0,0.0
0,0,0.046
0,0,0.0
0,0,0.054
0,0,0.016
0,0,0.002
0,0,0.072
1,1,1.0
0,0,0.0
0,0,0.02
1,1,1.0
0,0,0.006
0,0,0.038
0,0,0.02
0,0,0.094
0,0,0.1
1,1,0.772
0,0,0.002
0,0,0.022
1,1,1.0
0,0,0.012
0,0,0.064
0,0,0.0
0,0,0.092
0,0,0.042
0,0,0.012
0,0,0.128
0,0,0.0
0,0,0.004
0,0,0.004
0,0,0.018
0,0,0.0
0,0,0.13
1,1,0.6758634161141526
0,0,0.016
0,0,0.034
0,0,0.0
0,0,0.0
0,0,0.094
1,1,1.0
0,0,0.054
0,0,0.0
0,0,0.028
0,0,0.02
0,0,0.074
0,0,0.08
1,1,1.0
0,0,0.02
0,0,0.002
0,0,0.0
0,0,0.044
0,0,0.014
0,0,0.0
1,1,1.0
0,0,0.048
0,1,0.776031701832472
0,0,0.034
0,0,0.01
0,0,0.076
0,0,0.006
0,0,0.0
0,0,0.032
0,0,0.0
0,0,0.09
0,0,0.044
0,0,0.0
0,0,0.0
0,0,0.016
0,0,0.0
1,0,0.288
0,0,0.0
0,0,0.04
0,1,0.6217152195401049
0,0,0.01
1,1,0.56
1,1,1.0
0,0,0.0
0,0,0.098
0,0,0.058
0,0,0.26570886085482215
0,0,0.008
0,0,0.004
0,0,0.05
0,0,0.01
0,0,0.048
0,0,0.038
0,0,0.004
0,0,0.136
1,1,0.952
0,0,0.0
0,0,0.0
0,0,0.072
0,0,0.006
0,0,0.044
0,0,0.0
0,0,0.026
0,0,0.014
0,0,0.02
0,0,0.0
0,0,0.048
0,0,0.11
1,1,0.988
0,0,0.05
0,0,0.032
0,0,0.03
1,1,1.0
0,0,0.0
1,1,1.0
0,0,0.054
0,0,0.102
1,0,0.36
0,0,0.008
1,1,1.0
0,0,0.034
0,0,0.018
0,0,0.012
0,0,0.012
0,0,0.07
0,0,0.042
0,0,0.084
0,0,0.206
0,0,0.046
0,0,0.05
0,0,0.068
1,1,1.0
0,0,0.074
1,1,1.0
0,0,0.022
0,0,0.22
0,0,0.102
0,0,0.0
0,0,0.18
0,0,0.108
1,1,1.0
0,0,0.034
1,1,1.0
0,0,0.0
0,0,0.084
0,0,0.0
0,0,0.016
1,1,1.0
0,0,0.06
0,0,0.04
0,0,0.008
0,0,0.0
0,0,0.0
0,0,0.054
0,0,0.002
0,0,0.012
0,0,0.38483470572984957
0,0,0.0
1,1,1.0
0,1,0.5442310630582977
0,0,0.0
1,1,1.0
1,1,0.786
1,1,0.996
0,0,0.032
0,0,0.07
1,1,1.0
0,0,0.088
0,0,0.048
1,1,0.996
1,1,0.83
0,0,0.0
0,0,0.0
1,1,1.0
1,0,0.272
0,0,0.0
0,0,0.046
0,0,0.04
0,0,0.002
0,0,0.0
0,0,0.0
0,0,0.0
0,0,0.048
0,0,0.004
0,0,0.0
0,0,0.0
0,0,0.0
1,1,1.0
0,0,0.004
0,0,0.0
0,0,0.018
0,0,0.034
0,0,0.026
0,0,0.022
1,1,1.0
0,0,0.0
0,0,0.004
0,0,0.0
0,0,0.006
0,0,0.0
0,0,0.0
1,1,1.0
0,0,0.09
0,0,0.024
0,0,0.004
0,0,0.016
1,1,0.652
1,1,0.996
0,0,0.03
1,1,1.0
0,0,0.072
0,0,0.014
0,0,0.0
0,0,0.008
0,0,0.01
1,0,0.3846545665162291
0,0,0.058
1,1,1.0
0,0,0.02
0,0,0.0
0,0,0.062
0,0,0.004
0,0,0.01
0,0,0.024
0,0,0.0
1,0,0.234
0,0,0.058
0,0,0.0
0,0,0.018
0,0,0.0
0,0,0.03
1,1,1.0
0,0,0.002
0,0,0.116
0,0,0.04
0,0,0.048
0,0,0.014
0,0,0.002
0,0,0.0
0,0,0.074
0,0,0.034
1,0,0.442
0,0,0.47562118072657783
0,0,0.0
1,1,1.0
0,0,0.0
0,0,0.0
0,0,0.138
0,0,0.0
0,0,0.02
0,0,0.002
0,0,0.018
0,0,0.084
0,0,0.006
0,0,0.0
1,0,0.3904837901048618
0,0,0.0
0,0,0.01
0,0,0.048
0,0,0.008
0,0,0.002
0,0,0.08
1,1,1.0
0,0,0.044
0,0,0.0
0,0,0.136
0,0,0.018
1,1,1.0
0,0,0.028
0,0,0.034
0,0,0.024
0,0,0.48229296815332356
0,0,0.0
0,0,0.054
1,1,1.0
0,0,0.08
1,1,1.0
0,0,0.006
0,0,0.0
0,0,0.02
0,0,0.0
0,0,0.008
0,0,0.024
0,0,0.0
0,0,0.026
0,0,0.02
1,0,0.034
0,0,0.01
0,0,0.018
0,0,0.012
1,1,1.0
0,0,0.0
0,0,0.0
0,0,0.006
0,0,0.004
0,0,0.022
0,0,0.026
0,0,0.0
0,0,0.0
0,0,0.0
0,0,0.0
1,1,1.0
0,0,0.16911240413489542
1,1,1.0
1,1,1.0
1,0,0.262
0,0,0.004
0,0,0.0
0,0,0.004
0,0,0.042
1,1,1.0
0,0,0.02
0,0,0.004
1,1,1.0
0,0,0.054
0,0,0.0
1,1,1.0
0,0,0.102
0,0,0.03
0,0,0.0
0,0,0.086
0,0,0.0
0,0,0.002
0,0,0.03
0,0,0.062
0,0,7.485748858948021e-05
1,0,0.01
0,0,0.022
1,1,1.0
0,0,0.06
0,0,0.002
0,0,0.03
0,0,0.128
0,0,0.016
0,0,0.056
0,0,0.05
1,1,1.0
0,0,0.0
0,0,0.06
0,0,0.0
0,0,0.01
0,0,0.028
0,0,0.0
1,1,1.0
0,0,0.024
0,0,0.024845429116904117
0,0,0.0
1,0,0.18984779508778574
0,0,0.0
0,0,0.022
0,0,0.052
0,0,0.088
0,0,0.018
0,0,0.08
0,0,0.0
0,0,0.0
0,0,0.156
0,0,0.098
0,0,0.0
1,1,1.0
1,1,1.0
0,0,0.02
0,0,0.0
0,0,0.184
0,0,0.076
0,0,0.024
1,1,1.0
0,0,0.074
0,0,0.004
0,0,0.0
0,0,0.01
0,0,0.008
1,1,1.0
0,0,0.01
0,0,0.014
0,0,0.002
1,0,0.226
0,0,0.04
0,0,0.0
0,0,0.0
0,0,0.032
0,0,0.012
0,0,0.012
0,0,0.042
0,0,0.06
0,0,0.03
0,0,0.00029144030528192237
0,0,0.068
0,0,0.0
0,0,0.048
0,0,0.118
0,0,0.14870972684143344
1,1,1.0
0,0,0.0
1,1,1.0
0,0,0.038
0,0,0.028
0,0,0.002
0,0,0.028
0,0,0.47023677712109724
0,0,0.028
0,0,0.01
0,0,0.014
0,0,0.0
0,0,0.018
0,0,0.02
0,0,0.018
0,0,0.018
0,0,0.012
0,0,0.018
0,0,0.0
0,0,0.0020748574885894803
0,0,0.008
0,0,0.008
0,0,0.018
1,1,1.0
0,0,0.044
0,0,0.002
0,0,0.0
0,0,0.028
1,1,0.926
1,0,0.31
0,0,0.0
0,0,0.0
0,0,0.0
0,0,0.0
0,0,0.0
1,1,1.0
0,0,0.0
0,0,0.0
0,0,0.006
0,0,0.034
0,0,0.0
1,0,0.004
0,0,0.01
1,1,1.0
1,1,0.516
0,0,0.052
0,0,0.0
1,1,1.0
1,1,1.0
0,0,0.004
0,0,0.002
1,1,1.0
0,0,0.0
0,0,0.118
0,0,0.0
0,0,0.048
0,0,0.0
0,0,0.028
0,0,0.018
1,1,1.0
0,0,0.0
0,0,0.056
1,1,1.0
0,0,0.09
0,0,0.032
0,0,0.098
0,0,0.026
0,0,0.016
0,0,0.0
0,0,0.0
0,0,0.062
0,0,0.042
0,0,0.022
0,0,0.0
0,0,0.0
0,0,0.014
1,1,1.0
0,0,0.0
0,0,0.008
1,1,0.966
0,0,0.006
1,1,1.0
1,1,1.0
0,0,0.016
0,0,0.068
0,0,0.0
0,0,0.128
1,1,1.0
1,0,0.166
0,0,0.0
0,0,0.034
0,0,0.05557315550701372
0,0,0.166
0,0,0.0
0,0,0.0
0,0,0.038
1,1,0.788
0,0,0.016
0,0,0.048
1,1,1.0
0,0,0.0
1,1,1.0
0,0,0.034
0,0,0.012
1,1,1.0
0,0,0.008
0,0,0.0
0,0,0.022
0,0,0.034
0,0,0.006
1,1,1.0
0,0,0.004
0,0,0.234
0,0,0.032
0,0,0.0
0,0,0.008
1,1,1.0
0,0,0.112
0,0,0.002
0,0,0.004
0,0,0.0
0,0,0.016
1,1,1.0
0,0,0.0
0,0,0.074
0,0,0.026
0,0,0.018
0,0,0.032
1,1,1.0
1,1,0.944
0,0,0.066
0,0,0.024
0,0,0.006
1,1,1.0
0,0,0.0
1,0,0.34
0,0,0.0
1,1,1.0
0,0,0.0
0,0,0.006
0,0,0.0
0,0,0.036944113006867785
1,0,0.04
0,0,0.0
0,0,0.062
0,0,0.022
1,1,1.0
0,0,0.018
0,0,0.0
0,0,0.0
0,0,0.028
0,0,0.00870188126961045
1,0,0.1535908018179121
0,0,0.004
0,0,0.062
1,1,1.0
0,0,0.0
0,0,0.0
0,0,0.0
0,0,0.104
0,0,0.056
0,0,0.028
0,0,0.0
0,0,0.002
1,1,1.0
1,1,1.0
1,0,0.334
0,0,0.024
0,0,0.074
0,0,0.088
1,1,1.0
1,1,1.0
0,0,0.0
1,1,1.0
0,0,0.0
0,0,0.0
0,0,0.01
0,0,0.012
0,0,0.006
0,0,0.0
0,0,0.0
0,0,0.03
0,0,0.0
0,0,0.002
1,1,1.0
0,0,0.05
0,0,0.078
0,0,0.052
0,0,0.042
0,1,0.8707868011680929
0,0,0.0
0,0,0.0
0,0,0.0
0,0,0.088
0,0,0.138
0,0,0.02
0,0,0.0
0,0,0.042
0,0,0.038
0,0,0.0
0,0,0.0
0,0,0.06
0,0,0.02
0,0,0.014
0,0,0.004
0,0,0.0
1,1,1.0
1,1,1.0
0,0,0.0
1,1,0.936
0,0,0.006
0,0,0.006
0,0,0.0
0,0,0.036
0,0,0.118
1,1,0.67
1,0,0.086
0,0,0.014
0,0,0.0
0,0,0.0
0,0,0.022
0,0,0.004
0,0,0.02
1,1,0.998
1,0,0.436
0,0,0.0
0,0,0.06
0,0,0.016
1,0,0.182
0,0,0.024
0,0,0.052
1,0,0.056
0,0,0.07
1,0,0.474
0,0,0.002
0,0,0.346
0,0,0.0
0,0,0.0
1,1,0.95
1,1,1.0
0,0,0.022
0,0,0.054
1,1,1.0
0,0,0.076
0,0,0.194
0,0,0.112
0,0,0.0
0,0,0.032
0,0,0.134
0,0,0.06
0,0,0.002
0,0,0.058
0,0,0.054
1,1,1.0
0,0,0.026
0,0,0.022
1,1,1.0
0,0,0.0
0,0,0.156
0,0,0.004
0,0,0.002
0,0,0.0
0,0,0.022
0,0,0.01
0,0,0.01
0,0,0.004
0,0,0.004
1,1,1.0
0,0,7.485748858948021e-05
0,0,0.088
0,0,0.086
0,0,0.014
0,0,0.002
1,1,1.0
0,0,0.034
0,0,0.1
0,0,0.02
0,0,0.026
0,0,0.036
0,0,0.07281579982051116
0,0,0.0
1,1,1.0
0,0,0.05
0,0,0.004
0,0,0.0
0,0,0.02
0,0,0.0
0,0,0.004
0,0,0.0
0,0,0.012
0,0,0.024
0,0,0.018
0,0,0.026
0,0,0.028
0,0,0.098
0,0,0.02737311523579414
1,1,1.0
1,1,0.976
0,0,0.044
1,1,1.0
1,1,0.776031701832472
1,1,1.0
0,0,0.024
0,0,0.0
0,0,0.006
0,0,0.088
0,0,0.002
0,0,0.028
0,0,0.006
0,0,0.128
0,0,0.0
0,0,0.012
0,0,0.0
0,0,0.038
1,1,1.0
0,0,0.004
0,0,0.008
0,0,0.004
0,0,0.0
0,0,0.116
0,0,0.104
0,0,0.0
0,0,0.078
0,0,0.008
1,1,1.0
1,1,1.0
0,0,0.006
0,0,0.042
0,0,0.0
0,0,0.002
1,1,0.822
0,0,0.0
0,0,0.106
0,0,0.104
0,0,0.064
0,0,0.0
0,0,0.064
0,0,0.012
0,0,0.06
0,0,0.09
0,0,0.0
1,1,1.0
0,0,0.0
0,0,0.078
1,0,0.19653116399324402
0,0,0.006
1,1,1.0
0,0,0.22806880676668104
0,0,0.002
0,0,0.03
0,0,0.012
0,0,0.0
0,0,0.068
0,0,0.006
0,0,0.0
0,0,0.022
0,0,0.0
0,0,0.078
1,1,1.0
1,1,1.0
0,0,0.142
0,0,0.044
0,0,0.11
0,0,0.02
0,0,0.002
0,0,0.0
0,0,0.0
0,0,0.09
0,0,0.0
0,0,0.48229296815332356
0,0,0.056
0,0,0.002
0,0,0.086
0,0,0.028
0,0,0.006
1,1,1.0
0,0,0.0
0,0,0.018
0,1,0.5474813369112962
0,0,0.126
0,0,0.0
1,1,1.0
0,0,0.0
0,0,0.054
0,0,0.0
0,0,0.004
0,0,0.022
0,0,0.0
0,0,0.006
0,0,0.03
1,1,1.0
0,0,0.0
0,0,0.038
0,0,0.01
0,0,0.002
0,0,0.0
0,0,0.0
0,0,0.026
0,0,0.012
0,0,0.092
0,0,0.008
0,0,0.018
1,1,1.0
0,0,0.004
0,0,0.002
0,0,0.018
0,0,0.008
0,0,0.024
0,0,0.018
1,1,0.998
0,0,0.088
0,0,0.104
0,0,0.01
0,1,0.6818670366034547
0,0,0.058
0,0,0.024
0,0,0.08
0,0,0.014
1,1,0.688
0,0,0.0
0,0,0.082
0,0,0.0
0,0,0.0
0,0,0.026
0,0,0.034
0,0,0.074
0,0,0.008
1,1,1.0
0,0,0.234
0,0,0.0
0,0,0.064
0,0,0.012
1,1,1.0
0,0,0.14
0,0,0.044
0,0,0.054
0,0,0.01
0,0,0.022
0,0,0.132
0,0,0.02
0,0,0.002
0,0,0.002
0,0,0.0
0,0,0.0
1,1,1.0
0,0,0.0
0,0,0.158
0,0,0.084
0,0,0.0
0,0,0.122
0,0,0.016
0,0,0.0
0,0,0.034
0,0,0.02
0,0,0.028
0,0,0.0
0,0,0.01
0,0,0.0
0,0,0.0
0,0,0.128
1,1,1.0
0,0,0.016
0,0,0.056
0,0,0.002
0,0,0.016
0,0,0.0
0,0,0.028
0,0,0.024
0,0,0.036
1,1,1.0
0,0,0.088
0,0,0.014
0,0,0.004
0,0,0.018
1,1,1.0
0,0,0.018
0,0,0.02
0,0,0.016
0,0,0.008
0,0,0.01
0,0,0.068
0,0,0.004
1,1,1.0
1,1,0.552
0,0,0.022
0,0,0.072
1,1,1.0
0,0,0.018
1,1,1.0
1,1,0.89
0,0,0.008
0,0,0.01
0,0,0.0
0,0,0.014
0,0,0.122
0,0,0.0
1,1,1.0
0,0,0.014
0,0,0.166
0,0,0.0
1,0,0.336
0,0,0.0
0,0,0.002
0,0,0.0
0,0,0.002
0,0,0.094
1,1,1.0
0,0,0.002
1,0,0.384
0,0,0.01
0,0,0.02
1,0,0.45
0,0,0.0
0,0,0.022
0,0,0.042
0,0,0.006
0,0,0.098
0,0,0.08
0,0,0.0
0,0,0.038
0,0,0.024
1,1,0.646
0,0,0.01
1,1,1.0
1,1,1.0
0,0,0.0
0,0,0.01
1,1,1.0
1,1,0.866
0,0,0.0
0,0,0.018
0,0,0.028
0,0,0.082
0,0,0.016
0,0,0.002
0,0,0.106
0,0,0.024
1,0,0.3618477950877857
1,0,0.034
0,0,0.0
0,0,0.096
0,0,0.09
0,0,0.002
0,0,0.088
0,0,0.032
0,0,0.162
0,0,0.0
0,0,0.018
0,0,0.0
0,0,0.004
0,0,0.0
0,0,0.122
0,0,0.038
0,0,0.01
1,1,1.0
0,0,0.0
0,0,0.024
0,0,0.0
0,0,0.0
1,0,0.106
0,0,0.0
0,0,0.078
0,0,0.002
0,0,0.0
0,0,0.128
0,1,0.6230437234494137
0,0,0.0
0,0,0.328
0,0,0.0
0,0,0.118
0,0,0.07
1,1,1.0
0,0,0.0
0,0,0.028
0,0,0.002
0,0,0.04
0,0,0.0
1,1,0.742
0,0,0.0
0,0,0.072
0,0,0.058
0,0,0.024
0,0,0.03
0,0,0.076
0,0,0.05
0,0,0.002
0,0,0.0
1,1,1.0
0,0,0.008
0,0,0.052
0,0,0.0
0,0,0.0
0,0,0.0
1,1,1.0
0,0,0.0
0,0,0.038
0,0,0.0
1,1,1.0
1,1,1.0
0,0,0.012
0,0,0.272
0,0,0.0
0,0,0.0
0,0,0.006
1,1,0.81
0,0,0.062
0,0,0.002
0,0,0.018
0,0,0.0
0,0,0.0
0,0,0.214
0,0,0.002
0,0,0.002
0,0,0.0
0,0,0.0
0,0,0.194
0,0,0.018
0,0,0.024
1,1,0.722
0,0,0.034
0,0,0.0
1,1,0.86
0,0,0.004
0,0,0.02
0,0,0.008
0,0,0.0
0,0,0.014
0,0,0.0
0,0,0.004812547323397284
1,0,0.21
0,0,0.0
1,1,1.0
0,0,0.054
0,0,0.0
0,0,0.0
0,0,0.08
0,0,0.006
0,0,0.0
0,0,0.002
0,0,0.034
1,0,0.344
0,0,0.008
0,0,0.024
0,0,0.02
0,0,0.004
0,0,0.002
0,0,0.23493796611531578
0,0,0.036
0,0,0.014
0,0,0.018
0,0,0.006
0,0,0.072
0,0,0.008
0,0,0.0
0,0,0.002
0,0,0.0
0,0,0.012
0,0,0.068
0,0,0.014
0,0,0.096
0,0,0.0
1,1,1.0
0,0,0.004
0,0,0.082
0,0,0.01
0,0,0.078
0,0,0.0
0,0,0.002
1,0,0.322997373965798
0,0,0.112
0,0,0.0
0,0,0.05
0,0,0.128
1,1,0.5959769106969043
0,0,0.018
0,0,0.0
0,0,0.02
0,0,0.152
0,0,0.322
0,0,0.024
0,0,0.008
0,0,0.004
1,1,0.998
0,0,0.008
0,0,0.0
0,0,0.218
0,0,0.014
0,0,0.054
0,0,0.002
0,0,0.0
0,0,0.036
0,0,0.01
0,0,0.45790035883349134
0,0,0.0
0,0,0.0
0,0,0.002
0,0,0.03
0,0,0.0
0,0,0.0
1,1,0.952
0,0,0.0
0,0,0.004
0,0,0.106
0,0,0.036
0,0,0.022
0,0,0.018
0,0,0.0
0,0,0.004
0,0,0.002
0,0,0.024
0,0,0.048
0,0,0.002
0,0,0.016
0,0,0.302
1,1,1.0
0,0,0.0
1,1,1.0
0,0,0.01
0,0,0.0
0,0,0.024
0,0,0.022
0,0,0.054
1,1,1.0
1,1,1.0
0,0,0.004
0,0,0.052
1,0,0.42100892187470124
0,0,0.06551695546703866
0,0,0.026
1,0,0.104
0,0,0.052
1,1,1.0
0,0,0.044
0,0,0.0
0,0,0.012
0,0,0.016
1,1,1.0
0,0,0.006
0,0,0.048
0,0,0.004
0,0,0.134
0,0,0.138
1,1,0.92
0,0,0.0
0,0,0.0
0,0,0.0
0,0,0.0
0,0,0.0
0,0,0.0
1,1,1.0
0,0,0.084
0,0,0.018
0,0,0.006
0,0,0.028
0,0,0.034
1,0,0.174
0,0,0.002
0,0,0.044
0,0,0.018
0,0,0.004
1,0,0.092
0,0,0.014
0,0,0.008
0,0,0.002
0,0,0.008
0,0,0.008
1,1,1.0
0,0,0.046
0,0,0.028
0,0,0.154
0,0,0.0
1,1,0.5520480030515661
0,0,0.002
0,0,0.074
0,0,0.0
0,0,0.012
0,0,0.062
0,0,0.024
0,0,0.01
0,0,0.01
0,0,0.0
0,0,0.002
1,1,0.98
0,0,0.0
1,1,1.0
1,1,1.0
1,1,1.0
1,1,1.0
0,0,0.002
0,0,0.036
0,0,0.054
1,0,0.346
0,0,0.0
0,0,0.0
0,0,0.05
1,0,0.062374346832232405
0,0,0.0
0,0,0.16911240413489542
0,0,0.016
0,0,0.01842728520663288
0,0,0.068
0,0,0.066
0,0,0.008
0,0,0.018
0,0,0.0
0,0,0.034
1,0,0.478
0,0,0.004
0,0,0.0
1,1,1.0
0,0,0.0
1,1,1.0
0,0,0.09
1,1,1.0
0,0,0.03
0,0,0.0
0,0,0.054
0,0,0.0
0,0,0.024
0,0,0.002
0,0,0.018
0,0,0.0
1,1,0.986
0,0,0.014
0,0,0.0
0,0,0.0
0,0,0.044291440305281926
0,0,0.0
0,0,0.178
0,0,0.012
0,0,0.084
0,0,0.0
0,0,0.0
0,0,0.01
0,0,0.01
0,0,0.076
0,0,0.0
0,0,0.038
0,0,0.026
1,1,1.0
0,0,0.0
0,0,0.124
0,0,0.038
0,0,0.4680801101637131
0,0,0.036
0,0,0.008
0,0,0.006
0,0,0.032
0,0,0.0
0,0,0.03
0,0,0.0
0,0,0.016
0,0,0.0
0,0,0.026
0,0,0.01
0,0,0.0
1,1,1.0
0,0,0.0
0,0,0.032
0,0,0.0
1,1,0.988
0,0,0.08
0,0,0.01
0,0,0.054
1,1,1.0
0,0,0.0
0,0,0.008
0,0,0.092
0,0,0.0
0,0,0.02
0,0,0.0
0,0,0.06
0,0,0.266
0,0,0.11
1,1,1.0
0,0,0.084
0,0,0.01
0,0,0.012
1,1,1.0
0,0,0.02
0,0,0.0
0,0,0.04
0,0,0.026
1,1,1.0
1,0,0.174
0,0,0.002
0,0,0.0
0,0,0.012
1,1,1.0
0,0,0.096
0,0,0.008
0,0,0.004
0,0,0.002
0,0,0.016
0,0,0.0
0,0,0.014
0,0,0.008
0,0,0.018
0,0,0.05
0,0,0.0
0,0,0.008
1,1,1.0
1,1,1.0
0,0,0.114
0,0,0.014
0,0,0.0
0,0,0.026
0,0,0.062
0,0,0.0
0,0,0.138
0,0,0.006
1,1,1.0
1,1,1.0
0,0,0.016
1,1,1.0
0,0,0.024
0,0,0.004
0,0,0.046
0,0,0.0
1,1,0.994
0,0,0.0
0,0,0.0
0,0,0.052
0,0,0.002
0,0,0.018
0,0,0.004
0,0,0.0
0,0,0.25943228665741896
0,0,0.15176220403095594
1,1,1.0
0,0,0.0
0,0,0.0
0,0,0.006
0,0,0.0
0,0,0.036
0,0,0.028
0,0,0.01
0,0,0.008
0,0,0.048
0,0,0.02
0,0,0.062
0,0,0.052
1,1,1.0
0,0,0.032
0,0,0.0
1,1,0.734
0,0,0.05
0,0,0.0
0,0,0.168
0,0,0.006
0,0,0.124
0,0,0.158
1,1,1.0
0,0,0.088
1,1,0.902
0,0,0.038
0,0,0.022
0,0,0.016
0,0,0.02
0,0,0.022
1,1,0.99
0,0,0.0
0,0,0.082
0,0,0.09
0,0,0.0
0,0,0.008
0,0,0.0
0,0,0.01
0,0,0.31274826075121276
1,1,1.0
0,0,0.004
1,1,1.0
0,0,0.0
0,0,0.0
0,0,0.0
0,0,0.02
0,0,0.006
0,0,0.042
0,0,0.008
0,0,0.0
1,1,1.0
0,0,0.004
1,1,1.0
0,0,0.084
1,1,0.96
0,0,0.046
0,0,0.014
1,1,1.0
0,0,0.054
0,0,0.004
0,0,0.0
0,0,0.042
0,0,0.012
0,0,0.114
1,1,0.964
1,1,1.0
1,1,1.0
0,0,0.028
0,0,0.046
0,0,0.072
0,0,0.0
0,0,0.0
0,0,0.018
1,1,1.0
1,1,1.0
1,0,0.24
1,1,1.0
0,0,0.092
1,1,1.0
0,0,0.064
0,0,0.042
1,1,1.0
1,1,1.0
0,0,0.0
0,0,0.034
0,0,0.022
0,0,0.004
1,1,1.0
0,0,0.0
0,0,0.0
0,0,0.05
1,1,1.0
0,0,0.01
0,0,0.0
0,0,0.0
0,0,0.012
0,0,0.0
0,0,0.072
0,0,0.01
1,1,1.0
0,0,0.00029144030528192237
0,0,0.018
0,0,0.0
0,0,0.002
0,0,0.064
0,0,0.004
0,0,0.0
1,0,0.002
0,0,0.002
0,0,0.05
0,0,0.0
1,0,0.268
0,0,0.052
0,0,0.094
0,0,0.022
0,0,0.334
0,0,0.0
0,0,0.034
0,0,0.0
1,1,0.786
0,0,0.016
0,0,0.004
0,0,0.006
0,0,0.028
0,0,0.012
1,1,0.842
0,0,0.0
0,0,0.058
0,0,0.0
0,0,0.006
0,0,0.002
1,1,1.0
0,0,0.0
0,0,0.006
0,0,0.018
0,0,0.024
0,0,0.0
0,0,0.214
0,0,0.0
0,0,0.0
0,0,0.004
0,0,0.116
0,0,0.0
0,0,0.098
1,1,0.922
0,0,0.019500632990571493
0,0,0.0
0,0,0.0
0,0,0.004
0,0,0.0
0,0,0.006
0,0,0.0
1,1,0.928
0,0,0.0
0,0,0.0
0,0,0.014
0,0,0.0
0,0,0.028
0,0,0.006
0,0,0.012
0,0,0.002
0,0,0.014
0,0,0.002
1,1,1.0
0,0,0.068
0,0,0.0
0,0,0.0
0,0,0.004
1,1,1.0
0,0,0.054
1,1,1.0
0,0,0.0
0,0,0.066
0,0,0.008
0,0,0.032
0,0,0.026
0,0,0.0
1,1,1.0
1,0,0.216
0,0,0.03
0,0,0.032
0,0,0.01
1,1,1.0
0,0,0.008
0,0,0.002
1,0,0.306
1,1,1.0
0,0,0.03
0,0,0.004
0,0,0.006
0,0,0.0
0,0,0.0
0,0,0.08
0,0,0.028
0,0,0.0
0,0,0.004
1,0,0.032
0,0,0.0
0,0,0.0
1,1,1.0
0,0,0.066
0,0,0.006
0,0,0.048
0,0,0.012
0,0,0.0
0,0,0.022
0,0,0.0
0,0,0.244
0,0,0.0
0,0,0.054
0,0,0.018
0,0,0.018
0,0,0.012
0,0,0.094
0,0,0.052
0,0,0.01
0,0,0.0
1,0,0.396
0,0,0.004
0,0,0.0
0,0,0.008
0,0,0.048
1,1,1.0
0,0,0.032
0,0,0.02
0,0,0.0
0,0,0.0
0,0,0.0
0,0,0.0
0,0,0.01
0,0,0.07
0,0,0.128
0,0,0.0
0,0,0.134
0,0,0.026
0,0,0.014
0,0,0.0
0,0,0.188
0,0,0.0
0,0,0.0
0,0,0.0
1,1,0.96
0,0,0.0
0,0,0.0
0,0,0.0
0,0,0.34290424941514863
1,1,1.0
0,0,0.144
1,1,1.0
0,0,0.04
0,0,0.0
0,0,0.074
0,0,0.084
0,0,0.058
1,1,1.0
0,0,0.02
0,0,0.0
0,0,0.1
0,0,0.014
0,0,0.0
0,0,0.014
0,0,0.0
1,1,1.0
0,0,0.012
0,0,0.126
0,0,0.03
0,0,0.022
0,0,0.088
1,1,0.542
0,0,0.056
0,0,0.076
0,0,0.0
0,0,0.002
0,0,0.144
0,0,0.03
1,1,0.624
0,0,0.0
0,0,0.0
0,0,0.0
0,0,0.0
0,0,0.0
0,0,0.12
0,0,0.0
0,0,0.02
0,0,0.042
0,0,0.016
1,0,0.358
0,0,0.0
0,0,0.038
0,0,0.002
0,0,0.054
0,0,0.086
0,0,0.0
0,0,0.038
0,0,0.002
1,0,0.402
0,0,0.002
0,0,0.062
0,0,0.012
0,0,0.086
0,0,0.2111288813982756
0,0,0.012
1,1,0.67
1,1,0.572
0,0,0.066
0,0,0.05358825019264735
1,1,1.0
0,0,0.008
0,0,0.196
0,0,0.0
0,0,0.036
0,0,0.002
0,0,0.192
1,1,0.976
1,1,1.0
0,0,0.056
1,1,1.0
0,0,0.03
0,0,0.34
0,0,0.012
0,0,0.0
1,1,1.0
0,0,0.0
0,0,0.056
1,1,1.0
0,0,0.03670334774115789
0,0,0.012
0,0,0.058
0,0,0.006
0,0,0.058
0,0,0.064
1,1,1.0
0,0,0.008
0,0,0.094
0,0,0.006
0,0,0.012
1,1,1.0
0,0,0.012
0,0,0.07
0,0,0.046
0,0,0.13
0,0,0.01
0,0,0.0
0,0,0.0
1,1,1.0
0,0,0.032
0,0,0.002
0,0,0.026
1,1,0.998
1,1,1.0
0,0,0.0
0,0,0.044
0,0,0.026
0,0,0.0
0,0,0.01
0,0,0.1
0,0,0.072
0,0,0.052
0,0,0.0
1,1,1.0
0,0,0.06
0,0,0.028
0,0,0.0
0,0,0.0
0,0,0.0
1,1,1.0
0,0,0.002
0,0,0.0
0,0,0.0
0,0,0.124
0,0,0.038
0,0,0.122
0,0,0.0
0,0,0.006
0,0,0.054
0,0,0.0
0,0,0.0
0,0,0.006
0,0,0.054
1,0,0.046
0,0,0.02
0,0,0.126
1,1,1.0
0,0,0.026
0,0,0.0
0,0,0.012
0,0,0.024
1,1,1.0
1,0,0.168
0,0,0.0
0,0,0.012
0,0,0.048
0,0,0.0
0,0,0.0
0,0,0.0
0,0,0.0
1,1,1.0
0,0,0.022
0,0,0.064
0,0,0.0
0,0,0.082
0,0,0.0
0,0,0.002
1,1,1.0
0,0,0.114
0,0,0.0
1,1,0.918
0,0,0.042
0,0,0.018
0,0,0.22806880676668104
0,0,0.0
0,0,0.004
0,0,0.01
0,0,0.006
0,0,0.044
0,0,0.018
1,1,1.0
0,0,0.044
0,0,0.016
1,1,1.0
0,0,0.064
0,0,0.002
0,0,0.0
1,1,1.0
1,1,1.0
0,0,0.0
0,0,0.024
0,0,0.024
0,0,0.0
0,0,0.048
0,0,0.0
0,0,0.028
0,0,0.0
0,0,0.0
0,0,0.0
1,1,1.0
0,0,0.002
0,0,0.0
0,0,0.0
0,0,0.004
0,0,0.004
1,1,1.0
0,0,0.08612019872088819
0,0,0.016
0,0,0.012
1,1,0.87
0,0,0.0
0,0,0.112
0,0,0.014
0,0,0.002
0,0,0.006
0,0,0.028
0,0,0.006
0,0,0.042
1,1,1.0
0,0,0.004
0,0,0.02
1,1,1.0
1,1,1.0
0,0,0.038
0,0,0.088
0,0,0.0
0,0,0.028
0,0,0.0
0,0,0.012
0,0,0.012
0,0,0.028
1,1,1.0
0,0,0.012
0,0,0.0
0,0,0.004
0,0,0.0
0,0,0.004
0,0,0.03
0,0,0.006
0,0,0.094
0,0,0.012
0,0,0.0
0,0,0.0
0,0,0.074
0,0,0.0
0,0,0.036
0,0,0.012
0,0,0.028
0,0,0.022
0,0,0.0
0,0,0.002
0,0,0.0
0,0,0.0
0,0,0.0
1,1,1.0
0,0,0.2130582891964227
0,0,0.038
0,0,0.0
0,0,0.004
0,0,0.056
0,0,0.038
0,0,0.0
0,0,0.0
0,0,0.08
0,0,0.0
0,0,0.094
1,1,1.0
0,0,0.016
0,0,0.008
1,1,1.0
0,0,0.0
0,0,0.016
0,0,0.134
0,0,0.008
0,0,0.032
0,0,0.044
0,0,0.028
0,0,0.024
0,0,0.0
0,0,0.058
0,0,0.0
0,0,0.112
0,0,0.0
1,1,0.998
0,0,0.012
1,1,1.0
0,0,0.196
0,0,0.008
0,0,0.026
0,0,0.0
0,0,0.0
0,0,0.01
0,0,0.01
0,0,0.0
0,0,0.038
1,1,1.0
0,0,0.002
0,0,0.2574614723236468
0,0,0.03
0,0,0.018
0,0,0.034
0,0,0.014
1,0,0.09
0,0,0.01
1,1,1.0
0,0,0.008
0,0,0.088
1,1,1.0
0,0,0.036
0,0,0.008
0,0,0.012
1,1,1.0
0,0,0.0
1,1,1.0
0,0,0.032
0,0,0.0
0,0,0.066
0,0,0.046
0,0,0.0
0,0,0.022
0,0,0.0
0,0,0.032
1,1,1.0
0,0,0.094
0,0,0.0
1,1,1.0
0,0,0.0
0,0,0.0
0,0,0.0
0,0,0.0
0,0,0.0
0,0,0.012
0,0,0.0
0,0,0.016
0,0,0.0
1,1,1.0
0,0,0.012
0,0,0.0
0,0,0.012
0,0,0.046
0,0,0.024
0,0,0.012
0,0,0.0
0,0,0.0
0,0,0.02
1,0,0.154
1,1,1.0
0,0,0.028
0,0,0.0
0,0,0.074
0,0,0.046
0,0,0.044
0,0,0.0
0,0,0.07
1,1,1.0
0,0,0.094
0,0,0.026
0,0,0.018
0,0,0.008
0,0,0.002
0,0,0.016
0,0,0.038
0,0,0.014
0,0,0.11
0,0,0.008
0,0,0.0
1,1,1.0
0,0,0.0
0,0,0.0
0,0,0.0
0,0,0.006
0,0,0.0
0,0,0.016
0,0,0.016
0,0,0.114
0,0,0.004
0,0,0.002
0,0,0.014
0,0,0.006
0,0,0.028
0,0,0.142
0,0,0.004
0,0,0.106
0,0,0.07
1,1,1.0
0,0,0.0
0,0,0.0
0,0,0.026
0,0,0.052
0,0,0.002
0,0,0.022
0,1,0.6850154632342742
0,0,0.108
0,0,0.012
0,0,0.048
1,0,0.058
0,0,0.046
0,0,0.006
1,1,1.0
0,0,0.034
0,0,0.026
0,0,0.0
0,0,0.0
1,1,1.0
0,0,0.006
0,0,0.024
0,0,0.0
0,0,0.01
0,0,0.0
0,0,0.004
0,0,0.0
0,0,0.038
0,0,0.0
0,0,0.034
0,0,0.036
0,0,0.0
1,1,0.928
0,0,0.022
0,0,0.0
0,0,0.086
0,0,0.0
0,0,0.036
1,0,0.082
0,0,0.01
0,0,0.018
0,0,0.0
0,0,0.018
0,0,0.008
0,0,0.014
1,1,0.798
0,0,0.038
0,0,0.0
0,0,0.0
0,0,0.026
0,0,0.002
0,0,0.012
1,1,0.9
0,0,0.0
0,0,0.0
0,0,0.0
0,0,0.26125348720200736
0,0,0.016
1,1,1.0
0,0,0.0
0,0,0.0
0,0,0.0
0,0,0.0
0,0,0.006
0,0,0.0
0,0,0.206
1,1,1.0
0,0,0.3961225209110702
0,0,0.134
1,1,1.0
0,0,0.1
0,0,0.0
0,0,0.072
0,0,0.038
0,0,0.106
0,0,0.002
1,1,0.812
0,0,0.058
1,1,1.0
0,0,0.0
0,0,0.188
0,0,0.03
0,0,0.004
1,1,0.998
1,0,0.334
1,0,0.10829144030528193
1,0,0.452
0,0,0.0
0,0,0.08
1,1,0.854
1,1,0.922
0,0,0.002
0,0,0.038
0,0,0.024
0,0,0.0
0,0,0.004
0,0,0.012
1,1,1.0
1,1,1.0
0,0,0.01
0,0,0.098
0,0,0.0
1,1,1.0
0,0,0.02
0,0,0.0
0,0,0.002
0,0,0.0
0,0,0.056
0,0,0.156
0,0,0.038
1,0,0.234
0,0,0.082
0,0,0.004
0,0,0.11
0,0,0.04149101459981141
0,0,0.0
0,0,0.0
0,0,0.016
0,0,0.028
0,0,0.002
0,0,0.0
0,0,0.108
0,0,0.0
0,0,0.0
0,0,0.032
0,0,0.004
0,0,0.02
0,0,0.03
0,0,0.026
0,0,0.006
1,0,0.36
1,1,1.0
0,0,0.01
0,0,0.014
0,0,0.002
0,0,0.074
0,0,0.078
0,0,0.044
0,0,0.0
0,0,0.0
0,0,0.002
0,0,0.054
0,0,0.03
0,0,0.064
0,0,0.044
1,1,0.562
1,0,0.118
0,0,0.002
1,1,1.0
0,0,0.022
0,0,0.026
0,0,0.06
0,0,0.0
0,0,0.154
0,0,0.048
0,0,0.03
0,0,0.026
0,0,0.0
0,0,0.022
0,0,0.0
0,0,0.07
0,0,0.016
0,0,0.0
0,0,0.058
0,0,0.0
1,0,0.352
0,0,0.0
0,0,0.0
0,0,0.03
0,0,0.026
0,0,0.0
0,0,0.0
1,1,1.0
0,0,0.0
1,1,1.0
1,1,1.0
0,0,0.012
0,0,0.0
0,0,0.002
0,0,0.0
0,0,0.0
0,0,0.02
1,1,1.0
0,0,0.034
0,0,0.008
0,1,0.5280349714875893
0,0,0.012
0,0,0.128
0,0,0.0
0,0,0.0
1,1,0.95
0,0,0.03
0,0,0.0
0,0,0.0
0,0,0.3947691598465723
0,0,0.054
0,0,0.026
1,0,0.016
0,0,0.0
0,0,0.072
1,1,1.0
0,0,0.012
0,0,0.018
0,0,0.0
1,1,1.0
0,0,0.03
0,0,0.06
0,0,0.0
0,0,0.0
0,0,0.0
1,1,1.0
0,0,0.034
0,0,0.12
1,1,1.0
1,1,0.998
0,0,0.072
0,0,0.002
1,1,1.0
0,0,0.0
0,0,0.002
0,0,0.002
1,1,1.0
0,0,0.0
0,0,0.042
1,1,0.946
0,0,0.008
0,0,0.02
0,0,0.004
0,0,0.054
0,0,0.042
0,0,0.012
0,0,0.0
0,0,0.054
0,0,0.056
0,0,0.01
0,0,0.018
0,0,0.012
0,0,0.01
0,0,0.044
0,0,0.044
0,0,0.046
0,0,0.01
1,1,1.0
0,0,0.124
0,0,0.01
0,0,0.044
0,0,0.012
0,0,0.016
1,1,0.966
0,0,0.0
0,0,0.214
0,0,0.006
0,0,0.04
0,0,0.0
0,0,0.098
0,0,0.006
1,0,0.376
0,0,0.006
1,1,1.0
0,0,0.0
0,0,0.0
0,0,0.0
0,0,0.0
0,0,0.0
0,0,0.0
0,0,0.016
0,0,0.028
1,0,0.212
0,0,0.0
0,0,0.024
0,0,0.0
0,0,0.0
0,0,0.022381668435660088
0,0,0.008
0,0,0.042
0,0,0.006
0,0,0.006
0,0,0.052
0,0,0.096
0,0,0.048
0,0,0.124
0,0,0.034
0,0,0.0
0,0,0.032
0,0,0.018
0,0,0.022
0,0,0.012
1,1,1.0
0,0,0.002
0,0,0.024
0,0,0.018
0,0,0.08
0,0,0.01
0,0,0.2474963226280828
0,0,0.042
0,0,0.074
0,0,0.002
0,0,0.0
1,0,0.252
0,0,0.0
0,0,0.056
0,0,0.038
1,0,0.08
0,0,0.14
0,0,0.036
0,0,0.06
0,0,0.032
0,0,0.0
1,1,1.0
1,1,1.0
0,0,0.0
1,1,1.0
0,0,0.114
1,1,0.7
0,0,0.014
0,0,0.026
1,1,0.898
0,1,0.5490108744235837
0,0,0.008
0,0,0.03
0,0,0.002
1,0,0.304
0,0,0.0
0,0,0.006
0,0,0.02
0,0,0.048
0,0,0.0638312047096855
0,0,0.0
0,0,0.054
0,0,0.076
1,1,1.0
0,0,0.038
0,0,0.052
0,0,0.032
0,0,0.034
0,0,0.0
1,0,0.256
1,1,1.0
0,0,0.0
0,0,0.0
0,0,0.02
0,0,0.004
0,0,0.008
1,1,1.0
0,0,0.0
0,0,0.036
0,0,0.064
0,0,0.0
0,0,0.0
0,0,0.0
0,0,0.0
1,1,0.764
1,1,1.0
0,0,0.042
0,0,0.046
0,0,0.0
0,0,0.002
1,1,1.0
0,0,0.02
0,0,0.01
0,0,0.006
1,1,1.0
0,0,0.08
0,0,0.05
0,0,0.104
0,0,0.016
0,0,0.0
1,0,0.14870972684143344
0,0,0.058
0,0,0.0
0,0,0.038
0,0,0.016
0,0,0.0
1,1,1.0
0,0,0.008
0,0,0.0
1,1,1.0
0,0,0.084
0,0,0.042
0,0,0.054
0,0,0.002
0,0,0.0
0,0,0.012
0,0,0.0
1,1,1.0
0,0,0.0
0,0,0.014
1,1,1.0
0,0,0.004
0,0,0.076
0,0,0.0
0,0,0.0
0,0,0.008
0,0,0.12167280320287567
0,0,0.022
0,0,0.004
0,0,0.008
0,0,0.058
1,1,1.0
0,0,0.0
0,0,0.004
0,0,0.026
1,1,1.0
0,0,0.088
0,0,0.016
0,0,0.0
1,1,1.0
0,0,0.06
0,0,0.076
0,0,0.042
0,0,0.044
0,0,0.006
0,0,0.0
1,1,0.504
0,0,0.0
0,0,0.03
0,0,0.002
0,0,0.028
1,1,1.0
0,0,0.138
1,1,1.0
0,0,0.052
0,0,0.016
0,0,0.0
0,0,0.0
1,1,0.97
0,0,0.084
0,0,0.0
0,0,0.12217954143240872
0,0,0.0
1,1,0.942
0,0,0.148
0,0,0.014
0,0,0.002
0,0,0.004
1,0,0.134
0,0,0.012
0,0,0.118
0,0,0.008
0,0,0.036
0,0,0.0
0,0,0.018
0,0,0.026
0,0,0.008
0,0,0.0
0,0,0.012
0,0,0.03
0,0,0.038
0,0,0.0
1,0,0.28
0,0,0.002
0,0,0.024
0,0,0.012
0,0,0.008
0,0,0.04
0,0,0.002
0,0,0.02
0,0,0.056
0,0,0.0
0,0,0.044
0,0,0.004
0,0,0.006
0,0,0.04
0,0,0.0
0,0,0.006
0,0,0.12322687498298361
0,0,0.0
0,0,0.0
0,0,0.022
0,0,0.0
0,0,0.06
0,0,0.0
0,0,0.0
0,0,0.0
0,0,0.0
0,0,0.002
0,0,0.046
0,0,0.0
0,0,0.07
1,0,0.25
1,1,0.638
0,0,0.024
0,0,0.222
0,0,0.022
0,0,0.0
0,0,0.058
0,0,0.124
0,0,0.008
0,0,0.016
0,0,0.0
0,0,0.038
0,0,0.02
0,0,0.012
1,0,0.344
0,0,0.038
0,0,0.034
0,0,0.028
1,1,1.0
0,0,0.12
0,0,0.004
0,0,0.002
0,0,0.01
0,0,0.068
1,1,1.0
0,0,0.0
0,0,0.1343537326718097
0,0,0.016
0,0,0.0
0,0,0.002
0,0,0.034
0,0,0.012
0,0,0.014
0,0,0.0
0,0,0.02
0,0,0.138
0,0,0.006
0,0,0.0
0,0,0.002
0,0,0.052
0,0,0.0
0,0,0.014
0,0,0.068
0,0,0.0
0,0,0.004
0,0,0.096
0,0,0.042
0,0,0.0
0,0,0.0
0,0,0.006
0,0,0.022
0,0,0.002
0,0,0.0
0,0,0.054
0,0,0.0
0,0,0.092
0,0,0.202
0,0,0.006
1,0,0.184
0,0,0.0
0,0,0.0
0,0,0.056
0,0,0.03
0,0,0.0
0,0,0.072
0,0,0.01
1,1,1.0
1,1,1.0
0,0,0.202
0,0,0.05
0,0,0.0
0,0,0.0
0,0,0.22885496726934965
0,0,0.094
0,0,0.004
1,1,1.0
0,0,0.03
0,0,0.0
1,1,1.0
0,0,0.0
0,0,0.048
0,0,0.0
0,0,0.03
0,0,0.046
0,0,0.0
1,1,0.798
0,0,0.0
1,1,0.882
0,0,0.136
0,0,0.018
0,0,0.056
0,0,0.044
0,0,0.0
1,1,1.0
0,0,0.012
0,0,0.004
0,0,0.018
1,1,0.51
1,1,0.97
0,0,0.002
0,0,0.002
0,0,0.0
0,0,0.012
0,0,0.018
0,0,0.0
0,0,0.006
0,0,0.0
1,1,0.962
1,1,1.0
0,0,0.07
1,1,1.0
0,0,0.0
0,0,0.004
0,0,0.01
1,1,1.0
0,0,0.02
0,1,0.6850154632342742
0,0,0.018
0,0,0.0
0,0,0.032
0,0,0.044
1,1,0.922
0,0,0.022
0,0,0.042
0,0,0.01
0,0,0.07
1,1,1.0
0,0,0.0
0,0,0.066
0,0,0.006
0,0,0.01
0,0,0.004
1,1,1.0
0,0,0.03
0,0,0.002
0,0,0.0
1,1,1.0
0,0,0.024
0,0,0.018
0,0,0.004
0,0,0.028
0,0,0.0
0,0,0.002
0,0,0.044
0,0,0.008
0,0,0.112
0,0,0.028
0,0,0.102
0,0,0.012
0,0,0.008
1,1,1.0
0,0,0.034
1,1,1.0
0,0,0.0
0,0,0.012
0,0,0.0
0,0,0.06
0,0,0.016
0,0,0.114
0,0,0.016
0,0,0.098
1,0,0.03318888431813709
0,0,0.01
1,1,1.0
0,0,0.028
0,0,0.228
0,0,0.084
0,0,0.002
0,0,0.002
0,0,0.0
0,0,0.024
0,0,0.0
0,0,0.0
0,0,0.006
0,0,0.038
0,0,0.0
0,0,0.056
0,0,0.024
0,0,0.154
0,0,0.018
0,0,0.072
0,0,0.022
0,0,0.066
0,0,0.2166766003812395
0,0,0.006
0,0,0.05
1,0,0.266
0,0,0.0
0,0,0.0
0,0,0.0
1,1,1.0
0,0,0.0
0,0,0.0
1,0,0.156
0,0,0.012
0,0,0.0
0,0,0.014
0,0,0.026
0,0,0.074
0,0,0.002
1,1,1.0
0,0,0.03
0,0,0.0
0,0,0.032
0,0,0.0
0,0,0.02
0,0,0.004
0,0,0.10209156997121953
0,0,0.166
0,0,0.08
0,0,0.14
0,0,0.0
1,1,1.0
0,0,0.086
0,0,0.008
0,0,0.022
0,0,0.018
0,0,0.01
0,0,0.056
0,0,0.01
0,0,0.002
1,1,1.0
0,0,0.0
0,0,0.01
0,0,0.024
0,0,0.0
0,0,0.01
0,0,0.014
1,1,1.0
0,0,0.0
0,0,0.012
1,0,0.29
0,0,0.0
0,0,0.0
0,0,0.008
0,0,0.0
0,0,0.018
0,0,0.01
0,0,0.0
0,0,0.0
0,0,0.03
0,0,0.018
0,0,0.0
0,0,0.0
0,0,0.0
0,0,0.072
0,0,0.38483470572984957
0,0,0.004
0,0,0.08
0,0,0.0
0,0,0.052
0,0,0.032
0,0,0.2808505572799993
1,1,1.0
0,0,0.006
0,0,0.074
0,0,0.03
0,0,0.004
0,0,0.0
0,0,0.064
0,0,0.074
0,0,0.01
0,0,0.012
0,0,0.01
1,1,0.568
0,0,0.012
0,0,0.15
0,0,0.05
0,0,0.018
0,0,0.008
0,0,0.02
0,0,0.014
0,0,0.018
0,0,0.01
0,0,0.078
0,0,0.03
0,0,0.002
1,0,0.164
0,0,0.0
1,1,1.0
0,0,0.0
0,0,0.106
0,0,0.0
0,0,0.0
0,0,0.016
1,1,1.0
1,1,1.0
0,0,0.002
0,0,0.0
0,0,0.06
0,0,0.028
0,0,0.086
0,0,0.048
0,0,0.058
0,0,0.01
0,0,0.0
0,0,0.0
1,1,1.0
0,0,0.002
0,0,0.12248389206694109
0,0,0.03
0,0,0.026
0,0,0.004
0,0,0.048
0,0,0.034
0,0,0.0
0,0,0.062374346832232405
0,0,0.0
0,0,0.016
0,0,0.082
0,0,0.01
0,0,0.006
0,0,0.092
1,0,0.08
0,0,0.066
0,0,0.008
0,0,0.024
0,0,0.006
0,0,0.058
0,0,0.026
0,0,0.064
0,0,0.0
0,0,0.09
0,0,0.082
0,0,0.0
0,0,0.002
1,1,1.0
0,0,0.034
0,0,0.226
0,0,0.042
0,0,0.034
1,1,1.0
0,0,0.008
0,0,0.016
0,0,0.09
0,0,0.006
1,1,0.55
0,0,0.02
0,0,0.072
0,0,0.11
0,0,0.046
0,0,0.082
0,0,0.016
0,0,0.006
0,0,0.058
0,0,0.018
0,0,0.034570167145694344
0,0,0.0
1,1,1.0
0,0,0.06
0,0,0.002
0,0,0.034
0,0,0.0
0,0,0.4237465366110019
0,0,0.0
0,0,0.0
0,0,0.002
1,1,1.0
0,0,0.004
0,0,0.008
0,0,0.024
0,0,0.02
0,0,0.024
0,0,0.084
0,0,0.016
0,0,0.004
0,0,0.0
0,0,0.012
0,0,0.064
0,0,0.058
0,0,0.0
0,0,0.064
0,0,0.0
1,1,1.0
0,0,0.0
0,0,0.032
0,0,0.0
0,0,0.052
1,1,0.574
0,0,0.0
0,0,0.0
0,0,0.038
0,0,0.0
0,0,0.0
0,0,0.0
0,0,0.0
0,0,0.008
1,1,1.0
0,0,0.0
0,0,0.022
0,0,0.16911240413489542
1,1,1.0
0,0,0.0
0,0,0.064
0,0,0.054
0,0,0.0
0,0,0.046
0,0,0.048
0,0,0.0
0,0,0.0
0,0,0.02
0,0,0.01
0,0,0.02
0,0,0.046
0,0,0.006
0,0,0.028
0,0,0.016
0,0,0.0
0,0,0.06
0,0,0.444
0,0,0.016
0,0,0.002
0,0,0.008
0,0,0.0
1,1,1.0
0,0,7.485748858948021e-05
0,0,0.0
0,0,0.0
0,0,0.016
1,0,0.0
0,0,0.0
0,0,0.008
0,0,0.016
0,0,0.0
1,1,0.988
0,0,0.0
1,0,0.306
0,0,0.0
0,0,0.164
0,0,0.0
1,1,0.97
0,0,0.07
0,0,0.044
0,0,0.008
0,0,0.0
0,0,0.01
0,0,0.012
0,0,0.082
0,0,0.058
0,0,0.148
0,0,0.31274826075121276
0,0,0.006
0,0,0.08
0,0,0.036
0,0,0.002
1,1,1.0
0,0,0.0
1,1,1.0
0,0,0.012
0,0,0.014
0,0,0.052
0,0,0.062374346832232405
1,1,1.0
0,0,0.018
0,0,0.016
0,0,0.03
0,0,0.014
0,0,0.046
0,0,0.002
0,0,0.0
0,0,0.004
0,0,0.012
0,1,0.6149246662109149
0,0,0.0
1,1,0.644
1,1,0.818
0,0,0.102
1,0,0.346
0,0,0.0
0,0,0.068
0,0,0.046
1,0,0.384
0,0,0.0
0,0,0.004
0,0,0.0
0,0,0.062
0,0,0.052
0,0,0.008
0,0,0.008
0,0,0.062
0,0,0.176
1,1,1.0
0,0,0.004
0,0,0.068
0,0,0.0
0,0,0.0
0,0,0.038
0,0,0.0
1,1,1.0
0,1,0.5356484619788965
0,0,0.022
0,0,0.07
0,0,0.004
0,0,0.078
0,0,0.008
0,0,0.026
1,1,1.0
0,0,0.038
0,0,0.032
0,0,0.06
1,1,1.0
0,0,0.008
0,0,0.0
0,0,0.026
0,0,0.006
0,0,0.026
0,0,0.068
0,0,0.0
0,0,0.0
0,0,0.074
0,0,0.0
0,0,0.068
0,0,0.026
0,0,0.122
0,0,0.014
1,1,1.0
0,0,0.006
0,0,0.0
0,0,0.088
1,1,1.0
1,1,1.0
0,0,0.0
0,0,0.026
0,0,0.002
1,1,1.0
0,0,0.036
0,0,0.0
0,0,0.076
1,1,0.776
0,0,0.014
0,0,0.034
0,0,0.022
1,1,1.0
0,0,0.034
1,1,1.0
0,0,0.0
0,0,0.16
0,0,0.044
0,0,0.12
0,0,0.0
0,0,0.004
0,0,0.0
0,0,0.034
0,0,0.0
0,0,0.0
0,0,0.044
0,0,0.014
0,0,0.026
