y_true,y_pred,y_proba
0,0,0.010107829
0,1,0.57839775
0,0,0.054420758
0,0,0.0045273183
0,0,0.02489338
0,0,0.05148857
1,0,0.41350317
0,0,0.017475743
1,0,0.399594
0,0,0.012343661
0,0,0.047541708
0,0,0.005323477
0,0,0.017322086
0,0,0.0017994437
0,0,0.10710466
0,0,0.02133626
0,0,0.026583048
0,1,0.5221466
0,0,0.059866864
0,0,0.13207805
0,0,0.0022879394
1,1,0.9999976
0,0,0.00032375733
0,0,0.44234586
0,0,0.033633996
0,0,0.20079112
0,0,0.047665346
0,0,0.24229848
0,0,0.012897087
0,0,0.0058809905
0,0,0.020190012
0,0,0.08944708
0,0,0.004191441
0,0,0.117576405
0,0,0.030782718
0,0,0.04164197
0,0,0.30463403
0,0,0.08641002
0,0,0.08158317
0,0,0.04449602
0,0,0.006972222
0,0,0.011278073
0,0,0.03208121
0,0,0.10032312
0,0,0.3623505
0,0,0.13697708
0,0,0.05117016
0,0,0.004127015
0,0,0.23919983
1,0,0.40911546
0,0,0.17113613
0,0,0.00092759356
0,0,0.11247942
0,0,0.12796152
1,1,0.99999833
0,0,0.045889515
1,1,0.99997663
0,0,0.15374215
0,0,0.0034092665
0,0,0.011059793
0,0,0.0049156644
0,0,0.38594943
0,0,0.019801298
0,0,0.0054554055
1,1,0.999998
1,1,0.9854617
0,0,0.03181314
0,0,0.011722456
0,0,0.056966685
1,1,0.9999968
0,0,0.16827448
0,0,0.0036602602
0,0,0.026325097
0,0,0.0003030731
0,0,0.003744773
0,0,0.019034274
0,0,0.010295141
0,0,0.08578109
0,0,0.010179579
0,0,0.042511854
1,1,0.9993937
0,0,0.09923347
0,0,0.26844054
0,0,0.0069615827
1,1,0.9999924
0,0,0.058216337
0,0,0.026677407
0,0,0.014648478
0,0,0.1194899
0,0,0.14228871
1,0,0.15225813
0,0,0.0748221
0,0,0.055344038
1,1,0.90172094
0,0,0.0038978634
0,0,0.010587708
0,0,0.05024217
0,0,0.0013603513
0,0,0.050177976
0,0,0.02852157
1,1,0.99999833
0,0,0.00027218316
1,1,0.9999976
0,0,0.060929276
0,0,3.097697e-05
0,0,0.39468324
0,0,0.07616463
0,0,0.16799414
0,0,0.011712698
0,0,0.024273438
0,0,0.060972385
0,0,0.0538684
0,0,0.04940387
1,1,0.63969743
0,0,0.107665315
0,0,0.003474958
1,1,0.999998
0,0,0.0041867285
1,0,0.17989112
0,1,0.62705153
0,0,0.12049595
0,0,0.12866738
0,0,0.013756526
0,0,0.011867393
0,0,0.37069348
0,0,0.0034448986
0,0,0.008279127
0,0,0.020190012
0,0,0.16109218
1,1,0.99999774
0,0,0.06387215
0,0,0.06515971
1,1,0.99967647
1,1,0.999998
0,0,0.024582524
0,0,0.036638662
0,0,0.23169218
0,0,0.001958668
0,0,0.025081655
1,1,0.9999968
1,1,0.99065304
0,0,0.00030933917
0,0,0.03840454
0,0,0.0075795827
0,0,0.020626623
0,0,0.18738072
0,0,0.04791672
0,0,0.025205646
0,0,0.2997222
0,0,0.0024126044
0,0,0.29479438
0,0,0.0024528168
1,1,0.9999988
0,0,0.019941142
0,0,0.05676878
0,0,0.12371381
0,0,0.28411716
0,0,0.022513714
0,0,0.014434185
0,0,0.04765393
0,0,0.013204268
0,0,0.035729706
1,1,0.99586004
0,0,0.042969324
0,0,0.049643144
1,1,0.9999988
0,0,0.027780095
0,0,0.007874117
0,0,0.47257474
0,0,0.2994686
0,0,0.012667627
0,0,0.41880482
0,1,0.58728284
0,0,0.00041557578
0,0,0.012152812
0,0,0.03427163
0,0,0.008754147
1,0,0.111135535
0,0,0.004420042
0,0,0.11545796
0,0,0.05644795
0,0,0.0012155379
0,0,0.0049838726
0,0,0.06779775
1,1,0.99832374
1,1,0.99999833
0,0,0.0002418779
1,1,0.9999988
1,1,0.999998
1,1,0.9980393
0,0,0.07999121
0,0,0.009492557
0,0,0.09429807
0,0,0.01710635
0,0,0.011791214
0,0,0.02348389
0,0,0.016835187
0,0,0.018488916
1,1,0.9999988
1,1,0.5637481
1,1,0.99997556
0,0,0.33179379
1,1,0.999998
0,0,0.12377693
0,0,0.007864244
0,0,0.0855253
1,1,0.63356584
0,0,0.24508825
0,0,0.011499078
0,0,0.001823532
0,0,0.024153378
0,0,0.007914088
0,0,0.0030791454
0,0,0.040336236
0,0,0.0018627165
0,0,0.08272366
1,1,0.99999833
0,0,0.034330003
0,0,0.102282114
0,0,0.03538253
0,0,0.026630718
1,1,0.96907884
0,0,0.018910395
0,0,0.16328752
0,0,0.0054631256
0,0,0.25526485
0,0,0.01240107
0,1,0.5300659
0,0,0.006754724
1,0,0.2690969
0,0,0.0006643777
1,1,0.9840755
0,0,0.013124254
0,0,0.04597376
0,0,0.113326706
1,1,0.9999976
0,0,0.0014338352
0,0,0.005203396
1,1,0.99999833
0,0,0.0032010088
0,0,0.051477
1,1,0.7013224
0,0,0.059652332
1,1,0.99999833
0,0,0.007846514
0,0,0.10397017
0,0,0.032153826
1,1,0.9107358
0,0,0.016200341
0,0,0.007828064
1,1,0.9999144
0,0,0.0011699755
0,0,0.0027536834
0,0,0.054698195
0,0,0.0004312363
0,0,0.028873079
0,0,0.0729152
0,0,0.0004194065
0,0,0.47037482
0,0,0.03379506
0,0,0.051484637
0,0,0.015060514
0,0,0.018300433
0,0,0.41350317
0,0,0.00046692084
0,0,0.00010991837
0,0,0.007398852
1,1,0.99999833
0,0,0.004889448
0,0,0.0007211785
0,0,0.01700812
0,0,0.0036136038
0,0,0.015310064
0,0,0.013550391
0,0,0.14207253
0,0,0.109465964
0,0,0.0009967525
0,0,0.08008284
0,0,0.033585552
0,0,0.055992953
0,0,0.026944023
1,1,0.8394602
0,0,0.06479848
1,1,0.9852942
0,0,0.23155184
0,0,0.0051129237
0,0,0.033697654
0,0,0.0233168
0,0,0.0028629643
0,0,0.038106035
0,0,0.06739716
0,0,0.006833777
0,0,0.27708992
1,0,0.16108555
0,0,0.05348111
0,0,0.026396522
0,0,0.014997431
0,0,0.004061592
0,0,0.046979677
0,0,0.0013831516
0,0,0.01575174
0,0,0.015486649
0,0,0.061150756
0,0,0.120303884
0,0,0.12241878
0,0,0.02903463
0,0,0.008273206
0,0,0.055739332
0,0,0.058548708
0,1,0.53747576
0,0,0.0009126881
0,0,0.27080178
0,0,0.008635005
0,0,0.031137146
0,0,0.009378665
0,0,0.008547123
0,0,0.024469858
1,1,0.99999774
0,0,3.381295e-05
0,0,0.07380665
1,1,0.9999987
1,1,0.9999988
0,0,0.29797325
0,0,0.0033245191
0,0,0.10155659
0,0,0.012243368
1,1,0.99997354
0,0,0.038270306
0,0,0.010167421
0,0,0.4136005
1,1,0.9999987
1,1,0.9213438
0,0,0.07106847
0,0,0.017084206
0,0,0.00018399357
1,1,0.9999931
0,0,0.00024549398
0,0,0.0036742787
0,0,0.043745764
0,0,0.42995086
0,0,0.0029496779
0,0,0.0055389823
1,1,0.9999988
0,0,0.03935073
0,0,0.013727651
0,0,0.037102997
0,1,0.5922065
0,0,0.112256855
1,1,0.9279034
0,0,0.03975951
0,0,0.04578501
0,0,0.021099644
0,0,0.47440356
0,0,0.020689305
0,0,0.0123380935
1,1,0.654183
0,0,0.013087822
0,0,0.0126769515
0,0,0.010703059
0,0,0.009050041
0,0,0.028700665
0,0,0.057404313
0,0,0.28769898
0,0,0.010269524
1,1,0.99999857
0,0,0.13970628
0,0,0.00410967
0,0,0.002297066
0,0,0.04780917
1,1,0.9999988
0,0,0.041826766
0,0,0.014830255
0,0,0.03226218
0,0,0.051878367
0,0,1.4346257e-05
0,0,0.11116586
0,0,0.040487826
0,0,0.06739716
0,0,0.004640586
0,0,0.018228276
0,0,0.020379556
1,1,0.8870616
1,1,0.9999976
0,0,0.023595138
0,0,4.7896614e-05
0,0,0.48991135
0,0,0.001686949
0,0,0.052794334
0,0,0.0644644
0,0,0.13897839
0,0,0.029329024
0,0,0.00018548679
0,0,0.10396438
0,0,0.34904453
0,0,0.034676343
0,0,0.011574155
0,0,0.0036919934
0,0,0.0054307175
0,0,0.06831611
0,0,0.037397966
0,0,0.05250987
0,0,0.037574634
0,0,0.072448276
0,0,0.022983799
0,0,0.0079499595
0,0,0.0028169304
0,0,0.0077651683
0,0,0.023267057
0,0,0.19563474
1,1,0.99640477
0,0,0.14207555
0,0,0.0056196526
1,1,0.99999833
0,0,0.027549585
0,0,0.03289519
1,1,0.99982125
0,0,0.046101492
0,0,0.00908193
0,0,0.03608415
0,0,0.013895014
0,0,0.009472684
0,0,0.014285499
0,0,0.016551027
0,0,0.011160257
0,0,0.1145548
0,0,0.023951812
0,0,0.025290014
0,0,0.011904287
0,0,0.013094938
0,0,0.07869742
0,0,0.00226852
0,0,0.11570306
1,1,0.9715835
0,0,0.0487813
0,0,0.038612913
0,0,0.09190475
0,0,0.0006496976
0,0,0.030661795
0,0,0.015355331
0,0,0.06262009
1,0,0.18629593
1,1,0.8228911
0,0,4.669599e-05
0,0,0.0011098138
1,0,0.0024372241
0,0,0.017330278
0,0,0.037597187
0,0,0.0002837275
1,1,0.9999144
0,0,0.1152441
0,0,0.01776514
1,1,0.9988727
0,0,0.010137682
0,0,0.080790095
0,0,0.0007177554
0,0,0.027712613
0,0,0.1089555
0,0,0.042511854
0,0,0.07442308
1,1,0.99999857
0,0,0.02184002
0,0,0.044861205
0,0,0.030779982
0,0,0.00061432703
1,1,0.9995827
1,0,0.08417149
0,0,0.0034887614
0,0,0.05724044
0,0,0.0013760744
0,0,0.05928018
0,0,0.007301433
1,1,0.9999119
1,1,0.9662221
1,0,0.25108817
0,0,4.1374085e-05
0,0,0.057767276
0,0,0.00827362
1,0,0.19643621
1,0,0.39699313
0,0,0.068917796
0,0,0.29915422
0,0,0.00019227903
0,0,0.010369209
0,0,0.0013950398
1,1,0.9963276
0,0,0.044010203
0,0,0.038541216
0,0,0.016073158
0,0,0.045373768
1,1,0.9999968
0,0,0.054903407
0,0,0.07034764
0,0,0.056587312
0,0,0.012810265
0,0,0.0006524663
0,0,0.0024042206
0,0,0.02385794
0,0,0.059748042
0,0,0.012763621
0,0,0.00040595964
0,0,0.06271812
0,0,0.035686616
1,0,0.20384194
0,1,0.5710402
0,0,0.0008871881
0,0,0.031836685
0,0,0.048663653
0,0,0.0019886342
0,0,0.0014403537
0,0,0.17376234
0,0,0.096304104
0,0,0.026506053
0,0,0.002395909
0,0,0.25238895
0,0,0.1745756
0,0,0.11952006
0,0,0.0038056402
0,0,0.01202882
0,0,0.005820048
0,0,0.026817892
0,0,0.0041636396
0,0,0.0041867285
1,1,0.98879224
0,0,0.09900295
0,0,0.19854774
0,0,0.017450782
1,1,0.99999833
0,0,0.0056846156
0,0,0.01331752
1,1,0.99999833
0,0,0.16491082
0,0,0.21173409
0,0,0.0059658173
0,0,0.064616516
0,0,0.0014403537
0,0,0.0289187
0,0,0.021058137
0,0,0.006587063
0,0,0.032065567
0,0,0.14406066
0,0,0.023966799
0,0,0.0046871006
1,0,0.16055682
0,0,0.054392133
1,1,0.99999774
0,0,0.027938118
0,0,0.16453943
0,0,0.14902732
1,1,0.95062375
0,0,0.02972341
0,0,0.0046477034
0,0,0.1342076
0,0,0.015196625
1,1,0.9884748
0,0,0.013248929
1,1,0.99999833
0,0,0.0011666741
0,0,0.0051398473
0,0,0.026855495
1,1,0.9847852
0,0,0.06795344
1,1,0.9622033
1,1,0.9999981
0,0,0.039867833
0,0,0.0125066135
0,0,0.0072605945
0,0,0.059451867
0,0,0.0001254511
0,1,0.5130436
1,1,0.99999785
1,1,0.99999833
0,1,0.545649
0,0,0.25974563
0,0,0.00032484008
1,1,0.99999774
0,0,0.0034608815
0,0,0.0112796575
0,0,0.008794796
0,0,0.0052479496
0,0,0.002766209
0,0,0.2997222
0,0,0.2997222
0,0,0.00024624952
1,1,0.9999988
0,0,0.21371362
1,1,0.98680496
0,0,0.022270082
0,0,0.17455766
0,0,0.23941539
0,0,0.07306823
0,0,0.1899924
0,0,0.035664134
0,0,0.02258888
0,0,0.031272862
0,0,0.0117330495
0,0,0.0054951427
0,0,0.049472675
0,0,0.01451635
1,1,0.9999976
0,0,0.030114114
0,0,0.036100894
0,0,0.005710684
0,0,0.13886584
0,0,0.21099135
0,0,0.010389094
0,0,0.29770806
0,0,0.011866968
0,0,0.04583561
1,1,0.9999976
0,0,0.01793253
0,0,0.013022084
0,0,0.022087032
0,0,0.00289054
0,0,0.070163555
1,0,0.4475598
0,0,0.07517677
0,0,0.08512045
0,0,0.013803482
0,0,0.003093785
0,0,0.0011981244
0,0,0.015119541
0,0,0.07894242
0,0,0.020457778
0,0,0.005820048
0,0,0.26427287
0,0,0.004071425
0,0,0.4102959
0,0,0.003290093
0,0,0.05818183
0,0,0.18995662
0,0,0.0011748507
0,0,0.019831358
0,0,0.010737497
0,0,0.007240256
0,0,0.004885297
0,0,0.014954923
0,0,0.032669917
0,0,0.053545497
0,0,0.09977154
0,0,0.012534009
1,1,0.999998
0,0,0.014874504
0,0,0.009075723
1,0,0.022074813
0,0,0.05533809
1,1,0.9991715
0,0,0.046081502
0,0,0.0045979735
1,1,0.99999833
0,0,0.006465199
0,0,0.019603759
0,0,0.020536553
1,1,0.9844583
0,0,0.0024780522
0,0,0.00013979488
0,0,0.048831936
0,0,0.0015288753
0,0,0.04992851
0,0,0.05781187
0,0,0.03495935
0,0,5.1151157e-05
0,0,0.050445694
0,0,0.09582102
0,0,0.23919094
0,0,0.025549626
0,0,0.014081986
0,0,0.007305914
0,0,0.061589442
0,0,0.011581151
0,0,0.004420042
0,0,0.012192612
0,0,0.03321413
0,0,0.021604616
0,0,0.022613965
0,1,0.53418475
0,0,1.8804129e-05
0,0,0.06140821
0,0,0.0043297443
0,0,0.0012648507
0,0,0.03189431
1,1,0.9622033
0,0,0.16024286
0,0,0.042674553
1,1,0.99999857
0,0,0.000156031
1,0,0.24896315
0,0,0.010969474
1,1,0.8484766
0,0,0.0009465881
1,1,0.9904907
1,1,0.99999833
0,0,0.010830197
0,0,0.0064256852
0,0,0.024812112
0,0,0.026217097
0,0,0.4012648
0,0,0.0044089262
1,1,0.98114794
0,0,0.13215269
0,0,0.062430162
0,0,0.010300621
0,0,0.0071812286
0,0,0.042817198
0,0,0.0029467063
0,0,0.12262344
0,0,0.014469378
0,0,0.0037594386
0,0,0.018332401
0,0,0.002951253
0,0,0.09134034
0,0,0.04292604
0,0,0.01148945
0,0,0.11237081
0,0,0.03752206
0,0,0.007649663
0,0,0.0028752678
0,0,0.02320338
0,0,0.0837757
0,0,0.47257474
0,0,0.34058112
0,0,0.017172862
0,0,0.01846142
0,0,0.019491019
0,0,0.0086673
1,1,0.9999987
0,0,0.0074056
1,1,0.6172629
0,0,0.11600775
0,0,0.0032994777
1,1,0.98501366
0,0,0.28543353
0,0,0.08963757
0,0,0.064340465
0,0,0.026996266
0,0,0.0029292975
0,0,0.0049906564
0,0,0.010350612
0,0,0.06634362
0,0,0.0013619731
1,1,0.99140257
0,0,0.057783242
0,0,0.39114827
0,0,0.02953161
1,1,0.8098714
1,0,0.37069348
0,0,6.790513e-05
0,0,0.073084615
0,0,0.012671922
1,1,0.99999833
0,0,0.02380742
0,0,0.005233
1,1,0.9641277
1,1,0.99999833
0,0,0.017972345
1,1,0.8949893
0,1,0.5300659
0,0,0.01558081
0,0,0.066480026
0,0,0.0010504164
0,0,0.07147567
0,0,0.009396411
0,0,0.010057177
0,0,0.009457399
0,0,0.014954923
0,0,0.04198662
0,0,0.1296101
0,0,0.06188448
0,0,0.1449155
1,1,0.98797774
0,0,0.16036741
0,0,0.0027606243
0,0,0.12143656
0,0,0.027528292
0,0,0.21475609
0,0,0.0006112439
0,0,0.06984683
0,0,0.01677215
0,0,0.006320983
0,0,0.011571831
0,0,1.02223e-05
0,0,0.0788477
0,0,0.10187796
0,0,0.033159457
0,0,0.2997222
0,0,0.057660904
0,0,0.0007676764
0,0,0.10880537
0,0,0.00094445527
0,0,0.019070037
0,0,0.13074726
0,0,0.03181546
0,0,0.037420485
0,0,0.01148036
0,0,0.047466025
0,0,0.04981618
0,0,0.24867909
0,0,0.02855405
1,0,0.22480704
0,0,0.013698527
0,0,0.015800823
0,0,0.05654442
0,0,0.04140122
0,0,0.032200012
0,0,0.013230446
0,0,0.47958043
0,0,0.017852098
0,0,0.016529517
0,0,0.38586956
0,0,0.0032522038
0,0,0.026042623
1,1,0.71082044
0,0,0.050570793
0,0,0.100935295
0,0,0.21364099
0,0,0.011730999
0,0,0.068107836
0,0,0.00063024735
0,0,0.1642166
0,0,0.0033239236
0,0,0.09494942
0,0,0.129249
0,0,0.09077826
0,0,0.099776946
1,1,0.9924304
0,0,0.018212803
0,0,0.0016053597
0,0,0.007922242
0,0,0.051146742
0,0,0.11394439
0,0,0.0005235898
0,0,0.2798743
0,0,0.18461107
0,0,0.005820048
0,0,0.07362685
0,0,0.15668108
0,0,0.095096014
0,0,0.0014649204
0,0,0.11279953
0,0,0.0057548992
0,0,0.08340277
1,1,0.9999976
0,0,0.026250284
0,0,0.34137505
0,0,0.023300044
0,0,0.0033092976
0,0,0.050278064
0,0,0.014622224
0,0,0.0073839244
1,1,0.9999976
0,0,0.02720744
0,0,0.10703981
0,0,0.24101682
0,0,0.090514794
0,0,0.0013565362
0,0,0.017287906
1,1,0.75257355
1,1,0.99999833
1,1,0.999998
0,0,0.07238221
0,0,0.005820048
1,1,0.99999833
1,1,0.99999785
0,0,0.038021974
0,0,0.018782783
1,1,0.9999987
0,0,0.07036671
0,0,0.013160309
0,0,0.017156893
0,0,0.02365599
0,0,4.8311445e-05
0,0,0.012315429
0,0,0.07676448
0,0,0.047163293
0,0,0.001987709
1,1,0.9999968
1,1,0.99471587
0,0,0.008756991
0,0,0.038841356
0,0,0.04764447
1,1,0.99999833
1,1,0.9919681
0,0,0.034662504
0,0,0.019315911
0,0,0.4685477
0,0,0.012667747
0,1,0.5090786
0,0,0.03250846
0,0,0.0030312426
0,0,0.27671432
0,0,0.005657933
0,0,0.014504657
0,0,0.038768534
0,0,0.001118232
0,0,0.029220037
0,0,0.022606378
0,0,0.1339745
0,0,0.012547219
0,0,0.03224678
0,0,0.20614254
0,0,0.0018191135
0,0,0.030283343
0,0,0.052520465
1,1,0.50285953
0,0,0.009437141
1,1,0.99098504
0,0,0.1325384
0,0,0.016179562
1,1,0.9999987
1,1,0.9999758
0,0,0.08991964
0,0,0.08957673
0,0,0.036465842
0,0,5.7374025e-05
0,0,0.36627924
0,0,0.011281928
1,1,0.9999968
0,0,0.0037005558
0,0,0.026400387
0,0,0.0033786427
0,0,0.01980175
0,0,0.07783504
1,1,0.9999976
0,0,0.0034965102
0,1,0.5834472
0,0,0.114391066
0,0,0.0020209518
0,0,4.5987897e-05
0,0,0.009303985
0,0,0.0020198566
1,1,0.9999987
0,0,0.015017809
0,0,1.9635554e-05
0,0,0.0043081767
0,0,0.20389518
0,0,0.35809234
0,0,0.00020304929
0,0,0.07034664
0,0,0.03839442
0,0,0.004446756
0,0,0.014717636
0,0,0.24328706
0,1,0.5136945
0,0,0.32408136
0,0,0.09047625
0,0,0.024577113
0,0,0.2997222
0,0,0.007721259
0,0,0.0071944627
0,0,0.023124287
0,0,4.6676887e-05
0,0,0.029762214
1,0,0.19408312
0,0,0.06673761
0,0,0.28411716
0,0,0.047166508
0,0,0.11159459
0,0,0.12298806
0,0,0.010314529
0,0,0.18768297
0,0,0.052688967
0,0,0.24940276
0,0,0.033145808
1,1,0.9999976
0,0,0.10842191
0,0,0.2376493
0,1,0.7260535
0,0,0.0033173678
0,0,0.04842584
0,0,0.054729566
1,1,0.99999833
0,0,0.06105948
0,0,0.07810173
0,0,0.13501804
0,0,0.04616654
0,0,0.02666376
0,0,0.3463919
0,0,0.0009959082
0,0,0.0018991069
0,0,0.013594402
0,0,0.06171375
1,1,0.99999833
0,0,0.002824804
0,0,0.054165043
0,0,0.030525977
0,0,0.39325115
0,0,0.04457515
0,0,0.06338929
0,0,0.067643404
1,1,0.99620026
0,0,0.06403342
0,0,0.005820048
0,0,0.0050876653
0,0,0.058085717
1,1,0.99999833
0,0,0.00720391
1,1,0.511787
0,1,0.5204034
0,0,0.1167366
0,0,0.04607384
0,0,0.080892
0,0,0.07060556
1,0,0.2619807
1,1,0.9999976
0,0,0.40958855
0,0,0.45024663
0,0,0.020850055
0,0,0.0138596855
0,0,0.012315853
0,0,0.011832573
0,0,0.19131586
0,0,0.013881895
0,0,0.35286567
0,0,0.16502799
0,0,0.03557461
1,1,0.9962681
0,0,0.10987849
0,0,0.0113401115
0,0,0.023077125
0,0,0.069440976
1,1,0.9490972
0,0,0.028090816
0,0,0.037225388
1,1,0.9999976
0,0,0.12787402
0,0,0.023042813
1,1,0.99999833
0,0,0.0071973987
0,0,0.0050682607
1,1,0.8127955
0,0,0.47037482
0,0,0.006476265
1,1,0.999998
0,0,0.0030494118
1,1,0.99065304
0,0,0.053469017
0,0,0.008735948
0,0,0.12865616
0,0,0.08138007
0,0,0.057965446
0,0,0.13081595
0,0,0.003507328
0,0,0.016146606
0,0,0.020141238
0,0,0.009075723
0,0,0.11397171
0,0,0.0003683757
1,1,0.9999987
0,0,0.050525505
0,0,0.13928874
0,0,0.036560748
1,1,0.99458224
0,0,0.15825835
0,0,0.01811566
1,1,0.9999987
1,1,0.99999857
0,1,0.52906287
0,0,0.23090102
0,0,0.0055708257
0,0,0.11006564
1,1,0.99999833
0,0,0.14639266
0,0,0.020457525
0,0,0.04607098
0,0,0.00091215345
0,0,0.027071979
0,0,0.024544027
0,0,0.060440104
1,1,0.99999833
0,0,0.11154865
0,0,0.01956054
1,1,0.9999976
0,0,0.09675685
1,1,0.99628615
0,0,0.1671863
0,0,0.089920074
0,0,0.010293041
0,0,0.0038388148
0,0,0.0011603627
0,0,0.12868857
0,0,0.017363213
0,0,0.032586444
0,0,0.008301241
0,0,0.018597962
0,0,0.0122207785
0,0,0.018229747
0,0,0.013441894
0,0,0.005957309
0,0,0.0094399545
1,1,0.9999988
0,0,0.004299333
0,0,0.069920614
0,0,0.010486587
0,0,0.042817198
0,0,0.08640158
0,0,0.053587593
0,0,0.029992964
0,0,0.0020737122
0,0,0.00059600035
0,0,0.00031927513
1,1,0.7403073
0,0,0.012217503
0,0,0.09435107
0,0,0.08388352
0,0,0.006752568
0,0,0.033759475
0,0,0.006102269
0,0,0.024969067
0,0,0.15470919
0,0,0.022708712
0,0,0.029694848
1,1,0.5300659
0,0,0.03325768
0,1,0.64205384
0,0,0.009418896
0,0,0.0045919255
0,0,0.019022787
0,0,0.022360163
0,0,0.26439524
0,0,0.023438755
0,0,0.10291505
0,0,0.021679055
0,0,0.021557812
0,0,0.026250284
1,1,0.9086024
0,0,0.45285422
1,1,0.99999833
0,0,0.08969029
0,0,0.02697849
0,0,0.43290013
0,0,0.25645506
0,0,0.00037300467
0,0,0.27671432
1,1,0.9999976
0,0,0.11761159
1,1,0.99999785
0,0,0.0004488897
0,0,0.15543893
0,0,0.053610116
0,0,0.009300263
0,0,0.37069348
0,0,0.028630774
0,0,0.020380354
0,0,0.03847047
1,0,0.2045207
0,0,0.06965015
0,0,0.003235682
0,0,0.020333959
0,0,0.0044184076
0,0,0.012256921
0,0,0.16263407
0,0,0.05673081
0,0,0.059371784
0,0,0.011963257
0,0,0.04050203
0,0,0.033452224
0,0,0.049971834
0,0,0.003358838
0,0,0.0049609547
0,0,0.018451497
0,0,0.053855006
0,0,0.075668514
0,0,0.030852042
0,0,0.27805188
0,0,0.11466258
0,0,0.0015244946
1,1,0.9999976
0,0,0.031849746
0,0,1.8804129e-05
0,0,0.009770151
0,0,0.012613798
0,0,0.016282441
1,0,0.2479844
1,1,0.9999976
1,0,0.055515625
1,1,0.99999094
0,0,0.0069206236
0,0,0.03780852
0,0,0.00014421545
0,0,0.041418005
0,0,0.004843975
0,0,0.3900317
0,0,0.057683103
0,0,0.090959795
0,0,0.09505468
0,0,0.0013771161
0,0,0.018444516
0,0,0.007717161
0,0,0.12460989
0,0,0.12626393
0,0,0.007625734
0,0,0.18998714
1,1,0.99999785
1,0,0.2440629
0,0,0.027943868
1,1,0.99999785
0,0,0.024399746
0,0,0.11181122
0,0,0.19296913
1,1,0.9999305
1,1,0.8982087
0,0,0.09652604
0,0,0.010478975
0,0,0.1725381
0,0,0.2997222
0,0,0.037489068
1,1,0.9999119
0,0,0.22339195
0,0,0.03715463
0,0,0.0014749413
0,0,0.0056142253
0,0,0.08189395
0,0,0.08743282
0,0,0.4063964
0,0,0.0005578309
0,0,0.4753804
0,1,0.635065
0,0,0.07437215
0,0,3.7070466e-05
0,0,0.02990059
0,0,0.0037410036
0,0,0.027436653
1,1,0.9999976
0,0,0.28222266
1,0,0.21640876
0,0,0.003391804
1,0,0.2001798
0,0,0.09784745
0,0,0.003065105
0,0,0.005397748
0,0,0.055726796
0,0,0.13511045
0,0,0.03661169
0,0,0.019094007
1,1,0.99999785
0,0,0.0015854442
0,0,2.8910308e-05
1,1,0.92157865
0,0,0.01569925
0,0,0.07976782
0,0,0.22349814
0,0,0.012212952
0,0,0.012013857
0,0,0.03997066
0,0,0.026163593
0,0,0.16516522
0,0,0.050862692
0,0,0.020829052
0,0,0.01282259
0,0,0.114629686
0,0,0.017659446
0,0,0.010072774
1,1,0.973194
0,0,0.06989555
0,0,0.050184432
0,0,0.016961457
0,0,0.018768877
1,1,0.9954254
0,0,0.004260217
0,0,0.014188744
0,0,0.018713873
1,1,0.9253047
0,0,0.10919306
0,0,0.08351447
0,0,0.014957256
1,1,0.71067405
0,0,0.053163357
0,0,0.1566932
1,1,0.6248441
0,0,0.019098341
1,1,0.99995184
1,1,0.99999833
0,0,0.00019036359
0,0,0.029308783
0,0,0.027071979
0,0,0.05993078
0,0,0.0085229
1,1,0.60320926
0,0,0.008235225
0,0,0.008547397
0,0,0.41332492
0,0,0.07476463
0,0,0.06925238
0,0,0.0037289595
0,0,0.012688243
0,0,0.016587693
1,1,0.9999976
0,0,0.026220161
1,1,0.9387315
0,0,0.00019331048
0,1,0.5300659
0,0,0.049876172
0,0,0.049515218
0,0,0.015527451
0,0,0.042879634
0,0,0.07185211
1,1,0.999998
1,1,0.97629106
0,0,0.11831835
0,0,0.35367072
0,0,0.00022665145
0,0,0.02264275
0,0,0.0050931163
1,1,0.99741447
0,0,0.09300571
0,0,0.3761668
0,0,0.014172839
0,0,0.023570448
0,0,0.01797044
0,0,0.31137285
0,0,0.18035467
0,0,0.30383205
0,0,0.0012025533
0,0,0.01014481
0,0,0.115971394
0,0,0.03421306
0,0,0.014717636
0,0,0.025721282
0,0,0.0886344
0,0,0.019103903
0,0,0.043663774
0,0,0.041639496
0,0,0.012047076
0,0,0.022380624
0,0,0.0054082386
0,0,0.36798787
0,0,0.08065602
0,0,0.11700189
0,0,0.014123198
0,0,0.15277801
0,0,0.03549889
0,0,0.006765626
0,0,0.008268684
0,0,0.06270081
0,0,0.042259205
0,0,0.1743241
0,0,0.07459732
1,1,0.9999988
0,0,0.0022301164
0,0,0.0049692662
0,0,0.0075834543
0,0,0.06406024
0,0,0.06686415
1,1,0.99999833
1,1,0.99999774
1,1,0.708856
0,0,0.23486523
0,0,0.11428305
0,0,0.0010175941
0,0,0.0020294692
1,1,0.9999976
0,0,0.014868684
0,0,0.016989347
0,0,0.04141462
0,0,0.049951002
1,1,0.99999833
1,1,0.97134227
0,0,0.0052501555
0,0,0.108607434
0,0,0.002009053
0,0,0.027254319
0,0,0.20309366
0,0,0.25289646
0,0,0.12156402
0,0,0.022701079
0,0,0.027053019
0,0,0.0067067402
0,0,0.06937187
0,0,0.4293219
1,1,0.9818081
0,0,0.057524323
0,0,0.35180616
0,0,0.018681116
0,0,0.023404408
0,0,0.006924993
1,1,0.9999988
0,0,0.02284863
0,0,0.29479438
0,0,0.026430266
0,0,0.0049776267
0,0,0.0064251767
0,0,0.0059401398
0,0,0.01741172
1,1,0.98932076
1,0,0.41350317
0,0,0.051883478
0,1,0.58728284
0,0,0.09716106
1,1,0.9999119
0,0,0.008294261
0,0,0.30382317
0,0,0.008169997
1,1,0.9782105
0,0,0.04309403
0,0,0.33666128
0,0,0.34598514
0,0,0.004971287
0,1,0.5922065
0,0,0.17680344
0,0,0.0038926401
0,0,0.040547602
0,0,0.06347787
0,0,0.003428975
1,1,0.9999988
1,1,0.67309606
0,0,0.020097652
0,0,0.038598392
0,0,0.03975024
0,0,0.032869387
0,0,0.05901963
0,0,0.2997222
0,0,0.054446444
0,0,0.035770275
0,0,0.00039239868
1,1,0.9999976
0,0,0.000570245
0,0,0.05487301
0,0,0.049771544
0,0,0.00057605666
0,0,0.027114939
0,0,0.091733
0,0,0.0060571837
0,0,0.052075427
0,0,0.00042812823
0,0,0.0010499771
0,0,0.3672217
0,0,0.054676022
0,0,0.014875755
0,0,0.057746828
0,0,0.0032130678
0,0,0.00955134
0,0,0.0350849
0,0,0.0030498945
1,1,0.99999785
0,0,0.0032076982
0,0,0.006040813
0,0,0.30207297
1,1,0.97629106
0,0,0.05508633
0,0,0.015831416
0,0,0.00026162123
0,0,0.041331623
0,0,0.0035170605
0,0,0.027511155
1,1,0.97540957
0,0,0.005234311
0,0,0.011600992
1,1,0.9894132
0,0,0.44767588
0,0,0.01847617
0,0,0.20104405
0,0,0.015591674
0,0,0.37240636
1,1,0.9999987
0,0,0.022387015
0,0,0.014370249
0,0,0.0033087346
0,0,0.0116515
0,0,0.0075325435
0,0,0.33676958
1,1,0.99999833
0,0,0.0030386369
0,0,0.0018727151
0,0,0.031195045
0,0,0.050184432
0,0,0.021339899
0,0,0.059988353
1,1,0.9999988
0,0,0.0891835
0,0,0.034054916
0,0,0.35944858
0,0,0.008228713
0,0,0.010692527
0,0,0.025498316
1,0,0.020674223
0,0,0.19620103
0,0,0.0012118067
0,0,0.032543827
0,0,0.12102283
0,0,0.035014015
0,0,0.049643144
1,0,0.4685477
1,1,0.99999774
0,0,0.10139128
1,1,0.9999976
0,0,0.024143722
0,0,0.34867254
0,0,8.1868486e-05
0,0,0.00014219437
0,0,0.011247806
0,0,0.10107922
0,0,0.008193073
0,0,0.0013679523
1,1,0.9880932
1,1,0.999998
0,0,0.14096537
0,0,0.09712029
0,0,0.062152777
0,0,0.04166831
0,0,0.29069418
0,0,0.0032333282
0,0,0.018947836
0,0,0.073719405
0,0,0.27671432
0,0,0.064439915
0,0,0.046788014
0,0,0.019783119
0,0,0.0007562801
1,1,0.99999833
0,0,0.33856645
0,0,0.008169997
0,0,0.1777676
0,0,0.417161
0,0,0.00022107064
0,0,0.000303589
0,0,0.00573129
1,1,0.54644066
1,1,0.99549615
0,0,0.0034132705
0,0,0.0045913938
1,1,0.9929367
0,0,0.14395976
0,0,0.0008306756
0,0,0.035761897
0,0,0.00904742
0,1,0.58915055
0,0,0.0064904094
1,1,0.99999785
1,1,0.99999833
0,0,0.11050884
0,0,0.46587878
0,0,0.10155659
0,0,0.13843949
1,1,0.986414
0,0,0.010122162
0,0,0.23816861
1,1,0.9999987
1,1,0.99999857
0,0,0.07010825
0,0,0.09600032
0,0,0.020516934
1,0,0.029087452
0,0,0.15124874
0,0,0.024644531
1,1,0.9999987
0,0,0.032152142
0,0,0.008956461
0,0,0.26900968
0,0,0.045290068
1,1,0.99999833
0,0,0.008664727
0,0,0.018088572
0,0,0.47257474
0,0,0.0043524667
0,0,0.3597731
1,1,0.99999833
0,0,0.24233046
0,0,0.0054515027
0,0,0.005190565
0,0,0.1483293
0,0,0.0023493662
0,0,0.014138656
1,1,0.99999833
0,0,0.020651905
0,0,0.033973724
1,1,0.99999785
0,0,0.22562091
0,0,0.0057092654
0,0,0.0024938912
0,0,0.010041669
1,1,0.74901307
0,0,0.050420083
0,0,0.22741581
0,0,0.11789436
0,0,0.007780569
0,0,0.0707681
0,0,0.024750827
1,1,0.9999976
0,0,0.0029061616
0,0,0.016688248
0,0,0.03391715
1,1,0.99999774
0,0,0.010699676
0,0,0.020548958
1,1,0.5143607
0,0,0.0022773447
0,0,0.049072187
0,0,0.03231461
1,1,0.9999976
0,0,0.13573818
0,0,0.015033003
1,1,0.99999785
0,0,0.014471303
0,0,0.015912266
0,0,0.0047855717
0,0,0.03880462
0,0,0.021786096
0,0,0.10487979
0,0,0.21875879
0,0,0.026651016
0,0,9.594273e-05
0,1,0.50765425
0,0,0.04108605
0,0,0.16976121
0,0,0.007707428
1,1,0.9999987
0,0,0.36690965
0,0,0.036993604
0,0,0.044753566
0,0,0.047229808
0,0,0.018603362
0,0,0.0045131077
1,1,0.99999833
1,1,0.8697834
0,0,0.28652054
0,0,0.016220849
0,0,0.28348333
0,0,0.2502852
0,0,0.06737184
1,1,0.9875328
1,1,0.99203753
0,0,0.26499474
0,0,0.005093522
0,0,0.013087816
1,1,0.9999987
0,0,0.006578622
1,1,0.9999976
1,1,0.99999857
0,0,0.018933984
0,0,0.07942568
0,0,0.36320105
0,0,0.2941165
0,1,0.50455725
0,0,0.027042102
0,0,0.14504397
0,0,0.07688724
0,0,0.010703443
0,0,0.008918904
0,0,0.020457525
0,0,0.009203998
0,0,0.03667473
1,0,0.40958855
0,0,0.08814404
0,0,0.04770637
0,0,0.062028725
0,0,0.08879354
0,0,0.00037335098
0,0,0.0299157
0,0,0.119575895
0,0,0.0443617
1,1,0.973194
0,0,0.3847712
0,0,0.052867517
0,0,0.032164436
0,0,0.16323669
0,0,0.00081842364
0,0,0.07683693
0,0,0.014501733
0,0,0.02217884
0,0,0.2058622
0,0,0.029924044
0,0,0.112375304
0,0,0.0018551649
0,0,0.008644836
0,0,0.012721044
0,0,0.06468724
0,0,0.009677471
0,0,0.0030989884
0,0,0.00038356212
0,0,0.021606587
0,0,0.0016961771
0,0,0.016701289
0,0,0.0020210845
0,0,0.37069348
0,0,0.029032718
0,0,0.0010374227
0,0,0.19559447
0,0,0.011396705
0,0,0.40958855
1,1,0.84662724
0,0,0.008915701
0,0,0.011539457
0,0,0.01809302
1,1,0.8738791
0,0,0.01026509
0,0,0.034737118
0,0,0.0015051006
0,0,0.0030573094
0,0,0.008065436
0,0,0.0032758242
0,0,0.037309647
0,0,0.021082193
0,0,0.00027293287
1,0,0.06545771
0,0,0.29304007
0,0,0.0006865198
0,0,0.0035170605
1,1,0.8484766
0,0,0.013724617
0,0,0.076218784
0,0,0.08687763
0,0,0.2563539
0,0,0.009631392
0,0,0.013103549
0,0,0.07515088
0,0,0.0033330794
0,0,0.029746108
0,0,0.055482496
0,0,0.12282466
1,0,0.21068668
0,0,0.19300693
1,1,0.9999976
0,0,0.002388403
0,0,0.036519453
0,0,0.014447093
0,0,0.10657376
0,0,0.22756676
0,0,0.06722458
0,0,0.028774424
0,0,0.07038561
0,0,0.0037990112
0,0,0.007500504
0,0,0.0017861258
0,0,0.04463541
0,0,0.27581003
0,0,0.028483115
0,0,0.052795827
0,0,0.018762212
0,1,0.50869244
0,0,0.16131783
0,0,0.2997222
0,0,0.012239459
1,1,0.877616
1,1,0.9999988
0,0,0.074499555
1,1,0.98557013
0,0,0.007934153
0,0,0.00013626755
0,0,0.00020042984
0,0,0.021048255
0,0,0.006755809
0,0,0.042628776
0,0,0.007889517
0,0,0.072567455
1,1,0.90674686
0,0,0.09077855
0,0,0.035935618
0,0,0.008493085
0,0,0.08829135
0,0,0.0029006868
0,0,0.022701079
0,0,0.057263605
0,0,0.0028851235
0,1,0.7796109
0,0,0.05487882
0,0,0.0009211812
0,0,0.009646158
0,0,0.03874811
0,1,0.5300659
1,1,0.7582403
0,0,0.23505925
0,0,0.24302599
0,0,0.10922528
0,0,0.027288549
0,0,0.095734306
0,1,0.52356505
0,0,0.21662144
0,0,0.03362897
0,0,0.033968743
0,0,0.27671432
0,0,0.052964933
0,0,0.027257064
0,0,0.0027120563
0,0,0.009635353
0,0,0.17394543
0,0,0.019765282
0,0,0.0042550415
0,0,0.28833616
1,1,0.9999987
1,1,0.9999968
0,0,0.006969298
0,0,0.0024345128
1,1,0.99996996
1,1,0.9602177
0,0,0.03174475
0,0,0.12968363
1,1,0.99999774
0,0,0.038799908
0,0,0.26648253
0,0,0.012612925
0,0,0.011058531
0,0,0.013016514
0,0,0.0024968835
0,0,0.0089718895
0,0,0.010392948
0,0,0.021059036
0,0,0.006763367
0,0,0.17740068
0,0,0.006763367
0,0,0.367665
0,0,0.009623421
1,1,0.99999845
0,0,0.02517876
0,0,0.08308261
0,0,0.29479438
0,0,0.22154725
0,0,0.00066369446
0,0,0.015577898
0,0,0.004160072
0,0,0.0034789944
0,0,0.00066995324
0,0,0.016065242
0,0,0.05508633
0,0,0.0026650766
1,1,0.99518603
0,0,0.04847212
0,0,0.011842586
0,0,0.025553718
0,0,0.04976446
0,0,0.0002460627
1,1,0.99999785
0,0,0.13200738
0,0,0.007984557
0,0,0.016892599
0,0,0.10602035
0,0,0.08757716
0,0,0.17548689
1,1,0.9999988
0,0,0.0571585
0,0,0.07242085
0,0,0.022087032
0,0,0.00012235274
0,0,0.0150646735
0,0,0.0001758418
0,0,0.00811756
0,0,0.15069284
0,0,0.17129318
0,0,0.10740123
0,0,0.009603704
0,1,0.58728284
1,1,0.99999833
0,0,0.039037406
0,0,0.0011344915
0,0,0.029566865
0,0,0.009370991
0,0,0.070343584
0,0,0.0016041342
0,0,0.0046581156
0,0,0.010577803
0,0,0.04164936
0,0,0.005934283
0,0,0.10395363
0,0,0.0072895363
0,0,0.06382621
0,0,0.04025335
0,0,0.011032378
0,0,0.04865091
0,0,0.30842626
0,0,0.0062776557
0,0,0.024719443
0,1,0.8484426
0,0,0.05478627
0,0,0.018857084
0,0,0.009045907
0,0,0.0096157575
1,1,0.9999987
0,0,0.24410677
0,0,0.037864823
0,0,0.010799019
0,0,0.03463616
0,0,0.007260186
0,0,0.0133098345
0,0,0.0035565034
1,1,0.99731725
0,0,0.0027069217
0,0,0.00072182453
1,1,0.9999976
0,0,0.005042289
1,1,0.9999987
0,0,0.08996012
0,0,0.19853382
0,0,0.22134165
1,1,0.999998
0,0,0.04678107
1,1,0.99997807
0,0,0.007925942
1,1,0.6777229
0,0,0.025930198
0,0,0.0013616373
0,0,0.41240248
1,1,0.9641277
1,1,0.9999144
0,0,0.00167464
0,0,0.29893497
0,0,0.08002105
0,1,0.7387253
0,0,0.43547297
0,0,0.08417966
1,1,0.9960592
0,0,0.12055995
0,0,0.16499317
0,0,0.2997222
0,0,0.09031068
0,0,0.0008907137
0,0,0.020454615
1,1,0.58728284
0,0,0.077819295
0,0,0.007437301
0,0,0.043544877
0,0,0.009705607
0,0,0.00010991837
0,0,0.1561474
0,0,0.13812692
0,0,0.005309253
0,0,0.0073758177
0,0,0.015174512
1,1,0.9999976
1,1,0.53418475
0,0,0.038226955
0,0,0.0002540573
1,1,0.9999976
0,0,0.00014019107
0,0,0.023256598
0,0,0.051842302
0,0,0.017861633
0,0,0.0021635406
0,0,0.02498611
0,0,0.20472239
0,0,0.0035425287
0,0,0.010789895
0,0,0.0014751393
0,0,0.0004929686
1,1,0.9999144
0,0,0.006860158
0,0,0.0052479496
0,0,0.013235133
0,0,0.16836804
0,0,0.16064766
0,0,0.015105885
0,0,0.11477594
1,1,0.9999988
0,0,0.0025960403
0,0,0.38080102
0,0,0.0016749087
1,1,0.99999833
0,0,0.068153
0,0,0.09929735
0,0,0.09470891
0,0,0.0039244317
0,0,0.0034132705
0,0,0.048977885
0,0,0.014979846
0,0,0.0072278627
0,0,0.0565144
0,0,0.15884356
0,0,0.00053468347
0,0,0.051147994
0,0,0.18068738
0,0,0.1748505
0,0,0.0026867623
0,0,0.052204084
0,0,0.074487716
0,0,0.023316285
0,0,0.057377268
0,0,0.0001199436
0,0,0.09265931
0,0,0.005365807
1,1,0.62609553
0,0,3.8613423e-05
0,0,0.21536288
0,1,0.6529925
0,0,0.1129378
0,0,0.19443096
0,0,0.05782544
0,0,0.059616797
0,0,0.049670327
0,0,0.0037776146
0,0,0.1557523
0,0,0.009378045
0,0,0.025376182
0,0,0.009045907
1,1,0.9994961
0,0,0.021097654
0,0,0.057587482
0,0,0.011341875
0,0,0.028122814
0,0,0.006658049
1,0,0.35979947
1,1,0.9999976
0,0,0.01709614
0,0,0.008182796
0,0,0.002845371
0,0,0.0009483728
0,0,0.010158039
1,1,0.9872458
0,0,0.018619489
0,0,0.06549115
0,0,0.005394426
0,0,0.0077435435
1,1,0.9999988
0,0,0.0005272301
0,0,0.0025770087
0,1,0.76101047
0,0,0.0014979837
0,0,0.2244941
0,0,0.053608842
0,0,0.016345656
0,0,0.08931864
0,0,0.002952568
1,1,0.99999833
0,0,0.031042742
0,0,0.00027682984
1,1,0.9999988
1,1,0.99999785
0,0,0.0017466347
0,0,0.036652222
0,0,0.042463224
0,0,0.0036330721
0,0,0.0017390281
1,0,0.123920195
0,0,0.2846526
0,0,0.21538809
0,0,0.046998713
0,0,0.20681635
1,1,0.98217875
0,0,0.017179148
0,0,0.0010447054
0,0,0.048562597
1,0,0.07917988
0,0,0.00014895051
1,1,0.99999774
1,1,0.9999976
0,0,0.060026634
0,0,0.041587472
1,1,0.999995
0,0,0.005166226
0,0,0.17140107
0,0,0.035315786
0,0,0.47037482
0,0,0.0077837906
0,0,0.0072631454
0,0,0.0038978634
0,0,0.0012069512
0,0,0.0347473
0,0,0.19758393
0,0,0.0053661964
0,1,0.5552534
0,0,0.007926043
0,0,0.1075507
1,1,0.99999833
0,0,0.0033371907
0,0,0.21679863
0,0,0.0092664985
0,0,0.029246088
0,0,0.0031480093
0,0,0.04263192
1,1,0.9999987
0,1,0.58728284
0,0,0.004333633
0,0,0.052290156
0,0,0.024617177
1,1,0.9999987
1,1,0.9999976
0,0,0.046764012
0,0,0.01811566
0,0,0.04012178
0,0,0.0030534924
0,0,0.1628318
1,1,0.88595104
0,0,0.011635323
0,0,0.27671432
0,0,0.020281557
1,1,0.9346913
1,1,0.9999987
0,0,0.14804688
0,0,0.017570231
0,0,0.031832833
0,0,0.011901629
0,0,0.02005108
0,0,0.027916655
0,0,0.07539128
1,1,0.99999285
0,0,0.020390082
0,0,0.0257931
0,0,0.000981343
0,0,0.07673527
0,0,0.11020493
0,1,0.5552534
0,0,0.42209393
0,0,0.00647567
0,0,0.039401203
0,0,0.090780884
0,0,0.026492203
0,0,0.26190668
0,0,0.06665385
0,0,0.010571721
0,0,0.07691644
0,0,0.022233443
1,1,0.98995847
0,0,0.19851024
0,0,0.029133987
1,1,0.62407285
0,0,0.36690965
0,1,0.50455725
0,0,0.040296692
0,0,0.23118213
0,0,0.01644627
0,0,0.069323234
0,0,0.31627727
1,1,0.9810852
0,0,0.12639992
0,0,0.021053035
0,0,0.007758117
0,0,0.095545866
0,0,0.023723185
0,0,0.1065756
1,1,0.999998
0,0,0.0116398325
0,0,0.039867833
0,0,0.035383616
1,1,0.9999273
0,0,0.00035453605
0,0,0.0035425287
0,0,2.620311e-05
0,0,0.18323962
0,0,0.389623
0,0,0.17672706
1,1,0.99999785
0,0,0.0022971248
0,0,0.13378403
0,0,0.07919913
0,0,0.073962644
0,0,0.032274954
0,0,0.022677865
0,0,0.004238809
1,1,0.9859125
0,0,0.17987904
0,0,0.019142902
0,0,0.0071436856
0,0,0.023766771
0,0,0.014682557
0,0,0.12129193
0,0,0.07298614
0,0,0.012739358
0,0,0.0066084173
0,0,0.018828303
0,0,0.005659345
0,0,0.14783444
0,0,0.018283522
1,1,0.98217875
0,0,0.005326798
0,0,0.2960223
0,0,0.037537966
0,0,0.07058718
0,0,0.08080296
1,1,0.99999785
0,0,0.2453556
0,0,0.10178286
1,1,0.99999845
0,0,0.025290014
0,0,0.12064769
0,0,0.034343008
1,0,0.41675052
0,0,0.008996658
0,0,0.010502522
0,0,0.062028643
0,0,0.057614464
1,1,0.9840443
0,0,0.2825759
0,0,0.0030039502
0,0,0.04129337
1,1,0.9999976
0,0,0.0018895054
0,0,0.0029011075
1,1,0.99999785
0,0,0.10306793
0,0,0.03154099
0,0,0.039972972
0,0,0.0017676398
0,0,0.0047928556
1,1,0.9906053
1,1,0.9999976
0,0,0.006786219
1,1,0.5411154
0,0,0.009534921
0,0,0.021797733
0,0,0.0074856416
0,0,0.0052648764
0,0,0.001682772
0,0,0.36520734
0,0,0.014724415
1,1,0.98977154
0,0,0.011634912
0,0,0.0013182084
1,1,0.53418475
0,0,0.06224135
1,1,0.9701927
0,0,0.0036478234
0,0,0.027437963
1,1,0.99999857
0,0,0.043776132
1,1,0.9999981
0,0,0.030407796
0,0,0.0025669252
0,0,0.09340438
0,0,0.06387474
0,0,0.010786282
1,1,0.9999976
0,0,0.05763254
0,0,0.02078869
1,1,0.9998735
0,0,0.05286617
0,0,0.2479192
0,0,0.0017474779
1,1,0.9999988
0,0,0.008540987
0,0,0.010618948
0,0,0.098759234
0,0,0.009275017
1,1,0.85000515
1,1,0.7709582
0,0,0.37240636
0,0,0.024514847
0,0,0.050462704
0,0,0.21130162
0,0,0.0069986437
0,0,0.049624365
1,1,0.9999987
0,0,0.03704855
0,0,8.850077e-05
0,0,0.01947278
0,0,0.0109213535
0,0,0.031352345
1,1,0.9146369
0,0,0.02489735
0,0,0.03165922
0,0,0.09553626
0,0,0.018659115
0,0,0.07957702
1,1,0.9999987
0,0,0.05508633
0,0,0.051794954
0,0,0.026325855
0,0,0.15987436
0,0,0.12385648
0,0,0.020847095
1,0,0.48701197
1,1,0.9905811
0,1,0.544803
0,0,0.052290156
0,0,0.0009020851
0,0,0.05381632
0,0,0.0042464174
0,0,0.037797183
0,0,0.027360482
0,0,0.003909539
1,1,0.70861375
0,0,0.0073222243
0,0,0.022087032
0,0,0.009312481
0,0,0.33394253
0,0,0.009560528
0,0,0.16169016
0,0,0.0052295807
0,0,0.014729285
0,0,0.055750314
0,0,0.00016903576
1,1,0.9999968
0,0,0.24012244
0,0,0.027889324
0,0,0.21262656
0,0,0.4685477
0,0,0.028947705
0,0,0.06422581
0,0,7.648086e-05
1,1,0.9999976
1,1,0.99999714
0,0,0.00057967135
0,0,0.080782674
0,0,0.0048406846
0,0,0.011758694
0,0,0.06174744
0,0,0.010560943
0,0,0.11680316
0,0,0.09553952
0,0,0.04004425
0,0,0.058064263
0,0,0.034562718
0,0,0.10746266
0,0,0.12906125
0,0,0.007382419
0,0,0.00018066529
0,0,0.069077015
0,0,0.011191352
0,0,0.0018302675
0,0,0.02990059
1,1,0.99999845
0,0,0.03033261
0,0,0.01505946
0,0,0.02439784
1,0,0.28198773
0,0,0.00053863105
0,0,0.035959214
1,1,0.98419005
0,0,0.47257474
0,0,0.024194125
0,0,0.02466949
0,0,0.009697544
0,0,0.0007940888
0,0,0.10254052
0,0,0.0625976
0,0,0.022945669
0,0,0.03808226
0,0,0.0055001015
0,0,0.08805123
0,0,0.01726582
1,1,0.9999968
0,0,0.047622472
0,0,0.19046287
0,0,0.010806127
0,0,0.032979082
0,0,0.00470707
0,0,0.017139148
0,0,0.08189395
0,0,0.06450534
0,0,0.046325248
0,0,0.048924975
1,1,0.9999987
1,1,0.9999988
0,0,0.12505405
0,0,0.012318289
0,0,0.033234064
1,1,0.99999857
0,0,0.011878134
0,0,0.24410762
1,0,0.084771566
0,0,0.17256184
0,0,0.0025761984
0,0,0.0063846805
1,1,0.99999833
1,1,0.9999976
0,0,0.3180874
0,0,0.005743119
0,0,0.0022847643
0,0,0.0030967307
0,0,0.1043954
0,0,0.33955422
0,0,0.13030553
0,0,0.12288179
0,0,0.08287048
0,0,0.03613261
0,0,0.005948291
0,0,0.077141486
0,0,0.02365599
0,0,0.0039563146
0,0,0.24238081
0,0,0.10554967
0,0,0.021208987
0,0,0.3466936
1,0,0.17200275
0,0,0.105115004
0,0,0.004425211
0,0,0.020746494
0,0,0.061126404
0,0,0.034801476
0,0,0.027433231
0,0,0.11022955
0,0,0.20527115
0,0,0.07234499
0,0,0.0005496793
0,0,0.46043378
0,0,4.83914e-05
0,0,6.344143e-05
0,0,0.16856825
0,0,0.010699676
0,0,0.010629539
0,0,0.020543264
0,0,0.3788974
0,0,0.008439261
0,0,7.922336e-05
1,0,0.16311464
0,0,0.12890127
0,0,0.008110799
0,0,0.12349537
0,0,0.008805422
0,0,0.26984274
0,0,0.25979772
0,0,0.014954923
0,0,0.07317071
0,0,0.017592527
0,0,0.07395887
0,0,0.00010991837
0,0,0.0040940787
0,0,0.004075747
0,0,0.084548205
0,0,0.0043654004
0,0,0.0007669634
0,0,0.039735686
0,0,0.042663693
0,0,0.00016664229
1,1,0.9999981
0,0,0.029878635
0,0,0.0036714312
0,0,0.04595542
0,0,0.0011498973
0,0,0.0021403967
0,0,0.036869213
0,0,0.013489192
0,0,0.034588143
0,0,0.0110467775
1,1,0.9999976
0,0,0.014178203
0,0,0.00033985166
0,0,0.016392328
0,0,0.009802312
0,0,0.0011122947
0,0,0.023146037
0,0,0.025524171
1,1,0.99999833
0,0,0.011722456
1,1,0.9984609
0,0,0.007828064
0,0,0.0023291837
1,1,0.9312195
0,0,0.09883078
1,1,0.99999857
0,0,0.19878238
0,0,0.05974031
0,0,0.33217385
1,1,0.9999988
0,0,0.05247726
0,0,0.0016950429
0,0,0.16040577
0,0,0.021720741
0,0,0.031420995
0,0,0.02811181
0,0,0.30263883
1,1,0.511807
1,1,0.99999833
0,0,0.040177997
0,0,0.09027236
1,1,0.99999833
0,1,0.88297087
0,0,0.0064404947
1,0,0.19190888
0,0,0.17189491
0,0,0.30222777
0,0,0.15456563
0,0,0.046789493
1,1,0.99999785
0,0,0.00396828
0,0,0.09425199
0,0,0.040786408
0,0,0.00028325018
0,0,0.05170738
0,0,0.03116325
0,0,0.0021364174
0,0,0.0423414
1,1,0.6468969
0,0,0.20926641
0,0,0.2544053
0,0,0.03725717
0,0,0.36690965
0,0,0.04330926
1,1,0.99999857
0,0,0.03218904
0,0,0.011981696
0,0,0.01846459
0,0,0.030051244
1,1,0.9999976
0,0,0.042680483
0,0,0.0015594527
1,1,0.9999988
0,0,0.0039792904
0,0,0.12961717
0,0,0.0011579953
1,1,0.80307376
1,1,0.9999987
1,1,0.99999845
0,0,0.0011406412
0,0,0.038273167
0,0,0.055296704
0,0,0.45024663
1,1,0.9999981
0,0,0.0608132
0,0,0.007167663
0,0,0.011394503
0,0,0.002738042
0,0,0.36520734
0,0,0.3399265
0,0,0.023820648
0,0,0.09450947
0,0,0.0018946418
0,0,0.0037145745
1,1,0.99999833
1,1,0.99999833
0,0,0.004594821
0,0,0.013964204
0,0,0.036715075
0,0,0.20695268
0,0,0.029998243
0,0,0.00071596284
0,0,0.041639496
0,0,0.07439285
0,0,0.013215842
0,0,0.08980854
1,1,0.571697
0,0,0.005778457
1,1,0.99999726
0,0,0.05321876
1,1,0.99999833
0,0,0.15800582
0,0,0.008256434
0,0,0.021711655
1,1,0.9999976
0,0,0.014402926
0,0,0.0009248062
0,0,0.00028373345
0,0,0.0010499771
0,0,0.15678245
0,0,0.034894694
1,1,0.9999988
0,0,0.011533895
0,0,0.022331344
0,0,0.45394304
0,0,0.0076967687
0,0,0.048945095
0,0,0.011227106
0,0,0.0026336645
0,0,0.021908225
0,0,0.035267156
0,0,0.002278925
1,0,0.47992274
0,0,0.10591311
0,0,3.507623e-05
0,0,0.031420857
0,0,0.02670166
0,0,0.006666875
0,0,0.03144237
0,0,0.025787558
0,0,0.0056166695
0,0,0.0068175006
0,0,0.009606617
0,0,0.07029129
0,0,0.03816095
1,1,0.99999785
0,1,0.63221806
0,0,0.13672677
1,1,0.73749423
0,0,0.06737338
0,0,0.0012944525
0,0,0.066427976
1,0,0.0676608
0,0,0.37245855
0,0,0.0706653
0,0,0.011302799
0,0,0.058150657
0,0,0.09838222
0,0,0.018924078
0,0,0.005575847
0,0,0.00908193
0,0,0.013844703
1,1,0.9999144
0,0,0.013235133
0,0,0.14060219
0,0,0.0042187218
1,0,0.107733704
0,0,0.111177534
0,0,0.11479961
0,0,0.010381487
0,0,0.011677948
0,0,0.35260528
0,0,0.02670166
0,0,0.031013329
0,0,0.029206118
0,0,0.026211223
0,0,0.03117362
0,0,0.32759613
0,0,0.07355681
0,0,0.008709306
0,0,0.003931004
0,0,0.026006224
0,0,0.17824781
0,0,0.005524018
0,0,0.009998446
0,0,0.10548128
0,0,0.059157867
0,0,0.002490887
0,0,0.01422534
1,0,0.26625624
0,0,0.011003307
0,0,0.05015264
0,0,0.39367193
0,0,0.083182104
0,0,0.039228324
0,0,0.19682264
0,0,0.00017498959
1,0,0.4785157
1,1,0.9999987
1,1,0.99999714
1,1,0.99997354
0,0,0.015561697
0,0,0.031525016
1,0,0.095635876
0,0,0.026531387
1,0,0.0026785517
0,0,0.003831577
1,1,0.99999833
0,0,0.22025056
1,1,0.99999833
0,0,0.023160255
0,0,0.0008415843
0,0,0.03288915
0,0,0.008018739
1,1,0.92348105
0,0,0.0006346651
0,0,0.0139167085
0,0,0.002954611
0,0,0.09540544
0,0,0.007955986
0,0,0.017473811
0,0,0.008471638
0,0,0.021505572
0,0,0.035624433
1,1,0.73531324
0,0,0.15358791
1,1,0.99999833
0,0,0.23381983
0,0,0.027577922
0,0,0.019051792
0,0,0.19502106
0,0,0.039323296
0,0,0.018619489
0,0,0.0054914197
0,0,0.28608936
0,0,0.05831937
1,1,0.9999988
0,0,0.013334204
0,0,0.38285998
0,0,0.022504533
0,0,0.0069199116
0,0,0.24562354
0,0,0.007383862
0,0,0.060744166
0,0,0.05589553
0,0,0.0035476575
0,0,0.004235813
0,0,0.0033970643
0,0,0.23992178
0,0,0.0106051555
0,0,0.13225794
0,0,0.3186078
0,0,0.050416637
0,0,0.17111006
0,0,0.09909769
1,1,0.9999968
0,0,0.010252816
0,0,0.012074597
1,1,0.9884575
0,0,0.078602105
0,0,0.0029500017
1,0,0.35209468
0,0,0.12515755
1,1,0.92098564
1,1,0.8057709
0,0,0.27950943
0,0,0.4607922
0,0,0.0041480595
0,0,0.0020285049
0,0,0.2086628
1,1,0.91108114
0,0,0.0008194674
0,0,0.05189564
0,0,0.009381199
0,0,0.012967225
0,0,0.013044785
0,0,0.025477955
0,0,0.036205336
1,1,0.58728284
0,0,0.10142802
0,0,0.005631349
0,0,0.016959375
0,0,0.030051244
0,0,0.0010367172
0,0,0.00730884
0,0,0.32977167
0,0,0.05610768
0,0,0.0006105129
0,0,0.062042817
0,0,0.1304867
0,0,0.00019272981
1,1,0.99999833
0,0,0.08035174
0,0,0.02254936
1,1,0.9544682
0,0,0.00045150513
0,0,0.024026781
0,0,0.14315042
0,0,0.22580399
0,0,0.022835629
1,1,0.9999988
0,0,0.031009886
0,0,0.28411716
0,0,0.49905112
0,0,0.12099248
0,0,0.0076354975
0,0,0.015561697
0,0,0.05982655
1,1,0.99999833
0,0,0.019103903
0,0,0.27753124
0,0,0.005404444
0,0,0.052002613
0,0,0.099881634
0,0,2.8081797e-05
0,0,0.00023702817
0,0,0.026946515
1,1,0.9950789
0,0,0.032014903
1,1,0.99999785
0,0,0.012766932
1,1,0.99363154
0,0,0.03441485
1,1,0.99999833
0,0,0.00731505
0,0,0.10211227
0,0,0.0382799
0,0,6.267899e-05
0,0,0.272737
0,0,0.004906728
0,0,0.023687502
0,0,0.00584158
0,0,0.21350276
0,0,0.027262837
0,0,0.113178656
0,0,0.018416002
0,0,0.026067553
1,1,0.99999833
0,0,0.051696263
0,0,0.21876012
0,0,0.037102997
0,0,0.0037289595
0,0,0.05123197
1,1,0.9999988
1,1,0.99999833
0,0,0.02786458
0,0,0.06858169
0,0,0.0074047064
0,0,7.091728e-05
0,1,0.58417124
0,0,0.12609181
0,0,0.08009939
0,0,0.079857185
0,0,0.008273206
0,0,0.010592384
0,0,0.0004551391
1,1,0.9999976
0,0,0.005549438
0,0,0.21530795
0,0,0.0076480014
0,0,0.014928794
0,0,0.032800257
0,0,0.018309807
0,0,0.012911925
0,0,0.098031774
0,0,0.010208809
0,0,0.112311706
0,0,0.034801476
0,0,0.075616635
0,0,0.007005689
0,0,0.00103438
1,1,0.9905848
0,0,0.010428997
0,0,0.0015418732
0,0,0.024398118
0,0,0.048925962
0,0,0.008066634
0,0,0.073520035
0,0,0.015012745
0,0,0.028323758
1,1,0.9999987
0,0,0.048386168
1,1,0.9999976
0,0,0.4111055
0,0,0.3966821
1,1,0.9999976
0,0,0.049601495
0,0,0.0004855528
1,1,0.99999833
0,0,0.0004234112
0,0,0.0054080794
0,0,0.016185839
0,0,0.06739328
0,0,0.037561003
0,0,0.31541258
0,0,0.034652974
0,0,0.22838213
0,0,0.051871926
1,1,0.99999833
0,0,0.04445483
0,0,0.37069348
0,0,0.02471238
0,0,0.18690728
1,1,0.9999987
0,0,0.10076223
0,0,0.01061708
0,0,0.016459133
0,0,0.019244367
0,0,0.004431865
0,0,0.000898253
0,0,0.02223983
1,1,0.9658164
0,0,0.0054305634
0,0,0.23186432
0,0,0.06325174
0,0,0.04898556
0,0,0.05690967
0,0,0.03548179
0,0,0.004736205
0,0,0.074445225
0,0,0.0071845273
0,0,0.06006067
0,0,0.010294212
0,0,0.11376953
0,0,0.0062676747
0,0,0.24503578
0,0,0.027323997
0,0,0.049387332
1,1,0.820877
0,1,0.5300659
0,0,0.0067450153
1,0,0.022418559
0,0,0.013223189
0,0,0.039688505
1,1,0.9999988
0,0,0.0027908948
0,0,0.026092753
0,0,0.11294053
1,1,0.9999987
0,0,0.059255145
0,0,0.03364621
0,0,0.007253144
1,1,0.8237253
0,0,0.028800976
0,0,0.0001066715
0,0,0.01569925
0,0,0.25736752
1,1,0.9456492
1,1,0.99999774
0,0,0.0044816034
0,0,0.000487314
0,0,0.099935316
0,0,0.0348967
0,0,0.0486152
0,0,0.009723429
0,0,0.004242107
0,0,0.03559355
0,0,0.01855139
0,0,0.20920722
0,0,0.017423013
0,0,0.020342063
0,0,0.020969909
1,1,0.94127417
1,1,0.9999988
0,0,0.017396903
0,0,0.13502568
0,0,0.0011161807
0,0,0.47257474
0,0,0.12366441
0,0,0.02506649
0,0,0.004071327
1,1,0.9426647
0,0,0.014895893
0,1,0.5335559
0,0,0.0055687604
0,0,0.049122415
0,0,0.009623421
1,1,0.9999976
0,0,0.027511155
1,1,0.9947424
0,0,0.0035705226
0,0,0.22493137
0,0,0.042435233
0,0,0.023709126
0,0,0.04108605
0,0,0.122696005
0,0,0.05514907
0,0,0.08502219
0,0,0.41350317
0,0,0.046204627
0,0,0.01753277
0,0,0.015792979
1,1,0.8557302
0,0,0.020759732
0,0,0.0013844854
0,0,0.060705073
0,0,0.004572796
0,0,0.01257127
0,0,0.012800427
0,0,0.040886123
0,0,0.0027825495
0,0,0.00071870204
1,1,0.62521255
0,0,0.0013788135
0,0,0.019964341
0,0,0.009869948
0,0,0.04041286
0,0,0.02136805
1,1,0.9524585
0,0,0.030117584
0,0,0.03574134
0,0,0.33394253
0,0,0.017901568
0,0,0.017914854
0,0,0.0049018944
0,0,0.038035005
0,0,0.035890914
0,0,0.046227366
0,0,0.058805406
0,0,0.022252584
0,0,0.13843222
0,1,0.6335072
0,0,0.1484744
0,0,0.03527847
0,0,0.06757744
1,1,0.9999988
1,1,0.6998286
0,0,0.19057567
0,0,0.03107999
0,0,0.013140122
0,0,0.04984204
0,0,0.24232887
0,0,0.007411666
0,0,0.0016985161
1,1,0.99999785
1,1,0.99949396
0,0,0.036265384
1,1,0.99999833
0,0,0.004238809
0,0,0.008815416
0,0,0.008507272
0,0,0.07481419
0,0,0.004609242
0,0,0.11098362
0,0,0.0912335
0,0,0.1810097
0,0,0.010804629
0,0,0.08834567
0,0,0.08776822
0,0,0.0018836161
0,0,0.045344934
0,0,0.006278783
0,0,0.0028520839
1,1,0.9929893
1,1,0.9999987
0,0,0.023309076
0,0,0.022207472
0,0,0.0027068327
0,0,0.0014113494
0,0,0.0015382943
0,0,0.02562064
0,0,0.030670764
0,0,0.04646193
0,0,0.0018723917
0,0,0.05073768
0,0,0.16994494
0,0,0.0024464675
0,0,0.26313037
0,0,0.022377426
0,0,0.08282466
0,0,0.23897828
0,0,0.05782639
1,0,0.07323571
0,1,0.727639
0,0,0.009580456
0,0,0.017510165
0,0,0.29479438
1,1,0.9626037
0,0,0.45696864
0,0,0.20733084
0,0,0.014047121
0,0,0.24608684
1,1,0.9601914
0,0,0.018978653
0,0,0.049251076
0,0,0.18704584
0,0,0.0072082384
0,0,0.049124006
0,0,0.029812874
0,0,0.018621253
0,0,0.018503169
0,0,0.0423414
0,0,0.010793438
0,0,0.0001267797
0,0,0.005729353
0,0,0.010792929
0,0,0.0077435435
0,0,0.035176545
1,1,0.999998
0,0,0.01050735
0,0,0.29479438
0,0,0.07197629
0,0,0.0006566193
0,0,0.06129351
0,0,0.008844311
0,0,0.050112724
0,0,0.018089246
0,0,0.017034935
0,0,0.002834292
0,0,0.016258497
0,0,0.070728175
0,0,0.016980184
0,0,0.03207524
0,0,0.0011971176
0,1,0.53418475
0,0,0.06263147
1,1,0.9134489
1,1,0.99999833
0,0,0.0029140105
0,0,0.008294261
0,0,0.008223192
0,0,0.0004533097
1,1,0.99999785
1,0,0.35367072
0,0,0.025790842
0,0,0.06313634
0,0,0.16113912
0,0,0.029106842
0,0,0.09751341
0,0,0.14817797
0,0,0.035929877
0,0,0.0043186885
0,0,0.04108605
0,0,0.04438038
0,0,0.083806194
0,0,0.41675153
0,0,0.16268104
0,0,0.048700802
0,0,0.004481353
0,0,0.41350317
0,0,0.036039975
0,0,0.0022526938
0,0,0.0019680012
0,0,0.118223235
0,0,0.008812679
0,0,0.0516644
1,1,0.9999962
0,0,0.07918826
0,0,0.016518027
0,0,0.2661686
0,0,0.023518331
0,0,0.020967359
0,0,0.057336405
0,0,0.10657848
0,0,0.021797813
1,1,0.9999988
0,0,0.011306326
1,1,0.99999845
0,0,0.004167501
1,1,0.8316559
0,0,0.0026479205
0,0,0.011196773
1,1,0.5601739
1,0,0.07656847
0,0,0.05164215
0,0,0.22576013
0,0,0.023783168
1,1,0.9999987
0,0,0.40958855
0,0,0.022527788
0,0,0.04017034
0,0,0.09496786
1,1,0.9733699
0,0,0.0067270785
0,0,0.00026356077
0,0,0.10711795
1,1,0.61951864
0,0,0.028706321
1,1,0.9999844
0,0,0.0042295726
0,0,0.0072895363
0,0,0.05189266
0,0,0.011665275
0,0,0.009783271
0,0,0.12125714
0,0,0.04145759
0,0,0.030791588
0,0,0.003624598
1,1,0.9999976
0,0,0.0729152
0,0,0.034553066
0,0,0.002724121
0,0,0.020847095
0,0,0.013941564
0,0,0.045048945
0,0,0.022366814
0,0,0.0064404947
0,0,0.1454651
1,1,0.99999833
0,0,0.0035785306
0,0,0.0040013385
0,0,0.001002298
0,0,0.008115983
1,1,0.9999119
0,0,7.4358555e-05
0,0,0.070844285
0,0,0.006680496
0,0,0.01198667
0,0,0.0061443145
0,0,0.026619406
0,0,0.3422844
0,0,0.11763097
0,0,0.002304828
0,0,0.030465778
0,0,0.07579107
0,0,0.006300357
0,0,0.0020674742
0,0,0.0008508449
0,0,0.00027682984
0,0,0.004593421
1,1,0.9999987
0,0,0.015153363
0,0,0.090419695
0,0,0.023388606
0,0,0.013620497
0,0,0.004327705
0,0,0.002778029
0,0,0.02851618
0,0,0.035298113
0,0,0.00535675
0,0,0.115333505
0,0,0.27671432
0,0,0.018037789
1,0,0.47422212
0,0,0.06412673
0,0,0.0020488405
1,0,0.33445495
1,1,0.74776995
0,0,0.039485946
0,0,0.0001156495
0,0,0.063817814
0,0,0.11796391
0,0,0.011120299
0,0,0.008076969
0,0,0.0117297545
0,0,0.029210165
0,0,0.1531228
0,0,0.18636727
0,0,0.0012860396
0,0,0.01875401
1,1,0.9992836
0,0,0.03424042
0,0,0.058055993
0,0,0.013349457
0,0,0.15676881
0,0,0.026559306
1,1,0.9999976
0,0,0.019977164
0,0,0.005930574
1,1,0.5698504
0,0,0.06368492
0,0,0.050784815
0,0,0.022040665
0,0,0.000102487815
0,0,0.018305406
0,0,0.018094236
1,1,0.99999833
0,0,0.10853067
0,0,0.050181385
0,0,0.4028051
1,1,0.99269074
0,0,0.054349646
0,0,0.11175099
0,0,0.21660672
0,0,0.05745616
0,0,0.3900317
0,0,0.0141189685
0,0,0.054465912
0,0,0.009269165
1,1,0.999998
0,0,0.1613154
0,0,0.018261576
0,0,0.010035258
0,0,0.05604405
0,0,0.022648724
1,1,0.605394
0,0,0.0035761136
1,1,0.99999785
1,1,0.9623764
1,0,0.39989418
0,0,0.012872779
0,0,0.043130897
0,0,0.0920526
0,0,6.397204e-05
0,0,0.001228463
0,0,0.012036478
0,0,0.014391823
0,0,0.012403786
0,0,0.0005515466
0,0,0.031042742
0,0,0.05455542
0,0,0.033834774
0,0,0.07816455
0,0,0.002962764
0,0,0.0112796575
0,0,0.005455959
0,0,0.036478654
0,0,0.06905716
0,0,0.017323872
0,0,0.049012993
0,0,0.077105686
1,1,0.9459191
1,1,0.99999833
0,0,0.01421003
0,0,0.23853904
0,0,0.00023634777
0,0,0.012819042
0,0,0.038079266
0,1,0.5300659
0,0,0.07241507
1,1,0.921953
0,0,0.029312998
0,0,0.024626091
0,0,0.27671432
0,0,0.030439444
0,0,0.4222365
0,0,0.02660719
0,0,0.0005189172
0,0,0.040184416
0,0,0.034634937
0,0,0.022282623
0,0,6.703251e-05
1,1,0.9999988
0,0,0.10175392
0,0,0.47257474
0,0,0.08938431
0,0,0.00079149683
0,0,0.11633326
0,0,0.004433896
0,0,0.09148018
0,0,0.014172839
1,1,0.96063536
0,0,0.071013846
0,0,0.00026199917
0,0,0.20721968
1,1,0.99999774
0,0,0.2578324
0,0,0.010859204
1,1,0.83430564
0,0,0.05757453
0,0,0.00011897683
0,0,0.00023635522
0,0,0.006079081
0,1,0.77220386
0,0,0.019983793
0,0,0.0010305262
0,0,0.030776437
0,0,0.060704134
0,0,0.00967562
1,1,0.9999809
0,0,0.00013313102
0,0,0.16290267
0,0,0.021099728
0,0,9.871828e-05
0,0,0.03894966
0,0,0.013153802
0,0,0.00040639195
0,0,0.10875379
0,0,0.0148476055
0,0,0.012177436
0,0,0.043216664
0,0,0.017032547
0,0,0.13476166
0,0,0.0015490414
0,0,0.09600032
0,0,0.01026509
1,1,0.9933763
0,0,0.055459823
0,0,0.011435776
0,0,0.035846226
0,0,0.08988572
0,0,0.0099420305
0,0,0.053059544
0,0,0.04607364
0,0,0.063175544
0,0,0.27668878
0,0,0.2553766
0,0,0.000129951
1,0,0.2997222
0,0,0.07517073
0,0,0.013230446
0,0,0.031473454
0,0,0.20803294
0,0,0.049671948
0,0,0.21731997
0,0,0.036542337
0,0,0.030404914
0,0,0.027466187
0,0,0.00019638646
1,1,0.58191365
1,1,0.9999976
1,1,0.9999968
0,0,0.13890609
0,0,0.046865176
0,0,0.0011421514
0,0,0.005481809
1,1,0.99999833
0,0,0.033236176
0,0,0.019259961
0,0,0.039110642
0,0,0.14620924
0,0,0.2331117
0,0,0.0679813
0,0,0.006282929
0,0,4.088023e-05
0,0,0.32810995
0,0,0.24789482
0,0,0.022751685
0,0,0.0080336435
1,1,0.99999833
0,0,0.084174685
1,1,0.9743009
0,0,0.14843167
0,0,0.023096772
0,0,0.022086134
0,0,0.040053226
0,0,0.0003984018
1,1,0.9999988
0,0,0.003810624
0,0,0.0139862485
0,0,0.043320443
0,0,0.00065296714
0,0,0.001579609
0,0,0.014233574
0,0,0.2997222
0,0,0.07639688
0,0,0.004860731
0,0,0.000110254296
0,0,0.115061104
0,0,0.0009514078
0,0,0.0018048923
1,1,0.95794463
1,1,0.999998
0,0,0.13074726
0,0,0.0066162166
0,0,0.046665516
0,0,0.0005011781
0,0,0.3658965
0,1,0.7758997
0,0,0.08901765
0,0,0.091302395
0,0,0.4934891
0,0,0.031484067
0,0,0.02006882
0,0,0.0008230531
1,1,0.9999119
0,0,0.0567405
0,0,0.0005149031
0,0,0.37069348
0,0,0.038936064
1,1,0.6627323
0,0,0.09922552
1,1,0.9999988
0,0,0.12072691
0,0,0.022995511
0,0,0.09372575
0,0,0.0022948594
0,0,0.37240636
0,0,0.0015846889
0,0,0.011936699
0,0,0.045897335
1,1,0.99999833
1,1,0.521218
0,0,0.0080580115
0,0,0.009835367
0,0,0.042624097
0,0,0.013523495
0,0,0.0041719913
0,0,0.0048726792
0,0,0.012775589
0,0,0.42229643
0,0,0.0117115835
0,0,0.03655075
0,0,0.45024663
0,0,0.008510474
0,0,0.036093272
1,1,0.9999987
0,0,0.018335903
1,1,0.71492195
1,1,0.9966084
0,0,0.41350317
0,0,0.054060783
0,0,0.013223189
0,0,0.04658046
0,0,0.010404828
0,0,0.027938118
0,0,0.06656966
0,0,0.062145974
0,0,0.020845523
0,0,0.08846186
1,1,0.93714374
0,0,0.007904613
0,0,0.013053788
0,0,0.15095305
0,0,0.07191015
0,0,0.015544166
0,0,0.09668474
0,0,0.00197816
0,0,0.072546676
0,0,0.29046226
0,0,0.006085852
0,0,0.0043836893
0,0,0.00836017
0,0,0.028381301
1,1,0.9999883
0,0,0.042903017
0,0,0.007527601
0,0,0.0019909705
0,0,0.06668662
0,0,0.02345939
0,0,0.002972885
0,0,0.04636392
0,0,0.0032453728
0,0,0.026190856
0,0,0.24481553
0,0,0.010861586
0,0,0.0020440347
0,0,0.21995114
1,1,0.9999987
0,0,0.11015348
0,0,0.020622851
0,0,0.17840959
0,0,0.00045898423
0,0,0.09834105
0,0,0.4779253
1,1,0.99999833
0,1,0.594502
1,1,0.9999976
0,0,0.00081572623
0,0,0.0054809377
0,0,0.011917565
0,0,0.09094123
1,1,0.9985416
0,0,0.4384528
1,1,0.9991491
0,0,0.017561493
1,1,0.9999987
0,0,0.05250763
0,0,0.10654888
1,1,0.999998
1,1,0.9999988
0,0,0.004182256
0,0,0.0008652712
0,0,0.002106408
0,0,0.108001694
0,0,0.00525622
0,0,0.031191638
0,0,0.081360325
1,1,0.9999976
0,0,0.05287622
0,0,0.0049368143
0,0,0.0068208855
0,0,0.011640414
0,0,0.065761395
1,1,0.999998
0,0,0.008071378
0,0,0.03161976
0,0,0.015873203
0,0,0.038106035
1,1,0.67385215
0,0,0.00019191178
0,0,0.023806605
1,1,0.9999988
0,0,0.010770562
1,1,0.9999976
0,0,0.35367072
0,0,0.0039001338
0,0,0.007260629
1,1,0.9940036
0,0,0.015940912
0,0,0.45266664
0,0,0.023937935
0,0,0.09429807
0,0,0.061338443
0,0,0.14958225
1,1,0.9999976
0,0,0.08813979
0,0,0.020029861
1,1,0.9999976
0,0,0.06911196
0,0,0.017001806
0,0,0.0028413935
0,0,0.070155255
0,0,0.4685477
0,0,0.026055815
1,1,0.9999976
0,0,0.031002615
0,0,0.024240702
0,0,0.1964588
0,0,0.1765001
0,0,0.010131397
0,0,0.19579928
0,0,0.029906647
1,1,0.9999976
0,0,0.024049226
0,0,0.023376964
1,1,0.8274676
0,0,0.0068908352
0,0,0.01408247
0,0,0.0010135473
0,0,0.22969303
0,0,0.45084977
0,0,0.099301
0,0,0.032118052
0,0,0.36047736
0,0,0.0055061975
0,0,0.0030807778
0,0,0.000759202
1,1,0.9999988
0,0,0.08572678
0,0,0.008005024
0,0,0.10483462
0,0,0.004802395
0,0,0.0772386
0,0,0.008046722
1,1,0.5259966
0,0,0.013091715
0,0,0.038754713
0,0,0.015973633
0,0,0.028542096
0,0,0.043943655
0,0,0.03186708
0,0,0.012044697
0,0,0.04051884
0,0,0.0003668061
0,0,0.03856538
0,0,0.0022016
0,0,0.3756018
0,0,0.040886123
1,1,0.99999774
0,0,0.0016816452
0,0,0.2838637
0,0,0.039881323
0,0,0.10633262
0,0,0.050348684
0,0,0.0034833464
0,0,0.00913285
1,1,0.9999987
0,0,0.011984027
0,0,0.020873377
1,1,0.9999491
0,0,0.045292385
0,0,0.035887387
0,0,0.02948636
0,0,0.41016078
0,0,0.007176688
0,0,0.050300248
0,0,0.016748283
1,0,0.17013334
0,0,0.01644627
0,0,0.2996863
0,0,0.21547522
0,0,0.19036786
1,0,0.048863396
0,0,0.012814872
0,0,0.31050923
0,0,0.002831517
0,0,0.025648426
0,0,0.06953659
0,0,0.36318934
0,0,0.005219819
1,1,0.81292796
0,0,0.010614165
0,0,0.018501561
1,1,0.99999833
0,0,0.0024780557
0,0,0.0007974933
0,0,0.0025720997
1,1,0.9999988
0,0,0.061167423
0,0,0.003425361
0,0,0.00014485091
0,0,0.0021200993
0,0,0.014003232
1,0,0.35367072
0,0,7.578557e-05
0,0,0.03878995
0,0,0.002081107
0,0,0.042212892
0,0,0.0067655584
0,0,0.006112069
0,0,0.04299686
1,1,0.99999845
0,0,0.11183021
0,0,0.004210401
0,0,0.40921828
0,0,0.008825388
0,1,0.6575413
0,0,0.37069348
0,0,0.037044097
0,0,0.0072622793
0,0,0.024253417
0,0,0.00071903836
0,0,0.062709875
0,0,0.00026626504
0,0,0.06772344
0,0,0.0045292703
0,0,0.011060638
0,0,0.011147178
0,0,0.06584841
0,0,0.01476942
0,0,0.08753156
0,0,0.0016587165
0,0,0.010543424
1,1,0.9780634
1,1,0.9724788
0,0,0.006922616
0,0,0.07719582
0,0,0.100249246
1,1,0.9999988
0,0,0.051041275
0,0,0.01848384
0,0,3.7798774e-05
0,0,0.014706113
0,0,0.33802754
0,0,0.0041264095
0,0,0.3296845
0,0,0.007692502
0,0,0.11455226
0,0,0.048802834
1,0,0.4808806
0,0,0.01026509
0,0,0.0274526
0,0,0.02984885
0,0,0.041047294
0,0,0.0030226447
0,0,0.0033586049
0,0,0.0052860333
0,0,0.18428013
1,1,0.9018135
0,0,0.00960595
0,0,0.0114925215
0,0,0.0042077806
0,0,0.0007188651
1,1,0.99999845
0,0,0.027219614
0,0,0.0065955585
0,0,0.0027242582
0,0,0.020380354
0,0,0.004477714
0,0,0.00884618
0,0,0.001823532
0,0,0.0061755087
0,0,0.016959375
0,0,0.37787762
0,0,0.29479438
0,0,0.0026911958
0,0,0.0009913453
0,0,0.32263345
1,1,0.99999833
0,0,0.0056013446
0,0,0.019383796
1,1,0.99999833
0,0,0.06177194
1,1,0.9999987
0,0,0.09859465
0,0,0.1354276
0,0,0.0016780458
1,1,0.99997354
0,0,0.092546925
0,0,0.00037373792
0,0,0.2553766
0,0,0.0053718137
1,1,0.9999968
0,0,0.025463995
0,0,0.20991619
0,0,0.07872294
0,0,0.027630096
0,0,0.0047064535
0,0,0.021361092
0,0,0.07085973
0,0,0.062152136
0,0,0.02910364
0,0,0.33772713
0,0,0.017918712
0,0,0.033124976
0,1,0.59251267
0,0,0.3617288
0,0,0.047258727
0,0,0.03479908
0,0,0.00944893
0,0,0.027950447
1,1,0.99999833
0,0,0.013495991
0,0,0.0023717913
1,1,0.9561418
0,0,0.00020067385
0,0,0.41332492
0,0,0.004774307
0,0,0.008748188
0,0,0.038125265
0,0,0.0039954116
0,0,0.011565358
0,0,0.013248929
0,0,0.01741339
0,0,0.062233508
0,0,0.04150705
1,1,0.99999833
0,0,0.0006267372
0,0,0.0055697346
0,0,0.032721914
0,0,0.011763216
1,1,0.9999987
1,1,0.9888592
0,0,0.153395
0,0,0.0039244317
0,0,0.0100764595
0,0,2.2761651e-05
0,0,0.36520734
0,0,0.0079266615
0,0,0.09457428
0,0,0.03571764
0,0,0.015116218
0,0,0.0044078506
1,0,0.05702328
0,0,0.0068366993
0,0,0.043140266
0,0,0.03255909
1,1,0.9999976
0,0,0.00433824
0,0,0.0359461
0,0,0.046437092
0,0,0.0051560192
0,0,0.04258892
0,0,0.029733118
0,0,0.0015285647
0,0,0.0040227496
0,0,0.38951242
0,0,0.13214287
0,0,0.00063913414
0,0,0.07782335
0,0,0.004254975
0,0,0.000314836
0,0,0.0052106134
1,1,0.9999968
0,0,0.001293434
0,1,0.5235768
1,0,0.31087098
0,0,0.0059580007
0,0,0.008658402
0,0,0.056126703
0,0,0.012493311
0,1,0.64229393
0,0,0.025610266
0,0,6.306366e-05
0,0,0.31937495
0,0,0.26112625
0,0,0.021594841
1,1,0.89391357
0,0,0.0008473675
0,0,0.0057245037
1,1,0.99999845
0,0,0.022832364
0,0,0.0044817524
0,0,0.12365029
0,0,0.006097239
0,0,0.009692828
0,0,0.0404135
0,0,0.13642249
0,0,0.0027483746
0,0,0.0120276585
0,0,0.019765282
0,0,0.070066385
0,0,0.0032522038
0,0,0.0025313676
0,0,0.035953265
0,0,0.0496217
0,0,0.13085127
0,0,0.0025599175
0,0,0.040788908
1,1,0.87913024
1,1,0.9834147
0,0,0.01140274
0,0,0.022325655
0,0,0.022325272
0,0,0.0024885673
0,0,0.019169047
0,0,0.28913245
0,0,0.088209294
0,0,0.018182928
0,0,0.13539398
0,0,0.4685477
0,0,0.3553494
0,0,0.053951424
0,0,0.20402372
0,0,0.008809157
0,0,0.0003306728
1,1,0.9999144
0,0,0.0028527512
0,0,0.04651506
1,1,0.9991486
0,0,0.007047513
1,1,0.9999988
0,0,0.075561754
0,0,0.14164291
0,0,0.0017046452
1,1,0.99999857
0,0,0.0077435435
0,0,0.07967274
0,0,0.015021083
1,1,0.9999987
0,0,0.02717123
0,0,2.1948737e-05
0,0,0.011940541
1,1,0.9999976
0,0,0.0011370634
1,1,0.9999988
0,0,0.0013976203
0,0,0.022475295
0,0,0.12010932
0,0,0.4197905
0,0,0.022537077
1,1,0.9999976
0,0,0.00015748611
0,0,0.013669308
0,0,0.05215468
0,0,0.07711533
0,0,0.010192445
0,0,0.0012359181
0,0,0.32313922
0,0,0.48565984
0,0,0.033914987
0,0,0.18849094
0,0,0.13029774
0,0,0.02588105
0,0,0.1014737
1,0,0.111162126
0,0,0.018843468
0,0,0.053608842
0,0,0.05760687
0,0,0.048580013
0,0,0.027938118
0,0,0.028741073
0,0,0.04161952
0,0,0.08311339
0,0,0.28113583
0,0,0.45266664
0,0,0.46300808
0,0,0.0274526
0,0,0.19352433
0,0,0.003968998
1,0,0.4038479
0,0,0.069689445
0,0,0.018684031
0,0,0.07322267
0,0,0.0012083644
0,0,0.004642262
0,0,0.0009465881
0,0,0.007938245
0,0,0.013652295
0,0,0.03010617
0,0,0.015236933
0,0,0.0008065762
0,0,0.15965745
0,0,0.0001902861
0,0,0.026447764
0,0,0.27671432
0,0,0.36035025
1,1,0.9999988
0,0,0.0076969913
0,0,0.0023984804
1,1,0.99999833
0,0,0.066712074
0,0,0.17178789
0,0,0.047991827
0,0,0.0037004221
0,0,0.007899743
0,0,0.25082073
0,0,0.0059979926
1,1,0.5843962
0,0,0.01873369
1,1,0.9937354
0,0,0.053608842
0,0,0.21270484
0,0,0.008704836
0,0,0.40958855
0,0,0.1930579
1,1,0.9944981
0,0,0.30249864
0,0,0.024692165
0,0,0.055645004
0,0,0.003357076
0,0,0.08251363
1,1,0.99999857
0,0,0.04713249
0,0,0.02372084
0,0,0.031042742
0,0,0.017844409
0,0,0.03451588
0,0,0.0066162166
1,1,0.9748505
0,0,0.37240636
0,0,0.0031614916
0,0,0.013197541
0,0,0.08854179
0,0,0.015039542
0,0,0.07064984
0,0,0.026053613
0,0,0.03655075
1,1,0.9999988
0,0,0.016197758
0,0,0.13812931
0,0,0.02796189
1,1,0.6461583
0,0,0.0054537575
0,0,0.051182866
0,0,0.42213532
0,0,0.0011253598
0,0,0.011935625
0,0,0.0018337389
0,0,0.022771085
0,0,0.00837791
0,0,0.004590326
0,0,0.0042434745
0,0,0.01277823
0,0,0.11655799
1,1,0.58728284
0,0,0.019894823
0,0,0.030933183
1,0,0.062464576
0,0,0.029514728
0,0,0.00088092557
0,0,0.33921587
0,0,0.0033951502
0,0,0.009696427
0,0,0.2151821
0,0,0.07173735
0,0,0.002078832
0,0,0.14602412
0,0,0.0030661821
0,0,0.042400297
0,0,0.13988145
0,0,0.18849716
0,0,0.0024126044
0,0,0.01857575
0,0,0.00032812377
0,0,0.005720301
0,0,0.4685477
0,0,0.05751663
0,0,0.007828064
0,0,0.15383723
0,0,0.035870627
0,0,0.16533205
0,0,0.47438893
1,1,0.99999774
0,0,0.041185603
0,0,0.083486624
0,0,0.009646522
0,0,0.0020236636
0,0,0.008134021
0,0,0.04169503
0,0,0.10062043
0,0,0.0049872077
0,0,0.014657103
1,1,0.99998534
0,0,0.0730722
0,0,0.007341537
0,0,0.0069605056
0,0,0.0034132705
0,0,0.0001488913
0,0,0.45264283
1,1,0.65931535
0,0,0.10041688
0,0,0.013964204
0,0,0.012324388
0,0,8.941437e-05
0,0,0.02100239
0,0,0.22932085
0,0,0.0857869
0,0,0.0148670785
0,0,0.0014781569
0,0,0.03470086
0,0,0.21845433
0,0,0.00027654285
0,0,0.051437937
0,0,0.016955066
0,0,0.027147708
0,0,0.27671432
0,1,0.58728284
0,0,0.17318037
0,0,0.029487452
0,0,0.07650186
0,0,0.051216662
0,0,0.14675502
0,0,0.00047953214
0,0,0.011401885
1,1,0.99999833
0,0,0.2698632
0,0,0.01835973
0,0,0.12657142
0,0,0.0003111799
0,0,0.02051129
0,0,0.022458771
0,0,0.011033466
0,0,0.16938421
0,0,0.4975362
0,0,0.0008807695
0,0,0.019192562
0,0,0.028041383
0,0,0.03389167
0,0,0.05783355
0,0,0.046445623
0,0,0.03705643
0,0,0.14980634
0,0,0.00026662883
0,0,0.00587412
0,0,0.035304666
1,1,0.99999833
1,1,0.9862168
0,0,0.083027855
0,0,0.014862503
1,1,0.99998415
0,0,0.0032011594
0,0,0.029179277
1,1,0.99998724
0,0,0.0014861313
0,0,0.047767736
0,0,0.0033453081
0,0,0.032153513
0,0,0.029617669
1,1,0.82773405
0,0,0.33315104
0,0,0.12165581
0,0,0.0100223
0,0,0.05435843
0,0,0.035909604
0,0,0.006762874
0,0,0.05184903
1,1,0.8918017
0,0,0.006911784
0,0,0.012722702
0,0,0.07437215
0,0,0.00037469182
0,0,0.00014359342
0,0,0.012458773
0,0,0.01696246
0,0,0.0054795733
0,0,0.016258674
0,0,0.012537174
1,0,0.26709926
0,0,0.002535109
0,0,0.008459962
0,0,0.044450387
0,0,0.0048695426
0,0,0.02386648
0,0,0.029257888
0,0,0.07448152
0,0,0.0005772224
0,0,0.060889017
0,0,0.00955134
0,0,0.20419495
0,0,0.040874224
0,0,0.025186826
0,0,0.04353356
0,0,0.016748283
0,0,0.1709963
0,0,0.00073535205
0,0,0.10372974
0,0,0.009799891
0,0,0.023500616
0,0,0.27671432
0,0,0.05022802
0,0,0.19933301
1,1,0.99999845
0,0,0.17851792
0,0,9.698991e-05
1,1,0.98965853
0,0,0.031971768
0,0,0.043572195
0,0,0.23840609
0,0,0.43632385
0,0,0.018354254
0,0,0.26247033
0,0,0.09073657
0,0,0.03793992
0,0,0.031597707
0,0,0.063374706
0,0,0.075931884
0,0,0.35615245
0,0,0.25915232
0,0,0.0046752742
0,0,0.00031402093
0,0,0.164393
0,0,0.00013275034
1,1,0.9999988
0,0,0.028033359
0,0,0.28608936
1,1,0.9999937
1,1,0.9982628
0,0,0.0075981854
0,0,0.041047294
0,0,0.031054469
0,0,0.008323946
0,0,0.010568374
0,0,0.06725837
0,0,0.0019705053
0,0,0.027068311
1,1,0.99998677
0,0,0.0644644
0,0,0.046578426
0,0,0.018684031
0,0,0.013424673
0,0,0.004152586
0,0,0.012369895
1,1,0.99999833
0,0,0.037397966
0,0,0.026129045
0,0,0.11038925
0,0,0.017512321
0,0,0.41847736
0,0,0.002724121
0,0,0.03152858
0,0,0.06736965
0,0,0.023490928
0,0,0.004744835
0,0,0.011505291
0,0,0.2283105
1,1,0.9906053
0,0,0.080462754
0,0,0.04956047
0,0,0.025271744
0,0,0.0064713154
1,1,0.9999988
0,0,0.0748116
0,0,0.04289271
1,1,0.9305299
0,0,0.19680546
0,0,0.47440356
0,0,0.0051377635
0,0,0.016502773
0,0,0.010141128
0,0,0.0020328262
1,1,0.9999968
0,0,0.008251466
1,1,0.9999989
0,0,0.017340114
0,0,0.013384326
0,0,0.022379434
0,0,0.16453943
0,0,0.00014404324
0,0,0.0005170304
0,0,0.002766209
0,0,0.37069348
0,0,0.028090294
1,1,0.99999833
0,1,0.7699693
0,0,0.08876029
1,1,0.9999981
0,0,0.021074938
0,0,0.055081792
0,0,0.0017533071
0,0,0.047597438
0,0,0.012988988
0,0,0.055424377
0,0,0.013369217
0,0,0.23430493
0,0,0.009118927
0,0,0.019776361
0,0,0.07387926
0,0,0.06208449
0,0,0.018684031
1,1,0.6819957
1,0,0.2526449
0,0,0.021281928
0,0,0.007878261
0,0,0.00066863705
1,1,0.99999833
0,0,0.0011219826
0,0,0.100258596
0,0,0.014722726
0,0,0.0956539
0,0,0.057369277
0,0,0.008607906
0,0,0.101014726
0,0,0.08887632
0,0,0.012409145
1,1,0.6529779
0,0,0.03271003
0,0,0.03030483
0,0,2.6789228e-05
0,0,0.09340482
0,0,0.008369871
0,0,0.046906814
0,0,0.0055001015
0,0,0.033957705
0,0,0.062062647
0,0,0.026687535
0,0,0.031538025
0,0,0.014287056
0,0,0.0008957568
1,1,0.99999833
0,0,0.067119375
1,1,0.9558747
0,0,0.00010199021
0,0,0.07657646
0,0,0.12826222
0,0,0.05609325
1,1,0.99999857
1,1,0.9999919
0,0,0.08895899
1,1,0.9853306
0,0,0.018956902
0,0,0.032005396
0,0,0.0025166543
0,0,0.0915511
0,0,0.018725256
0,0,0.028038517
0,0,0.124368414
0,0,0.039581597
0,0,0.19933301
0,0,0.041391622
0,0,0.0056642387
0,0,0.019097101
1,0,0.16340178
1,1,0.7464367
0,0,0.08914218
0,0,0.074177496
0,0,0.03795425
0,0,0.10247268
0,0,0.0042320597
0,0,0.011611593
1,0,0.052655227
0,0,0.021488512
0,0,0.0042535122
0,0,0.23289374
0,0,0.01345192
0,0,0.007189495
0,0,0.00908193
0,0,0.0768819
0,0,0.03372911
0,0,0.041910835
0,0,0.24983595
1,1,0.9733699
0,0,0.004048433
0,0,0.00027682984
0,0,0.2991072
0,0,0.09622698
0,0,0.00010858117
0,0,0.014587526
0,0,0.008697889
0,0,0.07100285
0,0,0.10917669
0,0,0.09195756
0,0,0.0033187554
0,0,0.014402926
0,0,0.037820775
0,0,0.18843238
0,0,0.035173867
0,0,0.06578312
0,0,0.024160353
0,0,0.06919536
0,0,0.12340468
0,0,0.03782455
1,1,0.99999845
0,0,0.27034846
1,1,0.99999714
0,0,0.029213823
0,0,0.0008871881
0,0,0.030644063
0,0,0.023717374
0,0,0.025749797
0,0,0.33873558
0,0,0.07555819
0,0,0.2870758
0,0,0.05010888
0,0,0.061723202
0,0,0.43073738
0,0,0.13328362
0,0,0.0020507846
0,0,0.011562193
0,0,0.06420385
0,0,0.37240636
0,0,0.004084117
1,1,0.99999833
0,0,0.008664727
0,0,0.28200418
0,0,0.0023306157
1,1,0.98596025
0,0,0.08639967
0,0,0.022793315
0,0,0.040485773
0,0,0.02772538
0,0,0.0015756561
0,0,0.03044836
0,0,0.009758141
0,0,0.03391715
0,0,0.003885244
0,0,0.27547953
0,0,0.25645745
0,0,0.002274234
0,0,0.0051336605
0,0,0.29479438
1,1,0.9850625
0,0,0.010836834
1,1,0.99999845
0,0,0.029975412
0,0,0.0014030179
0,0,0.089819334
0,0,0.04594055
0,0,0.06504571
0,0,0.13568391
0,0,0.0099461
0,0,0.0017974516
0,0,0.0043732375
0,0,0.12459885
0,0,0.022417378
0,0,0.035877988
1,1,0.9999987
0,0,0.46953788
0,0,0.0074327406
0,0,0.063876584
0,0,0.056125928
0,0,0.07925248
0,0,0.044450387
0,0,0.009487084
0,0,0.11030384
0,0,0.15297134
0,0,0.0007292645
0,0,0.010047127
0,0,0.039368365
0,0,0.007759071
0,0,0.031940304
1,1,0.99999785
0,0,0.00017814539
0,0,0.0044980617
0,0,0.019918993
0,0,0.37548202
0,0,0.0026960366
0,0,0.00030224925
0,0,0.0792954
0,0,0.010716948
0,1,0.74118644
0,0,0.0011336867
0,0,0.009960875
1,1,0.99423087
0,1,0.5305944
0,0,0.050620466
0,0,0.0024058977
0,0,0.08281924
0,0,0.38127735
0,0,0.05418537
0,0,0.00021802013
0,0,0.0003376139
0,0,0.039522193
0,0,0.08895845
0,0,0.0057519777
0,0,0.0007636543
1,1,0.9999988
0,0,0.009680478
1,0,0.33616462
0,0,0.045356575
1,1,0.99999785
1,1,0.9995009
1,0,0.19687878
0,0,0.47257474
0,0,0.024974657
0,0,0.00080092694
0,0,0.034909535
0,0,0.026761152
0,0,0.0015676186
0,0,0.0022780697
0,0,0.0070358035
0,0,0.15270786
0,0,0.05646282
0,0,0.008275601
0,0,0.0016639711
0,0,0.0035425287
0,0,0.16091357
0,0,0.08282466
0,0,0.00021011595
0,0,0.0014756592
0,0,0.0118110385
0,0,0.027577922
1,1,0.8896307
0,0,0.033805776
0,0,0.010310514
0,0,0.0013538998
0,0,0.021607645
0,0,0.1189834
0,0,0.038304273
0,0,0.08693119
0,0,0.01676865
0,0,0.00255903
0,0,0.029192356
0,0,0.0008168506
0,0,0.012738476
0,0,0.012785848
0,0,0.16389315
0,0,0.029374786
0,0,0.0008309955
0,0,0.019306004
0,0,0.45674482
0,0,0.004967746
1,1,0.9999988
1,1,0.99999774
0,0,0.01638189
0,0,0.069465436
0,0,0.03651241
0,0,0.008355253
0,0,0.014730995
0,0,0.034743674
0,0,0.07228475
0,0,0.05329817
1,1,0.99999845
0,0,0.16357026
0,0,0.19408147
0,0,0.11279714
1,1,0.9999987
0,0,0.023009812
1,1,0.989099
0,0,0.045906212
0,0,0.00030768148
0,0,0.15346365
1,1,0.99999833
1,1,0.99999833
0,0,0.04441541
0,0,0.031597707
0,0,0.020969909
0,0,0.13512573
0,0,0.033062607
0,0,0.021211479
0,0,0.0046490296
0,0,0.008440314
0,0,0.06717317
0,0,0.024880737
0,0,0.010497919
0,0,0.03291131
1,1,0.999998
0,0,0.13002045
1,1,0.9999968
0,0,0.103540994
0,0,0.0057028104
0,0,0.007938621
0,0,0.0044130874
0,0,0.36642346
0,0,0.36520734
0,0,0.024026781
1,1,0.9809327
0,0,0.10236128
0,0,0.0047024614
0,0,0.0673553
0,0,0.0006930078
0,0,0.008379023
0,0,0.016159512
0,0,0.009322754
0,0,0.0067799217
1,1,0.83179885
0,0,0.0042275507
0,0,0.01802263
0,0,0.042928077
1,1,0.6770227
0,0,0.049928714
0,0,0.037044097
0,0,0.014048276
0,0,0.07701363
0,0,0.3459804
0,0,0.009323392
1,1,0.9999976
1,1,0.99999785
0,0,0.008816895
0,0,4.431309e-05
0,0,0.008229576
0,0,0.010890168
1,1,0.98898846
0,0,0.0007149431
0,0,0.02224817
0,0,0.071468845
0,0,0.020377276
1,1,0.99999833
0,0,0.016328169
0,0,0.0091561545
0,0,0.1173595
0,0,0.1417421
0,0,0.41010353
0,0,9.299887e-05
0,0,0.077695034
0,0,0.24110685
0,0,0.0757297
0,0,0.033100672
0,0,0.017401874
1,1,0.9999759
0,0,0.06435483
0,0,0.031933714
0,0,0.021840528
0,0,0.0074381777
0,0,0.2976342
1,1,0.9276952
0,0,0.0035491062
1,1,0.9999988
0,0,0.005657933
0,0,0.11202857
0,0,0.061266284
0,0,0.10074493
0,0,0.005049564
0,0,0.10394168
0,0,0.31409296
0,0,0.017071607
0,0,0.014445348
0,0,0.0077435435
0,0,0.007131176
0,0,0.033243403
0,0,0.01379085
0,0,0.11166818
0,0,0.00019224234
1,1,0.87557507
0,0,0.084751755
0,0,0.036252435
0,0,0.13785316
0,0,0.03580222
1,1,0.9830787
0,0,0.002437251
0,0,0.00010013865
0,0,0.23538819
0,0,0.10040529
0,0,0.00082288374
0,0,0.013646395
0,0,0.040032458
1,1,0.99999833
0,0,0.0018844457
1,1,0.99999785
0,0,0.032704275
0,0,0.059146613
0,0,0.16058642
0,0,0.011083188
1,1,0.9999987
0,0,0.013826207
1,1,0.99189055
0,0,0.293392
1,1,0.9999988
1,1,0.9999988
0,0,0.096673705
1,1,0.9999988
0,0,0.043337837
1,1,0.9739233
0,0,0.16257893
0,0,0.00066619576
1,1,0.9999987
0,0,0.009492557
0,0,0.00035119127
0,0,0.0077528185
1,1,0.9999976
0,0,0.0041939295
0,0,0.05297741
1,1,0.9999987
0,0,0.0055920617
1,1,0.9315015
0,0,0.07799093
0,0,0.020274794
0,0,0.000992563
0,1,0.566622
0,0,0.04198356
1,1,0.99999785
0,0,0.015076211
0,0,0.2396397
1,1,0.9999988
0,0,0.022819966
0,0,0.0030324764
0,0,0.09300176
0,0,0.04789133
0,0,0.0053721685
1,1,0.9999988
0,0,0.07756119
0,0,0.06524469
0,0,0.1071076
0,0,0.00023440162
0,0,0.07636161
0,0,0.032829326
0,0,0.0011544719
0,0,0.058622226
0,0,0.038405832
0,0,0.11507179
0,0,0.08904126
0,0,0.067687154
0,0,0.05508633
0,0,0.03391092
1,1,0.99999845
0,0,0.061813366
1,1,0.99999785
0,0,0.00028875645
0,0,0.022315567
0,0,0.00534536
0,0,0.009497265
0,0,0.24945349
0,0,0.0816652
0,0,0.00043421204
0,0,0.08526646
0,0,0.00019691522
0,0,0.03969374
1,1,0.9061598
0,0,0.013598822
0,0,0.019147348
0,0,0.007545723
0,0,0.022820594
0,0,0.012921348
0,0,0.18741989
1,1,0.99999785
0,0,0.0043425965
0,0,0.20146494
0,0,0.3444345
0,0,0.11275745
0,0,0.033090472
0,0,0.021654246
0,0,0.017324172
1,1,0.956365
0,0,0.00062235387
0,0,0.11240019
0,0,0.008524519
0,0,0.0024762955
0,0,0.0061237505
0,0,0.011574155
0,0,0.086101934
0,0,0.005753418
0,0,0.06183953
0,0,0.0085050445
0,0,0.0015681708
0,0,0.010667764
0,0,0.017130155
0,0,0.017216666
0,0,0.028242834
0,0,0.3900317
0,0,0.014744544
0,0,9.598793e-05
0,0,0.06692076
1,0,0.38713297
0,0,0.06958433
0,0,0.042949338
0,0,0.4029922
0,0,0.06727549
0,0,0.02634356
1,1,0.99999785
1,1,0.999998
0,0,0.00167464
0,0,0.13393874
0,0,0.01430951
0,0,0.14707367
0,0,0.007802607
0,1,0.5443409
0,0,0.009722156
0,0,0.034398492
0,0,0.03027539
0,0,0.0031323289
0,0,0.015432308
0,0,0.013637721
0,0,0.006812824
0,0,0.010848367
0,0,0.010623664
0,0,0.007901772
0,0,0.020869385
0,0,0.025843183
0,0,0.054678217
0,0,0.06446151
0,0,0.002814554
0,0,0.28015032
0,0,0.40447196
0,0,0.041005693
0,0,0.005228921
0,0,0.33394253
0,0,0.016292036
1,1,0.8559562
0,0,0.008289301
0,0,0.428371
0,0,0.085123904
0,0,0.13556346
0,0,0.0612496
0,0,0.08296564
0,0,0.054995537
1,1,0.6277095
0,0,0.0067853574
0,0,0.059271146
0,0,0.040480103
1,1,0.76870203
0,0,0.05986207
0,0,0.004984258
1,1,0.99042165
0,0,0.0069681797
0,0,0.02264275
0,0,0.084120266
0,0,0.049981523
1,1,0.80438864
0,0,0.28786367
0,0,0.026491562
0,0,0.07258687
0,0,0.07551708
0,0,0.0063117384
0,0,0.034176823
0,0,0.03101727
0,0,0.10044298
0,1,0.52288735
0,0,0.0010512307
0,0,0.0040585124
1,1,0.68994063
0,0,0.018059617
0,0,0.030242711
0,0,0.010019145
0,0,0.00023279712
0,0,0.050184432
0,0,0.008872927
0,0,0.1341082
0,0,0.04167788
0,0,0.13935338
0,0,0.123659946
0,0,0.09158985
0,0,0.0120702
0,0,0.009150831
0,0,0.007662542
1,0,0.35993096
0,0,0.012232618
0,0,0.0243726
0,0,0.02717123
0,0,0.0021349215
0,0,0.00022181637
0,0,0.003669403
0,0,0.047136202
0,0,0.099498406
0,0,0.03299095
0,0,0.0054549216
0,0,0.00017808171
0,0,0.118170924
0,0,0.0022836342
0,0,0.0073981523
0,0,0.007753178
0,0,0.14800063
0,0,0.0018905498
0,0,0.19318916
0,0,0.020394864
0,0,0.09293977
0,1,0.5174103
0,0,0.07254236
0,0,0.0016464399
0,0,0.09182539
0,0,0.07650773
0,0,0.47438893
0,0,0.004510251
1,1,0.8598299
0,0,0.031081
1,1,0.999998
0,0,4.8771013e-05
1,1,0.9999976
0,0,0.033023994
0,0,0.016084397
1,1,0.9996741
1,0,0.33054444
0,0,0.21856181
0,0,0.015896058
0,0,0.0009967525
0,0,0.009997662
0,0,0.025077201
0,0,0.029115649
0,0,0.005764929
0,0,0.23683274
0,0,0.055749524
0,0,0.00050069724
0,0,0.0041270857
0,0,0.095192954
0,0,0.00020683167
0,0,0.109295465
0,0,0.0018196756
0,0,0.0024591954
1,1,0.9999988
0,0,0.0026282582
0,0,0.00796748
0,0,0.008140922
0,0,0.0033368291
0,0,0.034594197
0,0,0.47037482
1,1,0.6833117
1,1,0.9999987
0,0,0.10455674
1,1,0.99999774
0,0,0.013903523
0,0,0.05621342
1,0,0.21880944
1,1,0.84199655
0,0,0.0134683335
0,0,0.03696544
0,0,0.0071379957
0,0,0.022129375
0,0,0.04453626
0,0,0.0011161807
0,0,0.07672737
0,0,0.051200744
1,1,0.9704259
0,0,0.0024671461
0,0,0.006602842
0,1,0.5848981
0,0,0.08652513
0,0,0.008485183
0,0,0.29591364
0,0,0.0007321349
0,0,0.41350317
0,0,0.027291708
0,0,0.004604053
1,0,0.41412607
0,0,0.09182422
0,0,0.0063248994
0,0,0.0036118445
0,0,0.022485968
0,0,0.022418924
0,0,0.02788362
1,1,0.986414
0,0,0.00019227903
0,0,0.1626607
1,1,0.99999833
0,0,0.003425506
0,0,0.04158605
0,0,0.027358029
0,0,0.010002969
0,0,0.036628816
0,0,0.01971506
0,1,0.5300659
0,0,0.0027595337
0,0,0.01789872
0,0,0.13534154
0,0,0.02345939
0,0,0.011984027
1,1,0.9969273
0,0,0.06945266
0,0,0.0013044501
0,0,0.07650475
0,0,0.0026753803
0,0,0.47922146
0,0,0.00031792105
0,0,0.16064566
1,1,0.8857431
0,0,0.0032792496
0,0,0.001009508
0,0,0.19840057
0,0,0.03242562
0,0,0.11611137
0,0,0.041221622
0,0,0.024737583
0,0,0.0001212718
0,0,0.00028519853
0,0,0.00908193
0,0,0.013837576
0,0,0.15823065
1,0,0.3826656
0,0,0.00498616
1,1,0.9999988
0,0,0.00011601433
0,0,0.0138004515
1,1,0.99998665
1,1,0.99999833
0,0,0.010834151
0,0,0.04921801
0,0,0.02769703
0,0,0.0007073396
1,0,0.41133898
0,0,0.009753047
0,0,0.37030774
0,1,0.62303084
0,0,0.009913356
0,0,0.012008584
0,0,0.03015018
0,0,0.0019561313
0,0,0.0022402585
0,0,0.0056287837
0,0,0.0049092383
0,0,0.16404803
0,0,0.002696525
0,0,0.00442314
0,0,0.19230478
0,0,0.021617234
1,1,0.9999988
1,1,0.99999833
0,0,0.24589299
1,1,0.86352175
1,1,0.9738505
0,0,0.028977577
0,0,0.001740581
0,0,0.040575575
0,0,0.21033077
0,0,0.015419861
0,0,0.2949496
1,1,0.9999144
0,0,0.015646264
0,0,0.034290228
0,0,0.018690843
0,0,0.12591319
1,1,0.99999857
0,0,0.00501968
0,0,0.0063609905
0,0,7.311882e-05
0,0,0.000309587
0,0,0.011276542
0,0,0.070737
0,0,0.013165431
0,0,0.013077492
0,0,0.002841495
0,0,0.0018606386
0,0,0.004546176
0,0,0.019098341
0,0,0.028484533
0,0,0.49352702
0,0,0.16814856
0,0,0.014830255
0,0,0.0076982216
1,1,0.99999785
0,0,0.008194185
0,0,0.00058806094
0,0,0.00993163
0,0,0.012648908
0,0,0.009690371
0,0,0.0030866696
0,0,0.05568411
0,0,0.118742146
1,1,0.99999833
0,0,0.14058197
0,0,0.0035118503
1,1,0.97347
0,0,0.002512018
0,0,0.028199608
0,0,0.0019561313
0,0,0.0029419411
0,0,0.19096358
0,0,0.12703612
0,0,0.00080955995
0,0,0.0045747417
0,0,2.911033e-05
0,0,0.06679853
1,1,0.9999207
0,0,0.0072001047
0,0,0.13703787
0,0,0.23109551
1,1,0.9999968
0,0,0.0527037
0,0,0.28608936
0,0,0.0051442333
0,0,0.054907884
0,0,0.00014821746
0,0,0.45264283
1,1,0.9868145
1,0,0.05316844
0,0,0.03375336
0,0,0.0034091496
0,0,0.019884491
0,0,0.015012252
0,0,0.0007457511
0,0,0.0056768483
0,0,0.09256302
0,0,0.00024379611
0,0,0.0076699858
1,1,0.9999988
0,0,0.008973569
0,0,0.068526626
0,0,0.068063475
0,0,0.14216013
0,0,0.00476937
0,0,0.03379506
0,0,0.03649022
0,0,0.011539457
0,0,0.010944562
0,0,0.000285687
1,0,0.4517211
1,1,0.6609612
1,1,0.9999976
0,0,0.10520315
0,0,0.028790614
1,1,0.9808139
0,0,0.043910313
0,0,0.0023232985
0,0,0.045307845
0,1,0.58728284
0,0,0.0059367055
0,0,0.010955587
0,0,0.0025488457
0,0,0.007967198
0,0,0.09454572
0,0,0.029812874
0,0,0.18040064
0,0,0.017442517
0,0,0.0010907962
1,0,0.126298
0,0,0.0055920617
0,0,0.029696304
0,0,0.012034323
0,0,0.0033245191
0,0,0.005227805
0,0,0.17961721
0,0,0.18617466
0,0,0.0015508235
1,1,0.99999845
0,0,0.21736957
0,0,0.012862707
0,0,0.09067213
0,0,0.030439386
0,0,0.061295215
1,0,0.47363532
1,1,0.6825715
0,0,0.00020598934
0,0,0.043249935
0,0,0.18450634
0,0,0.0112087205
0,0,0.051633816
0,0,0.022465818
0,0,0.0037449405
0,0,0.12892151
0,0,0.0013767784
0,0,0.00493747
0,0,0.37240636
0,0,0.0074290335
0,0,0.018501561
1,1,0.9103375
0,0,0.006900524
0,0,0.14801234
0,0,0.002561001
1,1,0.9999987
0,0,0.006061689
0,0,0.15970632
1,1,0.999998
0,0,9.611333e-05
0,0,0.13747397
0,0,0.009949158
0,0,0.09259076
0,0,0.105509445
0,0,0.013328271
0,0,0.024679039
0,0,0.04780143
0,0,0.07073397
0,0,0.32162237
0,0,1.4346257e-05
0,0,0.00899347
1,1,0.9999144
0,0,0.054446444
0,0,0.014717636
1,1,0.8497557
0,0,0.06142357
0,0,0.07180736
0,0,0.004256268
1,0,0.07037828
0,0,0.05062415
0,0,0.012859256
0,0,0.002194021
0,0,0.06617879
0,0,0.011240616
0,0,0.00091445463
0,0,0.01379085
0,0,0.06773592
1,1,0.9999987
1,1,0.9999976
1,1,0.9525114
0,0,0.0012750141
0,0,0.13747397
0,0,0.09091713
0,0,0.05996261
0,0,0.00268152
0,0,0.023977188
0,0,0.0025438138
0,0,0.08230144
1,1,0.9998338
0,0,0.0011678315
0,0,0.0009958867
0,0,0.019486245
0,0,0.03571764
0,0,0.010244641
1,1,0.99999785
0,0,0.05893166
0,0,0.13731393
0,0,0.0051486497
0,0,0.043203898
1,1,0.99999785
0,0,0.03270297
1,1,0.7627265
0,0,0.022392185
0,0,0.00023983936
0,0,0.0266524
0,0,0.49444887
0,0,0.09907328
0,0,0.0113568995
0,0,0.044252567
1,1,0.98501366
0,0,0.45024663
0,0,0.06321754
1,1,0.9999144
1,1,0.7582149
1,1,0.9999976
0,0,0.27671432
0,0,0.35251185
0,0,0.04657442
0,0,0.04902405
0,0,0.007889446
0,0,0.0050083306
0,0,0.011152104
0,0,0.2924288
0,0,0.41332492
0,0,0.013565638
0,0,0.018471166
0,0,0.010408368
0,0,0.035936903
0,0,0.0120968465
0,0,0.0063687405
0,0,0.08204679
0,0,0.042925704
1,1,0.999998
0,0,0.04153822
0,0,0.028207842
0,0,0.093901835
0,0,0.0008832625
0,0,0.019917136
0,0,0.10875379
0,0,0.082570374
0,0,0.0684053
0,0,0.12759236
0,0,0.15941203
0,0,0.00055209623
0,0,0.0958866
0,0,0.28877464
0,0,0.4685477
0,0,0.48229283
0,0,0.011961138
0,0,0.026596552
1,1,0.99999833
0,0,0.0011666741
0,0,0.0179836
0,0,0.022336066
1,0,0.23311853
1,1,0.99999833
0,0,0.09977338
0,0,0.002448053
0,0,0.0062858975
0,0,0.047433954
0,0,0.0026153615
0,0,0.01188768
1,1,0.99999833
0,0,0.013495991
0,0,0.014972614
0,0,0.04791247
1,1,0.9999913
0,0,0.011895816
0,0,0.0020241425
0,0,0.051619153
0,0,0.051006835
0,0,0.020831969
0,0,0.018054679
0,0,0.22025056
0,0,0.0035811106
0,0,0.010751435
0,0,0.07331966
0,0,0.0065494026
0,0,0.0769319
0,0,0.0003542524
0,0,0.031262685
0,0,0.0016276219
0,0,0.0069255047
0,0,0.024143722
0,0,0.12043487
0,0,0.029811045
0,0,0.04115082
1,1,0.9999968
0,0,0.0768842
0,0,0.08131983
0,0,0.0099741295
0,0,0.015156473
0,0,0.31656542
0,0,0.019102482
0,0,0.0125066135
0,0,0.0025550444
0,0,0.22634494
0,0,0.010548478
0,0,0.10550061
1,1,0.99999833
0,0,0.20925422
0,0,0.06039408
0,0,0.123631746
1,1,0.9915411
0,0,0.0036118445
0,0,0.0057723457
0,0,0.011483998
0,0,0.012987124
0,0,0.025696183
0,0,0.03564931
0,0,0.0066871312
1,1,0.99937314
0,0,0.007732011
0,0,0.00048824836
0,0,0.010819423
0,0,0.011505291
0,0,0.29479438
1,1,0.99999833
0,0,0.0040916665
1,1,0.9900067
0,0,0.005835494
0,0,0.0014990581
1,1,0.99999774
0,0,0.051642116
1,1,0.99995184
0,0,0.032874677
0,0,0.013006764
1,1,0.9999976
0,0,0.06928715
0,0,0.0033860612
1,1,0.97971934
0,0,0.00080535386
0,0,0.024478864
0,0,4.092142e-05
0,0,0.0029894374
0,0,0.006145165
0,0,0.05223265
0,0,0.005177878
0,0,0.020538438
0,0,0.043132316
0,0,0.024156904
0,0,0.02348389
1,1,0.9930848
0,0,0.10729516
0,0,0.04798659
0,0,0.061674956
0,0,0.01282259
0,0,0.023014646
1,1,0.9999933
0,0,0.1659843
0,0,0.34526393
0,0,0.24997532
0,0,0.0618471
0,0,0.14851867
0,0,0.26889965
1,1,0.9987992
0,0,0.0023877101
1,1,0.9999976
0,0,0.004037303
0,0,0.056099575
1,1,0.9999988
1,1,0.62840325
0,0,0.22733468
0,0,0.010636592
0,0,0.0018833741
0,0,0.36520734
0,0,0.0056451946
0,0,0.077449195
0,0,0.017285606
0,0,0.0023469543
0,0,0.13693373
0,0,0.009788178
1,1,0.9999976
0,0,0.009525468
0,0,0.027130937
0,0,0.20973404
0,0,0.39562535
0,0,0.39917263
0,0,0.007743825
0,0,0.001610056
1,0,0.19566575
0,0,0.22954907
1,1,0.99999845
0,0,0.028929468
0,0,0.06405984
0,0,9.0227455e-05
0,0,0.40958855
0,0,0.022264061
0,0,0.08546693
0,0,0.0077444813
0,0,0.02073331
0,0,0.017092077
0,0,0.024225278
0,0,0.002322061
0,0,0.023026964
1,1,0.9999976
0,0,0.022507124
0,0,0.0097953165
0,0,0.025323326
0,0,0.023323137
1,1,0.9999144
0,0,0.008079265
0,0,0.00029907437
0,0,0.02437877
1,1,0.98629135
0,0,0.4090248
0,0,0.026966395
0,0,0.0004817659
0,0,0.27483362
0,0,0.19265872
0,0,0.05432874
0,0,0.017572643
0,0,0.00010866859
0,0,0.012044697
0,0,0.070703596
0,1,0.57064784
0,0,0.011021935
0,0,0.08327895
0,0,0.045226075
1,1,0.9999976
0,0,0.16402535
1,1,0.99999833
0,0,0.0041762507
1,1,0.99999845
0,0,0.004947279
0,0,0.047234476
0,0,0.011775085
1,1,0.9733699
1,1,0.9999988
0,0,0.00076392683
0,0,0.008797742
0,0,0.16873418
0,0,0.022107933
1,1,0.9999988
0,0,0.007973374
1,1,0.99773216
0,0,0.3928497
0,0,0.03391715
0,0,7.245713e-05
1,1,0.8473832
0,0,0.077870056
1,1,0.999998
0,0,0.0070150266
0,0,0.030643165
0,0,0.4685477
0,0,0.008081684
0,0,0.0036376263
0,0,0.0139167085
0,0,0.007791336
0,0,0.45075268
0,0,0.014189572
0,0,0.14020877
0,0,0.09977019
0,0,0.0044583054
0,0,0.032453656
1,1,0.9999976
0,0,0.27610064
1,1,0.99999833
0,0,0.0061033214
0,0,0.052748095
0,0,0.1667812
0,0,0.09316052
0,0,0.06216019
0,0,0.014924882
0,0,0.035417728
0,0,0.0021272455
0,0,0.0073219393
0,0,0.0056659225
0,0,0.017480584
0,0,0.0101068895
0,0,0.044265725
0,0,0.09687068
0,0,0.0024734915
0,0,0.023811592
0,0,0.011454415
0,0,0.19630972
0,0,0.008679386
1,1,0.99999774
0,0,0.027725592
0,0,0.101586424
0,0,0.03840454
1,1,0.999998
1,1,0.97402906
0,0,0.10097911
0,0,0.36690965
1,1,0.9999988
0,0,0.0046877945
0,0,0.007085735
0,0,0.0902748
0,0,0.0047039143
0,0,0.022552948
0,0,0.01061075
1,1,0.99999774
0,0,0.020545954
0,0,0.16630694
0,0,0.037485342
0,0,0.0007286886
0,0,0.29479438
0,0,0.11513142
0,0,0.008091269
0,0,0.10722015
0,0,0.45024663
0,0,0.014504657
0,0,0.0033245191
0,0,0.0035599726
1,1,0.9999924
1,1,0.99999857
0,0,0.06170937
0,0,0.06118367
0,0,0.00765721
1,0,0.4836033
0,1,0.52988094
0,0,0.021884184
1,1,0.974324
0,1,0.53418475
0,0,0.02005364
0,0,0.01358516
0,0,0.04991857
0,0,0.0016113712
0,0,0.034926217
0,0,0.18189542
0,0,0.10222405
0,0,0.08766519
0,0,0.119533546
0,0,0.023191955
0,0,0.04803242
1,1,0.9994355
0,0,0.17938776
0,0,0.034363594
1,1,0.99999833
0,0,0.015255913
0,0,0.04700886
0,0,0.029719442
0,0,0.037044097
0,0,0.0017440883
0,0,6.602783e-05
0,0,0.20091365
1,1,0.9999987
0,0,0.062497973
0,0,0.14567356
0,0,0.0010512307
0,0,0.024039473
0,0,0.018655578
0,0,0.001659722
0,0,0.01676865
1,1,0.99999833
0,0,0.02290009
0,0,0.0024126044
0,0,0.0012146033
0,0,0.15816048
0,1,0.50455725
0,0,0.0057872985
0,0,0.033467624
0,0,0.21461532
0,0,0.11154619
0,0,0.014648478
0,0,0.010732327
1,1,0.9701927
0,0,0.074124046
0,0,0.0095070945
1,1,0.9999988
1,1,0.99999833
0,0,0.008140922
0,0,9.53879e-05
1,1,0.9999976
0,0,0.021444784
1,1,0.99999833
0,0,0.0044663036
0,0,0.37240636
0,0,0.0018988639
0,0,0.008128649
1,1,0.9948909
0,0,0.006707185
0,0,0.0042129867
1,1,0.99640477
1,1,0.99999726
0,0,0.029883001
1,1,0.999998
0,0,0.29479438
0,0,0.0014907867
0,0,0.0036661322
0,0,0.108484656
0,0,0.022513691
0,0,0.018183282
0,0,0.009453787
0,0,0.042068202
0,0,3.2194606e-05
0,0,0.023197075
0,0,0.18058814
0,0,0.011665423
0,0,0.072544016
0,0,0.00054990145
0,0,0.028392263
0,0,0.016473845
0,0,0.08284849
0,0,0.006287724
0,0,0.005831437
0,0,0.22006074
0,0,0.05190811
0,0,0.01669227
0,0,0.00049271487
0,0,0.075381175
0,0,0.03180457
0,0,0.013230446
0,0,0.023409199
0,0,0.008084926
0,0,0.013742979
0,0,0.0011875894
0,0,0.003810624
0,0,0.0020005095
0,0,0.0010167457
0,0,0.014000894
0,0,0.019164024
0,0,0.019746164
0,0,0.033065483
0,0,0.09788923
0,0,0.0035475686
0,0,0.10684282
0,0,0.007719645
0,0,0.011736633
0,0,0.16366102
1,1,0.9999976
0,0,0.025787558
0,0,0.013650542
0,0,0.009315895
1,1,0.97413087
0,0,0.003648978
0,0,0.0076654973
0,0,0.025233954
0,0,0.010330878
0,0,0.006489853
0,0,0.015077597
0,0,0.28411716
0,0,0.023439217
0,0,0.0077902675
0,0,0.00042960246
0,0,0.14693184
0,0,0.07775215
0,0,0.059077222
0,0,0.17067549
1,1,0.9733699
1,1,0.9749278
1,1,0.99999845
1,1,0.9999988
0,0,0.03139448
0,0,0.0016290064
0,0,0.3034747
0,0,0.017647546
1,1,0.90844643
0,0,0.023383792
0,0,0.43793362
0,0,0.14698678
1,1,0.973194
1,1,0.99999833
0,0,0.0030118006
0,0,0.15844665
0,0,0.41350317
0,0,0.13790861
0,0,4.071876e-05
0,0,0.023652153
0,0,0.00527916
0,0,0.013245089
0,0,0.15337627
0,0,0.03234455
0,0,0.031739924
0,0,0.013271314
0,0,0.32601362
0,0,0.019828975
0,0,0.0076480014
1,1,0.9999988
0,0,0.013788334
0,0,0.00030453896
1,1,0.92348105
0,0,0.31432164
0,0,0.0045326385
0,0,0.117427535
0,0,0.020389816
0,0,0.01911092
0,0,0.0029516218
1,1,0.99999845
0,0,0.007426626
0,0,0.00010783002
0,0,0.28411716
0,0,7.4216805e-05
1,1,0.99999833
0,0,0.0018322226
0,0,0.30731437
0,0,0.006046591
0,0,0.41350317
0,0,0.04299686
0,0,0.024564346
0,0,0.02514722
1,1,0.95794463
0,0,0.03688514
0,0,0.07277028
0,0,0.040863372
0,0,0.0024348951
0,0,0.16733381
0,0,0.45264283
0,0,0.022333385
0,0,0.13986775
0,0,0.21361803
0,0,0.0067944773
0,0,0.10129462
0,0,0.050591655
0,0,0.14850383
0,0,0.017647209
0,0,0.00012170763
0,0,0.0027294606
0,0,0.2011525
0,0,0.0005316561
0,0,0.09865993
0,0,0.031727448
0,0,0.0018253851
0,0,0.030404914
0,0,0.36745268
0,0,0.12720068
0,0,0.0044191587
0,0,0.0024659575
0,0,0.27584112
0,0,0.20577575
0,0,0.007827671
0,0,0.0020446796
0,0,0.04597755
0,0,0.019373465
1,1,0.8225266
0,0,0.05329423
0,0,0.009381199
0,0,0.00018066529
0,0,0.38583648
0,0,0.027286055
1,1,0.9999988
0,0,0.027432563
1,1,0.99999833
0,0,0.005338053
0,0,0.0008229092
1,1,0.6871568
0,0,0.076734625
0,0,0.0029218907
0,0,0.0028367834
0,0,0.009769892
0,0,0.05170738
1,1,0.9754615
0,0,0.001139972
0,0,0.0026663053
0,0,0.1305571
0,0,0.0041454956
0,0,0.25600022
0,0,0.024141958
0,0,0.33394253
0,0,0.019141303
0,0,0.0034404933
0,0,0.09543328
1,1,0.87120545
1,1,0.7183406
0,0,0.18564169
0,0,0.026596552
1,1,0.76548624
0,0,0.018212803
1,0,0.34076855
1,1,0.99999785
0,0,0.0013453292
0,0,0.00066259765
0,0,0.36284956
0,0,0.017765848
1,1,0.99998665
0,0,0.012071276
0,0,0.034928586
0,0,0.040999055
0,0,0.23141642
0,0,3.5631267e-05
0,0,0.009984456
0,0,0.03771426
0,0,0.011396705
0,0,0.0033107197
0,0,0.016430296
0,0,0.13183513
0,0,0.021321947
1,1,0.99999833
0,0,0.18018927
0,0,0.08103412
1,1,0.9487151
0,0,0.039931457
0,0,0.09235652
0,0,0.005609531
0,0,0.14510319
0,0,0.01046003
0,0,0.15731348
1,0,0.47257474
0,0,0.00811756
0,0,0.03204245
0,0,0.0870948
0,0,0.002872845
0,0,0.016943824
0,0,0.04728281
1,1,0.9121576
0,0,0.024167228
0,0,0.47037482
1,1,0.67242604
0,0,8.427798e-05
0,0,0.04391898
0,0,0.07368759
0,0,0.009165668
0,0,0.032016322
0,0,0.08385648
0,0,0.037320524
0,0,0.017744817
0,0,0.004427531
1,1,0.96128553
0,0,0.09338924
0,0,0.01569925
0,0,0.006150529
0,0,0.28608936
0,0,3.7396632e-05
0,0,0.0028876087
1,1,0.9953921
0,0,0.016239602
0,0,0.0023833367
0,0,0.22701964
0,0,0.03783248
0,0,0.03166079
0,0,0.03377935
0,0,0.008586176
0,0,0.13346149
0,0,0.00034598814
0,0,0.008818287
0,0,0.047785014
0,0,0.018073913
0,0,0.04870597
0,0,0.06391204
0,0,0.038177002
0,0,0.37240636
1,1,0.9982413
0,0,0.24833828
0,0,0.0045835683
0,0,0.11937615
0,0,4.2519754e-05
0,0,0.027698988
0,0,0.022498658
0,0,0.013354677
0,0,0.017648455
0,0,0.014710675
0,0,0.0022182094
0,0,0.0014369765
0,0,0.0042502703
1,1,0.9947424
0,0,0.07792392
0,0,0.034583878
0,0,0.08080713
1,1,0.9894155
0,0,0.030239878
0,0,0.0001479139
0,0,0.011239642
0,0,0.08433878
1,0,0.41350317
0,0,0.0036138888
0,0,0.029394839
0,0,0.10434209
0,0,0.42121398
0,1,0.58728284
0,0,0.020119602
0,0,0.13096038
0,0,0.035890914
0,0,0.015023544
1,1,0.9999976
0,0,0.032033928
0,0,0.10090112
0,0,0.016032457
0,0,0.001993258
0,0,0.17414738
0,0,0.27064148
0,0,0.0047021555
0,0,0.023096772
0,0,0.0019477949
0,0,0.04017034
1,1,0.9999988
0,0,0.16572861
0,0,0.0057789884
0,0,0.005069162
0,0,0.10433658
0,0,0.12606815
1,1,0.9999976
0,0,0.008503661
1,1,0.98286426
0,0,0.019021466
0,0,0.008906214
0,0,0.04395268
0,0,0.2546486
0,0,0.08995859
1,1,0.9953921
0,0,0.0749571
0,0,0.0063097468
0,0,0.03213597
0,0,0.49254003
0,0,0.17528422
0,0,0.059483804
0,0,0.005918246
0,0,0.0336767
0,0,0.4072793
0,0,0.008140922
0,0,0.002926889
0,0,0.03512639
0,0,0.08205612
0,0,0.02867664
0,0,0.05846798
0,0,0.10226559
0,0,0.02692527
0,0,0.013261459
0,0,0.01369264
0,0,0.02238211
0,0,0.120243736
0,0,0.022926956
0,0,0.017052013
0,0,0.041587472
0,0,0.06527036
1,1,0.9865203
1,1,0.99999833
0,0,0.08284843
1,1,0.9742475
0,0,0.052324012
0,0,0.030364843
0,0,0.104399234
0,0,0.14442933
1,1,0.9999988
0,0,0.0102617275
0,0,0.09628012
0,0,0.2039798
0,0,0.0027003235
0,0,0.15695514
0,0,0.10106009
0,0,0.0041005756
1,1,0.9664402
0,0,0.031106692
0,0,0.038868103
0,0,0.013132538
0,0,0.39617583
0,0,0.23190887
0,0,0.0074753147
0,0,0.010855784
0,0,0.17322633
0,0,0.07058801
0,0,0.014911883
0,0,0.00091343926
0,0,0.009593636
0,0,0.014665694
0,0,0.05630917
0,0,0.003895326
0,0,0.008694132
0,0,0.0034641002
0,0,0.0012124811
0,0,0.0811444
0,0,0.34931928
0,0,0.116392024
0,0,0.007379561
0,0,0.028672164
0,0,0.22407855
0,0,0.00273368
0,0,0.060009416
1,1,0.99999833
0,0,0.03458682
0,0,0.30721807
0,0,0.4229934
0,0,0.15843323
0,0,0.018998813
0,0,0.08859809
0,0,0.33412448
0,0,0.080098264
0,0,0.022677865
0,0,0.053951424
0,0,1.4346257e-05
0,0,0.06243983
0,0,0.06766474
1,1,0.99999774
0,0,0.017543871
0,0,0.01911092
0,0,0.33557615
0,0,0.07873514
1,1,0.9999987
0,0,0.017922321
0,0,0.0260557
1,1,0.9999976
0,1,0.5825493
0,0,0.002738348
1,1,0.9999981
0,0,0.01098486
0,0,0.0066570994
1,1,0.8977044
0,0,0.10076223
0,0,0.082282744
0,0,0.0014382333
0,0,0.005159063
0,0,0.01369264
0,0,0.013466407
0,0,0.113061905
1,1,0.9993729
0,0,0.08980957
0,0,0.015607761
0,0,0.12661946
0,0,0.023392012
0,0,0.0156098865
0,0,0.066610746
0,0,0.029948756
0,0,0.0028741318
0,0,0.083902866
0,0,0.32949126
0,0,0.18812609
0,0,0.03736942
0,0,0.17784353
0,0,0.023309076
0,0,0.037789196
0,0,8.726135e-05
0,0,0.45752314
1,1,0.9999988
1,0,0.1495442
0,0,0.18611963
0,0,0.0145603735
1,1,0.9999144
0,0,0.055723988
0,0,0.04498419
0,0,0.027863584
0,0,0.040651083
0,0,0.14205308
0,0,0.07784058
0,0,0.16389175
0,0,0.28608936
0,0,0.005881314
0,0,0.09382431
0,0,0.052976273
0,0,0.4262881
0,0,0.1504781
0,0,0.3334222
0,0,0.27290663
0,0,0.053598106
0,0,0.0048513664
0,0,0.020733722
0,0,7.284892e-05
0,0,0.009778546
0,0,0.27987894
1,1,0.5442693
0,0,0.0007376008
0,0,0.00083142635
0,0,0.014123847
0,0,0.0071892836
0,0,0.0077730706
0,0,0.0038830452
1,1,0.9999988
0,0,0.0059865243
1,1,0.9999976
0,0,0.05461764
1,1,0.9999987
0,0,0.08716735
0,0,0.30226463
0,0,0.021985415
0,0,0.014175604
0,0,0.014870835
0,0,0.0105902655
0,0,0.011348273
1,0,0.19144982
1,1,0.9999968
1,1,0.9999968
0,0,0.0007624432
0,0,0.06877962
0,0,0.09255769
0,0,0.024886314
0,0,0.0061323293
0,0,0.35367072
0,0,0.004481925
0,0,0.03712936
0,0,0.017302567
0,0,0.07139801
0,0,0.03345164
1,1,0.99999857
0,0,0.0017741547
0,0,0.0012968836
0,0,0.27839655
1,1,0.58728284
0,0,0.016781067
0,0,0.00058806094
0,0,0.1787805
1,1,0.98361444
0,0,0.016745897
0,0,0.008260289
1,1,0.835408
0,0,0.0035516366
0,0,0.09793099
1,1,0.99999785
0,0,0.011184642
0,0,0.008652023
0,0,8.850077e-05
1,1,0.99999785
1,1,0.5300659
0,0,0.15384267
0,0,0.13660781
0,0,0.054764505
0,0,0.003663724
0,0,0.092930116
0,0,0.0100215105
0,0,0.0007046181
0,0,0.015513564
0,0,0.02629454
0,0,0.091708235
0,0,0.015033003
1,1,0.87685776
0,0,0.021358166
1,1,0.9999988
0,0,0.008664727
0,0,0.040371127
0,0,0.10598675
0,0,0.014142099
1,1,0.952257
1,1,0.5300659
0,0,0.01603424
0,0,0.05062894
0,0,0.0076208063
0,0,0.007835619
1,1,0.9999987
1,1,0.9999987
0,0,0.020683523
0,0,0.058368254
0,0,0.00528296
0,0,0.082427576
0,0,0.0066162166
0,0,0.00638856
1,0,0.3226062
0,0,0.07553553
0,0,0.028701516
1,0,0.25118363
0,0,0.025126291
0,0,0.019726807
0,0,0.14367597
0,0,0.019306004
1,1,0.9999968
0,0,0.078602105
0,0,0.0031614916
0,0,0.007971473
0,0,0.026342625
0,0,0.19906247
0,0,0.0018958839
0,0,0.008714889
0,0,0.040151898
0,0,3.8624512e-05
0,0,0.013427105
0,0,0.21851511
0,0,0.05652531
0,0,0.00720391
0,0,0.00023813223
0,0,0.05619569
0,0,0.32723728
0,0,0.063773565
0,0,0.00018468645
1,1,0.9999976
0,0,0.06631902
0,0,0.2135914
0,0,0.0026717046
0,1,0.62557405
0,0,0.059077222
0,0,0.008243599
0,0,0.0065992153
1,1,0.58906597
0,0,0.02072816
0,0,0.02877948
0,0,0.022206664
0,0,0.019659402
0,0,0.23875469
0,0,7.9908124e-05
1,1,0.9658164
1,1,0.99999774
0,0,0.016650692
0,0,0.26325017
0,0,0.14276561
0,0,0.03592981
1,1,0.9999976
0,0,0.20458442
0,0,0.30825242
0,0,1.52805e-05
0,0,0.10668334
1,1,0.999998
0,0,0.056474138
1,1,0.9999976
0,0,0.11952063
1,1,0.989099
0,0,0.020350294
0,0,0.11776293
0,0,0.00074288016
0,1,0.6735157
0,0,0.04959654
0,0,0.03244499
1,1,0.63685757
0,0,0.35302588
0,0,0.053799476
0,0,0.41269132
0,0,0.001165254
0,0,0.098031774
0,0,0.006736535
0,0,0.07107729
1,1,0.99999785
0,0,0.1165284
0,0,0.27671432
0,0,0.21465228
0,0,0.0037227324
0,0,0.022770602
0,0,0.0010873113
0,0,0.022465818
0,0,0.024886725
0,0,0.0014137116
0,0,0.0054515027
0,0,0.0056256806
0,0,0.034372155
0,0,0.061564554
0,0,0.01568023
0,0,0.08668838
0,0,0.0017050008
0,0,0.13998869
1,1,0.80559397
0,0,0.04909174
1,1,0.9999988
1,1,0.99999833
0,0,0.0030819701
0,0,0.12727337
0,0,0.0020198566
0,0,0.020478485
0,0,0.003722073
0,0,0.029106842
0,0,0.006353355
0,0,0.047698505
0,0,0.03639836
1,0,0.23877291
0,0,0.00026484166
0,0,0.08774841
0,0,0.23400125
0,0,0.012256921
0,0,0.0026133086
0,0,0.32421702
0,0,0.0008194674
0,0,0.005116721
0,0,0.008387347
0,0,0.026053859
1,0,0.45271188
0,0,0.03853772
0,0,0.19504818
1,1,0.9999976
1,1,0.9999976
0,0,0.16128372
0,0,0.073465586
0,0,0.074203506
0,0,0.07859708
0,0,0.0066162166
0,0,0.29479438
0,0,0.06256197
1,1,0.9999988
0,0,0.010154357
0,0,0.0027736719
1,1,0.9999987
0,0,0.008535327
0,0,0.0007676764
0,0,0.05323158
0,0,0.0067405505
0,0,0.026977772
1,1,0.99999833
0,0,0.038838908
0,0,0.0026237422
0,0,0.019498535
0,0,0.015053011
0,0,0.0071004145
0,0,0.0060763787
0,0,0.11895035
0,0,0.030310914
1,1,0.9999144
0,0,0.19010068
1,1,0.9999988
0,0,0.009768172
0,0,0.01929612
0,0,0.05642493
0,0,0.008985845
1,1,0.98959774
0,0,0.071786076
0,0,0.017287616
0,0,0.067261636
1,1,0.69134575
0,0,0.0176049
1,1,0.9999987
1,1,0.66296536
0,0,0.013358767
0,0,0.0075775394
0,0,0.008664727
0,0,0.007793955
1,1,0.999713
1,1,0.9999987
0,0,0.03454169
0,0,0.034972068
0,0,0.004072599
1,1,0.9999987
0,0,0.019881666
0,0,0.04022461
0,0,0.05739304
1,1,0.8997396
0,0,0.0008951588
0,0,0.004642262
0,0,0.033411723
0,0,0.014190758
0,0,0.021014722
0,0,0.25338197
0,0,0.084120266
0,0,0.009649329
0,0,0.006531974
0,0,0.009833282
1,1,0.8492353
1,1,0.9999988
1,1,0.70515007
0,0,0.08224059
0,0,0.004860652
1,1,0.9999976
0,0,0.02468426
0,0,0.024210403
0,0,0.10296227
0,0,0.00027539648
1,1,0.9999968
0,0,0.26773947
0,0,0.077450134
1,0,0.09588348
0,0,0.008714889
1,1,0.8726229
0,0,0.0027645773
0,0,0.005192397
0,0,0.23683724
0,0,0.012855994
0,0,0.094606
0,0,0.14348653
0,0,0.0067101885
0,0,0.009154182
0,0,0.01742151
0,0,0.12966445
0,0,0.020054108
0,0,0.06274018
0,0,0.049253218
1,1,0.807288
0,0,0.0037089316
0,0,0.021828342
0,0,0.02952332
0,0,0.22035518
0,0,0.024890423
0,0,0.031992286
0,1,0.53418475
1,1,0.99784124
1,1,0.5363503
0,0,0.0197444
0,0,0.016878067
1,1,0.9999987
0,0,0.0026485238
0,0,0.037396412
0,0,0.07002554
1,1,0.9999976
0,1,0.50869244
0,0,0.018032903
0,0,0.15867043
0,0,0.09898432
0,0,0.3153387
1,1,0.99999833
0,0,0.0076173525
0,0,0.024166616
0,0,0.03199749
0,0,0.010866746
0,0,0.031002285
0,0,0.007025687
0,0,0.039674312
0,0,0.00480088
0,0,0.032131795
1,1,0.9999988
0,0,0.028590506
1,1,0.9999988
0,0,0.012585879
0,0,0.03985453
1,0,0.4066255
1,0,0.29479438
0,0,0.117183134
0,0,0.028504875
0,0,0.007180525
1,1,0.9999976
1,1,0.9999207
0,0,0.010651566
1,1,0.5698261
0,0,0.0022978156
1,0,0.34112272
0,0,0.066480026
0,0,0.02524867
0,0,0.09600032
0,0,0.024547424
0,0,0.17816791
0,0,0.00048033567
0,0,0.0032979676
1,1,0.9999976
0,0,0.020008327
0,0,0.081538826
0,0,0.016558215
0,0,6.4524545e-05
1,0,0.16526482
0,0,0.017998312
0,0,0.054327082
0,0,0.008308798
0,0,0.026564112
1,1,0.9999976
0,0,0.020445101
0,0,0.0016223599
1,1,0.99310774
0,0,0.20177703
0,0,0.4264455
0,0,0.002883423
1,1,0.9999987
0,0,0.014656732
1,1,0.9999976
1,0,0.47440356
1,0,0.06340615
0,0,0.0031676348
0,0,0.0041422467
0,0,0.28442484
0,0,0.06431307
0,0,0.028045619
1,1,0.9999976
0,0,0.099961124
0,0,0.005751713
0,0,0.0013982108
0,0,0.022776024
0,1,0.60249937
0,0,0.12979357
0,0,0.09591081
0,0,0.41350317
0,0,0.13111691
0,0,0.011277712
0,0,0.062497973
0,0,0.0067480505
1,1,0.9999988
0,0,0.19088511
1,1,0.6215039
1,1,0.9999968
0,0,0.091868326
0,0,0.024626091
0,0,0.041631915
1,1,0.9963133
1,1,0.99999285
0,0,0.018842552
0,0,0.19497594
1,0,0.062403455
0,0,0.006704987
0,0,0.1848235
0,0,0.06295093
0,0,0.012497365
0,0,3.9202107e-05
0,0,0.009809497
0,0,0.11914965
1,0,0.23495567
1,0,0.46974623
0,0,0.040753845
0,0,0.21267135
1,1,0.99998677
0,0,0.010995636
0,0,0.004238676
0,0,0.060056332
0,0,0.008237924
0,0,0.06465723
0,0,0.023309873
1,1,0.9999988
0,0,0.0019127495
0,0,0.003512995
0,0,0.011722456
0,0,0.033973724
0,0,0.004130515
1,0,0.3257951
0,0,0.037102997
0,0,0.10784897
1,0,0.27299842
1,1,0.999998
0,0,0.0003019002
0,0,0.067571126
1,1,0.99999833
0,0,0.07228752
0,0,0.06778726
0,0,0.029653212
0,0,7.712301e-05
1,1,0.99999833
0,0,0.17379645
0,0,0.030710943
0,0,0.0049156644
1,1,0.99999833
1,1,0.9892926
0,0,0.10096016
0,0,0.0017389156
0,0,0.48197788
0,0,0.08935016
0,0,0.18305655
0,0,0.025102872
1,1,0.99999833
0,0,0.006061422
0,0,0.0341425
0,0,0.06336964
0,0,0.00852874
0,0,0.08650653
0,0,0.004072599
0,0,0.10232539
0,0,0.0012650574
0,0,0.011164899
0,0,0.029380675
0,0,0.03470086
0,0,0.024320446
1,1,0.9824473
0,0,0.36520734
1,1,0.9391521
0,0,6.662014e-05
0,0,0.06171375
0,0,0.08538136
0,0,0.03152858
0,0,0.009164702
0,0,0.010417945
0,0,0.1982898
0,0,0.022458771
0,0,0.009753047
0,0,0.039072733
0,0,0.0072631454
0,0,0.024561226
0,0,0.12821233
0,0,0.0027825495
0,0,0.035328295
1,1,0.86274767
0,0,0.0041030496
0,0,0.00042011618
1,1,0.9999987
0,0,0.05445862
0,0,0.0819417
0,0,0.00526403
0,0,0.00865726
0,0,0.07481419
1,1,0.9999988
1,1,0.99999845
0,0,0.0025875228
0,0,0.00036296961
0,0,0.016328169
0,0,0.052276846
0,0,0.013820253
0,0,0.047418874
0,0,0.26464644
0,0,0.016826445
0,0,0.0035865102
0,0,0.015429738
0,0,0.012644484
1,1,0.99999404
0,0,0.027972914
1,0,0.064208105
0,0,0.2775052
0,0,0.17078145
0,0,0.018506816
1,1,0.99477565
0,0,0.00015748326
0,0,0.11363827
0,0,0.03732031
0,0,0.026907645
0,0,0.06168412
0,0,0.011536406
0,0,0.002088317
1,1,0.9900067
0,0,0.048813835
0,0,0.041393273
0,0,0.009686217
0,0,0.039249096
0,0,0.047973692
0,0,0.08827156
0,0,0.14920124
0,0,0.16351557
0,0,0.007244991
1,1,0.96268666
0,0,0.028873079
0,0,0.0063103894
0,0,0.02933085
0,0,0.042487163
0,0,0.03711815
0,0,0.18258268
0,0,0.0005493956
0,0,0.01575174
1,1,0.998288
0,0,0.058960915
0,0,0.034213893
0,0,0.001823532
0,0,0.013654677
0,0,0.030351792
0,0,0.030946266
0,0,0.06627705
0,0,0.02246391
0,0,0.010407602
0,0,0.01939902
0,0,0.075381175
0,0,0.43799773
0,0,0.039275598
0,0,0.2049772
1,1,0.9999144
1,1,0.9998735
0,0,0.02624659
0,0,0.00053241575
0,0,0.010591385
0,0,0.0017467886
1,1,0.9091635
0,0,0.34196204
0,0,0.061747402
0,0,0.013209047
0,0,0.0012750141
0,0,0.011202354
0,0,0.10060803
0,0,0.029992504
0,0,0.008000284
0,0,0.2838673
0,0,0.044268128
0,0,0.0023138665
0,0,0.1361957
0,0,0.13354029
0,0,0.008185278
0,0,0.21701021
0,0,0.001554695
0,0,0.018361531
0,0,0.01266257
0,0,0.07088986
1,1,0.9999989
0,0,0.0056394506
0,0,0.0031004206
0,0,0.01855139
1,1,0.9999144
0,0,0.004493177
0,0,0.03840454
0,0,0.0024538846
0,0,0.00042233552
0,0,0.0035235223
0,0,0.022120306
0,0,0.0384939
1,0,0.31879193
1,1,0.999998
1,1,0.9999927
0,0,0.10054788
0,0,0.006249125
1,1,0.9999988
1,1,0.99999833
1,1,0.99996996
0,0,0.0216277
0,0,0.029528739
0,0,0.039873164
0,0,0.010048441
0,0,0.00017600652
0,0,0.034478027
0,0,0.3771239
0,0,0.28411716
0,0,0.014186811
0,0,0.3900317
0,0,0.25406018
0,0,0.011059793
0,0,0.14244428
0,0,0.114515044
0,0,0.23006573
1,1,0.99999785
0,0,0.014512169
0,0,0.12414405
0,0,0.15844934
0,0,0.33719805
0,0,0.018903617
0,0,0.0042969207
0,0,0.034633685
0,0,0.20389839
0,0,0.011571831
0,0,0.24624969
0,0,0.09487982
0,0,0.014815473
0,0,0.01176926
1,1,0.9999988
0,0,0.0027115957
0,0,0.032559752
0,0,0.00092930655
0,0,0.02471593
0,0,0.04213391
0,0,0.020204194
0,0,0.0073050736
1,0,0.10492068
0,0,0.0072549465
0,0,5.1878105e-05
0,0,0.04092325
1,1,0.9999144
1,0,0.32445526
0,0,0.0013599835
0,1,0.5300659
0,0,0.45417163
0,0,0.04935932
0,0,0.002672537
1,0,0.122142866
0,0,0.13514897
1,1,0.999998
0,0,0.063600525
0,0,0.002116775
0,0,0.013855678
0,0,0.12280472
0,0,0.00864724
0,0,0.00811756
0,0,0.094797835
0,0,0.0054951427
0,0,0.019559795
0,0,0.016892599
0,0,0.03763859
0,0,0.015062643
1,1,0.9463728
0,0,0.008349365
1,1,0.9999987
0,0,0.18617202
0,0,0.15667658
0,0,0.2053246
0,0,0.0018089397
0,0,0.058073223
0,0,0.47037482
0,0,0.026965
1,1,0.73319834
1,1,0.99999774
0,0,0.024028162
0,0,0.3400827
1,1,0.99999774
0,0,0.006664056
0,0,0.0021822066
1,1,0.99999833
0,0,0.13762431
0,0,0.36183843
0,0,0.17863427
0,0,0.14037451
0,0,0.0015174081
0,0,0.018107435
0,0,0.0024402996
0,0,0.30305535
0,0,0.083037
0,0,0.008203452
0,0,0.13668714
0,0,0.0022547343
0,0,0.13017644
0,1,0.6284136
0,0,0.05256147
0,0,0.0033778467
0,0,0.015140494
0,0,0.0005150982
0,0,0.0931145
0,0,0.0017518162
0,0,0.19600387
0,0,0.1274334
0,0,0.27006546
0,0,0.01944883
1,1,0.9999988
0,0,0.03840454
0,0,0.33832106
0,0,0.0027825495
1,1,0.99999833
0,0,0.081565395
0,0,0.0037156616
0,0,0.044957884
0,0,0.0007672753
0,0,0.006922616
0,0,0.013310648
0,0,0.01829044
0,0,0.01860942
0,0,0.27410853
0,0,0.0051464373
0,0,0.0005566608
1,1,0.9999976
0,0,0.079225644
0,0,0.02852801
1,0,0.18903251
0,0,0.17263389
0,0,0.010426458
1,1,0.5853374
0,0,0.37069348
0,0,0.0018095124
0,0,0.0006920604
0,1,0.58728284
0,0,0.45024663
0,0,0.013019883
0,0,0.0029087118
0,0,0.07976929
0,0,0.08649119
1,1,0.99423087
1,1,0.9999987
0,0,0.42425725
0,0,0.028372945
0,0,0.0033272582
0,0,0.004985263
1,1,0.80307376
0,0,0.08197077
0,1,0.5571896
0,0,0.068687245
0,0,0.042708497
0,0,0.00073087553
0,0,0.04602022
0,0,0.038061142
0,0,0.10350847
0,0,0.003737428
1,1,0.99999714
0,0,0.0044733123
0,0,0.010417734
0,0,0.0012886708
1,1,0.9999976
0,0,0.0031436726
0,0,0.003714098
0,0,0.0047117835
0,0,0.09465521
0,0,0.3079502
0,0,0.042859454
0,0,0.001542065
0,0,0.09569561
0,0,0.005710944
0,0,0.36025023
1,1,0.99999833
0,0,0.35310602
0,0,0.10879328
0,0,0.20250149
0,0,0.17341082
0,0,0.015872436
0,0,0.0007093847
1,1,0.986166
0,0,0.14798526
0,0,0.034910016
0,0,0.040586546
1,1,0.9999976
0,0,0.031680364
0,0,0.0045967014
0,0,0.0615338
0,0,0.02804218
0,0,0.025706116
0,0,0.12943405
1,1,0.9999988
0,0,0.0017550028
0,0,0.013204268
0,0,0.03770582
0,0,3.1475905e-05
0,0,0.009051307
1,1,0.9999988
0,0,0.11441961
0,0,0.06346167
0,0,0.018502384
1,1,0.99967563
1,1,0.9999976
0,0,0.00017125414
1,1,0.9999987
1,1,0.9999976
1,1,0.99999726
0,0,0.10821277
0,0,0.038426943
0,0,0.1529729
0,0,0.0008168506
0,0,0.0039357776
0,1,0.68315315
1,1,0.99668914
0,0,0.005669276
0,0,0.10255075
0,0,0.0104545485
0,0,0.14043722
0,0,0.089355595
0,0,0.0968065
0,0,0.003951584
0,0,0.23030004
1,1,0.9999976
0,0,0.0005921786
0,0,0.033692468
0,0,0.06322847
0,0,0.001673083
1,1,0.99999833
0,0,0.0025610244
0,0,0.041536927
1,1,0.9999988
0,0,0.013004236
0,0,0.004086608
0,0,0.0005919588
0,0,0.08004106
0,0,0.011934877
0,0,0.2963392
1,1,0.99999833
0,0,0.39041743
0,0,0.027057601
0,0,0.016212573
0,0,0.001098484
0,0,0.08561055
1,1,0.8116768
1,1,0.9469016
1,1,0.9999976
0,0,6.294392e-05
0,0,0.008246329
0,0,0.04416448
0,0,0.017239368
0,0,0.10155659
0,0,0.053439174
0,0,0.0128755355
0,0,0.11865326
0,0,0.2404612
0,0,0.0553272
0,0,0.005248223
0,0,0.0075921332
0,0,0.016796613
0,0,0.019542012
0,0,0.100056425
0,0,0.024011975
0,0,0.4543449
0,0,0.019085558
0,0,0.03916059
0,0,0.03308839
0,0,0.33242244
0,0,0.018767124
0,0,0.02242955
0,0,0.024626091
1,0,0.40097308
0,0,0.014961387
0,0,0.19278952
0,0,0.0013027714
0,0,0.010252941
0,0,0.06420385
0,0,0.042019043
0,0,0.022087032
0,0,0.19738303
0,0,0.0005721208
0,0,0.050162878
1,1,0.9444209
0,0,0.0766308
0,0,0.107025065
0,0,0.05156922
0,0,0.008798936
0,0,0.0063406765
0,0,0.061245874
0,0,0.0076120663
0,0,0.013853742
0,0,0.114077754
0,0,0.0028841551
0,0,0.010741941
0,0,0.097570665
0,0,0.11566675
0,0,0.06322912
1,1,0.9311398
0,0,0.23705193
0,0,0.053442553
0,0,0.0947396
1,1,0.9776763
0,0,0.040869635
0,0,0.041322365
0,0,0.026040409
0,0,0.005139082
0,0,0.044667337
0,0,0.019069748
1,1,0.9916556
0,0,0.003312141
0,0,0.038629457
0,0,0.36268657
0,0,9.291457e-05
0,0,0.00032324504
1,1,0.99999833
0,0,0.4917706
1,0,0.3756078
0,0,0.045787834
0,0,0.1721842
0,0,0.039849218
0,0,0.014261179
0,0,0.023680417
1,1,0.9999976
0,0,0.007916918
0,0,0.03044694
0,0,0.0016800144
0,0,0.14166754
0,0,0.022339847
0,0,0.18535817
1,1,0.5102565
0,0,0.07698558
0,0,0.04121397
0,0,0.03391715
1,1,0.9999988
1,1,0.9999987
0,0,0.0022734865
0,0,0.018893223
0,0,0.261601
1,1,0.80132985
0,0,0.10756131
0,0,0.01505946
1,1,0.8642321
0,0,0.017297331
0,0,0.0025569992
0,0,0.19667533
0,0,0.034762662
0,0,0.014881773
1,1,0.9999988
0,0,0.007307014
0,0,0.005438945
0,0,0.0051473873
0,0,0.021128742
0,0,0.013550322
0,0,0.020661995
0,0,0.05116754
0,0,0.03866879
0,0,0.0679721
0,0,0.010243273
0,0,0.021947753
0,0,0.0031188843
0,0,0.09453877
0,0,0.036965154
0,0,0.001848559
0,0,0.034213893
0,0,0.0063630673
1,1,0.999998
0,0,0.009401339
0,0,0.018703805
0,0,0.09221266
0,0,0.0603316
0,0,0.02927575
0,0,0.23874393
0,0,0.007903911
0,0,0.2642233
0,0,0.12744209
0,0,0.3528115
0,0,0.009469728
1,0,0.22931653
0,0,0.24799784
0,0,0.10874267
0,0,0.0094059985
0,0,0.006285338
1,1,0.99158126
0,0,0.06508687
0,0,0.10391071
1,0,0.07231099
1,1,0.99999774
0,0,0.0955329
0,0,0.32325137
0,0,0.0039833444
0,0,0.011574155
0,0,0.0078427065
0,0,0.052315403
0,0,0.107828304
0,0,0.09281471
0,0,0.016836783
0,0,0.22801393
0,0,0.10234898
0,0,0.022607626
0,0,0.060571864
0,0,0.036885053
0,0,0.07861511
1,1,0.99999833
0,0,0.060552094
0,0,0.043834474
0,0,0.014719939
0,0,0.0060578925
0,0,0.018054679
0,0,0.039522193
0,0,0.010680675
0,0,0.035887387
0,0,0.044131406
1,1,0.999998
0,0,0.031091433
0,0,0.030501079
0,0,0.014523066
0,0,0.008607064
0,0,0.0070742476
0,0,0.0016793453
0,0,0.022040455
0,1,0.5300659
0,0,0.0060138083
0,0,0.0035425287
0,0,0.0003984018
0,0,0.015157883
1,1,0.99238163
0,0,0.046665516
1,1,0.9860902
0,0,0.017195854
0,0,0.044548586
1,1,0.99999857
0,0,0.1607429
0,0,0.02852801
0,0,0.0075795827
0,0,0.055030216
1,1,0.9999927
0,0,0.04731959
0,0,0.008357035
0,0,0.016376266
0,0,0.009692101
1,1,0.95370674
0,1,0.5556628
1,1,0.9999988
0,0,0.07679541
0,0,0.048822887
0,0,0.02449203
0,0,0.00069135305
0,0,0.0076445322
1,1,0.9999987
0,0,0.03829182
0,0,0.010534562
0,0,0.008256434
0,0,0.061126404
0,0,0.0069215633
0,0,0.06935271
0,0,0.04582103
0,0,0.38688877
0,0,0.0025759228
0,0,0.024896171
1,1,0.6084486
0,0,0.26256993
0,0,0.0011292638
0,0,0.14186862
0,0,0.16229084
0,0,0.021110676
0,0,0.0034857506
1,1,0.9853625
0,0,0.042786557
0,0,0.014166737
0,0,0.09158467
1,0,0.10864377
0,0,0.054327082
1,0,0.058530916
0,0,0.01964996
0,0,0.016229475
1,1,0.99999833
1,1,0.99999344
0,0,0.0717106
0,1,0.6682233
0,0,0.02197218
0,0,0.036180932
1,1,0.99999833
0,0,0.05249866
0,0,0.10796729
0,0,0.2703988
0,0,0.011436104
0,0,0.0013539947
0,0,0.0527104
0,0,0.004719207
0,0,0.1362579
1,1,0.9851673
0,0,0.0018373155
0,0,0.013135728
1,1,0.95476854
0,0,0.09095873
0,0,0.045290068
0,0,0.0802348
0,0,0.0003304481
0,0,0.002306357
0,0,0.00035474752
0,0,0.0007577452
1,1,0.97189754
0,0,0.012429496
0,0,0.008655189
0,0,0.022596635
1,1,0.99999833
0,0,0.0070389723
1,1,0.9999987
0,0,0.0010978867
0,0,0.002053043
0,0,0.059220128
1,0,0.47037482
0,0,0.107604034
0,0,0.016218673
1,1,0.999998
0,0,0.30680424
0,0,0.40958855
1,1,0.9999976
0,0,0.028957712
0,0,0.26695538
1,1,0.97989607
0,0,0.019098341
0,0,0.01947278
0,0,0.02245599
0,0,0.17279373
0,0,0.000696375
1,1,0.9999987
0,0,0.015493434
0,0,0.015746234
0,0,0.28534168
0,0,0.15737534
0,0,0.0076507744
0,0,0.068447195
0,0,0.0010945023
0,0,0.048991945
0,0,0.17395078
0,0,0.1035154
0,0,0.034716092
0,0,0.022087676
0,0,0.0011016175
0,0,0.018881788
0,0,0.031379364
0,0,0.0060310205
0,0,0.035921387
0,0,0.054468542
1,1,0.98965853
1,1,0.9999987
0,0,0.000696375
0,0,0.11355775
0,1,0.72045255
0,0,0.00022075616
0,0,0.04432159
0,0,0.0017343558
0,0,0.014970876
0,0,0.13195948
0,0,0.0031403748
0,0,0.03118904
0,0,0.025293384
0,0,0.009092866
0,0,0.005967639
0,0,0.08221587
0,0,0.07110143
0,0,0.032657817
0,0,0.15327834
1,1,0.9999988
0,0,0.00987253
1,0,0.113707624
0,0,0.08931864
0,0,0.0151262665
0,0,0.055071987
0,0,0.0024126044
1,1,0.9999976
1,1,0.99999833
0,0,0.005314786
0,0,0.0022431284
1,1,0.996992
0,0,0.029864933
0,0,0.12807374
0,0,0.0032047322
0,0,0.038531967
1,1,0.9999144
1,1,0.99999785
0,0,0.034009017
0,0,0.07172549
0,1,0.7621554
0,0,0.040251046
0,0,0.0032658363
0,0,0.024235046
0,0,0.0007286886
0,0,0.0051944414
0,0,0.07481419
0,0,0.057786047
0,0,0.088669494
0,0,0.016868621
0,0,0.035890914
1,1,0.82627875
0,0,0.014251751
0,0,0.011391737
0,0,0.001239332
0,0,0.09768423
0,0,0.18714169
0,0,0.14263654
0,0,0.0048063896
0,0,0.059729356
0,0,0.041537907
0,0,0.008999265
0,0,0.00025480057
0,0,0.14573793
0,0,0.0032385683
0,1,0.58430284
1,1,0.9999968
0,0,0.006837402
0,0,0.18906136
0,0,0.0511161
0,0,0.007113981
1,1,0.9999987
1,1,0.93576854
0,0,0.024699345
0,0,0.021919105
1,1,0.86674774
0,0,0.023877019
0,0,0.32616127
0,0,4.6676887e-05
1,1,0.99423087
0,0,0.017045477
1,1,0.9999976
0,0,0.012257279
0,0,0.002381232
0,0,0.021674318
0,0,0.05782078
0,0,0.16238116
0,0,0.06450314
0,0,0.03599306
0,0,0.10208169
1,1,0.9999968
1,1,0.58415085
0,0,0.12927291
0,0,0.057406664
0,0,0.16187547
0,0,0.3497293
0,0,0.0011132716
0,0,0.042055316
0,0,0.13458662
1,1,0.9999987
0,0,0.070292585
0,0,0.07826005
0,0,0.033935517
0,0,0.0033804318
0,0,0.009828682
1,1,0.9999987
0,0,6.0445796e-05
0,0,0.01585634
0,0,0.01262552
0,0,0.3370993
0,0,0.2997222
1,1,0.99999785
0,0,0.071468845
0,0,0.024210403
1,1,0.99999833
0,0,0.10848839
0,0,0.0020737122
0,0,0.023186302
0,0,0.005128179
1,1,0.9999285
0,0,0.024136296
0,0,0.11083022
0,0,0.022343464
0,0,0.099019416
1,1,0.9999987
0,0,0.002923165
0,0,0.14522272
0,0,0.14529859
0,0,0.12771569
0,0,0.003358838
1,1,0.9973009
0,0,0.011794226
1,0,0.4184145
0,0,0.04789265
0,0,0.005176409
0,0,0.09301522
0,0,0.0496217
0,0,0.010286116
0,0,0.005521556
0,0,0.42575896
0,0,0.027744086
0,0,0.0026167799
0,0,0.0038521837
0,0,0.0055558626
0,0,0.41016078
0,0,0.07385177
0,0,0.057767276
1,1,0.9999988
0,0,0.015091116
0,0,4.710635e-05
0,0,0.0005969623
0,0,0.04272171
1,1,0.99999833
0,0,0.0016923533
1,1,0.9218459
1,0,0.057179626
0,0,0.019559653
0,0,0.04878767
0,0,0.023446716
0,0,0.049217705
0,0,0.008122039
0,0,0.12887374
0,0,0.07311688
0,0,0.002137971
0,0,0.001823532
0,0,0.00046173765
1,1,0.99998426
1,0,0.40534106
0,0,0.035385337
0,0,0.2299164
0,0,0.1348622
1,1,0.999998
0,0,0.0014076487
1,1,0.99999785
0,0,0.0129623255
0,0,0.16672388
0,0,0.023600772
0,0,0.018034989
0,0,0.007757071
0,0,0.0727137
0,0,0.007859603
0,0,4.638925e-05
0,0,0.23773347
0,0,0.010131397
0,0,0.024026781
0,0,0.043326303
0,0,0.075753115
1,1,0.9999987
0,0,0.0046768524
0,0,0.0441043
1,1,0.99576133
0,0,0.2997222
1,1,0.99083483
0,0,0.0067067402
0,0,0.009914236
0,0,0.07346009
0,0,0.003137558
0,0,0.11695292
0,0,0.016615953
0,0,0.005984833
0,0,8.4720756e-05
0,0,0.3422844
0,0,0.014972614
1,0,0.2997222
0,0,0.040694367
0,0,0.10155659
0,0,0.019925566
1,1,0.99062926
0,0,0.05408038
1,1,0.99999785
0,0,0.044957884
1,0,0.061012447
0,0,0.025580065
0,0,0.16505763
0,0,0.002174189
0,0,0.087854385
1,1,0.99450797
1,1,0.99625057
0,0,0.0017994437
0,1,0.5812108
0,0,0.123044714
0,0,0.011629929
0,0,0.029930335
0,0,0.03037745
0,0,0.012034323
0,0,0.0007370337
0,0,0.018903617
0,0,0.008819258
0,0,0.21196659
0,0,0.01931535
0,0,0.15891178
1,1,0.61302644
0,0,0.29826146
0,0,0.00033184886
0,0,0.115933836
0,0,0.0011766601
0,0,0.06489285
0,0,0.034233578
0,0,0.012205954
0,0,0.21836624
0,0,0.4785157
0,0,0.0079633845
0,0,0.05146307
0,0,0.09971283
0,0,0.09915926
0,0,0.004643772
0,0,0.03683
0,0,0.023313988
0,0,0.006895964
0,0,0.073321864
0,0,0.033023994
0,0,0.027299436
0,0,0.0013494343
1,1,0.9999968
0,0,0.32022366
0,0,0.10185734
0,0,0.045055747
0,0,0.082685694
0,0,1.0468197e-05
0,0,0.017980492
0,0,0.0038961917
0,0,0.09844632
0,0,0.0054049976
0,0,0.36690965
0,0,0.06949865
0,0,0.15943643
1,1,0.9646002
0,0,0.0017634832
1,1,0.99999857
1,0,0.05675206
0,1,0.57870686
0,0,0.004072599
0,0,0.14193292
0,0,0.4752104
0,0,0.27911344
0,0,0.00014483972
0,0,0.02017481
0,0,0.034622543
0,0,0.039685108
0,1,0.71072453
0,0,0.0026136492
0,0,0.07172549
0,0,0.00566092
0,0,0.009768172
1,1,0.99999833
0,0,0.026946515
0,0,0.00069965044
0,0,0.01602223
0,0,0.13237327
0,0,0.0052295807
0,0,0.020158218
0,0,0.044949684
0,0,0.021819271
0,0,0.099082366
0,0,7.0766714e-06
0,0,0.0029165042
0,0,0.0020355782
0,0,0.018312393
0,0,0.00016673098
1,1,0.9999976
0,0,0.02769703
0,0,0.034489114
0,0,0.001290155
0,0,0.121367514
1,1,0.99999833
1,1,0.9999988
0,0,0.009196522
0,0,0.015257611
0,0,0.14386232
1,1,0.8687945
0,0,0.0010502522
0,0,0.052696973
0,0,0.0034145683
0,0,0.02170969
0,0,0.013724617
0,0,0.009452278
0,0,0.0015644075
0,0,0.005110385
0,0,0.044470936
0,0,0.4685477
0,0,0.008880215
0,0,0.0007867242
1,1,0.9999976
0,0,0.01810479
1,1,0.9999989
0,0,0.04769803
0,0,0.027549822
1,1,0.9999976
1,1,0.9999976
0,0,0.00046957436
0,0,0.016079517
0,0,0.013091876
0,0,0.0014499562
0,0,0.014522947
0,0,0.0033061046
0,0,0.016881999
0,0,0.12981132
0,0,0.040073104
1,0,0.12510802
0,0,0.0032990857
0,0,0.23575097
0,0,0.44387946
0,0,0.020398451
0,0,0.10769016
0,0,0.008756154
0,0,0.10232539
0,0,0.026334755
0,0,0.32141897
0,0,0.02348389
0,0,0.056064554
0,0,0.0036486052
0,0,0.08711842
0,0,0.009590298
1,1,0.99999857
0,0,0.004419883
0,0,0.17177564
0,0,0.19074105
0,0,0.018423706
0,0,0.017916186
0,0,0.0012783239
0,0,0.025643807
0,0,0.021538062
0,0,0.015714185
0,0,0.0063529154
0,0,0.094482236
0,0,0.0012557971
0,0,0.12965427
0,0,0.0131893335
0,0,0.047812477
0,0,0.015616504
0,0,0.19909099
0,0,0.019755552
0,0,0.0014460379
0,0,0.035249952
0,0,0.055894814
0,0,0.05442649
0,0,0.00088489335
0,0,0.0009513634
0,0,0.014622127
0,0,0.09263105
1,1,0.9999144
0,0,0.25901017
0,0,0.041863274
0,0,0.0022518912
1,1,0.86999786
0,0,0.0049166465
0,0,0.076433346
0,0,0.0022523145
0,0,0.17586486
1,1,0.99999833
0,0,0.0002507298
1,1,0.99999833
1,1,0.99999833
0,0,0.048830044
0,0,0.051015012
1,1,0.7684308
0,0,0.0024126044
0,0,0.13207756
0,0,0.01524679
1,1,0.9999976
0,0,0.034504488
0,0,0.06805731
0,0,0.012438022
0,0,0.013998537
0,0,0.05141749
0,0,0.035017565
1,1,0.97768027
0,0,0.003184098
0,0,0.03327125
0,0,0.0030833082
0,0,0.017282473
0,0,0.45024663
1,0,0.02167176
0,0,0.028449448
0,0,0.016845925
0,0,0.013084398
0,0,0.06913691
0,0,0.046804115
0,0,0.07399018
0,1,0.50455725
1,1,0.99999785
0,0,0.18411545
1,1,0.99999523
0,0,0.14363056
0,0,0.00573129
0,0,0.23890151
0,0,0.007706098
0,0,0.16554852
1,1,0.99999833
0,0,0.05127906
0,0,0.15446891
0,0,0.037621927
0,0,0.043497954
1,1,0.99999857
0,1,0.58978087
0,0,0.028700665
0,0,0.0072387992
0,0,0.27090442
1,1,0.99999833
0,0,0.0006920604
0,0,0.014862503
0,0,0.013934893
0,0,0.0006358133
1,1,0.9802911
0,0,0.06765847
1,1,0.99999833
0,0,0.008461835
1,1,0.97504336
0,0,0.023811897
0,0,0.011728362
0,0,0.06788337
0,0,0.017193235
1,1,0.99832374
0,0,0.07702497
0,0,0.022120306
1,1,0.96914256
0,0,0.090211265
0,0,4.538328e-05
0,0,0.00051569095
0,0,0.007336403
0,0,0.05435843
0,0,0.46275878
0,0,0.006546778
0,0,4.876069e-05
0,0,0.0011292638
0,0,0.008507095
0,0,0.0052031395
0,0,0.0026227066
1,1,0.99999833
1,1,0.9999988
0,0,0.3514527
0,0,0.049413923
0,0,0.061524887
1,1,0.9999987
0,0,0.0065149986
0,0,0.042445097
1,1,0.5429023
0,0,0.24401605
1,1,0.93438214
0,0,0.019545421
1,1,0.9999976
0,0,0.24492772
0,0,0.0116695585
0,0,0.22553958
0,0,0.0016004598
1,1,0.9963276
0,1,0.5190775
0,0,0.009005211
0,0,0.19170977
0,0,0.051075734
0,0,0.0064998185
0,0,0.044899087
0,0,0.009482895
0,0,0.0145138195
0,0,0.05381715
1,1,0.9999976
0,1,0.64588225
0,0,0.069890246
0,0,0.047855884
0,0,0.042301007
0,0,0.027491685
0,0,0.095727
0,0,0.059274428
0,0,0.00864724
0,0,0.00048949494
0,0,0.009831198
0,0,0.040124953
0,0,0.019440526
0,0,0.016164433
0,0,0.1241597
0,0,0.09076742
0,0,0.094915554
1,0,0.031145032
0,0,0.0012966983
0,0,0.027040761
0,0,0.09471347
1,1,0.9925276
1,1,0.99546635
1,1,0.999998
1,1,0.99999785
0,0,0.00041559082
0,0,0.079941556
0,0,0.09157133
0,0,0.012418059
1,0,0.19374937
0,0,0.02966064
0,0,0.01952965
0,0,0.11368261
0,0,0.10865762
0,0,0.10428426
0,0,0.36690965
0,0,0.011751499
0,0,0.029241227
0,0,0.053600986
0,0,0.0014500929
1,1,0.8618304
0,0,0.045114122
0,0,0.024688182
0,0,0.003810624
0,0,0.046152044
1,1,0.99999714
0,0,0.098759234
0,0,0.003524778
0,0,0.02955219
0,0,0.0028284972
0,0,0.10817946
1,1,0.8496412
0,0,0.05546767
0,0,0.016136875
0,0,0.16040929
0,0,0.021358166
0,0,0.16523106
0,0,0.1741189
0,0,0.032450214
0,0,0.0048063667
1,1,0.9999976
0,0,4.389134e-05
0,0,0.04864752
0,0,0.1748505
0,0,0.13730574
0,0,0.020733722
0,0,0.14644708
0,0,0.025322773
1,0,0.34910262
0,0,0.07223386
0,0,0.023455022
0,0,0.04339958
0,0,0.04196853
0,0,0.13498767
0,0,0.009403724
0,0,0.004195302
1,1,0.9745252
0,0,0.08270731
0,0,0.0034610296
0,0,0.40958855
0,0,0.063571066
1,1,0.99999774
0,0,0.02062304
0,0,0.01418283
0,0,0.0031303626
1,1,0.99999833
0,0,0.017850101
0,0,0.04246237
0,0,0.038799908
0,1,0.5300659
1,1,0.9873368
0,0,0.012219483
0,0,0.01188768
0,0,0.01800573
1,1,0.9999987
0,0,0.0045967014
0,0,0.08993492
1,1,0.9999976
0,0,0.31348073
0,0,0.051477
0,0,0.027524969
0,0,0.04824923
0,0,0.0037429873
1,1,0.99999845
0,0,0.0051048505
0,0,0.13184997
0,0,0.023180626
0,0,0.011584103
0,0,0.016622225
0,0,0.027259618
0,0,0.024532778
0,0,0.00016007807
1,1,0.9999988
0,0,0.002929626
0,0,0.04381723
0,0,0.0016961771
0,0,0.009911854
0,0,0.000598961
0,0,0.020866068
0,0,0.0007309584
0,0,0.0051551145
1,1,0.9999976
0,0,0.02601956
0,0,0.32675168
1,1,0.9723104
0,0,0.008177063
0,0,0.023766771
0,0,0.022791827
0,0,0.001293434
0,0,0.022477333
1,1,0.99999833
0,0,0.037044097
0,0,0.0496217
0,0,0.0030113969
1,1,0.9999976
0,0,0.004997777
0,0,0.022047516
1,1,0.7582149
0,0,0.00041778488
0,0,0.05955122
0,0,0.0021163386
0,0,0.00026484166
1,1,0.9973009
0,0,0.0855192
0,0,0.03940329
0,0,0.09140182
0,0,0.0900879
0,0,0.37240636
0,0,0.024534818
0,1,0.53359985
0,0,0.01510739
0,0,0.14475165
0,0,0.0077242004
0,0,0.07455961
1,1,0.9999976
0,0,0.05421847
0,0,0.0030829199
0,0,0.04110551
0,0,0.100503206
0,0,0.0016816452
0,0,0.0964374
0,0,0.19424099
0,0,2.3621134e-05
0,0,0.10255195
0,0,0.0007106467
0,0,0.041938443
1,1,0.9999987
0,0,0.0076143974
0,0,0.043358985
0,0,0.023631284
0,0,0.0021364174
1,0,0.42894578
0,0,0.110851504
0,0,0.02352056
0,0,0.013285303
0,0,0.002488185
0,0,0.0003160974
0,0,0.01155028
1,1,0.9999987
0,0,0.0064015035
0,0,0.006393759
0,0,0.37107384
1,1,0.9999976
0,0,0.032623645
1,1,0.99689204
1,1,0.90674686
0,0,0.009607451
0,0,0.01860664
0,0,0.09941073
0,0,0.014653117
0,0,0.020571735
0,0,0.01591745
0,0,0.025797337
0,0,0.01972581
0,0,0.00034797887
0,0,0.008991656
0,0,0.05943187
0,0,0.00015788019
0,0,0.002956487
0,0,0.005595589
0,0,0.008360774
0,0,0.107941456
1,1,0.7184061
0,0,0.009571646
1,1,0.9999976
0,0,0.0077435435
0,0,0.026255032
0,0,0.014824057
0,0,0.06325753
0,0,0.0060596126
0,0,0.088339776
0,0,0.07894703
0,0,0.022652524
0,0,0.16213976
1,1,0.9999989
0,0,0.20123002
1,1,0.9999976
0,0,0.46853063
0,0,0.09940251
0,0,0.0144892465
1,1,0.7422947
0,0,3.898268e-05
1,1,0.99999785
0,0,0.25749657
1,1,0.9999119
0,0,0.0075527467
0,0,0.2756416
0,0,0.01832398
0,0,0.008843722
1,1,0.99999845
1,0,0.40958855
0,0,1.9369632e-05
0,0,0.069068246
0,0,0.005395982
0,0,0.058273654
0,0,0.0020010008
0,0,0.22584374
0,0,0.035469696
0,0,0.06650541
0,0,0.0013103549
0,0,0.006423399
0,0,0.011690629
0,0,0.019461501
0,0,0.005139116
0,0,0.0017994437
1,1,0.9940036
0,0,0.17402083
0,0,0.0029571757
1,1,0.99803454
1,1,0.99894625
0,0,0.0008793096
0,0,0.010006487
0,0,0.01238848
1,0,0.37069348
0,0,0.09759126
0,0,0.29201216
0,0,0.099928565
0,0,0.0029155447
1,1,0.999998
0,0,0.026595479
0,0,3.5224963e-05
0,0,0.023276405
0,0,0.05464132
0,0,0.08803666
0,0,0.030254222
0,0,0.029186262
0,0,0.051994093
0,0,0.003802814
0,0,0.2997222
0,0,0.0018968298
0,0,0.004284447
0,0,0.1142107
0,0,0.028229915
0,0,0.08658414
0,0,0.0055178236
0,0,0.0013004787
0,0,0.00074019626
1,1,0.97166055
0,0,0.01198304
0,0,0.17889756
0,0,0.08416669
0,0,0.04652763
0,0,0.0225821
0,0,1.967456e-05
0,0,0.033156
0,0,0.05568411
0,0,0.01649502
0,0,0.0017366549
0,0,0.0071890047
0,0,0.0057107788
1,1,0.9762222
0,0,0.011077257
0,1,0.75554603
0,0,0.45674482
0,0,0.05252192
0,0,0.09849974
1,1,0.9999931
0,0,0.20886499
0,0,0.0059438185
0,0,0.19867097
0,0,0.0006141321
1,1,0.9999987
0,0,0.05571745
0,0,0.012481339
0,0,0.0039145933
0,0,0.052171253
0,0,0.0040565645
0,0,0.01070206
0,0,0.0025659194
0,0,0.33996612
0,0,0.0005302719
0,0,0.032450214
1,1,0.86620474
0,0,0.0061046206
0,0,0.086639516
0,0,0.015491439
0,0,0.0036180706
0,0,0.0011714111
0,0,0.12797612
0,0,0.08630584
0,0,0.0013718389
0,0,0.005700575
0,0,0.00841081
0,0,0.026076624
1,1,0.999998
0,0,0.0006887472
0,0,0.023093404
0,0,0.0041495785
0,0,0.043695822
0,0,0.20800884
0,1,0.7812298
0,0,0.08700504
0,0,0.006458433
0,0,0.00011586928
0,0,0.082647115
0,1,0.5632928
0,0,0.066605896
0,0,0.017450782
0,0,0.011269468
0,0,0.012995384
1,0,0.09612055
0,0,0.1871299
0,0,0.022781778
1,1,0.9999988
0,0,0.47037482
0,0,0.001047972
0,0,0.15287763
0,0,0.15556975
1,1,0.99999833
1,1,0.9999119
0,0,0.0015766916
0,0,0.061954666
0,0,0.2141587
0,0,0.2098236
0,0,0.005512551
0,0,0.05386087
0,0,0.031580746
0,0,0.048928272
0,0,0.026673049
0,0,0.101134904
0,0,0.030340822
0,0,0.04894438
0,0,0.076668896
0,0,0.13843222
0,0,0.14675914
0,0,0.3458688
0,0,0.036687955
0,0,0.013046301
0,0,0.0075981854
0,0,0.0024382086
0,0,0.00010415272
0,0,0.21299554
1,1,0.98198515
0,0,0.003235179
1,0,0.13744156
1,1,0.99999833
0,0,0.053601265
0,0,0.007226754
0,0,0.22458927
0,0,0.0037995079
1,1,0.9788792
0,0,0.0034789944
0,0,0.008264623
0,0,0.17782816
1,1,0.9396251
0,0,0.19328237
1,1,0.9999976
0,0,0.028389324
1,1,0.99999654
0,0,0.02813431
0,0,0.013204268
0,0,0.00078527146
0,0,0.06450314
1,1,0.99999833
0,0,0.082920104
0,0,0.024260972
0,0,0.011539887
0,0,0.002702722
1,0,0.13363631
0,0,0.0049903346
0,1,0.5806357
0,0,0.0135836
0,0,0.023341682
0,0,0.001700932
0,0,0.12932338
0,0,0.02355092
0,0,0.15030357
0,0,0.071688764
0,0,0.005521556
0,0,0.002203605
0,0,0.0112796575
0,0,0.0007332
0,0,0.029878635
0,0,0.31208396
0,0,0.03755082
0,0,0.010482561
0,0,0.07003907
0,0,0.0007211785
0,0,0.00012824852
0,0,0.018331572
0,0,0.14097732
0,0,0.010486924
0,0,0.1371886
0,0,0.01798147
0,0,0.037368692
0,0,9.105854e-05
0,0,0.007342813
0,0,0.007511278
0,0,0.19738303
0,0,0.058333453
0,0,0.0083740875
0,0,0.004875244
0,0,0.0067759613
0,0,0.0043925093
0,0,0.021398244
1,1,0.9999976
0,0,0.08686643
0,0,0.019489698
0,0,0.00064802053
0,0,0.13149308
0,0,0.00021932971
0,0,0.08827392
0,0,5.91273e-05
0,0,0.003107559
0,0,6.4524545e-05
0,0,0.024098588
0,0,0.052049857
0,0,0.40597007
0,0,0.027361784
0,0,0.06386186
0,0,0.006320229
0,0,0.07391915
0,0,0.2969187
0,0,0.105622366
0,1,0.58279794
0,0,0.052888602
0,0,0.09851628
0,0,0.025199363
0,0,0.010913172
0,0,0.14374112
0,0,0.003569125
1,0,0.084248155
0,0,0.012534676
0,0,0.00861712
0,0,0.008449809
0,0,0.0051998976
0,0,0.10881049
0,0,0.030194486
1,1,0.9999989
1,1,0.99999833
0,0,0.040336236
1,1,0.9930172
0,0,0.0038848456
0,0,0.20998983
0,0,0.02994397
0,0,0.0057281195
0,0,0.406939
0,0,0.0023286983
0,0,0.0479305
0,0,0.017165845
0,0,0.043244217
0,0,0.03365192
0,0,0.04543059
0,0,0.14253603
0,0,0.108895406
0,0,0.07152491
0,0,0.005714194
0,0,0.061503608
1,1,0.9999987
0,0,0.05170738
0,0,0.0048857788
1,1,0.9283313
1,1,0.9999968
0,0,0.06615917
1,0,0.25078514
0,0,0.0015741326
0,0,0.10103708
0,0,0.09995955
0,0,0.0019822575
1,1,0.9953921
0,0,0.00032262746
0,0,0.10811906
0,0,0.010161928
0,0,0.0075400225
0,0,0.009753047
0,0,0.0013795155
0,0,0.030122451
0,0,0.022298278
1,1,0.99640477
0,0,0.008350703
0,0,0.042275526
0,0,0.048047356
0,0,0.0017014415
0,0,0.18629596
0,0,3.590856e-05
0,0,0.098031774
0,0,0.0020294692
1,1,0.9880248
0,0,0.011790053
0,0,0.0028410289
0,0,0.056611728
0,0,0.21382222
0,0,0.10312598
0,0,0.13650042
0,0,0.05464728
1,1,0.99999774
0,0,0.41247797
0,0,0.0004997494
0,0,0.003065105
0,0,0.0051689176
0,0,0.00036849914
0,0,0.04072403
0,0,0.09158837
0,0,0.079322785
0,0,0.028732024
0,0,0.0104388185
0,0,0.25434053
0,0,0.0029938833
1,0,0.21252267
0,0,0.031730898
0,0,0.2222182
1,1,0.99999833
1,1,0.9875328
0,0,0.07919287
1,1,0.77617866
0,0,0.02953161
0,0,0.0058338153
0,0,0.012478877
0,0,0.04992851
0,0,0.041195977
0,0,0.0052285437
0,0,0.09515312
0,0,0.035714965
0,0,0.14292932
0,0,0.0016033112
0,0,0.013251945
0,0,0.017115839
0,0,0.00013599238
0,0,0.018109953
0,0,0.06910569
0,0,0.006852196
0,0,0.11589702
0,0,0.4094389
0,0,0.10875379
0,0,2.2767754e-05
0,0,0.013250325
0,0,0.020495346
0,0,0.009296441
1,1,0.5721709
0,0,0.06320676
0,0,0.027130937
0,0,0.043143306
0,0,0.005284774
0,0,0.026248055
0,0,0.061338443
0,0,0.031008294
0,0,0.2788239
0,0,0.11383841
0,0,0.12692249
1,1,0.9999987
0,0,0.025893806
0,0,0.030762248
0,0,0.12320848
1,1,0.99999833
0,0,0.016071538
1,1,0.99999833
0,0,0.009469303
1,1,0.9999968
0,0,0.00020390216
0,0,0.06906594
0,0,0.14813226
0,0,0.08687175
0,0,0.09321705
1,0,0.46708387
0,0,0.2915869
0,0,0.1528179
0,0,0.13696192
0,0,0.03686684
0,0,0.14486894
0,0,0.051615078
0,0,0.02152232
0,1,0.5341197
1,1,0.8636798
0,0,0.08134411
0,0,0.23132493
0,0,0.017715825
0,0,0.013823282
0,0,0.012162967
0,0,0.006745002
1,1,0.9999976
1,0,0.16756237
0,0,0.067131735
1,1,0.96736497
0,0,0.061930705
0,0,0.02365599
0,0,0.10005217
0,0,0.059353866
0,0,0.010010068
0,0,0.023106523
0,0,0.03688071
0,0,0.3900317
0,0,0.020092873
0,0,0.029456858
0,0,0.11723711
0,0,0.18681043
0,0,0.0051548136
0,0,0.08558795
0,0,0.1446426
1,1,0.9999976
0,0,0.28613588
0,0,0.040863372
0,0,0.14108227
0,0,0.0068414183
0,0,0.0054515027
0,1,0.84486353
0,0,0.0019351976
0,0,0.008413642
0,0,0.032949395
0,0,0.0816652
0,0,0.00016694129
0,0,0.016548932
0,0,0.03482245
0,0,0.06315256
0,0,0.08139275
1,1,0.9999832
0,0,0.03568865
0,0,0.03307092
0,0,0.023095379
0,0,0.007196537
0,0,0.009520094
0,1,0.5311833
0,0,0.13061482
0,0,0.00851408
0,0,0.047626216
0,0,0.0814436
0,0,0.01514607
0,0,0.009006122
0,0,0.0064404947
0,0,0.17314526
0,1,0.5300659
0,0,0.029670365
0,0,0.025271744
0,0,0.010619885
0,0,0.052521985
0,0,0.022577202
0,0,0.033006668
1,1,0.5930271
0,0,0.21558559
0,0,0.00033510628
0,0,0.0010190867
0,0,0.27541673
0,0,0.0053432053
0,0,0.007342813
0,0,0.000380695
0,0,0.04301595
0,0,0.12697846
1,1,0.99999833
0,0,0.063408226
0,0,0.0072663575
1,1,0.996621
0,0,0.007568715
0,0,0.016267752
0,0,0.0845169
0,0,0.0041870866
0,0,0.06711124
0,0,0.027766515
0,0,0.03237807
0,0,0.012485331
0,0,0.09112709
0,0,0.10605626
0,0,0.0252413
0,0,0.15806347
0,0,0.0061394684
0,0,0.13779208
0,0,0.065337345
0,0,0.02225415
0,0,0.017015103
0,0,0.0004855528
0,0,0.19738303
0,0,0.13389051
0,0,0.18369806
0,0,0.024277199
0,0,0.010404455
0,0,0.035541743
1,1,0.9999981
0,0,0.49945885
0,0,0.0033297166
0,0,0.0067324974
0,0,0.010389094
0,0,0.016293991
1,1,0.99999774
1,1,0.999992
0,0,0.38677627
0,0,0.20592086
1,1,0.95045376
1,1,0.99999774
0,0,0.021774441
0,0,0.020946994
0,0,0.2301948
0,0,0.010240745
0,0,0.063312255
0,0,0.012130308
0,0,0.004350213
0,0,0.023982625
0,0,0.08009939
0,0,0.00019979998
0,0,0.08966576
1,1,0.9999987
0,0,0.46974477
0,0,0.025693795
1,1,0.99999833
0,0,0.012055256
1,1,0.99998796
1,1,0.5839173
0,0,0.035541743
1,0,0.276545
0,0,0.0071439054
0,0,0.30797586
1,1,0.527611
0,0,0.010626265
0,0,0.05957629
0,0,0.084831215
0,0,0.15480809
1,1,0.99999833
0,0,0.00085089076
0,0,0.009923184
0,0,0.38249534
0,0,0.10186788
1,1,0.9999976
0,1,0.51627994
0,0,0.06761858
0,0,0.023222525
0,0,0.010725637
0,0,0.42888904
0,0,0.008551831
0,0,0.2301995
1,1,0.9999988
0,0,0.01666011
0,0,0.008363241
0,0,0.027008299
1,1,0.9999976
0,0,0.35940287
0,0,0.037102997
1,1,0.9999976
0,0,0.009677502
0,0,0.081640154
0,0,0.065079
0,0,0.03572978
0,0,0.0056653293
1,1,0.99999833
0,0,0.10206613
0,0,0.004369114
0,0,0.010514982
0,0,0.0069542555
0,0,0.10005518
1,1,0.99999833
0,0,0.042044386
0,0,0.47438893
0,0,0.032151554
0,0,0.33179379
0,0,0.029877735
0,0,0.007889819
0,0,0.0015659045
0,0,0.018180303
0,0,0.0023087128
0,0,0.0072625745
1,1,0.7779593
0,0,0.029766496
0,0,0.04300284
1,1,0.7735193
1,0,0.41332492
0,0,0.019541154
0,0,0.004238676
0,0,0.0003984018
0,0,0.046383075
0,0,0.007402352
0,0,0.0015197189
1,1,0.9999987
0,0,0.018326154
0,0,0.0050868546
1,1,0.99999845
1,1,0.99999774
0,0,0.018861867
0,0,0.011821924
0,0,0.0014056533
0,1,0.8162147
1,1,0.9999981
0,0,0.017154641
0,0,0.005510157
1,1,0.9999988
0,0,0.09954869
0,0,0.04438038
0,0,0.016456263
0,0,0.0054239095
0,0,0.34224305
1,1,0.99999857
0,0,6.145924e-05
0,0,0.0022733049
0,0,0.09751419
0,0,0.046942502
0,0,0.10843584
0,0,0.021453718
0,0,0.06310966
0,0,0.028579297
0,0,0.020419605
0,0,0.0042324015
1,1,0.99999833
0,0,0.035839763
1,1,0.98797774
0,0,0.024407387
0,0,0.019263096
0,0,0.01002425
0,0,0.011059793
0,0,0.00401868
0,0,0.057386298
0,0,0.09941653
0,0,0.028740097
0,0,0.015575507
0,0,0.050135985
0,0,0.000291949
0,0,0.13262029
0,0,0.37069348
0,0,0.014842299
0,0,0.095155776
0,0,0.0105802575
1,1,0.99999833
1,1,0.99999785
1,1,0.9999976
0,0,0.16514432
0,0,0.18479517
1,1,0.9809327
0,0,0.05951528
0,0,0.011656537
0,0,0.004992646
0,0,0.009416597
0,1,0.5506036
1,1,0.9820778
1,1,0.9902936
0,0,0.04185356
1,1,0.9999976
1,1,0.9999989
0,0,0.20315099
0,0,0.015772587
0,0,0.018795041
0,0,0.014025264
0,0,0.073855944
0,0,0.20050222
0,0,0.002788344
0,0,0.061167423
0,0,0.0056600156
0,0,0.087247156
0,0,0.005490717
0,0,0.0017727881
0,0,0.012353483
0,0,0.0011878128
0,0,0.0014678618
0,0,0.009180282
0,0,0.005749061
0,0,0.0139167085
0,0,0.23430493
0,0,0.009100925
0,0,0.12819523
0,0,0.03146841
0,0,0.00050045556
1,1,0.9996118
0,0,0.30513284
0,0,0.3298319
1,1,0.9999987
0,0,0.11187978
0,0,0.017562043
1,1,0.9999976
0,0,0.16549878
0,0,0.00028228937
0,0,0.009090504
1,1,0.97289103
1,1,0.9898363
0,0,0.0074741654
1,0,0.2789351
0,0,0.028201012
0,0,2.3813567e-05
0,0,0.0020975221
0,0,0.118924394
0,0,0.020279383
0,0,0.00263018
0,0,0.030624857
0,0,0.46428245
0,0,0.04558869
0,0,0.035144806
0,0,0.0029240155
1,1,0.9999988
1,1,0.99999833
0,0,0.044450387
0,0,0.13855708
0,0,0.1850836
0,0,0.04542292
1,1,0.9561418
0,0,0.07990909
0,0,0.05119273
1,1,0.9999988
0,0,0.012763621
0,0,0.054854613
0,0,0.18345332
0,0,0.0072431182
0,0,0.059146613
0,0,0.06097372
0,0,0.13573898
0,0,0.06846334
0,0,0.08635406
0,0,0.019313324
0,0,0.01243209
0,0,0.051449347
1,1,0.999998
0,0,0.009463937
0,0,0.014674697
1,1,0.99999774
0,1,0.95022273
0,0,0.036567435
0,0,0.11258484
0,0,0.24637817
0,0,0.0022359043
1,1,0.9561418
0,0,0.1196939
0,0,0.019491019
0,0,0.007425188
0,0,0.026533725
0,0,0.18084231
0,0,0.004895491
0,0,2.099649e-05
1,1,0.9819194
0,0,0.022751685
1,1,0.9933763
0,0,0.00090024126
0,0,0.024251364
0,0,0.012472879
0,0,0.0165917
0,0,0.20060903
0,0,0.27671432
0,0,0.049132317
0,0,0.15823065
0,0,0.107573174
1,1,0.9999988
1,1,0.99999833
0,0,0.009558312
0,0,0.00033808255
0,0,0.052002613
0,0,0.26061255
1,1,0.8495033
0,0,0.0010283637
0,0,0.019918993
0,0,0.23521273
0,0,0.03938733
0,0,0.0012622692
0,0,0.0046736305
0,0,0.007880885
0,0,2.1775755e-05
0,0,0.042859454
1,1,0.9894132
0,0,0.007866648
0,0,0.047601618
0,0,0.04019755
0,0,0.00267507
0,0,0.025503244
0,0,0.011693842
0,0,0.27497274
0,0,0.029375754
0,0,0.041479863
0,0,0.31896627
0,0,0.020406857
0,0,0.0005116962
0,0,0.020922597
0,0,0.066015325
0,0,0.011235197
0,0,0.019054834
1,0,0.19617122
0,0,0.046895444
0,0,0.0030149482
0,0,0.025679778
0,0,0.030952826
0,0,0.00491692
0,0,0.007318457
0,0,0.02217884
0,0,0.12597404
0,0,0.08114097
0,0,0.024241554
0,0,0.12719898
0,0,0.048404355
0,0,0.0016763948
0,0,0.032255948
0,0,0.2760638
0,0,0.023763137
0,1,0.524014
0,0,0.024323978
0,0,0.026833229
1,1,0.9999976
0,0,0.008354818
0,0,0.16288213
1,1,0.99999833
0,0,0.17591453
0,0,0.107500345
0,0,0.035959214
0,0,0.014757954
0,0,0.0055001015
1,1,0.99997354
1,1,0.99999833
0,0,0.00079039903
0,1,0.5311998
0,0,0.022849727
0,0,0.12554114
0,0,0.009809243
0,0,0.05140987
0,0,0.0049894303
0,0,0.09055943
0,0,0.0057183267
1,1,0.9999976
0,0,0.0070557795
0,0,0.009458012
1,0,0.4965415
0,0,0.24729493
0,0,0.076198906
0,0,0.10637978
0,0,0.009607451
0,0,0.13974257
0,0,0.009015682
1,0,0.011232183
1,1,0.99999833
0,0,0.036539055
0,0,0.007859603
1,1,0.82765126
1,1,0.9999976
0,0,0.45337886
1,1,0.9999981
0,0,0.12282466
0,0,0.016535053
0,0,0.0019020768
0,0,0.07311688
0,0,1.8953035e-05
0,0,0.033065483
0,0,0.0961043
0,0,0.101468265
0,0,3.1325882e-05
0,0,0.00091782055
0,0,0.33179379
0,0,0.009513868
1,1,0.9999976
0,0,0.0024028576
0,0,0.0054536443
0,0,0.0025975558
0,0,0.00023963317
0,0,0.013243382
0,0,0.00879842
0,0,0.006545429
0,0,0.0081496015
0,0,0.004591527
0,0,0.13616943
0,0,0.026946515
0,0,0.016748283
0,0,0.002081107
0,0,0.059887584
1,1,0.9999763
0,0,0.04543059
0,0,0.038056847
0,0,0.003966326
1,1,0.9999987
0,0,0.16338535
0,0,0.18547064
0,0,0.017975997
0,0,0.08427991
0,0,0.006174166
0,0,0.006288117
0,0,0.0054955515
0,0,0.0930056
1,1,0.81271416
0,0,0.030404914
0,0,0.0068583256
0,0,0.23721477
1,1,0.9999987
1,1,0.9999976
0,0,0.0007950292
1,1,0.99999833
0,0,0.07773785
1,1,0.99999774
0,0,0.009084956
0,0,0.00899347
0,0,0.00899084
0,0,0.0026136492
0,0,0.024487434
0,0,0.18415765
0,0,0.018386494
0,0,0.07067293
0,0,0.0017315717
0,0,0.017941408
0,0,0.15182707
0,0,0.0062982826
0,0,0.0079724565
0,0,0.13223729
1,1,0.99999774
0,0,0.11504627
0,0,0.017111499
0,0,0.0567588
0,0,0.055196937
0,0,0.027503679
0,0,0.008215057
0,0,0.043358985
1,1,0.7510758
0,0,0.009826524
0,0,0.033502784
0,0,0.3668877
0,0,0.022860577
0,0,0.0087465085
0,0,0.08184983
1,1,0.9999213
0,0,0.05456645
1,1,0.9999976
0,0,0.120303884
0,0,0.02543064
0,0,0.017302567
0,0,0.0004820762
0,0,0.027700981
0,0,0.019072128
0,0,0.03380988
1,0,0.46377623
0,0,0.03180154
0,0,0.004809397
0,0,0.020528393
1,1,0.7368416
0,0,0.0107445605
0,0,0.0699386
0,0,0.07864519
0,0,0.064401515
0,0,0.025240442
0,0,0.4685477
0,0,0.00010017208
0,0,0.00046585142
1,1,0.99999774
1,1,0.99999833
0,0,0.0011744027
0,0,0.12666127
0,0,0.13845976
0,0,0.023211088
1,1,0.99999785
0,0,0.016747609
0,0,0.3281534
0,0,0.018460294
1,1,0.96268666
0,0,0.028929468
0,0,0.028734367
1,1,0.9999987
0,0,0.025271744
0,0,0.48602918
0,0,0.029715367
0,0,0.2997222
1,1,0.9999988
0,0,0.012136503
0,0,0.011341875
0,0,0.04204697
0,0,0.029782312
0,0,0.046770964
0,0,0.106684506
0,0,0.17477606
0,0,0.0063187913
0,0,0.035898432
0,0,0.11335912
0,0,0.02299219
0,0,0.11876554
0,0,0.009523983
0,0,0.005578674
0,0,0.035892
0,0,0.0149038015
0,0,0.012006853
0,0,0.006583257
0,0,0.0034974306
0,0,0.17572592
0,0,0.004145547
0,0,0.3422844
1,1,0.9810852
0,0,0.021926815
0,0,0.004234032
0,0,0.048146166
0,0,0.17608048
1,1,0.58728284
0,0,0.0076208063
0,0,8.850077e-05
0,0,0.0047321403
0,0,0.089589
0,0,0.03267858
0,0,0.07472188
0,0,0.19032295
1,1,0.9999976
0,0,0.3900317
0,0,0.031420995
0,0,0.25316128
0,1,0.58728284
0,0,0.04168368
0,0,0.024640348
0,0,0.009862882
0,0,0.0038108374
0,0,0.12080167
1,1,0.93807423
0,0,0.017964587
1,1,0.9999976
0,0,0.09929167
0,0,0.0025353236
0,0,0.013922318
0,0,0.25092712
0,0,0.20870434
0,0,0.024642847
0,0,0.06202651
0,0,0.0734589
0,0,0.012597008
0,0,0.014970876
0,0,0.017180236
0,0,0.073206104
1,1,0.98361444
0,0,0.1168436
0,0,0.042124107
0,0,0.011896309
1,1,0.95514524
0,0,0.0061046206
0,0,0.0047258544
0,0,0.1279157
0,0,0.002546351
0,0,0.1441188
0,0,0.015355352
1,1,0.75582767
0,0,0.092702314
1,1,0.9999976
0,0,0.16692103
0,0,0.030224983
0,0,0.01740402
1,1,0.99999833
0,0,0.006039728
0,0,0.05852691
0,0,0.008275601
0,0,0.032712106
0,0,0.00027151525
0,0,0.12488635
0,0,0.023795266
0,0,0.0918814
0,0,0.12501042
0,0,0.009917293
0,0,0.055402137
1,1,0.9997328
0,0,0.16880107
0,0,0.002291883
1,0,0.28027686
0,0,6.611775e-05
0,0,0.011948718
0,0,0.008073646
1,1,0.99999833
0,1,0.58728284
1,1,0.9999989
1,1,0.99999857
0,0,0.008873317
0,0,0.013009991
0,0,0.37069348
0,0,1.8804129e-05
0,0,0.29479438
0,0,0.0066418867
0,0,0.022587247
0,0,0.06001764
0,0,0.0027115017
0,0,0.010683526
0,0,0.0035452563
0,0,0.32917094
0,0,0.002486635
0,0,0.0012733266
0,0,0.016638672
0,0,0.0073796343
0,0,0.0001397421
0,0,0.28608936
0,0,0.055809256
0,0,0.07228752
0,0,0.024915364
0,0,0.024897281
0,0,0.094329014
0,0,0.14793245
0,0,0.33423436
0,0,0.01637029
0,0,0.12372701
0,0,0.3553494
1,1,0.9999976
0,0,0.21972227
0,0,0.0218379
0,0,0.16525966
1,1,0.993986
0,0,0.006443458
1,1,0.9933469
0,0,0.024107587
0,0,0.0067587113
0,0,0.15486142
1,0,0.4040094
0,0,0.14819363
0,0,0.40381932
0,0,0.0041865534
1,1,0.9999976
1,1,0.9999988
0,1,0.8143853
1,1,0.9777735
1,1,0.99999833
1,1,0.6692157
0,0,0.06314951
0,0,0.025576983
0,0,0.27671432
0,0,0.003469914
0,0,0.0056492
1,1,0.9954254
0,0,0.070520595
0,0,0.36690965
0,0,0.019065177
0,0,0.00028741063
0,0,0.009607451
0,0,0.0061626597
0,0,0.028889757
1,1,0.9999976
0,0,0.13885708
0,1,0.63948965
0,0,0.017302567
1,1,0.99779
0,0,0.0023158223
0,0,0.010859204
0,0,0.4685477
0,0,0.04825221
0,0,0.0007560484
0,0,0.028572097
0,0,0.15435342
0,0,0.0032333282
0,0,0.040597763
0,0,0.0025237699
0,0,0.09441363
0,0,0.022618424
0,0,0.007895207
0,0,0.0386482
0,0,0.029936295
0,0,0.032829326
0,0,0.19518137
0,0,0.00016084951
1,1,0.9999976
0,0,0.014368365
0,0,0.047121275
0,0,0.0151262665
0,0,0.059734236
0,0,0.25545114
0,0,0.016500529
1,1,0.9356658
0,0,0.040882908
1,1,0.99999785
0,0,0.32688698
0,0,0.05062957
0,0,0.23887233
0,0,0.14130926
1,1,0.9999976
0,0,0.037506983
0,0,0.168403
1,1,0.98977154
0,0,0.006629295
0,0,0.015572531
0,0,0.004574878
0,0,0.0099745905
1,1,0.996345
0,0,0.28411716
0,0,0.29479438
0,0,0.033310402
0,0,0.0615607
0,0,0.005924416
0,0,0.055030216
1,1,0.99999833
0,0,0.02958194
0,0,0.4543449
0,0,0.00874209
0,0,0.10293292
0,0,0.09044218
0,0,0.039701995
0,0,0.0015279825
0,0,0.01523699
0,0,0.008541399
0,0,0.0011292638
1,1,0.98176885
0,0,0.0058343406
1,1,0.9999621
0,0,0.023722876
0,0,0.0009861294
0,0,0.019705372
0,0,0.078554235
0,0,0.056639187
0,0,0.09193899
1,1,0.9999976
1,1,0.99999833
0,0,0.0002648361
0,0,0.025310846
0,0,0.022262068
0,0,0.010230659
0,0,0.001139864
0,0,0.09995675
0,0,0.017139148
0,0,0.056491036
1,1,0.7034675
0,0,0.061026324
0,0,0.022734987
1,1,0.743599
0,0,0.053729005
0,0,0.006231817
0,0,0.053343903
0,0,0.047050256
0,0,0.075695224
0,0,0.00059569173
0,0,0.024032624
1,1,0.999998
1,1,0.9999988
0,0,0.0008436904
0,0,0.0018912661
0,0,0.017659446
0,0,0.010858636
0,0,0.0012648086
0,0,0.006522895
0,0,0.24602869
0,0,0.0968065
0,0,0.010010068
0,0,0.19855906
1,0,0.23638777
0,0,0.078929596
0,0,0.05481575
0,0,0.034388095
0,0,0.08189395
0,0,0.21515426
0,0,0.0057519777
0,0,0.09604594
0,0,0.055071987
0,0,0.022751685
0,0,0.012146415
0,0,0.013917887
0,0,0.0025116906
1,1,0.9268379
0,0,0.008675994
0,0,0.33394253
0,0,0.052457582
0,0,0.102499746
0,0,0.00573129
0,0,0.0006294505
0,0,0.0037825871
0,0,0.011984829
0,0,0.09993543
0,0,0.01845807
0,0,0.0058207517
0,0,0.024274098
0,0,0.07552474
0,0,0.01014481
1,1,0.9999987
0,0,0.10766039
0,0,0.1128577
0,0,0.2258075
0,0,0.12193967
0,0,0.009001119
0,0,0.021167783
0,0,0.02717123
0,0,0.011044517
0,0,0.19080935
0,0,0.004548976
0,0,0.0048112916
0,0,0.019112712
1,1,0.9981205
0,0,0.086696416
0,0,0.46349046
0,0,0.0048011625
0,0,0.04873084
0,0,0.020959612
1,1,0.95393234
0,0,0.0044816034
1,1,0.9999988
0,0,0.14413069
0,0,0.17038006
0,0,0.006583856
0,0,0.025348887
0,0,0.024482593
0,0,0.023167705
0,0,0.026683252
0,0,0.28877464
0,0,0.00931461
0,0,0.014768323
0,0,0.008098781
0,0,0.022756938
0,0,0.0035466128
1,0,0.4886444
0,0,0.032803133
0,0,0.027635058
0,0,0.13251948
0,0,0.014093941
0,0,0.0045341295
1,1,0.99999785
0,0,0.086069785
0,0,0.013683504
0,0,0.054717753
0,0,0.041633587
0,0,0.12915076
0,0,0.04434944
0,0,0.02007819
0,0,0.03905599
0,0,0.2997222
1,1,0.9999976
0,0,0.01696246
1,1,0.99999774
0,0,0.0023746758
1,1,0.9999976
1,1,0.9999988
0,0,0.00051699026
0,0,0.02392835
0,0,0.03506562
0,0,0.011664763
0,0,0.020292629
0,0,0.00041299293
0,0,0.021302974
1,1,0.85500145
0,0,0.028883906
1,1,0.99996996
0,0,0.011790053
0,0,0.06569447
0,0,0.002473883
0,0,0.0064818365
0,0,0.039509453
0,0,0.3971365
0,0,0.0061862967
0,0,0.003634503
1,1,0.99999833
0,0,0.019641496
0,0,0.24142617
0,0,0.08243347
0,0,0.09839875
0,0,0.07872759
1,1,0.9999987
1,1,0.99999833
0,0,0.03681733
0,0,0.2153187
0,0,0.007993604
0,0,0.22782655
0,0,0.08766519
0,0,0.37069348
1,1,0.9999988
0,0,0.030162325
0,0,0.04800013
0,0,0.053533792
0,0,0.10628505
1,1,0.99999833
0,0,0.017158872
0,0,0.035029788
0,0,0.0063021304
0,0,0.13254578
0,0,0.00046956763
0,0,0.026683252
0,0,0.006021775
1,1,0.9999956
0,0,0.0027825495
0,0,0.059170656
1,1,0.9561418
0,0,0.0015926728
0,0,0.39061075
0,0,0.0068706754
0,0,0.0008422975
0,0,0.008354614
0,0,0.0047174804
1,1,0.9612196
0,0,0.015549501
0,0,0.010622386
1,1,0.99999833
0,0,0.051249158
0,0,0.11187157
0,0,0.008778196
0,0,0.05694643
1,1,0.99999833
1,1,0.94240373
0,0,0.0026494535
1,1,0.99999654
0,0,0.011646258
0,0,0.0004319297
0,0,0.062193237
0,0,0.06953869
0,0,0.26625535
1,1,0.9999987
0,0,0.0055087805
0,0,0.0034801234
0,0,0.009463937
0,0,0.011061686
0,0,0.21753687
0,0,0.016959375
1,1,0.86869925
1,1,0.99999833
0,0,0.0012118067
0,0,0.012314106
0,0,0.042463224
0,0,0.022871079
1,1,0.9840755
0,0,0.13060635
0,0,0.0003962774
0,0,0.0015870535
0,0,0.11084008
0,0,0.037937105
0,1,0.506796
1,1,0.99999785
0,0,0.011723101
0,0,0.37222305
0,0,0.13718091
0,0,0.041831266
0,0,0.08009939
0,0,0.30853024
0,0,0.0012101624
1,1,0.9501378
1,1,0.90033764
0,0,0.0106636025
0,0,0.010001821
0,0,0.03793531
0,0,0.0895946
1,1,0.9912793
0,0,0.037506983
1,1,0.9957373
0,0,0.00037062325
0,0,0.010181102
0,0,0.016847434
0,0,0.009205147
0,0,0.084174685
0,0,0.17739804
0,0,0.116524704
0,0,0.093996175
0,0,0.004420042
0,1,0.58212423
0,0,0.056172933
0,0,0.084819816
0,0,0.0074463882
0,0,0.0541509
0,0,0.00012719783
0,0,0.02052727
0,0,0.011112436
0,0,0.016416186
0,0,0.0072278627
0,0,0.1819569
0,0,0.0022336598
0,0,0.00735007
0,0,0.040492803
0,0,0.010247789
1,1,0.9999987
0,0,0.033880018
1,1,0.99999833
0,0,0.26321933
0,0,0.037802126
0,1,0.5189348
0,0,0.0028615107
0,0,0.23133048
0,0,0.0023930625
1,0,0.37354496
0,0,0.1264454
0,0,0.018866152
0,0,0.06803552
0,0,0.031697556
0,0,0.047032524
1,1,0.9952206
0,0,0.012003142
0,0,0.06234507
0,0,0.023766771
1,1,0.99999833
0,0,0.00993163
0,0,0.13843222
0,0,0.0049895323
0,0,0.0350083
0,0,0.088212974
1,1,0.8297224
0,0,0.017619975
0,0,0.1230444
0,0,0.021035707
0,0,0.10874267
0,0,0.032250173
0,0,0.025633391
0,0,0.23203944
0,0,0.0006744318
0,0,0.03511437
0,0,0.0139957275
1,1,0.9999988
0,0,0.00088489335
0,0,0.20657122
0,0,0.13669483
0,0,0.010367183
0,0,0.19433533
0,0,0.021261279
0,0,0.09738968
0,1,0.50911695
0,0,0.0093092825
0,0,0.021901958
0,0,0.0029895583
0,0,0.007259829
0,0,0.0037945944
0,0,0.011210592
1,1,0.9999976
1,1,0.9860902
0,0,0.017809184
0,1,0.6841973
0,0,0.123943776
0,0,0.35047278
0,0,0.067334756
0,0,0.034106165
1,1,0.9999976
0,0,0.00018700976
0,0,0.053014558
0,0,0.016407488
0,0,0.034630172
0,0,0.24342385
0,1,0.65882283
0,0,0.13213192
0,0,0.0817554
1,1,0.9999987
0,0,0.2997222
0,0,0.0069215633
0,0,0.3900317
0,0,0.008416392
0,0,0.050259206
1,1,0.9737917
0,0,0.0034879474
0,0,0.04181598
1,1,0.9999976
0,0,0.002381232
0,0,0.025310846
0,0,0.0012118067
0,0,0.022195997
1,1,0.99518603
0,0,0.21361803
1,1,0.9945024
0,0,0.010391251
0,0,0.010623664
0,0,0.00032110544
0,0,0.0035345522
0,0,0.17287308
1,1,0.9665223
0,0,0.07287356
1,1,0.9999976
0,0,0.06530079
0,1,0.60239965
1,1,0.9865203
0,0,0.035334095
0,0,0.13705875
1,1,0.9999976
0,0,0.00929213
1,0,0.39619312
0,0,0.00567129
0,0,0.0972879
0,0,0.21529374
0,0,0.01834475
0,0,0.008071378
1,1,0.99999774
0,0,0.016927715
0,0,0.016369049
0,0,0.07016583
0,0,0.0005351543
0,0,0.00018397515
0,0,0.07935662
0,0,0.098258294
1,1,0.9999976
0,0,0.018465895
1,1,0.7633366
0,0,0.005106757
1,1,0.9999976
1,0,0.2731053
1,1,0.9995228
0,0,0.015575507
0,0,0.007987885
0,0,0.0010978867
0,0,0.45800194
1,0,0.35197172
1,0,0.42981973
0,0,0.0930704
0,0,0.018269101
0,0,0.0076454035
0,0,0.13814121
0,0,0.16365409
0,0,0.010014672
0,0,0.019058084
0,0,0.018602174
0,0,0.0074922056
0,0,0.41223094
0,0,0.011097103
1,1,0.99737227
0,0,0.01183418
0,0,0.00027682984
0,0,0.00018260568
0,0,0.043423675
0,0,0.010084202
0,0,0.33179379
0,0,0.002202915
0,0,0.000102994134
1,1,0.99999833
0,0,0.15516518
1,0,0.49780768
1,1,0.999998
0,0,0.07317374
0,0,0.028687328
0,0,0.06709948
0,0,0.08400327
0,0,0.06324736
1,1,0.99999833
0,0,0.01795077
0,0,0.107219756
0,0,0.0764061
1,1,0.99999785
1,1,0.8799732
1,1,0.99999857
0,0,0.30383688
0,0,0.0013915024
0,0,0.008627803
0,0,0.20552263
0,0,0.037919547
0,0,0.039383776
0,0,0.0011048786
1,1,0.99999785
0,0,0.010269199
1,1,0.96182877
0,0,0.022574456
0,0,0.016598875
0,0,0.33394253
0,0,0.36520734
1,1,0.999998
0,0,0.024838649
0,0,0.03894966
1,1,0.99999833
0,0,0.061634786
0,0,0.1967914
1,1,0.99999833
0,0,0.0029083316
1,1,0.9810852
0,0,0.05204065
0,0,0.06511759
0,0,0.012489453
0,0,0.029340275
1,1,0.99999857
0,0,0.010137682
0,0,0.013736705
0,0,0.045286283
0,0,0.01768987
0,0,0.022066822
0,0,0.052227244
0,0,0.14704908
0,0,0.057626028
0,0,0.02267958
0,0,0.044620268
0,0,0.0016587165
0,0,0.01188768
0,0,0.003358838
0,0,0.008531955
0,0,0.0074525303
1,1,0.99907
0,0,0.052318264
0,0,0.111547336
1,1,0.9701927
0,0,0.016118044
0,0,0.013895014
0,0,0.034878958
0,0,0.0006194477
0,1,0.5552534
0,0,0.019292891
1,1,0.9999987
0,0,0.0029903827
0,0,0.056832734
0,0,0.021941029
0,0,0.043738414
0,0,0.11314768
0,0,0.11133037
0,0,0.0055050487
0,0,0.010223689
0,0,0.02605858
0,0,0.0020940178
0,0,0.0010511461
0,0,0.0912698
0,0,0.040088918
0,0,6.0079154e-05
0,0,0.14936687
0,0,0.038372334
0,0,0.15298223
0,0,0.22741581
0,0,0.056233414
1,1,0.9999987
0,0,0.06941148
0,0,0.0004657493
1,1,0.9999987
0,0,0.0027474249
0,0,0.058610227
0,0,0.14151199
0,0,0.01637572
0,0,0.015606846
0,0,0.03336331
1,1,0.9996741
0,0,0.03867315
0,0,0.062070806
0,0,0.033183098
0,0,0.07600825
0,0,0.0025574178
0,0,0.032450214
0,0,0.008046361
0,0,0.0025451607
0,0,0.027724536
0,0,0.031295232
0,0,0.03689988
1,1,0.99999845
0,0,0.41350317
0,0,0.0005681233
0,0,0.031780396
0,0,0.0042482507
0,0,0.002893319
0,0,0.005080355
0,0,0.0077867187
0,0,0.022415088
0,0,0.22966908
0,0,0.0781036
0,0,0.076042205
0,0,0.050534733
0,0,0.031262808
0,0,0.006944985
1,1,0.9999919
0,0,0.21472882
0,0,0.11975991
0,0,0.14315699
0,0,0.02769662
0,0,0.044450387
1,1,0.9999989
0,0,0.19267389
0,0,0.02373352
0,0,0.1500866
0,0,0.08595099
0,0,0.0011082496
0,0,0.299504
0,0,0.3334222
1,1,0.9833054
0,0,0.024482593
0,0,0.08809131
0,0,0.0023055067
0,0,0.008218543
0,0,0.0007392224
0,0,0.025363954
0,0,0.00018691368
0,1,0.58728284
1,1,0.99999785
0,0,0.19246799
0,0,0.07619878
0,0,0.36520734
0,0,0.021857461
0,0,0.0032333282
0,0,0.020533325
0,0,0.00024730124
0,0,3.898268e-05
1,1,0.9999976
1,1,0.9019779
0,0,0.0015627369
0,0,0.0041568126
1,1,0.52995163
0,0,0.0056373253
0,0,0.27079618
1,1,0.516602
0,0,0.028038517
1,1,0.9999976
0,0,0.005048395
0,0,0.055798743
0,0,0.012382752
0,0,0.027713632
0,0,0.009098848
1,1,0.95988655
0,0,0.043508165
0,0,0.009440739
0,0,0.03989777
0,0,0.03088067
1,0,0.4702584
0,0,0.16533017
0,0,0.0010063214
0,0,0.028734367
0,0,0.0011161807
0,1,0.80197453
0,0,0.12382943
0,0,0.099782325
0,0,0.005821342
0,0,0.038277496
0,0,0.042219024
0,0,0.051485907
0,0,0.25355163
0,0,0.011996003
0,0,0.030164571
0,0,0.027206052
0,0,0.063971244
0,0,0.007913234
0,0,0.003390339
0,0,0.13805042
0,0,0.1411866
0,1,0.5729673
1,1,0.999998
0,0,0.010362356
0,0,0.048047554
0,0,0.19445041
1,1,0.9773522
0,0,0.2059675
0,0,0.020157393
0,0,0.0019738814
0,0,0.0040979143
0,0,0.012975919
0,0,0.28310347
0,0,0.1247417
0,0,0.023249272
0,0,0.011862422
0,0,0.4685477
1,1,0.999998
0,0,0.0034604182
1,0,0.14480136
0,0,0.0032489796
1,1,0.99999833
0,0,0.030453864
0,0,0.0005507347
0,0,0.1094124
0,0,0.005619986
1,1,0.90674686
0,0,0.02264275
0,0,0.0347955
0,0,0.050065793
0,0,0.0015884641
0,0,0.08076764
0,0,0.033824675
0,0,0.3746482
0,0,0.02691043
0,0,0.004962744
0,0,0.47673544
1,1,0.9999833
0,0,0.05217977
1,1,0.9784403
0,0,0.00132787
0,0,0.035026815
1,1,0.99999833
0,0,0.0076982216
0,0,0.018572386
0,0,0.008008629
0,0,0.006764754
0,0,0.13489969
0,0,0.41350317
0,0,0.13924432
0,0,0.0007625021
0,0,0.007594821
0,0,0.20030881
0,0,0.009179649
0,0,0.15232675
0,0,0.008349365
0,0,0.01708013
0,0,5.2648556e-05
0,0,0.022107933
0,0,0.00010844437
0,0,0.0038535346
0,0,0.4543449
1,1,0.80407244
0,0,0.09294923
0,0,0.16569878
0,0,0.011427073
0,0,0.052007042
0,0,0.034644194
0,0,0.018332394
0,0,0.059915163
1,1,0.99999833
0,0,0.029026845
0,0,0.41350317
0,0,0.046035774
0,0,0.052893735
1,1,0.94221354
0,0,0.083982065
0,0,0.008549237
1,1,0.9999976
0,0,0.004707738
0,0,0.023237173
0,0,0.024044365
0,0,0.070784815
0,0,0.0014045126
0,0,0.036999382
0,0,0.05151118
1,1,0.9999988
1,0,0.08057668
0,0,0.33101544
0,0,0.03378686
0,0,0.09742079
0,0,0.29188305
0,0,0.09313444
0,0,0.0067355465
0,0,0.030323423
0,0,0.0006364253
0,1,0.51863277
0,0,0.15526083
0,0,0.33179379
1,0,0.031258248
0,0,0.07902866
0,0,0.05323963
0,0,0.33394253
0,0,0.24991056
0,0,0.03156422
0,0,0.003577215
1,1,0.9999144
0,0,0.07767972
0,0,0.1567434
0,0,0.008694716
0,0,0.024478864
0,0,0.0006920604
0,0,0.03667624
0,0,0.025696183
0,0,0.17072639
0,0,0.008664727
0,0,0.022218227
0,0,0.0024969475
0,0,0.0020619682
0,0,0.0033908158
0,0,0.24486303
1,1,0.83392066
0,0,0.018505482
0,0,0.009294536
0,0,0.0033245191
0,0,0.009808655
0,0,0.013175595
0,0,7.08805e-05
0,0,0.057111926
1,1,0.8567938
0,0,0.02506724
1,1,0.76548624
0,0,0.043713897
1,1,0.9158113
0,0,0.11693794
0,0,0.038735807
0,0,0.07778837
0,0,0.005426328
0,0,0.39101076
0,0,0.004420042
0,0,0.3235578
0,0,0.14496697
0,0,0.022325655
0,0,0.03546449
0,0,0.03445225
0,0,0.18576472
0,0,0.005575847
0,0,0.008566507
0,0,0.07872873
0,0,0.4785157
0,0,0.017552577
0,0,0.027349094
1,1,0.99999833
0,0,0.0024528168
0,0,0.022507066
0,0,0.00063355337
1,1,0.99999833
0,0,0.0014382182
0,0,0.0069617676
0,1,0.5211542
0,0,0.0006261056
0,0,0.0018932401
0,0,0.014685331
0,0,5.4861075e-06
0,0,0.010906447
1,1,0.99999833
0,0,0.064616516
0,0,0.3264156
1,0,0.43224588
0,0,0.08986786
0,0,0.009832999
0,0,0.0103950715
0,0,0.0051316665
0,0,0.0007903125
1,1,0.99999774
1,1,0.9999987
0,0,0.019918993
0,0,0.0057245037
0,0,0.0033668878
0,0,0.1000864
0,0,0.12141171
0,0,0.06872247
0,0,0.03236993
0,1,0.50455725
0,0,0.025683759
0,0,0.047778614
0,0,0.010620701
0,0,0.004216032
0,0,0.053610116
1,1,0.9947212
0,0,0.0004793667
0,0,0.00529626
1,1,0.99995553
0,0,0.005019895
0,0,0.045489997
0,0,0.30457994
0,0,0.19453265
0,0,0.059863403
0,0,0.37069348
0,0,0.107626654
0,0,0.072546676
0,0,0.010156563
0,0,0.037405547
0,0,0.10074493
0,0,0.019216254
0,0,0.0010945919
0,0,0.0030844253
0,0,0.033664785
0,0,0.0120470645
1,1,0.56747353
0,0,0.13900495
0,0,0.021356089
0,0,0.08209953
0,0,0.25102583
0,0,0.1206976
0,0,0.07569441
0,0,0.0293065
0,0,0.0050633484
0,0,0.0023803918
1,1,0.5971154
0,1,0.5130641
0,0,0.012736222
0,0,0.16354631
0,0,0.0610588
0,0,0.096030004
0,0,0.06710384
1,1,0.9991683
0,1,0.53418475
0,0,0.0077902675
1,0,0.051448394
0,0,0.010680675
0,0,0.025873236
0,0,0.15685216
0,0,0.04406788
0,0,0.021369511
1,1,0.9900067
0,0,0.029058143
0,0,0.00018691368
1,1,0.99998546
1,1,0.9999987
0,0,0.050431788
0,0,0.0060310205
0,0,0.0047344905
0,0,0.105740264
0,0,0.007430004
0,0,0.00037062325
0,0,0.0148670785
0,0,0.0489801
0,0,0.041005693
0,1,0.53793025
0,0,0.13684379
0,0,0.031089133
0,0,0.03915368
0,0,0.101922885
1,0,0.3904763
1,1,0.99999833
0,0,0.024241554
0,0,0.0029569988
0,0,0.012709663
0,0,0.021413557
0,0,0.111956276
0,0,0.076414414
1,1,0.99999785
0,0,0.020460416
0,0,0.052031636
0,0,0.15414247
0,0,0.02728424
0,0,0.37157267
0,0,0.011676837
0,0,0.01696246
0,0,0.061126404
0,0,0.008770515
1,1,0.9999789
1,1,0.99999833
0,0,0.028524835
1,1,0.8587765
0,0,0.19786265
0,0,0.008974353
0,0,0.02254936
0,0,0.13223729
0,0,0.0002975006
0,0,0.017263379
1,1,0.99975675
0,0,0.0074572233
0,0,0.007706914
0,0,0.055391584
0,0,0.06320676
0,0,0.0006557776
0,0,0.009101751
0,0,0.12850833
1,1,0.9999976
1,1,0.99999845
0,0,0.04049078
0,0,0.07194703
0,0,0.035567477
0,0,0.00022009015
0,0,0.04759881
1,1,0.5041568
1,1,0.9999988
0,0,0.004881441
0,0,0.010214298
0,1,0.73700947
0,0,0.013617594
0,0,0.115401536
0,0,0.008214427
1,1,0.9583736
0,0,0.38194424
0,0,0.11849867
0,0,0.16268426
0,0,0.24570927
1,1,0.99999857
0,0,0.11491712
0,0,0.09994967
0,0,5.4861075e-06
0,0,0.13616051
0,0,0.012413301
0,0,0.046984684
0,0,0.29479438
0,0,0.010197324
0,0,0.08720142
0,0,0.072373234
0,0,0.03662494
0,0,0.024417639
0,0,0.0065022516
0,0,0.029579958
0,0,0.050768968
0,0,0.011128004
0,0,0.0362607
0,0,0.050035805
0,0,0.055522814
0,0,0.35163885
0,0,0.09977019
0,0,0.022087032
1,1,0.9999988
0,0,0.066505834
0,0,0.0032822373
0,0,0.0002760434
0,0,0.003344855
1,1,0.9954998
0,0,0.12583244
0,0,0.0046149446
0,0,0.015363445
1,1,0.9999987
0,0,0.068685
0,0,0.048990916
1,1,0.9999976
0,0,0.041273948
1,1,0.99999833
0,0,0.008289301
0,0,0.19013947
0,0,0.0021446152
1,1,0.99057114
0,0,0.029436165
1,1,0.9912793
0,0,0.00038503797
0,0,0.028350009
0,0,0.013613617
0,0,0.23849279
1,1,0.57709897
0,0,0.036560748
0,0,0.004602515
0,0,0.008612013
0,0,0.038451593
0,0,0.065670066
1,1,0.9999988
1,1,0.73289025
1,1,0.57243073
0,0,0.28877464
0,0,0.0021428862
0,0,0.039958645
0,0,0.0007473154
1,1,0.99997807
0,0,0.0013911009
0,0,0.035418034
1,0,0.2686872
0,0,0.0006267372
0,0,0.28973764
1,1,0.998336
0,0,0.07351312
0,0,0.013967231
1,1,0.760772
0,0,0.00861712
0,0,0.0127655445
0,0,0.28191787
0,0,0.36520734
0,0,0.0058634398
1,1,0.99999833
0,0,0.041393273
0,0,0.21299517
0,0,0.008993886
0,0,0.05782078
0,0,0.0037561096
1,0,0.4628984
0,0,0.015175461
0,0,0.32871747
0,0,0.088514164
0,0,0.00036029454
0,1,0.5278134
0,0,0.002284537
0,0,0.030068599
0,0,0.0002791481
0,0,0.09929167
0,0,0.08695188
0,0,0.13408077
0,0,0.057800107
0,0,0.03381084
0,0,0.004323957
0,0,0.08521727
0,0,0.09652604
0,0,0.0012557971
1,1,0.99773216
1,0,0.11654592
1,0,0.37240636
0,0,0.012150741
1,1,0.99999833
0,0,0.010188015
0,0,0.0014749462
0,0,0.03176242
0,0,0.07645548
0,0,0.08853694
0,0,0.024531884
0,0,0.0946664
0,0,0.07990909
0,0,0.3397101
0,0,0.14383395
0,0,0.12409715
0,0,0.0072326474
0,0,0.031417925
0,0,0.0013971026
0,0,0.036478397
0,0,0.011814813
0,0,0.0057486
0,0,0.0140144015
0,0,0.0007039087
0,0,0.13087136
0,0,0.28578365
0,0,0.047135442
0,0,0.046667825
0,0,0.04190517
1,1,0.9999988
1,1,0.99999833
0,0,0.004420042
0,0,0.008507095
0,0,0.00747065
0,0,0.04757734
0,0,0.011319036
0,0,0.017295474
0,0,0.0027854538
0,0,0.00619646
0,0,0.007020217
0,0,0.029231017
0,0,0.0053885425
0,0,0.06142357
1,1,0.9999976
0,0,0.398965
0,0,0.022902882
0,0,0.2115511
0,0,0.35367072
0,0,0.0021160617
0,0,0.027130937
0,0,0.0733327
1,1,0.9999976
0,0,0.04684797
0,0,0.14796937
0,0,0.019324364
0,0,0.025622364
0,0,0.0037416182
0,0,0.23969544
0,0,0.14285119
0,0,0.103200205
0,0,0.0056480994
0,0,0.09827448
0,0,0.121235326
0,0,0.40958855
0,0,0.41332492
0,0,0.0049901926
0,0,0.036636665
0,0,0.09253735
0,0,0.17098074
0,0,0.029528739
0,0,0.3551492
0,0,0.007368877
0,0,0.08427121
1,1,0.9999119
0,0,0.012044697
1,1,0.99999833
0,0,0.005287743
0,0,0.3900317
0,0,0.081656925
0,0,0.021921141
0,0,0.101014726
0,0,0.031836685
0,0,0.0017726708
0,0,0.008160242
0,0,0.0007525937
0,0,0.022177516
0,0,0.13016845
0,0,0.008488923
0,0,0.03949433
0,0,0.058548212
0,0,0.07793731
0,0,0.036020897
0,0,0.00037413143
0,0,0.022333385
0,0,0.009618928
0,0,0.09590101
0,0,0.06058901
0,0,0.023867963
0,0,0.027219672
0,0,0.0134435315
0,0,0.0045967014
0,0,0.0026530481
0,0,0.004526165
0,0,0.028399544
0,0,0.028204182
0,0,0.104751654
0,0,0.30789748
0,0,0.15656948
0,0,0.018256107
0,0,0.145129
0,0,0.0062127043
0,0,0.051776797
0,0,0.020609396
0,0,0.010102587
1,1,0.9999976
0,0,0.16024286
0,0,0.00052677776
0,0,0.082226425
0,0,0.05303448
0,0,0.24058497
0,0,0.017331341
0,0,0.14261553
0,0,0.14988251
0,0,0.10153201
0,0,0.26329473
0,0,0.009428168
0,0,0.001759142
0,0,0.40958855
0,0,0.008977878
0,0,0.023806605
0,0,0.011458298
0,0,0.29664317
0,0,0.47257474
0,0,0.14976873
0,0,0.058406252
0,0,0.018459564
0,0,0.03959146
0,0,0.0008153458
0,0,0.0011376613
0,0,0.006944867
0,0,0.04690533
0,0,0.017540567
0,0,0.12851584
0,0,0.025648674
0,0,0.008185676
0,0,0.4685477
0,0,0.036881268
0,0,0.012375344
0,0,0.014472506
0,0,0.013346587
0,0,0.00082796277
0,0,0.028952982
0,0,0.0026240079
1,1,0.9966484
0,1,0.5752047
0,0,0.010010068
0,0,0.039823666
0,1,0.6686591
0,0,0.054516684
0,0,0.0037967563
0,0,0.018952066
1,1,0.99999785
0,0,0.099215806
0,0,0.27414763
0,0,0.38077012
0,0,0.011440504
0,0,0.028997945
0,0,2.4873952e-05
0,0,0.0020703438
0,0,0.2997222
0,0,0.04049078
0,0,0.17997238
1,1,0.9999987
0,0,0.023164732
0,0,0.02243008
0,0,0.04453519
1,1,0.999998
0,0,0.009333479
0,0,0.4604456
0,0,0.018755287
0,0,0.011610761
0,0,0.014870835
1,1,0.99999833
0,0,0.000735138
0,0,0.029595803
0,0,0.00400253
0,0,0.09148882
0,0,0.049629133
0,0,0.08593734
0,0,7.561852e-05
0,0,0.0048696813
1,1,0.99999833
0,0,0.08138073
0,0,0.0045721405
0,0,0.015228772
0,0,0.059085943
0,0,0.309278
1,1,0.99832374
0,0,0.08282466
0,0,0.047877807
0,0,0.021941029
0,0,0.09533328
0,0,0.022527788
1,0,0.17484787
0,0,0.035890914
0,0,0.013652532
0,0,0.16021627
0,0,0.040766
0,0,0.2162008
1,1,0.9999968
0,0,0.0005908771
0,0,0.3759473
0,0,0.015212654
0,0,0.06485811
0,0,0.08395615
1,1,0.9999976
0,0,0.015461114
0,0,0.04204365
0,0,0.02671942
0,0,0.16036509
0,0,0.013248929
0,0,0.20892446
0,0,0.005254705
0,0,0.052146286
0,0,0.011644704
0,0,0.10916067
0,0,0.21707772
0,0,0.060265917
0,0,0.013820253
1,1,0.99999785
0,0,0.05152192
0,0,0.123396635
0,0,0.14813153
0,0,0.0145408185
0,1,0.53418475
0,0,0.10875379
0,0,0.06204489
0,0,0.36271742
0,0,0.060838427
0,0,0.009879786
0,0,0.008027399
0,0,0.029427081
0,0,0.07386803
0,0,0.01432667
0,0,0.17902775
0,0,0.0030510519
0,0,0.024621641
0,0,0.00018691368
1,0,0.12455367
1,1,0.99999833
0,0,0.0021585063
0,0,0.016576698
0,0,0.036315296
1,1,0.98728985
0,0,0.003700853
0,0,0.06533739
0,0,0.085686974
0,0,0.023198124
1,1,0.56619376
1,1,0.9978617
0,0,0.4638518
0,0,0.16121584
0,0,0.0007293372
0,0,0.1315445
0,0,0.0041514486
0,0,0.026891135
0,0,0.00067355664
0,0,0.015552027
0,0,0.1874239
1,1,0.9414572
0,0,0.07189628
0,0,0.0063563627
0,0,0.13061517
0,0,0.023225201
0,0,0.014093941
1,0,0.34355494
0,0,0.0018332292
1,1,0.94528294
0,0,0.15683608
0,0,0.09756831
1,1,0.99999833
0,0,0.2349238
0,0,0.23430493
0,0,0.019322276
1,1,0.9999962
0,0,0.2133659
0,0,0.0066601364
0,0,0.06144873
0,0,0.03110876
0,0,0.22583874
0,0,0.09768568
0,0,0.0028841551
0,0,0.11496626
0,0,0.0031284974
0,0,0.21701942
0,0,0.07015101
0,0,0.031116884
0,0,0.017186113
0,0,0.0035641717
0,0,0.0054307175
0,0,0.00011960895
0,0,0.07621187
0,0,0.08778407
0,0,0.09586666
0,0,0.27671432
1,1,0.99999833
1,1,0.99363154
0,0,0.37069348
1,0,0.42356107
0,0,0.10074493
0,0,0.28411716
0,0,0.035227273
0,0,0.00016979096
0,0,0.002667972
0,0,0.04763687
0,0,0.09903963
0,0,0.023616381
0,0,0.07172549
0,0,0.0045967014
0,0,0.0065698177
0,0,0.035566162
1,1,0.6538491
0,0,0.095366575
1,1,0.9999987
0,0,0.016413452
0,0,0.18550028
0,0,0.016489599
0,0,0.019468429
0,0,0.11779707
0,0,0.1222824
0,0,0.035846226
0,0,0.1048743
0,0,0.026779173
1,1,0.9999144
0,0,0.00023390021
0,0,0.048666116
0,0,8.915239e-05
0,0,0.001639347
1,1,0.99999833
0,0,0.06839783
0,1,0.58728284
0,0,0.0676362
0,0,0.0049092383
0,0,0.43056
0,0,0.013707408
0,0,0.0007020981
0,0,0.011097103
1,1,0.99999845
1,1,0.99999833
0,0,0.0011319994
0,0,0.025323326
0,0,0.09439056
0,0,0.09682435
1,1,0.9868145
0,0,0.010005132
0,0,0.027854273
0,0,0.10128594
0,0,0.005772647
0,0,0.30591297
0,0,0.088246636
0,0,0.0039226394
1,1,0.9999987
0,0,0.0078705195
0,0,0.030484164
1,1,0.9999988
0,0,0.079697214
1,1,0.95593154
0,0,0.03543838
0,0,0.025270341
0,0,0.03865147
0,0,0.0024130028
0,0,0.055889077
0,0,0.40958855
0,0,0.15987235
0,0,0.040805094
1,1,0.999998
0,0,0.0043824846
0,0,0.012810735
0,0,0.00794867
0,0,0.12268287
0,0,0.00025149688
0,0,0.0047039143
0,0,0.44166812
0,0,0.025037268
0,0,0.009440739
1,1,0.9978283
0,0,0.32136548
0,0,0.0075491234
1,1,0.99999833
0,1,0.5496165
0,0,2.5604553e-05
0,0,0.032979704
0,0,0.0075967475
0,0,0.12548332
0,0,0.0032317364
1,1,0.8599164
1,1,0.9999987
1,1,0.999946
0,0,0.011984027
0,0,0.051199
0,0,0.07010825
0,0,0.0064355684
0,0,0.16118279
0,0,0.031056713
0,0,0.04646193
0,0,8.850077e-05
0,0,0.05419923
1,1,0.9913874
0,0,0.060343668
0,0,0.44271094
0,0,0.014930679
0,0,0.022529515
0,0,0.020889973
0,0,0.01882898
0,0,0.00016903576
0,0,0.05782078
0,0,0.031066062
0,0,0.030051244
0,0,0.0024124943
0,0,0.00010991837
0,0,0.049011048
1,1,0.99999845
0,0,0.2557871
1,1,0.9579162
0,0,0.0144593315
0,0,0.009677502
0,0,0.0018458044
0,0,0.045699872
0,0,0.022734987
0,0,0.03571764
0,0,0.04376665
0,0,0.0038836203
0,0,0.0027294606
0,0,0.018737493
1,0,0.08553872
0,0,0.0011292638
1,1,0.9937354
0,0,0.030366749
0,1,0.6132889
1,1,0.9997328
0,0,0.17507106
0,0,0.07673343
0,0,0.021099728
0,0,0.01809257
0,0,0.03502727
0,0,0.00691493
0,0,0.017703598
0,0,0.03840454
0,0,0.14835995
0,0,0.0128218485
0,0,0.035458922
0,0,0.037531022
0,0,0.37240636
0,0,0.0163228
1,1,0.9999968
0,0,0.013593437
0,0,0.0033985982
0,0,0.021119839
0,0,0.003912838
0,0,0.26465526
1,1,0.9999976
0,0,0.055541083
0,0,0.010179517
0,0,0.015309207
0,0,0.0039218045
0,0,0.006039728
1,1,0.99999833
0,0,0.0045892196
0,0,0.0005116472
0,0,0.030404914
0,0,0.018654155
0,0,0.44398847
0,0,0.002328787
0,0,0.0044589383
0,0,0.010404455
0,0,0.02501254
0,0,0.016343853
0,0,0.018439623
0,0,0.032085642
0,0,0.2639064
0,0,0.015615566
0,0,0.09377043
0,0,0.026321236
1,1,0.999998
0,0,0.0003668327
0,0,0.016395772
1,1,0.81368256
0,0,0.07419275
1,0,0.29920068
0,0,0.014440325
0,0,0.02536614
0,0,0.0017550655
0,0,0.0041905073
0,0,0.053194124
1,1,0.99999857
0,0,0.08838264
0,0,0.028038517
0,0,0.009542651
0,0,0.019881666
1,1,0.9847305
0,0,0.03219481
0,0,0.03815634
0,0,0.03723959
0,0,0.0056843627
1,1,0.99982256
0,0,0.0152278505
0,0,0.0033126462
0,0,0.009423979
1,1,0.9475356
0,0,0.036999382
0,0,0.020924436
0,0,0.00034308553
0,0,0.1766154
0,0,0.009145139
0,0,0.0033751442
0,0,0.024033379
0,0,0.19798592
0,0,0.07310901
0,0,0.09076742
0,0,0.039421305
0,0,0.003596954
0,0,0.05328328
0,0,0.08372381
0,1,0.53418475
0,0,0.0063409978
1,1,0.9999987
0,0,0.04520953
0,0,0.0072755716
0,0,0.0017402098
0,0,0.08689632
1,1,0.99999833
0,0,0.019277642
1,1,0.57653123
0,0,0.050773773
0,0,0.026453355
0,0,0.008617931
0,0,0.30347243
1,1,0.99999833
0,0,0.00042317717
0,0,0.10297622
1,0,0.33006057
0,0,0.04449536
1,0,0.14781497
1,1,0.90284663
0,0,2.9809536e-05
0,0,0.41458097
0,0,0.11640513
0,0,0.019443292
0,0,0.02511144
0,0,0.0010625756
0,0,0.006020762
0,0,0.20557758
0,0,0.15179163
0,0,0.048502848
0,0,0.10997589
0,0,0.03391715
0,0,0.14686094
1,1,0.999998
0,0,0.00047789508
0,0,0.047433954
0,0,0.03567494
0,0,0.00045292053
0,0,0.009635353
0,0,0.017554559
0,0,0.18839554
0,0,0.026359152
1,1,0.9999987
0,0,0.09259076
0,0,0.22014734
0,0,0.022809038
0,0,0.0077885985
0,0,0.020546904
0,0,0.34112564
0,0,0.0002377996
0,0,2.8389728e-05
0,0,0.023984013
1,1,0.98779804
0,0,1.8976565e-05
0,0,0.0063878275
1,1,0.9999924
1,1,0.9999988
0,0,0.1239933
0,0,0.35584092
1,1,0.99999857
0,0,0.08023076
0,0,0.018684031
0,0,0.002118281
0,0,0.01274343
0,0,0.026946515
0,0,0.043706294
0,0,0.28037393
0,0,0.06584841
0,0,0.00044750542
0,0,0.047836024
0,0,0.0059581166
0,0,0.011059793
0,0,0.031262983
1,0,0.2721132
0,0,0.013410761
0,0,0.016748283
0,0,0.0064532
0,0,0.2543956
0,0,0.003122062
0,0,0.072711274
0,0,0.19118622
1,0,0.277192
0,0,0.021673732
0,0,0.018275958
0,0,0.048389662
1,0,0.30467334
0,0,0.17232908
1,1,0.9999987
0,0,0.0037830903
0,0,0.025318842
0,0,0.011136554
0,0,0.008025406
0,0,0.025102872
0,0,8.200772e-05
0,0,0.002077735
0,0,0.40904987
1,1,0.9999988
0,0,0.41350317
0,0,0.12258862
0,0,0.009546496
0,0,0.0030147645
0,1,0.58728284
0,0,0.03787118
0,0,0.12896365
0,0,0.0058740056
0,0,0.07253308
0,0,0.0035977662
0,0,0.029615317
0,0,0.013455389
0,0,0.08202538
0,0,0.0496878
0,0,0.061403498
0,0,0.006657642
0,0,0.0018179908
0,0,0.037956327
0,0,0.015044276
0,0,0.00600532
0,0,0.003422499
0,0,0.07138597
0,0,0.0066926223
0,0,0.06714407
0,0,0.33266512
0,0,0.0069847596
0,0,0.06276542
0,0,0.0020550839
1,0,0.21885249
0,0,0.0007385144
0,0,0.05639313
0,0,0.075959794
0,0,0.10078712
0,0,0.07644961
0,0,0.02460791
0,0,0.056109786
1,1,0.99999857
0,0,0.08219526
0,0,0.016166981
0,0,0.028309759
0,0,0.061268065
0,0,0.022270076
0,0,0.0034959752
0,0,0.013820253
0,0,0.29939616
0,0,0.033406533
0,0,0.03287292
0,0,0.002156559
0,0,0.018364897
0,0,0.0068366993
1,1,0.97413087
0,0,0.025420468
1,0,0.035187274
0,0,0.047894843
1,1,0.9999976
0,0,0.1307947
1,1,0.99999833
0,1,0.62857455
0,0,0.036690805
0,0,0.027978327
0,0,0.010963315
0,0,0.017577494
0,0,0.004671459
0,0,0.030404914
0,0,0.013550391
0,1,0.5914577
0,0,0.13017637
0,0,0.4670433
1,1,0.99999857
0,0,0.0625889
0,0,0.0609257
0,0,0.016529517
0,0,1.967456e-05
0,0,0.3731028
0,0,0.0007286886
0,0,0.06610268
0,0,0.008026393
0,0,0.0036118445
1,1,0.9999937
0,0,0.016030071
0,0,0.00056804914
0,0,0.23653388
0,0,0.014501733
1,1,0.9999976
0,0,0.023064641
1,1,0.9945142
0,0,0.040877637
0,0,0.0064101955
0,0,0.00058454514
0,0,0.0045850063
0,0,0.0027825495
0,0,0.13862506
1,1,0.99999833
0,0,0.040600885
0,0,0.024433505
0,0,0.08292081
1,1,0.99999714
1,1,0.9913373
1,1,0.99999845
0,0,0.015355331
0,0,0.059778303
0,0,0.018840652
0,0,0.012950908
0,0,0.0022961218
1,1,0.9999988
1,1,0.5150585
0,0,0.0039990833
0,0,0.0013051056
0,0,0.00027682984
0,0,0.17446254
1,1,0.973194
0,0,0.010491853
0,0,0.012411529
0,0,0.0042028087
0,0,0.055199426
0,0,0.0034782006
1,1,0.9999976
0,0,0.010279725
0,0,0.00573624
0,0,0.00091089495
0,0,0.11856754
0,0,0.036792804
0,0,0.019330278
0,0,0.01893805
0,0,0.10541881
0,0,0.02538466
0,0,0.104505226
0,0,0.00019825205
0,0,0.0043725297
0,0,0.1443855
0,0,0.0019146731
0,0,0.010738227
0,0,0.10054994
1,1,0.85768545
1,1,0.9699491
0,0,0.00119723
0,0,3.2194606e-05
0,0,0.00861712
0,0,0.0008493035
0,0,0.13184163
0,0,0.012681853
0,0,0.011001808
0,0,0.37297046
0,0,0.0083205225
1,1,0.99771947
0,0,0.05073073
0,0,0.06172148
0,0,0.02511996
0,0,0.036522944
0,1,0.50726086
0,0,0.006232576
0,0,0.008630125
0,0,0.05286617
0,0,0.0018723917
0,0,0.014404449
0,0,0.025093958
0,0,0.046979677
0,0,0.032176998
0,0,0.006567188
0,0,0.4303638
0,0,0.010744743
0,0,0.023062594
0,0,0.0001950265
0,0,0.0016985161
0,0,0.017347014
0,0,0.01360106
0,0,0.012001034
0,0,0.14857589
0,0,0.052688967
0,0,0.038267665
0,0,0.01648523
0,0,0.0669324
0,1,0.5360655
1,0,0.46974623
0,0,0.15119646
0,0,0.0011324843
0,0,0.019121246
0,0,0.04597755
0,0,0.0013213482
0,0,0.051842302
0,0,0.24636644
0,0,0.07021403
0,0,0.02710609
0,0,0.080121286
0,0,0.013142152
0,0,0.0030552393
0,0,0.06509463
0,0,0.020445101
0,0,0.014354797
0,0,0.16315861
0,0,0.11153315
0,0,0.022537077
0,0,0.029919157
0,0,0.028613096
0,0,0.39707538
0,0,0.046573777
0,0,0.05505895
0,0,0.0005240661
0,0,0.013087822
1,1,0.9999976
1,1,0.9999987
0,0,0.0101312585
0,0,0.0125464685
0,0,0.022787234
0,0,0.016075715
0,0,0.0014559466
0,0,0.0051662726
0,0,0.043988723
0,0,4.5755874e-05
1,1,0.9999987
0,0,0.0262817
0,0,0.121169426
0,0,0.22299752
0,0,0.05447499
0,0,0.01947278
0,0,0.04113312
0,0,0.043910313
0,1,0.58152616
0,0,0.10861927
0,0,0.015429867
0,0,0.38880628
0,0,0.1924219
0,0,0.05022802
1,1,0.989099
0,0,0.12437128
0,0,0.0030886687
0,0,0.05278329
0,0,0.022611722
0,0,0.019921564
1,1,0.9999987
1,1,0.99999833
0,0,0.061606377
0,0,0.0056082625
1,1,0.9999987
1,1,0.99999857
0,0,0.017130356
0,0,0.021931292
0,0,0.0034983247
1,1,0.9999987
0,0,0.0035581477
0,0,0.0060727
0,0,0.025528729
0,0,0.0035401932
0,0,0.013969259
0,0,0.008168405
0,0,0.04468609
1,1,0.9999976
0,0,0.06422581
1,1,0.9900311
0,0,0.0030148365
0,0,0.0039450773
0,0,0.07896902
0,0,0.014453795
0,0,0.06918514
1,1,0.9999976
0,0,0.015363286
0,0,0.06749312
0,0,0.18890567
0,0,0.008859967
1,1,0.99999785
0,0,0.09858154
0,0,0.43646824
0,0,0.15391433
0,0,0.048880342
0,0,0.011037457
1,1,0.99999833
0,0,0.069051795
0,0,0.002114247
0,0,0.045815654
0,0,0.057692733
1,0,0.013821637
0,0,0.35367072
0,0,0.0007467929
0,0,0.16759698
0,0,0.28877464
0,1,0.65423185
0,0,0.021258274
0,0,0.031013453
0,0,0.004953901
0,0,0.27893752
0,0,0.05050092
0,0,0.06948726
1,1,0.99553263
1,1,0.99999726
0,0,0.37880737
0,0,0.030503333
0,0,0.0149095
0,0,0.07161988
1,1,0.97067016
0,0,0.05704978
0,0,0.054943427
0,0,0.20508207
0,0,0.023710892
1,1,0.999998
1,1,0.9999987
0,0,0.012169397
0,0,0.03470086
0,0,0.0015845342
0,0,0.08346481
0,0,0.005844123
0,0,0.15050453
0,0,0.22664088
1,1,0.99998546
0,0,0.07419275
0,0,0.027660362
0,0,0.0018337389
0,0,0.16966845
0,0,0.010910064
0,0,0.0048437705
1,1,0.8869257
1,1,0.96123856
0,0,0.007379561
0,0,0.008943173
0,0,0.26487824
0,0,0.021014722
0,0,0.059449617
1,1,0.9999987
0,0,0.0074811266
1,1,0.9859703
1,1,0.99999785
0,0,0.4685477
0,0,0.079158135
0,0,0.10245159
0,0,0.042218205
0,0,0.0014252708
0,0,0.019013632
0,0,0.0069986535
0,0,0.05353258
0,0,0.09508495
1,1,0.99999845
1,1,0.83110195
0,0,0.032547694
0,0,0.009916455
0,0,0.0663267
0,0,0.012180654
0,0,0.031956814
0,0,0.0012105273
0,0,0.020911964
0,0,0.33179379
0,0,0.04918872
0,0,0.0011122947
0,0,0.13542785
0,0,7.653667e-05
0,0,0.0395257
0,0,0.013723145
0,0,0.0015310461
0,0,0.050622676
0,0,0.018374441
0,0,0.07696152
0,0,0.054420758
1,1,0.9954254
0,0,0.09982253
0,0,0.18620938
0,0,0.012001034
0,0,0.14001448
0,0,0.000257522
0,0,0.15677634
0,0,0.008809157
1,1,0.999998
0,0,0.014959496
0,0,0.01911092
0,0,0.061597098
0,0,0.04097708
0,0,0.05533722
1,1,0.9994246
0,0,0.028090816
0,0,0.0074031088
0,0,0.050431103
0,0,0.022640113
0,0,0.033962406
0,0,0.063349985
0,0,0.007395824
0,0,0.033140756
0,0,0.16347952
0,0,0.04500844
1,1,0.9999976
0,0,0.11802233
0,0,0.12179409
0,0,0.023879824
0,0,0.02348389
0,0,0.09623989
0,0,0.007402352
1,1,0.9999976
0,0,0.011160851
0,0,0.0012528343
0,0,0.013649335
1,1,0.9919308
0,0,0.032885976
0,0,0.03437495
1,1,0.93755525
0,0,0.2180328
0,0,0.002452294
0,0,0.11402463
0,0,0.2997222
0,0,0.07233574
0,0,0.007905635
1,1,0.9998535
0,0,0.4686746
0,0,0.23430493
0,0,0.008937499
0,0,0.01371697
0,0,0.0483757
0,0,0.108019
1,1,0.9999976
0,0,0.10956522
0,0,0.041047294
0,0,0.23479544
0,0,0.0162892
1,1,0.99999774
1,1,0.99999857
1,1,0.99999785
1,1,0.99999785
0,0,0.020367106
0,0,0.0003204678
0,0,0.13471004
0,0,0.023096772
1,1,0.6646336
0,1,0.59668493
0,0,0.100374855
0,0,0.0024951133
0,0,0.097065106
0,0,0.0767415
0,0,0.14006868
0,0,0.36520734
0,0,0.0046452926
0,0,0.03011287
0,0,0.0033417107
0,0,0.18058814
0,0,0.03263809
1,1,0.9981602
0,0,0.058572304
0,1,0.55022097
0,0,0.004015256
1,1,0.9824838
0,0,0.043033905
0,0,0.107076734
0,0,0.0005616361
0,0,0.015914964
0,0,0.00011810871
1,1,0.9999989
0,0,0.29571345
0,0,0.40958855
0,0,0.33927688
0,0,0.019259961
0,0,0.012370559
0,0,0.03064308
0,0,0.009235207
0,0,0.0010385726
0,0,0.0019621705
0,0,0.0053139087
0,0,0.0644644
0,0,0.0070711533
0,0,0.08548723
0,0,0.008273206
0,0,0.42562032
0,0,0.21770024
0,0,0.001121638
1,1,0.99999785
1,1,0.9727241
0,0,0.09833549
1,1,0.8460542
0,0,0.05284764
0,0,0.33557615
0,0,0.019265678
0,1,0.6020998
0,0,0.007511278
0,0,0.018950978
0,0,0.17098942
0,0,0.005700575
0,0,0.05055898
0,0,0.06452769
1,1,0.9738505
0,0,0.019020675
0,0,0.0047685103
0,0,0.040886123
0,0,0.07822965
0,0,0.0020624804
0,0,2.8467291e-05
0,0,0.023859227
0,0,0.0067215213
0,0,0.012117669
0,0,0.0023713862
0,0,0.0012003022
0,0,0.032264173
1,1,0.99999774
0,0,0.0025295937
1,1,0.65574336
0,0,0.00072243594
0,0,0.0007562801
0,0,0.40562126
0,0,0.015355331
1,1,0.999998
0,0,0.030559724
0,0,0.106340505
0,0,0.36520734
1,0,0.078729786
0,0,0.00077891693
0,0,0.0106636025
0,0,0.01035132
0,0,0.18295409
0,0,0.053809963
0,0,0.19820781
1,1,0.9999987
0,0,0.07050392
0,0,0.03956154
0,0,0.14566854
0,0,0.09931103
0,0,0.47235957
1,1,0.5537208
0,0,0.006155535
0,0,0.017158976
0,0,0.0019435514
0,0,0.06755486
0,0,0.030231038
0,0,0.032750823
0,0,0.03470086
0,0,0.024750406
0,0,0.009439817
0,0,0.010010068
0,0,0.0035297356
0,0,0.0008168506
0,0,0.0012155379
0,0,0.03196023
0,0,0.00607331
0,0,0.04878767
1,1,0.9999988
0,0,0.16207156
0,0,0.16304164
0,0,0.06096599
0,0,0.12628703
0,0,0.050600838
0,1,0.58728284
0,0,0.023534533
0,0,0.000109713656
0,0,0.00011586928
0,0,0.042817198
0,0,0.0076693287
0,0,0.06666887
0,0,0.0003216125
1,1,0.9999987
1,1,0.9061598
0,0,0.028021393
0,0,0.1480407
0,0,0.1372608
0,0,0.0004542302
0,0,0.002265072
0,0,0.012626228
0,0,0.052648984
0,0,0.014522947
0,0,0.042142313
0,0,0.0526875
0,0,0.14752333
0,0,0.0012980556
0,0,0.14324191
1,0,0.031823136
0,0,0.0045555644
0,0,0.008210645
0,0,0.0021911915
0,0,0.017620947
0,0,0.012610698
0,0,0.0055707702
0,0,0.12583591
0,0,0.09712547
0,0,0.03784773
0,0,0.01576714
0,0,0.023650425
0,0,0.00515873
0,0,0.014286412
0,0,0.071884006
0,0,0.005397743
1,1,0.9999976
0,0,0.014631218
0,0,0.00573129
0,0,0.0058125616
0,0,0.003000378
1,1,0.9999988
0,0,0.068802826
0,0,0.08292477
0,0,0.015152359
0,0,0.05661289
0,0,0.11701084
0,0,0.007041736
0,0,0.16947173
0,0,0.4685477
0,0,0.040183637
0,1,0.6556342
0,0,0.0035440573
0,0,0.1645535
0,0,0.04084693
0,0,0.12596722
0,0,0.45429087
0,0,0.0104283765
0,0,0.019098341
0,0,0.04736756
0,0,0.11527204
0,0,0.0014676857
0,0,0.00019860339
0,0,0.015402466
0,0,0.027254319
0,0,0.00040599814
0,0,0.0020375107
0,0,0.025696183
0,0,0.0018629071
0,0,0.0044361167
0,0,0.006214695
0,0,0.04731066
0,0,0.18173805
1,1,0.9733699
0,0,0.12982266
0,0,0.00039647578
0,0,0.068262346
0,0,0.102115005
0,0,0.005620087
0,0,0.13290058
0,0,0.012507108
0,0,0.18557985
0,0,0.1142793
0,0,0.14906459
0,0,0.08464176
1,0,0.059686873
1,1,0.9999989
1,1,0.96276975
0,0,0.036589734
0,0,0.0370148
0,0,0.007468879
0,0,0.2699647
0,0,0.00658259
1,1,0.99999833
0,0,0.003216524
1,1,0.9999976
0,0,0.0015100786
1,1,0.99999833
0,0,0.072373234
0,1,0.58728284
1,1,0.9999987
1,1,0.9999987
0,0,0.011790053
0,0,0.035448797
0,0,0.040967
1,1,0.9827056
0,0,0.45264283
0,0,0.014053495
0,0,0.03571764
0,0,0.0021268355
1,0,0.39799923
0,0,7.4358555e-05
0,0,0.020836415
0,0,0.14717875
0,0,0.3300109
0,0,0.4726626
0,0,0.10439718
0,1,0.5086423
0,0,0.09941653
0,0,0.04223533
0,0,0.0009609611
0,0,0.05807274
0,0,0.1475749
0,0,0.09644779
1,1,0.99999833
0,0,0.003235179
0,0,0.048013598
0,0,0.014824711
1,1,0.99999857
0,0,0.025245281
0,0,0.052442335
0,0,0.09071301
0,0,0.22298689
0,0,0.040426917
0,0,0.009480383
1,0,0.12055726
1,1,0.99999774
1,1,0.9999988
0,0,0.0038850375
0,0,0.080389276
0,0,0.0015369466
0,0,0.0072574057
0,0,0.24604647
0,0,0.025739135
0,0,0.098826446
0,0,0.023204401
0,0,0.0021297105
0,0,0.0058819163
0,0,0.22580756
1,1,0.9999968
0,0,0.064616516
0,0,0.47440356
1,1,0.9999987
0,0,0.002724121
0,0,0.023037007
0,0,0.027439801
0,0,0.03860664
0,0,0.0013574647
0,0,0.47440356
0,0,0.014372754
0,0,0.018957136
0,0,0.005098171
0,0,0.011210592
1,1,0.9151425
0,0,0.0028821495
0,0,0.27671432
0,0,4.3668937e-05
0,0,0.083753414
0,0,0.0061046206
0,0,0.1014645
0,0,0.007658605
0,0,0.08704096
0,0,0.0035913428
0,0,0.0015845342
1,1,0.9999987
0,0,0.0046509425
0,0,0.0016668021
0,0,0.010430217
1,1,0.80342156
1,1,0.99999774
0,0,0.0028149688
0,0,0.0011464095
1,1,0.9999988
0,0,0.0067355465
0,0,0.006079372
1,1,0.9999968
1,1,0.9999976
1,1,0.549883
0,0,0.0076388367
0,0,0.45075268
1,1,0.8177784
0,0,0.009520791
0,0,0.00993163
0,0,0.17666769
0,0,0.0008958883
0,0,0.12580894
0,0,0.09147729
0,0,0.08872859
0,0,0.0006819756
0,0,0.1320445
0,0,0.032886382
0,0,0.066660106
0,0,0.47438893
0,0,2.4690815e-05
0,0,0.016389636
0,0,0.08668838
0,0,0.020454934
0,0,0.0013624512
1,1,0.9893528
0,0,0.03142813
0,0,0.04590993
0,0,0.0058129174
0,0,0.001863699
0,0,0.014447093
0,0,0.29937088
0,0,0.032453656
0,0,0.0025869997
0,0,0.0050661284
0,0,0.0010828752
1,0,0.026496235
0,0,0.0018079972
0,0,0.042412765
0,0,0.17828465
0,0,0.027257044
0,0,0.0026167799
0,0,0.01848954
0,0,0.005657174
0,0,0.12797612
0,0,0.06820469
0,0,0.035761707
0,0,0.05162535
0,0,0.1919796
0,0,0.0037289595
0,0,0.055522814
0,0,0.03567294
0,0,0.10574982
0,0,0.035720468
0,0,0.009258827
1,1,0.9999987
0,0,0.23430493
0,0,0.09182422
0,0,0.032253075
0,0,0.2259473
0,0,0.014172839
0,0,0.14018975
0,0,0.04006861
0,0,0.20717707
0,0,0.016757764
0,0,0.023538342
0,0,0.010623664
0,0,0.027869444
1,1,0.99784124
0,0,0.0003301115
1,1,0.99015766
0,0,0.120925255
1,1,0.9999987
0,0,0.07019209
0,0,0.2950795
0,0,0.02678262
0,0,0.0503693
0,0,0.0007255089
0,0,0.2596373
0,0,0.048011657
0,0,0.0071728164
0,0,0.06380461
0,0,0.018059617
1,1,0.7790452
0,0,0.015705869
1,1,0.99999833
0,0,0.0010049845
0,0,0.00018957493
0,0,0.30897975
0,0,0.27337635
0,0,0.07106602
0,0,0.0009967525
0,0,0.006220944
0,0,0.11279714
1,1,0.9999758
0,0,0.0085433535
0,0,0.06361924
1,1,0.99999833
0,0,0.025648557
0,0,0.0001361055
0,1,0.577023
0,0,0.033924785
0,0,0.015044276
0,0,0.0040027318
0,0,0.33179379
0,0,0.16823235
0,0,0.09973013
0,0,0.010564615
0,0,0.041404955
1,1,0.99999833
0,0,0.04140383
0,0,0.025292555
1,1,0.9999988
1,1,0.760772
0,0,0.15044451
0,0,0.3553494
0,0,0.0067759613
0,0,0.044522997
0,0,0.011953402
0,0,0.006046591
0,0,4.616568e-05
0,0,0.022249158
0,0,0.011030381
0,0,0.039023038
0,0,0.0057946783
0,0,0.03472533
1,1,0.9960592
0,0,0.022090219
0,1,0.5202926
0,0,0.038173765
0,0,0.039490875
0,0,0.037531022
0,0,0.005474623
0,0,0.42340952
0,0,0.022335676
0,0,0.020447388
0,0,0.06995129
0,0,7.38728e-05
0,0,0.10874267
0,0,0.010099956
0,0,0.005831747
0,0,0.0066559045
0,0,0.0052403277
0,0,0.005820048
0,0,0.07308988
0,0,0.08143796
0,0,0.083419435
0,0,0.0021521898
0,0,0.037160408
0,0,0.012034806
0,0,0.0005695544
0,0,0.00024730124
0,0,0.003930556
0,0,0.028165724
0,0,0.037277415
1,1,0.97939086
1,1,0.9999976
0,0,0.009180355
0,0,0.0064404947
0,0,0.015883211
0,0,0.13807689
1,1,0.9999987
0,0,0.00018629414
0,0,0.08529073
0,0,0.036760025
0,0,0.048221733
0,0,0.00037726728
0,0,0.03966855
1,1,0.99999845
0,0,0.078481056
0,0,0.26664126
0,0,0.010618022
0,0,0.06746482
0,0,0.01811566
0,0,0.013845003
0,0,0.04247715
0,0,0.031751007
0,0,0.053996526
1,1,0.9999987
0,0,0.002619087
0,0,0.012620153
0,0,0.00042802235
1,1,0.99999833
0,0,0.07664164
0,0,0.0056036906
0,0,0.018776575
1,1,0.9999976
0,0,0.012173644
0,0,0.11526285
1,1,0.9999976
0,0,0.010385374
0,0,0.060914267
0,0,0.110738546
1,1,0.92086774
0,0,0.003816241
1,1,0.98223627
0,0,0.08561275
0,0,0.044833016
0,0,0.37136993
1,1,0.9950439
0,0,0.0015326726
0,0,0.0015790624
0,0,0.0005969623
0,0,0.028386876
0,0,0.092782095
0,0,0.0052436995
0,0,0.012211485
0,0,0.0013907381
0,0,0.42107356
0,0,0.019303296
0,0,0.041669227
1,1,0.99999785
0,0,0.016407965
0,0,0.29064837
0,0,0.16022733
1,1,0.99999714
0,0,0.0010070628
0,0,0.024579639
0,0,0.22206292
0,0,0.026163593
1,0,0.06211397
0,0,0.0050158165
0,0,0.2236512
1,1,0.9999988
0,0,0.005901768
0,0,0.051872972
0,0,0.13500024
0,0,0.33923405
0,0,0.0079164235
0,0,0.0034515662
0,0,8.521931e-05
0,0,0.04273342
0,0,0.0096703945
1,1,0.9999987
0,0,0.028199665
0,0,0.06553384
1,1,0.9999968
1,1,0.9514366
1,0,0.3269682
0,0,0.00848463
1,1,0.9899358
0,0,0.068290286
1,0,0.25771698
1,1,0.9937354
0,0,0.03148902
0,0,0.14935625
1,1,0.9453482
0,0,0.034762237
1,0,0.06368499
0,0,0.02692492
0,0,0.0030186195
0,0,0.0045337486
1,1,0.9999119
0,0,0.0130982045
0,0,0.00013372774
0,0,0.02031081
0,0,0.0744664
0,0,0.051054604
0,0,0.014180115
0,0,0.4651472
0,0,0.0065109474
0,0,0.14175184
0,0,0.0008175771
0,0,0.10969611
0,0,0.008199822
0,0,0.18305527
1,1,0.5707079
1,1,0.9999988
0,0,0.05893166
0,0,0.050874114
0,0,0.026945883
0,0,0.104015894
0,0,0.0062971306
1,1,0.9999976
1,1,0.9999976
0,0,0.18498147
0,0,0.090390004
0,0,0.009205147
1,0,0.20574364
0,0,0.0009534454
0,0,0.017647209
0,0,0.019300507
1,1,0.9999988
0,0,0.0022526938
0,0,0.044549488
0,0,0.016229527
1,1,0.9999988
0,0,0.023096949
1,1,0.9999976
0,0,0.016401285
1,1,0.61422247
0,0,0.10824536
0,0,0.18719472
0,0,0.11457736
1,0,0.3095293
0,0,0.28225628
0,0,0.04037621
0,0,0.0051042186
1,1,0.99999833
0,0,0.14914271
0,0,0.056621663
0,0,0.001625398
0,0,0.19327167
0,0,0.040193457
0,0,0.0012497748
0,0,0.28608936
0,0,0.008679325
0,0,0.27598628
0,0,0.07966866
1,1,0.8490524
0,0,0.010894839
0,0,0.08565515
0,0,0.2397787
0,0,0.09425199
0,0,0.01162834
0,0,0.2840949
0,0,8.5356834e-05
0,0,0.01873369
0,0,0.02207782
0,0,0.0019323409
0,0,0.19001406
0,0,0.34814268
0,0,0.005749061
0,0,0.08717386
0,0,0.013036647
0,0,0.08494523
0,0,0.0035425287
0,0,0.0196004
0,0,0.081860006
0,0,0.0045954906
0,0,0.0071211862
0,0,0.0011874513
0,0,0.00027226337
0,0,0.17335972
0,0,0.0056557017
0,0,0.010379269
0,1,0.7542849
0,0,0.03730634
0,0,0.074171886
0,0,0.01659436
0,0,0.00067655015
0,0,0.005087584
0,0,0.0023950168
0,0,0.088400975
0,0,0.026805513
0,0,0.038366776
0,0,0.12544806
1,1,0.6562328
0,0,0.038878035
0,0,0.017534323
0,0,0.14985661
0,0,0.07358371
0,0,0.0039463234
0,0,0.047902312
0,0,0.004997668
0,0,0.011443714
0,0,0.037184384
0,0,0.072947465
0,0,0.017663276
0,0,0.00446372
0,0,0.0026189473
0,0,0.3954157
0,0,0.0066507137
1,1,0.96182877
0,0,0.1348453
0,0,0.0040457635
0,0,0.03470086
0,0,0.035959214
0,0,0.22912943
0,0,0.05721759
0,0,1.967456e-05
0,0,0.0854143
0,0,0.024280004
0,0,0.069664955
0,0,0.038702555
1,1,0.9998735
0,0,0.01368519
0,0,0.00058806094
0,0,0.28608936
0,0,0.051796637
0,0,0.00081410323
0,0,0.036946706
0,0,0.15383723
1,1,0.99999774
1,1,0.99192554
0,0,0.16133669
0,0,0.1524144
0,0,0.37240636
0,0,0.06961702
0,0,0.021945167
0,0,0.004085941
0,0,0.017267343
0,0,0.049203537
0,0,0.0112796575
1,1,0.99999833
0,0,0.011092017
1,1,0.9999968
1,0,0.115677804
1,1,0.9662309
0,0,0.0077885985
1,1,0.9999833
0,0,0.023045395
0,0,0.011424429
0,0,0.06335176
0,0,0.05951528
0,0,0.18830258
0,0,0.0708004
0,0,0.0037806036
0,0,0.00058806094
1,1,0.99999785
0,0,3.1869982e-05
0,0,0.029106842
0,0,0.019240845
0,0,0.2432765
0,0,0.011917565
0,0,0.21350276
0,0,0.021616431
1,1,0.9983695
1,1,0.99999857
1,1,0.9999988
0,0,0.037428893
0,0,0.015670238
0,0,0.12879583
0,0,0.051666874
1,1,0.9999968
0,0,0.105622366
0,0,0.03527844
0,0,0.005606231
0,0,0.027824713
0,0,0.0064713154
0,0,0.005328868
0,0,0.05372757
0,0,0.04616654
0,0,0.03867644
0,0,0.016688248
0,0,0.003998747
0,0,0.0004429015
1,1,0.95331246
0,0,0.057939194
1,1,0.96185637
1,1,0.9999976
0,0,0.011213451
1,0,0.26146448
0,0,0.0010082619
0,0,0.0056287837
0,0,0.11194968
0,0,0.00931461
0,0,0.09351196
0,0,0.026760116
0,0,0.014306954
1,0,0.075371854
0,0,0.0034068546
0,0,0.05875067
0,0,0.23559119
0,0,0.011180024
0,0,0.0059951246
1,0,0.4324455
0,0,0.096025035
0,0,0.050060477
0,0,0.04300275
0,0,0.043594178
0,0,0.030491725
0,0,0.009257747
0,0,0.023325553
0,0,0.042511854
1,1,0.9457639
1,1,0.98176885
0,0,0.031082194
0,0,0.007874117
1,1,0.99999833
1,1,0.9999988
0,0,0.021781417
0,0,0.115686476
0,0,0.0068687336
0,0,0.05406633
0,0,0.013686658
0,0,0.014075083
0,0,0.05192764
0,0,0.14824268
0,0,0.034922954
0,1,0.5300659
0,0,0.030751443
0,0,0.018317446
1,1,0.9999987
0,0,0.0496217
0,0,0.024634425
0,0,0.024167228
0,0,0.04902405
0,0,0.26253256
0,0,0.040151898
1,1,0.99999785
1,1,0.974324
0,0,0.00010871793
0,0,0.09800283
0,0,0.002709687
0,0,0.01075701
1,1,0.9999987
0,0,0.0046680993
0,0,0.0025886577
0,0,0.02583432
1,1,0.9769126
0,0,0.016743282
0,0,0.14479975
0,0,0.011114648
0,0,0.008528124
0,0,0.05598833
0,0,0.050625596
1,1,0.9999987
0,0,9.277681e-05
0,0,0.025094787
1,1,0.99999833
0,0,0.15391868
0,0,0.0017156702
0,0,0.0005063559
0,0,0.09681773
0,0,0.007816144
0,0,0.008372504
1,0,0.39605597
0,0,0.0016665917
1,1,0.5842594
0,0,0.00035108114
0,0,0.025082545
0,0,0.056762908
1,1,0.9999988
0,0,0.12110505
0,0,0.020445451
0,0,0.00254081
1,1,0.99999726
0,0,0.013107015
0,0,0.0018400066
0,0,0.030575782
0,1,0.57206345
0,0,0.0024791793
0,0,0.04717766
0,0,0.00012170763
0,0,0.1288796
0,0,0.07710765
0,0,0.008646119
0,0,0.0029870279
0,0,0.04900498
0,0,0.025323326
1,1,0.996345
0,0,0.049689002
0,0,0.08161476
0,0,0.010976579
0,0,0.0068363273
0,0,0.022955788
0,0,0.00022411722
0,0,0.004072599
0,0,0.05508633
0,0,0.09316052
0,0,0.4685477
0,0,0.029857213
0,0,0.009887069
0,0,0.0011397392
0,1,0.5300659
0,0,0.27720612
0,0,0.009428168
0,0,0.041587472
0,1,0.50053644
0,0,0.0030588694
0,0,0.0066197347
1,1,0.9999968
0,0,0.011059793
0,0,0.03179481
1,1,0.58728284
0,0,0.05459588
0,0,0.026361372
0,0,0.019498535
0,0,0.00048667876
0,0,0.027407944
0,0,0.081279814
0,0,0.41949275
0,1,0.60094225
0,0,0.14467846
0,0,0.009466973
0,0,0.008042654
0,0,0.012654127
0,0,0.00025227692
0,0,0.0529893
0,0,0.11437901
1,1,0.9999976
0,0,0.0050299196
0,0,0.0441043
0,0,0.0068276203
0,0,0.0053343754
0,0,0.009204438
0,0,0.004260419
0,1,0.5933107
0,0,0.0022035756
0,0,0.006111788
0,0,0.056265015
1,1,0.9841897
0,0,0.23752487
0,0,0.044162367
0,0,0.23748483
0,0,0.096521944
0,0,0.055522814
0,0,0.09142121
1,1,0.99999833
0,0,0.048305873
0,0,0.0005954843
0,0,0.031002615
1,1,0.9999144
0,0,0.032718234
0,0,0.19623671
0,0,0.027219672
1,1,0.9999976
0,0,0.08837769
0,0,0.108417824
0,0,0.18958001
0,0,0.03648738
0,0,0.07834557
0,0,0.095823646
0,0,0.42450863
1,1,0.99999833
0,0,0.114524476
0,0,0.019710248
0,0,0.45781413
0,0,0.011584841
1,0,0.29698765
1,1,0.999992
0,0,0.00428592
0,0,0.13696192
0,0,0.013968314
1,0,0.2650098
0,0,0.3354358
0,0,0.018327164
0,0,0.031066202
0,0,0.43878353
0,0,0.0042235944
0,0,0.12845284
0,0,0.0074916384
0,0,0.019011108
1,0,0.30885655
0,0,0.068262346
0,0,0.16538294
0,0,0.009788178
0,0,0.019618005
1,1,0.9999988
0,0,0.016197758
0,0,0.06585972
0,0,0.007500546
0,1,0.58728284
0,0,0.0008174786
0,0,0.008686635
1,1,0.99999833
0,0,0.110922076
0,0,0.00053640804
0,0,0.121220835
0,0,0.0031947966
0,0,0.011618994
0,0,0.00054162013
0,0,0.11375107
0,0,0.02960322
0,0,0.28608936
0,0,0.020984603
0,0,0.0041994615
0,0,0.0008244146
0,0,0.2042121
0,0,0.0468593
0,0,0.0030149766
0,0,0.014749491
0,0,0.012731366
0,0,0.10347577
0,0,0.08242741
1,1,0.5176657
0,1,0.7038924
1,1,0.99999833
0,0,0.3297138
0,0,0.014972614
1,1,0.99999785
0,0,0.04113312
0,0,0.47440356
0,0,0.0089256335
0,0,0.042815022
0,0,0.08095722
0,0,0.015670238
0,0,0.022781895
1,0,0.4969338
0,0,0.0046056597
0,0,0.1066913
0,0,0.08834066
0,0,0.008595268
0,0,0.09289651
1,1,0.999998
0,0,0.007432097
0,0,0.16499317
1,1,0.97804034
0,0,0.2136805
0,0,0.016959375
0,0,0.010390996
0,0,0.116050005
0,0,0.0020461474
0,0,0.0029295564
0,0,0.0144892465
0,0,0.06769131
1,1,0.99999833
0,0,0.22159378
1,1,0.99832994
0,0,0.00068832136
0,0,0.022613965
0,0,0.038728632
0,0,0.019179685
0,0,0.05870884
0,0,0.038106035
1,1,0.99999833
0,0,0.3080517
0,0,0.042569578
0,0,0.04293983
0,0,0.3900317
0,0,0.0011270322
0,0,0.0046047
0,0,0.0356298
0,0,0.022172894
1,1,0.9986278
0,0,0.012374836
1,1,0.99999833
0,0,0.30684844
0,0,0.0051700063
0,0,0.07688455
0,0,0.00022564191
1,0,0.082075566
1,1,0.99999833
0,0,0.013185425
0,0,2.2351232e-05
0,0,0.025453081
0,0,0.008461835
0,0,0.14048344
0,0,0.023524186
0,0,0.016654393
0,0,0.0001680902
0,0,0.19771439
0,0,0.12612289
1,1,0.99999833
0,0,0.0038521837
0,0,0.24113594
0,0,0.022900298
0,0,0.029207366
0,0,0.04641567
1,1,0.99999833
0,0,0.05080583
0,0,0.048169237
0,0,0.0012884008
0,0,0.09145712
0,0,0.059183776
0,0,0.029667059
0,0,0.014970876
0,0,0.0015104847
0,0,0.0015443491
0,0,0.008684656
0,0,0.05337211
0,0,0.05307068
0,0,0.16600631
1,1,0.9999988
0,0,0.07479914
0,0,0.00858652
1,1,0.94528294
0,0,0.020854464
0,0,0.003768223
0,0,0.027337365
0,0,0.008217668
0,0,0.13306089
0,0,0.0007286886
0,0,0.00539304
1,1,0.9999491
0,0,0.10232502
0,0,0.0032650635
0,0,0.08890187
0,0,0.026080588
0,0,0.07449082
1,0,0.46725196
0,0,0.008067309
1,1,0.98977154
0,0,0.034435265
0,0,0.004238809
0,0,0.04439888
1,1,0.999998
0,0,0.10934436
0,0,0.008390608
0,0,0.018098086
0,0,0.07122034
0,0,0.0032337555
0,0,0.010223283
0,0,0.06350753
0,0,0.013820253
0,0,0.2500059
0,0,0.0019801822
1,1,0.9999988
0,1,0.5300659
0,0,0.17944612
0,0,0.117190115
0,0,0.0023286983
0,0,0.0042441213
1,0,0.45032388
0,0,0.0039244317
0,0,0.0018988639
0,0,0.17761323
0,0,0.07395887
0,0,0.014924818
1,0,0.10616907
1,1,0.53418475
0,0,0.04213465
0,0,0.040451434
0,0,0.020477558
0,0,0.028312758
0,0,0.20776181
1,1,0.9999987
1,1,0.9999968
1,1,0.68150467
1,1,0.9820778
0,0,0.0013769252
0,0,0.23774673
0,0,0.27460012
0,0,0.13225509
0,0,0.045038436
0,0,0.0047709094
0,0,0.010517572
0,0,0.018438341
0,0,0.05442324
0,0,0.0006499878
0,0,0.025868783
0,0,0.020441229
0,0,0.0028399604
1,1,0.9999976
0,0,0.0031805027
0,0,0.024124837
0,0,0.12498665
0,0,0.043117054
0,0,0.050287995
0,0,0.07390799
0,0,0.22545616
0,0,0.038702555
0,0,0.06817502
0,0,0.013223189
0,0,0.13879943
0,0,0.27006716
0,0,0.011104766
0,0,0.06535179
0,0,0.30091
0,0,0.013235133
0,0,0.0050050956
1,1,0.9999987
0,0,0.3900317
0,0,0.022955788
0,0,0.012911925
0,0,0.16127147
0,0,0.04542534
0,0,0.011276659
1,1,0.9426436
0,0,0.018107435
0,0,0.08564382
0,0,0.05652531
0,0,0.013230446
0,0,0.0009123868
0,0,0.060874432
1,1,0.97476983
0,0,0.034872003
0,0,0.02011979
0,0,0.054436013
0,0,0.007475481
0,0,0.0061353086
0,0,0.3553494
0,0,0.39951727
0,0,0.046262246
0,0,0.01575174
0,0,0.47257474
0,0,0.008809157
1,1,0.9999988
0,0,0.0068950267
0,0,0.025153486
0,0,0.00047789508
0,0,0.0007464763
1,1,0.9999988
0,0,0.0028381152
0,0,0.19077052
0,0,0.011691329
0,0,0.06520452
1,1,0.99999833
0,0,0.034041155
1,1,0.99999785
1,1,0.98902225
0,0,0.13607924
0,0,0.45264283
0,0,0.42513788
0,0,0.024969067
0,0,0.005612939
0,0,0.05116754
0,0,0.057806287
0,0,0.020793758
0,0,0.04427312
1,1,0.9999976
0,0,0.022937432
0,0,0.0027694744
0,0,0.00021916853
0,0,0.022298278
0,0,0.07095443
0,0,0.005675217
1,1,0.99999833
1,1,0.9999144
0,0,0.0032010088
0,0,0.04960589
1,1,0.99999845
0,0,0.008446997
0,0,0.029303279
0,0,0.103329815
0,1,0.58571476
0,0,0.47098222
0,0,0.15727527
0,0,0.012549813
0,0,0.028851649
0,0,0.11238485
0,0,0.010978526
0,0,0.01432667
1,1,0.9827056
0,0,0.0058440566
0,0,0.18076524
0,0,0.04484439
0,0,0.117183134
0,0,0.006625764
0,0,0.007467041
0,0,0.011339331
0,0,0.13856238
0,0,0.15745
0,0,0.045162108
0,0,0.08339332
1,1,0.9999976
0,0,0.0027007523
1,0,0.079909205
0,0,0.13069053
0,0,0.06443313
0,0,0.01139707
0,0,0.011725649
0,0,0.031417817
0,0,0.013008148
1,1,0.94221354
1,1,0.95275366
0,0,0.15543708
0,1,0.5767989
0,0,0.10664972
0,0,0.049388587
0,0,0.09292593
1,1,0.61761045
1,1,0.99997354
0,0,0.35367072
0,0,0.04581481
0,0,0.04695513
0,0,0.034236297
1,1,0.72254395
0,0,0.0015124141
0,0,0.036332116
1,1,0.9999988
1,1,0.9999988
0,0,0.2944526
0,0,0.00573129
0,0,0.051024903
0,0,0.14747009
0,0,0.04129723
0,0,0.055420622
1,1,0.92458713
0,0,0.01034604
0,0,0.0045873835
0,0,0.012586591
0,0,0.049513917
0,0,0.021954274
0,0,0.008230585
0,0,0.035712477
0,0,0.022991601
1,1,0.99998796
0,0,0.01282259
0,0,0.011752401
0,0,0.027766515
0,0,0.004293525
0,0,0.06716492
0,0,0.025072642
0,0,0.00895457
1,0,0.47257474
0,0,0.07497861
1,1,0.999998
1,0,0.4872676
0,0,0.0065569836
0,0,0.01437793
0,0,0.021889387
0,0,0.071655564
0,0,0.002135585
1,1,0.9887453
0,0,0.054828364
0,0,0.13812931
0,0,0.39175218
0,0,0.008093753
0,0,0.22729452
1,1,0.99999785
0,0,0.05123679
0,0,0.034583878
0,0,0.00022171509
0,0,0.008909025
0,0,0.07015101
0,0,0.04286728
1,1,0.99999785
0,0,0.289552
0,0,0.0077051204
1,1,0.9999976
1,1,0.99999833
0,0,0.028075581
0,0,0.12760004
1,1,0.9994628
0,0,0.009768172
0,0,0.016938463
0,0,0.4507765
0,0,0.012686851
1,1,0.56905884
0,0,0.006642714
0,0,0.0008914027
0,0,0.014408254
0,0,0.00091933686
0,0,0.29479438
1,1,0.99999785
0,0,0.0069053974
0,0,0.020952905
0,0,0.00062811497
0,0,0.083501585
1,1,0.99999285
0,0,0.24548867
0,0,0.048818007
0,0,0.051607355
1,1,0.99999785
0,0,0.10414141
1,1,0.999998
0,0,0.092703216
0,0,0.07853222
0,0,0.036255736
1,1,0.9999987
0,0,0.4685477
0,0,0.0012973215
0,0,0.03219318
0,0,0.40958855
1,1,0.97060037
0,0,0.040575873
0,0,0.030667366
0,0,0.1465763
0,0,0.009830524
0,0,0.30637228
0,0,0.0137195
0,0,0.019542012
0,0,0.018055957
0,0,0.028930547
0,0,0.052704047
0,0,0.019700637
0,0,0.040487297
0,0,0.10275836
1,1,0.99999833
1,1,0.9976418
0,0,0.28234452
0,0,0.0033509475
0,0,0.07581809
0,0,0.034801476
0,0,0.03310944
0,0,0.016030727
1,1,0.9999987
0,0,0.0048164353
0,0,0.2390745
0,0,0.00013209865
0,0,0.07016583
0,0,0.011186646
0,0,0.030549375
1,0,0.15595056
1,0,0.03178058
1,1,0.95393234
0,0,0.010883662
0,0,0.0037691076
0,0,0.081640154
0,0,0.0003312265
0,0,0.13090532
0,0,0.017632278
0,0,0.010240436
0,0,0.04694054
0,0,0.0021765365
0,0,0.06911196
0,0,0.08613049
0,0,0.012313904
0,0,0.027276551
1,1,0.999998
1,1,0.99999833
0,0,0.027268298
0,0,0.10751933
0,0,0.038374174
0,0,0.058250908
0,0,0.013424673
1,1,0.99067456
0,0,0.36184576
0,0,0.014870835
0,0,0.0032105031
0,0,0.0040457635
0,0,0.027107198
1,1,0.5868725
0,0,0.041128155
0,0,0.100931466
1,1,0.9999976
0,0,0.009592454
0,0,9.598793e-05
1,0,0.32959443
0,0,0.0005385438
1,0,0.42299318
0,1,0.62955326
0,0,0.017091123
0,0,0.18784913
0,0,0.0059738085
0,0,0.00016741137
0,0,0.012156695
0,0,0.009721821
0,0,0.012602465
0,0,0.0054271594
0,0,0.012395437
1,1,0.58728284
0,0,0.14169633
1,0,0.10025695
1,1,0.99999845
0,0,0.00031367835
0,0,0.013235133
0,0,0.04356393
0,0,0.0423414
0,0,0.01198304
1,1,0.9999988
1,1,0.9810852
1,1,0.6895064
0,0,0.2850694
0,0,0.069919854
0,0,0.059307873
0,0,0.023591852
1,1,0.5171017
1,1,0.99999833
1,1,0.9913373
0,0,0.0012741515
0,0,0.00013372774
0,0,0.0038719818
0,0,0.00417383
0,0,0.017340885
0,0,0.007952069
0,0,0.013544885
0,0,0.005924416
0,0,0.019051792
0,0,0.010360957
0,0,0.0049335286
0,0,0.003569125
1,1,0.999998
0,0,0.0028287973
0,0,0.11640845
0,0,0.0034733105
0,0,0.04607252
0,0,0.061620887
0,0,0.098214135
0,0,0.005595589
0,0,0.07935662
0,0,0.46184912
1,1,0.8754998
0,0,0.07886755
0,0,0.03155786
0,0,0.05142435
0,0,0.055972934
0,0,0.056112014
0,0,0.029653212
0,0,0.06442417
0,0,0.027014326
0,1,0.59409815
1,1,0.984318
0,0,0.020685818
0,0,0.028147567
0,0,0.02819874
0,0,0.152795
0,0,0.015441275
0,0,9.18589e-05
0,0,0.06035937
0,0,0.096121304
0,1,0.5407369
0,0,0.008210645
0,0,0.050736304
0,0,0.04229505
0,0,0.0532025
0,0,0.03834151
1,1,0.9999988
0,0,0.0032386496
1,0,0.19098967
0,0,0.0075200843
1,1,0.99999845
0,0,0.13800605
0,0,0.0074610147
0,0,0.1103218
0,0,0.45576206
1,1,0.9616374
1,1,0.5074245
0,0,0.00023216383
0,0,0.019593768
0,0,0.009913567
0,0,0.06584146
0,0,0.45053273
0,0,0.09624412
0,0,0.13302952
1,1,0.99999833
0,0,0.0009967525
0,0,0.01046999
1,1,0.9894132
0,0,0.030952826
1,1,0.99999833
0,0,0.25747332
0,0,0.009006182
0,0,0.0037011271
1,1,0.99999774
0,0,0.009423867
0,0,0.15968263
0,0,0.14521617
0,0,0.04583043
0,0,0.10005518
0,0,0.0007218104
0,0,0.04211176
0,0,0.04946108
1,1,0.9999981
0,0,0.10651986
0,0,0.033128314
0,0,0.01282259
0,0,0.042663597
0,0,0.095693335
1,1,0.9999119
0,0,0.021518862
0,0,0.007720514
0,0,0.018471722
0,0,0.03994311
0,0,0.011409816
0,0,3.4400902e-05
0,0,0.006786219
0,0,0.310626
0,0,0.0046660993
0,0,0.27671432
0,0,0.057555493
0,0,0.0068288627
0,0,0.0095950905
0,0,0.026236888
0,0,0.02835527
1,1,0.99999833
0,0,0.022405641
0,0,0.01391436
0,0,0.24945952
0,0,3.3669792e-05
0,0,0.02130521
0,0,0.009001255
0,0,0.029624179
0,0,0.20124017
0,0,0.016119942
0,0,0.035188474
0,0,0.029039798
0,0,0.053833455
0,0,0.084923536
0,0,0.0441043
0,0,0.05468746
1,1,0.99999785
0,0,0.003680367
0,0,0.114351235
0,0,0.0003490542
0,0,0.04575468
0,0,0.06791812
0,0,0.10464639
0,0,0.00084661087
0,0,0.033498533
0,0,0.047767736
0,0,0.0005555607
1,1,0.99997807
0,0,0.019554622
0,0,0.00013372774
0,0,0.010601673
0,0,0.08505415
0,0,0.15902281
0,0,0.014478282
0,0,0.049125373
0,0,0.023164198
0,0,0.21895707
0,0,0.022025079
0,0,0.0032009934
0,0,0.0076476578
0,0,0.46007952
0,0,0.013300863
0,0,0.015055903
0,0,0.063785195
1,1,0.9999989
1,1,0.99999833
0,0,0.006244398
0,0,0.119755246
0,0,0.31383598
0,0,0.0048336308
0,0,0.00034467436
1,1,0.9110986
0,0,0.022641622
0,0,0.033080257
0,0,0.019824412
0,0,0.0071161
0,0,0.0016524311
0,0,0.015639663
0,0,0.4202214
0,0,0.02000662
0,0,0.021110676
0,0,0.37240636
0,0,0.2145365
0,0,2.1869155e-05
0,0,0.0062267603
1,1,0.99999774
0,0,0.049910847
1,1,0.9999987
0,0,0.10522744
0,0,0.056278903
0,0,0.01821071
0,0,0.046996377
0,0,0.09940411
0,0,0.059871156
1,1,0.8490524
0,0,0.015670238
0,0,0.017523048
1,1,0.9897125
0,0,0.0064229006
0,0,0.40958855
0,0,0.052246
0,0,0.0027148603
1,1,0.99999833
0,0,0.009414435
0,0,0.0014100039
0,0,0.017647546
0,0,0.0001233734
0,0,0.012754173
0,0,0.01788594
0,0,0.04094239
0,0,0.0003204678
0,0,0.012413364
0,0,0.026630718
0,0,0.016945483
0,0,0.012152407
0,0,0.0051453123
0,0,0.03472196
0,0,0.11324461
1,1,0.99999833
1,1,0.9999976
0,0,0.0071214256
0,1,0.70725477
0,0,0.003317967
0,0,0.42426154
0,0,0.017647546
0,0,0.0065975175
0,0,0.039365802
0,0,0.15962783
0,0,0.40599072
0,0,0.08631067
0,0,0.029812107
0,0,0.33394253
0,0,0.071978204
0,0,0.022438312
0,0,0.059255145
0,0,0.019667761
1,1,0.8928786
0,0,0.013540376
0,0,0.04689488
0,0,0.1337341
1,1,0.8418336
0,0,0.06484535
0,0,0.117050104
0,0,0.17717923
0,1,0.53056335
1,1,0.9999976
0,0,0.0056677414
1,1,0.9999976
0,0,0.14478768
0,0,0.07526684
1,1,0.9814734
0,0,0.0031684677
0,0,0.22194767
1,1,0.99999857
0,0,0.040044975
0,0,0.16805047
0,0,0.101560354
0,0,0.48914707
0,0,0.26413217
0,0,0.0842409
0,0,0.043275356
0,0,0.09784745
0,0,0.3140634
0,0,0.1396462
0,0,0.024692165
0,0,0.029452866
0,0,0.0026102532
0,0,0.02855482
0,0,0.0020051235
0,0,0.0067332885
0,0,0.09785212
1,1,0.99999774
0,0,0.0681284
0,0,0.15821426
0,0,0.0003273823
0,0,0.038158983
0,0,0.016382366
1,1,0.9999976
0,0,0.014034855
0,0,0.0034789944
1,1,0.9999932
0,0,0.0056807953
0,0,0.0023512433
0,0,0.03244894
0,0,0.0025767635
0,0,0.018042713
0,0,0.018519798
0,0,3.1475905e-05
0,0,0.23681262
0,0,0.03907189
0,0,0.014954923
1,1,0.9785669
0,0,0.013063842
0,0,0.09328406
0,0,0.062599525
0,0,0.448865
0,0,0.00021029693
0,0,0.0018198643
1,1,0.99999154
0,0,0.0032973064
0,0,0.08284024
0,0,0.008729447
1,1,0.9999988
0,0,0.026042623
0,0,0.13889284
0,0,0.05303448
1,1,0.9950812
0,0,0.009095621
0,0,0.013328271
0,0,0.023636961
0,0,0.07769543
0,0,0.0034132705
0,0,0.014741109
0,0,0.062062647
0,0,0.03192227
1,1,0.8357553
1,1,0.99999833
1,0,0.41350317
0,0,0.07688314
0,0,0.3289886
1,1,0.9999988
0,0,0.11744513
0,0,0.12781851
0,0,0.08897621
0,0,0.007321572
0,0,0.14151447
0,0,0.0068012765
0,0,0.123943776
0,0,0.47037482
0,0,0.3422844
0,0,0.000683981
0,0,0.010910208
0,0,0.24562953
0,0,0.035560366
1,0,0.16652443
1,1,0.9999987
0,0,0.009717067
0,0,0.0027019135
0,0,0.063396856
0,0,0.00534226
0,0,0.0062688063
0,0,0.025522768
0,0,0.10474933
0,0,0.0038018513
0,0,0.039793137
0,0,0.0022689386
0,0,0.100931466
0,0,0.00022349776
0,0,0.13285647
1,1,0.99998593
0,0,0.01331752
0,0,0.16585128
0,0,0.038130037
0,0,0.006798559
1,1,0.9999987
0,0,0.0654668
0,0,0.29280454
0,0,0.07409504
0,0,0.071808085
0,0,0.011994596
0,0,0.0012978746
0,0,0.28967938
0,0,0.06968303
1,1,0.9936325
0,0,0.20773622
0,0,0.012464882
1,1,0.9985153
0,0,0.01432667
0,0,0.021693204
0,0,0.017628577
0,0,0.016529517
0,0,0.00075232337
0,0,0.01096833
0,0,0.0005296976
0,0,0.007787748
0,0,0.2864942
0,0,0.0674351
0,0,0.007402352
0,0,0.17112082
0,0,0.017964704
0,0,0.04543059
0,0,0.3029801
0,0,0.0021852218
1,1,0.9894155
0,0,0.032721914
0,0,0.023357594
0,0,0.005049564
0,0,0.0021142594
0,0,0.023320742
0,0,0.007674836
0,0,0.21660562
0,0,0.048404355
0,0,0.0022292603
0,0,0.02824833
0,0,0.024286179
0,0,0.021827614
1,1,0.99999833
0,0,0.008794796
0,0,0.016505266
0,0,0.011634912
0,0,0.15224023
0,0,0.0018918179
0,0,0.03275774
1,0,0.36759496
0,0,0.035828386
0,0,0.047194395
0,0,0.050024264
1,1,0.99999857
0,0,0.177184
0,0,0.0016218611
1,1,0.99999845
1,0,0.08282365
0,0,0.109015055
0,0,0.014478378
0,0,0.029037967
0,0,0.010372502
1,1,0.9991491
1,1,0.99999833
0,0,0.03747706
1,1,0.96398234
0,0,0.00020756462
0,0,0.0036439884
0,0,0.30311483
1,1,0.92653304
0,0,0.009463937
0,0,0.19653286
0,0,0.33792362
1,1,0.633024
0,0,0.0006710165
1,1,0.9999976
0,0,0.1107324
0,0,0.13126637
0,0,0.0040219068
0,0,0.0057737036
0,0,0.02402133
1,0,0.4018331
0,0,0.0028974516
0,0,0.06746482
0,0,0.009327079
0,0,0.005672785
0,0,0.11721489
0,0,0.009520791
0,0,0.009908125
0,0,0.065347716
0,0,0.033493336
0,0,0.051842302
0,0,0.021597007
0,0,0.008416392
0,0,0.22004734
0,0,0.00743928
1,0,0.4029922
0,0,0.041408457
1,1,0.9167149
0,0,0.00011492033
0,0,0.014862503
0,0,0.006116288
1,1,0.6160845
0,0,0.039867833
0,0,0.003823601
0,0,0.016858984
1,1,0.9999968
0,0,0.33179379
0,0,0.03975024
0,0,0.30734375
0,0,0.02557823
0,0,0.04079733
0,0,0.35789764
0,0,0.045775376
0,0,0.0130520305
1,0,0.4297409
0,0,0.008893642
1,1,0.6054952
0,0,0.03156122
0,0,0.10971912
0,0,0.17736916
0,0,0.051436108
0,0,0.005560773
0,0,0.47257474
0,0,0.039791632
0,0,0.01086652
0,0,0.03199749
0,0,0.0038018513
0,0,0.014319649
0,0,0.01626122
0,0,0.12164032
0,0,0.37240636
0,0,0.03010617
0,0,0.007738148
1,1,0.9937354
0,0,0.0018121344
1,1,0.999998
0,0,0.0015286243
0,0,0.08929082
0,0,0.11022467
0,0,0.017564883
0,0,0.01828451
0,0,0.30907393
0,0,0.12255349
0,0,0.0061873025
0,0,0.023760261
0,0,0.20023844
0,0,0.032615215
0,0,0.0005407069
0,0,0.010167522
0,0,0.031597707
0,0,0.018435696
0,0,0.00760961
0,0,0.017474778
1,1,0.99999833
0,0,0.47440356
0,0,0.055337384
0,0,0.011425317
0,0,0.09810997
0,0,0.070680544
0,0,0.021491809
1,1,0.99999833
0,0,0.035890914
0,0,0.13784596
0,0,0.003461046
0,0,0.038292266
0,0,0.013820253
1,1,0.99999785
0,0,0.45394304
0,1,0.8394961
1,0,0.25102058
0,0,0.032918528
0,0,0.029684158
0,0,0.020849869
0,0,0.024504405
1,1,0.9999987
0,0,0.0013998615
0,0,0.0290542
0,0,0.010245647
0,0,0.008167772
0,0,0.019126138
0,0,0.012958184
0,0,0.09219053
0,0,0.071019165
0,0,0.17527397
0,0,0.0107799955
0,0,0.3900317
0,0,0.00860494
0,0,0.03163603
0,0,0.15695514
0,0,0.099881634
1,1,0.99999833
1,1,0.8835051
0,0,0.058313496
0,0,0.018517237
0,0,0.04229704
1,1,0.986225
0,0,0.03553287
0,0,0.00027256022
0,0,0.085879974
0,0,1.967456e-05
1,1,0.99998105
0,0,0.008051603
1,1,0.999998
0,0,0.0044118324
0,0,0.026006224
0,0,0.1171548
1,1,0.9999987
0,0,0.0019019798
0,0,0.07282293
0,0,0.04343081
0,0,0.007215056
0,0,0.0059629846
0,0,0.024143722
0,0,0.03688514
0,0,0.009381461
0,0,0.05825956
0,0,0.06790055
0,0,0.12609345
0,0,0.0013322738
0,0,0.078156136
0,0,0.000158727
0,0,0.013292849
0,0,0.015216713
0,0,0.016955066
0,0,0.01043323
0,0,0.027308144
0,0,0.08033404
0,0,0.07705813
0,0,0.17470674
0,0,0.006059848
0,0,0.01519579
0,0,0.027743664
0,0,0.047308136
0,0,0.027584355
0,0,0.04851748
0,0,0.03651241
1,1,0.9999976
0,0,6.5769615e-05
1,1,0.99996996
0,0,0.013096232
1,1,0.9999372
0,0,0.071468845
0,0,0.065432355
0,0,0.030015355
0,0,0.009725036
1,1,0.9999987
0,0,0.059422534
0,0,0.12383104
0,0,0.011725367
0,0,0.28411716
0,0,0.032215808
0,0,0.013289085
0,0,0.0044927546
0,0,0.010611887
0,0,9.406737e-05
0,0,0.00056559476
1,0,0.30005616
0,0,0.04370482
0,0,0.03128401
0,0,0.3422844
0,0,0.041103162
0,0,0.017353086
0,0,0.051432703
0,0,0.1300722
0,0,0.0033297166
0,0,0.018059617
0,0,0.040143076
0,0,0.0038112376
0,0,0.056081463
0,0,0.007802607
0,0,0.08983621
0,0,0.022734987
0,0,0.0025705954
0,0,0.012459196
0,0,0.0016587165
0,0,0.0994141
1,1,0.99999714
0,0,0.011513602
0,0,0.13248122
0,0,0.0120702
0,0,0.033991758
0,0,0.049774844
0,0,0.024977596
0,0,0.21272996
0,0,0.09827604
0,0,0.0013809043
0,0,0.022995913
1,1,0.7459267
0,0,0.046077456
0,0,0.33179379
1,1,0.9999988
0,0,0.21644339
0,0,0.24070522
0,0,0.0057954392
0,0,0.005879413
0,0,0.16119285
0,0,0.0099044675
0,0,0.004531896
0,0,0.0072131334
1,1,0.99999774
1,1,0.99999833
0,0,0.010718859
0,0,0.04565622
0,0,0.22123294
0,0,0.35367072
0,0,0.14754292
0,0,0.0016717885
0,0,0.0033297166
0,0,0.005052677
0,1,0.5894083
1,0,0.22981256
0,0,0.01395493
1,1,0.9999976
1,1,0.99999857
0,0,2.2138249e-05
0,0,0.01120038
0,0,0.4067614
0,0,0.11316805
1,1,0.9999987
0,0,0.014402926
0,0,0.06602729
0,0,0.21547896
0,0,0.0060602156
0,0,0.011983633
0,0,0.36859915
1,1,0.9999987
0,0,0.2109675
0,0,0.022839023
0,0,0.011572687
0,0,0.2420173
0,0,0.059060555
1,1,0.9999988
0,0,0.023857402
0,0,0.017641133
1,0,0.07193279
0,0,0.012370559
0,0,0.24345386
0,0,0.029285239
0,0,0.0105544515
0,0,0.019807426
0,0,0.11516655
0,0,0.022225577
0,0,0.0885253
0,0,0.09762007
0,0,0.014195588
0,0,0.011496227
0,0,0.005284774
0,0,0.04147741
1,1,0.999998
0,0,0.011512571
0,0,0.056413088
0,0,0.015994716
0,0,0.0134666655
0,0,0.004941787
0,0,0.35757107
0,0,0.27458286
0,0,0.06901177
0,0,0.009470904
0,0,0.03406809
0,0,0.44422325
0,0,0.005729994
0,0,0.0043874537
1,1,0.99998367
0,0,0.0004752279
0,0,0.28502893
0,0,0.102803804
0,0,0.001981104
0,0,0.024862425
0,0,0.02952332
1,1,0.851957
0,0,0.06823101
0,0,0.00030728543
0,0,0.00046619834
0,0,0.05677255
0,0,0.015278402
0,0,0.009467335
0,0,0.016672527
0,0,0.046906814
0,0,0.03252085
0,0,0.00491573
1,1,0.99999833
0,0,0.25240943
0,0,0.0046264143
0,0,0.00043219927
0,0,0.004118876
0,0,0.10749625
0,0,0.007705361
0,0,0.13439457
0,0,0.050075028
1,1,0.98482776
0,0,0.033880018
1,0,0.4711128
1,1,0.9999976
0,0,0.012087681
0,0,0.016733197
0,0,0.034386743
0,0,0.005793596
0,0,0.015583625
1,1,0.9999987
0,0,0.029301487
0,0,0.00031087
0,0,0.23012446
0,0,0.13556932
1,1,0.9999976
0,0,0.0052295807
0,0,0.06754869
0,0,0.0009657232
1,1,0.9999976
0,0,0.0034516219
1,0,0.3477159
0,0,0.000707957
1,0,0.065681845
0,0,0.43915918
1,0,0.17664577
0,0,0.006423874
0,0,0.01013841
0,0,0.039675795
0,0,0.013106133
0,0,0.45649323
0,0,0.034710974
0,0,0.10556289
0,0,0.01391436
0,0,0.07620505
0,0,0.003931004
0,0,0.054420758
0,0,0.0030980692
0,0,0.024915364
0,0,0.0834823
0,0,0.0061376938
0,0,0.002588809
0,0,0.0034899535
0,0,0.001183989
1,1,0.8446375
0,0,0.08162416
1,1,0.9999976
0,0,0.0069513055
1,1,0.9996741
0,0,0.0038228075
0,0,0.017052013
0,0,0.40367943
0,0,0.0019252533
0,0,0.030130262
0,0,0.19239922
0,0,0.00020752444
0,0,0.003717851
0,0,0.3502341
0,0,0.07659688
0,0,0.00022665471
0,0,0.028124254
0,0,0.123213276
0,0,0.0022156653
0,0,0.026976613
0,1,0.57186407
0,0,0.0011449727
0,0,0.034449663
0,0,0.022120306
1,1,0.9999987
0,0,0.0028655557
0,0,0.015099913
0,0,0.008091984
0,0,0.4785157
0,0,0.06454187
0,0,0.00041603536
0,0,0.04988484
0,0,0.07648856
0,0,0.029789805
1,1,0.9957373
0,0,0.028335394
0,0,0.0066062645
0,0,0.00045742406
1,1,0.9999987
0,0,0.03554627
0,0,3.9670205e-05
0,0,0.008145832
0,0,0.031787757
0,0,0.0026869834
0,0,0.09919774
0,0,0.007878261
0,0,0.12561865
1,1,0.9999976
0,0,0.016561672
0,0,0.016243542
0,0,0.008294261
0,0,0.0074916384
0,0,0.010800134
0,0,0.37069348
1,1,0.85354096
0,0,0.12453647
0,0,0.014979436
0,0,0.043119512
0,0,0.011104766
0,0,0.05103071
0,0,0.011059094
0,0,0.025472889
0,0,0.02939324
0,0,0.061385043
0,0,0.027471168
0,0,0.16124013
0,0,0.07044961
1,1,0.92348105
0,0,0.08258804
0,0,0.013432419
0,0,0.02250579
0,0,0.023700193
0,0,0.0005616631
0,0,0.0033966121
0,0,0.0011544719
1,0,0.311446
0,0,0.0634028
0,0,0.00054162013
0,0,0.0038251958
0,0,0.07140731
1,1,0.9999207
0,0,0.118506625
0,0,0.061084483
0,0,0.33394253
0,0,0.00652572
0,0,0.14455163
0,0,0.013673012
0,0,0.034303654
0,0,0.20236775
0,0,0.0029540001
0,0,0.068538085
0,0,0.15495755
0,0,0.019755805
0,0,0.0019631893
1,0,0.44809753
0,0,0.005749592
0,0,0.024684772
0,0,0.05204888
0,0,0.021472404
0,0,0.00093228865
0,0,0.06780388
0,0,0.06199453
0,0,0.015033003
0,0,0.14644004
0,0,0.023164732
0,0,0.04605157
0,0,0.053951424
1,1,0.7037738
1,1,0.99999344
0,0,0.052315403
1,1,0.99998677
0,0,0.05020138
0,0,0.014047121
0,0,0.23537709
0,0,0.18227346
1,1,0.99999845
0,0,0.09007779
0,0,0.075607404
0,0,0.050153702
0,0,0.03040502
0,0,0.0005506762
1,1,0.9999976
0,0,0.008279127
0,0,0.011848703
0,0,0.026369477
1,1,0.9999831
0,0,0.15295874
0,0,0.017935166
0,0,0.040332507
0,0,0.044069894
0,0,0.18544927
0,0,0.002190412
0,0,0.047348037
0,0,0.026112814
1,1,0.9999976
0,0,0.0135612115
0,0,0.13055755
0,0,0.1640625
0,0,0.04051884
0,0,0.019121246
1,0,0.16294646
0,0,0.06479848
0,0,0.15244411
0,0,0.053067036
0,0,0.14133511
0,0,0.046463016
0,0,0.11386129
1,1,0.9999988
0,0,0.25193056
1,1,0.9934016
0,0,0.009307466
1,1,0.99999833
0,0,0.0023782197
1,0,0.38150048
0,0,0.07109591
0,0,0.04239859
1,1,0.99999774
0,0,0.016961457
0,0,0.0541017
0,0,0.028997945
1,1,0.9999987
0,0,0.0062783067
0,0,0.024221135
0,0,0.014484373
0,0,0.00066619576
0,0,0.027665313
0,0,0.035890914
1,1,0.99999774
0,0,0.009554769
0,0,0.0067909323
1,1,0.9999987
0,0,0.073861
0,0,0.083219975
0,0,0.039748725
1,1,0.9999988
0,0,0.042023286
1,1,0.99687743
1,1,0.99580187
0,0,0.3056489
0,0,0.34469807
0,0,0.009788178
0,0,0.013248929
0,0,0.4514447
1,1,0.9999968
1,1,0.99999833
1,0,0.36690965
0,0,0.069504455
0,0,0.028192593
0,0,0.026110439
1,1,0.9061598
1,1,0.99999785
0,0,0.042969324
0,0,0.030485583
1,0,0.20740448
1,1,0.9999976
0,0,0.097832926
0,0,0.040879298
1,1,0.99999774
1,1,0.99035794
0,0,0.015757205
1,0,0.24348427
0,0,0.012245519
0,0,0.010411026
0,0,0.0039548287
0,0,0.016214263
0,0,0.024640348
0,0,0.06008154
0,0,0.02942102
1,1,0.5930271
0,0,0.022799375
0,0,0.0009440221
0,0,0.046396885
0,0,0.013508071
0,0,0.01591745
0,0,0.19682264
1,1,0.99999833
0,0,0.26193553
0,0,0.009215581
1,1,0.50035733
0,0,0.072358824
1,1,0.9999976
1,0,0.14226125
0,0,0.020658763
0,0,0.008160242
0,0,0.0049477043
0,0,0.027581163
1,0,0.2997222
0,0,0.0042441213
0,0,0.089539856
0,0,0.0020248205
0,0,0.00010291736
0,0,0.079730846
0,0,0.08870927
0,0,0.011031561
0,0,0.014137746
0,0,0.022518948
0,0,0.04060887
0,0,0.016642934
1,1,0.80099505
0,0,0.032564476
0,0,0.05116754
0,0,0.006388732
0,0,0.033684358
0,0,0.003810624
0,0,0.0450185
0,0,0.037135124
0,0,0.016606886
0,0,0.15695228
0,1,0.60587436
0,0,0.0025312642
0,0,0.053162172
1,1,0.9042508
0,0,0.04429657
0,0,0.048099305
0,0,0.2997222
0,0,0.05057186
0,0,0.26206362
0,0,0.32855493
0,0,0.03589735
0,0,0.0045536943
1,1,0.8240546
0,0,0.08678466
0,0,0.0035491432
1,1,0.7456528
0,0,0.011773397
0,0,0.026834168
1,1,0.99999833
0,0,0.059926916
0,0,0.04869954
0,0,0.013223344
0,0,0.045152623
0,0,0.0027302578
0,0,0.11723711
0,0,2.9809536e-05
1,1,0.9913373
0,0,0.021479638
1,1,0.99994075
0,0,0.021221124
0,0,0.31077647
0,0,0.0025706163
0,0,0.2441393
0,0,0.007223751
0,0,0.095734306
1,1,0.9740369
0,0,0.008463823
0,0,0.0441043
1,1,0.99999833
0,0,0.0155303655
0,0,0.019495822
0,0,0.021639159
0,0,0.022391368
0,0,0.032220736
0,0,0.0014559466
0,0,0.0022833918
0,0,0.015039542
0,0,0.0110467775
0,0,0.1159843
0,0,0.053600986
1,1,0.9999976
0,0,0.04764447
0,0,0.0037173193
0,0,0.07543284
0,0,0.053471398
0,0,0.022275388
0,0,0.17074275
0,0,0.04066188
0,0,0.017647546
0,0,0.17840959
0,0,0.19854774
0,0,0.009216926
1,1,0.6002537
0,1,0.688351
0,0,0.011601648
0,0,4.8311445e-05
0,0,0.005393595
0,1,0.5300659
1,1,0.99999845
0,0,0.10277165
1,1,0.9999976
0,0,0.00083985995
1,1,0.999998
0,0,0.00043192806
0,0,0.03657617
0,0,0.077747956
0,0,0.03949966
0,0,0.0028745322
0,0,0.0022254463
0,0,0.00017594476
1,1,0.8380344
0,0,0.16016768
0,0,0.02825531
1,1,0.9609327
0,0,0.051423512
0,0,0.18779956
0,0,0.022507124
0,0,0.011061686
0,0,0.20927295
1,1,0.8099437
0,0,0.004679379
0,0,0.013406907
0,0,0.1346472
0,0,0.03571764
1,1,0.9999144
0,0,0.0019843273
0,0,0.024646519
0,0,0.100428395
0,0,0.16980045
0,0,0.28608936
0,0,0.0002842964
1,1,0.9999988
1,1,0.99997914
0,0,0.03385978
0,0,0.047815267
1,1,0.99999833
0,0,0.016179562
1,1,0.99999833
0,0,0.0010512307
1,1,0.9997328
0,0,0.059018154
0,0,0.28877464
0,0,0.13969831
0,0,0.07157399
0,0,0.010785102
0,0,0.03945175
0,0,0.027789671
1,1,0.9999987
0,0,0.022429753
1,1,0.9999976
0,0,0.1918372
0,0,0.031417925
0,0,0.12127156
0,0,0.0968888
1,1,0.99999785
0,0,0.022677865
0,0,0.49383843
0,0,0.0013843126
0,0,0.0044721426
0,0,0.027550824
0,0,0.033967696
0,0,0.033099726
0,0,0.049638018
0,0,0.009345868
1,0,0.4561468
0,0,0.054420758
0,0,0.06939518
0,0,0.0028859177
1,1,0.9999988
0,0,0.4221612
0,0,0.337551
0,0,0.23012322
0,0,0.0014369772
0,0,0.40958855
0,0,0.11816187
0,0,0.029423438
0,0,0.028381301
0,0,0.005474623
0,0,0.042969394
1,1,0.99999774
0,0,0.120038
0,1,0.6914551
0,0,0.0018687086
0,0,0.035578504
0,0,0.09026595
1,1,0.9820778
0,0,0.04354481
1,1,0.99999833
0,0,0.04463948
1,1,0.9999987
0,1,0.72994566
0,0,0.004765954
0,0,0.02102313
0,0,0.04028214
0,0,0.0088792285
0,0,0.44829553
0,0,0.068034105
0,0,0.47037482
0,0,0.014657366
0,0,0.00010667841
0,0,0.22211373
0,0,0.007306062
0,0,0.02796524
0,0,0.0034205543
0,0,0.02966064
0,0,0.03265366
0,0,0.020800004
0,0,0.006743581
0,0,0.0029512208
0,0,0.04042469
0,0,0.09382431
0,0,0.08265818
0,0,0.0007534401
0,0,0.016328169
0,0,0.020734215
1,1,0.98977154
0,0,0.047618378
0,0,0.02852099
0,0,0.17794164
0,0,0.014261708
1,1,0.9999987
0,0,0.0980112
0,0,0.03321929
1,1,0.9999976
0,0,0.42729598
0,0,0.098309994
0,0,0.050222788
0,0,0.0043835873
0,0,0.066802904
0,0,0.0024822697
0,0,0.21380712
0,0,0.016004836
0,0,0.11236767
1,1,0.52713877
0,0,0.025090173
0,0,0.07752115
0,0,0.019695867
0,0,0.005820048
0,0,0.0002945345
0,0,0.0039954116
0,0,0.059866864
0,0,0.3696374
0,0,0.039396476
0,0,0.017983759
0,0,0.1992855
0,0,0.016582638
0,0,0.008275601
0,0,0.08311743
0,0,0.039025217
0,0,0.041461308
1,1,0.96907884
0,0,0.36690965
0,0,0.08589033
0,0,0.05822172
1,1,0.8242258
0,0,0.074812144
0,0,0.020847095
0,0,0.0011213388
0,0,0.20618781
1,1,0.9894132
0,0,0.09005541
0,0,0.051590495
0,0,0.2455018
0,0,0.09140432
0,0,0.33037654
0,0,0.45394304
0,0,0.025248615
0,0,0.023267057
0,0,0.0055001015
0,0,0.10875379
0,0,0.0007342551
0,0,0.03869344
0,0,0.00268121
1,1,0.98428786
0,0,0.0034061489
1,0,0.12148792
0,0,0.026068578
0,0,0.018034989
1,1,0.99999833
0,0,0.116836496
0,0,0.018088458
0,0,0.12714945
1,1,0.99999785
0,0,0.315289
0,0,0.13504928
0,0,0.07550406
0,0,0.006031544
0,0,0.020545954
0,0,0.018510617
0,0,0.36694032
0,0,0.0957214
0,0,0.008597252
0,0,0.0033059712
0,0,0.0016691483
0,0,0.19248086
0,0,0.0102105485
0,0,0.013191209
0,1,0.59230834
0,0,0.10541586
0,0,0.06193796
0,0,0.031573948
0,0,0.010713389
0,0,0.040218383
0,0,0.03859978
0,0,0.0033061046
0,0,0.018505482
0,0,0.002646538
1,1,0.99999833
0,0,0.0068686744
0,0,0.012763621
0,0,0.048548408
0,0,0.07714363
0,0,0.043147452
0,0,0.002467896
0,0,0.0049999687
1,1,0.95311344
0,0,0.086096756
1,1,0.99999833
0,0,0.007754352
0,0,0.079555556
0,0,0.035877988
0,0,0.25293514
0,0,0.0075981854
0,0,0.10342823
0,0,0.149408
0,0,0.016987922
0,0,0.0025178038
0,0,0.24819537
0,1,0.70655245
0,0,0.12882932
0,0,0.0018937187
0,0,0.10391815
0,0,0.0031108859
1,1,0.99999833
0,0,0.00420211
0,0,0.10017568
0,0,0.17732914
0,0,0.09932916
0,0,0.0063686194
0,0,0.23034732
0,0,0.41830873
0,0,0.020295372
0,0,0.017518977
0,0,0.08238622
0,0,0.053093843
0,0,0.086764306
0,0,0.28218204
0,0,0.28479937
0,0,0.16699204
0,0,0.0024427162
0,0,0.002731602
0,0,0.03010617
0,0,0.0037086848
1,1,0.9444209
0,0,0.008688651
0,0,0.0028951534
1,1,0.60363674
0,0,0.003371177
1,1,0.99832994
0,0,0.016824244
0,0,0.08220792
0,0,0.013943701
0,1,0.65452224
0,0,0.27958518
0,0,0.024469858
1,1,0.9999976
0,0,0.06501003
0,0,0.00463185
0,0,0.3701578
0,0,0.025620967
0,0,0.008048531
0,0,0.082288094
0,0,0.017992709
0,0,0.011961138
0,0,0.04031743
0,0,0.00087372935
0,0,0.0017076512
0,0,0.020477558
0,0,0.02758814
0,0,0.00019227903
0,0,0.0018831394
0,0,0.00971664
0,0,0.06464673
0,0,0.08543883
0,0,0.36571053
0,0,0.009562736
0,0,0.09618698
0,0,0.02819874
0,0,0.054446444
0,0,0.14085527
0,0,0.0056381407
0,0,0.008447779
0,0,0.011805247
0,0,0.0023436474
0,0,0.08595791
0,0,0.05323219
0,0,0.0015117358
1,1,0.9999809
0,0,0.00415387
0,0,0.0068317964
1,1,0.9897125
0,0,0.00042599524
0,0,0.37240636
0,0,0.0021003226
0,0,0.016328873
0,0,0.04049078
0,0,0.0019150986
0,0,0.025378253
0,0,0.30031514
0,0,0.17004418
0,0,0.012838504
0,0,0.033431035
0,0,0.014340528
0,0,0.029992964
0,0,0.0791985
0,0,0.015895909
0,0,0.000172183
0,0,0.04299959
0,0,0.015009221
0,0,0.10800605
0,0,0.1450422
0,0,0.28608936
0,0,0.02852801
0,0,0.0011243712
0,0,0.011874032
0,0,0.042401824
0,0,0.29479438
0,0,0.046856906
0,0,0.0039447453
0,1,0.7604294
0,0,0.13077869
0,0,0.012558312
0,1,0.50645876
0,0,0.02658846
1,1,0.99999845
0,0,0.017538654
0,0,0.36520734
0,0,0.006001943
0,0,0.37240636
1,1,0.9999976
0,1,0.8115735
0,0,0.01609123
0,0,0.057336055
0,0,0.031597707
0,0,0.0057802023
0,1,0.6148743
0,0,0.09579845
0,0,0.08788086
1,1,0.99999833
0,0,0.039045744
0,0,0.020854784
0,0,0.0019099097
0,0,0.1842474
0,0,0.058679
0,0,0.016959375
1,1,0.9999665
1,1,0.99999285
0,0,0.01602223
0,0,0.011347219
0,0,0.069090396
0,0,0.14610998
0,0,0.014531106
0,0,0.0496217
0,0,0.013457996
1,1,0.9999987
0,0,0.007914088
0,0,0.0069158897
1,1,0.98699504
0,0,0.1146022
0,0,0.17718384
0,0,0.06459215
0,0,0.007594285
0,0,0.042815648
0,0,0.0064015035
0,0,0.0047039143
0,0,0.038931824
0,0,0.03380988
0,0,0.08026826
1,1,0.9999988
0,0,0.002724121
0,0,0.067021914
1,1,0.9754615
0,0,0.085680924
0,0,0.19849
0,0,0.08827034
0,0,0.0033619422
0,0,0.0020737122
1,1,0.9999987
1,1,0.99999833
1,1,0.9999968
0,0,0.00088489335
0,0,0.32619607
0,0,0.3268953
0,0,0.21264257
0,0,0.004186953
0,0,0.09287914
0,0,0.40577397
0,0,0.036571365
0,0,0.007903387
0,0,0.14542441
0,0,0.008065436
0,0,0.027005844
0,0,0.021210492
0,0,0.076048374
0,0,0.009713075
1,1,0.99999833
0,0,0.0053043375
0,0,0.018144563
0,0,0.0025170052
0,0,0.01470525
0,0,0.0504823
0,0,0.20800593
0,0,0.008946842
0,0,0.011396705
0,0,0.027024461
0,0,0.015447772
1,0,0.22073127
0,0,0.10746821
0,0,0.031836685
0,0,0.039663333
0,0,0.17656142
0,0,0.17527397
0,0,0.06782538
0,0,0.06581601
0,0,0.05413791
0,0,0.01644627
1,1,0.9999988
0,0,0.22025056
1,1,0.863068
0,0,0.004073659
0,0,0.026359152
0,0,0.015447772
0,0,0.016980868
0,0,0.0076765576
0,0,0.13068104
0,0,0.0052892105
1,1,0.9863153
0,0,0.0053583435
1,0,0.36514655
0,0,0.00406881
0,0,0.08907511
1,1,0.9999987
0,0,0.08589525
0,0,0.001599654
0,0,0.029762214
0,0,0.36269844
0,0,0.030160757
0,0,0.0020572736
0,0,0.15504496
0,0,0.04915738
0,0,0.27671432
0,0,0.034126524
0,0,0.030013362
0,0,0.00353263
0,0,0.27671432
0,0,0.12969154
0,0,0.0023011544
0,0,0.12420228
0,0,0.00013232029
0,0,0.097798295
0,0,0.4685477
0,0,0.0016421495
0,0,0.011245902
0,0,0.0015057055
0,0,0.024885388
0,0,0.009940162
0,0,0.026982468
0,0,0.0152716795
1,1,0.99999833
0,0,0.2750593
0,0,0.12864539
0,0,0.04047476
0,0,0.18146516
0,0,0.033549167
1,1,0.9999976
0,0,0.1640179
0,0,0.004051845
0,0,0.05061053
0,0,0.002009053
0,0,0.11108585
0,0,0.05738377
0,0,0.01426252
0,1,0.5718501
0,0,0.0077266274
0,0,0.23244749
0,0,0.17919646
0,0,0.02852801
0,0,0.028207842
0,0,0.0005224317
0,1,0.64512616
0,0,0.035989705
0,0,0.2584651
0,0,0.039326135
0,0,0.008416392
0,0,0.060160737
0,0,0.053239316
0,0,0.008914619
0,0,0.0050325044
0,0,0.0077902675
0,0,0.025270933
0,0,0.015382225
0,0,0.068034105
0,0,0.002381232
0,0,0.02031081
1,0,0.17633767
1,1,0.99999845
0,0,0.014875755
0,0,0.011751499
1,1,0.99999785
0,0,0.0049817734
0,0,0.015118113
0,0,0.15882397
1,1,0.9999976
0,0,0.015228772
0,0,0.3175665
0,0,0.06786336
0,0,0.016959375
0,0,0.037184384
0,0,0.09150071
0,0,0.19048682
0,0,0.007082103
0,0,0.030699305
0,0,0.116488904
0,0,0.2997222
0,0,0.16858573
0,0,0.08243363
0,0,0.00077891693
0,0,0.036167294
0,0,0.0024938912
1,1,0.9999976
0,0,0.027265193
0,0,0.009851666
0,0,0.020279754
0,0,0.05359318
0,0,3.9846505e-05
0,0,0.010929336
0,0,0.013019283
0,0,0.003672193
1,1,0.9999987
0,0,0.19182499
0,0,0.0040457635
1,1,0.9404964
0,0,0.2157729
1,1,0.9999976
0,0,0.012063777
0,0,0.11717802
0,0,0.0004618422
0,0,0.0051560192
1,1,0.99999833
0,0,0.13794744
0,0,0.07177923
0,0,0.007674774
0,0,0.07752806
1,1,0.99999845
0,0,0.023700193
1,1,0.99999857
0,0,0.31735966
0,0,0.027550718
0,0,0.037956327
0,0,0.06507526
0,0,0.016593426
0,0,0.001063758
1,0,0.45300397
0,0,0.002676924
0,0,0.011893664
0,0,0.26003549
0,0,0.01391436
0,0,0.011245908
0,0,0.075981624
1,1,0.99999833
0,0,0.0014214003
0,0,0.014027025
0,0,0.066923246
0,0,0.06466998
0,0,0.47718707
1,1,0.99999774
0,0,0.028004466
0,0,0.020995097
0,0,0.10611103
0,0,0.00042634967
0,0,0.00037585615
0,0,0.023036636
0,0,0.013223189
1,1,0.99999356
0,0,0.07395292
0,0,0.023096772
0,0,0.0032160457
0,1,0.5204944
1,0,0.43437472
0,0,0.012314106
0,0,0.007568715
1,0,0.28411716
0,0,0.009686217
0,0,0.008199822
0,0,0.013710585
0,0,0.011722456
0,0,0.10335638
1,1,0.97155184
0,1,0.5948342
0,0,0.0072396975
0,0,0.013191209
0,0,0.02680443
1,1,0.99999833
1,0,0.34753084
0,0,0.025278281
0,0,0.07206996
0,0,0.0009718242
0,0,0.023330893
0,0,0.01270486
0,0,0.013644508
0,0,0.023885649
0,0,0.059767317
0,0,0.011185533
0,0,0.068268865
0,0,0.44786584
0,0,0.096287034
0,0,0.025797337
1,1,0.99999833
0,0,0.0057016234
0,0,0.0026189473
0,0,0.09033548
0,0,0.00066619576
0,0,0.035298113
0,0,0.0040137838
0,0,0.27531642
0,0,0.00023631216
0,0,0.029883001
0,0,0.0003762263
0,0,0.283961
0,0,0.004262934
0,0,0.023010781
0,0,0.0022033888
0,0,0.020123862
1,1,0.99999785
0,0,0.043456677
0,0,0.30855367
1,1,0.83896065
0,0,0.041517247
0,0,0.032535028
0,0,0.064576134
1,1,0.9999865
0,0,0.013550391
1,1,0.9999976
0,0,0.008144657
0,0,0.06017248
1,1,0.9999988
0,0,0.059146613
0,0,0.033226892
1,0,0.0113493325
0,0,0.04703171
0,0,7.1279195e-05
1,1,0.56298625
1,1,0.91120857
0,0,0.16740601
0,0,0.010205229
1,1,0.9958905
0,0,0.016584162
0,0,0.05005099
0,0,0.0015138455
0,0,0.00010958118
0,0,0.0062233238
0,0,9.1673115e-05
0,0,0.068396606
1,1,0.9812351
0,0,0.00061432703
0,0,0.10599574
1,1,0.952257
0,0,0.0008194674
0,0,0.03259679
0,0,0.0029042056
0,0,0.0012622692
0,0,0.009465815
0,0,0.11249956
0,0,0.009821505
1,1,0.510637
0,0,0.005008604
0,0,0.040091433
1,1,0.9999976
0,0,0.06401425
1,1,0.99999785
0,0,0.008376586
0,0,0.009232245
0,0,0.0013915024
0,0,0.038768534
0,0,0.005031001
1,1,0.99999833
0,0,0.015005161
0,0,0.29479438
0,0,0.0071628396
0,0,0.02642647
0,0,0.07088244
0,0,0.008353712
0,0,0.0700473
0,0,0.348823
0,0,0.00961806
0,0,0.37069348
0,0,0.0029207685
0,0,0.00024567285
0,0,0.0011401485
0,0,0.2591912
0,0,0.031946674
0,0,0.030117584
0,0,0.10365918
0,0,0.013873698
0,0,0.018351132
0,0,0.0014349676
1,1,0.9999981
1,0,0.46413454
0,0,0.06739352
0,0,0.19826539
0,0,0.10495317
0,0,0.050404925
0,0,0.009476792
0,0,0.11364267
1,1,0.99999833
0,0,0.041274585
0,0,0.35430482
0,0,0.066159256
0,0,0.0010907302
0,0,0.3413974
0,0,0.0037767321
0,0,0.016469186
0,0,0.12268123
0,0,0.04597755
0,0,0.0105153
0,0,0.016929977
0,0,0.13445176
0,0,0.0069679846
0,0,0.1533177
0,0,0.017794603
0,0,0.027020024
0,0,0.16476704
0,0,0.1014645
0,0,0.0038346157
0,0,0.00961707
0,0,0.024013206
0,0,0.03292747
0,0,0.05170738
0,0,0.07929942
0,0,0.30794653
0,0,0.0012860396
0,0,0.0036479188
1,1,0.9999976
0,0,0.0020946006
0,0,0.012362563
0,0,0.41484848
0,0,0.07435876
0,0,0.002120728
0,0,0.15480515
0,0,0.01939005
0,0,0.3428426
1,1,0.94908625
0,0,0.11627889
0,0,0.064517125
0,0,0.0023864838
0,0,0.08078041
0,0,0.034984373
0,0,0.016179562
0,0,0.028450396
0,0,0.2664998
0,1,0.5575776
0,0,0.011178679
0,0,0.015449083
0,1,0.5779981
0,0,0.06575827
0,0,0.015580787
0,0,0.041103162
0,0,0.16535239
0,0,0.028873079
1,1,0.9999976
0,0,0.032353833
0,0,0.0006819756
0,0,0.010926712
0,0,0.0022886666
0,0,0.041351467
0,0,0.034570538
0,0,0.09863167
0,0,0.0131225865
0,0,0.021947753
0,0,0.19063245
0,0,0.08254065
0,0,0.022485785
1,1,0.5305063
0,0,0.19157189
0,0,0.011844188
0,0,0.015220642
0,0,0.032535028
1,1,0.9999987
0,0,0.14735107
0,0,0.10220497
0,0,0.015390625
0,0,0.11030384
0,0,0.00287665
0,0,0.032773245
1,1,0.9999144
0,0,0.029699732
0,0,0.4804614
0,0,0.03736942
0,0,0.015682591
0,0,0.017444495
0,0,0.11252783
0,0,0.40958855
1,1,0.5684294
0,0,0.022806663
0,0,0.016328866
0,0,0.0440056
0,0,0.45576206
0,0,0.014564096
0,0,0.011930313
1,1,0.9999987
0,0,0.0028668724
0,0,0.031355973
0,0,0.15234968
0,0,0.058266237
0,0,0.022607626
1,1,0.94367677
0,0,0.00734005
0,0,0.025146583
0,0,0.06622419
0,0,0.35680956
0,0,0.032682516
0,0,0.020380354
0,0,0.037108976
0,0,0.038990024
1,1,0.99999833
0,0,0.020345023
0,0,0.08391705
0,0,0.00015723179
1,1,0.99999714
0,0,0.2736984
0,0,0.13880417
0,0,0.0043945494
1,1,0.9999987
0,0,0.009177151
0,0,0.37656355
0,0,0.022701079
0,0,0.0049597574
0,0,0.08214205
1,0,0.19294393
0,0,0.096479975
0,0,0.0118688075
0,0,0.0022106091
0,0,0.11513939
0,0,0.27640432
0,0,0.008947189
0,0,0.007914088
0,0,0.13324068
0,0,0.008122039
0,0,0.1254935
0,0,0.002620567
0,0,0.014196984
1,0,0.22726585
0,0,0.05647302
1,0,0.34810752
0,0,3.898268e-05
0,0,0.001962967
0,0,0.0093014315
0,0,0.034007106
0,0,0.050146453
0,0,0.0076810922
0,0,0.01316558
0,0,0.053202566
0,0,0.015596337
0,0,0.00021802013
0,0,0.0013589975
0,0,0.47037482
0,0,0.10299
0,0,4.8690894e-05
0,0,0.0072504734
0,0,0.19556989
0,0,0.051454667
1,1,0.9999968
0,0,0.0786997
0,0,0.14846301
0,0,0.11314147
0,0,0.060470536
0,0,0.00018880611
0,0,0.076668896
0,1,0.50455725
0,0,0.013546739
0,0,0.025696183
0,0,0.072923854
1,1,0.99999845
0,0,0.01232491
0,0,0.0013907704
0,0,0.44387946
1,1,0.9999987
1,1,0.96340674
0,0,0.29363045
0,0,0.15714493
1,1,0.99423087
0,0,0.07943398
0,0,0.11176089
0,0,0.17621928
0,0,0.0060878634
0,0,0.09717359
0,0,0.12227149
0,0,0.03252322
0,0,0.025093662
1,1,0.99832374
0,0,0.15783451
0,0,0.0005415655
0,0,4.602708e-05
1,1,0.99999833
0,0,0.048857257
0,0,0.11091304
1,1,0.9890196
0,0,0.16737938
0,0,0.0032709097
0,0,0.020793855
1,1,0.97289395
1,1,0.9999906
0,0,0.29479438
0,0,0.013565638
0,0,0.010822548
0,0,0.05251312
0,0,0.025878524
0,0,0.13176791
0,0,0.00196345
0,0,0.020998586
0,0,0.24730371
0,0,0.0032326258
0,0,0.0014666504
0,0,0.00023393723
0,0,0.13779569
0,0,0.2024671
1,1,0.9999968
0,0,0.083594814
0,0,0.0069170357
0,0,0.08455744
1,1,0.9999987
1,1,0.99298733
0,0,0.037309166
0,0,0.0313778
0,0,0.0034144612
0,0,0.0753185
0,0,0.115017585
0,0,0.090648904
0,0,0.0021403732
0,0,0.047503732
0,0,0.0153005775
0,0,0.042134218
0,0,0.0011858784
0,0,0.22896193
0,0,0.28464067
0,0,0.16089702
0,0,0.08215898
1,1,0.9999988
0,0,0.2836278
0,0,0.0003782189
0,0,0.031346865
0,0,0.05414538
0,0,0.004747218
0,1,0.58728284
0,0,9.598793e-05
1,1,0.99999833
0,0,0.0031900865
0,0,0.018979821
0,0,0.0011666741
0,0,0.012763621
0,0,0.011794588
0,0,0.2997222
1,0,0.20120424
1,1,0.99999833
0,0,0.0002760434
0,0,0.043872163
1,1,0.92449194
1,1,0.99999833
0,0,0.020367106
0,0,0.09641914
0,0,0.015806466
0,0,0.057402313
0,0,0.009210497
0,0,0.00047842195
0,0,0.23592333
0,0,0.08496241
0,0,0.046323616
0,0,0.0027549302
0,0,0.16121489
0,0,0.09085907
0,0,0.15003216
1,1,0.98419005
0,0,0.015888436
1,1,0.62477726
0,0,0.28026488
0,0,0.0008998725
1,1,0.99999785
0,0,0.036335327
0,0,0.0029498166
0,0,0.0023554617
1,1,0.9999968
0,0,0.051122
0,0,0.0045841336
1,1,0.99999714
0,0,0.025312698
0,0,0.017181668
0,0,0.15110193
0,0,0.37732017
0,0,0.037048344
0,0,0.002084582
0,0,0.19043016
0,0,0.0057530035
0,0,0.37955
1,1,0.9999989
0,0,0.008273206
0,0,0.025845446
0,0,0.07286037
0,0,0.017303694
0,0,0.062729344
1,1,0.63093036
0,0,0.023490928
0,0,0.0035452563
0,0,0.0161331
0,0,0.012540591
0,0,0.103270285
0,0,0.016955066
0,0,0.010374827
0,0,0.009820114
0,0,0.03235652
0,0,0.046230722
1,0,0.47257474
0,0,0.0016800994
0,0,0.017043216
0,0,0.13757169
0,0,0.055522814
1,1,0.9999069
0,0,0.007836821
0,0,0.13027242
0,0,0.004101417
0,0,0.08538136
0,0,0.009051307
0,1,0.65439284
1,1,0.9999976
0,0,0.10962709
0,0,0.015904907
0,0,0.055386208
0,0,0.073812515
0,0,0.41608813
1,1,0.9999976
0,0,0.0025481707
1,1,0.99999774
0,0,0.1888165
0,0,0.0032998633
0,0,0.11827276
1,1,0.74315214
0,0,0.045023356
0,0,0.020632427
0,0,0.042406123
0,0,0.0011666741
0,0,0.029381987
0,0,0.4049234
1,1,0.9297877
0,0,0.007175275
0,0,0.0068442477
1,1,0.99999833
0,0,1.8804129e-05
0,0,0.0028877198
0,0,0.21561375
0,0,0.031420995
0,0,0.014253802
0,0,0.0016218611
0,0,0.011917565
0,0,0.2752935
1,0,0.07678865
0,0,0.0026070173
0,0,0.047099102
0,0,0.022884028
0,0,0.00014776632
0,0,0.005037165
0,0,0.0042214165
0,0,0.009558312
0,0,0.017127922
1,1,0.5914787
0,0,0.0027394681
0,0,0.024210403
0,0,0.006573242
0,0,0.024367904
0,0,0.0076982216
0,0,0.164329
1,1,0.9999976
0,0,0.13876316
1,0,0.040588655
0,0,0.16405687
0,0,0.00617172
0,1,0.58133227
0,0,0.0078705195
1,1,0.9999981
0,0,0.0017673983
0,0,0.1762817
0,0,0.0013574576
0,0,0.018228276
0,0,3.1475905e-05
0,0,0.008556502
0,0,0.0041455785
0,0,0.45024663
0,0,8.139263e-05
0,0,0.060923357
0,0,0.0816652
0,0,0.01122111
0,0,0.029402433
0,0,0.08494219
0,0,0.22952801
0,0,0.05493458
0,0,0.13365857
0,0,0.001740542
0,0,0.013178652
0,0,0.039916396
0,0,0.022771085
0,0,0.022465818
0,0,0.03816846
0,0,0.08175352
0,0,0.017889543
0,0,0.0016290064
0,0,0.03483858
0,1,0.56027883
0,0,0.026896244
0,0,0.050323762
0,0,0.042842064
0,0,0.0067131026
0,0,0.0052604484
0,0,0.022394279
1,1,0.98995847
0,0,0.008709306
1,1,0.9999988
0,0,0.0030181017
0,0,0.081956595
0,0,0.08400323
1,1,0.99999833
1,1,0.9446767
0,0,0.024840897
0,0,0.040336236
0,0,0.28877464
0,0,0.11618414
0,0,0.38210845
1,1,0.99999833
0,0,0.08856948
0,0,0.010823027
0,0,0.008093753
1,1,0.9999988
0,0,0.06127118
1,1,0.9999988
0,0,0.0007917801
0,0,0.10311343
0,0,0.034124848
0,0,0.00034235645
0,0,0.008857987
0,0,0.020761903
0,0,0.007402352
0,0,0.0062981932
0,0,0.025534276
1,0,0.4288816
0,0,0.07067255
0,0,0.015661223
0,0,0.0008914027
0,0,2.9067414e-05
1,0,0.35795614
0,0,0.0026318429
1,1,0.98977154
0,0,0.0013768531
0,0,0.25195268
0,0,0.0032414943
0,0,0.24617514
0,0,0.030801853
0,0,0.0076367436
0,0,0.020550666
0,0,0.17165174
0,0,0.45084977
0,0,0.14620924
0,0,0.010002969
0,0,0.033695225
0,0,0.02207709
0,0,0.123920456
1,1,0.9828514
0,0,0.003893047
0,0,0.0017994437
1,1,0.9999987
0,0,0.0085229
1,1,0.99999845
0,0,0.019216254
0,0,0.0006343657
0,0,0.048515182
0,0,0.015464975
0,0,0.023824157
0,0,0.45266664
1,1,0.9865203
0,0,0.019000057
0,0,0.26635218
1,1,0.91768116
0,0,0.043849304
0,0,0.104359046
0,1,0.6150886
0,0,0.038061097
0,0,0.062017895
0,0,0.013844124
0,0,0.039380703
0,0,0.10138619
0,0,0.13608219
0,0,0.43983847
0,0,0.02732453
0,0,0.00021932971
0,0,0.0015963849
0,0,0.017845262
0,0,0.18539955
0,0,0.0022672368
0,0,0.04553386
0,0,0.028612075
0,0,0.055749524
0,0,0.004431558
0,0,0.026244221
0,0,0.04455015
0,0,0.041861817
0,0,0.021283638
0,0,0.047946576
0,0,0.0152933365
0,0,0.015432308
0,0,0.0015473887
0,1,0.67479306
0,0,0.11166701
0,0,0.017302567
0,0,0.028504875
1,1,0.99999785
0,0,0.3069068
0,0,0.00867351
0,0,0.013230446
0,0,0.011931673
0,0,0.025344979
0,0,0.031884562
0,0,0.059158064
1,1,0.99999833
1,1,0.99999833
0,0,0.0029699635
0,0,0.004210401
0,0,0.06464673
0,0,0.035133418
0,0,0.052783318
1,1,0.999998
0,0,0.04623052
0,0,0.14917754
0,0,0.4615864
0,0,0.00010105764
1,1,0.7412834
0,0,0.020546904
0,0,0.00055209623
0,0,0.0014490299
1,1,0.9999987
0,0,0.015842617
0,0,0.09151596
0,0,0.00803359
0,0,0.2997638
0,0,0.00019106569
0,0,0.009351534
0,0,0.0019328137
0,0,0.22414336
0,0,0.052697357
0,0,0.0003668061
0,0,0.17803334
0,0,0.42895484
0,0,0.0037786018
1,1,0.99999833
0,0,0.27671432
0,0,0.0068122596
0,0,0.020948686
0,0,0.02291607
1,1,0.99999857
0,0,0.4770267
0,0,0.00035045564
0,0,0.0009681687
1,1,0.9999988
0,0,0.0040658913
1,1,0.99999785
0,0,0.009508221
0,0,0.417981
0,0,0.18024504
0,0,0.009656153
0,0,0.089609325
0,0,0.07294668
0,0,0.046906814
0,0,0.0048070257
0,0,0.07113112
0,0,0.2245041
0,0,0.00396828
0,0,0.004680132
0,0,0.08380143
0,0,0.01889779
0,0,0.002667972
0,0,0.015649641
1,1,0.9399225
0,0,0.14369006
0,0,0.30516827
0,0,0.029064171
0,0,0.023789158
0,0,0.20386192
1,0,0.48931712
0,0,0.021512266
0,0,0.23009232
0,0,0.000258337
0,0,0.036491092
0,0,0.04113556
1,1,0.99999785
1,1,0.919257
0,0,0.08028077
0,0,0.120489776
0,0,0.03223256
1,1,0.58728284
0,0,0.36520734
0,0,0.2997222
0,0,0.08990896
0,0,0.45321327
1,0,0.2186112
0,0,0.0105493935
0,0,0.006083934
0,0,0.014244558
0,0,0.09578352
0,0,0.078554235
1,1,0.9999714
0,0,0.1933925
0,0,0.006535084
0,0,0.075018965
0,0,0.005473457
0,0,0.24428818
0,0,0.0095449
1,1,0.9999976
0,0,0.0965838
0,0,0.022131594
0,0,0.0001254511
0,0,0.0022683018
0,0,0.00036591865
0,0,0.008004516
0,0,0.0116782505
0,0,0.20736144
0,0,0.05080736
0,0,0.020624273
0,0,0.16151372
0,0,0.0123756165
0,0,0.012969147
0,0,5.4922835e-05
0,0,0.012739855
0,0,0.0078705195
0,0,0.00573129
1,1,0.9999988
0,0,0.005406613
0,0,0.06484425
0,0,0.0072625745
0,0,0.041055627
0,0,0.004198185
0,0,0.0026453706
0,0,0.040275857
1,1,0.93991214
0,0,0.002387735
0,0,0.08288915
0,0,0.012292655
0,0,0.08403305
0,0,0.0028239698
0,0,0.027018676
0,0,0.0031142165
1,1,0.99999833
0,0,0.110707775
0,0,0.046316903
0,0,0.010010068
0,0,0.06883
0,0,0.017516088
0,0,0.40958855
0,0,0.010573078
0,0,0.013454205
0,0,0.03269351
0,0,0.08840954
1,1,0.89401454
0,0,0.0034789944
0,0,0.006897561
0,0,0.006623046
1,1,0.9999976
0,0,0.008125777
0,0,0.006045866
0,0,0.04961383
0,0,0.0019047327
0,0,0.06858169
0,0,0.0011544719
0,0,0.04093544
1,1,0.9999987
0,0,0.04158293
0,0,0.040825833
0,0,0.007973238
0,0,0.0006623467
0,0,0.00056259247
0,0,0.08061512
0,0,0.34460592
0,0,0.018746601
0,0,0.24009286
0,0,0.0522513
0,0,0.00046315513
0,0,0.0032333282
0,0,0.10875406
0,0,0.019917186
0,0,0.15450099
1,1,0.7975548
0,0,0.04764447
1,1,0.99999774
0,0,0.013235133
0,0,0.01759157
0,0,0.01369264
0,0,0.013823385
0,0,0.031774826
1,1,0.9999976
0,0,0.1191599
0,0,0.37069348
0,0,0.012602465
0,0,0.0983667
1,1,0.8669477
0,0,0.09340307
0,0,0.00043890742
0,0,0.13658488
0,0,0.01086503
0,0,0.018501561
0,0,0.13795716
0,0,0.0055687604
0,0,0.024241554
1,0,0.2997222
0,0,0.041344028
1,1,0.59650606
0,0,0.026157191
1,1,0.87757665
0,0,0.18785928
0,0,0.03165922
0,0,0.0027268608
0,0,0.037397966
0,0,0.20437409
0,0,0.0007473154
0,0,0.06422581
0,0,0.10959852
0,0,0.13999301
0,0,0.04257298
1,1,0.9999987
1,1,0.9999976
0,0,4.563095e-05
0,0,0.041298147
0,0,0.00030576377
0,0,0.023700193
0,0,0.0021425905
0,0,0.0074272966
0,0,0.00021801182
0,0,0.1791928
0,0,0.18674257
0,0,0.008812679
0,0,0.02789868
0,0,0.0070113936
0,0,0.15577307
1,1,0.9999119
0,0,0.08054788
0,0,0.13107532
0,0,0.00022648035
0,0,0.07224676
0,0,0.03501397
1,1,0.99999833
1,1,0.9940253
1,1,0.9999988
0,0,0.007988033
0,0,0.0030588694
0,0,0.37069348
1,1,0.9999988
0,0,0.0076930844
1,1,0.7798931
0,0,0.24359328
0,0,0.06831611
0,0,0.012485066
0,0,0.008651156
1,1,0.9317196
0,0,0.0075583966
0,0,0.0007969798
1,1,0.9868145
0,0,0.0024528168
0,0,0.2591416
0,0,0.107180886
0,0,0.15064037
0,0,0.020273024
0,0,0.0020077303
0,0,3.3669792e-05
0,0,0.02999159
1,1,0.9999987
0,0,0.08334373
0,0,0.023908924
1,1,0.9999988
0,0,0.009300224
0,0,0.038917378
0,0,0.07770011
0,0,0.009320768
0,0,0.024175951
0,0,0.20387538
1,1,0.5300659
0,0,0.010740355
0,0,0.043896914
0,0,0.060335517
0,0,0.109255664
0,0,0.006944985
1,1,0.99999774
0,0,0.017716223
0,0,0.29479438
0,0,0.14349021
0,0,0.07698291
0,0,0.016822414
0,0,0.13529015
0,0,0.029776199
0,0,0.020990971
0,0,0.12219482
0,1,0.6567545
0,0,0.0058809905
0,0,0.023472536
0,0,0.005047916
0,0,0.08343729
0,0,0.06419619
0,0,0.040240236
0,0,0.053901684
0,0,0.072373234
0,0,0.028732024
0,0,0.13253014
0,0,0.17516124
0,0,0.0010260228
0,0,0.03559355
0,0,0.22048241
0,0,0.0031705406
1,1,0.99999845
0,0,0.081538826
0,0,0.07737497
0,0,0.08717729
1,1,0.6631642
0,0,0.24220082
0,0,0.025213249
0,0,0.04543059
0,0,0.08021441
0,0,0.05084155
0,0,0.007015664
0,0,0.015363445
1,1,0.99999833
0,0,0.025797337
0,0,0.42513788
0,0,0.062281642
0,0,0.00074817124
0,0,0.0023784405
0,0,0.0016148438
0,0,0.46843132
0,0,0.0076960293
0,0,0.018979186
1,1,0.8896307
0,0,0.0013493269
0,0,0.019142902
0,0,0.10203111
0,0,0.0116515
1,1,0.9999976
0,0,0.009444498
0,0,0.03629144
0,0,0.27845094
0,0,0.0017422603
0,0,0.027879205
0,0,0.041033573
0,0,0.044767026
0,0,0.027811445
0,0,0.41326344
0,0,0.14958225
0,0,0.021097427
1,1,0.99999833
0,0,0.04434066
0,0,0.010137749
0,0,0.004174524
0,0,0.007926744
0,0,0.0024126044
0,0,0.39928666
0,0,0.014740078
0,0,0.071797095
0,0,0.16055979
0,0,0.0155303655
0,0,0.19141218
0,0,0.049951002
0,0,0.03039233
0,0,0.16534029
0,0,0.0071166493
0,0,0.0916502
0,0,0.007381482
0,0,0.035088927
0,0,0.35012323
0,0,0.14916687
0,0,0.0053422246
0,0,0.12611741
0,0,0.01231293
1,1,0.8074029
0,0,0.14348653
0,0,0.18808243
0,0,0.0201367
0,0,0.17804009
0,0,0.052781746
0,0,0.0053316997
1,1,0.9999976
0,0,0.03085589
0,0,0.0010588771
1,0,0.030978441
0,0,0.023136491
0,0,0.058501143
0,0,0.0059736553
0,0,0.033278067
0,0,0.074446656
0,0,0.021753183
1,1,0.9976025
0,0,0.00088057475
0,0,0.0038978634
0,0,0.014172839
0,0,0.19212864
0,0,0.28411716
0,0,0.038174756
0,0,0.049299028
0,0,0.47999403
0,0,0.038106035
0,0,0.030289197
0,0,0.021394022
1,1,0.99999833
0,0,0.0014488201
0,0,0.089656465
0,0,0.00019826682
1,1,0.9999987
0,0,0.005657614
0,0,0.011917565
0,0,0.0013520966
1,1,0.9999207
1,1,0.9999144
0,0,0.006021775
0,1,0.6001791
0,0,0.010955298
0,0,0.24113172
0,0,0.0023458928
0,0,0.1458502
0,0,0.1686362
0,0,0.0015489336
0,0,0.48109382
0,0,0.07225123
1,1,0.9894155
0,0,0.060150016
1,1,0.80928147
0,0,0.001762044
0,0,0.016342083
0,0,0.0852009
0,0,0.0034091496
0,0,0.021947753
0,0,0.0489801
0,0,0.45264283
0,0,0.00022953386
0,0,0.028168868
0,0,0.004092574
0,0,0.01882879
0,0,0.001120845
0,0,0.0015675358
0,0,0.00023091368
0,0,0.045088522
0,0,0.0024940749
0,0,0.08752562
0,0,0.03491675
0,0,0.2997222
0,0,0.0035487216
0,0,0.16555862
0,0,0.00016482276
1,1,0.99999785
0,0,0.000858804
0,0,0.042788073
0,0,0.054714106
0,0,0.3091735
0,0,0.050615203
0,0,0.14528868
0,0,0.007914088
0,0,0.29266852
1,1,0.9999987
0,0,0.0013915024
0,0,0.060614917
0,0,0.008789135
1,0,0.032933436
0,0,0.0055061975
0,0,0.04013072
0,0,0.27671432
0,0,0.0066056014
0,0,0.10088935
0,0,0.16200635
0,1,0.71026635
1,1,0.98699504
0,0,0.010002969
0,0,0.0029737656
1,1,0.99999833
0,0,0.038538568
0,0,0.046877798
0,0,0.06842355
0,0,3.7396632e-05
1,1,0.9795211
0,0,0.005120626
1,1,0.9999976
0,0,0.10166398
0,0,0.015009221
0,0,0.025839452
0,0,0.00720772
0,0,0.014712001
1,1,0.9373174
0,0,0.110126056
0,0,0.07245095
0,0,0.0041748607
0,0,0.12295193
0,0,0.014038729
0,0,0.034433156
0,0,0.0027294606
0,0,0.031836685
0,0,0.022288768
1,1,0.9999988
1,1,0.99999833
0,0,0.062205184
0,0,0.108032234
1,1,0.9999976
1,1,0.99999833
0,0,0.12773676
0,0,0.037603483
0,0,0.27970564
0,1,0.5300659
0,0,0.36690965
0,0,0.2441393
0,0,0.023411304
0,0,0.1792618
0,0,0.042817198
0,0,0.006021775
0,0,0.07782807
1,1,0.96318805
0,0,0.010205229
0,0,0.021386616
0,0,0.060307823
0,0,0.08708024
0,0,0.02696447
1,1,0.9999987
0,0,0.015130806
0,0,0.013661044
0,0,0.051490672
0,0,0.028164072
0,0,0.014612869
0,0,0.0014641818
0,0,0.00866621
1,1,0.9999988
0,0,0.0010371445
0,0,0.0217798
0,0,0.0068636187
0,0,0.04337079
0,0,0.017719569
0,0,0.046906814
1,1,0.5534573
0,0,0.010494265
0,0,0.22697943
0,0,0.021270704
1,1,0.9999987
1,1,0.9999988
0,0,0.013067876
0,0,0.024350256
0,0,0.16284306
0,0,0.010823145
0,0,0.0057309098
1,0,0.009216979
0,0,0.0050917994
0,0,0.044635575
0,0,0.06843668
0,0,0.20070851
0,0,0.0027425417
0,0,0.05724543
0,0,0.0005638271
0,0,0.054758202
0,0,0.008256434
0,0,0.0027507872
0,0,0.034485225
0,0,0.011933337
0,0,0.019765282
0,0,0.0012963056
0,0,0.0056510433
1,1,0.9999207
0,0,0.32270417
0,1,0.51960856
1,0,0.1581258
0,0,0.033507835
0,0,0.0083201835
0,0,0.25217927
1,0,0.048394185
0,0,0.060674388
0,0,0.016119942
0,0,0.12963788
0,0,0.33179379
0,0,0.00030954243
0,0,0.0057423622
0,0,0.03509155
0,0,0.11404118
0,0,0.038192615
0,0,0.0016868487
0,0,0.0017747375
0,0,0.1383997
0,0,0.0072806915
0,0,0.47878194
0,0,0.0044870446
0,0,0.10258191
1,1,0.99999833
0,0,0.013820253
0,0,0.064479366
0,0,0.07055741
0,0,0.083079495
0,0,0.39361522
0,0,0.09046197
1,1,0.98155296
0,0,0.029313348
0,0,0.010572005
0,0,0.027511155
0,0,0.0019340503
0,0,0.05970443
0,0,0.0030913476
0,0,0.22056459
0,0,0.008799444
0,0,0.118403815
0,0,0.004714358
0,0,0.008956483
0,0,0.13977225
0,0,0.0002969336
0,0,0.014166737
0,0,0.014858952
1,1,0.9999976
0,0,0.006841205
0,0,0.35367072
0,0,0.009160092
1,1,0.9997328
0,0,0.08282466
0,0,0.0005285464
0,0,0.0039995904
0,0,0.018059617
0,0,0.02357931
0,0,0.019306004
0,0,0.00042407753
0,0,0.00064695696
0,0,0.032519933
1,1,0.99999833
0,0,0.26625657
0,0,0.024441257
0,0,0.044555556
1,1,0.5952216
0,0,0.0012535511
0,0,0.0746995
0,0,0.03953086
0,0,0.0064251767
1,1,0.99999833
0,0,0.00167464
0,0,0.001729756
0,0,0.093522966
0,0,0.013746729
0,0,0.015771544
0,0,0.04406174
0,0,0.041022055
0,0,0.18819098
1,1,0.99999833
0,0,0.13896821
1,1,0.9391673
0,0,7.6212095e-06
1,1,0.99999785
0,0,0.17077059
0,0,0.036133002
0,0,0.00062396104
0,0,0.0037830903
0,0,0.16007979
0,0,0.014797104
0,0,0.019431606
0,0,0.15695514
0,0,0.2669933
0,0,0.031309016
0,0,0.09210305
0,0,0.0007620804
0,0,0.2684876
0,0,4.6709618e-05
0,0,0.00039089442
0,0,0.015059701
0,0,0.3189609
0,0,0.09035722
0,0,0.02785976
0,0,0.0024577712
0,0,0.033746712
0,0,0.06827953
0,0,0.27343354
0,0,0.038270306
0,0,0.29559094
1,1,0.99999774
0,0,0.22153299
0,0,0.0068194936
0,0,0.06910568
0,0,0.033592824
0,0,0.013200094
0,0,0.0037140625
0,0,0.2589008
0,0,0.08959285
0,0,0.040893894
0,0,0.081640154
0,0,0.0015190482
0,0,0.08756818
0,0,0.0059845354
0,0,0.00091944856
0,0,0.08595791
0,0,0.47257474
0,0,0.050178126
1,1,0.99159133
0,0,0.032112345
0,0,0.020982133
0,0,0.18853058
1,1,0.9999976
0,0,0.062208343
1,1,0.9999968
0,0,0.046906814
0,0,0.01421003
0,0,0.020764802
0,0,0.020297814
0,0,0.036077574
0,0,0.024114573
0,0,0.063835226
0,0,0.03242772
0,0,0.009104263
0,0,0.32043982
0,0,0.02071664
0,0,0.0010260278
0,0,0.18017237
0,0,0.2145365
1,1,0.99999845
0,0,0.056558516
0,0,0.031722397
0,0,0.02131352
0,0,0.0018130143
0,0,0.009714562
0,0,0.37069348
0,0,0.07127108
0,0,0.04186945
0,0,0.0024841903
1,1,0.75268626
0,0,0.0024422435
0,0,0.0011292638
0,0,0.13654512
1,1,0.9999987
0,0,0.09393459
0,0,0.08109453
0,0,0.0019859143
0,0,0.0077523305
0,0,0.025784438
1,0,0.24184886
0,0,0.058044795
0,0,0.025172954
0,0,0.00659399
1,0,0.33465397
1,1,0.73743725
0,0,0.088619344
1,1,0.9999988
0,0,0.0064954874
0,0,0.020380354
0,0,0.030224489
0,0,0.40958855
0,1,0.51157755
0,0,0.2997222
0,0,0.00064632954
0,0,0.009388899
0,0,0.16663578
0,0,0.030328779
0,0,0.00075919443
0,0,0.0015722077
1,1,0.99999833
1,0,0.4095552
0,0,0.051375434
0,0,0.011405563
0,0,0.021325668
1,1,0.61841494
0,0,0.0076951194
0,0,0.23232163
0,0,0.0055743824
1,1,0.986166
0,0,0.022967648
0,0,0.06390061
0,0,0.00016154042
1,1,0.99806577
0,0,0.031812955
0,0,0.0057072546
0,0,0.047620203
0,0,0.04081898
0,0,0.037876315
0,0,0.24688491
0,0,0.005461968
0,0,0.0498352
0,0,0.001970798
0,0,0.052659284
0,0,0.046360884
0,0,0.1396462
0,0,0.0334208
1,1,0.96914256
0,0,0.12992345
0,0,0.019216254
0,0,0.024583405
0,0,0.025610266
0,0,0.031773303
0,0,0.044635575
0,0,0.105830275
1,0,0.3884569
0,0,0.022793315
0,0,0.0005292529
0,0,0.006790353
1,1,0.8616196
0,0,0.039727144
0,0,0.08334287
0,0,0.020793855
0,0,2.5604553e-05
0,0,0.0644644
0,0,0.02234549
0,0,0.29479438
0,0,0.09639028
1,1,0.9999987
0,0,0.0053265686
0,0,0.06822713
0,0,0.08688234
0,0,0.00077920867
0,0,0.24377847
0,0,0.016350424
0,0,0.004929787
1,0,0.15964924
0,0,0.0074741654
0,0,0.00058806094
0,0,0.049285907
0,0,0.018159244
0,0,0.27295968
0,0,0.0052295807
0,0,0.00085344934
0,0,0.011934692
0,0,0.099782325
0,0,0.008251209
0,0,0.010623452
0,0,0.0040483293
0,0,0.032153513
0,0,0.089734174
1,0,0.32063606
0,0,0.3900317
0,0,0.052870426
0,0,0.0037811855
0,0,0.0036479135
0,0,0.017498257
0,0,0.0047572562
0,0,0.008084926
0,0,0.002455942
0,0,0.019142902
1,1,0.99999833
0,0,0.07172549
0,0,0.08561275
0,0,0.012307509
1,1,0.9999988
0,0,0.00019439009
0,0,0.017057313
0,0,0.08628142
0,0,0.015154928
0,0,0.0030884396
0,0,0.026428267
0,0,0.01586478
0,0,0.009500622
0,0,0.00032012365
0,0,0.10991375
0,0,0.03793992
0,0,0.031611424
0,0,0.29376072
0,0,0.22923565
0,0,0.0066681164
0,0,0.0027354755
0,0,0.020031204
1,1,0.85665894
1,1,0.9701403
0,0,0.0026753803
0,0,0.0020294692
0,0,0.08614316
0,0,0.023557918
0,0,0.00086934125
0,0,0.026359152
0,0,0.0069129555
0,0,6.344143e-05
0,0,0.09182422
0,1,0.7837214
0,0,0.0007467929
0,0,0.1018441
0,0,0.01763691
0,0,0.06955796
0,0,0.0020870853
0,0,7.874186e-05
0,0,0.22225058
0,0,0.0245777
0,0,0.0019019798
0,0,0.00066428364
0,0,0.036498077
0,0,0.030364435
0,0,0.009310822
0,0,0.0334208
1,1,0.9999621
0,0,0.0014815595
0,0,0.033553876
0,0,0.010541304
0,0,0.0321699
0,0,0.008868371
0,0,0.10382572
1,1,0.9999976
0,0,0.027938118
0,0,0.022293974
0,0,0.42550662
0,0,0.11541409
0,0,0.05715633
0,0,0.072885916
1,1,0.9999988
0,0,0.38819557
0,0,0.04017034
0,0,0.031943798
0,0,0.022465818
0,0,0.00048450002
0,0,0.0002167283
1,1,0.9997354
1,1,0.98629135
1,1,0.9919308
0,0,0.13498266
0,0,0.0031553379
0,0,0.06450314
0,0,0.084713496
0,1,0.50577116
0,0,0.037606124
1,0,0.022611542
0,0,0.04222672
0,0,0.23742379
0,0,0.013441129
0,0,0.019245628
0,0,0.07689073
0,0,0.0011583964
0,0,0.12961909
0,0,0.1826721
1,1,0.9741415
0,0,0.008708811
1,1,0.6206435
0,0,0.008169997
0,0,0.02882159
0,0,0.024632363
0,0,0.32195958
0,0,0.008714889
1,1,0.9999987
0,0,0.01994205
0,0,0.083384134
0,0,0.019918993
0,0,0.0010494341
1,1,0.97504336
1,1,0.99999833
1,1,0.99999785
0,0,0.006831191
0,0,0.048666116
0,0,0.013648797
0,0,0.27604276
0,0,0.038513653
0,0,0.074429944
0,0,0.069469444
0,0,8.915239e-05
0,0,0.014073866
0,0,0.0014104216
0,0,0.025707271
0,0,0.03981962
0,0,0.047348037
0,0,0.041456524
0,0,0.030404914
0,0,0.103826046
0,0,0.0005293662
0,0,0.026350733
0,0,0.0019715156
0,0,0.0023286983
0,0,0.0025048973
1,1,0.9999988
0,0,0.1061115
1,1,0.9999987
0,0,0.11260099
0,0,0.034087226
0,1,0.58691525
0,0,0.0032116587
0,0,0.117228426
0,0,0.01735346
0,0,0.24458037
0,0,0.00027426085
0,0,0.006039605
0,1,0.7899013
0,0,0.020658763
0,0,0.14937297
0,0,0.12869662
0,0,0.008462951
0,0,0.05084673
0,0,0.13486609
0,0,0.11886857
0,0,0.010747667
0,0,0.0054307175
0,0,0.21447513
0,0,0.031589564
0,0,0.004264167
0,0,0.028388686
1,1,0.99999833
0,0,0.024083672
0,0,0.008485183
0,0,0.1908747
0,0,0.02139406
0,0,0.14080094
0,0,0.01314611
0,0,0.03129498
0,0,0.031165535
0,0,0.049664523
1,1,0.9999987
0,0,0.021922907
0,0,0.0032585755
1,1,0.9999988
0,0,0.006914062
0,0,0.13290764
0,0,0.16370103
0,0,0.06489156
1,1,0.9950789
1,1,0.9999976
0,0,0.12275277
1,1,0.99999845
0,0,0.036520343
0,0,0.026576018
0,0,0.47440356
0,0,0.21548797
0,0,0.045205947
0,0,0.0026609595
0,0,0.020305492
0,0,0.0014588903
0,0,0.005682961
1,0,0.010441563
0,0,0.04864855
0,0,0.047492135
1,1,0.99999833
0,0,0.019256674
0,0,0.019352563
0,0,0.088549815
0,0,0.0031702048
0,0,0.033222772
0,0,0.01050559
0,0,0.02282179
0,0,0.011847118
0,0,0.017842079
0,0,0.0027294606
0,0,0.05168718
0,0,0.07653087
0,0,0.096305
0,0,0.0012966754
0,0,0.016234173
0,0,0.028169021
0,0,0.021872772
0,0,0.09259076
0,0,0.00034988692
0,0,0.00790707
0,0,0.016748283
0,0,0.01999993
0,0,0.005329146
0,0,0.11096249
0,0,0.055660315
0,0,0.031458814
0,0,0.0028049946
0,1,0.5300659
0,0,0.0128929345
0,0,0.37628105
0,0,0.0093185445
0,0,0.005840653
0,0,0.00046364943
0,0,0.0033087346
0,0,0.08772913
0,0,0.047074627
0,0,0.034041084
0,0,0.00011229405
0,0,0.0014972321
0,0,0.10822736
0,0,0.041185603
0,0,0.003151983
1,1,0.9999976
1,1,0.9999987
0,0,0.0783938
0,0,0.002745941
1,1,0.99999785
0,0,0.04646193
1,1,0.66798484
0,0,0.014008585
0,0,0.00026484166
0,0,0.37240636
0,0,0.005284717
1,0,0.44348118
0,0,0.0026223164
0,0,0.031620536
0,0,0.27768198
0,0,0.0020312404
0,0,0.018765163
0,0,0.004479196
0,0,0.023606816
0,0,0.09752272
0,0,0.062632814
0,0,6.734994e-05
0,0,0.005113564
0,0,0.07322747
0,0,0.006001943
0,0,0.054152634
0,0,0.41350317
0,0,0.0872991
0,0,0.02892679
0,0,0.014609442
0,0,0.1397063
1,1,0.9999931
0,0,0.0003532439
0,0,0.025893806
1,1,0.99999845
0,0,0.012239459
0,0,0.054714106
0,0,0.009754419
1,1,0.99999785
0,0,0.04421811
1,1,0.9999988
0,0,0.01422179
0,0,0.037643332
0,0,0.060076777
0,0,0.08100825
0,0,0.021154689
0,0,0.37069348
1,1,0.99999857
0,0,0.047371488
0,0,0.0037053865
0,0,0.057334244
0,0,0.027569681
1,1,0.9999976
0,0,0.3553494
0,0,0.014717636
0,0,0.0014274312
0,0,0.065032035
0,0,0.016235199
0,0,0.20824826
1,1,0.9999987
0,0,0.00024323401
0,0,0.021011712
0,0,0.0018151911
0,0,0.028280286
1,0,0.18080913
0,0,0.009205147
0,0,0.13095768
1,1,0.9999988
0,0,0.11616075
0,0,0.31966338
0,0,0.28786674
0,0,1.1046547e-05
0,0,0.0034890845
0,0,0.1424739
0,0,0.004088724
0,0,0.010715107
1,1,0.9271143
1,1,0.98431593
0,0,0.009409972
0,0,0.033413917
1,1,0.9976418
0,0,0.015371728
0,0,0.010288281
0,0,0.023763342
0,0,0.0034299917
0,0,0.014082232
0,0,0.001146563
0,0,0.035778686
1,1,0.99999774
0,0,0.036597088
0,0,0.22957143
0,0,0.00088465813
0,0,0.04961383
0,0,0.0055681556
0,0,0.04019699
0,0,0.014248281
0,0,0.013223189
0,0,0.034804966
1,1,0.9896393
0,0,0.010640411
0,0,0.33179379
0,0,0.068997346
0,0,0.023095379
0,0,0.061792195
0,0,0.0034096665
0,0,0.03245106
0,0,0.08570441
0,0,0.0027172975
0,0,0.00080291985
0,0,0.03543838
0,0,0.033404287
1,1,0.99858224
0,0,0.019154396
0,0,0.025245281
0,0,0.0026485238
0,0,0.005805358
0,0,0.057715453
0,0,0.06260254
0,0,0.37203652
0,0,0.47257474
0,0,0.02330316
0,0,0.0011869419
0,0,0.039171383
0,0,0.0029306363
1,1,0.9999976
0,0,0.0057787173
0,0,0.09014329
0,0,0.085975386
0,0,0.014969681
0,0,0.0006794303
0,0,0.0471084
0,0,0.016987627
0,0,0.1018441
0,0,0.0008134829
0,0,0.0017596269
0,0,0.024369176
0,0,0.018009115
0,0,0.025787558
0,0,0.080533855
1,0,0.033410445
0,0,0.0010414837
0,0,0.026042623
0,0,0.0010348108
0,0,0.11078117
0,0,0.005480132
0,0,0.09100603
0,0,0.010333154
0,0,0.37528303
0,0,0.31379527
0,0,0.0011144403
0,0,0.0057826964
1,1,0.62303984
0,0,0.033673197
1,1,0.9999119
0,0,0.07807564
0,0,0.020218117
0,0,0.076427795
0,0,0.011031561
0,0,0.08068359
0,0,0.17461424
0,0,0.099412866
0,0,0.02837893
0,0,0.15002854
0,0,0.00451212
0,0,0.0018097226
0,0,0.30844072
0,0,0.0070763445
0,0,0.048988473
1,1,0.99999774
0,0,0.009640114
0,0,0.013968314
1,1,0.9999976
1,1,0.99999845
1,1,0.99999785
0,0,0.4447422
0,0,0.023454295
0,0,0.40204695
0,0,0.04514304
0,0,0.018995253
0,0,0.26240847
0,0,0.03083981
0,0,0.010853736
0,0,0.14958225
0,0,0.11999339
0,0,0.078213096
0,0,0.064616516
0,0,0.0013646608
0,0,0.0083740875
0,0,0.004346379
1,1,0.99999785
1,1,0.99560153
1,1,0.9999988
0,0,0.0592347
0,0,0.0072748554
0,0,0.07820505
0,0,0.0014555521
0,0,1.3129776e-05
0,0,0.02005364
0,0,0.0144892465
0,0,0.021080604
1,1,0.51360834
0,0,0.014783684
0,0,0.01725888
0,0,0.350326
0,0,0.014630711
0,0,0.021425102
0,0,0.031554617
0,0,0.0023332771
0,0,0.0033173678
0,0,0.032020085
0,0,0.25285262
0,0,0.004303013
0,0,0.0056952774
0,0,0.039805137
0,0,0.003171086
0,0,0.14155935
0,0,0.027005844
0,0,0.000102487815
0,0,0.10753418
0,0,0.09936433
0,0,0.00573129
0,0,0.21892817
0,0,0.01915018
0,0,0.002724121
0,0,0.06170514
1,1,0.9300605
0,0,0.00698096
1,1,0.99999785
0,0,0.0037945944
1,1,0.9999968
0,0,0.351326
0,0,0.0761853
0,0,0.0005744888
0,0,0.008713473
0,0,0.31556055
0,0,0.011355235
0,0,0.03697448
0,0,0.047753528
0,0,5.8109334e-05
0,0,0.31656542
0,0,0.0021027906
0,0,0.44651878
1,1,0.9999976
0,0,0.0050050956
1,1,0.9999976
0,1,0.5260424
0,0,0.21812283
0,0,0.0016193012
0,0,0.046639007
0,0,0.11540962
1,1,0.9999989
0,0,0.2498178
0,0,0.010583188
0,0,0.004238676
0,0,0.016720382
0,0,0.03300652
0,0,0.013488114
0,0,0.00034442803
0,0,0.14464006
0,0,0.030740943
1,1,0.9999976
0,0,0.1270712
0,0,0.47438893
0,0,0.027631138
1,1,0.999998
0,0,0.011830997
0,0,0.020826163
0,0,0.2159659
0,0,0.02020864
0,0,0.47037482
0,0,0.09579236
1,1,0.9859125
0,0,0.020545954
0,0,0.016286915
0,0,0.02025329
0,0,0.020478295
0,0,0.051592942
0,0,0.28224823
0,0,0.09484953
1,1,0.9699491
0,0,0.2800794
0,0,0.071688764
0,0,0.00068920513
0,0,0.1441145
1,1,0.99999774
0,0,0.057838213
0,0,0.0075851087
0,0,0.018054679
0,0,0.031322006
0,0,0.009468587
0,0,0.09673294
1,1,0.99998415
0,0,0.051967222
0,0,0.016529517
0,0,0.046826746
1,1,0.9999981
0,0,0.0021852842
1,1,0.99999833
0,0,0.081640154
0,0,0.13424285
0,0,0.067468196
0,0,0.030051244
0,0,0.00052291545
0,0,0.013555681
0,0,0.014328273
0,0,0.001292322
0,0,0.08274827
0,0,0.012207005
0,0,0.012124595
0,0,0.008400412
0,0,0.002730524
0,0,0.030861383
0,0,0.120840356
0,0,0.00073180284
0,0,0.015815029
0,0,0.009998654
0,0,0.011505291
0,0,0.05893166
0,0,0.012953781
0,0,0.030655507
0,0,0.012370559
0,0,0.45700017
1,1,0.9999987
0,0,0.0051411693
1,1,0.9999988
0,0,0.003006622
1,1,0.99999833
0,0,0.07114523
1,1,0.9999988
0,0,0.22960958
0,0,0.20637076
0,0,0.0281226
0,0,0.11289128
1,1,0.91169107
0,0,0.008623791
0,0,0.3442298
1,1,0.9270264
1,0,0.4141811
0,0,0.0014666504
0,0,0.017679177
0,0,0.050259206
0,0,0.30767465
0,0,0.008071378
0,0,0.011662048
0,0,0.12355671
0,0,0.01580338
0,0,0.22524029
0,1,0.51960856
1,1,0.98176885
0,0,0.03357102
0,0,0.36520734
0,0,0.00022564191
0,0,0.079723224
0,0,0.023480117
0,0,0.14828975
0,0,0.002395909
0,0,0.08525138
0,0,0.010819184
0,0,0.117848486
0,0,0.029154312
1,0,0.42335874
0,0,0.0140665965
0,0,0.004475927
1,1,0.999998
1,1,0.99674416
0,0,0.057997126
1,1,0.99999833
0,0,0.26203337
0,0,0.0048805773
0,0,0.11311753
0,0,0.0015796135
0,0,0.041185915
0,0,0.04140171
0,0,0.005149715
0,0,0.07266878
1,1,0.99689204
0,0,0.040694367
0,0,0.0014623216
0,0,0.3377546
0,0,0.018950978
0,0,5.1314335e-05
0,0,0.02329623
0,0,0.00015339161
0,0,0.032981507
0,0,0.0014438961
0,0,0.01569925
0,0,0.33179379
0,0,0.010737746
1,1,0.9999988
0,0,0.27671432
0,0,0.2217196
0,1,0.50869244
1,1,0.99999785
0,0,0.03354695
0,0,0.015323621
0,0,0.005650218
0,0,0.1667721
0,0,0.029733118
0,0,0.015120712
0,0,0.08998126
0,0,0.013464057
0,0,0.008677175
0,0,0.45394304
0,0,0.15540412
1,1,0.98859733
0,0,0.0049597574
0,0,0.05305567
0,0,0.0062471265
0,0,0.035292294
0,0,0.03289496
0,0,0.41350317
1,1,0.9999988
0,0,0.0076519656
0,0,0.0002623616
0,0,0.049076617
0,0,0.19906247
0,0,0.018903617
0,0,0.071195915
0,0,0.07116367
0,0,0.020444687
0,0,0.016380737
0,0,0.093514554
1,0,0.27529815
0,0,0.024160353
0,0,0.035987753
0,0,0.036993545
0,0,0.03066945
0,0,0.011529725
1,1,0.90589505
0,0,0.47531703
1,1,0.9999988
0,0,0.041803144
1,0,0.2201605
1,1,0.9999976
1,1,0.9999988
0,1,0.55186254
0,0,0.020564146
1,1,0.9895028
0,0,0.07172549
0,0,0.07860041
0,0,0.008067309
0,0,0.013812255
0,0,0.0389443
1,1,0.999998
0,0,0.001398001
0,0,0.072767094
0,0,0.33266118
0,0,0.0026826449
1,1,0.99999833
0,0,0.33749965
0,0,0.0064077545
0,0,0.023662066
1,1,0.9999907
0,0,0.0019053157
0,0,0.011490534
0,0,0.20851718
0,0,0.019216254
0,0,0.01519963
0,0,0.10356592
0,0,0.27801126
0,0,0.0010242289
0,0,0.06150049
0,0,0.031836685
1,1,0.9999976
0,0,0.09041528
0,0,0.056413088
0,0,0.07296079
0,0,0.029653212
0,0,0.1436094
0,0,0.004130515
0,0,0.0072299805
0,0,0.0019859143
0,0,0.03054122
0,0,0.017916566
1,1,0.99999833
0,0,0.011210592
0,0,0.0020825565
0,0,0.02368839
0,0,0.0076208063
0,0,0.06562757
0,0,0.010040902
0,0,0.0005458507
0,0,0.04055623
0,0,0.014166737
0,0,0.007239803
1,1,0.9999987
0,0,0.005820048
1,1,0.99999845
0,0,0.035777085
0,1,0.58728284
0,0,0.061944723
0,0,0.008480531
0,0,0.00022777688
0,0,0.04490648
0,0,0.11814761
0,0,0.009315895
0,0,0.0004816387
0,0,0.056946825
0,0,0.0032654684
0,0,0.019892778
0,0,0.00020621002
1,1,0.6805505
0,1,0.59890956
0,0,0.005709812
0,0,0.0728381
1,1,0.9875328
0,0,0.0076982216
0,0,0.015967429
1,1,0.99999774
0,0,0.023737242
0,0,0.04407354
1,1,0.9999987
0,0,0.0370604
1,1,0.8942075
0,0,0.0064904094
0,0,0.0049092383
0,0,0.012966694
0,0,0.07592179
0,0,0.029075488
0,0,0.027345018
0,0,0.22774781
0,0,0.014123198
0,0,0.00047953214
0,0,0.17670263
0,0,0.021361092
0,0,0.0036435956
0,0,0.2693893
1,1,0.99999857
0,0,0.017788453
0,0,0.0026842542
0,0,0.032840475
0,0,0.41350317
0,0,8.860067e-06
0,0,0.01811566
1,1,0.99999833
1,1,0.9999981
0,0,0.24685262
0,0,0.13839646
0,0,0.06391204
0,0,0.0060727
0,0,0.3022364
0,1,0.5300659
1,1,0.9989697
0,0,0.3117316
0,0,0.11929701
0,0,0.0078705195
0,0,0.04562217
1,1,0.75452274
0,0,0.011712544
0,0,0.432531
0,0,0.12963349
1,1,0.9999988
0,0,0.015619701
0,0,0.028734367
1,1,0.9999988
0,0,0.0038330154
0,0,0.02345939
0,0,0.0047730813
1,1,0.9880248
0,0,0.14032151
0,0,0.026250284
0,0,0.017705256
0,0,0.07703354
0,0,0.015108652
0,0,0.024915364
1,1,0.99999833
1,1,0.7420258
0,0,0.009697466
1,1,0.9999981
0,0,0.25575164
0,0,0.004343382
0,0,0.0038875293
0,0,0.17404762
0,0,0.0680138
0,0,0.006763367
0,0,0.05585512
0,0,0.022790728
1,1,0.99999785
0,0,0.013872791
0,0,0.015930833
0,0,0.049912084
0,0,0.018914506
0,0,0.0031537486
1,0,0.47529608
0,0,0.37044477
1,0,0.37666404
0,0,0.40958855
0,0,0.06011214
0,0,0.036513045
0,0,0.007446508
0,0,0.049341325
1,1,0.99999833
1,1,0.9999981
0,0,0.07707476
0,0,0.0034789944
0,0,0.005820048
0,0,3.2596592e-05
0,0,0.002284537
0,0,0.008036505
0,0,0.009078159
0,0,0.0072631454
0,0,0.0022526938
0,0,0.005390534
0,0,0.036538955
0,0,0.035004582
0,0,0.03736785
0,0,0.0017373775
1,1,0.99999833
0,0,0.048296448
0,0,0.024640348
0,0,0.0043008863
0,0,5.011222e-05
1,1,0.50455725
1,1,0.66351056
1,1,0.9999988
0,0,0.09111084
1,1,0.9741545
1,1,0.99997354
0,0,0.27363142
0,0,0.0037864465
0,0,0.20966472
1,0,0.21427462
0,1,0.5591316
0,0,0.005275533
1,1,0.94594264
0,0,0.019449688
0,0,0.11277372
0,0,0.13708885
0,0,0.42911202
0,0,0.00501119
1,1,0.5952652
0,0,0.017550068
1,1,0.9999988
0,0,0.017365783
1,1,0.9999987
0,0,0.007945395
0,0,0.19083227
0,0,0.091310896
1,1,0.9928139
1,1,0.9999908
0,0,0.015557042
0,0,0.19483173
0,0,0.00023778102
0,0,0.08199317
0,0,0.049506534
0,0,0.0032728221
0,0,0.013938247
0,0,0.049388587
0,0,0.02544822
0,0,0.00094651146
0,0,0.21016453
0,0,0.013899072
0,0,0.11232787
0,0,0.41016078
0,0,0.12661247
1,0,0.47438893
0,0,0.16982685
0,0,0.011455198
0,0,0.03513568
0,0,0.0066713262
0,0,0.095463336
0,0,0.0077047306
0,0,0.000875044
0,0,0.10089178
1,1,0.99999774
0,0,0.05737927
0,0,0.00567296
0,0,0.06319411
0,0,0.015181711
0,0,0.011581151
1,1,0.99999774
0,0,0.00032726902
0,0,0.08991465
0,0,0.10533441
0,0,0.013565638
0,0,0.2997222
0,0,0.013588515
0,0,0.022130061
0,0,0.19260985
0,0,0.0026015206
0,0,0.22781903
0,0,0.010741525
0,0,0.029029258
1,1,0.9032945
0,0,0.0029822406
0,0,0.3793617
0,0,0.09204384
0,0,0.0039244317
0,1,0.5552534
0,0,0.29326284
0,0,0.008626168
0,0,0.01622728
0,0,0.03614844
0,0,0.07501141
0,0,0.0001341634
0,0,0.0062110242
0,0,0.014123198
0,0,0.16825059
1,1,0.9999987
1,1,0.574887
1,1,0.9999987
0,0,0.049780283
0,0,0.0019471054
0,0,0.31679726
0,0,0.13088094
0,0,0.37987906
1,1,0.9999976
0,0,0.0251085
0,0,0.014757954
0,0,0.008032273
0,0,0.046804745
1,0,0.41350317
0,0,0.0072625745
1,1,0.9999968
0,0,0.0048503326
1,1,0.9999119
0,0,0.020830894
0,0,0.0007590819
0,0,0.024839915
0,0,0.014321284
0,0,0.0015784363
0,0,0.061056897
0,0,0.21318656
0,0,0.107654
1,1,0.9999976
1,1,0.9853306
0,0,0.020044027
1,1,0.9860399
0,0,0.003978491
0,0,0.059169717
0,0,0.11992127
0,0,0.054135725
0,0,0.23812321
0,0,0.06739716
1,1,0.94470817
0,0,0.41350317
0,0,0.02676665
0,0,0.015355331
0,0,0.010902549
0,0,0.04099642
0,0,0.16905402
1,1,0.9982628
0,0,0.007460386
0,0,0.036681242
0,0,0.0004328848
0,0,0.009500173
0,0,0.20389888
0,0,0.25527883
0,0,0.023204401
1,1,0.99999833
0,0,0.05107227
0,0,0.020188564
0,0,0.09325186
0,0,0.025893806
0,0,0.12257727
0,0,0.0031225025
0,0,0.036167625
0,0,0.029551111
0,0,0.012596361
1,1,0.9999976
0,0,0.010563599
0,0,0.11430659
0,0,0.00070228183
0,0,0.112531796
1,1,0.99999833
0,0,0.0055878735
1,1,0.99901617
0,0,0.07780241
0,0,0.0040457635
0,0,0.0356382
0,0,0.12573284
1,1,0.9780634
1,1,0.99999833
0,0,0.3041465
0,0,0.018097857
1,1,0.99999785
0,0,0.33742455
0,0,0.049673364
0,0,0.024984375
0,0,0.00587412
1,1,0.89875126
0,0,0.029746328
0,0,0.23198481
0,0,0.0054962607
0,0,0.0105759455
1,0,0.02195717
0,0,0.007953409
0,0,0.049202893
1,1,0.9512533
0,0,0.0948987
1,0,0.31232908
0,0,0.0062676747
0,0,0.015703967
0,0,0.0005504041
0,0,0.17420964
0,0,0.035578504
0,0,0.011440704
0,0,0.0104975775
0,0,0.17670712
1,0,0.46229026
1,1,0.9999907
0,0,2.3870387e-05
0,0,0.16852474
0,0,0.04516248
0,0,0.0099044675
0,0,0.0137981605
0,0,0.09438571
0,0,0.02793477
0,0,0.10199752
0,0,0.0035425287
0,0,0.052182145
0,0,0.018438341
0,0,0.08406247
0,0,0.011061686
0,0,0.008237924
0,0,0.016231941
0,0,0.022321012
0,0,0.16270456
0,0,0.0019202179
0,0,0.0017149174
0,0,0.0018247354
1,0,0.099112764
1,0,0.14430161
0,0,0.054464787
0,0,0.12509061
0,0,0.22438228
0,0,0.0028331075
0,0,0.026858075
1,1,0.99999833
0,0,0.003039725
1,1,0.77369833
0,0,0.018094638
0,0,0.11040958
1,1,0.99999785
0,0,0.02345939
0,0,0.0012832754
0,0,0.005650106
1,1,0.97580326
0,0,0.0007391678
0,0,0.019765282
0,0,0.15469559
0,0,0.19543913
1,1,0.9999987
0,0,0.010997347
0,0,0.03546071
0,0,0.0017586942
0,0,0.00598588
0,0,0.025153486
0,0,0.0030227164
0,0,0.009905291
0,0,0.049583867
0,1,0.725979
0,0,0.022403583
0,0,0.0062189284
0,0,0.0019623917
0,0,0.000646592
1,1,0.99999833
1,1,0.64823806
0,0,0.00030339454
0,0,0.063255966
1,0,0.18130618
0,0,0.0028652058
0,0,0.019377189
0,0,0.01007139
0,0,0.005150844
0,0,0.0856115
0,0,0.052472174
0,0,0.008008629
0,0,0.049228493
0,0,0.06883138
1,1,0.9999976
0,0,0.042055316
1,1,0.82635385
1,0,0.06671028
0,0,0.051878903
0,0,0.016266234
0,0,0.07572673
0,0,0.01882879
0,0,0.44315168
1,1,0.99999785
0,0,0.018823564
0,0,0.0069999266
0,0,0.035578586
0,0,0.08155432
1,1,0.5389562
1,1,0.99999833
0,0,0.05131359
0,0,0.00061505905
0,0,0.40958855
1,1,0.5614358
0,0,7.374568e-05
0,0,0.0025403968
0,0,1.8804129e-05
1,1,0.9998741
0,0,0.002114247
0,0,0.22676983
0,0,0.014824057
0,0,0.112385735
1,0,0.36520734
0,0,0.015005161
0,0,0.009616103
0,0,0.0035037
0,0,0.0034091496
0,0,0.055795126
0,0,0.046305176
0,0,0.10859945
0,0,0.022587247
0,0,0.00042634926
0,0,0.0015199033
0,0,0.0002106168
0,0,0.19120382
0,0,0.04343081
0,0,0.095646925
0,0,0.009382835
0,0,0.103623755
0,0,3.2695687e-05
1,1,0.93778366
1,1,0.99999833
0,0,0.045110393
0,0,0.022107933
0,0,0.0023512433
0,0,0.007652668
0,0,0.020550063
0,0,0.06242748
0,0,0.030076737
1,1,0.9892926
0,0,0.011862422
0,0,0.027337365
1,1,0.99999833
1,1,0.9916653
0,0,0.066086866
0,0,0.033385325
0,0,0.009835367
0,0,0.13112369
0,0,0.044833016
0,0,0.0072299805
0,0,0.30090213
0,0,0.018107435
1,0,0.42560732
0,0,0.01038599
1,1,0.9999976
0,0,0.11778218
1,1,0.9999976
0,0,0.041557766
0,0,1.1697732e-05
0,0,0.038380597
1,1,0.9999989
1,1,0.99999833
0,0,0.003544608
0,0,0.0486152
1,0,0.25801176
0,0,0.03559355
0,0,0.0003419531
0,0,0.042390198
0,0,0.017040573
0,0,0.029599836
0,0,0.0913958
0,1,0.50455725
0,0,2.4690815e-05
1,1,0.9491175
0,0,0.009381199
0,0,0.45744967
0,0,0.067888156
0,0,0.005609488
0,0,0.10777187
0,0,0.042456042
0,0,0.00094059564
0,0,0.007129049
0,0,0.006922616
1,1,0.98176885
0,0,0.010792231
1,1,0.99549615
0,0,0.00029621145
1,1,0.74446005
0,0,0.02668231
1,1,0.9969273
0,0,0.09548467
0,0,0.051146742
0,0,0.023614192
1,1,0.872959
0,0,0.27094904
1,1,0.99999857
0,0,0.017845212
1,0,0.4002323
0,0,0.43947032
0,0,0.00026118907
0,0,0.117976785
0,0,0.07845376
0,0,0.045092504
0,0,0.00022147446
0,0,0.29479438
0,0,0.13271147
0,0,0.18645538
0,0,0.015134082
0,0,0.0016464399
0,0,0.35000017
1,1,0.9999987
0,0,0.07481419
0,0,0.00356855
0,0,0.049597934
1,0,0.41350317
0,0,0.08321224
1,1,0.99999833
0,0,0.011080366
0,0,0.40762177
0,0,0.17312747
1,1,0.9999987
1,1,0.68558764
0,0,0.16174692
0,0,0.0060426397
1,0,0.05992815
0,0,0.017960615
1,1,0.9999976
0,0,0.11946714
0,0,0.21956465
1,1,0.9999987
1,1,0.9999987
0,0,0.011396705
0,0,0.009089881
0,0,0.003430375
0,0,0.111993104
1,1,0.8676407
0,0,0.2997222
0,0,4.710635e-05
0,0,0.49542353
1,1,0.9999119
0,0,0.005334148
0,0,0.02341037
0,0,0.0069421087
0,0,0.19092487
1,1,0.9999987
0,0,0.03100877
0,0,0.028722957
0,0,0.10868423
0,0,0.014018922
0,0,0.019142902
1,1,0.9999968
0,0,0.034255594
0,0,0.011871833
0,0,0.0054038186
0,0,0.017748639
0,0,0.03378293
0,0,0.020754743
0,0,0.013204268
0,0,0.05808934
0,0,0.019559653
1,1,0.73458743
0,0,0.0048468607
0,0,0.34730232
0,0,0.018686524
1,1,0.9999976
0,0,0.10655519
0,0,0.02217884
0,0,0.010902549
0,0,0.29645377
0,0,0.005376945
0,0,0.21918853
0,0,0.0071191704
0,0,0.00588687
0,0,0.032799177
1,1,0.9999976
0,0,0.013923339
0,0,0.1696433
1,0,0.4489
0,0,0.12879583
0,0,0.082341224
0,0,0.012460722
0,0,0.12567428
0,0,0.0015796135
0,0,0.0006807133
0,0,0.02256551
0,0,0.18360803
0,0,0.018139085
1,1,0.97539425
0,0,0.021322906
0,0,0.12622102
0,0,0.12377693
0,0,0.030232735
0,0,0.0070931534
0,0,0.0030870743
0,0,0.029078301
0,0,0.15762047
0,0,0.02119121
0,0,0.47064713
0,0,0.041741986
0,0,0.020531705
0,0,0.40958855
0,0,0.38194424
0,0,0.07753636
0,0,0.00046377606
0,0,0.25169548
0,0,0.014062279
1,1,0.9836976
0,0,0.013982822
0,1,0.6227394
0,0,0.0049597574
1,0,0.19875927
0,0,1.975499e-05
0,0,0.0381985
0,0,0.0023145347
0,0,0.005502517
0,0,0.051668253
0,0,0.012326141
1,1,0.9999144
1,1,0.9996176
1,1,0.9999988
0,0,0.034112994
0,0,0.0040279934
0,0,0.0032406745
1,1,0.5967298
0,0,0.13312557
0,0,0.04962289
0,0,0.13932091
0,0,0.26970288
1,1,0.99999833
0,0,0.020689305
0,0,0.0070096445
1,1,0.9917604
0,0,0.0027384262
0,0,0.036074623
0,0,0.010747667
0,0,0.13850722
0,0,0.008147362
0,0,0.036900256
0,0,0.08435492
0,0,0.06593176
0,0,0.011329981
0,0,0.4800897
1,1,0.9024963
0,0,9.1035705e-05
0,0,0.11355775
0,0,0.010899829
0,0,0.036358926
0,0,0.07235678
0,0,0.0056287837
0,0,0.0030147645
0,0,0.01817459
0,0,0.23478115
0,0,0.017105492
0,0,0.0014869905
0,0,0.028594937
0,0,0.040152457
0,0,0.0018869146
0,0,0.014861233
0,0,0.039867833
0,0,0.030561676
0,0,0.0124351755
0,0,0.028871374
0,0,0.02558406
0,0,0.16802284
0,0,0.002824804
0,0,0.00054474233
0,0,0.007719645
0,0,0.080209896
0,0,0.0047709094
0,0,0.0004855528
0,1,0.5300659
1,1,0.9912793
0,1,0.5719113
1,0,0.36096138
0,0,0.00033079705
1,1,0.80307376
1,1,0.9999976
0,0,0.0064891735
1,1,0.9999962
0,0,0.00801704
0,0,0.01114897
0,0,0.0045967014
1,1,0.99999833
1,0,0.22719254
0,0,0.0161184
1,1,0.9999988
0,0,0.049599882
0,0,0.009520094
1,1,0.99778914
1,1,0.9999976
0,0,0.0814436
1,1,0.9999902
1,1,0.9999987
0,0,0.0048914785
0,0,0.0045495206
0,0,0.04088663
0,0,0.07723236
0,0,0.100043714
0,0,0.0005020552
0,0,0.0020644648
0,0,0.0028112596
1,0,0.18462916
0,0,0.018520357
0,0,0.10782684
0,0,0.038538568
0,0,0.01153582
0,0,0.0076903543
1,1,0.99999785
1,1,0.8462059
0,0,0.49317867
0,0,0.0071065486
0,0,0.48770273
0,0,0.075103305
0,0,0.018854223
0,0,0.031586077
0,0,0.015009221
0,0,0.04805401
0,0,0.47257474
0,0,0.00068906037
1,1,0.9960147
0,0,0.031172875
1,1,0.9999976
0,0,0.060249794
0,0,0.36690965
0,0,0.024037177
1,1,0.999255
0,0,0.0049567576
0,0,0.019200413
0,0,0.013408692
0,0,0.0021444263
0,0,0.00015389147
0,0,0.023368083
0,0,0.21543641
0,0,0.024949793
1,1,0.99999833
0,0,0.016243739
1,1,0.9999988
0,0,0.1225765
0,0,0.018681847
0,0,0.00036849914
0,0,0.042954266
0,0,0.009558312
0,0,0.004657395
0,0,0.0029935476
0,0,0.099689595
0,0,0.39596617
0,0,0.005820048
0,0,0.068034105
0,0,0.21791649
0,0,0.034359336
0,0,0.12810595
0,0,0.021521538
0,0,0.024910092
1,1,0.9903951
0,0,0.2156145
0,0,0.021345098
0,0,0.04765252
0,0,0.03501625
0,0,0.014970876
0,0,0.116307
0,0,0.15154818
0,0,0.19789977
1,1,0.8749978
0,0,0.4129103
0,0,0.30507755
0,0,0.02852801
0,0,0.06718586
0,0,0.26588693
1,1,0.88866216
1,1,0.99999833
0,0,0.024286179
0,0,0.0489723
1,0,0.4985487
0,0,0.01198304
0,0,0.03330107
0,0,0.01769118
0,0,0.2726165
0,0,0.004974973
0,0,0.40220135
0,0,0.07874226
0,0,0.085037604
0,0,0.019041056
0,0,0.0002086289
0,0,0.00097409263
1,1,0.9999988
0,0,0.021800118
1,1,0.9999119
0,0,0.17581917
1,1,0.99997556
0,0,0.010861586
0,0,0.107500345
0,0,0.00038285577
0,0,0.043621622
0,0,0.010587908
0,0,0.1632678
0,0,0.13934441
1,1,0.9930565
0,0,0.069077015
0,0,0.07778837
0,0,0.4685477
0,0,0.03272349
0,0,0.070688404
0,0,0.02291314
0,0,2.6789228e-05
0,0,0.03241814
0,0,0.059821848
1,1,0.7212359
0,0,0.1496456
0,0,0.066763885
0,0,0.0415649
0,0,0.009809497
0,0,0.3707541
0,0,0.01558037
0,0,0.039192285
1,1,0.9999976
0,0,0.001098484
0,0,0.01989183
0,0,0.07239984
0,0,0.012265381
1,1,0.9916653
0,0,0.012645747
0,0,0.0029091449
0,0,0.038699627
1,1,0.9999987
0,0,0.25657135
0,1,0.55336416
0,0,0.009205147
0,0,0.0006246507
0,0,0.11723711
0,0,0.16217132
0,0,0.45075268
0,0,0.026369458
0,0,0.023454295
0,0,0.048944682
0,0,0.04095652
0,0,0.023454295
1,1,0.99999833
0,0,0.052170213
0,0,0.09742079
0,0,0.15811509
0,0,0.03543583
0,0,0.0059479815
1,1,0.99834275
0,0,0.012761031
0,0,0.0024809064
1,1,0.9991486
0,0,0.0019648157
0,0,0.15582435
0,0,0.0021852218
0,0,0.012326141
1,0,0.11765202
0,0,0.0026171806
0,0,0.090838574
1,1,0.97350264
0,0,0.09889828
0,0,0.007812942
0,0,0.012071276
0,0,0.1303925
0,0,0.26051012
0,0,0.22741581
0,0,0.009568831
0,0,0.0008899218
0,0,0.012651284
0,0,0.010180084
0,0,0.043814085
0,1,0.58272094
0,0,0.031973567
0,0,0.018107435
0,0,0.18818675
0,0,0.19653286
0,0,0.049880646
0,0,0.0334208
1,1,0.98879224
0,0,0.21794172
0,0,0.014084264
1,1,0.99999785
0,0,0.098997846
0,0,0.09955315
0,0,0.052442085
0,0,0.030853901
0,0,0.29479438
0,0,0.016350424
0,0,0.003971721
0,0,0.0022512001
0,0,0.071468845
0,0,0.31714615
0,0,0.061938416
0,0,0.010002969
0,0,0.0339847
0,0,0.056098655
0,0,0.024976052
0,0,0.0021425905
0,0,0.011396705
0,0,0.044846136
0,0,0.36690965
0,0,0.018056028
1,1,0.9973326
0,0,0.0066406094
0,0,0.00032908804
0,0,0.009623421
0,0,0.012797205
0,0,0.13306773
0,0,0.039180834
0,1,0.53418475
0,0,0.0005919588
0,0,0.035061445
1,1,0.9047092
0,0,0.05459588
0,0,6.82643e-05
0,0,0.04100949
0,0,0.033675443
0,0,0.0006715136
1,1,0.99999833
0,0,0.2216233
1,0,0.45791066
0,0,0.027577948
0,0,0.009781691
0,0,0.027847165
0,0,0.18890567
0,0,0.06572399
1,1,0.9999987
0,0,0.018009115
0,0,0.0062534353
0,0,0.0229376
0,0,0.09763265
0,0,0.24488191
0,0,0.0043580267
0,0,0.0004716388
0,0,0.0031741157
0,1,0.58728284
0,0,0.002338876
0,0,0.13864407
0,0,0.00073535205
0,0,0.0064503173
0,0,0.031543355
0,0,0.2232231
0,0,0.0099044675
0,0,0.0010980776
0,0,0.04902405
0,0,0.0012978746
0,0,0.005025576
0,0,0.15328602
0,0,0.008539651
0,0,0.016932517
1,0,0.026463619
0,0,0.03857773
0,0,0.004701158
0,0,0.0011612816
0,1,0.5560515
0,0,0.2556842
0,0,0.123499505
0,0,0.1423708
0,0,0.013328271
1,1,0.61245614
0,0,0.036627974
0,0,0.0010523845
0,0,0.004532976
0,0,0.07207129
0,0,0.0021204785
0,0,0.41438264
0,0,0.0028676686
0,0,0.009375224
0,0,0.09182422
0,0,0.0143902125
0,0,0.38972768
0,0,0.08766975
1,1,0.9999976
1,1,0.9999988
0,0,0.037014335
0,0,0.06057176
0,0,0.000981343
0,0,0.00055706897
0,0,0.0017086439
0,0,0.06169215
0,0,0.04705031
0,0,0.12876116
0,0,0.04858569
0,1,0.54546094
0,0,0.022279803
0,0,0.02017015
0,0,0.049645245
0,0,0.0024130028
0,0,0.0024975163
0,0,0.08328797
0,0,0.07122531
0,0,0.003753937
0,0,0.0032758242
0,0,0.060118757
0,0,0.009934744
0,0,0.035304666
0,0,0.010985031
0,1,0.8409499
1,1,0.98811126
0,0,0.283295
0,0,0.016350424
0,0,0.10885245
1,1,0.9999976
0,0,0.024477646
0,0,0.062361423
0,0,0.417147
1,1,0.9999968
1,1,0.9999987
0,0,0.040038634
0,0,0.1759415
0,0,0.027133089
0,0,0.00012806752
0,0,0.37042835
1,1,0.85707027
0,0,0.019782094
0,0,0.05056463
0,0,0.038005926
0,0,0.07788476
0,0,0.010164653
0,0,0.098031774
0,0,0.079650976
0,0,0.035116706
0,0,0.047767736
1,1,0.99999774
0,0,0.1000864
0,0,0.0004079838
0,0,0.014773944
0,0,0.017996518
0,0,0.0028177972
0,0,0.041210588
1,1,0.9999665
0,0,0.0012501302
0,0,0.017828522
0,0,0.022701079
0,0,0.21355276
0,0,0.0990526
1,1,0.5989309
0,0,0.032799177
0,0,0.15695514
0,0,0.015609961
0,0,0.023022426
0,0,0.030774627
1,0,0.08617629
0,0,0.00599227
0,0,0.02218621
0,0,0.014391918
0,0,0.028134845
0,0,0.07950332
0,0,0.06796445
1,1,0.99999857
1,1,0.9999987
0,0,0.21053244
1,1,0.99832374
0,0,0.020365762
0,0,0.11769252
0,0,0.16503415
0,0,0.007789398
0,0,0.014899105
0,0,0.006498827
0,0,0.0015613225
0,0,0.033243403
0,0,0.016194802
0,0,0.008447844
1,1,0.9814138
0,0,0.022804597
1,1,0.99999833
0,0,0.14437263
0,0,0.009216779
0,0,0.047767736
0,0,0.16339235
0,0,0.0023552948
0,0,0.035002872
0,0,0.054142464
0,0,0.004342376
0,0,0.007334031
0,0,4.544972e-05
0,1,0.58728284
0,0,0.02035663
0,0,0.050177112
0,0,0.0072324555
0,0,0.03487108
0,0,0.062018517
1,1,0.99999833
0,0,0.010485114
0,0,0.039352875
0,0,0.035298113
0,0,0.010921884
0,0,0.031042742
0,0,0.16836353
0,0,0.01768987
0,0,0.03969374
0,0,0.0040903264
1,1,0.99941623
0,0,0.002322441
0,0,0.08668838
0,0,0.0062656826
1,1,0.99999833
0,0,0.009336306
0,0,0.049699653
0,0,0.21260834
0,0,0.15395395
0,0,0.060647085
0,0,0.017784262
0,0,0.0014694926
0,0,0.34903082
0,1,0.53418475
0,0,0.02995523
0,0,0.037427437
1,1,0.99839574
1,1,0.9999988
0,0,0.05138862
0,0,0.00271214
0,0,0.016007343
0,0,0.06716492
0,0,0.24396057
0,0,0.0011313413
0,0,0.06380822
0,0,0.003530947
0,0,0.23498246
0,0,0.00085589086
0,1,0.5923733
0,0,0.0010153146
0,0,0.14015263
0,0,0.1559761
0,0,0.0061810105
0,0,0.14629897
0,0,0.00033315647
0,0,0.079699755
1,1,0.99998796
0,0,0.009753047
1,1,0.94221354
0,0,0.0020096553
0,0,0.052002613
0,0,0.052339524
0,0,0.04171942
0,0,0.06889829
0,0,0.021902371
0,0,0.03913052
0,0,0.009114063
0,0,0.17021392
0,0,0.24030805
0,0,0.0065208343
0,0,0.2417
0,0,0.17708224
0,0,0.26716805
0,0,0.017720722
0,0,0.014677853
0,0,0.33730313
0,0,0.05711098
0,0,0.059866864
0,0,0.018059617
0,0,0.11085915
0,0,0.012321085
0,0,0.00025147529
0,0,0.027776023
0,0,0.026042623
0,0,0.08023076
0,0,0.024095673
0,0,0.027511155
0,0,0.017775169
1,1,0.999998
0,0,0.015528172
0,0,0.27671432
0,1,0.6062019
0,0,0.2733228
0,0,0.47440356
0,0,0.12362496
0,0,0.02624659
0,0,0.021471009
0,0,0.014034684
0,0,0.034661636
0,0,0.005735642
0,0,0.009990326
0,0,0.030649582
0,0,0.05498928
1,1,0.99999833
0,0,0.054316096
1,1,0.97790545
1,1,0.9999988
1,1,0.9999976
1,1,0.999846
0,0,0.0099044675
0,0,0.103474386
0,0,0.1269071
0,0,0.2692441
0,0,0.0426232
1,1,0.9999987
0,0,0.097415656
0,0,0.11591502
0,0,0.10042042
0,0,0.038287044
0,0,0.17004418
1,1,0.99999833
0,0,0.012183552
0,0,0.47440356
0,0,0.48026702
0,0,0.038969357
0,0,0.006680496
0,0,0.027156342
0,0,0.010005132
0,0,0.0051442333
0,0,0.0321872
0,0,0.19558421
0,0,0.029984614
0,0,0.0029938833
0,0,0.004634139
1,1,0.9999988
0,0,0.026438821
0,0,0.011658092
1,1,0.996345
1,1,0.9900311
0,0,0.02576941
0,0,0.009164053
0,0,0.019630874
0,0,0.009093562
0,0,0.1256072
0,0,0.010322325
1,1,0.9999988
0,0,0.3247322
1,1,0.9288132
0,0,0.016443048
0,0,0.009246619
0,0,0.030802848
0,0,0.0072628846
1,1,0.98530143
0,0,0.023488356
0,0,0.056881446
0,0,0.050154634
0,0,0.057031814
0,0,0.08255306
0,0,0.030404914
0,0,0.005550838
0,0,0.016288811
1,1,0.9999976
0,0,0.006933298
0,0,0.02063601
0,0,0.23993468
0,0,0.15974513
0,0,0.09603739
0,0,0.101967365
0,0,0.0056846156
0,0,0.21619129
0,0,0.012857717
0,0,0.008813779
0,0,0.2994749
0,0,0.011733304
0,0,0.0484033
0,0,0.023168871
0,0,0.027712613
0,0,0.0025071085
0,0,0.011178679
1,1,0.96555626
0,0,0.0025075234
0,0,0.18161641
0,0,0.011999795
0,0,0.018774264
0,0,0.15395395
0,0,0.114282005
0,0,0.0223168
0,0,0.029374786
0,0,0.025153486
0,0,0.22203729
0,0,0.030235685
0,0,0.1133943
1,1,0.9999987
0,0,0.046413545
0,0,0.009673491
0,0,0.011665423
1,1,0.99999785
0,0,0.04713249
0,0,0.004677523
0,0,0.018630283
1,1,0.9129206
0,0,0.010741941
0,0,0.03232361
0,0,0.017679177
0,0,0.00064619776
0,0,0.014066886
0,0,0.0007332
0,0,0.0151262665
1,1,0.9999976
0,0,0.009286614
0,0,0.048497587
0,0,0.0069366405
0,0,0.031089567
0,0,0.009205147
0,0,0.29479438
1,0,0.2511199
0,0,0.03535058
0,0,0.027198045
0,0,0.015447772
0,0,0.041100662
1,1,0.999998
0,0,0.010322574
0,0,0.47935978
0,0,0.08062836
0,1,0.5376265
0,0,0.09110857
0,0,0.07727075
0,0,0.023766771
0,0,0.021274062
0,0,0.050676994
0,0,0.025554918
0,0,0.098568395
0,0,0.08668838
0,0,0.03291421
1,1,0.9853306
0,0,0.051747013
0,1,0.6082252
0,0,0.050440006
0,0,0.08633462
0,0,0.008700422
0,0,0.019267304
0,0,0.020380354
0,0,0.00020446519
0,0,0.030323423
0,0,0.020357367
0,0,0.0096882945
0,0,0.011672121
0,0,0.017052013
0,0,0.069543876
0,0,0.27671432
0,0,0.010164667
1,1,0.98596025
0,0,4.9194074e-05
0,0,0.3848014
0,0,0.044858117
0,1,0.58728284
0,0,0.31491643
0,0,0.050923236
1,1,0.9999987
0,0,0.06310435
1,1,0.61946946
0,0,0.018675754
0,0,0.07523042
0,0,0.021099728
0,0,0.00041005935
0,0,0.0025486653
0,1,0.50455725
0,0,0.007984557
1,1,0.999998
0,0,0.015755918
0,0,0.008468542
0,0,0.36135474
1,1,0.9999608
0,0,0.0016665917
0,0,0.050806034
0,0,0.048590243
0,0,0.029582428
0,0,0.013656399
0,0,0.0037329863
1,1,0.9401576
0,0,0.021833621
1,1,0.98722225
0,0,0.02796524
0,0,0.035329897
0,0,0.2599426
0,0,0.016529517
1,1,0.9999989
0,0,0.0137195
0,0,0.0023047852
0,0,0.10745778
0,0,0.12746502
0,0,0.00979238
0,0,0.005982496
0,0,0.015085049
0,0,0.05911611
1,1,0.8522506
0,0,0.033247724
0,0,0.0029312868
0,0,0.008632687
0,0,0.018347492
0,0,0.010182146
0,0,0.16559443
0,0,0.009023797
0,0,0.047038168
0,0,0.04903132
0,0,0.009875014
0,0,0.27671432
0,0,0.0209979
0,0,0.0033207687
0,0,0.1899924
0,0,0.009754193
1,1,0.99999833
0,0,0.028544396
1,1,0.88109094
0,0,0.15145485
1,1,0.9999988
0,0,0.08792568
0,0,0.0117401015
1,1,0.99999833
0,0,0.109305985
0,0,0.004717033
0,0,0.0015170209
0,0,0.07251072
1,1,0.9999976
0,0,0.10090399
0,0,0.043830056
1,1,0.99999785
0,0,0.0012978746
0,0,0.004063793
0,0,0.0035294623
1,1,0.6175271
0,0,0.009502354
0,0,0.01015244
0,0,0.02471751
0,0,0.067079484
1,1,0.98170596
1,1,0.99358636
0,0,0.053149916
0,1,0.5300659
0,0,0.03243336
0,0,0.020176262
0,0,0.0004797959
0,0,0.0030113969
0,0,0.045277894
0,0,0.031906433
0,0,0.0652484
1,1,0.9999144
0,0,0.041351467
0,1,0.56424576
0,0,0.030366166
0,0,0.004592619
0,0,0.00898644
0,0,0.008966329
0,1,0.69605595
0,0,0.00016957543
0,0,0.14959216
0,0,0.26929167
0,0,0.002353336
0,0,0.076785065
1,0,0.1737426
0,0,0.02783144
1,1,0.99999833
1,1,0.99999833
0,0,0.08472459
0,0,0.0004816387
0,0,0.04594621
0,0,0.0026183284
0,0,0.056369368
0,0,0.0153924255
0,0,0.034811556
0,0,0.006318345
0,0,0.008823306
0,0,0.021373605
0,0,0.031894762
0,0,0.22743788
1,1,0.9999976
0,0,0.051854912
0,0,0.01810176
0,0,0.046771705
0,0,0.029246874
0,0,0.0054324823
0,0,0.031103268
0,0,0.07814356
0,0,0.023518922
0,0,0.002144006
0,0,0.06540017
0,0,0.0115783885
0,0,0.001751637
0,0,0.14700627
0,0,0.00044416543
1,1,0.99879116
0,0,0.002788344
0,0,0.033469174
0,0,0.022871455
0,0,0.0684664
1,1,0.9999976
0,0,0.018003399
0,0,0.040333625
1,1,0.99999785
0,0,2.70763e-05
1,1,0.97790545
0,0,5.3022468e-05
0,0,0.082580395
0,0,0.06351215
0,0,0.036900584
0,0,0.06915313
0,0,0.07926799
0,0,0.02586816
1,1,0.99999785
0,0,0.08735489
0,0,0.01962125
0,0,0.014888323
0,1,0.5226055
1,1,0.9999976
0,0,0.032297734
0,0,0.15919589
0,0,0.0077978536
0,0,0.009133876
0,0,0.046758357
0,0,0.017679177
0,0,0.051444054
1,1,0.99999714
0,0,0.00888157
0,0,0.120653145
0,0,0.011942927
0,0,0.014717636
0,0,0.00070937356
0,0,0.0031131462
0,0,0.06937073
1,1,0.99999785
0,0,0.013445177
0,0,0.009950257
0,0,0.0126982825
0,0,0.10367673
0,0,0.0962594
0,0,0.09214247
0,0,0.4950944
0,0,0.08372381
0,0,0.009162953
0,0,0.081666954
0,0,0.027505623
0,0,0.00022665145
0,0,0.0013627063
0,0,0.027942779
0,0,0.17099164
0,0,0.076865435
0,0,0.0015604962
0,0,0.0068442477
0,0,0.09259475
0,0,0.0077902675
1,1,0.9999987
0,0,0.0071793455
0,0,0.07413357
0,0,0.0322293
1,1,0.98986244
1,0,0.43437278
0,0,0.002232061
0,0,0.13196371
0,0,0.13481978
0,0,0.014372916
0,0,0.016350117
1,1,0.99999833
0,0,0.0029979995
0,0,0.017032547
0,0,0.040377576
0,0,0.13739464
0,0,0.0004972339
0,0,0.043257285
0,0,0.2455018
1,1,0.9999968
0,0,4.2675052e-05
0,0,0.41350317
0,0,0.08914218
0,0,0.06219572
0,0,0.008189579
0,0,0.34211263
0,0,0.025797337
0,0,0.003937163
0,0,0.048556745
0,0,0.039462496
0,0,0.025212547
0,0,0.06664833
0,0,0.19326632
0,0,0.03964593
1,1,0.99999833
0,0,0.016772611
0,0,0.054449786
0,0,0.00072291214
0,0,0.0032300088
0,0,0.47257474
0,0,0.013116043
0,0,0.010112544
0,0,0.0026542875
0,0,0.47257474
0,0,0.027169188
0,0,0.12282466
0,0,0.32138294
0,0,0.013534142
0,0,0.0064711464
0,0,0.027073238
0,0,0.00025637355
0,0,0.08514262
0,0,0.12299759
0,0,0.021876384
0,0,0.04411544
0,0,0.12933873
0,0,0.026000382
0,0,0.00063320325
0,0,0.01655761
0,0,0.0015845342
1,1,0.9999976
0,0,0.37598905
1,1,0.99999833
0,0,0.004899462
1,1,0.9999987
0,0,0.05801073
0,0,0.083182104
0,0,0.0145981675
1,1,0.9631472
0,0,8.2055594e-05
0,0,0.0010542013
0,0,0.01811566
0,0,0.37474233
1,1,0.99549615
0,0,0.039585713
0,0,0.0025671097
0,0,0.0811166
1,1,0.9999987
0,0,0.008181075
0,0,0.009205147
0,0,0.018024432
0,0,0.0804224
1,1,0.99197125
0,1,0.55175155
0,0,0.01257127
1,1,0.99423087
0,0,0.038267665
1,1,0.9865645
0,0,0.010852231
0,0,0.015257611
0,0,0.15258293
0,0,0.014581702
0,0,0.053627323
0,0,0.053295236
0,0,0.12280472
0,0,0.008273206
0,0,0.0015328521
0,0,0.007983892
0,0,0.029378207
1,1,0.99999833
0,0,0.0027016257
0,0,0.071403466
0,0,0.054194782
0,0,0.01840399
0,0,0.078488186
0,0,0.04450415
0,0,0.0075816778
0,0,0.053208716
0,0,0.0055001015
0,0,0.01155985
1,0,0.17324367
0,0,0.08184983
0,0,0.015041182
0,0,0.02490446
1,1,0.99999833
0,0,0.04607098
0,0,0.0039206627
0,0,0.04709129
0,0,0.0049538305
0,0,0.06629168
1,0,0.29548198
0,0,3.0233396e-05
0,0,0.022784438
0,0,0.12529927
0,0,0.0012194216
0,0,0.04146109
0,0,0.008912415
0,0,0.20509213
0,0,0.030018486
0,0,0.070680544
0,0,0.0008859572
0,0,0.0161316
0,0,0.010685316
0,0,0.0003402047
0,0,0.00039655177
0,0,0.0045692944
0,0,0.00803359
0,0,0.035624433
0,0,0.23812498
0,0,0.27569455
1,0,0.092020266
0,0,0.00012565403
0,0,0.05599168
0,0,0.0036479188
0,0,0.006837234
0,0,0.43064183
0,0,0.0070028407
0,0,0.004773555
0,0,0.06561438
0,0,0.024795502
0,0,0.02870163
1,1,0.97513777
1,0,0.1374351
1,1,0.9999976
0,0,0.044576135
0,0,0.014492869
0,0,0.41350317
0,0,0.099490725
0,0,0.0060931426
0,0,0.20047061
0,0,0.05931346
0,0,0.07598336
0,0,0.026236888
0,0,0.00058029743
0,0,0.016627137
0,0,0.03572513
0,0,2.810607e-05
0,0,0.0023283814
0,0,0.0038134758
0,0,0.019850085
0,0,0.228928
0,0,0.068869345
0,0,0.0856721
0,0,0.04495165
1,1,0.96602285
0,0,0.13584633
1,1,0.99674416
0,0,0.0146804135
0,0,0.03794766
1,1,0.71569437
0,0,0.012478877
0,0,0.0003069098
1,1,0.999998
0,0,0.005650106
0,0,0.0025980102
0,0,0.23982207
0,0,0.004469025
0,0,0.017331528
0,0,0.016377341
0,0,0.0031365487
0,0,0.02493953
0,0,0.004736205
0,0,0.27671432
0,0,0.026461978
0,0,0.10443802
0,0,0.011565358
0,0,0.014557705
0,0,0.032879174
1,1,0.9999987
0,0,0.016338427
0,0,0.06559065
0,0,0.3811548
0,0,0.14713109
0,0,0.0046372614
1,1,0.9999976
1,1,0.9158113
1,1,0.7250043
0,0,0.047767736
0,0,0.01804293
0,0,0.0016816452
1,0,0.28845784
0,0,0.06464673
0,0,0.05143233
0,0,0.04292604
0,0,0.17141232
0,0,0.15292954
0,0,0.2277239
0,0,0.104970485
0,0,0.41350317
0,0,0.005617852
0,0,0.02996071
0,0,0.014622224
0,0,0.07228976
0,0,0.22280617
0,0,0.019765953
0,0,0.018084487
0,0,0.18893424
0,0,0.16474083
0,0,0.0057589714
1,1,0.999992
1,1,0.99999774
1,1,0.99999845
0,0,0.11740492
1,0,0.28647363
1,1,0.99999845
1,1,0.99192554
0,0,0.00086545135
0,0,0.05861661
0,0,0.04351231
0,0,0.045140762
0,0,0.0072648614
0,0,0.022767054
0,0,0.0007286886
0,0,0.0027447203
0,0,0.175869
0,0,0.0684323
0,0,0.082938895
0,0,0.010842612
0,0,0.00846039
0,0,0.27671432
0,0,0.028601183
0,0,0.09571036
0,0,0.056571126
0,0,0.028700665
0,0,0.054244835
0,0,0.013872791
1,1,0.9999987
0,0,0.006021775
1,1,0.9999976
0,0,0.042733293
1,1,0.999998
1,1,0.9999987
0,0,0.019755805
0,0,0.009376587
1,1,0.99999833
1,1,0.9999902
0,0,0.022164585
0,0,0.009257747
0,0,0.0073043923
1,1,0.99999774
0,0,0.0014695905
0,0,0.20881462
0,0,0.05898318
0,0,0.012071276
1,0,0.0071855676
0,1,0.55749434
1,1,0.9999988
0,0,0.020785682
0,0,0.37240636
1,1,0.9999976
1,1,0.9999976
0,0,0.027361784
0,0,0.027395204
0,0,0.043814085
0,0,0.0044473726
1,1,0.9999976
0,0,0.12881081
1,1,0.9733699
0,0,0.0003823256
0,0,0.16999663
0,0,0.0027294606
0,1,0.53963435
0,0,0.042340364
0,0,0.13778338
1,1,0.74138623
0,0,0.06757306
0,0,0.0034132705
0,0,0.013567208
0,0,0.03712383
0,0,0.09808894
0,0,0.09728909
1,1,0.99999785
0,0,0.026208783
1,1,0.9999988
0,0,0.010633652
0,0,0.025205566
0,0,0.010822548
0,0,0.05948356
0,0,0.074016415
1,0,0.1802789
0,0,0.26905274
1,1,0.9999988
0,0,0.016838597
0,0,0.12481177
0,1,0.58114225
0,0,0.058937993
0,0,0.029336335
0,0,0.34663492
0,0,0.059392087
0,0,0.022255084
1,1,0.9980769
0,0,0.0063594263
0,0,0.012487782
0,0,0.04459203
0,0,0.020921867
0,0,0.071688764
0,0,0.0011161807
0,0,0.052262746
1,1,0.58494806
0,0,0.0138554815
0,0,0.09593484
0,0,0.04437109
0,0,0.015840454
0,0,0.003992944
1,1,0.8173454
0,0,0.083983004
0,0,0.096577555
0,0,0.0012153897
0,0,0.017666437
0,0,0.2997222
0,0,0.051908173
0,0,0.008806825
0,0,0.0064766975
0,0,0.0017590491
0,0,0.06771047
0,0,0.0064907814
0,0,0.02577745
0,0,0.026142668
0,0,0.007459955
0,0,0.030813485
0,0,0.0163228
0,0,0.0007215831
0,0,0.2448021
0,0,0.00018087712
0,0,0.027989618
0,0,0.029680457
0,0,0.04616654
0,0,0.00993163
0,0,0.0026300636
0,0,0.052781746
0,0,0.002724121
0,0,0.019241856
0,0,0.026359152
0,0,0.06047041
0,0,0.008664727
1,1,0.7818771
0,0,0.11390281
0,0,0.006625764
0,0,0.027607907
0,0,0.021572964
0,0,0.041644935
1,1,0.98361444
0,0,0.0018988639
1,1,0.8421509
0,0,0.0022369951
0,0,0.042745575
0,0,0.049301516
0,0,0.032856695
0,0,0.120038
0,0,0.033684358
0,0,0.0056097647
0,0,0.002480872
0,0,0.008807553
0,0,0.036533978
0,0,0.038526095
1,0,0.3491116
1,1,0.9999976
0,0,0.047091633
0,0,0.095824346
0,0,0.0046683718
0,0,0.059255145
0,0,0.08282466
0,0,0.0014558682
0,0,0.0052250307
0,0,0.14060968
0,0,0.07554544
0,0,0.22910768
1,1,0.99999833
0,0,0.0007211785
0,0,0.108937226
0,0,0.25677195
1,1,0.9853563
1,0,0.26794815
0,0,0.026250284
0,0,0.034401264
0,0,0.03561505
1,1,0.9530407
0,0,0.0012688737
0,0,0.011970784
0,0,0.007624446
0,0,0.028700665
1,1,0.99546635
0,0,0.33557615
0,0,7.898891e-05
0,0,0.024204936
0,0,0.26656628
0,0,0.041822676
1,1,0.99478143
0,0,0.00043434137
0,0,0.33394253
0,0,0.00044259673
0,0,0.024725672
0,0,0.030578274
0,0,0.00013366947
0,0,0.009746247
0,0,0.0027384262
0,0,0.028278047
0,0,0.05575792
0,0,0.1487579
0,0,0.30318233
0,0,0.09753047
0,0,0.06939518
0,0,0.10662814
0,0,0.0079497
0,0,0.028063841
0,0,0.08293539
0,0,0.023096777
0,0,0.00040191624
1,1,0.99999833
1,1,0.99997365
0,0,0.022632983
0,0,0.0020431303
0,0,0.004413144
1,1,0.99999857
0,0,0.093490824
0,0,0.00068562984
1,1,0.99999785
0,0,0.0056617362
0,0,0.06313634
1,0,0.33606768
0,0,0.002676924
0,0,0.05951528
0,0,0.01515843
0,0,0.000992563
0,0,0.056831256
0,0,0.027653417
0,0,0.053105734
0,0,0.07562863
0,0,0.0007344581
0,0,0.01432667
0,0,0.05354058
0,0,0.098075695
1,1,0.98425573
0,0,0.032557663
0,0,0.32667384
1,1,0.99999833
0,0,0.0650368
1,1,0.9999987
0,0,0.01083867
0,0,0.15567943
0,0,0.23530145
0,0,0.0067640655
0,0,0.0014782378
0,0,0.0021627964
0,0,0.046668537
0,0,0.017935015
0,0,0.032662313
0,0,0.019168748
0,0,0.00054566265
0,0,0.02174464
1,1,0.9994655
0,0,0.0610588
1,1,0.99999833
0,0,0.0059736553
0,0,0.012943024
0,0,0.0060310205
0,0,0.0033109006
0,0,0.0002834712
0,0,0.0036041443
0,0,0.2997222
0,0,0.05864124
0,0,0.091708235
0,0,0.009010553
0,0,0.014943308
1,1,0.99065304
0,0,0.048664197
1,1,0.9999976
0,0,0.17766492
0,0,0.0072625745
0,0,0.03784018
0,0,0.07843729
1,1,0.98361444
0,0,9.988887e-05
0,0,0.0019695556
0,0,0.00092866266
0,0,0.13089749
0,0,0.018116444
1,1,0.98528165
0,0,0.08343729
0,0,0.011804674
0,0,0.05542706
0,0,0.0055081793
0,0,0.0050222413
0,0,0.14552088
0,0,0.00092930655
0,0,0.008398395
1,1,0.9939114
0,0,0.3129477
0,0,5.0802308e-05
0,0,0.016258674
0,0,0.251358
0,0,0.036441725
1,1,0.99999774
0,0,0.019051079
0,0,0.22538753
0,0,0.15916029
0,0,0.177717
0,0,0.0006217803
0,0,0.03869263
0,0,0.20622946
1,1,0.99832994
0,0,0.0007698309
1,0,0.4490555
0,0,0.038785383
0,0,0.123213276
0,0,0.044548586
0,0,0.047597177
0,0,0.00019331048
0,0,0.17215568
1,1,0.91300774
1,1,0.9999988
0,0,0.017029729
1,1,0.99020666
0,0,0.32403827
0,0,0.0012014861
0,0,0.042969324
1,0,0.18201458
0,0,0.0107445605
0,0,0.025693921
0,0,0.21364099
0,0,0.115042016
0,0,0.0031841919
0,0,0.00063355337
0,0,0.06843674
1,1,0.9973326
0,0,0.05424935
0,0,0.41016078
1,1,0.9999976
0,0,0.028624179
0,0,0.00037090442
0,0,0.13386463
0,0,0.020421904
0,0,0.018402526
0,0,0.016869688
0,0,0.019901806
0,0,0.0025956514
0,0,0.0007974933
0,0,0.008052407
0,0,0.0018947338
0,0,0.019051792
0,0,0.1508605
0,0,0.27991024
0,0,0.22762333
0,0,0.0072636204
0,0,0.08035135
0,0,0.016660087
0,0,0.3322288
0,0,0.001770202
1,1,0.99999833
1,1,0.9915902
1,1,0.9940253
1,1,0.9999987
0,0,0.03526498
0,0,0.08548377
0,0,0.37240636
0,0,0.0035868238
0,0,0.027337365
0,0,0.10214191
0,0,0.0051837587
0,1,0.851634
0,0,0.05562044
0,0,0.058008127
1,1,0.99999857
0,0,0.018510757
0,0,0.35215268
0,0,0.031278387
1,1,0.9999846
0,0,0.006831191
1,1,0.99999833
0,0,0.01875899
0,0,0.055201873
0,0,0.41350317
0,0,0.27671432
0,0,0.018374441
0,0,0.40863636
0,0,0.045985073
0,0,0.40958855
0,0,0.4432767
0,0,0.4350379
0,0,0.07720139
0,0,0.0999282
0,0,0.011873981
0,0,0.041195977
0,0,0.008169108
0,0,0.28680137
0,0,0.00052931195
0,0,0.0553343
1,1,0.99746215
0,0,0.004846053
0,0,0.05069702
0,0,0.08497887
1,1,0.9999763
0,0,0.052014705
0,0,0.009689662
0,0,0.036963906
0,0,0.0988836
0,0,0.039757214
0,0,0.010028017
0,0,0.29787904
0,0,0.1634095
1,0,0.47606814
0,0,0.011178679
0,0,0.024795502
0,0,0.049201645
0,0,0.019042868
1,1,0.8238182
0,0,0.0063230596
0,0,0.03165922
1,1,0.99999833
0,0,0.019473338
0,0,0.005468118
1,1,0.9999987
0,0,0.09823929
0,0,0.04304174
0,0,0.019350909
1,1,0.9996774
0,0,0.08556868
0,0,0.011856025
0,0,0.06721951
0,0,0.02984622
0,0,0.022213312
0,0,0.0061678346
0,0,0.12637657
0,0,0.005650106
0,0,0.05926123
0,0,8.414965e-05
0,0,0.1490515
0,0,0.014970876
0,0,0.17794451
1,0,0.2971421
1,1,0.9999988
0,0,0.0015796135
0,0,0.13365203
0,0,0.0006964616
0,0,0.015929017
0,0,0.037677012
0,0,0.0060877935
1,1,0.999998
0,0,0.11552165
0,1,0.8715753
0,0,0.02164353
1,1,0.9999931
1,0,0.4974121
0,0,0.013327555
0,0,0.047689896
1,1,0.99999833
0,0,0.008979033
0,0,0.0013444512
0,0,0.03688071
0,0,0.0037199515
1,1,0.6951797
0,0,0.015615566
0,0,0.06775447
0,0,0.007320661
0,0,0.02023411
0,0,0.036885053
1,1,0.99999785
0,0,0.0019926007
0,0,0.12242686
0,0,0.29479438
0,0,0.01926102
1,1,0.9999988
0,1,0.56094456
0,0,0.098031774
0,0,0.014815131
0,0,0.0037947118
0,0,0.35426608
0,0,0.056931093
0,0,0.02135282
0,0,0.10722565
0,0,0.37069348
0,0,0.050985895
0,0,0.100023255
0,0,0.07689315
0,0,0.049715813
0,0,0.01801974
0,0,0.014447093
0,0,0.0047273505
0,0,0.44651878
0,0,0.12213911
0,0,0.012911925
0,0,0.27920145
0,0,0.056047596
0,0,0.0020229234
0,0,0.0016104763
0,0,0.07461051
0,0,0.025161268
0,0,0.013401414
0,0,0.16331579
0,0,0.03199749
0,0,0.03180557
0,0,0.0538565
0,0,0.0035371513
0,0,0.013756526
0,0,0.06368841
0,0,0.0067670452
0,0,0.002284537
0,0,0.010010068
0,0,0.0064460104
0,0,0.0010752907
0,0,0.1622662
0,0,0.00040889005
0,0,0.1930732
0,0,0.0031666064
0,0,0.0023767417
0,0,0.0003603548
1,0,0.45681068
0,0,0.012950946
0,0,0.011031561
0,0,0.0019715286
0,0,0.046703566
1,1,0.9733699
0,0,0.14018479
0,0,0.02896222
0,0,0.0710686
0,0,0.45625407
0,0,0.0072498107
0,0,0.052414406
0,0,0.010548478
0,0,0.004401617
0,0,0.0002760434
1,1,0.9999988
0,0,0.2694348
1,1,0.9999968
0,0,0.10273381
0,0,0.0027148603
0,0,0.0006417148
0,0,0.010303369
0,0,0.24452697
0,0,0.034176823
0,0,0.1598618
0,0,0.023647467
0,0,0.008991949
1,1,0.99999785
0,0,0.06745693
0,0,0.10119921
1,1,0.99999833
0,0,0.30214685
0,0,0.025967589
0,0,0.011768189
1,1,0.99999774
0,0,0.047532737
1,1,0.99999833
0,0,0.0013291498
0,0,9.291457e-05
0,0,0.052002613
0,0,0.03538128
0,0,0.012953781
0,0,0.0056166695
1,1,0.9885389
0,0,0.14591129
0,0,0.1946421
1,1,0.9919308
0,0,0.010403212
0,0,0.008072477
0,0,0.00054340827
0,0,3.1475905e-05
0,0,0.4724374
0,0,0.0014750473
0,0,0.23299983
0,0,0.21001709
0,0,0.20286773
1,1,0.9999988
0,0,0.009765166
0,0,0.019904826
0,0,0.0011127637
0,1,0.6466165
0,0,0.004882891
0,1,0.6601366
0,0,0.4399656
0,0,0.021256676
0,0,0.032039873
0,0,0.026582865
0,0,0.19377418
0,0,0.050689507
0,0,0.0032522038
0,0,0.017801397
0,0,0.28411716
0,0,0.04618327
0,0,0.07048775
1,1,0.8640509
0,0,0.0931415
0,0,0.18629962
0,0,0.07185308
0,0,0.014397335
0,0,0.21688777
0,0,0.007329013
0,0,0.00037560056
0,0,0.044234872
0,0,0.37069348
1,1,0.999998
0,0,0.005737393
0,0,0.04005462
1,1,0.97289103
0,0,0.01973069
1,1,0.9999987
0,0,0.032823443
0,0,0.05955122
0,0,0.058150657
1,0,0.33513474
0,0,0.16388042
0,0,0.0017893951
0,0,0.022207472
0,0,0.0072278627
0,0,0.021838155
0,0,0.021348212
0,0,0.31611913
0,0,0.05108603
1,1,0.9673313
0,0,0.01715818
0,0,0.0116515
1,1,0.9999988
0,0,0.41354558
1,1,0.99999774
0,0,0.18033826
0,0,0.035665
0,1,0.57706517
1,1,0.99999833
0,0,0.014182283
1,1,0.999997
1,1,0.9999987
0,0,0.013876666
0,0,0.054082938
1,1,0.99999714
0,0,0.013565638
0,0,0.0132517405
0,0,0.012580624
0,0,0.08822941
0,0,0.31617922
0,0,0.13075736
0,0,0.009770151
1,1,0.8576083
0,0,0.003836917
1,1,0.99999833
1,1,0.986225
0,0,0.055630986
0,0,0.32984143
0,0,0.0032090065
0,0,0.02766603
0,0,0.018013952
0,0,0.021549335
0,0,0.014069598
1,1,0.99999833
1,1,0.9999987
1,0,0.30720636
0,0,0.05139835
0,1,0.7270289
0,1,0.50869244
0,1,0.5459434
0,0,0.00867766
0,0,0.08343729
0,0,0.0033845874
0,0,0.028734367
0,0,0.0010907962
0,0,0.03855161
1,1,0.9999976
1,1,0.6743604
0,0,0.030223085
0,0,0.015911805
0,0,0.00064041006
0,0,0.43588343
0,0,0.3984074
0,0,0.059367374
0,0,0.0067050094
0,0,0.47370014
0,1,0.6194792
0,0,0.2997222
0,0,0.021922907
0,0,0.08981497
0,0,0.0035671112
0,0,0.0019105452
0,0,0.00046170794
0,0,0.26424548
1,1,0.99506444
1,0,0.32985038
1,0,0.30579296
0,0,0.023513077
1,1,0.9999789
0,0,9.774634e-05
0,0,0.005820048
0,0,0.0026045414
0,0,0.0118035665
0,0,0.00044740306
1,1,0.9999976
0,0,0.026809052
1,0,0.28782815
0,0,0.013567208
0,0,0.14979823
0,0,0.019095462
0,0,0.034868296
0,0,0.00079464976
0,0,0.2088556
0,0,0.008132655
0,0,0.18659773
0,0,0.002218958
0,0,0.020849066
0,0,0.03979702
0,0,0.15621194
0,0,0.026844313
0,0,0.04445483
1,0,0.021901963
0,0,0.12453772
0,0,0.05955122
1,1,0.9999988
0,0,0.090779535
1,0,0.47438893
0,0,0.0008710896
0,0,0.01282259
0,0,0.2968449
1,1,0.9999976
0,0,0.011180361
0,0,0.11148925
0,0,0.00019072003
0,0,0.2844804
1,1,0.8490524
0,0,0.2958829
0,0,0.0042400085
1,1,0.9999976
0,0,0.0073407935
0,0,0.031581946
0,0,0.020104866
1,1,0.5831695
0,0,0.0049967933
0,0,0.09855054
0,0,0.02068857
0,0,0.28150702
0,0,0.12979445
0,0,0.011188308
0,0,0.062093124
0,0,0.015654027
0,0,0.024735115
0,0,0.0074854717
0,0,0.22758356
0,0,0.13748279
0,0,0.19966069
0,0,0.043048415
0,0,0.0738369
0,0,0.0025066314
0,0,0.08896401
0,0,0.032844257
0,0,0.043776132
0,0,0.007705172
0,0,0.0033586049
0,0,0.005944072
0,0,0.014719786
0,0,0.010843169
0,0,0.0025574956
0,0,0.03217035
1,1,0.9999144
1,1,0.98554486
0,0,0.054451223
0,0,0.2997222
0,0,0.007914088
0,0,0.14343557
0,0,0.013819226
0,0,0.017195314
0,0,0.040229123
0,0,0.0036903366
0,0,0.012965937
0,0,0.010839952
0,0,0.17961721
0,0,0.07636925
1,1,0.99999774
0,0,0.082685694
0,0,0.15092485
0,0,0.0051576556
0,0,0.013178912
0,1,0.62919134
0,0,0.01581381
0,0,0.0016053597
0,0,0.042202465
0,0,0.06728819
0,0,0.00014515579
1,0,0.349895
0,0,0.056283567
1,1,0.94256085
1,1,0.90674686
0,0,0.025120674
0,0,0.018619489
0,0,0.0032464142
0,0,5.8460275e-05
0,0,0.004960214
1,1,0.99999785
0,0,0.081917636
0,0,0.010513881
0,0,0.03863179
0,0,0.010738268
0,0,0.06336964
0,0,0.004336119
0,1,0.61554873
0,0,0.2665105
0,0,0.033009265
0,0,0.03379506
1,1,0.9999988
0,0,0.28411716
0,0,0.042045657
0,0,0.036269236
0,0,0.014508379
0,0,0.024181493
1,1,0.9580723
0,1,0.62698907
0,0,0.032829326
0,0,0.0053839497
0,0,0.12963486
0,0,0.042458892
0,0,0.054760817
0,0,0.023639861
0,0,0.011097103
0,1,0.5337419
0,0,0.2705611
1,1,0.99999833
0,0,0.024915364
1,1,0.97958916
0,0,0.07437215
0,0,0.051623587
0,0,0.046906814
0,0,0.016959375
0,0,0.010515344
0,0,0.017830834
0,0,0.056649078
0,0,0.11485649
1,1,0.9999784
0,0,0.009741871
0,0,0.009106625
0,0,0.011878134
0,0,0.019986376
1,1,0.99999845
0,0,0.23418131
0,0,0.06314539
0,0,0.0006903977
0,0,0.03701289
0,0,0.00012442085
0,0,0.025098106
0,0,0.009318056
0,0,0.0139167085
1,1,0.9999119
0,0,0.008153591
0,0,0.06082256
0,0,0.0003689055
0,0,0.0007015587
0,0,0.029029675
1,1,0.9999987
1,1,0.99999833
0,0,0.028748916
0,0,0.007162402
0,0,0.034124848
0,0,0.030395573
1,1,0.99999344
0,0,0.094802275
0,0,0.0068442477
0,0,0.010693627
0,0,0.0036991371
1,1,0.9999976
0,0,0.02223216
0,0,0.25111705
0,0,0.018782783
0,0,0.007297698
1,1,0.9999987
0,0,0.04125861
0,0,0.0014036662
1,1,0.9999987
0,0,0.046467643
0,0,0.10024039
0,0,0.036917593
0,0,0.03499413
0,0,0.106724665
1,0,0.063045196
0,0,0.012326141
0,0,0.07015101
0,0,0.0690415
0,0,0.019882372
0,0,0.0029971418
0,0,0.03822323
0,0,0.11070673
0,0,0.07631249
0,0,0.02165314
0,0,0.15906782
0,0,0.0072109145
0,0,0.12230839
0,0,0.00018609618
0,0,0.03835146
0,0,0.0017596269
0,0,0.029500738
0,0,0.010997347
0,0,0.051448267
1,1,0.9999665
0,0,0.024880132
1,1,0.9999976
0,0,0.0032160457
0,0,0.056592688
0,0,0.10570494
0,0,0.0011360976
0,0,0.006116288
0,0,0.11116419
0,0,0.08880893
0,0,0.0065184715
0,0,0.0074938694
0,0,0.0012123003
0,0,0.0011544719
0,0,0.08570973
0,0,0.2573075
1,0,0.25186116
0,0,0.0031977862
0,0,0.3773457
0,0,0.009520791
0,0,0.028929468
0,0,0.0042111385
0,0,0.00088070944
0,0,0.018332394
0,0,0.0522513
1,1,0.999998
0,0,0.0012813013
0,0,0.004216032
0,0,0.0577865
0,0,0.038918573
0,0,0.0070193456
0,0,0.39069772
0,0,0.0059140874
0,0,0.026584277
0,0,0.122222625
0,0,0.010484856
0,0,0.060493767
0,0,0.11876918
0,0,0.050777413
0,0,0.00036849914
1,0,0.23283486
0,0,0.027519664
0,0,0.03368964
0,0,0.36694145
0,0,8.072956e-05
0,0,0.017393773
0,0,0.011023694
0,0,0.0019317846
0,0,0.0037045558
0,0,0.08931864
0,0,0.009628926
0,0,0.023951812
0,0,0.0113150235
0,0,0.024281316
0,0,0.08188737
0,0,0.01683477
0,0,0.008927899
0,0,0.27671432
0,0,0.015156174
0,0,0.035107102
0,0,0.029924355
0,0,0.0525434
1,1,0.9853306
1,1,0.50869244
0,0,0.121471696
1,1,0.999998
0,0,0.031027313
1,1,0.9999988
0,0,0.0026749899
0,0,0.030249516
1,1,0.99998164
0,0,0.00025644543
0,0,0.008273206
0,0,0.07967274
0,0,0.08811122
0,0,0.233372
0,0,0.07644961
1,1,0.9387315
1,1,0.9920312
0,0,0.001823532
0,0,0.03553809
0,0,8.3262836e-05
1,1,0.99999833
0,0,0.21446499
0,0,0.0029219296
0,0,0.0012079789
0,0,0.004457888
0,0,0.0075981854
0,0,0.05811409
0,0,0.13093798
0,0,0.10985592
0,0,0.32322752
0,0,0.0011560561
0,0,0.014175604
0,0,0.067913145
0,0,0.056143146
0,0,0.01282259
0,0,0.033675443
0,0,0.03554216
0,0,0.098759234
0,0,0.4495291
0,0,0.0064969957
0,0,0.41283634
0,0,0.123604044
0,0,0.002786519
0,0,0.0071270177
0,0,0.019559653
0,0,0.0078705195
1,1,0.8238182
1,1,0.9999987
0,0,0.012342115
1,1,0.50869244
0,1,0.5069934
0,0,0.026200322
0,0,0.01693158
0,0,0.24292454
0,0,0.12433403
0,0,0.0036118445
0,0,0.0012565545
0,0,0.03546934
0,0,0.033071604
0,0,0.09236498
0,0,0.25200045
0,0,0.00014189274
1,1,0.51713926
0,0,0.02854624
0,0,0.0070267413
0,0,0.22612764
0,0,0.0072662653
0,0,0.00047512594
0,0,0.021917218
0,0,0.05948356
0,0,0.2259473
0,0,0.1834073
1,1,0.9749024
1,0,0.29121846
0,0,0.004453654
0,0,0.15676479
0,0,0.059140675
0,0,0.029968863
0,0,0.0353975
0,0,0.018604847
0,0,0.061407812
0,0,0.2672989
0,0,0.012787864
0,0,0.07368423
0,0,0.0486152
0,0,0.070425
0,0,0.18599284
0,0,0.0044959593
0,0,0.0055768383
0,0,0.11223234
0,0,0.030272841
0,0,0.00047789508
0,0,0.0016586698
0,0,0.090486616
0,0,0.011983447
0,0,0.030760689
0,0,0.07496275
1,1,0.99363154
0,0,0.011426512
0,0,0.018915873
0,0,0.020515127
0,0,0.07347454
0,0,0.03846583
1,1,0.9999981
0,0,0.008346949
0,0,0.10964236
0,0,0.0076982216
1,1,0.99999785
0,0,0.00019979998
0,0,0.00018973948
0,0,0.19688977
0,0,0.041760884
0,0,0.019719345
0,0,0.03931414
0,0,0.04998996
0,0,0.002658469
0,0,0.021442864
0,0,0.0005084545
0,0,0.21899787
1,1,0.9999988
0,0,0.0042879595
0,0,0.02879722
0,0,0.04195892
0,0,0.3602667
1,1,0.5074099
0,0,0.028657865
0,0,0.019069748
0,0,0.034928586
0,0,0.0125066135
0,0,0.097746305
0,0,0.0013844854
0,0,0.0026503822
0,0,0.14668624
0,0,0.0051464373
1,1,0.99999774
0,0,0.013989367
0,0,0.074811205
0,0,5.278822e-05
1,1,0.99999833
0,0,0.00019082519
0,0,0.0054904665
0,0,0.005831437
0,0,0.22352003
0,0,8.137967e-05
0,0,0.016597778
0,0,0.023439294
1,1,0.9999988
0,0,0.0036479188
0,0,0.008537716
0,0,0.0032105031
0,0,0.1350584
0,0,0.105842166
0,0,0.091163814
0,0,0.06094608
0,0,0.018212235
0,0,0.009608436
0,0,0.011667545
0,0,0.09285518
0,0,0.028560381
0,0,0.046246443
1,1,0.99999774
0,0,0.000103905826
1,1,0.9999144
1,1,0.999998
0,0,0.0014059813
0,0,0.0225057
1,1,0.99999833
0,0,0.041514173
0,0,0.037142172
0,0,0.00013113505
0,0,0.009686217
1,1,0.9999865
0,0,0.0012391856
0,0,0.40870696
0,0,0.029154057
0,0,0.004615597
0,0,0.27175564
0,0,0.003378927
0,0,0.039249096
0,0,0.032981507
0,0,0.14362434
0,0,0.021056976
0,0,0.0071306797
0,0,0.0017828293
0,0,0.0012884008
0,0,0.00022587589
0,0,0.027303217
0,0,0.020545954
0,0,0.10484048
0,0,0.4630857
0,0,0.010843292
0,0,0.00056450034
0,0,0.034828145
0,0,0.018439364
0,0,4.538328e-05
0,0,0.00016813734
0,0,0.02121318
0,0,0.035799135
0,0,0.021773374
0,0,0.015153882
0,0,0.13812931
0,0,0.05478518
0,0,0.33394253
0,0,0.0070562474
0,0,0.05822172
0,0,0.03152858
1,0,0.41350317
0,0,0.032719854
0,0,0.030442957
0,0,0.034627996
0,0,0.0046647773
0,0,0.015992353
1,0,0.30629402
0,0,0.07068674
1,1,0.9999987
1,1,0.9999987
1,1,0.99999785
0,0,0.076532215
1,1,0.97494465
1,1,0.5191273
0,0,0.20126544
0,0,0.001036142
0,0,0.01227723
0,0,0.17196363
0,0,0.010863231
0,0,0.045025464
0,0,0.08484149
0,0,0.004592619
0,0,0.010981322
1,1,0.9999976
1,1,0.9999988
0,0,0.016836878
0,0,0.23854458
0,0,0.06795428
0,0,0.013661995
1,1,0.99999833
0,0,0.00051699026
0,0,0.18519238
0,0,0.025348887
0,0,0.023548942
1,1,0.7106398
0,0,0.059679188
1,1,0.9613662
0,0,0.06251964
1,1,0.9999988
0,0,0.030277338
0,0,0.0077790087
0,0,0.01468992
0,0,0.032765
1,1,0.50159144
0,0,0.05605881
1,1,0.9999809
0,0,0.054222666
1,1,0.9999976
1,1,0.9999831
0,0,0.076382704
0,0,0.040497955
0,0,0.008081684
0,0,1.7925235e-05
0,0,0.00054162013
0,0,0.2501697
0,0,0.081640154
0,0,0.011045543
0,0,0.007803471
0,0,0.005474623
0,0,0.0060535385
0,0,0.11360422
0,0,0.0058839214
0,0,0.0042698844
0,0,0.020658763
0,0,0.13797747
1,1,0.9999665
0,0,0.00650918
0,0,0.061149344
0,0,0.02805785
0,0,0.045123026
0,0,0.003230319
0,0,0.31668854
0,0,0.07230261
0,0,0.39422745
0,0,0.0026321858
0,0,0.10749869
0,0,0.009656153
0,0,0.07743514
0,0,0.017751366
0,0,0.0023286983
0,0,0.45342728
0,0,0.1016694
1,1,0.99999845
0,0,0.004249009
0,0,0.1494469
0,0,0.00092930655
1,1,0.9999144
0,0,0.08047329
0,0,0.021657798
0,0,0.00997267
0,0,0.47257474
1,1,0.9121576
0,0,0.0015850721
0,0,0.021617703
0,0,0.20745823
0,0,0.40958855
0,0,0.015763145
0,0,0.018010149
0,1,0.58728284
1,1,0.70938814
0,0,0.0024528168
0,0,0.0029512208
0,0,0.10702884
0,0,0.037964035
0,0,0.049122203
0,0,0.29472554
1,1,0.99999845
0,0,0.15695514
0,0,0.010969867
1,0,0.13708664
1,1,0.9686612
0,0,0.021483453
0,0,5.4861075e-06
1,1,0.9422534
0,0,0.013917887
1,1,0.95549446
0,0,0.23166057
0,0,0.047348037
0,0,0.04665861
0,0,0.00041254438
0,0,0.002589192
0,0,0.044319894
0,0,0.00032956622
0,0,0.00908193
0,0,0.23588218
0,0,0.002710722
0,0,0.0059303804
0,0,0.27912036
0,0,0.12197167
0,0,0.0032728221
0,0,0.1069326
0,0,0.013201517
0,0,0.0768664
1,1,0.98949665
0,0,0.005558577
0,0,0.03234507
0,0,0.014315631
0,0,0.06313634
1,1,0.9999988
0,0,0.0014856155
1,1,0.99999833
0,0,0.060175173
0,0,0.029762214
0,0,0.40315813
1,1,0.999998
1,1,0.98123574
0,0,0.0057737282
0,0,0.0145286815
0,0,1.6065931e-05
0,0,0.08363598
0,0,0.08236798
1,1,0.999998
0,0,0.36690965
0,0,0.26793462
0,0,0.033606112
0,0,0.001530923
1,0,0.13587677
0,0,0.017713327
0,0,0.038357485
0,0,0.104281925
0,0,0.031171957
1,1,0.9976284
0,0,0.021097552
0,0,2.0612175e-05
0,0,0.039805137
0,0,0.042117644
0,0,0.042764604
0,0,0.38394195
0,1,0.51586396
0,0,0.0147499
1,0,0.08879818
0,0,0.038975704
0,0,0.32630786
0,0,0.016046831
0,0,0.032529604
0,0,0.37240636
0,0,0.002797098
0,0,0.013548472
0,0,0.24350904
0,0,0.033920933
0,0,0.0018959182
0,0,0.032727152
0,0,0.050413955
0,0,0.028314639
0,0,0.092893645
1,1,0.99999833
0,0,0.030140456
0,0,0.0010820389
0,0,0.008653148
0,0,0.00013259512
0,0,0.32024655
0,0,0.077770285
0,0,0.0010958272
0,0,0.00043153192
1,1,0.9999987
0,0,0.026225323
0,0,0.001941876
0,0,0.021836363
0,0,0.0035865102
0,0,0.0033651618
0,0,0.088476025
0,0,0.0023980767
0,0,0.006486616
0,0,0.025739135
0,0,0.0003851929
0,0,0.006900524
0,0,0.19140339
0,0,0.021982592
1,1,0.99999774
1,1,0.8207646
0,0,0.032153513
0,0,0.00151449
0,0,0.020616857
0,0,0.049944382
0,0,0.04734093
0,0,0.013310147
0,0,0.012699089
0,0,0.0076563805
0,0,0.35439724
0,0,0.4170585
0,0,0.054714818
0,0,0.05864124
0,0,0.0025351692
0,0,0.013853872
0,0,0.0025303965
0,0,0.033476148
0,1,0.56001186
0,0,0.00558603
0,0,0.025581796
1,1,0.9999976
0,0,0.016284235
1,1,0.99999833
0,0,0.12984246
0,0,0.016314404
0,0,0.02833949
0,0,0.001034448
0,0,0.026032953
1,1,0.99999785
0,0,0.012668235
0,0,0.09335111
0,0,0.0028044
1,1,0.82272655
0,0,0.13399792
0,0,0.0951106
0,0,0.06740212
0,0,0.00043693476
0,0,0.08388352
0,0,0.13992274
1,1,0.99982125
0,0,0.22518758
0,0,0.07265614
0,1,0.50455725
0,0,0.0047687637
1,1,0.9999976
0,0,0.15574636
0,0,0.008218718
0,0,0.0066061798
0,0,0.00070585543
0,0,0.0038351624
0,0,0.06105
0,0,0.059714112
0,0,0.012326141
0,0,0.06209437
0,0,0.13698162
0,0,0.018433958
0,0,0.005329146
0,0,0.2997222
1,0,0.45311883
0,0,0.10422768
1,1,0.9662309
0,0,0.00012964047
0,0,0.028689174
0,0,0.21525954
0,0,0.041982725
0,0,0.0037426725
0,0,0.19275849
0,0,0.07658868
0,0,0.025797337
0,0,0.02992263
0,0,0.01651029
0,0,0.022640113
0,0,0.004663664
1,1,0.9999987
0,0,0.009960588
0,0,0.009646946
0,0,0.0005173568
0,0,0.38876587
0,0,0.11793984
1,1,0.93108577
0,0,0.0474849
1,1,0.9999987
0,0,0.003969756
0,0,0.052136462
0,1,0.5255888
0,0,0.030197335
0,0,0.002704908
0,0,0.002383313
1,1,0.9999976
0,0,3.4640365e-05
1,1,0.9999976
0,0,0.1596238
0,0,0.041005693
0,0,0.05200991
0,0,0.018548831
0,0,0.00063355337
0,0,0.052070696
0,0,0.0039244317
0,0,0.33394253
0,0,0.000255174
0,0,0.014057104
0,0,0.013135969
1,1,0.9888255
1,1,0.9999988
0,0,0.047589786
0,0,0.013519856
0,0,0.0062475647
1,1,0.9999976
0,0,0.0007620938
0,0,0.00081564154
1,1,0.9999987
0,0,0.012855697
0,0,0.44348118
0,0,0.007884371
1,1,0.6674644
0,0,0.03342628
0,0,0.1292226
1,1,0.99999857
0,0,0.084135674
0,0,0.03222527
0,1,0.6404467
1,1,0.8626235
0,0,0.2214805
0,0,0.026561877
0,0,0.086439095
1,0,0.3812612
0,0,0.053039677
0,0,0.18493891
0,0,8.805159e-05
0,0,0.08558192
0,0,0.24424084
0,0,0.005322866
0,0,0.231444
0,0,0.0005590514
1,1,0.999998
0,0,0.00034139754
0,0,0.040620886
0,0,0.011763544
0,0,0.077341296
0,0,0.033758838
0,0,0.0415816
0,0,0.10558442
1,0,0.028332038
0,0,0.027156342
0,0,0.4543449
0,0,8.726135e-05
0,0,0.042019043
0,0,0.060413133
0,1,0.5552534
1,1,0.999998
0,0,0.029662052
0,0,0.008293901
0,0,0.15629245
0,0,0.01875986
0,0,0.21383493
0,0,0.10076223
0,0,0.003170447
0,0,0.0049974597
0,0,0.053201392
0,0,0.014748618
0,0,0.2997222
0,0,0.017518977
0,0,0.034630172
0,0,0.076668896
0,0,0.29479438
0,0,0.020000208
0,0,0.0035240783
1,1,0.9783361
0,0,0.0059032426
0,0,0.0722028
0,0,0.019765282
0,0,0.038838908
0,0,0.03541232
0,0,0.047773894
0,0,0.026760116
0,0,0.3259744
0,0,0.08239148
0,0,0.008815054
0,0,0.035353005
0,0,0.029968863
0,0,0.025281513
0,0,0.009690124
0,0,0.004819794
0,0,0.08365513
0,0,0.47037482
1,1,0.9954254
0,0,0.0731369
0,0,0.0031453692
0,0,0.01155985
0,0,0.0015992564
0,0,0.043733757
0,0,0.07972868
1,1,0.9999981
1,1,0.9919308
0,0,7.5130265e-05
0,0,0.302962
0,0,0.0051998976
0,0,0.00046445074
0,0,0.0034789944
0,0,0.008942754
1,1,0.999998
0,0,0.050984118
0,0,0.12269899
0,0,0.030511446
0,0,0.015355331
0,0,0.00940642
0,0,0.1014645
0,0,0.00018609618
0,0,0.04133802
0,0,0.102110066
0,0,0.004725785
0,0,0.048493177
0,0,0.011629244
1,0,0.048062038
0,0,0.13583186
0,0,0.08472459
0,0,0.046996377
0,0,0.22227909
0,0,0.01808145
0,0,0.058635045
1,1,0.9972734
1,1,0.99999654
1,1,0.9933469
0,0,0.042687215
0,0,0.006155535
0,0,0.027762089
0,0,0.048822988
0,0,0.019171555
0,0,0.07015101
0,0,0.117077835
1,1,0.9904687
1,1,0.8180557
0,0,0.013204268
0,0,0.0018861154
0,0,0.08823143
0,0,0.02609385
1,1,0.9999987
0,0,0.0019146156
0,0,0.0063531413
0,0,0.019755805
0,0,0.0039608027
1,0,0.37720844
0,0,0.0058193854
1,1,0.9945142
0,0,0.050145466
0,0,0.062212218
1,1,0.9463569
1,1,0.99363154
0,0,0.0078300275
0,0,0.051380765
0,0,0.031760924
0,0,0.29096454
0,0,0.015133465
1,1,0.9999988
0,0,0.07120025
0,0,0.0020583938
0,0,0.0016985161
0,0,0.10518502
0,0,0.0020609628
0,0,6.0029666e-05
1,1,0.9999976
0,0,0.05286617
0,0,0.026630718
0,0,0.05574199
0,0,0.29266852
1,1,0.6119048
0,0,0.16695617
0,0,0.008366568
0,0,0.37295792
1,1,0.9522505
1,1,0.99999833
0,0,0.04272839
0,0,0.027361784
0,0,0.01276382
0,0,0.0035481502
0,0,0.044575933
0,0,0.030539872
1,1,0.94221354
0,0,0.022751685
0,0,0.10657615
0,0,0.026882969
0,0,0.18385486
0,0,0.019554395
1,1,0.99999833
0,0,0.027497608
0,0,0.018919572
0,0,0.1878441
1,1,0.9973207
0,0,0.2582086
0,0,0.015651949
0,0,0.052429933
0,0,0.024658753
0,0,0.04794486
0,1,0.58728284
0,0,0.005049564
1,1,0.99999833
0,0,0.020775335
0,0,0.014447093
0,0,0.043578394
0,0,0.014222185
0,0,0.15502489
0,0,0.020126019
0,0,0.024402928
0,0,0.03707611
0,0,0.14689636
0,0,0.028298065
1,1,0.9999976
1,1,0.99099463
0,0,0.074448146
0,0,0.015566554
1,1,0.9999987
0,0,0.001823532
0,0,0.025299761
0,0,0.005223933
0,0,0.05893166
0,0,0.052319597
0,0,0.22280881
0,0,0.0010588771
0,0,0.019098341
0,0,0.18355612
0,0,0.17258668
0,0,0.019098341
0,1,0.58728284
0,0,0.00587412
0,0,0.059088178
0,0,0.005934283
0,0,0.0048190006
0,0,0.07632834
0,0,0.00039509826
0,0,0.046753403
1,1,0.9657875
0,0,0.037969165
0,0,0.00088646344
0,0,0.19417192
0,0,0.13582277
0,0,0.0021364174
1,1,0.9999981
0,0,0.015105481
0,0,0.072702855
0,0,0.021589456
0,0,0.0007286886
0,0,0.014273861
0,0,0.005455724
0,0,0.008110127
1,1,0.9968172
0,0,0.045253556
0,1,0.53586346
0,0,0.017302567
0,0,0.068387724
1,1,0.9999988
0,0,0.0019960485
0,0,0.00167464
0,0,0.16332844
0,0,0.37240636
0,0,0.0027497108
1,1,0.8165184
0,0,0.19864155
0,0,0.22986095
0,0,0.040323842
0,0,0.004238809
0,0,0.039849218
0,0,0.033199746
0,0,0.026683252
0,0,0.050930966
0,0,0.0041416036
0,0,0.039397705
0,0,0.09603739
0,0,0.027235359
0,0,0.04253341
0,0,0.0013907381
0,0,0.0060310205
1,1,0.9999987
0,0,0.1031499
0,0,0.050336033
0,0,0.019944292
0,0,0.19255932
0,0,0.0043672044
0,0,0.0670416
0,0,0.00078414346
1,1,0.99999857
1,1,0.9638147
0,0,0.04144009
0,0,0.010702756
0,0,0.12423568
0,0,0.0053437524
0,0,0.065734155
0,0,0.04817173
1,1,0.99511635
0,0,0.007321572
0,0,0.012554552
0,0,0.0134896245
0,0,0.00046609435
0,0,0.09285518
1,1,0.9945142
0,0,0.027520258
0,0,0.021187946
1,1,0.99999857
0,0,0.059105992
0,0,0.006461071
0,0,0.11031583
1,0,0.21749274
0,0,0.0218379
0,0,0.09941653
0,0,0.0075230747
0,0,0.0069518588
1,1,0.9999988
0,0,0.04425568
0,0,0.3000027
0,0,0.02845307
0,0,0.00061083824
0,0,0.0070731053
0,0,0.018123316
0,0,0.054446347
0,0,0.0032990857
0,0,0.02012016
0,0,0.031836685
0,0,0.080367796
0,0,0.12803163
0,0,0.033220094
1,1,0.99701935
0,0,0.10891747
0,0,0.0061046206
0,0,0.108178586
0,0,0.107362784
0,0,0.00392952
0,0,0.08044676
0,0,0.06103837
0,0,0.38927087
0,0,0.0067495815
0,0,0.015760452
0,0,0.039320398
0,0,0.01211546
0,0,0.00092930655
0,0,0.06081543
0,0,0.013082206
0,0,0.012314106
0,0,0.0027486964
0,0,0.07713732
0,0,0.15401258
0,0,0.12976313
0,0,0.014057572
0,0,0.008757107
0,0,0.2097569
0,1,0.54358625
0,0,0.08298976
0,0,0.10022162
0,0,0.25040835
0,0,0.003600531
0,0,0.03117143
0,0,0.033675805
0,0,0.06222715
0,0,0.3124229
0,0,0.10448163
0,0,0.011311562
0,0,0.14009726
0,0,0.0063159894
0,0,0.00381579
0,0,0.01840399
0,0,0.0078269495
0,0,0.030658761
0,0,0.06450314
0,0,0.0018975114
0,1,0.5239988
0,0,0.091708235
0,0,0.02336743
0,0,0.030419769
0,0,0.13821714
0,0,0.0065441425
0,0,0.0051475656
0,0,0.043652207
0,0,0.035412353
0,0,0.106879
1,1,0.9999987
1,1,0.9097334
0,0,0.05234347
0,0,0.010347115
0,0,0.0039685247
0,0,0.19896476
0,0,0.0051998976
0,0,0.00078763405
0,0,0.015310064
1,1,0.99999833
0,0,0.112546146
0,0,0.07711868
0,1,0.6635784
0,0,0.0031159518
0,0,0.10745327
0,0,0.117152706
0,0,0.014062107
0,0,0.0069734207
0,0,0.15068558
0,0,0.0008933903
0,0,0.0014558682
0,0,0.0065624737
1,1,0.99999785
1,1,0.96390146
0,0,0.027577028
0,0,0.016963199
0,0,0.037866134
1,1,0.999998
1,1,0.9828514
1,1,0.99999833
0,0,0.011948718
0,0,0.016664173
0,0,2.8524875e-05
0,0,0.11146846
0,0,0.008236584
0,0,0.041440222
0,0,0.008140598
1,1,0.99999833
0,0,0.0149692455
1,1,0.9999987
0,0,0.40297493
0,0,0.06929003
0,0,0.49043757
0,0,0.07242085
0,0,0.02832599
0,0,0.42560914
0,0,0.040697757
0,0,0.039718412
0,0,0.16667706
1,1,0.98851424
0,0,0.045907423
1,1,0.9999976
0,0,0.0012550917
0,0,0.2640103
0,0,0.0075404723
0,0,0.14656927
0,0,0.058259536
0,0,0.004128777
0,0,0.042859454
1,1,0.9999989
0,0,0.0015079576
0,0,0.041361485
1,1,0.691817
0,0,0.03400861
0,0,0.01801567
0,0,0.030539872
0,0,0.0013437504
0,0,0.025312176
0,0,0.0660026
0,0,0.3772688
0,0,0.018818902
0,0,0.06109121
0,0,0.0892704
0,0,0.0030477452
0,0,0.032949395
0,0,0.033006914
0,0,0.0023776
0,0,0.008020533
0,0,0.0034675484
0,0,0.28518346
0,0,0.06783578
0,0,0.09849974
0,0,0.00039876127
0,0,0.14478846
0,0,0.0032936868
0,0,0.14819999
0,0,0.10076223
0,0,0.012329665
1,1,0.9999207
0,0,0.15805826
0,0,0.044620268
0,0,0.004386139
0,0,0.007802607
0,0,0.00012441266
0,0,0.0461918
0,0,0.0022968506
0,0,0.06895083
1,1,0.9817846
1,1,0.999998
0,0,0.28411716
1,1,0.9905848
0,0,0.0027275132
0,0,0.027436653
0,0,0.06821939
0,0,0.084708974
1,1,0.9999976
0,0,0.028839039
0,0,0.012180946
0,0,0.034485225
0,0,0.29372978
0,0,0.09421507
1,1,0.99999845
1,1,0.99999833
0,0,0.022423021
1,1,0.99999833
0,0,0.008688269
0,0,0.0036482948
0,0,0.052898265
0,0,0.14395197
0,0,0.020380354
0,0,0.05873419
0,0,0.056967255
0,0,0.03176677
0,0,0.0057468778
0,0,0.09307756
0,0,0.07495748
0,0,0.02964111
0,0,0.078554235
0,0,0.08135819
0,0,0.004285501
0,0,0.024903141
0,0,0.09678077
0,0,0.043120213
0,0,0.08226973
0,0,0.014612869
0,0,0.08538136
0,0,0.3334222
0,0,0.0118210325
0,0,0.032944538
0,0,0.007785865
0,0,0.02347699
0,0,0.024357999
0,0,0.36690965
0,0,0.003721127
0,0,0.0017149174
0,0,0.008409851
0,0,0.0012495451
1,1,0.6770621
0,0,0.14801653
0,0,0.026361372
0,0,0.02119628
0,0,0.26183763
0,0,0.05620003
1,1,0.99999785
0,0,0.030326823
0,0,0.052470975
0,0,0.02745337
0,0,0.2040251
0,0,0.36272696
0,0,0.013087816
0,0,0.013542312
0,0,0.006155535
0,0,0.03093011
0,0,0.005587103
0,0,0.014530048
1,1,0.9995086
0,0,0.007088581
0,0,0.011210592
0,0,0.054118257
0,0,0.008721393
0,0,0.019259961
0,0,0.19782446
0,0,0.11646864
0,0,0.015640257
1,1,0.9999976
0,0,0.05099466
0,0,0.28411716
0,0,0.022495853
0,0,0.4685477
1,1,0.9999988
0,0,0.0003085545
1,1,0.99999857
0,0,0.038609993
0,0,0.0095910905
1,1,0.9999976
0,0,0.07316568
0,0,0.058132414
0,0,0.0053524836
0,1,0.6227853
0,0,0.10641961
0,0,0.046850387
0,0,0.0051992266
0,0,0.020454554
0,0,0.009560528
0,0,0.013745397
0,0,0.017001623
0,0,0.09689163
0,0,0.016748283
0,0,0.018170398
0,0,0.10263507
0,0,0.000109633125
1,1,0.6762694
0,0,0.0029896847
0,0,0.27094188
0,0,0.030685551
0,0,0.023641706
1,1,0.9999989
0,0,0.12267921
0,0,0.23978347
0,0,0.015154372
0,0,0.0074566333
0,0,0.0067904466
0,0,0.008909017
0,0,0.00607331
0,0,0.008338495
0,0,0.0035755513
0,0,0.0527037
1,1,0.96268666
0,0,0.054413177
0,0,0.14349021
0,0,0.0019636576
0,0,0.15473035
0,0,0.10248097
0,0,0.026542386
0,0,0.028267298
0,0,0.09402269
0,0,0.02726876
0,0,0.0033420285
0,0,0.09202312
0,0,0.0738872
0,0,0.07589165
0,0,0.023326429
0,0,0.0263417
0,0,0.008008629
1,1,0.9999988
0,0,0.06641088
1,1,0.999998
0,0,0.0968065
0,0,0.035929877
0,0,0.007557885
0,0,0.01083984
0,0,0.14707367
0,0,0.030618627
0,0,0.1890772
0,0,0.028890453
0,0,0.23644117
1,1,0.9999976
0,0,0.10090112
0,0,0.004744691
0,0,0.002174839
0,0,0.015371021
1,1,0.93510187
0,0,0.001614797
0,0,0.01417941
0,0,0.006781133
0,0,0.004862325
0,0,0.0072109145
1,0,0.1597956
0,0,0.2555213
0,0,0.004607501
1,1,0.99999857
0,0,0.012313904
0,0,0.010436903
0,0,0.013424673
0,0,0.22260912
0,0,0.011917565
0,0,0.029002873
0,0,0.3394716
0,0,0.003254508
0,0,0.43813425
0,0,0.04433574
1,1,0.9377679
0,0,0.07384639
0,0,0.2786319
0,0,0.38447535
0,0,0.14159109
0,0,0.22803518
0,0,0.008326135
0,0,0.00069268426
0,0,0.041507393
0,0,0.00032697117
0,0,0.36269844
0,0,0.011395771
0,0,0.041229066
0,0,0.017529758
0,0,0.0019328623
0,0,0.0846404
0,0,0.0011098508
0,0,0.05887241
0,0,0.23430493
1,1,0.999998
0,0,0.019187467
0,0,0.062993065
0,0,0.006772586
0,0,0.2119049
1,1,0.99999845
0,0,0.0045882654
0,0,0.023123864
1,1,0.83052295
0,0,0.0144310985
0,0,0.04333749
0,0,0.0030087896
0,0,0.017175484
0,0,0.45024663
0,0,0.020132137
1,1,0.9999976
0,0,0.0022388434
0,0,0.008229619
0,0,0.0014321158
0,0,0.019804256
0,0,3.701352e-05
0,0,0.00012140358
0,0,0.09109059
0,0,0.024481157
0,0,0.021811524
0,0,0.47037482
0,0,0.0033668878
0,0,0.0015236296
0,0,0.035161756
0,0,0.015916113
0,0,0.0013109097
0,0,0.42743558
1,1,0.99999833
0,0,0.09152422
1,1,0.9999119
0,0,0.0054515027
0,0,0.0037403656
0,0,0.0048063667
0,0,0.009297109
0,0,0.020733284
0,0,0.000583154
0,0,0.007943426
0,0,0.032471698
0,0,0.0076328064
0,0,0.14403589
1,0,0.082786895
0,0,0.013566443
0,0,0.08899121
0,0,0.10567894
0,0,0.058936205
0,0,0.24467126
0,0,0.002724121
0,0,0.0968065
0,0,0.07062789
0,0,0.11200353
0,0,5.94121e-05
0,0,0.19424099
0,0,0.0026046156
0,0,0.14020784
1,1,0.93129677
0,0,0.03137764
0,0,0.011406638
1,1,0.98902225
0,0,0.0015424048
0,0,0.0863897
1,1,0.99999833
0,0,0.00040559872
0,0,0.013834447
0,0,0.017154464
0,0,0.0029870279
0,0,0.1393071
0,0,0.024129495
0,0,0.025696183
1,1,0.99999344
1,1,0.9999976
0,0,0.4785157
0,0,0.00754034
0,0,0.084209725
0,0,0.03680128
0,0,0.0078021665
0,0,0.02766603
0,0,0.019321805
0,0,0.11709391
1,0,0.35315964
0,0,0.08434601
0,0,0.017419683
1,1,0.94528294
0,0,0.23381373
0,0,0.007548413
0,0,0.00036756115
0,0,0.015212091
0,0,0.0007148988
0,0,0.000696375
0,0,0.014641513
0,0,0.1145548
0,0,0.005103393
0,0,0.24030805
1,1,0.9999988
1,0,0.33179379
0,0,0.012192612
1,1,0.99999833
0,0,0.09388523
0,0,0.0070433496
1,1,0.9999976
0,0,0.0014666504
0,0,0.0548923
0,0,0.18786965
0,0,0.12117769
0,0,0.033506386
0,0,0.060571864
0,0,0.005897249
0,0,0.07839301
0,0,0.15140285
0,0,4.770539e-05
0,0,0.052109566
0,0,0.0067066774
0,0,6.1027764e-05
0,0,0.05973063
0,0,0.0008373141
0,0,0.042817198
0,0,0.01548864
0,0,0.03784018
1,1,0.9999976
0,0,0.010421239
0,0,0.105796054
0,0,0.0045967014
0,0,0.21526852
0,1,0.68172216
1,0,0.052712105
0,0,0.0008636737
0,0,0.060765512
0,0,0.116524704
0,0,0.004075246
1,1,0.9989009
0,0,0.015335942
0,0,0.026082322
0,0,0.024680719
0,0,0.0628342
0,0,0.0852009
0,0,0.31072536
0,0,0.012537256
0,0,0.101325996
1,1,0.5975954
0,0,0.055487193
0,0,0.00431502
0,0,0.01831131
1,1,0.894799
0,0,0.02067698
0,0,0.09374464
0,0,0.017084237
0,0,0.025797337
0,0,0.022809273
0,0,0.031677395
0,0,0.056604546
0,0,0.028626936
0,0,0.3821914
0,0,0.1493419
0,0,0.040012013
0,0,0.08590219
0,0,0.08134411
1,0,0.06950077
0,0,0.018627929
0,0,0.00872453
0,0,0.0025652398
0,0,0.40958855
0,0,0.0077885985
0,0,0.24967094
0,0,0.13890609
0,0,0.40958855
0,0,0.23866017
0,0,0.0014028323
0,0,0.0124371955
0,0,0.11920525
0,0,0.0039792904
0,0,0.008159003
0,0,0.037684113
0,0,0.03235652
0,0,0.01270486
0,0,0.013476133
0,0,0.009714562
1,0,0.045624744
0,0,0.103081465
0,0,0.008578009
1,0,0.03350106
0,0,0.05633689
0,0,0.02588658
0,0,0.0036118445
0,0,0.012602465
1,1,0.9999988
1,1,0.58416206
0,1,0.5223529
0,0,0.0038788384
0,0,0.019424388
0,0,0.018374441
0,0,0.03780557
0,0,0.0599935
0,0,0.026811317
0,0,0.02275166
0,0,0.0045745983
0,0,0.0024854064
0,0,0.025261205
0,0,0.16594063
0,0,0.11130222
0,0,0.0013213482
1,1,0.99345267
0,0,0.4243282
0,0,0.025707271
0,0,0.14645495
0,0,0.31349233
0,0,0.42425725
0,0,0.003065105
0,0,0.017464286
0,0,0.07058801
0,0,0.003519242
0,0,0.022793315
0,0,0.008616929
1,1,0.66534567
0,0,0.0055297967
0,0,7.467078e-05
0,0,0.06922433
0,0,0.093511336
0,0,0.0092381
0,0,0.118006416
0,1,0.58728284
1,1,0.9999976
0,0,0.002611512
0,0,0.033773795
0,0,0.043624885
1,1,0.97580326
0,0,0.028734367
0,0,0.026976613
0,0,0.059866864
0,0,0.06324728
1,1,0.81943953
0,0,0.041982725
0,0,0.113157354
1,1,0.99999785
0,0,0.0050461297
0,0,0.28911257
0,0,0.089956805
0,0,0.06945266
0,0,0.0110467775
0,0,0.24505305
0,0,0.0037009462
0,1,0.6938375
0,0,0.12269068
0,0,0.031295232
0,0,0.15517408
0,0,0.039165866
0,0,0.04607098
0,0,0.2593719
0,0,0.00251878
0,0,0.33557615
0,0,0.002345201
0,0,0.007893392
1,1,0.99999774
0,0,0.08933924
0,0,0.032692377
1,1,0.9999988
0,0,0.024374431
0,0,0.020161487
0,0,0.009690389
0,0,0.0072397864
0,0,0.13093732
0,0,0.0062781908
0,0,0.1432403
0,0,0.11003667
0,0,0.009248415
0,0,0.086536035
0,0,0.058612067
0,0,0.0502462
0,0,0.03107851
1,1,0.99999845
1,1,0.9999976
1,1,0.9999976
0,0,0.009423867
1,1,0.99999785
0,0,0.0012929677
0,0,0.21176182
0,0,0.017488562
1,0,0.08532817
1,1,0.99999785
1,1,0.99999833
0,0,0.036615
0,0,0.025488274
0,0,0.025569603
0,0,0.0046862997
0,0,0.030133663
0,0,0.18178716
0,0,0.007594821
0,0,0.03162111
0,0,0.153313
0,0,0.08139499
0,0,0.050370444
0,0,0.010207233
0,0,0.0006231272
0,0,0.083510324
1,1,0.999998
0,0,0.030539872
0,0,0.08427991
0,0,0.10546226
0,0,0.19887447
0,0,0.0043066693
0,0,0.062062647
1,1,0.9999976
0,0,0.015670031
0,0,0.022587247
0,0,0.006046642
0,0,0.00019177185
0,0,0.018160855
1,1,0.738113
0,0,0.19696818
0,0,0.085706495
1,1,0.9999987
0,0,0.048146266
0,0,0.0251836
0,0,0.0999818
0,0,0.037162915
0,0,0.030678991
0,0,0.00014899141
0,0,0.009211925
0,0,2.4654792e-05
0,0,0.2541732
0,0,0.023311224
0,0,0.009358307
0,0,0.3411093
0,0,0.4029922
0,0,0.018992465
1,1,0.9999987
0,0,0.021243863
0,0,0.1273641
1,1,0.9999987
1,1,0.9999987
1,1,0.9999976
0,0,0.044827256
0,0,0.012024973
0,0,0.0036547729
0,0,0.0074811266
0,0,0.40958855
0,0,0.012863118
0,0,0.024915364
0,0,0.23911959
0,0,0.074320175
0,0,0.22675988
0,0,0.022642303
0,0,0.081076145
0,1,0.74668705
1,1,0.99999774
0,0,0.12453772
0,0,0.0016501286
0,0,0.019380819
0,0,0.0125066135
1,1,0.99999833
0,0,0.022751685
0,0,0.074177496
0,0,0.30997035
0,0,0.0029113116
0,0,0.10859989
1,1,0.9999987
0,0,0.013392446
1,1,0.99999833
0,0,0.115686476
0,0,0.008230417
0,0,0.22203729
0,0,0.028155532
0,0,0.001162752
0,0,0.0028427246
0,0,0.002486635
0,0,0.024415553
0,0,0.049897533
0,0,0.0024986546
0,0,0.44387946
0,0,0.23232158
0,0,0.020433212
0,0,0.00402545
0,0,0.003521181
0,0,0.013917887
0,0,0.0080812145
0,0,0.030404914
0,0,0.008067309
0,0,0.013271314
0,0,0.47454306
0,0,0.10800605
1,1,0.9999976
0,0,0.076427795
0,0,0.013351831
0,0,0.013858322
1,1,0.9999968
0,0,0.0012230462
0,0,0.018501561
0,0,0.47257474
0,0,0.037306674
0,0,0.28608936
0,0,0.007379561
0,0,0.08801955
0,0,0.10869224
0,0,0.28608936
0,0,0.010096828
0,0,0.036912702
0,0,0.28943923
0,0,0.068527125
0,0,0.036026288
0,0,0.07438176
0,0,0.012008125
0,0,0.096999556
0,0,0.015337426
0,0,0.0012632927
0,0,0.014863308
0,0,0.0011901287
0,0,0.0008159241
0,0,0.49351883
0,0,0.0010621197
0,0,0.011610761
0,0,0.022568906
0,0,0.008065436
0,0,0.42888513
0,0,0.36690965
0,0,0.011631925
0,0,0.00047789508
0,0,0.27671432
1,0,0.38155594
0,0,0.030286543
0,0,0.01170118
0,0,0.028748916
0,0,0.038935717
0,0,0.054940037
0,0,0.1296968
0,0,0.006329408
1,1,0.99999833
0,0,0.007719645
0,0,0.45266664
0,0,0.0032272313
0,0,0.36520734
0,0,0.47257474
0,0,0.012031903
0,0,0.029933298
1,1,0.98176885
0,0,0.028430738
0,0,6.0079154e-05
0,0,0.01423878
0,0,0.008762076
0,0,0.11136143
0,0,0.0046299794
0,0,0.009788178
1,1,0.9995177
0,0,0.008472035
1,1,0.99999785
0,0,0.02012016
0,0,0.051859014
0,0,0.05903182
0,0,0.017618455
1,1,0.9981407
0,0,0.17347498
0,0,0.12583205
0,0,0.0045920718
0,0,0.0021923753
0,0,0.16637172
0,1,0.63268304
0,0,0.012290432
0,0,0.085399464
0,0,0.020249298
0,0,0.011607511
0,0,0.0005271771
0,0,0.13092192
0,0,0.057094097
0,0,0.37069348
0,0,0.12764357
0,0,0.028899865
0,0,0.17052512
0,0,0.08542851
1,1,0.764329
0,0,0.003569125
0,0,0.08455744
1,1,0.99999833
1,1,0.9999976
1,1,0.99999833
1,0,0.12727642
0,0,0.03847047
0,0,0.022740036
0,0,0.024374029
0,0,0.18114853
0,0,0.2765315
0,0,0.26195005
1,1,0.7547813
0,0,0.13693632
0,0,0.014865081
0,0,0.0010512307
0,0,0.40013173
0,0,0.23431997
0,0,0.07016583
0,0,0.03101727
0,0,0.10959495
0,0,0.02329634
0,0,0.00146089
0,0,0.0052571604
1,0,0.06892307
0,0,0.0044712657
1,1,0.96727127
0,0,7.035155e-05
0,0,0.019051792
0,0,0.0015868231
0,0,0.0075964094
0,0,0.0054324153
0,0,0.005952615
0,0,0.010590021
0,0,0.019941142
0,0,0.0059855934
0,0,0.040863372
0,0,0.0038752914
0,0,0.012697649
0,0,0.008958934
0,0,0.034061577
0,0,0.17407611
0,0,0.045110393
0,0,0.057360277
1,1,0.99999774
0,0,0.10710466
0,0,0.10189495
0,0,0.03692691
0,0,0.048184905
0,0,0.32612312
0,0,0.02555275
0,0,0.084135674
0,0,0.04545389
1,1,0.99999833
0,0,0.13812931
0,0,0.010572539
0,0,0.098563105
0,0,0.03226218
0,0,0.0035170605
0,0,0.05331497
0,0,0.045215543
0,0,0.03937406
0,0,0.012356306
0,0,0.016575098
0,0,0.0017593094
0,0,0.02299219
0,0,0.034300383
0,0,0.07430312
1,1,0.59008276
0,0,0.004876225
1,1,0.99999785
0,0,0.024141958
1,0,0.081130855
0,0,0.13452974
1,1,0.9999988
0,0,0.23281993
0,0,0.02264782
0,0,0.41350317
0,0,0.06605681
0,0,0.016569557
0,0,0.005295328
0,0,0.20274523
0,0,0.0043986677
0,0,3.8206806e-05
0,0,0.03496049
0,0,0.13865028
0,0,0.008040179
1,1,0.9999987
1,1,0.9954254
1,1,0.99999785
0,0,0.008909025
0,0,0.3502688
0,0,0.02344044
0,0,0.012034323
1,1,0.91830856
1,1,0.9999988
0,0,0.27877036
0,0,0.14215942
1,1,0.97478795
0,0,0.15171163
0,0,0.036703136
0,0,0.0023380483
0,0,0.004607717
0,0,0.103033505
0,0,0.0107729295
0,0,0.059709556
0,0,0.22338079
0,0,0.18074359
0,0,0.003939817
1,0,0.06435255
1,1,0.9856925
1,1,0.87596756
0,0,0.014855844
0,0,0.4294681
0,0,0.190751
1,1,0.999998
0,0,0.0010269666
1,1,0.9999988
0,0,0.00040645993
0,0,0.01421003
0,0,0.051272903
0,0,0.007914088
0,0,0.18921582
0,0,0.13095018
0,0,0.20608433
1,1,0.9999968
0,0,0.08275276
0,0,0.0043428643
0,0,0.27401695
0,0,0.010747667
0,0,0.005110392
0,0,0.044592813
0,0,0.12884066
0,0,0.044891566
1,1,0.99999833
0,0,0.044667337
0,0,0.012607853
0,0,0.36690965
0,0,0.0037416182
0,0,0.002624496
1,1,0.94528294
0,0,0.13983081
0,0,0.05989534
1,1,0.8388222
0,0,0.028681051
0,0,0.010623452
0,0,0.10002272
0,0,0.018603873
0,0,0.01974577
0,0,0.21687593
0,0,0.015169176
0,0,0.0141716525
0,0,0.12311834
0,0,0.010747409
0,0,0.015214211
0,0,0.001708714
0,0,0.33617046
0,0,0.3468062
0,0,0.0027909891
0,0,0.09546692
0,0,0.08488269
0,0,0.18448855
0,0,0.05117016
0,0,0.4467142
0,0,0.0032624528
0,0,0.05002849
0,0,0.0074288864
1,1,0.9999987
0,0,2.8162842e-05
0,0,0.010348682
0,0,0.0033009066
0,0,0.012428408
0,0,0.0078931
1,1,0.9999144
0,0,0.03198977
0,0,0.0139957275
0,0,0.07778837
0,0,0.0150294155
0,0,0.14820524
0,0,0.041423906
0,0,0.0007518392
0,0,0.002672537
0,0,0.47037482
0,0,0.050011013
0,0,0.0068880296
0,0,0.0024341296
0,0,0.123544276
0,0,0.025186826
0,0,0.01565912
1,1,0.9418333
0,0,4.8623613e-05
0,0,0.059199855
0,0,0.0052638873
0,0,0.004466639
0,0,0.008273206
1,0,0.29479438
0,0,0.15254186
0,0,0.015009221
1,1,0.9998735
0,0,0.029722694
0,0,0.013479101
0,0,0.07356398
0,0,0.013424673
1,1,0.99580187
0,0,0.17179647
0,0,0.23451371
0,0,0.026895363
0,0,0.0052492986
1,1,0.925509
0,0,0.14626467
1,1,0.9999988
0,0,0.030908473
0,0,0.0002806286
0,0,0.07967274
0,0,0.06451606
1,1,0.992071
0,0,0.023181899
0,0,0.03454169
0,0,0.40958855
0,0,0.032502297
0,0,0.00046214412
0,0,0.075075075
0,0,0.008461835
1,1,0.99999857
0,0,0.0065064607
0,0,0.20488988
0,0,0.008048157
0,0,0.0042969207
0,0,0.12082821
0,0,0.02585163
0,0,0.053832848
0,0,0.050372962
0,0,0.05837797
1,1,0.9930848
0,0,0.006097903
0,0,0.008271222
0,0,0.0709105
0,0,0.026215728
0,0,0.052783318
0,0,0.030309092
0,0,0.074878134
1,1,0.99999833
0,0,0.013516176
0,0,0.040382396
0,0,0.03750918
0,0,0.02586295
0,0,0.22904097
1,0,0.3481818
1,1,0.99999785
0,0,0.000901683
0,0,0.0023593418
0,0,0.088723734
1,1,0.9897125
0,0,0.0020328262
0,0,0.030738562
0,0,0.030879073
0,0,0.10258191
1,1,0.99999833
1,1,0.98672825
1,1,0.9999988
0,0,0.10090166
0,0,0.010454454
0,0,0.48792458
0,0,0.008759711
1,1,0.99999833
0,0,0.02748159
0,0,0.011261905
0,0,0.003247439
0,0,0.03600728
0,0,0.05250203
1,1,0.99621934
0,0,0.0624243
0,0,0.0033962154
1,1,0.9999988
1,1,0.952257
1,1,0.58728284
0,0,0.04862294
0,0,0.2209338
0,0,0.058545623
0,0,0.021707963
1,1,0.92086774
0,0,0.011930313
0,0,0.022648724
1,1,0.9999988
0,0,0.044886116
0,0,0.004104622
0,0,0.0057281195
0,0,0.25677222
0,0,0.068041705
0,0,0.11092571
0,0,0.13605496
0,0,0.03919799
0,0,0.0017467886
0,0,0.09364202
0,0,0.0001361055
0,0,0.056917805
0,0,0.0031011694
0,0,0.0012154967
0,0,0.1948404
0,0,0.006533809
0,0,0.0009512016
0,0,0.016439855
0,0,0.15061663
0,0,0.008041783
1,1,0.9999987
0,0,0.04058313
0,0,0.052424308
0,0,0.06858169
1,1,0.9999987
0,0,0.031782437
0,0,0.012515809
1,1,0.98286426
0,0,0.082048684
0,0,0.025491165
1,1,0.9755828
0,0,0.011360428
0,0,2.4690815e-05
0,0,0.005679949
0,0,0.006432587
1,1,0.9999976
0,0,0.010535352
0,0,0.012070326
0,0,0.07131287
1,1,0.9999988
0,0,0.17655297
0,0,0.005749061
1,1,0.998722
1,1,0.9999987
0,0,0.03385134
0,0,0.45394304
0,0,0.0058986135
1,1,0.9983096
0,0,0.1028108
0,0,0.002892062
1,1,0.9999976
0,0,0.082848
0,0,0.01857556
0,0,0.008773613
0,0,0.41350317
0,0,0.0064235576
0,0,0.03250333
0,0,0.033476148
0,0,0.03815901
1,1,0.98123574
0,0,0.018298788
0,0,0.034173053
1,0,0.18541776
0,0,0.054621726
1,0,0.33356225
0,0,0.006594593
0,0,0.029313348
0,0,0.08774978
0,0,0.0017330972
0,0,0.1297498
0,0,0.083182104
0,0,0.27038604
0,0,0.048404355
0,0,0.040610943
0,0,0.014999748
0,0,0.0035510154
1,1,0.99999833
0,0,0.0134730665
0,0,0.0028508813
1,1,0.9999988
1,1,0.9999976
0,0,0.2668243
0,0,0.04113416
0,0,0.018995253
0,0,0.15976425
1,0,0.34547353
0,0,0.2441393
0,0,0.03082765
0,0,0.10111568
0,0,0.10874974
0,0,0.14524408
0,0,0.0004991714
0,0,0.28387517
0,0,0.002395909
0,0,0.04616654
0,0,0.01839316
0,0,0.008349365
0,0,0.0047604227
0,0,0.06451461
0,0,0.050676327
0,0,0.053608842
1,1,0.9999988
1,1,0.99999774
0,0,0.053600986
0,0,0.007828064
0,0,0.08568038
0,0,0.003394784
0,0,0.013541611
0,0,0.0069255047
0,0,0.022612464
0,0,0.21386665
0,0,0.025588585
0,0,0.009554692
0,0,0.050972734
0,0,0.1345239
0,0,0.0050222413
0,0,0.12736575
0,0,0.0060402807
1,1,0.9999883
0,0,0.0026136492
0,0,0.21833111
0,0,0.062917806
0,0,0.04506254
0,1,0.5048397
0,0,0.0014990581
0,0,0.13070965
1,1,0.5639416
0,0,0.01061723
0,0,0.0016171602
0,0,0.020875946
0,0,0.0058921855
0,0,0.37240636
0,0,0.022677865
0,0,0.15316942
0,0,0.05456317
1,1,0.99997354
0,0,0.017893573
0,0,0.09425199
0,0,0.09986196
0,0,0.25740275
0,0,0.0016872599
0,0,0.07153701
0,0,0.0089272875
0,0,0.24740304
1,1,0.9999976
1,1,0.99203753
0,0,0.010481635
0,0,0.0029870279
0,0,0.006451919
0,0,0.021050058
1,1,0.9753479
1,1,0.9999976
1,1,0.8817124
0,0,0.23639034
0,0,0.20194189
0,0,0.003247439
0,0,0.008551241
0,0,0.42425725
1,1,0.94528294
0,0,0.3092894
0,0,0.0008022327
0,0,0.014166737
0,0,0.14824216
0,0,0.012440031
0,0,0.024486264
0,0,0.05041511
0,0,0.0635432
0,0,0.062221684
0,0,0.014157311
0,0,0.00011289907
0,0,0.0036195903
0,0,0.14961396
0,0,0.018534191
0,0,0.0018127925
0,0,0.021460464
0,0,0.10505388
0,0,0.04358039
0,0,0.04381719
0,0,0.012966694
0,0,0.012179082
0,0,0.0069557643
0,0,0.0074223806
0,0,0.013243382
0,0,0.07787631
0,0,0.03847047
0,0,0.03780557
0,0,0.0003370789
0,0,0.1014645
0,0,0.0056956713
0,0,0.2213662
0,0,0.08282466
0,0,0.022751685
0,0,0.007826375
1,1,0.99999857
0,0,0.06637755
0,0,0.05048021
0,0,0.011521702
0,0,0.018197332
0,0,0.001231515
0,0,0.061625045
0,0,0.000218707
0,0,0.12696064
0,0,0.14506833
0,0,0.006632301
0,0,0.011514395
0,0,0.0816652
0,0,0.008625858
0,0,0.011404289
0,0,0.0043217307
0,0,0.028088715
1,1,0.9999976
0,0,0.0027239074
0,1,0.64912695
0,0,0.0790922
1,1,0.99999774
0,0,0.16016133
0,0,0.13419466
0,0,0.0009967525
0,0,0.01730629
0,0,0.004410442
0,0,0.017247941
0,0,0.17903091
0,0,0.09620161
0,0,0.23691978
0,0,0.035088927
0,0,0.13633816
1,1,0.999998
0,0,0.00029870082
0,0,0.006274982
0,0,0.006041592
0,0,0.2997222
0,0,0.1946421
0,0,0.0010635185
1,1,0.84810984
0,0,0.09086397
1,1,0.9999976
1,1,0.9841441
0,0,0.04774023
0,0,0.0048357327
1,1,0.9999968
0,0,0.05223068
0,0,0.019965596
0,0,0.25967187
0,0,0.013638484
0,0,0.03743537
1,1,0.9953194
0,0,0.3710114
0,0,0.080670856
0,0,0.03329282
0,0,0.0031571954
0,0,0.035998467
0,0,0.024111975
0,0,0.018065872
1,1,0.8302044
0,0,0.036560748
1,1,0.99999833
0,0,0.02086826
0,0,0.00546375
1,1,0.99549615
0,0,0.024056397
0,0,0.05927491
0,0,0.014870835
0,0,0.059999693
0,0,0.046435453
0,0,0.03254771
1,0,0.4685477
0,0,0.002165561
0,0,0.44139084
0,0,0.41350317
0,1,0.7255845
0,0,0.013279753
0,0,0.02696631
0,0,0.08092795
0,0,0.0012291811
0,0,0.016073158
0,0,0.00032551
0,0,0.038950592
0,0,0.4785157
0,0,0.007967326
0,0,0.20996682
1,1,0.9999988
0,0,0.038470127
0,0,0.038836725
0,0,0.05395472
0,0,0.018856771
0,0,0.06945266
0,0,0.019982662
0,0,0.016748283
0,0,0.028830085
0,0,0.09023806
0,0,0.010238159
0,0,0.13039249
0,0,0.0062077018
0,0,0.044301156
1,1,0.99999785
0,0,0.00033937136
1,1,0.9360841
0,0,0.0073377467
0,0,0.32043982
0,0,0.07587282
0,0,0.04362566
0,0,0.22727476
0,0,0.0015057062
0,0,0.0076611317
0,0,0.03408609
0,0,0.36520734
1,1,0.9999976
0,0,0.019561518
0,0,0.13638139
0,0,0.07215583
0,0,0.1644877
1,0,0.4600095
0,0,0.267028
0,0,0.07302108
0,0,0.019219633
0,0,0.035826735
0,0,0.0004171366
0,0,0.016284235
0,0,0.002204707
0,0,0.08201053
0,0,3.0776417e-05
0,0,0.017807625
0,0,0.056185473
0,0,0.03975024
1,1,0.9639087
0,0,0.054524317
0,0,0.0012954589
0,0,0.016852228
1,1,0.9933469
1,0,0.17185786
0,0,0.12300286
0,0,0.0033033043
1,1,0.9980313
1,1,0.99999833
0,0,0.047767736
0,0,0.24853833
0,0,0.079690136
0,0,0.034652974
0,0,0.0026686266
0,0,0.033839438
0,0,0.024357999
0,0,0.059771065
1,1,0.99999833
0,0,0.099326044
0,0,0.0046578506
0,0,0.1687147
0,0,0.13540044
0,0,0.1960124
1,1,0.999998
0,0,0.1505314
0,0,0.0016961771
0,0,0.010776472
0,0,0.3092368
0,0,0.0008523968
0,0,0.0051100357
0,0,0.12281013
0,0,0.016834287
0,0,0.15846702
0,0,0.15637735
0,0,0.13067283
1,1,0.9999119
1,1,0.9681023
0,0,0.08195541
0,0,0.29039988
0,0,0.41350317
0,0,0.0033789705
0,0,0.01385756
1,1,0.9994431
0,0,0.055937376
1,1,0.63768476
1,1,0.999998
1,1,0.999998
0,0,0.006942257
1,1,0.99999785
0,0,0.23019703
0,0,0.0005969623
0,0,0.28411716
0,0,0.003202051
0,0,0.07029776
0,0,0.4639615
0,0,0.09503718
0,0,0.36690965
0,0,0.004040594
0,0,0.29479438
0,0,0.26907197
0,0,0.102596425
0,0,0.100686885
0,0,0.0020294692
0,0,0.06947497
0,0,0.022325655
0,0,0.012766932
0,0,0.020743648
0,0,0.034264702
0,0,0.42888185
0,0,0.2182951
1,1,0.9998735
0,0,0.050495956
0,0,0.008735738
1,1,0.9999976
0,0,0.008942754
0,0,0.0001123023
0,0,0.13581343
0,0,0.10396438
0,0,0.029173309
0,0,0.06497612
0,0,0.0015853469
0,0,0.29479438
0,0,0.12280472
0,0,0.00942538
0,0,0.03421113
1,1,0.9999987
1,1,0.96901333
0,0,0.013860956
0,0,0.04902405
0,0,0.10859478
1,1,0.9741415
0,0,0.021765195
0,0,0.2515527
0,0,0.030792044
0,0,0.07463125
0,0,0.2707132
0,0,0.017163787
1,1,0.9999976
0,0,0.24375808
0,0,0.077674516
0,0,0.0028410289
0,0,0.013223189
0,0,0.33179379
0,0,0.00027854092
0,0,0.020831969
1,1,0.9999987
0,0,0.1017147
1,0,0.016767116
0,0,0.0071908524
0,0,0.019336985
0,0,0.12840743
0,0,0.043504413
1,1,0.99189055
0,0,0.0005242532
0,0,0.4215196
0,0,0.011401257
1,1,0.9999987
0,0,0.005120917
1,1,0.9999987
0,0,0.08321637
0,0,0.092473805
1,1,0.9999988
0,0,0.044553936
0,0,0.011808429
1,1,0.9999987
0,0,0.35539645
0,0,0.055762038
1,1,0.6364772
0,0,0.022734987
0,0,0.024273438
0,0,0.00016989735
0,0,0.002091119
0,0,0.054547463
0,0,0.0056323693
0,0,0.009315895
0,0,0.07218957
0,0,0.027231725
0,0,0.014391823
0,0,0.018854117
0,0,0.14357994
0,0,0.1513304
0,0,0.004704573
0,0,0.01239825
0,0,0.04445483
0,0,0.027681567
0,0,0.00010904124
0,0,0.25144005
0,0,0.03199749
1,1,0.98949534
0,0,0.022757899
0,0,0.01883305
0,0,0.01282259
0,0,0.060097057
0,0,0.04186873
0,0,0.00033937136
0,0,0.016564483
0,0,0.011565358
0,0,0.02535959
0,0,0.0062261736
1,1,0.99999833
0,0,0.18473895
0,0,0.018184708
0,0,0.091113485
1,1,0.9999119
0,0,0.026067724
0,0,0.13843949
0,0,0.14323406
0,0,0.02793474
0,0,0.028089534
0,0,0.042107042
1,1,0.99999833
0,0,0.015319584
1,1,0.98315006
0,0,0.033351786
0,0,0.17337409
1,1,0.99999857
0,0,0.029433094
0,0,4.8311445e-05
0,0,0.44258362
0,0,0.011341875
0,0,0.04864855
0,0,0.24142917
1,1,0.9658164
1,1,0.9999987
1,1,0.99999845
0,0,0.14772692
0,0,0.27320915
1,1,0.9938212
0,0,0.07638699
0,0,0.076668896
0,0,0.0039001668
0,0,0.026004901
0,0,0.022177516
0,0,0.04610057
0,0,0.003916155
0,0,0.033100672
0,0,0.26869982
0,0,0.38023424
0,0,0.003424505
0,0,0.02366229
0,0,0.041909408
0,0,0.044103075
1,0,0.4029922
1,1,0.98758847
0,0,0.29479438
1,1,0.9892926
0,0,0.0015613225
0,0,0.008467429
0,0,0.0033245191
0,0,0.0006089883
0,0,0.025427032
0,0,0.016439145
0,0,0.01275353
1,1,0.9999976
1,1,0.9999988
0,0,0.14375018
0,0,0.14430974
0,0,0.012697649
1,1,0.99999833
0,0,0.014607686
0,0,0.1622662
1,1,0.99999833
0,0,0.0003345652
0,0,0.062457874
0,0,0.007213058
0,0,0.011151257
0,0,0.05989534
1,1,0.98361444
0,0,0.15083079
0,0,0.000887407
0,0,0.00843423
0,0,0.025477955
0,0,0.3671684
0,0,0.22674051
0,0,0.023227321
0,0,0.00062503834
0,0,0.06951161
0,0,0.0146066975
0,0,0.055638466
1,1,0.9134489
0,0,0.28855118
0,0,0.06872897
0,0,0.002738103
0,0,0.0041371337
0,0,0.025696183
0,0,0.17746656
0,0,0.13959022
0,0,0.030161455
0,0,0.47037482
0,0,0.16607077
1,1,0.9923143
0,0,0.01099255
0,0,0.004372104
0,0,0.008239335
0,0,0.008217793
0,0,0.011942821
0,0,0.002074957
0,0,0.012024973
1,1,0.99999833
1,0,0.15469691
0,0,0.110707775
0,0,0.00019331048
0,0,0.009517833
0,0,0.36686277
0,0,0.1736207
0,0,0.0018988639
0,0,0.018770505
1,0,0.21794476
0,0,0.0048824092
0,0,0.0016535138
0,0,0.0010648622
0,0,0.47438893
0,0,0.015301807
0,0,0.0047402256
0,0,0.02735915
0,0,0.047373213
0,0,0.11816187
0,0,0.019999525
1,1,0.96655333
0,0,0.054584585
0,0,0.008495383
1,1,0.9710764
0,0,0.0004935109
1,0,0.041751027
0,0,0.033380453
0,0,0.055446897
1,1,0.99999833
1,1,0.99999785
0,0,0.044279262
0,0,0.030247545
0,0,0.017540246
0,0,0.0015970637
0,0,0.07007038
1,1,0.695445
0,0,0.0033586049
1,1,0.999998
0,0,0.0020651459
0,0,0.029426958
1,1,0.99999845
0,0,0.032908328
1,1,0.9999987
0,0,0.05292321
0,0,0.0024042206
0,0,0.0018491653
0,1,0.6756225
0,0,0.025416771
0,0,0.0136441365
0,0,0.0013042644
0,0,0.0007030556
0,0,0.0026448972
0,0,0.10256115
1,1,0.69894284
0,0,0.0526875
0,0,0.008850504
1,1,0.99999833
0,0,0.019182231
0,0,0.002858754
0,0,0.036158476
0,0,0.06739352
0,0,0.00027216916
0,0,0.054554816
0,0,0.16236207
0,0,0.02846695
0,0,0.053310856
0,0,0.029521845
0,0,0.28551266
0,0,0.0010367172
0,0,0.0284713
0,0,0.005019128
0,0,0.15134647
1,1,0.523318
0,0,0.11908237
0,0,0.05387159
0,0,0.03861394
0,0,0.34644777
1,1,0.9999987
0,0,0.0024540608
1,1,0.98902225
0,0,0.03992416
0,0,0.013442722
0,0,0.05893166
0,0,0.024795502
0,0,0.020625072
1,1,0.99999833
0,0,0.08495987
0,0,0.0004628272
0,0,0.015722979
0,0,0.061020784
1,1,0.9999988
0,0,0.0048810216
0,0,0.0065570422
0,0,0.0015171841
0,0,0.013049311
0,0,0.1168006
0,0,0.009452278
0,0,0.0006765089
0,0,0.1145548
0,0,0.009830269
0,0,0.0072625745
0,0,0.013298398
0,0,0.009144517
1,1,0.99999833
0,0,0.14301294
0,0,0.0061456864
0,0,0.19473329
1,1,0.97540957
0,0,0.072973415
0,0,0.013756526
0,0,0.40766641
1,1,0.99506253
0,0,0.0039617
0,0,0.0010088797
0,0,0.22409569
0,0,0.0017047703
0,0,0.063873276
1,1,0.6667826
0,0,0.020197678
0,0,0.3512892
0,0,0.0011927919
0,0,0.19028686
0,0,0.10779597
0,0,0.10974935
0,0,0.43007943
0,0,0.047767736
0,0,0.0032183377
0,0,0.02614254
0,0,0.009258814
0,0,0.35406414
1,1,0.9999976
0,0,0.02626616
0,0,0.09386486
0,0,0.020978745
0,0,0.10676853
0,0,0.0022662652
0,0,0.1324595
0,0,0.02033304
0,0,0.14261983
0,0,0.010137682
0,1,0.6682479
1,1,0.99999833
0,0,0.09410966
0,0,0.0020607775
0,0,0.011770319
1,0,0.3559943
0,0,0.009045907
0,0,0.13851972
1,1,0.9999976
1,1,0.95722175
0,0,0.007874117
0,0,0.010431246
0,0,0.006129651
0,0,0.013863551
1,1,0.9999987
0,0,0.073373735
1,1,0.99999833
0,0,0.24678393
0,0,0.035394374
0,0,0.00088902557
0,0,0.062321547
0,0,0.099608116
1,1,0.6087133
1,1,0.9906607
0,0,0.0009792602
0,0,8.201398e-05
0,0,0.001952389
1,1,0.9999144
0,0,0.019050913
0,0,0.0051441137
0,0,0.18153414
0,0,0.010051491
0,0,0.033528373
0,0,0.15469983
0,0,0.10605199
0,0,0.03165922
0,0,0.027102783
0,0,0.015575507
1,1,0.99999833
0,0,0.008051721
0,0,0.0071161813
0,0,0.022387015
0,0,0.0038785345
0,0,0.40958855
0,0,0.031512555
0,0,0.0017207313
0,1,0.5017243
0,0,0.012657224
0,0,0.002702848
0,0,0.016927715
0,0,0.033684358
0,0,0.016510839
0,0,0.0008244146
0,0,0.016414614
0,0,0.0021261817
1,1,0.8784929
0,0,0.12858275
0,0,0.023313988
0,0,0.052872293
0,0,0.1658054
0,0,0.036655523
0,0,0.00044818595
0,0,0.03379506
0,0,0.010895717
0,1,0.51177937
1,1,0.99999833
0,0,0.14713109
0,0,0.033864677
0,0,0.052750833
0,0,0.034474
0,0,0.013484155
0,0,0.016748283
0,0,0.02907495
0,0,0.0027903162
1,1,0.999998
0,0,0.006993486
1,1,0.9999988
0,0,0.0020816163
0,0,0.25543818
0,0,0.3080517
0,0,0.008030528
0,0,0.089221664
0,0,0.04255271
0,0,0.014061551
0,0,0.19738303
0,0,0.03165922
0,0,0.03289104
0,0,0.020136505
0,0,0.010010068
0,0,0.022881709
0,0,0.10376628
0,0,0.006724514
0,0,0.027557641
0,0,0.027699003
0,0,0.22981843
1,1,0.9746183
0,0,0.0021604924
0,0,0.012404061
0,0,0.009128501
1,1,0.99999774
0,1,0.58728284
1,1,0.99999833
0,0,0.0022986697
0,0,0.009182303
0,0,0.0013664933
0,0,0.007511278
0,0,0.13211706
0,0,0.04331981
0,0,0.004048433
0,0,0.046124123
0,0,0.2997222
0,0,0.02517393
0,0,0.0069640623
0,0,0.07990909
0,0,0.01397267
0,0,0.019121246
0,0,0.04878767
0,0,0.13677819
0,0,0.02023075
1,0,0.3293886
0,0,0.004183245
1,1,0.9999976
0,0,0.020425715
0,0,0.03475709
0,0,0.048432916
0,0,0.056233414
0,0,0.0181129
0,0,5.6588524e-05
0,0,0.08814404
0,0,0.003966326
0,0,0.05835429
0,0,0.044450387
0,0,0.020548487
0,0,0.07042099
0,0,0.20837328
0,0,0.00955134
0,0,0.044749536
0,0,0.014710882
0,0,0.11222194
1,1,0.99999833
0,0,0.05172499
1,1,0.9999976
0,0,0.0012174306
0,0,0.01974506
0,0,0.0042969207
0,0,0.03847661
0,0,0.011463624
1,1,0.9996885
0,0,0.01369264
1,1,0.99999785
0,0,0.0013004787
0,0,0.04795068
0,0,0.0022099477
0,0,0.015363286
0,0,0.0014990581
1,1,0.9876003
0,0,0.19640782
0,0,0.0017706866
0,0,0.014439478
0,0,0.04002231
1,1,0.9999858
1,0,0.10181578
0,0,0.050120384
0,0,0.024640348
0,0,0.034048323
0,0,0.013271314
0,0,0.053039677
0,0,0.0010376534
0,0,0.34071812
0,0,0.28411716
0,0,0.33438233
0,0,0.003107618
0,0,0.0171533
0,0,0.012291307
0,0,0.0031291635
0,0,0.0005435899
0,1,0.57157165
0,0,0.03796611
0,0,0.012697649
1,1,0.59254414
0,0,0.114585035
0,0,0.009102637
0,0,0.0046519693
0,0,0.12523752
0,0,0.0068703536
0,0,0.00556478
0,0,0.17997499
1,1,0.99999833
0,0,0.012864335
0,0,0.009428168
0,0,0.3565657
0,0,0.012039693
1,1,0.9999968
0,0,0.0024285724
0,0,0.000103414844
0,0,0.043259468
0,0,0.005748704
1,1,0.80307376
0,0,0.013903379
0,0,0.042212468
0,0,0.0040457635
0,0,0.0034334639
0,0,0.010836834
0,0,0.0089273
0,0,0.038403004
0,0,0.026323888
1,1,0.9987594
0,0,0.060352158
0,0,0.00022107064
0,0,0.058831807
0,0,0.1402976
0,0,0.04020468
0,0,0.11516655
0,0,0.0011640342
0,0,0.001036456
1,1,0.99081486
0,0,0.107293636
0,1,0.7934853
0,0,0.0064640776
0,0,0.053110573
0,0,0.15800105
0,0,0.44428018
1,1,0.99065304
0,0,0.0038555355
0,0,0.024785675
0,0,0.032825842
1,1,0.99999774
0,0,0.14658035
0,0,0.02994397
0,0,0.021244626
0,0,0.014185616
0,0,2.299853e-06
0,0,0.1728911
0,0,0.036915813
1,1,0.9999976
0,0,0.04255754
0,0,0.0023506584
0,0,0.4572829
0,0,0.002662928
0,0,0.01551022
0,0,0.010373662
0,0,0.02194767
0,0,0.0069507463
0,0,0.0009133253
0,0,0.04502128
0,0,0.0016353305
1,1,0.9999988
1,0,0.037765104
1,1,0.99203753
0,0,0.014231862
1,0,0.105102986
0,0,0.047943037
1,1,0.999912
0,0,0.036376625
0,0,0.09791317
0,0,0.3900317
0,0,0.021743998
0,0,0.08924988
0,0,0.0007122101
0,0,0.0026282582
1,1,0.9999987
0,0,0.00017945317
0,0,0.022382276
0,0,0.2738392
1,1,0.5204196
0,0,0.0024925417
0,0,0.008031809
0,0,0.009823059
0,0,0.06450314
0,0,0.38979992
0,0,0.0026827634
1,1,0.9999976
0,0,0.23078334
0,0,0.0083740875
0,0,0.001797717
0,0,0.12759236
0,0,0.024115106
0,0,0.0039244317
0,0,0.103939965
0,0,0.039651494
0,0,0.04519882
0,1,0.91808844
0,0,0.00069881015
0,0,0.009329895
0,0,0.049004946
0,0,0.012815054
0,0,0.029859297
0,0,0.05690967
0,0,0.0017317745
0,1,0.50455725
0,0,0.025899122
0,0,0.0028329566
1,1,0.8222216
1,0,0.36520734
1,1,0.99999845
0,0,0.09692526
1,1,0.9999987
0,0,0.09849974
0,0,0.0864449
0,0,0.0035910783
0,0,0.059850883
0,0,0.02038016
0,0,0.078087
0,0,0.0035314737
1,1,0.9315015
0,0,0.10258191
0,0,0.04135487
0,0,0.1313844
0,0,0.026065726
0,0,0.21100923
0,0,0.15059057
0,0,0.016502695
0,0,0.012404002
0,0,0.05307656
0,0,0.071688764
0,0,0.08375965
0,0,0.045233224
0,0,0.012902278
0,0,0.051670004
0,0,0.2595662
0,0,0.018612219
0,0,0.2673304
1,1,0.9999976
0,0,0.009296445
0,0,0.035304666
0,0,0.0011899819
0,0,0.14627664
0,0,0.00434757
0,0,0.012518892
0,0,0.026423372
0,0,0.24368368
0,0,0.026673976
0,0,0.02348389
1,1,0.9532022
1,1,0.9999119
0,0,0.2259473
1,1,0.9999976
0,0,0.005307934
0,0,0.18501218
1,1,0.9996885
0,0,0.03184579
0,0,0.02345939
0,0,0.01911092
0,0,0.10115481
0,0,0.0037949856
0,0,0.0062742773
0,0,0.018107435
0,0,0.018950978
1,1,0.99999833
0,0,0.1336974
0,1,0.50426376
0,0,0.06315629
0,0,0.020973032
0,1,0.53418475
0,0,0.013258657
0,0,0.03924707
0,0,0.13678251
0,0,0.2856533
0,0,0.017018748
0,0,0.014307344
0,0,0.0013297203
0,0,0.0019076348
0,0,0.22025056
0,0,0.012089657
0,0,0.07822965
1,1,0.9999988
0,0,0.0978747
0,0,0.04484429
0,0,0.013328271
0,0,0.0069801863
0,0,0.2997222
0,0,0.005212255
0,0,0.21697858
0,0,0.05835289
0,0,0.005323477
0,0,0.12719733
0,0,0.019142902
0,0,0.0037988564
0,0,0.38468504
0,0,0.27671432
0,0,0.0077057183
0,0,0.018917067
0,1,0.53418475
0,0,0.061497245
0,0,0.0116515
0,0,0.033001486
0,0,0.103605345
0,0,0.0023512433
0,0,0.025797337
0,0,0.004735259
1,1,0.99999285
1,1,0.99999833
0,0,0.06739716
0,0,0.0041532787
0,0,0.010367212
1,1,0.99894065
1,1,0.9999976
0,0,0.0125066135
0,0,0.0049092383
0,0,0.0049765976
1,1,0.5300659
0,0,0.0003376139
0,0,0.011216894
0,0,0.028677797
0,0,0.02369888
0,0,0.024147237
1,1,0.94221354
0,0,0.00020008709
1,1,0.979395
0,0,0.2653173
0,0,0.0012750141
0,0,0.10571606
0,0,0.014777318
0,0,0.02124546
0,0,0.34708408
0,0,0.05726945
0,0,0.04170767
0,0,0.16304164
0,0,0.004412411
0,0,0.051029753
0,0,0.048211616
0,0,0.0024075212
0,0,0.00014219437
0,0,0.0074605583
1,1,0.9999144
0,0,0.24737182
0,0,0.020872723
0,0,0.115220524
0,0,0.0042992206
1,1,0.9999987
0,0,0.010093011
0,0,0.10992903
0,0,0.011878134
0,0,0.021966977
0,0,0.047999542
0,0,0.32834587
0,0,0.0005250601
0,0,0.011106019
0,0,0.0813783
0,0,0.13352993
0,0,0.04663414
0,0,0.04309292
0,0,0.03912231
0,0,0.113303505
0,0,0.0037416182
1,1,0.97488254
0,0,0.011565358
0,0,0.022528423
1,1,0.999998
0,0,0.167164
0,0,0.11176089
0,0,0.026683252
0,0,0.003623458
0,0,0.016399678
1,1,0.9597795
1,1,0.9999976
0,0,0.0043752543
0,0,0.1464315
0,0,0.0018031844
0,0,0.0063877674
0,0,0.044193704
0,0,0.04127609
1,1,0.9999987
0,0,0.023744013
0,0,0.07100285
0,0,0.00048429894
0,0,0.019206371
0,1,0.5668215
0,0,0.043437313
0,0,0.018106863
0,0,0.2145365
0,0,0.10723037
0,0,0.0116398325
0,0,0.007934315
0,0,0.49802822
0,0,0.112723954
0,0,0.032039873
0,0,0.0018612507
0,0,0.003962174
0,0,0.0041507334
0,0,0.009558312
0,0,0.015654027
0,0,0.010787905
0,0,0.11085719
0,0,0.017439397
1,0,0.05737277
0,0,0.09249775
0,0,0.011693842
0,0,0.15555406
0,0,0.2085228
0,0,0.035279106
0,0,0.08179298
0,0,0.033338614
0,0,0.01798077
0,1,0.53418475
0,0,0.0055061975
0,0,0.013305144
0,0,0.15509059
1,1,0.9999976
0,0,0.0008243179
0,0,7.8166544e-05
0,0,0.03620649
0,0,0.0110835275
1,1,0.99999785
0,0,0.068162024
0,0,0.0057853097
0,0,0.08091194
0,0,0.007170592
0,0,0.006433791
0,0,0.48127148
0,0,0.008174043
0,0,0.06686656
0,0,0.008107174
0,0,0.0036742787
0,0,0.22014074
0,0,0.0042464174
0,0,0.03104619
0,0,0.049515218
0,0,0.0007473154
0,0,0.24972633
0,0,0.13828881
0,0,1.8838158e-05
0,0,0.1966625
0,0,0.011830997
0,0,0.0005074701
0,0,0.11109875
0,0,0.00088465813
0,0,0.033453446
0,0,0.041678768
0,0,0.05577262
0,0,0.024912478
0,0,0.16304164
0,0,0.43888146
0,0,0.0083277095
0,0,0.064567655
1,1,0.6903167
0,0,0.03725813
0,0,0.020940872
0,0,3.507623e-05
0,0,0.0029913865
0,0,0.014648478
0,0,0.09351314
0,0,0.008809157
0,0,0.07098493
0,0,0.014271136
0,0,0.006792894
0,0,0.06364173
0,0,0.010805822
0,0,0.025153486
0,0,0.035541743
0,0,0.053663462
1,1,0.9999976
0,0,5.4861075e-06
0,0,0.09300176
0,0,0.10085627
0,0,0.37773404
1,1,0.9872843
1,1,0.99999785
0,0,0.009468882
0,0,0.0051113428
0,0,0.0009967525
0,0,0.04563658
0,0,0.014801886
1,1,0.99999774
0,0,0.0061421455
1,1,0.9954254
1,1,0.99999857
0,0,0.13429078
0,0,0.013532054
0,0,0.025753416
0,0,0.12478913
0,0,0.030989623
0,0,0.116909705
0,0,0.024427243
0,0,0.05585512
0,0,0.054181255
1,1,0.9983854
0,0,0.109858975
1,1,0.9530471
0,0,0.07809335
0,0,0.13812931
0,0,0.02571397
0,0,0.011528411
0,0,0.000117049414
0,0,0.13595735
0,0,0.0076480014
0,0,0.00047913688
0,0,0.0968065
0,0,0.016757764
0,0,0.009326075
0,0,0.042369775
0,0,0.060817044
1,1,0.9999976
1,1,0.98932076
0,0,0.011725367
0,0,0.002462535
0,0,0.0009309802
1,1,0.99999857
0,0,0.05560057
0,0,0.008597553
0,0,0.00433824
1,1,0.9999976
0,0,0.06025505
0,0,0.022087032
0,0,0.0202653
0,0,0.053951424
0,0,0.33686748
0,0,0.08716124
0,0,0.12498915
1,1,0.99999833
0,0,0.008200772
0,0,0.01606449
0,0,0.02873253
0,0,0.0056498083
0,0,0.055080015
0,0,0.0027683133
0,0,0.01132188
0,0,0.10918279
0,0,0.004427367
0,0,0.013519856
0,0,0.00077058247
0,0,0.37069348
0,0,0.00811756
1,1,0.98699504
0,0,0.06445418
0,0,0.17330322
0,0,0.0014310217
0,0,0.009554755
0,0,0.10175057
0,0,0.014134568
0,0,0.27671432
0,0,0.41350317
0,0,0.037921853
0,0,0.13085127
1,0,0.36137763
0,0,0.026006434
0,0,0.20821394
1,1,0.9999976
0,0,0.4785157
0,0,0.18157826
0,0,0.03215951
0,0,0.0010615971
0,0,0.030960817
0,0,0.0063248994
0,0,0.037044097
0,0,0.023096772
0,1,0.54216725
1,1,0.99999833
1,1,0.98114794
0,0,0.1228091
0,0,0.004065183
1,1,0.99999833
0,0,0.054071262
1,1,0.99998593
0,0,0.002081107
0,0,0.03332103
0,0,0.47128966
0,0,0.05743483
0,0,0.07753414
0,0,0.029733118
1,1,0.92098564
0,0,0.07094091
0,0,0.009196618
0,0,0.3752885
0,0,0.049505603
0,0,0.17540333
1,1,0.9999987
0,0,0.0019011897
0,0,0.044555567
0,0,0.00021054954
1,1,0.9077741
0,0,0.065607436
0,0,0.06274018
0,0,0.014679385
0,0,0.023602048
0,0,0.0051720766
0,0,0.014504657
1,1,0.9999976
0,0,0.040234547
1,0,0.4624873
0,0,0.3661128
0,0,0.000116625604
1,1,0.99999833
0,0,0.039519534
0,0,0.05761311
0,0,0.08733656
0,0,0.24811281
0,0,0.044790532
0,0,0.0012750141
1,1,0.8053671
0,0,0.066622555
0,1,0.6015585
0,0,0.00089174166
0,0,0.22611485
0,1,0.54643637
0,0,0.0011666741
0,0,0.005897249
1,1,0.91540235
0,0,0.104408704
0,0,0.10911688
0,0,0.03033261
0,0,0.1562008
0,0,0.06780483
0,0,0.017183302
0,0,0.020297866
0,0,0.03784219
0,0,0.029872255
0,0,0.03794751
0,0,4.6197387e-05
0,0,0.04446338
0,0,4.8698e-05
0,0,0.18740168
0,0,0.031870905
0,0,0.002507539
0,0,0.22865327
0,0,0.0650692
0,0,0.012712698
1,1,0.9999989
0,0,0.0010605211
0,0,0.015392959
0,0,0.059598688
0,1,0.52942395
0,0,0.006061655
0,0,0.006204661
0,0,0.0011389697
0,0,0.48930046
0,0,0.2259473
0,0,0.016980868
0,0,0.20689058
0,0,0.046576414
0,0,0.24829414
0,0,0.01708812
0,0,0.0015397399
0,0,0.008568193
0,0,0.00384953
1,1,0.9999976
0,0,0.13503155
0,0,0.029081114
0,0,0.00094229315
0,0,0.008165829
0,0,0.0013844854
0,0,0.07830869
0,0,0.30598313
0,0,0.2793957
0,0,0.17012018
0,0,0.0034355528
0,0,0.02874821
0,0,0.00015260949
0,0,0.0046432805
1,1,0.99999857
1,1,0.61873484
0,0,0.064771354
1,1,0.9999976
0,0,0.006856699
0,0,0.4685477
1,1,0.9995921
0,0,0.012867896
0,0,0.02292427
0,0,0.01075558
0,0,0.05257528
0,0,0.080275364
0,0,0.010344278
0,0,0.038321886
0,0,0.0035325377
0,0,6.631508e-05
0,0,0.013235133
0,0,0.16865921
0,0,0.038270306
0,0,0.0065848697
0,0,0.031073691
0,0,0.006855734
0,0,0.026880678
0,0,0.0031914301
1,1,0.99999833
0,0,0.0023366883
1,1,0.9080172
0,0,0.01317596
0,0,0.02345939
0,0,0.06472842
0,0,0.04153822
0,0,0.06092
0,0,0.029226188
0,0,0.095249854
0,0,0.08059868
0,0,0.006595311
0,0,0.24826005
0,0,0.018419633
1,1,0.99365234
0,0,0.0163594
0,0,0.28608936
0,0,0.0024130028
0,0,0.09049187
0,0,0.076702446
0,0,0.07794763
0,0,0.06784169
1,1,0.9999987
0,0,0.41350317
0,0,0.07372562
0,0,0.004564948
0,0,0.019973474
0,0,0.0061061396
0,0,0.0033959763
0,0,0.11616596
0,0,0.03501518
0,0,0.0138554815
0,0,0.001707344
0,0,0.003548929
0,0,0.13128443
0,0,0.0375059
0,0,0.0075362907
0,0,0.0042441213
0,1,0.7853793
0,0,0.2707132
0,0,0.12280472
0,0,0.37240547
1,1,0.9776928
0,0,0.009606617
0,0,0.15395395
0,0,0.025520647
0,0,0.002642334
1,1,0.99999833
0,0,0.07101342
0,0,0.16437267
0,0,0.045649614
0,0,0.0819638
1,1,0.8527895
0,0,0.005154603
0,0,0.042891543
0,0,0.0028852017
0,0,0.026076684
0,0,0.0065955273
0,0,0.08279214
0,0,0.039212905
0,0,0.0035574597
0,0,0.002503849
0,0,0.04885572
0,0,0.057738367
0,0,0.014166737
0,0,0.029261956
0,0,0.0012797565
0,0,0.0112796575
1,1,0.99999785
0,0,0.015447772
0,0,0.0007043849
0,0,0.014011766
0,0,0.056711756
0,0,0.043886483
0,0,0.013057764
0,0,0.276759
0,0,5.965031e-05
0,0,0.12962838
0,0,0.0024780557
0,0,0.010244651
0,0,0.016816879
0,0,0.19524421
0,0,0.030686483
0,0,0.26949957
0,0,0.26759514
0,0,0.13266948
0,0,0.0002347559
1,1,0.99999785
1,1,0.9999987
0,0,0.005622451
1,1,0.999998
0,0,0.01780443
0,0,0.050440006
0,0,0.061813366
0,0,0.0026367903
0,0,0.28010175
0,0,0.23409852
0,0,0.02715131
0,0,0.0005232248
0,0,0.0019803839
0,0,0.028265476
0,0,0.11187157
0,0,0.41350317
0,0,0.0071298927
0,0,0.006925655
0,0,0.020442571
0,0,0.05893166
0,0,0.05098226
0,0,0.15090647
1,1,0.9999976
0,0,0.0035473949
0,0,0.010170411
0,0,0.24952129
0,0,0.3355579
1,1,0.9999976
0,0,0.014640462
0,0,0.007894053
1,0,0.22891234
0,0,0.017960615
0,0,4.710635e-05
0,0,0.010036906
0,0,0.015616504
0,0,0.0959039
0,0,0.1580148
0,0,0.008341219
0,0,0.0018888552
0,0,0.094999395
0,0,0.014876935
0,0,0.012152853
1,1,0.6354855
0,0,0.062028095
0,0,0.015621503
1,1,0.9999976
0,0,0.010731806
0,0,0.053088617
0,0,0.00011670015
0,0,0.007759071
0,0,0.009467831
1,1,0.9900067
1,1,0.9988727
0,0,0.009198269
0,1,0.57506764
0,0,0.114524476
0,0,0.1575976
0,0,0.024579639
1,1,0.9962681
0,0,0.0429561
0,0,0.03617368
1,1,0.99999833
0,0,0.020613512
0,0,0.0134135
0,0,0.009428168
0,0,0.0010661418
0,0,0.031651106
0,0,0.023766771
0,0,0.035665
0,0,0.0010883984
0,0,0.0004390608
0,0,0.008705963
1,1,0.9999988
0,0,0.022415088
1,1,0.9999988
0,0,0.3339272
0,0,0.00019807521
0,0,0.06300455
0,0,0.008007224
0,0,0.0032760112
0,0,0.008815179
0,0,0.004057458
0,0,0.01314512
0,0,0.011875402
0,1,0.50869244
0,0,0.0018240822
0,0,0.021941029
1,1,0.9925276
0,0,0.15722206
0,0,0.011017462
0,0,0.0125066135
0,0,0.29479438
0,0,0.0013049087
0,0,0.14022966
0,0,0.041173033
0,0,0.044700984
0,0,0.031420995
1,1,0.99999833
0,0,0.083685346
0,0,0.011408396
0,0,0.009465971
0,0,0.14799246
0,0,0.01953549
1,1,0.9999119
0,0,0.059772536
1,1,0.9999988
0,0,0.25986907
0,0,0.1468945
1,1,0.9937354
0,0,0.0015016561
0,1,0.60637695
0,0,0.022714311
0,1,0.58728284
1,1,0.6932404
0,0,0.016046831
0,0,0.019559653
0,0,0.028034274
0,0,0.14918534
0,0,0.067233205
0,0,0.03412726
0,0,0.011256214
0,0,0.028273402
0,0,0.0057033864
0,0,0.09683794
0,0,0.15957502
1,1,0.9999987
0,0,0.008905742
1,1,0.99999845
0,0,0.081956595
0,0,0.0030267457
0,0,0.0662133
0,0,0.006812824
0,0,0.043974344
0,0,0.122774646
0,0,0.01507444
0,0,0.004500693
0,0,0.02145144
0,0,0.0029506201
0,0,0.28017843
0,0,0.0918814
0,0,0.0046076407
0,0,0.022325655
1,1,0.99999833
0,0,0.010551878
0,0,0.031227304
0,0,0.44423562
0,0,0.12133106
0,0,0.024905514
0,0,0.16304164
0,0,0.0054789367
0,0,0.012260415
0,0,0.021809235
0,0,0.18045342
0,0,0.025864504
0,0,0.018400032
0,1,0.544841
0,0,0.03688076
0,0,0.0073714755
0,0,0.004218127
0,0,0.023344675
0,0,0.028230261
0,0,0.00044377416
0,0,0.0044028354
0,0,0.123920456
0,0,2.8467291e-05
0,0,0.014830255
0,0,0.029217064
0,0,0.26751852
0,0,0.04292604
0,0,0.11648522
0,0,0.01366846
1,1,0.9511835
0,0,0.0033543808
0,0,0.23587745
0,0,0.061684433
0,0,0.00847843
0,0,0.0009559874
0,0,0.009353685
0,0,0.029883001
0,0,0.28608936
0,0,0.0012968836
0,0,0.0037004221
0,0,0.047828108
1,0,0.3838887
0,0,0.025225002
0,0,0.028700665
0,0,0.04584978
0,0,0.0013671656
0,0,0.17298035
0,0,0.02468217
0,0,0.018683398
0,0,0.0001511853
0,0,0.020236384
1,1,0.9999976
0,0,0.06447312
0,0,0.060086526
0,0,0.08807608
0,0,0.07761204
0,0,0.0023854952
0,0,0.011904248
0,0,0.42806464
0,0,0.08454705
0,0,0.018133039
0,0,0.047675986
0,0,0.0028630595
0,0,0.038573444
0,0,0.005019747
0,0,0.0025807188
0,0,0.007077048
0,0,0.27407756
0,0,0.2118518
0,0,0.07899489
0,0,0.24873643
0,0,0.2915869
0,0,0.02990059
0,0,0.07704297
0,0,0.023155492
0,0,0.19364938
0,0,0.0046987603
1,0,0.2977786
0,0,0.009965625
1,1,0.9996773
1,1,0.9999988
0,0,0.029342895
0,0,0.12899332
1,1,0.9762222
0,0,0.007229183
1,1,0.98708886
1,1,0.9999976
0,0,0.052315403
0,0,0.051181026
0,0,0.06377671
0,0,0.18374376
1,0,0.12683389
0,0,0.011142432
0,0,0.043535396
0,1,0.74206
0,0,0.013074027
0,0,0.0010951196
0,0,0.0022526938
0,0,0.046101492
0,0,0.028353866
0,0,0.0065955585
0,0,0.0040506986
1,0,0.39938504
0,0,0.017698225
1,1,0.9999144
0,0,0.09845279
1,1,0.99999833
0,0,0.025426434
0,0,0.00076369935
0,0,0.0058537386
0,0,0.02171515
0,0,0.11152039
0,0,0.0019087774
0,0,0.03846358
0,0,0.08630573
0,0,0.41350317
0,0,0.0032272085
0,0,4.544972e-05
0,0,0.37069348
1,0,0.28411716
0,0,0.28575033
0,0,0.0016961771
0,0,0.08341822
0,0,0.043855634
0,0,0.010106331
0,0,0.27671432
0,0,0.058601573
0,0,0.36593267
0,0,0.006864948
0,0,0.00011768566
0,0,0.0620256
0,0,0.0028789653
0,0,0.14504927
0,0,0.03548669
0,0,0.11250382
0,0,0.015820315
0,0,0.019142902
0,0,0.05010888
1,1,0.9923143
1,1,0.80381
0,0,0.012686989
0,0,0.095681146
0,0,0.025932534
0,0,0.05869495
0,0,0.06464941
0,0,0.072875075
0,0,0.0033087346
0,0,0.00023048781
0,0,0.077693455
0,0,0.011574155
0,0,0.05739304
0,0,0.018519672
0,0,0.0035996877
0,0,0.03780105
1,1,0.92014605
0,0,0.073465586
0,0,0.014799861
0,0,0.01983985
0,0,0.10588195
0,0,0.017889543
0,0,0.027407944
0,0,0.0754762
0,0,0.00013372774
1,1,0.86128634
1,1,0.8746056
0,0,0.013076149
1,1,0.99999833
0,0,0.05714383
1,1,0.99999726
0,0,0.021157598
0,0,0.47673544
0,0,0.2259473
0,0,0.006105859
1,0,0.35173482
0,0,0.13727137
0,0,0.014406581
0,0,0.029582428
0,0,0.052004114
1,0,0.36690965
0,0,0.023308558
0,0,0.01846729
0,0,0.030793255
0,0,0.0116515
0,0,0.03473637
0,0,0.017018748
0,0,0.39641008
0,0,0.023460133
1,1,0.9999988
0,0,0.00054750487
0,0,0.003425506
1,1,0.67491144
0,0,0.06572399
0,0,0.05369138
0,0,0.072219886
0,0,0.0071728807
0,0,0.042859454
0,0,0.23814662
0,1,0.5407303
0,0,0.0165351
0,0,0.08072524
1,1,0.9999987
0,0,0.0016389273
1,1,0.9999989
1,1,0.9963127
0,0,0.016179562
1,1,0.99999857
0,0,0.0067758844
0,0,0.022446452
1,1,0.90593356
1,1,0.9999968
0,0,0.0652896
0,0,0.15359806
0,0,0.013230446
1,1,0.8446413
0,0,0.020214457
0,0,0.039559923
0,0,0.33492258
0,0,0.021063583
0,0,0.06308211
0,0,0.029453743
0,0,0.02128892
0,1,0.87563264
0,0,0.002157967
0,0,0.30161366
0,0,0.062869556
0,0,0.011138928
0,0,0.19561318
1,0,0.2741796
0,0,0.01567925
0,0,0.0070457947
0,0,0.004376382
0,0,0.006478487
0,0,0.007654729
0,0,0.015118164
1,1,0.8980628
0,0,0.019931978
0,0,0.04668791
0,0,0.1278275
0,0,0.12841769
0,0,0.0075380714
0,0,0.03948843
0,0,0.023806605
0,0,0.00017133841
0,0,0.0049590394
0,0,0.030740943
0,0,0.067258134
0,0,0.40958855
0,0,0.2965104
1,1,0.9999988
0,0,0.36361915
0,0,0.003623057
0,0,0.0018988639
0,0,0.011710275
0,0,0.011317585
1,1,0.99999833
0,0,0.088839516
0,0,0.26292694
0,0,0.029653212
0,1,0.7906088
0,0,0.0053561274
0,0,0.044096984
0,0,0.25824505
0,0,0.09849974
0,0,0.017809752
0,1,0.66872716
0,0,0.15241784
0,0,0.032877088
0,0,0.16607109
0,0,0.03593664
1,1,0.9999987
0,0,0.006231604
0,0,0.013995793
1,1,0.9999976
0,0,0.00023145987
0,0,0.024531884
0,0,0.018085815
0,0,0.018159244
0,0,0.024517419
0,0,0.042852834
0,0,0.04972975
0,0,0.03159025
0,0,0.025787558
0,0,0.008195988
0,0,0.17251407
0,0,0.47440356
0,0,0.28411716
0,0,0.010730029
0,0,0.059162363
1,1,0.9463728
1,1,0.99999785
0,0,0.13919945
0,0,0.011984027
1,1,0.70035964
1,1,0.9999988
0,0,0.019553436
0,0,0.017805574
0,0,0.16508813
0,0,0.19348198
0,0,0.06567558
0,0,0.010559428
1,1,0.99999785
0,0,0.2691931
0,0,0.0059646834
0,0,0.0027106083
0,0,0.12048011
0,0,0.037027493
0,0,0.030644383
1,1,0.97580326
0,0,0.00038792426
0,0,0.030511446
0,0,0.003082631
0,0,0.00088473404
0,0,0.076947324
1,1,0.607403
0,0,0.07546613
0,0,0.22423692
0,0,0.20251162
0,0,0.0031885281
0,0,0.40047473
1,1,0.8815132
0,0,0.026108425
0,0,0.03688071
0,0,0.11826469
0,0,0.013776084
0,0,0.0057468778
0,0,0.11814302
0,0,0.040183302
0,0,0.043277074
0,0,0.017960709
0,0,0.019968348
0,0,0.027651224
0,0,0.014255214
0,0,0.03472446
0,0,0.004830886
0,0,0.022584843
0,0,0.047589786
0,0,0.026142668
0,0,0.14413525
1,1,0.99999833
0,0,0.010236835
0,0,0.00050229626
0,0,0.016514394
0,0,0.01608657
0,0,0.032949135
0,0,0.0151851615
0,0,0.20100948
0,0,1.812942e-05
0,0,0.14684398
1,1,0.9999976
0,0,0.027014326
0,0,0.00086596486
0,0,0.38263574
0,0,0.030022595
0,0,0.08272769
0,0,0.0051411693
0,0,0.0072625745
0,0,0.024621641
0,0,0.00711217
0,0,0.0041862037
0,0,0.018469896
0,0,0.019050913
0,0,0.01014481
0,0,0.022771085
0,0,0.014074468
0,0,0.023161452
0,0,0.023966013
0,0,0.13380997
0,0,0.025288312
0,0,0.05575742
0,0,0.0105354665
1,0,0.32547507
0,0,0.17135932
0,0,0.008277194
0,0,1.6410913e-05
0,0,0.020408979
0,0,0.41350317
0,0,0.0021424845
0,0,0.024074847
0,0,0.0303106
0,0,0.10418551
0,0,0.0014357098
0,0,0.0029394666
0,0,0.0056961845
0,0,0.040518925
1,1,0.99737227
0,0,0.007420793
0,1,0.56624824
0,0,0.022537077
0,0,0.101036206
0,0,0.0059778956
0,0,0.024701705
0,0,0.0025151968
1,1,0.9999976
0,0,0.01082774
0,0,0.03653547
1,1,0.98219436
1,0,0.3793371
0,0,0.062499255
0,0,0.054048296
1,1,0.9999976
0,0,5.6683035e-05
0,0,0.07988727
0,0,0.10842529
1,1,0.9999987
0,0,0.0011601328
0,0,0.009278703
0,0,0.0047800494
0,0,0.14173523
0,0,0.0076445322
0,0,0.014195588
0,0,0.078476444
0,0,0.011622099
0,0,0.00026299423
0,0,0.27671432
0,0,0.02506262
1,1,0.999998
0,0,0.06466036
0,0,0.093127914
0,0,0.0009130186
0,0,0.008704548
0,0,0.060945507
0,0,0.008210645
0,0,0.030374762
0,0,0.17286487
0,0,0.007825561
0,0,0.003293059
1,1,0.99999833
0,0,0.035385117
0,0,0.22381806
0,0,0.008812679
1,1,0.66517246
0,0,0.28287938
0,0,0.018143747
0,0,0.002515222
0,0,0.09656281
1,1,0.9999976
0,0,0.0017416782
0,0,0.050742928
0,0,0.015317369
0,0,0.027105173
0,0,0.0833542
0,0,0.05855486
0,0,0.0030990767
0,0,0.0078705195
0,0,0.28303203
0,0,0.2068112
1,1,0.9999981
0,0,0.015929017
0,0,0.12477415
0,0,0.1451711
0,0,0.018325636
0,0,0.020917755
0,0,0.005395304
0,0,0.03270381
0,0,0.022893567
0,0,0.27671432
0,0,0.0029678815
0,0,0.0016037289
0,0,0.014162557
0,0,0.0027294606
0,0,0.4033882
0,0,0.0017212894
0,0,0.0080258995
0,0,0.14869224
0,0,0.0031636774
0,0,0.003540834
0,0,0.02202782
0,0,0.28578115
1,1,0.9999976
0,0,0.089377284
0,0,0.0066676964
0,0,0.00012170763
1,1,0.97629106
0,0,0.028335394
0,0,0.08309874
0,0,0.021444224
0,0,0.008184302
0,0,0.070680544
1,1,0.9999987
0,0,0.002788344
0,0,0.11103293
1,1,0.9999988
0,0,0.008585205
0,0,0.04360784
0,0,0.21515426
1,1,0.99999774
1,1,0.9999988
0,0,0.026581181
0,1,0.58728284
0,0,0.007884293
0,0,0.0011270322
0,0,0.08925828
0,0,0.01964798
0,0,0.04309373
0,0,0.011838726
0,0,0.056895796
0,0,0.0035151443
0,0,0.08340814
0,0,0.0281702
1,1,0.89052707
0,0,0.03380988
0,0,0.14339958
0,0,0.03532745
0,0,0.026085574
0,0,0.014547408
0,0,0.0117401015
0,0,0.013646492
0,0,0.006943555
0,0,0.21978344
0,0,0.013850636
0,0,0.024028169
0,0,0.0451031
1,1,0.9999919
0,0,0.0022956652
1,1,0.9999987
0,0,0.110754885
0,0,0.002984636
0,0,0.094211936
0,0,0.03617368
0,0,0.0007037732
0,0,0.008407609
0,0,0.053548735
1,1,0.9999976
0,0,0.09182422
0,1,0.67233825
0,0,0.4685477
0,0,0.0772169
0,0,0.037197378
0,0,0.0075325435
0,0,0.0036397993
0,0,0.011059793
0,0,0.106246516
0,0,0.09465829
0,0,0.06654301
0,0,0.004264839
1,0,0.3011616
1,1,0.9999987
0,1,0.76444465
0,0,0.0037038568
0,0,0.02218248
0,0,0.035698093
0,0,0.47438893
0,0,0.08282466
0,0,0.0069922274
0,0,0.040314175
0,0,0.26793462
0,0,0.018087966
0,0,0.11292114
0,0,0.22131342
0,0,0.047229894
0,0,0.07540183
0,0,0.017032659
0,0,0.018391361
0,0,0.02972678
0,0,0.02536614
0,0,0.08007821
1,1,0.999998
0,0,0.0017616507
0,0,0.0056122686
0,0,0.027488008
0,0,0.08938695
0,0,0.0011012376
0,0,0.039822
1,1,0.6979836
0,0,0.039992116
0,0,0.1362399
1,1,0.999998
0,0,0.012294717
0,0,0.0053661964
0,0,0.023295134
1,1,0.9976024
0,0,0.027286055
1,1,0.9999976
0,0,0.056233414
1,1,0.9999989
0,0,0.11766579
0,0,0.1023914
0,0,0.052713618
1,1,0.9999968
0,0,0.10414705
0,0,0.009492557
0,0,0.29761094
0,0,6.3378124e-05
0,0,0.09772566
1,1,0.9999968
0,0,0.011999858
1,1,0.98629135
1,1,0.9475172
0,0,0.34016144
0,0,0.24556899
1,1,0.99999726
0,0,0.10822467
0,0,0.02267561
0,0,0.0073001166
1,1,0.998069
0,0,0.010185899
0,0,0.05807327
0,0,2.5824347e-05
0,0,0.0025016777
0,0,0.015522553
0,0,0.043143053
0,0,0.07500163
0,0,0.042319607
1,1,0.99999774
0,0,0.027943868
0,0,0.00047163386
0,0,0.041043445
0,0,0.0013859431
1,1,0.99999774
0,0,0.45264283
1,1,0.9999988
0,0,0.04141655
0,0,0.0035616152
0,0,0.0011878128
0,0,0.0023843504
0,0,0.024853773
0,0,0.027597742
0,0,0.0077085225
0,0,0.00027151525
0,0,0.023600053
0,0,0.037031148
0,0,0.4029922
1,1,0.9097029
0,0,0.015048834
0,0,0.046587847
0,0,0.40600598
0,0,0.105710015
0,0,0.056379654
0,0,0.009320138
0,0,0.0046727057
0,0,0.0039196126
1,1,0.9993536
1,1,0.9999988
0,0,0.029995494
1,1,0.9863153
0,0,0.17741673
0,0,0.008709281
0,0,0.07259745
1,1,0.9999987
0,0,0.014510888
0,0,0.00013113505
0,0,0.0005396892
0,0,0.0009211812
1,0,0.114569545
0,1,0.6586122
0,0,0.0001925937
1,1,0.99999857
0,0,0.032150183
0,0,0.044447895
0,0,0.09432859
0,0,0.005431596
0,0,0.008627241
0,0,0.36690965
0,0,0.0068630106
0,0,0.00032262746
0,0,0.010910249
0,0,0.013895014
1,1,0.9993536
0,0,0.050645243
0,0,4.402431e-05
1,0,0.47274822
0,0,0.0050797164
0,0,0.0049100653
0,0,0.031275794
0,0,0.044527616
0,0,0.005517274
0,0,0.2884446
1,1,0.9999987
0,0,0.009623421
0,0,0.03888402
0,0,0.04748573
0,0,0.06122223
0,0,0.017161494
0,0,0.31247333
1,1,0.99999774
0,0,0.0033245191
0,0,0.0044487156
1,1,0.81975657
0,0,0.110357106
0,0,0.013293032
0,0,0.32540962
0,0,0.27671432
0,0,0.074389555
0,0,0.039129768
0,0,0.48013887
1,1,0.644362
0,0,0.04935932
0,0,0.08508301
0,0,0.014820421
1,1,0.9999964
0,0,0.045323562
0,0,0.0062630107
0,0,0.066133015
0,0,0.009468882
0,0,0.0526875
0,0,0.015929017
0,0,0.33203182
0,0,0.4731413
0,0,0.05486601
0,0,0.0031850245
0,0,0.15082598
0,0,0.053325262
0,0,0.0032489796
1,1,0.9999976
0,0,0.13743553
0,0,0.019559653
0,0,7.4628355e-05
0,0,0.0051921015
1,1,0.9999987
0,0,0.02493075
0,0,0.0931145
0,0,0.27671432
0,0,0.0590588
0,0,0.03184927
0,0,0.016921313
0,0,0.016960869
0,0,0.032039873
0,0,0.009045907
0,0,0.01031779
1,1,0.5602957
0,0,0.0074196975
0,0,0.0077038812
0,0,0.04875462
0,0,0.13606432
0,0,0.023463095
0,0,0.16814856
0,0,0.025102872
0,0,0.012370559
0,0,0.019278362
1,1,0.999998
0,0,0.00022797307
0,0,0.044555567
0,0,0.011704901
0,0,0.025955193
0,0,0.04865326
0,0,0.20925422
1,1,0.9999987
1,1,0.8969838
0,0,0.0021230723
0,0,0.013329399
0,0,0.06505291
0,0,0.012379493
0,0,0.16741559
1,1,0.9999987
0,0,0.014359769
0,0,0.055810925
1,0,0.47432294
0,0,0.12759958
0,0,0.009835529
0,0,0.0006290223
0,0,0.009345501
1,1,0.9999882
0,0,0.01861589
0,0,0.08804074
0,0,0.0002837627
0,0,0.06549115
1,1,0.93788487
0,0,0.033347998
0,0,0.009216926
0,0,0.008947011
0,0,0.016311612
1,1,0.99999833
0,1,0.6203271
0,0,0.0045205993
0,0,0.3358469
1,1,0.9947424
0,0,0.022930102
1,1,0.9999988
0,0,0.001002298
0,0,0.45394304
0,0,0.245544
1,1,0.9999988
0,0,0.0094059985
0,0,0.015314406
0,0,0.01211546
0,0,6.0079154e-05
0,0,0.002672537
0,0,0.18940422
0,0,0.008235252
1,1,0.9999976
0,0,0.04902405
0,0,0.12371381
0,0,0.046850283
0,0,0.3079502
0,0,0.042679377
0,0,0.0758644
0,0,0.1182665
0,0,0.054513108
0,0,0.02012016
0,0,0.028409632
0,0,0.012613434
0,0,0.0005969623
0,0,0.017510261
0,0,0.0003662928
0,0,0.0035056635
0,0,0.022835629
0,0,0.20519122
0,0,0.12456382
0,0,0.43942955
0,0,0.011178679
0,0,0.22219133
0,0,0.08224202
0,0,0.14941707
0,0,0.28411716
0,0,0.09633824
0,0,0.110150106
0,0,0.06749822
0,0,0.009857184
0,0,0.006407154
0,0,0.014271136
0,0,0.0683418
0,0,0.08058701
0,0,0.0021437358
0,0,0.008785377
1,1,0.9869854
0,0,0.024579225
0,0,0.06140124
0,0,0.18709606
1,1,0.9999976
0,0,0.038198873
0,0,0.077922836
0,0,0.0072387992
0,0,0.019981382
0,0,0.03513201
0,0,0.0022342848
0,0,0.0020062784
1,1,0.9999988
0,0,0.0030728825
0,0,0.000105334
0,0,0.003907055
0,0,0.015009221
0,0,0.16728196
0,0,0.00018173076
0,0,0.016503502
0,0,0.04074397
0,0,0.06048369
0,0,0.018612703
0,0,0.0527037
1,1,0.9999988
0,0,0.100768566
0,0,0.05507107
1,1,0.7651716
1,1,0.9974406
0,0,0.053715583
0,1,0.61859477
1,1,0.999998
0,0,0.00796389
0,0,0.20033239
0,0,0.030659528
0,0,0.33989966
0,0,0.031054469
0,0,0.026414389
1,1,0.9999988
0,0,4.3629647e-05
0,0,0.3761127
0,0,0.004311111
0,0,0.13403146
0,0,0.07941834
0,0,0.005934283
0,0,0.13883886
1,1,0.9999988
0,0,0.04459746
1,1,0.98859894
0,0,0.014958534
0,0,0.022652814
0,0,0.059817683
1,1,0.9999987
0,0,0.017228829
0,0,0.06328253
0,0,0.03228158
0,0,0.09076742
0,0,0.015419578
0,0,0.10260279
0,0,0.12665698
0,0,0.102843575
1,1,0.9999968
0,0,0.0015210971
0,0,0.091335
0,1,0.5833055
0,0,0.0054769544
0,0,0.0016980318
0,0,0.024731405
0,0,0.08773946
0,0,0.029224321
0,0,0.003383484
0,0,0.01117693
0,0,0.034868184
0,0,0.091708235
0,0,0.14106959
0,0,0.007488466
1,1,0.9999976
0,0,0.0020797204
0,0,0.04602494
0,0,0.009464156
1,1,0.8207831
0,0,0.04151675
1,0,0.16956376
0,0,0.21124423
1,1,0.86943656
0,0,0.009856379
0,0,0.47110656
0,0,0.0060290773
0,0,0.028200887
0,0,0.0015561079
1,1,0.9999987
0,0,0.004717033
0,0,0.019195056
1,0,0.4729963
0,0,0.3397616
0,0,0.06124588
1,0,0.057310008
1,1,0.9999976
0,0,0.021780288
0,1,0.64371675
0,0,0.2997222
0,0,0.008992046
0,0,0.04714175
0,0,0.33657646
0,0,0.006544561
1,1,0.9999976
0,0,0.06759745
0,0,0.23339774
0,0,9.067244e-05
0,0,0.016328873
0,0,0.30511704
0,0,0.063009165
0,0,0.017801046
0,0,0.021470271
0,0,0.038206466
0,0,0.022636289
1,1,0.999992
0,0,0.03473637
0,0,0.000981825
0,0,0.010984487
0,0,0.012644294
0,0,0.2942451
0,0,0.056689315
0,0,0.005268541
0,0,0.058638953
0,0,0.23575833
1,1,0.99999785
0,0,0.018486185
0,0,0.040941406
0,1,0.78591263
0,0,0.09527198
0,0,0.09404932
0,0,0.0047383835
0,0,0.046996377
0,0,0.17784353
0,0,0.025114018
0,0,0.050184432
0,0,0.014287144
0,0,0.0052831275
0,0,0.08373521
1,1,0.8524218
0,0,0.0917273
0,0,0.0029592533
0,0,0.023862997
1,1,0.999998
0,0,0.0035452563
0,0,0.38093564
1,1,0.99999785
0,0,0.011867566
0,0,0.0077096643
0,0,0.053855006
0,0,0.009835367
0,0,0.30867505
0,0,0.030439444
0,0,0.012335079
0,0,0.18930915
0,0,0.040371127
0,0,0.0031938977
0,0,0.038893424
0,0,0.05555568
0,0,0.013420695
1,1,0.9999144
0,0,0.19738303
0,0,0.1214512
0,0,0.096768245
0,0,0.012001882
0,0,0.00570525
0,0,0.080821805
1,0,0.43919086
0,0,0.03973792
0,0,0.024469858
0,0,0.045250557
1,1,0.9999976
0,0,0.1363606
1,1,0.98223627
0,0,0.005355851
0,0,0.09064416
0,0,0.006021775
1,1,0.8781926
1,1,0.8148635
1,1,0.9999144
1,1,0.6675294
0,0,0.01282259
0,0,0.015451289
1,1,0.9999968
0,0,0.048463415
0,0,0.08288915
0,0,0.049042817
0,0,0.033565965
0,0,0.051609967
0,0,0.035188377
0,0,0.42450863
0,0,0.047433954
0,0,0.16235887
0,0,0.0062818034
0,0,0.04813533
0,0,0.009463937
0,0,0.011565358
0,0,0.06387346
0,0,0.023351466
0,0,0.103267215
0,0,2.396484e-05
0,0,0.05254092
0,0,0.009463937
0,0,0.004062263
0,0,0.01387756
0,0,0.0019033543
0,0,0.0006041808
1,1,0.99999845
0,0,0.042511854
0,1,0.5645853
0,0,0.026433691
0,0,0.005561084
0,0,0.029749976
0,0,0.0043008863
0,0,0.05571745
0,0,0.02366343
1,1,0.7815938
0,0,0.009172239
0,0,0.011341875
0,0,0.28608936
0,0,0.2064456
0,0,0.029968863
0,0,0.0051675276
0,0,0.2493898
1,1,0.9999988
0,0,0.031062318
0,0,0.041159082
1,1,0.76548624
0,0,0.27671432
1,1,0.99999833
0,0,0.078118764
0,0,0.0027148603
0,0,0.0063380627
0,0,0.11205443
0,0,0.29254365
0,0,0.10862012
0,0,0.019489957
0,0,0.00295807
1,1,0.9999933
0,0,0.014290979
1,1,0.9999989
0,0,0.33872542
0,0,0.012999886
0,0,0.002474927
0,0,0.042186804
0,0,0.05101428
0,0,0.0010072475
0,0,0.005657933
0,0,0.0007676764
0,0,0.008267089
0,0,0.10950434
0,0,0.0104545485
1,1,0.9999981
0,0,0.0009971268
0,0,0.011397124
0,0,0.01894507
0,0,0.06487151
0,0,0.13486585
0,0,0.01494505
0,0,0.0034091496
0,0,0.05012259
0,0,0.33179379
1,1,0.9999119
1,1,0.9999988
1,1,0.6430701
0,0,0.0077435435
0,0,0.027681567
0,0,0.020835588
0,0,0.0061410572
1,1,0.9999987
0,0,0.004180219
0,0,0.0012750141
0,0,0.06504571
0,0,0.13950579
0,0,0.10090001
0,0,0.45264137
0,0,0.12603717
0,0,0.03096604
0,0,0.06178262
0,0,0.04202592
0,0,0.0016951478
0,0,0.025250223
0,1,0.5300659
1,1,0.99146116
0,0,0.10538005
0,1,0.51258934
0,0,0.026468005
0,1,0.54498696
0,0,0.4844666
1,1,0.99999833
0,0,0.28443488
0,0,0.0647871
0,0,0.023700193
0,0,0.08859809
1,1,0.9999987
0,0,0.20358743
0,0,0.00036029454
0,0,0.011667545
0,0,0.00030018418
0,0,0.0043890495
0,0,0.12692747
0,0,0.0005590514
0,0,0.027462646
0,0,0.037531022
0,0,0.26304013
0,0,0.03571764
0,0,0.04543487
0,0,0.019201215
0,0,0.013207326
1,1,0.9999976
0,0,0.11016854
0,0,0.031180982
0,0,0.03041415
0,0,0.011978242
0,0,0.00040154823
0,0,0.075212084
0,0,0.014740139
0,0,0.00044946966
1,1,0.9999976
1,0,0.076761544
0,0,0.042112313
0,0,0.010730449
0,0,0.07012701
0,0,0.09256797
0,0,0.022102645
0,0,0.014522947
0,0,0.11392474
0,0,0.00557146
1,1,0.99999785
0,0,0.12579179
0,0,0.01174579
0,0,0.45097274
0,0,0.2268392
0,0,0.09471846
0,0,0.045162108
0,0,0.005990864
0,0,0.026881328
1,1,0.99999857
0,0,0.024915364
0,0,0.02551105
0,0,0.030355455
0,0,0.0007332
0,0,0.020984847
0,0,0.06489113
1,1,0.7261544
0,0,0.008456944
0,0,0.27873006
1,1,0.9860902
0,0,0.0057281195
1,1,0.9999987
0,0,0.18035467
0,0,0.00027455832
1,0,0.20963982
0,0,0.020762354
1,1,0.9999119
0,0,0.0024130028
1,1,0.989099
0,0,0.041380897
1,1,0.62761927
1,1,0.9999976
0,0,0.022333385
0,0,0.017083956
0,0,0.081164435
0,0,0.04673972
0,0,0.2236512
0,0,3.2382373e-05
0,0,0.039604608
0,0,0.059863403
0,0,0.0023968073
0,0,0.4202214
0,0,0.004172225
0,0,0.005657933
0,0,0.0014373056
0,0,0.0018726491
0,0,0.015012181
0,0,0.03788212
0,0,0.026978454
0,0,0.008276387
0,0,0.04360391
0,0,0.11516655
1,1,0.99999833
0,0,0.0013545512
1,1,0.99999833
1,1,0.6752009
0,0,0.080802485
1,1,0.6477616
0,0,0.0072670733
0,0,0.014001053
1,1,0.92535424
0,0,0.019053724
0,0,0.050184432
1,1,0.9882041
0,0,0.036266677
0,0,0.014493517
0,0,0.26879537
1,0,0.01041017
0,0,0.044754393
0,0,0.060923964
0,0,0.15530868
0,0,0.003715889
0,0,0.006104082
0,0,0.0052632783
1,0,0.33238217
1,0,0.09624349
1,1,0.98223627
0,0,0.27969438
0,1,0.5397568
0,0,0.0023563537
0,0,0.0005027374
0,0,0.014881773
0,1,0.5233376
0,0,0.013453319
0,0,0.005657848
0,0,0.18308988
0,0,0.22264266
1,1,0.57709897
0,0,0.09833084
0,0,0.18711187
0,0,0.005365807
0,0,0.03354957
1,1,0.99999833
0,0,0.00097172195
0,0,0.0192259
0,0,0.3656675
0,0,0.0010904642
0,0,0.048143577
1,0,0.19174074
1,1,0.99997354
1,1,0.98995847
0,0,0.000799269
0,0,0.011862422
0,0,0.016664173
1,0,0.105061084
0,0,0.014283464
0,0,0.005749061
0,0,0.061747402
0,0,0.022865014
0,0,0.034652974
1,1,0.94954705
0,0,0.004315856
0,0,0.0334208
0,0,0.03226218
0,0,0.0983748
1,0,0.025921369
0,0,0.012281255
0,0,0.017576471
0,0,0.012063579
1,0,0.0060118423
0,0,0.010859516
0,0,0.47440356
0,0,0.08264562
0,0,0.009570747
0,0,0.00023920972
0,0,0.03699436
0,0,0.060977858
0,0,0.03787682
0,0,0.10362924
0,0,0.046717994
0,0,0.015044276
0,0,0.048602257
0,0,0.004697512
0,0,0.006605876
1,1,0.8298689
0,0,0.00040254492
0,0,0.31641
0,0,0.0003070681
0,0,0.10373976
0,0,0.079549804
0,0,0.03039176
0,0,0.042949956
0,0,0.13741854
0,1,0.7234839
0,0,0.007350407
0,0,0.0040492965
0,0,0.13581343
0,0,0.018104514
0,0,0.034221496
0,0,0.053608842
0,0,0.0018973796
0,0,0.06939518
0,0,0.00029149148
1,1,0.76743656
0,0,0.017465275
0,0,0.09110859
0,0,0.17419699
0,0,0.0004894492
0,0,0.004575204
1,1,0.9999976
0,0,0.0003273823
0,0,0.43411002
1,1,0.9440984
0,0,0.23380432
1,1,0.9999976
1,1,0.87753886
0,0,0.05027991
0,0,0.023309076
0,0,0.27518886
0,0,0.018992465
1,1,0.98361444
0,0,0.01790831
0,0,0.09243846
0,0,0.024297392
0,0,0.01346077
0,0,0.00027151525
0,0,0.038440865
0,0,0.042189736
0,0,0.05508633
0,0,0.12903312
0,0,0.010576645
0,0,0.12281689
0,0,0.11522599
1,1,0.9021367
1,1,0.97754055
0,0,0.021382893
0,0,0.0012790626
0,0,0.058792032
0,0,0.041009538
1,1,0.9999987
0,0,0.4202214
0,0,0.017785711
0,0,0.1168586
0,0,0.22530204
0,0,0.018107435
0,0,0.007802607
0,0,0.014875755
1,1,0.9401576
0,0,0.08725249
0,0,0.02815441
0,0,0.0005239922
0,0,0.02625234
0,0,0.10831918
0,0,0.06547382
0,0,0.0033668878
0,0,0.14348653
0,0,0.13365203
0,0,0.2997222
0,0,0.2145365
0,0,0.0002509321
1,1,0.9894155
1,1,0.9999976
0,0,0.26299575
0,0,0.0003501437
0,0,0.009272406
0,0,0.004245345
0,0,0.008721421
0,0,0.006039728
0,0,0.073149316
0,0,0.001856884
0,0,0.0025075234
0,0,0.07289982
0,0,0.045753606
0,0,0.009772116
0,0,0.008806825
1,1,0.9999988
1,1,0.99999833
0,0,0.07073249
0,0,0.055265885
0,0,0.014858623
0,0,0.08868293
0,0,0.20791537
0,0,0.018179264
0,0,0.29479438
0,0,0.008122039
0,0,0.018101197
1,1,0.9999987
0,0,0.14487779
0,0,0.015228772
0,0,0.0059628715
0,0,0.028642772
0,0,0.101922885
1,0,0.37386787
0,0,0.020496136
0,0,0.011644781
0,0,0.06820511
0,0,0.010057092
0,0,0.074177496
0,0,0.10408068
0,0,0.29931772
0,0,0.015550726
0,0,0.004284447
0,0,0.043039303
0,0,0.41297755
0,0,0.024369176
0,0,0.0066687637
0,0,0.051930856
0,0,0.038157303
1,0,0.39845344
0,0,0.04276279
0,0,0.018229747
0,0,0.07756539
0,0,0.09071554
0,0,0.10022162
0,0,0.008794796
0,0,0.27671432
0,0,0.23370267
0,0,0.0067775273
0,0,0.007318457
0,0,0.23466888
0,0,0.1648141
0,0,0.067726724
1,1,0.999998
0,0,0.05757735
0,0,0.038436785
0,0,0.0042969207
1,0,0.39327362
1,1,0.9860982
1,1,0.999998
1,1,0.9859703
0,0,0.12827584
1,1,0.99999833
0,0,0.024919372
0,0,0.019278597
1,1,0.9768712
0,0,0.00027256855
0,0,0.0033325644
0,0,0.0052293055
0,0,0.012281255
0,0,0.0019706562
0,0,0.009686217
0,0,0.023414716
0,0,0.0027606243
0,0,0.0002718092
0,0,0.11603171
0,0,0.0035888762
1,1,0.99999857
0,0,0.0025139973
0,0,0.028784186
0,0,0.03880767
0,0,0.016426058
0,0,0.014447093
0,0,0.045039583
0,0,0.06695106
0,0,0.14926776
0,0,0.030269181
1,1,0.9999981
0,0,0.01676865
0,0,0.069055066
0,0,0.16878025
0,0,0.01592809
0,0,0.07797683
0,0,0.372687
0,0,0.07190988
0,0,0.036342006
0,0,0.02717123
1,1,0.93777686
0,0,0.026630718
0,0,0.012924622
0,0,0.0098224
0,0,0.13889284
0,0,0.45024663
0,0,0.0024626323
0,0,0.08328899
0,0,0.043147314
0,0,0.13209014
0,1,0.57714784
0,0,0.07876438
0,0,0.0001964492
0,0,0.03671414
0,0,0.009502354
0,0,0.06398651
0,0,0.043139715
0,0,0.0014445425
0,0,0.2752935
1,1,0.9790419
0,0,0.025216667
0,0,0.0017853301
0,0,0.015847199
0,0,0.011635323
0,0,0.10868984
0,0,0.0009839522
0,0,0.004152586
0,0,0.03660844
0,0,0.0025087807
0,0,0.008103881
1,0,0.3937657
0,0,0.0043325694
0,0,0.012556249
0,0,0.0011209912
0,0,0.019838696
0,0,0.01926102
0,0,0.27796647
0,0,0.030300276
0,0,0.0026526847
0,0,0.00071780535
0,0,0.06787601
0,0,0.0036317362
1,1,0.99999833
0,0,0.021488816
0,0,0.008942754
0,0,0.0015594527
0,0,0.06828675
1,1,0.9999987
0,0,0.25220987
0,0,0.0028112596
0,0,0.027828882
0,0,0.0155303655
0,0,0.0024633924
0,0,0.015287932
0,0,0.00096547394
0,0,0.059366573
0,0,0.08101579
1,1,0.931952
0,0,0.012097787
0,0,0.010123017
1,1,0.78189635
0,0,0.07782335
0,0,0.15258686
0,0,0.01469282
0,0,0.34499452
0,0,0.0680932
0,0,0.00982414
0,0,0.25642225
0,0,0.031018656
0,0,0.07534823
1,1,0.9631472
1,1,0.99999833
0,0,0.49355367
0,0,0.051144186
0,0,0.005938704
1,1,0.99908924
0,0,0.13246371
0,0,0.0049715373
1,1,0.9999987
0,0,0.004286187
0,0,0.03354957
0,0,0.03682792
0,0,0.03165922
0,0,2.4690815e-05
0,0,0.00024480492
1,1,0.99999785
1,1,0.999998
0,0,0.08897439
1,1,0.99997926
0,0,0.14324665
1,1,0.9908874
0,0,0.011284877
0,0,0.00399254
1,1,0.9999976
1,1,0.99999833
0,0,0.0005969623
0,0,0.019821748
0,0,0.015323943
1,1,0.8253089
1,1,0.9999988
0,0,0.08041808
0,0,0.044450387
0,0,0.008597252
0,0,0.102634646
0,0,0.10837658
0,0,0.006819338
0,0,0.17058009
0,0,0.0049597574
1,1,0.9999987
0,0,0.14305721
0,0,0.072342746
0,0,0.008952772
0,0,0.019100081
0,0,0.33184156
0,0,0.055885766
0,0,0.00406487
0,0,0.0012973215
0,0,0.07284126
0,0,0.017175285
0,0,0.37069348
0,0,0.0104283765
0,0,0.09025652
1,1,0.99999845
0,0,0.23230872
0,0,0.0025064682
0,0,0.04543059
0,0,0.01644944
0,0,0.19653286
0,0,0.010926898
0,0,0.16722502
0,0,0.2019602
0,0,0.011661554
0,0,0.023126835
0,0,0.016026028
0,0,0.030631993
0,0,0.03840454
0,0,0.0033173678
0,1,0.5351749
0,0,0.023596717
0,0,0.0018863884
0,0,0.15665977
1,1,0.5365826
0,0,0.03739382
0,0,0.055536095
0,0,5.1304403e-05
1,1,0.8601157
0,0,0.0018354659
0,0,0.009704824
0,0,0.00038367693
0,0,0.05361305
0,0,0.1053218
1,1,0.979834
0,0,0.012670174
0,0,0.041047294
0,0,0.017876755
0,0,0.00221711
0,0,0.0037147333
1,1,0.99999833
0,0,0.029915214
1,1,0.9999988
1,1,0.99999833
0,0,5.0766226e-05
0,0,0.024831375
1,0,0.16365904
0,0,0.123996615
1,1,0.64822555
0,0,0.10123053
0,0,0.017807232
0,0,0.018428996
1,1,0.5767476
0,0,0.16304164
0,0,0.41358992
0,1,0.5952742
1,1,0.9999988
0,0,0.0392712
0,0,0.0022943083
0,0,0.0036486052
0,0,0.23803255
0,0,0.0063027996
0,0,0.084135674
0,0,0.16814856
1,1,0.85000515
0,0,0.0029797787
0,0,0.024143722
0,0,0.072316945
1,1,0.99999857
0,0,0.00015864438
0,0,0.00092930655
0,0,0.034157123
0,0,0.005575847
0,0,0.021139909
0,1,0.88244075
1,1,0.9981875
1,1,0.9999988
0,0,0.0007467929
1,1,0.99998796
0,0,0.039522193
0,0,0.09849974
0,0,0.11273549
0,0,0.025344979
0,0,0.039693695
0,0,0.41479212
0,0,0.123553984
0,0,0.0327442
0,0,0.10348847
1,1,0.9591115
0,0,0.0021873666
0,0,0.017641488
0,0,0.036237597
1,0,0.37653676
1,1,0.9999987
0,0,0.36812842
0,0,0.18386108
0,0,0.22259712
1,1,0.99999833
0,0,0.08427991
1,1,0.99999845
0,0,0.0028134985
1,1,0.99999833
0,0,0.0076656425
0,0,0.0059050894
0,0,0.003427248
0,0,0.038848702
0,0,0.03777929
1,1,0.9999989
0,0,0.006155535
0,0,0.05305567
0,0,0.036531854
0,0,0.0526265
0,0,0.07432449
1,1,0.94908625
0,0,0.045863375
0,0,0.19502106
0,0,0.015682591
0,0,0.00014652696
0,0,0.0613507
0,0,0.18256877
0,0,0.038270306
0,0,0.00928911
0,0,0.00030495878
1,0,0.32686695
0,0,0.2997222
0,0,0.001369251
0,0,0.0038685568
0,0,0.069909126
0,0,0.017427396
0,0,0.00032225426
0,0,0.036216367
0,0,0.011981696
0,0,0.0017373775
1,0,0.44298768
0,0,0.09465447
0,0,0.033932887
0,0,0.0017622411
0,0,0.011562193
0,0,0.011987094
0,0,0.014304076
0,0,0.2049387
0,0,0.00066863705
0,0,0.09750997
0,0,0.012794608
0,0,0.02661637
0,0,0.011584955
1,1,0.9999987
0,0,0.00085381616
0,0,0.12720507
0,0,0.07663302
0,0,0.03898193
0,0,0.052732665
1,1,0.9981852
0,0,0.01200048
0,0,0.053616863
0,0,0.0037830903
0,0,0.014967206
0,0,0.006432587
0,0,0.0013004787
0,0,0.004234118
0,0,0.304767
0,0,0.0194147
0,0,0.005415559
0,0,0.008935248
0,0,0.068262346
0,0,0.048818007
1,1,0.66261
0,0,0.012062846
0,0,0.00081480946
1,1,0.89599174
1,1,0.97504336
0,0,0.0077597545
0,0,0.00074692426
0,0,0.009560528
0,0,0.0077768043
0,0,0.030742435
1,1,0.99999845
0,0,0.0120543195
0,0,0.00749138
0,0,0.011271348
0,0,0.001321449
0,0,0.057574984
0,0,0.05772919
1,1,0.99999845
0,0,0.00049392856
0,0,0.022995329
0,1,0.55612946
0,0,0.061026324
0,0,0.0050289603
0,0,0.010587973
0,0,0.11703355
0,0,0.033227336
0,0,0.001736178
0,0,0.0086673
0,0,0.19854774
0,0,0.0045747417
0,0,0.0040658913
0,0,0.0014507876
0,0,0.035712477
0,0,7.4216805e-05
0,0,0.002077816
0,0,0.08615629
0,0,0.005948291
0,0,0.19118306
0,0,0.06496851
0,0,1.967456e-05
0,0,0.03085148
0,0,0.0015341509
0,0,0.002328787
0,0,0.038647693
0,0,0.011967473
0,0,0.0022641087
0,0,4.863368e-05
0,0,0.04275691
0,0,0.08021035
0,0,0.02012016
0,0,0.012826279
0,0,0.02764822
0,0,0.038690235
0,0,0.004592619
0,0,0.12625296
0,0,0.017975971
0,0,0.019098341
0,0,0.052296128
0,0,0.05576965
0,0,0.1905095
1,1,0.5750602
0,0,0.06450314
0,0,0.21614134
0,0,0.0145124905
1,1,0.99999833
0,0,0.012199022
0,0,0.059707314
0,0,0.081291065
1,1,0.99999785
0,0,0.0016242022
0,0,9.544277e-05
0,0,0.0029219296
0,0,0.015988203
0,0,0.050161075
0,0,0.16365227
0,0,0.06463376
0,0,0.0066180946
0,0,0.28129965
0,0,0.00740586
0,0,0.05105691
0,0,0.0028098405
0,0,0.0019983058
0,1,0.56533015
0,0,0.00026200517
0,0,0.015575507
0,0,0.031771354
0,0,0.15934776
0,0,0.06892315
0,0,0.005108591
0,0,0.0055565373
0,0,0.051302847
0,0,0.008996029
0,0,0.062243193
1,1,0.9999976
1,1,0.9840755
0,0,0.031871412
1,1,0.9035828
1,1,0.85665894
0,0,0.22141942
0,0,0.02990059
0,0,0.014970876
0,0,0.0006392779
0,0,0.011077132
0,0,0.004238676
0,0,0.0043766582
0,0,0.097313486
0,0,0.0003984018
0,0,0.002383313
0,0,0.4685477
0,0,0.026481062
0,0,0.016961457
1,1,0.9999987
0,0,0.073064856
0,0,0.024719816
0,0,0.035438716
1,1,0.9999976
0,0,0.088069856
0,0,0.009159767
0,0,0.00010568504
0,0,0.042122487
0,0,0.009572253
0,0,0.02116873
0,0,0.021262856
0,0,0.0005054219
0,0,0.05598775
0,0,0.00018041223
0,0,0.24775718
0,0,0.037468314
0,0,0.018054679
1,1,0.9999988
1,1,0.9999987
0,0,0.14369583
0,0,6.1009898e-05
0,0,0.043235917
1,0,0.19666417
0,0,0.32817295
0,0,0.45700017
0,0,0.03347836
0,0,0.105168596
0,0,0.02845555
0,0,0.04992851
1,1,0.999997
0,0,0.42256686
0,0,0.1529981
0,0,0.033210263
1,1,0.9999372
0,0,8.414965e-05
0,0,0.0926613
0,0,0.035987753
0,0,0.021751413
0,0,0.22847117
0,0,0.0007919473
0,0,0.013240983
0,0,0.1619788
1,1,0.99999833
0,0,0.04343081
0,0,0.011693489
1,1,0.9999988
0,0,0.041029327
0,0,0.02123167
0,0,0.012852424
1,1,0.999998
0,0,0.42586756
0,0,0.08453158
0,0,0.014387028
0,0,0.015576311
0,0,0.2505335
0,0,0.00913149
0,0,0.04607141
0,0,0.45094147
1,1,0.9999987
0,0,0.00012643925
1,1,0.99999857
0,0,0.0014214003
0,0,0.0041165864
1,1,0.9310643
0,0,0.091813065
1,0,0.21753407
0,0,0.10971693
0,0,0.13450444
0,0,0.023468127
0,0,0.01696246
0,0,0.1484744
0,0,0.0026753803
0,0,0.11684704
1,1,0.99999833
1,1,0.9948909
0,0,0.021844802
0,0,0.112085216
0,0,0.028677797
1,1,0.9999976
0,0,0.005376065
0,0,0.07589384
1,1,0.99999833
0,0,0.17828004
0,0,0.016720805
0,0,0.29479438
0,0,0.09957561
0,0,0.019557023
0,0,0.03716566
1,1,0.99999833
0,0,0.0073087537
1,1,0.9999987
0,0,0.042136174
0,0,0.03197683
0,0,0.047991794
0,0,0.24853863
0,0,0.0004280613
0,0,0.10641822
0,0,0.015458653
0,0,0.011984027
0,0,0.011245781
0,0,0.3422844
0,0,0.027604066
0,0,0.007184891
0,0,0.016166693
0,0,0.003543266
0,0,0.014622224
0,0,0.013733011
1,1,0.9999976
0,0,2.4690815e-05
0,0,0.05511169
0,0,0.007243872
0,0,0.00026470938
0,0,0.014830255
0,0,0.011679544
0,0,0.062436007
1,1,0.99808925
1,1,0.9999987
0,0,0.005974145
0,0,0.015088188
0,0,0.030047933
0,0,0.006527677
1,1,0.9999976
0,0,0.022694975
1,1,0.9999968
1,1,0.58728284
0,0,0.007934315
0,0,0.0134974
0,0,0.008704
0,0,0.020193597
0,0,0.13850537
0,0,0.031813946
0,0,0.018856771
0,0,0.0013486614
0,0,0.009416859
1,1,0.99839574
0,0,0.039210245
0,0,0.0020378674
0,0,0.0019866922
0,0,8.427798e-05
0,0,0.0046242326
1,1,0.5552534
1,1,0.9999988
0,0,0.014915819
0,1,0.5061898
0,0,0.12759236
0,0,0.010452018
0,0,0.0038458414
0,0,0.082716316
0,0,0.28568363
0,0,0.0010828081
1,1,0.53418475
0,0,0.04272839
0,0,0.11566062
0,0,0.026225694
0,0,0.1737724
0,0,0.333032
0,0,0.0076746033
1,1,0.99140257
0,0,0.025738584
0,0,0.4409208
0,0,0.015582754
0,0,0.13078363
0,0,0.04713249
0,0,0.0011650465
0,0,0.013328271
0,0,0.08140845
1,1,0.9999987
0,0,0.027219493
1,1,0.99266523
0,0,0.0033503757
0,0,0.006516347
0,0,0.034365706
0,0,3.2431606e-05
0,0,0.2080385
0,0,0.0043010395
0,0,0.4236935
0,0,0.07522867
0,0,0.03137314
0,0,0.02657664
0,0,0.047561835
0,0,0.0194147
0,0,0.033861768
0,0,0.47440356
0,0,0.13158713
0,0,0.011634912
0,0,0.006900524
0,0,0.0059750713
0,0,0.04176113
0,0,0.31885725
0,0,0.014579955
0,0,0.041005693
0,0,0.09554052
0,0,0.027432786
0,1,0.5300659
1,1,0.9963276
0,0,0.006046591
0,0,0.013833074
0,0,0.13913268
0,0,0.04902405
0,0,0.18750884
0,0,0.05026081
0,0,0.006869381
0,0,0.014670023
1,1,0.9986866
0,0,0.015322677
0,0,0.017771158
0,0,0.0060310205
0,0,0.21510623
0,0,0.08370073
0,0,0.13883643
0,0,0.03527847
0,0,0.08142805
0,0,0.085046455
0,0,0.027532367
1,1,0.9920312
0,0,0.0072109145
1,1,0.7334882
0,0,0.00029044316
0,0,0.00248372
1,1,0.9999491
0,0,0.020276735
1,0,0.18759859
0,0,0.20506707
0,0,0.0042168954
0,0,0.04188027
0,0,0.17975594
0,0,0.0016239479
0,0,0.061126404
0,0,0.47154436
0,0,0.13745943
0,0,0.0040938943
0,0,0.03912203
0,0,0.0014028323
0,0,0.0025421483
0,0,0.023364345
0,0,0.008207741
0,0,0.02530296
0,0,0.0038978634
0,0,0.028800674
0,0,0.40958855
0,0,0.116782725
0,0,0.009315895
0,0,0.05691663
0,0,0.14032072
0,0,0.087385476
0,0,0.04179299
0,0,0.05267828
0,0,0.0028097136
0,0,0.16027986
0,0,0.04149651
1,1,0.80372375
0,0,0.007371943
0,0,0.0028689697
1,1,0.932937
0,0,0.013387526
0,0,0.0006256439
0,0,0.08226224
0,0,0.025153486
1,0,0.36454844
0,0,0.075541504
0,0,0.09946295
1,1,0.9999976
0,0,0.04764447
0,0,0.1647984
0,0,6.953324e-05
0,0,0.0018493941
0,0,0.2370066
0,0,0.01547361
0,0,0.017455803
1,1,0.9402056
0,0,0.28632912
0,0,0.01375434
0,0,0.040853225
0,0,0.0030417412
0,0,0.020433212
0,0,0.03534269
1,0,0.32169467
0,0,0.0031743846
0,0,0.3855994
0,0,0.011292428
0,0,0.16884127
0,0,0.04339093
0,0,0.039490875
0,0,0.010499217
0,0,0.0758921
0,0,0.0005989342
0,0,0.007633738
0,0,0.45024663
0,0,0.12615824
0,0,0.065071315
1,1,0.5088019
0,0,4.2514035e-05
1,1,0.9999988
1,0,0.38475433
0,0,0.32242164
0,0,0.014952845
0,0,0.0140212355
1,1,0.96340674
0,0,0.008996663
0,0,0.0017082868
1,1,0.9999989
0,0,0.006606036
1,0,0.18546079
0,0,0.01843983
0,0,0.0003304481
0,0,0.057737127
0,0,0.10827985
0,1,0.50455725
0,0,0.0019741436
0,0,0.07437215
0,0,0.35608917
0,0,0.001214347
0,0,0.08323151
0,0,0.016087001
0,0,0.016086986
0,0,0.016632682
0,0,0.17332904
0,0,0.015096707
0,0,0.02242955
0,0,0.096606806
0,0,0.061950997
0,0,0.012313904
0,0,0.034050375
0,0,0.008128652
0,0,0.020861676
1,1,0.99998796
0,0,0.028811598
0,0,0.0142178405
0,0,0.020028368
0,0,0.43189445
0,0,0.09975783
0,0,0.03172181
0,0,0.020031204
0,0,0.0053870506
0,0,0.023336256
0,0,0.08600608
0,0,0.0828184
0,0,0.0049597574
0,0,0.15284543
0,0,0.0066162166
0,0,0.007239803
0,1,0.7152433
0,0,0.046906814
1,1,0.83121973
0,0,0.15283746
0,0,0.005205497
0,0,0.035573512
0,0,0.00022863178
0,0,0.0073839244
0,0,0.00096684316
0,1,0.70228386
1,1,0.9999119
0,0,0.060429927
0,0,0.00084661087
0,0,0.0032758242
1,0,0.1525629
0,0,0.020279754
0,0,0.0048131025
0,0,0.0053177434
0,0,0.45024663
0,1,0.6990813
0,0,0.009304776
0,0,0.09130073
0,0,0.01811566
0,0,0.024241554
0,0,0.11083914
0,0,0.026360137
0,0,0.012763621
0,0,0.008246859
0,0,0.32413605
0,0,0.47440356
0,0,0.10457812
1,0,0.022738284
0,0,0.02404446
0,0,0.0052791177
0,0,0.06817502
0,0,0.03923225
0,0,0.00617172
0,0,0.0018561594
0,0,0.0067909323
0,0,0.051257636
1,1,0.9997328
0,0,0.0061443145
0,0,0.019351536
0,0,0.03713357
0,0,0.005233
0,0,0.09900005
0,0,0.2654394
0,0,0.114666164
0,0,0.042273376
0,0,0.00046985285
1,0,0.121749744
0,0,5.94121e-05
0,0,0.002167787
0,0,0.029106842
0,0,0.16086659
0,0,0.22897223
0,0,0.10906006
0,0,0.045218658
0,0,0.031511422
0,0,0.21009724
0,0,0.11739457
0,0,0.012731366
0,0,0.0020294692
0,0,0.3348469
0,0,0.028649054
0,0,0.000537261
0,0,0.11934938
1,1,0.92348105
1,1,0.9999976
0,0,0.01910182
0,0,0.104940735
0,0,0.015216185
0,0,0.0013844854
1,1,0.9896209
0,0,0.00028155852
0,0,0.006568361
0,0,0.3750798
0,0,0.33557615
0,0,0.015009221
0,0,0.059281584
0,0,0.009560528
1,1,0.9999987
1,1,0.9999988
0,0,0.0020680015
0,0,0.3553494
0,0,0.0150151085
0,0,0.070833474
0,0,0.015019375
0,0,0.035401408
0,0,0.053093676
0,0,0.0065409034
0,0,0.01554105
0,0,0.047931463
0,0,0.1953394
0,0,0.0065489835
0,0,0.15368058
0,0,0.030477345
0,0,0.004465742
1,1,0.9999976
0,0,0.018385625
0,0,0.005037091
0,0,0.024115054
0,0,0.24777012
1,1,0.9999987
0,0,0.039185222
0,0,0.0019189132
0,0,0.0020756144
0,0,0.14958225
0,0,0.0052295807
0,0,0.01335173
0,1,0.6961598
0,0,0.035122283
1,1,0.9999987
0,0,0.011505291
0,0,0.068419464
0,1,0.5384157
0,0,0.020887965
0,0,0.005060577
1,1,0.999998
0,0,0.014404449
0,0,0.0012430352
1,1,0.9999981
0,0,0.4133457
0,0,0.4803832
0,0,0.2779433
0,0,0.21191652
1,1,0.9999962
0,0,0.00026484166
0,0,0.026548166
0,0,0.05250967
0,0,0.0005116472
0,0,0.20469955
0,0,0.29479438
0,0,0.062271245
0,0,1.967456e-05
0,0,0.09597622
0,0,0.09682447
0,0,0.009302135
0,0,0.45576206
0,0,0.29539385
0,1,0.57847655
0,0,0.055774555
0,0,0.016452936
0,0,0.05662785
0,0,0.24937068
0,0,0.012288302
0,0,0.0531474
0,0,0.13571562
0,0,0.19570154
0,0,0.00094834616
0,0,0.05596623
0,0,0.0005210137
0,0,0.18547064
0,0,0.17601296
0,0,0.042038176
1,1,0.68622273
0,0,0.002184549
0,0,0.36690965
0,0,0.11615865
1,1,0.99703014
0,0,0.051042534
0,0,0.05686328
1,1,0.999998
0,0,0.041019928
0,0,9.445757e-05
0,0,0.0021903994
0,0,0.31815466
0,0,0.041242406
0,0,0.055416692
1,1,0.9420663
0,0,0.004051845
0,0,0.0017831654
0,0,0.0044452236
0,0,0.0047344905
0,0,0.40520903
0,0,0.008664727
0,1,0.53418475
0,0,0.014025264
0,0,0.023315068
0,0,0.02668231
0,1,0.5441024
0,0,0.49768665
0,0,0.41350317
0,0,0.30200246
0,0,0.15606287
0,0,0.0071812286
0,0,0.107057646
0,0,0.0998775
0,0,0.055960968
1,1,0.9999987
0,1,0.50526285
1,1,0.99999833
1,1,0.99999785
0,0,0.15132418
1,1,0.99999774
0,0,0.09760552
0,0,0.021606587
1,1,0.979395
0,0,0.02966064
0,0,0.16952763
0,0,0.00050748634
0,0,0.22484115
0,0,0.036533978
0,0,0.019216254
1,1,0.9999988
1,1,0.7019309
0,0,0.09991678
0,0,0.042293582
0,0,0.0019790274
1,1,0.99999833
0,0,0.0316721
0,0,0.046852484
0,0,0.06180052
0,0,0.21004404
0,0,0.052783318
1,1,0.9923881
0,0,0.0024960034
0,0,0.020087017
0,0,0.09885803
0,0,0.09139344
0,0,0.008255205
0,0,0.12554361
0,0,0.039490875
0,0,0.0070332387
0,0,0.0024089909
0,0,0.0048496835
0,0,0.02931504
0,0,0.08988034
0,0,0.32332268
0,0,0.009735958
0,0,0.015047039
0,0,0.0125066135
0,0,0.05116754
0,0,0.03912249
1,1,0.99999833
0,0,0.02861682
0,0,0.030797118
0,0,0.013166838
0,0,0.014064011
0,0,0.01934565
0,0,0.08770037
0,0,0.033175234
0,0,0.0028989688
1,1,0.9511835
0,0,0.00032262746
0,0,0.011878134
0,0,0.013288323
0,0,0.005746044
0,0,0.0034590699
0,0,0.09063373
0,0,0.055522814
0,0,0.038952652
0,0,0.010168645
1,1,0.9999987
0,0,0.0453231
0,0,0.009295612
0,0,0.055728566
0,0,0.1499675
0,0,0.00052249717
0,0,0.012538697
0,1,0.5300659
1,1,0.9985177
0,0,0.02256331
0,0,0.054440577
0,0,0.038367823
0,0,0.041667704
0,0,0.005233
0,0,0.0070589874
1,1,0.8805817
0,0,0.0359363
0,0,0.048404235
0,0,0.010216714
0,0,0.0035920064
0,1,0.6013667
0,0,0.0057552103
0,0,0.40958855
0,0,0.0055607883
0,0,0.0009100955
0,0,0.0013018815
1,1,0.9999976
1,0,0.12815629
0,0,0.0065595554
0,0,0.0059672566
0,0,0.020350294
0,0,0.064300224
0,0,0.10711795
0,0,0.41332492
0,0,0.015324929
1,1,0.9999987
0,0,0.009520791
0,0,0.00027682984
0,0,0.05869012
0,0,0.015558219
0,0,0.0067452416
0,0,0.00085962645
0,0,0.019961566
0,0,0.008966329
1,1,0.99999833
0,0,0.094396874
0,0,0.00022863178
0,0,0.20909911
0,0,0.35367072
1,0,0.27450255
0,0,0.02399795
0,0,0.037789196
0,0,0.020433212
0,0,0.0688014
0,0,0.067838944
0,0,0.008491761
0,0,0.024621641
0,0,0.06379178
0,0,0.019022819
0,0,0.06661753
0,0,0.1341722
0,0,0.021503747
0,0,0.0006818709
0,0,0.022642149
0,0,0.09903963
1,1,0.99999857
1,1,0.9999988
0,0,0.005002021
0,0,0.4793624
0,0,0.36520734
1,1,0.69360435
0,0,0.027532367
0,0,0.16384177
1,1,0.99999785
0,1,0.50869244
0,0,0.06872478
0,0,0.008485183
1,1,0.9999987
0,0,0.4029922
1,1,0.5377085
0,0,0.0019640108
1,0,0.4898551
0,0,0.035799135
0,0,0.02578218
0,0,0.05010888
0,0,0.002574719
0,0,0.0893782
1,1,0.99668914
0,0,0.022527788
0,0,0.033740815
0,0,0.015017809
0,0,0.06951799
1,1,0.9999988
0,0,0.28728026
0,0,0.0020146663
1,1,0.9153421
0,0,0.009887069
0,0,0.02189076
1,1,0.9904907
0,0,0.007077983
0,0,0.014805473
0,0,0.044857934
0,0,0.05095388
0,0,0.0008168506
1,1,0.8327261
0,0,0.4292776
0,0,0.19472054
0,0,0.013550742
1,1,0.78673697
0,0,0.010691543
0,0,0.030861296
1,1,0.9999988
0,0,0.024266323
0,0,0.054743726
0,0,0.029733118
0,0,0.047399092
0,0,0.04821822
0,0,0.0026189473
0,0,0.099782325
0,0,0.033684358
0,0,0.06932568
0,0,0.030334027
1,0,0.4916602
0,0,0.0012807644
1,1,0.8977974
0,0,0.00619646
0,0,0.2049451
0,0,0.04792832
0,0,0.054829948
0,0,0.34978792
0,0,0.002339172
0,0,0.024482593
0,0,0.04345983
1,1,0.9391521
0,0,0.012245687
0,0,0.0016464399
0,0,0.04895473
0,0,0.067223035
0,0,0.0031150456
0,0,0.02163319
1,1,0.99999833
0,0,0.011934877
1,1,0.99999833
0,0,0.024007976
0,0,0.07371281
1,1,0.9999987
0,0,0.031262983
0,0,0.011649518
1,1,0.79265803
0,0,0.077605926
0,0,0.011526069
0,0,0.09572877
0,0,0.041118994
0,0,0.01974974
0,0,0.039741643
0,0,0.019460114
0,0,0.2092128
0,0,0.17868957
0,0,0.056833133
0,0,0.03177758
1,1,0.9999987
0,0,0.049967997
0,0,0.005820048
0,0,0.3978049
0,0,0.038472112
1,1,0.9999989
1,1,0.9762222
1,0,0.14418347
0,0,0.025461817
0,0,0.036533978
0,1,0.5689331
0,0,0.0103327595
0,0,0.020847095
0,0,0.01962118
0,0,0.039470334
0,0,0.0050105103
0,0,0.0067986194
0,0,0.08639967
0,0,0.010913172
0,0,0.10525521
0,0,0.05354407
1,1,0.9999988
0,0,0.12749362
0,0,0.03321413
0,0,0.13270542
0,0,0.009785908
0,0,0.14628817
0,0,0.00068456435
0,0,0.03100877
0,0,0.05431997
1,1,0.99999785
0,0,0.024169382
0,0,0.017297331
0,0,0.00013653588
0,0,0.00037062325
0,0,0.018695269
0,0,0.033209328
0,0,0.07794574
0,0,0.010568379
0,0,0.12297959
0,0,0.01980175
0,0,0.0077638193
0,0,0.16232584
0,0,0.1774064
0,0,0.00095628074
0,0,0.26793462
0,0,0.033482302
0,0,0.026442755
1,1,0.9999976
0,0,0.41829816
1,1,0.9999976
0,0,0.08925828
0,0,0.0030851276
0,0,0.0076982216
0,0,0.025262019
0,0,0.15291712
0,0,8.627434e-05
0,0,0.05340174
1,1,0.99999845
0,0,0.05620544
0,0,0.46899995
1,1,0.9999988
0,0,0.010034865
0,0,0.07087264
0,0,0.0033283117
0,0,0.0038731166
0,0,0.044787146
0,0,0.015819512
0,0,0.01947278
1,1,0.9999981
0,0,0.08553205
0,0,0.026677407
0,0,0.010680675
0,0,0.014874504
0,0,0.0030471846
1,1,0.9933054
0,0,0.29576305
0,0,0.14985661
0,1,0.5753166
0,0,0.022291621
0,0,0.008056742
0,0,0.00588687
1,1,0.99999833
0,0,0.022962965
0,0,0.018876176
0,0,0.15329042
0,0,0.009534921
0,0,0.040374693
1,1,0.9999987
0,0,0.0134435315
0,0,0.021589456
0,0,0.16562979
0,0,0.017276173
1,0,0.14359345
0,0,0.040424086
0,0,0.015689187
0,0,0.039254416
0,0,0.037075512
0,0,0.012377092
0,0,0.025313446
0,0,0.013669264
0,0,0.25604627
0,0,0.004549343
0,0,0.023249086
0,0,0.011396394
1,1,0.9999987
0,0,0.084307946
0,0,0.17643335
0,0,0.13935171
0,0,0.009056305
1,1,0.8388222
1,1,0.9999989
0,0,0.044787146
0,0,0.12470586
0,0,0.006937643
1,1,0.9999976
0,0,0.0009236795
0,0,0.0015279825
0,0,0.013305383
0,0,0.08428002
0,0,0.099665545
0,0,0.025893806
0,0,0.001721504
0,0,0.012519693
0,0,0.15395395
1,1,0.9999976
0,0,0.032039873
0,0,0.031378362
0,0,0.019300545
0,0,0.11966428
1,1,0.7495069
0,0,0.037427437
0,0,0.0050473106
0,0,0.04678522
0,0,0.022507124
0,0,0.002965918
0,0,0.024640348
0,0,0.045407433
0,0,0.0073013366
0,0,0.08372312
0,0,0.013891297
0,0,0.31134626
0,0,0.011061373
0,0,0.2661875
0,0,0.10535161
0,0,0.09467279
1,1,0.9897125
1,1,0.9999987
0,0,0.056150615
0,0,0.2289256
0,0,0.005679088
0,0,0.13435106
0,0,0.01307159
0,0,0.007914088
1,1,0.9999987
0,0,0.059018154
0,0,0.02202149
0,0,0.07739547
0,0,0.19653286
0,0,0.0053316415
0,0,0.0042895763
0,0,0.36269844
0,0,0.034521483
0,0,0.031450726
1,1,0.99999857
0,0,0.008117023
0,0,1.4363548e-05
1,1,0.9260708
0,0,0.043565318
0,0,0.037174664
0,0,3.3030516e-05
1,1,0.9999672
0,0,0.00037189331
0,0,0.120799445
1,1,0.9658164
0,0,0.35493895
0,0,0.044467825
0,0,0.44206935
0,0,0.08393906
1,1,0.9954254
0,0,0.33129627
0,0,0.028186757
0,0,0.018034989
0,0,0.067564
0,0,0.0069334917
0,0,0.03226218
0,0,0.008941394
0,0,0.0025835275
0,0,0.023562811
0,0,0.012307276
0,0,0.00087572675
0,0,0.032809563
0,0,0.017807232
0,0,0.097661324
0,0,0.009406345
0,0,0.0029016826
0,0,0.07639054
0,0,0.0055680973
0,0,0.049769863
0,0,0.007209576
0,0,0.009391393
0,0,0.13790861
0,0,0.0009109288
1,1,0.99832994
0,0,0.27671432
0,0,0.006249928
0,0,0.13655071
1,1,0.9999962
0,0,0.19083352
0,0,0.0011560561
1,1,0.5826768
0,0,0.025375273
1,1,0.9999933
0,0,0.031360637
0,0,0.05469318
0,0,0.018325636
0,0,0.019207574
0,0,0.04128048
0,0,0.07692987
0,0,0.008505559
0,0,0.006642129
0,0,0.05004301
0,0,0.0034465396
0,0,0.00586215
0,0,0.0016171602
0,0,0.004905953
0,0,0.030003868
0,0,0.16802475
1,1,0.68756807
0,0,0.05884328
0,0,0.020541834
0,0,3.689645e-05
0,0,0.12195881
0,0,0.08341096
0,0,0.0030571336
0,0,0.02819874
1,1,0.9999987
0,0,0.06294715
1,1,0.9983695
0,0,0.00044552534
0,0,0.001068121
0,0,0.0252661
1,1,0.99999774
0,0,0.025061851
0,0,0.0013676833
0,0,0.079928555
0,0,0.045537524
0,0,0.011084175
0,0,0.19564746
0,0,0.0019917267
0,0,0.047677685
0,0,0.0030913476
0,0,0.020026576
0,0,0.020214712
0,0,0.024115054
0,0,0.12502949
1,1,0.81912625
0,0,0.009305839
0,0,0.009463151
0,0,0.04424383
0,0,0.008155793
1,1,0.8783803
1,1,0.9999987
0,0,0.07778837
1,1,0.9999976
1,1,0.99999833
1,1,0.9919308
1,1,0.9999976
1,1,0.99999785
1,0,0.33179379
0,0,0.014967425
0,0,0.009836857
0,0,0.10155659
0,0,0.113147
1,1,0.9999976
0,0,0.2775444
0,0,0.005748704
0,0,0.033000857
0,0,0.14617239
0,0,0.020847095
0,0,0.033262316
0,0,0.065925136
0,0,0.051411092
0,0,0.01793253
0,0,0.35855758
1,1,0.97096294
0,0,0.015718708
0,0,0.22719435
0,0,0.028573083
0,0,0.13586847
0,0,0.027361784
0,0,0.008854349
0,0,0.006973285
0,0,0.01513763
0,0,0.029344015
0,0,0.0019886494
0,0,0.1293369
0,0,0.15694569
0,0,0.044525474
0,0,0.061400443
0,0,0.45264283
0,0,0.02995767
0,0,0.00022107064
0,0,0.13744383
0,0,0.051894113
0,0,0.006683974
0,0,0.015116218
0,0,0.01748548
0,0,0.48229283
0,0,0.1649069
0,0,0.0043839016
0,0,0.03145363
0,0,0.028244268
0,0,0.20046389
0,0,0.08142016
0,0,0.12013621
0,0,0.0019322112
0,0,0.0042302175
0,0,0.017512321
0,0,0.010274191
0,0,0.01114886
0,0,0.0010366905
0,0,0.005780989
0,0,0.024662115
0,0,0.009468882
0,0,0.29998755
0,0,0.022481792
0,0,0.011169581
0,0,4.6676887e-05
0,0,0.011105892
0,0,0.00033562104
1,1,0.9999989
1,1,0.9999987
0,0,0.059346016
0,0,0.0005316561
0,0,0.028452558
0,0,0.0027825495
0,0,0.011718976
0,0,0.012157377
0,0,4.6482954e-05
0,0,0.018200941
0,0,0.018666191
0,0,0.058612067
0,0,0.05771456
1,1,0.9999968
0,0,0.021585373
1,1,0.9999976
0,0,0.03894966
0,0,0.050256792
0,0,0.25742486
0,0,0.009804108
0,0,0.13271573
0,0,0.017748639
0,0,0.038838908
1,1,0.99999845
0,0,0.026847694
0,0,0.03887025
0,0,0.011878134
0,0,0.0020171786
0,0,0.335473
0,0,0.008393005
0,0,0.13359584
0,0,0.008108282
0,0,0.07016102
0,0,0.08925828
0,0,0.27671432
0,0,0.026144477
0,0,0.46185482
0,0,0.19621094
0,0,0.0942269
0,0,0.04115827
0,0,0.004654843
0,0,0.005410268
1,1,0.99999833
0,0,0.028430572
0,0,0.002788344
0,0,0.058600347
0,0,0.050313395
0,0,0.014391823
0,0,0.050436478
0,0,0.0035770633
0,0,0.009491938
0,0,0.056155376
0,0,0.05921693
0,0,0.0005497626
0,0,0.022611914
0,0,0.019143716
0,0,0.041009538
0,0,0.32811946
0,0,0.04783444
0,0,0.42131266
0,0,0.089344226
0,0,0.22857325
0,0,0.15044451
0,0,0.4685477
0,0,0.029081782
0,0,0.04017034
0,0,0.0930702
0,0,0.0059173517
0,0,0.012955512
0,0,0.015371728
1,1,0.5820799
0,0,0.004637649
0,0,0.010082145
0,0,0.0053344946
1,1,0.9999976
0,0,0.0049118455
1,1,0.99427855
1,1,0.99999833
1,1,0.9999988
0,0,0.0038479578
0,0,0.05421847
0,0,0.005513333
0,0,0.0035013515
0,0,0.07309048
0,0,0.046996377
0,0,0.06705168
0,0,0.014578043
0,0,0.017679177
0,0,0.0313484
0,0,0.05376911
0,0,0.0013122057
0,0,0.0035195467
0,0,0.15068099
0,0,0.12010668
0,0,0.0066422797
0,0,0.01232949
0,0,0.00010911499
1,1,0.9158113
0,0,0.06611624
0,0,0.003155353
1,1,0.99999833
1,1,0.8026732
1,1,0.99999833
0,0,0.00073535205
1,1,0.9640496
1,1,0.9999976
0,0,0.012370559
0,0,0.02780581
0,0,0.019142902
0,0,0.019785738
0,0,0.033742353
0,0,0.0059417933
0,0,0.02329908
0,0,0.006961365
0,0,0.0014008704
0,0,0.0022650354
0,0,0.013704113
0,0,0.23693007
0,0,0.0115146
0,0,0.01239825
0,0,0.057973295
0,0,0.0042842804
0,0,0.008195988
0,0,0.3334222
0,0,0.021941029
0,0,0.026611356
0,0,0.018294347
0,0,0.03379506
0,0,0.076159485
0,0,0.1212302
0,0,0.17200553
0,0,0.0011879614
1,1,0.99999285
0,0,0.0075662555
0,0,0.010030877
0,0,0.219791
0,0,0.064528495
0,0,0.04362788
0,0,0.04033153
0,0,0.037621927
0,0,0.0051560192
0,0,0.15607037
0,0,0.0017172389
0,0,0.47856572
0,0,0.0734536
1,0,0.11653893
1,1,0.9999988
1,1,0.9981875
0,0,0.030578664
0,0,0.22839956
0,0,0.02759937
1,1,0.70954794
0,0,0.000114752795
0,0,0.0029004426
0,0,0.010482525
0,0,0.1943717
0,0,0.15731464
0,0,0.023423074
0,0,0.006796611
0,0,0.12603301
0,0,0.10823385
1,1,0.9999937
0,0,0.000319088
0,0,0.08642077
0,0,0.055875868
0,0,0.02216707
0,0,0.09157133
0,0,0.00073087553
0,0,0.27671432
0,0,0.29660127
0,0,0.019489698
0,0,0.039805137
0,0,0.013919738
0,0,0.47408253
0,0,0.3929146
0,0,0.00084958435
0,0,0.1490515
0,0,0.0021707779
1,1,0.9999988
1,1,0.99999785
0,0,0.19939035
0,0,0.07888274
0,0,0.014485917
0,0,0.01800702
0,0,0.02261728
0,0,0.000427031
0,0,0.0027148603
0,0,0.027834995
0,0,0.028150028
1,1,0.73815095
0,0,0.018100426
0,0,0.011984027
0,0,0.021590842
0,0,0.014298807
0,0,0.14922722
1,1,0.99999833
1,0,0.07731985
0,0,0.025749234
0,0,0.07340289
0,0,0.028604407
0,0,0.30904555
0,0,0.010822548
0,0,0.05306294
0,0,0.050936878
0,0,0.2182903
0,0,0.027728323
0,0,0.37282988
0,0,0.24650055
0,0,0.47037482
0,0,0.0024722433
1,1,0.99999833
0,0,0.085153095
0,0,0.037621394
0,0,0.19813053
0,0,0.05342316
0,0,0.14553392
0,0,0.051339086
0,0,0.054999202
0,0,0.055330317
1,1,0.9999976
0,0,0.2997222
0,0,0.007069446
0,0,0.010813077
0,0,0.015631905
0,0,0.054240398
0,0,0.04607098
0,0,0.0034899916
1,1,0.9999809
0,0,0.011427073
0,0,0.012435059
0,0,0.0024441574
0,0,0.027316296
0,0,0.013788865
0,0,0.10292603
1,1,0.98596025
0,0,0.030117584
0,0,0.072799355
1,1,0.6350393
0,0,0.0022596063
0,0,0.12941863
1,1,0.9999987
0,0,0.005782634
0,0,0.0070124324
0,0,0.29037517
0,0,0.19544175
0,0,0.0012010462
1,1,0.9999988
0,0,0.0006082742
0,0,0.10408996
0,0,0.031156149
0,0,0.02349137
0,0,0.074445605
0,0,0.02994397
0,0,0.14815411
0,0,0.025862366
0,0,0.0077435435
0,0,0.10076223
0,0,0.042151082
0,0,0.0009020851
0,0,0.14107928
0,0,0.031435125
0,0,0.0344094
1,1,0.99999857
0,0,0.011427073
0,0,0.31276664
0,0,0.0022376294
0,0,0.0026796663
0,0,0.044957884
0,0,0.07286974
0,0,0.09700412
0,0,0.162044
0,0,0.03501518
0,0,0.08708024
0,0,0.0042504235
0,0,0.004381852
0,0,0.14630002
0,0,0.3299954
0,0,0.27690464
0,0,0.031801496
0,0,0.009290704
1,1,0.9999988
0,0,0.19955376
0,0,0.0070475424
0,0,0.01386846
0,0,0.024977596
0,0,0.007077048
0,0,0.008181314
0,0,0.01044454
0,0,0.0021041606
0,0,0.0111998925
0,0,0.020626994
0,0,0.04902405
1,1,0.9999988
0,0,0.010778516
0,0,0.14088818
0,0,0.079233624
0,0,0.01188451
0,0,0.048157293
0,0,0.009205147
0,0,0.00028391992
0,0,0.026493825
1,1,0.7160585
0,0,0.02872933
0,0,0.00021802013
1,1,0.9999988
0,0,0.17808393
0,0,0.0020633237
0,0,0.117768094
0,0,0.38363734
0,0,0.056584764
0,0,0.017331528
1,1,0.999998
0,0,0.05839338
0,0,0.0181205
0,0,0.013456059
0,0,0.037225388
0,0,0.0072775865
0,0,0.062911145
1,1,0.9991491
0,0,0.020616857
0,0,0.08922019
0,0,0.042511854
0,0,0.046285514
1,1,0.9420113
0,0,0.039834745
0,0,0.016959375
0,0,2.5025372e-05
0,0,0.06302468
1,1,0.99999833
1,1,0.99999785
0,0,0.008093753
0,0,0.0014014642
1,1,0.99996996
0,0,0.015841309
0,0,0.03847047
0,0,0.0116515
0,0,0.0042624506
0,0,0.160424
0,0,0.3996458
0,0,0.009492557
0,0,0.0097496305
0,0,0.0073815943
0,0,9.368951e-05
0,0,0.002088964
0,0,0.013370796
0,0,0.061338443
0,0,0.0063479384
0,0,0.011187827
0,0,0.33557615
0,0,0.009663168
0,0,0.01421003
0,0,0.076311246
0,0,0.033661384
1,1,0.65201443
0,0,0.18521348
1,1,0.99999774
0,0,0.012439076
0,0,0.009931762
0,0,0.0073467204
1,1,0.99138147
0,0,0.00086596486
0,1,0.8130136
0,0,0.027299026
0,0,0.052416015
0,0,0.000866838
0,0,0.00852433
0,0,0.003101327
1,1,0.99999833
0,0,0.1878292
0,0,0.05429011
0,0,0.012953781
0,0,0.008537572
0,0,0.08365231
0,0,0.006408085
0,0,0.21515426
0,0,0.012138195
0,0,0.014093941
0,0,0.009623421
0,0,0.0024875351
0,0,0.0888832
0,0,0.16992834
0,0,0.020732472
0,0,0.008942754
1,1,0.99999785
0,0,0.0418377
0,0,0.001659722
1,1,0.99997354
0,0,0.0056451946
0,0,0.43673408
1,0,0.36812
1,0,0.058770765
0,0,0.36690965
0,0,0.054776367
0,0,0.009405652
0,0,0.28877464
0,0,0.07541762
0,0,0.002355788
1,1,0.9999987
0,0,0.037428893
1,1,0.99999774
0,0,0.0032550385
0,0,0.007860558
0,0,0.014882555
0,0,0.050231878
1,1,0.9307866
0,0,0.24915819
0,0,0.073460534
0,0,0.08061353
0,0,0.008855504
0,0,0.016583463
0,0,0.084307946
0,0,0.015904907
0,0,0.001895837
0,0,0.021321423
0,0,0.017860873
0,0,0.20861168
0,0,0.0057305563
0,0,0.0009575908
0,0,0.47438893
0,0,8.012231e-05
0,1,0.9877771
0,0,0.039228324
0,0,0.13053241
1,1,0.97189754
0,0,0.03470086
0,0,0.03300594
0,0,0.012062846
1,1,0.63598263
1,0,0.19378282
0,0,0.0112850405
0,0,0.01585108
1,1,0.9999976
0,0,0.4685477
0,0,0.17094436
1,1,0.9999976
0,0,0.023171937
0,0,0.0077435435
0,0,0.40396047
0,0,0.040298313
0,0,0.0060784267
0,0,0.026131872
0,0,0.003951961
0,0,0.018411564
0,0,0.0066592502
0,0,0.040316306
0,0,0.0024938069
0,0,0.013199219
0,0,0.044812016
0,0,0.15186755
0,0,0.0035329289
0,0,0.0026187256
1,1,0.9833054
0,0,0.0073407935
0,0,0.0025969418
0,0,0.002971777
0,0,0.0072066146
0,0,0.0114925215
0,0,0.00011931881
0,0,0.020570928
0,0,0.049125265
0,0,0.24183339
0,0,0.08023076
0,0,0.023766771
0,0,0.43305707
1,1,0.99999285
0,0,0.046627197
0,0,0.016952666
0,0,0.18878558
0,0,0.002342994
0,0,0.004082372
0,0,0.0026779773
0,0,0.08282466
1,1,0.9976418
0,1,0.6144525
0,0,0.01070206
0,0,0.03226218
0,0,0.0016294128
0,0,0.07830869
0,0,0.008992301
0,0,0.059922587
0,0,0.018589487
0,0,0.21442838
0,0,0.08243244
0,0,0.0009020851
0,0,0.0049649393
0,0,0.022122964
0,0,0.069706455
0,0,0.0058811274
1,1,0.99999833
0,0,0.011469056
0,0,0.021183517
0,0,0.005170139
0,0,0.00870481
0,0,0.000696375
1,1,0.63493645
0,1,0.53418475
1,1,0.9964636
1,0,0.039416198
0,0,0.0007636543
0,0,0.034658685
0,0,0.057722546
0,0,0.013895014
0,0,0.006021775
0,0,0.016542032
0,0,0.0002540573
0,0,0.011031561
0,0,0.08851467
0,0,0.46588883
0,0,0.11700758
1,1,0.6588064
1,1,0.9999144
0,0,0.032327436
0,0,0.16917662
0,0,0.00492135
0,0,0.10599574
0,0,0.026984688
1,1,0.9999988
0,0,0.0001733361
0,0,0.008397291
0,0,0.014434185
1,1,0.9475356
0,0,0.05762526
0,0,0.11141307
0,0,0.35156235
0,0,0.04601147
1,1,0.99999857
0,0,0.0043980977
0,0,0.04453626
0,0,0.022998404
1,1,0.8943863
0,0,0.0816652
0,0,0.052697357
0,0,0.016544461
0,0,0.010629539
0,0,0.018510478
0,0,0.015580641
1,0,0.36690965
0,0,0.4785157
0,0,0.19191882
0,0,0.071880326
0,0,0.08030608
1,1,0.9954384
0,0,0.09742673
0,0,0.0014415543
0,0,0.037509963
0,0,9.5227486e-05
0,0,0.039291237
0,0,0.11113478
0,0,0.09777484
0,0,0.0015849575
0,0,0.033036523
0,0,0.4029922
0,1,0.50279754
0,0,3.3956843e-05
0,0,0.0110607315
0,0,0.1145548
0,0,0.13239092
0,0,0.18653725
0,0,0.10920006
0,0,0.030212972
0,0,0.0023984804
1,1,0.9880248
0,0,0.13968006
0,0,0.18939349
0,0,0.0137219075
0,0,0.026838409
0,0,0.19014217
0,0,0.012630805
0,0,0.0009785267
0,0,0.08869713
0,0,0.05390685
0,0,0.04713619
0,0,0.0021077222
0,0,0.04773143
0,1,0.53418475
1,1,0.96275914
0,0,0.006812824
0,0,0.0046380535
0,0,0.00016813734
0,0,0.19190094
0,0,0.13858882
0,0,0.013897086
0,0,0.11028037
0,0,0.13708518
0,0,0.05290959
0,0,0.060832463
0,0,0.032879174
1,1,0.99999833
0,0,0.019259961
0,0,0.01524679
0,0,0.0816652
0,0,0.00017078042
0,0,0.015905287
0,0,0.11503548
0,0,0.14511591
0,0,0.11523064
0,0,0.10831323
0,0,0.05478599
0,0,0.07812673
0,0,0.027828835
0,0,0.025870735
0,0,0.13534008
0,0,0.014693821
0,0,2.9809536e-05
1,1,0.9859703
0,0,0.02822648
0,0,0.030692281
0,0,0.013517211
1,1,0.99999833
0,0,0.37704027
0,0,0.0053661964
0,0,0.022077208
0,0,0.046213564
0,0,0.41332492
0,0,0.0012574405
0,0,0.0076777013
0,0,0.031825136
0,0,0.003661831
0,0,0.079479925
0,0,0.008642515
1,1,0.9078165
0,0,0.032949395
0,0,0.015563068
0,0,0.0018625471
1,1,0.9999976
0,0,0.29479438
0,0,0.02268446
1,1,0.99852306
1,1,0.99999833
0,0,0.32466248
0,0,0.07967274
0,0,0.0041748607
0,0,0.08377528
0,0,0.010247601
0,0,0.058784734
0,0,0.01793504
0,0,0.0027137862
0,0,0.003452255
0,0,0.025734663
0,0,0.07830489
0,0,0.0033272582
0,0,0.00041798182
1,1,0.9999988
0,0,0.03615025
0,0,0.0070854235
0,0,0.113531575
0,0,0.2997222
0,0,0.006194493
0,0,0.0060780584
0,0,0.004782046
0,0,0.49640587
0,0,0.079763934
0,0,0.4872205
0,0,3.890346e-05
0,0,0.033404287
0,0,0.0038340876
0,1,0.50455725
0,0,0.08625357
0,0,0.000487314
1,1,0.99999845
0,0,0.007828194
1,0,0.37711754
0,0,0.09047865
0,0,0.08023076
0,0,0.00036849914
0,0,0.0128929345
1,1,0.999998
1,1,0.9999988
0,0,0.0076352623
1,1,0.99999785
1,0,0.28329968
0,0,0.017343154
0,0,0.01155985
0,0,0.0008073151
0,0,0.08569545
0,0,0.25668615
0,0,0.017645935
0,0,0.0009971268
0,0,0.030543918
0,0,0.00434231
0,0,0.006569114
0,0,0.0034914445
0,0,0.010096885
0,0,0.29021087
0,0,0.0038728018
1,0,0.14220218
0,0,0.37231538
0,0,0.03821565
0,0,0.026491562
0,0,0.03166079
0,0,0.007230826
0,0,0.03860763
0,0,0.024640027
0,0,0.104906216
0,0,0.12875345
0,0,0.004633915
0,0,0.03570316
0,0,0.0116515
0,0,0.008925296
1,1,0.9954254
0,0,0.040151898
0,0,0.03336335
0,0,0.24735846
0,0,0.002960013
0,0,0.012701183
0,0,0.022751685
0,0,0.060365777
0,0,0.05046125
0,0,0.028067997
1,1,0.99999833
0,0,0.42126864
0,0,0.035723627
1,1,0.9999987
0,0,0.25450557
0,0,0.044031695
0,0,0.022249466
1,1,0.99999774
0,0,0.016416186
1,1,0.9993536
0,0,0.0033457153
0,0,0.02859393
0,0,0.32330605
0,0,0.019051354
0,0,0.0068276203
1,1,0.9999976
0,0,0.025759578
0,0,0.08282466
0,0,0.117560424
1,1,0.99999833
1,1,0.99999833
0,0,0.00090581883
1,1,0.9999976
0,0,0.042196285
0,0,0.0011624818
0,0,0.09156054
1,1,0.99998903
0,0,0.060100924
0,0,0.16886623
0,0,0.03178579
0,0,0.022719445
0,0,0.0070884596
0,0,0.019762173
1,1,0.9631472
0,0,0.049891304
0,0,0.00048761748
0,0,0.010397304
0,0,0.0020328262
1,1,0.986225
0,0,0.08309664
0,0,0.06088167
0,0,0.009912916
0,0,0.10084528
0,0,0.00048450002
0,0,0.0011053166
1,1,0.9999976
0,0,0.09382431
0,0,0.025344979
0,0,0.06395898
1,1,0.8727149
0,0,0.025893806
0,0,7.829829e-05
0,0,0.090783395
0,0,0.33557615
0,0,0.009995411
0,0,0.07421615
0,0,0.07162642
0,0,0.011383062
0,0,0.16844007
0,0,0.012009591
0,0,0.0017722583
0,0,0.02099818
1,1,0.5769889
0,0,0.020376885
0,0,0.00483509
0,0,0.046811108
1,1,0.89517283
0,0,0.0069950656
0,0,0.08127378
1,1,0.9999976
0,0,0.11433811
0,0,0.15035513
0,0,0.32290155
0,0,0.03676786
1,1,0.99999774
1,1,0.7755679
0,0,0.0059455484
0,0,0.011196587
0,0,0.19653286
0,0,0.04084766
0,0,0.053569086
0,0,0.05108076
0,0,0.1530525
0,0,0.1716887
0,0,0.043801777
0,0,0.26029345
0,0,0.33350223
1,1,0.61946946
0,0,0.07593286
0,0,0.0037519473
0,0,0.00885337
0,0,0.00022665145
0,0,0.07284744
1,1,0.99999833
1,1,0.99999774
0,0,0.0010708404
0,0,0.048719283
0,0,0.0067759613
0,0,0.09951868
0,0,0.028734367
0,0,0.29499
0,0,0.069909126
0,0,0.012835797
0,0,0.008865324
0,0,0.01558081
0,0,0.049951665
0,0,0.34330735
0,0,0.021603568
0,0,0.44387946
0,0,0.06456332
0,0,0.16471073
1,1,0.99999833
1,1,0.99999774
0,0,0.052533515
0,0,0.0059808427
0,0,0.011730999
0,0,0.0004402941
0,0,0.20137687
0,0,0.15515207
0,0,0.1495395
0,0,0.0022794064
0,0,0.020188445
0,0,0.008757864
0,0,0.07935662
1,1,0.98223627
0,0,0.16245416
1,1,0.69443494
0,0,0.0047145057
1,1,0.9999981
0,0,0.19127762
0,0,0.0096991565
0,0,0.0024571293
0,0,0.05127969
0,0,0.017859476
0,0,0.022692299
0,0,0.09071559
0,0,0.00916993
0,0,0.03374194
0,0,0.21055189
0,0,0.08065269
0,0,0.016500048
0,0,0.025217876
1,0,0.30292165
0,0,0.028457323
1,1,0.9999976
0,0,0.03731339
0,0,0.10724806
1,1,0.99999833
1,0,0.4857063
0,0,0.008080755
0,0,0.17574033
0,0,0.037696354
0,0,0.0059621087
0,0,0.013475596
0,0,0.033451322
0,0,0.0074778902
0,0,0.009904655
1,1,0.7498003
0,0,0.019618114
0,0,0.07632834
0,1,0.50455725
0,0,0.024623627
0,0,0.010000575
0,0,0.070500456
0,0,0.041827284
0,0,0.015257611
0,0,0.00036826666
1,1,0.9999988
0,0,0.024742126
0,0,0.060511526
0,0,0.023096772
0,0,0.0016502182
1,1,0.99999845
1,1,0.9312195
0,0,0.04518932
0,0,0.0022723672
0,0,0.018774448
0,0,0.07634418
0,1,0.5941862
0,0,0.11397171
0,0,0.07471998
0,0,0.011658872
0,0,0.13056965
0,0,0.15352681
0,0,0.01270266
1,1,0.99999833
0,0,0.0050250133
0,0,0.019398956
0,0,6.675305e-05
0,0,0.14716609
0,0,0.00027304087
0,0,0.008213246
1,1,0.80628777
1,1,0.9999144
0,0,0.014003824
0,0,0.0041008387
0,0,0.14728305
0,0,0.0008261931
0,0,0.027515633
0,0,0.004918896
0,0,0.03805667
0,0,0.01546017
0,0,0.03332103
0,0,0.02948127
0,0,0.029619496
0,0,0.0738451
0,0,0.1458798
0,0,0.0036602602
0,0,0.068230085
0,0,0.028035814
0,0,0.0521921
0,0,0.0076559386
0,0,0.21856156
0,0,0.15599802
0,0,0.008245151
0,0,0.110635586
0,0,0.22318523
0,0,0.022309477
0,0,0.008785551
0,0,0.13231525
1,0,0.20040593
1,1,0.566847
0,0,0.28411716
0,0,0.020162778
0,0,0.06769779
0,0,0.3872772
0,0,0.10308565
0,0,0.09995314
0,0,0.005669276
0,0,0.047050256
0,0,0.030300613
0,0,0.18235967
0,0,0.07903338
0,0,0.00012140358
0,0,0.008476282
0,0,0.08288915
0,0,0.09382431
1,1,0.9999976
0,0,0.010711191
0,0,0.006108206
0,0,0.005559038
1,1,0.99999833
0,0,0.14678371
0,0,0.03163603
0,0,0.03885557
0,0,0.01873369
0,0,0.09269387
0,0,0.015632462
1,1,0.999998
0,0,0.00014528014
0,0,0.12877318
0,0,0.046071086
1,1,0.99959224
0,0,0.035799135
0,0,0.007959803
0,0,0.011814496
0,0,0.030952826
0,0,0.051283702
0,0,0.023700193
1,1,0.9999976
0,0,0.03688514
1,1,0.99999714
0,0,0.0029094866
0,0,0.16365764
0,0,0.001268443
0,0,0.046631873
0,0,0.2138253
1,1,0.6828277
0,0,0.0075981854
0,0,0.006194153
0,0,0.14800593
0,0,0.0029287892
0,0,0.16073115
0,0,0.1469086
0,0,0.03166079
0,0,0.012192612
1,0,0.44796458
0,0,0.2809361
0,0,0.0042265714
0,0,0.015002207
0,0,0.04207044
1,1,0.99624795
0,0,0.015615566
0,0,0.08763968
0,0,0.070878506
0,0,0.07944488
0,0,0.0009928264
0,0,0.29617035
0,0,0.09785382
1,0,0.35445845
1,0,0.030571781
1,1,0.92333484
1,0,0.09871332
0,0,0.036567435
0,0,0.00084905303
0,0,0.013340316
0,0,0.049643144
0,0,0.010486968
0,0,0.025953626
0,0,0.13626954
0,0,0.0078978
1,1,0.9999987
0,0,0.41016078
0,0,0.04167788
1,1,0.99999857
0,0,0.061158888
0,0,0.12065184
0,0,0.002649848
0,0,0.12939613
0,0,0.05249953
0,0,0.027390193
0,0,0.36520734
0,0,0.006772224
0,0,0.2991072
0,0,0.0034126248
0,0,0.0020226075
0,0,0.02075558
0,0,0.09926371
0,0,0.0011087302
0,0,0.037227746
0,0,0.22899677
0,0,0.012256702
0,0,0.016992724
0,0,0.107890286
0,0,0.006784255
0,0,0.0022114632
1,1,0.9999987
0,0,0.027228277
0,0,0.0024224885
0,0,0.03473484
0,0,0.036471624
0,0,0.0064804796
1,1,0.9999968
0,0,0.0026820109
1,1,0.9648778
0,0,0.30315712
0,0,0.033249877
0,0,0.015256558
0,0,0.03355741
0,0,0.33464035
0,0,0.04597755
0,0,0.04309292
0,0,0.00015260949
0,0,0.00096669904
0,0,0.022009527
0,0,0.3716038
1,1,0.6317473
0,0,0.07172549
0,0,0.0058956305
0,0,0.115971394
1,1,0.9999988
0,0,0.021261102
0,0,0.0012643364
0,0,0.012763621
0,0,0.07369788
0,0,0.0046242326
1,1,0.9645193
0,0,0.020032926
0,0,0.007866648
0,0,0.0738694
1,1,0.99997354
1,1,0.9999976
1,1,0.99999833
0,0,0.1540904
0,0,0.006751059
0,0,0.059010155
0,0,0.021801764
0,0,0.019324256
0,0,0.064797096
0,0,0.11651787
0,0,0.021567948
0,0,0.007358605
0,0,0.11057191
0,0,7.9605576e-05
0,0,0.013674961
1,1,0.9999976
0,0,0.021050386
0,0,0.01649744
0,0,0.15444246
0,0,0.0022082238
1,1,0.996783
0,0,0.0008677978
0,0,0.0012968836
1,1,0.6537319
0,0,0.0012750141
0,0,0.021917218
0,0,0.0114925215
0,0,0.19811316
1,1,0.99999833
0,0,0.04384157
0,0,0.09483104
0,0,0.11947048
0,0,0.0012632927
0,0,0.05437949
0,0,0.035871733
0,0,0.13699906
0,0,0.13559525
0,0,0.023867963
0,0,0.27573374
0,0,0.05580742
0,0,0.24220082
0,0,0.0035275982
0,1,0.5422072
0,0,0.035461638
0,0,0.014804507
0,0,0.004378306
0,0,0.01653731
0,0,0.0225821
0,0,0.008875502
0,0,0.044446517
0,0,0.031926345
0,0,0.0085433535
0,0,0.19224414
1,1,0.9999988
0,0,0.0013213482
0,0,0.07277882
0,0,0.0063334065
0,0,0.0028841551
0,0,0.00081440934
0,0,0.006276799
0,0,0.038612913
0,0,0.0035023165
1,0,0.36990622
0,0,0.13259438
0,0,0.0009847911
1,0,0.35652742
0,0,0.0074109933
0,0,0.014528429
0,0,0.017926719
0,0,0.00041594912
0,0,0.1988171
1,1,0.9999976
0,0,0.00013106417
0,0,0.0431351
0,1,0.53744775
0,0,0.009627271
0,0,0.061460804
0,0,0.0024674889
0,0,0.049885947
0,0,0.0055781053
0,0,2.6334752e-05
0,0,0.09089487
0,0,0.046096012
1,1,0.9999987
1,1,0.99999833
0,0,0.0034785743
0,0,0.009552062
1,1,0.9999976
0,0,0.0018254877
0,0,0.029528739
1,1,0.98286426
0,0,0.00028875645
1,1,0.99999845
0,0,0.0017895254
0,0,0.17961721
0,0,0.033344686
0,0,0.010693682
0,0,0.0334208
0,0,0.013550391
0,0,0.06962919
1,1,0.6239094
0,0,0.08820314
0,0,0.016694728
0,0,0.012614041
0,0,0.0024639575
0,0,0.02333385
0,0,0.1089555
0,0,0.008086514
0,0,0.0005442208
0,0,0.0012279552
0,0,0.06859456
0,0,0.41855198
0,0,0.0037812681
0,0,0.00014211901
0,0,0.24556829
0,0,0.0026724772
0,0,0.27671432
0,0,0.012135887
0,0,0.0012304004
0,0,0.33179379
1,1,0.9999491
1,1,0.9999976
0,0,0.013235133
0,0,0.0043096063
0,0,0.15064879
0,0,0.019917136
0,0,0.029294707
0,0,0.065292284
0,0,0.004608159
0,0,0.008098781
0,0,0.16704841
1,1,0.97629106
0,0,0.05385007
0,0,0.047357287
0,0,0.107494436
1,1,0.99999845
0,0,0.15764658
0,0,4.9495608e-05
0,0,0.03957067
0,0,0.0011412123
0,0,0.088227786
0,0,0.046399046
0,1,0.5003235
0,0,0.015628258
0,0,0.011096632
0,0,0.026932953
0,0,0.035329644
0,0,0.09124869
0,0,0.020569718
0,0,0.02510809
0,0,0.047258727
0,0,0.016924266
0,0,0.0011678315
0,0,0.03321413
1,1,0.9999987
0,0,0.0069034225
0,0,0.031054469
0,0,0.10013057
0,0,0.111993104
0,0,0.29479438
1,1,0.99997354
0,0,0.019113213
0,0,0.03473637
0,0,0.004409921
0,0,0.05498928
0,0,0.0036312668
0,0,0.14330699
0,0,0.14108004
0,0,0.47257474
0,0,0.0042302175
0,0,0.043260098
0,0,0.0042119105
0,0,0.0046624355
0,0,0.00019106569
0,0,0.019099051
0,0,0.033170532
0,0,0.0004390608
0,0,0.006766129
0,0,0.053951424
0,0,0.0016421495
0,0,0.06326099
1,1,0.9999976
1,1,0.9999976
0,0,0.022188956
0,0,0.31860355
0,0,0.0043725297
0,0,0.31822526
0,0,0.00012523585
0,0,0.13823573
1,1,0.96892244
1,1,0.99999857
0,0,0.008215461
0,0,0.0040908703
0,0,0.08532364
0,0,0.17744277
0,0,0.104593754
0,0,0.009706043
0,0,0.0012997845
1,1,0.99999833
1,1,0.99999726
1,1,0.9889032
0,0,0.18330799
0,0,0.0090376055
1,1,0.98428786
0,0,0.07434389
1,1,0.9997696
0,0,0.08926243
1,1,0.9999988
0,0,0.011255673
0,0,0.039894972
0,0,0.015246939
1,1,0.5177523
0,0,0.00078032067
0,0,0.002919065
0,0,0.013589538
1,0,0.3291274
0,0,0.00027192768
1,1,0.9999988
0,0,0.10635195
1,1,0.8794796
0,0,0.011548778
0,0,0.014246185
0,0,0.33483315
0,0,0.028207842
0,0,0.0062048165
0,0,0.030195046
0,0,0.0014379538
0,0,8.726135e-05
0,0,0.012001034
0,0,0.15549462
0,0,0.0077224425
0,0,0.028929468
0,0,0.058509167
0,0,0.0069005303
0,0,0.10504147
0,0,0.032033928
0,0,0.14588724
0,1,0.5919661
0,0,0.008339098
0,0,0.0013343755
0,0,0.1816026
0,0,0.040430337
1,1,0.99999785
0,0,0.0011560561
0,0,0.015027448
0,0,0.06306
0,0,0.41312146
0,0,0.23588769
1,1,0.9999976
0,0,0.00016005746
0,0,0.1657935
0,0,0.015591155
1,1,0.9999976
0,0,0.018143604
0,0,0.011009136
0,0,0.050205063
0,0,0.009381461
0,0,0.41458097
0,0,0.11829729
0,0,0.008970473
1,1,0.99999785
0,0,0.07289106
0,0,0.026850712
0,0,0.010466409
0,0,0.0016551645
0,0,0.00080209813
1,1,0.6513138
0,0,0.03820651
0,0,0.060567245
0,0,0.12167642
1,1,0.64066076
0,0,0.02559884
0,0,0.02905741
0,0,0.061597995
0,0,0.071707495
0,0,0.007948843
1,1,0.8896307
0,0,0.020733284
0,0,0.13560115
0,0,0.006218631
1,1,0.99999833
1,1,0.99999714
0,0,0.022388235
0,0,0.0074946885
1,1,0.9999988
0,0,0.018387798
1,1,0.999998
0,0,0.0014070034
0,0,0.20945247
0,0,0.026296556
0,0,0.052310344
0,0,0.004587107
1,1,0.9991953
1,1,0.99999833
0,0,0.18889496
0,0,0.17074314
0,0,0.06274018
0,0,0.0012648507
0,0,0.0025139325
0,0,0.0819365
0,0,0.12894979
0,0,0.16010237
1,1,0.8182846
0,0,0.24030805
1,0,0.38334206
1,1,0.9900311
0,0,0.0015196161
0,0,0.001441555
0,0,0.040828887
0,0,0.4685477
0,0,0.09776792
0,0,0.00039759307
1,1,0.99999833
0,0,0.03345164
0,0,0.012216474
0,0,0.027869444
0,0,0.15665366
0,0,0.010416229
1,1,0.99999714
0,0,0.2966076
0,0,0.047348782
1,1,0.9999988
0,0,0.00037266576
0,0,0.004582974
0,0,0.45024663
0,0,0.33394253
0,0,0.15684609
0,0,0.0034665042
0,0,0.015575507
0,0,0.2145365
0,0,0.06872897
0,0,0.008008629
0,0,0.10653677
0,0,0.027547868
0,1,0.6064804
0,0,0.061457857
1,1,0.9999968
0,0,0.02477387
0,0,0.0003984018
0,0,0.056233414
0,0,0.0044487156
0,0,0.051975325
0,0,0.0011724812
0,0,0.08496082
0,0,0.02438943
0,0,0.002242772
0,0,0.008436344
0,0,0.05005049
0,0,0.011427073
1,1,0.99016917
0,0,0.2722761
0,0,0.09550812
0,0,0.077778414
0,0,0.011440504
0,0,0.1210015
0,0,0.0011498973
0,0,0.009443245
0,0,0.17364474
0,0,0.08201053
0,0,0.048559546
0,0,0.016127393
0,0,0.042328466
0,0,0.13642992
0,0,0.028446633
1,1,0.9999987
0,0,0.022099007
0,0,0.013361759
0,0,0.011722456
0,0,0.0069486173
0,0,0.0021911915
0,0,0.4685477
0,0,0.014195588
0,0,0.036881268
0,0,0.00848463
0,0,0.13486144
0,0,0.03403214
0,0,0.014719786
1,1,0.9999976
1,1,0.6136861
0,0,0.022587247
0,0,0.03839829
0,0,0.050399747
0,0,0.0008935597
0,0,0.0526875
1,1,0.98965853
0,0,0.081236474
0,0,0.012487318
0,0,0.094354495
0,0,0.0749429
0,0,0.00167464
0,0,0.055899244
0,0,0.10950163
0,0,0.09122332
0,0,0.053763088
0,0,0.053846
0,0,0.0073491517
0,0,0.084497735
0,0,0.09382431
0,0,0.0070711533
0,0,0.007985029
1,1,0.98114794
0,0,0.014436341
0,0,0.07437215
0,0,0.003195984
1,1,0.9999989
0,0,0.13246371
1,1,0.8133471
0,0,0.0073689013
0,0,0.10288703
0,0,0.0024062938
0,0,0.09059634
1,1,0.9999976
1,1,0.9900067
0,0,0.006253732
0,0,0.014511501
0,0,0.10875379
0,0,0.0033157095
0,0,0.01066876
0,0,0.0015510604
0,0,0.13108648
0,0,0.090596266
0,0,0.00047847192
0,0,0.0021459882
0,0,0.05589553
0,0,0.01644627
0,0,0.116050005
0,0,0.019952785
0,0,0.0012773302
0,0,0.062540084
0,0,0.049220853
0,0,0.08523337
0,0,0.008745281
0,0,0.0746367
0,0,0.014997889
0,0,0.0049092383
0,0,0.081061706
0,0,0.02282922
0,0,0.0039399574
0,0,0.062404927
0,0,0.021694636
0,0,0.09613316
0,0,0.023576304
0,0,0.010131397
1,1,0.5218582
0,0,0.0114888
0,0,0.014665694
0,0,0.021538062
0,0,0.046785656
0,0,0.2009983
0,0,0.18408811
0,0,0.017340114
1,1,0.99999845
0,0,0.008651716
1,1,0.9999987
0,0,3.0627652e-05
0,0,0.0074714846
0,0,0.13055784
0,0,0.035799135
1,1,0.9999988
0,0,0.07496379
0,0,0.0037536283
0,0,0.28411716
0,0,0.051842302
0,0,0.30106091
0,1,0.5617555
1,0,0.1349631
0,0,0.039771415
0,0,0.02181618
0,0,0.0041077305
0,0,0.122970805
0,0,0.0021104447
0,0,0.1120946
0,0,0.036371402
0,0,0.36690965
1,1,0.99999833
1,1,0.9999981
0,0,0.038130037
0,0,0.19776586
0,0,0.45875728
0,1,0.747064
0,0,0.26211807
0,0,0.006001943
0,0,0.0060310205
0,0,0.01580338
0,0,0.007860707
0,0,0.00573624
0,0,0.33726743
0,0,0.045005314
0,0,0.016699739
0,0,0.014509558
0,0,0.0054441476
0,0,0.102815844
0,0,0.06450314
0,0,0.022835629
0,0,0.038756844
0,0,0.04425815
0,0,0.09182422
0,0,0.054779544
0,0,0.018402526
0,0,0.031420995
0,0,0.007772626
1,1,0.99792993
0,0,0.025352053
0,0,0.22205836
1,1,0.99999774
0,0,0.029167702
0,0,0.02823817
0,0,0.014285512
0,0,0.011930313
0,0,0.00044772474
1,1,0.99999833
0,0,0.1536862
1,1,0.9999987
0,0,0.009061252
1,1,0.9999976
0,0,0.024190191
0,0,0.18790272
0,0,0.0009958574
0,0,3.3430028e-05
0,0,0.01277861
0,0,0.25531542
0,0,0.15649277
0,0,0.1748505
1,1,0.99998796
0,0,0.14044578
0,0,0.053705614
0,0,0.1587058
0,0,0.36690965
1,0,0.17149626
1,1,0.9991486
0,0,0.032671597
0,0,0.010091307
0,0,0.06680174
0,0,0.0018896286
1,1,0.99999833
0,0,0.05955122
1,1,0.99999833
0,0,0.0027742023
0,0,0.001545495
0,0,0.20201647
0,0,0.022333385
0,0,0.071700305
1,1,0.9999976
0,0,0.0007205877
0,0,0.011712654
1,1,0.99592566
0,0,0.008398395
1,1,0.9913874
0,0,0.01548539
0,0,0.0029717332
0,0,0.28608936
0,0,0.10396438
0,0,0.031812582
0,0,0.09325148
0,0,0.01565854
0,0,0.033515118
0,0,0.01187289
0,0,0.3310792
0,0,0.029781222
0,0,0.010394855
0,0,0.067870624
0,0,0.052088585
0,0,0.000846485
1,1,0.760772
1,1,0.9999987
0,0,0.013272607
0,0,0.008940498
1,1,0.9999976
0,0,0.0049092383
0,0,0.01677513
0,0,0.4828456
1,1,0.9999962
1,1,0.86357594
1,1,0.98918414
0,0,0.02329719
0,0,0.04088663
0,0,0.005360631
0,0,0.0012497748
0,0,0.053855006
0,0,0.009116174
0,0,0.3553494
0,0,0.0011421258
0,0,0.0016868487
0,0,0.19835901
0,0,0.0025855629
0,0,0.011185533
0,0,0.07205021
0,0,0.022332108
0,0,0.0799547
0,0,0.012001034
0,0,0.014122254
0,0,0.04678791
0,0,0.027681567
0,0,0.0009657288
0,0,0.0135049075
1,1,0.99999833
0,0,0.018009335
0,0,0.14985661
0,0,0.012155951
0,0,0.09603739
0,0,0.08094657
0,0,0.031317774
0,0,0.096025035
1,1,0.9999976
0,0,0.0034085244
0,0,0.12369022
0,0,0.0011498973
0,0,0.08917071
0,0,0.005396468
0,0,0.07159276
0,0,0.23605773
0,0,0.0794171
0,0,0.03982817
0,0,0.063565075
1,1,0.9999988
1,1,0.99651295
0,0,0.05301219
0,0,0.0085229
1,1,0.99999833
0,0,0.014317509
0,0,0.009523826
0,0,0.024035996
1,1,0.9999987
0,0,0.017001742
0,0,0.005550554
0,0,0.06496456
1,1,0.9840443
1,1,0.9999976
0,0,0.006735974
0,0,0.17458104
0,0,0.10635523
0,0,0.013320916
0,0,0.16628487
0,0,0.00072842446
0,0,0.03166079
0,0,0.0007833656
0,0,0.0715957
0,0,0.042117644
0,0,0.037065867
0,0,0.009558312
1,1,0.9999988
0,0,0.014612869
0,0,0.17217162
0,0,0.029340275
0,0,0.008794363
0,0,0.04108605
0,0,0.022797639
0,0,0.004201278
0,0,0.040813617
1,1,0.9999976
0,0,0.07459456
0,0,0.075336136
0,0,0.1354269
0,0,0.07451216
0,0,0.0037416182
0,0,0.0029838458
0,0,0.039120976
0,0,0.041861817
0,0,0.0022995379
0,0,0.39915013
0,0,0.12699324
0,0,0.005835118
0,0,0.035725854
0,0,0.45576206
0,0,0.12412021
0,0,0.037451774
1,1,0.61373174
0,0,0.28511068
0,0,0.118315704
0,0,0.352708
0,0,0.06830717
1,1,0.9999981
0,0,0.05286454
0,0,0.01575174
0,0,0.20279981
0,0,0.03571764
0,0,0.01411088
0,0,0.0069255047
0,0,0.24350749
0,0,0.007984557
0,0,0.09144987
0,0,0.00760678
0,0,0.032315705
0,0,0.01607152
0,0,0.0076367436
0,0,0.026394341
0,0,0.0079266615
1,0,0.3094348
0,0,0.019941142
0,0,0.0049051265
0,0,0.011656164
0,0,0.074446656
0,0,0.0347473
0,0,0.06472842
1,1,0.8650421
0,1,0.50869244
1,1,0.99999714
0,0,0.07763543
0,0,0.011917565
1,1,0.9999987
0,0,0.24703445
0,0,0.00955134
0,1,0.5133907
0,0,0.025043305
0,0,0.00014543663
0,0,0.02701018
0,1,0.5300659
0,0,0.0055878735
1,1,0.99999833
1,1,0.99999833
0,0,0.019542025
0,0,0.00010991837
0,0,0.043147452
0,0,0.09877953
0,0,0.009828682
0,0,0.049001902
0,0,0.093432024
0,0,0.47037482
0,0,0.025104703
0,0,0.008256434
0,0,0.37533453
0,0,0.05019239
0,0,0.027361909
0,0,6.407943e-05
0,0,0.016357604
0,0,0.0008339289
0,0,0.08760406
0,0,0.09738968
0,0,0.020766867
0,0,0.011920654
0,0,0.078061834
0,0,0.44705915
0,0,0.0047045997
0,0,0.08230045
1,0,0.33001688
0,0,0.010081236
0,0,0.016518343
0,0,0.0064836973
0,0,0.0027939926
0,0,0.004778838
0,0,0.019069748
0,0,0.48861012
0,0,0.05948356
0,0,0.035667956
1,1,0.99546635
0,0,0.03917649
0,0,0.046029065
0,0,0.0024038272
0,0,0.08851301
0,0,0.11683991
1,1,0.5376495
1,1,0.9015405
0,0,0.009409536
0,0,0.011590914
0,0,0.015432308
0,0,0.016938789
0,0,0.1890802
0,0,0.0019027829
0,0,0.0057797367
1,1,0.9999987
0,0,0.004001333
0,0,0.025994843
0,0,0.0006262237
0,0,0.21474597
0,0,0.06403007
0,0,0.021975247
0,0,0.17198072
1,1,0.99999833
0,0,0.041639496
0,0,0.042016357
0,0,0.021978512
0,0,0.00639538
0,0,0.00019372397
0,0,0.26234794
0,1,0.58728284
0,0,0.05733228
0,0,0.049967997
0,0,0.001686949
0,0,0.04339571
0,1,0.547762
0,0,0.36300844
0,0,0.022392185
0,0,0.052069366
0,0,0.1761419
0,0,0.0026223676
0,0,0.06171375
1,1,0.99999785
0,0,0.052770577
0,1,0.8342137
0,0,0.00991645
0,0,0.0024809064
0,0,0.03824178
0,0,0.1089555
0,0,0.0040940903
0,0,0.06127118
0,0,0.02946319
1,1,0.9999989
0,0,0.031473156
0,0,0.18471175
0,0,0.0035704444
0,0,0.04777075
0,0,0.024646519
0,0,0.24793303
0,0,0.27142426
0,0,0.0011804642
0,0,0.03538932
0,0,0.09781741
0,0,0.00019812904
1,1,0.9999976
0,0,0.010810822
0,0,0.00931461
0,0,0.024536226
0,0,0.13218038
0,0,0.20202391
0,0,0.0033245191
0,0,0.024228033
1,1,0.99999833
0,0,0.10388345
0,0,0.031788733
0,0,0.012472879
0,0,0.021041699
1,1,0.99999833
0,0,0.024144383
1,1,0.9999968
0,0,0.069465436
0,0,0.02666376
0,0,0.045915976
0,0,9.388904e-05
0,0,0.09547521
0,0,0.007784177
0,0,0.2787264
0,0,0.049404167
0,0,0.0032183058
0,0,0.09730379
0,0,0.014441655
1,0,0.14031245
0,0,0.012341749
0,0,0.08015329
0,0,0.0024042206
0,0,0.057271108
0,0,0.00563176
0,0,0.0014382859
1,1,0.97580326
0,0,0.096733704
1,1,0.9999981
0,0,0.008073508
0,0,0.05730823
0,0,0.0013998615
0,0,0.05394451
0,0,0.0110467775
0,0,0.12858275
0,0,0.32795334
0,0,0.07403704
0,0,0.039867833
0,0,0.01638836
0,0,0.0113307275
0,0,0.018918479
0,0,0.01170065
0,0,0.046964288
0,0,0.18402018
0,0,0.061637
0,0,0.14106135
0,0,0.0053343754
0,0,0.000114752795
0,0,0.003554096
1,0,0.4329843
0,0,0.026382506
0,0,0.007143922
1,0,0.0055982377
1,1,0.9564693
0,0,0.028298065
0,0,0.01458031
0,0,0.010044737
0,0,0.027337365
0,0,0.061472226
0,0,0.0040952866
0,0,0.0035053634
0,0,0.059077222
0,0,0.045889515
1,1,0.99832994
0,0,0.070360966
0,0,0.0003984018
0,0,0.27671432
0,0,0.02645943
1,1,0.9999976
0,0,0.2209836
1,1,0.9674673
0,0,0.03402699
0,0,0.10646766
0,0,0.00034623034
0,0,0.013890637
0,0,0.19493474
0,0,0.004889448
0,0,0.052495636
0,0,0.06791687
0,0,0.030310914
0,0,0.0077195745
1,1,0.7771149
0,0,0.00048292457
0,0,0.012045236
0,0,0.22760648
0,0,0.069570385
0,0,0.031914234
0,0,0.33557615
1,1,0.9954384
0,0,0.018483555
0,0,0.013585338
0,0,0.02151965
0,0,0.09143529
0,0,0.0005239922
0,0,0.027042534
0,0,0.06157975
1,0,0.30958435
0,0,0.03324648
0,0,0.025153622
0,0,0.06157026
0,0,0.017828522
0,0,0.06650063
0,0,0.0007536182
0,0,0.13626103
0,0,0.19077052
1,1,0.999
0,0,0.00065425126
0,0,0.017939122
0,0,0.013214569
0,0,0.36520734
0,0,0.002715351
0,0,0.103939965
1,1,0.9181469
0,0,0.29479438
0,0,0.0022149675
0,0,0.0027917298
0,0,0.014949944
0,0,0.01637572
0,0,0.06790513
0,0,0.013964204
0,0,0.107222795
0,0,0.3635321
1,1,0.9999976
0,0,0.027406368
0,0,0.000823556
0,0,0.03163603
0,0,0.004492906
0,0,0.041737974
0,0,0.16945708
1,1,0.9863153
0,0,0.0090187285
0,0,0.0030113969
0,0,0.15597044
0,0,0.030404914
0,0,0.007490936
0,0,0.029871944
0,0,0.27671432
0,0,0.022010025
0,0,0.008194019
0,0,0.008653475
0,0,0.00022953386
0,0,0.028134845
0,0,0.26382297
0,0,0.19190809
0,0,0.41016078
1,1,0.89832985
0,0,0.0025599175
0,0,0.012953781
0,0,0.0066223023
0,0,0.0010873113
0,0,0.0019537078
0,0,0.018190429
0,0,0.43780845
0,0,0.0994141
0,0,0.24735002
0,0,0.020569732
0,0,0.018178562
0,0,0.062236115
0,0,0.017806951
1,1,0.99999785
1,0,0.23869586
1,1,0.9999976
0,0,0.028186642
0,0,0.01866939
0,0,0.00030064388
0,1,0.5474568
0,0,0.002281727
1,1,0.99999774
0,0,0.20827267
0,0,0.03391715
0,0,0.0015100786
1,1,0.99999833
1,1,0.99786264
0,0,0.0017605333
0,0,0.05669932
0,0,0.075657256
0,0,0.0034861614
0,0,0.217227
1,1,0.9999987
0,0,0.00021802013
1,1,0.98219436
1,1,0.99999833
0,0,0.027176522
0,0,0.40958855
0,0,0.019214606
0,0,0.04108605
1,0,0.26645136
0,0,0.1145548
0,0,0.0020801579
0,0,0.009759173
0,0,0.005767411
0,0,0.004153523
0,0,0.019380823
0,0,0.083661295
0,0,0.0001254511
0,0,0.008280118
0,0,0.009683784
0,0,0.040666956
0,0,0.052886415
0,0,0.017573664
0,0,0.03150418
0,0,0.17289387
1,0,0.051749036
0,0,0.04880301
0,0,0.024526915
0,0,9.7997494e-05
0,0,0.2259473
1,1,0.9999976
0,0,0.032848317
0,0,0.058426924
0,0,0.0069215633
0,0,0.08767904
0,0,0.008947996
0,0,0.081489004
0,0,0.0131626
0,0,0.046974257
0,0,0.0022099477
0,0,0.23830059
0,0,0.045753606
0,0,0.0053437524
0,0,0.001969848
0,0,0.15482841
0,0,0.11079517
0,0,0.0801503
0,0,0.042463224
0,0,0.08372166
0,0,0.046858862
0,1,0.74094725
0,0,0.019287182
0,0,0.006133475
1,1,0.96010906
0,0,0.102071665
0,0,0.004763833
1,1,0.9999987
1,0,0.035678748
0,0,0.00761693
0,0,0.14719352
0,0,0.00056559476
0,0,0.013245089
0,0,0.010717459
0,0,0.10938948
0,0,0.022405088
0,0,0.018939963
1,1,0.67491144
0,0,0.04241506
0,0,0.061735936
0,0,0.0048338994
0,0,0.013760862
0,0,0.0026130565
0,0,0.11859699
0,0,0.1729283
1,1,0.58728284
0,0,0.0924276
0,0,0.036255736
1,1,0.9999976
0,0,0.111089475
0,0,0.0068520242
1,1,0.9999987
0,0,0.103087306
0,0,0.4685477
0,0,0.022195997
1,1,0.99999833
0,1,0.58728284
0,0,0.031420995
0,0,0.0005798551
0,0,0.33394253
0,0,0.0668731
0,0,0.06598336
0,0,0.0052249515
1,0,0.21806717
0,0,0.041742053
0,0,0.26989308
1,1,0.98123574
0,0,0.048239507
0,0,0.049702816
0,0,0.07867322
0,0,0.00084661087
0,0,0.0003867226
0,1,0.53039616
0,0,0.067314915
0,0,0.0020081582
0,0,0.016451022
0,0,0.09006712
0,0,0.001546446
0,0,0.30498776
0,1,0.70816684
1,1,0.9999144
1,1,0.9999207
0,0,0.38351247
0,0,0.20595568
0,0,0.04819457
0,0,0.0036118445
0,0,0.024801252
0,0,0.09490869
0,0,0.0018132197
0,0,0.006432587
0,0,0.028529393
0,0,0.187209
0,0,0.07438154
0,0,0.013622232
0,0,0.03571764
1,1,0.9673313
0,1,0.59285337
0,0,0.012824075
0,1,0.5560515
0,0,0.0022987712
0,0,0.0651682
0,0,0.021978568
1,1,0.99999833
1,1,0.9999989
0,0,0.02964111
0,0,0.00031487984
0,0,0.08520203
0,0,0.008745401
0,0,0.108658336
0,0,0.004037635
1,1,0.99997365
0,0,0.0015845342
1,1,0.9999976
0,0,0.06611404
0,0,0.0038317335
0,0,0.0021054717
0,0,0.016908031
1,0,0.14046125
0,0,0.05462494
0,0,0.47257474
0,0,0.029624507
0,0,0.08092795
0,0,0.025696183
0,0,0.019568507
0,0,0.046386074
1,1,0.9999988
1,1,0.99999845
0,0,0.06498259
0,0,0.01440361
0,0,0.085888155
0,0,0.0018700581
0,0,0.018374441
0,0,0.018037789
0,0,0.06472842
0,0,0.002820603
0,0,0.00023123468
0,0,0.0078705195
0,0,0.021770796
1,1,0.977834
0,0,0.035083897
1,1,0.99999857
0,0,0.1879476
0,0,0.01340412
0,0,0.022835629
1,1,0.99999833
0,0,0.005897249
0,0,0.21176182
0,0,0.035882723
0,0,0.03852841
0,0,0.038678337
0,0,0.0012790626
0,0,0.029210273
0,0,0.017276092
0,0,0.012134971
0,0,0.004203036
1,1,0.9999987
0,0,0.009123715
0,0,0.026006224
0,0,0.029909292
1,1,0.9999976
0,0,0.22340901
0,0,0.0010273071
0,0,0.07723775
0,0,0.012710969
0,0,0.045697406
0,0,0.08724498
0,0,0.031105785
0,0,0.33179379
0,0,0.01715625
0,0,0.038315527
1,1,0.96159583
0,0,0.137944
1,1,0.60696316
0,0,0.28307015
1,1,0.9999988
0,0,0.24459273
0,0,0.072334774
0,0,0.023625294
0,0,0.00993163
0,0,0.04908827
0,0,0.0647834
0,0,0.032186963
0,0,0.010235966
0,0,0.20583817
0,0,0.0015877225
0,0,0.3948684
0,0,0.09425199
0,0,0.4685477
0,0,0.33555838
0,0,0.032427847
0,0,0.0019285043
1,1,0.9897125
1,1,0.9999976
0,0,0.06717196
0,0,0.16034228
0,0,0.44348118
0,0,0.033307504
0,0,0.03761906
0,0,0.000487314
0,0,0.013607459
0,0,0.07250731
0,0,0.39066067
0,0,0.0781769
1,1,0.99999845
0,0,0.06127085
0,0,0.12888347
1,1,0.99999774
0,0,0.0004896879
0,0,0.0056837695
0,0,0.089707576
0,0,0.0020851444
1,1,0.9999987
1,1,0.5982833
1,0,0.26839325
0,0,0.0013715808
0,0,0.10407172
0,0,0.033544134
1,1,0.99477947
1,1,0.9999987
0,1,0.5431256
0,0,0.01294585
0,0,0.008012608
0,0,0.00572379
0,0,0.0029062252
0,0,0.0110911755
0,0,0.0014985007
0,0,0.31637284
0,0,0.15295328
0,0,0.032224637
1,0,0.37732318
0,1,0.58728284
0,0,0.035578504
0,0,0.042859454
0,0,0.0051580886
0,0,0.00036718434
0,0,0.0060026622
0,0,0.4785157
0,0,0.012422866
0,0,0.015938707
0,0,0.0093027055
0,0,0.0051194723
0,1,0.50422245
0,0,0.010437854
0,0,0.07060223
0,0,0.17479892
0,0,0.037306674
1,1,0.9999976
1,1,0.99999833
0,0,0.048724465
0,0,0.023867963
1,1,0.99999785
0,0,0.009684282
0,0,0.0372936
0,0,0.04277775
0,0,0.48866123
0,0,0.0016741243
0,0,0.03682024
0,0,0.32128552
0,0,0.006166306
1,1,0.99982256
1,1,0.9658164
0,0,0.005096986
0,0,0.06463535
0,0,0.027156342
0,0,0.12575507
0,0,0.031834114
0,0,0.23253007
0,0,0.023330916
0,0,0.06882519
1,1,0.9999988
0,0,0.06496191
0,0,0.04358039
0,0,0.009814844
0,0,0.056120917
0,0,0.00030582034
0,0,0.031777255
1,1,0.90566117
0,0,0.33693203
0,0,0.11413276
0,0,0.012766932
0,0,0.0144555345
0,0,0.27154243
0,0,0.00029015393
0,0,0.0061571486
0,0,0.10275823
0,0,0.006717056
0,0,0.0049855663
0,0,0.022499513
0,0,0.006919964
0,0,0.33481672
0,0,0.0009534373
0,0,0.024946753
0,0,0.15661103
0,0,0.0092488425
0,0,0.060084626
0,0,0.02069802
1,1,0.98965853
0,0,0.017426899
0,0,0.047144737
0,0,0.004380602
1,1,0.9999988
0,0,0.2997222
1,1,0.9999988
0,0,0.00084428594
0,0,0.15055013
0,0,0.0069569102
0,0,0.08693015
0,0,0.00049786654
0,0,0.0018761693
0,0,0.1910643
0,0,0.0069525335
0,0,0.020263776
0,0,0.023920206
0,0,0.015671967
0,0,0.03429788
0,0,0.089729264
0,0,0.0090324655
0,0,0.0033305378
0,0,0.02414208
1,1,0.9455927
0,0,0.00816613
1,1,0.77380264
0,0,0.039805137
0,0,0.2091487
0,0,0.09382802
0,0,0.009368282
0,0,0.0032453297
1,1,0.9999987
0,0,0.01369264
0,0,0.0049100653
0,0,0.0028136724
0,0,0.077131785
1,1,0.999998
1,1,0.9999976
0,0,0.117895365
1,1,0.99999857
0,0,0.10516518
1,1,0.99999833
0,0,0.04957363
0,0,0.07354745
0,0,0.012902278
0,0,0.013270278
0,0,0.10257788
1,1,0.986225
1,1,0.99999833
0,0,0.00055480795
1,1,0.99999785
0,0,0.005612939
0,0,0.0051559946
1,1,0.77215195
0,0,0.05067501
0,0,0.019920092
0,0,0.0021425905
0,0,0.01567493
0,0,0.013756526
0,0,0.055869263
0,0,0.016328031
0,0,0.011880272
0,0,0.0054540164
0,0,0.0044576875
1,1,0.98918414
0,0,0.024617553
0,0,0.046991047
1,0,0.47037482
0,0,0.39111173
0,0,0.00045894858
0,0,0.068091616
0,0,0.004238809
0,0,0.088317275
0,0,0.11240586
1,1,0.99999857
0,0,0.036524564
0,0,0.0072861104
0,0,0.09611539
0,0,0.059195884
0,0,0.0626266
0,0,0.005311293
0,0,0.09052916
0,0,0.011671367
0,0,0.027035618
0,0,0.47440356
0,0,0.076972455
0,0,0.027701667
1,1,0.99999654
0,0,0.02595265
0,0,0.011679924
0,0,0.4205306
1,1,0.9999988
0,0,0.006744105
0,0,0.00088070944
1,0,0.40958855
0,0,0.19653286
0,0,0.01737314
1,1,0.9762222
0,0,0.065398596
0,0,0.010872873
0,0,0.055417635
0,0,0.0072895363
0,0,0.028622286
1,1,0.99999857
1,1,0.999998
0,0,0.02484932
1,1,0.99999845
0,0,0.27671432
0,0,0.0629694
0,0,0.2997222
1,1,0.9999988
0,0,0.4037698
0,0,0.029968863
0,0,0.005332456
0,0,0.2432758
0,0,0.058360003
0,0,0.046788014
1,1,0.9999988
1,1,0.9999988
0,0,9.7564945e-05
0,0,0.010035258
0,0,0.3900317
1,1,0.99999833
0,0,0.007992405
0,0,0.119319916
0,1,0.6284136
0,0,0.14776552
0,0,0.22454287
0,0,0.03472533
0,0,0.022298278
0,0,0.34463882
0,0,0.0034820375
0,0,0.23655881
0,0,0.018616857
1,1,0.9999988
0,0,0.15604877
0,0,0.0013771161
1,1,0.9978617
0,0,0.021281928
0,0,0.0038448207
0,0,0.14236763
0,0,0.009492893
0,1,0.5300659
0,0,0.15770188
1,1,0.9930275
0,0,0.11023106
0,0,0.013091722
0,0,0.052724976
1,1,0.9999491
0,0,0.030355128
1,0,0.052660745
0,0,0.044555556
0,0,0.03511863
0,0,0.0014266104
0,0,0.2450191
0,0,0.0042204144
0,0,0.007089947
0,0,0.00010749031
0,0,0.31312072
0,0,0.0072526326
0,0,0.3845351
1,1,0.99999785
0,0,0.01440254
0,0,0.037548147
0,0,0.28608936
0,0,0.0011278372
0,0,0.013071603
0,0,0.30602202
0,0,0.0074902773
0,0,0.0020996642
0,0,0.013659951
0,0,0.21936543
0,0,0.03226218
0,0,0.16730112
0,0,0.011539457
0,0,0.011396705
0,0,0.01327886
0,0,0.0039814455
0,0,0.019675361
0,0,0.10515723
0,0,0.020417817
0,0,0.07935662
0,0,0.0014021671
0,0,0.011389262
0,0,0.100023195
0,1,0.64081806
0,0,0.01527282
0,0,0.05840032
0,0,0.012602465
0,0,0.024621641
1,1,0.99839574
0,0,0.17391631
0,0,0.00037479456
1,1,0.8997396
1,1,0.9999213
1,1,0.96892244
0,0,0.06572399
1,1,0.9999968
1,0,0.19260892
0,0,0.49871406
0,0,0.006431152
0,0,0.031551726
0,0,0.0077902675
0,0,0.06283047
0,0,0.2296117
0,0,0.036314823
0,0,0.08220792
0,0,0.010719208
0,0,0.008873439
1,1,0.99995303
1,1,0.9999987
0,0,0.0010904642
0,0,0.010060876
0,0,0.063036986
0,0,0.07100872
0,0,0.0039098994
0,0,0.2466945
0,0,0.001659722
0,1,0.53967696
0,1,0.69743586
0,0,0.07209104
0,0,7.4813615e-05
0,0,0.0429951
0,0,0.07181571
0,0,0.04532194
0,0,0.014244558
0,0,0.47257474
0,0,0.07679541
0,0,0.008509834
0,0,0.043981984
0,0,0.0052363398
0,0,0.026768716
0,0,0.018842552
0,0,0.006987571
0,0,0.01128934
0,0,0.011853701
0,0,0.0101955095
0,0,0.0027148603
0,0,0.0016446547
1,1,0.99999833
0,0,0.005820048
0,0,0.00019825205
0,0,0.043631937
0,0,0.019629546
0,0,0.017134225
0,0,0.039216965
0,0,0.15999945
0,0,0.0001302321
1,1,0.9999987
1,1,0.9720142
1,1,0.90228087
0,0,0.021703416
0,0,0.055464607
0,0,0.07395887
0,0,0.2893049
1,1,0.9962261
1,1,0.98743033
0,0,0.016115118
0,0,0.008238393
0,1,0.5300659
1,1,0.95954806
0,0,0.06206959
0,0,0.003060753
0,0,0.27671432
0,0,0.059255145
0,0,0.033533763
0,0,0.009401339
1,1,0.86149055
0,0,0.026163593
0,0,0.022771085
0,0,0.09035743
0,0,7.499705e-05
0,0,0.040824264
0,0,0.0004513328
0,0,0.46376315
0,0,0.033493336
1,1,0.9999987
0,0,0.00018537222
0,0,0.075561754
0,0,0.0410431
1,1,0.99999833
0,0,0.03858968
0,0,0.3544019
0,0,0.00064229575
0,0,0.0032326258
0,0,0.0816652
1,1,0.96972924
0,0,0.0752843
0,0,0.18493156
0,0,0.43741563
0,0,0.0043723076
0,0,0.04445483
0,0,0.0895028
0,0,0.14675629
0,0,0.020766867
0,0,0.0060310205
0,0,0.021912947
0,0,0.13910699
0,0,0.27671432
1,1,0.9999919
0,0,0.32766557
1,1,0.9999987
1,1,0.99999833
1,1,0.99140257
1,1,0.999998
0,0,0.0019051987
0,0,0.012374527
1,0,0.3377492
0,0,0.004289391
0,0,0.07454544
0,0,0.0019640108
0,0,0.0077030174
0,0,0.005652941
0,0,0.04864696
0,0,0.02095221
0,0,0.011838798
1,1,0.99577904
0,0,0.28877464
0,0,0.48504877
1,1,0.9999951
0,0,0.048404355
0,0,0.06380645
0,0,0.013856407
0,0,0.11982423
1,1,0.9999988
0,0,0.009697466
0,0,0.026946515
0,0,0.08538136
0,0,0.04597755
0,0,0.010251418
0,1,0.58728284
0,0,0.040400196
0,0,0.36520734
0,0,0.06302437
0,0,0.13189718
0,0,0.0114508085
0,0,0.08978211
0,0,0.049253218
0,0,0.038327087
0,0,0.12760468
0,0,0.005194957
0,0,0.0057281195
1,0,0.40958855
1,1,0.9999976
1,1,0.9957373
1,1,0.97156245
0,0,0.02285642
0,0,0.050590612
0,0,0.37069348
0,0,0.0034675484
1,1,0.9999976
1,1,0.99999833
0,0,0.020766867
0,0,0.03797917
1,1,0.99999774
0,0,0.0054369285
0,0,0.003612821
0,0,0.019652082
1,0,0.2663284
1,1,0.9401576
0,0,0.022013301
0,0,0.04176113
0,0,0.1677857
1,1,0.99999845
0,0,0.024678066
0,0,0.0040570633
0,0,0.19079551
0,0,0.0088670375
0,0,0.042243306
0,0,0.0055258414
0,0,0.00873945
0,0,0.088723734
0,0,0.008503114
0,0,0.052156422
1,1,0.9999987
0,0,0.0018867045
0,0,0.035690308
0,0,0.00022107064
0,0,0.01227723
0,0,0.017197683
0,1,0.5179627
0,0,0.047598172
1,1,0.99999857
0,0,3.898268e-05
0,0,0.0058785016
0,0,0.012691798
0,0,0.47257474
0,0,0.34546486
0,0,0.030289568
0,0,0.035561442
0,0,0.004238809
0,0,0.13246371
0,0,0.0034035973
1,1,0.8283359
0,0,0.0072109145
1,1,0.99999833
1,1,0.99999833
0,0,0.0036424447
0,0,0.010922131
0,0,0.0017231937
0,0,0.0059183245
0,0,0.00019208314
0,0,0.0013538998
0,0,0.024637684
0,0,0.013329587
0,0,0.1728911
0,0,0.23561388
0,0,0.0019377853
1,1,0.9999976
1,1,0.99999785
0,0,0.004348693
0,0,0.025306778
0,0,0.0046264143
1,1,0.99990547
0,0,0.0032333282
1,1,0.999998
1,1,0.9999987
0,0,0.08854623
0,0,0.014628387
0,0,0.13028206
0,0,0.011355235
0,0,0.014843986
1,1,0.8019991
0,0,0.005120325
0,0,0.0044761524
0,0,0.00621676
0,0,0.24601634
0,0,0.009468882
0,0,0.06603271
1,1,0.9999988
0,0,0.011252255
0,1,0.7073549
1,1,0.62128013
0,0,0.0021425905
0,0,0.07918247
0,0,0.0114580225
0,0,0.038952895
0,0,0.23888327
0,0,0.05873239
0,0,0.00048450002
0,0,0.18404216
1,1,0.99999774
0,0,0.00026486843
0,0,0.0046175276
0,0,0.008547123
0,0,0.47037482
0,0,0.038509946
0,0,0.15450425
0,0,0.0010279318
0,0,0.0028696873
0,0,0.37069348
0,0,0.1752321
0,0,0.0220565
0,0,0.17077257
0,0,0.0011053813
1,1,0.6233991
1,0,0.4131849
0,0,0.00071824534
0,0,0.21523486
0,0,0.0025736208
0,0,0.0003705934
0,0,0.13838272
0,0,0.087687664
0,0,0.0010832275
0,0,0.47257474
1,1,0.99801564
0,0,0.00018156796
0,0,0.05395129
0,0,0.015009221
1,1,0.999998
1,1,0.9999976
0,0,0.0125124445
1,1,0.999998
0,0,0.052666612
0,0,0.029394839
0,0,0.032799177
0,0,0.00036804398
0,0,0.003972547
0,0,0.014195588
0,0,0.41350317
0,0,0.14187062
1,1,0.9999119
0,0,0.044234872
0,0,0.27299112
0,0,0.14332084
0,0,0.12735455
0,0,0.22331081
0,0,0.065019414
0,0,0.046906814
0,0,0.004315856
0,0,0.008250057
0,0,0.17003806
0,0,0.013765599
0,0,0.058721803
0,0,0.10076223
0,0,0.0023742206
0,0,0.0049901926
0,0,0.25208268
0,0,0.013170077
0,0,0.04146649
0,0,0.0064088413
1,1,0.9999144
0,0,0.15504171
0,0,0.3162096
0,0,0.05195664
1,1,0.9999976
0,0,0.08595912
0,0,0.007198049
0,0,0.06549471
0,0,0.07126618
1,1,0.9613662
0,0,0.00079149683
0,0,0.1145548
0,0,0.17947589
0,0,0.009607451
0,0,0.13900495
0,0,0.0012722798
0,0,0.0011502589
0,0,0.003936983
0,0,0.04864855
1,1,0.99999785
0,0,0.008971114
0,0,0.0060027395
0,0,0.0043422664
0,0,0.0054168794
0,0,0.005700575
0,0,0.29454172
0,1,0.512079
0,0,0.025797337
0,0,0.012162417
0,0,0.18165345
0,0,0.008092015
0,0,0.016852228
1,1,0.96043915
0,0,0.0012046535
0,0,0.019851565
0,0,0.029591223
1,1,0.9999988
0,0,0.11189415
1,1,0.9999987
0,0,0.011056711
0,0,0.005597498
0,0,0.070867345
0,0,0.010249328
0,0,0.010821001
0,0,0.01639202
0,0,0.086536944
1,1,0.9401576
0,0,0.041083235
0,0,0.089978434
0,0,0.065248646
0,0,0.09232552
0,0,7.0266804e-05
0,0,0.026725778
0,0,0.43069717
0,0,0.0013915024
0,0,0.002081107
1,1,0.9534119
0,0,0.013051509
0,0,0.0004155209
0,0,0.45576206
0,0,0.042817198
0,0,0.09273796
0,0,0.41578484
1,1,0.9999987
0,0,0.023570448
0,0,0.013892225
0,0,0.022725847
0,0,0.006091286
0,0,0.008052099
0,0,0.121093445
0,0,0.0036139556
0,0,0.33092123
0,0,0.3822483
0,0,0.010392114
0,0,0.03992841
0,0,0.00081410323
0,0,0.2913562
0,0,0.04280466
0,0,0.013427068
0,0,0.049472027
0,0,0.2441393
1,1,0.99999833
0,0,0.36520734
0,0,0.009725036
0,1,0.57948846
0,0,0.18032627
1,1,0.99999774
0,0,0.0073382226
0,0,0.33093867
0,0,0.01428938
0,0,0.014025264
0,0,0.086224824
0,0,0.068396546
0,1,0.5016777
0,0,0.008674489
0,0,0.009585045
1,1,0.71999496
0,0,0.10328691
0,0,0.007739877
0,1,0.5294677
1,0,0.46651366
1,1,0.9999976
0,0,0.00091089495
0,0,0.40958855
0,0,0.13538204
0,0,0.017424442
0,0,0.0034278312
0,0,0.029705545
0,0,0.07182089
0,0,0.003733256
0,0,0.10983207
0,0,0.47257474
0,0,0.07132094
1,1,0.9999987
0,0,0.26049277
0,0,0.0030774113
0,0,0.05589553
0,0,0.0023337533
0,0,0.0018479755
0,0,0.036353063
0,0,0.014757954
0,0,0.00029189416
1,1,0.6539645
0,0,0.28351262
0,0,0.008168131
0,0,0.09689163
1,1,0.9999987
0,0,0.022228403
1,1,0.99999774
0,0,0.0035669736
0,0,0.45024663
0,0,0.0052105766
0,0,0.078079455
0,0,0.074457265
0,0,0.00983032
0,0,0.040561695
0,0,0.003427248
0,0,0.2922438
0,0,0.008071378
0,0,0.042859454
0,0,0.019652082
0,0,0.0036394554
0,0,0.12153311
0,0,0.012938486
0,0,0.07055096
1,1,0.99999833
0,0,0.0005023197
0,0,0.024598788
0,0,0.0144298235
0,0,0.21356773
0,0,0.011159825
0,0,0.0062862346
0,0,0.07871507
0,0,0.00023976067
0,0,0.03360432
1,1,0.98123574
0,0,0.019459242
0,0,0.030809524
0,0,0.002132079
0,0,0.020982133
0,0,0.0678979
0,0,0.017545769
0,0,0.017932016
0,0,0.09876387
0,0,0.015257002
0,0,0.08453874
0,0,0.024039473
0,0,0.11386535
0,0,0.009606617
0,0,0.006662055
1,1,0.53418475
0,0,0.011227921
1,1,0.99647397
0,0,0.017130146
0,0,0.17482843
0,0,0.018271685
0,0,0.015713625
0,0,0.013249758
0,0,0.0009465809
0,0,0.022671744
0,0,0.037789196
0,0,0.011860355
0,0,0.028237991
0,0,0.040763877
0,0,0.008289301
0,0,0.2070855
0,0,0.0075215152
0,0,0.032551076
0,0,0.20699286
1,1,0.9999981
0,0,0.014328273
0,0,0.019716179
0,0,0.3286117
0,0,0.20868388
0,0,0.012763621
0,0,0.029204337
0,0,0.21815968
0,0,0.18479145
0,0,0.0018574409
0,0,0.26585442
0,0,0.07608118
0,0,0.08430424
0,0,0.018860534
0,0,0.1483906
0,0,0.07495103
0,0,0.016284235
0,0,0.033160165
0,0,0.019353207
0,0,0.16765043
0,0,0.026919343
0,0,0.08929456
0,0,0.0070591215
1,0,0.28056678
0,0,0.4624268
0,0,0.030636784
0,0,0.0014836397
0,0,0.0074006813
0,0,0.03651514
0,0,0.04134691
0,0,0.0018988639
0,0,0.013133349
0,1,0.5512424
0,0,0.021397674
0,0,0.012374527
0,0,0.016607868
0,0,0.002707684
0,0,0.0076354975
0,0,0.0076213363
1,1,0.9999665
0,0,0.019782094
0,0,0.00034108345
0,0,0.051406696
0,0,0.2734059
0,0,0.17261341
0,0,0.005650106
1,1,0.9999976
1,0,0.09576006
1,1,0.9904907
1,1,0.9984195
0,0,0.0049156644
0,0,0.00041201126
0,0,0.024794586
0,0,0.035890914
1,1,0.9999976
0,0,0.002086414
0,0,0.011048939
0,0,0.037340794
0,0,0.08040244
0,0,0.026181683
0,0,0.030160157
0,0,0.15036432
0,0,0.13419466
0,0,0.15383723
0,0,0.014208307
0,0,0.15545902
0,0,0.0615125
0,0,0.05278992
0,0,0.05766789
0,0,0.01666518
0,0,0.029106842
0,0,0.025206227
0,0,0.0074404697
0,0,0.025471332
0,0,0.2678655
0,0,0.00068151526
0,0,0.021963788
0,0,0.10978952
0,0,0.12410699
0,0,0.049118493
0,0,0.014682557
0,0,0.031801496
0,0,0.010946906
1,1,0.9999976
0,0,0.028553905
0,0,0.011269134
0,0,0.026946092
0,0,0.011875783
1,1,0.9999987
0,0,0.028217286
0,0,0.00093033514
0,0,0.10911565
1,1,0.9996741
1,1,0.9999976
0,0,0.10197089
1,1,0.5484124
0,0,0.037304036
0,0,0.05377067
0,0,0.10608552
0,0,0.042390857
0,0,0.03370003
0,0,0.11664793
0,0,0.015554954
0,0,0.02222291
0,0,0.0049981424
0,0,0.13831085
0,0,0.007077048
0,0,0.16022298
1,1,0.9999906
0,0,0.4776029
0,0,0.037304036
0,0,0.00019215806
0,0,0.19684881
0,0,0.063017964
0,0,0.0037301534
1,1,0.9681023
0,0,0.40796584
0,0,0.05332154
0,0,0.055662997
0,0,0.00035651255
0,0,0.15164475
0,0,0.0052556796
0,0,0.07172549
0,0,0.0031205025
0,0,0.0023957517
0,0,0.0051110177
1,1,0.7159331
0,0,0.06604169
0,0,0.027865859
0,0,0.15593071
0,0,0.0125066135
0,0,0.0094594415
1,1,0.99999774
1,0,0.49174333
1,0,0.17231397
0,1,0.7089417
0,0,0.027166521
0,0,0.0035667194
0,0,0.012367908
0,0,0.0027478714
0,0,0.064616516
0,0,0.16060309
1,1,0.5411886
0,0,0.0029729824
1,1,0.9999976
0,0,0.015090796
1,1,0.9840443
1,1,0.9999987
0,0,0.22560002
0,0,0.16750228
0,0,0.018619489
0,0,0.0174193
0,0,0.009661799
0,0,0.07699929
1,0,0.2823892
0,0,0.0056846156
0,0,0.020793855
1,0,0.25895056
0,0,0.028732024
0,0,0.07771897
0,0,0.045455772
0,0,0.03663419
0,0,0.14140786
0,0,0.19436699
0,0,0.006036886
0,0,0.046468183
0,0,0.07651021
0,0,0.121521756
0,0,0.026880678
0,0,0.013825818
0,0,0.034719016
0,0,0.23631282
0,0,0.0072558085
1,0,0.25484326
0,0,0.21284004
0,0,0.000291949
0,0,0.05302464
0,0,0.014899105
0,0,0.0021520036
0,0,0.02491233
0,0,0.006786219
0,0,0.06380698
1,0,0.4728907
0,0,0.24583808
1,1,0.99140257
0,0,0.020828487
1,1,0.9999987
1,1,0.94528294
0,0,0.10090112
0,0,0.11065774
0,0,0.00026299423
0,0,0.12280472
0,0,0.06514569
0,0,0.14970252
0,0,0.0085081775
1,1,0.9999987
0,0,0.13642249
0,0,0.011051764
0,0,0.03227821
0,0,0.0013931904
0,0,0.21882303
0,0,0.0038402774
0,0,0.08192296
0,0,0.0030013565
0,0,0.02666222
0,0,0.095019326
0,0,0.017262504
0,0,0.015976707
0,0,0.039916396
0,0,0.30060947
1,1,0.52994394
0,0,0.07502917
0,0,0.013148919
0,0,0.23115307
0,0,0.0155303655
0,0,0.023920752
0,0,0.09031068
0,0,0.040949963
0,0,0.057574984
0,0,0.1640319
0,0,0.41350317
0,0,0.18218192
0,0,0.0017496146
0,0,0.23057652
0,0,0.0071763997
0,0,0.258982
0,0,0.0001254511
0,0,0.03571764
0,0,0.110707775
0,0,0.008111378
0,0,0.039490875
0,0,0.008096908
0,0,0.13470347
0,0,0.0011476148
0,0,0.121529475
0,0,0.036533978
0,0,0.023231503
1,1,0.9999976
0,0,0.16627224
1,1,0.99999833
0,0,0.039519038
0,0,0.043814085
0,0,0.09883581
0,0,0.08820391
0,0,0.07553779
0,0,0.015432308
0,1,0.5300659
0,0,0.016619008
1,1,0.9897344
0,0,0.0099033695
0,0,0.02209896
0,0,0.0119651
0,0,0.037588105
0,0,6.807104e-05
0,0,6.160946e-05
0,0,0.094004415
0,0,0.0012503084
0,0,0.0039244317
0,0,0.108599424
0,0,0.051723387
0,0,0.009911101
1,1,0.99996257
0,0,0.08496801
0,0,0.0034707515
0,0,0.035272095
0,0,0.23175296
0,0,0.07174725
1,1,0.99999845
0,0,0.21574344
0,0,0.0024564995
0,0,0.008461835
0,0,0.07109591
0,0,0.004969337
0,0,0.09425199
0,0,0.06113519
0,0,0.0047523146
0,0,0.095488414
0,0,0.13220051
1,1,0.99999774
0,0,0.022960441
0,0,0.040177997
1,1,0.99999833
0,0,0.16441157
0,0,0.014600898
0,0,0.0009136861
0,0,0.016468113
0,0,0.008743074
0,0,0.12178787
1,1,0.99999833
0,0,0.006778847
0,0,0.33179379
0,0,0.003908356
0,0,0.017794361
0,0,0.00017456082
0,0,5.564578e-05
0,0,0.06140785
1,1,0.99999833
0,0,0.29811838
0,0,0.003394784
0,0,0.04906464
0,0,0.029257929
0,0,0.101174556
0,0,0.18201652
0,0,0.0014880259
0,0,0.03571764
0,0,0.0018371075
0,0,0.010658996
0,1,0.5552534
0,0,0.00851894
0,0,0.18369041
0,0,0.087678544
1,1,0.9999988
0,0,0.07998148
1,1,0.99999774
0,0,0.006423926
0,0,0.014716253
0,0,0.007975339
0,0,0.11717736
0,0,0.06852644
0,0,0.09158837
0,0,0.009320138
1,1,0.9999144
0,0,0.175544
0,0,0.022111462
0,0,0.009167521
0,0,0.098283984
0,0,0.055522814
0,0,0.032467905
0,0,0.0061564106
0,0,0.063600525
0,0,0.4029922
0,0,0.011262255
0,0,0.029154312
0,0,0.010997347
0,0,0.017577494
0,0,0.013234629
0,0,0.0018554678
0,0,0.13066527
0,0,0.009207304
1,0,0.37240636
0,0,0.2261687
0,0,0.20914136
0,0,0.062094025
0,0,0.021179132
0,0,0.096085995
0,0,0.004541462
0,0,0.044518527
0,0,0.18042348
0,0,0.41350317
0,0,0.13141038
0,0,0.0074856416
0,0,0.0142803695
0,0,0.122478925
0,0,0.10820209
0,0,0.029167702
1,1,0.99999833
1,1,0.9894132
0,0,0.0045185806
0,0,0.031597707
1,1,0.99004245
0,0,0.04689488
0,0,0.007878261
0,0,0.02821309
0,0,0.122349106
0,0,0.0005538036
0,0,0.0028221055
0,0,0.028041383
0,0,0.004772794
1,1,0.99999857
0,0,0.108285606
0,0,0.10322415
0,0,0.0035147718
1,0,0.32630718
0,0,0.0510607
0,0,0.15486608
1,1,0.9999968
0,0,0.027073238
0,0,0.22303706
0,0,0.11043279
0,0,0.0010797149
0,0,0.0069255047
0,0,0.083596565
0,0,0.0006277311
0,0,0.029660264
0,0,0.011096062
0,0,0.0092978915
0,0,0.019164212
0,0,0.0018380126
0,0,0.16788134
0,0,0.03553809
0,0,0.04558608
0,0,0.019733641
0,0,0.2997222
0,0,0.08824255
0,0,0.09492647
0,0,0.112821415
0,0,0.013137699
1,0,0.22039385
0,0,0.0043725297
0,0,0.044450387
0,0,0.005933884
0,0,0.0028064717
0,0,0.0045852847
0,0,0.0020922548
0,0,0.0057451264
0,0,0.01132188
0,0,0.005964107
0,0,0.0650368
0,1,0.7130614
1,1,0.9999988
0,0,0.005846174
0,0,0.019265847
0,0,0.018914506
0,0,0.19283068
0,0,0.058580864
0,0,0.44206935
0,0,0.018335765
0,0,0.013653431
0,0,0.02049544
1,1,0.99999547
0,0,0.06325485
1,1,0.999992
0,0,0.06665112
0,0,0.014969984
0,0,0.033508323
0,0,0.0037601888
0,0,0.011690629
0,0,0.0022469223
0,0,0.15854315
0,0,0.010188015
1,1,0.6817323
0,0,0.018375387
0,0,0.02223216
0,0,0.1753831
1,1,0.98973805
0,0,0.47908303
0,0,0.0033812353
0,0,0.027005844
0,0,0.022545204
0,0,0.015166049
0,0,0.017729955
1,1,0.99999833
1,1,0.98722225
0,0,0.030959712
1,1,0.9149769
0,0,0.047773894
0,0,0.41811094
0,0,0.0028191053
0,0,0.09768568
0,0,0.006502082
0,0,0.2070855
0,0,0.065840974
0,0,0.04783444
0,0,0.027862998
0,1,0.50560915
0,0,0.14204672
0,0,0.0017049115
0,0,0.21064867
0,0,0.035878133
1,1,0.9999989
0,0,0.016306432
0,0,0.16127147
0,0,0.106350616
0,0,0.18768297
1,1,0.99999833
0,0,0.008398395
0,0,0.041027702
0,0,0.09918839
0,0,0.07679541
1,1,0.98123574
0,0,0.06951062
0,0,0.020237051
0,0,0.006296209
0,0,0.009645088
0,0,0.014065247
0,0,0.019405093
0,0,0.026016299
1,1,0.98428786
0,0,0.0043568
0,0,0.013266396
0,0,0.14185053
1,1,0.7098086
0,0,0.0018625009
0,0,0.11153768
0,0,0.1335044
0,0,0.4804614
0,0,0.020753112
1,1,0.99997914
0,1,0.661707
1,1,0.53069586
1,0,0.17953174
0,0,0.022935087
0,0,7.4358555e-05
0,0,0.034597803
0,0,0.0028198548
0,0,0.07944488
1,1,0.9182219
0,0,0.041032504
0,0,0.010969867
0,0,0.008413749
1,1,0.998541
0,0,0.037548147
0,0,0.18127753
1,1,0.9999207
0,0,0.03773044
1,1,0.99982125
0,0,0.00054162013
0,0,0.3607538
0,0,0.03301164
0,0,0.006851761
1,1,0.9999988
0,0,0.03474932
0,0,3.8994945e-05
0,0,0.03089485
0,0,0.418184
0,0,0.025136238
0,0,0.000622795
1,1,0.99546635
0,0,0.032961603
0,0,0.077001914
1,1,0.9999943
0,0,0.0009958574
0,0,0.0002329741
0,0,0.0020595137
0,0,0.072373234
0,0,0.36520734
0,0,0.019389665
0,0,0.082301795
0,0,0.010717337
0,0,0.014434185
0,0,0.00068417133
0,0,0.022422079
1,0,0.3799846
1,1,0.9999987
0,0,0.006330101
0,0,0.09696187
0,0,0.028164398
0,0,0.023171937
0,0,0.0185722
1,1,0.9999968
0,0,0.05662199
0,0,0.020545954
0,0,0.037435833
0,0,0.018126393
0,0,0.07048775
0,0,0.019760095
0,0,0.018821212
0,0,0.045110393
0,0,0.06300327
0,0,0.012114439
0,0,0.017777875
0,0,0.026092213
0,0,3.8613423e-05
0,0,0.018507788
1,1,0.6202539
0,0,0.00899347
1,1,0.83122045
0,0,0.29224116
0,0,0.001360332
0,0,0.007490671
0,0,0.0006220165
1,0,0.1850369
0,0,0.0005921786
1,1,0.8616985
1,1,0.99999833
0,0,0.003360366
0,0,0.038270306
0,0,0.072249316
0,0,0.023368083
0,0,0.4029922
0,0,0.0139903
0,0,0.0035895514
0,0,0.041334193
1,1,0.9999988
0,0,5.340799e-05
0,0,0.018119602
0,0,0.019532975
0,0,0.033709504
1,0,0.24726696
0,0,0.001664135
0,0,0.031771343
1,0,0.44348156
0,0,0.040861458
0,0,0.05376911
0,0,0.0020864992
0,0,0.09714634
1,1,0.93421066
0,0,0.020935541
0,0,0.0049203276
0,0,0.25777683
0,0,0.06618015
1,1,0.76409197
0,0,0.052700117
1,1,0.80288035
0,0,0.16655295
0,0,0.03541311
0,0,0.0136760855
0,0,0.056722008
0,0,0.002203605
0,0,0.13253173
1,1,0.99999833
0,0,0.103055805
0,0,0.081956595
0,1,0.5103542
0,0,0.123100534
0,0,0.122510076
0,0,0.04090913
0,0,0.08797814
0,0,0.02632798
0,0,0.016975392
0,0,0.0023107731
1,1,0.99999774
0,0,0.024640348
0,0,0.00646989
0,0,0.0015479805
0,0,0.028199006
0,0,0.018268913
0,0,0.32851323
0,1,0.58728284
1,1,0.97189754
0,0,0.0370538
0,0,0.0111109
0,0,0.0011678315
0,0,0.002503849
0,0,0.31636637
0,0,0.001472041
0,0,0.32913926
0,0,0.060616627
0,0,0.07989632
1,1,0.9900067
0,0,0.01245757
0,0,0.00021625293
0,0,0.02241661
0,0,0.024494257
0,0,0.11660543
0,0,0.4312901
0,0,0.01833804
0,0,4.7896614e-05
0,0,0.01182232
0,0,0.042045657
1,1,0.9999976
1,1,0.9999976
0,0,0.29841766
0,0,0.09131474
1,1,0.7336347
0,0,0.026387919
0,0,0.11403661
0,0,0.008879706
0,0,0.010025954
0,0,0.18360314
0,0,1.6840439e-05
0,0,0.008750048
0,0,0.023955012
0,0,0.03666274
0,0,0.033137348
1,1,0.99998844
1,1,0.9999987
0,0,0.24600127
1,1,0.7138542
0,0,0.0038939535
0,0,0.0001159828
0,0,0.021863934
0,0,0.191846
0,0,0.005049564
0,0,0.0018322226
0,0,0.082279325
1,0,0.100206114
0,0,0.013328271
0,0,0.011515138
1,1,0.99999833
1,1,0.9999976
1,1,0.9999976
0,0,0.16127147
0,0,0.4131297
0,0,0.014151615
0,0,0.10055592
0,0,0.0074741654
0,0,0.011242213
0,0,0.1773954
0,0,0.039381467
1,1,0.9999987
0,0,0.020776566
0,0,0.049387332
1,1,0.999159
0,0,0.050184432
0,0,0.06274048
0,0,0.09300144
0,0,0.043277074
0,0,0.017270384
0,0,0.016084118
0,0,0.16583568
0,0,0.035712477
0,0,0.007481622
0,0,0.036827426
0,0,0.03828477
0,0,0.0070723156
1,1,0.99999833
1,1,0.9999895
0,0,0.0013071023
0,0,0.024273438
0,0,0.03780557
0,0,0.0004097014
0,0,0.0029583063
0,0,0.069909126
1,1,0.9999989
0,1,0.5300659
0,0,0.11506123
0,0,0.3963706
0,0,0.051922217
0,0,0.09000954
0,0,0.05117016
0,0,0.004146055
0,0,0.01257127
0,0,0.0040620468
0,0,0.031314194
0,0,0.039867833
1,1,0.9999144
0,0,0.026984155
0,0,0.0759912
0,0,0.0008362795
1,1,0.70954794
0,0,0.012940039
0,0,0.08977701
0,0,0.0010419422
0,0,0.19928233
1,1,0.9999988
1,1,0.9837293
0,0,0.27997756
0,0,0.011609426
0,0,0.33394253
1,1,0.9999988
0,0,0.021785308
0,0,0.0531367
0,0,0.02704704
0,0,0.0042400085
0,0,0.070690215
0,0,0.03824798
1,1,0.99999833
0,0,0.0614216
0,0,0.0258182
0,0,0.0029358058
0,0,0.0027166114
1,1,0.9976025
0,0,0.010025429
1,1,0.9999981
0,0,0.15905723
1,1,0.99999774
1,1,0.9999987
0,0,0.115303576
0,0,0.02460087
0,0,0.00465547
0,0,0.008031809
0,0,0.041028857
1,1,0.9999976
0,0,0.02460863
0,0,0.0962409
0,0,0.035843655
1,1,0.81765515
0,0,0.0029192427
0,0,0.24030805
1,1,0.9806441
0,0,0.00018066529
1,1,0.99299675
0,0,0.017032547
0,0,0.033675443
0,0,0.0002234594
1,1,0.9999987
0,0,0.036587305
0,0,0.05060256
0,0,0.036119077
0,0,0.20407577
1,1,0.9999987
0,0,0.0053133992
0,0,0.2997222
1,0,0.46259052
1,1,0.99999344
0,0,0.018430937
0,0,0.20817386
0,0,0.013840603
0,0,0.0968065
1,1,0.9999976
0,0,0.0065827644
0,0,0.0008606825
0,0,0.00029450303
0,0,0.027014326
0,0,0.0017300696
0,0,0.015575507
0,0,0.09915233
0,0,0.012166256
0,0,0.03762935
0,0,0.014196977
0,0,0.004072599
0,0,0.05630318
0,0,0.007941044
0,0,0.0061261193
1,0,0.42034405
1,1,0.99999785
0,0,0.062654585
0,0,0.011751499
0,0,0.15695514
0,0,0.15731166
0,0,0.0036675192
1,1,0.99746215
0,0,0.026190383
0,0,0.037621927
0,0,0.26028425
0,0,0.04618558
0,0,0.0019658145
0,0,0.16172723
0,0,0.030732473
1,0,0.036451597
0,0,0.025229199
0,0,0.11068972
0,0,0.046665516
0,0,0.017339863
0,0,0.008306771
0,0,0.0013287163
0,0,0.21778664
0,0,0.014195588
1,1,0.9999976
0,0,0.14739326
0,0,0.0026180819
1,1,0.99999833
0,0,0.095406264
0,0,0.10069189
0,0,0.0076445322
1,1,0.9957118
1,1,0.99999845
0,0,0.061805066
0,0,0.027254319
0,0,0.040766
0,0,3.8794024e-05
1,0,0.33608228
0,0,0.15695514
0,0,0.1288113
1,1,0.9739019
1,1,0.9999976
0,0,0.007117276
0,1,0.58728284
0,0,0.0020233113
0,0,0.07669677
0,0,0.016004926
0,0,1.8999146e-05
0,0,0.051352452
0,0,0.0013004787
0,0,0.038196865
1,1,0.9999976
0,0,0.01724778
0,0,0.0014268537
1,1,0.99999833
0,0,0.016201328
0,0,0.01834922
0,0,0.044186335
1,1,0.9999968
0,0,0.119950406
0,0,0.0055001015
0,0,0.018517237
0,0,0.0075967475
0,0,0.020367721
0,0,0.033842124
0,0,0.026850529
1,1,0.99999833
0,0,0.027030505
1,1,0.7815266
0,0,0.12104245
1,1,0.99568826
0,0,0.09290318
0,0,0.019142902
0,0,0.39193615
0,0,0.09043783
0,0,0.010564615
0,0,0.016648911
0,0,0.065827735
0,0,0.106800355
0,0,0.0024819886
0,0,0.0148019055
1,1,0.99689204
0,0,0.1303288
0,0,0.00872717
1,1,0.9999968
1,0,0.36818883
0,0,0.0068442477
0,0,0.0074054673
0,0,0.053471398
0,0,0.01696246
0,0,0.008664727
0,0,0.09862742
0,0,0.021584528
0,0,0.04496202
1,1,0.9999976
0,0,0.029141022
1,1,0.9738507
1,1,0.99578106
0,0,0.006942921
0,0,0.0056394506
0,0,0.19906247
0,0,0.0018253851
0,0,0.0056634624
1,1,0.9999987
0,0,0.06695748
0,0,0.0030225685
0,0,0.0023535297
0,0,0.0049092383
0,0,0.010822548
0,0,0.32944807
1,0,0.2532938
0,0,0.16557246
0,0,0.027871652
1,1,0.9999987
0,0,0.037142172
0,0,0.030776802
0,0,0.14058605
0,0,0.04187443
0,0,0.077187605
0,0,0.0027294606
0,0,0.064080976
0,0,0.010520907
0,0,0.07595004
0,0,0.001017488
0,0,0.011721677
0,0,0.0151262665
0,0,0.027436126
1,1,0.80377674
0,0,0.004852925
0,0,0.00042647813
1,1,0.97580326
1,1,0.96892244
1,1,0.9999988
0,0,0.17187744
0,0,0.007066387
0,0,0.035698004
0,0,0.16729239
1,1,0.9999976
0,0,0.20192708
0,0,0.107148916
1,1,0.9999988
0,0,0.032766685
1,1,0.99983156
0,0,0.01686711
0,0,0.0021062063
0,0,0.031112446
0,0,0.07277028
0,0,0.029050563
1,1,0.9999976
0,0,0.013655743
1,1,0.9999976
0,0,0.083384134
0,0,0.0077419863
1,1,0.7370508
0,0,0.0031786272
0,0,0.09929167
0,0,0.010137682
0,0,0.002236267
1,1,0.999998
0,0,0.15733208
0,0,4.6676887e-05
0,0,0.36690965
0,0,0.04259282
1,1,0.9999976
0,0,0.08508501
0,0,5.376509e-05
1,0,0.41350317
0,0,0.49063924
0,0,0.0025699744
0,0,0.0046092398
0,0,0.037428893
0,0,0.010593315
0,0,0.03437789
0,0,0.09425199
0,0,0.00077891693
0,0,0.032981507
0,0,0.0067265276
0,0,0.03025418
1,0,0.3936123
0,0,0.0043982374
1,0,0.38905343
0,0,0.004934205
0,0,2.9388957e-05
0,0,0.00089254713
0,0,0.0062588244
0,0,0.019630874
0,0,0.002322441
0,0,0.010131397
0,0,0.009360748
0,0,0.12519549
0,0,0.031047525
0,0,0.004490456
0,0,0.015670238
0,0,0.16304879
1,1,0.99999833
0,0,0.3584803
0,0,0.02717123
0,0,0.0114925215
0,0,0.00010677326
0,0,0.016548265
1,1,0.92348105
0,0,0.43098226
0,0,0.011705779
0,0,0.025344979
0,0,5.54821e-05
0,0,0.2997222
0,0,0.00021824538
0,0,0.08721817
0,0,0.0116515
0,0,0.007770636
0,0,0.11466627
0,0,0.0003603548
0,0,0.020081723
1,1,0.9999976
0,0,0.11289848
0,0,0.0009524123
0,0,0.022205722
0,0,0.27671432
0,0,0.002128023
0,0,0.015363286
0,0,0.018124258
1,1,0.9999988
0,0,0.004678404
1,1,0.99999833
0,0,0.0028381287
0,0,0.048663653
0,0,0.309288
0,0,0.012639216
0,0,0.14210883
0,0,0.47673544
0,0,0.0003724392
0,0,0.13881321
0,0,0.0041845343
0,0,0.046974394
1,1,0.99996996
0,0,0.0055806395
1,1,0.9939466
0,0,0.068953715
1,1,0.83743554
0,0,0.009165218
0,0,0.010078677
1,1,0.9999968
0,0,0.001185386
0,0,0.00052390876
0,0,0.07759035
0,0,0.40551147
0,0,0.020393692
0,0,0.020744508
0,0,0.09741886
0,0,0.022507124
1,1,0.9999987
0,0,0.17035015
0,0,0.0124923345
0,0,0.0063787997
0,0,0.0007849681
0,0,0.027367353
0,0,0.04364789
0,0,0.02299219
1,0,0.15318877
0,0,0.012369895
0,0,0.0022027325
1,1,0.9999895
0,0,0.03867542
1,1,0.9999988
0,0,0.020841606
0,0,0.06525826
1,1,0.99999833
0,0,0.00097409263
0,0,0.037163444
0,0,0.001980729
0,0,0.073460534
0,0,0.23313685
0,0,0.076296665
1,1,0.6140348
0,0,0.1289594
0,0,0.1197958
0,0,0.011111665
0,0,0.0005474185
0,0,0.06421003
0,0,0.005150929
0,0,0.026224
1,1,0.9997682
0,0,0.019705482
0,0,0.010404455
0,0,0.03894966
0,0,0.056041036
1,0,0.053399473
0,0,0.0012935842
0,0,0.13321121
0,0,0.114892974
0,0,0.2200691
1,1,0.9999976
0,0,0.0035425287
0,0,0.068262346
0,0,0.12803444
0,0,0.06373915
1,0,0.27671432
0,0,0.07251175
0,0,0.00083074335
0,0,0.0004690069
0,0,0.0033616803
1,1,0.99999833
0,0,0.026966171
0,0,0.023793139
0,0,0.08436752
1,1,0.99999833
0,0,0.00048847485
1,1,0.9999988
0,0,0.07669522
0,0,0.1560112
0,0,0.05986207
0,0,0.011284196
1,1,0.99999774
0,0,0.024115054
0,0,0.006045866
0,0,0.0012661007
0,0,0.45264283
0,0,0.0062040077
0,0,0.002633279
0,0,0.0038096032
0,0,0.011934877
0,0,0.054649916
0,0,0.047767736
0,0,0.05874811
1,0,0.1751798
0,0,0.27671432
0,0,0.0116865365
0,0,0.26118279
0,0,0.01203873
1,1,0.979699
0,0,0.016955066
0,0,0.014645182
0,0,0.018176962
1,1,0.9061598
0,0,0.012772342
0,0,0.0060315495
1,1,0.5069826
0,0,0.019179685
0,0,0.14555739
1,1,0.9999988
0,0,0.23818567
0,0,0.002597326
0,0,0.00498585
0,0,0.07311688
0,0,0.47438893
0,0,0.009769173
0,0,0.026330158
0,0,0.00573129
0,0,0.038238537
0,0,0.021112667
0,0,0.06352511
0,0,0.037196193
0,0,0.08690526
0,0,0.10780823
0,0,0.0047990964
0,0,0.0018858614
1,1,0.9739019
0,0,0.014728247
0,0,0.022734987
1,0,0.14037926
0,0,0.009593487
0,0,0.0009020851
0,0,0.0008591903
0,0,0.009627271
0,0,0.27671432
0,0,0.2997222
0,0,0.072808705
0,0,0.0005266562
0,0,0.12010733
0,0,0.026361372
0,0,0.37240636
0,0,0.053664368
0,0,0.04278477
0,0,0.029340275
0,0,0.0007106467
1,1,0.72630477
0,0,0.09964474
0,0,0.0017225286
0,0,0.11279714
0,0,0.060348377
1,1,0.89062697
0,0,0.033001486
1,1,0.999998
0,0,0.10878349
0,0,0.07713777
0,0,0.08289566
0,0,0.099386506
0,0,0.0068623084
0,0,0.006414881
0,0,0.031417925
1,1,0.99999785
0,0,0.098759234
0,0,6.557523e-05
1,1,0.97089124
0,0,0.03317365
1,1,0.9999987
0,0,0.030300613
0,0,0.00086137326
0,0,0.03061809
0,0,0.0076840003
0,0,0.019466676
0,0,0.040953297
0,0,0.1841282
0,0,0.035877988
0,0,0.079789996
0,0,0.010937384
0,0,0.011355952
0,0,0.15373918
0,0,0.20287439
0,0,0.20715195
1,1,0.998835
0,0,0.0005514509
1,1,0.85971105
0,0,0.023253186
0,0,0.035294063
1,1,0.99999845
1,1,0.99999845
0,0,0.15637082
0,0,0.033282615
0,0,0.009607451
0,0,0.0053486894
0,0,0.02798443
0,0,0.007895718
1,1,0.9999976
0,0,0.02697849
0,0,0.04769364
0,0,0.085976064
0,0,0.053126536
0,0,0.026651282
0,0,0.00560948
0,0,0.009719622
0,0,0.33633035
0,0,0.07872294
0,0,0.013942338
0,0,0.16071966
0,0,0.039005086
0,0,0.01369264
0,0,0.00024590417
0,0,0.09140432
0,0,0.052008744
1,1,0.9999956
0,0,0.15395395
0,0,0.15096712
1,1,0.9999976
0,0,0.006391088
0,0,0.24771181
1,1,0.9838996
1,1,0.9999988
0,0,0.13012505
0,1,0.5554681
1,1,0.97426844
0,1,0.5300659
1,0,0.13711572
1,1,0.9999987
0,0,0.009106006
0,0,0.015462581
0,0,0.00012557175
0,0,0.029883001
0,0,0.022559127
0,0,0.0056166695
0,0,0.002724121
0,0,0.07254434
1,1,0.99999785
0,1,0.5300659
0,0,0.0064713154
0,0,0.04236781
0,0,0.006299327
1,1,0.9999988
0,0,0.020211753
0,0,0.3674415
0,0,0.01471682
0,0,0.016851943
0,0,0.037969496
0,0,0.07262609
0,0,0.04034664
0,0,0.22846834
0,0,0.06005826
0,0,0.12651247
0,0,0.0033417107
0,0,0.007822992
0,0,0.0075126216
0,0,0.13829441
0,0,0.04732374
0,0,0.00722516
0,0,0.0004875654
0,0,0.044450387
0,0,0.04603608
1,1,0.9999964
0,0,0.026961278
0,0,0.07750261
0,0,0.0008932043
0,0,0.018925898
0,0,0.04033032
0,0,0.018870115
0,0,0.00931461
0,0,0.0030757075
1,1,0.9957373
0,0,0.0024294101
1,1,0.92509544
0,0,0.05035189
0,0,0.14666335
0,0,0.0090144975
0,0,0.023095379
0,0,0.00064041006
1,1,0.8514353
0,0,0.034801476
1,1,0.9999988
0,0,0.28578365
0,0,0.021335358
0,0,0.09616697
0,0,0.13016845
0,0,0.06305342
1,1,0.9925276
0,0,0.09873341
0,0,0.003507541
0,0,0.059915163
0,0,0.015153363
0,0,0.025520647
0,0,0.06655851
0,0,0.00036896986
0,0,0.05058028
0,0,0.12282466
0,0,0.0064404947
1,1,0.99999833
0,0,0.021525122
0,0,0.011017072
0,0,0.0020246424
0,0,0.05956574
1,1,0.9999987
0,0,0.03212641
0,0,0.0013762638
0,0,0.00306593
0,0,0.028624628
0,0,0.31275418
0,0,0.29218444
1,0,0.31913078
0,0,0.002612404
0,0,0.0028651757
0,0,0.004606101
0,0,0.023704883
1,1,0.9999981
0,0,0.04820264
0,0,0.05541006
1,1,0.999998
0,0,0.08684246
0,0,0.065230034
1,0,0.16960497
1,1,0.53233474
0,0,0.0041577006
0,0,0.27558687
0,0,0.00026662883
0,0,0.025435345
0,0,0.05041511
0,0,0.13223717
0,0,0.21078166
0,1,0.87867725
0,0,0.027182804
0,0,0.0046242326
0,0,0.053890977
0,0,0.33557615
0,0,0.13658902
0,0,0.123420104
0,0,0.015153363
1,1,0.7799025
0,0,0.25023693
0,0,0.012003142
0,0,0.007830668
1,1,0.9999976
1,1,0.99996996
0,0,0.028486349
1,1,0.88649905
0,0,0.024913859
0,0,0.0053318893
0,0,0.3935205
0,0,0.08668838
0,0,0.02209896
0,0,0.070210546
0,0,0.4685477
0,0,0.012332569
0,0,0.034424316
0,0,0.019069748
0,0,0.020849815
1,1,0.9999987
0,0,0.24555786
1,1,0.9999987
0,0,0.012766932
0,0,0.061761145
0,0,0.0035170605
0,0,0.06671274
1,1,0.9999968
0,0,0.0060423305
0,0,0.0040497985
0,0,0.047093697
1,1,0.99997556
0,0,0.003584343
0,0,0.12611979
1,1,0.999998
1,1,0.98825574
0,0,0.019652082
0,0,0.075073294
0,0,0.0057311733
0,0,0.08288915
0,0,0.17551233
0,0,0.014951621
0,0,0.3900317
0,0,0.055714052
0,0,0.049967997
0,0,0.008589062
0,0,0.0017457188
0,0,0.18364264
0,0,0.0016491918
1,1,0.9999119
0,0,0.089069635
0,0,0.013856075
0,0,0.00015453923
0,0,0.00010991837
0,0,0.01262275
0,1,0.5202926
0,0,0.19529173
1,1,0.99999857
0,0,0.013343988
0,0,0.020624273
0,0,0.0064356267
1,1,0.99965453
0,0,0.0043066693
0,0,0.016079517
0,0,0.06487938
0,0,0.069077015
0,0,0.008388458
0,0,0.007188474
0,0,3.8020422e-05
0,0,0.0476889
1,1,0.99999833
0,0,0.027265193
1,1,0.9999976
1,1,0.98021185
0,0,0.0019289871
0,0,0.060347393
0,0,0.0069224685
0,0,0.018267408
0,0,0.0041828756
1,1,0.6720477
0,0,0.004660491
1,0,0.022493787
0,0,0.0069679846
0,0,0.005095552
0,0,0.17119834
0,0,0.10000079
0,0,0.08637347
0,0,0.024699345
0,1,0.5729673
0,0,0.0016942434
0,0,0.036440555
1,1,0.9999976
0,0,0.021161767
0,0,0.25609314
0,0,0.006880469
0,0,0.035304666
0,0,0.02041602
0,0,0.028224474
0,0,0.027397351
0,0,0.039759118
0,0,0.002686379
0,0,0.027568704
1,1,0.9999988
0,0,0.002653799
1,1,0.99999857
1,1,0.9422457
0,0,0.033973724
0,0,0.0013847246
0,0,0.0074517014
0,0,0.010377119
0,0,0.021328675
0,0,0.081137605
0,0,0.022465818
0,0,0.05228128
0,0,0.018502228
1,0,0.33506614
0,0,0.040365614
0,0,0.016959375
0,0,0.0201367
0,0,0.10484545
0,0,0.41350317
0,0,0.00586849
0,0,0.013558392
0,0,0.1345228
0,0,0.07250007
0,0,0.42825735
0,0,0.07556782
0,0,0.01432667
0,0,0.058612067
0,0,0.36520734
0,0,0.022540476
0,0,0.014668223
0,0,0.058600347
0,0,0.004901634
0,0,0.02365599
0,0,0.0012235122
0,0,0.03054956
0,0,0.009924623
0,0,0.0116626965
0,0,0.015109391
1,1,0.999998
0,0,0.055626366
0,0,0.022543754
0,0,0.16189472
0,0,0.057574984
0,0,0.013772632
0,0,0.022935344
0,0,0.09884131
0,0,0.25007948
1,1,0.86040306
0,0,0.041559894
0,0,0.032274604
0,0,0.10807849
0,0,0.0051611657
0,0,0.0093328
0,0,0.10490823
0,0,0.024357999
0,0,0.30980745
0,0,0.020423349
0,0,0.015261823
0,0,0.013067205
0,0,0.08464826
0,0,0.00026742672
1,0,0.32755375
0,0,3.8020422e-05
1,1,0.999997
0,0,0.119383655
1,1,0.9391521
0,0,0.011690629
0,0,0.07764076
0,0,0.35367072
1,1,0.9999987
0,0,0.03118693
0,0,0.011031561
0,0,0.031365532
0,0,0.021941029
1,1,0.7543609
0,0,0.09429579
1,1,0.9999968
0,0,0.0009358837
0,0,0.025453022
0,0,0.0007332
0,0,0.031921368
1,1,0.99999845
0,0,0.2045385
1,1,0.7685342
0,0,0.003152996
1,0,0.16616249
0,0,0.08727135
0,0,0.27098528
0,0,0.025153486
0,0,0.05998838
0,0,0.0024466014
0,0,0.33394253
0,0,0.020257114
0,0,0.013823282
0,0,0.008791707
0,0,0.0005515466
0,0,0.0003288024
1,1,0.9999207
0,0,0.04823419
0,0,0.19897774
0,0,0.24976799
0,0,0.0873689
0,0,0.049172107
0,0,0.0004410931
0,0,0.015378491
0,0,0.11616596
0,0,0.31080604
0,0,0.05771456
0,0,0.036731385
0,0,0.010131397
0,0,0.26034093
0,0,0.0073792604
0,0,0.14564396
0,0,0.0073746657
0,0,0.0076777013
1,1,0.9999976
0,0,0.039406028
0,0,0.0022448408
0,0,0.0018916334
1,1,0.93103194
1,1,0.9880248
0,0,0.040955752
0,0,0.070631824
0,0,0.058983434
0,0,0.2498178
0,0,0.0036182527
0,0,0.008097922
1,1,0.99999845
0,0,0.03894966
0,0,0.18640937
0,0,0.05676092
0,0,0.0021736305
0,0,0.0070711533
0,0,0.3109209
0,0,0.0144892465
0,0,0.10934614
0,0,0.34078577
0,0,0.000112782756
0,0,0.0064412965
1,1,0.98758847
0,1,0.5552534
0,0,0.025550708
0,0,0.010601209
0,0,0.0050025196
0,0,0.03298015
0,0,0.045395624
0,0,0.01343506
1,1,0.99999833
0,0,0.05760687
0,0,0.06954821
0,0,0.33332857
0,0,0.00092930655
0,0,0.22033343
0,1,0.5174103
0,0,0.018065039
0,0,0.0028912893
0,0,0.027076222
0,0,0.010170411
0,0,0.026470916
0,0,0.010591385
0,0,0.012177
0,0,0.043964945
0,0,9.187991e-05
0,0,0.090483606
0,0,0.05992165
0,0,0.011583328
1,1,0.99999833
0,0,0.06463864
0,0,0.41455466
0,0,0.16987054
0,0,0.0060310205
0,0,0.047398083
0,0,0.035339266
0,0,0.4685477
0,0,0.00044901017
0,0,0.008144638
0,0,0.18545644
0,0,0.03226218
0,0,0.09243612
0,0,0.07075844
0,0,0.03293786
0,0,0.014719786
0,0,0.027346946
0,0,0.4261573
0,0,0.10094406
0,0,0.0006294505
0,0,0.03595071
0,0,0.006001943
0,0,0.044119406
0,0,0.07990909
0,0,0.094524644
1,1,0.9939466
0,0,0.0008514686
0,0,0.03453679
0,0,0.013204268
0,0,0.0010534634
0,0,0.026896244
0,0,0.010629539
0,0,0.008070434
0,0,0.14059924
0,0,0.08454053
0,0,0.009839701
0,0,0.0009851758
0,0,0.052031685
0,0,0.15927953
0,0,3.5667574e-05
0,0,0.023531044
0,0,0.034017682
0,0,0.00379524
1,1,0.99999833
0,0,0.10030951
0,0,0.0069806986
0,0,0.0056070634
0,0,0.04144002
0,0,0.003120802
0,0,0.042611793
0,0,0.16365
0,0,0.025797337
0,0,0.016080663
0,0,0.0030231907
0,0,0.01505946
0,0,0.00055105344
0,0,0.1559713
0,0,0.015971685
0,0,0.0073016756
1,1,0.9999976
0,0,0.072038904
0,0,0.094989605
0,0,0.017318856
1,1,0.98596025
0,0,0.14681971
0,0,0.039146904
0,0,0.025040174
0,0,0.06960547
0,0,0.35138986
0,0,0.009908214
1,1,0.99999845
0,0,0.057401404
0,0,0.026361967
0,0,0.069071114
1,1,0.9999968
0,0,0.031655874
1,1,0.9999908
0,0,0.35748124
0,0,0.030701645
0,0,0.03329609
1,0,0.10401585
0,0,0.016678689
1,1,0.99999845
0,0,0.13754001
0,0,0.22870828
0,0,0.040766
0,0,0.058484502
0,0,0.011572305
0,0,0.0001523183
0,0,0.0073596467
0,0,0.27671432
0,0,0.0005211875
0,0,0.001275458
0,0,0.0023609495
1,0,0.29689765
0,0,0.014362915
0,0,0.013522673
1,1,0.652824
0,0,0.003358838
1,1,0.96899265
0,0,0.02334858
1,1,0.99999774
0,0,0.0226595
0,0,0.01235875
1,1,0.9832041
0,0,0.04539673
1,1,0.9733699
0,0,0.059105445
0,0,0.07020803
0,0,0.042969324
0,0,0.0012741515
1,1,0.99946386
0,0,0.0054536443
1,1,0.9897663
0,0,0.00074552617
0,0,0.009157538
0,0,0.0121853715
0,0,0.4038465
0,0,0.017518977
0,0,0.030660834
0,0,0.24493636
0,0,0.42131266
0,0,0.012697649
0,0,0.023778722
0,0,0.057328995
1,1,0.6203559
0,0,0.055158757
1,1,0.99999845
0,0,0.08443996
0,0,0.019649532
0,0,0.19666284
0,0,0.04502884
0,0,0.01227723
0,0,0.005008352
0,0,0.00037560056
0,0,0.0415324
0,0,0.10540325
0,0,0.0793465
0,0,0.020577025
0,0,0.03822116
0,0,0.27771717
0,0,0.034460194
0,0,0.0037612177
0,0,0.013328271
0,0,0.012534747
0,0,0.0006851132
1,1,0.99999833
0,0,0.08288915
0,0,0.0021422654
0,0,0.016768344
0,0,0.06766743
0,0,0.009390266
0,0,0.08810199
0,0,0.047039997
1,1,0.50869244
0,0,0.048490427
0,0,0.002667972
0,0,0.086361244
0,0,0.027263017
1,1,0.9999987
0,0,0.0014654156
1,1,0.8738169
0,0,0.025426434
0,0,0.017683063
0,0,0.2828555
0,0,0.056645498
1,1,0.99999833
0,0,0.11035929
0,0,0.02624659
0,0,0.0764681
0,0,0.0017529522
0,0,0.3011614
0,0,0.05644169
0,0,0.0057606674
0,0,0.043464664
0,0,0.024649534
0,0,0.0038108374
1,1,0.99999833
1,1,0.98995847
0,0,0.00031092635
0,0,0.01612017
0,0,0.0011072003
0,0,0.05028617
1,1,0.9999976
0,0,0.009362252
0,0,0.0039563146
0,0,0.006288901
1,1,0.99999833
0,0,0.024343884
0,0,0.019542025
0,0,0.011427073
0,0,0.03275888
0,0,0.029968863
0,0,0.11053084
0,0,0.45832935
0,0,0.00851408
0,0,0.06959876
0,0,0.11039869
0,0,0.0009440221
0,0,0.000660467
1,1,0.9999144
1,1,0.99999833
0,0,0.042789243
0,0,0.0010082619
0,0,0.00012170763
0,0,0.0043066693
0,0,0.18952222
0,0,0.010707468
0,0,0.014434123
0,0,0.004942887
1,1,0.99999714
0,0,0.14122795
0,0,0.028004315
0,0,0.0072793886
0,0,0.0031504312
0,0,0.015446154
0,0,0.08452804
0,0,0.18777436
0,0,0.014387568
1,1,0.99999833
1,1,0.99999785
0,0,0.07436393
0,0,0.031572603
0,0,0.0951313
0,0,0.029313348
1,1,0.9999144
0,0,0.0003273823
0,0,0.0027449708
0,0,0.0057486
1,0,0.1461442
0,0,0.00029584568
0,0,0.016079517
0,0,0.008069969
0,0,0.030759089
0,0,0.0046737967
0,0,0.1341082
0,0,0.18244785
0,0,1.8678375e-05
0,0,0.0036307357
0,0,0.005700575
0,0,0.0003421026
0,0,0.009677502
0,0,0.0076367436
1,1,0.8079961
0,0,0.01377841
1,1,0.99999833
1,1,0.9999968
0,0,0.021275576
0,0,0.09399477
1,1,0.999998
0,0,0.015083435
0,0,0.3140385
0,0,0.016078392
0,0,0.0029516218
1,1,0.99999774
1,0,0.10464588
0,0,0.07742604
0,0,0.011690629
0,0,0.01735282
0,0,0.005991486
0,0,0.0019412994
0,0,0.010873889
0,0,0.006011691
0,0,0.04572225
0,0,0.36648157
0,0,0.013321518
0,0,0.01037492
0,0,0.0749794
1,1,0.99999833
0,0,0.0017271535
0,0,0.051794954
0,0,0.018365538
1,1,0.999998
0,0,0.01240201
0,0,0.012264585
0,0,0.08282466
0,0,0.08620435
0,0,0.008765733
0,0,0.0139619
0,0,0.00012170763
0,0,0.006775361
0,0,0.011341875
0,0,0.0072111944
0,0,0.4131849
0,0,0.050204128
0,0,0.0061130687
0,0,0.0019249611
0,0,0.002947914
0,0,0.0077528185
0,0,0.28126717
0,0,0.032467794
0,0,0.035226878
0,0,0.093666464
0,0,0.05263316
0,0,0.020990971
0,0,0.03291131
0,0,0.27671432
0,0,0.01503534
0,0,0.3474677
0,0,0.03686697
0,0,0.013442722
0,0,0.023981966
0,0,0.17477763
0,0,0.15585893
0,0,0.009360748
0,0,0.0010180498
0,0,0.012502668
0,0,0.047087148
0,0,0.014522942
0,0,0.12453757
0,0,0.16803472
0,0,0.0007159799
0,0,0.008013984
0,0,0.00058857707
0,0,0.35207665
0,0,0.033539366
0,0,0.012964838
0,0,0.09063373
0,0,0.0029714112
0,0,0.013634623
1,1,0.8445808
1,1,0.9999968
0,0,0.47667366
0,0,0.01804562
0,0,0.094341025
0,0,0.09214581
1,1,0.76548624
0,0,0.205922
0,0,0.019924337
0,0,0.0022518248
0,0,0.0087659815
1,1,0.9999976
0,0,0.031111958
0,0,0.00011634525
0,0,0.0012021965
0,0,0.1797108
0,0,0.025136238
0,0,0.021481449
0,0,0.0009457137
0,0,0.033495624
0,0,0.031774826
0,0,0.022403583
0,0,0.062342193
0,0,0.018353485
0,0,0.13571882
0,0,0.03834151
0,0,0.014402926
0,0,0.0087465085
0,0,0.40958855
0,0,0.038709395
0,0,0.0066592502
0,0,0.0022912463
0,0,0.027575754
0,0,0.24560496
0,0,0.017657312
0,1,0.5583658
1,1,0.9999976
0,1,0.58728284
0,0,0.034673452
0,0,0.1386332
0,0,0.28608936
1,0,0.3613153
0,0,0.23525801
0,0,0.04353356
0,0,0.16212001
1,1,0.99999833
1,1,0.52224755
0,0,0.015963413
0,0,8.163177e-06
0,0,0.228509
0,0,0.04738186
0,0,0.100895144
1,1,0.9999988
1,1,0.9999976
0,0,0.051419023
0,0,0.15658729
1,1,0.9727175
0,0,0.12961115
0,0,0.004628631
0,0,0.02541073
0,0,0.06731049
0,0,0.28608936
0,0,0.004233947
0,0,0.022333385
0,0,0.070794426
0,0,0.034453414
0,0,0.011690629
1,1,0.99999833
1,1,0.9999895
1,1,0.99999833
0,0,0.0205893
0,0,0.11976833
0,0,0.14767562
0,0,0.41332492
0,0,0.20093662
0,0,0.013245089
1,1,0.9999976
0,0,0.01239825
0,0,0.004141934
0,0,0.06276205
0,0,0.18277892
0,0,0.049459614
0,0,0.09667583
0,0,0.0072631454
0,0,0.024723938
0,0,0.22089842
1,1,0.78845763
1,1,0.9283313
0,0,0.19077052
0,0,0.38842118
1,1,0.9999976
0,0,0.02962374
0,0,0.024460623
0,0,0.070670046
0,0,0.03523793
0,0,0.027409991
0,0,0.008688269
0,0,0.41643003
0,0,0.0063252016
1,1,0.78838617
1,1,0.95807993
0,0,0.022195997
0,0,0.019069748
0,0,0.107179515
0,0,0.36571983
0,0,0.011482179
0,0,0.07869285
0,0,0.004048433
0,0,0.016328031
0,0,0.02772538
1,1,0.99999785
0,0,0.0274474
0,0,0.0009462865
0,0,0.053299125
0,0,0.11353087
0,0,0.0016442788
0,0,0.45264283
1,1,0.99350995
0,0,0.14916186
0,0,0.006858767
0,0,0.008825388
0,0,0.18711936
0,0,0.005741042
0,0,0.024482176
0,0,0.24070464
0,0,0.113137454
0,0,0.21259315
0,0,0.14954804
0,0,0.023029832
0,0,0.052437
1,1,0.9999976
0,0,0.062069524
0,0,0.0073691523
0,0,0.0020592236
0,0,0.036881268
0,0,0.116450764
0,0,0.010623664
0,0,0.03379506
0,0,0.08697175
0,0,0.016892599
0,0,0.12086312
0,0,0.04656389
0,0,0.036875807
1,1,0.98758847
0,0,0.20637763
0,0,0.0014030179
0,0,0.17795601
0,0,0.20419678
0,0,0.027369183
1,1,0.9933107
0,0,0.00993163
0,0,0.1434808
0,0,0.0076476578
0,0,0.016360942
0,0,0.00032493979
0,0,0.04055158
0,0,0.03334968
1,1,0.9701927
0,0,0.3770319
0,0,0.26914722
0,0,0.052507263
0,0,0.014105137
0,0,0.062476777
1,1,0.99842584
0,0,0.040988773
0,0,0.18416938
0,0,0.019306004
0,0,0.0932287
0,0,0.1004972
0,0,0.0042799762
0,0,0.020677008
0,0,0.007997632
0,0,0.022632428
0,0,0.041715086
0,0,0.004253555
1,1,0.9999988
0,0,0.036218073
0,0,0.0034636061
0,0,0.47037482
0,0,0.0046358528
1,1,0.999998
0,0,0.03244695
0,0,0.37236622
0,0,0.0012741515
0,0,0.26960292
0,0,0.005323477
1,1,0.7978263
0,0,0.06585315
0,0,0.05594029
1,0,0.41659105
0,0,0.036595777
0,0,0.03080596
0,0,0.087540716
0,0,0.09700941
0,0,0.3391319
0,0,0.071797095
0,0,0.002820603
0,0,0.05896297
1,1,0.9999988
0,0,0.020136505
0,0,0.0011161807
0,0,0.0066229836
0,0,0.12907109
0,0,0.098959595
0,0,0.015334293
0,0,0.024802214
0,0,0.0014082541
0,0,0.0073675266
0,0,0.04597755
0,0,0.027635058
0,0,0.011404289
0,0,0.020763163
0,0,0.117113344
0,0,0.049525585
0,0,0.05939387
0,0,0.008516398
0,0,0.0075070243
0,1,0.5300659
0,0,0.00012255661
0,0,0.032178957
1,1,0.9999976
1,1,0.9999988
1,1,0.5367331
1,1,0.96667486
0,0,0.004816344
0,0,0.007511278
0,0,0.2753971
0,0,0.011299526
0,0,0.0059578116
0,0,0.03688514
0,0,0.07426277
0,0,0.029904325
0,0,0.08525951
0,0,0.0033325644
0,0,0.015058286
0,0,0.004208402
1,1,0.9999988
0,0,0.0101627335
0,0,0.019121246
0,0,0.029506583
0,0,0.022835629
0,0,0.0022954773
0,0,0.019147154
1,1,0.99423087
0,0,0.09048922
0,0,0.049249522
1,1,0.9999422
0,0,0.000741224
0,0,0.001687169
0,0,0.0039954116
0,0,0.014213825
0,0,0.0038018513
0,0,0.032288272
0,0,0.0023476835
0,0,0.009500622
0,0,0.20997393
0,0,0.0019756565
1,0,0.30172414
0,0,0.10045853
1,1,0.9718308
0,0,0.051445007
0,0,0.13187245
0,0,0.10019618
0,0,0.055638455
0,0,0.0005839042
0,0,0.1609377
1,1,0.96185637
1,1,0.9999987
1,0,0.4685477
0,0,0.0060865474
1,1,0.94221354
0,0,0.05948356
0,0,0.014728247
1,1,0.99999857
0,0,0.011970486
1,0,0.009472313
0,0,0.075103305
0,0,0.024482593
0,0,0.03817598
0,0,0.024487434
0,0,0.40426177
0,0,0.018388981
0,0,0.27671432
0,0,0.06503305
0,0,0.033922855
0,0,0.016937312
1,1,0.9999976
1,1,0.9999976
1,1,0.9999976
0,0,0.0069255047
0,0,0.00084661087
0,0,0.0033354433
0,0,0.058576286
0,0,0.021110676
0,0,0.020365437
1,1,0.79450667
0,0,0.10647791
0,0,0.2180819
0,0,0.103165105
0,0,0.0010511461
0,0,0.08311782
0,0,0.0020923086
0,0,0.04253037
0,0,0.025132535
0,0,0.04657079
0,0,0.030033192
1,0,0.08682798
1,1,0.55430114
0,0,0.021581627
0,0,0.01569925
1,1,0.9999988
1,1,0.9999989
1,1,0.5228571
0,0,4.7896614e-05
0,0,4.8311445e-05
1,1,0.99999785
0,0,0.0008523968
0,0,0.20960067
0,0,0.066847265
0,0,0.010104952
1,0,0.49172327
1,1,0.9999831
0,0,0.044343803
0,0,0.16173013
0,0,0.025496632
0,0,0.026261171
1,1,0.99999297
0,0,0.10365841
0,0,0.17272052
1,1,0.9999987
0,0,0.022734987
0,0,0.061634257
0,0,0.009346839
1,1,0.9999976
0,0,0.26706016
0,0,0.051794954
0,0,0.06739451
1,0,0.25185165
0,0,0.0011565215
1,1,0.9999976
0,0,0.04625005
0,0,0.044438962
0,0,0.1294737
0,0,0.05657974
0,0,0.36520734
0,0,0.23635551
0,0,0.011553199
0,0,0.08252147
0,0,0.4060331
0,0,0.033476148
1,0,0.49174333
0,0,0.01811566
0,0,0.15999429
0,0,0.068569526
0,0,0.01764081
0,0,0.12371381
0,0,0.037956327
0,0,0.00049291406
0,0,0.049806025
0,0,0.041269638
0,0,0.033454522
0,0,0.018256107
0,0,0.00048450002
0,0,0.006777553
0,0,0.005247106
1,0,0.3284734
0,0,0.0042643957
1,1,0.9999987
0,0,0.02786458
0,0,0.0037221047
0,0,0.04134773
0,0,0.033109203
0,0,0.3422844
0,0,0.00055319024
0,0,0.01652779
0,0,0.06431101
0,0,0.02966064
0,0,0.012757001
0,0,0.030404914
0,0,0.0061547305
0,0,0.022593033
0,0,0.22303706
0,0,0.0003984018
0,0,0.031804036
0,0,0.009192413
0,0,0.047374144
1,1,0.9999987
0,0,0.222159
0,0,0.023773178
0,0,0.0816652
0,0,0.008169962
1,1,0.75889623
0,0,0.11549389
0,0,0.21211472
0,0,0.00077891693
1,1,0.99999785
0,0,0.011548778
0,0,0.030064901
0,0,0.28960156
0,0,0.00046695044
1,1,0.99893457
0,0,0.011610761
0,0,0.10297427
0,0,0.0011363075
0,0,0.00093607145
0,0,0.016235199
0,0,0.12495966
1,1,0.8861095
0,0,0.037838686
0,0,0.022321012
0,0,0.03204489
0,0,0.0039582485
0,0,0.00453147
0,0,0.009089881
0,0,0.025344979
0,0,0.15146571
0,0,0.012921348
1,1,0.9999988
0,0,0.3415778
1,1,0.9999988
0,0,0.0122246295
0,0,0.01994205
0,0,0.11992522
0,0,0.020097066
0,0,0.17859107
0,0,0.008544735
0,0,0.011101577
0,0,0.14772692
0,0,0.040177997
0,0,0.003150846
0,0,0.004049879
0,0,0.010490715
0,0,0.14805801
0,0,0.010392114
0,0,0.17257509
0,0,0.23435463
0,0,0.00771439
0,0,0.0085433535
0,0,0.0062933844
1,0,0.41810533
0,0,0.09503786
0,0,0.0034091496
0,0,0.0347473
0,0,0.026250284
1,1,0.9999988
1,1,0.99999833
0,0,0.0541451
1,1,0.9999976
0,0,0.028660793
0,0,0.031926595
0,0,0.07721344
0,0,0.0030236722
1,1,0.9954254
0,0,0.13246731
0,0,0.0009941317
0,0,0.0004410931
0,0,0.017855084
0,0,0.2997222
0,0,0.11290113
0,0,0.0052479496
0,0,0.0002573924
0,0,0.0014038854
0,0,0.0045233704
0,0,0.11312178
1,0,0.14663176
0,0,0.022465818
0,0,0.27671432
0,0,0.006893198
0,0,0.15364611
1,1,0.5661526
0,0,0.10400907
0,0,0.05588636
0,0,0.0029412755
0,0,0.03275842
0,0,0.020663721
0,0,0.26881725
0,0,0.11533982
0,0,0.07152473
0,0,0.0010182454
0,1,0.5435324
0,0,0.09652604
0,0,0.01873369
0,0,0.23816861
1,1,0.97552425
0,0,0.01231453
0,0,0.03595051
0,0,0.018059617
0,0,0.022587247
0,0,0.014150976
0,0,0.1373513
0,0,0.41350317
0,0,0.019630874
1,1,0.98428786
0,0,0.009562754
0,0,0.13089716
0,0,0.09665418
0,0,0.03688514
1,1,0.9999962
0,0,0.45410886
0,0,0.00033937136
0,0,0.070216216
1,1,0.9999987
0,0,0.1061115
0,0,0.2412091
0,0,0.075509205
0,0,0.011097103
0,0,0.004642262
0,0,0.035843886
1,1,0.95953673
0,0,0.30464903
0,0,0.00066995324
1,1,0.9999976
0,0,0.11533815
0,0,0.0018518505
1,1,0.9999988
0,0,0.03983894
0,0,0.030402454
0,0,0.019069748
1,1,0.57709897
0,0,0.007523658
0,0,0.014164368
0,0,0.09929167
0,0,0.021878261
0,0,0.28435028
0,0,0.15423039
0,0,0.08773953
0,0,0.24165542
0,0,0.0037858316
0,0,0.0017138206
0,0,0.39555383
1,1,0.99999833
0,0,0.07144322
0,0,0.002486635
0,0,0.08249304
0,0,0.0027673733
0,0,0.031212974
0,0,0.025179947
0,0,0.049769174
0,0,0.018054679
0,0,0.00015070602
0,0,0.03101727
0,0,0.005567387
0,0,0.05652531
0,0,0.028579297
0,0,0.32567495
0,0,0.08774841
0,0,0.038537983
0,0,0.16051245
0,0,0.12446473
0,0,0.17293319
0,0,0.0049602278
0,0,0.16140439
1,1,0.9999976
1,1,0.99998665
1,1,0.99999785
1,1,0.5422414
0,0,0.07819787
0,0,0.06639886
0,0,0.18261182
1,1,0.93843895
0,0,0.031506844
0,1,0.59435064
0,0,0.006317516
0,0,0.23694384
0,0,0.23692445
0,0,0.054289315
0,0,0.010010068
0,0,0.010651883
0,0,0.2816313
0,0,0.0032333282
1,1,0.999998
0,0,0.035341762
0,0,0.023797741
0,0,0.25234655
0,0,0.016255477
0,0,0.08587459
0,0,2.5114356e-05
0,0,0.02929855
0,0,0.18156126
0,0,0.0039383336
0,0,0.0015594527
0,0,0.009769123
0,0,0.003587741
0,0,0.0004873735
1,0,0.2679936
0,0,0.14799103
0,0,0.00056971615
0,0,0.00955134
0,0,0.0023133217
0,0,0.05619771
0,0,0.00024323401
1,1,0.9023944
0,0,0.020360172
0,0,0.0033371907
0,0,0.16706012
0,0,0.04964122
0,0,0.008915432
0,0,0.4347641
0,0,0.022537077
0,0,0.09482686
0,0,0.0040374505
0,0,0.00580122
0,0,0.052923102
0,0,0.012506172
0,0,0.025132535
0,0,0.00022107064
0,0,0.12532476
1,1,0.9999987
0,0,0.13340242
0,0,0.3040346
0,0,0.043007568
0,0,0.34534955
0,1,0.5982028
1,1,0.909659
0,0,0.03881984
0,0,0.012556249
0,0,0.00045324987
0,0,7.136619e-05
0,0,0.008183492
1,1,0.99999833
0,0,0.04200547
0,0,0.0022142427
1,0,0.03780482
0,0,0.006773699
0,0,0.0034972513
0,0,0.0024354395
0,0,0.027024355
0,0,0.0008616228
0,0,0.041686185
0,0,0.037580248
0,0,0.13224441
0,0,0.06364657
0,0,0.0077361455
0,0,0.0011007048
0,0,0.083463475
0,0,0.013722125
0,0,0.3997726
0,0,0.09000417
0,0,0.0011486926
0,0,0.02931352
0,0,7.334124e-05
1,1,0.96914256
0,0,0.009655651
1,1,0.76279473
0,0,0.2535765
0,0,0.4930372
0,0,0.002663308
0,0,0.00829645
0,0,0.012071276
0,0,0.13603917
0,0,0.0066996766
0,0,0.17791663
0,0,0.024554007
0,0,0.019776344
0,1,0.51096785
1,1,0.9999968
1,1,0.6468052
0,0,0.014457362
0,0,0.042833406
0,0,0.0027440926
0,1,0.50053245
0,0,0.0066149444
1,1,0.99999833
0,0,0.06321496
0,0,0.33179379
1,1,0.9999988
0,0,0.049640648
0,0,0.01709759
0,0,0.3485225
0,0,0.009897643
0,0,0.2997222
0,0,0.009560528
0,0,0.27671432
0,0,0.05954086
0,0,0.009463937
0,0,0.008336414
0,0,0.0125066135
0,0,0.30258134
1,1,0.93854034
0,0,0.04705031
0,0,0.0004213676
0,0,0.039336998
0,0,0.029653212
0,0,0.009352673
1,1,0.9999988
0,0,0.09583319
0,0,0.2294583
0,0,0.028327923
0,0,0.0014179351
1,0,0.29479438
0,0,0.035697
0,0,0.0020077303
1,1,0.80767345
0,0,0.04072651
0,0,0.13359743
0,0,0.04882726
1,1,0.9745252
0,0,0.0114925215
0,0,0.27671432
1,0,0.3358584
0,0,0.00027155745
0,0,0.069909714
0,0,0.025258027
0,0,0.058826394
1,1,0.9999987
0,0,0.15911482
0,0,0.043001346
1,1,0.9999981
0,0,0.0042693084
0,0,0.0079390155
0,0,0.012284923
0,0,0.024795502
0,0,0.26198924
0,0,0.011530259
0,0,0.03659367
0,0,0.018150263
0,0,0.105796054
0,0,0.030516276
0,0,0.0037830903
0,0,0.020752743
0,0,0.06458423
0,0,0.0032369061
0,0,0.025393369
0,0,0.012697075
0,0,0.27632907
0,0,0.1837256
0,0,0.005206608
0,0,0.07796835
0,0,0.010366831
0,0,0.00019833392
0,0,0.015257288
0,0,0.16260701
0,0,0.1033926
1,1,0.9844583
0,0,0.0011048786
0,0,0.051355477
0,0,0.040840402
0,0,0.09579236
0,0,0.090784796
0,0,0.0033245191
0,0,0.12541074
0,0,0.15360306
1,1,0.8956866
1,1,0.99999845
0,0,0.030276686
0,0,0.31056055
1,1,0.9999981
0,0,0.055476937
1,1,0.81108767
0,0,0.261697
0,0,0.04684797
0,0,0.06994832
0,0,0.014227239
0,0,0.24371432
0,0,0.017196884
0,0,0.00018609618
0,0,0.022233978
0,0,0.03219495
0,0,0.0034173862
0,0,0.0685696
0,0,0.42450863
0,0,0.027407944
0,0,0.048403807
0,0,0.014298061
0,0,0.081956595
0,0,0.0669324
1,1,0.9999119
0,0,0.0014861313
0,0,0.06590206
0,0,0.004380602
0,0,0.041661467
0,0,0.10251912
0,0,0.055203576
0,0,0.3795193
0,0,0.03445437
0,0,0.009893336
0,0,0.03845226
1,1,0.9999976
1,1,0.9954254
0,0,0.014497202
1,1,0.89671373
0,1,0.62341416
0,0,0.281427
0,0,0.0063609905
0,0,0.023630716
0,0,0.0010721991
0,0,0.00426959
1,1,0.9999988
1,1,0.9999987
0,0,0.0016437866
0,0,0.018685158
0,0,0.0014882569
1,1,0.96907884
0,0,0.01683379
1,1,0.9047119
0,0,0.009539582
0,0,0.0048852344
1,1,0.9900067
0,0,0.01034604
0,0,0.0753317
0,0,0.035665
0,0,0.2997222
0,0,0.0011464095
0,0,0.12723902
1,1,0.9999962
0,0,0.0056488095
1,1,0.98995847
0,0,0.009315895
1,1,0.7050381
0,0,0.08692873
0,0,0.0013774052
0,0,0.12735562
1,1,0.99999785
0,0,0.059732266
1,1,0.99999833
0,0,0.05690967
1,0,0.37240636
0,0,0.01234444
0,0,0.29479438
0,0,0.095993124
0,0,0.020704899
0,0,0.0036423267
0,0,0.010480929
0,0,0.07994644
0,0,0.008909948
0,0,0.009690371
0,0,0.02387763
0,0,0.0010795709
0,0,0.2587225
0,1,0.79142576
0,0,0.06521348
1,1,0.99999774
1,1,0.9999976
0,0,0.002420521
0,0,0.033012096
0,0,0.0016314426
0,0,0.00067598134
0,0,0.02781419
0,0,0.013016024
1,1,0.9999988
0,0,0.011695346
1,1,0.99999833
0,0,0.021370973
0,0,0.47037482
0,0,0.3915669
1,1,0.9999987
0,0,0.44206935
0,0,0.06304542
1,1,0.99998546
0,0,0.06294386
0,0,0.045169048
0,0,0.026396522
0,0,0.04504507
0,0,0.013334204
0,0,0.123544276
0,0,0.0037830903
1,1,0.99999845
1,1,0.9999976
0,0,0.044973925
0,0,0.31604317
0,0,0.01818647
0,0,0.0061456864
0,0,0.3078028
0,0,0.07758226
0,0,0.0070557795
0,0,0.33313015
0,0,0.12437458
0,0,0.005474623
0,0,0.02071293
1,1,0.99999774
1,1,0.99999857
1,1,0.9999987
0,0,0.007914088
0,0,0.12685508
0,0,0.2997222
0,0,0.037065867
0,0,0.005994136
0,0,0.0154905515
0,0,0.058333453
0,0,0.00851408
0,0,0.013653431
1,1,0.9999976
0,0,0.37576804
0,0,0.015162852
0,0,0.07720258
0,0,0.00022564191
0,0,0.001805933
0,0,0.11829555
0,0,0.014009335
0,0,0.017889543
0,0,0.019302594
0,0,0.2145365
0,0,0.10377981
1,1,0.99999833
1,1,0.9999119
1,1,0.9962191
0,0,0.02054065
1,1,0.9999988
0,0,0.00024478484
0,0,0.25577378
0,0,0.009096897
0,0,0.0253976
0,0,0.028862627
0,0,0.15505058
0,0,0.0029324803
0,0,0.118340805
0,0,0.0056130853
0,0,0.008756047
0,0,0.048389662
0,0,0.026071556
0,0,0.0047303084
0,0,0.0047536995
0,0,0.45024663
0,0,0.0047344905
0,0,0.0009084006
0,0,0.09623283
0,0,0.18724395
0,0,0.08396982
0,0,0.13332322
0,0,0.19241817
1,1,0.9999119
0,0,0.086249135
1,1,0.9999987
0,0,0.0002760434
0,0,0.06556838
0,0,0.008155793
0,0,0.0009144198
0,0,0.32626662
1,1,0.999998
1,1,0.9999976
0,0,0.2713712
0,0,0.004718862
0,1,0.5156295
0,0,0.0008371247
0,0,0.07095457
0,0,0.0015719674
0,0,0.27671432
0,0,0.0014558682
0,0,0.002232061
1,0,0.05943365
0,0,0.0076788613
0,0,0.0754163
0,0,0.12497487
0,0,0.028419398
0,0,0.0032315722
0,0,0.025927234
0,0,0.16271397
0,0,0.071031526
0,0,0.13167994
0,0,0.17364474
0,0,0.023984736
0,0,0.05543074
0,0,0.3693337
1,1,0.9999976
0,0,0.05448791
1,1,0.99999833
0,0,0.04875462
0,0,0.0071132774
0,0,0.0033538644
0,0,0.00048450002
0,0,0.0047671683
0,0,0.09603739
0,0,0.01964017
0,0,0.039797235
0,0,0.024640348
0,0,0.03762021
0,0,0.4956272
0,0,0.024909664
0,0,0.0011580626
0,0,0.08935245
0,0,0.0048807464
0,0,0.06985165
0,0,0.019896515
0,0,0.19906247
0,0,0.12371381
1,1,0.9999987
0,0,0.02909632
1,1,0.9999989
0,0,0.006557915
0,0,0.050117377
0,0,0.284041
0,0,0.023518922
0,0,0.06900234
0,0,0.012223115
0,0,0.09397345
0,0,0.007139168
1,1,0.9999976
0,0,0.0694115
0,0,0.01575174
0,0,0.19738303
1,1,0.99999833
0,0,0.0023651358
1,1,0.99792993
0,0,0.02702327
1,1,0.99997807
0,0,0.11746408
0,0,0.008781736
0,0,0.46156532
0,0,0.07468412
0,0,0.088723734
0,0,0.12712134
0,0,0.0010169331
1,1,0.98342323
0,0,0.0009183117
0,0,0.033294562
0,0,0.0072631454
0,0,0.012953781
0,0,0.009677502
1,1,0.99999845
0,0,0.047881752
0,0,0.064828455
0,0,0.0021975029
0,0,0.091920555
0,0,0.0049110465
0,0,0.0036770622
0,0,0.24702574
0,1,0.5922065
1,1,0.9999976
0,0,0.09316052
0,0,0.08495946
1,1,0.99999785
0,0,0.06586749
0,0,0.01678349
0,0,0.29479438
1,1,0.90674686
0,0,0.0078931
0,0,0.011404289
1,0,0.09525195
0,0,0.0013946912
0,0,0.2997222
0,0,0.025563158
0,0,0.20868388
0,0,0.019718247
0,0,0.007859603
0,0,0.05494853
0,0,0.0043945494
0,0,0.0014616624
0,0,0.050987832
0,0,0.011712085
0,0,0.00798827
0,0,0.0008455535
0,0,0.012576811
0,0,0.068980105
0,0,0.30501732
0,0,0.05964047
0,0,0.02431203
0,0,0.002972393
0,0,0.14198464
0,0,0.008393005
0,0,0.06293597
0,0,0.008431527
0,0,0.039286
0,0,0.009560528
0,0,0.02174641
0,0,0.0047344905
0,0,0.313649
0,0,0.06550672
0,0,0.13942301
0,0,0.35956702
0,0,0.08067649
1,1,0.9999976
0,0,0.0039129425
0,0,0.048386168
0,0,0.0041682054
0,0,0.40515172
0,0,0.067528084
0,0,0.039964866
0,0,0.007342813
0,0,0.47440356
0,0,0.09697867
1,1,0.96063536
0,1,0.5355295
1,1,0.9999988
1,1,0.9999976
0,0,0.061473045
0,0,0.24251047
0,0,0.08189395
0,1,0.8180274
0,0,0.015253657
1,1,0.99999833
0,0,0.0067685996
0,0,0.039424423
0,0,0.12826957
0,0,0.031971768
1,1,0.99999774
0,0,0.0002744102
0,0,0.00046957436
0,0,0.24689816
0,0,0.071468845
1,1,0.9999988
0,0,0.21875651
0,0,0.003915562
0,0,0.010570993
0,0,0.06566638
0,0,0.005307755
0,0,0.0044001485
1,1,0.989099
1,1,0.551135
1,1,0.99999845
0,0,0.001625398
0,0,0.028929468
0,0,0.22359937
0,0,0.026170934
0,0,0.011761654
0,0,0.046121713
1,1,0.99999785
0,0,0.014804507
0,0,0.13066205
0,0,0.1806052
0,0,0.004889448
0,0,0.00047392547
0,0,0.00582503
1,1,0.99999857
0,0,0.072847985
0,0,0.036080495
0,0,0.0002600798
0,0,0.00050195283
0,0,0.0021057252
0,0,0.0682576
0,0,0.01364114
0,0,0.0700514
0,1,0.5552534
0,0,0.0013287156
1,1,0.99999833
1,1,0.9999988
0,0,0.18657467
0,0,0.0039636875
0,0,0.05558635
0,0,0.016980868
0,0,0.15533502
0,0,0.25538185
0,0,0.01873369
0,0,0.0011684775
0,0,0.2997222
0,0,0.027073238
0,0,0.0055743824
0,0,0.24794558
0,0,0.07188075
0,0,0.0038714977
1,1,0.5300659
0,0,0.054758202
0,0,0.040041335
0,0,0.018941792
0,0,0.06749493
0,0,0.16065699
0,0,0.0072976183
0,0,0.019240776
0,0,0.02385794
0,0,0.0010742934
0,0,0.015769316
0,0,0.10666413
1,1,0.99999785
0,0,0.006499622
1,1,0.99686486
0,0,0.007371943
0,0,0.00061102316
1,1,0.9984609
1,0,0.27875376
0,0,0.0022986697
1,1,0.9999988
0,0,0.0016704132
0,0,0.019486813
1,1,0.97804034
1,1,0.9999988
0,0,0.0017891004
0,0,0.05770494
0,0,0.0041088993
0,1,0.6539286
0,1,0.64541256
0,0,0.42236865
0,0,0.05931979
1,0,0.4502702
0,0,0.05310872
0,0,0.006943555
0,0,0.07007702
0,0,0.044208623
0,0,0.098602615
0,0,0.0018723917
0,0,0.038028672
0,0,0.052783318
0,0,0.0177411
0,0,0.012826279
0,0,0.2889429
0,0,0.032153513
0,0,8.828322e-05
0,0,0.0006213348
0,0,0.023072917
0,0,0.09736494
0,0,0.09170087
0,0,0.14337158
0,0,0.083182104
0,0,0.004971311
0,0,0.028473595
0,0,0.014385121
0,0,0.005404321
0,0,0.4685477
0,0,0.00672106
0,0,0.0015259637
0,0,0.040099993
0,0,0.12664099
0,0,0.0013251095
0,0,0.020190135
0,0,0.00092930655
0,0,0.071798116
0,0,0.0018419455
0,0,0.041005693
0,0,0.0011359504
0,0,0.06547525
0,0,0.09382431
0,0,0.044787146
0,0,0.0115522565
0,0,0.0017623898
0,0,0.057336405
0,0,0.043910313
1,1,0.8841907
0,0,0.008208334
0,0,0.016694814
0,0,0.03660599
0,0,0.0011708206
0,0,0.1941749
1,1,0.99999785
0,0,0.09742079
0,0,0.0025357963
0,0,0.024890423
0,0,0.22449905
0,0,0.051842302
0,0,0.07058801
0,0,0.00762695
0,0,0.0077844798
0,0,0.04004964
0,0,0.0033112264
0,0,0.0027364918
0,0,0.014479616
0,0,0.037035357
1,1,0.8067899
0,0,0.0002972684
0,0,0.006380036
0,0,0.035943214
0,0,0.17232828
0,0,0.03513239
1,1,0.92399776
0,0,0.009861648
0,0,0.0010713388
0,0,0.11253905
0,0,0.055502467
0,0,0.0128838355
0,0,0.04575468
0,0,0.2997222
0,0,0.058548212
0,0,0.16137281
0,0,0.025635412
0,0,0.00026033804
0,0,0.013195139
0,0,0.04570969
0,0,0.047855884
0,0,0.008364776
0,0,0.016391281
0,0,0.1364315
0,0,0.025482591
0,0,0.011690629
0,0,0.19445251
0,0,0.0072589554
0,0,0.35367072
0,0,0.008722786
0,0,0.05725259
1,1,0.99999785
0,0,0.016179752
1,1,0.9999968
0,0,0.009492557
0,0,0.00839514
0,0,0.12084766
0,0,0.27671432
0,0,0.019657278
0,0,0.017518977
0,0,0.021658318
0,0,0.010985031
0,0,0.009500622
0,0,0.0009243376
0,0,0.0064820633
0,0,0.11030162
0,0,0.01774712
0,0,0.36690965
1,1,0.9999987
0,0,0.115936644
0,0,0.4617054
0,0,0.031079741
0,0,0.031033462
0,0,0.009017032
0,0,0.008443075
1,1,0.99999785
0,0,0.0024502093
0,0,0.004860034
0,0,0.02460791
0,0,0.02184259
0,0,0.00043747074
1,1,0.99999785
0,0,0.07005646
0,0,0.011574155
0,0,0.01118305
0,0,0.33394253
0,0,0.07921408
0,0,0.02202609
1,1,0.97580326
0,0,0.024308862
1,1,0.99999833
0,0,0.053967156
0,0,0.017492592
1,1,0.8273154
0,0,0.011875666
0,0,0.058198024
0,0,0.22084112
0,0,0.07567056
0,0,0.0044946508
0,0,0.0036790455
0,0,0.03653576
0,0,0.0035056102
0,0,0.0039636875
0,0,0.057488218
1,1,0.99999833
0,0,0.05110904
0,0,0.22918192
0,0,0.0522513
0,0,0.011197506
0,0,0.18557239
1,0,0.41350317
0,0,0.014391823
0,0,0.02695266
0,0,0.055030216
0,0,0.0018982196
0,0,0.014740078
0,0,0.40422562
0,0,0.40989742
1,1,0.992473
1,1,0.9999976
1,0,0.39983276
0,0,0.08661505
0,0,0.12614673
0,0,0.041336972
0,0,4.7078105e-05
0,0,0.0031427704
0,0,0.004881911
0,0,0.36355108
0,0,0.022136321
0,0,0.00012236476
0,0,0.0061798207
0,0,0.02044397
0,0,0.023064641
0,0,0.0003149219
0,0,0.19976221
0,0,0.0644644
0,0,0.040261347
1,1,0.9999968
0,0,0.07096207
0,0,0.020207308
0,0,0.016547736
0,0,0.24273427
1,1,0.99999833
0,0,0.024033379
0,0,0.26290765
0,0,0.100931466
1,0,0.29479438
0,0,0.041509334
0,0,0.0010801809
0,0,0.034437746
0,0,0.3235428
0,0,0.011374828
0,0,0.011878134
0,0,0.18460168
1,1,0.9999988
0,0,0.15399778
1,1,0.9999144
0,0,0.49432814
0,0,0.053713232
0,0,0.002795432
0,0,0.0044805696
0,0,0.026165524
1,1,0.9999988
0,0,0.005505853
0,1,0.7438489
0,0,0.12876116
0,0,0.05321583
0,0,0.0077885985
0,0,0.009827861
0,0,0.050184432
0,0,0.019576948
0,0,0.0046329717
0,0,0.023403361
0,0,0.005049691
0,0,0.0729733
1,1,0.99999785
0,0,0.025461817
0,0,0.13781673
0,0,0.043269526
0,0,0.011432687
0,0,0.0022142427
0,0,0.17784353
0,0,0.049389638
0,0,0.0030113969
1,0,0.05630136
0,0,0.0022864877
0,0,0.06130281
0,0,0.25051463
0,0,0.14803864
0,0,3.6724967e-05
0,0,0.06847387
1,1,0.9999976
0,0,0.0019234786
0,0,0.015903153
0,0,0.008347414
0,0,0.039585713
0,0,0.09439568
0,0,0.00023352519
0,0,0.11463753
0,0,0.08057039
0,0,0.2081105
0,0,0.23900078
0,0,0.0120702
0,0,0.47257474
0,0,0.06432882
0,1,0.81812894
0,0,0.016522612
0,0,0.002381232
0,0,0.0023286983
0,0,0.0065103024
0,0,0.08933259
1,1,0.9999987
0,0,0.22295289
0,0,0.026858075
0,0,0.41811094
1,1,0.83502054
0,0,0.008054769
1,1,0.99999774
0,0,0.015703967
1,1,0.9999976
0,0,0.013495991
0,0,0.071867935
0,0,0.114524476
0,0,0.29712352
0,0,0.039519534
0,0,0.4812992
0,0,0.22616363
0,0,0.05834681
0,0,0.0041480595
1,1,0.9999665
0,0,0.004911946
0,0,3.9480634e-05
0,0,0.1639405
0,0,0.063253105
0,0,0.1192244
1,0,0.25926155
1,1,0.99999833
0,0,0.0005637734
0,1,0.58728284
0,0,0.08949643
0,0,0.0036669893
0,0,0.03975024
0,0,0.0010763679
0,0,0.077652626
1,1,0.9817846
1,1,0.8930655
0,0,0.015947863
0,0,0.023077125
0,0,0.0137009295
0,0,0.006609642
1,1,0.8857431
0,0,4.6676887e-05
0,0,0.004152184
0,0,0.010605661
0,0,0.0074741654
0,0,0.020874774
0,0,0.034594536
0,0,0.1432733
0,0,0.072514296
1,0,0.40752885
0,0,0.12037958
0,0,0.022107933
0,0,0.002385459
0,0,0.31484506
0,0,0.007545631
0,0,0.0010689542
1,0,0.39696532
0,0,0.00048450002
0,0,0.00033937136
0,0,0.014434123
0,0,0.098322555
0,0,0.12085072
0,0,0.27671432
0,0,0.0009700583
1,0,0.19399129
0,0,0.008256434
1,1,0.9999976
0,0,0.01421003
0,0,0.09554098
0,0,0.020074856
0,0,0.0134610105
0,0,0.02966064
0,0,0.24211286
0,0,0.045985073
0,0,0.018034989
0,0,0.015649024
0,0,0.115686476
0,0,0.018938802
0,0,0.2073466
0,0,0.031644467
1,1,0.9999976
0,0,0.021761024
0,0,0.04653398
1,1,0.9003272
0,0,0.0024434356
0,0,0.012486771
1,1,0.999997
0,0,0.012622334
0,0,0.36520734
1,1,0.99986374
0,0,0.00012361682
1,1,0.9373174
0,0,0.08495826
0,0,0.006083934
0,0,0.1724623
1,1,0.8224505
0,0,0.08591502
0,0,0.16600631
0,0,0.23230891
0,0,0.33394253
0,0,0.20347641
1,1,0.9723042
0,0,0.012213366
0,0,0.030313382
0,0,0.06580502
0,0,0.021220561
1,1,0.9999987
0,0,0.36329544
0,0,0.4543449
0,0,0.0023948334
0,0,0.03916059
0,0,0.44163698
0,0,0.030140456
0,0,0.047585864
0,0,0.013087822
0,0,0.14638329
0,0,0.043423764
0,0,0.29479438
0,0,0.009515706
0,0,0.03893511
0,0,0.011830997
1,1,0.9999976
0,0,0.016355993
0,0,0.082635276
0,0,0.0022995588
0,0,0.004542876
0,0,0.0421705
0,0,0.023450501
0,0,0.035700895
0,0,0.012705614
0,0,0.03141957
0,0,0.002786519
0,0,0.0035056635
0,0,0.36520734
1,1,0.96433216
0,0,0.05257528
0,0,0.06490746
0,0,0.0903579
0,0,0.054696962
0,0,0.06367499
0,0,0.058280405
0,0,0.007113981
0,0,0.0005686737
0,0,0.01585815
0,0,0.0018316392
0,0,0.010815985
1,1,0.99999833
0,0,0.029192356
0,0,0.09991104
0,0,0.0994902
0,0,0.11191935
0,0,0.009103489
0,0,0.02522676
0,0,0.04736568
0,0,0.0034926943
1,1,0.99999833
0,0,0.23987342
0,0,0.009846736
0,0,0.21313326
0,0,0.004095623
1,1,0.99999785
0,0,0.027532367
1,1,0.7533783
0,0,0.014949944
0,0,0.14946583
0,0,0.14674309
0,0,0.022718651
0,0,0.0003419531
0,0,0.027005844
0,0,0.2795305
0,0,0.012673712
0,0,0.028705196
1,1,0.99999833
0,0,0.027919075
1,1,0.5335294
1,1,0.99999785
0,0,0.01677112
0,0,0.27587187
0,0,0.07735179
0,0,0.010370153
0,0,0.020879561
1,1,0.5300659
0,0,0.0058132973
0,0,0.052324012
0,0,0.48184636
0,0,0.001098484
0,0,0.03613154
0,0,0.14923151
0,0,0.012740834
0,0,0.0015100786
1,1,0.99999833
0,0,0.09127514
0,0,0.044973925
0,0,0.022701079
0,0,0.014434123
0,0,0.066947185
0,0,0.0002955088
0,0,0.048103616
0,0,0.22844622
0,0,0.029512405
0,0,0.04198333
0,0,0.03269789
0,0,0.025461817
0,0,0.000545286
0,0,0.41350317
0,0,0.005217098
0,0,0.030952826
0,0,0.0004234112
0,0,0.32384565
0,0,0.10274414
1,1,0.9999976
0,0,0.11685621
0,0,0.032877088
0,0,0.14560561
0,0,0.1089555
0,0,0.0014319118
0,0,0.017518977
0,0,0.014176771
0,0,0.022686558
0,0,0.0025055741
0,0,0.008998057
0,0,0.010110516
0,0,0.109171465
0,0,0.0066831354
0,0,0.12188625
0,0,0.032033928
0,0,0.000799269
0,0,0.0033489922
0,0,0.037578955
0,0,0.16279747
0,0,0.002679577
1,1,0.99934894
0,0,0.0786624
0,0,0.04637886
1,1,0.9722702
0,0,0.0059197755
0,0,0.011272677
0,0,0.07172549
1,0,0.07329595
0,0,0.007082908
0,0,0.1500097
0,0,0.021610856
0,0,0.054468542
0,0,0.0070144283
0,0,0.010188015
0,0,0.072834976
0,0,0.004141399
0,0,0.056041606
0,0,0.0025661087
1,1,0.9999988
1,1,0.9999989
0,0,0.011119553
0,0,0.044474613
0,0,0.0016498914
0,0,0.11299605
0,0,0.0357521
0,0,0.116524704
1,1,0.99999774
0,0,0.11005533
0,0,0.013119091
0,0,0.04902405
0,0,0.010002969
0,0,0.06434403
0,0,0.033808853
0,0,0.0022110646
0,0,0.0046653617
1,1,0.9777459
0,0,0.18564685
0,0,0.0029688708
0,0,0.12563404
1,1,0.999998
0,0,0.057682283
0,0,0.09049719
0,0,0.090747744
0,0,0.011353571
0,0,0.015961152
0,0,0.15456964
0,0,0.024617558
0,0,0.034872748
0,0,0.00396828
0,0,0.10155659
0,0,0.003830949
0,0,0.26778197
0,0,0.015201558
0,0,0.054073554
0,0,0.0030474234
0,1,0.8492766
1,1,0.9999988
0,0,0.23288818
0,0,0.29427758
0,0,0.001574317
0,0,0.009216926
0,0,0.005666549
0,0,0.010115251
0,0,0.009693396
0,0,0.009746343
0,0,0.021284372
0,0,0.008405531
0,0,0.012039693
0,0,0.24506201
0,0,0.01529007
0,0,0.29479438
0,0,0.031597707
0,0,0.010010068
0,0,0.07379025
0,0,0.1071332
0,0,0.0817916
0,0,7.577039e-05
0,0,0.039994232
0,0,0.041185603
0,0,0.0037200009
0,0,0.123136036
0,0,0.060011394
0,0,0.006543222
0,0,0.05102011
1,1,0.9999988
0,1,0.54046154
0,0,0.07615562
0,0,0.0058037285
0,0,0.019803418
0,0,0.09700925
0,0,0.035846226
0,0,0.073708884
0,0,0.40958855
0,0,0.04864752
0,0,0.0368888
0,0,0.099789634
0,0,3.0224486e-05
0,0,8.0661e-05
0,0,0.10412331
0,0,0.001956598
0,0,0.12493774
0,0,0.019750958
0,0,0.030876197
0,0,0.27429596
0,0,0.024635559
0,0,0.0019264311
0,0,0.018136682
0,0,0.03380756
0,0,0.010714435
0,0,0.003521181
0,0,0.114735186
0,0,0.01947278
0,0,0.018627929
1,1,0.99999833
1,1,0.9999976
0,0,0.0015829825
0,0,0.16050889
0,0,0.002356532
0,0,0.0077469805
0,0,0.032551076
0,0,0.01572842
1,1,0.99996257
0,0,0.027577922
0,0,0.04620472
1,1,0.9999968
0,0,0.0018939296
0,0,0.044833016
0,0,0.1681266
0,0,0.11362566
0,0,0.0074120527
0,0,0.019524682
0,0,0.06942364
0,0,0.006238784
0,0,1.9109972e-05
1,1,0.8132963
0,0,0.28637266
1,1,0.8404965
1,1,0.9999988
0,0,0.1275058
1,1,0.5905412
0,0,0.020620108
0,0,0.091708235
0,0,0.11883254
0,0,0.020898202
0,0,0.078954384
0,0,0.0023369251
0,0,0.083501585
0,0,0.1086591
0,0,0.034910016
1,1,0.999998
0,0,0.06518205
1,1,0.9999968
0,0,0.030952826
0,0,0.0022431284
0,0,0.12797612
0,0,0.0025793961
1,1,0.99999785
0,0,0.3286263
0,0,0.02969765
0,0,0.110646434
0,0,0.047217652
1,1,0.6028431
0,0,0.019112296
0,0,0.08185191
0,0,0.011155896
0,0,0.016720345
0,0,0.04713249
0,0,0.028346794
1,0,0.19051224
1,0,0.109295286
1,0,0.2204463
0,0,0.09650415
0,0,0.0002880399
0,0,0.15400967
0,0,0.14395976
0,0,0.021975247
0,0,0.047027558
1,1,0.9910177
0,0,0.004628488
0,0,2.8446666e-05
0,0,0.011178679
0,0,0.048834614
1,1,0.9999976
1,1,0.9997328
0,0,0.09171334
0,0,0.059294578
0,0,0.00085046806
0,0,0.006001943
0,0,0.06422976
0,0,0.011722456
0,0,0.014717636
1,1,0.9999987
0,0,0.07146861
0,0,0.04686312
0,0,0.030959712
0,0,0.079487026
0,0,0.0001900212
0,0,0.08773345
0,0,0.05704474
0,0,0.0007562801
0,0,0.019482924
0,0,0.025696183
0,0,0.0023906743
0,0,0.0033698715
0,0,0.004951156
0,0,0.08005296
0,0,0.013514858
0,0,0.06584841
0,0,0.3977016
1,1,0.98176885
0,0,0.00093010295
0,0,0.39983368
0,0,0.00014359342
0,0,0.0017889191
0,0,0.055005286
0,0,0.02438714
0,0,0.0026530153
0,0,0.013516448
0,0,0.01632787
0,0,0.022226537
0,0,0.037102997
0,0,0.11954832
0,0,0.09839474
1,1,0.9860902
0,0,0.09107655
0,0,0.020831969
0,0,0.0073491517
0,0,0.14030601
0,0,0.009326749
1,1,0.8127955
0,0,0.03296666
0,0,4.2896645e-05
1,1,0.9999976
0,0,0.0061590807
1,1,0.9925685
0,0,0.039212618
0,0,0.002521994
0,0,0.0473972
0,1,0.603097
1,0,0.11871827
0,0,0.083457604
0,0,0.0040005404
0,0,0.075990245
0,0,0.024406537
0,0,0.030016506
0,0,0.029906647
0,0,0.15305263
0,0,0.0046953075
0,0,0.009320138
0,0,0.092033915
0,0,0.014106151
0,0,0.017519124
0,0,0.01191651
0,0,0.0131498845
0,0,0.0038079638
0,0,0.14198755
0,0,0.011989804
1,1,0.70935744
0,0,0.18403658
0,0,0.06823281
0,0,0.0028953748
0,0,0.025271744
0,0,0.008972907
1,0,0.08130027
1,1,0.99999833
0,0,0.0025573582
0,0,0.062212218
0,0,0.010836834
0,0,0.469544
0,0,0.00041514065
0,0,0.07108705
0,0,0.087010555
0,0,0.16513194
0,0,0.1606947
0,1,0.504255
1,1,0.7290441
0,0,0.08204349
0,0,0.033128526
0,0,0.15807067
0,0,0.01132188
0,0,0.046073865
0,0,0.12590168
1,1,0.99996614
1,1,0.9999976
0,0,0.09584887
0,0,0.13556509
0,0,0.00019329113
0,0,0.009278194
0,0,0.002851958
0,0,0.002209259
0,0,0.005047672
0,0,0.030110555
0,0,0.17815532
0,0,0.01137033
0,0,0.051721573
0,0,0.28498572
0,0,0.06054306
1,1,0.99839574
0,0,0.009390266
0,0,0.0045694895
0,0,0.45024663
0,0,0.024801252
0,0,0.003145275
0,0,0.032829326
0,1,0.6126962
0,0,0.11634422
0,0,0.0076982216
0,0,0.032438874
0,0,0.053718384
0,0,0.33480144
0,0,0.017356405
0,0,0.29280058
0,0,0.0040982533
0,0,0.009038763
0,0,0.022392185
0,0,0.0052271574
1,1,0.8192494
0,0,0.012575442
0,0,0.051856626
0,0,0.022730866
1,1,0.9999987
0,0,0.055522814
1,1,0.9999987
0,0,0.00010107816
1,0,0.06394879
0,0,0.05761413
0,0,0.008495069
0,0,0.035877988
0,0,0.01227723
0,0,0.03118693
0,0,0.026236888
1,1,0.91143507
0,0,0.00550796
0,0,0.050568424
0,0,0.00018802569
0,0,0.022353394
0,0,0.02289992
0,0,0.027248371
0,0,0.005956883
1,0,0.10458067
0,0,0.020724747
0,0,0.008065436
0,0,0.020859975
0,0,0.06292765
0,0,0.011900295
1,1,0.9970317
0,0,0.15740196
0,0,0.010632077
0,0,0.025787558
1,1,0.99999785
0,0,0.011341875
0,1,0.5894213
0,1,0.56133205
0,0,0.02418406
0,0,0.025153622
0,0,0.09425773
0,0,0.022249158
0,0,0.0019162284
0,0,0.07990909
0,0,0.004534965
0,0,0.010219998
0,0,0.01693158
0,0,0.0003984018
0,0,0.060972385
0,0,0.43799773
0,0,0.10246415
0,0,0.37240636
1,1,0.99999774
0,0,0.0008964882
0,0,0.007997258
1,1,0.9894132
0,0,0.11524161
0,0,0.00011925478
0,0,0.043588493
0,0,0.13677193
0,0,0.01176926
1,1,0.99640477
0,0,0.14817508
0,0,0.002806673
0,1,0.90902656
0,0,0.023195202
0,0,0.057261724
1,1,0.9873176
0,0,0.40549585
1,1,0.9993536
0,0,0.026032947
1,1,0.99999344
0,0,0.061944723
0,0,0.003460061
0,0,0.046981025
0,0,0.2114301
1,1,0.9999987
0,0,0.01989013
0,0,0.055522814
0,0,0.21422492
0,0,0.16868226
0,0,0.19914234
0,0,0.022271447
0,0,0.01891932
1,1,0.99999833
1,1,0.99999833
0,0,0.0011855948
0,0,0.0040705106
1,1,0.9345819
0,0,0.055889077
1,1,0.9999987
0,0,0.033137348
0,0,0.031551253
0,0,0.02984397
0,0,0.037998583
0,0,0.000981343
0,0,0.41350317
1,1,0.9999987
0,0,0.033273842
0,0,0.0027825495
1,1,0.999998
0,0,0.01935126
0,0,0.06777521
0,0,0.020202419
0,0,0.45674482
0,0,0.013221199
0,0,0.18911889
0,0,0.0066481945
0,0,0.00022863178
0,0,0.028381428
0,0,0.003425506
0,0,0.0070931534
0,0,0.004246317
0,0,0.055739332
0,0,0.011202624
0,0,0.073255435
0,0,0.31504014
0,0,0.004691224
1,1,0.9999987
0,0,0.2997222
0,0,0.3110485
1,1,0.99999833
0,0,0.045327555
0,0,0.08940678
0,0,0.101080775
1,1,0.94468904
0,0,0.012826279
0,0,0.037144125
1,1,0.7528952
0,0,0.014099601
0,0,0.0026968163
0,0,2.9560757e-05
1,1,0.9999988
0,0,0.31153437
0,0,0.01282259
0,0,0.45024663
1,1,0.9999895
0,0,0.056625698
0,0,0.01651623
0,0,0.012313904
0,0,0.08638673
0,0,0.029865224
0,0,0.007874117
0,0,0.0029678815
1,1,0.91768116
0,0,0.0015221034
1,1,0.61726636
1,0,0.011823556
0,0,0.0008871881
1,0,0.06896092
0,0,0.050431274
0,0,0.005235669
0,0,0.022751685
0,0,0.072571784
0,0,0.0011048786
0,0,0.002960013
0,0,0.0027711804
0,0,0.034485225
1,1,0.9974262
0,0,0.018517237
0,0,0.14890386
0,0,0.11499178
0,0,0.004770194
0,0,0.0110467775
0,0,0.16851671
0,0,0.015228772
1,1,0.9999144
0,0,0.08340243
0,0,0.35156
0,0,0.01911092
0,0,0.09600032
0,0,0.29479438
0,0,0.02348389
0,0,0.14105093
0,0,0.0347473
0,0,0.0077971965
0,0,0.008343566
0,0,0.0015532242
0,0,0.01708812
1,1,0.9999962
1,1,0.9999987
0,0,0.0107727675
0,0,0.26624694
1,1,0.99345267
0,0,0.08346481
0,0,0.110023804
1,1,0.99999785
0,0,0.0129600065
0,0,0.14578073
0,0,0.076668896
0,0,0.22297914
0,0,0.15336365
0,0,0.0062475647
0,0,0.12121792
0,0,0.04445483
0,0,0.0026240079
0,0,0.0075583966
0,0,0.007558761
0,0,0.019142902
0,0,0.006686961
0,0,0.0041688327
0,0,0.053647976
0,0,0.013328271
0,1,0.50869244
0,0,0.0032610728
0,0,0.0052013826
0,0,0.22426896
0,0,0.0024379673
0,0,0.07865517
1,1,0.9999976
1,1,0.9999968
0,0,0.02515119
1,1,0.9999987
0,0,0.06735903
0,0,0.009071199
0,0,0.000709644
0,0,0.007863999
0,0,0.0080407
0,0,0.062556796
0,0,0.080694355
0,0,0.123943776
0,0,0.008812679
0,0,0.051419683
0,0,0.16422313
1,1,0.99999845
0,0,0.33179379
0,0,0.045659732
0,0,0.1748505
0,0,0.024890423
0,0,0.2833379
0,0,0.081081845
1,1,0.9999987
0,0,0.00733523
0,0,0.0026136492
0,0,0.0024267188
0,0,0.012182966
0,0,0.012679745
0,0,0.03828699
0,0,0.08258714
1,1,0.9940253
0,0,0.10384355
0,0,0.025820272
1,1,0.99999785
0,0,0.002689493
0,0,0.07026011
1,0,0.13931665
0,0,0.0042434745
0,0,0.015557042
1,1,0.99999833
0,0,0.111328624
0,0,0.09824644
0,0,0.024562547
1,1,0.9391521
0,0,0.074653715
0,0,0.0339282
0,0,0.091401346
0,0,0.005872082
0,0,0.038214833
0,0,0.0007838476
0,0,0.31431824
0,0,0.0073726587
1,1,0.9762222
1,1,0.999998
0,0,0.01678656
0,0,0.06412584
0,0,0.031277586
0,0,0.022587247
0,0,0.0041805683
0,0,0.012763621
0,0,0.061424233
0,0,0.40700036
1,1,0.99999774
0,0,0.0020087594
0,0,0.04227174
0,0,0.015582331
0,0,0.028753104
0,0,0.07192727
0,0,0.008882116
0,0,0.40137413
0,0,0.093976535
1,1,0.9999987
0,0,0.014037607
1,1,0.9999858
0,0,0.29479438
0,0,0.018554647
0,0,0.01750066
0,0,0.005135081
1,1,0.99999833
0,0,0.24997532
1,1,0.7014833
0,0,0.039071497
0,0,0.018234173
0,0,0.40047833
0,0,0.0014237534
0,0,0.0122074885
0,0,0.09816551
0,0,0.0006025608
0,0,0.17389503
0,0,0.077969395
1,1,0.9999988
1,1,0.9999988
0,0,0.056625698
0,0,0.11006679
0,0,0.018384865
0,0,0.011229277
0,0,0.08538136
0,0,0.20100646
0,0,0.010618848
0,0,0.06645605
0,0,0.22635305
0,0,0.016936209
0,0,0.0114060035
0,0,0.027432786
0,0,0.0075981854
0,0,0.1653998
1,1,0.99998844
0,0,0.038628653
1,0,0.11436758
0,0,0.0010625756
0,0,0.029032707
0,0,0.0765944
0,0,0.050928418
0,0,0.0125401905
0,0,0.026420826
0,0,0.046672646
0,0,0.00045958403
0,0,0.005365807
1,1,0.83333445
1,1,0.99999833
0,0,0.092797734
0,0,0.0221855
0,0,0.05898084
0,0,0.1421252
0,0,0.01012926
1,1,0.9999976
0,0,0.1631158
0,0,0.009549251
0,0,0.024722004
0,0,0.041029327
1,0,0.15435031
0,0,0.2997222
1,1,0.5300659
0,0,0.0030319705
1,1,0.99999833
0,0,0.0007227589
0,0,0.006534069
1,1,0.9999987
1,1,0.99999833
0,0,0.0010512307
0,0,0.0023424858
0,0,0.003576637
1,1,0.99999833
0,0,0.0044504646
0,0,0.06739352
1,1,0.9999987
0,0,0.002911594
0,0,0.006743581
0,0,0.4682852
0,0,0.016404571
0,0,0.02474493
0,0,0.33617046
0,0,0.40958855
1,0,0.4111005
0,0,0.003297405
0,0,0.18602343
1,1,0.9999976
0,0,0.035712477
0,0,0.000952116
0,0,0.0013715808
0,0,0.13936754
0,0,0.030191207
0,0,0.0473624
1,1,0.999998
0,0,0.002132212
0,0,0.08516535
0,0,0.068967804
0,0,0.0028421285
1,0,0.028060239
0,0,0.012985626
0,0,0.16732107
0,0,0.025893806
0,0,0.0010840498
0,0,0.07207629
0,0,0.010286005
0,0,0.0034029698
0,0,0.009705222
0,0,0.00062937214
0,0,0.009381974
0,0,0.051532976
0,0,0.14425762
0,0,0.062392317
0,0,0.017935015
0,0,0.058170665
1,1,0.99999833
0,0,0.054847617
0,0,0.059451867
0,0,0.014948329
0,0,0.11711051
0,0,0.017465996
0,0,0.00601895
0,0,0.05369138
0,0,0.0076476578
0,0,0.2143661
1,0,0.4800023
0,0,0.074228734
1,1,0.9999976
0,0,0.018155942
0,0,0.00961707
0,0,0.16350618
0,0,0.05162507
1,1,0.9999988
0,0,0.026265293
0,0,0.021622512
0,0,0.006922616
0,0,0.28411716
0,0,0.022298278
0,0,0.012462786
0,0,0.00607756
0,0,0.083646
1,1,0.97537327
0,0,0.049696203
0,0,0.02655566
0,0,0.0005074445
0,0,0.054714106
0,0,0.056592688
0,0,0.0009194035
0,0,0.28411716
0,0,0.04987231
0,0,0.0020607775
0,0,0.019904826
0,0,0.014648478
0,0,0.11378193
0,0,0.0068320255
0,0,0.0075981854
0,0,0.038057726
0,0,0.05826811
0,0,0.0069847596
0,0,0.0015525972
0,0,0.11732765
0,0,0.020676497
0,0,0.0006577909
0,0,0.09747685
0,0,0.015044276
1,1,0.99999785
0,0,0.009887069
1,0,0.29680744
1,1,0.9999988
0,0,0.27671432
0,0,0.03225482
0,0,0.008527031
0,0,0.032842364
0,0,0.031362608
0,0,0.06325729
0,0,0.004630279
0,0,0.039519534
1,1,0.99997354
0,0,0.04051884
0,0,0.025953626
0,0,0.045572005
0,0,0.0936299
0,0,0.35367072
0,0,0.0083201835
0,0,0.040694367
1,1,0.9976025
0,0,0.013328271
0,0,0.107191995
0,0,0.006170638
0,0,0.03969175
0,0,0.017285606
0,0,0.009517616
0,0,0.011573931
0,0,0.019142902
0,0,4.710635e-05
0,0,0.11213148
0,0,0.03199022
0,0,0.0026046813
1,1,0.7994363
0,0,0.005116954
0,0,0.10433268
0,0,0.44387946
0,0,0.27928615
0,0,0.027433231
1,1,0.9999976
0,0,0.055083044
0,0,0.0030977805
0,0,0.00447529
0,0,0.073406614
0,0,0.16628487
0,0,0.010711191
1,0,0.3225366
0,0,0.05896577
0,0,0.24799807
0,0,0.038951583
0,0,0.37928614
0,0,0.0039598322
0,0,0.07045828
0,0,0.066764414
0,0,0.004961692
0,0,0.017748639
0,0,0.01640287
0,0,0.014884708
1,1,0.58728284
0,0,0.005750808
1,0,0.4400927
1,1,0.9999989
0,0,0.27493644
0,0,0.28921905
1,1,0.99999833
0,0,0.009707642
0,0,0.009697466
0,0,0.2864442
0,0,0.04834604
1,1,0.93807423
0,0,0.052016445
0,0,0.05616592
0,0,0.002205344
0,0,0.11397171
0,0,0.0073401616
0,0,0.027005844
1,1,0.7114842
0,0,0.00037403035
0,0,0.07024167
0,0,0.028733015
0,0,0.021691281
0,0,0.048386168
1,0,0.4785157
1,1,0.99999654
0,0,0.012082592
0,0,0.03894966
0,0,0.14356391
1,1,0.99999833
1,1,0.97858226
0,0,3.269444e-05
1,1,0.9999987
0,0,0.008664727
0,0,0.119537555
0,0,0.0055743824
1,1,0.9710225
0,0,0.0057468778
0,0,0.06584841
0,0,0.02271083
1,1,0.9999988
0,0,0.3334222
0,0,0.16567785
1,0,0.46105894
1,1,0.9999988
0,0,0.02487813
0,0,0.041533463
0,0,0.02894103
0,0,0.22746024
0,0,0.031738877
1,1,0.9999988
0,0,0.034772303
0,0,0.017143978
1,1,0.9925276
1,1,0.99999833
1,1,0.9999987
0,0,0.08926104
0,0,0.0028044386
0,0,0.04013562
0,0,0.06448699
1,1,0.98995847
0,0,0.09157133
0,0,0.049884647
0,0,0.0043008863
0,0,0.1791399
0,0,0.35118315
0,0,0.24501213
0,0,0.19276634
0,0,0.0018851093
0,0,0.025056243
1,1,0.99999857
0,0,0.00069947314
0,0,0.019941142
0,0,0.0046004117
0,0,0.017832845
0,0,0.031924114
0,0,0.050570745
0,0,0.28608936
0,0,0.023077125
0,0,0.062559575
0,0,0.002960663
0,0,0.07969954
0,0,0.03733717
1,1,0.9999976
0,0,0.042176604
0,0,0.0360987
1,1,0.9999976
0,0,0.044967454
0,0,0.33557615
0,0,0.010266892
0,0,0.006264551
0,1,0.6937744
0,0,0.05718756
0,0,0.037243385
0,0,0.051842302
0,0,0.09877953
0,0,0.04294206
0,0,0.15522736
0,0,0.048404355
0,0,0.15663218
0,0,0.3763183
0,0,0.030417904
1,1,0.99999785
0,0,7.839961e-05
0,0,0.017960615
0,0,0.01947909
0,0,0.038425867
0,0,0.4546231
0,0,0.0015903248
1,1,0.9999976
0,0,0.022677865
0,0,0.0028685562
0,0,0.09665418
1,1,0.9999988
0,0,0.019379795
1,1,0.9999987
0,0,0.0021920581
0,0,0.05797283
0,0,0.00050959346
0,0,0.06160639
0,0,0.16188791
1,1,0.99999833
0,0,0.034942944
0,0,0.3948154
0,0,0.09744413
0,0,0.024978427
0,0,0.03697927
0,0,0.024640348
0,0,0.0074324096
0,0,0.1430876
0,0,0.023309076
0,0,0.29645988
0,0,0.0526875
0,0,0.11845503
0,0,0.20736828
0,0,0.15208961
0,0,0.23763773
0,0,0.005189378
0,0,0.010503914
0,0,0.29479438
0,0,0.011360509
0,0,0.029528739
0,0,0.00613042
0,0,0.2319484
1,1,0.833157
0,0,0.0082679605
0,0,0.008573123
1,1,0.9999987
0,0,0.020653125
0,0,0.18715997
1,1,0.9999988
1,0,0.29673064
1,1,0.99999785
0,0,0.0540167
1,0,0.31834722
1,1,0.9976025
0,0,0.0004932572
0,0,0.36478433
0,0,0.03229296
0,0,0.0078324275
0,0,0.04934025
0,0,0.029811045
0,0,0.005615194
0,0,0.17166176
0,0,0.0045965724
0,0,0.0994141
0,0,0.032879174
1,1,0.99999845
0,0,0.021091584
0,0,0.00731959
0,0,0.23353216
0,0,0.10599482
0,0,0.41350317
0,0,0.03618515
0,0,0.01345061
0,0,0.012004782
1,1,0.9999987
0,0,0.05644378
0,0,0.09849974
0,0,0.06343512
0,1,0.750173
0,0,0.002426225
0,0,0.048287783
0,0,0.03547501
1,1,0.8893858
1,1,0.99999833
1,1,0.9999987
0,0,0.0013500217
0,0,0.36881816
0,0,0.029002167
0,0,0.008254104
0,0,0.009635353
0,0,0.13667528
1,1,0.9003885
0,0,0.019879732
0,0,0.071133226
0,0,0.014326773
0,0,0.05760755
0,0,0.07597287
0,0,0.08854934
0,0,0.27671432
0,0,7.428903e-05
1,0,0.41350317
0,0,3.479717e-05
0,0,0.0047037425
0,0,0.0042265253
0,0,0.0019667784
0,0,0.16862997
1,1,0.98646694
1,1,0.9999988
0,0,0.07086975
0,0,0.0006410797
0,0,0.012692903
1,1,0.84906685
0,0,0.0140782865
0,0,0.2605054
0,0,0.0051660887
0,0,0.0050400454
0,0,0.089646906
0,0,0.0350294
0,0,0.009052262
0,0,0.11078117
0,0,0.02543064
1,1,0.99999833
0,0,0.00012170763
1,0,0.18222427
0,0,0.15036531
0,0,0.34899268
0,1,0.5187014
1,0,0.22493473
1,1,0.98114794
0,0,0.3900317
0,0,0.012294717
0,0,0.11556535
0,0,0.35024852
0,0,0.00011857962
1,1,0.9999987
0,0,0.01310001
0,0,0.12872875
0,0,0.19538927
0,0,0.019542025
0,0,0.016740024
0,0,0.021975996
1,1,0.99842286
0,0,0.0014774547
1,1,0.56207407
0,0,0.011061686
0,0,0.031541273
1,1,0.8371705
0,0,0.09375761
0,0,0.0010227823
1,1,0.99999833
0,0,0.27189583
0,0,0.022359068
0,0,0.09640304
0,0,0.13144343
0,0,0.049809095
1,1,0.9999987
1,1,0.9999987
0,0,0.05140987
0,0,0.01359907
0,0,0.25126785
0,0,0.0060232105
0,0,0.05923076
0,0,0.014504657
1,1,0.9941795
0,0,0.16440523
0,0,0.0013197422
0,0,0.022874748
0,0,0.022855343
0,0,0.00018907723
0,0,0.24673712
0,0,0.019658146
1,1,0.999998
0,0,0.006580423
0,0,0.01886061
0,0,0.2798988
0,0,0.05912955
1,1,0.99999833
0,0,0.010413266
0,0,0.039841738
0,0,0.19210158
1,1,0.99999845
0,0,0.0058172257
0,0,0.016852181
0,0,0.17918666
0,0,0.0008168506
1,1,0.9999306
0,0,0.34321707
0,0,0.0014749413
0,0,0.007545723
0,0,0.012724979
0,0,0.03321413
0,0,0.017326623
0,0,0.12529162
1,1,0.9999987
0,0,0.022995511
0,0,0.17666352
0,0,0.08282466
0,0,0.048663653
0,0,0.045810733
0,0,0.0018986271
1,1,0.9999987
0,0,0.036063135
0,0,0.002391392
0,0,0.003677609
1,1,0.99999785
0,0,0.00658259
0,0,0.07100285
0,0,0.029313348
0,0,0.0015524796
1,1,0.99999785
0,0,0.4543449
0,0,0.010285631
0,0,0.010308339
1,1,0.99999833
0,0,0.018012451
0,0,0.08801028
0,0,0.22818325
0,0,0.045889515
0,0,0.47257474
0,0,0.0013620056
0,0,0.063009165
0,0,0.19885297
0,0,0.01026509
1,1,0.96892244
0,0,0.014554942
0,0,0.027829679
0,0,0.107448615
0,0,0.06486054
1,1,0.99999833
0,0,0.28457788
0,0,0.07052431
0,0,0.084805384
0,0,0.0016785597
0,0,0.007984557
0,0,0.20633122
0,0,0.11938072
0,0,0.42689186
0,0,0.25081083
0,0,0.0009646942
0,0,0.00041538963
0,0,0.016388046
0,0,0.001567841
0,0,0.06813497
1,1,0.9999987
0,0,0.007216402
0,0,0.0022773447
0,0,0.023099307
0,0,0.23536135
0,0,0.0038196614
1,1,0.82591516
0,0,0.22293863
0,0,0.19878232
0,0,0.008713604
0,0,0.0026627255
0,1,0.6662542
1,0,0.12143556
0,0,0.0029569988
0,0,0.0017530065
0,0,0.08766519
0,0,0.25373617
0,0,0.08308539
0,0,0.017391825
0,0,0.116818115
0,0,0.008570453
1,1,0.9999987
1,1,0.999998
0,0,6.329845e-05
0,0,0.011341875
0,0,0.0034675484
0,0,0.026517654
1,1,0.7534613
0,0,0.0025821566
0,0,0.013239606
0,0,0.020365762
0,0,0.07488576
0,0,0.080954
0,0,0.022205532
1,1,0.5866987
1,1,0.93425214
1,1,0.9999987
0,0,0.0036432943
0,0,0.00095267
0,0,0.021597007
0,0,0.061253358
0,0,0.063353725
0,0,0.018517237
1,1,0.97798723
0,0,0.032932594
0,0,0.031971768
0,0,0.07573424
0,0,0.10211198
0,0,0.009200986
0,0,0.23383555
0,0,0.02414476
0,0,0.0040128883
0,0,0.01710899
0,0,0.0775741
0,0,0.3010871
0,0,0.024415854
0,0,0.35715288
0,0,0.0051411157
0,0,0.0005429022
0,0,0.013567208
0,0,0.008639905
0,0,0.037956327
0,0,0.004975103
0,0,0.19690852
0,0,0.014252259
0,0,0.002284537
0,0,0.11204242
0,0,0.036498677
0,0,0.00015807858
0,0,0.00051715854
1,0,0.07341093
0,0,0.33394253
0,0,0.053400397
0,0,0.0053094015
0,0,0.0021780396
0,0,0.05878435
0,0,0.0023854952
0,0,0.048499886
0,0,0.0014213225
0,0,0.011751499
1,1,0.9999987
0,0,0.01098486
0,0,0.0003421026
0,0,0.02254936
0,0,0.28608936
0,0,0.010239078
0,0,0.0152122695
0,0,0.021279037
0,0,0.21238153
0,0,0.0016832694
0,0,0.18110391
1,0,0.49347052
0,0,0.054714616
0,0,0.031308547
0,0,0.00014237156
0,0,0.0044361167
0,0,0.030233635
1,1,0.9999976
0,0,0.025145741
0,0,0.3732088
0,0,0.0030147645
0,0,6.050808e-05
0,0,0.010002869
0,0,0.45024663
0,0,0.09553626
0,0,0.00524737
0,0,0.06418299
0,0,0.019103903
0,0,0.0018657696
0,0,0.0972669
1,1,0.9999976
0,0,0.049659155
0,0,0.00872773
0,0,0.0006432257
0,0,0.07976782
0,0,0.04558835
0,0,0.0072278627
0,0,0.0007043167
0,0,0.11574396
0,0,0.0132360365
0,0,0.14317222
0,0,0.018262623
0,0,0.04960969
0,0,0.0026015206
0,0,0.032712106
0,0,0.0017476759
0,0,0.017302567
0,0,0.0027152968
0,0,0.043528784
0,0,0.14594771
0,0,0.023007518
0,0,0.09422319
0,0,0.03853686
0,0,0.18828718
0,0,0.14204255
0,0,0.024141958
0,0,0.09644519
0,0,0.01430282
0,0,0.016500048
0,0,0.05375507
0,0,0.08826168
0,0,0.06627364
0,0,0.014366771
0,0,0.15984544
0,0,0.0010097096
0,0,0.013707091
0,0,0.19006337
0,1,0.6655911
0,0,0.0798329
0,0,0.112425335
0,0,0.0059509394
0,0,0.00037001725
0,0,0.0015594527
0,0,0.0017422603
0,0,0.077860385
0,0,0.014874504
0,0,0.049611486
0,0,0.011725649
0,0,0.039522193
1,1,0.99999785
0,0,0.08236407
0,0,0.009495445
0,0,0.024701567
0,0,0.038210478
0,0,0.1655958
0,0,0.07954384
0,0,0.005205497
0,0,0.009686075
0,0,0.0032333282
0,0,0.043974508
0,0,0.025754236
0,0,0.046920896
0,0,0.0189091
0,0,0.03952002
1,1,0.99999833
0,0,5.715319e-05
0,0,0.0062852693
0,0,0.17085181
0,0,0.015319124
0,0,0.0019751808
0,0,0.19946109
0,0,0.007763026
0,0,0.021483453
1,1,0.9999119
0,0,0.3900317
1,1,0.99999785
0,0,0.07906536
0,0,0.0870948
0,0,0.03606116
0,0,0.22447756
1,1,0.9957373
1,1,0.9925189
0,0,0.07204646
0,0,0.0142220585
0,0,0.011690629
0,0,0.26531705
0,0,0.030455906
0,0,0.3244063
0,0,0.0003851929
0,0,0.0039997823
0,0,0.0033916023
0,0,0.045952763
0,0,0.03571676
0,0,0.15307191
0,0,0.027503679
0,0,0.010516321
0,0,0.0035802193
0,0,0.07395887
1,1,0.85803163
0,0,0.009478928
0,0,0.19768792
0,0,0.16610543
0,0,0.005426328
0,0,0.005309568
0,0,0.019398956
0,0,0.031922046
0,1,0.58485305
0,0,0.10343261
0,0,0.0081496015
0,0,0.0004930623
1,1,0.99999833
0,0,0.03501518
0,0,0.0044255555
0,0,0.0814436
0,0,0.00038016678
1,0,0.32296532
0,0,0.03342222
0,0,0.014609799
0,0,0.20656624
0,0,0.12907167
0,0,0.019492323
1,1,0.99999785
0,0,0.0043823593
0,0,0.2249275
0,0,0.15927662
0,0,0.27764654
1,0,0.2997222
0,0,0.00808649
0,0,0.16957729
0,0,0.048306085
0,0,0.018842343
0,0,0.45576206
0,0,0.052783318
0,0,0.098448776
1,1,0.99999833
0,0,0.025091264
0,0,0.021917218
0,0,0.09109418
0,0,0.0034675484
0,0,0.008547247
0,0,0.06074957
0,0,0.08278501
0,0,0.07333236
0,0,0.028147567
0,0,0.2935785
1,1,0.9999987
1,1,0.99997365
1,1,0.999998
0,0,0.008468899
0,0,0.44938478
0,0,0.015319584
0,0,0.14870855
1,1,0.9999976
0,0,0.011840438
1,1,0.99999845
0,0,0.017084237
0,0,0.07238728
0,0,0.016683975
0,0,0.047000434
0,0,0.019414572
0,0,0.011686708
1,1,0.9889797
1,1,0.9999845
0,0,0.0014030179
0,0,0.0028531405
1,1,0.99999833
0,0,0.0075981854
0,0,0.0013004787
0,0,0.0074562067
0,0,0.2997222
1,1,0.9511835
0,0,0.009492557
0,0,0.020836415
0,0,0.035263713
0,0,0.008714848
1,0,0.4543449
1,1,0.70659554
0,0,0.16499572
0,0,0.01811566
0,0,0.018243872
0,0,0.035477627
0,0,0.13744959
0,0,0.001822614
0,0,0.1717371
0,0,0.0065269843
0,0,0.046703566
1,1,0.99423087
0,0,0.0059052436
0,0,0.00546375
0,0,0.0016203861
0,0,0.05948356
0,0,4.5769753e-05
0,0,0.030926982
0,0,0.011443216
0,0,0.0065720053
0,1,0.7200469
0,0,0.034037456
0,0,0.21381672
1,0,0.34751502
0,0,0.031699087
1,1,0.99999833
0,0,0.024006102
0,0,0.2997222
0,0,0.020535814
0,0,0.080269136
1,1,0.9999976
0,0,0.009207304
0,0,0.06557989
0,0,0.012537457
0,0,0.009779705
0,0,0.01812349
0,0,0.069873706
0,0,0.05041511
0,0,0.014747427
1,0,0.003572975
0,0,0.0039989296
0,0,0.15084511
0,0,5.041602e-05
0,0,0.006947591
0,0,0.0066162166
0,0,0.01855139
0,0,0.012441584
1,1,0.99999833
0,0,0.07385936
0,0,0.0012709583
0,1,0.52942395
0,0,0.13536094
1,1,0.9999968
0,0,0.008651283
0,0,0.0072109145
0,0,0.015409338
1,1,0.99999833
0,0,0.19597104
0,0,0.10146385
0,0,0.02292739
0,0,0.16027385
0,0,0.0034864927
0,0,0.046998072
0,0,0.002395909
0,0,0.0058338456
0,0,0.034571867
0,0,0.004564196
0,0,0.07119189
0,0,0.001806178
0,0,0.0025477551
0,0,0.10935348
0,0,0.06431101
0,0,0.007437301
0,0,0.00031174853
0,0,0.023315938
0,0,0.0236574
0,0,0.015033003
0,0,0.15470459
0,0,0.04396753
0,0,0.065753676
0,0,0.031359624
1,1,0.9808139
0,0,0.0060780523
0,0,0.2997222
1,1,0.86040306
0,0,0.0033698715
0,0,0.004183364
0,0,0.01681367
0,0,0.08364719
1,1,0.68865657
0,0,0.012953781
0,0,0.0072820215
0,0,0.010417183
0,0,0.0039509367
0,0,0.19653286
0,0,0.029654803
1,1,0.9999988
0,0,0.092003934
0,0,0.0016390622
0,0,0.0027951486
0,0,0.09822311
1,1,0.9346913
1,1,0.9432601
0,1,0.6196465
0,0,0.09750997
0,0,0.032201115
0,0,0.028372945
0,0,0.007176335
0,0,0.004064044
0,0,0.27980936
0,0,0.009191349
0,0,0.0012809249
0,0,0.16913003
1,1,0.99999774
1,0,0.35425732
0,0,0.0004625456
0,0,0.003344857
0,0,0.0044944864
0,0,0.029107725
0,0,0.09147003
1,1,0.99999833
0,0,0.0006807133
0,0,0.06873527
0,0,0.041322168
0,0,0.0108627025
1,1,0.9999987
0,0,0.20868164
0,0,0.00091507356
1,1,0.99999833
1,1,0.9999976
0,0,0.008275601
0,0,0.08088926
0,0,0.034359336
1,1,0.9954998
0,0,0.004663693
0,0,0.040959947
0,0,0.27015474
1,1,0.99999654
0,0,0.003794652
0,0,0.0010003534
0,0,0.007098421
0,0,0.014681951
0,0,0.00029906924
0,0,0.03736244
0,0,0.0052726762
0,0,0.0085476395
0,0,0.24035294
0,0,0.0055170883
0,0,0.009520094
0,1,0.5129496
0,0,0.01896708
0,0,0.086472504
0,0,0.0057281195
0,0,0.00067973015
1,1,0.9999987
0,0,0.00027151525
0,0,0.08162193
0,0,0.011213451
0,0,0.03445633
0,0,0.004773555
0,0,0.0117403725
1,1,0.97243226
0,0,0.0011161807
0,0,0.3235539
1,1,0.9999988
0,0,9.422044e-05
0,0,0.07682403
1,0,0.44507906
0,0,0.007887311
1,1,0.99999285
0,0,0.058373656
0,0,0.10253423
0,0,0.03881294
0,0,0.045209084
0,0,0.04715125
0,0,0.00023573675
0,1,0.52861893
1,1,0.99833184
0,0,0.048778355
0,0,0.08373857
0,0,0.003935931
0,0,0.013361785
0,0,0.02769703
0,0,0.0005245096
0,0,0.2317358
0,0,0.124873586
0,0,0.0037009462
0,0,0.015130736
0,0,0.008345714
0,0,0.017302567
0,0,0.10824536
1,0,0.16334723
0,0,0.31796923
0,0,0.0135435155
0,0,0.012654127
0,0,0.16920878
1,0,0.3545833
0,0,0.033729833
0,0,0.15767576
1,1,0.9999988
0,0,0.024011808
0,0,0.0016880825
0,0,0.03131292
1,1,0.9999988
0,0,0.109411456
0,0,0.008115864
0,0,0.015241342
0,0,0.0051359185
0,0,0.029247995
0,0,0.47257474
0,0,0.23673858
0,0,0.0591594
0,0,0.0015391594
0,0,0.006444612
0,0,0.0005772224
0,0,0.0026356569
0,0,0.008383338
0,0,5.4861075e-06
0,0,0.05438254
0,0,0.049747296
0,0,0.016622959
1,1,0.9999987
0,0,0.47257474
0,0,0.006431898
0,0,0.0063301334
0,0,0.093346454
0,0,0.035684135
0,0,0.0014079483
0,0,0.003266496
0,0,0.28479767
1,1,0.9999988
0,0,0.0057245037
0,0,0.018273965
0,0,0.035769377
1,1,0.9999988
0,0,0.0034984644
0,0,0.3944763
1,1,0.9999988
0,0,0.0116515
0,0,0.002486635
0,0,0.01378502
1,1,0.9664402
0,0,0.37069348
0,0,0.04282927
1,1,0.87632877
0,1,0.8282289
0,0,0.002688287
1,1,0.9999976
1,0,0.064649194
0,0,0.33179379
0,0,0.017051494
1,1,0.99999833
0,0,0.0036453549
1,1,0.99999785
1,1,0.97539425
0,0,0.37569764
0,0,0.2872658
1,1,0.6256338
0,0,0.037427437
0,0,0.0076945513
0,0,0.008661234
0,0,0.008688269
0,0,0.009753047
0,0,0.0026565187
0,0,0.015447772
0,0,0.0706742
0,0,0.34648553
0,0,0.33148095
0,0,0.026966395
0,0,0.031971768
0,0,0.013424257
0,0,0.00036788735
0,1,0.6760256
0,0,0.045525175
0,0,0.0368174
0,0,0.12133422
0,0,0.02717123
0,0,0.012313904
0,0,0.09492647
0,0,0.34146369
0,0,0.06562503
0,0,0.060885187
1,1,0.67195946
0,0,0.0009865143
0,0,0.01974841
0,0,0.0025966035
0,0,0.064144574
0,0,0.00447399
1,0,0.25709027
0,0,0.119609095
0,0,0.13820699
0,0,0.05424081
0,0,0.03044078
0,0,0.05502031
0,0,0.045195296
1,1,0.9828514
0,0,0.012078682
0,0,0.0076024905
0,0,0.19653286
0,0,0.15391433
0,0,0.0033960133
0,0,0.39401996
0,0,0.07741069
0,0,0.25661284
0,0,0.08582129
0,0,0.0012750141
0,0,0.065432616
0,0,0.053600986
0,0,0.21647236
0,0,0.0005944765
0,0,0.09574155
0,0,0.095233254
0,0,0.001416278
0,0,0.44348118
0,0,0.051277243
1,1,0.99999845
0,0,0.0334208
1,1,0.9622033
0,0,0.15759219
0,0,0.0033786218
0,0,0.0360118
1,1,0.9999976
0,0,0.029653212
0,0,0.17016956
0,0,0.044020366
0,0,0.022059826
0,0,0.002951023
0,0,0.06081543
0,0,0.04924124
0,0,0.0027294606
0,0,0.30184272
1,1,0.99999833
0,0,0.0017474779
0,0,0.02642209
0,0,0.27671432
0,0,0.030748969
0,0,0.073708884
0,0,0.00017114803
0,0,0.005326798
0,0,0.034615047
0,0,0.005332137
0,0,0.109855406
1,1,0.9976418
0,0,0.00054928724
0,0,0.2463062
0,0,0.01873369
0,0,0.016787332
1,1,0.99680424
0,0,0.055602
0,0,0.40958855
1,1,0.56350946
0,0,0.12712331
0,0,0.001521389
0,0,0.09796771
0,0,0.08998534
0,0,0.008331282
0,0,0.009382405
0,0,0.074203506
1,1,0.73725176
0,0,0.0034675484
0,0,0.010048028
0,0,0.035799135
0,0,0.00025519176
0,0,0.014535573
0,0,0.037943028
0,0,0.015942147
0,0,0.22342443
0,0,0.16275927
0,0,0.018420812
0,0,0.07867317
1,1,0.8794051
0,0,0.025163086
0,0,0.017621038
0,0,0.29910764
0,0,0.053804643
0,0,0.051181026
0,0,0.42019776
1,1,0.9999244
0,0,0.04355588
0,0,0.0061250455
0,0,0.061659064
0,0,0.35619235
0,0,0.09812632
0,0,0.10288564
1,0,0.41557404
0,1,0.8095621
1,1,0.69426864
0,0,0.003152996
0,0,0.0669737
0,1,0.5403644
0,0,0.055386208
0,0,0.40958855
1,1,0.97494465
0,0,0.123992346
0,0,0.040139705
0,0,0.089840055
0,0,0.1714664
0,0,0.043099727
0,0,0.015575507
0,0,0.048700955
0,1,0.5002345
0,0,0.0005674465
0,0,0.0039719925
0,0,0.112012036
0,0,0.00045324987
0,0,0.026142668
1,1,0.87783885
0,0,0.006396862
0,0,0.022642303
1,1,0.9999976
0,0,0.00063516374
0,0,0.03795667
0,0,0.25304982
0,0,0.049346693
0,0,0.16805156
1,1,0.65931535
0,0,0.15837035
0,0,0.46699694
1,0,0.29317993
0,0,0.055197082
1,1,0.999998
0,0,0.009122779
0,0,0.041547503
0,0,0.47277802
0,0,0.023463022
0,0,0.021940894
0,0,0.00047708311
0,0,0.06739716
0,0,0.0007553768
0,0,0.0010781628
1,0,0.28055894
0,0,0.012583752
0,0,0.023556728
0,0,0.065245315
0,0,0.2387306
1,1,0.99363154
0,0,0.022598503
0,0,0.013390102
0,0,0.043814085
0,0,0.0610726
0,0,0.02625234
0,0,0.07975407
0,0,0.06820511
0,0,0.025652312
0,0,0.024891011
0,0,0.0005921786
0,0,0.005773665
0,0,0.12851489
0,0,0.033661127
0,0,0.09877085
1,0,0.24671021
1,1,0.98902225
0,0,0.01401893
0,0,0.22742565
0,0,0.035056893
0,0,0.0027148603
0,0,0.027839288
1,1,0.98703545
0,0,0.13967456
0,0,0.039880987
0,0,0.037044097
0,0,0.002442764
0,0,0.046397135
1,1,0.99999833
0,0,0.011623156
0,0,7.87333e-05
0,0,0.013550391
0,0,0.0027424034
0,0,0.01039568
0,0,0.0032057364
0,0,0.009910324
1,1,0.999998
0,0,0.008084926
0,0,0.0043430626
0,0,0.00082418945
0,0,0.018099396
0,0,0.07277028
0,0,0.1753502
0,0,0.0034357063
1,1,0.9893701
0,0,0.067433506
0,0,0.029704653
0,0,0.0014356954
0,0,0.039805137
0,0,0.06645719
0,0,0.053708304
1,1,0.99999833
0,0,0.039190996
0,0,0.09158837
0,0,0.058331855
0,0,0.0008951588
0,0,0.0005351543
0,0,0.078951314
0,0,0.047889244
0,0,0.0001616794
0,0,0.016385047
1,0,0.012291521
0,0,0.019029409
0,0,0.27671432
0,0,0.10800472
0,0,0.0008297643
0,0,0.2297653
0,0,0.006659651
0,0,0.008396053
0,0,0.01353129
0,0,0.0026592226
0,0,0.0049807616
0,0,0.027511155
0,0,0.006378268
0,0,0.33450153
0,0,0.0031981436
0,0,0.002863136
0,0,0.056210767
0,0,0.36841965
0,0,0.0044438774
0,0,0.0024986546
0,0,0.030409098
0,0,0.0030460504
0,0,0.040982597
0,0,0.011716982
0,0,0.001551573
1,1,0.9999988
0,0,0.036533978
0,0,0.09000645
0,0,0.017035773
1,1,0.82450396
0,0,0.21067622
0,0,0.05705806
0,0,0.039809383
0,0,0.06466958
1,0,0.25321722
1,1,0.9999896
1,1,0.99999833
0,0,0.08992101
0,0,0.00020615084
1,1,0.9946149
0,0,0.0031142165
0,0,0.1385476
0,0,0.00036357448
0,0,0.12944472
0,0,0.003605153
0,0,0.06858301
0,0,0.00037062325
0,0,0.039834306
0,0,0.028530046
0,0,0.24989526
0,0,0.012996038
0,0,0.12514535
0,0,0.06057889
0,0,0.02714709
0,0,0.010510359
0,0,0.0017789097
0,0,0.12682657
1,1,0.9999988
0,0,0.012441027
0,0,0.0045211916
0,1,0.62241787
0,0,0.0014730288
1,1,0.76100516
0,0,0.05568411
0,0,0.018684538
0,0,0.06959316
0,0,0.04650736
0,0,0.026131896
0,0,0.14691864
0,0,0.20580125
0,0,0.0023286983
0,0,0.022997359
0,0,0.47257474
1,1,0.68717325
0,0,0.13408007
0,0,0.0039015347
0,0,0.13739099
0,0,0.087191716
0,0,0.39275247
0,0,0.1329872
0,0,0.25060558
0,0,7.793708e-05
0,0,0.027390193
0,0,0.033023994
0,1,0.5235609
0,0,0.0055878735
0,0,0.014485917
0,0,0.29888454
0,0,0.011738431
0,0,0.025689844
0,0,0.15733208
0,0,0.045125112
0,0,0.015000072
1,1,0.9999976
0,0,0.15792307
1,1,0.97629106
0,0,0.03429788
0,0,0.0749347
0,0,0.00068920513
0,0,0.058139913
0,0,0.0024727313
0,0,0.068161845
0,0,0.03613261
0,0,0.07188476
0,0,0.03480094
0,0,0.15284614
0,0,0.013987972
0,0,0.054541707
0,0,0.41915953
0,0,0.4174717
0,0,0.07691258
0,0,0.14368695
0,1,0.5001099
0,0,0.01282259
0,0,0.10074493
0,0,0.45649487
0,1,0.59974056
1,1,0.99549615
0,0,0.014622224
0,0,0.06642344
0,0,0.09969458
0,0,0.024592726
0,0,0.030160157
0,0,0.00013306655
0,0,0.048618753
0,0,0.020247553
0,0,0.08009939
0,0,0.0115146
1,1,0.99999833
0,0,0.021892114
0,0,0.021502396
0,0,0.0016342074
0,0,0.009875014
0,0,0.18856421
1,0,0.10257123
0,0,0.0536204
0,0,0.0068958066
0,1,0.72837
0,0,0.019732913
0,0,0.02728374
0,0,0.019042868
0,0,0.010771384
0,0,0.16285387
1,0,0.28870827
0,0,0.06826251
1,1,0.9999976
0,0,0.01268036
1,1,0.9999987
0,0,0.00055163435
0,0,0.06157979
0,0,0.33179379
0,0,0.061979324
0,0,0.009103489
0,0,0.03026511
0,0,0.13340394
0,0,0.0033057637
0,0,0.004229643
0,0,0.016850458
0,0,0.016531765
1,1,0.9928848
0,0,0.05045553
0,0,0.0056166695
0,0,0.001043725
0,0,0.32122305
1,1,0.9981875
0,0,0.0003726846
0,0,0.046401337
0,0,2.9809536e-05
1,1,0.9999939
0,0,0.003238185
0,0,0.0015872509
1,1,0.9999968
1,0,0.009235015
0,0,0.0054190042
0,0,0.031008294
0,0,0.03472533
0,0,0.027678275
1,0,0.026286058
0,0,0.15545902
0,0,0.39927444
0,0,0.068034105
1,1,0.77311224
0,0,0.14341648
0,0,0.004372681
1,1,0.5467436
0,0,0.0539726
0,1,0.58886784
1,1,0.9061598
0,0,0.016401285
1,1,0.9999976
0,0,0.0026229972
0,0,0.072373234
0,0,0.058937993
0,0,0.016439246
0,0,0.0070719
0,0,0.0064967806
0,0,0.21773304
0,0,0.0007961335
0,1,0.52598035
0,0,0.42129117
0,0,0.017732969
1,1,0.9999988
0,0,0.039931457
0,0,0.018842552
0,0,0.0013940259
1,1,0.97081244
0,0,0.0056150183
1,0,0.032998446
0,0,0.0015992564
0,0,0.34381145
0,0,0.0007354239
0,0,0.18968827
0,0,0.24220082
0,0,0.042098526
0,0,0.07700609
0,0,0.067314915
0,0,0.0001406305
1,1,0.92467
1,1,0.99999845
0,0,0.0175435
0,0,0.053884737
0,0,0.0015721425
0,0,0.09595422
0,0,0.02063601
0,0,0.026481062
0,0,0.0010969719
0,0,0.035139356
0,0,0.0068918797
0,0,0.07919805
0,0,0.0041017365
0,0,0.017518977
0,0,0.003168171
0,0,0.00011929184
1,1,0.999998
0,0,0.040396158
1,1,0.98977154
0,0,0.20131776
0,0,0.0039984547
0,0,0.0026339842
0,0,0.33552793
0,0,0.0009020851
0,0,0.11383338
0,0,0.012472879
1,1,0.9999976
0,0,0.042161264
1,1,0.7656906
0,0,0.07402929
0,0,4.8935748e-05
0,0,0.01686711
0,0,0.013686292
0,0,0.24729125
0,0,0.37240636
0,0,0.06252071
0,0,0.062782235
0,0,3.6814625e-05
0,0,0.13602298
0,0,0.045039583
0,0,0.04292604
0,0,0.25657135
0,0,0.09520813
1,0,0.2665795
0,0,0.43369326
0,0,0.0057001747
0,0,0.022058757
0,0,0.18940815
0,0,0.018885486
1,1,0.99999845
1,1,0.9999987
0,0,0.024621641
0,0,0.027219672
0,0,0.0019968553
0,0,0.01623277
0,0,0.00035411178
0,0,0.029129645
0,0,0.017647209
0,0,0.022607626
0,0,0.01846509
1,1,0.9999144
0,0,0.014748618
0,0,0.12532735
0,0,0.019755805
0,0,0.0002844903
0,0,0.006231991
0,0,0.0060071484
1,1,0.9999987
0,0,0.017951543
0,0,0.0085229
0,0,0.007175275
0,0,0.021729603
0,0,0.04506378
0,0,2.4690815e-05
0,0,0.010621323
1,1,0.99999833
1,1,0.99999833
0,0,0.003281947
0,0,0.28362554
0,0,0.078721605
1,0,0.38137922
0,0,0.16814856
0,0,0.0057486
0,0,0.0067678946
1,1,0.9930565
0,0,0.03333356
0,0,0.014587636
0,0,0.033439856
0,0,0.019306004
0,0,0.026630718
0,0,0.03263827
0,0,0.061186552
0,0,0.000226279
0,0,0.031054469
0,0,0.026899144
0,0,0.03035961
0,0,0.019069748
0,0,0.055296704
0,0,0.09509533
0,0,0.04893628
0,0,0.048656285
0,0,0.01575174
0,0,0.013549499
0,0,0.05107669
0,0,0.011984027
0,0,0.120375276
0,0,0.073752575
0,0,0.18410005
0,0,0.024039473
1,1,0.9999895
0,0,0.015375155
0,0,0.000981343
0,0,0.21733978
0,0,0.0032489023
0,0,0.28608936
0,0,0.024020748
0,1,0.5300659
1,0,0.2997222
0,0,0.10638042
0,0,0.021329759
0,0,0.086764306
0,0,0.014808647
0,0,0.060273573
0,0,0.050610438
0,0,0.014414174
0,0,0.0009958574
1,1,0.986225
0,0,0.3074403
0,0,0.020766867
0,0,0.0028109336
0,0,0.08182595
0,0,0.032208055
1,0,0.37240636
0,0,0.07967274
0,0,0.00829645
0,0,0.049988315
0,0,0.09157133
0,0,0.011602616
0,0,0.04577723
0,0,0.0024980535
0,0,0.00037249242
0,0,0.0051092044
1,1,0.99999785
0,0,0.001876289
1,0,0.23166727
0,0,0.0063956073
0,0,0.019840628
0,0,0.0111897215
0,0,0.02460791
0,0,0.0027586245
0,0,0.079673134
0,0,0.013555631
0,0,0.012256235
0,0,0.001321449
0,0,0.07500163
0,0,0.08973554
0,0,0.0010560594
0,0,0.05432077
0,0,0.074016415
0,0,0.0019728604
0,0,0.017894328
0,0,0.0017101916
1,0,0.24307296
0,0,0.021910893
0,0,0.019652082
0,0,0.00015398145
0,0,0.12478086
0,0,0.0015011344
0,0,0.039280213
0,0,0.010787091
0,0,0.026457617
0,0,0.021042345
1,1,0.9999988
0,0,0.018894412
0,0,0.08042974
0,0,0.0069195777
0,0,0.00895457
0,0,0.09742079
1,1,0.9999976
0,0,0.0033928468
0,1,0.9581292
0,0,0.07387206
1,1,0.72819924
0,0,0.0016381495
0,0,0.0930704
0,1,0.6430149
0,0,0.018806886
0,0,0.03988255
0,0,0.011179164
0,0,0.009248969
0,0,0.024509951
0,0,0.033759207
0,0,0.00038486384
0,0,0.0014657233
0,0,0.042455297
1,1,0.9786185
0,0,0.10350449
0,0,0.03790383
1,1,0.9999968
0,0,0.033392392
0,0,0.041861817
1,1,0.99999833
0,0,0.03840454
1,1,0.99999785
1,1,0.9999988
0,0,0.026858075
0,0,0.02884056
0,0,0.41053396
1,0,0.21645044
0,0,0.035059426
0,0,0.010623664
0,0,0.01687654
1,1,0.9999987
0,0,0.003277199
1,0,0.12584503
0,0,0.021199945
0,0,0.018684031
1,1,0.9999987
0,0,0.020459512
0,0,0.024890423
0,0,0.12835957
0,0,0.01003271
0,0,0.0782846
0,0,0.012724086
0,0,0.002255672
0,0,0.002843783
0,0,0.03749583
0,0,0.026361372
0,0,0.0005189172
0,0,0.1793127
0,0,0.24683084
0,0,0.04283629
0,0,0.053608842
0,0,0.0012952621
0,0,0.012044697
0,0,0.05348084
0,0,0.16064726
0,0,0.07850132
0,0,0.007990459
0,0,0.08690526
0,0,0.0038754574
0,0,0.00020258596
0,0,0.37684762
0,0,0.012375739
0,0,0.01231453
0,0,0.07805885
0,0,0.27671432
0,0,0.016961457
0,0,0.0008491113
0,0,0.17970231
0,0,0.15031372
0,0,0.0017596269
0,0,0.022183422
0,0,0.026110439
0,0,0.04140383
0,0,0.13161708
0,0,0.29479438
0,0,0.015818466
0,0,0.106221095
0,0,0.03297717
0,0,0.014193287
0,0,0.0030739577
1,1,0.9999968
0,0,0.02352377
0,0,0.002001475
0,0,0.030287957
0,0,0.033770435
0,0,0.0026309944
0,0,0.010535352
1,1,0.9999976
0,0,0.016956925
0,0,0.0060692006
0,0,0.0013930353
0,0,0.038587555
0,0,0.013516448
0,0,0.0347473
0,0,0.024311101
0,0,0.013036211
1,1,0.9999976
0,0,0.0010873113
0,0,0.03260819
0,0,0.0014786004
0,0,0.029106842
0,0,0.08220792
1,1,0.9790592
0,0,0.048808575
0,0,0.3351028
0,0,0.00051935733
0,0,0.0042581256
0,0,0.001981171
0,0,0.07212645
0,0,0.09549183
0,0,0.11157665
1,1,0.6797292
0,0,0.2355375
0,0,0.1255033
0,0,0.04718345
0,0,0.06404167
0,0,0.011184083
0,0,0.0079968255
0,0,0.0059922016
0,0,0.090728074
0,0,0.0023914147
1,1,0.9999937
0,0,0.03266467
0,0,0.04285646
0,0,0.020510074
0,0,0.017173795
0,0,0.007874117
0,0,0.004507212
0,0,0.00019428539
0,0,0.001958366
0,0,0.073234566
0,0,0.026110439
1,1,0.870399
0,0,0.06617807
0,0,0.0064581363
0,0,0.015425985
0,0,0.0064573837
0,0,0.005243262
0,0,0.036533978
0,0,0.023806605
0,0,0.06710797
1,1,0.99999774
0,0,0.027676526
0,0,0.06102757
0,0,0.037946116
0,0,0.07990909
0,0,0.031034345
0,0,0.012180757
0,0,0.09341587
1,1,0.9999976
0,0,0.0003963218
0,0,0.00057936984
0,0,0.0032760112
0,0,0.0022675928
0,0,0.018374441
1,1,0.9999968
0,0,0.13889284
1,1,0.99997354
0,0,0.05496973
0,0,0.32659817
0,0,0.0021960575
0,0,0.014876935
0,0,0.026052667
0,0,0.01014481
0,0,0.010781974
0,0,0.0090324655
1,1,0.9999988
0,0,0.016299045
0,0,0.057109978
0,0,0.47257474
0,0,0.011995466
0,0,0.0062184925
0,0,0.41326344
0,0,0.09696765
0,0,0.069998674
0,0,0.015676454
1,1,0.9969273
0,0,0.008031809
0,0,0.04363654
0,0,0.017903892
0,0,0.01867702
1,1,0.99999833
0,0,0.052688967
0,0,0.065680616
1,1,0.99999833
0,0,0.0051037488
0,0,0.018356293
1,1,0.9662309
0,0,0.05228128
0,0,0.024253417
0,0,0.0012644834
0,0,0.14597072
0,0,0.032712106
0,0,0.026418379
1,1,0.9999987
0,0,0.007077983
0,0,0.0069957087
1,1,0.99999833
1,1,0.9999988
0,0,0.016377341
0,0,0.30648136
1,1,0.99999833
0,0,0.18438026
0,0,0.012024973
0,0,0.032653052
0,0,0.017576471
0,0,0.00983032
0,0,0.056757636
0,0,0.18919693
0,0,0.008229619
1,1,0.99423087
0,0,0.05143233
0,0,0.0012860396
0,0,0.0010566617
1,1,0.99999833
0,0,0.0064015035
0,0,3.8613423e-05
0,0,0.1754378
0,0,0.027286055
0,0,0.18365955
0,0,0.013907238
0,0,0.0059300177
0,0,0.17847463
1,1,0.98918414
0,0,0.047760088
0,0,0.33394253
1,1,0.98902225
0,0,0.002766209
0,0,0.014422873
0,0,0.044696096
0,1,0.5542806
0,0,0.051057953
0,0,0.007889446
0,0,0.025957411
0,0,0.023700193
0,0,0.011336312
0,0,0.008528124
0,0,0.063229844
0,0,0.026630718
0,0,0.0057165567
0,0,0.022219423
1,0,0.10667044
0,0,0.20604189
0,0,0.0073334626
0,0,0.11282006
0,0,0.0022641087
0,0,0.12731375
1,1,0.99999845
0,0,0.13199492
0,0,0.0023329186
0,0,0.050399613
0,0,0.011837699
0,0,0.014815473
0,0,0.017130356
0,0,0.0026282582
0,0,0.010445584
0,0,0.020247553
0,0,0.05993078
0,0,0.13900495
0,1,0.7355536
0,0,0.068724915
1,1,0.98977154
1,1,0.9999988
0,0,0.0073201517
0,0,0.01514767
0,0,0.001686949
1,1,0.9999968
0,0,0.043814085
1,0,0.2585381
0,0,0.003885244
0,0,0.011592744
0,0,0.07365338
0,0,0.1616726
1,1,0.9999144
0,0,0.0008700772
0,0,0.025679193
1,1,0.9762222
0,0,0.07234499
0,0,0.003828626
0,0,0.120746985
0,0,0.011722456
0,0,0.0010257063
1,0,0.1287122
1,1,0.9999976
0,0,0.03377461
1,1,0.99999833
0,0,0.05107227
0,0,0.15314856
0,0,0.17672908
0,0,0.0013760063
0,0,0.28448176
0,0,0.20908286
0,0,0.0064713154
0,0,0.034732785
1,1,0.87632877
0,0,0.016073158
0,0,0.010459448
0,0,0.008485183
0,0,0.025985686
1,1,0.97073054
0,0,0.038936064
1,1,0.9532022
0,0,0.13874069
1,1,0.9954254
1,1,0.98629135
1,0,0.2778507
1,1,0.99960476
0,0,0.028478947
0,0,0.031420995
0,0,0.02964111
0,0,0.19705616
0,0,0.050073903
0,0,0.3553494
0,0,0.0059989993
0,0,0.006565891
0,0,3.8020422e-05
0,0,0.036731385
1,1,0.9999987
0,0,0.00082937535
0,0,0.02350869
0,0,0.02966064
1,1,0.9999976
0,0,0.015505699
0,0,0.018561203
0,0,0.13190667
0,0,0.077146634
0,0,9.2221904e-05
0,0,0.039834306
0,0,0.091370225
0,0,0.03689012
0,0,0.060850907
0,0,0.056744467
0,0,0.018755866
0,0,0.47440356
0,0,0.47037482
0,0,0.26176274
0,0,0.038566396
0,0,0.45836684
0,0,0.041753672
0,0,0.016959375
0,0,0.018251082
1,1,0.99999833
0,0,0.046998713
0,0,0.018278323
0,0,0.027186073
1,1,0.59463614
0,0,0.06557516
0,0,0.13013873
0,0,0.0035425287
0,1,0.5544741
0,0,0.020545954
0,0,0.0071959035
0,0,0.039023545
0,0,0.052469615
1,1,0.9999976
0,0,0.08016064
0,0,0.07819576
1,1,0.99999833
0,0,0.033428114
0,0,0.13494353
0,0,0.058333453
0,0,0.002284537
0,0,0.005675521
0,0,0.20043674
0,0,0.02511113
0,1,0.52510375
0,0,0.31440333
0,0,0.32532617
0,0,0.035304666
0,0,0.00047963727
0,0,0.0043725297
1,1,0.9996146
0,0,0.28013462
1,1,0.9999976
0,0,0.08041161
0,0,0.39099994
1,1,0.8824054
0,0,0.09600113
0,0,0.14768876
0,0,0.003394784
0,0,0.12432993
0,0,0.014095698
1,1,0.99866045
0,0,0.029582428
0,0,0.039909
0,0,0.080393456
0,0,0.07706399
1,1,0.9999976
0,0,0.12961806
0,0,0.20202391
0,0,0.10630521
0,0,0.00762055
0,0,0.0669324
1,1,0.5739931
0,0,0.09736917
0,0,0.043776132
0,0,0.0035970702
0,0,0.17270361
0,0,9.2221904e-05
0,0,0.037306674
0,0,0.110397585
0,0,0.37240636
0,0,0.009922955
0,0,0.006743581
0,0,0.08804578
1,0,0.31618968
0,1,0.5655054
0,0,0.02975847
0,0,7.4216805e-05
0,0,0.2777007
0,0,0.035456575
0,0,0.02868174
0,0,0.010203567
0,0,0.27671432
0,0,0.023760112
0,0,0.18876484
0,0,0.090195425
0,0,0.0064482796
1,0,0.42739052
0,0,0.019498821
0,0,0.17037098
0,0,0.018441508
0,0,0.0022934275
1,1,0.73947936
0,0,0.08426413
0,0,0.23682846
0,0,0.014856348
0,0,0.0032086677
0,0,0.10115481
1,1,0.99999785
0,0,0.034896027
0,0,0.018109612
0,0,0.017328426
0,0,0.0040616784
0,0,0.059105992
0,0,0.47438893
0,0,0.094901234
0,0,3.2662778e-05
0,0,0.04607098
0,0,0.017136786
0,0,0.020959612
0,0,0.06665385
0,0,0.14697446
0,0,0.044747874
0,0,0.023197422
0,0,5.974435e-05
1,1,0.9999988
0,0,0.011960586
0,0,0.024253417
0,0,0.011939079
1,1,0.99999785
0,0,0.007256276
0,0,0.08419599
0,0,0.0805957
0,0,0.26928663
0,0,0.21004404
0,0,0.0013907381
0,0,0.021504864
0,0,0.08946323
0,0,0.0009993169
0,0,0.00035270766
0,0,0.024707483
0,0,0.12975435
0,0,0.04612106
0,0,0.022763988
0,0,0.001866632
1,1,0.9999976
0,0,0.17343968
0,0,0.011424429
0,0,0.056454923
0,0,0.026760116
0,0,0.014328273
0,0,0.003543131
0,0,0.0025364223
0,0,0.00016903576
0,0,0.00056227937
0,0,0.022807509
0,0,0.10763776
0,0,0.40958855
0,0,0.023517987
0,0,0.14957039
0,0,0.053638864
1,1,0.9999976
0,0,0.06923716
0,0,0.011997552
0,0,0.0017175677
0,0,0.0771377
0,0,0.00037062325
0,0,0.0010084175
0,0,0.04234
0,0,0.010307697
0,0,0.02390459
0,0,0.29998755
0,0,0.01630202
0,0,0.0006346651
0,0,0.08723842
0,0,0.016995152
0,0,0.007874222
0,0,0.01907225
0,0,0.013267712
0,0,0.007802607
0,0,0.19619358
0,0,0.038538568
1,0,0.29479438
1,1,0.98330265
0,0,0.099782325
0,0,0.0043297443
1,1,0.90130424
0,0,0.072800934
0,0,0.014951038
0,0,0.10126086
0,0,0.015299342
0,0,0.15861352
0,0,0.018374441
0,0,0.05326302
1,0,0.15773393
0,1,0.5380641
0,0,0.01833199
0,0,0.00038414192
0,0,0.11319365
0,0,0.007555468
0,0,0.003844194
0,0,0.002081107
1,1,0.99023634
0,0,0.1588474
0,0,0.0023167634
0,0,0.19523965
0,0,0.11265169
0,0,0.036477566
0,0,0.031116907
0,0,0.0032337555
1,1,0.946488
0,0,0.0055902665
1,1,0.9999976
0,0,0.0047365963
0,0,0.0181201
0,0,0.016951958
0,0,0.041242413
0,0,0.0061735194
0,0,0.0018598657
0,0,0.017220773
0,0,0.017450782
1,1,0.99999833
0,0,0.0012836979
0,0,0.037044097
0,0,0.012703795
1,1,0.9853563
0,0,0.00037001813
1,1,0.99999833
0,0,0.27076462
0,0,0.00050243683
0,0,0.0071645114
0,0,0.03148902
0,0,0.04051884
0,0,0.013268055
0,0,0.13107972
0,0,0.06797964
0,0,0.016529517
1,1,0.69436824
0,0,0.00080422155
0,0,0.027677558
0,0,0.034352954
1,1,0.9999988
0,0,0.4324511
0,0,0.059451867
0,0,0.023559831
0,0,0.009627271
0,0,0.028983476
0,0,0.010607357
0,0,0.00484976
0,0,0.022333385
0,0,0.062233485
0,0,0.033235256
0,0,0.020982133
0,0,0.020851105
0,0,0.016163068
0,0,0.11333695
0,0,0.00055209623
0,0,0.040186707
0,0,0.0029791086
0,0,0.21188062
1,1,0.9999976
1,1,0.9999988
0,0,0.04227099
0,0,0.00016878852
1,1,0.9999988
0,0,0.044373635
0,0,0.036625106
1,1,0.9771951
1,1,0.99999774
0,0,0.019794555
1,1,0.9999119
0,0,0.019216254
0,0,0.05305733
0,0,0.0015215586
0,0,0.005178681
1,1,0.99999833
0,0,0.018045438
0,0,0.016081357
1,0,0.36904427
0,0,0.0134797795
1,1,0.9897125
0,0,0.06667371
0,0,0.00037973357
0,0,0.043853384
0,0,0.05990066
0,0,0.14602861
0,0,0.043578394
0,0,0.011552398
0,0,0.15079999
0,0,0.0019671717
0,0,0.04309526
1,1,0.99832374
0,0,0.04195458
0,0,0.072245896
0,0,0.007745797
1,1,0.99999785
0,0,0.053343903
0,0,0.1396462
1,1,0.9820778
0,0,0.0059119766
0,0,0.035712477
0,0,0.08009939
1,1,0.88913035
1,1,0.99999833
0,0,0.006763367
0,0,0.02589804
0,0,0.006857247
0,0,3.898268e-05
1,1,0.9999976
0,0,0.1671493
1,1,0.99999845
0,0,0.009144789
0,0,0.14998753
0,0,0.019949714
0,0,0.040390696
0,0,0.35367072
0,0,0.024245717
0,0,0.025029302
0,0,0.09805416
0,0,0.02500736
0,0,0.036561195
0,0,0.37326398
0,0,0.06793105
0,0,0.004961372
0,0,0.045889515
0,0,0.015322512
0,0,0.021717135
0,0,0.0009528924
0,0,0.010350866
0,0,0.005098384
0,0,0.011552093
0,0,0.031018171
0,0,0.010323967
0,0,0.046697844
0,0,0.024688182
0,0,0.007586548
0,0,0.0006557776
0,0,0.044620268
0,0,0.0010227823
0,0,0.014834004
0,0,0.0005829811
0,0,0.022754712
0,0,0.32976142
0,0,0.020181585
1,0,0.24127737
0,0,0.12421246
1,1,0.99999833
0,0,0.022113016
0,0,0.03846583
0,0,0.0016563808
0,0,0.03477486
0,0,0.18539955
0,0,0.0071547767
0,0,0.021037092
0,0,0.0017086439
0,0,6.751436e-05
0,0,0.037260924
0,0,0.040335104
0,0,0.0112796575
0,0,0.011384887
0,0,0.00914357
0,0,0.010422291
0,0,0.00818439
0,0,0.117300734
0,0,0.032107618
0,0,0.080018304
0,0,0.00035149808
1,1,0.99915767
0,0,0.000998693
0,0,0.003834585
0,0,0.018611893
0,0,0.019586738
0,0,0.031971768
0,0,0.27279273
0,0,0.0027148603
0,0,0.008530914
0,0,0.009671847
0,0,0.023813121
0,0,0.28450477
0,0,0.08365474
0,0,0.009360748
0,0,0.05781187
0,0,0.024010824
0,0,0.0062236157
0,0,0.14208838
0,0,0.04379275
0,0,0.40958855
0,0,0.0022641087
0,0,0.075748205
0,0,8.4321546e-05
1,1,0.9934249
0,0,0.022750944
0,0,0.012602465
0,0,0.07374755
0,0,0.043975186
0,0,0.105505764
0,0,0.06613845
0,0,0.009608436
1,1,0.973194
0,0,0.40958855
0,0,0.0021818546
0,0,0.022579648
0,0,0.005575847
0,0,0.009788178
0,0,0.00512135
0,0,0.016831083
0,0,0.024878602
0,0,0.02536614
0,0,0.044450387
0,0,0.025268298
0,0,0.002786519
0,0,0.2578657
0,0,0.011720567
0,0,0.05782078
0,0,0.040698163
0,0,0.002783825
0,0,0.20554373
1,1,0.9999981
0,0,0.39581794
0,0,0.087170616
0,0,0.23897316
0,0,0.13812931
0,0,0.14727555
1,1,0.9833054
1,1,0.9999976
0,0,0.027073238
0,0,0.01640231
0,0,0.12280472
0,0,0.018612366
1,1,0.9999976
0,0,0.00020762043
0,0,0.0037958943
0,0,0.0048807464
0,0,0.06316968
0,0,0.034979902
0,0,0.0524402
1,1,0.9999976
0,0,0.0033007292
0,0,0.018882094
1,1,0.9999989
0,0,0.006944985
0,0,0.010456872
0,0,0.023828072
0,0,0.0006433173
0,0,0.35293713
0,0,0.09157133
0,0,0.030427974
0,0,0.012737985
0,0,0.15534793
0,0,0.060422443
0,0,0.03701403
0,0,0.0028873398
0,0,0.019917913
0,0,0.019051792
0,0,0.020165222
0,0,0.060474217
1,1,0.9999976
0,0,0.0024763944
0,0,0.020528506
0,0,0.25485817
0,0,0.03637818
1,1,0.99999833
0,0,0.11308955
1,1,0.9859125
0,0,0.01145854
0,0,0.019870175
1,1,0.9873368
0,0,0.032469682
0,0,0.03267696
0,0,0.035255387
0,0,0.0032263051
0,0,0.011226962
0,0,0.033380236
0,0,0.021419732
1,1,0.99999833
0,0,0.0061760913
0,0,0.015083158
0,0,0.008942754
1,1,0.99999845
0,0,0.020705966
0,0,0.027830113
0,1,0.5367535
1,1,0.98722225
0,0,0.011791542
0,0,5.8151018e-05
0,0,0.09206325
0,0,0.021700097
0,0,0.010902507
0,0,0.054289315
0,0,0.009600507
0,0,0.14089304
1,1,0.9935452
0,0,0.012773791
0,0,0.06106182
0,0,0.11175286
0,0,0.00018691368
0,0,0.052324012
0,0,0.14437865
0,0,0.017055739
0,0,0.011818637
0,0,0.028417319
0,0,0.018024078
0,0,0.017628048
0,0,0.0022980561
0,0,9.974001e-05
0,0,0.22256602
0,0,0.018795168
0,0,0.4294419
0,0,0.008777146
0,0,7.3100906e-05
1,1,0.99999833
0,0,0.02855334
0,0,0.04563658
0,0,0.2914698
0,0,0.014393811
0,0,0.008541011
0,0,0.009112233
0,0,0.37069348
0,0,0.16203353
0,0,0.0010944793
0,0,0.13360722
0,0,0.024626091
0,0,0.12213307
0,0,0.0031796352
0,0,0.015041182
0,0,0.04637012
0,0,0.0040457807
1,0,0.47037482
1,0,0.37240636
0,0,0.17854008
1,1,0.99999833
0,0,0.14100279
0,0,0.1529516
1,1,0.9982528
1,1,0.99999654
1,0,0.40333724
0,0,0.12165866
0,0,0.028776817
0,0,0.020897802
0,0,0.37127927
0,0,0.0005063559
1,1,0.99999774
1,1,0.9096288
1,1,0.999912
0,0,0.026051065
1,1,0.9999976
0,0,0.020094141
0,0,0.026032953
0,0,0.022610072
0,0,0.16365722
0,0,0.15025002
0,0,0.038210906
0,0,0.033432666
0,0,0.0038448207
0,0,0.15721291
0,0,0.0003636251
0,0,0.07626916
0,1,0.73834634
0,0,0.059695825
0,0,0.032949395
0,0,0.0034132705
0,0,0.012032737
0,0,0.05084161
1,1,0.95393234
0,0,0.121003956
1,1,0.95722175
0,0,0.051794954
0,0,0.21515426
0,0,0.0049182754
0,0,0.07827541
0,0,0.011720317
0,0,0.019098341
0,0,0.085250765
0,0,0.012003142
0,0,0.031408068
0,0,0.03144054
0,0,0.1315124
0,0,0.06559065
0,0,0.0097066015
0,0,0.3597019
0,0,0.33821607
0,0,0.37240636
0,0,0.17913747
0,0,0.16327132
0,0,0.33129627
0,0,0.024286179
0,0,0.0039435257
0,0,0.059353057
0,0,0.37069348
0,0,0.03332103
1,1,0.7124789
0,0,0.4048589
0,0,0.00022564191
0,0,0.04753345
0,0,0.0035422882
0,0,0.4277983
1,1,0.99999785
0,0,0.10109851
0,0,0.089139804
0,0,0.009463937
0,0,0.0006351767
1,1,0.9944171
0,0,0.00032849688
0,0,0.0035015512
0,0,0.005057116
1,1,0.50869244
0,0,0.032669917
0,0,0.036830347
0,0,0.009930717
0,0,0.02327426
0,0,0.038853597
0,0,0.0011632473
1,1,0.9999987
0,0,0.0026452143
0,0,0.00541151
0,0,0.0395257
1,1,0.9999976
0,0,0.013584546
0,0,0.09024009
0,0,0.0025391525
0,0,0.066929646
0,0,0.13654323
0,0,0.09756302
1,1,0.8965187
0,0,0.08712491
0,0,0.037065867
1,1,0.9999968
1,1,0.97189754
0,0,0.020359717
0,0,0.22816852
0,0,0.0021016153
0,1,0.5509721
0,0,0.0007300127
0,0,0.032535028
0,0,0.017183118
0,0,0.13967912
0,0,0.07340361
0,0,0.019895079
1,1,0.9999987
0,0,0.059068035
0,0,0.004491053
0,0,0.11349994
1,1,0.99999845
0,0,0.023911657
0,0,0.010692507
0,0,0.10476208
0,0,0.08773715
0,0,0.015009221
1,1,0.99999845
0,0,0.0200097
0,0,0.04008491
0,0,0.022611722
0,0,0.019427912
0,0,0.0021752042
1,1,0.9999213
0,0,0.020181995
0,0,0.028038517
0,0,0.015228772
0,0,0.058308203
0,0,0.019212466
0,0,0.065081604
1,1,0.9999987
0,0,0.0023005074
0,0,0.0030113969
0,0,0.07722628
0,0,0.005016828
1,1,0.9957118
0,0,0.0077129817
0,0,0.0035589526
0,0,0.04575468
0,0,0.009821357
0,0,0.03169867
0,0,0.002786519
1,1,0.8591871
0,0,0.12043049
0,0,0.00051181787
0,0,0.19308648
0,0,0.001825413
0,0,0.031971768
0,0,0.1496332
0,0,0.0064679068
0,0,0.045169048
0,0,0.040394694
0,0,0.20051017
0,0,0.011016298
0,0,5.041602e-05
0,0,0.017179148
0,0,0.03887025
0,0,0.006170875
0,0,0.017450782
0,0,0.08209825
0,0,0.064056724
0,0,0.062512726
0,0,0.044309635
0,0,0.048886303
0,0,0.16506961
1,1,0.9860656
0,0,0.00057539955
1,1,0.99999857
0,0,0.03825484
1,0,0.32986337
0,0,0.0027453455
0,0,0.14336362
0,0,0.014244558
0,0,0.0150633715
1,1,0.99999833
1,1,0.99999833
0,0,0.0069314926
0,0,0.016514285
0,0,0.019225571
1,1,0.5060291
0,0,0.008098781
0,0,0.073012955
0,0,0.051074244
1,1,0.99999833
1,1,0.99999833
0,0,0.008669828
1,1,0.9999989
0,0,0.0033801317
0,0,0.02283869
0,0,0.0026648093
1,1,0.9999976
0,0,0.041742053
0,0,0.004333876
0,0,0.009024624
0,0,0.1599359
0,0,0.29479438
0,1,0.5591316
0,0,0.20214164
0,0,0.010373183
0,0,0.2294303
1,1,0.8968157
1,1,0.99999833
0,0,0.27671432
0,0,0.0019058208
0,0,0.006474333
0,0,0.32533845
1,1,0.83213454
0,0,0.36660758
0,0,0.024026781
0,0,0.034643956
1,1,0.98121256
0,1,0.53162646
1,1,0.9999976
0,0,0.37240636
1,1,0.99999833
0,0,0.005483626
0,0,0.035761707
0,0,0.10146385
0,1,0.7652475
0,0,0.030879363
0,0,0.1214921
0,0,0.017039143
0,0,0.017446449
0,0,0.00082733494
1,1,0.9999665
0,0,0.009167756
0,0,0.030563608
0,0,0.055122245
0,0,0.028081685
0,0,0.23254983
0,0,0.013451528
0,0,0.011565358
0,0,0.04917372
1,1,0.9999987
0,0,0.040480103
0,0,0.015246939
0,0,0.00935654
1,1,0.9999119
0,0,0.032502975
0,0,0.13378504
0,0,0.24101675
0,0,0.006816891
0,0,0.027188964
0,0,0.19206166
0,0,0.043940187
0,0,0.0050680633
0,0,0.08297328
0,0,0.057767276
0,0,0.0063484167
0,0,0.012143645
0,0,0.0008168506
0,0,0.011934877
0,0,0.0027413184
0,0,0.036476646
0,0,0.05864173
1,1,0.6095645
0,0,0.054042187
0,0,0.023776947
0,0,0.0032786822
0,0,0.015325527
0,0,0.00036109777
0,0,0.21388169
0,0,0.09296512
0,0,0.49910942
1,1,0.9975872
0,0,0.02214851
0,0,0.031197732
0,0,0.08219184
0,0,0.17259464
1,1,0.9268777
0,0,0.0039220876
0,0,0.036476646
0,0,0.00844415
0,0,0.059146613
0,0,0.056157224
1,0,0.49185437
0,0,0.009130317
0,0,0.029485328
0,0,0.029989094
0,0,0.029097445
0,0,0.008031809
0,0,0.110301554
0,0,0.036007058
1,1,0.99999833
0,0,0.015916456
0,0,0.1018416
0,0,0.09335604
0,0,0.038471907
0,0,0.011158236
0,0,0.060612634
0,0,0.02345466
0,0,0.09947622
0,0,0.00033589918
0,0,0.00033821425
1,1,0.8975629
0,0,0.007127257
0,0,0.008456979
0,0,0.29200917
0,0,0.0515506
0,0,0.002400019
0,0,0.08253388
0,0,0.023614677
0,0,0.022076184
0,0,0.018151999
0,0,0.26607585
1,1,0.9805829
0,0,0.0799821
0,0,0.024621641
0,0,0.033746712
0,0,0.021609645
0,0,0.024742126
0,0,0.058333226
0,0,0.012658733
0,0,0.07904207
0,0,0.039387025
0,0,0.0060727
0,1,0.6894069
0,0,0.0031636953
0,0,0.039114404
0,0,0.012169397
0,0,0.0004373513
0,0,0.0024049229
1,1,0.9999976
0,0,0.05138897
0,0,0.037277415
0,0,0.0017769564
0,0,0.007189461
0,0,0.00021717699
0,1,0.51515836
0,0,0.0046901046
0,0,0.00032642117
0,0,0.15317306
0,0,0.006568741
0,0,0.015004173
0,0,0.002344911
0,0,0.053448953
0,0,0.00036852903
0,0,0.068161845
0,0,0.0012750141
0,0,0.045316547
0,0,0.0075929197
0,1,0.50455725
0,0,0.09474751
1,1,0.999998
1,0,0.2668354
0,0,0.0051335073
0,0,0.023184843
0,0,0.22491358
0,0,0.0567663
0,0,0.023195202
0,0,0.013943701
0,0,0.0077860155
1,0,0.20630512
0,0,0.0044248016
0,0,0.08631325
0,0,0.27671432
0,0,0.11775164
0,0,0.022458771
1,1,0.99999774
0,0,0.22963515
0,0,0.060707718
0,0,0.009512304
1,1,0.99999833
0,0,0.010910521
0,0,0.027528305
0,0,0.0143118985
0,0,0.034109645
0,0,0.055392455
0,0,0.0005011721
0,0,0.060569547
0,0,0.040863372
1,1,0.9675028
0,0,0.0038618224
0,0,0.009766199
1,1,0.9999988
0,0,0.005195494
0,0,0.015140359
0,0,0.06789656
0,0,0.070549525
1,1,0.98850924
0,0,0.014499299
0,0,0.007959242
0,0,0.45897466
0,0,0.07957415
0,0,0.19873808
0,0,0.030006193
0,0,0.004634698
0,0,0.092844486
0,0,0.17463358
0,0,0.021014223
0,0,0.0004201981
0,0,0.02926065
0,0,0.016541924
0,0,0.0020236734
0,0,0.0032990857
0,0,0.09986625
0,0,0.0030588694
0,0,0.002851958
0,0,0.025425406
0,0,0.008485183
0,0,1.8230534e-05
0,0,0.26608008
0,0,0.12241878
0,0,0.12914215
0,0,0.025153486
0,0,0.047107983
1,1,0.8559203
1,1,0.99999833
0,0,0.026250284
0,0,0.048852935
0,0,0.3267013
0,0,0.008067367
1,1,0.9999987
1,1,0.94716024
0,0,0.0005327379
1,1,0.99949634
0,0,0.01461563
0,0,0.27979812
0,0,0.093041226
0,0,0.0017745045
0,0,0.005186002
0,0,0.033566676
0,0,0.009205147
0,0,0.005907934
0,0,0.06322762
0,0,0.032128744
0,0,0.021484472
0,0,0.006479724
0,0,0.04091638
0,0,0.028873079
0,0,0.026361372
0,0,0.071468845
0,0,0.37208515
1,1,0.6346846
0,0,0.01094548
0,0,0.0063248994
0,0,0.027742507
0,0,0.23962906
0,0,0.026248055
0,0,0.06667415
0,0,0.037428893
1,1,0.97756714
0,0,0.0030499294
0,0,0.015890032
0,0,0.028246963
0,0,0.010623452
0,0,0.008320219
0,0,0.052897237
0,0,0.041343953
0,0,0.08575168
0,0,0.19950682
1,1,0.99999774
0,0,0.033493336
0,0,0.021659667
0,0,0.383764
0,0,0.010629539
0,0,0.011178679
0,0,0.064738624
1,1,0.6197941
1,1,0.9999976
0,0,0.01126558
1,1,0.99998426
0,0,0.022734987
0,0,0.008513999
0,0,0.0060727
0,0,0.031172186
1,1,0.99999833
0,0,0.016154692
1,1,0.99999857
0,0,0.019982662
0,0,0.33179379
1,0,0.31728896
1,1,0.98501366
0,0,0.29479438
0,1,0.50869244
0,0,0.15673469
0,0,0.0015202776
0,0,0.1618278
0,0,0.0008523968
0,1,0.50084645
0,0,0.08668838
0,0,0.0043930644
0,0,0.007770666
0,0,0.031348962
0,0,0.029560998
0,0,0.06637276
0,0,0.014166737
0,0,0.035247464
0,0,0.010095632
0,0,0.015127261
0,0,0.0006281784
0,0,0.05838249
0,0,0.3177976
0,0,0.13514778
0,0,0.027125193
0,0,0.047470476
0,0,0.0021029036
0,0,0.0064820084
0,0,0.0019926974
0,0,0.0004078353
1,1,0.9999968
0,0,0.0039563146
0,0,0.0969655
0,0,0.14676112
0,0,0.072808705
1,1,0.58728284
1,1,0.9999987
1,1,0.99995244
0,0,0.08871112
0,0,0.0013800135
0,0,0.041512977
0,0,0.023667673
0,0,0.0037199021
1,1,0.99999833
0,0,0.19792783
0,0,0.0028044651
0,0,0.19340298
1,1,0.9695137
0,0,0.053029533
1,1,0.5677164
0,0,0.028834203
0,0,0.2991072
0,0,0.026718073
0,0,0.27671432
0,0,0.03012135
0,0,0.019073145
0,0,0.103605345
0,0,0.031266686
0,0,0.07242085
0,0,0.005808851
1,0,0.40937278
0,0,0.07560404
0,0,0.0010042461
1,0,0.47440356
0,0,0.050325003
1,1,0.9999987
0,0,0.081956595
0,0,0.31134626
0,0,0.14192621
0,0,0.005728193
0,0,0.0582129
0,0,0.03511808
0,0,0.0152903
0,0,0.0035941114
0,0,0.04367944
0,0,0.031192603
0,0,0.18010104
1,1,0.9999988
0,0,0.08931864
0,0,0.00088465813
0,0,0.03060663
0,0,0.020977173
0,0,0.06625557
1,1,0.9999988
0,0,0.038682487
0,0,0.0017994437
0,0,0.16242495
1,0,0.07011879
0,0,0.046239067
0,0,0.001025419
1,1,0.55430114
0,0,0.039898034
0,0,0.1865819
0,1,0.5804861
1,1,0.8854954
0,0,0.06786505
0,0,0.02682371
1,1,0.99999845
0,0,0.2476687
0,0,0.29532796
0,0,0.06470029
1,1,0.99999785
0,0,0.008735738
0,0,0.24621128
0,0,0.03131957
0,0,0.026176104
1,1,0.9096146
0,0,0.4334482
0,0,0.0040030186
0,0,0.0032760112
0,0,0.0022271718
0,0,0.017806951
1,0,0.36520734
1,1,0.9999968
0,0,0.19124666
1,1,0.99999833
0,0,0.0011579704
1,1,0.83354807
0,0,0.011432687
0,0,0.033152256
0,0,0.0021077422
0,0,0.08774143
0,0,0.05170738
0,0,0.297464
0,0,0.007934315
0,0,0.49120238
0,0,0.002381232
1,0,0.11356787
1,1,0.71037984
1,1,0.9999988
0,0,0.0068887016
0,0,0.01636365
0,0,0.0008740978
0,0,0.047881678
1,1,0.99999833
0,0,0.040247113
0,0,0.041380897
0,0,0.008084926
0,0,0.007136262
0,0,0.0036411418
0,0,0.0870948
1,1,0.9873368
0,0,0.005563521
0,0,0.2997222
0,0,0.00661674
0,0,0.032535847
0,0,0.014954923
0,0,0.0046009663
0,0,0.04191122
0,0,0.0005272301
0,0,0.007398432
0,0,0.006645773
1,1,0.9999981
0,0,0.08926317
1,1,0.99999833
0,0,0.012960793
0,0,0.018088458
1,1,0.99999833
1,1,0.80307376
0,0,0.082082026
0,0,0.12745607
1,1,0.9999987
0,0,0.14958225
0,0,0.21861598
0,0,0.33632097
0,0,0.35902902
1,1,0.99745566
0,0,0.030145517
0,0,0.027622996
0,0,0.004414598
0,0,0.00022564191
0,0,0.0032489288
0,0,0.25382984
0,0,0.059296053
1,0,0.1779057
0,0,0.015615566
0,0,0.008670234
0,0,0.49625352
0,0,0.001335853
1,0,0.47037482
0,0,0.016290149
0,0,0.13122831
0,0,0.10097911
0,0,0.04165258
0,0,0.0666026
0,0,0.010997347
0,0,0.0060363654
0,0,0.01612209
0,0,0.027845707
0,0,0.04680975
0,0,0.03345164
0,0,0.4785157
0,0,0.16024286
0,0,0.044481687
0,0,0.0129600065
0,0,0.003967931
0,0,0.048104774
0,0,0.0033022026
0,0,0.06783578
0,0,0.0069142026
0,0,0.28527302
0,0,0.008065436
0,0,0.0064545735
0,0,0.0057963845
0,0,0.012651523
0,0,0.009554208
0,0,0.007230073
0,0,0.032609686
0,0,0.008743983
0,0,0.0014344164
0,0,0.12499596
0,0,0.0010871586
0,0,0.1277041
0,0,0.07825734
0,0,0.010579135
1,1,0.9999988
0,0,0.036804363
0,0,0.017867563
0,0,0.042463224
1,1,0.99098504
0,0,0.024273438
0,1,0.5346182
0,0,0.08782226
0,0,0.2997222
0,0,0.0043934667
0,0,0.022026336
1,1,0.9814648
0,0,0.120403744
0,0,0.047919985
1,1,0.9999976
0,0,0.040926382
0,0,0.0059548924
0,0,0.020528393
0,0,0.30685824
0,0,0.032756615
1,1,0.99999833
0,0,0.0083279265
0,0,0.0028174557
0,0,0.049125373
0,0,0.016927715
0,0,0.003482921
0,0,0.24729493
0,0,0.050241936
0,0,0.043143447
0,0,0.0050269184
0,0,0.39264727
0,0,0.0024986546
0,0,0.025696183
0,0,0.003676042
0,0,0.009823606
0,0,0.4761439
0,0,0.0128727965
0,0,0.0012196649
0,0,0.45264283
0,0,0.28395033
1,1,0.9999987
0,0,0.08431304
0,0,0.0002648538
0,0,0.0011941026
0,0,0.012062846
0,0,0.021760551
0,0,0.00091341144
0,0,0.029776791
0,0,0.029669516
0,0,0.021795668
0,0,0.4251256
0,0,0.0039229803
0,0,0.05707036
0,0,0.0007124647
0,0,0.007648385
0,0,0.018439285
0,0,0.012071276
1,1,0.99999857
1,1,0.9900067
0,0,0.29412705
1,1,0.9999987
0,0,0.028298065
0,0,0.32073283
0,0,0.043723885
0,0,0.105509445
0,0,0.23683274
0,0,0.40526175
0,0,0.014954923
1,1,0.9999976
0,0,0.0004290023
0,0,0.14425094
0,0,0.19178434
0,0,0.003961854
1,1,0.50704134
0,0,0.024443155
0,0,0.087426595
0,0,0.023728466
0,0,0.09063499
0,0,0.0013285081
0,0,0.0013760744
0,0,0.09204183
0,0,0.042918596
0,0,0.049102508
0,0,0.0044209105
0,0,0.10457384
1,1,0.8844676
0,0,0.023211876
0,0,0.005749061
0,0,0.0014749413
1,1,0.9833054
0,0,0.028653152
0,0,0.010547115
0,0,0.059628215
0,0,0.08357503
0,1,0.78731173
0,0,0.22173724
0,0,0.008463959
0,0,0.19613805
0,0,0.012071276
0,0,0.0030147645
0,0,0.01651623
0,0,0.18720837
0,1,0.69061196
0,0,0.02789879
0,0,0.009571158
1,1,0.98943883
0,0,0.21569078
0,0,0.04083001
0,0,0.0030724723
0,0,0.042399626
0,0,1.967456e-05
0,0,0.01926102
0,0,0.014328273
0,0,0.049587946
0,0,0.065626964
0,1,0.5189245
0,0,0.0033297166
1,1,0.99999833
0,0,0.17415218
0,0,0.32145837
1,1,0.98123574
0,0,0.04193332
0,0,0.004611546
0,0,0.043147452
0,0,0.0030312713
0,0,0.00081480946
0,0,0.017935166
0,0,0.017595848
1,1,0.9888636
0,0,0.2645404
0,0,0.03514348
0,0,0.025477955
0,0,0.06871454
0,0,0.038354445
0,0,0.026905406
0,0,0.03733371
0,0,0.25859955
1,0,0.4715682
0,0,0.035049364
1,1,0.99999833
0,0,0.008397371
1,1,0.66315806
0,0,0.00055209623
0,0,0.114524476
0,0,0.0013027714
0,0,0.01074044
0,0,0.09652604
0,0,0.000380695
1,1,0.9978471
0,0,0.0050207116
0,0,0.008696351
0,0,0.031888247
1,1,0.9511835
0,0,0.022122098
0,0,0.041185603
0,0,0.02717123
0,0,0.00047392547
0,0,0.0094586145
0,0,0.08189395
1,1,0.99999833
0,0,0.0024741397
0,0,0.003909173
0,0,0.031047525
0,0,0.03600724
0,0,0.07161458
1,1,0.9999981
0,0,0.016157314
0,0,0.036131408
0,0,0.0017388816
0,0,0.0039792904
0,0,0.008084926
0,0,0.42513788
0,0,0.024901465
0,0,0.12001728
0,0,0.02121665
0,0,0.1425402
0,0,0.021491809
0,0,0.05679676
0,0,0.19225037
1,1,0.71761596
0,0,0.023995928
0,0,0.013524226
0,0,0.033023044
0,0,0.042328466
0,0,0.39096153
1,1,0.99726486
0,0,0.04362577
0,0,0.01811566
0,0,0.0024205062
0,0,0.08473763
0,0,0.079489455
0,0,0.017928423
0,0,0.035182785
0,0,0.008801004
0,0,0.00063590996
0,1,0.65050465
0,0,0.07933323
0,0,0.020861676
0,0,0.36727095
1,1,0.99999785
0,0,0.0052168015
0,0,0.20764683
0,0,0.0011541481
0,0,0.01188768
0,0,0.43401438
0,0,0.00022319473
0,1,0.5156594
1,1,0.9999976
0,0,0.112794645
1,1,0.99999833
0,0,0.010895717
0,0,0.047565714
0,0,0.01810565
0,0,0.026630718
1,1,0.9868145
0,1,0.55303127
0,0,0.09352868
0,0,0.07016373
0,0,0.0460891
1,1,0.9999987
0,0,0.07964517
1,1,0.9880248
0,0,0.007175353
0,0,0.11130007
0,0,0.029220037
0,0,0.026155952
0,0,0.011302015
1,0,0.3425299
0,0,0.0069255047
0,0,0.0006226161
0,0,0.027868
0,0,0.03847047
0,0,0.05654442
0,0,0.035182785
0,0,0.00054918334
0,0,0.03884717
0,0,0.16691987
0,0,0.0008168506
0,0,0.05953909
0,0,0.017366363
0,0,0.00869227
0,0,0.047559105
0,0,0.05889262
0,0,0.00618812
0,0,0.0109913265
0,0,0.024883388
0,0,0.003085531
0,0,0.065269835
1,0,0.115596235
1,0,0.08203816
0,0,0.019580193
0,0,0.10588529
0,0,0.003383484
0,0,0.05024131
0,0,0.0037606822
0,0,0.24444997
0,0,0.027872209
0,0,0.022773493
0,0,0.2154514
0,0,0.0007804348
0,0,0.04361786
0,0,0.3091689
0,0,0.12067623
0,0,0.008066634
1,1,0.9749278
0,0,0.17447221
1,0,0.20637636
0,0,0.07713217
0,0,0.034544256
0,0,0.032351255
1,1,0.99997354
0,0,0.046204153
1,1,0.99999833
0,0,0.022781778
0,0,0.015823038
0,0,0.0040027318
0,0,0.0021519226
0,0,0.012361294
0,0,0.020239295
0,0,0.038270306
0,0,0.108255245
0,0,0.12950827
0,0,0.01262637
0,0,0.016789567
0,0,0.027432786
1,0,0.37129092
0,0,0.28608936
0,1,0.66491306
0,0,0.027511155
0,0,0.07758226
0,0,0.018637652
1,1,0.98163456
0,0,0.11078385
1,1,0.9999144
0,0,0.008169997
0,0,0.0002305386
1,1,0.9999988
1,1,0.9275788
0,0,0.067952685
0,0,0.0023790232
0,0,0.15695527
0,0,3.7396632e-05
0,0,0.058377575
1,1,0.98629135
0,0,0.02666376
1,0,0.27671432
0,0,0.028134845
1,1,0.8238182
0,0,0.013741124
0,0,0.04446564
0,0,0.0075981854
0,0,0.0077902675
1,1,0.99784696
0,0,0.0025718256
0,0,0.0093214195
0,0,0.022513714
0,0,0.06791488
0,0,0.1247609
0,0,0.10460356
0,0,0.06376105
0,0,0.054728754
0,0,0.046906814
0,0,0.013685963
1,1,0.9999988
0,0,0.2744254
0,0,0.1460664
1,1,0.99992764
0,0,0.23195857
0,0,0.060121614
0,0,0.058424987
0,0,0.0074643134
0,0,0.10113801
0,0,0.2038456
0,0,0.0064713154
0,0,0.025991239
1,1,0.9999981
0,0,0.007297698
0,0,0.023255922
0,0,0.0018537801
0,0,0.002941147
0,0,0.3090263
0,0,0.05591215
0,0,0.008645907
0,0,0.12813142
0,0,0.14848962
1,1,0.9999987
0,0,0.36520734
0,0,0.024443548
0,0,0.13154215
0,0,0.063017964
1,1,0.99999833
0,0,0.009788178
0,0,0.042895235
0,0,0.039089583
0,0,0.0325387
0,0,0.009835367
1,1,0.9999987
1,1,0.9999144
0,0,0.0516078
0,0,0.033683907
0,0,0.005305366
0,0,0.13246731
0,1,0.65777546
0,0,0.040982597
0,1,0.8236202
0,0,0.12862162
0,0,0.1484306
1,1,0.9967289
0,0,0.0002400537
0,0,0.1479187
0,1,0.5009335
0,0,0.008648985
0,0,0.102234654
0,0,0.055655383
0,0,0.107076734
1,1,0.9999976
0,0,0.037621927
0,0,0.05382307
0,0,0.1508774
0,0,0.04655168
1,1,0.9999976
0,0,0.1371337
0,0,0.013509875
0,0,0.22412889
0,0,0.16858244
0,0,0.009352032
0,0,0.03421113
0,0,0.0056583867
0,0,0.09373856
0,0,0.03714704
0,0,0.12511306
1,1,0.99999785
0,0,0.43338025
0,0,0.037208103
0,0,0.03974228
0,0,0.3328073
0,0,0.027107656
0,0,0.117046446
0,0,0.08195282
0,0,0.06475741
0,0,0.01951928
0,0,0.0029870279
0,0,0.018951578
0,0,0.20908712
0,0,0.055296704
0,0,0.03943849
0,0,0.038748864
0,0,0.0030426567
0,0,0.067792505
0,0,0.029812874
0,0,0.00033007312
0,0,0.0016585657
0,0,0.08931864
1,1,0.9999976
0,0,0.097652026
1,1,0.6901898
0,0,0.008020051
0,0,0.040581867
1,1,0.67177397
0,0,0.022846315
1,1,0.9999976
0,0,0.01818647
0,0,0.0023506049
1,1,0.78781617
0,0,0.07887122
0,0,0.013312859
0,0,0.3218818
0,0,0.0044712615
0,0,0.17493002
0,0,0.35746115
0,0,0.030218171
0,0,0.005657848
0,0,0.27360702
0,0,0.12282466
0,0,0.049513265
0,0,0.00047789508
0,0,0.0011952838
1,1,0.9999801
0,0,0.05561388
0,0,0.016385762
0,0,0.05026244
0,0,0.031152494
0,0,0.09770264
1,1,0.8255576
0,0,0.05220235
0,0,0.027118802
1,1,0.9999987
0,0,0.00077891693
0,0,0.0027148603
0,0,0.008601207
0,0,0.0018289107
1,1,0.99999833
0,0,0.03101727
0,0,0.1419231
0,0,0.012077584
0,0,0.004008781
0,0,0.0947138
0,0,0.039683316
0,0,0.47037482
0,0,0.087928794
0,0,0.20143265
0,0,0.025237327
0,0,0.24113621
0,0,0.00027746058
0,0,0.0019859143
0,0,0.019033073
0,0,0.11266084
0,0,0.0032337555
1,1,0.9999144
0,0,0.089132875
1,1,0.9999976
0,0,0.0003984018
0,0,0.03194022
0,0,0.022730432
0,0,0.16065727
1,1,0.99999833
0,0,0.017299578
0,1,0.58728284
0,0,0.13505402
0,0,0.083297715
0,0,0.08346181
0,0,0.0475987
0,0,0.03916059
0,0,0.12088344
1,1,0.9999144
0,0,0.003936907
0,0,0.0070400727
0,0,0.33179379
0,0,0.06739716
0,0,0.23476894
0,0,0.024255458
1,1,0.9999144
0,0,0.007656565
0,0,0.008946783
0,0,0.116283834
0,0,0.0012200641
0,0,0.037848417
0,0,0.0071810894
0,0,0.08836497
1,1,0.999998
0,0,0.026304785
0,0,0.062406495
0,0,0.03524159
0,0,0.0548866
0,0,0.09316052
0,0,0.03475177
0,0,0.27671432
0,0,0.058491867
0,0,0.026781168
1,1,0.9999976
0,0,0.14095134
0,0,0.03199749
0,0,0.28307557
0,0,0.40958855
0,0,0.27671432
0,0,0.2958141
0,0,0.028968293
0,0,0.010878023
0,0,0.00061079283
0,0,0.13157801
0,0,0.37240636
0,0,0.008841127
0,0,0.061717015
1,0,0.41332492
0,0,0.3553494
0,0,0.02404432
0,0,0.011730413
0,0,6.2071325e-05
1,0,0.12262785
0,0,2.8874321e-05
0,0,0.00015690604
0,0,0.097251765
0,1,0.5079808
0,0,0.018328784
0,0,0.06820583
1,1,0.99999774
0,1,0.6417679
0,0,0.0012042933
0,0,0.0266422
0,0,0.090715915
0,0,0.30660963
0,0,0.0011317596
1,1,0.9999976
0,0,0.05408879
0,0,0.02983652
0,0,0.0012097545
0,0,0.06609755
0,0,0.008097922
0,0,0.079650976
0,0,0.37847468
0,0,0.009520094
0,0,0.0655732
0,0,0.00040908263
1,0,0.45482773
1,1,0.6112778
0,0,0.41016078
0,0,0.013090416
0,0,0.18289384
0,0,0.06276542
0,0,0.033553924
1,1,0.9999976
0,0,0.13894525
0,0,0.010333154
0,0,0.0013157837
0,0,0.005151376
0,0,0.09672198
0,0,0.020532439
0,0,0.0022792763
0,0,0.29479438
0,0,0.06718515
0,0,6.4524545e-05
0,0,0.15454045
0,0,0.006827194
0,0,0.017887691
0,0,0.028960181
0,0,0.348622
0,0,0.0046241884
1,1,0.9999988
0,0,0.12087167
0,1,0.5078954
0,0,0.0030167259
0,0,0.050566934
0,0,0.0030326883
0,0,0.032337707
0,0,0.0038721303
0,0,0.014524232
0,0,0.0023984804
0,0,0.0075582783
1,1,0.9999987
0,0,0.038106035
0,0,0.17178422
0,0,0.04027677
0,0,0.21871652
0,0,0.014402926
0,0,0.042541873
0,0,0.0014214003
0,0,0.47037482
0,0,0.003584343
0,0,0.00012215211
0,0,0.025477955
0,0,0.28045025
1,1,0.9785785
0,0,0.009651366
1,1,0.571274
0,0,0.08632425
0,0,0.002415936
0,0,0.0011744027
0,0,0.40543947
1,1,0.9882041
0,0,0.02013583
1,1,0.9463728
0,0,0.012823901
0,0,0.03799995
1,1,0.99999857
1,1,0.99999833
0,0,0.0027221062
0,0,0.12624715
0,0,0.2294943
0,0,0.025686527
1,1,0.9091358
1,1,0.9999976
1,1,0.8536629
0,0,0.0029574248
0,0,0.009040575
0,0,0.0069255047
0,0,0.04636234
0,0,0.021176606
0,0,0.024460623
1,1,0.8201882
1,1,0.9999988
1,1,0.9999976
0,0,0.057102658
1,1,0.9999981
0,0,0.009608436
0,0,0.18723135
1,1,0.8896307
0,0,9.594282e-05
1,1,0.9999989
0,0,0.032153513
0,0,0.015088188
1,1,0.9733699
0,0,0.015044276
0,0,0.12222932
1,1,0.98932076
1,1,0.9999976
0,0,0.0067759613
0,0,0.03553947
1,1,0.999998
0,0,0.053338744
0,0,0.035877988
0,0,0.080018304
0,0,0.0010153146
0,0,0.00032977178
0,0,0.021575995
0,0,0.0023743685
0,0,0.011896696
1,1,0.9999976
0,0,0.039052702
1,1,0.9999976
0,0,0.012314106
0,0,0.07428988
0,0,0.24371319
0,0,0.012034323
0,0,0.003949363
0,0,0.093743995
0,0,0.0039505786
0,0,0.0015064455
0,0,0.00894869
0,0,0.06338927
0,0,0.07474832
0,0,0.29479438
0,0,0.17122044
0,0,0.14003935
0,0,0.012462786
0,0,0.015186297
0,0,0.020326784
0,0,0.04873241
0,0,0.2724608
1,1,0.9999987
0,0,0.0476889
1,1,0.91653836
0,0,0.003490924
0,0,0.02537837
0,0,0.36690965
0,0,0.019324256
0,0,0.0166962
0,0,0.024989817
0,0,0.059313286
0,0,0.18058814
0,0,0.015155569
0,0,0.0020737122
0,0,0.015479052
0,0,0.009769459
0,0,0.007402089
0,0,0.002241237
0,0,0.011931673
0,0,0.070508346
1,1,0.9999976
0,0,0.02932006
0,1,0.59498215
0,0,0.059311293
0,0,0.08963757
0,0,0.062449444
0,0,0.048762694
0,0,0.09869592
0,0,0.016675342
0,0,0.10498457
1,1,0.97958916
0,0,0.010749153
0,0,0.045837652
0,0,0.022360642
0,0,0.00028022673
0,1,0.55365074
0,1,0.62088674
0,0,0.0526875
0,0,0.0064201867
0,0,0.046058275
0,0,0.038106035
0,0,0.022701079
0,0,0.013165722
0,0,0.000183851
0,0,0.017342478
0,0,0.012003142
1,1,0.99999833
0,0,0.011992708
0,0,0.0054591508
0,0,0.007807984
0,0,0.0056451946
0,0,0.0150633715
1,1,0.97189754
0,0,0.014875755
1,1,0.9999119
0,0,0.20983464
0,0,0.33530542
1,1,0.97895753
0,0,0.018505482
0,0,0.063918404
0,0,0.003146232
0,0,0.0074171866
0,0,0.00041642322
1,1,0.97155184
0,0,0.010198416
0,1,0.58728284
0,0,0.013915348
0,0,0.0054244553
0,0,0.048990782
1,1,0.9808956
0,0,0.038169067
0,0,0.15194604
0,0,0.009707674
0,0,0.0006557776
1,1,0.9840755
1,1,0.99999833
0,0,0.008276332
0,0,0.00022521053
0,0,0.019306004
0,0,0.37482747
0,0,0.06292128
0,0,0.07990909
0,0,0.40486282
0,0,0.010138391
0,0,0.027337365
0,0,0.030387754
0,0,0.026359152
0,0,0.02693291
0,0,0.009727543
1,1,0.99264693
0,0,0.07741326
0,0,0.0010511461
0,0,0.24226943
1,1,0.9999987
0,0,0.013095252
0,0,0.11012678
0,0,0.01438523
0,0,0.22332364
0,0,0.022871034
1,1,0.99999774
0,0,0.017106311
0,0,0.1428699
0,0,0.011665423
0,0,0.14769615
0,0,0.39559016
0,0,0.055612717
0,1,0.52096236
0,0,0.34448877
0,0,0.02403503
0,0,0.011528106
1,1,0.999998
0,0,0.014166737
1,1,0.99999833
1,1,0.9999976
1,1,0.99999833
0,0,0.24409728
0,0,0.2899873
0,0,0.00081395434
0,0,0.008138458
0,0,0.021325001
0,0,0.00072594045
0,0,0.009781691
0,0,0.011661147
0,0,0.029032249
0,0,0.051181026
0,0,0.03589872
1,1,0.5258277
0,0,0.015059701
0,0,0.026215728
0,0,0.060552094
0,0,0.004052103
0,0,0.00045833146
0,0,0.11767471
0,0,0.0021296598
0,0,0.06405703
0,0,0.07008887
0,0,0.03526498
0,0,0.07558896
0,0,0.041237123
1,1,0.99999857
0,0,0.0049714334
1,1,0.99999774
0,0,0.008231834
0,0,0.11265479
0,0,0.03697641
0,0,0.013550391
0,0,0.087587535
0,0,0.022356365
0,0,0.05774353
0,0,0.006632301
0,0,0.047551394
0,0,0.22036497
0,0,0.012166325
0,0,0.008108723
1,1,0.89498526
0,0,0.004204108
0,0,0.20900981
0,0,0.09116308
1,1,0.9419061
0,0,0.0117571475
0,0,0.0786997
0,0,0.07048775
0,0,0.15094344
0,0,0.0006858465
0,0,0.056149684
0,0,0.00016369805
1,1,0.9999976
0,0,0.26080722
0,0,0.023491194
0,0,0.2976342
0,0,0.01080865
0,0,0.03905486
0,0,0.03321413
1,1,0.9820778
1,1,0.94420785
0,0,0.045730554
0,0,0.14188345
0,0,0.022113016
0,0,0.33394253
0,0,0.030218715
0,1,0.63971704
0,0,0.009427446
0,0,0.042654093
0,0,0.12943327
0,0,0.044555556
0,0,0.07337733
1,1,0.99999785
0,0,0.10462214
1,1,0.9999988
0,0,0.023507586
0,0,0.13287915
0,0,0.00047632266
1,1,0.9844583
0,0,0.03342774
0,0,0.080229014
1,1,0.9740369
0,0,0.0012750141
0,0,0.0870948
0,0,0.0046242326
0,0,0.0050546955
0,0,0.02035936
0,0,0.092402324
0,0,0.007342813
0,0,0.019630874
0,0,0.00044550435
1,1,0.9999968
0,0,0.0094070425
0,0,0.007113981
0,0,0.06380645
0,0,0.05893166
0,0,0.023760112
0,0,0.03738719
0,0,0.029653212
0,0,0.19732408
0,0,0.018768502
0,0,0.04371311
0,0,0.23860371
0,0,0.025153622
0,0,0.013277548
0,0,0.113497406
0,0,0.019673582
1,1,0.9999976
0,0,0.05820969
0,0,0.14800204
0,0,0.013097514
0,0,0.23498788
1,1,0.99997354
1,0,0.06988993
0,0,0.07362344
1,1,0.9999976
0,0,0.045182284
0,0,0.06714904
0,0,0.032981507
0,0,0.19077052
0,0,0.33557615
0,0,0.004238676
1,1,0.9999976
1,1,0.97095674
0,0,0.024417767
0,0,0.022725847
0,0,6.0079154e-05
0,0,0.006685488
0,0,0.0013746447
0,0,0.0015376309
1,1,0.9999976
0,0,0.0003699991
0,0,0.047508955
0,0,0.078651465
0,0,0.0005293985
0,1,0.5855667
0,0,0.021609258
1,0,0.2905634
0,0,0.011462603
1,1,0.9999987
0,0,0.13698097
0,0,0.0005803873
0,0,0.07883678
0,0,0.28308356
0,0,0.017147264
0,0,0.017898493
0,0,0.025415093
0,0,0.05897605
0,0,0.009759394
0,0,0.04185546
0,0,0.10874267
1,1,0.9999987
0,0,0.024034709
1,1,0.98941773
0,0,0.13911824
0,0,0.0009917675
1,1,0.99999154
0,0,0.009753047
1,1,0.9999981
0,0,0.01737341
1,1,0.9999988
0,0,0.29476395
0,0,0.11330486
0,0,0.41332492
0,0,0.06777521
0,0,0.11578759
0,0,0.0063744974
0,0,0.0873836
0,0,0.0023784495
0,0,0.026805513
0,0,0.05435843
1,1,0.9999976
0,0,0.039803326
0,0,0.012162417
0,0,0.0026602726
0,0,0.19059277
0,0,0.0046877945
1,1,0.9999987
0,0,0.003394784
0,0,0.08753169
0,0,0.025739135
0,0,0.22665489
0,0,0.032966834
0,0,0.09511621
0,0,0.026071658
0,0,0.0067166905
0,0,0.057369277
0,0,0.0046078726
1,1,0.6681628
0,0,0.008841127
1,1,0.9999976
0,0,0.16833328
0,0,0.17666616
0,0,0.03595644
0,0,0.014499299
0,0,0.058209486
0,0,0.0012118067
0,0,0.016980708
0,0,0.0011156135
0,0,0.003063989
0,0,0.015309207
0,0,0.014970876
0,0,0.079763934
0,0,0.011133709
0,0,0.1771881
0,0,0.054541707
1,1,0.9999988
0,0,0.070555955
0,0,0.06163894
0,0,0.092885196
0,0,0.035304666
0,0,0.074016415
0,0,0.47438893
0,0,0.15198223
0,0,0.02104265
0,0,0.025883771
0,0,0.0026282582
0,0,0.3553494
0,0,0.0021526406
0,0,0.049311217
0,0,0.09168564
0,0,0.14682913
1,1,0.823182
0,0,0.030522875
0,0,0.043875452
0,0,0.044966634
0,0,0.03425393
0,0,0.01362329
0,0,0.06345984
0,0,0.021795668
0,0,0.08371266
0,0,0.025429288
0,0,0.019915096
0,0,0.018006055
0,0,0.10313629
0,0,0.25345364
1,1,0.9281756
0,0,0.0020294692
0,0,0.08098592
1,1,0.9999988
0,0,0.00038186522
0,0,0.03248549
0,0,0.026884153
0,0,0.1829285
0,0,0.08791003
1,1,0.8765949
0,0,0.021864083
0,0,0.0024500054
1,1,0.9999987
0,0,0.0010174671
0,0,0.036044277
0,0,0.04054736
0,0,0.14197741
0,0,0.029580375
0,0,0.028863482
0,0,0.06704614
0,0,0.032766685
0,0,0.009157496
0,0,0.0046047615
0,0,0.016107325
0,0,0.022388235
0,0,0.22020134
1,0,0.47440356
0,0,0.00022979705
0,0,0.016664954
0,0,0.0033245191
0,0,0.013223189
0,0,0.11018595
1,1,0.99999857
0,0,0.030421393
0,0,0.06527434
0,0,0.13351859
0,0,0.04941201
0,0,0.2085516
0,0,0.33200678
1,1,0.9999988
0,0,0.015396877
0,0,0.030779382
0,0,0.037306674
0,0,0.06014557
0,0,0.223695
0,0,0.022087032
1,1,0.99999833
0,0,0.060747247
0,1,0.5300659
0,0,0.057555765
0,0,0.07992165
0,0,0.04505076
0,0,0.00030047624
0,0,0.0023512433
0,0,0.0069749993
0,0,0.006886689
0,0,0.061001938
0,0,0.19854183
0,0,0.029528739
0,0,0.038106035
0,0,0.0013581746
0,0,0.13536094
1,0,0.38965428
0,0,0.0030588694
0,0,0.03379477
0,0,0.4785157
0,0,0.014702238
1,1,0.7321108
1,1,0.9999988
0,0,0.056998152
0,0,0.04933684
0,0,0.0757926
0,1,0.50455725
0,0,0.009318861
0,0,0.0010598964
0,0,0.14723872
0,0,0.0060470123
0,0,0.10350342
0,0,0.17448623
0,0,0.035173308
0,0,0.20234433
1,1,0.82092106
0,0,0.011615478
0,0,0.029075488
0,0,0.09549193
0,0,0.014480649
0,0,0.11523857
0,0,0.012462786
0,0,0.016591046
0,0,0.023077883
0,0,0.022553649
0,0,0.005657848
0,0,0.061421484
0,0,0.10035303
1,1,0.9158113
0,0,0.023797194
0,0,0.002248105
0,0,0.031740453
1,1,0.9999976
0,0,0.00023233303
1,1,0.9999988
0,0,0.018934129
0,0,0.21818183
1,0,0.4779715
0,0,0.00072693557
1,1,0.9999976
0,0,0.03569075
0,0,0.002114247
0,0,0.04427979
0,0,0.03886081
0,0,0.09514442
0,0,0.17744575
0,0,0.06646048
0,1,0.737188
0,0,0.07436101
0,0,0.06435649
0,0,0.13581221
1,1,0.9999976
0,0,0.09103973
1,1,0.9999988
0,0,0.033787847
0,0,0.38408995
0,0,0.13531446
0,0,0.06142357
0,0,0.3776345
0,0,0.364368
1,1,0.99999654
0,0,0.036465097
1,1,0.9940253
0,0,0.005327112
0,0,0.0066464
0,0,0.0066980165
0,0,0.025261158
1,1,0.99999833
0,0,0.06241781
0,0,0.02200457
0,0,0.021843182
0,0,9.190261e-05
0,0,0.002203605
0,0,0.012136554
0,0,0.041138038
0,0,0.023827149
0,0,0.47440356
0,0,0.033001486
1,1,0.9999988
0,0,0.40958855
0,0,0.00018066529
1,1,0.9999987
1,1,0.9360916
1,1,0.9939466
0,0,0.026598707
0,0,0.03486166
1,1,0.9999987
0,0,0.024609584
0,0,0.14536154
1,1,0.99997973
1,1,0.8963395
0,0,0.00054162013
0,0,0.059866864
1,1,0.9999987
1,0,0.45210123
0,0,0.009371173
0,0,0.049588874
0,0,0.0131061645
0,0,0.018632283
0,0,0.4685477
0,0,0.027337365
0,0,0.014724532
0,0,0.091231465
0,0,0.0026704026
0,0,0.024642847
0,0,0.025270317
0,0,0.017052013
1,1,0.9999976
0,0,0.005045273
0,0,0.01602223
0,0,0.032022618
0,0,0.031738974
0,0,0.04355655
0,0,0.054381587
1,1,0.99832994
0,0,0.0067452416
0,0,0.007908084
0,0,0.0064573837
0,0,6.7731555e-05
0,0,0.14772692
0,0,0.00088070944
1,1,0.9957373
0,0,0.046731077
0,0,0.06740139
0,0,0.09875604
0,0,0.11032159
1,1,0.99769944
1,1,0.8754998
0,0,0.033579208
1,1,0.9920312
0,0,0.1705733
0,0,0.223695
0,0,0.032153513
0,0,0.0036358363
0,0,0.037727088
1,0,0.41350317
0,0,0.11684097
1,1,0.9999987
0,0,0.10549507
0,0,0.0085229
0,0,0.06859991
0,0,0.012273368
0,0,0.05378513
0,0,0.106116205
0,0,0.0024042206
1,0,0.11807837
0,0,0.09348204
0,0,0.00022619012
0,0,0.0019322361
0,0,0.013823282
0,0,0.015484154
1,1,0.9999987
0,0,0.002926889
0,0,0.39421418
0,0,0.08697586
0,0,0.0044987043
0,0,0.00016552598
0,0,0.103358254
0,0,0.10155659
0,0,0.13829353
0,0,0.06388832
1,1,0.7141548
0,0,0.47673544
0,0,0.00972927
1,1,0.98977154
0,0,0.0334208
0,0,0.0135435155
0,0,0.08610676
0,0,0.045889515
0,0,0.0046378006
0,0,0.0010522266
0,0,0.012873888
0,0,0.02154098
0,0,0.011844049
0,0,0.007802607
1,1,0.64908063
0,0,0.010010068
0,0,0.04774758
0,0,0.030748082
0,0,0.002251602
0,0,0.04998671
0,0,0.14527895
1,1,0.9999976
0,0,0.031222234
0,0,0.032039873
0,0,0.24910648
0,0,0.016920257
1,1,0.99999833
0,0,0.012902017
0,0,0.0396084
0,0,0.0028208257
0,0,0.35367072
0,0,0.10155659
0,0,0.18575402
1,1,0.9999989
0,0,0.06084065
1,1,0.99999833
0,0,0.07656063
0,0,0.022771085
0,0,0.009615975
0,0,0.009768172
0,0,0.004524369
0,0,0.035312284
0,0,0.06062536
0,0,0.07900881
0,0,0.059245612
1,0,0.3261409
0,0,0.007091115
0,0,0.001665307
0,0,0.037671153
1,1,0.999998
0,0,0.011849977
0,0,0.0014104216
0,0,0.0006868096
0,0,0.008056079
0,0,0.07025126
0,0,0.033705533
0,0,0.026163593
0,0,0.27671432
0,0,0.0005921786
0,0,7.4851014e-05
1,1,0.99999845
0,0,0.28608936
1,1,0.9997354
1,1,0.9999987
1,0,0.19057645
0,0,0.0009991918
0,0,0.012071276
0,0,0.02743449
0,0,0.12316271
1,1,0.99999714
0,0,0.010333716
0,0,0.2893613
1,1,0.9999988
0,0,0.035919122
0,0,0.009623421
1,1,0.9999119
0,0,0.035171133
0,0,0.03855866
0,0,0.10414081
0,0,0.071634285
0,0,0.005233
0,0,0.028285798
0,0,0.01746507
0,0,0.12195138
0,0,0.080029026
1,0,0.130988
0,0,0.014884855
1,1,0.9999988
0,0,0.11258985
0,0,0.008375977
0,0,0.0048878845
0,0,0.35916948
0,0,0.0119510945
0,0,0.023140736
0,0,0.026213994
1,1,0.99999833
0,0,0.026110439
0,0,0.07189349
0,0,0.057895623
0,0,0.023521185
0,0,0.18061608
0,0,0.030165296
1,1,0.99999833
0,0,0.06648229
0,0,0.40958855
0,0,0.046665516
1,0,0.09667895
0,0,0.0023984804
0,0,0.04706483
0,0,0.010320791
0,0,0.22701988
0,0,0.008436113
0,0,0.09914728
0,0,0.0150353685
0,0,0.01549728
0,0,0.36144003
0,0,0.18510439
0,0,0.014166737
1,1,0.9999987
1,1,0.9999144
0,0,0.004969618
0,0,0.0060692006
0,0,0.44272125
0,0,0.07685429
0,0,0.13085127
1,1,0.99999785
0,0,0.17713994
0,0,0.0016783327
0,0,0.0050919736
0,0,0.011324865
0,0,0.04629027
1,1,0.9957373
0,0,0.02644073
0,0,0.08733081
0,0,0.00045182568
1,0,0.49866012
0,0,0.030394737
0,0,0.005700575
0,0,0.00054162013
0,0,0.03701437
0,0,0.008180629
0,0,0.13482647
0,0,0.043903846
0,0,0.095693044
0,0,0.0951957
0,0,0.23012446
0,0,0.0965812
0,0,0.0083740875
0,0,0.031562857
0,0,0.078311935
0,0,0.45674482
1,1,0.9859984
0,0,0.009381199
1,1,0.9999976
0,0,0.026357029
0,0,0.028170422
0,0,0.018223356
0,0,0.0022654848
0,0,0.47037482
0,0,0.121156074
0,0,0.007906439
0,0,0.023507755
0,0,0.03217035
0,0,0.040781192
0,0,0.013667914
0,0,0.00029074016
0,0,0.050612584
0,0,0.013124759
0,0,0.007178455
0,0,0.022205532
0,0,0.025216416
0,0,0.069998674
0,0,0.0010625664
0,0,0.00020736185
1,1,0.999998
0,1,0.641677
0,0,4.9244903e-05
0,0,0.0010980373
0,0,0.083158985
1,1,0.99756515
1,1,0.74771947
0,0,0.015153363
0,0,0.09182422
0,0,4.4521486e-05
0,0,5.9941693e-05
0,0,0.017968228
1,1,0.9999987
0,0,0.004698406
0,0,0.026250284
0,0,0.021737847
0,0,0.17569269
0,0,0.000117049414
1,0,0.011650408
0,0,0.009012329
1,1,0.9999988
1,1,0.82444257
0,0,0.0151726445
0,0,0.0013771161
1,1,0.99999833
1,1,0.99999774
0,0,0.034623668
0,0,0.087230094
1,1,0.9999988
0,0,0.0041867285
0,0,0.012697755
0,0,4.3668937e-05
0,0,0.10152187
0,0,0.0012978746
0,0,0.050873395
0,0,0.024774456
1,1,0.99999845
0,0,0.0019709808
0,0,0.14452069
1,1,0.99999833
0,0,0.15949732
0,0,0.023117837
0,0,0.41526702
0,0,0.05132217
0,0,0.0014635692
0,0,0.0594881
0,0,0.0040457807
0,0,0.12812714
0,0,0.059113137
0,0,0.037184384
0,0,0.03355557
0,0,0.015883122
0,0,0.079257704
1,1,0.99999785
0,0,0.059451867
0,0,0.02627715
1,1,0.951953
0,0,0.022604557
1,1,0.9999988
1,1,0.9999981
0,0,0.030337222
0,0,0.0412259
0,0,0.05041511
0,0,0.035306
1,1,0.9810852
1,0,0.11848745
0,0,0.022120306
0,0,0.037217066
0,0,0.04269126
0,0,0.27214432
0,0,0.009768172
0,0,0.099782325
0,0,0.025449822
1,1,0.9919425
0,0,0.00773958
0,0,0.052861176
1,1,0.99999833
0,0,0.017510261
1,1,0.99999845
0,0,0.03596944
0,0,0.0147067355
1,1,0.99999833
0,0,0.05677894
0,0,0.03894966
0,0,0.020126352
0,0,0.0912335
0,0,0.00024612792
1,1,0.9945142
0,0,0.013749708
0,1,0.62469494
0,0,0.0061900327
0,0,0.0018253851
0,0,0.0006468074
1,1,0.9828514
0,0,0.066431336
0,0,0.01171107
0,0,6.1655184e-05
0,0,0.007096852
0,0,0.021004096
1,1,0.99999833
0,0,0.0036409944
0,0,0.084797315
0,0,0.06806309
0,0,0.0028661417
0,0,0.047927134
1,1,0.97426844
1,1,0.9989434
0,0,0.24131468
0,0,0.004545469
0,0,0.004166939
1,1,0.999998
0,0,0.0013718395
1,1,0.8991338
0,0,0.025696183
1,1,0.9999988
0,0,0.0019758972
0,0,0.004900113
0,0,0.012953781
0,1,0.5729673
1,0,0.05840497
0,0,0.0011498973
0,0,0.07375674
0,0,0.080793366
1,1,0.99999845
0,0,0.021849768
0,0,0.03421053
0,0,0.00019227903
0,0,0.028460836
0,0,0.014025871
1,0,0.36690965
0,0,0.0025324866
0,0,0.46695596
1,1,0.9583736
0,0,0.020543264
0,0,0.06464673
0,0,0.035712477
0,0,0.19650659
0,0,0.044789817
0,0,0.0022223208
0,0,0.011961138
0,0,0.0061262907
1,1,0.9999987
1,1,0.999998
1,1,0.8343747
0,0,0.23498246
0,0,0.017527696
0,0,0.42540365
1,1,0.99999785
1,1,0.9893701
0,0,0.0066714836
1,1,0.999998
0,0,0.005474623
0,0,0.052783318
0,0,0.0023507099
0,0,0.04888096
0,0,0.004607936
0,0,0.032879174
0,0,0.0031850245
0,0,0.09691434
0,0,0.015703967
0,0,0.016065242
1,1,0.99999833
0,0,0.104345545
0,0,0.109794624
0,0,0.047712393
0,0,0.025169428
0,0,0.41350317
0,0,0.05369861
0,0,0.006196701
0,0,0.03559355
0,0,0.06388613
0,0,0.32090282
0,0,0.03990184
0,0,0.0074047064
0,0,0.24631841
0,0,0.025495164
0,0,0.053608842
0,0,0.010167522
0,0,0.1273641
0,0,0.010625939
0,0,0.0080376305
0,0,0.030110085
0,0,0.022967648
1,1,0.9999976
1,1,0.9999987
0,0,0.02789868
1,1,0.67076015
0,0,0.0422627
0,0,0.15201366
0,0,0.00018067131
0,0,0.047098216
0,0,0.352661
1,1,0.94052273
1,0,0.26601538
0,0,0.0073941685
0,0,0.009607451
0,0,0.0060423166
0,0,0.0054180613
0,0,0.25907394
0,0,0.0033297988
1,1,0.8912401
1,1,0.6408904
0,0,0.020477558
0,0,0.0716636
0,0,0.026503906
1,0,0.49257186
0,0,0.00037416996
0,0,0.04861225
1,0,0.05151015
0,0,0.02618321
1,1,0.74529815
0,0,0.0018761917
0,1,0.5496025
0,0,0.013856407
0,0,0.00015115907
1,1,0.67446524
1,1,0.9999987
0,0,0.02660396
0,0,0.15049532
1,1,0.9999987
0,0,0.048347037
0,0,0.093915775
0,0,0.34619528
0,0,0.029776791
0,0,0.07891718
0,0,0.2104983
0,0,0.0005579263
0,0,0.0018571058
0,0,0.11378434
0,0,0.17289081
1,1,0.96914256
0,0,0.018325314
0,0,0.016303938
1,1,0.9999988
0,0,0.019042868
0,0,0.10186266
0,0,0.0002593953
0,0,0.011426281
0,0,0.0012815295
0,0,0.08630623
0,0,0.013255956
0,0,0.0347625
0,0,0.021998104
0,0,0.10422768
1,1,0.9999988
0,0,0.049172107
0,0,0.064025216
0,0,0.18305819
0,0,0.00022404693
0,0,0.026966171
1,1,0.9999988
0,0,0.02711906
0,0,0.14149232
0,0,0.28578365
0,0,0.047451667
0,0,0.019765804
0,0,0.1582876
0,0,0.032829326
1,1,0.9999976
0,0,0.0013206581
0,0,0.009855578
0,0,0.015228772
0,0,0.017662747
0,0,0.02666376
0,0,0.02420199
0,0,0.039490875
0,0,0.031042371
0,0,0.024820484
0,0,0.036803868
0,0,0.007619512
0,0,0.010997569
0,0,0.12102309
0,0,0.13907987
1,1,0.99999833
1,1,0.98963964
0,0,0.09957012
1,1,0.9999976
1,1,0.5300659
1,1,0.9999976
0,0,0.012782761
0,0,0.013157633
0,0,0.00704323
0,0,0.15004395
0,0,0.2446629
0,0,0.018396169
0,0,0.119059734
0,0,0.34258178
0,0,0.03364621
0,0,0.0049573737
0,0,0.027130937
0,0,0.12321555
1,1,0.99999833
0,0,0.008641805
0,0,0.00955563
0,0,0.02825531
0,0,0.024646519
0,0,0.03570951
0,0,0.060649417
0,0,0.06820511
0,0,0.058522116
0,0,0.0039689997
1,1,0.9999976
1,1,0.9999987
0,0,0.018417131
0,0,0.045550782
0,0,0.074406445
0,0,0.006239766
1,1,0.99963427
0,0,0.0009657232
0,0,0.08253104
0,0,0.12702289
0,0,0.08335916
0,0,0.0026725205
0,0,0.0006037327
0,0,0.013965405
0,0,0.072786614
0,0,0.0814518
0,0,0.035578586
1,1,0.99999833
0,0,0.010922131
0,0,0.018070221
1,0,0.44994727
0,0,0.0019895183
1,1,0.9999988
0,0,0.45024663
0,0,0.0032879047
0,0,0.0052525518
0,0,0.009160707
0,0,0.107982896
0,0,0.117179364
0,0,0.007307125
0,0,0.027254319
0,0,0.016515138
0,0,1.967456e-05
0,0,0.11893926
1,1,0.99999833
1,1,0.99999857
0,1,0.5697623
0,0,0.032941572
0,0,0.39271265
0,0,0.022869697
0,0,0.1706277
0,0,0.074714385
0,0,0.24729493
0,0,0.20496525
0,0,0.015154686
0,0,0.35367072
0,0,0.0015024593
0,0,0.0053446856
0,0,0.1295807
0,0,0.056808602
0,0,0.007963494
1,1,0.9999976
0,0,0.0056082625
0,0,0.1057008
0,0,0.2997222
0,0,0.34131396
0,0,0.0020096553
1,1,0.99999785
0,0,0.0051276344
0,0,0.19412142
0,0,0.027005844
0,0,0.0023480577
0,0,0.008614697
0,0,0.052367378
0,0,0.0033673567
0,0,0.08188695
1,1,0.99999857
0,0,0.0006807133
0,0,0.15546545
0,0,0.0053768
0,0,0.00034411674
0,0,0.006658049
0,0,0.012902831
0,0,0.0183761
0,0,0.0033620768
0,0,0.103828244
0,0,0.013507092
0,0,0.010035258
1,1,0.99999774
0,0,0.0073304665
0,0,0.040186707
0,0,0.027406787
0,0,0.013764292
0,0,0.03234587
0,0,0.011920272
1,1,0.9764287
0,0,0.25733757
0,0,0.37971956
0,0,0.02841123
0,0,0.45084977
0,0,0.2396778
0,0,0.030769981
0,0,0.22591422
0,0,0.09374264
1,1,0.81346065
0,0,0.044136785
0,0,0.26675645
0,0,0.0115783885
0,0,0.028504875
0,0,0.015191489
0,0,0.051693715
0,0,0.015552195
0,0,0.033493247
1,1,0.91540235
0,0,0.36797094
0,0,0.00055209623
0,0,0.078820325
0,0,0.000116934396
1,1,0.9999987
0,0,0.23694108
0,0,0.09136795
0,0,0.03895558
0,0,0.0020344888
0,0,0.13013315
0,0,0.0096203135
0,0,0.012708037
0,0,0.00052543805
0,0,0.018581415
0,0,0.009322314
0,0,0.03298015
1,1,0.9999987
0,0,0.018212803
0,1,0.6023019
0,0,0.15847427
0,0,0.006069733
0,0,0.22086383
0,0,0.06550538
0,0,0.003957713
0,0,0.021717418
0,0,0.007065612
0,0,0.0034440297
0,0,0.033001486
0,0,0.04167641
0,0,0.1341082
0,0,0.17037098
0,0,0.16089311
1,1,0.9999976
0,0,0.02607795
0,0,0.15456976
0,0,0.00021986134
0,0,0.0128748035
0,0,0.0011611737
0,0,0.005906531
0,0,0.040485762
0,0,0.01686507
1,1,0.76548624
0,0,0.28401807
0,0,0.0017584497
0,0,0.024334481
0,0,0.038267076
1,1,0.99996614
0,0,0.0275313
0,0,0.052644953
0,0,0.0028604306
0,0,0.005552631
0,0,0.0063522076
0,0,0.16822933
0,0,0.0011041278
1,1,0.9999987
1,1,0.96234053
0,0,0.02601341
0,0,0.08292181
1,1,0.99999833
0,0,0.0042871167
1,1,0.999998
1,1,0.9302905
0,0,0.29454172
0,0,0.033162702
0,0,0.011722456
0,0,0.0070373192
0,0,0.12569073
0,0,3.8613423e-05
1,1,0.9999968
0,0,0.010517155
0,0,0.30564764
0,0,0.1089555
1,1,0.6500722
0,0,0.051842302
0,0,4.245707e-05
0,0,0.038906697
0,0,0.042071324
0,0,0.119752266
1,1,0.9999988
0,0,0.00030268094
1,1,0.55858594
0,0,2.7803013e-05
0,0,0.0027090502
1,1,0.6269407
0,0,0.10518729
0,0,0.04848291
0,0,0.035439048
0,0,0.02140394
0,0,0.030792095
0,0,0.089646675
0,0,0.033243403
0,0,0.045236334
0,0,0.08026115
1,1,0.95805174
0,0,0.022278264
1,1,0.9999968
1,1,0.9999987
0,0,0.009315895
0,0,0.01217571
1,1,0.99999845
1,1,0.8920024
0,0,0.024123052
0,0,0.16537997
0,0,0.09353018
0,0,0.060081583
0,0,0.046395924
0,0,0.013647601
0,0,0.052796848
0,0,0.016297432
1,1,0.91827685
1,0,0.25051773
0,0,0.026250284
0,0,0.07627569
0,0,0.16396719
0,0,0.010004532
0,1,0.5718984
0,0,0.013292643
0,0,0.1096072
0,0,0.18464926
0,0,0.093832806
0,0,5.6108027e-05
0,0,0.005385242
0,0,0.00018186493
0,0,0.07339808
0,0,0.027925221
0,0,0.0041528605
1,1,0.9999788
0,0,0.077419795
0,0,0.010010357
0,0,0.021487445
0,0,0.010653743
1,0,0.09343689
0,0,0.082048684
0,0,0.044058044
0,0,0.15188502
0,0,0.0749571
0,0,0.1136011
0,0,0.4685477
0,0,0.024143722
0,1,0.8966776
0,0,0.0033173678
0,0,0.39485234
0,0,0.009266568
1,1,0.99997354
0,0,0.041103162
0,0,0.031026352
0,0,0.0745627
0,0,0.12929136
0,0,0.02468581
1,1,0.98280853
0,0,0.084135674
0,0,0.09639803
0,0,0.02136154
0,0,0.00847052
0,0,0.0589925
0,0,0.221131
0,0,0.14106043
0,0,0.024839943
0,0,0.020031696
1,1,0.9999988
0,0,0.010060154
0,0,0.060258765
0,0,0.15017757
0,0,0.018684031
0,0,0.023096772
1,1,0.9999976
0,0,0.057494882
0,0,0.0036026768
0,0,0.03002023
1,1,0.99999833
1,1,0.9959914
0,0,0.0083347615
0,0,0.13432245
0,0,0.003293837
0,0,0.00042108167
0,0,0.00037585615
1,1,0.8954129
0,0,0.11089377
0,0,0.02652435
0,0,0.00011690752
0,0,0.0009211812
0,0,0.10780823
0,0,0.30343413
0,0,0.0031949482
0,0,0.002240319
0,0,0.04851748
0,0,0.014478282
0,0,0.17866339
0,0,0.13675927
0,0,0.043017704
1,1,0.9586082
0,0,0.14222915
0,0,0.0016090822
1,0,0.4857217
0,0,0.0055453344
0,0,0.018896619
0,0,0.015528574
0,0,0.007814444
0,0,0.012886262
0,0,0.00016903576
0,0,0.019135296
1,0,0.45730603
0,0,4.8627277e-05
1,1,0.99999774
0,0,0.2355612
0,0,0.026417516
0,0,0.001955949
0,0,0.026894508
0,0,0.024165992
0,0,0.08595099
0,0,0.0003480847
0,0,0.020048758
1,0,0.4919909
0,0,0.00721834
0,0,0.022490932
0,0,0.009726312
0,0,0.0070135253
0,0,0.000107161686
0,0,0.29479438
0,0,0.0886121
0,0,0.0044724164
0,0,0.018401755
0,0,0.02726876
0,0,0.12255329
0,0,0.03401636
0,0,0.010244641
0,0,0.033344686
0,0,0.024969067
0,0,0.010692557
0,0,0.24926382
0,0,0.006500709
0,0,0.24689987
0,0,0.006944985
1,1,0.9999988
0,0,0.06152352
0,0,0.060191408
0,0,0.09257241
0,0,0.028625794
0,0,0.06080392
0,0,0.01102701
1,0,0.40958855
0,0,0.08179145
0,0,0.0014558682
0,0,0.06721073
0,0,0.23301731
1,1,0.5552534
0,0,0.14977346
0,0,0.0055878735
0,0,0.0088943355
0,0,0.3016646
0,1,0.8695127
0,0,0.00779906
0,0,0.012997163
0,0,0.0010416157
1,1,0.9422339
0,0,0.06287393
0,0,0.0009020851
0,1,0.8257959
0,0,0.009196665
0,0,0.12073406
0,0,0.03872397
0,0,0.013989367
0,0,0.018638432
0,0,0.015416191
0,1,0.50869244
0,0,0.008122039
0,0,0.00972927
0,0,0.020089636
0,0,0.016328137
0,0,0.006390888
0,0,0.017592626
1,1,0.8807742
0,0,0.0077435435
0,0,0.047902312
0,0,0.2993865
0,0,0.088109694
0,0,0.010918387
0,0,0.024618115
0,0,0.04597755
0,0,0.01848384
0,0,0.00029621145
0,0,0.19408488
0,0,0.067236066
0,0,0.007499148
0,0,0.02095138
0,1,0.87842214
1,1,0.9999976
0,0,0.027938118
1,1,0.9999987
0,0,0.027861428
0,0,0.013442722
0,0,0.20789579
0,0,0.012892614
0,0,0.0340109
1,1,0.9999976
1,1,0.98708886
0,0,0.016159877
0,0,0.0051114494
1,0,0.40958855
0,0,0.14400433
0,0,0.011972092
1,0,0.4588231
0,0,0.040636793
1,1,0.999998
0,0,0.08845615
0,0,0.02348389
0,0,0.001302416
0,0,0.04783492
1,1,0.979395
0,0,0.030740943
0,0,0.03668754
0,0,0.00433587
0,0,0.15588112
0,0,0.21527986
1,1,0.95113033
0,0,0.008507272
0,0,0.27671432
0,0,0.007144829
0,0,0.010913172
0,0,0.012902278
0,0,0.04153822
1,1,0.999998
0,0,0.043196756
0,0,0.10238746
0,0,0.038828176
0,0,0.02334529
0,0,0.012145339
1,1,0.5815389
0,0,0.062911145
0,0,0.039319973
0,0,0.010596588
0,0,0.006230763
1,0,0.19742602
0,0,0.0021084342
0,0,0.05340587
0,0,0.011287297
0,0,0.12870152
0,0,0.027993966
1,1,0.99999833
0,0,0.054833982
0,0,0.09622698
0,0,0.38398874
0,0,0.010002969
1,0,0.41350317
0,0,0.0531367
0,0,0.08086395
0,0,0.0061046206
0,0,0.11059121
0,0,0.06755133
0,0,0.0010504178
0,0,0.00039229207
0,0,0.004141354
0,0,0.014874504
0,0,0.00783873
1,1,0.9792365
0,0,0.0033087346
1,1,0.9999988
1,1,0.99998677
1,1,0.9948909
1,1,0.9999968
0,0,0.00428592
0,0,0.1934493
0,0,0.04211391
1,0,0.42926267
0,0,0.0139619
0,0,0.009205147
0,0,0.012621913
1,0,0.33394253
0,0,0.007139168
0,0,0.28608936
0,0,0.033091113
0,0,0.2997222
0,0,0.035635732
0,0,0.026058223
0,0,0.022988029
0,0,0.16133714
0,0,0.051181026
0,0,0.20645875
1,1,0.78281677
0,0,0.007735063
0,0,0.057574984
1,1,0.99999833
0,0,0.13483822
1,1,0.9999987
0,1,0.53411865
1,1,0.9999988
0,0,0.09148238
0,0,0.28411716
0,0,0.052056942
0,0,0.0011678315
0,0,0.017730642
0,0,0.09699774
0,0,0.020445464
0,0,0.0012968836
1,1,0.8684103
0,0,0.010593704
0,0,0.03033261
0,0,0.10214386
0,0,0.021788966
0,0,0.029208772
0,0,0.15072456
0,0,0.17894816
0,0,0.044386517
0,0,0.00016895728
0,0,0.00396828
0,0,0.04998759
0,0,0.0118842805
0,0,0.0056727934
0,0,0.03379506
0,0,0.016983837
0,0,0.011809753
1,1,0.9999987
0,0,0.19738303
0,0,0.005959176
0,0,0.1533871
0,1,0.58728284
0,0,0.0017622673
0,0,0.03727023
0,0,0.0018670408
0,0,0.051525325
0,0,0.07914861
0,0,0.016244913
0,0,0.009616253
0,0,0.040996272
0,0,0.031597707
0,0,0.048708238
0,0,0.033114243
0,0,0.012462786
1,1,0.9902727
0,0,0.17289387
0,0,0.06562293
0,0,0.0151262665
1,1,0.99982125
0,0,0.025250932
0,0,0.011149186
0,0,0.17507987
1,1,0.99999845
0,0,0.0038108374
0,0,0.021251796
0,0,0.064046174
0,0,0.0112796575
0,0,0.01376536
0,0,0.049809095
0,0,0.23831049
0,1,0.6962268
0,0,0.1416407
1,1,0.9999976
0,0,0.29872373
0,0,0.02898277
0,0,0.09006712
1,1,0.98867315
0,0,0.00045833935
0,0,0.011693842
0,0,0.12261557
0,0,0.0025595776
1,1,0.99999833
1,0,0.14824226
0,0,0.002199862
0,0,0.11187157
0,0,0.0027984455
1,1,0.99999833
0,0,0.048222672
0,0,0.00032225426
0,0,0.018958472
0,0,0.018432282
0,0,0.019522497
0,0,0.010251418
0,0,0.010965751
0,0,0.0021188993
0,0,0.017528377
0,0,0.06807747
0,0,0.0042925775
0,0,0.027625762
1,1,0.9999968
1,1,0.9999988
0,0,0.2857593
0,0,0.0034945402
0,0,0.01227723
0,0,0.0050687515
0,0,0.11286641
0,0,0.006798559
0,0,0.20969951
0,0,0.0028776596
1,1,0.99999833
1,1,0.9999988
0,0,0.10696508
1,1,0.9999987
0,0,0.04536059
0,0,0.015488779
0,0,0.13091394
0,0,0.0140782865
1,1,0.99140257
0,0,0.01911092
0,0,0.081958815
0,0,0.053923827
0,0,1.23323625e-05
0,0,0.08712108
0,0,0.06448563
0,0,0.018665515
0,0,0.36520734
0,0,0.29479438
1,1,0.99999785
0,0,0.041639496
0,0,0.007396811
0,0,0.010606016
0,0,0.06472842
0,0,0.04221064
0,0,0.021176739
0,0,0.018940223
0,0,0.0531026
0,0,0.025598684
0,0,0.0104190465
0,0,0.25927487
0,0,0.029565558
1,1,0.9999987
0,0,0.015330334
0,0,0.0009736217
1,1,0.9980293
0,0,0.012019456
0,0,0.059863403
0,0,0.29881003
0,0,0.00029007622
0,0,0.48382303
0,0,0.30813354
1,1,0.9999988
0,0,0.0055068214
1,1,0.9640097
0,0,0.1114073
0,0,0.12645742
0,0,0.009283762
0,0,0.07254233
0,0,0.026932167
1,1,0.9989774
0,0,0.022995511
0,0,0.19706503
0,0,0.2702871
0,0,0.10038286
0,0,0.0073873997
0,0,0.016927715
0,0,0.033250213
0,0,0.33179379
1,1,0.99999833
0,0,0.0008217636
1,1,0.9999987
0,0,0.0015197189
0,0,0.004387799
0,0,0.011658092
0,0,0.018346097
0,0,0.14122671
0,0,0.13189727
0,0,0.1721842
0,0,0.0032728221
1,1,0.98995847
0,0,0.06845184
1,1,0.9999814
0,0,0.11240959
1,1,0.9737786
0,0,0.08409174
0,0,0.015400204
1,1,0.9999976
0,0,0.084602885
0,0,0.00012318179
0,0,0.014972614
0,0,0.0063561937
0,0,0.0033207939
0,0,0.054138962
1,1,0.7896686
1,1,0.99999833
1,1,0.9840755
0,0,0.01853216
0,0,0.10194421
0,0,0.3294807
0,0,0.005948291
0,0,0.00771439
0,0,0.104191646
1,1,0.9999987
1,1,0.9999976
1,0,0.111820415
1,1,0.999998
0,0,0.25884512
1,1,0.99098504
0,0,0.058899656
0,0,0.17025083
1,1,0.9999988
1,1,0.9999988
0,0,0.015363286
0,0,0.02583948
0,0,0.072597735
0,0,0.17259464
1,1,0.9999981
0,0,0.0053706346
0,0,0.008431527
0,0,0.22708343
1,1,0.9845137
0,0,0.01010036
0,0,0.00017226198
0,0,0.02845307
0,0,0.0053501716
0,0,0.021722505
0,0,0.019212674
0,0,0.006472054
1,1,0.9973955
0,0,0.07058801
0,0,0.0056733796
0,0,0.0015796135
0,0,0.0012384593
0,0,0.27861923
0,0,0.005919082
0,0,0.013235133
1,0,0.44206935
0,0,0.002210222
0,0,0.054006964
0,0,2.5709347e-05
1,1,0.73000735
0,0,0.06488844
0,0,0.08359916
0,0,0.03903155
0,1,0.5858493
0,0,0.09929167
0,0,0.0038296757
0,0,0.053951424
1,1,0.9877965
0,0,0.0012671183
0,0,0.0045888904
0,0,0.32159308
0,0,0.012440787
0,0,0.010854023
1,1,0.9973883
0,0,0.013424673
0,0,0.03347117
0,0,0.020425715
0,0,0.16884635
0,0,0.09887467
1,1,0.99999785
0,0,0.04358039
0,0,6.202281e-05
0,0,0.006168451
0,0,0.09306831
0,0,0.0007560484
0,0,0.30537316
0,0,0.03379506
0,0,0.011030381
0,0,0.036675733
0,0,0.08172795
0,0,0.04766595
0,0,0.07746695
1,1,0.9283222
0,0,0.17706226
0,0,0.00040027077
0,0,0.09665418
0,0,0.005732646
0,0,0.10525321
0,0,0.07632143
0,0,0.031922046
1,1,0.9261292
0,0,0.012583752
0,0,0.0016126429
0,0,0.00879012
0,0,0.02952332
0,0,0.053236954
0,0,0.080582574
0,0,0.0124886595
0,0,0.0006997218
0,0,0.023186976
0,0,0.17900477
1,1,0.999998
0,0,0.031057317
0,0,0.01821881
0,0,0.019069748
0,0,0.019881893
1,1,0.9999987
0,0,0.3493101
1,1,0.98995847
0,0,0.036718514
0,0,0.07072272
0,0,0.002328613
0,0,0.09095986
0,0,0.027229415
0,0,0.15526159
1,1,0.9999988
1,0,0.34825975
0,0,0.012023744
0,0,0.008432707
0,0,0.0008157829
1,1,0.99999833
0,0,0.00062836945
0,0,0.011483229
1,0,0.19228202
1,1,0.99999785
0,0,0.054398272
0,0,0.0033128099
0,0,0.05416773
0,0,0.02786458
0,0,0.080034085
0,0,0.024340231
0,0,0.0033174278
0,0,0.005619253
0,0,0.13504928
1,0,0.031283233
0,0,0.005828035
0,0,0.012952183
1,1,0.99999845
0,0,0.009062382
0,0,0.0047160923
0,0,0.002482494
0,0,0.00283222
0,0,0.0034438136
0,0,0.02034295
0,0,0.0074916384
0,0,0.07362496
0,0,0.011021935
0,0,0.065337986
0,0,0.0073395497
0,0,0.034991585
0,0,0.011552909
0,0,0.27583706
0,0,0.025887288
0,0,0.00041495208
0,0,0.034582466
1,1,0.961102
0,0,0.051967222
0,0,0.021472404
0,0,0.007531478
0,0,0.04727917
1,1,0.9999988
0,0,0.14879782
0,0,0.0041045775
0,0,0.026850712
0,0,0.022429753
0,0,0.019264681
0,0,0.022666473
0,0,0.0017625424
0,0,0.11504921
0,0,0.39478895
0,0,0.03470086
0,0,0.19229527
0,0,0.025709854
0,0,0.022764394
0,0,0.0005266588
0,0,0.3012786
0,0,0.004889448
0,0,0.00024478484
0,0,0.029781222
1,1,0.9043493
0,0,0.006432587
0,0,0.022751685
0,0,0.011658092
0,1,0.50869244
1,1,0.93103194
0,1,0.768293
1,1,0.99999833
0,0,0.09254977
0,0,0.015005161
0,0,0.35395503
0,0,0.331333
0,0,0.0339933
1,1,0.9999988
0,0,0.047476545
0,0,0.09905814
0,0,0.122814216
0,0,0.0054461923
0,0,0.027125193
0,0,0.022952441
0,0,0.0012046535
1,1,0.99999845
0,0,0.018603489
0,0,0.34945348
0,0,0.06553637
0,0,0.021023333
0,0,0.12312638
1,1,0.80804706
0,0,0.08050842
0,0,0.020552084
0,0,0.033227336
0,0,0.0008600164
0,0,0.3853341
0,0,0.05263565
1,1,0.7507034
0,0,0.013565638
0,0,0.0011666741
0,0,0.0021200993
0,0,0.017960615
0,0,0.022701079
0,0,0.24550858
0,0,0.4685477
0,0,0.019452045
0,0,0.0016349779
0,0,0.00015241666
1,1,0.67905915
0,0,0.0018914237
0,0,0.048557527
0,0,0.031750925
0,0,0.11574711
0,0,0.10550027
0,0,0.022527788
0,0,0.07116554
0,0,0.0024941852
1,1,0.80172825
0,0,6.783491e-05
0,0,0.081362784
0,0,0.004145338
0,1,0.5093613
0,0,0.2997222
0,0,0.009245103
1,1,0.5653637
1,1,0.6993284
0,0,0.12376393
0,0,0.1277439
1,1,0.9999981
0,0,0.002338876
0,1,0.6019812
0,0,0.03380988
0,0,0.03490973
0,0,0.06329225
0,0,0.2885634
1,1,0.975112
1,1,0.996754
0,0,0.2191133
1,1,0.99997663
0,0,0.0010231936
0,1,0.8046579
0,0,0.00971254
0,0,0.09977338
1,1,0.9999976
0,0,0.15690403
0,0,0.15154304
1,1,0.9999987
0,0,0.4400189
0,0,0.12314275
0,0,0.054659624
0,0,0.0054066717
0,0,0.06942872
0,0,0.19650696
1,1,0.99999833
0,0,0.014945112
0,0,0.16380337
0,0,0.0024629098
0,0,0.02289889
1,1,0.9999976
0,0,0.0028835093
0,0,0.14735703
0,0,0.17544718
0,1,0.5116589
0,0,0.002641869
0,0,8.915239e-05
0,0,0.042017855
1,1,0.99065304
0,0,0.19679075
0,0,0.009797888
0,0,0.08346748
1,1,0.9769423
1,1,0.9865203
0,0,0.008241198
0,0,0.17293233
0,0,0.0105283065
0,0,0.020478485
0,0,0.06856561
0,0,0.21736126
0,0,0.20803677
0,0,0.26959422
0,0,0.052315403
1,1,0.9999988
0,0,0.07913506
0,0,0.07040685
0,0,3.238012e-05
0,0,0.02365599
0,0,0.022587247
1,1,0.99999833
0,0,0.013506248
0,0,0.007802607
0,0,0.0005706463
0,0,0.1866308
0,0,0.025862787
0,0,0.48133096
0,0,0.00018268335
0,0,0.00011434623
0,0,0.043684255
0,0,0.0076476578
0,0,0.008812679
0,0,0.015263258
0,0,0.047277473
1,0,0.16146278
0,0,0.003924331
0,0,0.1589672
1,1,0.99999785
0,0,0.16766794
0,0,0.045889515
0,0,0.030000914
0,0,0.058755696
1,1,0.9999981
1,0,0.303015
0,0,0.023301069
0,0,0.0022946345
0,0,0.051438738
0,0,0.007874222
0,0,0.065245315
0,0,0.057574984
0,0,0.010192445
1,1,0.9762222
0,0,0.025286665
0,0,0.13053809
0,0,0.008273206
0,0,0.05959655
0,0,0.008825388
0,0,0.02444464
1,1,0.9984609
0,1,0.50444555
0,0,0.01840399
1,1,0.9777459
0,0,0.0825742
0,0,0.022493415
0,0,0.45024663
0,0,0.08595791
0,0,0.0007970777
0,0,0.058317956
0,0,0.03594111
0,0,0.00991956
0,0,0.037289347
1,1,0.9999988
0,0,0.36339256
0,0,0.06995084
1,1,0.9999976
0,0,0.033120584
0,0,0.0037140625
0,0,0.006080029
1,1,0.99065304
1,1,0.99999833
0,0,2.9809536e-05
0,0,0.07867481
0,0,0.014507228
0,0,0.0007473154
0,0,0.003074845
0,0,0.0008523968
0,0,0.04775265
0,0,0.059199855
0,0,0.008195988
0,0,0.0017149174
1,1,0.9999988
0,0,0.03618515
0,0,0.00248372
0,0,0.009558312
0,0,0.021915583
0,0,0.013588732
1,1,0.97539425
0,0,0.016050354
0,0,0.0049597262
0,0,0.0013520623
1,1,0.6724013
0,0,0.0008230531
0,0,0.3758085
0,0,0.026549306
0,0,0.00044269106
0,0,0.010506462
0,0,0.024032054
0,0,0.0057187555
0,0,0.027108608
1,1,0.99999833
0,0,0.013973701
0,0,0.006975125
1,1,0.9999988
1,1,0.9999981
0,0,0.07241606
0,0,0.36828557
0,0,0.03380988
0,0,0.033982053
0,0,0.010352976
0,0,0.017228052
0,0,0.030671531
0,0,0.07689567
1,1,0.9619459
0,0,0.0016042679
0,0,0.00015130991
0,0,0.1693472
0,0,0.0034789944
0,0,0.004725157
0,0,0.022578863
0,0,0.052046437
0,0,0.37457818
0,0,0.0029345932
0,0,0.04051884
0,0,0.0027294606
0,0,0.051674925
0,0,0.019051792
0,0,0.11211092
0,0,0.019752795
0,0,0.108670115
0,0,6.827355e-05
0,0,0.050184432
0,0,0.007180525
0,0,0.0009211812
0,0,0.00895457
0,0,0.010922208
1,1,0.99999833
0,0,0.28608936
0,0,0.018303936
0,0,0.0072387992
0,0,0.003187025
0,0,0.011315434
0,0,0.014957571
0,0,0.0010588771
0,0,0.03588505
0,0,0.18503247
0,0,0.0007517883
0,0,0.2979298
1,1,0.90674686
0,0,0.022678526
0,0,0.008090687
1,1,0.9999987
0,0,0.01811566
0,0,0.0035951515
0,0,0.29285893
0,0,0.03578723
0,0,0.015912805
0,0,0.014981801
0,0,0.04013226
0,0,0.042429935
0,0,0.029186262
0,0,0.11943027
0,0,0.0076718
0,0,0.1421301
0,0,0.027712613
1,1,0.9996879
0,0,0.031106412
1,1,0.9999968
0,0,0.4814608
0,0,0.03647697
0,0,0.018058661
0,0,0.1422134
0,0,0.0017338687
0,0,0.03433822
0,0,0.007844446
0,0,0.097540565
0,0,0.08530348
1,1,0.999998
0,0,0.15736127
0,0,0.37069348
0,0,0.0021497388
0,0,0.02975688
0,0,0.11639285
0,0,0.015841242
1,0,0.10551634
0,0,0.01908714
1,1,0.98501366
0,0,0.014808368
0,0,0.2668209
1,1,0.9999856
0,0,0.002505896
0,0,0.045613453
0,0,0.0025073385
1,1,0.9999987
0,0,0.05594029
1,1,0.9999987
0,0,0.0018545392
0,0,0.0010227823
0,0,0.05595804
0,0,0.11308711
0,0,0.04359024
0,0,0.008428142
0,0,0.009768172
0,0,0.04295066
1,1,0.9999976
0,0,0.15712304
0,0,0.016235199
1,1,0.99999833
0,0,0.031420995
0,0,0.022677865
0,0,0.000392429
0,0,0.0016528228
0,0,0.053343903
0,0,0.00891925
0,0,0.012911925
0,0,0.00026905967
0,0,0.00859806
1,1,0.9999988
0,0,0.019380923
0,0,0.025153486
0,0,0.0012206133
0,0,0.13441166
0,0,0.011984999
0,0,0.0805957
0,0,0.019755805
0,0,0.010901494
0,0,0.0013780843
1,1,0.6217034
1,1,0.8997396
0,0,0.013388119
0,0,0.009560528
0,0,0.29252648
0,0,0.0057047494
0,0,0.17211187
0,0,0.033001486
0,0,0.18114537
1,1,0.99999785
0,0,0.08302489
0,0,0.065470226
0,0,0.032204
0,0,0.0062388433
0,0,0.0624243
0,0,0.002708177
0,0,0.11318112
0,0,0.0053063557
0,0,0.4106728
0,0,0.004559383
0,0,0.023392124
1,1,0.9999988
0,0,0.043147452
0,0,0.077353224
0,0,0.0010072475
0,0,0.41332492
0,0,0.024719443
0,0,0.008373367
0,0,0.0055698007
0,0,0.09799026
0,0,0.009300206
0,0,0.0058196895
0,0,0.004763037
0,0,0.017046187
0,0,0.003069843
0,0,0.17332628
0,0,0.0032139886
0,1,0.5360346
0,0,0.07455344
1,1,0.99839574
0,0,0.07787751
0,0,0.006196701
0,0,0.01684707
0,0,0.036859654
0,0,0.0404769
0,0,0.0073606465
0,1,0.5300659
0,0,0.12801743
0,0,0.04089172
0,0,0.07323969
1,0,0.009303164
0,0,0.13869257
0,0,0.033170823
1,1,0.99999774
0,0,0.047357835
0,0,0.029792866
0,0,0.009390266
0,0,0.05041511
1,1,0.9999976
0,0,0.01828451
0,0,0.013681393
0,0,0.008961491
0,0,0.0029644927
0,0,0.0870948
0,0,0.39562535
0,0,0.01227723
0,0,0.06430139
0,0,0.14305721
0,0,0.0009722312
0,0,0.06798768
0,0,0.004421738
1,1,0.9571287
0,0,0.0167964
0,0,0.0138554815
0,0,0.25882018
0,0,0.024850983
0,0,0.07090461
1,0,0.3716347
0,0,0.01170579
0,0,0.027924847
0,0,0.0001595391
0,0,0.0007188089
0,0,0.0127078695
0,0,0.00338156
1,1,0.9424107
0,0,0.06473465
0,0,0.00024001481
0,0,0.037435833
0,0,0.023613105
0,0,0.017922724
0,0,0.03539836
1,1,0.9956994
0,0,0.000696375
0,0,0.011948718
0,0,0.010848367
0,0,0.28608936
0,0,0.016638212
1,1,0.9996691
0,0,0.025245281
0,0,0.00016482276
0,0,0.044555556
0,0,0.0034515662
0,0,0.009629404
0,0,0.0023143885
0,1,0.8090128
1,1,0.9999987
0,0,0.37069348
0,0,0.19347197
1,1,0.999998
0,0,0.17984743
0,0,0.055296704
0,0,0.051564857
0,0,0.075984806
0,0,0.012342603
0,0,0.0011823383
1,1,0.97945523
0,0,0.085147634
1,1,0.99999833
0,0,0.00018066529
0,0,0.2311621
0,0,0.10332615
0,0,0.0050404016
1,1,0.9999167
1,1,0.53700733
1,0,0.08156199
1,1,0.5835323
0,0,0.019103903
0,0,0.23217215
1,1,0.99483633
1,1,0.98743033
0,0,0.00017426329
0,0,0.072943404
0,0,0.038615152
0,0,0.012050316
0,0,0.12746502
0,0,0.010449991
1,1,0.99999833
1,1,0.99999833
0,0,0.006675144
0,0,0.17004812
0,0,0.002081107
1,1,0.99999774
0,0,0.01398955
0,0,0.011061686
0,0,0.00042628183
0,0,0.0014558682
0,0,0.2984694
0,0,0.19891565
0,0,0.0033155803
1,0,0.23236492
0,0,0.029152052
0,0,0.017939895
0,0,0.068055995
0,0,0.055093344
0,0,0.014757954
0,0,0.027622996
0,0,0.025800025
0,0,0.06817908
0,0,0.116782725
0,0,0.0006267372
0,0,0.21373388
0,0,0.0024126044
0,0,0.09076742
0,0,0.058436975
0,0,0.07869742
0,0,0.012235413
0,0,0.0071636294
0,0,0.009164728
0,0,0.005475776
1,0,0.42674914
1,1,0.9999976
0,0,0.00010271587
0,0,0.018872648
0,0,0.12178335
0,0,0.24105893
0,0,0.043303736
0,0,0.06501328
0,0,0.0010512307
0,0,0.013838793
0,0,0.0001334092
0,0,0.05364229
0,0,0.05093745
0,0,0.32931566
0,0,0.10438429
1,1,0.57072693
1,0,0.061802205
0,0,0.0006736375
1,1,0.99999833
0,0,0.037395604
0,0,0.08460613
0,0,0.09968913
0,0,0.011838726
0,0,0.15784483
0,0,0.10486198
0,0,0.06887607
0,0,0.1114445
0,0,0.03266467
0,0,0.019176139
0,0,0.0013064196
0,0,0.27535608
0,0,0.03382946
0,0,0.055379484
0,0,0.0042433515
0,0,0.0056142253
1,1,0.61076754
0,0,0.00058806094
0,0,0.026946515
0,0,0.019823078
0,0,0.005043672
0,0,0.00573129
0,0,0.0002837275
1,1,0.95514524
0,0,0.19513795
1,1,0.9999987
1,1,0.9999988
0,0,0.023596767
0,0,0.012576811
0,0,0.0008531253
0,0,0.010629539
0,0,0.032712106
0,0,0.0016490057
1,1,0.99999154
0,0,0.044262227
0,0,0.06745579
0,0,0.4029922
0,0,0.05107227
0,0,0.18228567
0,0,0.007342813
0,0,7.070646e-05
1,1,0.9985459
0,0,0.07561535
0,0,0.011878134
0,0,5.92894e-05
0,1,0.58728284
0,0,0.053688873
0,0,0.014088125
1,0,0.046524808
0,0,0.0048557604
0,0,0.022083303
1,1,0.99208903
0,0,0.017226795
0,0,0.1058192
0,0,0.00046956763
1,1,0.999995
0,0,0.060490545
0,0,0.11808515
0,0,0.000487314
0,0,0.010252816
0,0,0.0020869542
1,1,0.9999976
0,0,0.12378222
0,0,0.04132626
1,1,0.9999902
1,1,0.9820778
0,0,0.373241
0,0,0.015972607
1,1,0.9999987
0,0,0.046230722
0,0,0.0107073365
0,0,0.01006775
1,1,0.99694234
0,0,0.09220945
0,0,0.05500831
1,1,0.9786185
0,0,0.0003835204
0,0,0.0031033016
0,0,0.038991883
0,0,0.08960417
0,0,0.019904908
0,0,0.0507082
0,0,0.010010068
0,0,0.09403748
0,0,0.116244495
0,0,0.034661636
0,0,0.014356983
0,0,0.012129262
0,0,0.010463352
0,0,0.04953415
0,0,0.11642573
0,0,0.00128388
0,0,0.021077171
1,1,0.9999988
0,0,0.116532296
0,0,0.09285607
0,0,0.120040104
0,0,0.0048664794
0,0,0.043542735
1,1,0.84418833
0,0,0.0012884008
0,0,0.43106258
0,0,1.8078972e-05
0,0,0.020947864
0,0,0.030051244
0,0,0.06574317
0,0,0.09186361
1,1,0.6769859
0,0,0.0039956695
1,1,0.99999833
0,0,0.027943868
0,0,0.10214386
0,0,0.051199
0,0,0.0033297166
0,0,0.0001034041
0,0,0.0055818358
0,0,0.031742524
0,0,0.022819418
1,0,0.43515137
0,0,0.033770435
0,0,0.023008343
0,0,0.0056166695
0,0,0.0017086439
0,0,0.14357492
0,0,0.005873758
0,0,0.17807917
0,0,0.0014880196
0,0,0.01131321
0,0,0.20789187
0,0,0.18050826
0,0,0.24363875
0,0,0.10779271
0,0,0.111007355
0,0,0.012442129
0,0,0.03037618
0,0,0.08043377
0,0,0.005944365
0,0,0.03378686
1,1,0.9999976
0,0,0.0434389
0,0,0.0018589657
0,0,0.08905915
0,0,0.15753044
0,0,0.0010501632
0,0,0.3334222
0,0,0.048979398
0,0,0.07697423
0,0,0.02741212
0,0,0.007984557
1,0,0.40175802
0,0,0.01855139
0,0,0.049659964
0,0,0.012288956
1,0,0.09565945
0,0,0.40920565
0,0,0.020985577
0,0,0.123751394
0,0,0.03141622
0,0,0.0012790626
1,1,0.9976418
1,1,0.99999774
0,0,0.033243403
1,1,0.99999833
0,0,0.23843715
1,1,0.85237944
0,0,0.015745245
0,0,0.0019154205
1,1,0.9552278
0,0,0.40958855
0,0,0.0025802844
0,0,0.0048998715
0,0,0.098448776
1,0,0.31312618
0,0,0.043463945
0,0,0.028604407
0,0,0.021408131
0,0,0.032151986
0,0,0.08546118
0,0,0.02769703
0,0,0.018795168
0,0,0.18191281
1,1,0.99999833
0,0,0.12825847
0,0,0.007996974
0,0,0.018156586
0,0,0.0054844297
0,0,0.034087226
1,1,0.83976364
1,1,0.9999987
0,0,0.0008896832
0,0,0.0044378
0,0,0.03820581
0,0,0.0016108167
0,0,0.011172572
1,1,0.9920312
0,0,0.014830255
0,0,0.06518616
0,0,0.024067555
0,0,0.011061686
0,0,0.011404289
0,0,0.011610761
0,0,0.06169215
1,1,0.9819228
1,1,0.99999774
0,0,0.009370769
0,0,0.17201538
0,0,0.06584841
0,0,0.013432551
1,1,0.99997354
0,0,0.0028176727
0,0,0.16709596
0,0,0.00016325535
1,1,0.9999981
0,0,0.0090477625
0,0,0.03133543
0,0,0.057611022
0,0,0.007150165
0,0,0.025245281
1,0,0.45674482
0,0,0.18506184
0,0,0.14857589
0,0,0.026587801
0,0,0.009966378
0,0,0.016229527
1,1,0.9999988
0,0,0.02128982
0,0,0.0032760112
1,1,0.99999213
0,0,0.14801891
0,0,0.019864993
0,0,0.059322547
0,0,0.00027123684
0,0,0.00465547
0,0,0.10199595
0,0,0.0004773451
1,1,0.9999987
0,0,0.052156422
0,0,0.011056534
1,1,0.989099
0,0,0.0029419875
0,0,0.15209602
0,0,0.04328997
0,0,0.008289301
0,0,0.06348776
0,0,0.4543449
0,0,0.2306981
0,0,0.00093894143
0,0,0.06343465
0,0,0.090954535
1,1,0.99999774
0,0,3.54729e-05
0,0,0.00019331048
0,0,0.03522601
1,1,0.9999988
0,0,0.13562797
0,0,0.021732798
0,0,0.01875401
1,1,0.97189754
0,0,0.04432067
0,0,0.13361107
0,0,0.006969156
0,0,0.13718021
0,0,0.0021163467
0,0,0.00056322315
1,1,0.8623323
0,0,0.009500173
0,0,0.12870696
0,0,0.0020670188
0,0,0.024553012
1,1,0.99999833
0,0,0.2580871
1,1,0.9999988
0,0,0.021908062
0,0,0.023077345
0,0,0.012055852
0,0,0.0067353104
1,1,0.7790894
0,0,0.24802259
0,0,0.031417925
0,0,0.35361287
0,0,0.017446449
1,1,0.9846934
0,1,0.53493094
0,0,0.015774105
0,0,0.0008691852
0,0,0.0013932661
1,0,0.25899646
0,0,0.007814229
0,0,0.15001898
0,0,0.0048092185
0,0,0.0070445836
0,0,0.002301254
0,0,0.04247299
0,0,0.119789615
0,0,0.14713109
0,0,0.028287638
0,0,0.042073734
0,0,0.0054887333
0,0,0.05739263
0,0,0.0014403537
1,0,0.25431556
0,0,0.13151394
0,0,0.011165641
0,0,0.021678682
0,0,0.0037710436
0,0,0.077721365
0,0,0.020106709
0,0,0.07022834
0,0,0.09101483
0,0,0.022793315
0,0,0.0070735877
0,0,0.03742873
0,0,0.012151903
0,0,0.14343666
0,0,0.008195988
0,0,0.00028018345
0,0,0.29479438
0,0,0.26531705
0,0,0.0007159563
0,0,0.0038761417
0,0,0.038319558
0,0,0.121248506
0,0,0.052156422
0,0,0.043404847
0,0,0.0045241304
0,0,0.115686476
0,0,0.013258145
0,0,0.1404925
0,0,0.025453081
0,0,0.09192233
1,0,0.44906154
1,1,0.99615437
0,0,0.0153748235
0,0,0.13849701
0,0,0.090408705
0,0,0.004614515
0,0,0.06240344
0,0,0.2053454
0,0,0.05080658
0,0,0.01629637
0,0,0.0018458994
0,0,0.025517453
0,0,0.00028146326
0,0,0.0056538577
1,1,0.90379035
0,0,0.046246123
0,0,0.011081798
0,0,0.025191022
1,1,0.99999785
0,0,0.05473329
0,0,0.062204927
0,0,0.010458935
0,0,0.0059848474
0,0,0.13045059
1,1,0.99999857
0,0,0.023573872
0,0,0.36438394
0,0,0.028844267
0,0,0.009677502
0,0,0.023522438
0,0,0.024609134
0,0,0.0038591982
0,0,0.0080694305
0,0,0.0104283765
0,0,0.00016615156
0,1,0.54505163
0,0,0.0035506291
0,0,0.016544461
0,0,0.012791236
0,0,0.04070954
0,0,0.0002955088
0,0,0.014654102
0,0,0.20981315
0,0,0.03152858
0,0,0.0017194598
0,0,0.43506163
0,0,0.0059458837
0,0,0.028274573
0,0,0.012701199
0,0,0.0005388763
0,0,0.05149036
0,0,0.00033625867
0,0,0.0060865474
0,0,0.064873554
0,0,0.016980708
0,0,0.116647564
0,0,0.07924806
0,0,0.0051787277
1,1,0.8142037
0,0,0.03377461
0,0,0.08220792
0,0,0.035083413
0,0,0.06477106
0,0,0.009911101
0,0,0.06484329
0,0,0.00477743
1,1,0.9999987
1,1,0.99999344
0,0,0.45423546
0,0,0.034365777
0,0,0.025930198
0,0,0.005309429
0,0,0.29479438
0,0,0.23907495
0,0,0.025937442
1,1,0.999998
0,0,0.018069612
0,0,0.0048950864
1,1,0.9999988
0,0,0.03321413
0,0,0.01765642
0,0,0.038494475
0,0,0.0070160963
0,0,0.007938354
0,0,0.017032547
1,1,0.9682028
0,0,0.007901772
1,1,0.9868494
0,0,0.35558093
0,0,0.03944616
0,0,0.10661016
0,0,0.039557017
0,0,0.0047907615
1,1,0.93413323
0,0,0.0034079445
0,0,0.028552284
0,0,0.028626084
1,1,0.86514866
1,1,0.98049486
0,0,0.013865703
0,0,0.021123333
0,0,0.02241661
0,0,0.0017896923
0,0,0.008358735
0,0,0.0013915024
0,0,0.0010960852
0,0,0.040053226
1,1,0.93838406
1,1,0.92348105
0,0,0.35421526
1,1,0.9999988
0,0,0.005934283
0,0,0.04141655
0,0,0.018864714
1,1,0.9865203
0,0,0.009334255
0,1,0.5300659
0,0,0.038216326
0,0,0.020918414
0,0,0.06772803
0,0,0.0243169
1,1,0.99716634
0,0,0.044949736
0,0,0.00093848037
0,0,0.06360328
0,0,0.14839408
1,1,0.99999845
0,0,0.005897249
0,0,0.029823486
0,0,0.049208436
0,0,0.033741467
0,0,0.0016445159
1,1,0.9999987
0,0,0.021627478
0,0,0.010585385
0,0,5.4861075e-06
1,1,0.9999987
0,0,0.014493114
0,0,0.069813535
0,0,0.001589318
0,0,0.006408496
0,0,0.041537907
0,0,0.045395624
0,0,0.05027054
0,0,0.0006893309
0,0,0.20525059
0,0,0.0706711
0,0,0.078800805
0,0,0.002267636
0,0,0.011891064
1,1,0.9877943
0,0,0.10516518
1,1,0.99999774
0,0,0.03332103
0,0,0.035083037
0,0,0.05095388
0,0,0.023022244
0,0,0.053191535
0,0,0.2316309
0,0,0.030951535
0,0,0.095776066
1,0,0.3900317
0,0,0.0006082423
1,1,0.9999988
0,0,0.005213511
0,1,0.52557844
0,0,0.16717473
0,0,9.152288e-05
0,0,8.030642e-05
0,0,0.009761616
0,0,0.034969654
0,0,0.01811566
0,0,0.008966329
0,0,0.021265214
0,0,0.054947194
0,0,0.0034091496
0,0,0.021693984
0,0,0.39111173
0,0,0.37329867
0,0,0.0041221105
0,0,0.021103043
0,0,0.025383376
0,0,0.35006496
0,0,0.36520734
0,0,0.0021841782
0,0,0.11769243
1,0,0.43839318
0,0,0.015023461
0,0,0.021878945
0,0,0.010623664
1,1,0.9999809
0,0,0.14985661
0,0,0.00039777695
1,0,0.48813546
0,0,0.0003128287
0,0,0.0018831554
0,0,0.008117907
0,0,0.06509565
0,0,0.1339407
0,0,0.0009886232
1,1,0.99999833
0,0,0.004828755
0,0,0.0032378403
0,0,0.062297184
0,0,0.03470086
0,0,0.048362277
0,0,0.09270082
0,0,0.33557615
0,0,0.1285485
0,0,0.06422907
0,0,0.32230195
0,0,0.032829326
1,1,0.99999785
0,0,0.064238735
0,0,0.021180714
0,0,0.10155681
0,0,0.007973061
0,0,0.1011669
0,0,0.13600636
0,0,0.034611963
0,0,0.0020628613
1,1,0.9999976
0,0,0.0002842964
0,0,0.010406374
0,0,0.021846218
0,0,0.06380782
0,0,0.0141117945
0,0,0.0019246854
1,1,0.99997354
0,0,0.020425715
0,0,0.0076789116
1,0,0.36257425
0,0,0.0013771161
0,0,0.007301433
0,0,0.0010003534
0,0,0.03571764
0,0,0.001698445
0,0,0.036314964
0,0,0.08668838
0,0,0.1145548
0,0,0.01441767
0,0,0.035778843
0,0,0.005502517
0,0,0.006155535
0,0,0.23538819
0,0,0.042845108
0,0,0.47440356
0,0,0.012061186
0,0,0.37899244
0,0,0.010741941
0,0,0.09005682
0,0,0.008658962
0,0,0.47037482
1,1,0.99999833
0,0,0.0007039097
0,0,0.033093005
0,0,0.0073359064
0,0,0.05383196
0,0,0.07796473
0,0,0.032823943
0,0,0.1396305
0,0,0.0007806546
0,0,0.008574676
0,0,0.078309305
1,1,0.98656476
0,0,0.0040030605
0,0,0.23051128
0,0,0.0354087
0,0,0.012958128
0,0,0.1483545
0,0,0.03655075
0,0,0.06325801
0,0,0.0072127273
0,0,0.005537795
0,0,0.07423084
0,0,0.006603045
0,0,0.01677112
1,1,0.7656327
0,0,0.009502354
1,1,0.98501366
0,0,0.0221855
0,0,0.10440253
0,0,0.039931457
0,0,0.0072806915
0,0,0.05690464
1,1,0.9999976
1,1,0.99999833
0,0,0.025488274
0,0,0.0049092383
0,0,0.09916498
0,0,0.14701726
0,0,0.23192571
0,0,0.112174496
0,0,0.01104884
0,0,0.013540553
0,0,0.008841127
0,0,0.00851408
1,1,0.99999833
0,0,0.03093011
0,0,0.27671432
0,0,0.027277673
0,0,0.003894795
0,0,0.0016472803
0,0,0.19361025
0,0,0.012407298
0,0,0.019216254
0,0,0.33394253
0,0,0.008115864
0,0,0.36745268
0,0,0.3244182
0,0,0.00027488152
0,0,0.009986045
0,0,0.22432639
1,0,0.17330627
0,0,0.043765932
0,0,0.03502675
0,0,0.054597568
0,0,0.031229863
0,0,0.0055626635
0,0,0.09593486
0,0,0.11987759
0,0,0.03333371
0,0,0.27276218
0,0,0.11782465
0,0,0.001321449
0,0,0.0016933187
1,1,0.9999976
0,0,0.010435337
0,0,0.4269727
0,0,0.12953486
0,0,0.025862627
1,1,0.9984609
0,0,0.043573007
0,0,0.070913315
0,0,0.01950295
0,0,0.034498725
1,1,0.9168048
0,0,0.014420381
0,0,0.14076775
0,1,0.5828346
0,0,0.07832582
0,0,0.020719681
0,0,0.05953391
0,0,0.0073215934
0,0,0.05040719
0,0,0.036750607
0,0,0.25773984
0,0,0.012729329
1,1,0.99999785
0,0,0.08975663
0,0,0.00079680624
0,0,0.04542932
0,0,0.0024130028
0,0,0.40958855
0,0,0.058431517
0,0,0.013164422
0,0,0.05122255
1,1,0.99363154
0,0,0.02350869
0,0,0.001297468
0,0,0.05418575
0,0,0.03413895
0,0,0.072945856
0,0,0.04798102
0,0,0.00614841
0,0,0.0023063319
0,0,0.00931461
0,0,0.0008935074
0,0,0.006093342
0,0,0.098564945
0,0,0.074203506
0,0,0.0050468147
0,0,0.00057249935
1,1,0.9999987
0,0,0.002584121
0,0,0.0048409468
0,0,0.023867963
0,0,0.08157781
1,1,0.9691607
0,0,0.02697849
0,0,0.035548773
0,0,0.00915304
0,0,0.033675443
0,0,0.14620924
0,0,0.12280472
0,0,0.003427595
0,0,0.027116474
1,1,0.9346913
0,0,0.0034864927
0,0,0.0022393442
0,0,0.28608936
1,1,0.96268666
0,0,0.0046773073
0,0,0.29835594
0,0,0.09162708
0,0,0.02385794
0,0,0.082369834
0,0,0.02770653
0,0,0.017450782
0,0,0.01873369
0,0,0.020225385
0,0,0.0028018302
0,0,0.013188969
0,0,0.056598313
0,0,0.0010371474
0,0,0.023482429
0,0,0.0060639763
0,0,0.015339997
0,0,0.2664694
0,0,0.19539419
0,0,0.05314965
0,0,0.055236876
0,0,0.02136999
0,0,0.004263076
1,1,0.9999987
0,0,0.011930313
0,0,0.007223751
0,0,0.0003941369
0,0,0.10284901
1,1,0.58728284
0,0,0.02614424
0,0,0.0020813835
0,0,0.014651982
0,0,0.022677865
1,1,0.9856324
0,0,0.022781778
1,1,0.662846
0,0,0.024108816
0,0,0.33121684
0,0,0.45394304
1,1,0.99056107
0,0,0.11058578
0,0,0.025368381
0,0,0.00014214992
0,0,0.011505291
0,0,8.2692175e-05
0,0,0.0020877945
0,0,0.2432679
0,0,0.049285986
0,0,0.036410846
0,0,0.33179379
0,0,0.008962304
0,1,0.7293036
0,0,0.011983819
0,0,0.00071981346
1,1,0.9999621
0,0,0.009326075
1,1,0.9999987
0,0,0.0010127882
0,0,0.0052697132
0,0,0.098442465
0,0,0.33394253
1,1,0.9999976
0,0,0.025051352
0,0,0.011862909
0,0,0.016398448
0,0,0.0032722189
0,0,0.11714705
0,0,0.000119451666
0,0,0.022640113
0,0,0.00088170904
0,0,0.026507284
0,0,0.47438893
0,0,0.00026299423
1,1,0.67329985
1,1,0.9940063
0,0,0.025819683
1,1,0.8956967
0,0,0.022838902
0,0,0.06194533
0,0,0.04207953
1,1,0.50505793
0,0,0.0036859682
0,0,0.019417074
0,0,0.022793315
0,0,0.10254334
0,0,0.0056112916
0,0,0.017168902
0,0,0.052724976
0,0,0.24210164
0,0,0.3501837
1,1,0.99999833
0,0,0.0020501036
0,0,0.08993996
0,0,0.0003421026
0,0,0.0011666741
0,0,0.07585671
0,0,0.003719303
1,1,0.9999976
0,0,0.40958855
0,0,0.23747267
0,0,0.018849125
0,0,8.4207284e-05
0,0,0.4458529
0,0,0.003746702
0,0,0.04475451
1,1,0.9616374
0,0,0.07783042
0,0,0.009759095
0,0,0.025773862
1,1,0.99999857
0,0,0.02790216
0,0,0.028147567
0,0,0.13755459
0,0,0.1891431
0,0,0.028082466
0,0,0.0951823
0,0,0.022099007
0,0,0.038832393
0,0,0.08954003
0,0,0.0075362907
0,0,0.018486384
0,0,0.07087052
0,0,0.343387
0,0,0.04387069
1,1,0.9969273
0,0,0.0012195035
0,0,0.11485649
0,0,0.16333398
1,1,0.99999785
1,1,0.99999833
0,0,0.03334363
0,0,0.012999788
0,0,0.004540214
1,1,0.9999987
0,0,0.058105376
0,0,0.0031762137
0,0,0.19549417
1,1,0.97155184
0,0,0.023426162
0,0,0.036605034
0,0,0.027653296
1,1,0.8997396
0,0,0.022497715
1,1,0.9999988
0,0,0.010539105
0,0,0.117107406
0,0,0.18630506
0,0,0.336282
0,0,0.010251418
0,0,0.0033312202
0,0,0.040597763
0,0,0.03700349
0,0,0.001823532
0,0,0.020545954
0,0,0.016832875
0,0,0.006218357
0,0,0.012558153
